Clemson_p051_c1_grm_std_uni,1,1.448940396308899,-1.6883474588394165,1
Clemson_p051_c1_grm_std_uni,1,2.272561550140381,-2.5350632667541504,1
Clemson_p051_c1_grm_std_uni,1,3.1322519779205322,-3.3156330585479736,1
Clemson_p051_c1_grm_std_uni,1,3.6594350337982178,-3.6983590126037598,1
Clemson_p051_c1_grm_std_uni,1,3.707900285720825,-3.7468059062957764,1
Clemson_p051_c1_grm_std_uni,1,3.7012176513671875,-3.8262240886688232,1
Clemson_p051_c1_grm_std_uni,1,3.5888235569000244,-3.820969820022583,1
Clemson_p051_c1_grm_std_uni,1,3.357950448989868,-3.6270978450775146,1
Clemson_p051_c1_grm_std_uni,1,3.4880764484405518,-3.7821435928344727,1
Clemson_p051_c1_grm_std_uni,1,3.7767090797424316,-4.152223110198975,1
Clemson_p051_c1_grm_std_uni,1,3.676116943359375,-4.0211100578308105,1
Clemson_p051_c1_grm_std_uni,1,3.366739511489868,-3.500983953475952,1
Clemson_p051_c1_grm_std_uni,1,3.96630859375,-3.8781750202178955,1
Clemson_p051_c1_grm_std_uni,1,4.336045265197754,-4.194596290588379,1
Clemson_p051_c1_grm_std_uni,1,4.493704319000244,-4.360744953155518,1
Clemson_p051_c1_grm_std_uni,1,4.514265060424805,-4.4060468673706055,1
Clemson_p051_c1_grm_std_uni,1,4.760550498962402,-4.578208923339844,1
Clemson_p051_c1_grm_std_uni,1,4.884624481201172,-4.579662322998047,1
Clemson_p051_c1_grm_std_uni,1,4.956068515777588,-4.498921871185303,1
Clemson_p051_c1_grm_std_uni,1,5.011251926422119,-4.599449634552002,1
Clemson_p051_c1_grm_std_uni,1,4.643534183502197,-4.170586109161377,1
Clemson_p051_c1_grm_std_uni,1,3.7073793411254883,-3.285759210586548,1
Clemson_p051_c1_grm_std_uni,1,3.3502233028411865,-2.6298983097076416,1
Clemson_p051_c1_grm_std_uni,1,3.4214723110198975,-1.9304081201553345,1
Clemson_p051_c1_grm_std_uni,1,5.4723896980285645,-3.687791347503662,1
Clemson_p051_c1_grm_std_uni,1,6.148406505584717,-4.162473678588867,1
Clemson_p051_c1_grm_std_uni,1,6.456497669219971,-4.747955322265625,1
Clemson_p051_c1_grm_std_uni,1,6.250443458557129,-4.6897125244140625,1
Clemson_p051_c1_grm_std_uni,1,6.237166404724121,-4.6230149269104,1
Clemson_p051_c1_grm_std_uni,1,6.379623889923096,-4.6675004959106445,1
Clemson_p051_c1_grm_std_uni,1,6.400661468505859,-4.6291069984436035,1
Clemson_p051_c1_grm_std_uni,1,5.382755279541016,-3.794475793838501,1
Clemson_p051_c1_grm_std_uni,1,4.5039873123168945,-3.183680295944214,1
Clemson_p051_c1_grm_std_uni,1,5.001410484313965,-3.96643328666687,1
Clemson_p051_c1_grm_std_uni,1,5.596899032592773,-4.4197564125061035,1
Clemson_p051_c1_grm_std_uni,1,5.5010223388671875,-4.501636981964111,1
Clemson_p051_c1_grm_std_uni,1,5.235989093780518,-4.535069465637207,1
Clemson_p051_c1_grm_std_uni,1,4.887073516845703,-4.406795501708984,1
Clemson_p051_c1_grm_std_uni,1,4.568076133728027,-4.080201625823975,1
Clemson_p051_c1_grm_std_uni,1,4.267176628112793,-3.764901638031006,1
Clemson_p051_c1_grm_std_uni,1,4.749075412750244,-4.105437755584717,1
Clemson_p051_c1_grm_std_uni,1,5.329534530639648,-4.588756084442139,1
Clemson_p051_c1_grm_std_uni,1,5.462233543395996,-4.796868801116943,1
Clemson_p051_c1_grm_std_uni,1,5.392577171325684,-4.796304702758789,1
Clemson_p051_c1_grm_std_uni,1,5.438943386077881,-4.851197242736816,1
Clemson_p051_c1_grm_std_uni,1,5.429159164428711,-4.8437724113464355,1
Clemson_p051_c1_grm_std_uni,1,5.287894248962402,-4.6777753829956055,1
Clemson_p051_c1_grm_std_uni,1,5.323514461517334,-4.430141925811768,1
Clemson_p051_c1_grm_std_uni,1,5.429982662200928,-4.208551406860352,1
Clemson_p051_c1_grm_std_uni,1,5.138064384460449,-3.8179619312286377,1
Clemson_p051_c1_grm_std_uni,1,4.5311970710754395,-3.759690284729004,1
Clemson_p051_c1_grm_std_uni,1,4.1848955154418945,-3.7680156230926514,1
Clemson_p051_c1_grm_std_uni,1,4.260502815246582,-4.055214881896973,1
Clemson_p051_c1_grm_std_uni,1,4.227989196777344,-4.134777069091797,1
Clemson_p051_c1_grm_std_uni,1,4.335789203643799,-3.9983606338500977,1
Clemson_p051_c1_grm_std_uni,1,4.284770488739014,-3.853102207183838,1
Clemson_p051_c1_grm_std_uni,1,4.267999172210693,-3.8470795154571533,1
Clemson_p051_c1_grm_std_uni,1,4.605846405029297,-3.9965226650238037,1
Clemson_p051_c1_grm_std_uni,1,5.120384216308594,-4.207529544830322,1
Clemson_p051_c1_grm_std_uni,1,5.476472854614258,-4.2725749015808105,1
Clemson_p051_c1_grm_std_uni,1,5.7530131340026855,-4.2443413734436035,1
Clemson_p051_c1_grm_std_uni,1,5.562329292297363,-3.8385608196258545,1
Clemson_p051_c1_grm_std_uni,1,5.426745414733887,-3.9559273719787598,1
Clemson_p051_c1_grm_std_uni,1,5.37677526473999,-4.035262107849121,1
Clemson_p051_c1_grm_std_uni,1,5.652428150177002,-4.32834529876709,1
Clemson_p051_c1_grm_std_uni,1,4.814791679382324,-3.455071449279785,1
Clemson_p051_c1_grm_std_uni,1,3.711138963699341,-2.5456128120422363,1
Clemson_p051_c1_grm_std_uni,1,4.149309158325195,-3.3801350593566895,1
Clemson_p051_c1_grm_std_uni,1,4.628263473510742,-4.204329013824463,1
Clemson_p051_c1_grm_std_uni,1,5.0472822189331055,-4.758399963378906,1
Clemson_p051_c1_grm_std_uni,1,6.072827339172363,-5.365225315093994,1
Clemson_p051_c1_grm_std_uni,1,6.458489894866943,-4.9569010734558105,1
Clemson_p051_c1_grm_std_uni,1,6.4567365646362305,-4.282825946807861,1
Clemson_p051_c1_grm_std_uni,1,6.667492866516113,-3.889387607574463,1
Clemson_p051_c1_grm_std_uni,1,6.873266220092773,-4.341357707977295,1
Clemson_p051_c1_grm_std_uni,1,6.471146106719971,-4.870763778686523,1
Clemson_p051_c1_grm_std_uni,1,6.062744617462158,-5.3477983474731445,1
Clemson_p051_c1_grm_std_uni,1,5.3179450035095215,-5.039340019226074,1
Clemson_p051_c1_grm_std_uni,1,3.338740348815918,-3.225785493850708,1
Clemson_p051_c1_grm_std_uni,1,2.8679020404815674,-1.5658143758773804,1
Clemson_p051_c1_grm_std_uni,1,4.0564141273498535,-2.016615390777588,1
Clemson_p051_c1_grm_std_uni,1,5.980008602142334,-4.089371681213379,1
Clemson_p051_c1_grm_std_uni,1,7.605398654937744,-5.9219841957092285,1
Clemson_p051_c1_grm_std_uni,1,7.079032897949219,-5.878958225250244,1
Clemson_p051_c1_grm_std_uni,1,6.358574390411377,-5.672060966491699,1
Clemson_p051_c1_grm_std_uni,1,5.782537460327148,-5.755767822265625,1
Clemson_p051_c1_grm_std_uni,1,5.213683605194092,-5.219550132751465,1
Clemson_p051_c1_grm_std_uni,1,4.289996147155762,-3.866769313812256,1
Clemson_p051_c1_grm_std_uni,1,5.282418727874756,-4.438400745391846,1
Clemson_p051_c1_grm_std_uni,1,8.604436874389648,-7.424263000488281,1
Clemson_p051_c1_grm_std_uni,1,8.418688774108887,-7.209394454956055,1
Clemson_p051_c1_grm_std_uni,1,7.8135085105896,-6.827486991882324,1
Clemson_p051_c1_grm_std_uni,1,8.131582260131836,-7.389643669128418,1
Clemson_p051_c1_grm_std_uni,1,7.444952487945557,-6.425824165344238,1
Clemson_p051_c1_grm_std_uni,1,6.0819621086120605,-4.929139614105225,1
Clemson_p051_c1_grm_std_uni,1,5.666522026062012,-4.747223377227783,1
Clemson_p051_c1_grm_std_uni,1,6.007718086242676,-5.318199634552002,1
Clemson_p051_c1_grm_std_uni,1,7.111379623413086,-6.49362850189209,1
Clemson_p051_c1_grm_std_uni,1,7.46826171875,-6.965548515319824,1
Clemson_p051_c1_grm_std_uni,1,6.595901966094971,-5.956550121307373,1
Clemson_p051_c1_grm_std_uni,1,5.9954681396484375,-5.369024753570557,1
Clemson_p051_c1_grm_std_uni,1,4.884949207305908,-4.1038336753845215,1
Clemson_p051_c1_grm_std_uni,1,4.741945743560791,-4.451968669891357,1
Clemson_p051_c1_grm_std_uni,1,5.133722305297852,-5.254130840301514,1
Clemson_p051_c1_grm_std_uni,1,5.72294282913208,-5.994095802307129,1
Clemson_p051_c1_grm_std_uni,1,6.0809783935546875,-6.01015567779541,1
Clemson_p051_c1_grm_std_uni,1,7.133199214935303,-5.7924418449401855,1
Clemson_p051_c1_grm_std_uni,1,7.99942684173584,-5.995443344116211,1
Clemson_p051_c1_grm_std_uni,1,8.619853973388672,-6.835297584533691,1
Clemson_p051_c1_grm_std_uni,1,7.238977432250977,-7.02962064743042,1
Clemson_p051_c1_grm_std_uni,1,6.5255351066589355,-7.06041145324707,1
Clemson_p051_c1_grm_std_uni,1,6.306173324584961,-6.775157451629639,1
Clemson_p051_c1_grm_std_uni,1,6.098106384277344,-6.473495960235596,1
Clemson_p051_c1_grm_std_uni,1,5.707910537719727,-6.218955039978027,1
Clemson_p051_c1_grm_std_uni,1,5.3271379470825195,-6.128479957580566,1
Clemson_p051_c1_grm_std_uni,1,5.088791847229004,-5.731296062469482,1
Clemson_p051_c1_grm_std_uni,1,2.748723030090332,-3.82350492477417,1
Clemson_p051_c1_grm_std_uni,1,1.5783146619796753,-1.6396187543869019,1
Clemson_p051_c1_grm_std_uni,1,4.441334247589111,-3.7435531616210938,1
Clemson_p051_c1_grm_std_uni,1,6.138071537017822,-5.246866703033447,1
Clemson_p051_c1_grm_std_uni,1,7.308323383331299,-5.63825798034668,1
Clemson_p051_c1_grm_std_uni,1,7.908085346221924,-5.833359241485596,1
Clemson_p051_c1_grm_std_uni,1,7.64501953125,-5.983922958374023,1
Clemson_p051_c1_grm_std_uni,1,7.616018772125244,-6.009997367858887,1
Clemson_p051_c1_grm_std_uni,1,7.905568599700928,-6.039542198181152,1
Clemson_p051_c1_grm_std_uni,1,8.022697448730469,-6.1681342124938965,1
Clemson_p051_c1_grm_std_uni,1,8.347813606262207,-6.586073875427246,1
Clemson_p051_c1_grm_std_uni,1,8.627448081970215,-6.872480392456055,1
Clemson_p051_c1_grm_std_uni,1,7.921928405761719,-5.972506523132324,1
Clemson_p051_c1_grm_std_uni,1,7.353003025054932,-5.373834609985352,1
Clemson_p051_c1_grm_std_uni,1,6.983608722686768,-5.245321750640869,1
Clemson_p051_c1_grm_std_uni,1,6.680508613586426,-5.049126148223877,1
Clemson_p051_c1_grm_std_uni,1,6.465189456939697,-4.985208988189697,1
Clemson_p051_c1_grm_std_uni,1,6.431149005889893,-5.120362758636475,1
Clemson_p051_c1_grm_std_uni,1,6.545571804046631,-5.297595024108887,1
Clemson_p051_c1_grm_std_uni,1,6.4285454750061035,-5.0800886154174805,1
Clemson_p051_c1_grm_std_uni,1,6.673815727233887,-5.109379768371582,1
Clemson_p051_c1_grm_std_uni,1,6.796612739562988,-5.045594692230225,1
Clemson_p051_c1_grm_std_uni,1,6.845921516418457,-5.074684143066406,1
Clemson_p051_c1_grm_std_uni,1,6.710946083068848,-5.008013725280762,1
Clemson_p051_c1_grm_std_uni,1,6.293412208557129,-4.695585250854492,1
Clemson_p051_c1_grm_std_uni,1,6.078067302703857,-4.630681037902832,1
Clemson_p051_c1_grm_std_uni,1,6.293664455413818,-4.923628807067871,1
Clemson_p051_c1_grm_std_uni,1,6.1379876136779785,-4.953808307647705,1
Clemson_p051_c1_grm_std_uni,1,5.916294574737549,-4.829812526702881,1
Clemson_p051_c1_grm_std_uni,1,5.752297401428223,-4.689094066619873,1
Clemson_p051_c1_grm_std_uni,1,5.581993103027344,-4.560317516326904,1
Clemson_p051_c1_grm_std_uni,1,5.858488082885742,-4.817811965942383,1
Clemson_p051_c1_grm_std_uni,1,5.785491466522217,-4.817136764526367,1
Clemson_p051_c1_grm_std_uni,1,5.582229137420654,-4.6157331466674805,1
Clemson_p051_c1_grm_std_uni,1,4.802634239196777,-3.927506923675537,1
Clemson_p051_c1_grm_std_uni,1,4.498775005340576,-3.5314688682556152,1
Clemson_p051_c1_grm_std_uni,1,5.130614757537842,-4.069101810455322,1
Clemson_p051_c1_grm_std_uni,1,5.129765510559082,-4.2119035720825195,1
Clemson_p051_c1_grm_std_uni,1,5.044733047485352,-4.328593730926514,1
Clemson_p051_c1_grm_std_uni,1,4.8506388664245605,-4.241522789001465,1
Clemson_p051_c1_grm_std_uni,1,4.730485439300537,-4.190109729766846,1
Clemson_p051_c1_grm_std_uni,1,4.72862434387207,-4.236526966094971,1
Clemson_p051_c1_grm_std_uni,1,4.59531831741333,-4.2166361808776855,1
Clemson_p051_c1_grm_std_uni,1,4.519411563873291,-4.212421417236328,1
Clemson_p051_c1_grm_std_uni,1,4.5331196784973145,-4.296239376068115,1
Clemson_p051_c1_grm_std_uni,1,4.495689868927002,-4.3145623207092285,1
Clemson_p051_c1_grm_std_uni,1,4.040489196777344,-3.89101243019104,1
Clemson_p051_c1_grm_std_uni,1,3.212665319442749,-2.9694130420684814,1
Clemson_p051_c1_grm_std_uni,1,3.021289348602295,-2.619000196456909,1
Clemson_p051_c1_grm_std_uni,1,3.286227226257324,-2.8472163677215576,1
Clemson_p051_c1_grm_std_uni,1,2.7467775344848633,-2.587796211242676,1
Clemson_p051_c1_grm_std_uni,1,2.4916412830352783,-2.527834892272949,1
Clemson_p051_c1_grm_std_uni,1,3.6449310779571533,-3.5307326316833496,1
Clemson_p051_c1_grm_std_uni,1,3.831488847732544,-3.7173731327056885,1
Clemson_p051_c1_grm_std_uni,1,3.3779447078704834,-3.363239288330078,1
Clemson_p051_c1_grm_std_uni,1,4.0102410316467285,-3.487942934036255,1
Clemson_p051_c1_grm_std_uni,1,4.67653751373291,-3.7214789390563965,1
Clemson_p051_c1_grm_std_uni,1,4.910580635070801,-3.7845733165740967,1
Clemson_p051_c1_grm_std_uni,1,4.961763381958008,-3.8943448066711426,1
Clemson_p051_c1_grm_std_uni,1,4.961373805999756,-3.942204475402832,1
Clemson_p051_c1_grm_std_uni,1,4.800079822540283,-4.071060657501221,1
Clemson_p051_c1_grm_std_uni,1,4.377697944641113,-3.9776721000671387,1
Clemson_p051_c1_grm_std_uni,1,4.04669189453125,-3.895793914794922,1
Clemson_p051_c1_grm_std_uni,1,4.646108150482178,-4.4714274406433105,1
Clemson_p051_c1_grm_std_uni,1,4.478255271911621,-4.387585639953613,1
Clemson_p051_c1_grm_std_uni,1,4.428462505340576,-4.389803886413574,1
Clemson_p051_c1_grm_std_uni,1,4.5647077560424805,-4.5715861320495605,1
Clemson_p051_c1_grm_std_uni,1,4.595535755157471,-4.456018447875977,1
Clemson_p051_c1_grm_std_uni,1,4.644231796264648,-4.398648262023926,1
Clemson_p051_c1_grm_std_uni,1,3.706636667251587,-3.873806953430176,1
Clemson_p051_c1_grm_std_uni,1,3.694939136505127,-3.609123706817627,1
Clemson_p051_c1_grm_std_uni,1,2.3060336112976074,-2.5304341316223145,1
Clemson_p051_c1_grm_std_uni,1,3.0106003284454346,-2.815732717514038,1
Clemson_p051_c1_grm_std_uni,1,5.109896659851074,-5.26719856262207,1
Clemson_p051_c1_grm_std_uni,1,5.185278415679932,-5.128793239593506,1
Clemson_p051_c1_grm_std_uni,1,5.289680480957031,-5.187110424041748,1
Clemson_p051_c1_grm_std_uni,1,4.842385292053223,-5.147552490234375,1
Clemson_p051_c1_grm_std_uni,1,1.8920724391937256,-3.1998016834259033,1
Clemson_p051_c1_grm_std_uni,1,1.2122808694839478,-1.361481785774231,1
Clemson_p051_c1_grm_std_uni,1,4.13496208190918,-2.927802562713623,1
Clemson_p051_c1_grm_std_uni,1,6.137814521789551,-6.090028762817383,1
Clemson_p051_c1_grm_std_uni,1,6.913320064544678,-6.817062854766846,1
Clemson_p051_c1_grm_std_uni,1,7.626227378845215,-7.190979480743408,1
Clemson_p051_c1_grm_std_uni,1,7.428679466247559,-6.780206680297852,1
Clemson_p051_c1_grm_std_uni,1,7.133832931518555,-6.527170181274414,1
Clemson_p051_c1_grm_std_uni,1,6.985116481781006,-6.335372447967529,1
Clemson_p051_c1_grm_std_uni,1,6.754791259765625,-5.992199897766113,1
Clemson_p051_c1_grm_std_uni,1,5.609000205993652,-4.664919853210449,1
Clemson_p051_c1_grm_std_uni,1,5.165497779846191,-4.198944091796875,1
Clemson_p051_c1_grm_std_uni,1,5.389142990112305,-4.6146345138549805,1
Clemson_p051_c1_grm_std_uni,1,5.553621768951416,-4.811496257781982,1
Clemson_p051_c1_grm_std_uni,1,6.082779407501221,-5.43798303604126,1
Clemson_p051_c1_grm_std_uni,1,6.050782680511475,-5.857729911804199,1
Clemson_p051_c1_grm_std_uni,1,6.023057460784912,-5.957892417907715,1
Clemson_p051_c1_grm_std_uni,1,5.77638578414917,-5.710036277770996,1
Clemson_p051_c1_grm_std_uni,1,6.286773204803467,-5.856816291809082,1
Clemson_p051_c1_grm_std_uni,1,6.007617473602295,-5.51658296585083,1
Clemson_p051_c1_grm_std_uni,1,5.9903244972229,-4.843201160430908,1
Clemson_p051_c1_grm_std_uni,1,5.8334641456604,-3.6119730472564697,1
Clemson_p051_c1_grm_std_uni,1,6.444108963012695,-4.1125168800354,1
Clemson_p051_c1_grm_std_uni,1,6.405821323394775,-4.804376125335693,1
Clemson_p051_c1_grm_std_uni,1,5.995720386505127,-4.901741027832031,1
Clemson_p051_c1_grm_std_uni,1,6.071922779083252,-4.945930480957031,1
Clemson_p051_c1_grm_std_uni,1,6.2895188331604,-5.1988301277160645,1
Clemson_p051_c1_grm_std_uni,1,6.23527717590332,-5.341919422149658,1
Clemson_p051_c1_grm_std_uni,1,6.019254684448242,-5.3603081703186035,1
Clemson_p051_c1_grm_std_uni,1,5.750586986541748,-5.291806221008301,1
Clemson_p051_c1_grm_std_uni,1,5.622740745544434,-5.275970458984375,1
Clemson_p051_c1_grm_std_uni,1,5.6355133056640625,-5.318708896636963,1
Clemson_p051_c1_grm_std_uni,1,5.640714645385742,-5.33143424987793,1
Clemson_p051_c1_grm_std_uni,1,5.587020397186279,-5.310861587524414,1
Clemson_p051_c1_grm_std_uni,1,5.482820987701416,-5.2508039474487305,1
Clemson_p051_c1_grm_std_uni,1,5.309334754943848,-5.106210708618164,1
Clemson_p051_c1_grm_std_uni,1,5.2183427810668945,-5.049508094787598,1
Clemson_p051_c1_grm_std_uni,1,5.254087448120117,-5.165513038635254,1
Clemson_p051_c1_grm_std_uni,1,5.3522725105285645,-5.308614253997803,1
Clemson_p051_c1_grm_std_uni,1,5.357846260070801,-5.325957775115967,1
Clemson_p051_c1_grm_std_uni,1,5.360230445861816,-5.333126544952393,1
Clemson_p051_c1_grm_std_uni,1,5.094522953033447,-5.109166145324707,1
Clemson_p051_c1_grm_std_uni,1,4.8960957527160645,-4.9262261390686035,1
Clemson_p051_c1_grm_std_uni,1,4.6033616065979,-4.6126508712768555,1
Clemson_p051_c1_grm_std_uni,1,4.452966690063477,-4.3515729904174805,1
Clemson_p051_c1_grm_std_uni,1,4.837549209594727,-4.571709156036377,1
Clemson_p051_c1_grm_std_uni,1,5.205058574676514,-4.863829135894775,1
Clemson_p051_c1_grm_std_uni,1,5.276078701019287,-4.972842216491699,1
Clemson_p051_c1_grm_std_uni,1,5.097349166870117,-4.8559889793396,1
Clemson_p051_c1_grm_std_uni,1,5.113545894622803,-4.926337242126465,1
Clemson_p051_c1_grm_std_uni,1,5.097926139831543,-4.90841007232666,1
Clemson_p051_c1_grm_std_uni,1,5.238210201263428,-5.010928630828857,1
Clemson_p051_c1_grm_std_uni,1,5.2890214920043945,-5.029019832611084,1
Clemson_p051_c1_grm_std_uni,1,5.262717247009277,-5.024496555328369,1
Clemson_p051_c1_grm_std_uni,1,4.12589693069458,-3.8614914417266846,1
Clemson_p051_c1_grm_std_uni,1,2.6718294620513916,-2.2297730445861816,1
Clemson_p051_c1_grm_std_uni,1,3.7178945541381836,-2.908881902694702,1
Clemson_p051_c1_grm_std_uni,1,4.713921070098877,-3.9263792037963867,1
Clemson_p051_c1_grm_std_uni,1,5.78737211227417,-5.180680274963379,1
Clemson_p051_c1_grm_std_uni,1,5.485420227050781,-5.589114189147949,1
Clemson_p051_c1_grm_std_uni,1,5.319000720977783,-5.548468112945557,1
Clemson_p051_c1_grm_std_uni,1,5.196098327636719,-5.3437299728393555,1
Clemson_p051_c1_grm_std_uni,1,5.341757297515869,-5.287648677825928,1
Clemson_p051_c1_grm_std_uni,1,5.110796928405762,-4.691529273986816,1
Clemson_p051_c1_grm_std_uni,1,4.490947246551514,-3.7730298042297363,1
Clemson_p051_c1_grm_std_uni,1,4.951219081878662,-3.9087860584259033,1
Clemson_p051_c1_grm_std_uni,1,5.247788906097412,-4.2007975578308105,1
Clemson_p051_c1_grm_std_uni,1,5.615958213806152,-4.4806413650512695,1
Clemson_p051_c1_grm_std_uni,1,5.931822776794434,-4.7365617752075195,1
Clemson_p051_c1_grm_std_uni,1,5.801802635192871,-4.680038928985596,1
Clemson_p051_c1_grm_std_uni,1,7.094326972961426,-6.470701694488525,1
Clemson_p051_c1_grm_std_uni,1,7.079365253448486,-6.907090663909912,1
Clemson_p051_c1_grm_std_uni,1,6.9750165939331055,-6.7123188972473145,1
Clemson_p051_c1_grm_std_uni,1,5.063676357269287,-4.618817329406738,1
Clemson_p051_c1_grm_std_uni,1,4.5911359786987305,-4.580465793609619,1
Clemson_p051_c1_grm_std_uni,1,4.944741249084473,-5.1027960777282715,1
Clemson_p051_c1_grm_std_uni,1,4.841058731079102,-4.708392143249512,1
Clemson_p051_c1_grm_std_uni,1,4.214919567108154,-3.6856589317321777,1
Clemson_p051_c1_grm_std_uni,1,4.688363075256348,-4.396328926086426,1
Clemson_p051_c1_grm_std_uni,1,6.042649269104004,-5.651684284210205,1
Clemson_p051_c1_grm_std_uni,1,6.592352390289307,-5.541809558868408,1
Clemson_p051_c1_grm_std_uni,1,6.947761535644531,-6.475775241851807,1
Clemson_p051_c1_grm_std_uni,1,6.536398410797119,-6.4017767906188965,1
Clemson_p051_c1_grm_std_uni,1,6.350976467132568,-5.872137069702148,1
Clemson_p051_c1_grm_std_uni,1,6.399636745452881,-5.622964859008789,1
Clemson_p051_c1_grm_std_uni,1,6.683172702789307,-5.48134183883667,1
Clemson_p051_c1_grm_std_uni,1,6.498301982879639,-5.234836101531982,1
Clemson_p051_c1_grm_std_uni,1,6.532786846160889,-5.976452350616455,1
Clemson_p051_c1_grm_std_uni,1,7.444962978363037,-7.20580530166626,1
Clemson_p051_c1_grm_std_uni,1,7.435049057006836,-6.9527363777160645,1
Clemson_p051_c1_grm_std_uni,1,6.532016277313232,-6.273168563842773,1
Clemson_p051_c1_grm_std_uni,1,6.060207843780518,-5.406356334686279,1
Clemson_p051_c1_grm_std_uni,1,6.0619401931762695,-4.93930721282959,1
Clemson_p051_c1_grm_std_uni,1,6.5979323387146,-5.381370544433594,1
Clemson_p051_c1_grm_std_uni,1,7.205029010772705,-5.898377418518066,1
Clemson_p051_c1_grm_std_uni,1,7.3539628982543945,-6.155786037445068,1
Clemson_p051_c1_grm_std_uni,1,7.414620876312256,-6.060455799102783,1
Clemson_p051_c1_grm_std_uni,1,7.158996105194092,-5.812530994415283,1
Clemson_p051_c1_grm_std_uni,1,6.8080315589904785,-5.736629009246826,1
Clemson_p051_c1_grm_std_uni,1,6.8226423263549805,-5.741599082946777,1
Clemson_p051_c1_grm_std_uni,1,6.835939884185791,-5.671562194824219,1
Clemson_p051_c1_grm_std_uni,1,6.9064812660217285,-5.729404926300049,1
Clemson_p051_c1_grm_std_uni,1,6.616021156311035,-5.420287132263184,1
Clemson_p051_c1_grm_std_uni,1,5.007481575012207,-3.7537901401519775,1
Clemson_p051_c1_grm_std_uni,1,3.497678279876709,-2.047370195388794,1
Clemson_p051_c1_grm_std_uni,1,3.783329486846924,-2.8281869888305664,1
Clemson_p051_c1_grm_std_uni,1,5.307178020477295,-4.206692218780518,1
Clemson_p051_c1_grm_std_uni,1,7.194814205169678,-5.851025581359863,1
Clemson_p051_c1_grm_std_uni,1,8.692426681518555,-7.962302207946777,1
Clemson_p051_c1_grm_std_uni,1,8.0039701461792,-7.456480503082275,1
Clemson_p051_c1_grm_std_uni,1,7.181002616882324,-6.950333595275879,1
Clemson_p051_c1_grm_std_uni,1,6.870067119598389,-6.846626281738281,1
Clemson_p051_c1_grm_std_uni,1,6.496131420135498,-6.621866703033447,1
Clemson_p051_c1_grm_std_uni,1,5.577154159545898,-5.7078471183776855,1
Clemson_p051_c1_grm_std_uni,1,5.3698320388793945,-5.455606937408447,1
Clemson_p051_c1_grm_std_uni,1,3.969444990158081,-4.458971977233887,1
Clemson_p051_c1_grm_std_uni,1,3.2803616523742676,-3.444629430770874,1
Clemson_p051_c1_grm_std_uni,1,3.6285085678100586,-2.450057029724121,1
Clemson_p051_c1_grm_std_uni,1,4.102221965789795,-2.2730774879455566,1
Clemson_p051_c1_grm_std_uni,1,4.981000900268555,-2.5926544666290283,1
Clemson_p051_c1_grm_std_uni,1,6.49454402923584,-3.9316351413726807,1
Clemson_p051_c1_grm_std_uni,1,7.666478633880615,-5.1702470779418945,1
Clemson_p051_c1_grm_std_uni,1,7.091735363006592,-5.35839319229126,1
Clemson_p051_c1_grm_std_uni,1,4.3163743019104,-3.5022456645965576,1
Clemson_p051_c1_grm_std_uni,1,3.361212968826294,-1.7138582468032837,1
Clemson_p051_c1_grm_std_uni,1,4.364842891693115,-2.465998411178589,1
Clemson_p051_c1_grm_std_uni,1,6.641756534576416,-4.226923942565918,1
Clemson_p051_c1_grm_std_uni,1,7.169454574584961,-4.798663139343262,1
Clemson_p051_c1_grm_std_uni,1,7.163137435913086,-5.0930705070495605,1
Clemson_p051_c1_grm_std_uni,1,7.042046070098877,-5.199761390686035,1
Clemson_p051_c1_grm_std_uni,1,7.0083842277526855,-5.766352653503418,1
Clemson_p051_c1_grm_std_uni,1,6.96480131149292,-6.117144584655762,1
Clemson_p051_c1_grm_std_uni,1,6.8376569747924805,-5.3139967918396,1
Clemson_p051_c1_grm_std_uni,1,6.652090549468994,-4.978081703186035,1
Clemson_p051_c1_grm_std_uni,1,7.267935752868652,-6.959380149841309,1
Clemson_p051_c1_grm_std_uni,1,7.06143045425415,-6.929539203643799,1
Clemson_p051_c1_grm_std_uni,1,6.0645976066589355,-6.198076248168945,1
Clemson_p051_c1_grm_std_uni,1,2.334791660308838,-2.7232882976531982,1
Clemson_p051_c1_grm_std_uni,1,3.0571796894073486,-1.6353727579116821,1
Clemson_p051_c1_grm_std_uni,1,4.2588114738464355,-3.3340535163879395,1
Clemson_p051_c1_grm_std_uni,1,5.436071872711182,-4.570279598236084,1
Clemson_p051_c1_grm_std_uni,1,6.685791015625,-6.34675407409668,1
Clemson_p051_c1_grm_std_uni,1,7.318358421325684,-6.7099928855896,1
Clemson_p051_c1_grm_std_uni,1,5.237513065338135,-4.646187782287598,1
Clemson_p051_c1_grm_std_uni,1,4.511058330535889,-4.586583614349365,1
Clemson_p051_c1_grm_std_uni,1,5.543792247772217,-5.822984218597412,1
Clemson_p051_c1_grm_std_uni,1,5.41839599609375,-4.3617448806762695,1
Clemson_p051_c1_grm_std_uni,1,5.746098518371582,-4.278207302093506,1
Clemson_p051_c1_grm_std_uni,1,5.961858749389648,-4.932851791381836,1
Clemson_p051_c1_grm_std_uni,1,5.968693733215332,-4.6726765632629395,1
Clemson_p051_c1_grm_std_uni,1,5.900064945220947,-5.090003967285156,1
Clemson_p051_c1_grm_std_uni,1,6.604058265686035,-5.574792385101318,1
Clemson_p051_c1_grm_std_uni,1,8.271036148071289,-7.037460803985596,1
Clemson_p051_c1_grm_std_uni,1,8.184891700744629,-7.056293964385986,1
Clemson_p051_c1_grm_std_uni,1,7.243337631225586,-6.272386074066162,1
Clemson_p051_c1_grm_std_uni,1,6.721438884735107,-5.7944207191467285,1
Clemson_p051_c1_grm_std_uni,1,5.670285701751709,-5.009496212005615,1
Clemson_p051_c1_grm_std_uni,1,5.330766677856445,-4.976096153259277,1
Clemson_p051_c1_grm_std_uni,1,5.3551530838012695,-4.952011585235596,1
Clemson_p051_c1_grm_std_uni,1,5.9122796058654785,-4.877181053161621,1
Clemson_p051_c1_grm_std_uni,1,6.7528839111328125,-5.238496780395508,1
Clemson_p051_c1_grm_std_uni,1,6.718489170074463,-5.177080154418945,1
Clemson_p051_c1_grm_std_uni,1,6.917783260345459,-5.490044116973877,1
Clemson_p051_c1_grm_std_uni,1,7.4861273765563965,-5.912644863128662,1
Clemson_p051_c1_grm_std_uni,1,7.6718854904174805,-5.399662971496582,1
Clemson_p051_c1_grm_std_uni,1,6.76124906539917,-4.648192405700684,1
Clemson_p051_c1_grm_std_uni,1,6.177952289581299,-4.4058074951171875,1
Clemson_p051_c1_grm_std_uni,1,6.169104099273682,-4.63832426071167,1
Clemson_p051_c1_grm_std_uni,1,7.083907604217529,-5.299959659576416,1
Clemson_p051_c1_grm_std_uni,1,6.837040901184082,-5.393552780151367,1
Clemson_p051_c1_grm_std_uni,1,6.8098530769348145,-5.530403137207031,1
Clemson_p051_c1_grm_std_uni,1,7.035478115081787,-5.600934982299805,1
Clemson_p051_c1_grm_std_uni,1,7.341245651245117,-5.3895392417907715,1
Clemson_p051_c1_grm_std_uni,1,7.401771545410156,-5.149618625640869,1
Clemson_p051_c1_grm_std_uni,1,7.339731216430664,-5.101596355438232,1
Clemson_p051_c1_grm_std_uni,1,7.335204124450684,-5.175858497619629,1
Clemson_p051_c1_grm_std_uni,1,7.461278438568115,-5.284142971038818,1
Clemson_p051_c1_grm_std_uni,1,7.120643138885498,-4.734993934631348,1
Clemson_p051_c1_grm_std_uni,1,7.43986177444458,-4.949353218078613,1
Clemson_p051_c1_grm_std_uni,1,8.15165901184082,-5.447192668914795,1
Clemson_p051_c1_grm_std_uni,1,8.353445053100586,-5.5880513191223145,1
Clemson_p051_c1_grm_std_uni,1,7.682296276092529,-5.332513332366943,1
Clemson_p051_c1_grm_std_uni,1,7.366142749786377,-5.537256717681885,1
Clemson_p051_c1_grm_std_uni,1,7.493138313293457,-5.594815254211426,1
Clemson_p051_c1_grm_std_uni,1,7.2757744789123535,-5.525751113891602,1
Clemson_p051_c1_grm_std_uni,1,7.239968776702881,-5.438499927520752,1
Clemson_p051_c1_grm_std_uni,1,7.1075520515441895,-5.32052755355835,1
Clemson_p051_c1_grm_std_uni,1,6.87968635559082,-5.136482238769531,1
Clemson_p051_c1_grm_std_uni,1,7.043161392211914,-5.180853843688965,1
Clemson_p051_c1_grm_std_uni,1,7.251256465911865,-5.315300464630127,1
Clemson_p051_c1_grm_std_uni,1,7.193544864654541,-5.284409046173096,1
Clemson_p051_c1_grm_std_uni,1,7.204113483428955,-5.270455360412598,1
Clemson_p051_c1_grm_std_uni,1,7.138276100158691,-5.271933555603027,1
Clemson_p051_c1_grm_std_uni,1,7.301614761352539,-5.284883975982666,1
Clemson_p051_c1_grm_std_uni,1,6.828924179077148,-4.760871887207031,1
Clemson_p051_c1_grm_std_uni,1,6.205681800842285,-4.287033557891846,1
Clemson_p051_c1_grm_std_uni,1,5.6713738441467285,-4.14406681060791,1
Clemson_p051_c1_grm_std_uni,1,5.578942775726318,-3.9677670001983643,1
Clemson_p051_c1_grm_std_uni,1,5.776957988739014,-3.940402030944824,1
Clemson_p051_c1_grm_std_uni,1,5.742264747619629,-3.9818713665008545,1
Clemson_p051_c1_grm_std_uni,1,6.420708656311035,-4.648984909057617,1
Clemson_p051_c1_grm_std_uni,1,6.407588005065918,-4.332163333892822,1
Clemson_p051_c1_grm_std_uni,1,6.997581958770752,-4.861767768859863,1
Clemson_p051_c1_grm_std_uni,1,6.482946395874023,-5.393796920776367,1
Clemson_p051_c1_grm_std_uni,1,6.301585674285889,-5.557484149932861,1
Clemson_p051_c1_grm_std_uni,1,6.17189884185791,-5.496230602264404,1
Clemson_p051_c1_grm_std_uni,1,6.15501070022583,-5.458098888397217,1
Clemson_p051_c1_grm_std_uni,1,6.370828151702881,-5.498194217681885,1
Clemson_p051_c1_grm_std_uni,1,6.532037734985352,-5.530115127563477,1
Clemson_p051_c1_grm_std_uni,1,7.010011672973633,-5.675704002380371,1
Clemson_p051_c1_grm_std_uni,1,7.370610237121582,-5.54393196105957,1
Clemson_p051_c1_grm_std_uni,1,7.415709972381592,-5.199880599975586,1
Clemson_p051_c1_grm_std_uni,1,7.225741386413574,-5.123499870300293,1
Clemson_p051_c1_grm_std_uni,1,5.405452251434326,-3.642810106277466,1
Clemson_p051_c1_grm_std_uni,1,5.8576812744140625,-4.2213921546936035,1
Clemson_p051_c1_grm_std_uni,1,6.908341884613037,-5.289828777313232,1
Clemson_p051_c1_grm_std_uni,1,7.258354187011719,-5.885891437530518,1
Clemson_p051_c1_grm_std_uni,1,7.0350799560546875,-6.035191535949707,1
Clemson_p051_c1_grm_std_uni,1,6.720273017883301,-6.2807230949401855,1
Clemson_p051_c1_grm_std_uni,1,6.105485916137695,-6.769799709320068,1
Clemson_p051_c1_grm_std_uni,1,5.922754764556885,-6.3489789962768555,1
Clemson_p051_c1_grm_std_uni,1,5.2619948387146,-5.930303573608398,1
Clemson_p051_c1_grm_std_uni,1,5.321883201599121,-5.791711330413818,1
Clemson_p051_c1_grm_std_uni,1,5.10474157333374,-5.497576713562012,1
Clemson_p051_c1_grm_std_uni,1,3.9974963665008545,-4.460507392883301,1
Clemson_p051_c1_grm_std_uni,1,2.197296619415283,-2.5418059825897217,1
Clemson_p051_c1_grm_std_uni,1,2.4498817920684814,-2.6002984046936035,1
Clemson_p051_c1_grm_std_uni,1,3.1189167499542236,-3.0184404850006104,1
Clemson_p051_c1_grm_std_uni,1,2.8302183151245117,-2.6796038150787354,1
Clemson_p051_c1_grm_std_uni,1,3.0517196655273438,-2.7137324810028076,1
Clemson_p051_c1_grm_std_uni,1,5.178530216217041,-4.556635856628418,1
Clemson_p051_c1_grm_std_uni,1,5.536018371582031,-5.270559310913086,1
Clemson_p051_c1_grm_std_uni,1,5.354179382324219,-5.422598838806152,1
Clemson_p051_c1_grm_std_uni,1,4.289969444274902,-4.562997341156006,1
Clemson_p051_c1_grm_std_uni,1,3.313593864440918,-3.404683828353882,1
Clemson_p051_c1_grm_std_uni,1,4.183111667633057,-3.581423282623291,1
Clemson_p051_c1_grm_std_uni,1,4.546250820159912,-3.7816731929779053,1
Clemson_p051_c1_grm_std_uni,1,4.766246318817139,-3.994723320007324,1
Clemson_p051_c1_grm_std_uni,1,4.8882575035095215,-4.093191146850586,1
Clemson_p051_c1_grm_std_uni,1,4.772547245025635,-3.962515354156494,1
Clemson_p051_c1_grm_std_uni,1,4.535636901855469,-3.7019195556640625,1
Clemson_p051_c1_grm_std_uni,1,4.57753849029541,-3.683558940887451,1
Clemson_p051_c1_grm_std_uni,1,4.701449871063232,-3.9456963539123535,1
Clemson_p051_c1_grm_std_uni,1,4.491906642913818,-3.907832384109497,1
Clemson_p051_c1_grm_std_uni,1,3.258759021759033,-2.8388826847076416,1
Clemson_p051_c1_grm_std_uni,1,3.654679298400879,-3.0608513355255127,1
Clemson_p051_c1_grm_std_uni,1,4.218100547790527,-3.777282476425171,1
Clemson_p051_c1_grm_std_uni,1,4.405725479125977,-4.17230749130249,1
Clemson_p051_c1_grm_std_uni,1,4.343387126922607,-4.113669395446777,1
Clemson_p051_c1_grm_std_uni,1,3.8716180324554443,-3.4101498126983643,1
Clemson_p051_c1_grm_std_uni,1,3.0904200077056885,-2.420278787612915,1
Clemson_p051_c1_grm_std_uni,1,3.392563581466675,-2.569237232208252,1
Clemson_p051_c1_grm_std_uni,1,4.346898555755615,-3.7046656608581543,1
Clemson_p051_c1_grm_std_uni,1,3.97554874420166,-3.6025171279907227,1
Clemson_p051_c1_grm_std_uni,1,3.8263089656829834,-3.0632402896881104,1
Clemson_p051_c1_grm_std_uni,1,3.99629807472229,-4.0517258644104,1
Clemson_p051_c1_grm_std_uni,1,4.63885498046875,-5.469540119171143,1
Clemson_p051_c1_grm_std_uni,1,5.56137752532959,-5.847250938415527,1
Clemson_p051_c1_grm_std_uni,1,6.599221229553223,-5.80524206161499,1
Clemson_p051_c1_grm_std_uni,1,7.392897605895996,-6.3012166023254395,1
Clemson_p051_c1_grm_std_uni,1,7.309653282165527,-6.719370365142822,1
Clemson_p051_c1_grm_std_uni,1,6.112985610961914,-6.719659805297852,1
Clemson_p051_c1_grm_std_uni,1,5.571840286254883,-6.403449535369873,1
Clemson_p051_c1_grm_std_uni,1,5.435127258300781,-6.220710277557373,1
Clemson_p051_c1_grm_std_uni,1,5.390041828155518,-6.115818500518799,1
Clemson_p051_c1_grm_std_uni,1,5.454123497009277,-6.151365280151367,1
Clemson_p051_c1_grm_std_uni,1,5.512681484222412,-6.056853294372559,1
Clemson_p051_c1_grm_std_uni,1,5.514583110809326,-5.68718147277832,1
Clemson_p051_c1_grm_std_uni,1,5.136110305786133,-5.124411582946777,1
Clemson_p051_c1_grm_std_uni,1,5.922263145446777,-5.701818466186523,1
Clemson_p051_c1_grm_std_uni,1,6.01814079284668,-5.701218128204346,1
Clemson_p051_c1_grm_std_uni,1,6.2032365798950195,-6.078459739685059,1
Clemson_p051_c1_grm_std_uni,1,6.5080084800720215,-6.290722370147705,1
Clemson_p051_c1_grm_std_uni,1,6.351562023162842,-6.137881755828857,1
Clemson_p051_c1_grm_std_uni,1,6.171034812927246,-6.1367011070251465,1
Clemson_p051_c1_grm_std_uni,1,5.798264026641846,-5.960296154022217,1
Clemson_p051_c1_grm_std_uni,1,5.467183589935303,-5.765652179718018,1
Clemson_p051_c1_grm_std_uni,1,5.386138916015625,-5.591156482696533,1
Clemson_p051_c1_grm_std_uni,1,5.276225566864014,-5.442253589630127,1
Clemson_p051_c1_grm_std_uni,1,5.295465469360352,-5.569111347198486,1
Clemson_p051_c1_grm_std_uni,1,5.1866774559021,-5.462605953216553,1
Clemson_p051_c1_grm_std_uni,1,4.9767842292785645,-5.240201473236084,1
Clemson_p051_c1_grm_std_uni,1,3.7716169357299805,-4.422244548797607,1
Clemson_p051_c1_grm_std_uni,1,1.7424565553665161,-2.568303108215332,1
Clemson_p051_c1_grm_std_uni,1,2.3623526096343994,-1.739871621131897,1
Clemson_p051_c1_grm_std_uni,1,3.3292109966278076,-1.9611613750457764,1
Clemson_p051_c1_grm_std_uni,1,4.5382280349731445,-3.443946599960327,1
Clemson_p051_c1_grm_std_uni,1,4.439267158508301,-3.5631263256073,1
Clemson_p051_c1_grm_std_uni,1,4.229384422302246,-3.3090174198150635,1
Clemson_p051_c1_grm_std_uni,1,6.094538688659668,-5.068602085113525,1
Clemson_p051_c1_grm_std_uni,1,6.560544490814209,-5.864264011383057,1
Clemson_p051_c1_grm_std_uni,1,6.01341438293457,-5.708689212799072,1
Clemson_p051_c1_grm_std_uni,1,3.753629207611084,-3.8469865322113037,1
Clemson_p051_c1_grm_std_uni,1,3.1181745529174805,-1.832000494003296,1
Clemson_p051_c1_grm_std_uni,1,3.848557472229004,-3.2079286575317383,1
Clemson_p051_c1_grm_std_uni,1,5.347389221191406,-5.014471530914307,1
Clemson_p051_c1_grm_std_uni,1,7.072568893432617,-7.108293533325195,1
Clemson_p051_c1_grm_std_uni,1,7.159226894378662,-7.219635009765625,1
Clemson_p051_c1_grm_std_uni,1,6.575577259063721,-6.366176128387451,1
Clemson_p051_c1_grm_std_uni,1,6.886845111846924,-6.852591514587402,1
Clemson_p051_c1_grm_std_uni,1,6.73114013671875,-6.587777137756348,1
Clemson_p051_c1_grm_std_uni,1,6.489271640777588,-6.2787299156188965,1
Clemson_p051_c1_grm_std_uni,1,5.906992435455322,-5.640223979949951,1
Clemson_p051_c1_grm_std_uni,1,5.201594352722168,-4.671412467956543,1
Clemson_p051_c1_grm_std_uni,1,4.972242832183838,-4.579628944396973,1
Clemson_p051_c1_grm_std_uni,1,6.029411315917969,-5.735095024108887,1
Clemson_p051_c1_grm_std_uni,1,6.7177276611328125,-6.434767246246338,1
Clemson_p051_c1_grm_std_uni,1,6.896376609802246,-6.422373294830322,1
Clemson_p051_c1_grm_std_uni,1,6.1570210456848145,-5.425450801849365,1
Clemson_p051_c1_grm_std_uni,1,6.511092185974121,-5.722308158874512,1
Clemson_p051_c1_grm_std_uni,1,7.186329364776611,-6.238899230957031,1
Clemson_p051_c1_grm_std_uni,1,7.255407810211182,-6.389196872711182,1
Clemson_p051_c1_grm_std_uni,1,6.980555534362793,-6.379373073577881,1
Clemson_p051_c1_grm_std_uni,1,6.703898906707764,-5.93987512588501,1
Clemson_p051_c1_grm_std_uni,1,6.927413463592529,-6.16246223449707,1
Clemson_p051_c1_grm_std_uni,1,6.503644943237305,-6.038297176361084,1
Clemson_p051_c1_grm_std_uni,1,5.809436321258545,-5.718685626983643,1
Clemson_p051_c1_grm_std_uni,1,4.951146602630615,-4.9911394119262695,1
Clemson_p051_c1_grm_std_uni,1,5.683175563812256,-5.157273292541504,1
Clemson_p051_c1_grm_std_uni,1,6.158456325531006,-5.618423938751221,1
Clemson_p051_c1_grm_std_uni,1,5.756281852722168,-5.644524574279785,1
Clemson_p051_c1_grm_std_uni,1,2.754112958908081,-3.425724744796753,1
Clemson_p051_c1_grm_std_uni,1,2.012260913848877,-1.4174648523330688,1
Clemson_p051_c1_grm_std_uni,1,3.350752115249634,-2.711683750152588,1
Clemson_p051_c1_grm_std_uni,1,5.747351169586182,-5.2561750411987305,1
Clemson_p051_c1_grm_std_uni,1,6.942633152008057,-6.670203685760498,1
Clemson_p051_c1_grm_std_uni,1,6.433932781219482,-6.574822425842285,1
Clemson_p051_c1_grm_std_uni,1,6.2542290687561035,-6.505091667175293,1
Clemson_p051_c1_grm_std_uni,1,6.201787948608398,-6.229611396789551,1
Clemson_p051_c1_grm_std_uni,1,6.11528205871582,-5.64471960067749,1
Clemson_p051_c1_grm_std_uni,1,5.849031925201416,-4.859458923339844,1
Clemson_p051_c1_grm_std_uni,1,6.826013565063477,-5.529685020446777,1
Clemson_p051_c1_grm_std_uni,1,7.297068119049072,-6.135616779327393,1
Clemson_p051_c1_grm_std_uni,1,7.406424045562744,-6.144418239593506,1
Clemson_p051_c1_grm_std_uni,1,7.220588207244873,-5.9598588943481445,1
Clemson_p051_c1_grm_std_uni,1,7.091508865356445,-5.742453575134277,1
Clemson_p051_c1_grm_std_uni,1,6.255952835083008,-4.693566799163818,1
Clemson_p051_c1_grm_std_uni,1,6.525890827178955,-4.748332500457764,1
Clemson_p051_c1_grm_std_uni,1,5.438239574432373,-4.165009498596191,1
Clemson_p051_c1_grm_std_uni,1,6.577487468719482,-5.239401340484619,1
Clemson_p051_c1_grm_std_uni,1,6.732309341430664,-6.230227470397949,1
Clemson_p051_c1_grm_std_uni,1,6.639256000518799,-6.153670310974121,1
Clemson_p051_c1_grm_std_uni,1,6.475085258483887,-5.976205348968506,1
Clemson_p051_c1_grm_std_uni,1,5.896295070648193,-5.4281816482543945,1
Clemson_p051_c1_grm_std_uni,1,3.8630571365356445,-3.87045955657959,1
Clemson_p051_c1_grm_std_uni,1,5.104652404785156,-4.282716751098633,1
Clemson_p051_c1_grm_std_uni,1,5.895016670227051,-5.116297245025635,1
Clemson_p051_c1_grm_std_uni,1,7.103820323944092,-6.321623802185059,1
Clemson_p051_c1_grm_std_uni,1,6.925470352172852,-6.183800220489502,1
Clemson_p051_c1_grm_std_uni,1,6.607132434844971,-5.886442184448242,1
Clemson_p051_c1_grm_std_uni,1,6.718985080718994,-6.0767903327941895,1
Clemson_p051_c1_grm_std_uni,1,6.821855068206787,-6.110497951507568,1
Clemson_p051_c1_grm_std_uni,1,5.444368362426758,-4.660346031188965,1
Clemson_p051_c1_grm_std_uni,1,4.578160762786865,-3.6133813858032227,1
Clemson_p051_c1_grm_std_uni,1,5.601996898651123,-5.179232120513916,1
Clemson_p051_c1_grm_std_uni,1,6.109594345092773,-6.031854629516602,1
Clemson_p051_c1_grm_std_uni,1,6.409663677215576,-6.491128921508789,1
Clemson_p051_c1_grm_std_uni,1,6.195785045623779,-6.367074012756348,1
Clemson_p051_c1_grm_std_uni,1,6.213722229003906,-6.269296646118164,1
Clemson_p051_c1_grm_std_uni,1,5.494970798492432,-5.256750106811523,1
Clemson_p051_c1_grm_std_uni,1,5.17360258102417,-4.77470064163208,1
Clemson_p051_c1_grm_std_uni,1,5.935407638549805,-5.5954909324646,1
Clemson_p051_c1_grm_std_uni,1,6.198704242706299,-5.979159355163574,1
Clemson_p051_c1_grm_std_uni,1,6.1068501472473145,-5.994999885559082,1
Clemson_p051_c1_grm_std_uni,1,5.955472946166992,-5.980494976043701,1
Clemson_p051_c1_grm_std_uni,1,5.8017168045043945,-5.953503608703613,1
Clemson_p051_c1_grm_std_uni,1,5.379185199737549,-5.495996475219727,1
Clemson_p051_c1_grm_std_uni,1,5.627066612243652,-5.430093288421631,1
Clemson_p051_c1_grm_std_uni,1,5.487183570861816,-5.282900810241699,1
Clemson_p051_c1_grm_std_uni,1,5.076485633850098,-5.005614280700684,1
Clemson_p051_c1_grm_std_uni,1,4.905671119689941,-4.642945766448975,1
Clemson_p051_c1_grm_std_uni,1,4.79740047454834,-4.423716068267822,1
Clemson_p051_c1_grm_std_uni,1,5.077258586883545,-4.7447190284729,1
Clemson_p051_c1_grm_std_uni,1,5.072303295135498,-4.843306541442871,1
Clemson_p051_c1_grm_std_uni,1,4.589341163635254,-4.649304389953613,1
Clemson_p051_c1_grm_std_uni,1,4.932955265045166,-5.018128871917725,1
Clemson_p051_c1_grm_std_uni,1,5.1447038650512695,-5.210237503051758,1
Clemson_p051_c1_grm_std_uni,1,5.097819805145264,-5.029742240905762,1
Clemson_p051_c1_grm_std_uni,1,4.990867614746094,-4.916368007659912,1
Clemson_p051_c1_grm_std_uni,1,5.14937686920166,-5.106151103973389,1
Clemson_p051_c1_grm_std_uni,1,5.376257419586182,-5.494731426239014,1
Clemson_p051_c1_grm_std_uni,1,5.360703945159912,-5.45991849899292,1
Clemson_p051_c1_grm_std_uni,1,3.2724339962005615,-3.4975266456604004,1
Clemson_p051_c1_grm_std_uni,1,3.0771989822387695,-3.0164871215820312,1
Clemson_p051_c1_grm_std_uni,1,4.4782867431640625,-4.432915687561035,1
Clemson_p051_c1_grm_std_uni,1,5.186906814575195,-5.755995273590088,1
Clemson_p051_c1_grm_std_uni,1,6.163658142089844,-6.5707879066467285,1
Clemson_p051_c1_grm_std_uni,1,6.122546195983887,-6.010507583618164,1
Clemson_p051_c1_grm_std_uni,1,7.055016040802002,-5.7186713218688965,1
Clemson_p051_c1_grm_std_uni,1,7.677398681640625,-6.5166826248168945,1
Clemson_p051_c1_grm_std_uni,1,7.205461025238037,-6.5007500648498535,1
Clemson_p051_c1_grm_std_uni,1,7.066308975219727,-6.379254341125488,1
Clemson_p051_c1_grm_std_uni,1,7.128129482269287,-6.110064506530762,1
Clemson_p051_c1_grm_std_uni,1,7.097715377807617,-5.130983829498291,1
Clemson_p051_c1_grm_std_uni,1,5.590953350067139,-3.8428432941436768,1
Clemson_p051_c1_grm_std_uni,1,5.251649379730225,-4.15930700302124,1
Clemson_p051_c1_grm_std_uni,1,5.493198871612549,-4.223669528961182,1
Clemson_p051_c1_grm_std_uni,1,6.516064167022705,-4.630766868591309,1
Clemson_p051_c1_grm_std_uni,1,6.545168399810791,-4.828883171081543,1
Clemson_p051_c1_grm_std_uni,1,5.542784214019775,-4.309342861175537,1
Clemson_p051_c1_grm_std_uni,1,4.815234184265137,-3.498359203338623,1
Clemson_p051_c1_grm_std_uni,1,5.945002555847168,-4.374916076660156,1
Clemson_p051_c1_grm_std_uni,1,6.95853853225708,-5.5681633949279785,1
Clemson_p051_c1_grm_std_uni,1,6.903341770172119,-5.991189956665039,1
Clemson_p051_c1_grm_std_uni,1,6.597601890563965,-5.970205307006836,1
Clemson_p051_c1_grm_std_uni,1,6.383961200714111,-5.760406494140625,1
Clemson_p051_c1_grm_std_uni,1,6.241136074066162,-5.480998516082764,1
Clemson_p051_c1_grm_std_uni,1,5.208427429199219,-4.590136528015137,1
Clemson_p051_c1_grm_std_uni,1,4.1714863777160645,-3.438861846923828,1
Clemson_p051_c1_grm_std_uni,1,5.7574028968811035,-4.606761455535889,1
Clemson_p051_c1_grm_std_uni,1,6.378049373626709,-5.205945014953613,1
Clemson_p051_c1_grm_std_uni,1,6.10941743850708,-5.2572102546691895,1
Clemson_p051_c1_grm_std_uni,1,5.68813419342041,-5.009176254272461,1
Clemson_p051_c1_grm_std_uni,1,4.851324081420898,-4.289000988006592,1
Clemson_p051_c1_grm_std_uni,1,4.739231586456299,-4.201174736022949,1
Clemson_p051_c1_grm_std_uni,1,4.787818908691406,-4.483305931091309,1
Clemson_p051_c1_grm_std_uni,1,4.9234724044799805,-4.744264602661133,1
Clemson_p051_c1_grm_std_uni,1,4.995352745056152,-4.850548267364502,1
Clemson_p051_c1_grm_std_uni,1,5.03758430480957,-4.990217208862305,1
Clemson_p051_c1_grm_std_uni,1,5.034958839416504,-5.095521450042725,1
Clemson_p051_c1_grm_std_uni,1,4.977902889251709,-5.103945255279541,1
Clemson_p051_c1_grm_std_uni,1,4.906936168670654,-5.063974380493164,1
Clemson_p051_c1_grm_std_uni,1,4.879007339477539,-4.98234224319458,1
Clemson_p051_c1_grm_std_uni,1,4.851101398468018,-4.852896690368652,1
Clemson_p051_c1_grm_std_uni,1,4.917170524597168,-4.837367534637451,1
Clemson_p051_c1_grm_std_uni,1,4.677347660064697,-4.662832736968994,1
Clemson_p051_c1_grm_std_uni,1,3.6315014362335205,-3.930014133453369,1
Clemson_p051_c1_grm_std_uni,1,1.479857325553894,-1.7066292762756348,1
Clemson_p051_c1_grm_std_uni,1,1.4761730432510376,-0.23437216877937317,1
Clemson_p051_c1_grm_std_uni,1,4.521803379058838,-2.1659436225891113,1
Clemson_p051_c1_grm_std_uni,1,6.791283130645752,-4.382369041442871,1
Clemson_p051_c1_grm_std_uni,1,7.518868923187256,-5.194265365600586,1
Clemson_p051_c1_grm_std_uni,1,7.274039268493652,-5.63069486618042,1
Clemson_p051_c1_grm_std_uni,1,6.5630292892456055,-4.968579292297363,1
Clemson_p051_c1_grm_std_uni,1,6.525631904602051,-5.114638805389404,1
Clemson_p051_c1_grm_std_uni,1,6.738611221313477,-5.496761798858643,1
Clemson_p051_c1_grm_std_uni,1,7.44309663772583,-5.891992568969727,1
Clemson_p051_c1_grm_std_uni,1,7.268587589263916,-5.44968318939209,1
Clemson_p051_c1_grm_std_uni,1,7.049685478210449,-5.441392421722412,1
Clemson_p051_c1_grm_std_uni,1,7.042343616485596,-5.639921188354492,1
Clemson_p051_c1_grm_std_uni,1,6.761305809020996,-5.61497688293457,1
Clemson_p051_c1_grm_std_uni,1,6.307942867279053,-5.536871433258057,1
Clemson_p051_c1_grm_std_uni,1,6.2938923835754395,-5.549647808074951,1
Clemson_p051_c1_grm_std_uni,1,6.288365840911865,-5.493807792663574,1
Clemson_p051_c1_grm_std_uni,1,6.056151390075684,-5.256103038787842,1
Clemson_p051_c1_grm_std_uni,1,5.380547523498535,-4.60589075088501,1
Clemson_p051_c1_grm_std_uni,1,5.578485488891602,-4.398936748504639,1
Clemson_p051_c1_grm_std_uni,1,6.908369064331055,-5.237044811248779,1
Clemson_p051_c1_grm_std_uni,1,7.281715393066406,-5.564357280731201,1
Clemson_p051_c1_grm_std_uni,1,6.513983249664307,-4.1338396072387695,1
Clemson_p051_c1_grm_std_uni,1,6.283929824829102,-4.73992919921875,1
Clemson_p051_c1_grm_std_uni,1,5.826253414154053,-4.504533767700195,1
Clemson_p051_c1_grm_std_uni,1,5.773448467254639,-4.890768527984619,1
Clemson_p051_c1_grm_std_uni,1,6.5013017654418945,-5.677314758300781,1
Clemson_p051_c1_grm_std_uni,1,7.628803730010986,-6.761239051818848,1
Clemson_p051_c1_grm_std_uni,1,7.425220966339111,-6.850890636444092,1
Clemson_p051_c1_grm_std_uni,1,6.9875712394714355,-6.835125923156738,1
Clemson_p051_c1_grm_std_uni,1,5.935204982757568,-5.895090579986572,1
Clemson_p051_c1_grm_std_uni,1,6.171162128448486,-6.134199142456055,1
Clemson_p051_c1_grm_std_uni,1,5.001870155334473,-4.720464706420898,1
Clemson_p051_c1_grm_std_uni,1,4.426511287689209,-3.4890148639678955,1
Clemson_p051_c1_grm_std_uni,1,6.924583435058594,-5.875979423522949,1
Clemson_p051_c1_grm_std_uni,1,7.1708292961120605,-6.3636322021484375,1
Clemson_p051_c1_grm_std_uni,1,6.575858116149902,-6.008566856384277,1
Clemson_p051_c1_grm_std_uni,1,5.0325026512146,-4.743655204772949,1
Clemson_p051_c1_grm_std_uni,1,5.193658351898193,-4.463390827178955,1
Clemson_p051_c1_grm_std_uni,1,5.753731727600098,-4.8043012619018555,1
Clemson_p051_c1_grm_std_uni,1,5.313640117645264,-4.686295032501221,1
Clemson_p051_c1_grm_std_uni,1,5.260312557220459,-5.0134172439575195,1
Clemson_p051_c1_grm_std_uni,1,5.15128755569458,-5.091607570648193,1
Clemson_p051_c1_grm_std_uni,1,4.506575107574463,-4.5433197021484375,1
Clemson_p051_c1_grm_std_uni,1,2.6936593055725098,-2.741974115371704,1
Clemson_p051_c1_grm_std_uni,1,2.1370043754577637,-0.8403248190879822,1
Clemson_p051_c1_grm_std_uni,1,4.082860946655273,-2.3130102157592773,1
Clemson_p051_c1_grm_std_uni,1,6.005539894104004,-4.147406101226807,1
Clemson_p051_c1_grm_std_uni,1,6.845879554748535,-5.086174011230469,1
Clemson_p051_c1_grm_std_uni,1,6.691226482391357,-4.984025955200195,1
Clemson_p051_c1_grm_std_uni,1,6.798370838165283,-5.254976749420166,1
Clemson_p051_c1_grm_std_uni,1,7.014301776885986,-5.550755500793457,1
Clemson_p051_c1_grm_std_uni,1,6.847360610961914,-5.394972801208496,1
Clemson_p051_c1_grm_std_uni,1,6.5400261878967285,-5.06193208694458,1
Clemson_p051_c1_grm_std_uni,1,6.497650146484375,-4.994864463806152,1
Clemson_p051_c1_grm_std_uni,1,6.507283687591553,-5.0737762451171875,1
Clemson_p051_c1_grm_std_uni,1,6.546677112579346,-5.112488269805908,1
Clemson_p051_c1_grm_std_uni,1,6.658637523651123,-5.225240230560303,1
Clemson_p051_c1_grm_std_uni,1,6.868453502655029,-5.403077602386475,1
Clemson_p051_c1_grm_std_uni,1,7.081746578216553,-5.505095958709717,1
Clemson_p051_c1_grm_std_uni,1,7.2496867179870605,-5.503936290740967,1
Clemson_p051_c1_grm_std_uni,1,6.954196453094482,-5.221538066864014,1
Clemson_p051_c1_grm_std_uni,1,7.00906229019165,-5.248617172241211,1
Clemson_p051_c1_grm_std_uni,1,6.880608558654785,-5.192574501037598,1
Clemson_p051_c1_grm_std_uni,1,6.754433631896973,-5.131619930267334,1
Clemson_p051_c1_grm_std_uni,1,6.752020359039307,-5.140542507171631,1
Clemson_p051_c1_grm_std_uni,1,6.7640604972839355,-5.144332408905029,1
Clemson_p051_c1_grm_std_uni,1,6.773266315460205,-5.231850624084473,1
Clemson_p051_c1_grm_std_uni,1,6.489222049713135,-5.2573676109313965,1
Clemson_p051_c1_grm_std_uni,1,5.611767768859863,-4.5012407302856445,1
Clemson_p051_c1_grm_std_uni,1,3.770150661468506,-1.8389989137649536,1
Clemson_p051_c1_grm_std_uni,1,3.6571402549743652,-1.9302451610565186,1
Clemson_p051_c1_grm_std_uni,1,4.9333906173706055,-3.767498731613159,1
Clemson_p051_c1_grm_std_uni,1,5.35200834274292,-3.6804311275482178,1
Clemson_p051_c1_grm_std_uni,1,5.59256649017334,-4.350236892700195,1
Clemson_p051_c1_grm_std_uni,1,6.205892562866211,-5.285162925720215,1
Clemson_p051_c1_grm_std_uni,1,5.998556613922119,-5.417232990264893,1
Clemson_p051_c1_grm_std_uni,1,5.515803337097168,-5.178769111633301,1
Clemson_p051_c1_grm_std_uni,1,5.261153221130371,-5.077515602111816,1
Clemson_p051_c1_grm_std_uni,1,5.131045341491699,-5.054291725158691,1
Clemson_p051_c1_grm_std_uni,1,4.9105119705200195,-4.8092041015625,1
Clemson_p051_c1_grm_std_uni,1,4.446523666381836,-4.259576320648193,1
Clemson_p051_c1_grm_std_uni,1,4.789465427398682,-4.684451103210449,1
Clemson_p051_c1_grm_std_uni,1,5.093427658081055,-5.039101600646973,1
Clemson_p051_c1_grm_std_uni,1,4.976889610290527,-4.761960506439209,1
Clemson_p051_c1_grm_std_uni,1,4.656416416168213,-4.469687461853027,1
Clemson_p051_c1_grm_std_uni,1,4.061826705932617,-4.151885509490967,1
Clemson_p051_c1_grm_std_uni,1,3.014350414276123,-3.517653703689575,1
Clemson_p051_c1_grm_std_uni,1,-1.0326472520828247,-0.2716841995716095,2
Clemson_p051_c1_grm_std_uni,1,-0.9420747756958008,1.6141115427017212,1
Clemson_p051_c1_grm_std_uni,1,2.4167068004608154,-1.295514702796936,1
Clemson_p051_c1_grm_std_uni,1,4.662083625793457,-3.486159086227417,1
Clemson_p051_c1_grm_std_uni,1,5.199373245239258,-3.9775664806365967,1
Clemson_p051_c1_grm_std_uni,1,5.4457688331604,-4.002809524536133,1
Clemson_p051_c1_grm_std_uni,1,5.742260456085205,-4.309532165527344,1
Clemson_p051_c1_grm_std_uni,1,5.947143077850342,-4.254083633422852,1
Clemson_p051_c1_grm_std_uni,1,6.610909461975098,-4.5040202140808105,1
Clemson_p051_c1_grm_std_uni,1,6.686861038208008,-5.257293224334717,1
Clemson_p051_c1_grm_std_uni,1,6.579680442810059,-5.531631946563721,1
Clemson_p051_c1_grm_std_uni,1,6.629654407501221,-5.721969127655029,1
Clemson_p051_c1_grm_std_uni,1,6.850861549377441,-5.825897693634033,1
Clemson_p051_c1_grm_std_uni,1,7.10640811920166,-5.8890790939331055,1
Clemson_p051_c1_grm_std_uni,1,7.315056800842285,-5.913668632507324,1
Clemson_p051_c1_grm_std_uni,1,7.409189701080322,-5.872244358062744,1
Clemson_p051_c1_grm_std_uni,1,7.444648742675781,-5.786906719207764,1
Clemson_p051_c1_grm_std_uni,1,7.527100563049316,-5.772294044494629,1
Clemson_p051_c1_grm_std_uni,1,7.53060245513916,-5.763969421386719,1
Clemson_p051_c1_grm_std_uni,1,7.473382472991943,-5.713171005249023,1
Clemson_p051_c1_grm_std_uni,1,7.361249923706055,-5.628306865692139,1
Clemson_p051_c1_grm_std_uni,1,7.273087024688721,-5.54723596572876,1
Clemson_p051_c1_grm_std_uni,1,7.17862606048584,-5.411330699920654,1
Clemson_p051_c1_grm_std_uni,1,7.254781723022461,-5.44573974609375,1
Clemson_p051_c1_grm_std_uni,1,7.2484564781188965,-5.391507625579834,1
Clemson_p051_c1_grm_std_uni,1,7.294599533081055,-5.413261413574219,1
Clemson_p051_c1_grm_std_uni,1,7.1855387687683105,-5.335931301116943,1
Clemson_p051_c1_grm_std_uni,1,7.096189975738525,-5.2665324211120605,1
Clemson_p051_c1_grm_std_uni,1,7.126145362854004,-5.225780010223389,1
Clemson_p051_c1_grm_std_uni,1,6.404958248138428,-4.6598639488220215,1
Clemson_p051_c1_grm_std_uni,1,6.085641860961914,-4.560154438018799,1
Clemson_p051_c1_grm_std_uni,1,5.743725776672363,-4.3766889572143555,1
Clemson_p051_c1_grm_std_uni,1,3.0029654502868652,-2.2874412536621094,1
Clemson_p051_c1_grm_std_uni,1,0.8920620083808899,-0.00523848133161664,1
Clemson_p051_c1_grm_std_uni,1,4.355271816253662,-2.616755962371826,1
Clemson_p051_c1_grm_std_uni,1,6.743509769439697,-5.3654608726501465,1
Clemson_p051_c1_grm_std_uni,1,7.036528587341309,-6.11998987197876,1
Clemson_p051_c1_grm_std_uni,1,8.046148300170898,-6.746222019195557,1
Clemson_p051_c1_grm_std_uni,1,8.426140785217285,-6.680475234985352,1
Clemson_p051_c1_grm_std_uni,1,8.508975982666016,-6.2950310707092285,1
Clemson_p051_c1_grm_std_uni,1,7.9040117263793945,-5.534762859344482,1
Clemson_p051_c1_grm_std_uni,1,7.586911201477051,-5.557066917419434,1
Clemson_p051_c1_grm_std_uni,1,7.593456745147705,-5.760550022125244,1
Clemson_p051_c1_grm_std_uni,1,7.269807815551758,-5.217355251312256,1
Clemson_p051_c1_grm_std_uni,1,7.472458362579346,-5.390322208404541,1
Clemson_p051_c1_grm_std_uni,1,7.9578351974487305,-6.304429531097412,1
Clemson_p051_c1_grm_std_uni,1,7.41135835647583,-6.007695198059082,1
Clemson_p051_c1_grm_std_uni,1,6.985626220703125,-5.644223213195801,1
Clemson_p051_c1_grm_std_uni,1,6.692098617553711,-5.342741012573242,1
Clemson_p051_c1_grm_std_uni,1,6.6827921867370605,-5.636932849884033,1
Clemson_p051_c1_grm_std_uni,1,6.4643707275390625,-5.729806423187256,1
Clemson_p051_c1_grm_std_uni,1,5.915670871734619,-5.077712535858154,1
Clemson_p051_c1_grm_std_uni,1,5.311558723449707,-4.351301670074463,1
Clemson_p051_c1_grm_std_uni,1,6.995152950286865,-5.658392906188965,1
Clemson_p051_c1_grm_std_uni,1,7.469370365142822,-6.008277893066406,1
Clemson_p051_c1_grm_std_uni,1,6.94273042678833,-5.596131801605225,1
Clemson_p051_c1_grm_std_uni,1,6.883249759674072,-5.646736145019531,1
Clemson_p051_c1_grm_std_uni,1,6.623800754547119,-5.6686787605285645,1
Clemson_p051_c1_grm_std_uni,1,6.804505348205566,-6.049863815307617,1
Clemson_p051_c1_grm_std_uni,1,6.525669574737549,-6.003503322601318,1
Clemson_p051_c1_grm_std_uni,1,6.471140384674072,-5.906163215637207,1
Clemson_p051_c1_grm_std_uni,1,6.101339817047119,-5.385217666625977,1
Clemson_p051_c1_grm_std_uni,1,5.984132766723633,-5.164730548858643,1
Clemson_p051_c1_grm_std_uni,1,6.179357051849365,-5.537399768829346,1
Clemson_p051_c1_grm_std_uni,1,6.070703029632568,-5.745261192321777,1
Clemson_p051_c1_grm_std_uni,1,5.645112037658691,-5.701940536499023,1
Clemson_p051_c1_grm_std_uni,1,5.5470452308654785,-5.749930381774902,1
Clemson_p051_c1_grm_std_uni,1,5.29836893081665,-5.31056547164917,1
Clemson_p051_c1_grm_std_uni,1,4.030716419219971,-4.0725226402282715,1
Clemson_p051_c1_grm_std_uni,1,3.7407965660095215,-3.3788039684295654,1
Clemson_p051_c1_grm_std_uni,1,4.658593654632568,-4.308027744293213,1
Clemson_p051_c1_grm_std_uni,1,5.682225704193115,-5.604079246520996,1
Clemson_p051_c1_grm_std_uni,1,5.883185863494873,-6.18241024017334,1
Clemson_p051_c1_grm_std_uni,1,6.154216289520264,-6.08560848236084,1
Clemson_p051_c1_grm_std_uni,1,5.215765476226807,-5.213900089263916,1
Clemson_p051_c1_grm_std_uni,1,5.2764716148376465,-5.145011901855469,1
Clemson_p051_c1_grm_std_uni,1,5.975790023803711,-5.733718395233154,1
Clemson_p051_c1_grm_std_uni,1,5.7558698654174805,-5.426772594451904,1
Clemson_p051_c1_grm_std_uni,1,5.5590972900390625,-5.203352928161621,1
Clemson_p051_c1_grm_std_uni,1,5.959444999694824,-5.518910884857178,1
Clemson_p051_c1_grm_std_uni,1,6.351525783538818,-5.536923885345459,1
Clemson_p051_c1_grm_std_uni,1,6.456966876983643,-5.368090629577637,1
Clemson_p051_c1_grm_std_uni,1,6.770331382751465,-4.842994213104248,1
Clemson_p051_c1_grm_std_uni,1,6.914080619812012,-4.115870475769043,1
Clemson_p051_c1_grm_std_uni,1,5.966170310974121,-3.3943161964416504,1
Clemson_p051_c1_grm_std_uni,1,6.315674781799316,-3.974609851837158,1
Clemson_p051_c1_grm_std_uni,1,7.606468677520752,-5.62726354598999,1
Clemson_p051_c1_grm_std_uni,1,7.529413223266602,-5.895363807678223,1
Clemson_p051_c1_grm_std_uni,1,6.9347405433654785,-5.911802291870117,1
Clemson_p051_c1_grm_std_uni,1,6.685822486877441,-5.862236022949219,1
Clemson_p051_c1_grm_std_uni,1,6.749423027038574,-5.787406921386719,1
Clemson_p051_c1_grm_std_uni,1,6.790426731109619,-5.645941734313965,1
Clemson_p051_c1_grm_std_uni,1,7.046860694885254,-5.631495475769043,1
Clemson_p051_c1_grm_std_uni,1,7.278852939605713,-5.5662736892700195,1
Clemson_p051_c1_grm_std_uni,1,7.272429466247559,-5.414697647094727,1
Clemson_p051_c1_grm_std_uni,1,7.209780693054199,-5.376792907714844,1
Clemson_p051_c1_grm_std_uni,1,7.108981132507324,-5.372874736785889,1
Clemson_p051_c1_grm_std_uni,1,6.983563423156738,-5.435806751251221,1
Clemson_p051_c1_grm_std_uni,1,6.783141136169434,-5.424737453460693,1
Clemson_p051_c1_grm_std_uni,1,6.557436466217041,-5.252686500549316,1
Clemson_p051_c1_grm_std_uni,1,6.108734607696533,-4.947325229644775,1
Clemson_p051_c1_grm_std_uni,1,5.936739444732666,-4.823919773101807,1
Clemson_p051_c1_grm_std_uni,1,4.954248428344727,-4.005105495452881,1
Clemson_p051_c1_grm_std_uni,1,5.200270175933838,-3.69446063041687,1
Clemson_p051_c1_grm_std_uni,1,6.656569957733154,-4.997532844543457,1
Clemson_p051_c1_grm_std_uni,1,7.30925178527832,-5.595666408538818,1
Clemson_p051_c1_grm_std_uni,1,6.215651988983154,-4.703415393829346,1
Clemson_p051_c1_grm_std_uni,1,5.597535610198975,-4.409466743469238,1
Clemson_p051_c1_grm_std_uni,1,6.409968852996826,-5.283235549926758,1
Clemson_p051_c1_grm_std_uni,1,6.926828384399414,-5.735640525817871,1
Clemson_p051_c1_grm_std_uni,1,6.7953691482543945,-5.892467975616455,1
Clemson_p051_c1_grm_std_uni,1,6.510851860046387,-5.763991832733154,1
Clemson_p051_c1_grm_std_uni,1,6.130795955657959,-5.460936546325684,1
Clemson_p051_c1_grm_std_uni,1,6.18815803527832,-5.486841678619385,1
Clemson_p051_c1_grm_std_uni,1,5.886017322540283,-5.25601053237915,1
Clemson_p051_c1_grm_std_uni,1,5.508092403411865,-4.928217887878418,1
Clemson_p051_c1_grm_std_uni,1,5.799412250518799,-4.959445476531982,1
Clemson_p051_c1_grm_std_uni,1,5.807335376739502,-4.91763973236084,1
Clemson_p051_c1_grm_std_uni,1,5.667901039123535,-4.857104301452637,1
Clemson_p051_c1_grm_std_uni,1,5.728449821472168,-4.916425704956055,1
Clemson_p051_c1_grm_std_uni,1,5.620299339294434,-4.867581367492676,1
Clemson_p051_c1_grm_std_uni,1,5.575297832489014,-4.873589515686035,1
Clemson_p051_c1_grm_std_uni,1,5.6229777336120605,-4.888857841491699,1
Clemson_p051_c1_grm_std_uni,1,5.69771671295166,-4.867940425872803,1
Clemson_p051_c1_grm_std_uni,1,5.789220809936523,-4.8551344871521,1
Clemson_p051_c1_grm_std_uni,1,5.838150978088379,-4.820816993713379,1
Clemson_p051_c1_grm_std_uni,1,5.862249374389648,-4.781959056854248,1
Clemson_p051_c1_grm_std_uni,1,5.806931018829346,-4.730460166931152,1
Clemson_p051_c1_grm_std_uni,1,5.722047805786133,-4.695258617401123,1
Clemson_p051_c1_grm_std_uni,1,5.634103298187256,-4.675317764282227,1
Clemson_p051_c1_grm_std_uni,1,5.5958356857299805,-4.69065523147583,1
Clemson_p051_c1_grm_std_uni,1,5.57200813293457,-4.7044782638549805,1
Clemson_p051_c1_grm_std_uni,1,5.541965007781982,-4.699746131896973,1
Clemson_p051_c1_grm_std_uni,1,5.5035505294799805,-4.672153949737549,1
Clemson_p051_c1_grm_std_uni,1,5.464095115661621,-4.639073848724365,1
Clemson_p051_c1_grm_std_uni,1,5.418425559997559,-4.608770370483398,1
Clemson_p051_c1_grm_std_uni,1,5.353308200836182,-4.579051494598389,1
Clemson_p051_c1_grm_std_uni,1,5.336678504943848,-4.580509662628174,1
Clemson_p051_c1_grm_std_uni,1,5.259637832641602,-4.535676956176758,1
Clemson_p051_c1_grm_std_uni,1,5.237786769866943,-4.5215935707092285,1
Clemson_p051_c1_grm_std_uni,1,5.193511486053467,-4.485140323638916,1
Clemson_p051_c1_grm_std_uni,1,5.127167701721191,-4.4422125816345215,1
Clemson_p051_c1_grm_std_uni,1,5.0478291511535645,-4.406423568725586,1
Clemson_p051_c1_grm_std_uni,1,5.024833679199219,-4.418981075286865,1
Clemson_p051_c1_grm_std_uni,1,4.982137680053711,-4.4117560386657715,1
Clemson_p051_c1_grm_std_uni,1,4.986562728881836,-4.431248188018799,1
Clemson_p051_c1_grm_std_uni,1,4.992039203643799,-4.442098617553711,1
Clemson_p051_c1_grm_std_uni,1,5.029684543609619,-4.4722580909729,1
Clemson_p051_c1_grm_std_uni,1,5.037294387817383,-4.473230361938477,1
Clemson_p051_c1_grm_std_uni,1,5.02224063873291,-4.460513591766357,1
Clemson_p051_c1_grm_std_uni,1,4.967710494995117,-4.438807010650635,1
Clemson_p051_c1_grm_std_uni,1,4.9360198974609375,-4.443606376647949,1
Clemson_p051_c1_grm_std_uni,1,4.92735481262207,-4.4511237144470215,1
Clemson_p051_c1_grm_std_uni,1,4.89247989654541,-4.422085762023926,1
Clemson_p051_c1_grm_std_uni,1,4.851600646972656,-4.3865180015563965,1
Clemson_p051_c1_grm_std_uni,1,4.832745552062988,-4.374393939971924,1
Clemson_p051_c1_grm_std_uni,1,4.79595422744751,-4.357012748718262,1
Clemson_p051_c1_grm_std_uni,1,4.77692985534668,-4.362707614898682,1
Clemson_p051_c1_grm_std_uni,1,4.76432991027832,-4.369780540466309,1
Clemson_p051_c1_grm_std_uni,1,4.742330551147461,-4.364209175109863,1
Clemson_p051_c1_grm_std_uni,1,4.7225799560546875,-4.344086647033691,1
Clemson_p051_c1_grm_std_uni,1,4.716323375701904,-4.33490514755249,1
Clemson_p051_c1_grm_std_uni,1,4.685815811157227,-4.317740440368652,1
Clemson_p051_c1_grm_std_uni,1,4.649729251861572,-4.309204578399658,1
Clemson_p051_c1_grm_std_uni,1,4.638732433319092,-4.311134338378906,1
Clemson_p051_c1_grm_std_uni,1,4.585123062133789,-4.291113376617432,1
Clemson_p051_c1_grm_std_uni,1,4.55738639831543,-4.307413578033447,1
Clemson_p051_c1_grm_std_uni,1,4.676512718200684,-4.45889139175415,1
Clemson_p051_c1_grm_std_uni,1,4.82432746887207,-4.657839775085449,1
Clemson_p051_c1_grm_std_uni,1,4.761492729187012,-4.663512229919434,1
Clemson_p051_c1_grm_std_uni,1,4.441990852355957,-4.4658379554748535,1
Clemson_p051_c1_grm_std_uni,1,2.5928876399993896,-2.8700244426727295,1
Clemson_p051_c1_grm_std_uni,1,1.711396336555481,-0.9777370691299438,1
Clemson_p051_c1_grm_std_uni,1,3.2959372997283936,-2.3685929775238037,1
Clemson_p051_c1_grm_std_uni,1,5.670038223266602,-4.00089168548584,1
Clemson_p051_c1_grm_std_uni,1,7.172474384307861,-5.769930839538574,1
Clemson_p051_c1_grm_std_uni,1,6.665356636047363,-6.087122440338135,1
Clemson_p051_c1_grm_std_uni,1,6.174235820770264,-6.000603675842285,1
Clemson_p051_c1_grm_std_uni,1,5.865074157714844,-5.76438570022583,1
Clemson_p051_c1_grm_std_uni,1,5.711095333099365,-5.666481971740723,1
Clemson_p051_c1_grm_std_uni,1,5.676255226135254,-5.632219314575195,1
Clemson_p051_c1_grm_std_uni,1,5.629500865936279,-5.5430073738098145,1
Clemson_p051_c1_grm_std_uni,1,5.5771074295043945,-5.462900638580322,1
Clemson_p051_c1_grm_std_uni,1,5.507287979125977,-5.3751749992370605,1
Clemson_p051_c1_grm_std_uni,1,5.412878513336182,-5.270249366760254,1
Clemson_p051_c1_grm_std_uni,1,5.332779407501221,-5.1599321365356445,1
Clemson_p051_c1_grm_std_uni,1,5.211905479431152,-5.038671016693115,1
Clemson_p051_c1_grm_std_uni,1,5.1263017654418945,-4.973170757293701,1
Clemson_p051_c1_grm_std_uni,1,5.019540786743164,-4.905653476715088,1
Clemson_p051_c1_grm_std_uni,1,4.951613426208496,-4.856053829193115,1
Clemson_p051_c1_grm_std_uni,1,4.9003214836120605,-4.799112796783447,1
Clemson_p051_c1_grm_std_uni,1,4.875247001647949,-4.7401323318481445,1
Clemson_p051_c1_grm_std_uni,1,4.823245048522949,-4.644140243530273,1
Clemson_p051_c1_grm_std_uni,1,4.742663860321045,-4.549196243286133,1
Clemson_p051_c1_grm_std_uni,1,4.679196834564209,-4.501338005065918,1
Clemson_p051_c1_grm_std_uni,1,4.6530351638793945,-4.497085094451904,1
Clemson_p051_c1_grm_std_uni,1,4.653661251068115,-4.507781982421875,1
Clemson_p051_c1_grm_std_uni,1,4.620272159576416,-4.473956108093262,1
Clemson_p051_c1_grm_std_uni,1,4.579775333404541,-4.431615829467773,1
Clemson_p051_c1_grm_std_uni,1,4.541891098022461,-4.402276992797852,1
Clemson_p051_c1_grm_std_uni,1,4.554287910461426,-4.412190914154053,1
Clemson_p051_c1_grm_std_uni,1,4.549230575561523,-4.405158519744873,1
Clemson_p051_c1_grm_std_uni,1,4.538977146148682,-4.377359390258789,1
Clemson_p051_c1_grm_std_uni,1,4.503234386444092,-4.321051120758057,1
Clemson_p051_c1_grm_std_uni,1,4.419336795806885,-4.258856773376465,1
Clemson_p051_c1_grm_std_uni,1,4.398276329040527,-4.259353160858154,1
Clemson_p051_c1_grm_std_uni,1,4.386072635650635,-4.2584123611450195,1
Clemson_p051_c1_grm_std_uni,1,4.3895978927612305,-4.271575927734375,1
Clemson_p051_c1_grm_std_uni,1,4.352040767669678,-4.2461748123168945,1
Clemson_p051_c1_grm_std_uni,1,4.3396315574646,-4.257594585418701,1
Clemson_p051_c1_grm_std_uni,1,4.381845474243164,-4.305200099945068,1
Clemson_p051_c1_grm_std_uni,1,4.4222822189331055,-4.339333534240723,1
Clemson_p051_c1_grm_std_uni,1,4.46853494644165,-4.354391098022461,1
Clemson_p051_c1_grm_std_uni,1,4.49779748916626,-4.362164497375488,1
Clemson_p051_c1_grm_std_uni,1,4.492842197418213,-4.348508834838867,1
Clemson_p051_c1_grm_std_uni,1,4.452254772186279,-4.264058589935303,1
Clemson_p051_c1_grm_std_uni,1,4.0301313400268555,-3.7699191570281982,1
Clemson_p051_c1_grm_std_uni,1,3.1589560508728027,-2.927952766418457,1
Clemson_p051_c1_grm_std_uni,1,3.2675442695617676,-2.8228843212127686,1
Clemson_p051_c1_grm_std_uni,1,4.277680397033691,-3.7088253498077393,1
Clemson_p051_c1_grm_std_uni,1,4.631843566894531,-4.190878391265869,1
Clemson_p051_c1_grm_std_uni,1,4.636108875274658,-4.378872871398926,1
Clemson_p051_c1_grm_std_uni,1,4.727418899536133,-4.4799113273620605,1
Clemson_p051_c1_grm_std_uni,1,4.798861026763916,-4.520447254180908,1
Clemson_p051_c1_grm_std_uni,1,4.8317036628723145,-4.504698276519775,1
Clemson_p051_c1_grm_std_uni,1,4.8212761878967285,-4.485556602478027,1
Clemson_p051_c1_grm_std_uni,1,4.806070327758789,-4.482439041137695,1
Clemson_p051_c1_grm_std_uni,1,4.8049397468566895,-4.498803615570068,1
Clemson_p051_c1_grm_std_uni,1,4.7951860427856445,-4.507236957550049,1
Clemson_p051_c1_grm_std_uni,1,4.783308029174805,-4.5091166496276855,1
Clemson_p051_c1_grm_std_uni,1,4.7843732833862305,-4.507876396179199,1
Clemson_p051_c1_grm_std_uni,1,4.772114276885986,-4.483370780944824,1
Clemson_p051_c1_grm_std_uni,1,4.735179424285889,-4.444985866546631,1
Clemson_p051_c1_grm_std_uni,1,4.735407829284668,-4.459155082702637,1
Clemson_p051_c1_grm_std_uni,1,4.724100589752197,-4.470789909362793,1
Clemson_p051_c1_grm_std_uni,1,4.730877876281738,-4.4910688400268555,1
Clemson_p051_c1_grm_std_uni,1,4.765741348266602,-4.51307487487793,1
Clemson_p051_c1_grm_std_uni,1,4.760788917541504,-4.498457908630371,1
Clemson_p051_c1_grm_std_uni,1,4.774344444274902,-4.493368625640869,1
Clemson_p051_c1_grm_std_uni,1,4.80997896194458,-4.500222206115723,1
Clemson_p051_c1_grm_std_uni,1,4.809113502502441,-4.492033958435059,1
Clemson_p051_c1_grm_std_uni,1,4.825516223907471,-4.501010417938232,1
Clemson_p051_c1_grm_std_uni,1,4.793049335479736,-4.476573467254639,1
Clemson_p051_c1_grm_std_uni,1,4.770012855529785,-4.464658737182617,1
Clemson_p051_c1_grm_std_uni,1,4.747900009155273,-4.457245349884033,1
Clemson_p051_c1_grm_std_uni,1,4.745656490325928,-4.468222618103027,1
Clemson_p051_c1_grm_std_uni,1,4.727688789367676,-4.466004371643066,1
Clemson_p051_c1_grm_std_uni,1,4.749780654907227,-4.488466739654541,1
Clemson_p051_c1_grm_std_uni,1,4.733087062835693,-4.474155902862549,1
Clemson_p051_c1_grm_std_uni,1,4.73439359664917,-4.473592281341553,1
Clemson_p051_c1_grm_std_uni,1,4.737370014190674,-4.468122482299805,1
Clemson_p051_c1_grm_std_uni,1,4.7114410400390625,-4.446714401245117,1
Clemson_p051_c1_grm_std_uni,1,4.72977876663208,-4.463772296905518,1
Clemson_p051_c1_grm_std_uni,1,4.697248935699463,-4.444894313812256,1
Clemson_p051_c1_grm_std_uni,1,4.693562984466553,-4.448174476623535,1
Clemson_p051_c1_grm_std_uni,1,4.715773582458496,-4.461357593536377,1
Clemson_p051_c1_grm_std_uni,1,4.687098979949951,-4.431126594543457,1
Clemson_p051_c1_grm_std_uni,1,4.6688761711120605,-4.424975872039795,1
Clemson_p051_c1_grm_std_uni,1,4.679662227630615,-4.439305782318115,1
Clemson_p051_c1_grm_std_uni,1,4.679166793823242,-4.457034111022949,1
Clemson_p051_c1_grm_std_uni,1,4.695115566253662,-4.490122318267822,1
Clemson_p051_c1_grm_std_uni,1,4.722853660583496,-4.515923023223877,1
Clemson_p051_c1_grm_std_uni,1,4.700169086456299,-4.501794815063477,1
Clemson_p051_c1_grm_std_uni,1,4.48440408706665,-4.231359958648682,1
Clemson_p051_c1_grm_std_uni,1,3.814361810684204,-3.5683321952819824,1
Clemson_p051_c1_grm_std_uni,1,3.0884644985198975,-2.80759596824646,1
Clemson_p051_c1_grm_std_uni,1,3.7918221950531006,-3.2351841926574707,1
Clemson_p051_c1_grm_std_uni,1,4.780213832855225,-4.094122886657715,1
Clemson_p051_c1_grm_std_uni,1,4.852668285369873,-4.365823745727539,1
Clemson_p051_c1_grm_std_uni,1,4.849426746368408,-4.530466079711914,1
Clemson_p051_c1_grm_std_uni,1,4.882932662963867,-4.607190132141113,1
Clemson_p051_c1_grm_std_uni,1,4.853342533111572,-4.597106456756592,1
Clemson_p051_c1_grm_std_uni,1,4.817726135253906,-4.56401252746582,1
Clemson_p051_c1_grm_std_uni,1,4.833536624908447,-4.579164981842041,1
Clemson_p051_c1_grm_std_uni,1,4.80832052230835,-4.5551323890686035,1
Clemson_p051_c1_grm_std_uni,1,4.772815227508545,-4.541465759277344,1
Clemson_p051_c1_grm_std_uni,1,4.80626916885376,-4.569596290588379,1
Clemson_p051_c1_grm_std_uni,1,4.82316780090332,-4.580617427825928,1
Clemson_p051_c1_grm_std_uni,1,4.892438888549805,-4.627349376678467,1
Clemson_p051_c1_grm_std_uni,1,4.9227447509765625,-4.631963729858398,1
Clemson_p051_c1_grm_std_uni,1,4.923096656799316,-4.627025127410889,1
Clemson_p051_c1_grm_std_uni,1,4.953118324279785,-4.643066883087158,1
Clemson_p051_c1_grm_std_uni,1,4.978355884552002,-4.655045509338379,1
Clemson_p051_c1_grm_std_uni,1,4.970191478729248,-4.64088249206543,1
Clemson_p051_c1_grm_std_uni,1,4.93637228012085,-4.600239276885986,1
Clemson_p051_c1_grm_std_uni,1,4.893951416015625,-4.56886625289917,1
Clemson_p051_c1_grm_std_uni,1,4.9056830406188965,-4.582598686218262,1
Clemson_p051_c1_grm_std_uni,1,4.897013187408447,-4.581800937652588,1
Clemson_p051_c1_grm_std_uni,1,4.880133152008057,-4.561981201171875,1
Clemson_p051_c1_grm_std_uni,1,4.805876731872559,-4.488693714141846,1
Clemson_p051_c1_grm_std_uni,1,4.717794418334961,-4.4235734939575195,1
Clemson_p051_c1_grm_std_uni,1,4.714318752288818,-4.435269832611084,1
Clemson_p051_c1_grm_std_uni,1,4.750923156738281,-4.488853931427002,1
Clemson_p051_c1_grm_std_uni,1,4.786745071411133,-4.5417304039001465,1
Clemson_p051_c1_grm_std_uni,1,4.807290554046631,-4.555638790130615,1
Clemson_p051_c1_grm_std_uni,1,4.814842224121094,-4.533019542694092,1
Clemson_p051_c1_grm_std_uni,1,4.760533809661865,-4.468852519989014,1
Clemson_p051_c1_grm_std_uni,1,4.740655422210693,-4.4536848068237305,1
Clemson_p051_c1_grm_std_uni,1,4.755814552307129,-4.478911876678467,1
Clemson_p051_c1_grm_std_uni,1,4.7342705726623535,-4.4840826988220215,1
Clemson_p051_c1_grm_std_uni,1,4.729761600494385,-4.503712177276611,1
Clemson_p051_c1_grm_std_uni,1,4.767333030700684,-4.538794040679932,1
Clemson_p051_c1_grm_std_uni,1,4.759547710418701,-4.5232648849487305,1
Clemson_p051_c1_grm_std_uni,1,4.752652645111084,-4.509093284606934,1
Clemson_p051_c1_grm_std_uni,1,4.769776821136475,-4.538012504577637,1
Clemson_p051_c1_grm_std_uni,1,4.891519546508789,-4.68410587310791,1
Clemson_p051_c1_grm_std_uni,1,4.902859687805176,-4.726596355438232,1
Clemson_p051_c1_grm_std_uni,1,4.744225025177002,-4.555237770080566,1
Clemson_p051_c1_grm_std_uni,1,3.7337729930877686,-3.6499781608581543,1
Clemson_p051_c1_grm_std_uni,1,3.4303855895996094,-3.3416736125946045,1
Clemson_p051_c1_grm_std_uni,1,4.33828592300415,-4.189291477203369,1
Clemson_p051_c1_grm_std_uni,1,5.242661952972412,-5.292405128479004,1
Clemson_p051_c1_grm_std_uni,1,5.159238815307617,-5.396760940551758,1
Clemson_p051_c1_grm_std_uni,1,4.8735198974609375,-5.130772590637207,1
Clemson_p051_c1_grm_std_uni,1,2.715533494949341,-3.1843574047088623,1
Clemson_p051_c1_grm_std_uni,1,3.812413454055786,-2.06768798828125,1
Clemson_p051_c1_grm_std_uni,1,5.190710067749023,-3.315537452697754,1
Clemson_p051_c1_grm_std_uni,1,6.4184956550598145,-4.447244644165039,1
Clemson_p051_c1_grm_std_uni,1,6.766148090362549,-4.8621087074279785,1
Clemson_p051_c1_grm_std_uni,1,6.620604038238525,-6.163418769836426,1
Clemson_p051_c1_grm_std_uni,1,6.442982196807861,-6.30914306640625,1
Clemson_p051_c1_grm_std_uni,1,5.991425514221191,-5.958854675292969,1
Clemson_p051_c1_grm_std_uni,1,5.376389503479004,-5.56101655960083,1
Clemson_p051_c1_grm_std_uni,1,3.639970064163208,-4.079690933227539,1
Clemson_p051_c1_grm_std_uni,1,3.1269993782043457,-2.6836600303649902,1
Clemson_p051_c1_grm_std_uni,1,3.2867279052734375,-2.523163318634033,1
Clemson_p051_c1_grm_std_uni,1,4.064034938812256,-3.3653314113616943,1
Clemson_p051_c1_grm_std_uni,1,4.6297221183776855,-4.068228244781494,1
Clemson_p051_c1_grm_std_uni,1,4.73773193359375,-4.189566135406494,1
Clemson_p051_c1_grm_std_uni,1,5.2468976974487305,-4.61607551574707,1
Clemson_p051_c1_grm_std_uni,1,5.720204830169678,-4.7700886726379395,1
Clemson_p051_c1_grm_std_uni,1,7.314913749694824,-5.564675331115723,1
Clemson_p051_c1_grm_std_uni,1,7.654463768005371,-5.923962116241455,1
Clemson_p051_c1_grm_std_uni,1,6.302185535430908,-5.378343105316162,1
Clemson_p051_c1_grm_std_uni,1,7.660849094390869,-6.548022747039795,1
Clemson_p051_c1_grm_std_uni,1,8.526446342468262,-7.742886543273926,1
Clemson_p051_c1_grm_std_uni,1,7.8920135498046875,-7.041451930999756,1
Clemson_p051_c1_grm_std_uni,1,6.082151889801025,-5.251273155212402,1
Clemson_p051_c1_grm_std_uni,1,3.7148282527923584,-4.045277118682861,1
Clemson_p051_c1_grm_std_uni,1,3.9403069019317627,-3.8416507244110107,1
Clemson_p051_c1_grm_std_uni,1,5.208058834075928,-5.2829413414001465,1
Clemson_p051_c1_grm_std_uni,1,6.790377140045166,-6.723267078399658,1
Clemson_p051_c1_grm_std_uni,1,7.180741786956787,-6.878477573394775,1
Clemson_p051_c1_grm_std_uni,1,7.304285526275635,-5.960516452789307,1
Clemson_p051_c1_grm_std_uni,1,8.11853313446045,-6.644653797149658,1
Clemson_p051_c1_grm_std_uni,1,8.167557716369629,-6.509482383728027,1
Clemson_p051_c1_grm_std_uni,1,8.009862899780273,-6.482784748077393,1
Clemson_p051_c1_grm_std_uni,1,7.606061935424805,-6.151772975921631,1
Clemson_p051_c1_grm_std_uni,1,7.816342353820801,-5.954079627990723,1
Clemson_p051_c1_grm_std_uni,1,8.660929679870605,-6.769571304321289,1
Clemson_p051_c1_grm_std_uni,1,8.547510147094727,-6.495513439178467,1
Clemson_p051_c1_grm_std_uni,1,7.959804058074951,-5.964974880218506,1
Clemson_p051_c1_grm_std_uni,1,7.243746280670166,-5.936012268066406,1
Clemson_p051_c1_grm_std_uni,1,5.386560440063477,-4.510962963104248,1
Clemson_p051_c1_grm_std_uni,1,4.129635334014893,-2.88535475730896,1
Clemson_p051_c1_grm_std_uni,1,4.0127787590026855,-3.1666784286499023,1
Clemson_p051_c1_grm_std_uni,1,6.028252124786377,-5.056595325469971,1
Clemson_p051_c1_grm_std_uni,1,6.92335319519043,-5.97780704498291,1
Clemson_p051_c1_grm_std_uni,1,7.587037563323975,-6.386346817016602,1
Clemson_p051_c1_grm_std_uni,1,7.671412944793701,-5.920298099517822,1
Clemson_p051_c1_grm_std_uni,1,7.804333686828613,-5.599039077758789,1
Clemson_p051_c1_grm_std_uni,1,7.073257923126221,-5.200296878814697,1
Clemson_p051_c1_grm_std_uni,1,6.942571640014648,-5.297875881195068,1
Clemson_p051_c1_grm_std_uni,1,7.225943088531494,-5.748640060424805,1
Clemson_p051_c1_grm_std_uni,1,7.1774582862854,-5.886594772338867,1
Clemson_p051_c1_grm_std_uni,1,6.857110023498535,-5.7915191650390625,1
Clemson_p051_c1_grm_std_uni,1,6.5445356369018555,-5.595458984375,1
Clemson_p051_c1_grm_std_uni,1,5.832343101501465,-4.823793411254883,1
Clemson_p051_c1_grm_std_uni,1,5.1514177322387695,-3.6334478855133057,1
Clemson_p051_c1_grm_std_uni,1,5.507436275482178,-4.469866752624512,1
Clemson_p051_c1_grm_std_uni,1,7.035109996795654,-6.431053638458252,1
Clemson_p051_c1_grm_std_uni,1,7.096734523773193,-6.694084644317627,1
Clemson_p051_c1_grm_std_uni,1,6.4922380447387695,-6.207098960876465,1
Clemson_p051_c1_grm_std_uni,1,6.116968631744385,-5.519784927368164,1
Clemson_p051_c1_grm_std_uni,1,5.686542987823486,-4.719512939453125,1
Clemson_p051_c1_grm_std_uni,1,5.72847318649292,-4.680245876312256,1
Clemson_p051_c1_grm_std_uni,1,6.34184455871582,-6.019935131072998,1
Clemson_p051_c1_grm_std_uni,1,7.087928295135498,-6.346370220184326,1
Clemson_p051_c1_grm_std_uni,1,5.667980670928955,-4.462568283081055,1
Clemson_p051_c1_grm_std_uni,1,5.3664937019348145,-3.812910795211792,1
Clemson_p051_c1_grm_std_uni,1,6.020464897155762,-4.81268310546875,1
Clemson_p051_c1_grm_std_uni,1,6.91055154800415,-6.263136863708496,1
Clemson_p051_c1_grm_std_uni,1,6.401564121246338,-6.331499099731445,1
Clemson_p051_c1_grm_std_uni,1,5.716128349304199,-5.977808475494385,1
Clemson_p051_c1_grm_std_uni,1,5.682185173034668,-5.863656520843506,1
Clemson_p051_c1_grm_std_uni,1,5.691404342651367,-5.821565628051758,1
Clemson_p051_c1_grm_std_uni,1,5.762182235717773,-5.809762001037598,1
Clemson_p051_c1_grm_std_uni,1,5.772576332092285,-5.719607830047607,1
Clemson_p051_c1_grm_std_uni,1,5.865361213684082,-5.687177658081055,1
Clemson_p051_c1_grm_std_uni,1,5.772122383117676,-5.647982120513916,1
Clemson_p051_c1_grm_std_uni,1,5.471540451049805,-5.356193542480469,1
Clemson_p051_c1_grm_std_uni,1,5.159951210021973,-4.816755294799805,1
Clemson_p051_c1_grm_std_uni,1,5.220252990722656,-4.462230205535889,1
Clemson_p051_c1_grm_std_uni,1,4.95295524597168,-4.241763591766357,1
Clemson_p051_c1_grm_std_uni,1,5.9255194664001465,-4.753972053527832,1
Clemson_p051_c1_grm_std_uni,1,6.432297229766846,-5.357126235961914,1
Clemson_p051_c1_grm_std_uni,1,6.270490646362305,-5.113596439361572,1
Clemson_p051_c1_grm_std_uni,1,6.389025688171387,-5.135595321655273,1
Clemson_p051_c1_grm_std_uni,1,6.429464817047119,-5.48202657699585,1
Clemson_p051_c1_grm_std_uni,1,6.371740341186523,-5.3473711013793945,1
Clemson_p051_c1_grm_std_uni,1,6.354529857635498,-6.0356574058532715,1
Clemson_p051_c1_grm_std_uni,1,6.238962650299072,-6.346122741699219,1
Clemson_p051_c1_grm_std_uni,1,5.796651363372803,-6.313330173492432,1
Clemson_p051_c1_grm_std_uni,1,5.152201175689697,-5.757846355438232,1
Clemson_p051_c1_grm_std_uni,1,3.911038398742676,-4.254635334014893,1
Clemson_p051_c1_grm_std_uni,1,1.7044677734375,-1.7555140256881714,1
Clemson_p051_c1_grm_std_uni,1,2.7592899799346924,-2.5647776126861572,1
Clemson_p051_c1_grm_std_uni,1,4.826098918914795,-4.712225437164307,1
Clemson_p051_c1_grm_std_uni,1,6.067347049713135,-6.624436855316162,1
Clemson_p051_c1_grm_std_uni,1,6.972557544708252,-7.2328290939331055,1
Clemson_p051_c1_grm_std_uni,1,7.22081995010376,-7.206014633178711,1
Clemson_p051_c1_grm_std_uni,1,8.091322898864746,-6.739216327667236,1
Clemson_p051_c1_grm_std_uni,1,8.562668800354004,-7.294815540313721,1
Clemson_p051_c1_grm_std_uni,1,8.196722030639648,-7.549828052520752,1
Clemson_p051_c1_grm_std_uni,1,6.834731578826904,-6.1541829109191895,1
Clemson_p051_c1_grm_std_uni,1,4.242578506469727,-2.646333932876587,1
Clemson_p051_c1_grm_std_uni,1,3.7888717651367188,-2.816791296005249,1
Clemson_p051_c1_grm_std_uni,1,5.640486717224121,-5.105078220367432,1
Clemson_p051_c1_grm_std_uni,1,6.416345596313477,-4.854278087615967,1
Clemson_p051_c1_grm_std_uni,1,6.902014255523682,-6.1693220138549805,1
Clemson_p051_c1_grm_std_uni,1,5.867012977600098,-6.428483009338379,1
Clemson_p051_c1_grm_std_uni,1,5.10059928894043,-5.8630218505859375,1
Clemson_p051_c1_grm_std_uni,1,4.919289588928223,-5.816237449645996,1
Clemson_p051_c1_grm_std_uni,1,4.838432312011719,-5.838837146759033,1
Clemson_p051_c1_grm_std_uni,1,4.757236003875732,-5.713284015655518,1
Clemson_p051_c1_grm_std_uni,1,4.8723859786987305,-5.746353626251221,1
Clemson_p051_c1_grm_std_uni,1,4.858829975128174,-5.711576461791992,1
Clemson_p051_c1_grm_std_uni,1,4.898616313934326,-5.64349889755249,1
Clemson_p051_c1_grm_std_uni,1,4.816068172454834,-5.463465213775635,1
Clemson_p051_c1_grm_std_uni,1,4.813844203948975,-5.37375020980835,1
Clemson_p051_c1_grm_std_uni,1,4.867895126342773,-5.461440563201904,1
Clemson_p051_c1_grm_std_uni,1,4.883229732513428,-5.428238391876221,1
Clemson_p051_c1_grm_std_uni,1,5.04139518737793,-5.451370716094971,1
Clemson_p051_c1_grm_std_uni,1,5.216146469116211,-5.519660472869873,1
Clemson_p051_c1_grm_std_uni,1,3.239900827407837,-3.0762290954589844,1
Clemson_p051_c1_grm_std_uni,1,2.7675559520721436,-1.7542054653167725,1
Clemson_p051_c1_grm_std_uni,1,3.9823219776153564,-3.4179728031158447,1
Clemson_p051_c1_grm_std_uni,1,6.09687614440918,-5.070920944213867,1
Clemson_p051_c1_grm_std_uni,1,6.902355670928955,-5.964556694030762,1
Clemson_p051_c1_grm_std_uni,1,8.01047134399414,-6.696178913116455,1
Clemson_p051_c1_grm_std_uni,1,8.31282901763916,-6.484961986541748,1
Clemson_p051_c1_grm_std_uni,1,7.833255290985107,-5.7254557609558105,1
Clemson_p051_c1_grm_std_uni,1,7.909569263458252,-5.77577543258667,1
Clemson_p051_c1_grm_std_uni,1,8.14797592163086,-6.320650100708008,1
Clemson_p051_c1_grm_std_uni,1,6.85713005065918,-5.592962741851807,1
Clemson_p051_c1_grm_std_uni,1,5.756409168243408,-4.746334552764893,1
Clemson_p051_c1_grm_std_uni,1,6.295427322387695,-5.489161491394043,1
Clemson_p051_c1_grm_std_uni,1,6.907655239105225,-6.233285903930664,1
Clemson_p051_c1_grm_std_uni,1,5.565195560455322,-4.482976913452148,1
Clemson_p051_c1_grm_std_uni,1,4.4685187339782715,-3.6192476749420166,1
Clemson_p051_c1_grm_std_uni,1,5.212916374206543,-4.41630220413208,1
Clemson_p051_c1_grm_std_uni,1,5.234069347381592,-4.481280326843262,1
Clemson_p051_c1_grm_std_uni,1,4.839125633239746,-4.136794567108154,1
Clemson_p051_c1_grm_std_uni,1,4.687695503234863,-4.180761814117432,1
Clemson_p051_c1_grm_std_uni,1,5.72370719909668,-5.455105781555176,1
Clemson_p051_c1_grm_std_uni,1,6.380234718322754,-5.885207176208496,1
Clemson_p051_c1_grm_std_uni,1,6.659976005554199,-5.606217861175537,1
Clemson_p051_c1_grm_std_uni,1,6.8116583824157715,-5.514708995819092,1
Clemson_p051_c1_grm_std_uni,1,7.113714218139648,-5.739656925201416,1
Clemson_p051_c1_grm_std_uni,1,7.683137893676758,-6.347941875457764,1
Clemson_p051_c1_grm_std_uni,1,7.139216899871826,-5.909502029418945,1
Clemson_p051_c1_grm_std_uni,1,7.2710676193237305,-5.932943344116211,1
Clemson_p051_c1_grm_std_uni,1,7.596241474151611,-6.208125114440918,1
Clemson_p051_c1_grm_std_uni,1,7.161338806152344,-6.269347190856934,1
Clemson_p051_c1_grm_std_uni,1,6.408358097076416,-6.040265083312988,1
Clemson_p051_c1_grm_std_uni,1,6.501349925994873,-6.4453654289245605,1
Clemson_p051_c1_grm_std_uni,1,5.972359657287598,-6.4028239250183105,1
Clemson_p051_c1_grm_std_uni,1,5.688423156738281,-5.973623275756836,1
Clemson_p051_c1_grm_std_uni,1,5.620107173919678,-5.6066131591796875,1
Clemson_p051_c1_grm_std_uni,1,6.280275344848633,-5.983155727386475,1
Clemson_p051_c1_grm_std_uni,1,4.88710355758667,-4.228584289550781,1
Clemson_p051_c1_grm_std_uni,1,4.66201639175415,-3.991663694381714,1
Clemson_p051_c1_grm_std_uni,1,6.574188709259033,-6.351828575134277,1
Clemson_p051_c1_grm_std_uni,1,6.564468860626221,-6.240257263183594,1
Clemson_p051_c1_grm_std_uni,1,5.7661919593811035,-5.828787803649902,1
Clemson_p051_c1_grm_std_uni,1,5.608046531677246,-5.944756984710693,1
Clemson_p051_c1_grm_std_uni,1,5.5541181564331055,-6.108316898345947,1
Clemson_p051_c1_grm_std_uni,1,5.5148024559021,-6.065699100494385,1
Clemson_p051_c1_grm_std_uni,1,5.294459819793701,-5.715714931488037,1
Clemson_p051_c1_grm_std_uni,1,5.218893051147461,-5.5425896644592285,1
Clemson_p051_c1_grm_std_uni,1,5.303178787231445,-5.505860805511475,1
Clemson_p051_c1_grm_std_uni,1,5.1374359130859375,-5.2293500900268555,1
Clemson_p051_c1_grm_std_uni,1,4.123504161834717,-4.142049312591553,1
Clemson_p051_c1_grm_std_uni,1,4.531797409057617,-4.40333366394043,1
Clemson_p051_c1_grm_std_uni,1,5.175808906555176,-4.9962873458862305,1
Clemson_p051_c1_grm_std_uni,1,4.9420485496521,-4.934423923492432,1
Clemson_p051_c1_grm_std_uni,1,4.936114311218262,-5.071022987365723,1
Clemson_p051_c1_grm_std_uni,1,4.594236850738525,-4.787608623504639,1
Clemson_p051_c1_grm_std_uni,1,4.629703044891357,-4.730044841766357,1
Clemson_p051_c1_grm_std_uni,1,3.667109966278076,-3.6627309322357178,1
Clemson_p051_c1_grm_std_uni,1,4.080598831176758,-3.7567245960235596,1
Clemson_p051_c1_grm_std_uni,1,4.570115089416504,-5.063208103179932,1
Clemson_p051_c1_grm_std_uni,1,5.6790618896484375,-6.159059047698975,1
Clemson_p051_c1_grm_std_uni,1,5.054429531097412,-5.074949741363525,1
Clemson_p051_c1_grm_std_uni,1,4.143364429473877,-4.026201248168945,1
Clemson_p051_c1_grm_std_uni,1,4.109269142150879,-4.263932704925537,1
Clemson_p051_c1_grm_std_uni,1,5.079617977142334,-5.596519947052002,1
Clemson_p051_c1_grm_std_uni,1,6.284994125366211,-6.339117050170898,1
Clemson_p051_c1_grm_std_uni,1,7.031240940093994,-6.622958660125732,1
Clemson_p051_c1_grm_std_uni,1,7.032509803771973,-5.968153476715088,1
Clemson_p051_c1_grm_std_uni,1,6.886382102966309,-6.062513828277588,1
Clemson_p051_c1_grm_std_uni,1,6.826745510101318,-6.141833782196045,1
Clemson_p051_c1_grm_std_uni,1,7.084915637969971,-6.627983093261719,1
Clemson_p051_c1_grm_std_uni,1,7.166452884674072,-6.462958335876465,1
Clemson_p051_c1_grm_std_uni,1,6.856744766235352,-5.810682773590088,1
Clemson_p051_c1_grm_std_uni,1,6.168543338775635,-4.693114280700684,1
Clemson_p051_c1_grm_std_uni,1,6.146945476531982,-4.706866264343262,1
Clemson_p051_c1_grm_std_uni,1,6.733373641967773,-5.468654155731201,1
Clemson_p051_c1_grm_std_uni,1,7.793517112731934,-5.881788730621338,1
Clemson_p051_c1_grm_std_uni,1,7.804172039031982,-5.571452617645264,1
Clemson_p051_c1_grm_std_uni,1,7.236580848693848,-5.1171135902404785,1
Clemson_p051_c1_grm_std_uni,1,7.6033148765563965,-5.93437385559082,1
Clemson_p051_c1_grm_std_uni,1,7.351622581481934,-6.357572078704834,1
Clemson_p051_c1_grm_std_uni,1,7.190419673919678,-6.281377792358398,1
Clemson_p051_c1_grm_std_uni,1,7.629652500152588,-6.412308692932129,1
Clemson_p051_c1_grm_std_uni,1,7.035420894622803,-6.2773332595825195,1
Clemson_p051_c1_grm_std_uni,1,6.168311595916748,-5.715222358703613,1
Clemson_p051_c1_grm_std_uni,1,5.373870372772217,-4.934689521789551,1
Clemson_p051_c1_grm_std_uni,1,4.4477386474609375,-3.455479145050049,1
Clemson_p051_c1_grm_std_uni,1,4.6980109214782715,-3.571469783782959,1
Clemson_p051_c1_grm_std_uni,1,4.853867053985596,-3.631943941116333,1
Clemson_p051_c1_grm_std_uni,1,5.675729751586914,-4.569941520690918,1
Clemson_p051_c1_grm_std_uni,1,5.701719760894775,-4.966110706329346,1
Clemson_p051_c1_grm_std_uni,1,4.9257426261901855,-4.586116313934326,1
Clemson_p051_c1_grm_std_uni,1,4.529449462890625,-4.224792957305908,1
Clemson_p051_c1_grm_std_uni,1,4.411890983581543,-3.910372257232666,1
Clemson_p051_c1_grm_std_uni,1,5.226334095001221,-4.720611095428467,1
Clemson_p051_c1_grm_std_uni,1,5.26211404800415,-4.974429607391357,1
Clemson_p051_c1_grm_std_uni,1,4.9147186279296875,-4.68826150894165,1
Clemson_p051_c1_grm_std_uni,1,3.4294321537017822,-2.8700239658355713,1
Clemson_p051_c1_grm_std_uni,1,4.339889049530029,-3.8832080364227295,1
Clemson_p051_c1_grm_std_uni,1,5.808588027954102,-5.50729513168335,1
Clemson_p051_c1_grm_std_uni,1,6.049361228942871,-6.207193851470947,1
Clemson_p051_c1_grm_std_uni,1,5.881661891937256,-6.049631118774414,1
Clemson_p051_c1_grm_std_uni,1,5.399483680725098,-5.256168842315674,1
Clemson_p051_c1_grm_std_uni,1,4.802615165710449,-4.523447036743164,1
Clemson_p051_c1_grm_std_uni,1,4.776937007904053,-4.420369625091553,1
Clemson_p051_c1_grm_std_uni,1,5.166801452636719,-4.625187873840332,1
Clemson_p051_c1_grm_std_uni,1,5.397346496582031,-5.010878562927246,1
Clemson_p051_c1_grm_std_uni,1,5.1533684730529785,-5.20894718170166,1
Clemson_p051_c1_grm_std_uni,1,4.926494121551514,-5.201387882232666,1
Clemson_p051_c1_grm_std_uni,1,4.961205959320068,-5.236364364624023,1
Clemson_p051_c1_grm_std_uni,1,4.82887601852417,-5.139638423919678,1
Clemson_p051_c1_grm_std_uni,1,4.761383056640625,-5.0074968338012695,1
Clemson_p051_c1_grm_std_uni,1,4.730772972106934,-4.856013298034668,1
Clemson_p051_c1_grm_std_uni,1,4.47827672958374,-4.662546634674072,1
Clemson_p051_c1_grm_std_uni,1,4.347845077514648,-4.614073276519775,1
Clemson_p051_c1_grm_std_uni,1,4.435962200164795,-4.6708526611328125,1
Clemson_p051_c1_grm_std_uni,1,4.633429527282715,-4.721278190612793,1
Clemson_p051_c1_grm_std_uni,1,4.669312953948975,-4.528636455535889,1
Clemson_p051_c1_grm_std_uni,1,4.235507965087891,-3.993903160095215,1
Clemson_p051_c1_grm_std_uni,1,3.383080244064331,-3.037454843521118,1
Clemson_p051_c1_grm_std_uni,1,4.10335636138916,-3.3619818687438965,1
Clemson_p051_c1_grm_std_uni,1,4.263047695159912,-3.509016990661621,1
Clemson_p051_c1_grm_std_uni,1,4.354665756225586,-3.7648696899414062,1
Clemson_p051_c1_grm_std_uni,1,4.4404497146606445,-4.017732620239258,1
Clemson_p051_c1_grm_std_uni,1,3.762799024581909,-3.3036651611328125,1
Clemson_p051_c1_grm_std_uni,1,4.209410190582275,-3.6683895587921143,1
Clemson_p051_c1_grm_std_uni,1,4.948034286499023,-4.450527667999268,1
Clemson_p051_c1_grm_std_uni,1,5.060240745544434,-4.557443141937256,1
Clemson_p051_c1_grm_std_uni,1,5.354957580566406,-4.676846504211426,1
Clemson_p051_c1_grm_std_uni,1,5.201066017150879,-4.422291278839111,1
Clemson_p051_c1_grm_std_uni,1,5.1174211502075195,-4.27972936630249,1
Clemson_p051_c1_grm_std_uni,1,4.934136390686035,-4.078322410583496,1
Clemson_p051_c1_grm_std_uni,1,4.918125629425049,-4.104883670806885,1
Clemson_p051_c1_grm_std_uni,1,4.875566005706787,-4.145930290222168,1
Clemson_p051_c1_grm_std_uni,1,4.735733985900879,-4.137840747833252,1
Clemson_p051_c1_grm_std_uni,1,4.758401870727539,-4.209300994873047,1
Clemson_p051_c1_grm_std_uni,1,4.763035297393799,-4.1926703453063965,1
Clemson_p051_c1_grm_std_uni,1,4.8205647468566895,-4.17307186126709,1
Clemson_p051_c1_grm_std_uni,1,4.823576927185059,-4.093951225280762,1
Clemson_p051_c1_grm_std_uni,1,4.581132888793945,-3.7729153633117676,1
Clemson_p051_c1_grm_std_uni,1,4.550431728363037,-3.635559558868408,1
Clemson_p051_c1_grm_std_uni,1,4.285919189453125,-3.400029420852661,1
Clemson_p051_c1_grm_std_uni,1,4.115943908691406,-3.3264358043670654,1
Clemson_p051_c1_grm_std_uni,1,4.401408672332764,-3.6271884441375732,1
Clemson_p051_c1_grm_std_uni,1,4.6061906814575195,-3.9602437019348145,1
Clemson_p051_c1_grm_std_uni,1,4.3152594566345215,-3.7447688579559326,1
Clemson_p051_c1_grm_std_uni,1,4.429165840148926,-3.96488356590271,1
Clemson_p051_c1_grm_std_uni,1,4.1528825759887695,-3.7144675254821777,1
Clemson_p051_c1_grm_std_uni,1,4.415251731872559,-3.8737523555755615,1
Clemson_p051_c1_grm_std_uni,1,4.521975994110107,-3.8651986122131348,1
Clemson_p051_c1_grm_std_uni,1,4.678469181060791,-3.840831756591797,1
Clemson_p051_c1_grm_std_uni,1,5.0940937995910645,-3.956390619277954,1
Clemson_p051_c1_grm_std_uni,1,5.25869607925415,-4.0392231941223145,1
Clemson_p051_c1_grm_std_uni,1,5.421382427215576,-4.173880577087402,1
Clemson_p051_c1_grm_std_uni,1,5.4582719802856445,-4.18073034286499,1
Clemson_p051_c1_grm_std_uni,1,5.4824910163879395,-4.195984363555908,1
Clemson_p051_c1_grm_std_uni,1,5.460185527801514,-4.12929105758667,1
Clemson_p051_c1_grm_std_uni,1,5.3998517990112305,-4.0688700675964355,1
Clemson_p051_c1_grm_std_uni,1,5.205327033996582,-3.8867461681365967,1
Clemson_p051_c1_grm_std_uni,1,4.95587682723999,-3.719102621078491,1
Clemson_p051_c1_grm_std_uni,1,4.958436965942383,-3.7468154430389404,1
Clemson_p051_c1_grm_std_uni,1,5.049072742462158,-3.991926431655884,1
Clemson_p051_c1_grm_std_uni,1,5.050042629241943,-4.143240928649902,1
Clemson_p051_c1_grm_std_uni,1,4.954546928405762,-4.139391899108887,1
Clemson_p051_c1_grm_std_uni,1,4.944179058074951,-4.086836338043213,1
Clemson_p051_c1_grm_std_uni,1,5.14675235748291,-4.230632781982422,1
Clemson_p051_c1_grm_std_uni,1,5.185575485229492,-4.183414936065674,1
Clemson_p051_c1_grm_std_uni,1,5.22548770904541,-4.169042110443115,1
Clemson_p051_c1_grm_std_uni,1,5.259328842163086,-4.168138027191162,1
Clemson_p051_c1_grm_std_uni,1,5.167206764221191,-4.078150272369385,1
Clemson_p051_c1_grm_std_uni,1,4.886258602142334,-3.816652774810791,1
Clemson_p051_c1_grm_std_uni,1,4.658510208129883,-3.590672016143799,1
Clemson_p051_c1_grm_std_uni,1,4.6205644607543945,-3.486830949783325,1
Clemson_p051_c1_grm_std_uni,1,4.847445964813232,-3.712888240814209,1
Clemson_p051_c1_grm_std_uni,1,5.1118974685668945,-3.896350622177124,1
Clemson_p051_c1_grm_std_uni,1,5.253147602081299,-3.9255239963531494,1
Clemson_p051_c1_grm_std_uni,1,5.528818607330322,-4.1102213859558105,1
Clemson_p051_c1_grm_std_uni,1,5.72784423828125,-4.243224620819092,1
Clemson_p051_c1_grm_std_uni,1,5.681906223297119,-4.285027503967285,1
Clemson_p051_c1_grm_std_uni,1,5.508992671966553,-4.193856239318848,1
Clemson_p051_c1_grm_std_uni,1,5.376819133758545,-4.172987461090088,1
Clemson_p051_c1_grm_std_uni,1,4.963946342468262,-3.891071319580078,1
Clemson_p051_c1_grm_std_uni,1,2.759117603302002,-1.9383659362792969,1
Clemson_p051_c1_grm_std_uni,1,2.1103615760803223,-1.088131308555603,1
Clemson_p051_c1_grm_std_uni,1,4.044559955596924,-2.9547135829925537,1
Clemson_p051_c1_grm_std_uni,1,6.257874965667725,-5.068944931030273,1
Clemson_p051_c1_grm_std_uni,1,6.889870643615723,-5.803905010223389,1
Clemson_p051_c1_grm_std_uni,1,6.894699573516846,-5.960502624511719,1
Clemson_p051_c1_grm_std_uni,1,6.689136981964111,-5.936502933502197,1
Clemson_p051_c1_grm_std_uni,1,6.582914352416992,-5.799133777618408,1
Clemson_p051_c1_grm_std_uni,1,6.529257297515869,-5.6753363609313965,1
Clemson_p051_c1_grm_std_uni,1,6.410085201263428,-5.594459056854248,1
Clemson_p051_c1_grm_std_uni,1,6.388445854187012,-5.613417148590088,1
Clemson_p051_c1_grm_std_uni,1,6.362658977508545,-5.618042469024658,1
Clemson_p051_c1_grm_std_uni,1,6.278639316558838,-5.584588527679443,1
Clemson_p051_c1_grm_std_uni,1,6.244284629821777,-5.555295944213867,1
Clemson_p051_c1_grm_std_uni,1,6.2105712890625,-5.507080554962158,1
Clemson_p051_c1_grm_std_uni,1,6.1399922370910645,-5.4259772300720215,1
Clemson_p051_c1_grm_std_uni,1,6.086069107055664,-5.354485034942627,1
Clemson_p051_c1_grm_std_uni,1,6.036142826080322,-5.340559482574463,1
Clemson_p051_c1_grm_std_uni,1,6.027724742889404,-5.3584394454956055,1
Clemson_p051_c1_grm_std_uni,1,5.957798957824707,-5.292221546173096,1
Clemson_p051_c1_grm_std_uni,1,5.904011249542236,-5.206517219543457,1
Clemson_p051_c1_grm_std_uni,1,5.869268417358398,-5.158576965332031,1
Clemson_p051_c1_grm_std_uni,1,5.854975700378418,-5.068150520324707,1
Clemson_p051_c1_grm_std_uni,1,5.792917251586914,-4.929716110229492,1
Clemson_p051_c1_grm_std_uni,1,5.955597400665283,-4.9216508865356445,1
Clemson_p051_c1_grm_std_uni,1,5.944457054138184,-4.822803020477295,1
Clemson_p051_c1_grm_std_uni,1,5.768215656280518,-4.633952617645264,1
Clemson_p051_c1_grm_std_uni,1,5.506478786468506,-4.407649040222168,1
Clemson_p051_c1_grm_std_uni,1,5.192481517791748,-4.14779806137085,1
Clemson_p051_c1_grm_std_uni,1,5.364907264709473,-4.294374465942383,1
Clemson_p051_c1_grm_std_uni,1,5.219444274902344,-4.303709506988525,1
Clemson_p051_c1_grm_std_uni,1,5.044338703155518,-4.305729866027832,1
Clemson_p051_c1_grm_std_uni,1,5.02651834487915,-4.230705738067627,1
Clemson_p051_c1_grm_std_uni,1,4.904499530792236,-3.9981319904327393,1
Clemson_p051_c1_grm_std_uni,1,5.022588729858398,-3.9848482608795166,1
Clemson_p051_c1_grm_std_uni,1,5.180577278137207,-4.112720012664795,1
Clemson_p051_c1_grm_std_uni,1,5.245516300201416,-4.304239273071289,1
Clemson_p051_c1_grm_std_uni,1,5.046797275543213,-4.166468143463135,1
Clemson_p051_c1_grm_std_uni,1,4.520391941070557,-3.7236075401306152,1
Clemson_p051_c1_grm_std_uni,1,4.180877685546875,-3.3883302211761475,1
Clemson_p051_c1_grm_std_uni,1,4.562304973602295,-3.765223264694214,1
Clemson_p051_c1_grm_std_uni,1,4.793177604675293,-3.997232675552368,1
Clemson_p051_c1_grm_std_uni,1,4.728240013122559,-3.997898817062378,1
Clemson_p051_c1_grm_std_uni,1,4.673492908477783,-3.9443511962890625,1
Clemson_p051_c1_grm_std_uni,1,4.658505439758301,-3.762532949447632,1
Clemson_p051_c1_grm_std_uni,1,4.717551231384277,-3.6270337104797363,1
Clemson_p051_c1_grm_std_uni,1,4.695408344268799,-3.718529224395752,1
Clemson_p051_c1_grm_std_uni,1,4.504125595092773,-3.7687292098999023,1
Clemson_p051_c1_grm_std_uni,1,4.265645980834961,-3.7077577114105225,1
Clemson_p051_c1_grm_std_uni,1,4.1980462074279785,-3.6836678981781006,1
Clemson_p051_c1_grm_std_uni,1,4.376124858856201,-3.8664143085479736,1
Clemson_p051_c1_grm_std_uni,1,4.406516075134277,-3.9789373874664307,1
Clemson_p051_c1_grm_std_uni,1,4.600841045379639,-4.186315536499023,1
Clemson_p051_c1_grm_std_uni,1,4.57141637802124,-4.217596530914307,1
Clemson_p051_c1_grm_std_uni,1,4.56325101852417,-4.242021560668945,1
Clemson_p051_c1_grm_std_uni,1,4.492068767547607,-4.166141033172607,1
Clemson_p051_c1_grm_std_uni,1,4.644608497619629,-4.254072666168213,1
Clemson_p051_c1_grm_std_uni,1,4.5614824295043945,-4.249197006225586,1
Clemson_p051_c1_grm_std_uni,1,4.187262058258057,-3.7879977226257324,1
Clemson_p051_c1_grm_std_uni,1,4.006006240844727,-3.4046871662139893,1
Clemson_p051_c1_grm_std_uni,1,3.014730930328369,-2.6923773288726807,1
Clemson_p051_c1_grm_std_uni,1,3.9023704528808594,-3.056621551513672,1
Clemson_p051_c1_grm_std_uni,1,5.115609169006348,-4.691534996032715,1
Clemson_p051_c1_grm_std_uni,1,4.77337646484375,-5.2124786376953125,1
Clemson_p051_c1_grm_std_uni,1,4.133586883544922,-4.501629829406738,1
Clemson_p051_c1_grm_std_uni,1,4.218338489532471,-4.076596260070801,1
Clemson_p051_c1_grm_std_uni,1,4.353936195373535,-3.916140556335449,1
Clemson_p051_c1_grm_std_uni,1,4.707391738891602,-3.9015746116638184,1
Clemson_p051_c1_grm_std_uni,1,4.590659141540527,-3.5573015213012695,1
Clemson_p051_c1_grm_std_uni,1,4.4920735359191895,-3.41721510887146,1
Clemson_p051_c1_grm_std_uni,1,4.574169635772705,-3.2596356868743896,1
Clemson_p051_c1_grm_std_uni,1,4.678804397583008,-3.5014545917510986,1
Clemson_p051_c1_grm_std_uni,1,4.672037601470947,-3.6370339393615723,1
Clemson_p051_c1_grm_std_uni,1,4.711593151092529,-3.9267780780792236,1
Clemson_p051_c1_grm_std_uni,1,5.087947368621826,-4.388746738433838,1
Clemson_p051_c1_grm_std_uni,1,5.258450984954834,-4.404510498046875,1
Clemson_p051_c1_grm_std_uni,1,5.030981540679932,-4.050061225891113,1
Clemson_p051_c1_grm_std_uni,1,4.994923114776611,-4.135977268218994,1
Clemson_p051_c1_grm_std_uni,1,4.41671085357666,-3.9227514266967773,1
Clemson_p051_c1_grm_std_uni,1,4.2668304443359375,-3.881513833999634,1
Clemson_p051_c1_grm_std_uni,1,3.658313512802124,-2.6871278285980225,1
Clemson_p051_c1_grm_std_uni,1,4.7732367515563965,-3.685539484024048,1
Clemson_p051_c1_grm_std_uni,1,5.627549171447754,-4.9871602058410645,1
Clemson_p051_c1_grm_std_uni,1,6.447299480438232,-5.832523822784424,1
Clemson_p051_c1_grm_std_uni,1,6.481325149536133,-5.673647403717041,1
Clemson_p051_c1_grm_std_uni,1,6.275284767150879,-5.70897912979126,1
Clemson_p051_c1_grm_std_uni,1,6.24619722366333,-5.8548197746276855,1
Clemson_p051_c1_grm_std_uni,1,6.3424248695373535,-5.927845478057861,1
Clemson_p051_c1_grm_std_uni,1,6.9757466316223145,-6.519244194030762,1
Clemson_p051_c1_grm_std_uni,1,6.726768970489502,-6.323122978210449,1
Clemson_p051_c1_grm_std_uni,1,6.698824882507324,-6.21272611618042,1
Clemson_p051_c1_grm_std_uni,1,6.192349433898926,-5.922791481018066,1
Clemson_p051_c1_grm_std_uni,1,6.023085117340088,-5.7809600830078125,1
Clemson_p051_c1_grm_std_uni,1,5.1636738777160645,-5.199304580688477,1
Clemson_p051_c1_grm_std_uni,1,4.079056739807129,-4.287997245788574,1
Clemson_p051_c1_grm_std_uni,1,3.2440521717071533,-3.2923760414123535,1
Clemson_p051_c1_grm_std_uni,1,4.224053859710693,-3.7899067401885986,1
Clemson_p051_c1_grm_std_uni,1,5.245173931121826,-4.449642658233643,1
Clemson_p051_c1_grm_std_uni,1,6.98386287689209,-5.683736801147461,1
Clemson_p051_c1_grm_std_uni,1,6.196754455566406,-5.05778694152832,1
Clemson_p051_c1_grm_std_uni,1,6.544491767883301,-5.319080829620361,1
Clemson_p051_c1_grm_std_uni,1,6.583014488220215,-5.6519389152526855,1
Clemson_p051_c1_grm_std_uni,1,5.9516754150390625,-5.5298943519592285,1
Clemson_p051_c1_grm_std_uni,1,5.2842912673950195,-5.193525314331055,1
Clemson_p051_c1_grm_std_uni,1,5.26905632019043,-5.05371618270874,1
Clemson_p051_c1_grm_std_uni,1,4.933815956115723,-4.576659679412842,1
Clemson_p051_c1_grm_std_uni,1,5.005406856536865,-4.305832862854004,1
Clemson_p051_c1_grm_std_uni,1,5.217768669128418,-4.338708877563477,1
Clemson_p051_c1_grm_std_uni,1,4.672623634338379,-4.126399517059326,1
Clemson_p051_c1_grm_std_uni,1,5.074124813079834,-4.712237358093262,1
Clemson_p051_c1_grm_std_uni,1,5.218348979949951,-5.067696571350098,1
Clemson_p051_c1_grm_std_uni,1,5.212616443634033,-5.100585460662842,1
Clemson_p051_c1_grm_std_uni,1,5.376534938812256,-5.17465877532959,1
Clemson_p051_c1_grm_std_uni,1,5.282103538513184,-5.09782075881958,1
Clemson_p051_c1_grm_std_uni,1,5.22681188583374,-5.028867244720459,1
Clemson_p051_c1_grm_std_uni,1,5.236311435699463,-4.996193885803223,1
Clemson_p051_c1_grm_std_uni,1,5.2672624588012695,-4.9858880043029785,1
Clemson_p051_c1_grm_std_uni,1,5.2566819190979,-4.907760143280029,1
Clemson_p051_c1_grm_std_uni,1,5.356131076812744,-4.87148904800415,1
Clemson_p051_c1_grm_std_uni,1,5.415680885314941,-4.789902687072754,1
Clemson_p051_c1_grm_std_uni,1,5.3648681640625,-4.598128795623779,1
Clemson_p051_c1_grm_std_uni,1,4.477966785430908,-3.7234907150268555,1
Clemson_p051_c1_grm_std_uni,1,3.089127540588379,-2.4385063648223877,1
Clemson_p051_c1_grm_std_uni,1,3.8181092739105225,-2.7512686252593994,1
Clemson_p051_c1_grm_std_uni,1,4.475491523742676,-3.377429246902466,1
Clemson_p051_c1_grm_std_uni,1,5.349113464355469,-4.152742862701416,1
Clemson_p051_c1_grm_std_uni,1,5.523452281951904,-4.315642356872559,1
Clemson_p051_c1_grm_std_uni,1,6.278534889221191,-5.1822919845581055,1
Clemson_p051_c1_grm_std_uni,1,6.466337203979492,-5.241155624389648,1
Clemson_p051_c1_grm_std_uni,1,6.09510612487793,-4.852541446685791,1
Clemson_p051_c1_grm_std_uni,1,5.861318111419678,-4.938399314880371,1
Clemson_p051_c1_grm_std_uni,1,4.925931453704834,-4.434427261352539,1
Clemson_p051_c1_grm_std_uni,1,4.768491744995117,-4.3412346839904785,1
Clemson_p051_c1_grm_std_uni,1,5.134391784667969,-4.756498336791992,1
Clemson_p051_c1_grm_std_uni,1,5.177723407745361,-4.893073558807373,1
Clemson_p051_c1_grm_std_uni,1,5.140349864959717,-4.910863399505615,1
Clemson_p051_c1_grm_std_uni,1,5.362210750579834,-5.214104175567627,1
Clemson_p051_c1_grm_std_uni,1,5.465152263641357,-5.371026992797852,1
Clemson_p051_c1_grm_std_uni,1,5.460856914520264,-5.363941669464111,1
Clemson_p051_c1_grm_std_uni,1,5.492405891418457,-5.325047969818115,1
Clemson_p051_c1_grm_std_uni,1,5.468935489654541,-5.216282367706299,1
Clemson_p051_c1_grm_std_uni,1,5.541132926940918,-5.170161724090576,1
Clemson_p051_c1_grm_std_uni,1,5.5557026863098145,-5.037314414978027,1
Clemson_p051_c1_grm_std_uni,1,5.675123691558838,-4.8968305587768555,1
Clemson_p051_c1_grm_std_uni,1,5.722379207611084,-4.72412633895874,1
Clemson_p051_c1_grm_std_uni,1,5.659759521484375,-4.43073844909668,1
Clemson_p051_c1_grm_std_uni,1,5.638733386993408,-4.305219650268555,1
Clemson_p051_c1_grm_std_uni,1,5.675631046295166,-4.329782009124756,1
Clemson_p051_c1_grm_std_uni,1,5.7042765617370605,-4.423079490661621,1
Clemson_p051_c1_grm_std_uni,1,5.491217136383057,-4.3486175537109375,1
Clemson_p051_c1_grm_std_uni,1,5.874902248382568,-4.680083751678467,1
Clemson_p051_c1_grm_std_uni,1,6.015189170837402,-4.885192394256592,1
Clemson_p051_c1_grm_std_uni,1,5.419439315795898,-4.42990779876709,1
Clemson_p051_c1_grm_std_uni,1,5.060911178588867,-4.154382705688477,1
Clemson_p051_c1_grm_std_uni,1,4.719207763671875,-4.082880020141602,1
Clemson_p051_c1_grm_std_uni,1,5.346220016479492,-4.975341320037842,1
Clemson_p051_c1_grm_std_uni,1,5.432139873504639,-5.174880027770996,1
Clemson_p051_c1_grm_std_uni,1,5.995843410491943,-5.527594089508057,1
Clemson_p051_c1_grm_std_uni,1,5.831148624420166,-5.15952205657959,1
Clemson_p051_c1_grm_std_uni,1,5.574422359466553,-4.59283971786499,1
Clemson_p051_c1_grm_std_uni,1,3.8689143657684326,-3.441399574279785,1
Clemson_p051_c1_grm_std_uni,1,3.1240012645721436,-3.120607852935791,1
Clemson_p051_c1_grm_std_uni,1,4.43515682220459,-4.87493371963501,1
Clemson_p051_c1_grm_std_uni,1,4.644106864929199,-5.363894462585449,1
Clemson_p051_c1_grm_std_uni,1,4.212790012359619,-4.886086940765381,1
Clemson_p051_c1_grm_std_uni,1,4.048234462738037,-4.590201377868652,1
Clemson_p051_c1_grm_std_uni,1,2.829024076461792,-3.859781503677368,1
Clemson_p051_c1_grm_std_uni,1,1.0108054876327515,-2.676602840423584,1
Clemson_p051_c1_grm_std_uni,1,1.3945070505142212,-1.6955960988998413,1
Clemson_p051_c1_grm_std_uni,1,3.740863800048828,-4.3413190841674805,1
Clemson_p051_c1_grm_std_uni,1,5.494548320770264,-5.9705986976623535,1
Clemson_p051_c1_grm_std_uni,1,6.863472938537598,-6.729238033294678,1
Clemson_p051_c1_grm_std_uni,1,7.298880100250244,-6.517626762390137,1
Clemson_p051_c1_grm_std_uni,1,7.869336128234863,-6.421866416931152,1
Clemson_p051_c1_grm_std_uni,1,7.979227066040039,-6.560210704803467,1
Clemson_p051_c1_grm_std_uni,1,8.37891674041748,-6.489129066467285,1
Clemson_p051_c1_grm_std_uni,1,8.616272926330566,-6.590002059936523,1
Clemson_p051_c1_grm_std_uni,1,7.776590824127197,-6.816322326660156,1
Clemson_p051_c1_grm_std_uni,1,6.730615139007568,-6.509978771209717,1
Clemson_p051_c1_grm_std_uni,1,5.405881404876709,-5.093233585357666,1
Clemson_p051_c1_grm_std_uni,1,1.5031664371490479,-1.8847781419754028,1
Clemson_p051_c1_grm_std_uni,1,2.7321739196777344,-2.3857057094573975,1
Clemson_p051_c1_grm_std_uni,1,5.827956676483154,-5.477493762969971,1
Clemson_p051_c1_grm_std_uni,1,6.404858112335205,-6.3983378410339355,1
Clemson_p051_c1_grm_std_uni,1,6.80582332611084,-6.7094879150390625,1
Clemson_p051_c1_grm_std_uni,1,7.4084672927856445,-6.445344924926758,1
Clemson_p051_c1_grm_std_uni,1,8.145490646362305,-7.192953109741211,1
Clemson_p051_c1_grm_std_uni,1,8.262910842895508,-7.1754913330078125,1
Clemson_p051_c1_grm_std_uni,1,7.1562371253967285,-6.237374782562256,1
Clemson_p051_c1_grm_std_uni,1,6.937163829803467,-6.301986217498779,1
Clemson_p051_c1_grm_std_uni,1,7.168997287750244,-6.448507785797119,1
Clemson_p051_c1_grm_std_uni,1,7.191827297210693,-6.295904159545898,1
Clemson_p051_c1_grm_std_uni,1,6.65408992767334,-5.734166145324707,1
Clemson_p051_c1_grm_std_uni,1,5.622390270233154,-4.932396411895752,1
Clemson_p051_c1_grm_std_uni,1,5.988654136657715,-5.266295909881592,1
Clemson_p051_c1_grm_std_uni,1,6.747915267944336,-5.771392345428467,1
Clemson_p051_c1_grm_std_uni,1,7.720700740814209,-6.310365200042725,1
Clemson_p051_c1_grm_std_uni,1,7.663254737854004,-6.006165981292725,1
Clemson_p051_c1_grm_std_uni,1,7.417619228363037,-5.930631160736084,1
Clemson_p051_c1_grm_std_uni,1,6.413518905639648,-5.4823126792907715,1
Clemson_p051_c1_grm_std_uni,1,5.945311546325684,-5.331672668457031,1
Clemson_p051_c1_grm_std_uni,1,5.938853740692139,-5.349616527557373,1
Clemson_p051_c1_grm_std_uni,1,5.774105548858643,-5.354186058044434,1
Clemson_p051_c1_grm_std_uni,1,6.529477119445801,-5.834592342376709,1
Clemson_p051_c1_grm_std_uni,1,7.0026631355285645,-5.940727710723877,1
Clemson_p051_c1_grm_std_uni,1,7.338458061218262,-6.040360927581787,1
Clemson_p051_c1_grm_std_uni,1,7.393941402435303,-5.859226703643799,1
Clemson_p051_c1_grm_std_uni,1,7.4760355949401855,-5.7828874588012695,1
Clemson_p051_c1_grm_std_uni,1,6.57284688949585,-5.466496467590332,1
Clemson_p051_c1_grm_std_uni,1,5.5895586013793945,-5.144998550415039,1
Clemson_p051_c1_grm_std_uni,2,5.215090274810791,-4.60331392288208,1
Clemson_p051_c1_grm_std_uni,2,4.722855091094971,-4.975088119506836,1
Clemson_p051_c1_grm_std_uni,2,4.405637264251709,-5.179172039031982,1
Clemson_p051_c1_grm_std_uni,2,4.368066787719727,-5.328116416931152,1
Clemson_p051_c1_grm_std_uni,2,4.340304374694824,-5.344382286071777,1
Clemson_p051_c1_grm_std_uni,2,3.6358730792999268,-4.762892246246338,1
Clemson_p051_c1_grm_std_uni,2,1.48357093334198,-2.842971086502075,1
Clemson_p051_c1_grm_std_uni,2,-2.2115373611450195,2.4833390712738037,2
Clemson_p051_c1_grm_std_uni,2,1.121975064277649,0.26838797330856323,1
Clemson_p051_c1_grm_std_uni,2,5.352068901062012,-4.413604736328125,1
Clemson_p051_c1_grm_std_uni,2,6.109386920928955,-5.332156181335449,1
Clemson_p051_c1_grm_std_uni,2,6.75414514541626,-5.985403537750244,1
Clemson_p051_c1_grm_std_uni,2,6.814700603485107,-5.547326564788818,1
Clemson_p051_c1_grm_std_uni,2,6.2458906173706055,-5.808787822723389,1
Clemson_p051_c1_grm_std_uni,1,6.909639358520508,-6.3766045570373535,1
Clemson_p051_c1_grm_std_uni,1,6.400522708892822,-5.610286235809326,1
Clemson_p051_c1_grm_std_uni,1,5.076941967010498,-3.6870336532592773,1
Clemson_p051_c1_grm_std_uni,1,5.348971843719482,-4.388335704803467,1
Clemson_p051_c1_grm_std_uni,1,5.321152687072754,-4.547391414642334,1
Clemson_p051_c1_grm_std_uni,1,4.936437606811523,-4.325927257537842,1
Clemson_p051_c1_grm_std_uni,1,4.9610981941223145,-4.936735153198242,1
Clemson_p051_c1_grm_std_uni,1,6.491706848144531,-6.077546119689941,1
Clemson_p051_c1_grm_std_uni,1,7.166476726531982,-6.434703350067139,1
Clemson_p051_c1_grm_std_uni,1,6.57652473449707,-5.861661434173584,1
Clemson_p051_c1_grm_std_uni,1,6.265166759490967,-5.692598819732666,1
Clemson_p051_c1_grm_std_uni,1,5.9279303550720215,-5.476350784301758,1
Clemson_p051_c1_grm_std_uni,1,6.68494176864624,-6.0399041175842285,1
Clemson_p051_c1_grm_std_uni,1,6.28527307510376,-5.6916046142578125,1
Clemson_p051_c1_grm_std_uni,1,5.580843925476074,-5.215131759643555,1
Clemson_p051_c1_grm_std_uni,1,5.234160423278809,-5.147510051727295,1
Clemson_p051_c1_grm_std_uni,1,5.490848064422607,-5.555419921875,1
Clemson_p051_c1_grm_std_uni,1,5.986259460449219,-5.780983924865723,1
Clemson_p051_c1_grm_std_uni,1,6.210928440093994,-5.619375228881836,1
Clemson_p051_c1_grm_std_uni,1,6.142395973205566,-5.534216403961182,1
Clemson_p051_c1_grm_std_uni,1,6.5335164070129395,-6.241727828979492,1
Clemson_p051_c1_grm_std_uni,1,7.586907863616943,-6.942806720733643,1
Clemson_p051_c1_grm_std_uni,1,7.494999408721924,-6.461369514465332,1
Clemson_p051_c1_grm_std_uni,1,6.4748616218566895,-5.7098870277404785,1
Clemson_p051_c1_grm_std_uni,1,6.713623046875,-5.950124263763428,1
Clemson_p051_c1_grm_std_uni,1,6.686233997344971,-6.034988880157471,1
Clemson_p051_c1_grm_std_uni,1,6.392487049102783,-6.042222023010254,1
Clemson_p051_c1_grm_std_uni,1,6.370889663696289,-5.881237506866455,1
Clemson_p051_c1_grm_std_uni,1,6.901094436645508,-5.705203056335449,1
Clemson_p051_c1_grm_std_uni,1,7.145030498504639,-5.79181432723999,1
Clemson_p051_c1_grm_std_uni,1,7.0040283203125,-6.37190580368042,1
Clemson_p051_c1_grm_std_uni,1,6.657104015350342,-6.514617443084717,1
Clemson_p051_c1_grm_std_uni,2,6.365903854370117,-6.3274431228637695,1
Clemson_p051_c1_grm_std_uni,2,6.038361072540283,-6.155331611633301,1
Clemson_p051_c1_grm_std_uni,2,5.503560543060303,-6.249140739440918,1
Clemson_p051_c1_grm_std_uni,2,5.44445276260376,-6.148409843444824,1
Clemson_p051_c1_grm_std_uni,2,5.337691783905029,-6.111246109008789,1
Clemson_p051_c1_grm_std_uni,2,5.121700763702393,-6.064291000366211,1
Clemson_p051_c1_grm_std_uni,2,4.98060941696167,-5.819265365600586,1
Clemson_p051_c1_grm_std_uni,2,4.889322280883789,-5.538924217224121,1
Clemson_p051_c1_grm_std_uni,2,4.949060916900635,-5.381406784057617,1
Clemson_p051_c1_grm_std_uni,2,4.915448188781738,-5.184018611907959,1
Clemson_p051_c1_grm_std_uni,2,4.625093460083008,-4.908934116363525,1
Clemson_p051_c1_grm_std_uni,2,0.41433700919151306,-1.781278371810913,1
Clemson_p051_c1_grm_std_uni,2,-0.2831750810146332,0.7825204133987427,2
Clemson_p051_c1_grm_std_uni,2,4.480667591094971,-3.244239568710327,1
Clemson_p051_c1_grm_std_uni,2,6.05676794052124,-5.834799289703369,1
Clemson_p051_c1_grm_std_uni,2,6.833902835845947,-6.579585075378418,1
Clemson_p051_c1_grm_std_uni,2,7.588290691375732,-6.943606376647949,1
Clemson_p051_c1_grm_std_uni,2,7.923964977264404,-6.9879231452941895,1
Clemson_p051_c1_grm_std_uni,1,7.466867446899414,-6.434938907623291,1
Clemson_p051_c1_grm_std_uni,1,7.705054759979248,-6.193698406219482,1
Clemson_p051_c1_grm_std_uni,1,8.548238754272461,-6.554311752319336,1
Clemson_p051_c1_grm_std_uni,1,8.834701538085938,-6.9126152992248535,1
Clemson_p051_c1_grm_std_uni,1,7.038228988647461,-5.64063835144043,1
Clemson_p051_c1_grm_std_uni,1,6.658594608306885,-5.594956398010254,1
Clemson_p051_c1_grm_std_uni,1,6.566475868225098,-6.1076979637146,1
Clemson_p051_c1_grm_std_uni,1,6.3915605545043945,-5.935949325561523,1
Clemson_p051_c1_grm_std_uni,1,5.942275047302246,-5.526520729064941,1
Clemson_p051_c1_grm_std_uni,1,5.632575511932373,-5.369082450866699,1
Clemson_p051_c1_grm_std_uni,1,6.200673580169678,-5.75355339050293,1
Clemson_p051_c1_grm_std_uni,1,6.08345890045166,-5.734297752380371,1
Clemson_p051_c1_grm_std_uni,1,6.641657829284668,-5.916983604431152,1
Clemson_p051_c1_grm_std_uni,1,7.002875328063965,-5.815476894378662,1
Clemson_p051_c1_grm_std_uni,1,7.063135623931885,-5.375372409820557,1
Clemson_p051_c1_grm_std_uni,1,6.917479991912842,-4.993949890136719,1
Clemson_p051_c1_grm_std_uni,1,5.394593238830566,-4.376429557800293,1
Clemson_p051_c1_grm_std_uni,1,2.6194913387298584,-2.391339063644409,1
Clemson_p051_c1_grm_std_uni,1,2.1661503314971924,-1.495906114578247,1
Clemson_p051_c1_grm_std_uni,1,3.7591779232025146,-2.054131507873535,1
Clemson_p051_c1_grm_std_uni,1,6.070195198059082,-4.488014221191406,1
Clemson_p051_c1_grm_std_uni,1,7.2487311363220215,-6.048228740692139,1
Clemson_p051_c1_grm_std_uni,1,7.756577968597412,-6.34588623046875,1
Clemson_p051_c1_grm_std_uni,1,7.8059611320495605,-6.221404552459717,1
Clemson_p051_c1_grm_std_uni,1,7.3729143142700195,-5.595778942108154,1
Clemson_p051_c1_grm_std_uni,1,7.164191246032715,-5.823732852935791,1
Clemson_p051_c1_grm_std_uni,1,6.872109413146973,-5.883871555328369,1
Clemson_p051_c1_grm_std_uni,1,6.688492774963379,-5.900923252105713,1
Clemson_p051_c1_grm_std_uni,1,6.394587516784668,-5.783973217010498,1
Clemson_p051_c1_grm_std_uni,1,5.287536144256592,-4.9860358238220215,1
Clemson_p051_c1_grm_std_uni,1,4.640398979187012,-3.6761770248413086,1
Clemson_p051_c1_grm_std_uni,1,5.187351703643799,-3.4166502952575684,1
Clemson_p051_c1_grm_std_uni,1,7.123049259185791,-5.3371357917785645,1
Clemson_p051_c1_grm_std_uni,1,7.586985111236572,-6.0704851150512695,1
Clemson_p051_c1_grm_std_uni,1,7.733151912689209,-6.650798320770264,1
Clemson_p051_c1_grm_std_uni,1,7.480774402618408,-6.693538188934326,1
Clemson_p051_c1_grm_std_uni,1,7.37446403503418,-6.433097839355469,1
Clemson_p051_c1_grm_std_uni,1,7.189927101135254,-6.177940368652344,1
Clemson_p051_c1_grm_std_uni,1,7.230280876159668,-6.148734092712402,1
Clemson_p051_c1_grm_std_uni,1,6.935356616973877,-6.047749042510986,1
Clemson_p051_c1_grm_std_uni,1,6.455683708190918,-5.759289741516113,1
Clemson_p051_c1_grm_std_uni,1,6.8707990646362305,-5.977105617523193,1
Clemson_p051_c1_grm_std_uni,1,6.306966781616211,-5.844183921813965,1
Clemson_p051_c1_grm_std_uni,1,6.731222629547119,-6.10816764831543,1
Clemson_p051_c1_grm_std_uni,1,6.543320655822754,-6.002540588378906,1
Clemson_p051_c1_grm_std_uni,1,5.234374046325684,-5.344490051269531,1
Clemson_p051_c1_grm_std_uni,1,6.099987506866455,-5.814840316772461,1
Clemson_p051_c1_grm_std_uni,1,5.752578258514404,-5.746387958526611,1
Clemson_p051_c1_grm_std_uni,1,6.172735691070557,-6.144662380218506,1
Clemson_p051_c1_grm_std_uni,1,6.393516540527344,-6.336062431335449,1
Clemson_p051_c1_grm_std_uni,1,6.382376670837402,-6.082966327667236,1
Clemson_p051_c1_grm_std_uni,1,6.294009208679199,-5.541075229644775,1
Clemson_p051_c1_grm_std_uni,1,6.523021221160889,-5.558627128601074,1
Clemson_p051_c1_grm_std_uni,1,6.567183017730713,-5.646162986755371,1
Clemson_p051_c1_grm_std_uni,1,6.4033989906311035,-5.6256842613220215,1
Clemson_p051_c1_grm_std_uni,1,5.762446880340576,-5.213632106781006,1
Clemson_p051_c1_grm_std_uni,1,4.940066814422607,-4.499181270599365,1
Clemson_p051_c1_grm_std_uni,1,4.316000461578369,-3.8520376682281494,1
Clemson_p051_c1_grm_std_uni,1,3.9092257022857666,-3.5654683113098145,1
Clemson_p051_c1_grm_std_uni,1,2.117255449295044,-2.1374857425689697,1
Clemson_p051_c1_grm_std_uni,1,2.0138919353485107,-0.8687147498130798,1
Clemson_p051_c1_grm_std_uni,1,3.011580467224121,-1.7439329624176025,1
Clemson_p051_c1_grm_std_uni,1,5.057775974273682,-3.8307042121887207,1
Clemson_p051_c1_grm_std_uni,1,6.564125061035156,-5.1483154296875,1
Clemson_p051_c1_grm_std_uni,1,7.069314002990723,-5.287967205047607,1
Clemson_p051_c1_grm_std_uni,1,6.838152885437012,-4.983359336853027,1
Clemson_p051_c1_grm_std_uni,1,6.581778526306152,-4.721223831176758,1
Clemson_p051_c1_grm_std_uni,1,7.23914909362793,-5.460953235626221,1
Clemson_p051_c1_grm_std_uni,1,8.052186965942383,-6.430414199829102,1
Clemson_p051_c1_grm_std_uni,1,7.763914585113525,-6.4919867515563965,1
Clemson_p051_c1_grm_std_uni,1,7.223551273345947,-6.3395915031433105,1
Clemson_p051_c1_grm_std_uni,1,7.831659317016602,-6.989791393280029,1
Clemson_p051_c1_grm_std_uni,1,7.71235466003418,-6.764411926269531,1
Clemson_p051_c1_grm_std_uni,1,6.964211463928223,-6.07690954208374,1
Clemson_p051_c1_grm_std_uni,1,5.123350620269775,-5.365891933441162,1
Clemson_p051_c1_grm_std_uni,1,4.436464786529541,-5.142509460449219,1
Clemson_p051_c1_grm_std_uni,1,4.2707438468933105,-4.9912800788879395,1
Clemson_p051_c1_grm_std_uni,1,2.7009117603302,-3.585822343826294,1
Clemson_p051_c1_grm_std_uni,1,2.290816307067871,-2.8865714073181152,1
Clemson_p051_c1_grm_std_uni,1,2.667029857635498,-3.0244648456573486,1
Clemson_p051_c1_grm_std_uni,1,3.095014810562134,-3.3682525157928467,1
Clemson_p051_c1_grm_std_uni,1,1.594996690750122,-1.9032889604568481,1
Clemson_p051_c1_grm_std_uni,1,2.4921276569366455,-2.7261366844177246,1
Clemson_p051_c1_grm_std_uni,1,5.188040256500244,-5.007053852081299,1
Clemson_p051_c1_grm_std_uni,1,6.646435260772705,-6.516357421875,1
Clemson_p051_c1_grm_std_uni,1,6.985568523406982,-6.684900283813477,1
Clemson_p051_c1_grm_std_uni,1,7.160414218902588,-6.230777263641357,1
Clemson_p051_c1_grm_std_uni,1,6.967448711395264,-5.598114490509033,1
Clemson_p051_c1_grm_std_uni,1,6.229795455932617,-5.338290691375732,1
Clemson_p051_c1_grm_std_uni,1,5.2467041015625,-5.54410457611084,1
Clemson_p051_c1_grm_std_uni,2,4.830585956573486,-5.623720169067383,1
Clemson_p051_c1_grm_std_uni,2,4.3603129386901855,-5.324896812438965,1
Clemson_p051_c1_grm_std_uni,2,4.516170978546143,-5.139554977416992,1
Clemson_p051_c1_grm_std_uni,2,4.676705360412598,-5.34698486328125,1
Clemson_p051_c1_grm_std_uni,2,4.438871383666992,-5.31166410446167,1
Clemson_p051_c1_grm_std_uni,2,4.024142742156982,-5.032622814178467,1
Clemson_p051_c1_grm_std_uni,2,3.6780624389648438,-4.877763271331787,1
Clemson_p051_c1_grm_std_uni,2,2.9697344303131104,-4.1309685707092285,1
Clemson_p051_c1_grm_std_uni,2,-3.006037473678589,1.6338762044906616,2
Clemson_p051_c1_grm_std_uni,2,-1.2639271020889282,0.9770508408546448,1
Clemson_p051_c1_grm_std_uni,2,4.283082008361816,-3.825652837753296,1
Clemson_p051_c1_grm_std_uni,2,5.201253890991211,-5.209505558013916,1
Clemson_p051_c1_grm_std_uni,2,5.882237911224365,-5.589606761932373,1
Clemson_p051_c1_grm_std_uni,2,6.441084384918213,-5.303867816925049,1
Clemson_p051_c1_grm_std_uni,2,6.182119846343994,-4.6644697189331055,1
Clemson_p051_c1_grm_std_uni,2,6.027006149291992,-5.003104209899902,1
Clemson_p051_c1_grm_std_uni,2,6.120256423950195,-5.359726905822754,1
Clemson_p051_c1_grm_std_uni,1,6.039819240570068,-5.571350574493408,1
Clemson_p051_c1_grm_std_uni,1,5.80251407623291,-5.441093444824219,1
Clemson_p051_c1_grm_std_uni,1,5.783870220184326,-5.625839710235596,1
Clemson_p051_c1_grm_std_uni,1,5.976903438568115,-5.880162239074707,1
Clemson_p051_c1_grm_std_uni,1,5.6833415031433105,-5.377224922180176,1
Clemson_p051_c1_grm_std_uni,1,4.665246963500977,-4.077131748199463,1
Clemson_p051_c1_grm_std_uni,1,5.582005023956299,-4.745300769805908,1
Clemson_p051_c1_grm_std_uni,1,5.979448318481445,-4.923758029937744,1
Clemson_p051_c1_grm_std_uni,1,6.090200424194336,-4.850200176239014,1
Clemson_p051_c1_grm_std_uni,1,6.837437629699707,-5.475935935974121,1
Clemson_p051_c1_grm_std_uni,1,7.67464017868042,-6.735637187957764,1
Clemson_p051_c1_grm_std_uni,1,7.794720649719238,-7.068045616149902,1
Clemson_p051_c1_grm_std_uni,1,7.743893146514893,-6.8741044998168945,1
Clemson_p051_c1_grm_std_uni,1,6.707374572753906,-6.18025541305542,1
Clemson_p051_c1_grm_std_uni,1,5.753399848937988,-5.590567111968994,1
Clemson_p051_c1_grm_std_uni,1,5.252722263336182,-5.3637614250183105,1
Clemson_p051_c1_grm_std_uni,1,5.022731304168701,-5.121168613433838,1
Clemson_p051_c1_grm_std_uni,1,5.771390914916992,-5.5880513191223145,1
Clemson_p051_c1_grm_std_uni,1,5.7760233879089355,-5.696688175201416,1
Clemson_p051_c1_grm_std_uni,1,5.614234924316406,-5.591677188873291,1
Clemson_p051_c1_grm_std_uni,1,4.92362642288208,-4.915905475616455,1
Clemson_p051_c1_grm_std_uni,1,4.167233943939209,-4.244757652282715,1
Clemson_p051_c1_grm_std_uni,1,3.697463035583496,-4.120053291320801,1
Clemson_p051_c1_grm_std_uni,1,3.64070987701416,-4.186925888061523,1
Clemson_p051_c1_grm_std_uni,1,3.3370816707611084,-4.068148612976074,1
Clemson_p051_c1_grm_std_uni,1,4.072481155395508,-4.515204429626465,1
Clemson_p051_c1_grm_std_uni,1,4.612860202789307,-4.730440139770508,1
Clemson_p051_c1_grm_std_uni,2,3.949817657470703,-4.36104679107666,1
Clemson_p051_c1_grm_std_uni,2,2.218717336654663,-3.0782744884490967,1
Clemson_p051_c1_grm_std_uni,2,2.128913640975952,-2.9039623737335205,1
Clemson_p051_c1_grm_std_uni,2,3.6206929683685303,-4.2632975578308105,1
Clemson_p051_c1_grm_std_uni,2,4.812653064727783,-5.133379936218262,1
Clemson_p051_c1_grm_std_uni,2,5.0008673667907715,-5.209697246551514,1
Clemson_p051_c1_grm_std_uni,2,4.889622211456299,-4.952376842498779,1
Clemson_p051_c1_grm_std_uni,2,4.7386298179626465,-4.6857008934021,1
Clemson_p051_c1_grm_std_uni,2,4.737777233123779,-4.5754313468933105,1
Clemson_p051_c1_grm_std_uni,2,4.704037666320801,-4.507715225219727,1
Clemson_p051_c1_grm_std_uni,2,4.791483402252197,-4.672061443328857,1
Clemson_p051_c1_grm_std_uni,2,4.700839519500732,-4.848358154296875,1
Clemson_p051_c1_grm_std_uni,2,3.5525431632995605,-4.068782329559326,1
Clemson_p051_c1_grm_std_uni,2,0.6174414753913879,0.12788040935993195,1
Clemson_p051_c1_grm_std_uni,2,2.9048337936401367,-0.7862196564674377,1
Clemson_p051_c1_grm_std_uni,2,6.200405597686768,-5.167263984680176,1
Clemson_p051_c1_grm_std_uni,2,6.716209411621094,-5.856374263763428,1
Clemson_p051_c1_grm_std_uni,2,7.853757858276367,-6.416480541229248,1
Clemson_p051_c1_grm_std_uni,2,7.149168491363525,-5.921959400177002,1
Clemson_p051_c1_grm_std_uni,1,6.843306541442871,-5.790647029876709,1
Clemson_p051_c1_grm_std_uni,1,6.873507499694824,-5.687163352966309,1
Clemson_p051_c1_grm_std_uni,1,6.863816738128662,-5.824563026428223,1
Clemson_p051_c1_grm_std_uni,1,6.048452377319336,-5.031105041503906,1
Clemson_p051_c1_grm_std_uni,1,5.670935153961182,-4.423730850219727,1
Clemson_p051_c1_grm_std_uni,1,6.265836715698242,-5.148078441619873,1
Clemson_p051_c1_grm_std_uni,1,5.507626056671143,-4.63188362121582,1
Clemson_p051_c1_grm_std_uni,1,4.350996971130371,-2.7406885623931885,1
Clemson_p051_c1_grm_std_uni,1,3.664175271987915,-1.9862481355667114,1
Clemson_p051_c1_grm_std_uni,1,5.496521472930908,-4.219793796539307,1
Clemson_p051_c1_grm_std_uni,1,6.435358047485352,-5.390161037445068,1
Clemson_p051_c1_grm_std_uni,1,6.412118434906006,-6.549817085266113,1
Clemson_p051_c1_grm_std_uni,1,5.933250904083252,-6.486385822296143,1
Clemson_p051_c1_grm_std_uni,1,5.3971357345581055,-5.916183948516846,1
Clemson_p051_c1_grm_std_uni,1,5.169795513153076,-5.495718479156494,1
Clemson_p051_c1_grm_std_uni,1,5.592128276824951,-5.609033107757568,1
Clemson_p051_c1_grm_std_uni,1,5.575744152069092,-5.626004219055176,1
Clemson_p051_c1_grm_std_uni,1,5.415602207183838,-5.457602024078369,1
Clemson_p051_c1_grm_std_uni,1,4.241846561431885,-4.266987323760986,1
Clemson_p051_c1_grm_std_uni,1,3.9758880138397217,-3.6564903259277344,1
Clemson_p051_c1_grm_std_uni,1,5.1879377365112305,-4.675881862640381,1
Clemson_p051_c1_grm_std_uni,1,6.495369911193848,-5.976679801940918,1
Clemson_p051_c1_grm_std_uni,1,6.399497985839844,-6.131849765777588,1
Clemson_p051_c1_grm_std_uni,1,6.386053562164307,-6.246592998504639,1
Clemson_p051_c1_grm_std_uni,1,6.2036027908325195,-6.100190162658691,1
Clemson_p051_c1_grm_std_uni,1,6.186703681945801,-6.202634811401367,1
Clemson_p051_c1_grm_std_uni,1,5.429521560668945,-5.833738803863525,1
Clemson_p051_c1_grm_std_uni,1,3.9199812412261963,-4.572770118713379,1
Clemson_p051_c1_grm_std_uni,1,1.457999587059021,-1.9856982231140137,1
Clemson_p051_c1_grm_std_uni,1,2.248441457748413,-1.9117785692214966,1
Clemson_p051_c1_grm_std_uni,1,3.966547727584839,-3.5014772415161133,1
Clemson_p051_c1_grm_std_uni,1,5.707560062408447,-5.567595958709717,1
Clemson_p051_c1_grm_std_uni,1,6.487503528594971,-6.4402852058410645,1
Clemson_p051_c1_grm_std_uni,1,7.02524471282959,-6.626280784606934,1
Clemson_p051_c1_grm_std_uni,1,6.4483513832092285,-5.689481735229492,1
Clemson_p051_c1_grm_std_uni,1,6.401049613952637,-4.91832971572876,1
Clemson_p051_c1_grm_std_uni,2,6.26413631439209,-5.205770969390869,1
Clemson_p051_c1_grm_std_uni,2,7.411111354827881,-6.108443260192871,1
Clemson_p051_c1_grm_std_uni,2,7.77214241027832,-6.098273754119873,1
Clemson_p051_c1_grm_std_uni,2,8.45637321472168,-6.587196350097656,1
Clemson_p051_c1_grm_std_uni,2,7.796531677246094,-5.62739372253418,1
Clemson_p051_c1_grm_std_uni,2,7.141891956329346,-5.245456218719482,1
Clemson_p051_c1_grm_std_uni,2,6.910186767578125,-5.50258207321167,1
Clemson_p051_c1_grm_std_uni,2,6.449368953704834,-5.39501428604126,1
Clemson_p051_c1_grm_std_uni,2,6.279952049255371,-5.189342021942139,1
Clemson_p051_c1_grm_std_uni,2,6.237813472747803,-5.176894187927246,1
Clemson_p051_c1_grm_std_uni,2,6.197972297668457,-5.065027713775635,1
Clemson_p051_c1_grm_std_uni,2,5.160200119018555,-3.9981040954589844,1
Clemson_p051_c1_grm_std_uni,2,3.50770902633667,-1.0272314548492432,1
Clemson_p051_c1_grm_std_uni,2,4.410876750946045,-2.194561719894409,1
Clemson_p051_c1_grm_std_uni,2,6.6273393630981445,-5.083488941192627,1
Clemson_p051_c1_grm_std_uni,2,7.471985340118408,-6.114080429077148,1
Clemson_p051_c1_grm_std_uni,2,8.07221508026123,-6.599982738494873,1
Clemson_p051_c1_grm_std_uni,2,8.092312812805176,-6.43703556060791,1
Clemson_p051_c1_grm_std_uni,1,7.682797908782959,-6.098361492156982,1
Clemson_p051_c1_grm_std_uni,1,7.442628860473633,-5.699519634246826,1
Clemson_p051_c1_grm_std_uni,1,7.088664531707764,-5.432122230529785,1
Clemson_p051_c1_grm_std_uni,1,6.495113849639893,-4.976109027862549,1
Clemson_p051_c1_grm_std_uni,1,6.1270670890808105,-4.544411659240723,1
Clemson_p051_c1_grm_std_uni,1,6.607733726501465,-4.995471477508545,1
Clemson_p051_c1_grm_std_uni,1,6.961904048919678,-5.561439514160156,1
Clemson_p051_c1_grm_std_uni,1,6.670385360717773,-5.532995223999023,1
Clemson_p051_c1_grm_std_uni,1,6.105974197387695,-5.209933280944824,1
Clemson_p051_c1_grm_std_uni,1,5.181406497955322,-4.515004634857178,1
Clemson_p051_c1_grm_std_uni,1,4.139842510223389,-2.9591119289398193,1
Clemson_p051_c1_grm_std_uni,1,4.087652206420898,-3.0013070106506348,1
Clemson_p051_c1_grm_std_uni,1,5.270533561706543,-4.761560916900635,1
Clemson_p051_c1_grm_std_uni,1,6.5893120765686035,-5.6880693435668945,1
Clemson_p051_c1_grm_std_uni,1,7.4645771980285645,-6.410558700561523,1
Clemson_p051_c1_grm_std_uni,1,8.074136734008789,-6.705332279205322,1
Clemson_p051_c1_grm_std_uni,1,6.697258949279785,-4.830210208892822,1
Clemson_p051_c1_grm_std_uni,1,6.414572715759277,-4.622580528259277,1
Clemson_p051_c1_grm_std_uni,1,6.745903968811035,-5.294412612915039,1
Clemson_p051_c1_grm_std_uni,1,7.307435989379883,-6.022637844085693,1
Clemson_p051_c1_grm_std_uni,1,6.3616108894348145,-4.962484359741211,1
Clemson_p051_c1_grm_std_uni,1,6.073803901672363,-5.425650119781494,1
Clemson_p051_c1_grm_std_uni,1,6.909511089324951,-6.48793363571167,1
Clemson_p051_c1_grm_std_uni,1,7.797148704528809,-6.485108375549316,1
Clemson_p051_c1_grm_std_uni,1,6.334823131561279,-4.638648509979248,1
Clemson_p051_c1_grm_std_uni,1,6.271563529968262,-4.690136909484863,1
Clemson_p051_c1_grm_std_uni,1,6.663613796234131,-5.343612194061279,1
Clemson_p051_c1_grm_std_uni,1,7.559016704559326,-6.261140823364258,1
Clemson_p051_c1_grm_std_uni,1,7.084250450134277,-6.312511920928955,1
Clemson_p051_c1_grm_std_uni,1,6.127631187438965,-5.151316165924072,1
Clemson_p051_c1_grm_std_uni,1,5.379890441894531,-4.273041248321533,1
Clemson_p051_c1_grm_std_uni,1,7.019786357879639,-6.173386096954346,1
Clemson_p051_c1_grm_std_uni,1,7.963786602020264,-6.988958835601807,1
Clemson_p051_c1_grm_std_uni,1,6.151371955871582,-5.356595993041992,1
Clemson_p051_c1_grm_std_uni,1,5.622584342956543,-4.80490255355835,1
Clemson_p051_c1_grm_std_uni,1,5.708169460296631,-5.258032321929932,1
Clemson_p051_c1_grm_std_uni,1,7.356577396392822,-6.701879024505615,1
Clemson_p051_c1_grm_std_uni,1,6.612574100494385,-5.511265754699707,1
Clemson_p051_c1_grm_std_uni,1,4.840770244598389,-3.4178617000579834,1
Clemson_p051_c1_grm_std_uni,1,5.479727268218994,-4.158730983734131,1
Clemson_p051_c1_grm_std_uni,1,6.88829231262207,-5.89008903503418,1
Clemson_p051_c1_grm_std_uni,1,7.5287322998046875,-6.226809501647949,1
Clemson_p051_c1_grm_std_uni,1,7.500556468963623,-6.42549991607666,1
Clemson_p051_c1_grm_std_uni,1,7.5686492919921875,-6.39718770980835,1
Clemson_p051_c1_grm_std_uni,1,7.510534763336182,-6.174576282501221,1
Clemson_p051_c1_grm_std_uni,1,7.157204627990723,-6.067152500152588,1
Clemson_p051_c1_grm_std_uni,1,7.607845783233643,-6.742692947387695,1
Clemson_p051_c1_grm_std_uni,1,7.402791976928711,-6.733407497406006,1
Clemson_p051_c1_grm_std_uni,1,6.728334903717041,-6.3661956787109375,1
Clemson_p051_c1_grm_std_uni,1,7.093733310699463,-5.812699317932129,1
Clemson_p051_c1_grm_std_uni,1,6.219614028930664,-4.738562107086182,1
Clemson_p051_c1_grm_std_uni,1,6.0329813957214355,-4.479300498962402,1
Clemson_p051_c1_grm_std_uni,1,7.119361877441406,-5.83827543258667,1
Clemson_p051_c1_grm_std_uni,1,7.633423805236816,-6.325978755950928,1
Clemson_p051_c1_grm_std_uni,1,7.1253814697265625,-6.085198402404785,1
Clemson_p051_c1_grm_std_uni,1,6.621066093444824,-5.8511128425598145,1
Clemson_p051_c1_grm_std_uni,1,6.297125816345215,-5.822534084320068,1
Clemson_p051_c1_grm_std_uni,1,6.415189743041992,-5.272751331329346,1
Clemson_p051_c1_grm_std_uni,1,6.976994514465332,-5.5664448738098145,1
Clemson_p051_c1_grm_std_uni,1,7.074099063873291,-5.772909164428711,1
Clemson_p051_c1_grm_std_uni,1,7.745145797729492,-5.927595138549805,1
Clemson_p051_c1_grm_std_uni,1,7.32301139831543,-6.380949020385742,1
Clemson_p051_c1_grm_std_uni,1,5.9702348709106445,-5.690971374511719,1
Clemson_p051_c1_grm_std_uni,1,4.723233222961426,-5.368542671203613,1
Clemson_p051_c1_grm_std_uni,1,4.435934543609619,-5.376081943511963,1
Clemson_p051_c1_grm_std_uni,2,4.120103359222412,-5.347153186798096,1
Clemson_p051_c1_grm_std_uni,2,3.944204807281494,-5.076392650604248,1
Clemson_p051_c1_grm_std_uni,2,3.7477240562438965,-4.8267693519592285,1
Clemson_p051_c1_grm_std_uni,2,4.0127997398376465,-4.763598442077637,1
Clemson_p051_c1_grm_std_uni,2,3.9107322692871094,-4.586886405944824,1
Clemson_p051_c1_grm_std_uni,2,3.7634527683258057,-4.441108226776123,1
Clemson_p051_c1_grm_std_uni,2,3.5931553840637207,-4.251379489898682,1
Clemson_p051_c1_grm_std_uni,2,3.126497745513916,-4.090124130249023,1
Clemson_p051_c1_grm_std_uni,2,-2.710088014602661,1.1096689701080322,2
Clemson_p051_c1_grm_std_uni,2,-1.6330063343048096,0.8356924057006836,1
Clemson_p051_c1_grm_std_uni,2,3.671722888946533,-3.367704153060913,1
Clemson_p051_c1_grm_std_uni,2,5.2922210693359375,-4.989016056060791,1
Clemson_p051_c1_grm_std_uni,2,6.075484275817871,-5.492901802062988,1
Clemson_p051_c1_grm_std_uni,2,6.614680767059326,-5.425214767456055,1
Clemson_p051_c1_grm_std_uni,2,6.08955192565918,-4.24606990814209,1
Clemson_p051_c1_grm_std_uni,1,5.7202839851379395,-4.491644859313965,1
Clemson_p051_c1_grm_std_uni,1,5.95221471786499,-5.07515811920166,1
Clemson_p051_c1_grm_std_uni,1,6.178136825561523,-5.49286413192749,1
Clemson_p051_c1_grm_std_uni,1,5.487300395965576,-4.892461776733398,1
Clemson_p051_c1_grm_std_uni,1,4.263500213623047,-3.0135772228240967,1
Clemson_p051_c1_grm_std_uni,1,4.597616195678711,-2.934683084487915,1
Clemson_p051_c1_grm_std_uni,1,5.82086181640625,-4.21967077255249,1
Clemson_p051_c1_grm_std_uni,1,6.672061443328857,-4.798576831817627,1
Clemson_p051_c1_grm_std_uni,1,7.040268421173096,-5.591567039489746,1
Clemson_p051_c1_grm_std_uni,1,6.763476371765137,-6.248713493347168,1
Clemson_p051_c1_grm_std_uni,1,6.058988571166992,-5.932621955871582,1
Clemson_p051_c1_grm_std_uni,1,6.029520511627197,-5.752351760864258,1
Clemson_p051_c1_grm_std_uni,1,5.801022529602051,-5.189601421356201,1
Clemson_p051_c1_grm_std_uni,1,5.541238784790039,-4.7391676902771,1
Clemson_p051_c1_grm_std_uni,1,6.0697479248046875,-5.132728576660156,1
Clemson_p051_c1_grm_std_uni,1,4.9978156089782715,-4.1238932609558105,1
Clemson_p051_c1_grm_std_uni,1,5.353492736816406,-4.395379543304443,1
Clemson_p051_c1_grm_std_uni,1,6.112882614135742,-5.261701583862305,1
Clemson_p051_c1_grm_std_uni,1,5.731359481811523,-5.481488227844238,1
Clemson_p051_c1_grm_std_uni,1,5.446207523345947,-5.426394462585449,1
Clemson_p051_c1_grm_std_uni,1,5.497518539428711,-5.404199123382568,1
Clemson_p051_c1_grm_std_uni,1,5.594710350036621,-5.386353015899658,1
Clemson_p051_c1_grm_std_uni,1,5.502156734466553,-5.241479396820068,1
Clemson_p051_c1_grm_std_uni,1,5.337101459503174,-5.0588250160217285,1
Clemson_p051_c1_grm_std_uni,1,4.992273330688477,-4.886960029602051,1
Clemson_p051_c1_grm_std_uni,1,4.8652496337890625,-5.100956439971924,1
Clemson_p051_c1_grm_std_uni,1,3.892544746398926,-4.457164287567139,1
Clemson_p051_c1_grm_std_uni,1,2.0000507831573486,-1.839288592338562,1
Clemson_p051_c1_grm_std_uni,1,3.4311394691467285,-2.218001127243042,1
Clemson_p051_c1_grm_std_uni,1,6.180931091308594,-4.688307762145996,1
Clemson_p051_c1_grm_std_uni,1,7.34680700302124,-5.905740261077881,1
Clemson_p051_c1_grm_std_uni,1,7.173829078674316,-6.047083854675293,1
Clemson_p051_c1_grm_std_uni,1,7.248645305633545,-5.146155834197998,1
Clemson_p051_c1_grm_std_uni,1,6.474367618560791,-4.448087692260742,1
Clemson_p051_c1_grm_std_uni,1,5.5736002922058105,-3.4892544746398926,1
Clemson_p051_c1_grm_std_uni,1,6.016758441925049,-4.124626159667969,1
Clemson_p051_c1_grm_std_uni,1,5.8778605461120605,-4.97639799118042,1
Clemson_p051_c1_grm_std_uni,1,6.133179187774658,-5.2764811515808105,1
Clemson_p051_c1_grm_std_uni,1,6.5047712326049805,-5.280646324157715,1
Clemson_p051_c1_grm_std_uni,1,6.639748573303223,-5.406981945037842,1
Clemson_p051_c1_grm_std_uni,1,6.650479316711426,-4.863614082336426,1
Clemson_p051_c1_grm_std_uni,1,6.901665210723877,-4.3896589279174805,1
Clemson_p051_c1_grm_std_uni,1,7.663175106048584,-4.98275089263916,1
Clemson_p051_c1_grm_std_uni,1,7.403882026672363,-4.716577529907227,1
Clemson_p051_c1_grm_std_uni,1,7.368096828460693,-4.304724216461182,1
Clemson_p051_c1_grm_std_uni,1,8.030572891235352,-4.974558353424072,1
Clemson_p051_c1_grm_std_uni,1,8.770874977111816,-6.0110063552856445,1
Clemson_p051_c1_grm_std_uni,1,8.425570487976074,-6.107889175415039,1
Clemson_p051_c1_grm_std_uni,1,7.99385929107666,-5.788564205169678,1
Clemson_p051_c1_grm_std_uni,1,7.565428256988525,-5.418527603149414,1
Clemson_p051_c1_grm_std_uni,1,7.563699722290039,-5.804419994354248,1
Clemson_p051_c1_grm_std_uni,1,7.542845726013184,-6.086458683013916,1
Clemson_p051_c1_grm_std_uni,1,8.065881729125977,-6.269874572753906,1
Clemson_p051_c1_grm_std_uni,1,6.809574604034424,-4.969710826873779,1
Clemson_p051_c1_grm_std_uni,1,6.835733413696289,-4.994351387023926,1
Clemson_p051_c1_grm_std_uni,1,7.6807661056518555,-5.998779773712158,1
Clemson_p051_c1_grm_std_uni,1,7.843976974487305,-6.346073627471924,1
Clemson_p051_c1_grm_std_uni,1,7.526346683502197,-6.283070087432861,1
Clemson_p051_c1_grm_std_uni,1,7.162896633148193,-6.111090660095215,1
Clemson_p051_c1_grm_std_uni,1,6.824402332305908,-5.860121726989746,1
Clemson_p051_c1_grm_std_uni,1,5.657745361328125,-4.8086724281311035,1
Clemson_p051_c1_grm_std_uni,1,5.273879528045654,-4.233480453491211,1
Clemson_p051_c1_grm_std_uni,1,5.99428653717041,-4.709324836730957,1
Clemson_p051_c1_grm_std_uni,1,6.384714603424072,-5.137928485870361,1
Clemson_p051_c1_grm_std_uni,1,7.17704963684082,-5.882060527801514,1
Clemson_p051_c1_grm_std_uni,1,7.018093585968018,-6.022643089294434,1
Clemson_p051_c1_grm_std_uni,1,6.727114677429199,-6.124639987945557,1
Clemson_p051_c1_grm_std_uni,1,6.067442893981934,-5.637167930603027,1
Clemson_p051_c1_grm_std_uni,1,5.247213363647461,-4.850663185119629,1
Clemson_p051_c1_grm_std_uni,1,4.471951007843018,-3.9664306640625,1
Clemson_p051_c1_grm_std_uni,1,4.029942512512207,-2.708862066268921,1
Clemson_p051_c1_grm_std_uni,1,4.35158109664917,-3.0305886268615723,1
Clemson_p051_c1_grm_std_uni,1,5.352550029754639,-4.493230819702148,1
Clemson_p051_c1_grm_std_uni,1,7.428210735321045,-6.32328462600708,1
Clemson_p051_c1_grm_std_uni,1,7.494082927703857,-6.202616214752197,1
Clemson_p051_c1_grm_std_uni,1,6.385075569152832,-5.000186443328857,1
Clemson_p051_c1_grm_std_uni,1,6.584272861480713,-5.070127487182617,1
Clemson_p051_c1_grm_std_uni,1,7.52905797958374,-6.303863048553467,1
Clemson_p051_c1_grm_std_uni,1,7.582834720611572,-6.5633697509765625,1
Clemson_p051_c1_grm_std_uni,1,7.4814558029174805,-6.530771255493164,1
Clemson_p051_c1_grm_std_uni,1,7.505583763122559,-6.548295021057129,1
Clemson_p051_c1_grm_std_uni,1,6.731795310974121,-6.148009300231934,1
Clemson_p051_c1_grm_std_uni,1,6.287303447723389,-6.030083179473877,1
Clemson_p051_c1_grm_std_uni,1,6.6119890213012695,-6.290082931518555,1
Clemson_p051_c1_grm_std_uni,1,6.3783674240112305,-6.00885009765625,1
Clemson_p051_c1_grm_std_uni,1,5.930603981018066,-5.806030750274658,1
Clemson_p051_c1_grm_std_uni,1,5.732534885406494,-5.655307292938232,1
Clemson_p051_c1_grm_std_uni,1,5.4756574630737305,-5.409755229949951,1
Clemson_p051_c1_grm_std_uni,1,5.527907371520996,-5.3381781578063965,1
Clemson_p051_c1_grm_std_uni,1,5.376733779907227,-5.119359493255615,1
Clemson_p051_c1_grm_std_uni,1,4.809700012207031,-4.268835544586182,1
Clemson_p051_c1_grm_std_uni,1,4.976717948913574,-3.7271173000335693,1
Clemson_p051_c1_grm_std_uni,1,5.544562339782715,-4.239108562469482,1
Clemson_p051_c1_grm_std_uni,1,7.038033485412598,-5.942682266235352,1
Clemson_p051_c1_grm_std_uni,1,8.063478469848633,-7.016767501831055,1
Clemson_p051_c1_grm_std_uni,1,8.195932388305664,-6.912965297698975,1
Clemson_p051_c1_grm_std_uni,1,7.631279945373535,-6.265649318695068,1
Clemson_p051_c1_grm_std_uni,1,6.89807653427124,-6.10576057434082,1
Clemson_p051_c1_grm_std_uni,1,5.876195430755615,-5.867771625518799,1
Clemson_p051_c1_grm_std_uni,1,5.603818416595459,-5.7900824546813965,1
Clemson_p051_c1_grm_std_uni,1,5.3875508308410645,-5.6597819328308105,1
Clemson_p051_c1_grm_std_uni,1,5.293664455413818,-5.5266876220703125,1
Clemson_p051_c1_grm_std_uni,1,5.400565147399902,-5.701098918914795,1
Clemson_p051_c1_grm_std_uni,1,5.438263416290283,-5.471202373504639,1
Clemson_p051_c1_grm_std_uni,1,5.932738780975342,-5.681812763214111,1
Clemson_p051_c1_grm_std_uni,1,6.006372928619385,-5.642240047454834,1
Clemson_p051_c1_grm_std_uni,1,5.331944942474365,-4.966757774353027,1
Clemson_p051_c1_grm_std_uni,1,4.871745586395264,-4.466922283172607,1
Clemson_p051_c1_grm_std_uni,1,5.572716236114502,-5.000168323516846,1
Clemson_p051_c1_grm_std_uni,1,6.7025675773620605,-6.213407516479492,1
Clemson_p051_c1_grm_std_uni,1,6.4787116050720215,-6.020384788513184,1
Clemson_p051_c1_grm_std_uni,1,5.764017105102539,-5.549472332000732,1
Clemson_p051_c1_grm_std_uni,1,5.680434226989746,-5.76912260055542,1
Clemson_p051_c1_grm_std_uni,1,5.484274864196777,-5.788891792297363,1
Clemson_p051_c1_grm_std_uni,2,5.613019943237305,-5.9357805252075195,1
Clemson_p051_c1_grm_std_uni,2,5.499945163726807,-5.866291522979736,1
Clemson_p051_c1_grm_std_uni,2,5.328763484954834,-5.622380256652832,1
Clemson_p051_c1_grm_std_uni,2,4.470457077026367,-4.546281337738037,1
Clemson_p051_c1_grm_std_uni,2,0.05846371129155159,-1.6187565326690674,1
Clemson_p051_c1_grm_std_uni,2,0.7878077626228333,-0.4652263820171356,1
Clemson_p051_c1_grm_std_uni,2,5.060705661773682,-4.184014797210693,1
Clemson_p051_c1_grm_std_uni,2,6.561289310455322,-5.580184459686279,1
Clemson_p051_c1_grm_std_uni,2,7.2381062507629395,-6.202878475189209,1
Clemson_p051_c1_grm_std_uni,2,7.5625739097595215,-5.801630973815918,1
Clemson_p051_c1_grm_std_uni,2,6.972972393035889,-5.773072719573975,1
Clemson_p051_c1_grm_std_uni,2,6.684859275817871,-5.833227634429932,1
Clemson_p051_c1_grm_std_uni,2,6.342242240905762,-5.674294948577881,1
Clemson_p051_c1_grm_std_uni,2,5.945801734924316,-5.9139227867126465,1
Clemson_p051_c1_grm_std_uni,2,5.704968452453613,-5.952321529388428,1
Clemson_p051_c1_grm_std_uni,2,5.711680889129639,-5.701379776000977,1
Clemson_p051_c1_grm_std_uni,2,5.789987564086914,-5.287892818450928,1
Clemson_p051_c1_grm_std_uni,2,6.257277488708496,-5.370899677276611,1
Clemson_p051_c1_grm_std_uni,2,6.609202861785889,-5.567939281463623,1
Clemson_p051_c1_grm_std_uni,2,6.192458629608154,-5.366904258728027,1
Clemson_p051_c1_grm_std_uni,2,5.571745872497559,-5.076789855957031,1
Clemson_p051_c1_grm_std_uni,2,5.975334167480469,-5.444283962249756,1
Clemson_p051_c1_grm_std_uni,2,6.117362976074219,-5.394131660461426,1
Clemson_p051_c1_grm_std_uni,2,7.058557987213135,-5.711127281188965,1
Clemson_p051_c1_grm_std_uni,2,7.017587184906006,-5.514740467071533,1
Clemson_p051_c1_grm_std_uni,1,6.8018670082092285,-5.216345310211182,1
Clemson_p051_c1_grm_std_uni,1,7.320478916168213,-5.606159687042236,1
Clemson_p051_c1_grm_std_uni,1,6.878756046295166,-5.272619724273682,1
Clemson_p051_c1_grm_std_uni,1,6.06241512298584,-4.814577579498291,1
Clemson_p051_c1_grm_std_uni,1,6.154428482055664,-5.161896705627441,1
Clemson_p051_c1_grm_std_uni,1,6.076361179351807,-5.207385540008545,1
Clemson_p051_c1_grm_std_uni,1,5.805182933807373,-4.921957015991211,1
Clemson_p051_c1_grm_std_uni,1,5.920553684234619,-5.067433834075928,1
Clemson_p051_c1_grm_std_uni,1,6.007920742034912,-5.25405740737915,1
Clemson_p051_c1_grm_std_uni,1,5.916489601135254,-5.283185958862305,1
Clemson_p051_c1_grm_std_uni,1,5.882063388824463,-5.239201545715332,1
Clemson_p051_c1_grm_std_uni,1,5.80397367477417,-5.156293869018555,1
Clemson_p051_c1_grm_std_uni,1,5.671968460083008,-5.041431903839111,1
Clemson_p051_c1_grm_std_uni,1,5.5714826583862305,-4.880314826965332,1
Clemson_p051_c1_grm_std_uni,1,5.4444260597229,-4.6566162109375,1
Clemson_p051_c1_grm_std_uni,1,5.318021774291992,-4.479820728302002,1
Clemson_p051_c1_grm_std_uni,1,5.25880765914917,-4.337700843811035,1
Clemson_p051_c1_grm_std_uni,1,4.861743450164795,-3.8346292972564697,1
Clemson_p051_c1_grm_std_uni,1,4.12444543838501,-3.101844310760498,1
Clemson_p051_c1_grm_std_uni,1,4.649321556091309,-3.691920757293701,1
Clemson_p051_c1_grm_std_uni,1,4.92307710647583,-3.8008389472961426,1
Clemson_p051_c1_grm_std_uni,1,5.009228229522705,-3.897643566131592,1
Clemson_p051_c1_grm_std_uni,1,4.751745700836182,-3.8132944107055664,1
Clemson_p051_c1_grm_std_uni,1,4.8265228271484375,-3.903606653213501,1
Clemson_p051_c1_grm_std_uni,1,5.156718730926514,-4.156332969665527,1
Clemson_p051_c1_grm_std_uni,1,5.135340213775635,-4.138211727142334,1
Clemson_p051_c1_grm_std_uni,1,4.746243000030518,-3.659575939178467,1
Clemson_p051_c1_grm_std_uni,1,4.83355188369751,-3.6631906032562256,1
Clemson_p051_c1_grm_std_uni,1,5.327267169952393,-4.141406059265137,1
Clemson_p051_c1_grm_std_uni,1,5.269958019256592,-4.256284236907959,1
Clemson_p051_c1_grm_std_uni,1,5.362990379333496,-4.676889896392822,1
Clemson_p051_c1_grm_std_uni,1,5.35813045501709,-4.737935543060303,1
Clemson_p051_c1_grm_std_uni,1,5.414305686950684,-4.780120849609375,1
Clemson_p051_c1_grm_std_uni,1,5.354562759399414,-4.706188678741455,1
Clemson_p051_c1_grm_std_uni,1,5.397005558013916,-4.72306489944458,1
Clemson_p051_c1_grm_std_uni,1,5.420567035675049,-4.739945411682129,1
Clemson_p051_c1_grm_std_uni,1,5.555103778839111,-4.840339660644531,1
Clemson_p051_c1_grm_std_uni,1,5.525042533874512,-4.8440446853637695,1
Clemson_p051_c1_grm_std_uni,1,5.3944268226623535,-4.744862079620361,1
Clemson_p051_c1_grm_std_uni,1,5.197059631347656,-4.657567501068115,1
Clemson_p051_c1_grm_std_uni,1,4.6805548667907715,-4.236124515533447,1
Clemson_p051_c1_grm_std_uni,1,2.453308582305908,-1.8008182048797607,1
Clemson_p051_c1_grm_std_uni,1,1.709939956665039,-0.9902851581573486,1
Clemson_p051_c1_grm_std_uni,1,2.654816150665283,-1.5991520881652832,1
Clemson_p051_c1_grm_std_uni,1,5.322713851928711,-4.431741237640381,1
Clemson_p051_c1_grm_std_uni,1,5.194424152374268,-5.288861274719238,1
Clemson_p051_c1_grm_std_uni,1,4.835855484008789,-5.5149617195129395,1
Clemson_p051_c1_grm_std_uni,1,4.656912326812744,-5.292469501495361,1
Clemson_p051_c1_grm_std_uni,1,4.295109272003174,-4.81745719909668,1
Clemson_p051_c1_grm_std_uni,1,4.380876064300537,-4.7376203536987305,1
Clemson_p051_c1_grm_std_uni,1,4.641295909881592,-4.746065616607666,1
Clemson_p051_c1_grm_std_uni,1,4.532800197601318,-4.678282260894775,1
Clemson_p051_c1_grm_std_uni,1,4.383790969848633,-4.564636707305908,1
Clemson_p051_c1_grm_std_uni,1,4.270346164703369,-4.498473644256592,1
Clemson_p051_c1_grm_std_uni,1,4.235382556915283,-4.43060827255249,1
Clemson_p051_c1_grm_std_uni,1,4.033114433288574,-4.197648525238037,1
Clemson_p051_c1_grm_std_uni,1,3.5402541160583496,-3.717043399810791,1
Clemson_p051_c1_grm_std_uni,1,1.804720401763916,-2.6770212650299072,1
Clemson_p051_c1_grm_std_uni,1,-0.6714279055595398,-0.39052870869636536,2
Clemson_p051_c1_grm_std_uni,1,1.3436646461486816,-0.3036772310733795,1
Clemson_p051_c1_grm_std_uni,1,4.316478252410889,-3.0670552253723145,1
Clemson_p051_c1_grm_std_uni,1,6.076191425323486,-5.272455215454102,1
Clemson_p051_c1_grm_std_uni,1,8.334704399108887,-6.86404275894165,1
Clemson_p051_c1_grm_std_uni,1,8.092832565307617,-6.556521415710449,1
Clemson_p051_c1_grm_std_uni,1,8.401762962341309,-6.954721450805664,1
Clemson_p051_c1_grm_std_uni,1,8.114348411560059,-6.757750034332275,1
Clemson_p051_c1_grm_std_uni,1,6.3428754806518555,-5.0419769287109375,1
Clemson_p051_c1_grm_std_uni,1,6.164575576782227,-4.700601577758789,1
Clemson_p051_c1_grm_std_uni,1,7.266175746917725,-6.043458461761475,1
Clemson_p051_c1_grm_std_uni,1,8.028396606445312,-7.0474934577941895,1
Clemson_p051_c1_grm_std_uni,1,8.281233787536621,-6.998284816741943,1
Clemson_p051_c1_grm_std_uni,1,7.587167739868164,-6.160223960876465,1
Clemson_p051_c1_grm_std_uni,1,7.635828495025635,-6.206915855407715,1
Clemson_p051_c1_grm_std_uni,1,7.36547327041626,-6.093603610992432,1
Clemson_p051_c1_grm_std_uni,1,7.056257247924805,-6.083575248718262,1
Clemson_p051_c1_grm_std_uni,1,6.809736251831055,-6.03392219543457,1
Clemson_p051_c1_grm_std_uni,1,6.658324718475342,-5.944565773010254,1
Clemson_p051_c1_grm_std_uni,1,6.52159309387207,-5.826480388641357,1
Clemson_p051_c1_grm_std_uni,1,6.609871864318848,-5.834161281585693,1
Clemson_p051_c1_grm_std_uni,1,6.137681007385254,-5.530914783477783,1
Clemson_p051_c1_grm_std_uni,1,5.333322048187256,-4.899420261383057,1
Clemson_p051_c1_grm_std_uni,1,3.404538154602051,-3.5401103496551514,1
Clemson_p051_c1_grm_std_uni,1,4.385714054107666,-3.7615582942962646,1
Clemson_p051_c1_grm_std_uni,1,5.431252479553223,-4.288702011108398,1
Clemson_p051_c1_grm_std_uni,1,5.551535129547119,-4.48807954788208,1
Clemson_p051_c1_grm_std_uni,1,5.861280918121338,-4.877717018127441,1
Clemson_p051_c1_grm_std_uni,1,6.077581882476807,-5.160179138183594,1
Clemson_p051_c1_grm_std_uni,1,6.021695613861084,-5.197603702545166,1
Clemson_p051_c1_grm_std_uni,1,5.844511032104492,-5.118401050567627,1
Clemson_p051_c1_grm_std_uni,1,5.616603374481201,-4.9972710609436035,1
Clemson_p051_c1_grm_std_uni,1,5.4588189125061035,-4.89551305770874,1
Clemson_p051_c1_grm_std_uni,1,5.006767272949219,-4.49827766418457,1
Clemson_p051_c1_grm_std_uni,1,3.399940013885498,-3.363105535507202,1
Clemson_p051_c1_grm_std_uni,1,3.2331998348236084,-2.9541571140289307,1
Clemson_p051_c1_grm_std_uni,1,4.7210845947265625,-3.875342845916748,1
Clemson_p051_c1_grm_std_uni,1,5.256112575531006,-4.345169544219971,1
Clemson_p051_c1_grm_std_uni,1,5.170722484588623,-4.592581748962402,1
Clemson_p051_c1_grm_std_uni,1,4.064097881317139,-3.994229555130005,1
Clemson_p051_c1_grm_std_uni,2,1.243409514427185,-1.649232029914856,1
Clemson_p051_c1_grm_std_uni,2,1.9339596033096313,-0.7924020290374756,1
Clemson_p051_c1_grm_std_uni,2,3.907017707824707,-2.4420993328094482,1
Clemson_p051_c1_grm_std_uni,2,6.177340030670166,-5.01358699798584,1
Clemson_p051_c1_grm_std_uni,2,7.537670612335205,-6.078286170959473,1
Clemson_p051_c1_grm_std_uni,2,7.066085338592529,-5.6189656257629395,1
Clemson_p051_c1_grm_std_uni,2,6.934532642364502,-6.024380683898926,1
Clemson_p051_c1_grm_std_uni,2,6.391930103302002,-6.056501388549805,1
Clemson_p051_c1_grm_std_uni,2,6.323148727416992,-5.93021821975708,1
Clemson_p051_c1_grm_std_uni,2,6.488530158996582,-5.734900951385498,1
Clemson_p051_c1_grm_std_uni,2,7.118580341339111,-6.0900797843933105,1
Clemson_p051_c1_grm_std_uni,2,7.765101432800293,-6.58089542388916,1
Clemson_p051_c1_grm_std_uni,2,7.74182653427124,-6.279019832611084,1
Clemson_p051_c1_grm_std_uni,2,7.716603755950928,-6.601797580718994,1
Clemson_p051_c1_grm_std_uni,2,6.51112699508667,-6.289648056030273,1
Clemson_p051_c1_grm_std_uni,2,5.534303665161133,-5.3677449226379395,1
Clemson_p051_c1_grm_std_uni,2,5.675411701202393,-5.315229892730713,1
Clemson_p051_c1_grm_std_uni,2,5.340900897979736,-4.920373439788818,1
Clemson_p051_c1_grm_std_uni,2,5.211104393005371,-4.6173319816589355,1
Clemson_p051_c1_grm_std_uni,2,5.299890995025635,-4.539698123931885,1
Clemson_p051_c1_grm_std_uni,1,5.434980869293213,-4.64859676361084,1
Clemson_p051_c1_grm_std_uni,1,5.512328147888184,-4.849061489105225,1
Clemson_p051_c1_grm_std_uni,1,5.321762561798096,-4.779270648956299,1
Clemson_p051_c1_grm_std_uni,1,4.8021721839904785,-4.25087833404541,1
Clemson_p051_c1_grm_std_uni,1,4.253971099853516,-3.687079906463623,1
Clemson_p051_c1_grm_std_uni,1,5.158225059509277,-4.613095283508301,1
Clemson_p051_c1_grm_std_uni,1,6.565150260925293,-5.765227317810059,1
Clemson_p051_c1_grm_std_uni,1,7.508772850036621,-6.148507595062256,1
Clemson_p051_c1_grm_std_uni,1,6.949222087860107,-5.84125280380249,1
Clemson_p051_c1_grm_std_uni,1,6.674805641174316,-5.9382219314575195,1
Clemson_p051_c1_grm_std_uni,1,6.285478115081787,-5.641372203826904,1
Clemson_p051_c1_grm_std_uni,1,6.585504055023193,-6.064624309539795,1
Clemson_p051_c1_grm_std_uni,1,6.447444438934326,-6.022714614868164,1
Clemson_p051_c1_grm_std_uni,1,5.911963939666748,-5.513474464416504,1
Clemson_p051_c1_grm_std_uni,1,2.867837429046631,-2.0967230796813965,1
Clemson_p051_c1_grm_std_uni,1,2.182748556137085,-0.9888267517089844,1
Clemson_p051_c1_grm_std_uni,1,4.242188930511475,-2.3492884635925293,1
Clemson_p051_c1_grm_std_uni,1,6.72924280166626,-4.372077941894531,1
Clemson_p051_c1_grm_std_uni,1,7.1578779220581055,-5.246248722076416,1
Clemson_p051_c1_grm_std_uni,1,7.3975958824157715,-5.340845108032227,1
Clemson_p051_c1_grm_std_uni,1,6.977154731750488,-4.970490455627441,1
Clemson_p051_c1_grm_std_uni,1,7.005971431732178,-4.763132572174072,1
Clemson_p051_c1_grm_std_uni,1,7.175853252410889,-5.435950756072998,1
Clemson_p051_c1_grm_std_uni,1,7.153927803039551,-5.653093338012695,1
Clemson_p051_c1_grm_std_uni,1,6.766115665435791,-5.465149402618408,1
Clemson_p051_c1_grm_std_uni,1,6.821264743804932,-5.614591598510742,1
Clemson_p051_c1_grm_std_uni,1,6.63090705871582,-5.501218795776367,1
Clemson_p051_c1_grm_std_uni,1,6.605370044708252,-5.511237144470215,1
Clemson_p051_c1_grm_std_uni,1,6.511438846588135,-5.392945766448975,1
Clemson_p051_c1_grm_std_uni,1,6.603762626647949,-5.422379016876221,1
Clemson_p051_c1_grm_std_uni,1,6.693201541900635,-5.487532615661621,1
Clemson_p051_c1_grm_std_uni,1,6.658323287963867,-5.460874080657959,1
Clemson_p051_c1_grm_std_uni,1,6.641704082489014,-5.403448581695557,1
Clemson_p051_c1_grm_std_uni,1,6.683904647827148,-5.402197360992432,1
Clemson_p051_c1_grm_std_uni,1,6.708804607391357,-5.389624118804932,1
Clemson_p051_c1_grm_std_uni,1,6.730494976043701,-5.353335857391357,1
Clemson_p051_c1_grm_std_uni,1,6.72095251083374,-5.278677463531494,1
Clemson_p051_c1_grm_std_uni,1,6.638427257537842,-5.143517017364502,1
Clemson_p051_c1_grm_std_uni,1,6.5823140144348145,-5.060777187347412,1
Clemson_p051_c1_grm_std_uni,1,6.514856815338135,-5.036476135253906,1
Clemson_p051_c1_grm_std_uni,1,6.349662780761719,-4.9894304275512695,1
Clemson_p051_c1_grm_std_uni,1,6.189263820648193,-4.932606220245361,1
Clemson_p051_c1_grm_std_uni,1,6.083897113800049,-4.891939163208008,1
Clemson_p051_c1_grm_std_uni,1,5.985018730163574,-4.835867404937744,1
Clemson_p051_c1_grm_std_uni,1,5.880663871765137,-4.713655948638916,1
Clemson_p051_c1_grm_std_uni,1,6.033370018005371,-4.744818687438965,1
Clemson_p051_c1_grm_std_uni,1,6.0946784019470215,-4.707942485809326,1
Clemson_p051_c1_grm_std_uni,1,6.141001224517822,-4.724846363067627,1
Clemson_p051_c1_grm_std_uni,1,6.193878173828125,-4.800527095794678,1
Clemson_p051_c1_grm_std_uni,1,6.146835803985596,-4.817922115325928,1
Clemson_p051_c1_grm_std_uni,1,6.051745891571045,-4.820504665374756,1
Clemson_p051_c1_grm_std_uni,1,5.926969051361084,-4.778269290924072,1
Clemson_p051_c1_grm_std_uni,1,5.810818672180176,-4.716795444488525,1
Clemson_p051_c1_grm_std_uni,1,5.695847988128662,-4.64760160446167,1
Clemson_p051_c1_grm_std_uni,1,5.593608379364014,-4.542798042297363,1
Clemson_p051_c1_grm_std_uni,1,5.471979141235352,-4.402540683746338,1
Clemson_p051_c1_grm_std_uni,1,5.204468727111816,-4.163306713104248,1
Clemson_p051_c1_grm_std_uni,1,4.063748359680176,-3.0320322513580322,1
Clemson_p051_c1_grm_std_uni,1,3.899827480316162,-2.7184195518493652,1
Clemson_p051_c1_grm_std_uni,1,5.355079650878906,-4.863943576812744,1
Clemson_p051_c1_grm_std_uni,1,4.744748592376709,-4.2717204093933105,1
Clemson_p051_c1_grm_std_uni,1,4.390294551849365,-4.003324508666992,1
Clemson_p051_c1_grm_std_uni,1,5.359189033508301,-4.9332966804504395,1
Clemson_p051_c1_grm_std_uni,1,5.264554023742676,-5.076786994934082,1
Clemson_p051_c1_grm_std_uni,1,4.977531909942627,-5.0160088539123535,1
Clemson_p051_c1_grm_std_uni,1,4.613177299499512,-4.809685230255127,1
Clemson_p051_c1_grm_std_uni,1,4.283660411834717,-4.5624871253967285,1
Clemson_p051_c1_grm_std_uni,1,3.952535390853882,-4.095740795135498,1
Clemson_p051_c1_grm_std_uni,1,3.762300968170166,-3.6977243423461914,1
Clemson_p051_c1_grm_std_uni,1,2.3573031425476074,-2.3866045475006104,1
Clemson_p051_c1_grm_std_uni,1,1.924362301826477,-1.0512347221374512,1
Clemson_p051_c1_grm_std_uni,1,3.4021599292755127,-1.3225115537643433,1
Clemson_p051_c1_grm_std_uni,1,5.55057954788208,-3.2766053676605225,1
Clemson_p051_c1_grm_std_uni,1,5.880394458770752,-4.275187969207764,1
Clemson_p051_c1_grm_std_uni,1,5.759135723114014,-4.472288131713867,1
Clemson_p051_c1_grm_std_uni,1,5.810638904571533,-4.641227722167969,1
Clemson_p051_c1_grm_std_uni,1,5.7257080078125,-4.459561824798584,1
Clemson_p051_c1_grm_std_uni,1,5.681196212768555,-4.323753356933594,1
Clemson_p051_c1_grm_std_uni,1,5.338454723358154,-3.9596259593963623,1
Clemson_p051_c1_grm_std_uni,1,4.9782867431640625,-3.708461284637451,1
Clemson_p051_c1_grm_std_uni,1,5.502415657043457,-4.295506954193115,1
Clemson_p051_c1_grm_std_uni,1,5.385086536407471,-4.282773971557617,1
Clemson_p051_c1_grm_std_uni,1,5.573578357696533,-4.7928080558776855,1
Clemson_p051_c1_grm_std_uni,1,5.313060283660889,-4.706270694732666,1
Clemson_p051_c1_grm_std_uni,1,5.20104455947876,-4.619496822357178,1
Clemson_p051_c1_grm_std_uni,1,5.247128009796143,-4.556784152984619,1
Clemson_p051_c1_grm_std_uni,1,5.364419937133789,-4.541201591491699,1
Clemson_p051_c1_grm_std_uni,1,5.343214988708496,-4.361782550811768,1
Clemson_p051_c1_grm_std_uni,1,5.048860549926758,-3.936797857284546,1
Clemson_p051_c1_grm_std_uni,1,4.9759297370910645,-3.753530740737915,1
Clemson_p051_c1_grm_std_uni,1,5.339035511016846,-4.088398456573486,1
Clemson_p051_c1_grm_std_uni,1,5.099563121795654,-3.8711392879486084,1
Clemson_p051_c1_grm_std_uni,1,5.342617511749268,-4.15900993347168,1
Clemson_p051_c1_grm_std_uni,1,5.324276924133301,-4.214074611663818,1
Clemson_p051_c1_grm_std_uni,1,5.009457111358643,-3.9150846004486084,1
Clemson_p051_c1_grm_std_uni,1,3.8332159519195557,-2.56347393989563,1
Clemson_p051_c1_grm_std_uni,1,4.162221908569336,-2.9046225547790527,1
Clemson_p051_c1_grm_std_uni,1,5.437924385070801,-4.807535648345947,1
Clemson_p051_c1_grm_std_uni,1,5.136260032653809,-4.625627517700195,1
Clemson_p051_c1_grm_std_uni,1,4.536582946777344,-4.104737758636475,1
Clemson_p051_c1_grm_std_uni,1,4.6697611808776855,-4.64866304397583,1
Clemson_p051_c1_grm_std_uni,1,4.945376396179199,-4.8871331214904785,1
Clemson_p051_c1_grm_std_uni,1,4.8658246994018555,-4.753766059875488,1
Clemson_p051_c1_grm_std_uni,1,4.488234519958496,-4.362419605255127,1
Clemson_p051_c1_grm_std_uni,1,4.486734867095947,-4.318441867828369,1
Clemson_p051_c1_grm_std_uni,1,4.4217939376831055,-4.270205974578857,1
Clemson_p051_c1_grm_std_uni,1,4.346970558166504,-4.171092987060547,1
Clemson_p051_c1_grm_std_uni,1,4.612650394439697,-4.499528884887695,1
Clemson_p051_c1_grm_std_uni,1,4.610853672027588,-4.550937175750732,1
Clemson_p051_c1_grm_std_uni,1,4.720315933227539,-4.7213029861450195,1
Clemson_p051_c1_grm_std_uni,1,4.555717945098877,-4.625814437866211,1
Clemson_p051_c1_grm_std_uni,1,4.2544050216674805,-4.365875244140625,1
Clemson_p051_c1_grm_std_uni,1,4.002594947814941,-4.1856842041015625,1
Clemson_p051_c1_grm_std_uni,1,3.6788618564605713,-3.8721163272857666,1
Clemson_p051_c1_grm_std_uni,1,3.999566078186035,-3.700709581375122,1
Clemson_p051_c1_grm_std_uni,1,4.872456073760986,-4.0784783363342285,1
Clemson_p051_c1_grm_std_uni,1,4.878361701965332,-3.9386470317840576,1
Clemson_p051_c1_grm_std_uni,1,5.0413970947265625,-4.212248802185059,1
Clemson_p051_c1_grm_std_uni,1,4.9415788650512695,-4.2324652671813965,1
Clemson_p051_c1_grm_std_uni,1,4.321930885314941,-3.705819606781006,1
Clemson_p051_c1_grm_std_uni,1,3.832022190093994,-3.3498497009277344,1
Clemson_p051_c1_grm_std_uni,1,4.264679431915283,-3.570159912109375,1
Clemson_p051_c1_grm_std_uni,1,4.617246627807617,-3.9259021282196045,1
Clemson_p051_c1_grm_std_uni,1,4.58815860748291,-3.961904764175415,1
Clemson_p051_c1_grm_std_uni,1,4.665555477142334,-4.028954029083252,1
Clemson_p051_c1_grm_std_uni,1,4.406943321228027,-3.8391494750976562,1
Clemson_p051_c1_grm_std_uni,1,4.315225124359131,-3.770747423171997,1
Clemson_p051_c1_grm_std_uni,1,4.217922687530518,-3.756300926208496,1
Clemson_p051_c1_grm_std_uni,1,4.259398460388184,-3.815747022628784,1
Clemson_p051_c1_grm_std_uni,1,3.793487548828125,-3.363844633102417,1
Clemson_p051_c1_grm_std_uni,1,3.502638339996338,-3.0841825008392334,1
Clemson_p051_c1_grm_std_uni,1,3.946363925933838,-3.602172374725342,1
Clemson_p051_c1_grm_std_uni,1,4.052704334259033,-3.784579277038574,1
Clemson_p051_c1_grm_std_uni,1,4.021578788757324,-3.8925623893737793,1
Clemson_p051_c1_grm_std_uni,1,4.0538649559021,-3.933014392852783,1
Clemson_p051_c1_grm_std_uni,1,4.092729091644287,-3.9189841747283936,1
Clemson_p051_c1_grm_std_uni,1,4.351454734802246,-4.116775035858154,1
Clemson_p051_c1_grm_std_uni,1,4.593390464782715,-4.315281391143799,1
Clemson_p051_c1_grm_std_uni,1,4.805913925170898,-4.471890449523926,1
Clemson_p051_c1_grm_std_uni,1,4.757619857788086,-4.376861572265625,1
Clemson_p051_c1_grm_std_uni,1,4.805120944976807,-4.360119819641113,1
Clemson_p051_c1_grm_std_uni,1,4.893206596374512,-4.408309459686279,1
Clemson_p051_c1_grm_std_uni,1,4.906620979309082,-4.434700012207031,1
Clemson_p051_c1_grm_std_uni,1,4.935193061828613,-4.4589619636535645,1
Clemson_p051_c1_grm_std_uni,1,4.9023356437683105,-4.437108039855957,1
Clemson_p051_c1_grm_std_uni,1,4.870532035827637,-4.416443824768066,1
Clemson_p051_c1_grm_std_uni,1,4.773120403289795,-4.353139877319336,1
Clemson_p051_c1_grm_std_uni,1,4.592095375061035,-4.2482008934021,1
Clemson_p051_c1_grm_std_uni,1,4.36387825012207,-4.041181564331055,1
Clemson_p051_c1_grm_std_uni,1,4.018967628479004,-3.648806095123291,1
Clemson_p051_c1_grm_std_uni,1,3.2587814331054688,-2.934502601623535,1
Clemson_p051_c1_grm_std_uni,1,3.269615888595581,-2.8613479137420654,1
Clemson_p051_c1_grm_std_uni,1,4.019905090332031,-3.4309918880462646,1
Clemson_p051_c1_grm_std_uni,1,4.233554363250732,-3.8532230854034424,1
Clemson_p051_c1_grm_std_uni,1,3.9600930213928223,-3.726107597351074,1
Clemson_p051_c1_grm_std_uni,1,3.9302451610565186,-3.8026368618011475,1
Clemson_p051_c1_grm_std_uni,1,3.8634159564971924,-3.7801260948181152,1
Clemson_p051_c1_grm_std_uni,1,4.0528340339660645,-3.9001286029815674,1
Clemson_p051_c1_grm_std_uni,1,3.908346652984619,-3.6828203201293945,1
Clemson_p051_c1_grm_std_uni,1,3.9291486740112305,-3.570929527282715,1
Clemson_p051_c1_grm_std_uni,1,3.9954469203948975,-3.6405255794525146,1
Clemson_p051_c1_grm_std_uni,1,4.1122870445251465,-3.654021739959717,1
Clemson_p051_c1_grm_std_uni,1,4.252557754516602,-3.8100359439849854,1
Clemson_p051_c1_grm_std_uni,1,4.009421348571777,-3.5169334411621094,1
Clemson_p051_c1_grm_std_uni,1,3.8110647201538086,-3.2573742866516113,1
Clemson_p051_c1_grm_std_uni,1,3.9183316230773926,-3.4274442195892334,1
Clemson_p051_c1_grm_std_uni,1,4.156667709350586,-3.706022024154663,1
Clemson_p051_c1_grm_std_uni,1,4.359273910522461,-3.7535552978515625,1
Clemson_p051_c1_grm_std_uni,1,4.500991344451904,-4.01249885559082,1
Clemson_p051_c1_grm_std_uni,1,4.037237167358398,-3.7718892097473145,1
Clemson_p051_c1_grm_std_uni,1,3.5727694034576416,-3.4309630393981934,1
Clemson_p051_c1_grm_std_uni,1,3.7662107944488525,-3.5207743644714355,1
Clemson_p051_c1_grm_std_uni,1,4.31383752822876,-3.9781646728515625,1
Clemson_p051_c1_grm_std_uni,1,4.7754387855529785,-4.151451110839844,1
Clemson_p051_c1_grm_std_uni,1,5.079847812652588,-4.279306411743164,1
Clemson_p051_c1_grm_std_uni,1,5.083509922027588,-4.264012336730957,1
Clemson_p051_c1_grm_std_uni,1,5.414008617401123,-4.592127323150635,1
Clemson_p051_c1_grm_std_uni,1,5.400073528289795,-4.469205379486084,1
Clemson_p051_c1_grm_std_uni,1,5.1624755859375,-4.222979545593262,1
Clemson_p051_c1_grm_std_uni,1,4.790600299835205,-3.8725712299346924,1
Clemson_p051_c1_grm_std_uni,1,4.424578666687012,-3.6422133445739746,1
Clemson_p051_c1_grm_std_uni,1,4.5811638832092285,-4.0004096031188965,1
Clemson_p051_c1_grm_std_uni,1,4.5068793296813965,-3.8733747005462646,1
Clemson_p051_c1_grm_std_uni,1,4.373478889465332,-3.785587787628174,1
Clemson_p051_c1_grm_std_uni,1,4.324068546295166,-3.6190216541290283,1
Clemson_p051_c1_grm_std_uni,1,4.546712398529053,-3.7175538539886475,1
Clemson_p051_c1_grm_std_uni,1,4.410937786102295,-3.5950934886932373,1
Clemson_p051_c1_grm_std_uni,1,3.8741304874420166,-3.338819980621338,1
Clemson_p051_c1_grm_std_uni,1,4.124913692474365,-3.690891981124878,1
Clemson_p051_c1_grm_std_uni,1,4.441996097564697,-4.175405025482178,1
Clemson_p051_c1_grm_std_uni,1,3.878086566925049,-3.5553395748138428,1
Clemson_p051_c1_grm_std_uni,1,3.373953342437744,-3.170428514480591,1
Clemson_p051_c1_grm_std_uni,1,3.1325418949127197,-2.9337503910064697,1
Clemson_p051_c1_grm_std_uni,1,3.593148708343506,-3.404205083847046,1
Clemson_p051_c1_grm_std_uni,1,4.326936721801758,-3.9673447608947754,1
Clemson_p051_c1_grm_std_uni,1,4.690568923950195,-4.297241687774658,1
Clemson_p051_c1_grm_std_uni,1,4.675102710723877,-4.359087944030762,1
Clemson_p051_c1_grm_std_uni,1,4.623647689819336,-4.2602033615112305,1
Clemson_p051_c1_grm_std_uni,1,4.68676233291626,-4.302130222320557,1
Clemson_p051_c1_grm_std_uni,1,4.752634525299072,-4.504120349884033,1
Clemson_p051_c1_grm_std_uni,1,4.09328556060791,-3.8567605018615723,1
Clemson_p051_c1_grm_std_uni,1,1.1497546434402466,-1.4097990989685059,1
Clemson_p051_c1_grm_std_uni,1,1.186816930770874,-0.3997199237346649,1
Clemson_p051_c1_grm_std_uni,1,3.7299749851226807,-2.959559679031372,1
Clemson_p051_c1_grm_std_uni,1,5.834290981292725,-4.803014278411865,1
Clemson_p051_c1_grm_std_uni,1,6.8567585945129395,-6.0939860343933105,1
Clemson_p051_c1_grm_std_uni,1,6.726922512054443,-5.829779624938965,1
Clemson_p051_c1_grm_std_uni,1,6.11903190612793,-5.600830554962158,1
Clemson_p051_c1_grm_std_uni,1,6.226840496063232,-5.894213676452637,1
Clemson_p051_c1_grm_std_uni,1,5.804014205932617,-5.746499538421631,1
Clemson_p051_c1_grm_std_uni,1,5.947451591491699,-5.685937404632568,1
Clemson_p051_c1_grm_std_uni,1,6.042635917663574,-5.5860915184021,1
Clemson_p051_c1_grm_std_uni,1,5.960989475250244,-5.451959609985352,1
Clemson_p051_c1_grm_std_uni,1,5.785119533538818,-5.344024181365967,1
Clemson_p051_c1_grm_std_uni,1,5.883981704711914,-5.401858329772949,1
Clemson_p051_c1_grm_std_uni,1,5.872159481048584,-5.284307956695557,1
Clemson_p051_c1_grm_std_uni,1,4.864449501037598,-4.574315547943115,1
Clemson_p051_c1_grm_std_uni,1,5.886306285858154,-5.111223220825195,1
Clemson_p051_c1_grm_std_uni,1,5.931591510772705,-5.079689025878906,1
Clemson_p051_c1_grm_std_uni,1,5.62260627746582,-4.995668888092041,1
Clemson_p051_c1_grm_std_uni,1,5.395333290100098,-4.8537116050720215,1
Clemson_p051_c1_grm_std_uni,1,5.4627861976623535,-4.77633810043335,1
Clemson_p051_c1_grm_std_uni,1,5.30775785446167,-4.5471930503845215,1
Clemson_p051_c1_grm_std_uni,1,5.6738996505737305,-4.789628028869629,1
Clemson_p051_c1_grm_std_uni,1,5.724930763244629,-4.956260681152344,1
Clemson_p051_c1_grm_std_uni,1,5.907851696014404,-5.183590412139893,1
Clemson_p051_c1_grm_std_uni,1,5.8604536056518555,-5.219808101654053,1
Clemson_p051_c1_grm_std_uni,1,5.705835819244385,-5.020199775695801,1
Clemson_p051_c1_grm_std_uni,1,5.790047645568848,-4.972677707672119,1
Clemson_p051_c1_grm_std_uni,1,5.585556983947754,-4.755131721496582,1
Clemson_p051_c1_grm_std_uni,1,5.490086078643799,-4.663819789886475,1
Clemson_p051_c1_grm_std_uni,1,5.497425556182861,-4.787861347198486,1
Clemson_p051_c1_grm_std_uni,1,5.416748523712158,-4.671392917633057,1
Clemson_p051_c1_grm_std_uni,1,5.294916152954102,-4.462879657745361,1
Clemson_p051_c1_grm_std_uni,1,4.951024055480957,-4.033447265625,1
Clemson_p051_c1_grm_std_uni,1,4.76699161529541,-3.9298934936523438,1
Clemson_p051_c1_grm_std_uni,1,5.057110786437988,-4.343789577484131,1
Clemson_p051_c1_grm_std_uni,2,5.141060829162598,-4.60627555847168,1
Clemson_p051_c1_grm_std_uni,2,4.721090793609619,-4.383552074432373,1
Clemson_p051_c1_grm_std_uni,2,2.453552007675171,-3.0652923583984375,1
Clemson_p051_c1_grm_std_uni,2,1.6825577020645142,-1.9563801288604736,1
Clemson_p051_c1_grm_std_uni,2,3.6946027278900146,-3.6173431873321533,1
Clemson_p051_c1_grm_std_uni,2,5.856098651885986,-5.740478038787842,1
Clemson_p051_c1_grm_std_uni,2,5.872077465057373,-5.558996200561523,1
Clemson_p051_c1_grm_std_uni,2,5.529388904571533,-5.504263877868652,1
Clemson_p051_c1_grm_std_uni,2,4.761765480041504,-4.693882942199707,1
Clemson_p051_c1_grm_std_uni,2,4.272168159484863,-3.685041904449463,1
Clemson_p051_c1_grm_std_uni,2,4.767951488494873,-4.5367326736450195,1
Clemson_p051_c1_grm_std_uni,2,4.952164649963379,-4.891913414001465,1
Clemson_p051_c1_grm_std_uni,2,4.536329746246338,-4.478182792663574,1
Clemson_p051_c1_grm_std_uni,2,4.95917272567749,-4.707479476928711,1
Clemson_p051_c1_grm_std_uni,2,5.130204200744629,-4.928547382354736,1
Clemson_p051_c1_grm_std_uni,2,4.946162700653076,-4.853638172149658,1
Clemson_p051_c1_grm_std_uni,2,4.612807750701904,-4.562642574310303,1
Clemson_p051_c1_grm_std_uni,2,4.616113662719727,-4.512528419494629,1
Clemson_p051_c1_grm_std_uni,1,4.57466459274292,-4.44512939453125,1
Clemson_p051_c1_grm_std_uni,1,4.4398579597473145,-4.327406406402588,1
Clemson_p051_c1_grm_std_uni,1,4.560206890106201,-4.275510311126709,1
Clemson_p051_c1_grm_std_uni,1,4.754185676574707,-4.325805187225342,1
Clemson_p051_c1_grm_std_uni,1,4.850266456604004,-4.34210205078125,1
Clemson_p051_c1_grm_std_uni,1,4.951952934265137,-4.366405010223389,1
Clemson_p051_c1_grm_std_uni,1,4.984632968902588,-4.297178268432617,1
Clemson_p051_c1_grm_std_uni,1,5.015812397003174,-4.23199987411499,1
Clemson_p051_c1_grm_std_uni,1,5.046513557434082,-4.2020978927612305,1
Clemson_p051_c1_grm_std_uni,1,5.010061264038086,-4.150453090667725,1
Clemson_p051_c1_grm_std_uni,1,4.927306652069092,-4.106629848480225,1
Clemson_p051_c1_grm_std_uni,1,4.859870433807373,-4.0771589279174805,1
Clemson_p051_c1_grm_std_uni,1,4.935136318206787,-4.220365524291992,1
Clemson_p051_c1_grm_std_uni,1,4.952624797821045,-4.3083109855651855,1
Clemson_p051_c1_grm_std_uni,1,4.879228591918945,-4.2799530029296875,1
Clemson_p051_c1_grm_std_uni,1,4.910331726074219,-4.333345890045166,1
Clemson_p051_c1_grm_std_uni,1,4.917866230010986,-4.343931198120117,1
Clemson_p051_c1_grm_std_uni,1,4.9347758293151855,-4.355810165405273,1
Clemson_p051_c1_grm_std_uni,1,4.995290756225586,-4.404449462890625,1
Clemson_p051_c1_grm_std_uni,1,5.002181053161621,-4.398028373718262,1
Clemson_p051_c1_grm_std_uni,1,5.0686869621276855,-4.434264659881592,1
Clemson_p051_c1_grm_std_uni,1,5.121364116668701,-4.458481788635254,1
Clemson_p051_c1_grm_std_uni,1,5.097357749938965,-4.42302942276001,1
Clemson_p051_c1_grm_std_uni,1,5.11578369140625,-4.436605930328369,1
Clemson_p051_c1_grm_std_uni,1,5.063172817230225,-4.388586521148682,1
Clemson_p051_c1_grm_std_uni,1,5.057290554046631,-4.389394283294678,1
Clemson_p051_c1_grm_std_uni,1,5.140971660614014,-4.465889930725098,1
Clemson_p051_c1_grm_std_uni,1,5.150076389312744,-4.473054885864258,1
Clemson_p051_c1_grm_std_uni,1,5.153505325317383,-4.477921485900879,1
Clemson_p051_c1_grm_std_uni,1,5.131386756896973,-4.459258079528809,1
Clemson_p051_c1_grm_std_uni,1,5.1440839767456055,-4.486372470855713,1
Clemson_p051_c1_grm_std_uni,1,5.185080528259277,-4.506981372833252,1
Clemson_p051_c1_grm_std_uni,1,5.213080406188965,-4.514543056488037,1
Clemson_p051_c1_grm_std_uni,1,5.19435977935791,-4.475922584533691,1
Clemson_p051_c1_grm_std_uni,1,5.07844877243042,-4.3558831214904785,1
Clemson_p051_c1_grm_std_uni,1,5.028863430023193,-4.340877056121826,1
Clemson_p051_c1_grm_std_uni,1,4.955512046813965,-4.280793190002441,1
Clemson_p051_c1_grm_std_uni,1,4.8826003074646,-4.187317848205566,1
Clemson_p051_c1_grm_std_uni,1,4.821810245513916,-4.0919060707092285,1
Clemson_p051_c1_grm_std_uni,1,4.73308801651001,-3.9441781044006348,1
Clemson_p051_c1_grm_std_uni,1,4.874326229095459,-4.027057647705078,1
Clemson_p051_c1_grm_std_uni,1,5.038907527923584,-4.229877948760986,1
Clemson_p051_c1_grm_std_uni,1,4.6828694343566895,-3.8164584636688232,1
Clemson_p051_c1_grm_std_uni,1,4.6299638748168945,-3.674274444580078,1
Clemson_p051_c1_grm_std_uni,1,5.084410667419434,-4.079611778259277,1
Clemson_p051_c1_grm_std_uni,1,5.293728828430176,-4.096884250640869,1
Clemson_p051_c1_grm_std_uni,1,5.347145080566406,-4.194345951080322,1
Clemson_p051_c1_grm_std_uni,1,5.341090202331543,-4.234426498413086,1
Clemson_p051_c1_grm_std_uni,1,5.38248872756958,-4.325059413909912,1
Clemson_p051_c1_grm_std_uni,1,5.412892818450928,-4.398001670837402,1
Clemson_p051_c1_grm_std_uni,1,5.449339866638184,-4.46623420715332,1
Clemson_p051_c1_grm_std_uni,1,5.480888843536377,-4.482308387756348,1
Clemson_p051_c1_grm_std_uni,1,5.627838611602783,-4.6140241622924805,1
Clemson_p051_c1_grm_std_uni,1,5.699328422546387,-4.678046226501465,1
Clemson_p051_c1_grm_std_uni,1,5.67440938949585,-4.696805000305176,1
Clemson_p051_c1_grm_std_uni,1,5.49903678894043,-4.600271701812744,1
Clemson_p051_c1_grm_std_uni,1,5.152986526489258,-4.308135509490967,1
Clemson_p051_c1_grm_std_uni,1,4.73675012588501,-3.727342128753662,1
Clemson_p051_c1_grm_std_uni,1,4.244425296783447,-3.0642306804656982,1
Clemson_p051_c1_grm_std_uni,1,4.1455912590026855,-2.8735127449035645,1
Clemson_p051_c1_grm_std_uni,1,3.72735857963562,-2.6967599391937256,1
Clemson_p051_c1_grm_std_uni,1,1.8693625926971436,-1.9689898490905762,1
Clemson_p051_c1_grm_std_uni,1,1.1920552253723145,-0.36889883875846863,1
Clemson_p051_c1_grm_std_uni,1,3.4418139457702637,-1.6128329038619995,1
Clemson_p051_c1_grm_std_uni,1,6.106448650360107,-3.87638258934021,1
Clemson_p051_c1_grm_std_uni,1,6.041714191436768,-4.1819682121276855,1
Clemson_p051_c1_grm_std_uni,1,5.719875812530518,-4.507016181945801,1
Clemson_p051_c1_grm_std_uni,1,5.593116283416748,-4.727313041687012,1
Clemson_p051_c1_grm_std_uni,1,5.391992092132568,-4.72680139541626,1
Clemson_p051_c1_grm_std_uni,1,5.451334476470947,-4.735950946807861,1
Clemson_p051_c1_grm_std_uni,1,5.5109357833862305,-4.734839916229248,1
Clemson_p051_c1_grm_std_uni,1,5.52316951751709,-4.7118916511535645,1
Clemson_p051_c1_grm_std_uni,1,5.534693717956543,-4.6890950202941895,1
Clemson_p051_c1_grm_std_uni,1,5.4493865966796875,-4.5836710929870605,1
Clemson_p051_c1_grm_std_uni,1,5.327121257781982,-4.455402851104736,1
Clemson_p051_c1_grm_std_uni,1,5.072281360626221,-4.252159595489502,1
Clemson_p051_c1_grm_std_uni,1,4.8746442794799805,-4.209160327911377,1
Clemson_p051_c1_grm_std_uni,1,4.735198020935059,-4.261002063751221,1
Clemson_p051_c1_grm_std_uni,1,4.494032382965088,-4.267563343048096,1
Clemson_p051_c1_grm_std_uni,1,4.730208396911621,-4.479984760284424,1
Clemson_p051_c1_grm_std_uni,1,4.849673748016357,-4.52647590637207,1
Clemson_p051_c1_grm_std_uni,1,4.597382545471191,-4.429279804229736,1
Clemson_p051_c1_grm_std_uni,1,4.500223159790039,-4.11494779586792,1
Clemson_p051_c1_grm_std_uni,1,4.2626519203186035,-3.91805362701416,1
Clemson_p051_c1_grm_std_uni,1,2.8213112354278564,-2.4593043327331543,1
Clemson_p051_c1_grm_std_uni,1,2.158504009246826,-1.328356146812439,1
Clemson_p051_c1_grm_std_uni,1,3.555466413497925,-2.8337433338165283,1
Clemson_p051_c1_grm_std_uni,1,5.6298508644104,-4.279162883758545,1
Clemson_p051_c1_grm_std_uni,1,6.9455790519714355,-4.585422992706299,1
Clemson_p051_c1_grm_std_uni,1,8.056137084960938,-5.2230939865112305,1
Clemson_p051_c1_grm_std_uni,1,8.097275733947754,-5.856400966644287,1
Clemson_p051_c1_grm_std_uni,1,7.9218034744262695,-5.866569995880127,1
Clemson_p051_c1_grm_std_uni,1,8.104564666748047,-5.8758463859558105,1
Clemson_p051_c1_grm_std_uni,1,8.554388999938965,-5.884983539581299,1
Clemson_p051_c1_grm_std_uni,1,9.132615089416504,-6.35626220703125,1
Clemson_p051_c1_grm_std_uni,1,8.977835655212402,-6.367668151855469,1
Clemson_p051_c1_grm_std_uni,1,9.01149845123291,-7.148636341094971,1
Clemson_p051_c1_grm_std_uni,1,8.198546409606934,-6.634776592254639,1
Clemson_p051_c1_grm_std_uni,1,7.4083685874938965,-6.1026153564453125,1
Clemson_p051_c1_grm_std_uni,1,6.600718975067139,-5.6952056884765625,1
Clemson_p051_c1_grm_std_uni,1,6.3364410400390625,-5.714334011077881,1
Clemson_p051_c1_grm_std_uni,1,6.149894714355469,-5.808425426483154,1
Clemson_p051_c1_grm_std_uni,1,5.992543697357178,-5.856342792510986,1
Clemson_p051_c1_grm_std_uni,1,5.721620559692383,-5.690346717834473,1
Clemson_p051_c1_grm_std_uni,1,5.747866630554199,-5.79967737197876,1
Clemson_p051_c1_grm_std_uni,1,5.661733150482178,-5.758810043334961,1
Clemson_p051_c1_grm_std_uni,1,5.663422107696533,-5.754791259765625,1
Clemson_p051_c1_grm_std_uni,1,5.714913368225098,-5.646637439727783,1
Clemson_p051_c1_grm_std_uni,1,5.260238170623779,-4.9152350425720215,1
Clemson_p051_c1_grm_std_uni,1,4.7516093254089355,-4.3023529052734375,1
Clemson_p051_c1_grm_std_uni,1,4.516714096069336,-4.0334649085998535,1
Clemson_p051_c1_grm_std_uni,1,4.521836280822754,-3.7480552196502686,1
Clemson_p051_c1_grm_std_uni,1,4.527653694152832,-3.4173247814178467,1
Clemson_p051_c1_grm_std_uni,1,4.538663864135742,-3.368833303451538,1
Clemson_p051_c1_grm_std_uni,1,5.533606052398682,-3.9786341190338135,1
Clemson_p051_c1_grm_std_uni,1,6.664571762084961,-4.738579750061035,1
Clemson_p051_c1_grm_std_uni,1,6.99488639831543,-4.926535606384277,1
Clemson_p051_c1_grm_std_uni,1,6.157983779907227,-4.065221309661865,1
Clemson_p051_c1_grm_std_uni,1,6.429792404174805,-3.898927927017212,1
Clemson_p051_c1_grm_std_uni,1,7.492469787597656,-4.67508602142334,1
Clemson_p051_c1_grm_std_uni,1,7.612532138824463,-4.905273914337158,1
Clemson_p051_c1_grm_std_uni,1,7.192216396331787,-5.122329235076904,1
Clemson_p051_c1_grm_std_uni,1,6.539399147033691,-5.0639142990112305,1
Clemson_p051_c1_grm_std_uni,1,6.293194770812988,-5.033010959625244,1
Clemson_p051_c1_grm_std_uni,1,6.133582592010498,-5.011244297027588,1
Clemson_p051_c1_grm_std_uni,1,5.957942008972168,-4.9758195877075195,1
Clemson_p051_c1_grm_std_uni,1,6.041911602020264,-5.010800361633301,1
Clemson_p051_c1_grm_std_uni,1,5.969913959503174,-4.9799041748046875,1
Clemson_p051_c1_grm_std_uni,1,6.115921974182129,-5.117230415344238,1
Clemson_p051_c1_grm_std_uni,1,6.31312370300293,-5.281708717346191,1
Clemson_p051_c1_grm_std_uni,1,6.455162048339844,-5.377354145050049,1
Clemson_p051_c1_grm_std_uni,1,6.472384452819824,-5.330906867980957,1
Clemson_p051_c1_grm_std_uni,1,6.446988582611084,-5.2504377365112305,1
Clemson_p051_c1_grm_std_uni,1,6.391339302062988,-5.1862473487854,1
Clemson_p051_c1_grm_std_uni,1,6.438545227050781,-5.185882568359375,1
Clemson_p051_c1_grm_std_uni,1,6.567185878753662,-5.242225646972656,1
Clemson_p051_c1_grm_std_uni,1,6.949032306671143,-5.468535900115967,1
Clemson_p051_c1_grm_std_uni,1,6.813778877258301,-5.3222150802612305,1
Clemson_p051_c1_grm_std_uni,1,6.714931011199951,-5.252660274505615,1
Clemson_p051_c1_grm_std_uni,1,6.606836318969727,-5.23416805267334,1
Clemson_p051_c1_grm_std_uni,1,6.401635646820068,-5.181078910827637,1
Clemson_p051_c1_grm_std_uni,1,6.185133457183838,-5.107853889465332,1
Clemson_p051_c1_grm_std_uni,1,5.8653693199157715,-4.93044376373291,1
Clemson_p051_c1_grm_std_uni,1,5.569140911102295,-4.7366743087768555,1
Clemson_p051_c1_grm_std_uni,1,5.288314342498779,-4.536616802215576,1
Clemson_p051_c1_grm_std_uni,1,4.936343669891357,-4.262967586517334,1
Clemson_p051_c1_grm_std_uni,1,4.729116439819336,-4.058880805969238,1
Clemson_p051_c1_grm_std_uni,1,4.131474018096924,-3.5097615718841553,1
Clemson_p051_c1_grm_std_uni,1,4.671739101409912,-3.8804476261138916,1
Clemson_p051_c1_grm_std_uni,1,4.986578464508057,-4.117152690887451,1
Clemson_p051_c1_grm_std_uni,1,5.063647747039795,-3.9954681396484375,1
Clemson_p051_c1_grm_std_uni,1,4.874032020568848,-3.8050272464752197,1
Clemson_p051_c1_grm_std_uni,1,5.138396739959717,-4.155348300933838,1
Clemson_p051_c1_grm_std_uni,1,5.364997386932373,-4.3895745277404785,1
Clemson_p051_c1_grm_std_uni,1,5.469461917877197,-4.552985668182373,1
Clemson_p051_c1_grm_std_uni,1,5.953498840332031,-4.79075288772583,1
Clemson_p051_c1_grm_std_uni,1,6.836740493774414,-5.217544078826904,1
Clemson_p051_c1_grm_std_uni,1,6.945706367492676,-5.034239292144775,1
Clemson_p051_c1_grm_std_uni,1,6.625519275665283,-4.8992133140563965,1
Clemson_p051_c1_grm_std_uni,1,6.310469627380371,-4.900946140289307,1
Clemson_p051_c1_grm_std_uni,1,6.186888694763184,-5.120839595794678,1
Clemson_p051_c1_grm_std_uni,1,6.02687931060791,-5.188880443572998,1
Clemson_p051_c1_grm_std_uni,1,5.881662845611572,-5.138022422790527,1
Clemson_p051_c1_grm_std_uni,1,5.745633602142334,-5.037240505218506,1
Clemson_p051_c1_grm_std_uni,1,5.629802227020264,-4.919287204742432,1
Clemson_p051_c1_grm_std_uni,1,5.423728942871094,-4.673216819763184,1
Clemson_p051_c1_grm_std_uni,1,5.035356044769287,-4.259603500366211,1
Clemson_p051_c1_grm_std_uni,1,4.14123010635376,-3.5311973094940186,1
Clemson_p051_c1_grm_std_uni,1,4.23901891708374,-3.3961522579193115,1
Clemson_p051_c1_grm_std_uni,1,4.729372024536133,-3.5543978214263916,1
Clemson_p051_c1_grm_std_uni,1,4.775599479675293,-3.5631463527679443,1
Clemson_p051_c1_grm_std_uni,1,4.87532377243042,-3.7162318229675293,1
Clemson_p051_c1_grm_std_uni,1,5.1749067306518555,-4.164303302764893,1
Clemson_p051_c1_grm_std_uni,1,5.172705173492432,-4.426831245422363,1
Clemson_p051_c1_grm_std_uni,1,4.7093119621276855,-4.104865074157715,1
Clemson_p051_c1_grm_std_uni,1,4.664961814880371,-4.205277442932129,1
Clemson_p051_c1_grm_std_uni,1,4.654593467712402,-4.110720157623291,1
Clemson_p051_c1_grm_std_uni,1,4.242109775543213,-3.7657086849212646,1
Clemson_p051_c1_grm_std_uni,1,3.4099676609039307,-3.1877946853637695,1
Clemson_p051_c1_grm_std_uni,1,2.898576021194458,-2.6147477626800537,1
Clemson_p051_c1_grm_std_uni,1,4.347769737243652,-3.538043737411499,1
Clemson_p051_c1_grm_std_uni,1,5.500783443450928,-4.27956485748291,1
Clemson_p051_c1_grm_std_uni,1,4.989836692810059,-3.8150975704193115,1
Clemson_p051_c1_grm_std_uni,1,4.153818607330322,-3.10148024559021,1
Clemson_p051_c1_grm_std_uni,1,4.008517742156982,-3.0753417015075684,1
Clemson_p051_c1_grm_std_uni,1,4.397584915161133,-3.6741855144500732,1
Clemson_p051_c1_grm_std_uni,1,4.767604351043701,-4.224136829376221,1
Clemson_p051_c1_grm_std_uni,1,5.233606338500977,-4.571112632751465,1
Clemson_p051_c1_grm_std_uni,1,4.989686012268066,-4.426522254943848,1
Clemson_p051_c1_grm_std_uni,1,4.6959733963012695,-4.459127902984619,1
Clemson_p051_c1_grm_std_uni,1,3.9357569217681885,-4.233340740203857,1
Clemson_p051_c1_grm_std_uni,1,2.3006365299224854,-2.600224256515503,1
Clemson_p051_c1_grm_std_uni,1,1.6687564849853516,-2.0540144443511963,1
Clemson_p051_c1_grm_std_uni,1,4.4540276527404785,-4.405884265899658,1
Clemson_p051_c1_grm_std_uni,1,5.402455806732178,-5.21579647064209,1
Clemson_p051_c1_grm_std_uni,1,6.183175086975098,-5.83643102645874,1
Clemson_p051_c1_grm_std_uni,1,6.83572244644165,-6.1094889640808105,1
Clemson_p051_c1_grm_std_uni,1,7.232241630554199,-5.830077648162842,1
Clemson_p051_c1_grm_std_uni,1,8.68358039855957,-6.485306262969971,1
Clemson_p051_c1_grm_std_uni,1,8.327069282531738,-6.2396135330200195,1
Clemson_p051_c1_grm_std_uni,1,8.40463638305664,-6.184876918792725,1
Clemson_p051_c1_grm_std_uni,1,8.24463939666748,-6.114638328552246,1
Clemson_p051_c1_grm_std_uni,1,7.853652000427246,-6.045399188995361,1
Clemson_p051_c1_grm_std_uni,1,7.381985664367676,-5.820021629333496,1
Clemson_p051_c1_grm_std_uni,1,7.172343730926514,-5.599063396453857,1
Clemson_p051_c1_grm_std_uni,1,7.110649585723877,-5.42928409576416,1
Clemson_p051_c1_grm_std_uni,1,6.869530200958252,-5.148776531219482,1
Clemson_p051_c1_grm_std_uni,1,5.663386344909668,-4.324220657348633,1
Clemson_p051_c1_grm_std_uni,1,6.298936367034912,-4.374059677124023,1
Clemson_p051_c1_grm_std_uni,1,6.903444766998291,-4.674123287200928,1
Clemson_p051_c1_grm_std_uni,1,7.0384135246276855,-4.809868335723877,1
Clemson_p051_c1_grm_std_uni,1,6.0251946449279785,-4.164607524871826,1
Clemson_p051_c1_grm_std_uni,1,4.412713527679443,-3.1272284984588623,1
Clemson_p051_c1_grm_std_uni,1,4.474105358123779,-2.500988721847534,1
Clemson_p051_c1_grm_std_uni,1,5.773595809936523,-3.677232503890991,1
Clemson_p051_c1_grm_std_uni,1,8.120972633361816,-6.1958489418029785,1
Clemson_p051_c1_grm_std_uni,1,7.992082595825195,-6.269721984863281,1
Clemson_p051_c1_grm_std_uni,1,7.160467624664307,-5.779339790344238,1
Clemson_p051_c1_grm_std_uni,1,6.908628463745117,-5.466341972351074,1
Clemson_p051_c1_grm_std_uni,1,7.743696689605713,-6.192051887512207,1
Clemson_p051_c1_grm_std_uni,1,7.223291873931885,-5.716658592224121,1
Clemson_p051_c1_grm_std_uni,1,6.504411697387695,-5.052262783050537,1
Clemson_p051_c1_grm_std_uni,1,6.927698612213135,-5.427760124206543,1
Clemson_p051_c1_grm_std_uni,1,7.120856761932373,-5.546950340270996,1
Clemson_p051_c1_grm_std_uni,1,7.276722431182861,-5.704611301422119,1
Clemson_p051_c1_grm_std_uni,1,7.331765651702881,-5.833906650543213,1
Clemson_p051_c1_grm_std_uni,1,7.014762878417969,-5.681500434875488,1
Clemson_p051_c1_grm_std_uni,1,7.156996250152588,-5.78039026260376,1
Clemson_p051_c1_grm_std_uni,1,7.188714981079102,-5.683125972747803,1
Clemson_p051_c1_grm_std_uni,1,6.884044170379639,-5.187718391418457,1
Clemson_p051_c1_grm_std_uni,1,6.769168376922607,-4.981468677520752,1
Clemson_p051_c1_grm_std_uni,1,6.878497123718262,-5.0542707443237305,1
Clemson_p051_c1_grm_std_uni,1,6.278875827789307,-4.73699426651001,1
Clemson_p051_c1_grm_std_uni,1,6.533304691314697,-5.318053722381592,1
Clemson_p051_c1_grm_std_uni,1,6.264223575592041,-5.320533275604248,1
Clemson_p051_c1_grm_std_uni,1,6.188691139221191,-5.245650291442871,1
Clemson_p051_c1_grm_std_uni,1,6.111399173736572,-5.123298168182373,1
Clemson_p051_c1_grm_std_uni,1,6.08778715133667,-5.051454544067383,1
Clemson_p051_c1_grm_std_uni,1,6.127187728881836,-5.016435623168945,1
Clemson_p051_c1_grm_std_uni,1,6.0938944816589355,-4.98500919342041,1
Clemson_p051_c1_grm_std_uni,1,6.0609025955200195,-4.957818508148193,1
Clemson_p051_c1_grm_std_uni,1,6.079113960266113,-4.973176956176758,1
Clemson_p051_c1_grm_std_uni,1,6.039933204650879,-4.962489128112793,1
Clemson_p051_c1_grm_std_uni,1,6.061074256896973,-4.978632926940918,1
Clemson_p051_c1_grm_std_uni,1,6.0824432373046875,-5.013421535491943,1
Clemson_p051_c1_grm_std_uni,1,6.117457866668701,-5.047196865081787,1
Clemson_p051_c1_grm_std_uni,1,6.073404312133789,-5.030428886413574,1
Clemson_p051_c1_grm_std_uni,1,6.011579513549805,-5.005064964294434,1
Clemson_p051_c1_grm_std_uni,1,5.9419779777526855,-4.9715576171875,1
Clemson_p051_c1_grm_std_uni,1,5.836724758148193,-4.90012788772583,1
Clemson_p051_c1_grm_std_uni,1,5.66681432723999,-4.787694454193115,1
Clemson_p051_c1_grm_std_uni,1,5.4159016609191895,-4.611432075500488,1
Clemson_p051_c1_grm_std_uni,1,5.306990623474121,-4.507361888885498,1
Clemson_p051_c1_grm_std_uni,1,5.364427089691162,-4.476860046386719,1
Clemson_p051_c1_grm_std_uni,1,5.814482688903809,-4.855949401855469,1
Clemson_p051_c1_grm_std_uni,1,5.675661087036133,-4.746612071990967,1
Clemson_p051_c1_grm_std_uni,1,5.59911584854126,-4.703150749206543,1
Clemson_p051_c1_grm_std_uni,1,5.5884528160095215,-4.714320659637451,1
Clemson_p051_c1_grm_std_uni,1,5.5748138427734375,-4.712273120880127,1
Clemson_p051_c1_grm_std_uni,1,5.572543144226074,-4.709998607635498,1
Clemson_p051_c1_grm_std_uni,1,5.576573848724365,-4.7472310066223145,1
Clemson_p051_c1_grm_std_uni,1,5.504765510559082,-4.712067604064941,1
Clemson_p051_c1_grm_std_uni,1,5.3705315589904785,-4.623366355895996,1
Clemson_p051_c1_grm_std_uni,1,5.208893775939941,-4.507944583892822,1
Clemson_p051_c1_grm_std_uni,1,5.08546257019043,-4.384535789489746,1
Clemson_p051_c1_grm_std_uni,1,5.010231971740723,-4.253605842590332,1
Clemson_p051_c1_grm_std_uni,1,4.767988204956055,-3.9836604595184326,1
Clemson_p051_c1_grm_std_uni,1,4.988702774047852,-4.109560966491699,1
Clemson_p051_c1_grm_std_uni,1,5.290580749511719,-4.391366481781006,1
Clemson_p051_c1_grm_std_uni,1,5.370225429534912,-4.539239406585693,1
Clemson_p051_c1_grm_std_uni,1,5.1993584632873535,-4.436886787414551,1
Clemson_p051_c1_grm_std_uni,1,4.98314094543457,-4.276875019073486,1
Clemson_p051_c1_grm_std_uni,1,4.85387659072876,-4.203413486480713,1
Clemson_p051_c1_grm_std_uni,1,4.573723793029785,-4.026008129119873,1
Clemson_p051_c1_grm_std_uni,1,4.193509578704834,-3.7905080318450928,1
Clemson_p051_c1_grm_std_uni,1,4.150348663330078,-3.7485992908477783,1
Clemson_p051_c1_grm_std_uni,1,4.101316452026367,-3.53222393989563,1
Clemson_p051_c1_grm_std_uni,1,4.024710178375244,-3.3133273124694824,1
Clemson_p051_c1_grm_std_uni,1,4.2838921546936035,-3.431922435760498,1
Clemson_p051_c1_grm_std_uni,1,4.508415222167969,-3.8004934787750244,1
Clemson_p051_c1_grm_std_uni,1,4.509603977203369,-4.087721347808838,1
Clemson_p051_c1_grm_std_uni,1,4.603055953979492,-4.199742794036865,1
Clemson_p051_c1_grm_std_uni,1,4.495508193969727,-4.058480739593506,1
Clemson_p051_c1_grm_std_uni,1,4.50517463684082,-4.019002914428711,1
Clemson_p051_c1_grm_std_uni,1,4.440229892730713,-3.9635653495788574,1
Clemson_p051_c1_grm_std_uni,1,4.24556303024292,-3.8211703300476074,1
Clemson_p051_c1_grm_std_uni,1,3.7659218311309814,-3.3543670177459717,1
Clemson_p051_c1_grm_std_uni,1,3.149627208709717,-2.7193992137908936,1
Clemson_p051_c1_grm_std_uni,1,2.770664691925049,-2.563005208969116,1
Clemson_p051_c1_grm_std_uni,1,3.2889163494110107,-2.849947929382324,1
Clemson_p051_c1_grm_std_uni,1,3.9837870597839355,-3.330718994140625,1
Clemson_p051_c1_grm_std_uni,1,4.209061145782471,-3.5780415534973145,1
Clemson_p051_c1_grm_std_uni,1,4.382668972015381,-3.909024477005005,1
Clemson_p051_c1_grm_std_uni,1,4.427881240844727,-4.044919490814209,1
Clemson_p051_c1_grm_std_uni,1,4.1543169021606445,-3.8170769214630127,1
Clemson_p051_c1_grm_std_uni,1,2.860351800918579,-2.321711301803589,1
Clemson_p051_c1_grm_std_uni,1,1.4712570905685425,-1.2121219635009766,1
Clemson_p051_c1_grm_std_uni,1,2.5691657066345215,-2.1833810806274414,1
Clemson_p051_c1_grm_std_uni,1,4.341444969177246,-3.6855881214141846,1
Clemson_p051_c1_grm_std_uni,1,4.993940353393555,-3.857506275177002,1
Clemson_p051_c1_grm_std_uni,1,4.764159679412842,-3.815399169921875,1
Clemson_p051_c1_grm_std_uni,1,4.649916172027588,-3.857055187225342,1
Clemson_p051_c1_grm_std_uni,1,4.653676986694336,-3.8781018257141113,1
Clemson_p051_c1_grm_std_uni,1,4.863210678100586,-4.300594806671143,1
Clemson_p051_c1_grm_std_uni,1,4.58239221572876,-4.422600269317627,1
Clemson_p051_c1_grm_std_uni,1,4.402331829071045,-4.450958728790283,1
Clemson_p051_c1_grm_std_uni,1,4.547808647155762,-4.561070919036865,1
Clemson_p051_c1_grm_std_uni,1,4.519598484039307,-4.5121378898620605,1
Clemson_p051_c1_grm_std_uni,1,4.505015850067139,-4.4816060066223145,1
Clemson_p051_c1_grm_std_uni,1,4.367095470428467,-4.4030961990356445,1
Clemson_p051_c1_grm_std_uni,1,4.372018814086914,-4.419678211212158,1
Clemson_p051_c1_grm_std_uni,1,4.480563163757324,-4.473846912384033,1
Clemson_p051_c1_grm_std_uni,1,4.593462944030762,-4.525557994842529,1
Clemson_p051_c1_grm_std_uni,1,4.598223686218262,-4.476425647735596,1
Clemson_p051_c1_grm_std_uni,1,4.449618339538574,-4.302064418792725,1
Clemson_p051_c1_grm_std_uni,1,4.398238182067871,-4.169086933135986,1
Clemson_p051_c1_grm_std_uni,1,4.39441442489624,-4.072568416595459,1
Clemson_p051_c1_grm_std_uni,1,4.466264247894287,-3.937823534011841,1
Clemson_p051_c1_grm_std_uni,1,4.556622505187988,-3.726754903793335,1
Clemson_p051_c1_grm_std_uni,1,4.672767639160156,-3.6291191577911377,1
Clemson_p051_c1_grm_std_uni,1,5.010106563568115,-3.821610689163208,1
Clemson_p051_c1_grm_std_uni,1,4.831648349761963,-3.6791775226593018,1
Clemson_p051_c1_grm_std_uni,1,5.18850040435791,-3.9479360580444336,1
Clemson_p051_c1_grm_std_uni,1,5.29824161529541,-4.019359111785889,1
Clemson_p051_c1_grm_std_uni,1,5.204530239105225,-3.989445447921753,1
Clemson_p051_c1_grm_std_uni,1,5.230668544769287,-4.120034217834473,1
Clemson_p051_c1_grm_std_uni,1,5.023942947387695,-4.0808796882629395,1
Clemson_p051_c1_grm_std_uni,1,5.402606010437012,-4.531022071838379,1
Clemson_p051_c1_grm_std_uni,1,5.253852367401123,-4.506599426269531,1
Clemson_p051_c1_grm_std_uni,1,5.2005109786987305,-4.404109001159668,1
Clemson_p051_c1_grm_std_uni,1,5.193009853363037,-4.3273701667785645,1
Clemson_p051_c1_grm_std_uni,1,5.24638032913208,-4.3652262687683105,1
Clemson_p051_c1_grm_std_uni,1,5.2556376457214355,-4.460694313049316,1
Clemson_p051_c1_grm_std_uni,1,4.532876014709473,-3.7736880779266357,1
Clemson_p051_c1_grm_std_uni,1,1.2770222425460815,-1.572581171989441,1
Clemson_p051_c1_grm_std_uni,1,1.263786792755127,-0.5111238360404968,1
Clemson_p051_c1_grm_std_uni,1,3.8269808292388916,-3.2353529930114746,1
Clemson_p051_c1_grm_std_uni,1,7.575500965118408,-6.404605388641357,1
Clemson_p051_c1_grm_std_uni,1,7.540430068969727,-6.257078647613525,1
Clemson_p051_c1_grm_std_uni,1,6.6101226806640625,-5.640588283538818,1
Clemson_p051_c1_grm_std_uni,1,6.201585292816162,-5.274237155914307,1
Clemson_p051_c1_grm_std_uni,1,6.438859462738037,-5.397701740264893,1
Clemson_p051_c1_grm_std_uni,1,7.25182580947876,-6.128692626953125,1
Clemson_p051_c1_grm_std_uni,1,7.040861129760742,-6.0199785232543945,1
Clemson_p051_c1_grm_std_uni,1,6.799389839172363,-5.785067558288574,1
Clemson_p051_c1_grm_std_uni,1,6.54276704788208,-5.496801376342773,1
Clemson_p051_c1_grm_std_uni,1,6.267483711242676,-5.15462064743042,1
Clemson_p051_c1_grm_std_uni,1,6.424899578094482,-5.121641159057617,1
Clemson_p051_c1_grm_std_uni,1,6.682158946990967,-5.479529857635498,1
Clemson_p051_c1_grm_std_uni,1,7.01565408706665,-6.170639514923096,1
Clemson_p051_c1_grm_std_uni,1,7.162632942199707,-6.580397605895996,1
Clemson_p051_c1_grm_std_uni,1,6.646363735198975,-5.9315876960754395,1
Clemson_p051_c1_grm_std_uni,1,6.770590305328369,-5.955250263214111,1
Clemson_p051_c1_grm_std_uni,1,6.439881324768066,-5.518098831176758,1
Clemson_p051_c1_grm_std_uni,1,6.435229778289795,-5.4065070152282715,1
Clemson_p051_c1_grm_std_uni,1,6.392165184020996,-5.509799003601074,1
Clemson_p051_c1_grm_std_uni,2,5.998771667480469,-5.20123815536499,1
Clemson_p051_c1_grm_std_uni,2,5.020876407623291,-3.9715359210968018,1
Clemson_p051_c1_grm_std_uni,2,4.324819087982178,-3.3900911808013916,1
Clemson_p051_c1_grm_std_uni,2,3.8689043521881104,-2.9257400035858154,1
Clemson_p051_c1_grm_std_uni,2,4.263666152954102,-3.3087356090545654,1
Clemson_p051_c1_grm_std_uni,2,5.6819305419921875,-4.993360996246338,1
Clemson_p051_c1_grm_std_uni,2,6.416659355163574,-5.4297566413879395,1
Clemson_p051_c1_grm_std_uni,2,6.236271381378174,-5.43493127822876,1
Clemson_p051_c1_grm_std_uni,2,6.222031593322754,-5.677457332611084,1
Clemson_p051_c1_grm_std_uni,2,5.989531517028809,-5.608365058898926,1
Clemson_p051_c1_grm_std_uni,2,5.85460090637207,-5.444349765777588,1
Clemson_p051_c1_grm_std_uni,2,5.733769416809082,-5.218686103820801,1
Clemson_p051_c1_grm_std_uni,2,5.340606212615967,-4.893691539764404,1
Clemson_p051_c1_grm_std_uni,2,4.949235916137695,-4.318188667297363,1
Clemson_p051_c1_grm_std_uni,2,5.864027500152588,-4.709524154663086,1
Clemson_p051_c1_grm_std_uni,2,6.6641340255737305,-5.26708459854126,1
Clemson_p051_c1_grm_std_uni,2,6.676785469055176,-4.9635844230651855,1
Clemson_p051_c1_grm_std_uni,2,6.169257164001465,-4.519448280334473,1
Clemson_p051_c1_grm_std_uni,2,5.637903690338135,-4.183672904968262,1
Clemson_p051_c1_grm_std_uni,2,5.424095630645752,-4.567441463470459,1
Clemson_p051_c1_grm_std_uni,2,5.846060752868652,-4.829615592956543,1
Clemson_p051_c1_grm_std_uni,2,5.378945350646973,-4.2779927253723145,1
Clemson_p051_c1_grm_std_uni,1,5.354710102081299,-4.757326602935791,1
Clemson_p051_c1_grm_std_uni,1,4.863902568817139,-4.76578426361084,1
Clemson_p051_c1_grm_std_uni,1,4.902406692504883,-5.050243854522705,1
Clemson_p051_c1_grm_std_uni,1,4.688494682312012,-4.906035900115967,1
Clemson_p051_c1_grm_std_uni,1,4.307415962219238,-4.5950775146484375,1
Clemson_p051_c1_grm_std_uni,1,4.040169715881348,-4.299554824829102,1
Clemson_p051_c1_grm_std_uni,1,4.053650379180908,-4.233358383178711,1
Clemson_p051_c1_grm_std_uni,1,4.342947006225586,-4.348427772521973,1
Clemson_p051_c1_grm_std_uni,1,4.243093013763428,-4.218252182006836,1
Clemson_p051_c1_grm_std_uni,1,4.440580368041992,-4.303921699523926,1
Clemson_p051_c1_grm_std_uni,1,4.546873092651367,-4.21400260925293,1
Clemson_p051_c1_grm_std_uni,1,4.315218925476074,-3.812370777130127,1
Clemson_p051_c1_grm_std_uni,1,4.45568323135376,-3.814671277999878,1
Clemson_p051_c1_grm_std_uni,1,4.80902099609375,-4.23289155960083,1
Clemson_p051_c1_grm_std_uni,1,4.869317531585693,-4.274235725402832,1
Clemson_p051_c1_grm_std_uni,1,4.94441556930542,-4.428712368011475,1
Clemson_p051_c1_grm_std_uni,1,4.893385887145996,-4.400229454040527,1
Clemson_p051_c1_grm_std_uni,1,5.054126262664795,-4.571855545043945,1
Clemson_p051_c1_grm_std_uni,1,5.165298938751221,-4.621103286743164,1
Clemson_p051_c1_grm_std_uni,1,5.088240146636963,-4.367918968200684,1
Clemson_p051_c1_grm_std_uni,1,4.889624118804932,-4.040951728820801,1
Clemson_p051_c1_grm_std_uni,1,4.999780654907227,-4.01455020904541,1
Clemson_p051_c1_grm_std_uni,1,5.215630054473877,-4.1924848556518555,1
Clemson_p051_c1_grm_std_uni,1,5.267033100128174,-4.243000507354736,1
Clemson_p051_c1_grm_std_uni,1,5.159918308258057,-4.117114067077637,1
Clemson_p051_c1_grm_std_uni,1,5.168554782867432,-4.200712203979492,1
Clemson_p051_c1_grm_std_uni,1,5.182281494140625,-4.219594955444336,1
Clemson_p051_c1_grm_std_uni,1,5.184497356414795,-4.21481990814209,1
Clemson_p051_c1_grm_std_uni,1,5.216667652130127,-4.23024845123291,1
Clemson_p051_c1_grm_std_uni,1,5.3250041007995605,-4.308160305023193,1
Clemson_p051_c1_grm_std_uni,1,5.322230339050293,-4.331099987030029,1
Clemson_p051_c1_grm_std_uni,1,4.958189964294434,-3.978238582611084,1
Clemson_p051_c1_grm_std_uni,1,4.620528697967529,-3.7466511726379395,1
Clemson_p051_c1_grm_std_uni,1,4.508795738220215,-3.6607909202575684,1
Clemson_p051_c1_grm_std_uni,1,4.421679496765137,-3.6533150672912598,1
Clemson_p051_c1_grm_std_uni,1,4.377678871154785,-3.7303993701934814,1
Clemson_p051_c1_grm_std_uni,1,4.446845531463623,-3.883350133895874,1
Clemson_p051_c1_grm_std_uni,1,4.474362850189209,-3.843636989593506,1
Clemson_p051_c1_grm_std_uni,1,4.800769329071045,-4.172651290893555,1
Clemson_p051_c1_grm_std_uni,1,4.5018463134765625,-3.90401291847229,1
Clemson_p051_c1_grm_std_uni,1,3.8601410388946533,-3.4750421047210693,1
Clemson_p051_c1_grm_std_uni,1,3.151780366897583,-2.82710862159729,1
Clemson_p051_c1_grm_std_uni,1,3.5030717849731445,-3.219245433807373,1
Clemson_p051_c1_grm_std_uni,1,3.89190411567688,-3.5122218132019043,1
Clemson_p051_c1_grm_std_uni,1,3.846569538116455,-3.515254259109497,1
Clemson_p051_c1_grm_std_uni,1,3.9574203491210938,-3.712764263153076,1
Clemson_p051_c1_grm_std_uni,1,4.205755233764648,-3.9550693035125732,1
Clemson_p051_c1_grm_std_uni,1,4.41038179397583,-3.9463160037994385,1
Clemson_p051_c1_grm_std_uni,1,4.543771266937256,-4.033467769622803,1
Clemson_p051_c1_grm_std_uni,1,4.54048490524292,-4.132011890411377,1
Clemson_p051_c1_grm_std_uni,1,4.5770134925842285,-4.196797847747803,1
Clemson_p051_c1_grm_std_uni,1,4.745981693267822,-4.284164905548096,1
Clemson_p051_c1_grm_std_uni,1,4.737155437469482,-4.201482772827148,1
Clemson_p051_c1_grm_std_uni,1,4.634322166442871,-4.0220184326171875,1
Clemson_p051_c1_grm_std_uni,1,4.253804683685303,-3.6528921127319336,1
Clemson_p051_c1_grm_std_uni,1,4.356518268585205,-3.7921650409698486,1
Clemson_p051_c1_grm_std_uni,1,4.64193868637085,-3.9239609241485596,1
Clemson_p051_c1_grm_std_uni,1,4.696564674377441,-4.027359962463379,1
Clemson_p051_c1_grm_std_uni,1,4.297730922698975,-3.7893896102905273,1
Clemson_p051_c1_grm_std_uni,1,3.6854653358459473,-3.3403360843658447,1
Clemson_p051_c1_grm_std_uni,1,3.7527122497558594,-3.699115514755249,1
Clemson_p051_c1_grm_std_uni,1,3.2783613204956055,-3.1333084106445312,1
Clemson_p051_c1_grm_std_uni,1,3.282032012939453,-2.7332425117492676,1
Clemson_p051_c1_grm_std_uni,1,3.801629066467285,-3.308151960372925,1
Clemson_p051_c1_grm_std_uni,1,5.513601779937744,-4.935848712921143,1
Clemson_p051_c1_grm_std_uni,1,5.582601070404053,-5.196450233459473,1
Clemson_p051_c1_grm_std_uni,1,5.704202651977539,-5.215771675109863,1
Clemson_p051_c1_grm_std_uni,1,6.073227405548096,-5.3874311447143555,1
Clemson_p051_c1_grm_std_uni,1,6.057656764984131,-5.213021278381348,1
Clemson_p051_c1_grm_std_uni,1,5.734089374542236,-4.9046759605407715,1
Clemson_p051_c1_grm_std_uni,1,4.886953830718994,-4.325633525848389,1
Clemson_p051_c1_grm_std_uni,1,4.213037967681885,-3.6115756034851074,1
Clemson_p051_c1_grm_std_uni,1,4.149158954620361,-3.205509901046753,1
Clemson_p051_c1_grm_std_uni,1,5.265964984893799,-4.252591133117676,1
Clemson_p051_c1_grm_std_uni,1,5.630921840667725,-4.483424663543701,1
Clemson_p051_c1_grm_std_uni,1,5.5969414710998535,-4.673272609710693,1
Clemson_p051_c1_grm_std_uni,1,5.3296122550964355,-4.654017448425293,1
Clemson_p051_c1_grm_std_uni,1,5.35906982421875,-4.8736443519592285,1
Clemson_p051_c1_grm_std_uni,1,5.402834415435791,-4.9353179931640625,1
Clemson_p051_c1_grm_std_uni,1,5.511908531188965,-4.9843316078186035,1
Clemson_p051_c1_grm_std_uni,1,5.319751262664795,-4.771890640258789,1
Clemson_p051_c1_grm_std_uni,1,5.34448766708374,-4.7683539390563965,1
Clemson_p051_c1_grm_std_uni,1,5.345187187194824,-4.6562886238098145,1
Clemson_p051_c1_grm_std_uni,1,5.206059455871582,-4.267723083496094,1
Clemson_p051_c1_grm_std_uni,1,5.10679292678833,-4.365004539489746,1
Clemson_p051_c1_grm_std_uni,1,4.971647262573242,-4.351036548614502,1
Clemson_p051_c1_grm_std_uni,1,5.176477909088135,-4.835768222808838,1
Clemson_p051_c1_grm_std_uni,1,5.274130821228027,-4.826324939727783,1
Clemson_p051_c1_grm_std_uni,1,5.011289596557617,-4.491015434265137,1
Clemson_p051_c1_grm_std_uni,1,4.660799026489258,-4.075059413909912,1
Clemson_p051_c1_grm_std_uni,1,4.732938766479492,-4.222977638244629,1
Clemson_p051_c1_grm_std_uni,1,4.712832450866699,-4.072862148284912,1
Clemson_p051_c1_grm_std_uni,1,4.78973913192749,-4.070839881896973,1
Clemson_p051_c1_grm_std_uni,1,4.901305675506592,-4.168575763702393,1
Clemson_p051_c1_grm_std_uni,1,5.05562686920166,-4.237546443939209,1
Clemson_p051_c1_grm_std_uni,1,5.012188911437988,-4.144707202911377,1
Clemson_p051_c1_grm_std_uni,1,5.1460347175598145,-4.237634181976318,1
Clemson_p051_c1_grm_std_uni,1,5.189206123352051,-4.16682767868042,1
Clemson_p051_c1_grm_std_uni,1,5.061566352844238,-4.025844097137451,1
Clemson_p051_c1_grm_std_uni,1,4.933058738708496,-4.01767110824585,1
Clemson_p051_c1_grm_std_uni,1,4.943114757537842,-4.1114654541015625,1
Clemson_p051_c1_grm_std_uni,1,4.456582546234131,-3.909771203994751,1
Clemson_p051_c1_grm_std_uni,1,4.4429097175598145,-4.053651809692383,1
Clemson_p051_c1_grm_std_uni,1,4.7828593254089355,-4.3594818115234375,1
Clemson_p051_c1_grm_std_uni,1,4.690498352050781,-4.323389053344727,1
Clemson_p051_c1_grm_std_uni,1,4.418276786804199,-4.115411758422852,1
Clemson_p051_c1_grm_std_uni,1,4.0307230949401855,-3.8117072582244873,1
Clemson_p051_c1_grm_std_uni,1,4.149679660797119,-3.8649189472198486,1
Clemson_p051_c1_grm_std_uni,1,4.614809513092041,-4.273735523223877,1
Clemson_p051_c1_grm_std_uni,1,4.431621074676514,-4.188169479370117,1
Clemson_p051_c1_grm_std_uni,1,4.634730339050293,-4.359757900238037,1
Clemson_p051_c1_grm_std_uni,1,4.78021240234375,-4.482600212097168,1
Clemson_p051_c1_grm_std_uni,1,4.785550594329834,-4.4953413009643555,1
Clemson_p051_c1_grm_std_uni,1,4.811655044555664,-4.502448081970215,1
Clemson_p051_c1_grm_std_uni,1,4.854056358337402,-4.490536212921143,1
Clemson_p051_c1_grm_std_uni,1,4.891613483428955,-4.478487491607666,1
Clemson_p051_c1_grm_std_uni,1,4.957391738891602,-4.519493579864502,1
Clemson_p051_c1_grm_std_uni,1,4.910552978515625,-4.4871344566345215,1
Clemson_p051_c1_grm_std_uni,1,4.850529670715332,-4.4672770500183105,1
Clemson_p051_c1_grm_std_uni,1,4.69711971282959,-4.412808418273926,1
Clemson_p051_c1_grm_std_uni,1,4.584550380706787,-4.317895889282227,1
Clemson_p051_c1_grm_std_uni,1,4.3135576248168945,-4.060840129852295,1
Clemson_p051_c1_grm_std_uni,1,4.082053184509277,-3.7687325477600098,1
Clemson_p051_c1_grm_std_uni,1,3.749629020690918,-3.4738757610321045,1
Clemson_p051_c1_grm_std_uni,1,3.759209632873535,-3.5501034259796143,1
Clemson_p051_c1_grm_std_uni,1,4.227926731109619,-3.870295524597168,1
Clemson_p051_c1_grm_std_uni,1,4.23316764831543,-3.8550667762756348,1
Clemson_p051_c1_grm_std_uni,1,3.858228921890259,-3.479492664337158,1
Clemson_p051_c1_grm_std_uni,1,2.911959648132324,-2.643824815750122,1
Clemson_p051_c1_grm_std_uni,1,3.5111794471740723,-2.94826078414917,1
Clemson_p051_c1_grm_std_uni,1,4.856278419494629,-3.901911973953247,1
Clemson_p051_c1_grm_std_uni,1,4.899111270904541,-3.5895392894744873,1
Clemson_p051_c1_grm_std_uni,1,5.0752973556518555,-3.9158244132995605,1
Clemson_p051_c1_grm_std_uni,1,5.258817195892334,-4.165798664093018,1
Clemson_p051_c1_grm_std_uni,1,5.19174337387085,-4.362208843231201,1
Clemson_p051_c1_grm_std_uni,1,4.90136194229126,-4.290116786956787,1
Clemson_p051_c1_grm_std_uni,1,5.1830878257751465,-4.4437103271484375,1
Clemson_p051_c1_grm_std_uni,1,5.0484232902526855,-4.264520645141602,1
Clemson_p051_c1_grm_std_uni,1,5.0319600105285645,-4.184325218200684,1
Clemson_p051_c1_grm_std_uni,1,4.878312110900879,-4.077888488769531,1
Clemson_p051_c1_grm_std_uni,1,4.6943678855896,-3.9856691360473633,1
Clemson_p051_c1_grm_std_uni,1,4.645985126495361,-4.017508506774902,1
Clemson_p051_c1_grm_std_uni,1,4.664458274841309,-4.124741077423096,1
Clemson_p051_c1_grm_std_uni,1,4.749674320220947,-4.2526164054870605,1
Clemson_p051_c1_grm_std_uni,1,4.820316791534424,-4.35831356048584,1
Clemson_p051_c1_grm_std_uni,1,4.781317710876465,-4.353947639465332,1
Clemson_p051_c1_grm_std_uni,1,4.944788455963135,-4.459414958953857,1
Clemson_p051_c1_grm_std_uni,1,5.028995990753174,-4.463992595672607,1
Clemson_p051_c1_grm_std_uni,1,5.150143623352051,-4.517994403839111,1
Clemson_p051_c1_grm_std_uni,1,5.1804986000061035,-4.522682189941406,1
Clemson_p051_c1_grm_std_uni,1,5.116025447845459,-4.479736328125,1
Clemson_p051_c1_grm_std_uni,1,4.977266788482666,-4.388208389282227,1
Clemson_p051_c1_grm_std_uni,1,4.863802433013916,-4.288568496704102,1
Clemson_p051_c1_grm_std_uni,1,4.731018543243408,-4.105125904083252,1
Clemson_p051_c1_grm_std_uni,1,4.607867240905762,-3.9111287593841553,1
Clemson_p051_c1_grm_std_uni,1,4.747376441955566,-3.926649808883667,1
Clemson_p051_c1_grm_std_uni,1,5.022434711456299,-4.101797580718994,1
Clemson_p051_c1_grm_std_uni,1,5.1129469871521,-4.262414932250977,1
Clemson_p051_c1_grm_std_uni,1,5.148890018463135,-4.40967321395874,1
Clemson_p051_c1_grm_std_uni,1,5.1098175048828125,-4.447829246520996,1
Clemson_p051_c1_grm_std_uni,1,5.088686466217041,-4.471792697906494,1
Clemson_p051_c1_grm_std_uni,1,5.141144752502441,-4.527080059051514,1
Clemson_p051_c1_grm_std_uni,1,5.227840900421143,-4.575738906860352,1
Clemson_p051_c1_grm_std_uni,1,5.2206525802612305,-4.544769287109375,1
Clemson_p051_c1_grm_std_uni,1,5.159562587738037,-4.512415409088135,1
Clemson_p051_c1_grm_std_uni,1,5.006886005401611,-4.4114556312561035,1
Clemson_p051_c1_grm_std_uni,1,4.784994602203369,-4.255366802215576,1
Clemson_p051_c1_grm_std_uni,1,4.438271522521973,-3.8523266315460205,1
Clemson_p051_c1_grm_std_uni,1,3.827813148498535,-3.2600293159484863,1
Clemson_p051_c1_grm_std_uni,1,3.805163621902466,-3.3348023891448975,1
Clemson_p051_c1_grm_std_uni,1,3.805061101913452,-3.3495664596557617,1
Clemson_p051_c1_grm_std_uni,1,3.964296579360962,-3.446668863296509,1
Clemson_p051_c1_grm_std_uni,1,4.109273910522461,-3.532283306121826,1
Clemson_p051_c1_grm_std_uni,1,3.9918363094329834,-3.3781561851501465,1
Clemson_p051_c1_grm_std_uni,1,4.112366676330566,-3.4754393100738525,1
Clemson_p051_c1_grm_std_uni,1,4.059418201446533,-3.423387050628662,1
Clemson_p051_c1_grm_std_uni,1,4.083832263946533,-3.801623821258545,1
Clemson_p051_c1_grm_std_uni,1,4.191191673278809,-3.9918932914733887,1
Clemson_p051_c1_grm_std_uni,1,4.44866418838501,-4.137545108795166,1
Clemson_p051_c1_grm_std_uni,1,3.4755892753601074,-3.3226470947265625,1
Clemson_p051_c1_grm_std_uni,1,3.254514455795288,-3.24989914894104,1
Clemson_p051_c1_grm_std_uni,1,4.459514141082764,-4.081754684448242,1
Clemson_p051_c1_grm_std_uni,1,4.954772472381592,-4.134929180145264,1
Clemson_p051_c1_grm_std_uni,1,4.775028705596924,-4.013646125793457,1
Clemson_p051_c1_grm_std_uni,1,4.604581832885742,-3.849888563156128,1
Clemson_p051_c1_grm_std_uni,1,4.426244258880615,-3.911808967590332,1
Clemson_p051_c1_grm_std_uni,1,4.621315956115723,-4.181069374084473,1
Clemson_p051_c1_grm_std_uni,1,4.595222473144531,-4.148418426513672,1
Clemson_p051_c1_grm_std_uni,1,4.606071949005127,-4.0459418296813965,1
Clemson_p051_c1_grm_std_uni,1,4.722742557525635,-4.079310894012451,1
Clemson_p051_c1_grm_std_uni,1,4.949402332305908,-4.150876045227051,1
Clemson_p051_c1_grm_std_uni,1,4.51970911026001,-3.6538615226745605,1
Clemson_p051_c1_grm_std_uni,1,4.846240520477295,-3.991368532180786,1
Clemson_p051_c1_grm_std_uni,1,5.045048713684082,-4.257850170135498,1
Clemson_p051_c1_grm_std_uni,1,5.072995662689209,-4.41397762298584,1
Clemson_p051_c1_grm_std_uni,1,5.249879837036133,-4.691854000091553,1
Clemson_p051_c1_grm_std_uni,1,5.170364856719971,-4.691012382507324,1
Clemson_p051_c1_grm_std_uni,1,4.914205551147461,-4.478135108947754,1
Clemson_p051_c1_grm_std_uni,1,4.569077014923096,-4.133598804473877,1
Clemson_p051_c1_grm_std_uni,1,4.403077125549316,-3.892993211746216,1
Clemson_p051_c1_grm_std_uni,1,4.739915370941162,-3.9888617992401123,1
Clemson_p051_c1_grm_std_uni,1,4.57558012008667,-3.635745048522949,1
Clemson_p051_c1_grm_std_uni,1,4.3381781578063965,-3.4344682693481445,1
Clemson_p051_c1_grm_std_uni,1,4.143322467803955,-3.4650068283081055,1
Clemson_p051_c1_grm_std_uni,1,4.294724941253662,-3.4963231086730957,1
Clemson_p051_c1_grm_std_uni,1,3.7455570697784424,-3.0406081676483154,1
Clemson_p051_c1_grm_std_uni,2,0.45785412192344666,-0.9762675762176514,1
Clemson_p051_c1_grm_std_uni,2,0.6752774119377136,0.21773220598697662,2
Clemson_p051_c1_grm_std_uni,2,3.554280996322632,-1.9603770971298218,1
Clemson_p051_c1_grm_std_uni,2,5.967526912689209,-4.454553127288818,1
Clemson_p051_c1_grm_std_uni,2,6.9933977127075195,-5.534006118774414,1
Clemson_p051_c1_grm_std_uni,2,6.982192039489746,-5.7498040199279785,1
Clemson_p051_c1_grm_std_uni,2,7.00606632232666,-6.136712074279785,1
Clemson_p051_c1_grm_std_uni,2,6.338707447052002,-6.052690505981445,1
Clemson_p051_c1_grm_std_uni,2,6.273582935333252,-6.203072547912598,1
Clemson_p051_c1_grm_std_uni,2,6.217656135559082,-6.0632123947143555,1
Clemson_p051_c1_grm_std_uni,2,6.018069744110107,-5.621063232421875,1
Clemson_p051_c1_grm_std_uni,2,5.852989196777344,-5.347524642944336,1
Clemson_p051_c1_grm_std_uni,2,6.112870693206787,-5.477066993713379,1
Clemson_p051_c1_grm_std_uni,2,5.789463996887207,-4.865159034729004,1
Clemson_p051_c1_grm_std_uni,2,6.487660884857178,-5.122496604919434,1
Clemson_p051_c1_grm_std_uni,2,6.8686652183532715,-5.57625675201416,1
Clemson_p051_c1_grm_std_uni,2,6.662718296051025,-5.837153911590576,1
Clemson_p051_c1_grm_std_uni,2,6.324146747589111,-5.48621129989624,1
Clemson_p051_c1_grm_std_uni,2,6.111421585083008,-5.375454425811768,1
Clemson_p051_c1_grm_std_uni,2,5.217713832855225,-4.654664516448975,1
Clemson_p051_c1_grm_std_uni,2,5.475487232208252,-4.945424556732178,1
Clemson_p051_c1_grm_std_uni,2,5.473711013793945,-5.034980297088623,1
Clemson_p051_c1_grm_std_uni,2,5.415764808654785,-5.067176818847656,1
Clemson_p051_c1_grm_std_uni,2,5.483217239379883,-5.115535259246826,1
Clemson_p051_c1_grm_std_uni,2,5.290207386016846,-4.883822917938232,1
Clemson_p051_c1_grm_std_uni,2,4.411235332489014,-3.9404051303863525,1
Clemson_p051_c1_grm_std_uni,1,3.3410608768463135,-2.885444164276123,1
Clemson_p051_c1_grm_std_uni,1,3.967829942703247,-3.570978879928589,1
Clemson_p051_c1_grm_std_uni,1,4.255475044250488,-4.03720760345459,1
Clemson_p051_c1_grm_std_uni,1,3.9079651832580566,-3.9119153022766113,1
Clemson_p051_c1_grm_std_uni,1,4.05569314956665,-4.435233116149902,1
Clemson_p051_c1_grm_std_uni,1,3.8241593837738037,-4.223255157470703,1
Clemson_p051_c1_grm_std_uni,1,4.089972972869873,-4.253865718841553,1
Clemson_p051_c1_grm_std_uni,1,4.370333194732666,-4.583957195281982,1
Clemson_p051_c1_grm_std_uni,1,4.363070011138916,-4.82288122177124,1
Clemson_p051_c1_grm_std_uni,1,4.286322593688965,-4.893609523773193,1
Clemson_p051_c1_grm_std_uni,1,4.166078567504883,-4.849803447723389,1
Clemson_p051_c1_grm_std_uni,1,4.05668306350708,-4.743566989898682,1
Clemson_p051_c1_grm_std_uni,1,4.031418800354004,-4.6573920249938965,1
Clemson_p051_c1_grm_std_uni,1,4.058895587921143,-4.609156131744385,1
Clemson_p051_c1_grm_std_uni,1,4.0141072273254395,-4.528023719787598,1
Clemson_p051_c1_grm_std_uni,1,4.019669532775879,-4.476145267486572,1
Clemson_p051_c1_grm_std_uni,1,4.0951433181762695,-4.499027729034424,1
Clemson_p051_c1_grm_std_uni,1,4.083616733551025,-4.452862739562988,1
Clemson_p051_c1_grm_std_uni,1,3.95961594581604,-4.327565670013428,1
Clemson_p051_c1_grm_std_uni,1,3.6106784343719482,-4.0410475730896,1
Clemson_p051_c1_grm_std_uni,1,3.1878976821899414,-3.636333703994751,1
Clemson_p051_c1_grm_std_uni,1,2.898413896560669,-3.0794031620025635,1
Clemson_p051_c1_grm_std_uni,1,3.5538885593414307,-3.3409860134124756,1
Clemson_p051_c1_grm_std_uni,1,4.1761369705200195,-3.6544060707092285,1
Clemson_p051_c1_grm_std_uni,1,4.650622367858887,-3.9283907413482666,1
Clemson_p051_c1_grm_std_uni,1,5.056965351104736,-4.207043647766113,1
Clemson_p051_c1_grm_std_uni,1,5.253628253936768,-4.282866477966309,1
Clemson_p051_c1_grm_std_uni,1,5.233145713806152,-4.212065696716309,1
Clemson_p051_c1_grm_std_uni,1,5.259253025054932,-4.253453731536865,1
Clemson_p051_c1_grm_std_uni,1,5.288949966430664,-4.345022678375244,1
Clemson_p051_c1_grm_std_uni,1,5.270331382751465,-4.386061191558838,1
Clemson_p051_c1_grm_std_uni,1,5.219693183898926,-4.40435791015625,1
Clemson_p051_c1_grm_std_uni,1,5.2332587242126465,-4.44998025894165,1
Clemson_p051_c1_grm_std_uni,1,5.292313575744629,-4.50795316696167,1
Clemson_p051_c1_grm_std_uni,1,5.302670001983643,-4.530682563781738,1
Clemson_p051_c1_grm_std_uni,1,5.280697822570801,-4.523939609527588,1
Clemson_p051_c1_grm_std_uni,1,5.293798923492432,-4.542053699493408,1
Clemson_p051_c1_grm_std_uni,1,5.339630603790283,-4.560515403747559,1
Clemson_p051_c1_grm_std_uni,1,5.334113597869873,-4.536025047302246,1
Clemson_p051_c1_grm_std_uni,1,5.320418357849121,-4.491363048553467,1
Clemson_p051_c1_grm_std_uni,1,5.34387731552124,-4.4800920486450195,1
Clemson_p051_c1_grm_std_uni,1,5.305436611175537,-4.410181999206543,1
Clemson_p051_c1_grm_std_uni,1,5.357301712036133,-4.444755554199219,1
Clemson_p051_c1_grm_std_uni,1,5.405830383300781,-4.450833320617676,1
Clemson_p051_c1_grm_std_uni,1,5.4457879066467285,-4.476608753204346,1
Clemson_p051_c1_grm_std_uni,1,5.498539447784424,-4.528695106506348,1
Clemson_p051_c1_grm_std_uni,1,5.5423173904418945,-4.563395977020264,1
Clemson_p051_c1_grm_std_uni,1,5.566906929016113,-4.557919025421143,1
Clemson_p051_c1_grm_std_uni,1,5.614853858947754,-4.580404281616211,1
Clemson_p051_c1_grm_std_uni,1,5.604315757751465,-4.529107093811035,1
Clemson_p051_c1_grm_std_uni,1,5.587756156921387,-4.467294692993164,1
Clemson_p051_c1_grm_std_uni,1,5.607086181640625,-4.425229072570801,1
Clemson_p051_c1_grm_std_uni,1,5.569052696228027,-4.342133522033691,1
Clemson_p051_c1_grm_std_uni,1,5.440778732299805,-4.1574387550354,1
Clemson_p051_c1_grm_std_uni,1,5.356043815612793,-4.0731425285339355,1
Clemson_p051_c1_grm_std_uni,1,5.023322105407715,-3.771942615509033,1
Clemson_p051_c1_grm_std_uni,1,5.22938346862793,-3.9810121059417725,1
Clemson_p051_c1_grm_std_uni,1,5.317683696746826,-4.097788333892822,1
Clemson_p051_c1_grm_std_uni,1,5.113093376159668,-4.126925945281982,1
Clemson_p051_c1_grm_std_uni,1,4.413848876953125,-3.6195027828216553,1
Clemson_p051_c1_grm_std_uni,1,4.224371433258057,-3.8161470890045166,1
Clemson_p051_c1_grm_std_uni,1,3.4731814861297607,-3.5011329650878906,1
Clemson_p051_c1_grm_std_uni,1,2.0483968257904053,-2.222203493118286,1
Clemson_p051_c1_grm_std_uni,1,1.9447182416915894,-1.9420374631881714,1
Clemson_p051_c1_grm_std_uni,1,2.8692352771759033,-2.439699649810791,1
Clemson_p051_c1_grm_std_uni,1,4.31605339050293,-3.6214325428009033,1
Clemson_p051_c1_grm_std_uni,1,5.322091579437256,-4.513873100280762,1
Clemson_p051_c1_grm_std_uni,1,5.215554714202881,-4.3092169761657715,1
Clemson_p051_c1_grm_std_uni,1,5.039683818817139,-4.207417964935303,1
Clemson_p051_c1_grm_std_uni,1,5.302122116088867,-4.291239261627197,1
Clemson_p051_c1_grm_std_uni,1,5.884660720825195,-4.704615116119385,1
Clemson_p051_c1_grm_std_uni,1,6.174064636230469,-5.258513450622559,1
Clemson_p051_c1_grm_std_uni,1,5.7348151206970215,-5.341883182525635,1
Clemson_p051_c1_grm_std_uni,1,5.248300075531006,-5.346571922302246,1
Clemson_p051_c1_grm_std_uni,1,5.147885322570801,-5.174719333648682,1
Clemson_p051_c1_grm_std_uni,1,5.484682083129883,-5.192580223083496,1
Clemson_p051_c1_grm_std_uni,1,5.621369361877441,-5.207146644592285,1
Clemson_p051_c1_grm_std_uni,1,5.668832302093506,-5.237029075622559,1
Clemson_p051_c1_grm_std_uni,1,5.657346248626709,-5.260285377502441,1
Clemson_p051_c1_grm_std_uni,1,5.542616367340088,-5.221912860870361,1
Clemson_p051_c1_grm_std_uni,1,5.699029922485352,-5.296117782592773,1
Clemson_p051_c1_grm_std_uni,1,5.769834041595459,-5.193289279937744,1
Clemson_p051_c1_grm_std_uni,1,5.368699550628662,-4.65735387802124,1
Clemson_p051_c1_grm_std_uni,1,5.013052463531494,-4.076992511749268,1
Clemson_p051_c1_grm_std_uni,1,4.969466686248779,-3.8544983863830566,1
Clemson_p051_c1_grm_std_uni,1,5.058735370635986,-3.9309515953063965,1
Clemson_p051_c1_grm_std_uni,1,5.358083248138428,-4.342973232269287,1
Clemson_p051_c1_grm_std_uni,1,5.444597244262695,-4.602285861968994,1
Clemson_p051_c1_grm_std_uni,1,5.341553211212158,-4.532997131347656,1
Clemson_p051_c1_grm_std_uni,1,5.432035446166992,-4.601653575897217,1
Clemson_p051_c1_grm_std_uni,1,5.380411148071289,-4.5875563621521,1
Clemson_p051_c1_grm_std_uni,1,5.491265773773193,-4.7227091789245605,1
Clemson_p051_c1_grm_std_uni,1,5.468900680541992,-4.72171688079834,1
Clemson_p051_c1_grm_std_uni,1,5.482654094696045,-4.727654933929443,1
Clemson_p051_c1_grm_std_uni,1,5.43307638168335,-4.680482387542725,1
Clemson_p051_c1_grm_std_uni,1,5.368982791900635,-4.5822906494140625,1
Clemson_p051_c1_grm_std_uni,1,5.3427205085754395,-4.516860485076904,1
Clemson_p051_c1_grm_std_uni,1,5.232544898986816,-4.396725177764893,1
Clemson_p051_c1_grm_std_uni,1,5.189753532409668,-4.347367763519287,1
Clemson_p051_c1_grm_std_uni,1,5.220117568969727,-4.380742073059082,1
Clemson_p051_c1_grm_std_uni,1,5.314214706420898,-4.459744453430176,1
Clemson_p051_c1_grm_std_uni,1,5.3284382820129395,-4.480579853057861,1
Clemson_p051_c1_grm_std_uni,1,5.234214782714844,-4.398069381713867,1
Clemson_p051_c1_grm_std_uni,1,5.295751094818115,-4.427817344665527,1
Clemson_p051_c1_grm_std_uni,1,5.286664009094238,-4.378053665161133,1
Clemson_p051_c1_grm_std_uni,1,5.312851905822754,-4.3679351806640625,1
Clemson_p051_c1_grm_std_uni,1,5.1357927322387695,-4.1789231300354,1
Clemson_p051_c1_grm_std_uni,1,5.224644660949707,-4.1678690910339355,1
Clemson_p051_c1_grm_std_uni,1,5.373053550720215,-4.102014541625977,1
Clemson_p051_c1_grm_std_uni,1,5.59529972076416,-4.219705104827881,1
Clemson_p051_c1_grm_std_uni,1,5.340888500213623,-3.9028897285461426,1
Clemson_p051_c1_grm_std_uni,1,5.073448657989502,-3.6472256183624268,1
Clemson_p051_c1_grm_std_uni,1,5.136545658111572,-3.5862367153167725,1
Clemson_p051_c1_grm_std_uni,1,5.266336441040039,-3.677861213684082,1
Clemson_p051_c1_grm_std_uni,1,5.301546096801758,-3.651806592941284,1
Clemson_p051_c1_grm_std_uni,1,5.7185187339782715,-4.221202373504639,1
Clemson_p051_c1_grm_std_uni,1,5.761974811553955,-4.382285118103027,1
Clemson_p051_c1_grm_std_uni,1,5.772298336029053,-4.4721574783325195,1
Clemson_p051_c1_grm_std_uni,1,5.736835956573486,-4.477881908416748,1
Clemson_p051_c1_grm_std_uni,1,5.733330726623535,-4.479038715362549,1
Clemson_p051_c1_grm_std_uni,1,5.811568737030029,-4.500310897827148,1
Clemson_p051_c1_grm_std_uni,1,5.9235639572143555,-4.534172058105469,1
Clemson_p051_c1_grm_std_uni,1,5.961573123931885,-4.523902416229248,1
Clemson_p051_c1_grm_std_uni,1,5.902384281158447,-4.430171489715576,1
Clemson_p051_c1_grm_std_uni,1,5.854164123535156,-4.398876667022705,1
Clemson_p051_c1_grm_std_uni,1,5.7650861740112305,-4.326957702636719,1
Clemson_p051_c1_grm_std_uni,1,5.8172688484191895,-4.403809070587158,1
Clemson_p051_c1_grm_std_uni,1,5.641828536987305,-4.25462532043457,1
Clemson_p051_c1_grm_std_uni,1,5.698274612426758,-4.27286958694458,1
Clemson_p051_c1_grm_std_uni,1,5.906043529510498,-4.399779319763184,1
Clemson_p051_c1_grm_std_uni,1,5.950521469116211,-4.415338039398193,1
Clemson_p051_c1_grm_std_uni,1,6.023780822753906,-4.487448215484619,1
Clemson_p051_c1_grm_std_uni,1,5.968393325805664,-4.461108207702637,1
Clemson_p051_c1_grm_std_uni,1,6.058443546295166,-4.574060440063477,1
Clemson_p051_c1_grm_std_uni,1,6.043737888336182,-4.591197490692139,1
Clemson_p051_c1_grm_std_uni,1,6.009213447570801,-4.573895454406738,1
Clemson_p051_c1_grm_std_uni,1,5.9922261238098145,-4.571393013000488,1
Clemson_p051_c1_grm_std_uni,1,5.949539661407471,-4.5396623611450195,1
Clemson_p051_c1_grm_std_uni,1,5.935125350952148,-4.532700061798096,1
Clemson_p051_c1_grm_std_uni,1,5.904365062713623,-4.524625301361084,1
Clemson_p051_c1_grm_std_uni,1,5.743173122406006,-4.396513938903809,1
Clemson_p051_c1_grm_std_uni,1,5.5791778564453125,-4.284936904907227,1
Clemson_p051_c1_grm_std_uni,1,5.4402008056640625,-4.170044898986816,1
Clemson_p051_c1_grm_std_uni,1,5.28237247467041,-4.032911777496338,1
Clemson_p051_c1_grm_std_uni,1,4.971505165100098,-3.76285719871521,1
Clemson_p051_c1_grm_std_uni,1,4.0539469718933105,-2.8328917026519775,1
Clemson_p051_c1_grm_std_uni,1,3.9590039253234863,-2.3529489040374756,1
Clemson_p051_c1_grm_std_uni,1,5.037259578704834,-3.7728819847106934,1
Clemson_p051_c1_grm_std_uni,1,4.68704080581665,-4.691965103149414,1
Clemson_p051_c1_grm_std_uni,1,4.477067470550537,-4.343419075012207,1
Clemson_p051_c1_grm_std_uni,1,4.838430881500244,-4.457025527954102,1
Clemson_p051_c1_grm_std_uni,1,5.192958354949951,-4.877091407775879,1
Clemson_p051_c1_grm_std_uni,1,5.0742597579956055,-4.873254299163818,1
Clemson_p051_c1_grm_std_uni,1,2.8928487300872803,-2.670815944671631,1
Clemson_p051_c1_grm_std_uni,1,-1.6460920572280884,2.1280031204223633,2
Clemson_p051_c1_grm_std_uni,1,1.0046089887619019,0.4516131281852722,1
Clemson_p051_c1_grm_std_uni,1,4.572610378265381,-2.7339417934417725,1
Clemson_p051_c1_grm_std_uni,1,6.813701152801514,-5.027933597564697,1
Clemson_p051_c1_grm_std_uni,1,7.1295857429504395,-5.222314357757568,1
Clemson_p051_c1_grm_std_uni,2,7.552550792694092,-5.160254001617432,1
Clemson_p051_c1_grm_std_uni,2,8.078775405883789,-5.865074157714844,1
Clemson_p051_c1_grm_std_uni,2,6.58247184753418,-5.176778793334961,1
Clemson_p051_c1_grm_std_uni,2,4.6188812255859375,-3.406113862991333,1
Clemson_p051_c1_grm_std_uni,2,4.837110996246338,-3.8304879665374756,1
Clemson_p051_c1_grm_std_uni,2,6.286681175231934,-5.48491096496582,1
Clemson_p051_c1_grm_std_uni,2,6.1155524253845215,-5.673749923706055,1
Clemson_p051_c1_grm_std_uni,2,5.611130237579346,-5.391961097717285,1
Clemson_p051_c1_grm_std_uni,2,5.35086727142334,-5.225387096405029,1
Clemson_p051_c1_grm_std_uni,2,5.497029781341553,-5.369487285614014,1
Clemson_p051_c1_grm_std_uni,2,5.6677680015563965,-5.359436988830566,1
Clemson_p051_c1_grm_std_uni,2,5.465610980987549,-4.798277378082275,1
Clemson_p051_c1_grm_std_uni,2,5.130311012268066,-3.82999324798584,1
Clemson_p051_c1_grm_std_uni,2,5.849389553070068,-4.730733871459961,1
Clemson_p051_c1_grm_std_uni,2,6.400603294372559,-5.216360569000244,1
Clemson_p051_c1_grm_std_uni,2,5.428840160369873,-4.56173038482666,1
Clemson_p051_c1_grm_std_uni,2,5.22661018371582,-4.646429061889648,1
Clemson_p051_c1_grm_std_uni,2,5.279577732086182,-4.764708995819092,1
Clemson_p051_c1_grm_std_uni,2,4.647923469543457,-4.112755298614502,1
Clemson_p051_c1_grm_std_uni,2,4.802857875823975,-4.098332405090332,1
Clemson_p051_c1_grm_std_uni,1,4.847161293029785,-4.1251397132873535,1
Clemson_p051_c1_grm_std_uni,1,4.789501667022705,-4.129738807678223,1
Clemson_p051_c1_grm_std_uni,1,4.845548152923584,-4.294908046722412,1
Clemson_p051_c1_grm_std_uni,1,4.842148303985596,-4.32524299621582,1
Clemson_p051_c1_grm_std_uni,1,4.727248191833496,-4.2699384689331055,1
Clemson_p051_c1_grm_std_uni,1,4.141677379608154,-3.8262228965759277,1
Clemson_p051_c1_grm_std_uni,1,4.608178615570068,-4.268579959869385,1
Clemson_p051_c1_grm_std_uni,1,4.673701763153076,-4.3275933265686035,1
Clemson_p051_c1_grm_std_uni,1,4.786451816558838,-4.385293483734131,1
Clemson_p051_c1_grm_std_uni,1,4.724725723266602,-4.306103229522705,1
Clemson_p051_c1_grm_std_uni,1,4.741740703582764,-4.294427394866943,1
Clemson_p051_c1_grm_std_uni,1,4.659577369689941,-4.247303485870361,1
Clemson_p051_c1_grm_std_uni,1,4.668017387390137,-4.220489025115967,1
Clemson_p051_c1_grm_std_uni,1,4.589554309844971,-4.093228340148926,1
Clemson_p051_c1_grm_std_uni,1,4.376416206359863,-3.846766233444214,1
Clemson_p051_c1_grm_std_uni,1,4.3266520500183105,-3.7643439769744873,1
Clemson_p051_c1_grm_std_uni,1,4.144570350646973,-3.5125887393951416,1
Clemson_p051_c1_grm_std_uni,1,4.538075923919678,-3.8308217525482178,1
Clemson_p051_c1_grm_std_uni,1,4.558745384216309,-3.765718698501587,1
Clemson_p051_c1_grm_std_uni,1,4.727849960327148,-3.911546230316162,1
Clemson_p051_c1_grm_std_uni,1,4.875762939453125,-4.13350248336792,1
Clemson_p051_c1_grm_std_uni,1,4.746040344238281,-4.118558406829834,1
Clemson_p051_c1_grm_std_uni,1,4.478997230529785,-3.9576632976531982,1
Clemson_p051_c1_grm_std_uni,1,4.21764612197876,-3.8178226947784424,1
Clemson_p051_c1_grm_std_uni,1,4.094117164611816,-3.79252290725708,1
Clemson_p051_c1_grm_std_uni,1,3.7499513626098633,-3.5689146518707275,1
Clemson_p051_c1_grm_std_uni,1,3.264256477355957,-3.1469614505767822,1
Clemson_p051_c1_grm_std_uni,1,3.436077356338501,-3.1713132858276367,1
Clemson_p051_c1_grm_std_uni,1,4.497710227966309,-4.1961493492126465,1
Clemson_p051_c1_grm_std_uni,1,4.694901943206787,-4.091235160827637,1
Clemson_p051_c1_grm_std_uni,1,5.028772830963135,-4.20212984085083,1
Clemson_p051_c1_grm_std_uni,1,5.162578105926514,-4.261552810668945,1
Clemson_p051_c1_grm_std_uni,1,5.2576470375061035,-4.317061901092529,1
Clemson_p051_c1_grm_std_uni,1,5.416469097137451,-4.470474720001221,1
Clemson_p051_c1_grm_std_uni,1,5.3948073387146,-4.454338550567627,1
Clemson_p051_c1_grm_std_uni,1,5.407625198364258,-4.494613170623779,1
Clemson_p051_c1_grm_std_uni,1,5.318033695220947,-4.467369079589844,1
Clemson_p051_c1_grm_std_uni,1,5.420598983764648,-4.600620746612549,1
Clemson_p051_c1_grm_std_uni,1,5.416056156158447,-4.643459796905518,1
Clemson_p051_c1_grm_std_uni,1,5.38567590713501,-4.637578010559082,1
Clemson_p051_c1_grm_std_uni,1,5.386294841766357,-4.615423679351807,1
Clemson_p051_c1_grm_std_uni,1,5.4053778648376465,-4.601073265075684,1
Clemson_p051_c1_grm_std_uni,1,5.271460056304932,-4.395223140716553,1
Clemson_p051_c1_grm_std_uni,1,4.876891136169434,-3.989957094192505,1
Clemson_p051_c1_grm_std_uni,1,4.80046272277832,-3.9730069637298584,1
Clemson_p051_c1_grm_std_uni,1,5.138716220855713,-4.386023998260498,1
Clemson_p051_c1_grm_std_uni,1,5.367764949798584,-4.581024169921875,1
Clemson_p051_c1_grm_std_uni,1,5.376096725463867,-4.575972557067871,1
Clemson_p051_c1_grm_std_uni,1,5.155360698699951,-4.4347615242004395,1
Clemson_p051_c1_grm_std_uni,1,4.607207298278809,-3.821636438369751,1
Clemson_p051_c1_grm_std_uni,1,4.944930553436279,-4.305840015411377,1
Clemson_p051_c1_grm_std_uni,1,5.442868232727051,-4.928657531738281,1
Clemson_p051_c1_grm_std_uni,1,5.280290603637695,-4.664555549621582,1
Clemson_p051_c1_grm_std_uni,1,5.252408027648926,-4.673510551452637,1
Clemson_p051_c1_grm_std_uni,1,5.188966751098633,-4.780204772949219,1
Clemson_p051_c1_grm_std_uni,1,5.676862716674805,-5.12232780456543,1
Clemson_p051_c1_grm_std_uni,1,5.4718708992004395,-4.838724136352539,1
Clemson_p051_c1_grm_std_uni,1,5.826719760894775,-5.138719081878662,1
Clemson_p051_c1_grm_std_uni,1,5.558586597442627,-4.987154006958008,1
Clemson_p051_c1_grm_std_uni,1,4.906559944152832,-4.599348068237305,1
Clemson_p051_c1_grm_std_uni,1,5.1349778175354,-4.639542102813721,1
Clemson_p051_c1_grm_std_uni,1,5.688819885253906,-4.791054725646973,1
Clemson_p051_c1_grm_std_uni,1,5.412978172302246,-4.108426570892334,1
Clemson_p051_c1_grm_std_uni,1,5.389913558959961,-3.924410581588745,1
Clemson_p051_c1_grm_std_uni,1,5.493781089782715,-4.371397018432617,1
Clemson_p051_c1_grm_std_uni,1,5.293374538421631,-4.390891075134277,1
Clemson_p051_c1_grm_std_uni,1,5.399118900299072,-4.757555961608887,1
Clemson_p051_c1_grm_std_uni,1,5.37650728225708,-4.7918572425842285,1
Clemson_p051_c1_grm_std_uni,1,5.520801067352295,-4.975798606872559,1
Clemson_p051_c1_grm_std_uni,1,5.3000712394714355,-4.754026412963867,1
Clemson_p051_c1_grm_std_uni,1,5.112486839294434,-4.625927925109863,1
Clemson_p051_c1_grm_std_uni,1,5.119458198547363,-4.555411338806152,1
Clemson_p051_c1_grm_std_uni,1,5.36733341217041,-4.753852367401123,1
Clemson_p051_c1_grm_std_uni,1,5.373863697052002,-4.824089050292969,1
Clemson_p051_c1_grm_std_uni,1,5.430224895477295,-4.9229817390441895,1
Clemson_p051_c1_grm_std_uni,1,5.3979949951171875,-4.911942005157471,1
Clemson_p051_c1_grm_std_uni,1,5.203180313110352,-4.660694599151611,1
Clemson_p051_c1_grm_std_uni,1,4.9897050857543945,-4.1468729972839355,1
Clemson_p051_c1_grm_std_uni,1,4.873730182647705,-3.9538509845733643,1
Clemson_p051_c1_grm_std_uni,1,4.7280988693237305,-4.310006141662598,1
Clemson_p051_c1_grm_std_uni,1,4.953136920928955,-4.832025051116943,1
Clemson_p051_c1_grm_std_uni,1,5.5516839027404785,-5.384701728820801,1
Clemson_p051_c1_grm_std_uni,1,6.030350685119629,-5.412405014038086,1
Clemson_p051_c1_grm_std_uni,1,5.714663028717041,-4.563827991485596,1
Clemson_p051_c1_grm_std_uni,1,5.5771684646606445,-4.453901767730713,1
Clemson_p051_c1_grm_std_uni,1,5.525681495666504,-4.568278789520264,1
Clemson_p051_c1_grm_std_uni,1,5.628959655761719,-4.654358386993408,1
Clemson_p051_c1_grm_std_uni,1,5.999357223510742,-4.916511535644531,1
Clemson_p051_c1_grm_std_uni,1,5.814169406890869,-4.801658630371094,1
Clemson_p051_c1_grm_std_uni,1,5.995763778686523,-5.008181095123291,1
Clemson_p051_c1_grm_std_uni,1,5.853890419006348,-5.168432235717773,1
Clemson_p051_c1_grm_std_uni,1,5.706695556640625,-5.168518543243408,1
Clemson_p051_c1_grm_std_uni,1,5.739691257476807,-5.273598670959473,1
Clemson_p051_c1_grm_std_uni,1,5.713339328765869,-5.257115840911865,1
Clemson_p051_c1_grm_std_uni,1,5.625544548034668,-5.222739219665527,1
Clemson_p051_c1_grm_std_uni,1,5.5368876457214355,-5.206812858581543,1
Clemson_p051_c1_grm_std_uni,1,5.523451328277588,-5.179726600646973,1
Clemson_p051_c1_grm_std_uni,1,5.595200538635254,-5.249723434448242,1
Clemson_p051_c1_grm_std_uni,1,5.4465813636779785,-5.111311435699463,1
Clemson_p051_c1_grm_std_uni,1,4.716370105743408,-4.474802017211914,1
Clemson_p051_c1_grm_std_uni,1,4.480932235717773,-4.018193244934082,1
Clemson_p051_c1_grm_std_uni,1,5.022602558135986,-4.1870317459106445,1
Clemson_p051_c1_grm_std_uni,1,5.432355880737305,-4.530124187469482,1
Clemson_p051_c1_grm_std_uni,1,5.636172771453857,-4.827543258666992,1
Clemson_p051_c1_grm_std_uni,1,5.522322654724121,-4.757567882537842,1
Clemson_p051_c1_grm_std_uni,1,5.519895553588867,-4.7470879554748535,1
Clemson_p051_c1_grm_std_uni,1,5.586794376373291,-4.768462181091309,1
Clemson_p051_c1_grm_std_uni,1,5.622082710266113,-4.7618021965026855,1
Clemson_p051_c1_grm_std_uni,1,5.5811028480529785,-4.713510036468506,1
Clemson_p051_c1_grm_std_uni,1,5.5012311935424805,-4.6767473220825195,1
Clemson_p051_c1_grm_std_uni,1,5.35325288772583,-4.619231700897217,1
Clemson_p051_c1_grm_std_uni,1,5.278563499450684,-4.570252895355225,1
Clemson_p051_c1_grm_std_uni,1,5.123420238494873,-4.397686958312988,1
Clemson_p051_c1_grm_std_uni,1,4.765875339508057,-3.8153457641601562,1
Clemson_p051_c1_grm_std_uni,1,4.545535087585449,-3.9206619262695312,1
Clemson_p051_c1_grm_std_uni,1,4.987580299377441,-4.262341499328613,1
Clemson_p051_c1_grm_std_uni,1,6.086090087890625,-4.731729984283447,1
Clemson_p051_c1_grm_std_uni,1,6.3657660484313965,-4.609070301055908,1
Clemson_p051_c1_grm_std_uni,1,6.426499366760254,-4.6508355140686035,1
Clemson_p051_c1_grm_std_uni,1,6.341612815856934,-4.684197425842285,1
Clemson_p051_c1_grm_std_uni,1,6.293052673339844,-4.801719665527344,1
Clemson_p051_c1_grm_std_uni,1,6.075093746185303,-4.7480082511901855,1
Clemson_p051_c1_grm_std_uni,1,6.161624431610107,-4.9508233070373535,1
Clemson_p051_c1_grm_std_uni,1,5.979720115661621,-4.894136905670166,1
Clemson_p051_c1_grm_std_uni,1,5.781440734863281,-4.833390235900879,1
Clemson_p051_c1_grm_std_uni,1,5.785350322723389,-4.923844814300537,1
Clemson_p051_c1_grm_std_uni,1,5.660548210144043,-4.90022087097168,1
Clemson_p051_c1_grm_std_uni,1,5.558270454406738,-4.818515300750732,1
Clemson_p051_c1_grm_std_uni,1,5.364075183868408,-4.66825008392334,1
Clemson_p051_c1_grm_std_uni,1,5.369704246520996,-4.624914646148682,1
Clemson_p051_c1_grm_std_uni,1,5.48794412612915,-4.636679172515869,1
Clemson_p051_c1_grm_std_uni,1,5.528737545013428,-4.523610591888428,1
Clemson_p051_c1_grm_std_uni,1,5.5435471534729,-4.445795059204102,1
Clemson_p051_c1_grm_std_uni,1,5.276496887207031,-4.160512447357178,1
Clemson_p051_c1_grm_std_uni,1,5.027760982513428,-3.995025157928467,1
Clemson_p051_c1_grm_std_uni,1,4.691344738006592,-3.664046287536621,1
Clemson_p051_c1_grm_std_uni,1,4.284482479095459,-3.1218912601470947,1
Clemson_p051_c1_grm_std_uni,1,3.6668004989624023,-2.7094640731811523,1
Clemson_p051_c1_grm_std_uni,1,3.3814849853515625,-2.504849433898926,1
Clemson_p051_c1_grm_std_uni,1,3.3969690799713135,-2.39361834526062,1
Clemson_p051_c1_grm_std_uni,1,3.817573070526123,-2.8395512104034424,1
Clemson_p051_c1_grm_std_uni,1,4.328252792358398,-3.3920607566833496,1
Clemson_p051_c1_grm_std_uni,1,4.476179599761963,-3.672494649887085,1
Clemson_p051_c1_grm_std_uni,1,4.547554016113281,-3.812128782272339,1
Clemson_p051_c1_grm_std_uni,1,4.565500736236572,-3.797556161880493,1
Clemson_p051_c1_grm_std_uni,1,4.1561384201049805,-3.323209285736084,1
Clemson_p051_c1_grm_std_uni,2,3.6250040531158447,-2.9492273330688477,1
Clemson_p051_c1_grm_std_uni,2,3.0718038082122803,-2.7680842876434326,1
Clemson_p051_c1_grm_std_uni,2,1.6237385272979736,-1.989043116569519,1
Clemson_p051_c1_grm_std_uni,2,1.5537891387939453,-1.7071192264556885,1
Clemson_p051_c1_grm_std_uni,2,2.323918581008911,-1.9347566366195679,1
Clemson_p051_c1_grm_std_uni,2,4.015263080596924,-3.358856201171875,1
Clemson_p051_c1_grm_std_uni,2,4.368827819824219,-3.7482712268829346,1
Clemson_p051_c1_grm_std_uni,2,5.167842388153076,-4.588407039642334,1
Clemson_p051_c1_grm_std_uni,2,5.172964572906494,-4.816170692443848,1
Clemson_p051_c1_grm_std_uni,2,4.9237189292907715,-4.800815105438232,1
Clemson_p051_c1_grm_std_uni,2,4.619121074676514,-4.56293249130249,1
Clemson_p051_c1_grm_std_uni,2,4.525672912597656,-4.467776775360107,1
Clemson_p051_c1_grm_std_uni,2,4.4865031242370605,-4.380299091339111,1
Clemson_p051_c1_grm_std_uni,2,4.276311874389648,-4.103145599365234,1
Clemson_p051_c1_grm_std_uni,2,4.071928024291992,-3.673949718475342,1
Clemson_p051_c1_grm_std_uni,2,3.6276960372924805,-3.083770751953125,1
Clemson_p051_c1_grm_std_uni,2,4.223402976989746,-3.7314252853393555,1
Clemson_p051_c1_grm_std_uni,2,5.107021808624268,-4.5628743171691895,1
Clemson_p051_c1_grm_std_uni,2,5.653933525085449,-4.884870529174805,1
Clemson_p051_c1_grm_std_uni,2,5.589114665985107,-4.794084548950195,1
Clemson_p051_c1_grm_std_uni,2,5.3132829666137695,-4.523445129394531,1
Clemson_p051_c1_grm_std_uni,2,5.531336307525635,-4.757691860198975,1
Clemson_p051_c1_grm_std_uni,2,5.401639938354492,-4.616860389709473,1
Clemson_p051_c1_grm_std_uni,2,5.100250244140625,-4.327703952789307,1
Clemson_p051_c1_grm_std_uni,2,4.85988187789917,-4.221380233764648,1
Clemson_p051_c1_grm_std_uni,2,4.64938497543335,-4.383625507354736,1
Clemson_p051_c1_grm_std_uni,2,4.703858375549316,-4.350390434265137,1
Clemson_p051_c1_grm_std_uni,2,4.744301795959473,-4.261756420135498,1
Clemson_p051_c1_grm_std_uni,2,3.8331186771392822,-3.6701009273529053,1
Clemson_p051_c1_grm_std_uni,1,1.5280227661132812,-1.953039526939392,1
Clemson_p051_c1_grm_std_uni,1,1.6215927600860596,-1.4388688802719116,1
Clemson_p051_c1_grm_std_uni,1,3.836992025375366,-3.1407692432403564,1
Clemson_p051_c1_grm_std_uni,1,4.592402458190918,-3.331298351287842,1
Clemson_p051_c1_grm_std_uni,1,5.687961101531982,-4.097952842712402,1
Clemson_p051_c1_grm_std_uni,1,6.16101598739624,-4.2476091384887695,1
Clemson_p051_c1_grm_std_uni,1,6.103781700134277,-5.372532367706299,1
Clemson_p051_c1_grm_std_uni,1,5.743354797363281,-5.562533378601074,1
Clemson_p051_c1_grm_std_uni,1,5.440026760101318,-5.445901393890381,1
Clemson_p051_c1_grm_std_uni,1,5.300727844238281,-5.218507766723633,1
Clemson_p051_c1_grm_std_uni,1,5.6291728019714355,-5.324256896972656,1
Clemson_p051_c1_grm_std_uni,1,5.952528476715088,-5.5980224609375,1
Clemson_p051_c1_grm_std_uni,1,5.894522666931152,-5.576929569244385,1
Clemson_p051_c1_grm_std_uni,1,5.843069076538086,-5.506867408752441,1
Clemson_p051_c1_grm_std_uni,1,5.819088459014893,-5.454453945159912,1
Clemson_p051_c1_grm_std_uni,1,5.757532596588135,-5.173296928405762,1
Clemson_p051_c1_grm_std_uni,1,6.2752275466918945,-5.550349712371826,1
Clemson_p051_c1_grm_std_uni,1,6.298008918762207,-5.553190231323242,1
Clemson_p051_c1_grm_std_uni,1,6.303965091705322,-5.491889953613281,1
Clemson_p051_c1_grm_std_uni,1,6.1822404861450195,-5.319754123687744,1
Clemson_p051_c1_grm_std_uni,1,6.270280838012695,-5.445042133331299,1
Clemson_p051_c1_grm_std_uni,1,5.749393939971924,-5.120325088500977,1
Clemson_p051_c1_grm_std_uni,1,5.854140281677246,-5.11067008972168,1
Clemson_p051_c1_grm_std_uni,1,5.801358699798584,-4.9645466804504395,1
Clemson_p051_c1_grm_std_uni,1,5.8041205406188965,-4.856025218963623,1
Clemson_p051_c1_grm_std_uni,1,5.175267219543457,-4.266030311584473,1
Clemson_p051_c1_grm_std_uni,1,4.4530744552612305,-3.5429491996765137,1
Clemson_p051_c1_grm_std_uni,1,5.066498279571533,-4.389681339263916,1
Clemson_p051_c1_grm_std_uni,1,5.7585954666137695,-4.799975395202637,1
Clemson_p051_c1_grm_std_uni,1,5.253927230834961,-4.4083685874938965,1
Clemson_p051_c1_grm_std_uni,1,4.933145046234131,-4.391815185546875,1
Clemson_p051_c1_grm_std_uni,1,4.4869384765625,-4.181939601898193,1
Clemson_p051_c1_grm_std_uni,1,4.222925662994385,-4.0173234939575195,1
Clemson_p051_c1_grm_std_uni,1,4.935564994812012,-4.700345039367676,1
Clemson_p051_c1_grm_std_uni,1,4.885388374328613,-4.5899224281311035,1
Clemson_p051_c1_grm_std_uni,1,4.581690788269043,-4.293792724609375,1
Clemson_p051_c1_grm_std_uni,1,1.3578948974609375,-1.3819035291671753,1
Clemson_p051_c1_grm_std_uni,1,0.9295569658279419,0.28532564640045166,1
Clemson_p051_c1_grm_std_uni,1,3.6670620441436768,-2.5393176078796387,1
Clemson_p051_c1_grm_std_uni,1,6.154392719268799,-5.2299485206604,1
Clemson_p051_c1_grm_std_uni,1,7.750335693359375,-6.4107255935668945,1
Clemson_p051_c1_grm_std_uni,1,7.752443313598633,-6.49382209777832,1
Clemson_p051_c1_grm_std_uni,1,6.748641014099121,-6.146462917327881,1
Clemson_p051_c1_grm_std_uni,1,6.5070576667785645,-6.197500705718994,1
Clemson_p051_c1_grm_std_uni,1,6.392801761627197,-6.201849460601807,1
Clemson_p051_c1_grm_std_uni,1,6.522353172302246,-6.191664695739746,1
Clemson_p051_c1_grm_std_uni,1,6.746040344238281,-6.138115882873535,1
Clemson_p051_c1_grm_std_uni,1,6.7289910316467285,-5.9856133460998535,1
Clemson_p051_c1_grm_std_uni,1,6.615400791168213,-5.825172424316406,1
Clemson_p051_c1_grm_std_uni,1,6.3074116706848145,-5.5803632736206055,1
Clemson_p051_c1_grm_std_uni,1,5.958380699157715,-5.1975998878479,1
Clemson_p051_c1_grm_std_uni,1,5.8126540184021,-5.0732903480529785,1
Clemson_p051_c1_grm_std_uni,1,5.987931728363037,-5.2245635986328125,1
Clemson_p051_c1_grm_std_uni,1,5.961509704589844,-5.241150379180908,1
Clemson_p051_c1_grm_std_uni,1,5.641932010650635,-5.001882076263428,1
Clemson_p051_c1_grm_std_uni,1,6.021543025970459,-5.094663619995117,1
Clemson_p051_c1_grm_std_uni,1,6.188730716705322,-5.184198379516602,1
Clemson_p051_c1_grm_std_uni,1,6.113901615142822,-5.132431507110596,1
Clemson_p051_c1_grm_std_uni,1,6.081649303436279,-5.144499778747559,1
Clemson_p051_c1_grm_std_uni,1,5.9983229637146,-5.099810600280762,1
Clemson_p051_c1_grm_std_uni,1,5.703268051147461,-4.87859582901001,1
Clemson_p051_c1_grm_std_uni,1,5.178673267364502,-4.419003486633301,1
Clemson_p051_c1_grm_std_uni,1,5.153072834014893,-4.51276969909668,1
Clemson_p051_c1_grm_std_uni,1,4.300041675567627,-3.9621171951293945,1
Clemson_p051_c1_grm_std_uni,1,4.23515510559082,-3.911958932876587,1
Clemson_p051_c1_grm_std_uni,1,3.60786509513855,-3.4859321117401123,1
Clemson_p051_c1_grm_std_uni,1,4.589964866638184,-4.151839733123779,1
Clemson_p051_c1_grm_std_uni,1,5.279190540313721,-4.659802436828613,1
Clemson_p051_c1_grm_std_uni,1,5.463742733001709,-4.908685207366943,1
Clemson_p051_c1_grm_std_uni,1,5.408036231994629,-5.012004375457764,1
Clemson_p051_c1_grm_std_uni,1,5.325832843780518,-5.001570224761963,1
Clemson_p051_c1_grm_std_uni,1,5.473596096038818,-5.01999568939209,1
Clemson_p051_c1_grm_std_uni,1,5.386580944061279,-4.921648025512695,1
Clemson_p051_c1_grm_std_uni,1,5.318355083465576,-4.82827615737915,1
Clemson_p051_c1_grm_std_uni,1,5.22467565536499,-4.728983402252197,1
Clemson_p051_c1_grm_std_uni,1,5.1399407386779785,-4.606295585632324,1
Clemson_p051_c1_grm_std_uni,1,5.24362850189209,-4.578611850738525,1
Clemson_p051_c1_grm_std_uni,1,5.378296375274658,-4.663236618041992,1
Clemson_p051_c1_grm_std_uni,1,5.269099235534668,-4.6511688232421875,1
Clemson_p051_c1_grm_std_uni,1,5.1442551612854,-4.63921594619751,1
Clemson_p051_c1_grm_std_uni,1,5.056508541107178,-4.6322102546691895,1
Clemson_p051_c1_grm_std_uni,1,4.94630241394043,-4.561882495880127,1
Clemson_p051_c1_grm_std_uni,1,5.081755638122559,-4.64925479888916,1
Clemson_p051_c1_grm_std_uni,1,5.106436729431152,-4.615556716918945,1
Clemson_p051_c1_grm_std_uni,1,5.302556991577148,-4.706021308898926,1
Clemson_p051_c1_grm_std_uni,1,5.330705165863037,-4.709072589874268,1
Clemson_p051_c1_grm_std_uni,1,5.35720682144165,-4.724572658538818,1
Clemson_p051_c1_grm_std_uni,1,5.388816833496094,-4.751169204711914,1
Clemson_p051_c1_grm_std_uni,1,5.435072422027588,-4.779397010803223,1
Clemson_p051_c1_grm_std_uni,1,5.487224102020264,-4.791759014129639,1
Clemson_p051_c1_grm_std_uni,1,5.5318603515625,-4.800329208374023,1
Clemson_p051_c1_grm_std_uni,1,5.517481327056885,-4.773564338684082,1
Clemson_p051_c1_grm_std_uni,1,5.5420966148376465,-4.766196250915527,1
Clemson_p051_c1_grm_std_uni,1,5.486181259155273,-4.709224224090576,1
Clemson_p051_c1_grm_std_uni,1,5.451920986175537,-4.667579174041748,1
Clemson_p051_c1_grm_std_uni,1,5.401227951049805,-4.611483097076416,1
Clemson_p051_c1_grm_std_uni,1,5.329232215881348,-4.538807392120361,1
Clemson_p051_c1_grm_std_uni,1,5.196695804595947,-4.411429405212402,1
Clemson_p051_c1_grm_std_uni,1,5.026454448699951,-4.258632183074951,1
Clemson_p051_c1_grm_std_uni,1,4.925199031829834,-4.180378437042236,1
Clemson_p051_c1_grm_std_uni,1,4.771340370178223,-4.076155185699463,1
Clemson_p051_c1_grm_std_uni,1,4.902587890625,-4.250832557678223,1
Clemson_p051_c1_grm_std_uni,1,4.925839424133301,-4.305425643920898,1
Clemson_p051_c1_grm_std_uni,1,4.9187445640563965,-4.292107582092285,1
Clemson_p051_c1_grm_std_uni,1,4.96865177154541,-4.289977550506592,1
Clemson_p051_c1_grm_std_uni,1,5.0189528465271,-4.3130998611450195,1
Clemson_p051_c1_grm_std_uni,1,5.0781965255737305,-4.3670973777771,1
Clemson_p051_c1_grm_std_uni,1,5.152799129486084,-4.453027248382568,1
Clemson_p051_c1_grm_std_uni,1,5.167084693908691,-4.479050636291504,1
Clemson_p051_c1_grm_std_uni,1,5.214593410491943,-4.542225360870361,1
Clemson_p051_c1_grm_std_uni,1,5.23534631729126,-4.554956436157227,1
Clemson_p051_c1_grm_std_uni,1,5.1756439208984375,-4.502046585083008,1
Clemson_p051_c1_grm_std_uni,1,4.918118476867676,-4.26767110824585,1
Clemson_p051_c1_grm_std_uni,1,4.8177385330200195,-4.15587854385376,1
Clemson_p051_c1_grm_std_uni,1,4.909444332122803,-4.16353702545166,1
Clemson_p051_c1_grm_std_uni,1,4.740438938140869,-4.083297252655029,1
Clemson_p051_c1_grm_std_uni,1,4.267581462860107,-3.7356932163238525,1
Clemson_p051_c1_grm_std_uni,1,3.1067283153533936,-2.8245413303375244,1
Clemson_p051_c1_grm_std_uni,1,2.9103665351867676,-2.746080160140991,1
Clemson_p051_c1_grm_std_uni,1,3.4380862712860107,-3.1964895725250244,1
Clemson_p051_c1_grm_std_uni,1,3.734428644180298,-3.5371320247650146,1
Clemson_p051_c1_grm_std_uni,1,3.5465285778045654,-3.5310757160186768,1
Clemson_p051_c1_grm_std_uni,1,3.1956565380096436,-3.252885580062866,1
Clemson_p051_c1_grm_std_uni,1,2.845736503601074,-2.959104061126709,1
Clemson_p051_c1_grm_std_uni,1,2.320734977722168,-2.458151340484619,1
Clemson_p051_c1_grm_std_uni,1,2.946068525314331,-3.1446359157562256,1
Clemson_p051_c1_grm_std_uni,1,3.683845281600952,-4.009133338928223,1
Clemson_p051_c1_grm_std_uni,1,3.970618486404419,-4.178844451904297,1
Clemson_p051_c1_grm_std_uni,1,4.370259761810303,-4.5796003341674805,1
Clemson_p051_c1_grm_std_uni,1,4.382348537445068,-4.5559282302856445,1
Clemson_p051_c1_grm_std_uni,1,4.434913635253906,-4.527063369750977,1
Clemson_p051_c1_grm_std_uni,1,4.2244086265563965,-4.354121208190918,1
Clemson_p051_c1_grm_std_uni,1,4.006423473358154,-4.1523566246032715,1
Clemson_p051_c1_grm_std_uni,1,3.8631184101104736,-4.156444072723389,1
Clemson_p051_c1_grm_std_uni,1,4.886357307434082,-5.055013656616211,1
Clemson_p051_c1_grm_std_uni,1,4.7480854988098145,-5.16698694229126,1
Clemson_p051_c1_grm_std_uni,1,4.503127098083496,-5.10184383392334,1
Clemson_p051_c1_grm_std_uni,1,4.111569404602051,-4.958174228668213,1
Clemson_p051_c1_grm_std_uni,1,4.109316349029541,-4.9824395179748535,1
Clemson_p051_c1_grm_std_uni,1,4.147450923919678,-4.993607997894287,1
Clemson_p051_c1_grm_std_uni,1,4.168538570404053,-4.9511237144470215,1
Clemson_p051_c1_grm_std_uni,1,4.206089019775391,-4.876223087310791,1
Clemson_p051_c1_grm_std_uni,1,4.3579840660095215,-4.865532875061035,1
Clemson_p051_c1_grm_std_uni,1,4.568702697753906,-4.881947994232178,1
Clemson_p051_c1_grm_std_uni,1,4.668530464172363,-4.789743423461914,1
Clemson_p051_c1_grm_std_uni,1,4.763381004333496,-4.708306789398193,1
Clemson_p051_c1_grm_std_uni,1,4.747239112854004,-4.564670085906982,1
Clemson_p051_c1_grm_std_uni,1,4.8363566398620605,-4.558732986450195,1
Clemson_p051_c1_grm_std_uni,1,4.8388471603393555,-4.55138635635376,1
Clemson_p051_c1_grm_std_uni,1,4.752999305725098,-4.4905595779418945,1
Clemson_p051_c1_grm_std_uni,1,4.818193435668945,-4.525401592254639,1
Clemson_p051_c1_grm_std_uni,1,4.904306411743164,-4.5404438972473145,1
Clemson_p051_c1_grm_std_uni,1,5.1533942222595215,-4.653914451599121,1
Clemson_p051_c1_grm_std_uni,1,5.34047269821167,-4.699618339538574,1
Clemson_p051_c1_grm_std_uni,1,5.464725971221924,-4.796967506408691,1
Clemson_p051_c1_grm_std_uni,1,5.472300052642822,-4.7868971824646,1
Clemson_p051_c1_grm_std_uni,1,5.335867881774902,-4.639330863952637,1
Clemson_p051_c1_grm_std_uni,1,4.474194049835205,-3.8365159034729004,1
Clemson_p051_c1_grm_std_uni,1,4.3151445388793945,-3.7837297916412354,1
Clemson_p051_c1_grm_std_uni,1,4.620981216430664,-3.8824431896209717,1
Clemson_p051_c1_grm_std_uni,1,4.306251525878906,-3.662808418273926,1
Clemson_p051_c1_grm_std_uni,1,1.6168830394744873,-1.6612075567245483,1
Clemson_p051_c1_grm_std_uni,1,1.8401979207992554,-0.682445228099823,1
Clemson_p051_c1_grm_std_uni,1,4.240425109863281,-2.7516019344329834,1
Clemson_p051_c1_grm_std_uni,1,6.352097511291504,-4.94376802444458,1
Clemson_p051_c1_grm_std_uni,1,7.208133220672607,-5.311917304992676,1
Clemson_p051_c1_grm_std_uni,1,6.740302085876465,-4.646963596343994,1
Clemson_p051_c1_grm_std_uni,1,6.656981468200684,-4.908778667449951,1
Clemson_p051_c1_grm_std_uni,1,8.277868270874023,-6.392394542694092,1
Clemson_p051_c1_grm_std_uni,1,8.600834846496582,-6.7665228843688965,1
Clemson_p051_c1_grm_std_uni,1,8.19729995727539,-6.547154903411865,1
Clemson_p051_c1_grm_std_uni,1,7.476256370544434,-6.073947429656982,1
Clemson_p051_c1_grm_std_uni,1,7.244834899902344,-5.897017955780029,1
Clemson_p051_c1_grm_std_uni,1,6.967735767364502,-5.650228023529053,1
Clemson_p051_c1_grm_std_uni,1,7.2202019691467285,-5.897089004516602,1
Clemson_p051_c1_grm_std_uni,1,7.369663715362549,-6.0465407371521,1
Clemson_p051_c1_grm_std_uni,1,7.222230911254883,-5.908363342285156,1
Clemson_p051_c1_grm_std_uni,1,6.702324867248535,-5.607949256896973,1
Clemson_p051_c1_grm_std_uni,1,6.64695405960083,-5.682790279388428,1
Clemson_p051_c1_grm_std_uni,1,6.420222282409668,-5.664299011230469,1
Clemson_p051_c1_grm_std_uni,1,6.227752685546875,-5.542641639709473,1
Clemson_p051_c1_grm_std_uni,1,6.263833999633789,-5.552132606506348,1
Clemson_p051_c1_grm_std_uni,1,6.376856803894043,-5.599776268005371,1
Clemson_p051_c1_grm_std_uni,1,6.449137210845947,-5.611368656158447,1
Clemson_p051_c1_grm_std_uni,1,6.504572868347168,-5.596154689788818,1
Clemson_p051_c1_grm_std_uni,1,6.3836140632629395,-5.3797078132629395,1
Clemson_p051_c1_grm_std_uni,1,6.358351230621338,-4.988876819610596,1
Clemson_p051_c1_grm_std_uni,1,6.855321884155273,-5.193375110626221,1
Clemson_p051_c1_grm_std_uni,1,6.6466827392578125,-5.103456974029541,1
Clemson_p051_c1_grm_std_uni,1,6.760491371154785,-5.38904333114624,1
Clemson_p051_c1_grm_std_uni,1,6.425245761871338,-5.223971843719482,1
Clemson_p051_c1_grm_std_uni,1,6.311685562133789,-5.150813102722168,1
Clemson_p051_c1_grm_std_uni,1,6.173497676849365,-5.113401412963867,1
Clemson_p051_c1_grm_std_uni,1,6.098522663116455,-5.1115617752075195,1
Clemson_p051_c1_grm_std_uni,1,6.0247321128845215,-5.083675861358643,1
Clemson_p051_c1_grm_std_uni,1,5.952217102050781,-5.059367656707764,1
Clemson_p051_c1_grm_std_uni,1,5.927006244659424,-5.0648345947265625,1
Clemson_p051_c1_grm_std_uni,1,5.8498311042785645,-5.021953105926514,1
Clemson_p051_c1_grm_std_uni,1,5.779992580413818,-4.972329139709473,1
Clemson_p051_c1_grm_std_uni,1,5.763444423675537,-4.949909687042236,1
Clemson_p051_c1_grm_std_uni,1,5.746768474578857,-4.91106653213501,1
Clemson_p051_c1_grm_std_uni,1,5.764412879943848,-4.8558268547058105,1
Clemson_p051_c1_grm_std_uni,1,5.634009838104248,-4.6793694496154785,1
Clemson_p051_c1_grm_std_uni,1,5.554412364959717,-4.533763408660889,1
Clemson_p051_c1_grm_std_uni,1,5.708065986633301,-4.60587215423584,1
Clemson_p051_c1_grm_std_uni,1,5.739355564117432,-4.620545387268066,1
Clemson_p051_c1_grm_std_uni,1,5.739867687225342,-4.62089204788208,1
Clemson_p051_c1_grm_std_uni,1,5.755346298217773,-4.6627302169799805,1
Clemson_p051_c1_grm_std_uni,1,5.713898658752441,-4.687191486358643,1
Clemson_p051_c1_grm_std_uni,1,5.653069496154785,-4.6828694343566895,1
Clemson_p051_c1_grm_std_uni,1,5.552507400512695,-4.614570617675781,1
Clemson_p051_c1_grm_std_uni,1,5.554470539093018,-4.601141452789307,1
Clemson_p051_c1_grm_std_uni,1,5.458662509918213,-4.510528087615967,1
Clemson_p051_c1_grm_std_uni,1,5.261052131652832,-4.364644527435303,1
Clemson_p051_c1_grm_std_uni,1,5.267807483673096,-4.404672145843506,1
Clemson_p051_c1_grm_std_uni,1,5.350094318389893,-4.471436977386475,1
Clemson_p051_c1_grm_std_uni,1,5.4063720703125,-4.55672550201416,1
Clemson_p051_c1_grm_std_uni,1,5.478348731994629,-4.6806440353393555,1
Clemson_p051_c1_grm_std_uni,1,5.525534152984619,-4.7550177574157715,1
Clemson_p051_c1_grm_std_uni,1,5.536428451538086,-4.79194974899292,1
Clemson_p051_c1_grm_std_uni,1,5.55164098739624,-4.830408096313477,1
Clemson_p051_c1_grm_std_uni,1,5.584507465362549,-4.874709606170654,1
Clemson_p051_c1_grm_std_uni,1,5.610029220581055,-4.909752368927002,1
Clemson_p051_c1_grm_std_uni,1,5.5992631912231445,-4.909571170806885,1
Clemson_p051_c1_grm_std_uni,1,5.548553466796875,-4.865561008453369,1
Clemson_p051_c1_grm_std_uni,1,5.495892524719238,-4.80576229095459,1
Clemson_p051_c1_grm_std_uni,1,5.4379472732543945,-4.739450931549072,1
Clemson_p051_c1_grm_std_uni,1,5.377825736999512,-4.657031059265137,1
Clemson_p051_c1_grm_std_uni,1,5.32708740234375,-4.57728910446167,1
Clemson_p051_c1_grm_std_uni,1,5.300741195678711,-4.516860485076904,1
Clemson_p051_c1_grm_std_uni,1,5.338615894317627,-4.486987590789795,1
Clemson_p051_c1_grm_std_uni,1,5.357744216918945,-4.45722770690918,1
Clemson_p051_c1_grm_std_uni,1,5.48628044128418,-4.524997234344482,1
Clemson_p051_c1_grm_std_uni,1,5.634328365325928,-4.63189697265625,1
Clemson_p051_c1_grm_std_uni,1,5.697802543640137,-4.676827430725098,1
Clemson_p051_c1_grm_std_uni,1,5.734460353851318,-4.69674825668335,1
Clemson_p051_c1_grm_std_uni,1,5.801919460296631,-4.758529186248779,1
Clemson_p051_c1_grm_std_uni,1,5.827931880950928,-4.780519485473633,1
Clemson_p051_c1_grm_std_uni,1,5.86831521987915,-4.826319217681885,1
Clemson_p051_c1_grm_std_uni,1,5.888661861419678,-4.862899303436279,1
Clemson_p051_c1_grm_std_uni,1,5.908135890960693,-4.90049934387207,1
Clemson_p051_c1_grm_std_uni,1,5.923654556274414,-4.930238246917725,1
Clemson_p051_c1_grm_std_uni,1,5.88971471786499,-4.920619487762451,1
Clemson_p051_c1_grm_std_uni,1,5.845579147338867,-4.904801845550537,1
Clemson_p051_c1_grm_std_uni,1,5.773175239562988,-4.874155521392822,1
Clemson_p051_c1_grm_std_uni,1,5.741273880004883,-4.8716325759887695,1
Clemson_p051_c1_grm_std_uni,1,5.724850177764893,-4.874244213104248,1
Clemson_p051_c1_grm_std_uni,1,5.697854995727539,-4.867135524749756,1
Clemson_p051_c1_grm_std_uni,1,5.696742534637451,-4.876495361328125,1
Clemson_p051_c1_grm_std_uni,1,5.718408107757568,-4.900619029998779,1
Clemson_p051_c1_grm_std_uni,1,5.739840984344482,-4.923027515411377,1
Clemson_p051_c1_grm_std_uni,1,5.7832841873168945,-4.965485572814941,1
Clemson_p051_c1_grm_std_uni,1,5.789694309234619,-4.97960090637207,1
Clemson_p051_c1_grm_std_uni,1,5.781209468841553,-4.979032039642334,1
Clemson_p051_c1_grm_std_uni,1,5.78028678894043,-4.981078147888184,1
Clemson_p051_c1_grm_std_uni,1,5.771766185760498,-4.973166465759277,1
Clemson_p051_c1_grm_std_uni,1,5.758657932281494,-4.962291240692139,1
Clemson_p051_c1_grm_std_uni,1,5.708073616027832,-4.908534049987793,1
Clemson_p051_c1_grm_std_uni,1,5.631645679473877,-4.832481861114502,1
Clemson_p051_c1_grm_std_uni,1,5.525345802307129,-4.7126569747924805,1
Clemson_p051_c1_grm_std_uni,1,5.364389419555664,-4.4867353439331055,1
Clemson_p051_c1_grm_std_uni,1,5.220431327819824,-4.169972896575928,1
Clemson_p051_c1_grm_std_uni,1,5.371447563171387,-4.146009922027588,1
Clemson_p051_c1_grm_std_uni,1,5.4541916847229,-4.059638023376465,1
Clemson_p051_c1_grm_std_uni,1,5.602394104003906,-4.181722640991211,1
Clemson_p051_c1_grm_std_uni,1,5.761019706726074,-4.2537617683410645,1
Clemson_p051_c1_grm_std_uni,1,5.969301223754883,-4.50941276550293,1
Clemson_p051_c1_grm_std_uni,1,5.9755754470825195,-4.617667198181152,1
Clemson_p051_c1_grm_std_uni,1,5.835068225860596,-4.634544372558594,1
Clemson_p051_c1_grm_std_uni,1,5.754273414611816,-4.5956711769104,1
Clemson_p051_c1_grm_std_uni,1,5.428936958312988,-4.320879936218262,1
Clemson_p051_c1_grm_std_uni,1,4.792082786560059,-3.9255423545837402,1
Clemson_p051_c1_grm_std_uni,1,5.022413730621338,-4.236567497253418,1
Clemson_p051_c1_grm_std_uni,1,5.299557685852051,-4.547126770019531,1
Clemson_p051_c1_grm_std_uni,1,4.998702049255371,-4.187459945678711,1
Clemson_p051_c1_grm_std_uni,1,3.3353757858276367,-2.8629848957061768,1
Clemson_p051_c1_grm_std_uni,1,2.6782164573669434,-2.046757936477661,1
Clemson_p051_c1_grm_std_uni,1,3.789520502090454,-2.7075376510620117,1
Clemson_p051_c1_grm_std_uni,1,5.875051498413086,-4.180548667907715,1
Clemson_p051_c1_grm_std_uni,1,6.283562660217285,-4.728242874145508,1
Clemson_p051_c1_grm_std_uni,1,5.865660190582275,-4.73609733581543,1
Clemson_p051_c1_grm_std_uni,1,5.666457653045654,-4.757401943206787,1
Clemson_p051_c1_grm_std_uni,1,5.755712032318115,-5.16347074508667,1
Clemson_p051_c1_grm_std_uni,1,5.786563396453857,-5.404934883117676,1
Clemson_p051_c1_grm_std_uni,1,5.823277950286865,-5.101568698883057,1
Clemson_p051_c1_grm_std_uni,1,5.817806720733643,-4.551701545715332,1
Clemson_p051_c1_grm_std_uni,1,5.72806453704834,-4.383669376373291,1
Clemson_p051_c1_grm_std_uni,1,5.614851951599121,-4.505152225494385,1
Clemson_p051_c1_grm_std_uni,1,5.314521312713623,-4.366878032684326,1
Clemson_p051_c1_grm_std_uni,1,5.304008483886719,-4.579192638397217,1
Clemson_p051_c1_grm_std_uni,1,5.488176345825195,-4.805617332458496,1
Clemson_p051_c1_grm_std_uni,1,5.505192756652832,-4.803831577301025,1
Clemson_p051_c1_grm_std_uni,1,5.191720962524414,-4.456520080566406,1
Clemson_p051_c1_grm_std_uni,1,4.517768383026123,-3.7977170944213867,1
Clemson_p051_c1_grm_std_uni,1,4.4302592277526855,-3.8031132221221924,1
Clemson_p051_c1_grm_std_uni,1,3.9327120780944824,-3.2780189514160156,1
Clemson_p051_c1_grm_std_uni,1,3.4375486373901367,-2.6860575675964355,1
Clemson_p051_c1_grm_std_uni,1,4.54555606842041,-3.544672966003418,1
Clemson_p051_c1_grm_std_uni,1,4.955363750457764,-3.9289729595184326,1
Clemson_p051_c1_grm_std_uni,1,5.071256160736084,-4.291478157043457,1
Clemson_p051_c1_grm_std_uni,1,5.013462543487549,-4.383700847625732,1
Clemson_p051_c1_grm_std_uni,1,4.936004161834717,-4.50290584564209,1
Clemson_p051_c1_grm_std_uni,1,4.847772598266602,-4.415749549865723,1
Clemson_p051_c1_grm_std_uni,1,4.511568069458008,-3.915292978286743,1
Clemson_p051_c1_grm_std_uni,1,1.3979036808013916,-1.6685882806777954,1
Clemson_p051_c1_grm_std_uni,1,0.726548433303833,0.5606284737586975,2
Clemson_p051_c1_grm_std_uni,2,3.710921049118042,-1.3993210792541504,1
Clemson_p051_c1_grm_std_uni,2,6.399563789367676,-4.056517124176025,1
Clemson_p051_c1_grm_std_uni,2,7.5005784034729,-5.454585075378418,1
Clemson_p051_c1_grm_std_uni,2,7.456212043762207,-5.924622058868408,1
Clemson_p051_c1_grm_std_uni,2,8.11936092376709,-6.42518949508667,1
Clemson_p051_c1_grm_std_uni,2,7.1788811683654785,-5.79084587097168,1
Clemson_p051_c1_grm_std_uni,2,5.656125068664551,-4.537989139556885,1
Clemson_p051_c1_grm_std_uni,2,6.800029277801514,-5.147043228149414,1
Clemson_p051_c1_grm_std_uni,2,8.08828067779541,-6.324330806732178,1
Clemson_p051_c1_grm_std_uni,2,8.346628189086914,-6.692515850067139,1
Clemson_p051_c1_grm_std_uni,2,7.947714805603027,-6.528878688812256,1
Clemson_p051_c1_grm_std_uni,2,7.30064582824707,-6.049394130706787,1
Clemson_p051_c1_grm_std_uni,2,7.343994617462158,-6.18333625793457,1
Clemson_p051_c1_grm_std_uni,2,7.330587387084961,-6.19907808303833,1
Clemson_p051_c1_grm_std_uni,2,7.196861743927002,-6.127743244171143,1
Clemson_p051_c1_grm_std_uni,2,7.21445369720459,-6.262392997741699,1
Clemson_p051_c1_grm_std_uni,2,6.637855052947998,-6.49294376373291,1
Clemson_p051_c1_grm_std_uni,2,5.467432022094727,-6.276008129119873,1
Clemson_p051_c1_grm_std_uni,2,4.5922770500183105,-5.891021251678467,1
Clemson_p051_c1_grm_std_uni,2,4.523298263549805,-5.821777820587158,1
Clemson_p051_c1_grm_std_uni,2,4.6566853523254395,-5.55869722366333,1
Clemson_p051_c1_grm_std_uni,1,4.119699954986572,-4.916280269622803,1
Clemson_p051_c1_grm_std_uni,1,1.746909499168396,-2.6518282890319824,1
Clemson_p051_c1_grm_std_uni,2,-1.4937634468078613,1.282187819480896,2
Clemson_p051_c1_grm_std_uni,2,1.7444931268692017,-0.10848312079906464,1
Clemson_p051_c1_grm_std_uni,2,5.099289417266846,-3.2915048599243164,1
Clemson_p051_c1_grm_std_uni,2,6.340289115905762,-4.291443824768066,1
Clemson_p051_c1_grm_std_uni,2,6.835275173187256,-4.573327541351318,1
Clemson_p051_c1_grm_std_uni,2,7.015343189239502,-4.888455867767334,1
Clemson_p051_c1_grm_std_uni,2,7.235117435455322,-5.292305946350098,1
Clemson_p051_c1_grm_std_uni,2,7.397143840789795,-6.106887340545654,1
Clemson_p051_c1_grm_std_uni,2,6.820456504821777,-5.6311845779418945,1
Clemson_p051_c1_grm_std_uni,2,6.887063980102539,-5.782220363616943,1
Clemson_p051_c1_grm_std_uni,2,6.962211608886719,-6.379610061645508,1
Clemson_p051_c1_grm_std_uni,2,6.532436847686768,-6.01188325881958,1
Clemson_p051_c1_grm_std_uni,2,5.144439697265625,-4.47840690612793,1
Clemson_p051_c1_grm_std_uni,2,5.8035101890563965,-4.943545818328857,1
Clemson_p051_c1_grm_std_uni,1,7.578339576721191,-6.663194179534912,1
Clemson_p051_c1_grm_std_uni,1,8.304055213928223,-7.442251205444336,1
Clemson_p051_c1_grm_std_uni,1,7.869161128997803,-7.166280746459961,1
Clemson_p051_c1_grm_std_uni,1,7.3129119873046875,-6.735119819641113,1
Clemson_p051_c1_grm_std_uni,1,6.800141334533691,-6.441098213195801,1
Clemson_p051_c1_grm_std_uni,1,5.979204177856445,-5.960066795349121,1
Clemson_p051_c1_grm_std_uni,1,5.619207859039307,-5.7725396156311035,1
Clemson_p051_c1_grm_std_uni,1,5.676506519317627,-5.72962760925293,1
Clemson_p051_c1_grm_std_uni,1,5.855223655700684,-5.842498779296875,1
Clemson_p051_c1_grm_std_uni,1,5.735345363616943,-5.80201530456543,1
Clemson_p051_c1_grm_std_uni,1,5.8413801193237305,-5.858717918395996,1
Clemson_p051_c1_grm_std_uni,1,5.841529369354248,-5.851962566375732,1
Clemson_p051_c1_grm_std_uni,1,5.871468544006348,-5.857445240020752,1
Clemson_p051_c1_grm_std_uni,1,5.883469581604004,-5.884398937225342,1
Clemson_p051_c1_grm_std_uni,1,5.915286540985107,-5.8845109939575195,1
Clemson_p051_c1_grm_std_uni,1,5.817717552185059,-5.732358455657959,1
Clemson_p051_c1_grm_std_uni,1,5.807350158691406,-5.60633659362793,1
Clemson_p051_c1_grm_std_uni,1,5.3166608810424805,-5.08748722076416,1
Clemson_p051_c1_grm_std_uni,1,2.84472393989563,-3.04246187210083,1
Clemson_p051_c1_grm_std_uni,1,2.4451043605804443,-1.5370711088180542,1
Clemson_p051_c1_grm_std_uni,1,3.344019651412964,-2.214191436767578,1
Clemson_p051_c1_grm_std_uni,1,4.124625205993652,-3.123976945877075,1
Clemson_p051_c1_grm_std_uni,1,4.516787528991699,-3.6074635982513428,1
Clemson_p051_c1_grm_std_uni,1,5.274618625640869,-4.698866367340088,1
Clemson_p051_c1_grm_std_uni,1,6.066737651824951,-5.533688545227051,1
Clemson_p051_c1_grm_std_uni,1,6.894950866699219,-6.283420085906982,1
Clemson_p051_c1_grm_std_uni,1,7.92978048324585,-6.707971572875977,1
Clemson_p051_c1_grm_std_uni,1,9.261157035827637,-7.617035865783691,1
Clemson_p051_c1_grm_std_uni,1,8.693848609924316,-7.0541863441467285,1
Clemson_p051_c1_grm_std_uni,1,7.634625434875488,-6.581659317016602,1
Clemson_p051_c1_grm_std_uni,1,7.00262451171875,-6.49629545211792,1
Clemson_p051_c1_grm_std_uni,1,6.345033645629883,-5.929391384124756,1
Clemson_p051_c1_grm_std_uni,1,5.869833946228027,-5.548813819885254,1
Clemson_p051_c1_grm_std_uni,1,6.326319217681885,-6.002572536468506,1
Clemson_p051_c1_grm_std_uni,1,6.292466163635254,-5.880386829376221,1
Clemson_p051_c1_grm_std_uni,1,5.890204429626465,-5.788638114929199,1
Clemson_p051_c1_grm_std_uni,1,5.853465557098389,-5.815218448638916,1
Clemson_p051_c1_grm_std_uni,1,5.782746315002441,-5.711699485778809,1
Clemson_p051_c1_grm_std_uni,1,5.677360534667969,-5.564445972442627,1
Clemson_p051_c1_grm_std_uni,1,5.651578903198242,-5.475626468658447,1
Clemson_p051_c1_grm_std_uni,1,5.702511787414551,-5.479915142059326,1
Clemson_p051_c1_grm_std_uni,1,5.737925052642822,-5.4889445304870605,1
Clemson_p051_c1_grm_std_uni,1,5.723282337188721,-5.456109046936035,1
Clemson_p051_c1_grm_std_uni,1,5.729511737823486,-5.414766788482666,1
Clemson_p051_c1_grm_std_uni,1,5.7853851318359375,-5.3853936195373535,1
Clemson_p051_c1_grm_std_uni,1,5.765084266662598,-5.302544116973877,1
Clemson_p051_c1_grm_std_uni,1,5.766851425170898,-5.236427307128906,1
Clemson_p051_c1_grm_std_uni,1,5.755486488342285,-5.154984474182129,1
Clemson_p051_c1_grm_std_uni,1,5.837353229522705,-5.113739013671875,1
Clemson_p051_c1_grm_std_uni,1,5.7809367179870605,-4.963003158569336,1
Clemson_p051_c1_grm_std_uni,1,5.480292797088623,-4.669461250305176,1
Clemson_p051_c1_grm_std_uni,1,5.08750057220459,-4.330621242523193,1
Clemson_p051_c1_grm_std_uni,1,4.685266494750977,-3.993225574493408,1
Clemson_p051_c1_grm_std_uni,1,4.516687393188477,-3.8240673542022705,1
Clemson_p051_c1_grm_std_uni,1,5.035797595977783,-4.266115188598633,1
Clemson_p051_c1_grm_std_uni,1,4.935151100158691,-4.4378862380981445,1
Clemson_p051_c1_grm_std_uni,1,4.703927040100098,-4.344892501831055,1
Clemson_p051_c1_grm_std_uni,1,4.910123825073242,-4.523940086364746,1
Clemson_p051_c1_grm_std_uni,1,4.775306701660156,-4.45193338394165,1
Clemson_p051_c1_grm_std_uni,1,5.002137184143066,-4.624098300933838,1
Clemson_p051_c1_grm_std_uni,1,5.120070934295654,-4.680254936218262,1
Clemson_p051_c1_grm_std_uni,1,5.123671054840088,-4.662730693817139,1
Clemson_p051_c1_grm_std_uni,1,5.154365062713623,-4.6771039962768555,1
Clemson_p051_c1_grm_std_uni,1,5.23613166809082,-4.750608444213867,1
Clemson_p051_c1_grm_std_uni,1,5.258451461791992,-4.76454496383667,1
Clemson_p051_c1_grm_std_uni,1,5.290627956390381,-4.7305169105529785,1
Clemson_p051_c1_grm_std_uni,1,5.307406425476074,-4.675333499908447,1
Clemson_p051_c1_grm_std_uni,1,5.351045608520508,-4.639920711517334,1
Clemson_p051_c1_grm_std_uni,1,5.421914577484131,-4.622788906097412,1
Clemson_p051_c1_grm_std_uni,1,5.3686370849609375,-4.516584396362305,1
Clemson_p051_c1_grm_std_uni,1,5.412289142608643,-4.53440523147583,1
Clemson_p051_c1_grm_std_uni,1,5.426061630249023,-4.528768539428711,1
Clemson_p051_c1_grm_std_uni,1,5.392575740814209,-4.458299160003662,1
Clemson_p051_c1_grm_std_uni,1,5.360319137573242,-4.369790077209473,1
Clemson_p051_c1_grm_std_uni,1,5.390313148498535,-4.319189548492432,1
Clemson_p051_c1_grm_std_uni,1,5.169682502746582,-4.0291056632995605,1
Clemson_p051_c1_grm_std_uni,1,5.42673921585083,-4.18418025970459,1
Clemson_p051_c1_grm_std_uni,1,5.49964714050293,-4.229959964752197,1
Clemson_p051_c1_grm_std_uni,1,5.489531993865967,-4.279851913452148,1
Clemson_p051_c1_grm_std_uni,1,5.404116630554199,-4.255061626434326,1
Clemson_p051_c1_grm_std_uni,1,5.375565528869629,-4.244790554046631,1
Clemson_p051_c1_grm_std_uni,1,5.292620658874512,-4.2312541007995605,1
Clemson_p051_c1_grm_std_uni,1,5.19439697265625,-4.20565938949585,1
Clemson_p051_c1_grm_std_uni,1,5.081328868865967,-4.176866054534912,1
Clemson_p051_c1_grm_std_uni,1,5.048196315765381,-4.191658973693848,1
Clemson_p051_c1_grm_std_uni,1,5.1110405921936035,-4.248019695281982,1
Clemson_p051_c1_grm_std_uni,1,5.227915287017822,-4.312103748321533,1
Clemson_p051_c1_grm_std_uni,1,5.386999130249023,-4.397769451141357,1
Clemson_p051_c1_grm_std_uni,1,5.375815391540527,-4.323071479797363,1
Clemson_p051_c1_grm_std_uni,1,5.1962809562683105,-4.095006942749023,1
Clemson_p051_c1_grm_std_uni,1,5.121879577636719,-4.016677379608154,1
Clemson_p051_c1_grm_std_uni,1,5.2530364990234375,-4.149336338043213,1
Clemson_p051_c1_grm_std_uni,1,5.340163230895996,-4.272928237915039,1
Clemson_p051_c1_grm_std_uni,1,5.34003210067749,-4.3404316902160645,1
Clemson_p051_c1_grm_std_uni,1,5.262790203094482,-4.3101959228515625,1
Clemson_p051_c1_grm_std_uni,1,5.093226432800293,-4.194462776184082,1
Clemson_p051_c1_grm_std_uni,1,4.507568359375,-3.6574628353118896,1
Clemson_p051_c1_grm_std_uni,1,4.101092338562012,-3.1729702949523926,1
Clemson_p051_c1_grm_std_uni,1,4.570413112640381,-3.655970811843872,1
Clemson_p051_c1_grm_std_uni,1,4.775904655456543,-3.9057464599609375,1
Clemson_p051_c1_grm_std_uni,1,4.7167887687683105,-3.8818602561950684,1
Clemson_p051_c1_grm_std_uni,1,4.788681507110596,-3.9093165397644043,1
Clemson_p051_c1_grm_std_uni,1,5.16259241104126,-4.430696964263916,1
Clemson_p051_c1_grm_std_uni,1,5.103623390197754,-4.448522567749023,1
Clemson_p051_c1_grm_std_uni,1,4.982603549957275,-4.356642723083496,1
Clemson_p051_c1_grm_std_uni,1,4.8694305419921875,-4.227459907531738,1
Clemson_p051_c1_grm_std_uni,1,4.9425368309021,-4.287423133850098,1
Clemson_p051_c1_grm_std_uni,1,4.984126091003418,-4.2945709228515625,1
Clemson_p051_c1_grm_std_uni,1,4.997322082519531,-4.247066020965576,1
Clemson_p051_c1_grm_std_uni,1,4.800142765045166,-3.9798896312713623,1
Clemson_p051_c1_grm_std_uni,1,5.219545841217041,-4.253267288208008,1
Clemson_p051_c1_grm_std_uni,1,5.3396453857421875,-4.3404741287231445,1
Clemson_p051_c1_grm_std_uni,1,5.411252975463867,-4.425390720367432,1
Clemson_p051_c1_grm_std_uni,1,5.437984943389893,-4.475138187408447,1
Clemson_p051_c1_grm_std_uni,1,5.473629474639893,-4.524043560028076,1
Clemson_p051_c1_grm_std_uni,1,5.528395652770996,-4.5742106437683105,1
Clemson_p051_c1_grm_std_uni,1,5.544815540313721,-4.567586898803711,1
Clemson_p051_c1_grm_std_uni,1,5.342418193817139,-4.430349826812744,1
Clemson_p051_c1_grm_std_uni,1,4.608834266662598,-3.909884452819824,1
Clemson_p051_c1_grm_std_uni,1,4.267632961273193,-3.557645082473755,1
Clemson_p051_c1_grm_std_uni,1,4.433726787567139,-3.7151882648468018,1
Clemson_p051_c1_grm_std_uni,1,3.7844204902648926,-3.1953065395355225,1
Clemson_p051_c1_grm_std_uni,1,3.220947504043579,-2.9605841636657715,1
Clemson_p051_c1_grm_std_uni,1,3.2200653553009033,-2.988591432571411,1
Clemson_p051_c1_grm_std_uni,1,4.052085876464844,-3.771737813949585,1
Clemson_p051_c1_grm_std_uni,1,4.3314995765686035,-4.116563320159912,1
Clemson_p051_c1_grm_std_uni,1,4.616029262542725,-4.556639671325684,1
Clemson_p051_c1_grm_std_uni,1,4.602677345275879,-4.66611385345459,1
Clemson_p051_c1_grm_std_uni,1,4.572952747344971,-4.7239508628845215,1
Clemson_p051_c1_grm_std_uni,1,4.390627384185791,-4.508545398712158,1
Clemson_p051_c1_grm_std_uni,1,3.9299638271331787,-4.135461330413818,1
Clemson_p051_c1_grm_std_uni,2,4.18125057220459,-4.469101428985596,1
Clemson_p051_c1_grm_std_uni,2,4.167017459869385,-4.611910343170166,1
Clemson_p051_c1_grm_std_uni,2,4.319676399230957,-4.78804874420166,1
Clemson_p051_c1_grm_std_uni,2,3.1213765144348145,-3.616992712020874,1
Clemson_p051_c1_grm_std_uni,2,4.231429100036621,-4.6073689460754395,1
Clemson_p051_c1_grm_std_uni,2,5.073046684265137,-5.22981595993042,1
Clemson_p051_c1_grm_std_uni,2,5.3698625564575195,-5.311026573181152,1
Clemson_p051_c1_grm_std_uni,2,5.643412113189697,-5.652227401733398,1
Clemson_p051_c1_grm_std_uni,2,5.37668514251709,-5.31959867477417,1
Clemson_p051_c1_grm_std_uni,2,5.438595294952393,-5.216689586639404,1
Clemson_p051_c1_grm_std_uni,2,5.272598743438721,-4.8768134117126465,1
Clemson_p051_c1_grm_std_uni,2,5.0290093421936035,-4.449920654296875,1
Clemson_p051_c1_grm_std_uni,2,4.493212699890137,-3.527167320251465,1
Clemson_p051_c1_grm_std_uni,2,4.710855484008789,-3.9249074459075928,1
Clemson_p051_c1_grm_std_uni,2,5.0291972160339355,-5.059967994689941,1
Clemson_p051_c1_grm_std_uni,2,4.166082859039307,-4.957927227020264,1
Clemson_p051_c1_grm_std_uni,2,4.012475490570068,-4.530807018280029,1
Clemson_p051_c1_grm_std_uni,2,4.0748982429504395,-4.234767436981201,1
Clemson_p051_c1_grm_std_uni,2,4.639416694641113,-4.803874492645264,1
Clemson_p051_c1_grm_std_uni,2,4.663931846618652,-4.949842929840088,1
Clemson_p051_c1_grm_std_uni,2,4.45122766494751,-4.805949687957764,1
Clemson_p051_c1_grm_std_uni,2,4.143999099731445,-4.561539649963379,1
Clemson_p051_c1_grm_std_uni,2,3.878462791442871,-4.1592912673950195,1
Clemson_p051_c1_grm_std_uni,2,3.554483652114868,-3.538766384124756,1
Clemson_p051_c1_grm_std_uni,2,2.870753049850464,-2.7879343032836914,1
Clemson_p051_c1_grm_std_uni,2,2.6547152996063232,-2.3891537189483643,1
Clemson_p051_c1_grm_std_uni,2,3.6588690280914307,-3.4946115016937256,1
Clemson_p051_c1_grm_std_uni,1,4.958552360534668,-4.481435775756836,1
Clemson_p051_c1_grm_std_uni,1,4.833372116088867,-4.337099552154541,1
Clemson_p051_c1_grm_std_uni,1,5.1365556716918945,-4.679891586303711,1
Clemson_p051_c1_grm_std_uni,1,4.772162914276123,-4.441932201385498,1
Clemson_p051_c1_grm_std_uni,1,4.485862731933594,-4.276255130767822,1
Clemson_p051_c1_grm_std_uni,1,4.4049530029296875,-4.267783164978027,1
Clemson_p051_c1_grm_std_uni,1,4.528166770935059,-4.410249710083008,1
Clemson_p051_c1_grm_std_uni,1,4.526206016540527,-4.441247463226318,1
Clemson_p051_c1_grm_std_uni,1,4.408873081207275,-4.3796491622924805,1
Clemson_p051_c1_grm_std_uni,1,4.336617469787598,-4.333549499511719,1
Clemson_p051_c1_grm_std_uni,1,4.420466423034668,-4.402322769165039,1
Clemson_p051_c1_grm_std_uni,1,4.445760250091553,-4.430394172668457,1
Clemson_p051_c1_grm_std_uni,1,4.478906154632568,-4.457079887390137,1
Clemson_p051_c1_grm_std_uni,1,4.5423383712768555,-4.467199325561523,1
Clemson_p051_c1_grm_std_uni,1,4.58278226852417,-4.428062915802002,1
Clemson_p051_c1_grm_std_uni,1,4.615288257598877,-4.3803300857543945,1
Clemson_p051_c1_grm_std_uni,1,4.681105136871338,-4.364599227905273,1
Clemson_p051_c1_grm_std_uni,1,4.674737930297852,-4.30315637588501,1
Clemson_p051_c1_grm_std_uni,1,4.643640995025635,-4.236014366149902,1
Clemson_p051_c1_grm_std_uni,1,4.751654148101807,-4.292032241821289,1
Clemson_p051_c1_grm_std_uni,1,4.802798748016357,-4.304909706115723,1
Clemson_p051_c1_grm_std_uni,1,4.846489906311035,-4.322211742401123,1
Clemson_p051_c1_grm_std_uni,1,4.883753776550293,-4.34514856338501,1
Clemson_p051_c1_grm_std_uni,1,4.848507881164551,-4.308602333068848,1
Clemson_p051_c1_grm_std_uni,1,4.827669620513916,-4.275708198547363,1
Clemson_p051_c1_grm_std_uni,1,4.857131481170654,-4.2940897941589355,1
Clemson_p051_c1_grm_std_uni,1,4.8345866203308105,-4.279979228973389,1
Clemson_p051_c1_grm_std_uni,1,4.783477306365967,-4.256163597106934,1
Clemson_p051_c1_grm_std_uni,1,4.756097316741943,-4.248711585998535,1
Clemson_p051_c1_grm_std_uni,1,4.715131759643555,-4.241551876068115,1
Clemson_p051_c1_grm_std_uni,1,4.7275896072387695,-4.263424396514893,1
Clemson_p051_c1_grm_std_uni,1,4.731215953826904,-4.257607936859131,1
Clemson_p051_c1_grm_std_uni,1,4.756591796875,-4.255877494812012,1
Clemson_p051_c1_grm_std_uni,1,4.748610019683838,-4.233837127685547,1
Clemson_p051_c1_grm_std_uni,1,4.679512023925781,-4.176055431365967,1
Clemson_p051_c1_grm_std_uni,1,4.618105411529541,-4.125235557556152,1
Clemson_p051_c1_grm_std_uni,1,4.579737663269043,-4.0987868309021,1
Clemson_p051_c1_grm_std_uni,1,4.58697509765625,-4.103003025054932,1
Clemson_p051_c1_grm_std_uni,1,4.533647060394287,-4.030239582061768,1
Clemson_p051_c1_grm_std_uni,1,4.470559120178223,-3.904432773590088,1
Clemson_p051_c1_grm_std_uni,1,4.352369785308838,-3.687063694000244,1
Clemson_p051_c1_grm_std_uni,1,4.252379417419434,-3.572608709335327,1
Clemson_p051_c1_grm_std_uni,1,4.325313091278076,-3.795457601547241,1
Clemson_p051_c1_grm_std_uni,1,4.131027698516846,-3.5478765964508057,1
Clemson_p051_c1_grm_std_uni,1,3.952892303466797,-3.4887969493865967,1
Clemson_p051_c1_grm_std_uni,1,3.15055513381958,-3.3629751205444336,1
Clemson_p051_c1_grm_std_uni,1,2.6195149421691895,-2.4166147708892822,1
Clemson_p051_c1_grm_std_uni,1,2.686359167098999,-2.8478806018829346,1
Clemson_p051_c1_grm_std_uni,1,4.172926902770996,-2.7797820568084717,1
Clemson_p051_c1_grm_std_uni,1,4.932592868804932,-3.176335573196411,1
Clemson_p051_c1_grm_std_uni,1,5.803422927856445,-4.151599407196045,1
Clemson_p051_c1_grm_std_uni,1,5.728127479553223,-4.252322196960449,1
Clemson_p051_c1_grm_std_uni,1,4.409021377563477,-2.7341058254241943,1
Clemson_p051_c1_grm_std_uni,1,3.4336140155792236,-1.3733514547348022,1
Clemson_p051_c1_grm_std_uni,1,6.158949375152588,-4.124572277069092,1
Clemson_p051_c1_grm_std_uni,1,6.769109725952148,-5.585622310638428,1
Clemson_p051_c1_grm_std_uni,1,6.332570552825928,-6.123937129974365,1
Clemson_p051_c1_grm_std_uni,1,5.871821880340576,-6.05226993560791,1
Clemson_p051_c1_grm_std_uni,1,5.487460613250732,-5.489649295806885,1
Clemson_p051_c1_grm_std_uni,1,5.337684154510498,-4.907605171203613,1
Clemson_p051_c1_grm_std_uni,1,4.549830913543701,-4.145256519317627,1
Clemson_p051_c1_grm_std_uni,1,5.664320945739746,-5.010329723358154,1
Clemson_p051_c1_grm_std_uni,1,5.712905406951904,-5.074286937713623,1
Clemson_p051_c1_grm_std_uni,1,5.220292568206787,-4.650528907775879,1
Clemson_p051_c1_grm_std_uni,1,5.463849067687988,-4.591609477996826,1
Clemson_p051_c1_grm_std_uni,1,7.460649013519287,-6.4648003578186035,1
Clemson_p051_c1_grm_std_uni,1,7.470861434936523,-6.50623083114624,1
Clemson_p051_c1_grm_std_uni,1,6.488129615783691,-5.787641525268555,1
Clemson_p051_c1_grm_std_uni,1,6.537068843841553,-5.829962730407715,1
Clemson_p051_c1_grm_std_uni,1,6.3993611335754395,-5.704354286193848,1
Clemson_p051_c1_grm_std_uni,1,6.262266159057617,-5.556839942932129,1
Clemson_p051_c1_grm_std_uni,1,5.914331912994385,-5.29741096496582,1
Clemson_p051_c1_grm_std_uni,1,5.58709716796875,-4.978272438049316,1
Clemson_p051_c1_grm_std_uni,1,5.749002933502197,-5.251836776733398,1
Clemson_p051_c1_grm_std_uni,1,5.648078918457031,-5.30721378326416,1
Clemson_p051_c1_grm_std_uni,1,5.2665114402771,-5.0601935386657715,1
Clemson_p051_c1_grm_std_uni,1,5.020135402679443,-4.709482669830322,1
Clemson_p051_c1_grm_std_uni,1,4.78823709487915,-4.446347236633301,1
Clemson_p051_c1_grm_std_uni,1,4.571561813354492,-4.257532596588135,1
Clemson_p051_c1_grm_std_uni,1,4.597589015960693,-4.359596252441406,1
Clemson_p051_c1_grm_std_uni,1,4.525555610656738,-4.4745283126831055,1
Clemson_p051_c1_grm_std_uni,1,4.744324207305908,-4.758612632751465,1
Clemson_p051_c1_grm_std_uni,1,4.50306510925293,-4.1140241622924805,1
Clemson_p051_c1_grm_std_uni,1,4.65639591217041,-3.516204357147217,1
Clemson_p051_c1_grm_std_uni,1,4.574053764343262,-3.3607866764068604,1
Clemson_p051_c1_grm_std_uni,1,4.457396030426025,-3.413416862487793,1
Clemson_p051_c1_grm_std_uni,1,2.5936248302459717,-2.6891188621520996,1
Clemson_p051_c1_grm_std_uni,1,-1.9322943687438965,0.527671217918396,2
Clemson_p051_c1_grm_std_uni,1,2.32072114944458,-1.9903769493103027,1
Clemson_p051_c1_grm_std_uni,1,4.916891098022461,-4.000839710235596,1
Clemson_p051_c1_grm_std_uni,1,5.993470191955566,-4.511751651763916,1
Clemson_p051_c1_grm_std_uni,1,6.5236358642578125,-4.863637924194336,1
Clemson_p051_c1_grm_std_uni,1,6.8654656410217285,-4.606287956237793,1
Clemson_p051_c1_grm_std_uni,1,7.256606101989746,-4.513546466827393,1
Clemson_p051_c1_grm_std_uni,1,7.440622329711914,-4.077220439910889,1
Clemson_p051_c1_grm_std_uni,1,7.92999267578125,-4.837356090545654,1
Clemson_p051_c1_grm_std_uni,1,9.001188278198242,-5.6726861000061035,1
Clemson_p051_c1_grm_std_uni,1,9.060592651367188,-5.5353593826293945,1
Clemson_p051_c1_grm_std_uni,1,8.587858200073242,-5.231606483459473,1
Clemson_p051_c1_grm_std_uni,1,7.284741401672363,-4.889535427093506,1
Clemson_p051_c1_grm_std_uni,1,6.729283332824707,-4.834770202636719,1
Clemson_p051_c1_grm_std_uni,1,7.05036735534668,-5.521137714385986,1
Clemson_p051_c1_grm_std_uni,1,7.334256649017334,-5.821974277496338,1
Clemson_p051_c1_grm_std_uni,1,7.491527080535889,-5.616790294647217,1
Clemson_p051_c1_grm_std_uni,1,7.301636695861816,-5.213663578033447,1
Clemson_p051_c1_grm_std_uni,1,7.11833381652832,-4.987701416015625,1
Clemson_p051_c1_grm_std_uni,2,6.8922119140625,-4.745339870452881,1
Clemson_p051_c1_grm_std_uni,2,6.268071174621582,-4.522756099700928,1
Clemson_p051_c1_grm_std_uni,2,5.609934329986572,-4.54824161529541,1
Clemson_p051_c1_grm_std_uni,2,5.449853897094727,-4.535892963409424,1
Clemson_p051_c1_grm_std_uni,2,5.4176025390625,-4.618878364562988,1
Clemson_p051_c1_grm_std_uni,2,5.574303150177002,-5.0735764503479,1
Clemson_p051_c1_grm_std_uni,2,5.5176920890808105,-5.342638969421387,1
Clemson_p051_c1_grm_std_uni,2,5.452840805053711,-5.122743606567383,1
Clemson_p051_c1_grm_std_uni,2,4.702471733093262,-4.100509166717529,1
Clemson_p051_c1_grm_std_uni,2,2.7160391807556152,-2.03989577293396,1
Clemson_p051_c1_grm_std_uni,2,3.0626027584075928,-1.5559290647506714,1
Clemson_p051_c1_grm_std_uni,2,4.762864112854004,-3.822390079498291,1
Clemson_p051_c1_grm_std_uni,2,5.855711936950684,-5.103091716766357,1
Clemson_p051_c1_grm_std_uni,2,6.1084771156311035,-5.478423118591309,1
Clemson_p051_c1_grm_std_uni,2,6.140680313110352,-4.860870361328125,1
Clemson_p051_c1_grm_std_uni,2,6.035330295562744,-3.84700608253479,1
Clemson_p051_c1_grm_std_uni,2,6.236371040344238,-3.877650737762451,1
Clemson_p051_c1_grm_std_uni,1,6.802465915679932,-5.048987865447998,1
Clemson_p051_c1_grm_std_uni,1,6.764074802398682,-5.584044933319092,1
Clemson_p051_c1_grm_std_uni,1,6.368782043457031,-5.255997180938721,1
Clemson_p051_c1_grm_std_uni,1,6.4123735427856445,-5.7003560066223145,1
Clemson_p051_c1_grm_std_uni,1,6.348591327667236,-5.78429651260376,1
Clemson_p051_c1_grm_std_uni,1,6.051157474517822,-5.554748058319092,1
Clemson_p051_c1_grm_std_uni,1,5.876331806182861,-5.373892784118652,1
Clemson_p051_c1_grm_std_uni,1,5.8022894859313965,-5.217644214630127,1
Clemson_p051_c1_grm_std_uni,1,3.893634796142578,-4.097622394561768,1
Clemson_p051_c1_grm_std_uni,1,2.964493751525879,-1.841488003730774,1
Clemson_p051_c1_grm_std_uni,1,3.7699174880981445,-2.8607101440429688,1
Clemson_p051_c1_grm_std_uni,1,4.85733699798584,-3.633394479751587,1
Clemson_p051_c1_grm_std_uni,1,5.668728828430176,-4.41168737411499,1
Clemson_p051_c1_grm_std_uni,1,5.593810081481934,-4.93186092376709,1
Clemson_p051_c1_grm_std_uni,1,5.87347936630249,-5.032857418060303,1
Clemson_p051_c1_grm_std_uni,1,4.9463114738464355,-3.333416700363159,1
Clemson_p051_c1_grm_std_uni,1,4.71907901763916,-2.5715115070343018,1
Clemson_p051_c1_grm_std_uni,1,4.761096000671387,-2.5837433338165283,1
Clemson_p051_c1_grm_std_uni,1,4.498384475708008,-2.5347559452056885,1
Clemson_p051_c1_grm_std_uni,1,4.369435787200928,-2.514065980911255,1
Clemson_p051_c1_grm_std_uni,1,4.1198625564575195,-2.628283739089966,1
Clemson_p051_c1_grm_std_uni,1,4.523374080657959,-2.9062247276306152,1
Clemson_p051_c1_grm_std_uni,1,4.791703701019287,-3.2266604900360107,1
Clemson_p051_c1_grm_std_uni,1,4.814770221710205,-3.495551347732544,1
Clemson_p051_c1_grm_std_uni,1,4.984994411468506,-3.7511849403381348,1
Clemson_p051_c1_grm_std_uni,1,4.466728210449219,-3.3846516609191895,1
Clemson_p051_c1_grm_std_uni,1,3.6624629497528076,-2.663527488708496,1
Clemson_p051_c1_grm_std_uni,1,3.941627025604248,-2.6191115379333496,1
Clemson_p051_c1_grm_std_uni,1,4.0614447593688965,-2.8426198959350586,1
Clemson_p051_c1_grm_std_uni,1,4.874571323394775,-3.524827241897583,1
Clemson_p051_c1_grm_std_uni,1,5.3248748779296875,-3.5743343830108643,1
Clemson_p051_c1_grm_std_uni,1,5.378457546234131,-3.1779115200042725,1
Clemson_p051_c1_grm_std_uni,1,5.122896194458008,-2.8505144119262695,1
Clemson_p051_c1_grm_std_uni,1,4.866331100463867,-2.6533889770507812,1
Clemson_p051_c1_grm_std_uni,1,4.5986199378967285,-2.518845558166504,1
Clemson_p051_c1_grm_std_uni,1,4.709419250488281,-2.639331817626953,1
Clemson_p051_c1_grm_std_uni,1,5.248562335968018,-3.0578558444976807,1
Clemson_p051_c1_grm_std_uni,1,5.347802639007568,-3.283971071243286,1
Clemson_p051_c1_grm_std_uni,1,5.220234394073486,-3.4143407344818115,1
Clemson_p051_c1_grm_std_uni,1,5.063453197479248,-3.6162688732147217,1
Clemson_p051_c1_grm_std_uni,1,5.09018087387085,-3.924562692642212,1
Clemson_p051_c1_grm_std_uni,1,5.230000972747803,-4.282759666442871,1
Clemson_p051_c1_grm_std_uni,1,4.906534671783447,-4.1497321128845215,1
Clemson_p051_c1_grm_std_uni,1,3.846574306488037,-2.8592822551727295,1
Clemson_p051_c1_grm_std_uni,1,4.29536771774292,-2.8899171352386475,1
Clemson_p051_c1_grm_std_uni,1,5.833959579467773,-4.472311019897461,1
Clemson_p051_c1_grm_std_uni,1,6.397699356079102,-5.337010860443115,1
Clemson_p051_c1_grm_std_uni,1,6.09912109375,-5.238250255584717,1
Clemson_p051_c1_grm_std_uni,1,5.6262640953063965,-4.859426498413086,1
Clemson_p051_c1_grm_std_uni,1,4.486851692199707,-3.768047332763672,1
Clemson_p051_c1_grm_std_uni,1,3.9094395637512207,-2.8679418563842773,1
Clemson_p051_c1_grm_std_uni,1,5.407962322235107,-4.50182580947876,1
Clemson_p051_c1_grm_std_uni,1,5.911682605743408,-5.2169389724731445,1
Clemson_p051_c1_grm_std_uni,1,5.904591083526611,-5.2980241775512695,1
Clemson_p051_c1_grm_std_uni,1,5.723517894744873,-5.22896671295166,1
Clemson_p051_c1_grm_std_uni,1,5.560582637786865,-5.089993000030518,1
Clemson_p051_c1_grm_std_uni,1,5.515299320220947,-5.065864086151123,1
Clemson_p051_c1_grm_std_uni,1,5.457916259765625,-5.099128723144531,1
Clemson_p051_c1_grm_std_uni,1,5.347224235534668,-5.125368595123291,1
Clemson_p051_c1_grm_std_uni,1,5.2447733879089355,-5.129890441894531,1
Clemson_p051_c1_grm_std_uni,1,5.11214542388916,-4.995373249053955,1
Clemson_p051_c1_grm_std_uni,1,5.011471748352051,-4.851441383361816,1
Clemson_p051_c1_grm_std_uni,1,4.638364315032959,-4.416529178619385,1
Clemson_p051_c1_grm_std_uni,1,4.150171756744385,-4.002328872680664,1
Clemson_p051_c1_grm_std_uni,1,4.622658729553223,-4.426815509796143,1
Clemson_p051_c1_grm_std_uni,1,4.78341007232666,-4.468818664550781,1
Clemson_p051_c1_grm_std_uni,1,4.803851127624512,-4.397000789642334,1
Clemson_p051_c1_grm_std_uni,1,4.471166133880615,-4.184594631195068,1
Clemson_p051_c1_grm_std_uni,1,3.6857564449310303,-3.5351598262786865,1
Clemson_p051_c1_grm_std_uni,1,2.8297693729400635,-2.698430061340332,1
Clemson_p051_c1_grm_std_uni,1,3.3307137489318848,-3.0618858337402344,1
Clemson_p051_c1_grm_std_uni,1,4.238937854766846,-3.736518144607544,1
Clemson_p051_c1_grm_std_uni,1,4.586812496185303,-4.185751438140869,1
Clemson_p051_c1_grm_std_uni,1,4.8274245262146,-4.034720420837402,1
Clemson_p051_c1_grm_std_uni,1,5.339757442474365,-4.205010890960693,1
Clemson_p051_c1_grm_std_uni,1,5.832635879516602,-4.601669788360596,1
Clemson_p051_c1_grm_std_uni,1,6.4206037521362305,-4.884671688079834,1
Clemson_p051_c1_grm_std_uni,1,6.677795886993408,-5.071197986602783,1
Clemson_p051_c1_grm_std_uni,1,6.731206893920898,-5.056602478027344,1
Clemson_p051_c1_grm_std_uni,1,6.230891227722168,-4.6954803466796875,1
Clemson_p051_c1_grm_std_uni,1,6.043132305145264,-4.476008892059326,1
Clemson_p051_c1_grm_std_uni,1,5.749848365783691,-4.432254314422607,1
Clemson_p051_c1_grm_std_uni,1,5.337276935577393,-4.531611442565918,1
Clemson_p051_c1_grm_std_uni,1,5.805674076080322,-4.985109329223633,1
Clemson_p051_c1_grm_std_uni,1,5.770148277282715,-5.026449680328369,1
Clemson_p051_c1_grm_std_uni,1,5.7891058921813965,-5.367732524871826,1
Clemson_p051_c1_grm_std_uni,1,5.637965202331543,-5.289015769958496,1
Clemson_p051_c1_grm_std_uni,1,5.2757978439331055,-5.032526016235352,1
Clemson_p051_c1_grm_std_uni,1,5.26967716217041,-4.956395626068115,1
Clemson_p051_c1_grm_std_uni,1,5.4353227615356445,-5.644167900085449,1
Clemson_p051_c1_grm_std_uni,1,5.50412130355835,-5.5833539962768555,1
Clemson_p051_c1_grm_std_uni,1,5.531950950622559,-4.195525169372559,1
Clemson_p051_c1_grm_std_uni,1,6.55792760848999,-5.055649757385254,1
Clemson_p051_c1_grm_std_uni,1,7.261213302612305,-5.730151176452637,1
Clemson_p051_c1_grm_std_uni,1,7.776545524597168,-6.105078220367432,1
Clemson_p051_c1_grm_std_uni,1,7.390299320220947,-6.557210445404053,1
Clemson_p051_c1_grm_std_uni,1,6.862123966217041,-6.732998847961426,1
Clemson_p051_c1_grm_std_uni,1,6.226449012756348,-6.324239730834961,1
Clemson_p051_c1_grm_std_uni,1,4.278977394104004,-4.665713310241699,1
Clemson_p051_c1_grm_std_uni,1,2.86689829826355,-1.9679720401763916,1
Clemson_p051_c1_grm_std_uni,1,4.360073566436768,-3.5437684059143066,1
Clemson_p051_c1_grm_std_uni,1,6.5192084312438965,-6.263689041137695,1
Clemson_p051_c1_grm_std_uni,1,7.686914443969727,-6.799726963043213,1
Clemson_p051_c1_grm_std_uni,1,7.833223819732666,-6.634818077087402,1
Clemson_p051_c1_grm_std_uni,1,7.3166890144348145,-6.176901340484619,1
Clemson_p051_c1_grm_std_uni,1,7.087154865264893,-5.97887659072876,1
Clemson_p051_c1_grm_std_uni,1,6.755154609680176,-5.672906875610352,1
Clemson_p051_c1_grm_std_uni,1,5.9642157554626465,-5.540268421173096,1
Clemson_p051_c1_grm_std_uni,1,5.388280391693115,-5.0879034996032715,1
Clemson_p051_c1_grm_std_uni,1,5.893872261047363,-4.867293357849121,1
Clemson_p051_c1_grm_std_uni,1,6.278882026672363,-4.76315975189209,1
Clemson_p051_c1_grm_std_uni,1,6.557898998260498,-5.787741184234619,1
Clemson_p051_c1_grm_std_uni,1,6.462441921234131,-6.145077705383301,1
Clemson_p051_c1_grm_std_uni,1,6.159132957458496,-5.862884998321533,1
Clemson_p051_c1_grm_std_uni,1,6.264370441436768,-5.879201889038086,1
Clemson_p051_c1_grm_std_uni,1,6.632879734039307,-6.037121295928955,1
Clemson_p051_c1_grm_std_uni,1,6.91787052154541,-6.12345552444458,1
Clemson_p051_c1_grm_std_uni,1,7.737365245819092,-6.888248920440674,1
Clemson_p051_c1_grm_std_uni,1,7.949965953826904,-6.831121921539307,1
Clemson_p051_c1_grm_std_uni,1,7.690873622894287,-6.549321174621582,1
Clemson_p051_c1_grm_std_uni,1,6.958098888397217,-6.468350410461426,1
Clemson_p051_c1_grm_std_uni,1,5.87116003036499,-6.247382164001465,1
Clemson_p051_c1_grm_std_uni,1,5.187678813934326,-5.531468391418457,1
Clemson_p051_c1_grm_std_uni,1,5.157047748565674,-5.1991801261901855,1
Clemson_p051_c1_grm_std_uni,1,5.241127014160156,-5.244761943817139,1
Clemson_p051_c1_grm_std_uni,1,5.549952030181885,-5.5830864906311035,1
Clemson_p051_c1_grm_std_uni,1,5.494853496551514,-5.483604907989502,1
Clemson_p051_c1_grm_std_uni,1,5.207478046417236,-5.202821731567383,1
Clemson_p051_c1_grm_std_uni,1,2.9396262168884277,-3.6798412799835205,1
Clemson_p051_c1_grm_std_uni,1,2.3100290298461914,-1.3458592891693115,1
Clemson_p051_c1_grm_std_uni,1,4.340860843658447,-3.2117726802825928,1
Clemson_p051_c1_grm_std_uni,1,5.87062406539917,-5.262700080871582,1
Clemson_p051_c1_grm_std_uni,1,6.612320899963379,-5.672553539276123,1
Clemson_p051_c1_grm_std_uni,1,7.113055229187012,-6.057149410247803,1
Clemson_p051_c1_grm_std_uni,1,7.879688739776611,-7.198421955108643,1
Clemson_p051_c1_grm_std_uni,1,7.140246391296387,-6.633036136627197,1
Clemson_p051_c1_grm_std_uni,1,6.790523052215576,-5.837571144104004,1
Clemson_p051_c1_grm_std_uni,1,7.306715488433838,-6.41916036605835,1
Clemson_p051_c1_grm_std_uni,1,7.9123358726501465,-6.918145656585693,1
Clemson_p051_c1_grm_std_uni,1,6.136849880218506,-5.725062847137451,1
Clemson_p051_c1_grm_std_uni,1,2.8795406818389893,-3.14559006690979,1
Clemson_p051_c1_grm_std_uni,1,3.082857847213745,-2.121441602706909,1
Clemson_p051_c1_grm_std_uni,1,3.9707653522491455,-3.0942182540893555,1
Clemson_p051_c1_grm_std_uni,1,5.669493198394775,-4.847023963928223,1
Clemson_p051_c1_grm_std_uni,1,6.575055122375488,-5.405359268188477,1
Clemson_p051_c1_grm_std_uni,1,6.208506107330322,-5.127442836761475,1
Clemson_p051_c1_grm_std_uni,1,5.869540691375732,-4.8598856925964355,1
Clemson_p051_c1_grm_std_uni,1,5.7700676918029785,-4.756566047668457,1
Clemson_p051_c1_grm_std_uni,1,6.033947467803955,-5.237180233001709,1
Clemson_p051_c1_grm_std_uni,1,6.39782190322876,-5.80514669418335,1
Clemson_p051_c1_grm_std_uni,1,6.782546043395996,-6.34943151473999,1
Clemson_p051_c1_grm_std_uni,1,6.8573784828186035,-6.475988864898682,1
Clemson_p051_c1_grm_std_uni,1,6.14910364151001,-5.782526016235352,1
Clemson_p051_c1_grm_std_uni,1,5.911139488220215,-5.404794692993164,1
Clemson_p051_c1_grm_std_uni,1,6.60756254196167,-5.627411365509033,1
Clemson_p051_c1_grm_std_uni,1,7.540625095367432,-6.372125148773193,1
Clemson_p051_c1_grm_std_uni,1,7.9203200340271,-6.569507122039795,1
Clemson_p051_c1_grm_std_uni,1,7.332685947418213,-5.6802191734313965,1
Clemson_p051_c1_grm_std_uni,1,7.848281383514404,-6.150839328765869,1
Clemson_p051_c1_grm_std_uni,1,7.666024684906006,-6.1658854484558105,1
Clemson_p051_c1_grm_std_uni,1,6.8108229637146,-5.87528657913208,1
Clemson_p051_c1_grm_std_uni,1,6.725905418395996,-5.829474925994873,1
Clemson_p051_c1_grm_std_uni,1,6.433595180511475,-5.592137813568115,1
Clemson_p051_c1_grm_std_uni,1,6.0371551513671875,-5.347884654998779,1
Clemson_p051_c1_grm_std_uni,1,5.819019794464111,-5.288958549499512,1
Clemson_p051_c1_grm_std_uni,1,5.433825492858887,-5.0118021965026855,1
Clemson_p051_c1_grm_std_uni,1,5.681723594665527,-5.091747760772705,1
Clemson_p051_c1_grm_std_uni,1,5.982944965362549,-5.173116683959961,1
Clemson_p051_c1_grm_std_uni,1,6.0320539474487305,-4.881816387176514,1
Clemson_p051_c1_grm_std_uni,1,6.114840030670166,-4.574166297912598,1
Clemson_p051_c1_grm_std_uni,1,6.7220025062561035,-5.297099590301514,1
Clemson_p051_c1_grm_std_uni,1,6.8144683837890625,-5.436098098754883,1
Clemson_p051_c1_grm_std_uni,1,7.322858810424805,-5.823977470397949,1
Clemson_p051_c1_grm_std_uni,1,7.6662445068359375,-5.962980270385742,1
Clemson_p051_c1_grm_std_uni,1,7.7735700607299805,-5.771584510803223,1
Clemson_p051_c1_grm_std_uni,1,6.5130414962768555,-4.686277389526367,1
Clemson_p051_c1_grm_std_uni,1,4.590845584869385,-3.2471508979797363,1
Clemson_p051_c1_grm_std_uni,1,5.581192970275879,-4.120751857757568,1
Clemson_p051_c1_grm_std_uni,1,6.709888935089111,-5.058318614959717,1
Clemson_p051_c1_grm_std_uni,1,7.085914134979248,-5.466902732849121,1
Clemson_p051_c1_grm_std_uni,1,6.553763389587402,-5.239010810852051,1
Clemson_p051_c1_grm_std_uni,1,6.1441826820373535,-4.634669303894043,1
Clemson_p051_c1_grm_std_uni,1,6.7025322914123535,-4.759879112243652,1
Clemson_p051_c1_grm_std_uni,1,6.601791858673096,-4.806515693664551,1
Clemson_p051_c1_grm_std_uni,1,6.179959774017334,-4.500980854034424,1
Clemson_p051_c1_grm_std_uni,1,5.520170211791992,-3.938114881515503,1
Clemson_p051_c1_grm_std_uni,1,4.966196060180664,-3.8070878982543945,1
Clemson_p051_c1_grm_std_uni,1,2.6011908054351807,-2.502274751663208,1
Clemson_p051_c1_grm_std_uni,1,1.4968229532241821,-1.486762285232544,1
Clemson_p051_c1_grm_std_uni,1,2.4654700756073,-2.681246757507324,1
Clemson_p051_c1_grm_std_uni,1,4.264649391174316,-4.236299514770508,1
Clemson_p051_c1_grm_std_uni,1,5.4376020431518555,-4.987452507019043,1
Clemson_p051_c1_grm_std_uni,1,5.594905376434326,-5.405917644500732,1
Clemson_p051_c1_grm_std_uni,1,5.420417785644531,-5.47272253036499,1
Clemson_p051_c1_grm_std_uni,1,5.115986347198486,-5.579284191131592,1
Clemson_p051_c1_grm_std_uni,1,4.829267978668213,-5.610156059265137,1
Clemson_p051_c1_grm_std_uni,1,4.5952277183532715,-5.487038612365723,1
Clemson_p051_c1_grm_std_uni,1,4.437051773071289,-5.268716335296631,1
Clemson_p051_c1_grm_std_uni,1,4.507795810699463,-5.1953325271606445,1
Clemson_p051_c1_grm_std_uni,1,4.398981094360352,-5.003437519073486,1
Clemson_p051_c1_grm_std_uni,1,4.120956897735596,-4.685098648071289,1
Clemson_p051_c1_grm_std_uni,1,3.5168275833129883,-4.0958991050720215,1
Clemson_p051_c1_grm_std_uni,1,2.498420238494873,-3.1644163131713867,1
Clemson_p051_c1_grm_std_uni,1,2.0508501529693604,-2.07099986076355,1
Clemson_p051_c1_grm_std_uni,1,3.340101480484009,-2.40751314163208,1
Clemson_p051_c1_grm_std_uni,1,5.133552551269531,-3.892343282699585,1
Clemson_p051_c1_grm_std_uni,1,5.133904933929443,-4.539453029632568,1
Clemson_p051_c1_grm_std_uni,1,4.710862159729004,-4.630913734436035,1
Clemson_p051_c1_grm_std_uni,1,4.832295894622803,-5.001258850097656,1
Clemson_p051_c1_grm_std_uni,1,4.83644962310791,-4.87484884262085,1
Clemson_p051_c1_grm_std_uni,1,4.487376689910889,-4.501365661621094,1
Clemson_p051_c1_grm_std_uni,1,4.56835412979126,-4.633746147155762,1
Clemson_p051_c1_grm_std_uni,1,4.697728157043457,-4.816055774688721,1
Clemson_p051_c1_grm_std_uni,1,4.518210411071777,-4.6844000816345215,1
Clemson_p051_c1_grm_std_uni,1,4.350020408630371,-4.4292073249816895,1
Clemson_p051_c1_grm_std_uni,1,4.6278076171875,-4.514688491821289,1
Clemson_p051_c1_grm_std_uni,1,4.8561177253723145,-4.565357685089111,1
Clemson_p051_c1_grm_std_uni,1,5.330572605133057,-4.838587760925293,1
Clemson_p051_c1_grm_std_uni,1,5.41778564453125,-4.760000228881836,1
Clemson_p051_c1_grm_std_uni,1,5.405367374420166,-4.616030216217041,1
Clemson_p051_c1_grm_std_uni,1,5.443878650665283,-4.605477809906006,1
Clemson_p051_c1_grm_std_uni,1,5.479361057281494,-4.673410415649414,1
Clemson_p051_c1_grm_std_uni,1,5.434408187866211,-4.645545482635498,1
Clemson_p051_c1_grm_std_uni,1,5.451450824737549,-4.668387413024902,1
Clemson_p051_c1_grm_std_uni,1,5.551208972930908,-4.69739294052124,1
Clemson_p051_c1_grm_std_uni,1,5.734638690948486,-4.777773857116699,1
Clemson_p051_c1_grm_std_uni,1,5.891449928283691,-4.8084611892700195,1
Clemson_p051_c1_grm_std_uni,1,6.0250678062438965,-4.833415508270264,1
Clemson_p051_c1_grm_std_uni,1,6.131314754486084,-4.820852756500244,1
Clemson_p051_c1_grm_std_uni,1,6.213705539703369,-4.795191764831543,1
Clemson_p051_c1_grm_std_uni,1,6.295815944671631,-4.77704381942749,1
Clemson_p051_c1_grm_std_uni,1,6.320657730102539,-4.717991828918457,1
Clemson_p051_c1_grm_std_uni,1,6.346816062927246,-4.689886569976807,1
Clemson_p051_c1_grm_std_uni,1,6.341517925262451,-4.674034595489502,1
Clemson_p051_c1_grm_std_uni,1,6.3480329513549805,-4.685957431793213,1
Clemson_p051_c1_grm_std_uni,1,6.329222679138184,-4.720926284790039,1
Clemson_p051_c1_grm_std_uni,1,6.282632827758789,-4.7040910720825195,1
Clemson_p051_c1_grm_std_uni,1,6.2137532234191895,-4.6498870849609375,1
Clemson_p051_c1_grm_std_uni,1,6.163246154785156,-4.612438678741455,1
Clemson_p051_c1_grm_std_uni,1,6.087147235870361,-4.525618076324463,1
Clemson_p051_c1_grm_std_uni,1,5.995449542999268,-4.414320468902588,1
Clemson_p051_c1_grm_std_uni,1,5.856782913208008,-4.216143608093262,1
Clemson_p051_c1_grm_std_uni,1,5.935319900512695,-4.376823425292969,1
Clemson_p051_c1_grm_std_uni,1,5.8491339683532715,-4.36281681060791,1
Clemson_p051_c1_grm_std_uni,1,6.0363264083862305,-4.6320881843566895,1
Clemson_p051_c1_grm_std_uni,1,6.05113410949707,-4.696401119232178,1
Clemson_p051_c1_grm_std_uni,1,6.0566487312316895,-4.71280574798584,1
Clemson_p051_c1_grm_std_uni,1,6.132706642150879,-4.781003952026367,1
Clemson_p051_c1_grm_std_uni,1,6.12732458114624,-4.786611080169678,1
Clemson_p051_c1_grm_std_uni,1,6.2003173828125,-4.8539347648620605,1
Clemson_p051_c1_grm_std_uni,1,6.2653608322143555,-4.914062976837158,1
Clemson_p051_c1_grm_std_uni,1,6.2620720863342285,-4.925170421600342,1
Clemson_p051_c1_grm_std_uni,1,6.199892044067383,-4.906097888946533,1
Clemson_p051_c1_grm_std_uni,1,6.100998878479004,-4.795293807983398,1
Clemson_p051_c1_grm_std_uni,1,5.971611499786377,-4.637754917144775,1
Clemson_p051_c1_grm_std_uni,1,5.790387153625488,-4.432332515716553,1
Clemson_p051_c1_grm_std_uni,1,5.711672782897949,-4.244745254516602,1
Clemson_p051_c1_grm_std_uni,1,5.8382158279418945,-4.305500507354736,1
Clemson_p051_c1_grm_std_uni,1,5.856398582458496,-4.350989818572998,1
Clemson_p051_c1_grm_std_uni,1,5.71284818649292,-4.1927409172058105,1
Clemson_p051_c1_grm_std_uni,1,5.3341898918151855,-3.8397390842437744,1
Clemson_p051_c1_grm_std_uni,1,5.025378704071045,-3.5658044815063477,1
Clemson_p051_c1_grm_std_uni,1,5.388301372528076,-3.974581718444824,1
Clemson_p051_c1_grm_std_uni,1,5.471944808959961,-3.9980223178863525,1
Clemson_p051_c1_grm_std_uni,1,5.749660968780518,-4.1389923095703125,1
Clemson_p051_c1_grm_std_uni,1,6.219204425811768,-4.735469341278076,1
Clemson_p051_c1_grm_std_uni,1,6.2671709060668945,-4.6483635902404785,1
Clemson_p051_c1_grm_std_uni,1,6.429532527923584,-4.850251197814941,1
Clemson_p051_c1_grm_std_uni,1,6.38864278793335,-4.8055901527404785,1
Clemson_p051_c1_grm_std_uni,1,6.44933557510376,-4.876311779022217,1
Clemson_p051_c1_grm_std_uni,1,6.426920413970947,-4.888158798217773,1
Clemson_p051_c1_grm_std_uni,1,6.341511249542236,-4.89961051940918,1
Clemson_p051_c1_grm_std_uni,1,5.9759202003479,-4.559576988220215,1
Clemson_p051_c1_grm_std_uni,1,5.928215026855469,-4.441534519195557,1
Clemson_p051_c1_grm_std_uni,1,5.723398685455322,-4.198366641998291,1
Clemson_p051_c1_grm_std_uni,1,5.15895938873291,-3.7655465602874756,1
Clemson_p051_c1_grm_std_uni,1,4.752475261688232,-3.5429317951202393,1
Clemson_p051_c1_grm_std_uni,1,5.2480149269104,-4.192052364349365,1
Clemson_p051_c1_grm_std_uni,1,5.720283508300781,-4.559906959533691,1
Clemson_p051_c1_grm_std_uni,1,6.152500629425049,-4.756333827972412,1
Clemson_p051_c1_grm_std_uni,1,6.848210334777832,-5.325865268707275,1
Clemson_p051_c1_grm_std_uni,1,6.873086452484131,-5.253544330596924,1
Clemson_p051_c1_grm_std_uni,1,6.706300735473633,-5.201947212219238,1
Clemson_p051_c1_grm_std_uni,1,6.651124477386475,-5.13957405090332,1
Clemson_p051_c1_grm_std_uni,1,6.665406227111816,-5.1255903244018555,1
Clemson_p051_c1_grm_std_uni,1,6.660669326782227,-5.118447303771973,1
Clemson_p051_c1_grm_std_uni,1,6.683705806732178,-5.102056980133057,1
Clemson_p051_c1_grm_std_uni,1,6.805108070373535,-5.136967182159424,1
Clemson_p051_c1_grm_std_uni,1,6.87216329574585,-5.144926071166992,1
Clemson_p051_c1_grm_std_uni,1,6.832694053649902,-5.111774921417236,1
Clemson_p051_c1_grm_std_uni,1,6.756689071655273,-5.0700154304504395,1
Clemson_p051_c1_grm_std_uni,1,6.490560054779053,-4.910118103027344,1
Clemson_p051_c1_grm_std_uni,1,6.171098232269287,-4.626410961151123,1
Clemson_p051_c1_grm_std_uni,1,6.026166915893555,-4.34011697769165,1
Clemson_p051_c1_grm_std_uni,1,5.85793924331665,-3.928908586502075,1
Clemson_p051_c1_grm_std_uni,1,5.5000505447387695,-3.5732369422912598,1
Clemson_p051_c1_grm_std_uni,1,5.409199237823486,-3.655791759490967,1
Clemson_p051_c1_grm_std_uni,1,5.43112325668335,-3.879390001296997,1
Clemson_p051_c1_grm_std_uni,1,5.438082218170166,-4.213575839996338,1
Clemson_p051_c1_grm_std_uni,1,5.97009801864624,-5.023577690124512,1
Clemson_p051_c1_grm_std_uni,1,6.30911922454834,-4.96921443939209,1
Clemson_p051_c1_grm_std_uni,1,6.8917951583862305,-5.0997161865234375,1
Clemson_p051_c1_grm_std_uni,1,6.426035404205322,-4.535281658172607,1
Clemson_p051_c1_grm_std_uni,1,5.993829727172852,-4.064404010772705,1
Clemson_p051_c1_grm_std_uni,1,6.368106365203857,-4.516284465789795,1
Clemson_p051_c1_grm_std_uni,1,6.512681007385254,-4.70521354675293,1
Clemson_p051_c1_grm_std_uni,1,6.315103054046631,-4.520546913146973,1
Clemson_p051_c1_grm_std_uni,1,6.990753650665283,-5.222902297973633,1
Clemson_p051_c1_grm_std_uni,1,6.959193229675293,-5.105794429779053,1
Clemson_p051_c1_grm_std_uni,1,7.3806376457214355,-5.343125343322754,1
Clemson_p051_c1_grm_std_uni,1,7.17484712600708,-5.053788185119629,1
Clemson_p051_c1_grm_std_uni,1,6.740414619445801,-4.679577350616455,1
Clemson_p051_c1_grm_std_uni,1,6.153157711029053,-4.570930004119873,1
Clemson_p051_c1_grm_std_uni,1,5.155197620391846,-3.9084525108337402,1
Clemson_p051_c1_grm_std_uni,1,1.349640130996704,-1.3846652507781982,1
Clemson_p051_c1_grm_std_uni,1,0.6580091118812561,-0.10300280898809433,1
Clemson_p051_c1_grm_std_uni,1,1.7923054695129395,-1.0388866662979126,1
Clemson_p051_c1_grm_std_uni,1,3.9019079208374023,-3.3532185554504395,1
Clemson_p051_c1_grm_std_uni,1,5.962215900421143,-4.977422714233398,1
Clemson_p051_c1_grm_std_uni,1,6.620973110198975,-5.542144298553467,1
Clemson_p051_c1_grm_std_uni,1,7.293537616729736,-5.647993564605713,1
Clemson_p051_c1_grm_std_uni,1,7.179093837738037,-5.649317741394043,1
Clemson_p051_c1_grm_std_uni,1,7.704860210418701,-5.83664608001709,1
Clemson_p051_c1_grm_std_uni,1,7.5152411460876465,-5.695672035217285,1
Clemson_p051_c1_grm_std_uni,1,7.630923748016357,-6.119298458099365,1
Clemson_p051_c1_grm_std_uni,1,7.876835346221924,-6.356980323791504,1
Clemson_p051_c1_grm_std_uni,1,8.265995025634766,-6.618903160095215,1
Clemson_p051_c1_grm_std_uni,1,8.842986106872559,-7.006402492523193,1
Clemson_p051_c1_grm_std_uni,1,7.491543769836426,-6.138973712921143,1
Clemson_p051_c1_grm_std_uni,1,5.074982643127441,-4.243340015411377,1
Clemson_p051_c1_grm_std_uni,1,5.181917190551758,-4.21596097946167,1
Clemson_p051_c1_grm_std_uni,1,6.071536064147949,-5.094801425933838,1
Clemson_p051_c1_grm_std_uni,1,6.491127014160156,-5.705118179321289,1
Clemson_p051_c1_grm_std_uni,1,5.890213966369629,-5.574558734893799,1
Clemson_p051_c1_grm_std_uni,1,5.4624152183532715,-5.474149227142334,1
Clemson_p051_c1_grm_std_uni,1,4.920769214630127,-5.017231464385986,1
Clemson_p051_c1_grm_std_uni,1,5.013458251953125,-4.896435260772705,1
Clemson_p051_c1_grm_std_uni,1,5.002336502075195,-4.846922397613525,1
Clemson_p051_c1_grm_std_uni,1,5.64792537689209,-5.380786418914795,1
Clemson_p051_c1_grm_std_uni,1,5.863184928894043,-5.737137794494629,1
Clemson_p051_c1_grm_std_uni,1,5.547746658325195,-6.052253723144531,1
Clemson_p051_c1_grm_std_uni,1,5.406301498413086,-5.898022174835205,1
Clemson_p051_c1_grm_std_uni,1,1.7876169681549072,-2.626819610595703,1
Clemson_p051_c1_grm_std_uni,1,1.458735704421997,-1.49374258518219,1
Clemson_p051_c1_grm_std_uni,1,3.191525459289551,-2.7049341201782227,1
Clemson_p051_c1_grm_std_uni,1,4.7208123207092285,-4.499243259429932,1
Clemson_p051_c1_grm_std_uni,1,5.944038391113281,-6.0294365882873535,1
Clemson_p051_c1_grm_std_uni,1,6.58452844619751,-6.6330647468566895,1
Clemson_p051_c1_grm_std_uni,1,6.780232906341553,-6.81403112411499,1
Clemson_p051_c1_grm_std_uni,1,6.8891987800598145,-6.561832904815674,1
Clemson_p051_c1_grm_std_uni,1,5.958710670471191,-5.490022659301758,1
Clemson_p051_c1_grm_std_uni,1,5.803032398223877,-5.43987512588501,1
Clemson_p051_c1_grm_std_uni,1,5.744532108306885,-5.385145664215088,1
Clemson_p051_c1_grm_std_uni,1,6.039034843444824,-5.6515374183654785,1
Clemson_p051_c1_grm_std_uni,1,5.933095932006836,-5.67222785949707,1
Clemson_p051_c1_grm_std_uni,1,6.150907039642334,-5.862730503082275,1
Clemson_p051_c1_grm_std_uni,1,6.558236122131348,-5.860651016235352,1
Clemson_p051_c1_grm_std_uni,1,6.652922630310059,-5.474277973175049,1
Clemson_p051_c1_grm_std_uni,1,6.264971733093262,-4.949470520019531,1
Clemson_p051_c1_grm_std_uni,1,5.700986862182617,-4.555294513702393,1
Clemson_p051_c1_grm_std_uni,1,5.5444159507751465,-4.700136661529541,1
Clemson_p051_c1_grm_std_uni,1,5.751458644866943,-5.123311519622803,1
Clemson_p051_c1_grm_std_uni,1,5.691593647003174,-5.04813289642334,1
Clemson_p051_c1_grm_std_uni,1,5.868576526641846,-5.116867542266846,1
Clemson_p051_c1_grm_std_uni,1,5.878233432769775,-5.0820536613464355,1
Clemson_p051_c1_grm_std_uni,1,5.841787815093994,-5.077782154083252,1
Clemson_p051_c1_grm_std_uni,1,5.7376203536987305,-5.042686939239502,1
Clemson_p051_c1_grm_std_uni,1,5.601491451263428,-4.93495512008667,1
Clemson_p051_c1_grm_std_uni,1,5.606658458709717,-4.907502174377441,1
Clemson_p051_c1_grm_std_uni,1,5.643185138702393,-4.9032135009765625,1
Clemson_p051_c1_grm_std_uni,1,5.457066059112549,-4.750578880310059,1
Clemson_p051_c1_grm_std_uni,1,5.4995527267456055,-4.731452465057373,1
Clemson_p051_c1_grm_std_uni,1,5.855921268463135,-4.870697498321533,1
Clemson_p051_c1_grm_std_uni,1,5.985839366912842,-4.724271774291992,1
Clemson_p051_c1_grm_std_uni,1,6.38024377822876,-4.793581485748291,1
Clemson_p051_c1_grm_std_uni,1,6.171642780303955,-4.55240535736084,1
Clemson_p051_c1_grm_std_uni,1,6.012173175811768,-4.408842086791992,1
Clemson_p051_c1_grm_std_uni,1,6.260609149932861,-4.584763526916504,1
Clemson_p051_c1_grm_std_uni,1,6.502564430236816,-4.78798246383667,1
Clemson_p051_c1_grm_std_uni,1,6.542831897735596,-4.780020713806152,1
Clemson_p051_c1_grm_std_uni,1,6.656196117401123,-4.880526542663574,1
Clemson_p051_c1_grm_std_uni,1,6.561338424682617,-4.760954856872559,1
Clemson_p051_c1_grm_std_uni,1,6.478884696960449,-4.731250286102295,1
Clemson_p051_c1_grm_std_uni,1,6.450001239776611,-4.7635416984558105,1
Clemson_p051_c1_grm_std_uni,1,6.364448070526123,-4.775664329528809,1
Clemson_p051_c1_grm_std_uni,1,5.798769474029541,-4.359251499176025,1
Clemson_p051_c1_grm_std_uni,1,4.442298412322998,-3.4428563117980957,1
Clemson_p051_c1_grm_std_uni,1,3.0665440559387207,-1.9940484762191772,1
Clemson_p051_c1_grm_std_uni,1,3.2999467849731445,-1.3368998765945435,1
Clemson_p051_c1_grm_std_uni,1,4.5508036613464355,-2.8852412700653076,1
Clemson_p051_c1_grm_std_uni,1,6.195686340332031,-4.517643451690674,1
Clemson_p051_c1_grm_std_uni,1,6.351496696472168,-5.023317813873291,1
Clemson_p051_c1_grm_std_uni,1,6.177780628204346,-5.334084987640381,1
Clemson_p051_c1_grm_std_uni,1,6.492647647857666,-5.822205543518066,1
Clemson_p051_c1_grm_std_uni,1,6.279749870300293,-5.638300895690918,1
Clemson_p051_c1_grm_std_uni,1,6.113969326019287,-5.299975395202637,1
Clemson_p051_c1_grm_std_uni,1,6.314262390136719,-5.173655986785889,1
Clemson_p051_c1_grm_std_uni,1,6.092712879180908,-4.769520282745361,1
Clemson_p051_c1_grm_std_uni,1,5.791396617889404,-4.549254894256592,1
Clemson_p051_c1_grm_std_uni,1,5.524984359741211,-4.532599925994873,1
Clemson_p051_c1_grm_std_uni,1,5.277189254760742,-4.463095188140869,1
Clemson_p051_c1_grm_std_uni,1,5.461987018585205,-4.692924499511719,1
Clemson_p051_c1_grm_std_uni,1,5.618983745574951,-4.766923904418945,1
Clemson_p051_c1_grm_std_uni,1,5.749391555786133,-4.7753143310546875,1
Clemson_p051_c1_grm_std_uni,1,5.1611480712890625,-4.130445957183838,1
Clemson_p051_c1_grm_std_uni,1,4.3940558433532715,-3.2399067878723145,1
Clemson_p051_c1_grm_std_uni,1,5.176214218139648,-3.7981295585632324,1
Clemson_p051_c1_grm_std_uni,1,6.530642509460449,-4.96976375579834,1
Clemson_p051_c1_grm_std_uni,1,5.674098014831543,-4.508826732635498,1
Clemson_p051_c1_grm_std_uni,1,6.0217671394348145,-4.986299514770508,1
Clemson_p051_c1_grm_std_uni,1,5.826627254486084,-4.8967061042785645,1
Clemson_p051_c1_grm_std_uni,1,5.995851993560791,-4.969003200531006,1
Clemson_p051_c1_grm_std_uni,1,5.590971946716309,-4.681123733520508,1
Clemson_p051_c1_grm_std_uni,1,5.534040927886963,-4.715313911437988,1
Clemson_p051_c1_grm_std_uni,1,5.926346778869629,-5.093919277191162,1
Clemson_p051_c1_grm_std_uni,1,6.10982084274292,-5.238278865814209,1
Clemson_p051_c1_grm_std_uni,1,6.2549567222595215,-5.465019702911377,1
Clemson_p051_c1_grm_std_uni,1,6.4039835929870605,-5.706144332885742,1
Clemson_p051_c1_grm_std_uni,1,6.000409126281738,-5.414149761199951,1
Clemson_p051_c1_grm_std_uni,1,6.164585590362549,-5.49613618850708,1
Clemson_p051_c1_grm_std_uni,1,5.935697555541992,-5.228522777557373,1
Clemson_p051_c1_grm_std_uni,1,5.770916938781738,-5.07424259185791,1
Clemson_p051_c1_grm_std_uni,1,5.922296047210693,-5.1524858474731445,1
Clemson_p051_c1_grm_std_uni,1,5.927863597869873,-5.093687057495117,1
Clemson_p051_c1_grm_std_uni,1,5.47316837310791,-4.717016220092773,1
Clemson_p051_c1_grm_std_uni,1,4.896450519561768,-4.1994547843933105,1
Clemson_p051_c1_grm_std_uni,1,5.628018379211426,-4.640866279602051,1
Clemson_p051_c1_grm_std_uni,1,5.91763162612915,-4.9191975593566895,1
Clemson_p051_c1_grm_std_uni,1,5.829914569854736,-4.839848041534424,1
Clemson_p051_c1_grm_std_uni,1,5.944291114807129,-4.8973164558410645,1
Clemson_p051_c1_grm_std_uni,1,5.63916015625,-4.568880081176758,1
Clemson_p051_c1_grm_std_uni,1,5.602283954620361,-4.395599842071533,1
Clemson_p051_c1_grm_std_uni,1,5.734960079193115,-4.430816173553467,1
Clemson_p051_c1_grm_std_uni,1,5.5336480140686035,-4.287996768951416,1
Clemson_p051_c1_grm_std_uni,1,5.038956642150879,-3.9559414386749268,1
Clemson_p051_c1_grm_std_uni,1,4.312873840332031,-3.365800380706787,1
Clemson_p051_c1_grm_std_uni,1,3.973273277282715,-3.083930730819702,1
Clemson_p051_c1_grm_std_uni,1,4.095575332641602,-3.519232988357544,1
Clemson_p051_c1_grm_std_uni,1,4.114707946777344,-3.6644811630249023,1
Clemson_p051_c1_grm_std_uni,1,4.5620341300964355,-4.0585856437683105,1
Clemson_p051_c1_grm_std_uni,1,4.993804931640625,-4.422034740447998,1
Clemson_p051_c1_grm_std_uni,1,5.411972999572754,-4.862581253051758,1
Clemson_p051_c1_grm_std_uni,1,5.3875555992126465,-4.85261344909668,1
Clemson_p051_c1_grm_std_uni,1,4.002556800842285,-3.7201426029205322,1
Clemson_p051_c1_grm_std_uni,1,2.7084691524505615,-2.594715118408203,1
Clemson_p051_c1_grm_std_uni,1,3.2630858421325684,-2.966632843017578,1
Clemson_p051_c1_grm_std_uni,1,4.19874906539917,-3.8572840690612793,1
Clemson_p051_c1_grm_std_uni,1,4.5988898277282715,-4.26647424697876,1
Clemson_p051_c1_grm_std_uni,1,4.279162883758545,-4.401934623718262,1
Clemson_p051_c1_grm_std_uni,1,5.155723571777344,-5.087158679962158,1
Clemson_p051_c1_grm_std_uni,1,5.365900039672852,-5.0627031326293945,1
Clemson_p051_c1_grm_std_uni,1,4.760329723358154,-4.518555164337158,1
Clemson_p051_c1_grm_std_uni,1,5.137541770935059,-4.983551979064941,1
Clemson_p051_c1_grm_std_uni,1,5.049095630645752,-5.048607349395752,1
Clemson_p051_c1_grm_std_uni,1,4.730289936065674,-4.754202842712402,1
Clemson_p051_c1_grm_std_uni,1,3.450589895248413,-3.4188272953033447,1
Clemson_p051_c1_grm_std_uni,1,2.8486244678497314,-2.702913522720337,1
Clemson_p051_c1_grm_std_uni,1,3.506585121154785,-3.295424699783325,1
Clemson_p051_c1_grm_std_uni,1,4.2943243980407715,-4.061642169952393,1
Clemson_p051_c1_grm_std_uni,1,4.765704154968262,-4.3140435218811035,1
Clemson_p051_c1_grm_std_uni,1,4.935122966766357,-4.572993755340576,1
Clemson_p051_c1_grm_std_uni,1,4.20559024810791,-4.060385227203369,1
Clemson_p051_c1_grm_std_uni,1,4.7244110107421875,-4.6907525062561035,1
Clemson_p051_c1_grm_std_uni,1,5.0835065841674805,-5.0107421875,1
Clemson_p051_c1_grm_std_uni,1,4.331240177154541,-4.1067304611206055,1
Clemson_p051_c1_grm_std_uni,1,3.1498301029205322,-2.648411512374878,1
Clemson_p051_c1_grm_std_uni,1,3.732130289077759,-2.423475503921509,1
Clemson_p051_c1_grm_std_uni,1,6.209681034088135,-4.193689823150635,1
Clemson_p051_c1_grm_std_uni,1,6.363218784332275,-4.602057456970215,1
Clemson_p051_c1_grm_std_uni,1,6.305126667022705,-4.747006416320801,1
Clemson_p051_c1_grm_std_uni,1,6.219437599182129,-4.786284446716309,1
Clemson_p051_c1_grm_std_uni,1,5.565062046051025,-4.172633171081543,1
Clemson_p051_c1_grm_std_uni,1,2.8973581790924072,-1.56208074092865,1
Clemson_p051_c1_grm_std_uni,1,3.041012763977051,-1.168425440788269,1
Clemson_p051_c1_grm_std_uni,1,4.716162204742432,-3.286456346511841,1
Clemson_p051_c1_grm_std_uni,1,6.009262561798096,-4.455027103424072,1
Clemson_p051_c1_grm_std_uni,1,8.001730918884277,-5.933945655822754,1
Clemson_p051_c1_grm_std_uni,1,7.47801399230957,-6.128564357757568,1
Clemson_p051_c1_grm_std_uni,1,6.6656341552734375,-5.703378677368164,1
Clemson_p051_c1_grm_std_uni,1,6.398528099060059,-5.7126264572143555,1
Clemson_p051_c1_grm_std_uni,1,6.523347854614258,-5.973428726196289,1
Clemson_p051_c1_grm_std_uni,1,6.7187819480896,-5.975092887878418,1
Clemson_p051_c1_grm_std_uni,1,6.735729694366455,-5.7685089111328125,1
Clemson_p051_c1_grm_std_uni,1,6.839348793029785,-5.768235206604004,1
Clemson_p051_c1_grm_std_uni,1,7.100944519042969,-5.895028114318848,1
Clemson_p051_c1_grm_std_uni,1,6.955728530883789,-5.616669654846191,1
Clemson_p051_c1_grm_std_uni,1,6.312429428100586,-4.981278896331787,1
Clemson_p051_c1_grm_std_uni,1,4.221068382263184,-3.351483106613159,1
Clemson_p051_c1_grm_std_uni,1,4.289767265319824,-2.5465524196624756,1
Clemson_p051_c1_grm_std_uni,1,5.3226494789123535,-2.8918569087982178,1
Clemson_p051_c1_grm_std_uni,1,6.15962553024292,-4.093843460083008,1
Clemson_p051_c1_grm_std_uni,1,6.852755546569824,-4.755868434906006,1
Clemson_p051_c1_grm_std_uni,1,6.290911674499512,-4.3675079345703125,1
Clemson_p051_c1_grm_std_uni,1,6.293355941772461,-4.444379806518555,1
Clemson_p051_c1_grm_std_uni,1,6.690854072570801,-4.736764907836914,1
Clemson_p051_c1_grm_std_uni,1,5.954997539520264,-4.028759956359863,1
Clemson_p051_c1_grm_std_uni,1,5.603095531463623,-3.7141969203948975,1
Clemson_p051_c1_grm_std_uni,1,5.08970308303833,-3.440194606781006,1
Clemson_p051_c1_grm_std_uni,1,5.304560661315918,-3.9558136463165283,1
Clemson_p051_c1_grm_std_uni,1,5.5309624671936035,-4.668471336364746,1
Clemson_p051_c1_grm_std_uni,1,5.176705360412598,-4.650103569030762,1
Clemson_p051_c1_grm_std_uni,1,4.812556266784668,-4.393761157989502,1
Clemson_p051_c1_grm_std_uni,1,4.600794315338135,-4.121264934539795,1
Clemson_p051_c1_grm_std_uni,1,4.778611183166504,-4.230978012084961,1
Clemson_p051_c1_grm_std_uni,1,5.033294677734375,-4.480095386505127,1
Clemson_p051_c1_grm_std_uni,1,5.31486177444458,-4.7596893310546875,1
Clemson_p051_c1_grm_std_uni,1,5.012636184692383,-4.540904521942139,1
Clemson_p051_c1_grm_std_uni,1,4.868474006652832,-4.400620460510254,1
Clemson_p051_c1_grm_std_uni,1,4.6339616775512695,-4.1583380699157715,1
Clemson_p051_c1_grm_std_uni,1,4.732602119445801,-4.13182258605957,1
Clemson_p051_c1_grm_std_uni,1,5.041154384613037,-4.431185722351074,1
Clemson_p051_c1_grm_std_uni,1,4.7986159324646,-4.250446796417236,1
Clemson_p051_c1_grm_std_uni,1,3.9284310340881348,-3.540477991104126,1
Clemson_p051_c1_grm_std_uni,1,2.903350353240967,-2.47680401802063,1
Clemson_p051_c1_grm_std_uni,1,3.881957769393921,-3.417644739151001,1
Clemson_p051_c1_grm_std_uni,1,3.7159759998321533,-3.2425239086151123,1
Clemson_p051_c1_grm_std_uni,1,3.212815284729004,-2.868817090988159,1
Clemson_p051_c1_grm_std_uni,1,4.4050774574279785,-4.177700042724609,1
Clemson_p051_c1_grm_std_uni,1,4.77347993850708,-4.51715087890625,1
Clemson_p051_c1_grm_std_uni,1,5.040261268615723,-4.628422260284424,1
Clemson_p051_c1_grm_std_uni,1,5.0013604164123535,-4.535415172576904,1
Clemson_p051_c1_grm_std_uni,1,5.344836711883545,-4.582738876342773,1
Clemson_p051_c1_grm_std_uni,1,5.384270191192627,-4.619669437408447,1
Clemson_p051_c1_grm_std_uni,1,5.223001956939697,-4.605973243713379,1
Clemson_p051_c1_grm_std_uni,1,5.637154579162598,-5.037339210510254,1
Clemson_p051_c1_grm_std_uni,1,5.609411716461182,-5.170363903045654,1
Clemson_p051_c1_grm_std_uni,1,5.533343315124512,-5.163723468780518,1
Clemson_p051_c1_grm_std_uni,1,5.366699695587158,-5.059091091156006,1
Clemson_p051_c1_grm_std_uni,1,4.067052364349365,-4.125205993652344,1
Clemson_p051_c1_grm_std_uni,1,2.068039655685425,-1.1913338899612427,1
Clemson_p051_c1_grm_std_uni,1,3.3846828937530518,-2.0629546642303467,1
Clemson_p051_c1_grm_std_uni,1,5.5829081535339355,-4.176215171813965,1
Clemson_p051_c1_grm_std_uni,1,6.816733360290527,-5.3351359367370605,1
Clemson_p051_c1_grm_std_uni,1,7.983642578125,-6.648626804351807,1
Clemson_p051_c1_grm_std_uni,1,7.250006675720215,-6.153537273406982,1
Clemson_p051_c1_grm_std_uni,1,6.850393295288086,-5.805813789367676,1
Clemson_p051_c1_grm_std_uni,1,6.394903182983398,-5.384713649749756,1
Clemson_p051_c1_grm_std_uni,1,6.447137355804443,-5.351497173309326,1
Clemson_p051_c1_grm_std_uni,1,6.543686389923096,-5.414863109588623,1
Clemson_p051_c1_grm_std_uni,1,6.706575870513916,-5.618597507476807,1
Clemson_p051_c1_grm_std_uni,1,7.1735005378723145,-5.822631359100342,1
Clemson_p051_c1_grm_std_uni,1,6.740990161895752,-5.248929023742676,1
Clemson_p051_c1_grm_std_uni,1,6.415777206420898,-5.251664638519287,1
Clemson_p051_c1_grm_std_uni,1,5.747282028198242,-4.793593883514404,1
Clemson_p051_c1_grm_std_uni,1,6.753721237182617,-5.536097526550293,1
Clemson_p051_c1_grm_std_uni,1,7.217131614685059,-5.798893451690674,1
Clemson_p051_c1_grm_std_uni,2,7.358493328094482,-5.821390151977539,1
Clemson_p051_c1_grm_std_uni,2,7.620625972747803,-5.954514980316162,1
Clemson_p051_c1_grm_std_uni,2,7.711145877838135,-5.910284042358398,1
Clemson_p051_c1_grm_std_uni,2,7.436160564422607,-5.8763747215271,1
Clemson_p051_c1_grm_std_uni,2,6.986317157745361,-5.8122334480285645,1
Clemson_p051_c1_grm_std_uni,2,6.595800876617432,-5.591170310974121,1
Clemson_p051_c1_grm_std_uni,2,6.719923496246338,-5.537845134735107,1
Clemson_p051_c1_grm_std_uni,2,6.168572902679443,-4.993863105773926,1
Clemson_p051_c1_grm_std_uni,2,6.141870021820068,-4.84589958190918,1
Clemson_p051_c1_grm_std_uni,2,6.383423328399658,-4.992933750152588,1
Clemson_p051_c1_grm_std_uni,2,6.300459861755371,-4.98948860168457,1
Clemson_p051_c1_grm_std_uni,2,6.208038806915283,-5.092857837677002,1
Clemson_p051_c1_grm_std_uni,2,5.8576579093933105,-5.02345609664917,1
Clemson_p051_c1_grm_std_uni,2,5.663700580596924,-4.994880676269531,1
Clemson_p051_c1_grm_std_uni,2,5.405773639678955,-4.856188774108887,1
Clemson_p051_c1_grm_std_uni,2,5.39676570892334,-4.789730548858643,1
Clemson_p051_c1_grm_std_uni,2,4.985252380371094,-4.3259148597717285,1
Clemson_p051_c1_grm_std_uni,2,5.139638900756836,-4.300192832946777,1
Clemson_p051_c1_grm_std_uni,2,5.81779146194458,-4.691597938537598,1
Clemson_p051_c1_grm_std_uni,2,5.664296627044678,-4.713423728942871,1
Clemson_p051_c1_grm_std_uni,2,5.279684543609619,-4.405793190002441,1
Clemson_p051_c1_grm_std_uni,2,4.576689720153809,-3.649120569229126,1
Clemson_p051_c1_grm_std_uni,2,3.587806224822998,-2.800044536590576,1
Clemson_p051_c1_grm_std_uni,2,3.218001365661621,-2.4246745109558105,1
Clemson_p051_c1_grm_std_uni,2,3.2333714962005615,-2.6117920875549316,1
Clemson_p051_c1_grm_std_uni,2,3.0724971294403076,-2.46071195602417,1
Clemson_p051_c1_grm_std_uni,2,3.0271108150482178,-2.210080862045288,1
Clemson_p051_c1_grm_std_uni,2,3.4936444759368896,-2.66243577003479,1
Clemson_p051_c1_grm_std_uni,2,3.69464111328125,-3.099416494369507,1
Clemson_p051_c1_grm_std_uni,2,4.024008750915527,-3.5055391788482666,1
Clemson_p051_c1_grm_std_uni,2,4.038303852081299,-3.538684606552124,1
Clemson_p051_c1_grm_std_uni,2,3.701122522354126,-3.187020778656006,1
Clemson_p051_c1_grm_std_uni,2,3.760800838470459,-3.1502840518951416,1
Clemson_p051_c1_grm_std_uni,2,3.9145734310150146,-3.2424778938293457,1
Clemson_p051_c1_grm_std_uni,2,4.001215934753418,-3.42928147315979,1
Clemson_p051_c1_grm_std_uni,2,3.8778507709503174,-3.3855104446411133,1
Clemson_p051_c1_grm_std_uni,2,3.797874927520752,-3.372523307800293,1
Clemson_p051_c1_grm_std_uni,2,3.9698173999786377,-3.6079282760620117,1
Clemson_p051_c1_grm_std_uni,2,3.3697350025177,-3.032933235168457,1
Clemson_p051_c1_grm_std_uni,2,2.7437589168548584,-2.4606335163116455,1
Clemson_p051_c1_grm_std_uni,2,3.2786338329315186,-3.142653703689575,1
Clemson_p051_c1_grm_std_uni,2,3.9685168266296387,-3.8371176719665527,1
Clemson_p051_c1_grm_std_uni,1,4.013455390930176,-4.090734958648682,1
Clemson_p051_c1_grm_std_uni,1,4.319725513458252,-4.507150650024414,1
Clemson_p051_c1_grm_std_uni,1,4.414853572845459,-4.524027347564697,1
Clemson_p051_c1_grm_std_uni,1,4.797849655151367,-4.941442012786865,1
Clemson_p051_c1_grm_std_uni,1,4.728240013122559,-4.9391913414001465,1
Clemson_p051_c1_grm_std_uni,1,4.441413402557373,-4.707773685455322,1
Clemson_p051_c1_grm_std_uni,1,3.934514045715332,-4.150936603546143,1
Clemson_p051_c1_grm_std_uni,1,2.489103078842163,-2.5630035400390625,1
Clemson_p051_c1_grm_std_uni,1,1.5945576429367065,-1.6303188800811768,1
Clemson_p051_c1_grm_std_uni,1,2.725132942199707,-2.823065996170044,1
Clemson_p051_c1_grm_std_uni,1,4.429562091827393,-4.653861045837402,1
Clemson_p051_c1_grm_std_uni,1,5.658674716949463,-5.359705924987793,1
Clemson_p051_c1_grm_std_uni,1,6.414690971374512,-4.766702651977539,1
Clemson_p051_c1_grm_std_uni,1,6.702393531799316,-4.8173322677612305,1
Clemson_p051_c1_grm_std_uni,1,7.897189140319824,-6.389010429382324,1
Clemson_p051_c1_grm_std_uni,1,7.411473274230957,-6.476561069488525,1
Clemson_p051_c1_grm_std_uni,1,6.507761001586914,-5.825129985809326,1
Clemson_p051_c1_grm_std_uni,1,3.279597759246826,-3.5062766075134277,1
Clemson_p051_c1_grm_std_uni,1,2.3232340812683105,-1.9063764810562134,1
Clemson_p051_c1_grm_std_uni,1,3.8971426486968994,-2.347820281982422,1
Clemson_p051_c1_grm_std_uni,1,6.073232650756836,-4.72079610824585,1
Clemson_p051_c1_grm_std_uni,1,7.396782398223877,-6.068964004516602,1
Clemson_p051_c1_grm_std_uni,1,8.185052871704102,-6.790586948394775,1
Clemson_p051_c1_grm_std_uni,1,7.966213703155518,-6.9918012619018555,1
Clemson_p051_c1_grm_std_uni,1,7.568585395812988,-6.860818386077881,1
Clemson_p051_c1_grm_std_uni,1,7.718735694885254,-7.0828447341918945,1
Clemson_p051_c1_grm_std_uni,1,7.838522911071777,-7.150221347808838,1
Clemson_p051_c1_grm_std_uni,1,7.73480224609375,-7.053875923156738,1
Clemson_p051_c1_grm_std_uni,1,7.560304641723633,-6.8663225173950195,1
Clemson_p051_c1_grm_std_uni,1,6.951306343078613,-6.531844139099121,1
Clemson_p051_c1_grm_std_uni,1,6.395415782928467,-6.3415632247924805,1
Clemson_p051_c1_grm_std_uni,1,6.485447883605957,-6.082932949066162,1
Clemson_p051_c1_grm_std_uni,1,5.080254554748535,-4.905994892120361,1
Clemson_p051_c1_grm_std_uni,1,5.197354793548584,-4.386260509490967,1
Clemson_p051_c1_grm_std_uni,1,6.1859917640686035,-4.97145414352417,1
Clemson_p051_c1_grm_std_uni,1,6.879012584686279,-5.8546905517578125,1
Clemson_p051_c1_grm_std_uni,1,6.518636226654053,-6.115633487701416,1
Clemson_p051_c1_grm_std_uni,1,5.816874027252197,-5.533718585968018,1
Clemson_p051_c1_grm_std_uni,1,5.269901752471924,-4.984091758728027,1
Clemson_p051_c1_grm_std_uni,1,5.204432964324951,-4.964309215545654,1
Clemson_p051_c1_grm_std_uni,1,5.531209945678711,-5.308807373046875,1
Clemson_p051_c1_grm_std_uni,1,5.605020999908447,-5.30502462387085,1
Clemson_p051_c1_grm_std_uni,1,5.702519416809082,-5.19917631149292,1
Clemson_p051_c1_grm_std_uni,1,5.778580188751221,-5.044087886810303,1
Clemson_p051_c1_grm_std_uni,1,5.720677375793457,-4.888681411743164,1
Clemson_p051_c1_grm_std_uni,1,5.086877822875977,-4.140769004821777,1
Clemson_p051_c1_grm_std_uni,1,-0.19227053225040436,-0.707098662853241,1
Clemson_p051_c1_grm_std_uni,1,1.2341837882995605,0.3978249728679657,1
Clemson_p051_c1_grm_std_uni,1,5.171396732330322,-3.904285430908203,1
Clemson_p051_c1_grm_std_uni,1,7.4828267097473145,-6.143914699554443,1
Clemson_p051_c1_grm_std_uni,1,9.086945533752441,-7.391808986663818,1
Clemson_p051_c1_grm_std_uni,1,9.075775146484375,-7.16636848449707,1
Clemson_p051_c1_grm_std_uni,1,8.556732177734375,-7.177742004394531,1
Clemson_p051_c1_grm_std_uni,1,7.723931312561035,-6.72130012512207,1
Clemson_p051_c1_grm_std_uni,1,6.631766319274902,-5.451131343841553,1
Clemson_p051_c1_grm_std_uni,1,7.192062854766846,-6.0942182540893555,1
Clemson_p051_c1_grm_std_uni,1,7.2906107902526855,-6.073150157928467,1
Clemson_p051_c1_grm_std_uni,1,7.033007621765137,-5.672152996063232,1
Clemson_p051_c1_grm_std_uni,1,6.8849101066589355,-5.489480495452881,1
Clemson_p051_c1_grm_std_uni,1,6.7109856605529785,-5.367239475250244,1
Clemson_p051_c1_grm_std_uni,2,5.941591739654541,-4.955804824829102,1
Clemson_p051_c1_grm_std_uni,2,1.8549193143844604,-2.131065607070923,1
Clemson_p051_c1_grm_std_uni,2,3.317593812942505,-1.5397189855575562,1
Clemson_p051_c1_grm_std_uni,2,6.163377285003662,-4.822916030883789,1
Clemson_p051_c1_grm_std_uni,2,7.901220321655273,-5.760584831237793,1
Clemson_p051_c1_grm_std_uni,2,8.149004936218262,-5.9991455078125,1
Clemson_p051_c1_grm_std_uni,2,7.344344615936279,-6.501413345336914,1
Clemson_p051_c1_grm_std_uni,2,6.696406364440918,-6.6238322257995605,1
Clemson_p051_c1_grm_std_uni,2,6.471703052520752,-6.021566867828369,1
Clemson_p051_c1_grm_std_uni,2,2.4885995388031006,-2.9035956859588623,1
Clemson_p051_c1_grm_std_uni,2,2.0377440452575684,-1.213792085647583,1
Clemson_p051_c1_grm_std_uni,2,5.795923233032227,-4.280967712402344,1
Clemson_p051_c1_grm_std_uni,2,6.887845993041992,-5.342496395111084,1
Clemson_p051_c1_grm_std_uni,2,7.592872619628906,-5.671674728393555,1
Clemson_p051_c1_grm_std_uni,2,8.209327697753906,-5.79425048828125,1
Clemson_p051_c1_grm_std_uni,2,8.0706148147583,-5.525018215179443,1
Clemson_p051_c1_grm_std_uni,2,7.6001057624816895,-5.305960655212402,1
Clemson_p051_c1_grm_std_uni,2,7.873305797576904,-5.973687648773193,1
Clemson_p051_c1_grm_std_uni,1,7.6818623542785645,-6.170170783996582,1
Clemson_p051_c1_grm_std_uni,1,7.140854835510254,-6.150728702545166,1
Clemson_p051_c1_grm_std_uni,1,6.683497428894043,-5.702263355255127,1
Clemson_p051_c1_grm_std_uni,1,4.9803667068481445,-4.047882080078125,1
Clemson_p051_c1_grm_std_uni,1,5.17820405960083,-3.0903422832489014,1
Clemson_p051_c1_grm_std_uni,1,6.002642631530762,-3.4141879081726074,1
Clemson_p051_c1_grm_std_uni,1,7.395044803619385,-5.345728397369385,1
Clemson_p051_c1_grm_std_uni,1,7.375141620635986,-5.469183921813965,1
Clemson_p051_c1_grm_std_uni,1,8.264775276184082,-6.448200702667236,1
Clemson_p051_c1_grm_std_uni,1,7.821161270141602,-6.7414703369140625,1
Clemson_p051_c1_grm_std_uni,1,6.950493335723877,-6.6969685554504395,1
Clemson_p051_c1_grm_std_uni,1,6.526828289031982,-6.477625370025635,1
Clemson_p051_c1_grm_std_uni,1,6.31033992767334,-6.288153171539307,1
Clemson_p051_c1_grm_std_uni,1,6.066987037658691,-5.9978556632995605,1
Clemson_p051_c1_grm_std_uni,1,6.086422443389893,-5.835333824157715,1
Clemson_p051_c1_grm_std_uni,1,6.533934593200684,-5.994704246520996,1
Clemson_p051_c1_grm_std_uni,1,6.831839084625244,-6.056579113006592,1
Clemson_p051_c1_grm_std_uni,1,6.874152183532715,-5.909510135650635,1
Clemson_p051_c1_grm_std_uni,1,6.980970859527588,-5.6758246421813965,1
Clemson_p051_c1_grm_std_uni,1,7.048514366149902,-5.5105204582214355,1
Clemson_p051_c1_grm_std_uni,1,6.99888801574707,-5.2578043937683105,1
Clemson_p051_c1_grm_std_uni,1,6.0443854331970215,-4.352631092071533,1
Clemson_p051_c1_grm_std_uni,1,5.02683687210083,-3.491621732711792,1
Clemson_p051_c1_grm_std_uni,1,4.3284149169921875,-2.498182535171509,1
Clemson_p051_c1_grm_std_uni,1,4.811661720275879,-3.65580677986145,1
Clemson_p051_c1_grm_std_uni,1,5.781793594360352,-4.576688766479492,1
Clemson_p051_c1_grm_std_uni,1,7.205279350280762,-5.7304582595825195,1
Clemson_p051_c1_grm_std_uni,1,7.363570690155029,-5.87926721572876,1
Clemson_p051_c1_grm_std_uni,1,6.996300220489502,-5.652148723602295,1
Clemson_p051_c1_grm_std_uni,1,6.618560314178467,-5.2497735023498535,1
Clemson_p051_c1_grm_std_uni,1,6.362214088439941,-4.936944961547852,1
Clemson_p051_c1_grm_std_uni,1,6.4691267013549805,-5.075694561004639,1
Clemson_p051_c1_grm_std_uni,1,6.433140754699707,-5.1101861000061035,1
Clemson_p051_c1_grm_std_uni,1,6.115172863006592,-4.864865779876709,1
Clemson_p051_c1_grm_std_uni,1,5.615269184112549,-4.476874828338623,1
Clemson_p051_c1_grm_std_uni,1,5.2540507316589355,-4.2120361328125,1
Clemson_p051_c1_grm_std_uni,1,5.308801651000977,-4.2531962394714355,1
Clemson_p051_c1_grm_std_uni,1,5.495117664337158,-4.57004976272583,1
Clemson_p051_c1_grm_std_uni,1,4.675842761993408,-3.7100791931152344,1
Clemson_p051_c1_grm_std_uni,1,3.9109814167022705,-2.6628408432006836,1
Clemson_p051_c1_grm_std_uni,1,3.9350781440734863,-3.0453906059265137,1
Clemson_p051_c1_grm_std_uni,1,3.6079623699188232,-2.8683409690856934,1
Clemson_p051_c1_grm_std_uni,1,3.437671184539795,-2.397214651107788,1
Clemson_p051_c1_grm_std_uni,1,4.098426818847656,-2.7464749813079834,1
Clemson_p051_c1_grm_std_uni,1,5.035948753356934,-3.7945332527160645,1
Clemson_p051_c1_grm_std_uni,1,5.6795854568481445,-4.892577648162842,1
Clemson_p051_c1_grm_std_uni,1,5.759820938110352,-5.377988815307617,1
Clemson_p051_c1_grm_std_uni,1,5.793646335601807,-5.367132663726807,1
Clemson_p051_c1_grm_std_uni,1,5.756718158721924,-5.326666831970215,1
Clemson_p051_c1_grm_std_uni,1,5.6797614097595215,-5.3835225105285645,1
Clemson_p051_c1_grm_std_uni,1,5.474888801574707,-5.33351993560791,1
Clemson_p051_c1_grm_std_uni,1,5.483870983123779,-5.328196048736572,1
Clemson_p051_c1_grm_std_uni,1,5.467923164367676,-5.302460670471191,1
Clemson_p051_c1_grm_std_uni,1,5.4285478591918945,-5.2119646072387695,1
Clemson_p051_c1_grm_std_uni,1,5.40231466293335,-5.096542835235596,1
Clemson_p051_c1_grm_std_uni,1,5.404339790344238,-5.029138565063477,1
Clemson_p051_c1_grm_std_uni,1,5.42543363571167,-4.987418174743652,1
Clemson_p051_c1_grm_std_uni,1,5.564738750457764,-4.959460258483887,1
Clemson_p051_c1_grm_std_uni,1,5.650314807891846,-5.013524055480957,1
Clemson_p051_c1_grm_std_uni,1,5.469030380249023,-4.978334903717041,1
Clemson_p051_c1_grm_std_uni,1,5.239348888397217,-4.782364368438721,1
Clemson_p051_c1_grm_std_uni,1,4.905021667480469,-4.669323444366455,1
Clemson_p051_c1_grm_std_uni,1,5.022200584411621,-4.4368205070495605,1
Clemson_p051_c1_grm_std_uni,1,4.696774959564209,-3.8989017009735107,1
Clemson_p051_c1_grm_std_uni,1,3.010119915008545,-2.6075828075408936,1
Clemson_p051_c1_grm_std_uni,1,3.0347862243652344,-1.5220714807510376,1
Clemson_p051_c1_grm_std_uni,1,4.715474605560303,-3.2305197715759277,1
Clemson_p051_c1_grm_std_uni,1,6.9361162185668945,-4.851597309112549,1
Clemson_p051_c1_grm_std_uni,1,7.220758438110352,-5.945594787597656,1
Clemson_p051_c1_grm_std_uni,1,6.532111167907715,-6.101743221282959,1
Clemson_p051_c1_grm_std_uni,1,6.079081058502197,-6.0597825050354,1
Clemson_p051_c1_grm_std_uni,1,6.123476505279541,-5.986877918243408,1
Clemson_p051_c1_grm_std_uni,1,6.27066707611084,-5.885016918182373,1
Clemson_p051_c1_grm_std_uni,1,6.276644229888916,-5.784627437591553,1
Clemson_p051_c1_grm_std_uni,1,6.627705097198486,-6.04299783706665,1
Clemson_p051_c1_grm_std_uni,1,7.258469581604004,-6.189653396606445,1
Clemson_p051_c1_grm_std_uni,1,8.003363609313965,-5.66549825668335,1
Clemson_p051_c1_grm_std_uni,1,7.6477484703063965,-5.665971279144287,1
Clemson_p051_c1_grm_std_uni,1,7.036441326141357,-5.995656490325928,1
Clemson_p051_c1_grm_std_uni,1,6.526808261871338,-6.078325271606445,1
Clemson_p051_c1_grm_std_uni,1,6.314953327178955,-6.171192646026611,1
Clemson_p051_c1_grm_std_uni,1,6.545838356018066,-6.330246925354004,1
Clemson_p051_c1_grm_std_uni,1,6.615804195404053,-6.182458877563477,1
Clemson_p051_c1_grm_std_uni,1,7.114957332611084,-6.4553070068359375,1
Clemson_p051_c1_grm_std_uni,1,7.309720993041992,-6.287283420562744,1
Clemson_p051_c1_grm_std_uni,1,7.580758571624756,-6.246511936187744,1
Clemson_p051_c1_grm_std_uni,1,8.023563385009766,-6.898950099945068,1
Clemson_p051_c1_grm_std_uni,1,7.672429084777832,-6.85708475112915,1
Clemson_p051_c1_grm_std_uni,1,6.676557540893555,-6.416653633117676,1
Clemson_p051_c1_grm_std_uni,1,5.90950870513916,-5.9219441413879395,1
Clemson_p051_c1_grm_std_uni,1,4.03118371963501,-4.51237154006958,1
Clemson_p051_c1_grm_std_uni,1,3.4381070137023926,-2.4496312141418457,1
Clemson_p051_c1_grm_std_uni,1,5.336273670196533,-4.43326997756958,1
Clemson_p051_c1_grm_std_uni,1,5.404107570648193,-4.775634288787842,1
Clemson_p051_c1_grm_std_uni,1,6.392641544342041,-5.4042816162109375,1
Clemson_p051_c1_grm_std_uni,1,6.649328708648682,-5.968826770782471,1
Clemson_p051_c1_grm_std_uni,1,6.707131862640381,-6.014128684997559,1
Clemson_p051_c1_grm_std_uni,1,6.484279155731201,-5.372525691986084,1
Clemson_p051_c1_grm_std_uni,1,7.189553260803223,-4.873075485229492,1
Clemson_p051_c1_grm_std_uni,1,7.578715801239014,-4.605766296386719,1
Clemson_p051_c1_grm_std_uni,1,6.928757667541504,-4.319963455200195,1
Clemson_p051_c1_grm_std_uni,1,7.09366512298584,-4.535277843475342,1
Clemson_p051_c1_grm_std_uni,1,7.288468837738037,-4.89664363861084,1
Clemson_p051_c1_grm_std_uni,1,7.7272796630859375,-5.924905300140381,1
Clemson_p051_c1_grm_std_uni,1,8.075872421264648,-6.460625648498535,1
Clemson_p051_c1_grm_std_uni,1,7.7324628829956055,-6.524299144744873,1
Clemson_p051_c1_grm_std_uni,1,7.253291606903076,-6.111854553222656,1
Clemson_p051_c1_grm_std_uni,1,6.642789363861084,-5.590906620025635,1
Clemson_p051_c1_grm_std_uni,1,6.1150803565979,-5.210139274597168,1
Clemson_p051_c1_grm_std_uni,1,4.147099018096924,-3.6419260501861572,1
Clemson_p051_c1_grm_std_uni,1,3.299179792404175,-2.1170170307159424,1
Clemson_p051_c1_grm_std_uni,1,3.7565109729766846,-2.254882574081421,1
Clemson_p051_c1_grm_std_uni,1,5.8352861404418945,-3.9451701641082764,1
Clemson_p051_c1_grm_std_uni,1,7.027249336242676,-5.0227179527282715,1
Clemson_p051_c1_grm_std_uni,1,6.4756598472595215,-5.038095951080322,1
Clemson_p051_c1_grm_std_uni,1,5.094442367553711,-2.9784958362579346,1
Clemson_p051_c1_grm_std_uni,1,5.040423393249512,-3.0922555923461914,1
Clemson_p051_c1_grm_std_uni,1,5.970783710479736,-4.62164831161499,1
Clemson_p051_c1_grm_std_uni,1,7.4321417808532715,-6.051538944244385,1
Clemson_p051_c1_grm_std_uni,1,8.331229209899902,-6.906710147857666,1
Clemson_p051_c1_grm_std_uni,1,7.7838454246521,-6.558668613433838,1
Clemson_p051_c1_grm_std_uni,1,6.868170261383057,-6.099911212921143,1
Clemson_p051_c1_grm_std_uni,1,6.467381954193115,-6.042402267456055,1
Clemson_p051_c1_grm_std_uni,1,4.989858150482178,-4.520590782165527,1
Clemson_p051_c1_grm_std_uni,1,4.911009788513184,-4.495532512664795,1
Clemson_p051_c1_grm_std_uni,1,5.161158084869385,-5.202029228210449,1
Clemson_p051_c1_grm_std_uni,1,5.676429748535156,-5.461932182312012,1
Clemson_p051_c1_grm_std_uni,1,6.527403831481934,-5.625472545623779,1
Clemson_p051_c1_grm_std_uni,1,6.923771858215332,-5.602736473083496,1
Clemson_p051_c1_grm_std_uni,1,7.389665603637695,-5.7593889236450195,1
Clemson_p051_c1_grm_std_uni,1,7.550894260406494,-5.89629602432251,1
Clemson_p051_c1_grm_std_uni,1,7.431556701660156,-6.053084373474121,1
Clemson_p051_c1_grm_std_uni,1,7.602295398712158,-6.426694393157959,1
Clemson_p051_c1_grm_std_uni,1,6.759004592895508,-6.077620029449463,1
Clemson_p051_c1_grm_std_uni,1,6.223442554473877,-5.612661361694336,1
Clemson_p051_c1_grm_std_uni,1,5.3121843338012695,-4.779436111450195,1
Clemson_p051_c1_grm_std_uni,1,5.470031261444092,-4.476498126983643,1
Clemson_p051_c1_grm_std_uni,1,6.986198902130127,-5.932805061340332,1
Clemson_p051_c1_grm_std_uni,1,7.092222213745117,-6.5061116218566895,1
Clemson_p051_c1_grm_std_uni,1,6.732306480407715,-6.505593299865723,1
Clemson_p051_c1_grm_std_uni,1,6.452452182769775,-6.109340190887451,1
Clemson_p051_c1_grm_std_uni,1,6.377100944519043,-6.0517578125,1
Clemson_p051_c1_grm_std_uni,1,6.1105499267578125,-5.987946510314941,1
Clemson_p051_c1_grm_std_uni,1,5.617679119110107,-5.812066555023193,1
Clemson_p051_c1_grm_std_uni,1,3.783332347869873,-4.402209281921387,1
Clemson_p051_c1_grm_std_uni,1,3.185353994369507,-2.6892495155334473,1
Clemson_p051_c1_grm_std_uni,1,4.289007663726807,-3.9704349040985107,1
Clemson_p051_c1_grm_std_uni,1,6.140600204467773,-6.088480472564697,1
Clemson_p051_c1_grm_std_uni,1,7.156452655792236,-6.576079845428467,1
Clemson_p051_c1_grm_std_uni,1,6.609045505523682,-6.020180702209473,1
Clemson_p051_c1_grm_std_uni,1,6.249006271362305,-5.667176723480225,1
Clemson_p051_c1_grm_std_uni,1,5.57050895690918,-4.9340362548828125,1
Clemson_p051_c1_grm_std_uni,1,6.234717845916748,-5.591233730316162,1
Clemson_p051_c1_grm_std_uni,1,7.570704460144043,-6.8039069175720215,1
Clemson_p051_c1_grm_std_uni,1,7.841679573059082,-6.613899230957031,1
Clemson_p051_c1_grm_std_uni,1,7.395135402679443,-6.28669548034668,1
Clemson_p051_c1_grm_std_uni,1,6.87722110748291,-6.1498703956604,1
Clemson_p051_c1_grm_std_uni,1,6.041993618011475,-5.926607608795166,1
Clemson_p051_c1_grm_std_uni,1,4.933852195739746,-4.686127662658691,1
Clemson_p051_c1_grm_std_uni,1,2.3143351078033447,-2.800845146179199,1
Clemson_p051_c1_grm_std_uni,1,2.6910202503204346,-1.619658350944519,1
Clemson_p051_c1_grm_std_uni,1,4.739753723144531,-4.104962348937988,1
Clemson_p051_c1_grm_std_uni,1,6.7261152267456055,-6.453075885772705,1
Clemson_p051_c1_grm_std_uni,1,8.009930610656738,-7.495240688323975,1
Clemson_p051_c1_grm_std_uni,1,7.823532581329346,-7.129406929016113,1
Clemson_p051_c1_grm_std_uni,1,7.486516952514648,-7.079283237457275,1
Clemson_p051_c1_grm_std_uni,1,7.840551376342773,-7.1193461418151855,1
Clemson_p051_c1_grm_std_uni,1,7.9793243408203125,-7.1236572265625,1
Clemson_p051_c1_grm_std_uni,1,7.4898681640625,-6.718649864196777,1
Clemson_p051_c1_grm_std_uni,1,7.10308837890625,-6.193781852722168,1
Clemson_p051_c1_grm_std_uni,1,6.474238395690918,-5.085649490356445,1
Clemson_p051_c1_grm_std_uni,1,6.401693820953369,-4.521435737609863,1
Clemson_p051_c1_grm_std_uni,1,7.036080360412598,-5.476466655731201,1
Clemson_p051_c1_grm_std_uni,1,8.001911163330078,-6.781369686126709,1
Clemson_p051_c1_grm_std_uni,1,8.017599105834961,-6.957610130310059,1
Clemson_p051_c1_grm_std_uni,1,7.4005231857299805,-6.361393451690674,1
Clemson_p051_c1_grm_std_uni,1,6.793475151062012,-6.0922393798828125,1
Clemson_p051_c1_grm_std_uni,1,6.73438024520874,-5.988186359405518,1
Clemson_p051_c1_grm_std_uni,1,6.408677101135254,-5.6698408126831055,1
Clemson_p051_c1_grm_std_uni,1,6.290536880493164,-5.616159439086914,1
Clemson_p051_c1_grm_std_uni,1,6.115692138671875,-5.591551780700684,1
Clemson_p051_c1_grm_std_uni,1,5.118521690368652,-4.8653435707092285,1
Clemson_p051_c1_grm_std_uni,1,3.862546682357788,-3.3505349159240723,1
Clemson_p051_c1_grm_std_uni,1,3.7868666648864746,-3.1946563720703125,1
Clemson_p051_c1_grm_std_uni,1,4.56721830368042,-4.0127739906311035,1
Clemson_p051_c1_grm_std_uni,1,5.923263072967529,-5.184560775756836,1
Clemson_p051_c1_grm_std_uni,1,5.868943691253662,-5.361604690551758,1
Clemson_p051_c1_grm_std_uni,1,5.102102756500244,-4.5638909339904785,1
Clemson_p051_c1_grm_std_uni,1,4.6135687828063965,-4.246855735778809,1
Clemson_p051_c1_grm_std_uni,1,4.6549248695373535,-5.0483503341674805,1
Clemson_p051_c1_grm_std_uni,1,5.422229290008545,-5.7307515144348145,1
Clemson_p051_c1_grm_std_uni,1,6.265158176422119,-5.631207466125488,1
Clemson_p051_c1_grm_std_uni,1,6.43297004699707,-5.41579532623291,1
Clemson_p051_c1_grm_std_uni,1,6.454817771911621,-5.626126289367676,1
Clemson_p051_c1_grm_std_uni,1,6.142653465270996,-5.829583644866943,1
Clemson_p051_c1_grm_std_uni,1,6.004727363586426,-5.63369607925415,1
Clemson_p051_c1_grm_std_uni,1,6.719564914703369,-6.1759352684021,1
Clemson_p051_c1_grm_std_uni,1,6.965265274047852,-6.13160514831543,1
Clemson_p051_c1_grm_std_uni,1,7.268858432769775,-5.661727428436279,1
Clemson_p051_c1_grm_std_uni,1,7.318908214569092,-4.790485858917236,1
Clemson_p051_c1_grm_std_uni,1,7.53597354888916,-5.129644393920898,1
Clemson_p051_c1_grm_std_uni,1,7.627658367156982,-6.011898994445801,1
Clemson_p051_c1_grm_std_uni,1,6.733442306518555,-6.050107479095459,1
Clemson_p051_c1_grm_std_uni,1,6.429530143737793,-6.013099670410156,1
Clemson_p051_c1_grm_std_uni,1,6.449868202209473,-6.082261085510254,1
Clemson_p051_c1_grm_std_uni,1,6.446562767028809,-5.906067848205566,1
Clemson_p051_c1_grm_std_uni,1,6.765562057495117,-5.982913017272949,1
Clemson_p051_c1_grm_std_uni,1,7.060216426849365,-5.9345011711120605,1
Clemson_p051_c1_grm_std_uni,1,7.100090026855469,-5.838667392730713,1
Clemson_p051_c1_grm_std_uni,1,7.482511043548584,-6.0049872398376465,1
Clemson_p051_c1_grm_std_uni,1,7.790665626525879,-6.281634330749512,1
Clemson_p051_c1_grm_std_uni,1,6.434617519378662,-4.940492630004883,1
Clemson_p051_c1_grm_std_uni,1,6.462840557098389,-5.262063980102539,1
Clemson_p051_c1_grm_std_uni,1,6.96005392074585,-6.012185573577881,1
Clemson_p051_c1_grm_std_uni,1,7.057576656341553,-6.094430446624756,1
Clemson_p051_c1_grm_std_uni,1,6.844208717346191,-6.214039325714111,1
Clemson_p051_c1_grm_std_uni,1,6.929566383361816,-6.296671390533447,1
Clemson_p051_c1_grm_std_uni,1,6.253066539764404,-5.727026462554932,1
Clemson_p051_c1_grm_std_uni,1,5.535669326782227,-4.9834184646606445,1
Clemson_p051_c1_grm_std_uni,1,5.186446189880371,-4.3694376945495605,1
Clemson_p051_c1_grm_std_uni,1,5.041092395782471,-4.317465782165527,1
Clemson_p051_c1_grm_std_uni,1,4.884481430053711,-5.012356758117676,1
Clemson_p051_c1_grm_std_uni,1,5.4397969245910645,-5.606518745422363,1
Clemson_p051_c1_grm_std_uni,1,5.954573154449463,-5.6790995597839355,1
Clemson_p051_c1_grm_std_uni,1,6.550127983093262,-6.069861888885498,1
Clemson_p051_c1_grm_std_uni,1,6.895463466644287,-6.309426307678223,1
Clemson_p051_c1_grm_std_uni,1,6.897589206695557,-6.182372570037842,1
Clemson_p051_c1_grm_std_uni,1,6.4649434089660645,-5.563964366912842,1
Clemson_p051_c1_grm_std_uni,1,6.6741557121276855,-5.698910713195801,1
Clemson_p051_c1_grm_std_uni,1,7.075121879577637,-6.008284091949463,1
Clemson_p051_c1_grm_std_uni,1,7.580783367156982,-6.354159832000732,1
Clemson_p051_c1_grm_std_uni,1,7.127919673919678,-5.903738021850586,1
Clemson_p051_c1_grm_std_uni,1,6.889833927154541,-5.397456169128418,1
Clemson_p051_c1_grm_std_uni,1,7.288808345794678,-5.661698341369629,1
Clemson_p051_c1_grm_std_uni,1,7.19512939453125,-5.2551727294921875,1
Clemson_p051_c1_grm_std_uni,1,7.322389602661133,-5.471298694610596,1
Clemson_p051_c1_grm_std_uni,1,7.877974510192871,-6.048396110534668,1
Clemson_p051_c1_grm_std_uni,1,7.780782222747803,-6.200202941894531,1
Clemson_p051_c1_grm_std_uni,1,6.682931423187256,-5.966763019561768,1
Clemson_p051_c1_grm_std_uni,1,6.276488304138184,-6.022273063659668,1
Clemson_p051_c1_grm_std_uni,1,6.131102085113525,-5.791377067565918,1
Clemson_p051_c1_grm_std_uni,1,6.574552536010742,-6.250509738922119,1
Clemson_p051_c1_grm_std_uni,1,6.969156742095947,-6.592537879943848,1
Clemson_p051_c1_grm_std_uni,1,6.932452201843262,-6.442477703094482,1
Clemson_p051_c1_grm_std_uni,1,7.03257417678833,-6.476291179656982,1
Clemson_p051_c1_grm_std_uni,1,6.942643642425537,-6.4174323081970215,1
Clemson_p051_c1_grm_std_uni,1,6.683846473693848,-6.377477169036865,1
Clemson_p051_c1_grm_std_uni,1,6.303685188293457,-6.440279483795166,1
Clemson_p051_c1_grm_std_uni,1,5.8998308181762695,-6.433969020843506,1
Clemson_p051_c1_grm_std_uni,1,5.734960556030273,-6.281354904174805,1
Clemson_p051_c1_grm_std_uni,1,5.702043056488037,-5.852743625640869,1
Clemson_p051_c1_grm_std_uni,1,4.852285385131836,-5.03179407119751,1
Clemson_p051_c1_grm_std_uni,1,5.869185447692871,-6.269337177276611,1
Clemson_p051_c1_grm_std_uni,1,6.684201717376709,-6.765025615692139,1
Clemson_p051_c1_grm_std_uni,1,6.138062953948975,-6.618886947631836,1
Clemson_p051_c1_grm_std_uni,1,5.596685409545898,-5.906898498535156,1
Clemson_p051_c1_grm_std_uni,1,5.152871608734131,-5.398246765136719,1
Clemson_p051_c1_grm_std_uni,1,5.103329658508301,-5.3620452880859375,1
Clemson_p051_c1_grm_std_uni,1,4.261159420013428,-4.777536392211914,1
Clemson_p051_c1_grm_std_uni,1,2.8011271953582764,-3.3951919078826904,1
Clemson_p051_c1_grm_std_uni,1,2.3749237060546875,-1.7696492671966553,1
Clemson_p051_c1_grm_std_uni,1,3.716681957244873,-2.559983730316162,1
Clemson_p051_c1_grm_std_uni,1,5.604196548461914,-4.568120956420898,1
Clemson_p051_c1_grm_std_uni,1,7.515571594238281,-6.212277412414551,1
Clemson_p051_c1_grm_std_uni,1,7.032144069671631,-6.118472576141357,1
Clemson_p051_c1_grm_std_uni,1,5.99570894241333,-5.5631608963012695,1
Clemson_p051_c1_grm_std_uni,1,5.9935173988342285,-5.694310665130615,1
Clemson_p051_c1_grm_std_uni,1,5.849889755249023,-5.748323917388916,1
Clemson_p051_c1_grm_std_uni,1,5.5645222663879395,-5.392739772796631,1
Clemson_p051_c1_grm_std_uni,1,5.630670547485352,-5.123414039611816,1
Clemson_p051_c1_grm_std_uni,1,6.099629878997803,-5.24123477935791,1
Clemson_p051_c1_grm_std_uni,1,6.406789779663086,-5.623034477233887,1
Clemson_p051_c1_grm_std_uni,1,6.6022138595581055,-5.715188980102539,1
Clemson_p051_c1_grm_std_uni,1,6.586764335632324,-5.907233238220215,1
Clemson_p051_c1_grm_std_uni,1,5.98922872543335,-5.5655131340026855,1
Clemson_p051_c1_grm_std_uni,1,3.059138298034668,-3.5014190673828125,1
Clemson_p051_c1_grm_std_uni,1,2.2188830375671387,-1.4123587608337402,1
Clemson_p051_c1_grm_std_uni,1,3.296393871307373,-1.9813690185546875,1
Clemson_p051_c1_grm_std_uni,1,5.73942756652832,-4.872457504272461,1
Clemson_p051_c1_grm_std_uni,1,6.719783306121826,-5.837806701660156,1
Clemson_p051_c1_grm_std_uni,1,7.612987995147705,-6.372391223907471,1
Clemson_p051_c1_grm_std_uni,1,7.78902530670166,-6.400536060333252,1
Clemson_p051_c1_grm_std_uni,1,7.5809006690979,-6.109486103057861,1
Clemson_p051_c1_grm_std_uni,1,6.892145156860352,-5.690682411193848,1
Clemson_p051_c1_grm_std_uni,1,5.8683881759643555,-5.039697647094727,1
Clemson_p051_c1_grm_std_uni,1,5.050411701202393,-4.266134738922119,1
Clemson_p051_c1_grm_std_uni,1,5.620186805725098,-4.83291482925415,1
Clemson_p051_c1_grm_std_uni,1,6.271533012390137,-5.722880840301514,1
Clemson_p051_c1_grm_std_uni,1,6.299089431762695,-5.856168270111084,1
Clemson_p051_c1_grm_std_uni,1,5.86211633682251,-5.2438788414001465,1
Clemson_p051_c1_grm_std_uni,1,4.854799747467041,-4.15821647644043,1
Clemson_p051_c1_grm_std_uni,1,4.993889808654785,-4.180030822753906,1
Clemson_p051_c1_grm_std_uni,1,5.0755109786987305,-4.326649188995361,1
Clemson_p051_c1_grm_std_uni,1,5.4249677658081055,-4.8157477378845215,1
Clemson_p051_c1_grm_std_uni,1,5.616288661956787,-5.25592041015625,1
Clemson_p051_c1_grm_std_uni,1,5.3710408210754395,-5.216499328613281,1
Clemson_p051_c1_grm_std_uni,1,4.855760097503662,-4.647240161895752,1
Clemson_p051_c1_grm_std_uni,1,4.622519016265869,-4.194430828094482,1
Clemson_p051_c1_grm_std_uni,1,4.626214981079102,-3.8461570739746094,1
Clemson_p051_c1_grm_std_uni,1,5.576772689819336,-5.249112606048584,1
Clemson_p051_c1_grm_std_uni,1,6.7323102951049805,-5.897876262664795,1
Clemson_p051_c1_grm_std_uni,1,7.488920211791992,-5.9640398025512695,1
Clemson_p051_c1_grm_std_uni,1,7.561284065246582,-6.569785118103027,1
Clemson_p051_c1_grm_std_uni,1,7.0932745933532715,-6.517357349395752,1
Clemson_p051_c1_grm_std_uni,1,6.260162830352783,-5.841318130493164,1
Clemson_p051_c1_grm_std_uni,1,5.424923419952393,-5.542898654937744,1
Clemson_p051_c1_grm_std_uni,1,5.2799272537231445,-5.234537601470947,1
Clemson_p051_c1_grm_std_uni,1,5.309284687042236,-5.085764408111572,1
Clemson_p051_c1_grm_std_uni,1,5.487005233764648,-5.129604816436768,1
Clemson_p051_c1_grm_std_uni,1,5.13134765625,-4.927314281463623,1
Clemson_p051_c1_grm_std_uni,1,4.8500075340271,-4.664851188659668,1
Clemson_p051_c1_grm_std_uni,1,3.880316972732544,-3.868345022201538,1
Clemson_p051_c1_grm_std_uni,1,4.0596795082092285,-4.038845539093018,1
Clemson_p051_c1_grm_std_uni,1,4.360902309417725,-4.458800792694092,1
Clemson_p051_c1_grm_std_uni,1,4.8803863525390625,-4.8320207595825195,1
Clemson_p051_c1_grm_std_uni,1,5.005293846130371,-4.895651817321777,1
Clemson_p051_c1_grm_std_uni,1,4.928804874420166,-4.8666486740112305,1
Clemson_p051_c1_grm_std_uni,1,4.643183708190918,-4.511483669281006,1
Clemson_p051_c1_grm_std_uni,1,2.7010457515716553,-3.0703063011169434,1
Clemson_p051_c1_grm_std_uni,1,2.0368590354919434,-2.0088062286376953,1
Clemson_p051_c1_grm_std_uni,1,3.137695789337158,-3.1814804077148438,1
Clemson_p051_c1_grm_std_uni,1,2.6566665172576904,-3.0779614448547363,1
Clemson_p051_c1_grm_std_uni,1,1.4381699562072754,-1.795605182647705,1
Clemson_p051_c1_grm_std_uni,1,0.8285138010978699,-0.41335684061050415,1
Clemson_p051_c1_grm_std_uni,1,3.006201982498169,-1.9789243936538696,1
Clemson_p051_c1_grm_std_uni,1,5.365922927856445,-4.735631465911865,1
Clemson_p051_c1_grm_std_uni,1,5.0691680908203125,-4.837540626525879,1
Clemson_p051_c1_grm_std_uni,1,3.2257943153381348,-3.074559211730957,1
Clemson_p051_c1_grm_std_uni,1,3.134389638900757,-2.3203845024108887,1
Clemson_p051_c1_grm_std_uni,1,3.40338397026062,-2.7425239086151123,1
Clemson_p051_c1_grm_std_uni,1,3.46464204788208,-2.731759786605835,1
Clemson_p051_c1_grm_std_uni,1,4.004265785217285,-3.222313165664673,1
Clemson_p051_c1_grm_std_uni,1,4.7093963623046875,-3.9763123989105225,1
Clemson_p051_c1_grm_std_uni,1,5.736076354980469,-4.947938442230225,1
Clemson_p051_c1_grm_std_uni,1,6.7041015625,-5.89984655380249,1
Clemson_p051_c1_grm_std_uni,1,6.432620525360107,-5.597600936889648,1
Clemson_p051_c1_grm_std_uni,1,6.308103084564209,-5.659102916717529,1
Clemson_p051_c1_grm_std_uni,1,6.85942268371582,-6.101278305053711,1
Clemson_p051_c1_grm_std_uni,1,7.146763324737549,-6.351606369018555,1
Clemson_p051_c1_grm_std_uni,1,7.3791093826293945,-6.7456464767456055,1
Clemson_p051_c1_grm_std_uni,1,7.682719707489014,-7.002038955688477,1
Clemson_p051_c1_grm_std_uni,1,7.534808158874512,-6.863099575042725,1
Clemson_p051_c1_grm_std_uni,1,7.1851372718811035,-6.510040283203125,1
Clemson_p051_c1_grm_std_uni,1,6.027052879333496,-4.949717044830322,1
Clemson_p051_c1_grm_std_uni,1,5.351468086242676,-4.173035621643066,1
Clemson_p051_c1_grm_std_uni,1,5.328321933746338,-4.400439739227295,1
Clemson_p051_c1_grm_std_uni,1,5.832369327545166,-5.146548748016357,1
Clemson_p051_c1_grm_std_uni,1,6.044724941253662,-5.529338359832764,1
Clemson_p051_c1_grm_std_uni,1,6.348898887634277,-6.079519748687744,1
Clemson_p051_c1_grm_std_uni,1,6.324963569641113,-5.901721477508545,1
Clemson_p051_c1_grm_std_uni,1,6.175317764282227,-5.843937397003174,1
Clemson_p051_c1_grm_std_uni,1,6.607560634613037,-6.257136821746826,1
Clemson_p051_c1_grm_std_uni,1,7.01446533203125,-6.171022891998291,1
Clemson_p051_c1_grm_std_uni,1,7.237458229064941,-6.803746223449707,1
Clemson_p051_c1_grm_std_uni,1,6.678205966949463,-6.650901794433594,1
Clemson_p051_c1_grm_std_uni,1,6.032373428344727,-6.240532398223877,1
Clemson_p051_c1_grm_std_uni,1,5.479221820831299,-5.647814750671387,1
Clemson_p051_c1_grm_std_uni,1,2.596438407897949,-3.192294120788574,1
Clemson_p051_c1_grm_std_uni,1,1.310266137123108,-1.5587540864944458,1
Clemson_p051_c1_grm_std_uni,1,2.881958246231079,-2.957432270050049,1
Clemson_p051_c1_grm_std_uni,1,4.895585536956787,-5.4827656745910645,1
Clemson_p051_c1_grm_std_uni,1,6.1952033042907715,-6.5129804611206055,1
Clemson_p051_c1_grm_std_uni,1,6.099750995635986,-5.625901222229004,1
Clemson_p051_c1_grm_std_uni,1,7.2361578941345215,-5.660111427307129,1
Clemson_p051_c1_grm_std_uni,1,7.247079372406006,-6.167488098144531,1
Clemson_p051_c1_grm_std_uni,1,5.580938816070557,-5.053348064422607,1
Clemson_p051_c1_grm_std_uni,1,5.023654460906982,-4.119242191314697,1
Clemson_p051_c1_grm_std_uni,1,4.168819427490234,-3.4250686168670654,1
Clemson_p051_c1_grm_std_uni,1,4.367225646972656,-3.920649766921997,1
Clemson_p051_c1_grm_std_uni,1,4.78131628036499,-3.9769604206085205,1
Clemson_p051_c1_grm_std_uni,1,5.638319969177246,-4.71183967590332,1
Clemson_p051_c1_grm_std_uni,1,5.870635986328125,-5.650400638580322,1
Clemson_p051_c1_grm_std_uni,1,5.2538957595825195,-5.436517238616943,1
Clemson_p051_c1_grm_std_uni,1,4.5566182136535645,-4.5680317878723145,1
Clemson_p051_c1_grm_std_uni,1,4.149131774902344,-4.097221374511719,1
Clemson_p051_c1_grm_std_uni,1,4.263940334320068,-4.420054912567139,1
Clemson_p051_c1_grm_std_uni,1,4.241389274597168,-4.696408748626709,1
Clemson_p051_c1_grm_std_uni,1,2.033433675765991,-2.76229190826416,1
Clemson_p051_c1_grm_std_uni,1,2.12766695022583,-1.2285581827163696,1
Clemson_p051_c1_grm_std_uni,1,3.9308061599731445,-3.0919196605682373,1
Clemson_p051_c1_grm_std_uni,1,4.967747688293457,-4.309174060821533,1
Clemson_p051_c1_grm_std_uni,1,4.3451361656188965,-4.094211578369141,1
Clemson_p051_c1_grm_std_uni,1,3.9403090476989746,-3.564044952392578,1
Clemson_p051_c1_grm_std_uni,1,3.0529518127441406,-3.04734468460083,1
Clemson_p051_c1_grm_std_uni,1,3.1575121879577637,-3.3952643871307373,1
Clemson_p051_c1_grm_std_uni,1,4.410232067108154,-4.360602855682373,1
Clemson_p051_c1_grm_std_uni,1,5.395899772644043,-5.080862045288086,1
Clemson_p051_c1_grm_std_uni,1,6.074681758880615,-5.005797386169434,1
Clemson_p051_c1_grm_std_uni,1,6.4243483543396,-4.799826145172119,1
Clemson_p051_c1_grm_std_uni,1,6.31939172744751,-4.70141077041626,1
Clemson_p051_c1_grm_std_uni,1,6.628410816192627,-5.008164882659912,1
Clemson_p051_c1_grm_std_uni,1,7.036879062652588,-6.143467903137207,1
Clemson_p051_c1_grm_std_uni,1,6.674389839172363,-6.148037433624268,1
Clemson_p051_c1_grm_std_uni,1,7.139382839202881,-6.576591968536377,1
Clemson_p051_c1_grm_std_uni,1,7.058868408203125,-6.2753753662109375,1
Clemson_p051_c1_grm_std_uni,1,5.898493766784668,-4.861955165863037,1
Clemson_p051_c1_grm_std_uni,1,6.59420919418335,-5.40692663192749,1
Clemson_p051_c1_grm_std_uni,1,6.9109649658203125,-6.335073947906494,1
Clemson_p051_c1_grm_std_uni,1,7.721124172210693,-7.127101421356201,1
Clemson_p051_c1_grm_std_uni,1,7.297006130218506,-6.63026762008667,1
Clemson_p051_c1_grm_std_uni,1,7.70346212387085,-6.542263507843018,1
Clemson_p051_c1_grm_std_uni,1,7.426607131958008,-6.25393009185791,1
Clemson_p051_c1_grm_std_uni,1,7.194834232330322,-6.310046672821045,1
Clemson_p051_c1_grm_std_uni,1,5.215927600860596,-4.493345737457275,1
Clemson_p051_c1_grm_std_uni,1,4.207925796508789,-2.510488748550415,1
Clemson_p051_c1_grm_std_uni,1,4.60413122177124,-3.697361707687378,1
Clemson_p051_c1_grm_std_uni,1,6.015578269958496,-5.450984001159668,1
Clemson_p051_c1_grm_std_uni,1,6.478242874145508,-5.582369327545166,1
Clemson_p051_c1_grm_std_uni,1,6.21448278427124,-5.200684547424316,1
Clemson_p051_c1_grm_std_uni,1,5.3523945808410645,-4.199803829193115,1
Clemson_p051_c1_grm_std_uni,1,5.642797946929932,-4.388177871704102,1
Clemson_p051_c1_grm_std_uni,1,6.1340131759643555,-4.9586405754089355,1
Clemson_p051_c1_grm_std_uni,1,7.312167644500732,-5.9588518142700195,1
Clemson_p051_c1_grm_std_uni,1,7.098780155181885,-6.156418800354004,1
Clemson_p051_c1_grm_std_uni,1,6.83708381652832,-6.227137088775635,1
Clemson_p051_c1_grm_std_uni,1,6.748507022857666,-6.230645656585693,1
Clemson_p051_c1_grm_std_uni,1,6.585859775543213,-6.001181602478027,1
Clemson_p051_c1_grm_std_uni,1,5.904559135437012,-5.553436279296875,1
Clemson_p051_c1_grm_std_uni,1,5.8439836502075195,-5.531231880187988,1
Clemson_p051_c1_grm_std_uni,1,5.578025817871094,-5.034964084625244,1
Clemson_p051_c1_grm_std_uni,1,4.935967922210693,-3.7344443798065186,1
Clemson_p051_c1_grm_std_uni,1,5.299502372741699,-4.1043195724487305,1
Clemson_p051_c1_grm_std_uni,1,5.67277193069458,-4.873416423797607,1
Clemson_p051_c1_grm_std_uni,1,6.813698768615723,-5.887742042541504,1
Clemson_p051_c1_grm_std_uni,1,7.626791954040527,-6.047287940979004,1
Clemson_p051_c1_grm_std_uni,1,7.156985759735107,-5.6129021644592285,1
Clemson_p051_c1_grm_std_uni,1,7.5353684425354,-6.195806980133057,1
Clemson_p051_c1_grm_std_uni,1,7.202406883239746,-5.905243873596191,1
Clemson_p051_c1_grm_std_uni,1,6.436080455780029,-5.324049472808838,1
Clemson_p051_c1_grm_std_uni,1,6.726136207580566,-5.28577184677124,1
Clemson_p051_c1_grm_std_uni,1,6.514206886291504,-5.238296031951904,1
Clemson_p051_c1_grm_std_uni,1,6.339087963104248,-5.176174640655518,1
Clemson_p051_c1_grm_std_uni,1,6.3961334228515625,-5.2865986824035645,1
Clemson_p051_c1_grm_std_uni,1,5.760220527648926,-4.700520992279053,1
Clemson_p051_c1_grm_std_uni,1,5.225623607635498,-4.083943843841553,1
Clemson_p051_c1_grm_std_uni,1,5.4019365310668945,-4.439865589141846,1
Clemson_p051_c1_grm_std_uni,1,6.097904682159424,-5.243236064910889,1
Clemson_p051_c1_grm_std_uni,1,6.124777793884277,-5.180301189422607,1
Clemson_p051_c1_grm_std_uni,1,7.431628704071045,-6.461448669433594,1
Clemson_p051_c1_grm_std_uni,1,7.345994472503662,-6.289467811584473,1
Clemson_p051_c1_grm_std_uni,1,6.96049690246582,-6.03324556350708,1
Clemson_p051_c1_grm_std_uni,1,6.330536842346191,-5.6847333908081055,1
Clemson_p051_c1_grm_std_uni,1,5.99527645111084,-5.468271732330322,1
Clemson_p051_c1_grm_std_uni,1,6.5280656814575195,-5.826699733734131,1
Clemson_p051_c1_grm_std_uni,1,6.6359453201293945,-5.817216873168945,1
Clemson_p051_c1_grm_std_uni,1,6.569633483886719,-5.91785192489624,1
Clemson_p051_c1_grm_std_uni,1,6.90977144241333,-6.228541374206543,1
Clemson_p051_c1_grm_std_uni,1,6.9051666259765625,-6.270480632781982,1
Clemson_p051_c1_grm_std_uni,1,6.310598373413086,-5.836315631866455,1
Clemson_p051_c1_grm_std_uni,1,5.308032512664795,-5.0043206214904785,1
Clemson_p051_c1_grm_std_uni,1,1.1953659057617188,-2.234468698501587,1
Clemson_p051_c1_grm_std_uni,1,2.1129000186920166,-1.2807918787002563,1
Clemson_p051_c1_grm_std_uni,1,4.703719615936279,-3.4331483840942383,1
Clemson_p051_c1_grm_std_uni,1,6.52601957321167,-5.2894287109375,1
Clemson_p051_c1_grm_std_uni,1,7.014251708984375,-5.754764080047607,1
Clemson_p051_c1_grm_std_uni,1,7.647712230682373,-6.236749172210693,1
Clemson_p051_c1_grm_std_uni,1,6.924319744110107,-5.993437767028809,1
Clemson_p051_c1_grm_std_uni,1,6.57646369934082,-5.484578609466553,1
Clemson_p051_c1_grm_std_uni,1,6.767212867736816,-5.323990345001221,1
Clemson_p051_c1_grm_std_uni,1,6.975574970245361,-5.719847679138184,1
Clemson_p051_c1_grm_std_uni,1,6.603907585144043,-5.707334041595459,1
Clemson_p051_c1_grm_std_uni,1,6.034669399261475,-5.411118030548096,1
Clemson_p051_c1_grm_std_uni,1,5.692575931549072,-5.271642684936523,1
Clemson_p051_c1_grm_std_uni,1,5.9206647872924805,-5.544952392578125,1
Clemson_p051_c1_grm_std_uni,1,6.073851108551025,-5.6371378898620605,1
Clemson_p051_c1_grm_std_uni,1,6.291504859924316,-5.685192584991455,1
Clemson_p051_c1_grm_std_uni,1,6.287743091583252,-5.510148525238037,1
Clemson_p051_c1_grm_std_uni,1,6.189372539520264,-5.2149834632873535,1
Clemson_p051_c1_grm_std_uni,1,6.443325996398926,-5.315646171569824,1
Clemson_p051_c1_grm_std_uni,1,6.400528907775879,-5.25075101852417,1
Clemson_p051_c1_grm_std_uni,1,6.396398544311523,-5.3374152183532715,1
Clemson_p051_c1_grm_std_uni,1,6.224353313446045,-5.348577976226807,1
Clemson_p051_c1_grm_std_uni,1,6.0668182373046875,-5.2837066650390625,1
Clemson_p051_c1_grm_std_uni,1,5.9525651931762695,-5.292823314666748,1
Clemson_p051_c1_grm_std_uni,1,5.724257946014404,-5.175333023071289,1
Clemson_p051_c1_grm_std_uni,1,5.482726097106934,-4.995009899139404,1
Clemson_p051_c1_grm_std_uni,1,5.379194259643555,-4.926834583282471,1
Clemson_p051_c1_grm_std_uni,1,5.147287845611572,-4.761713981628418,1
Clemson_p051_c1_grm_std_uni,1,4.898260593414307,-4.5255327224731445,1
Clemson_p051_c1_grm_std_uni,1,5.226865291595459,-4.739737510681152,1
Clemson_p051_c1_grm_std_uni,1,5.012990474700928,-4.5321431159973145,1
Clemson_p051_c1_grm_std_uni,1,4.413852214813232,-3.958160877227783,1
Clemson_p051_c1_grm_std_uni,1,4.426694393157959,-4.001893997192383,1
Clemson_p051_c1_grm_std_uni,1,3.3368098735809326,-3.196672201156616,1
Clemson_p051_c1_grm_std_uni,1,3.8659980297088623,-3.5406134128570557,1
Clemson_p051_c1_grm_std_uni,1,4.213528633117676,-3.8477349281311035,1
Clemson_p051_c1_grm_std_uni,1,5.175209045410156,-4.895579814910889,1
Clemson_p051_c1_grm_std_uni,1,5.255352973937988,-5.2013139724731445,1
Clemson_p051_c1_grm_std_uni,1,4.696056842803955,-4.894996166229248,1
Clemson_p051_c1_grm_std_uni,1,2.048658847808838,-3.0353379249572754,1
Clemson_p051_c1_grm_std_uni,1,2.0813183784484863,-1.2117221355438232,1
Clemson_p051_c1_grm_std_uni,1,3.8366618156433105,-2.8077173233032227,1
Clemson_p051_c1_grm_std_uni,1,5.825812816619873,-5.470109462738037,1
Clemson_p051_c1_grm_std_uni,1,7.222865104675293,-6.687554359436035,1
Clemson_p051_c1_grm_std_uni,1,8.058792114257812,-7.007508277893066,1
Clemson_p051_c1_grm_std_uni,1,7.639922142028809,-6.604105472564697,1
Clemson_p051_c1_grm_std_uni,1,7.216198444366455,-6.622557163238525,1
Clemson_p051_c1_grm_std_uni,1,6.939157009124756,-6.772411823272705,1
Clemson_p051_c1_grm_std_uni,1,6.741482257843018,-6.552000045776367,1
Clemson_p051_c1_grm_std_uni,1,6.696479320526123,-6.095995903015137,1
Clemson_p051_c1_grm_std_uni,1,6.6620893478393555,-5.833548545837402,1
Clemson_p051_c1_grm_std_uni,1,6.716960430145264,-5.913455009460449,1
Clemson_p051_c1_grm_std_uni,1,6.4437785148620605,-5.500391483306885,1
Clemson_p051_c1_grm_std_uni,1,6.0295867919921875,-4.835443496704102,1
Clemson_p051_c1_grm_std_uni,1,6.855840682983398,-5.528859615325928,1
Clemson_p051_c1_grm_std_uni,1,7.654551029205322,-6.887782573699951,1
Clemson_p051_c1_grm_std_uni,1,7.449029922485352,-7.024502277374268,1
Clemson_p051_c1_grm_std_uni,1,7.4782795906066895,-7.23915958404541,1
Clemson_p051_c1_grm_std_uni,1,7.058167457580566,-6.815948009490967,1
Clemson_p051_c1_grm_std_uni,1,7.251217365264893,-6.7758259773254395,1
Clemson_p051_c1_grm_std_uni,1,6.185543537139893,-5.995028018951416,1
Clemson_p051_c1_grm_std_uni,1,5.532819747924805,-5.737225532531738,1
Clemson_p051_c1_grm_std_uni,1,5.3157501220703125,-5.551384925842285,1
Clemson_p051_c1_grm_std_uni,1,5.458894729614258,-5.628053188323975,1
Clemson_p051_c1_grm_std_uni,1,5.41250467300415,-5.508509635925293,1
Clemson_p051_c1_grm_std_uni,1,5.608470439910889,-5.728842258453369,1
Clemson_p051_c1_grm_std_uni,1,5.014470100402832,-5.306587219238281,1
Clemson_p051_c1_grm_std_uni,1,4.289198398590088,-4.4906229972839355,1
Clemson_p051_c1_grm_std_uni,1,0.4783190190792084,-1.53732430934906,1
Clemson_p051_c1_grm_std_uni,1,0.10494217276573181,0.20418879389762878,2
Clemson_p051_c1_grm_std_uni,1,2.9423391819000244,-0.8642180562019348,1
Clemson_p051_c1_grm_std_uni,1,6.294626235961914,-4.463375568389893,1
Clemson_p051_c1_grm_std_uni,1,7.058833122253418,-5.662191867828369,1
Clemson_p051_c1_grm_std_uni,1,7.869637966156006,-6.066056728363037,1
Clemson_p051_c1_grm_std_uni,1,8.264557838439941,-5.584718227386475,1
Clemson_p051_c1_grm_std_uni,1,7.979954719543457,-5.2869744300842285,1
Clemson_p051_c1_grm_std_uni,1,7.731446266174316,-6.004611492156982,1
Clemson_p051_c1_grm_std_uni,1,7.13236665725708,-5.762846946716309,1
Clemson_p051_c1_grm_std_uni,1,7.034017562866211,-5.849911689758301,1
Clemson_p051_c1_grm_std_uni,1,7.005496025085449,-5.923574924468994,1
Clemson_p051_c1_grm_std_uni,1,6.998073101043701,-5.969852924346924,1
Clemson_p051_c1_grm_std_uni,1,7.016373634338379,-6.028755187988281,1
Clemson_p051_c1_grm_std_uni,1,6.787051200866699,-5.6421732902526855,1
Clemson_p051_c1_grm_std_uni,1,6.6231584548950195,-5.05679178237915,1
Clemson_p051_c1_grm_std_uni,1,6.147065162658691,-4.256547451019287,1
Clemson_p051_c1_grm_std_uni,1,7.57591438293457,-6.268495082855225,1
Clemson_p051_c1_grm_std_uni,1,8.113943099975586,-7.017148971557617,1
Clemson_p051_c1_grm_std_uni,1,7.773406505584717,-7.239150524139404,1
Clemson_p051_c1_grm_std_uni,1,7.217953205108643,-6.889235019683838,1
Clemson_p051_c1_grm_std_uni,1,7.077375888824463,-6.814302444458008,1
Clemson_p051_c1_grm_std_uni,1,6.966328144073486,-6.556670665740967,1
Clemson_p051_c1_grm_std_uni,1,7.297700881958008,-6.810779094696045,1
Clemson_p051_c1_grm_std_uni,1,7.271533489227295,-6.863603591918945,1
Clemson_p051_c1_grm_std_uni,1,7.201523303985596,-6.63643741607666,1
Clemson_p051_c1_grm_std_uni,1,6.339850425720215,-6.000767230987549,1
Clemson_p051_c1_grm_std_uni,1,4.725907802581787,-4.797148704528809,1
Clemson_p051_c1_grm_std_uni,1,3.756971836090088,-3.4339826107025146,1
Clemson_p051_c1_grm_std_uni,1,3.609912395477295,-2.579021453857422,1
Clemson_p051_c1_grm_std_uni,1,4.151259422302246,-2.7375776767730713,1
Clemson_p051_c1_grm_std_uni,1,5.890805721282959,-4.922024250030518,1
Clemson_p051_c1_grm_std_uni,1,6.266366958618164,-5.496472358703613,1
Clemson_p051_c1_grm_std_uni,1,6.316620349884033,-5.524107456207275,1
Clemson_p051_c1_grm_std_uni,1,5.456907272338867,-4.682035446166992,1
Clemson_p051_c1_grm_std_uni,1,4.654963493347168,-3.5271248817443848,1
Clemson_p051_c1_grm_std_uni,1,5.028136253356934,-3.481096029281616,1
Clemson_p051_c1_grm_std_uni,1,5.655876159667969,-4.392058849334717,1
Clemson_p051_c1_grm_std_uni,1,6.269780158996582,-5.242354393005371,1
Clemson_p051_c1_grm_std_uni,1,6.3504157066345215,-5.29433012008667,1
Clemson_p051_c1_grm_std_uni,1,5.258967876434326,-3.93764328956604,1
Clemson_p051_c1_grm_std_uni,1,5.016717910766602,-4.068098068237305,1
Clemson_p051_c1_grm_std_uni,1,6.204871654510498,-5.500188827514648,1
Clemson_p051_c1_grm_std_uni,1,6.422595500946045,-5.832766056060791,1
Clemson_p051_c1_grm_std_uni,1,5.645421504974365,-5.151960849761963,1
Clemson_p051_c1_grm_std_uni,1,5.955647945404053,-5.596812725067139,1
Clemson_p051_c1_grm_std_uni,1,5.467228889465332,-5.111032962799072,1
Clemson_p051_c1_grm_std_uni,1,4.452905178070068,-3.29856014251709,1
Clemson_p051_c1_grm_std_uni,1,4.772719383239746,-3.8366174697875977,1
Clemson_p051_c1_grm_std_uni,1,4.923421859741211,-4.9766693115234375,1
Clemson_p051_c1_grm_std_uni,1,5.188602924346924,-5.20076322555542,1
Clemson_p051_c1_grm_std_uni,1,5.770479202270508,-5.369385719299316,1
Clemson_p051_c1_grm_std_uni,1,5.690802097320557,-5.374556064605713,1
Clemson_p051_c1_grm_std_uni,1,6.408879280090332,-6.578732013702393,1
Clemson_p051_c1_grm_std_uni,1,6.723602771759033,-6.7428107261657715,1
Clemson_p051_c1_grm_std_uni,1,4.98011589050293,-4.708153247833252,1
Clemson_p051_c1_grm_std_uni,1,4.353066444396973,-3.669952154159546,1
Clemson_p051_c1_grm_std_uni,1,4.860368728637695,-4.909400939941406,1
Clemson_p051_c1_grm_std_uni,1,5.788873195648193,-5.709802150726318,1
Clemson_p051_c1_grm_std_uni,1,5.676784992218018,-4.717318058013916,1
Clemson_p051_c1_grm_std_uni,1,6.633825302124023,-5.2957763671875,1
Clemson_p051_c1_grm_std_uni,1,6.622974872589111,-5.401057720184326,1
Clemson_p051_c1_grm_std_uni,1,7.452274799346924,-6.31978178024292,1
Clemson_p051_c1_grm_std_uni,1,7.139403820037842,-6.139190196990967,1
Clemson_p051_c1_grm_std_uni,1,7.027741432189941,-5.755462646484375,1
Clemson_p051_c1_grm_std_uni,1,6.615416049957275,-5.700939655303955,1
Clemson_p051_c1_grm_std_uni,1,7.898412704467773,-6.952805519104004,1
Clemson_p051_c1_grm_std_uni,1,6.240992069244385,-5.561612606048584,1
Clemson_p051_c1_grm_std_uni,1,5.477235794067383,-4.416025161743164,1
Clemson_p051_c1_grm_std_uni,1,6.006651878356934,-5.275820732116699,1
Clemson_p051_c1_grm_std_uni,1,5.784253120422363,-4.880858421325684,1
Clemson_p051_c1_grm_std_uni,1,5.024125099182129,-4.472141742706299,1
Clemson_p051_c1_grm_std_uni,1,4.568596363067627,-4.328332424163818,1
Clemson_p051_c1_grm_std_uni,1,4.758367538452148,-4.507469177246094,1
Clemson_p051_c1_grm_std_uni,1,5.356075763702393,-4.381526470184326,1
Clemson_p051_c1_grm_std_uni,1,5.4515838623046875,-4.283536911010742,1
Clemson_p051_c1_grm_std_uni,1,5.07007360458374,-3.748229742050171,1
Clemson_p051_c1_grm_std_uni,1,5.4357757568359375,-4.164417743682861,1
Clemson_p051_c1_grm_std_uni,1,6.035644054412842,-4.65613317489624,1
Clemson_p051_c1_grm_std_uni,1,5.814024448394775,-4.647051811218262,1
Clemson_p051_c1_grm_std_uni,1,5.300470352172852,-4.100780963897705,1
Clemson_p051_c1_grm_std_uni,1,5.1648759841918945,-4.204693794250488,1
Clemson_p051_c1_grm_std_uni,1,5.496901035308838,-4.578680515289307,1
Clemson_p051_c1_grm_std_uni,1,5.3299384117126465,-4.914731979370117,1
Clemson_p051_c1_grm_std_uni,1,5.888043403625488,-5.226598739624023,1
Clemson_p051_c1_grm_std_uni,1,6.00492000579834,-5.079622745513916,1
Clemson_p051_c1_grm_std_uni,1,5.336036205291748,-4.189995288848877,1
Clemson_p051_c1_grm_std_uni,1,5.40548038482666,-5.020853519439697,1
Clemson_p051_c1_grm_std_uni,1,5.9366455078125,-5.540600776672363,1
Clemson_p051_c1_grm_std_uni,1,6.825807571411133,-5.364616394042969,1
Clemson_p051_c1_grm_std_uni,1,6.187945365905762,-4.679208755493164,1
Clemson_p051_c1_grm_std_uni,1,6.00040340423584,-4.686482906341553,1
Clemson_p051_c1_grm_std_uni,1,5.906648635864258,-4.6532793045043945,1
Clemson_p051_c1_grm_std_uni,1,6.569490432739258,-5.124335765838623,1
Clemson_p051_c1_grm_std_uni,1,6.7664475440979,-5.595797061920166,1
Clemson_p051_c1_grm_std_uni,1,7.021826267242432,-5.757620811462402,1
Clemson_p051_c1_grm_std_uni,1,6.840203285217285,-5.514697551727295,1
Clemson_p051_c1_grm_std_uni,1,7.074491500854492,-6.100841999053955,1
Clemson_p051_c1_grm_std_uni,1,7.230738162994385,-6.404410362243652,1
Clemson_p051_c1_grm_std_uni,1,7.448681831359863,-6.546991348266602,1
Clemson_p051_c1_grm_std_uni,1,7.004096031188965,-5.841000080108643,1
Clemson_p051_c1_grm_std_uni,1,6.273802757263184,-5.11414098739624,1
Clemson_p051_c1_grm_std_uni,1,5.367061138153076,-4.939070701599121,1
Clemson_p051_c1_grm_std_uni,1,5.296398639678955,-5.364573001861572,1
Clemson_p051_c1_grm_std_uni,1,5.5916852951049805,-5.547420978546143,1
Clemson_p051_c1_grm_std_uni,1,5.136673927307129,-5.212725639343262,1
Clemson_p051_c1_grm_std_uni,1,5.698464393615723,-5.916567325592041,1
Clemson_p051_c1_grm_std_uni,1,5.733081340789795,-5.854362964630127,1
Clemson_p051_c1_grm_std_uni,1,5.676034927368164,-5.783450126647949,1
Clemson_p051_c1_grm_std_uni,1,5.44738245010376,-5.391090393066406,1
Clemson_p051_c1_grm_std_uni,1,3.9745142459869385,-3.8235414028167725,1
Clemson_p051_c1_grm_std_uni,1,2.168444871902466,-1.9316545724868774,1
Clemson_p051_c1_grm_std_uni,1,2.846888542175293,-2.088745594024658,1
Clemson_p051_c1_grm_std_uni,1,5.520644664764404,-4.936549186706543,1
Clemson_p051_c1_grm_std_uni,1,5.912354946136475,-5.337189674377441,1
Clemson_p051_c1_grm_std_uni,1,5.56187629699707,-5.312551498413086,1
Clemson_p051_c1_grm_std_uni,1,5.434922218322754,-5.0787811279296875,1
Clemson_p051_c1_grm_std_uni,1,5.98549747467041,-4.936584949493408,1
Clemson_p051_c1_grm_std_uni,1,5.556397438049316,-4.505838394165039,1
Clemson_p051_c1_grm_std_uni,1,5.078365802764893,-4.613129138946533,1
Clemson_p051_c1_grm_std_uni,1,4.555506229400635,-4.879716873168945,1
Clemson_p051_c1_grm_std_uni,1,3.7183334827423096,-4.814117908477783,1
Clemson_p051_c1_grm_std_uni,1,3.5011253356933594,-4.712404727935791,1
Clemson_p051_c1_grm_std_uni,1,3.5815603733062744,-4.782905101776123,1
Clemson_p051_c1_grm_std_uni,1,3.751725435256958,-4.909120559692383,1
Clemson_p051_c1_grm_std_uni,1,3.9298911094665527,-5.090394496917725,1
Clemson_p051_c1_grm_std_uni,1,4.069335460662842,-5.237055778503418,1
Clemson_p051_c1_grm_std_uni,1,4.2069926261901855,-5.215983867645264,1
Clemson_p051_c1_grm_std_uni,1,4.155136585235596,-4.998666763305664,1
Clemson_p051_c1_grm_std_uni,1,4.136805534362793,-4.9194488525390625,1
Clemson_p051_c1_grm_std_uni,1,4.185732841491699,-5.066690921783447,1
Clemson_p051_c1_grm_std_uni,1,4.004702568054199,-5.01169490814209,1
Clemson_p051_c1_grm_std_uni,1,3.8526511192321777,-4.766927719116211,1
Clemson_p051_c1_grm_std_uni,1,3.679798126220703,-4.3234429359436035,1
Clemson_p051_c1_grm_std_uni,1,0.6150838136672974,-1.792820692062378,1
Clemson_p051_c1_grm_std_uni,1,-0.4898003935813904,0.9628509283065796,2
Clemson_p051_c1_grm_std_uni,1,1.9614160060882568,-0.6864837408065796,1
Clemson_p051_c1_grm_std_uni,1,4.733642578125,-3.635801076889038,1
Clemson_p051_c1_grm_std_uni,1,5.491079807281494,-5.3823113441467285,1
Clemson_p051_c1_grm_std_uni,1,5.230010032653809,-5.307919502258301,1
Clemson_p051_c1_grm_std_uni,1,5.151979923248291,-5.616828441619873,1
Clemson_p051_c1_grm_std_uni,1,5.2940144538879395,-6.223203182220459,1
Clemson_p051_c1_grm_std_uni,1,5.419384956359863,-6.353416442871094,1
Clemson_p051_c1_grm_std_uni,1,5.2260870933532715,-6.067715167999268,1
Clemson_p051_c1_grm_std_uni,1,4.896173000335693,-5.872170448303223,1
Clemson_p051_c1_grm_std_uni,1,4.5196332931518555,-5.483541965484619,1
Clemson_p051_c1_grm_std_uni,1,4.442150592803955,-5.296014308929443,1
Clemson_p051_c1_grm_std_uni,1,3.273514986038208,-4.018511772155762,1
Clemson_p051_c1_grm_std_uni,1,2.3618879318237305,-2.357783555984497,1
Clemson_p051_c1_grm_std_uni,1,2.4474079608917236,-1.7764734029769897,1
Clemson_p051_c1_grm_std_uni,1,3.025538921356201,-2.033590793609619,1
Clemson_p051_c1_grm_std_uni,1,5.295788288116455,-4.22882604598999,1
Clemson_p051_c1_grm_std_uni,1,6.487417697906494,-5.2190141677856445,1
Clemson_p051_c1_grm_std_uni,1,6.583376407623291,-5.454521179199219,1
Clemson_p051_c1_grm_std_uni,1,6.253395080566406,-5.4169135093688965,1
Clemson_p051_c1_grm_std_uni,1,5.454195499420166,-4.93067741394043,1
Clemson_p051_c1_grm_std_uni,1,5.756383419036865,-5.120036602020264,1
Clemson_p051_c1_grm_std_uni,1,5.934658527374268,-5.567743301391602,1
Clemson_p051_c1_grm_std_uni,1,5.8597846031188965,-5.466827869415283,1
Clemson_p051_c1_grm_std_uni,1,5.627416610717773,-4.984150409698486,1
Clemson_p051_c1_grm_std_uni,1,5.05419397354126,-4.425949573516846,1
Clemson_p051_c1_grm_std_uni,1,3.5730135440826416,-1.8819973468780518,1
Clemson_p051_c1_grm_std_uni,1,4.377450466156006,-2.6030263900756836,1
Clemson_p051_c1_grm_std_uni,1,5.990530014038086,-5.0525431632995605,1
Clemson_p051_c1_grm_std_uni,1,6.188794136047363,-5.896958351135254,1
Clemson_p051_c1_grm_std_uni,1,5.713715076446533,-5.723487377166748,1
Clemson_p051_c1_grm_std_uni,1,3.467646837234497,-3.5091264247894287,1
Clemson_p051_c1_grm_std_uni,1,3.118896961212158,-2.100494861602783,1
Clemson_p051_c1_grm_std_uni,1,5.267110347747803,-4.364220142364502,1
Clemson_p051_c1_grm_std_uni,1,7.062163352966309,-6.066186428070068,1
Clemson_p051_c1_grm_std_uni,1,7.757174491882324,-6.5212531089782715,1
Clemson_p051_c1_grm_std_uni,1,6.034858226776123,-4.952527046203613,1
Clemson_p051_c1_grm_std_uni,1,5.538005352020264,-4.211100101470947,1
Clemson_p051_c1_grm_std_uni,1,6.583558082580566,-5.198968410491943,1
Clemson_p051_c1_grm_std_uni,1,7.401930809020996,-5.908776760101318,1
Clemson_p051_c1_grm_std_uni,1,6.287719249725342,-5.271899700164795,1
Clemson_p051_c1_grm_std_uni,1,6.074753284454346,-4.752809524536133,1
Clemson_p051_c1_grm_std_uni,1,6.108733654022217,-4.60817813873291,1
Clemson_p051_c1_grm_std_uni,1,6.959179401397705,-5.3559393882751465,1
Clemson_p051_c1_grm_std_uni,1,6.970452308654785,-5.465431213378906,1
Clemson_p051_c1_grm_std_uni,1,6.785252094268799,-5.268747329711914,1
Clemson_p051_c1_grm_std_uni,1,6.895254611968994,-5.494149684906006,1
Clemson_p051_c1_grm_std_uni,1,7.3538007736206055,-6.089227676391602,1
Clemson_p051_c1_grm_std_uni,1,6.946054458618164,-5.6439971923828125,1
Clemson_p051_c1_grm_std_uni,1,5.537291049957275,-4.150528430938721,1
Clemson_p051_c1_grm_std_uni,1,6.771407604217529,-5.381414890289307,1
Clemson_p051_c1_grm_std_uni,1,7.727283000946045,-6.522430419921875,1
Clemson_p051_c1_grm_std_uni,1,7.461825847625732,-6.401395320892334,1
Clemson_p051_c1_grm_std_uni,1,7.137621879577637,-6.183064937591553,1
Clemson_p051_c1_grm_std_uni,1,6.398137092590332,-5.49180793762207,1
Clemson_p051_c1_grm_std_uni,1,5.145997047424316,-4.031415939331055,1
Clemson_p051_c1_grm_std_uni,1,6.185755252838135,-5.251523017883301,1
Clemson_p051_c1_grm_std_uni,1,6.6049275398254395,-5.567496299743652,1
Clemson_p051_c1_grm_std_uni,1,6.624236106872559,-5.399282932281494,1
Clemson_p051_c1_grm_std_uni,1,6.343334674835205,-5.34108829498291,1
Clemson_p051_c1_grm_std_uni,1,6.507445812225342,-5.5248541831970215,1
Clemson_p051_c1_grm_std_uni,1,6.140013217926025,-5.4266252517700195,1
Clemson_p051_c1_grm_std_uni,1,5.911306858062744,-5.3586273193359375,1
Clemson_p051_c1_grm_std_uni,1,5.186214923858643,-4.433163642883301,1
Clemson_p051_c1_grm_std_uni,1,4.792373180389404,-3.3454749584198,1
Clemson_p051_c1_grm_std_uni,1,5.710341453552246,-3.930262804031372,1
Clemson_p051_c1_grm_std_uni,1,6.286734104156494,-4.7945051193237305,1
Clemson_p051_c1_grm_std_uni,1,7.057682991027832,-5.735039710998535,1
Clemson_p051_c1_grm_std_uni,1,6.221819877624512,-5.535048961639404,1
Clemson_p051_c1_grm_std_uni,1,6.064948558807373,-5.132839679718018,1
Clemson_p051_c1_grm_std_uni,1,6.26253604888916,-5.239277362823486,1
Clemson_p051_c1_grm_std_uni,1,6.551374912261963,-5.388632774353027,1
Clemson_p051_c1_grm_std_uni,1,6.155972480773926,-5.0792436599731445,1
Clemson_p051_c1_grm_std_uni,1,5.35214900970459,-4.455422878265381,1
Clemson_p051_c1_grm_std_uni,1,4.729914665222168,-4.446147441864014,1
Clemson_p051_c1_grm_std_uni,1,4.6633806228637695,-4.803884029388428,1
Clemson_p051_c1_grm_std_uni,1,5.1035871505737305,-5.281026363372803,1
Clemson_p051_c1_grm_std_uni,1,5.143282890319824,-5.23309850692749,1
Clemson_p051_c1_grm_std_uni,1,5.08024787902832,-5.058079719543457,1
Clemson_p051_c1_grm_std_uni,1,5.261622428894043,-5.402374267578125,1
Clemson_p051_c1_grm_std_uni,1,5.137453556060791,-5.524542808532715,1
Clemson_p051_c1_grm_std_uni,1,4.499377727508545,-4.929512023925781,1
Clemson_p051_c1_grm_std_uni,1,3.1247222423553467,-3.5249135494232178,1
Clemson_p051_c1_grm_std_uni,1,4.570415019989014,-4.156954765319824,1
Clemson_p051_c1_grm_std_uni,1,5.9025444984436035,-5.235152244567871,1
Clemson_p051_c1_grm_std_uni,1,5.891238212585449,-5.013082504272461,1
Clemson_p051_c1_grm_std_uni,1,3.889338731765747,-3.374694585800171,1
Clemson_p051_c1_grm_std_uni,1,4.396380424499512,-3.7859864234924316,1
Clemson_p051_c1_grm_std_uni,1,5.118200302124023,-4.693386554718018,1
Clemson_p051_c1_grm_std_uni,1,5.124372959136963,-4.8863725662231445,1
Clemson_p051_c1_grm_std_uni,1,5.058736801147461,-4.81947660446167,1
Clemson_p051_c1_grm_std_uni,1,4.859016418457031,-4.536219596862793,1
Clemson_p051_c1_grm_std_uni,1,4.8792195320129395,-4.5147624015808105,1
Clemson_p051_c1_grm_std_uni,1,4.201390266418457,-3.7218222618103027,1
Clemson_p051_c1_grm_std_uni,1,3.0053892135620117,-2.2401857376098633,1
Clemson_p051_c1_grm_std_uni,1,3.641784429550171,-2.61191987991333,1
Clemson_p051_c1_grm_std_uni,1,5.366745948791504,-4.313772678375244,1
Clemson_p051_c1_grm_std_uni,1,6.0112738609313965,-5.084505558013916,1
Clemson_p051_c1_grm_std_uni,1,5.746342658996582,-5.143976211547852,1
Clemson_p051_c1_grm_std_uni,1,5.063508987426758,-5.191275596618652,1
Clemson_p051_c1_grm_std_uni,1,4.919501781463623,-5.570138454437256,1
Clemson_p051_c1_grm_std_uni,1,4.727104187011719,-5.542917728424072,1
Clemson_p051_c1_grm_std_uni,1,4.535463809967041,-5.498135089874268,1
Clemson_p051_c1_grm_std_uni,1,4.287918567657471,-5.3907976150512695,1
Clemson_p051_c1_grm_std_uni,1,4.0919508934021,-5.259150981903076,1
Clemson_p051_c1_grm_std_uni,1,4.018538475036621,-5.196381568908691,1
Clemson_p051_c1_grm_std_uni,1,3.879730224609375,-5.043083667755127,1
Clemson_p051_c1_grm_std_uni,1,3.8045780658721924,-4.872420310974121,1
Clemson_p051_c1_grm_std_uni,1,3.8347060680389404,-4.76267671585083,1
Clemson_p051_c1_grm_std_uni,1,3.9169392585754395,-4.755241870880127,1
Clemson_p051_c1_grm_std_uni,1,4.012132167816162,-4.789331436157227,1
Clemson_p051_c1_grm_std_uni,1,4.057362079620361,-4.787879467010498,1
Clemson_p051_c1_grm_std_uni,1,4.16025972366333,-4.7889723777771,1
Clemson_p051_c1_grm_std_uni,1,4.26386022567749,-4.75056266784668,1
Clemson_p051_c1_grm_std_uni,1,4.343666076660156,-4.674427509307861,1
Clemson_p051_c1_grm_std_uni,1,4.4691033363342285,-4.632844924926758,1
Clemson_p051_c1_grm_std_uni,1,4.571119785308838,-4.595733165740967,1
Clemson_p051_c1_grm_std_uni,1,4.691961288452148,-4.591514587402344,1
Clemson_p051_c1_grm_std_uni,1,4.863636493682861,-4.647307872772217,1
Clemson_p051_c1_grm_std_uni,1,4.916025638580322,-4.635009288787842,1
Clemson_p051_c1_grm_std_uni,1,4.912254810333252,-4.639214992523193,1
Clemson_p051_c1_grm_std_uni,1,4.822935104370117,-4.543488025665283,1
Clemson_p051_c1_grm_std_uni,1,4.68515157699585,-4.3355937004089355,1
Clemson_p051_c1_grm_std_uni,1,4.305893421173096,-3.9391143321990967,1
Clemson_p051_c1_grm_std_uni,1,2.971938133239746,-2.623156785964966,1
Clemson_p051_c1_grm_std_uni,1,3.4071507453918457,-2.7693796157836914,1
Clemson_p051_c1_grm_std_uni,1,4.223636627197266,-3.4502341747283936,1
Clemson_p051_c1_grm_std_uni,1,4.494582176208496,-3.992466926574707,1
Clemson_p051_c1_grm_std_uni,1,4.394070148468018,-4.0977935791015625,1
Clemson_p051_c1_grm_std_uni,1,4.3599348068237305,-4.086706638336182,1
Clemson_p051_c1_grm_std_uni,1,4.2906365394592285,-4.028841972351074,1
Clemson_p051_c1_grm_std_uni,1,4.219409465789795,-4.014739990234375,1
Clemson_p051_c1_grm_std_uni,1,3.970261335372925,-3.8256938457489014,1
Clemson_p051_c1_grm_std_uni,1,3.017711877822876,-3.080343723297119,1
Clemson_p051_c1_grm_std_uni,1,2.4240827560424805,-2.430673837661743,1
Clemson_p051_c1_grm_std_uni,1,3.5252554416656494,-3.4961278438568115,1
Clemson_p051_c1_grm_std_uni,1,4.076382160186768,-3.6270501613616943,1
Clemson_p051_c1_grm_std_uni,1,5.087835311889648,-4.306907653808594,1
Clemson_p051_c1_grm_std_uni,1,5.135575771331787,-4.302407741546631,1
Clemson_p051_c1_grm_std_uni,1,4.56235933303833,-3.876267433166504,1
Clemson_p051_c1_grm_std_uni,1,4.775145530700684,-3.7287118434906006,1
Clemson_p051_c1_grm_std_uni,1,5.600590705871582,-4.472723007202148,1
Clemson_p051_c1_grm_std_uni,1,4.826687812805176,-3.675999402999878,1
Clemson_p051_c1_grm_std_uni,1,3.2808616161346436,-1.337437391281128,1
Clemson_p051_c1_grm_std_uni,1,3.4597201347351074,-0.9305156469345093,1
Clemson_p051_c1_grm_std_uni,1,6.044687271118164,-3.8609261512756348,1
Clemson_p051_c1_grm_std_uni,1,8.027583122253418,-5.6818718910217285,1
Clemson_p051_c1_grm_std_uni,1,7.953447341918945,-5.836332321166992,1
Clemson_p051_c1_grm_std_uni,1,7.7282843589782715,-6.396371364593506,1
Clemson_p051_c1_grm_std_uni,1,7.1339592933654785,-6.075268268585205,1
Clemson_p051_c1_grm_std_uni,1,6.806624889373779,-5.646324634552002,1
Clemson_p051_c1_grm_std_uni,1,6.730245590209961,-5.575419902801514,1
Clemson_p051_c1_grm_std_uni,1,6.55753755569458,-5.598517894744873,1
Clemson_p051_c1_grm_std_uni,1,6.613924503326416,-5.606357097625732,1
Clemson_p051_c1_grm_std_uni,1,6.696981906890869,-5.533607482910156,1
Clemson_p051_c1_grm_std_uni,1,6.754466533660889,-5.460271835327148,1
Clemson_p051_c1_grm_std_uni,1,6.786068916320801,-5.402348518371582,1
Clemson_p051_c1_grm_std_uni,1,6.704278469085693,-5.377865314483643,1
Clemson_p051_c1_grm_std_uni,1,6.543982028961182,-5.297906875610352,1
Clemson_p051_c1_grm_std_uni,1,6.509438991546631,-5.214925289154053,1
Clemson_p051_c1_grm_std_uni,1,6.568628787994385,-5.23452615737915,1
Clemson_p051_c1_grm_std_uni,1,6.670172691345215,-5.322533130645752,1
Clemson_p051_c1_grm_std_uni,1,6.712411880493164,-5.3753814697265625,1
Clemson_p051_c1_grm_std_uni,1,6.762667655944824,-5.444187641143799,1
Clemson_p051_c1_grm_std_uni,1,6.763066291809082,-5.457220554351807,1
Clemson_p051_c1_grm_std_uni,1,6.7545647621154785,-5.455136299133301,1
Clemson_p051_c1_grm_std_uni,1,6.717132091522217,-5.428869247436523,1
Clemson_p051_c1_grm_std_uni,1,6.647542953491211,-5.370052814483643,1
Clemson_p051_c1_grm_std_uni,1,6.599446773529053,-5.330748081207275,1
Clemson_p051_c1_grm_std_uni,1,6.56943416595459,-5.29878044128418,1
Clemson_p051_c1_grm_std_uni,1,6.565407752990723,-5.272181034088135,1
Clemson_p051_c1_grm_std_uni,1,6.6015729904174805,-5.26507043838501,1
Clemson_p051_c1_grm_std_uni,1,6.609854698181152,-5.210789680480957,1
Clemson_p051_c1_grm_std_uni,1,6.591151237487793,-5.1399922370910645,1
Clemson_p051_c1_grm_std_uni,1,6.560519218444824,-5.088076114654541,1
Clemson_p051_c1_grm_std_uni,1,6.473199844360352,-5.022755146026611,1
Clemson_p051_c1_grm_std_uni,1,6.355478763580322,-4.957858085632324,1
Clemson_p051_c1_grm_std_uni,1,6.2085161209106445,-4.879217624664307,1
Clemson_p051_c1_grm_std_uni,1,6.156048774719238,-4.8765869140625,1
Clemson_p051_c1_grm_std_uni,1,6.062612056732178,-4.818026065826416,1
Clemson_p051_c1_grm_std_uni,1,6.136649131774902,-4.952003002166748,1
Clemson_p051_c1_grm_std_uni,1,6.1826863288879395,-5.002516746520996,1
Clemson_p051_c1_grm_std_uni,1,6.2413010597229,-5.031125068664551,1
Clemson_p051_c1_grm_std_uni,1,6.297165393829346,-5.121384620666504,1
Clemson_p051_c1_grm_std_uni,1,6.089009761810303,-4.874570846557617,1
Clemson_p051_c1_grm_std_uni,1,4.704446315765381,-3.536107301712036,1
Clemson_p051_c1_grm_std_uni,1,3.77012038230896,-2.672853946685791,1
Clemson_p051_c1_grm_std_uni,1,3.4396886825561523,-2.3995728492736816,1
Clemson_p051_c1_grm_std_uni,1,3.9428701400756836,-2.774064779281616,1
Clemson_p051_c1_grm_std_uni,1,5.261435508728027,-3.854640245437622,1
Clemson_p051_c1_grm_std_uni,1,6.350185871124268,-4.859968185424805,1
Clemson_p051_c1_grm_std_uni,1,6.399293899536133,-4.951596736907959,1
Clemson_p051_c1_grm_std_uni,1,6.420679569244385,-5.077016353607178,1
Clemson_p051_c1_grm_std_uni,1,6.474302291870117,-5.180455207824707,1
Clemson_p051_c1_grm_std_uni,1,6.393420696258545,-4.910980224609375,1
Clemson_p051_c1_grm_std_uni,1,5.316695690155029,-3.6667752265930176,1
Clemson_p051_c1_grm_std_uni,1,4.7918829917907715,-3.6012232303619385,1
Clemson_p051_c1_grm_std_uni,1,4.507501125335693,-4.357120990753174,1
Clemson_p051_c1_grm_std_uni,1,4.048499584197998,-4.1465229988098145,1
Clemson_p051_c1_grm_std_uni,1,4.121518611907959,-4.011991500854492,1
Clemson_p051_c1_grm_std_uni,1,4.396058559417725,-4.195193290710449,1
Clemson_p051_c1_grm_std_uni,1,4.480566501617432,-4.331839561462402,1
Clemson_p051_c1_grm_std_uni,1,4.4722137451171875,-4.442328453063965,1
Clemson_p051_c1_grm_std_uni,1,4.649938583374023,-4.675934314727783,1
Clemson_p051_c1_grm_std_uni,1,4.604678153991699,-4.7041707038879395,1
Clemson_p051_c1_grm_std_uni,1,4.840639591217041,-5.048781394958496,1
Clemson_p051_c1_grm_std_uni,1,4.47540283203125,-4.884222984313965,1
Clemson_p051_c1_grm_std_uni,1,4.654402256011963,-4.9709014892578125,1
Clemson_p051_c1_grm_std_uni,1,4.760624408721924,-4.877985000610352,1
Clemson_p051_c1_grm_std_uni,1,4.902243614196777,-4.860421657562256,1
Clemson_p051_c1_grm_std_uni,1,4.8859076499938965,-4.797698497772217,1
Clemson_p051_c1_grm_std_uni,1,4.816757678985596,-4.66963005065918,1
Clemson_p051_c1_grm_std_uni,1,5.26389217376709,-4.936196804046631,1
Clemson_p051_c1_grm_std_uni,1,5.417137622833252,-4.80087947845459,1
Clemson_p051_c1_grm_std_uni,1,5.391087055206299,-4.560934066772461,1
Clemson_p051_c1_grm_std_uni,1,5.511231899261475,-4.5426025390625,1
Clemson_p051_c1_grm_std_uni,1,5.37775993347168,-4.396085262298584,1
Clemson_p051_c1_grm_std_uni,1,3.804755210876465,-2.94461727142334,1
Clemson_p051_c1_grm_std_uni,1,2.8569271564483643,-1.9052073955535889,1
Clemson_p051_c1_grm_std_uni,1,3.502397298812866,-2.244903564453125,1
Clemson_p051_c1_grm_std_uni,1,4.683126449584961,-3.327732563018799,1
Clemson_p051_c1_grm_std_uni,1,5.292200565338135,-4.059866905212402,1
Clemson_p051_c1_grm_std_uni,1,5.1125311851501465,-4.347661018371582,1
Clemson_p051_c1_grm_std_uni,1,4.694979667663574,-4.467155933380127,1
Clemson_p051_c1_grm_std_uni,1,4.503446102142334,-4.580268383026123,1
Clemson_p051_c1_grm_std_uni,1,3.18552827835083,-3.7595815658569336,1
Clemson_p051_c1_grm_std_uni,1,1.2316068410873413,-1.3162482976913452,1
Clemson_p051_c1_grm_std_uni,1,2.1156952381134033,-1.0896893739700317,1
Clemson_p051_c1_grm_std_uni,1,4.554452896118164,-3.7667062282562256,1
Clemson_p051_c1_grm_std_uni,1,6.174377918243408,-5.231201648712158,1
Clemson_p051_c1_grm_std_uni,1,6.684706211090088,-5.595230579376221,1
Clemson_p051_c1_grm_std_uni,1,6.5070600509643555,-5.566124439239502,1
Clemson_p051_c1_grm_std_uni,1,6.5024919509887695,-5.84128475189209,1
Clemson_p051_c1_grm_std_uni,1,6.126025676727295,-5.592421054840088,1
Clemson_p051_c1_grm_std_uni,1,5.479366779327393,-4.70623254776001,1
Clemson_p051_c1_grm_std_uni,1,4.283431529998779,-3.1014182567596436,1
Clemson_p051_c1_grm_std_uni,1,5.4035725593566895,-4.1354660987854,1
Clemson_p051_c1_grm_std_uni,1,7.807114601135254,-6.331305027008057,1
Clemson_p051_c1_grm_std_uni,1,8.657259941101074,-6.870572566986084,1
Clemson_p051_c1_grm_std_uni,1,7.51239013671875,-6.104983806610107,1
Clemson_p051_c1_grm_std_uni,1,6.851129531860352,-5.686954021453857,1
Clemson_p051_c1_grm_std_uni,1,7.306162357330322,-6.01071834564209,1
Clemson_p051_c1_grm_std_uni,1,7.7758893966674805,-6.250355243682861,1
Clemson_p051_c1_grm_std_uni,1,6.908128261566162,-5.452643394470215,1
Clemson_p051_c1_grm_std_uni,1,6.588818073272705,-5.151543617248535,1
Clemson_p051_c1_grm_std_uni,1,7.784250736236572,-6.248029708862305,1
Clemson_p051_c1_grm_std_uni,1,7.788294792175293,-6.442272663116455,1
Clemson_p051_c1_grm_std_uni,1,7.6829094886779785,-6.510765552520752,1
Clemson_p051_c1_grm_std_uni,1,5.267406940460205,-4.471578598022461,1
Clemson_p051_c1_grm_std_uni,1,4.975987911224365,-3.3575215339660645,1
Clemson_p051_c1_grm_std_uni,1,6.508744239807129,-5.519630432128906,1
Clemson_p051_c1_grm_std_uni,1,8.081443786621094,-6.847291946411133,1
Clemson_p051_c1_grm_std_uni,1,7.9447784423828125,-6.714377403259277,1
Clemson_p051_c1_grm_std_uni,1,7.118734836578369,-5.916645526885986,1
Clemson_p051_c1_grm_std_uni,1,5.852663516998291,-4.705799579620361,1
Clemson_p051_c1_grm_std_uni,1,5.419558525085449,-4.3243279457092285,1
Clemson_p051_c1_grm_std_uni,1,5.0117692947387695,-3.9447569847106934,1
Clemson_p051_c1_grm_std_uni,1,4.955863952636719,-3.9636573791503906,1
Clemson_p051_c1_grm_std_uni,1,5.944694519042969,-4.800778865814209,1
Clemson_p051_c1_grm_std_uni,1,6.54335880279541,-5.583590030670166,1
Clemson_p051_c1_grm_std_uni,1,6.484675884246826,-5.568068504333496,1
Clemson_p051_c1_grm_std_uni,1,6.258428573608398,-5.451257228851318,1
Clemson_p051_c1_grm_std_uni,1,5.324877738952637,-4.593182563781738,1
Clemson_p051_c1_grm_std_uni,1,5.683168411254883,-4.653026103973389,1
Clemson_p051_c1_grm_std_uni,1,5.794637203216553,-4.871819496154785,1
Clemson_p051_c1_grm_std_uni,1,5.882639408111572,-5.049058437347412,1
Clemson_p051_c1_grm_std_uni,1,5.368356704711914,-4.701779842376709,1
Clemson_p051_c1_grm_std_uni,1,5.076258659362793,-4.38869047164917,1
Clemson_p051_c1_grm_std_uni,1,5.382673740386963,-4.483056545257568,1
Clemson_p051_c1_grm_std_uni,1,5.600493431091309,-4.675718307495117,1
Clemson_p051_c1_grm_std_uni,1,5.447724342346191,-4.77661657333374,1
Clemson_p051_c1_grm_std_uni,1,5.401515007019043,-4.841428279876709,1
Clemson_p051_c1_grm_std_uni,1,5.289644718170166,-4.934844017028809,1
Clemson_p051_c1_grm_std_uni,1,5.132445335388184,-4.7049784660339355,1
Clemson_p051_c1_grm_std_uni,1,4.707589626312256,-4.3419952392578125,1
Clemson_p051_c1_grm_std_uni,1,4.185104846954346,-3.7414817810058594,1
Clemson_p051_c1_grm_std_uni,1,4.617210388183594,-3.79500675201416,1
Clemson_p051_c1_grm_std_uni,1,5.866975784301758,-4.675013542175293,1
Clemson_p051_c1_grm_std_uni,1,6.180700302124023,-5.0901923179626465,1
Clemson_p051_c1_grm_std_uni,1,5.995538711547852,-5.225137233734131,1
Clemson_p051_c1_grm_std_uni,1,5.959268093109131,-5.357347011566162,1
Clemson_p051_c1_grm_std_uni,1,5.085415363311768,-4.830057144165039,1
Clemson_p051_c1_grm_std_uni,1,4.858260631561279,-4.285706996917725,1
Clemson_p051_c1_grm_std_uni,1,5.140315055847168,-4.035338401794434,1
Clemson_p051_c1_grm_std_uni,1,5.919317722320557,-3.8799664974212646,1
Clemson_p051_c1_grm_std_uni,1,6.175142765045166,-4.419373989105225,1
Clemson_p051_c1_grm_std_uni,1,6.985404968261719,-5.907144069671631,1
Clemson_p051_c1_grm_std_uni,1,6.380845546722412,-5.625847816467285,1
Clemson_p051_c1_grm_std_uni,1,5.924233913421631,-5.330644607543945,1
Clemson_p051_c1_grm_std_uni,1,5.90875244140625,-5.364565849304199,1
Clemson_p051_c1_grm_std_uni,1,5.575158596038818,-5.066496849060059,1
Clemson_p051_c1_grm_std_uni,1,5.2584309577941895,-4.4173994064331055,1
Clemson_p051_c1_grm_std_uni,1,6.057047367095947,-4.8771233558654785,1
Clemson_p051_c1_grm_std_uni,1,7.287460803985596,-6.143391132354736,1
Clemson_p051_c1_grm_std_uni,1,8.025547981262207,-6.71235990524292,1
Clemson_p051_c1_grm_std_uni,1,8.289074897766113,-6.827638626098633,1
Clemson_p051_c1_grm_std_uni,1,7.787539005279541,-7.09074068069458,1
Clemson_p051_c1_grm_std_uni,1,7.405481338500977,-6.675247669219971,1
Clemson_p051_c1_grm_std_uni,1,6.856896877288818,-6.132929801940918,1
Clemson_p051_c1_grm_std_uni,1,6.349824905395508,-6.105817794799805,1
Clemson_p051_c1_grm_std_uni,1,6.281252384185791,-6.240267753601074,1
Clemson_p051_c1_grm_std_uni,1,5.741370677947998,-6.174644947052002,1
Clemson_p051_c1_grm_std_uni,1,5.141420364379883,-5.643139839172363,1
Clemson_p051_c1_grm_std_uni,1,4.124749660491943,-4.879501819610596,1
Clemson_p051_c1_grm_std_uni,1,1.4236640930175781,-2.116915702819824,1
Clemson_p051_c1_grm_std_uni,1,2.46244215965271,-1.4448784589767456,1
Clemson_p051_c1_grm_std_uni,1,4.67732048034668,-4.3327836990356445,1
Clemson_p051_c1_grm_std_uni,1,5.389804363250732,-5.2322998046875,1
Clemson_p051_c1_grm_std_uni,1,5.6816182136535645,-5.286651134490967,1
Clemson_p051_c1_grm_std_uni,1,5.674256324768066,-5.079345703125,1
Clemson_p051_c1_grm_std_uni,1,5.515169143676758,-4.821394443511963,1
Clemson_p051_c1_grm_std_uni,1,6.44193172454834,-5.1797003746032715,1
Clemson_p051_c1_grm_std_uni,1,7.165584087371826,-5.70963191986084,1
Clemson_p051_c1_grm_std_uni,1,5.824124336242676,-4.879764080047607,1
Clemson_p051_c1_grm_std_uni,1,5.219073295593262,-4.484526634216309,1
Clemson_p051_c1_grm_std_uni,1,4.8384928703308105,-4.141571521759033,1
Clemson_p051_c1_grm_std_uni,1,4.4455766677856445,-3.840747833251953,1
Clemson_p051_c1_grm_std_uni,1,4.9369401931762695,-4.156955242156982,1
Clemson_p051_c1_grm_std_uni,1,5.50347900390625,-5.107711315155029,1
Clemson_p051_c1_grm_std_uni,1,5.3490142822265625,-5.559332370758057,1
Clemson_p051_c1_grm_std_uni,1,5.092207908630371,-5.581974506378174,1
Clemson_p051_c1_grm_std_uni,1,4.9256815910339355,-5.37037992477417,1
Clemson_p051_c1_grm_std_uni,1,4.820611953735352,-5.280204772949219,1
Clemson_p051_c1_grm_std_uni,1,4.575757026672363,-5.141454696655273,1
Clemson_p051_c1_grm_std_uni,1,3.6024441719055176,-4.224453926086426,1
Clemson_p051_c1_grm_std_uni,1,1.6896084547042847,-2.273353099822998,1
Clemson_p051_c1_grm_std_uni,1,2.5576584339141846,-2.30265736579895,1
Clemson_p051_c1_grm_std_uni,1,4.363990783691406,-4.011662006378174,1
Clemson_p051_c1_grm_std_uni,1,6.187774658203125,-5.604941368103027,1
Clemson_p051_c1_grm_std_uni,1,5.940923690795898,-5.422760963439941,1
Clemson_p051_c1_grm_std_uni,1,5.852542400360107,-5.370765686035156,1
Clemson_p051_c1_grm_std_uni,1,5.696568965911865,-5.2109551429748535,1
Clemson_p051_c1_grm_std_uni,1,5.5280442237854,-5.066644191741943,1
Clemson_p051_c1_grm_std_uni,1,5.990161418914795,-5.586953639984131,1
Clemson_p051_c1_grm_std_uni,1,5.927724361419678,-5.3561787605285645,1
Clemson_p051_c1_grm_std_uni,1,5.973719596862793,-5.2492594718933105,1
Clemson_p051_c1_grm_std_uni,1,6.558683395385742,-5.789252281188965,1
Clemson_p051_c1_grm_std_uni,1,6.537275314331055,-6.060019493103027,1
Clemson_p051_c1_grm_std_uni,1,6.894166469573975,-6.567595958709717,1
Clemson_p051_c1_grm_std_uni,1,6.372903823852539,-6.072386741638184,1
Clemson_p051_c1_grm_std_uni,1,5.411453723907471,-5.282594203948975,1
Clemson_p051_c1_grm_std_uni,1,5.2042131423950195,-5.169246196746826,1
Clemson_p051_c1_grm_std_uni,1,5.573352336883545,-5.3480024337768555,1
Clemson_p051_c1_grm_std_uni,1,5.601773738861084,-5.3356499671936035,1
Clemson_p051_c1_grm_std_uni,1,5.871776103973389,-5.3929853439331055,1
Clemson_p051_c1_grm_std_uni,1,5.841090202331543,-5.382904529571533,1
Clemson_p051_c1_grm_std_uni,1,5.586775302886963,-5.312085151672363,1
Clemson_p051_c1_grm_std_uni,1,4.941758155822754,-4.802217483520508,1
Clemson_p051_c1_grm_std_uni,1,5.268520832061768,-4.8109517097473145,1
Clemson_p051_c1_grm_std_uni,1,5.1800079345703125,-4.808279991149902,1
Clemson_p051_c1_grm_std_uni,1,4.8479413986206055,-4.666962146759033,1
Clemson_p051_c1_grm_std_uni,1,5.270017147064209,-5.0699992179870605,1
Clemson_p051_c1_grm_std_uni,1,5.526972770690918,-5.322372913360596,1
Clemson_p051_c1_grm_std_uni,1,5.508428573608398,-5.542994976043701,1
Clemson_p051_c1_grm_std_uni,1,5.307669162750244,-5.5156989097595215,1
Clemson_p051_c1_grm_std_uni,1,5.339696884155273,-5.34605073928833,1
Clemson_p051_c1_grm_std_uni,1,5.250711441040039,-5.165041446685791,1
Clemson_p051_c1_grm_std_uni,1,4.876856803894043,-4.5644378662109375,1
Clemson_p051_c1_grm_std_uni,1,4.6320905685424805,-4.118398189544678,1
Clemson_p051_c1_grm_std_uni,1,4.677530288696289,-4.35183572769165,1
Clemson_p051_c1_grm_std_uni,1,3.9400527477264404,-4.091777801513672,1
Clemson_p051_c1_grm_std_uni,1,2.728698253631592,-3.308077812194824,1
Clemson_p051_c1_grm_std_uni,1,1.7854305505752563,-2.4096922874450684,1
Clemson_p051_c1_grm_std_uni,1,2.9532933235168457,-3.0817980766296387,1
Clemson_p051_c1_grm_std_uni,1,4.759162425994873,-5.156682014465332,1
Clemson_p051_c1_grm_std_uni,1,5.5563483238220215,-5.813365459442139,1
Clemson_p051_c1_grm_std_uni,1,5.325600624084473,-4.9477715492248535,1
Clemson_p051_c1_grm_std_uni,1,4.209542274475098,-3.7188327312469482,1
Clemson_p051_c1_grm_std_uni,1,4.178600788116455,-3.6239876747131348,1
Clemson_p051_c1_grm_std_uni,1,4.482102870941162,-4.22116231918335,1
Clemson_p051_c1_grm_std_uni,1,4.819413661956787,-3.800337791442871,1
Clemson_p051_c1_grm_std_uni,1,5.155020236968994,-3.6219632625579834,1
Clemson_p051_c1_grm_std_uni,1,5.369366645812988,-4.013087749481201,1
Clemson_p051_c1_grm_std_uni,1,6.338540077209473,-5.323538303375244,1
Clemson_p051_c1_grm_std_uni,1,7.34758996963501,-5.782234191894531,1
Clemson_p051_c1_grm_std_uni,1,7.683447360992432,-6.04395866394043,1
Clemson_p051_c1_grm_std_uni,1,7.370617389678955,-5.999195575714111,1
Clemson_p051_c1_grm_std_uni,1,7.500693321228027,-6.363508701324463,1
Clemson_p051_c1_grm_std_uni,1,7.8189897537231445,-6.570679187774658,1
Clemson_p051_c1_grm_std_uni,1,7.525688648223877,-6.730046272277832,1
Clemson_p051_c1_grm_std_uni,1,7.153390884399414,-6.513726234436035,1
Clemson_p051_c1_grm_std_uni,1,6.445559501647949,-5.8626179695129395,1
Clemson_p051_c1_grm_std_uni,1,3.976858615875244,-4.118980884552002,1
Clemson_p051_c1_grm_std_uni,1,3.1542928218841553,-3.0876402854919434,1
Clemson_p051_c1_grm_std_uni,1,3.3782124519348145,-2.6258420944213867,1
Clemson_p051_c1_grm_std_uni,1,4.3338422775268555,-3.2955281734466553,1
Clemson_p051_c1_grm_std_uni,1,5.047954082489014,-4.034132957458496,1
Clemson_p051_c1_grm_std_uni,1,5.661095142364502,-4.764196872711182,1
Clemson_p051_c1_grm_std_uni,1,6.0090179443359375,-5.018310070037842,1
Clemson_p051_c1_grm_std_uni,1,6.157053470611572,-5.3172149658203125,1
Clemson_p051_c1_grm_std_uni,1,5.6039533615112305,-4.905508995056152,1
Clemson_p051_c1_grm_std_uni,1,5.33302640914917,-4.850642204284668,1
Clemson_p051_c1_grm_std_uni,1,2.8267037868499756,-3.2014191150665283,1
Clemson_p051_c1_grm_std_uni,1,1.798073649406433,-1.5748100280761719,1
Clemson_p051_c1_grm_std_uni,1,2.7362825870513916,-2.0591509342193604,1
Clemson_p051_c1_grm_std_uni,1,4.428897380828857,-3.697323799133301,1
Clemson_p051_c1_grm_std_uni,1,5.075483322143555,-5.056166172027588,1
Clemson_p051_c1_grm_std_uni,1,3.1352736949920654,-3.3304176330566406,1
Clemson_p051_c1_grm_std_uni,1,2.9570059776306152,-2.0675835609436035,1
Clemson_p051_c1_grm_std_uni,1,4.709146499633789,-4.088821887969971,1
Clemson_p051_c1_grm_std_uni,1,6.52587366104126,-5.899281024932861,1
Clemson_p051_c1_grm_std_uni,1,7.216614723205566,-6.904820919036865,1
Clemson_p051_c1_grm_std_uni,1,6.696497917175293,-6.381924152374268,1
Clemson_p051_c1_grm_std_uni,1,6.551336765289307,-6.151933670043945,1
Clemson_p051_c1_grm_std_uni,1,6.395821571350098,-5.816115856170654,1
Clemson_p051_c1_grm_std_uni,1,5.696099281311035,-4.954316139221191,1
Clemson_p051_c1_grm_std_uni,1,5.245625019073486,-4.0379767417907715,1
Clemson_p051_c1_grm_std_uni,1,5.563685894012451,-4.284208297729492,1
Clemson_p051_c1_grm_std_uni,1,5.8254241943359375,-4.522634506225586,1
Clemson_p051_c1_grm_std_uni,1,6.512222766876221,-5.117743968963623,1
Clemson_p051_c1_grm_std_uni,1,7.6601457595825195,-5.906470775604248,1
Clemson_p051_c1_grm_std_uni,1,6.94359016418457,-5.854714870452881,1
Clemson_p051_c1_grm_std_uni,1,5.9031982421875,-5.658329486846924,1
Clemson_p051_c1_grm_std_uni,1,5.053593158721924,-5.543351173400879,1
Clemson_p051_c1_grm_std_uni,1,5.201474666595459,-5.540647983551025,1
Clemson_p051_c1_grm_std_uni,1,5.563157558441162,-5.70957088470459,1
Clemson_p051_c1_grm_std_uni,1,5.578909397125244,-5.545329570770264,1
Clemson_p051_c1_grm_std_uni,1,5.3503546714782715,-5.32131290435791,1
Clemson_p051_c1_grm_std_uni,1,4.651056289672852,-4.595118522644043,1
Clemson_p051_c1_grm_std_uni,1,5.04551887512207,-5.259653568267822,1
Clemson_p051_c1_grm_std_uni,1,5.072728633880615,-5.438538074493408,1
Clemson_p051_c1_grm_std_uni,2,5.063206672668457,-5.39799690246582,1
Clemson_p051_c1_grm_std_uni,2,5.125693321228027,-5.330142498016357,1
Clemson_p051_c1_grm_std_uni,2,4.788174152374268,-4.809228897094727,1
Clemson_p051_c1_grm_std_uni,2,0.7997170090675354,-1.2774910926818848,1
Clemson_p051_c1_grm_std_uni,2,0.5876438617706299,-0.02684125117957592,1
Clemson_p051_c1_grm_std_uni,2,3.145596504211426,-2.604145050048828,1
Clemson_p051_c1_grm_std_uni,2,4.763732433319092,-4.367178916931152,1
Clemson_p051_c1_grm_std_uni,2,6.580626964569092,-5.759995460510254,1
Clemson_p051_c1_grm_std_uni,2,6.9408440589904785,-6.074357032775879,1
Clemson_p051_c1_grm_std_uni,2,7.182714939117432,-6.1506853103637695,1
Clemson_p051_c1_grm_std_uni,2,7.361780643463135,-5.876979351043701,1
Clemson_p051_c1_grm_std_uni,2,7.358128547668457,-5.736462593078613,1
Clemson_p051_c1_grm_std_uni,2,7.119752407073975,-5.503077030181885,1
Clemson_p051_c1_grm_std_uni,2,6.376489639282227,-4.9070305824279785,1
Clemson_p051_c1_grm_std_uni,2,6.720163822174072,-5.802432537078857,1
Clemson_p051_c1_grm_std_uni,2,6.748559951782227,-5.6938862800598145,1
Clemson_p051_c1_grm_std_uni,2,7.184354305267334,-5.781245708465576,1
Clemson_p051_c1_grm_std_uni,2,7.321931838989258,-5.873816967010498,1
Clemson_p051_c1_grm_std_uni,2,7.071589946746826,-5.831496238708496,1
Clemson_p051_c1_grm_std_uni,2,6.893723964691162,-5.9581756591796875,1
Clemson_p051_c1_grm_std_uni,2,6.635374546051025,-5.928093433380127,1
Clemson_p051_c1_grm_std_uni,2,6.175440788269043,-5.5568718910217285,1
Clemson_p051_c1_grm_std_uni,2,5.110190391540527,-4.541943073272705,1
Clemson_p051_c1_grm_std_uni,2,4.351079940795898,-3.511774778366089,1
Clemson_p051_c1_grm_std_uni,2,4.078616619110107,-1.8516050577163696,1
Clemson_p051_c1_grm_std_uni,2,4.160820960998535,-1.1997921466827393,1
Clemson_p051_c1_grm_std_uni,2,6.055593967437744,-3.9239389896392822,1
Clemson_p051_c1_grm_std_uni,2,7.378218650817871,-5.2427144050598145,1
Clemson_p051_c1_grm_std_uni,2,7.07219123840332,-5.801609516143799,1
Clemson_p051_c1_grm_std_uni,2,6.612442493438721,-5.02216911315918,1
Clemson_p051_c1_grm_std_uni,2,5.497888088226318,-4.172263145446777,1
Clemson_p051_c1_grm_std_uni,2,4.866780757904053,-3.838923692703247,1
Clemson_p051_c1_grm_std_uni,2,5.0304388999938965,-3.8878602981567383,1
Clemson_p051_c1_grm_std_uni,2,6.118525505065918,-4.779017448425293,1
Clemson_p051_c1_grm_std_uni,2,6.2198309898376465,-5.147156238555908,1
Clemson_p051_c1_grm_std_uni,2,6.282514572143555,-5.3605804443359375,1
Clemson_p051_c1_grm_std_uni,2,6.146263599395752,-5.257205009460449,1
Clemson_p051_c1_grm_std_uni,2,5.988640785217285,-5.076146602630615,1
Clemson_p051_c1_grm_std_uni,2,5.773766994476318,-4.9269700050354,1
Clemson_p051_c1_grm_std_uni,2,5.242780685424805,-4.604721546173096,1
Clemson_p051_c1_grm_std_uni,2,5.509496688842773,-4.7815446853637695,1
Clemson_p051_c1_grm_std_uni,2,5.6293816566467285,-4.893711566925049,1
Clemson_p051_c1_grm_std_uni,2,5.832498550415039,-4.985905647277832,1
Clemson_p051_c1_grm_std_uni,2,5.8005170822143555,-4.887856960296631,1
Clemson_p051_c1_grm_std_uni,2,5.7211151123046875,-4.759969234466553,1
Clemson_p051_c1_grm_std_uni,2,5.460859298706055,-4.549813747406006,1
Clemson_p051_c1_grm_std_uni,2,5.137749195098877,-4.371215343475342,1
Clemson_p051_c1_grm_std_uni,2,4.702352523803711,-4.217370986938477,1
Clemson_p051_c1_grm_std_uni,2,4.331610679626465,-4.011748790740967,1
Clemson_p051_c1_grm_std_uni,2,4.280726432800293,-3.99855899810791,1
Clemson_p051_c1_grm_std_uni,2,4.326201438903809,-4.042857646942139,1
Clemson_p051_c1_grm_std_uni,2,4.43198299407959,-4.117298603057861,1
Clemson_p051_c1_grm_std_uni,2,4.854720592498779,-4.44387149810791,1
Clemson_p051_c1_grm_std_uni,2,5.132435321807861,-4.6413373947143555,1
Clemson_p051_c1_grm_std_uni,2,5.177766799926758,-4.649526119232178,1
Clemson_p051_c1_grm_std_uni,2,5.126291275024414,-4.551638603210449,1
Clemson_p051_c1_grm_std_uni,2,5.083519458770752,-4.4937872886657715,1
Clemson_p051_c1_grm_std_uni,2,5.077069282531738,-4.480504989624023,1
Clemson_p051_c1_grm_std_uni,2,5.221985340118408,-4.556640625,1
Clemson_p051_c1_grm_std_uni,2,5.3193135261535645,-4.614058017730713,1
Clemson_p051_c1_grm_std_uni,2,5.4115118980407715,-4.649570941925049,1
Clemson_p051_c1_grm_std_uni,2,5.486231327056885,-4.677012920379639,1
Clemson_p051_c1_grm_std_uni,2,5.51442289352417,-4.706589698791504,1
Clemson_p051_c1_grm_std_uni,2,5.497186660766602,-4.715954303741455,1
Clemson_p051_c1_grm_std_uni,2,5.546266555786133,-4.76093053817749,1
Clemson_p051_c1_grm_std_uni,2,5.504515171051025,-4.7338361740112305,1
Clemson_p051_c1_grm_std_uni,2,5.571152687072754,-4.786074161529541,1
Clemson_p051_c1_grm_std_uni,2,5.695737361907959,-4.859561443328857,1
Clemson_p051_c1_grm_std_uni,2,5.788457870483398,-4.9008708000183105,1
Clemson_p051_c1_grm_std_uni,2,5.688440799713135,-4.823239326477051,1
Clemson_p051_c1_grm_std_uni,2,5.580777645111084,-4.767515659332275,1
Clemson_p051_c1_grm_std_uni,2,5.559886455535889,-4.7793660163879395,1
Clemson_p051_c1_grm_std_uni,2,5.585141181945801,-4.8177289962768555,1
Clemson_p051_c1_grm_std_uni,2,5.672330379486084,-4.878505229949951,1
Clemson_p051_c1_grm_std_uni,2,5.777467727661133,-4.924557209014893,1
Clemson_p051_c1_grm_std_uni,2,5.56087064743042,-4.771758079528809,1
Clemson_p051_c1_grm_std_uni,2,5.202123641967773,-4.469453811645508,1
Clemson_p051_c1_grm_std_uni,2,4.461730003356934,-3.8028714656829834,1
Clemson_p051_c1_grm_std_uni,2,3.4036879539489746,-2.8165857791900635,1
Clemson_p051_c1_grm_std_uni,2,3.1033236980438232,-2.595625638961792,1
Clemson_p051_c1_grm_std_uni,2,2.863950490951538,-2.4599199295043945,1
Clemson_p051_c1_grm_std_uni,2,2.5417723655700684,-2.2172954082489014,1
Clemson_p051_c1_grm_std_uni,2,2.372938394546509,-2.2521259784698486,1
Clemson_p051_c1_grm_std_uni,2,3.148559808731079,-3.2475874423980713,1
Clemson_p051_c1_grm_std_uni,2,4.255448341369629,-4.602739334106445,1
Clemson_p051_c1_grm_std_uni,2,4.8795247077941895,-5.303463935852051,1
Clemson_p051_c1_grm_std_uni,2,5.487724304199219,-5.592284679412842,1
Clemson_p051_c1_grm_std_uni,2,5.563868522644043,-5.374556541442871,1
Clemson_p051_c1_grm_std_uni,2,4.757331371307373,-4.845811367034912,1
Clemson_p051_c1_grm_std_uni,2,4.230269432067871,-4.337989807128906,1
Clemson_p051_c1_grm_std_uni,2,4.428713798522949,-4.549757480621338,1
Clemson_p051_c1_grm_std_uni,2,4.604966163635254,-4.660791397094727,1
Clemson_p051_c1_grm_std_uni,2,4.816798686981201,-4.9595136642456055,1
Clemson_p051_c1_grm_std_uni,2,4.974727153778076,-5.365755081176758,1
Clemson_p051_c1_grm_std_uni,2,4.801927089691162,-5.511110305786133,1
Clemson_p051_c1_grm_std_uni,2,4.5890703201293945,-5.307754039764404,1
Clemson_p051_c1_grm_std_uni,2,4.509195327758789,-5.158626079559326,1
Clemson_p051_c1_grm_std_uni,2,4.133824825286865,-5.205854892730713,1
Clemson_p051_c1_grm_std_uni,1,3.228179693222046,-4.167501926422119,1
Clemson_p051_c1_grm_std_uni,1,0.44458863139152527,-1.1902782917022705,1
Clemson_p051_c1_grm_std_uni,1,-0.2650464177131653,-0.19792118668556213,2
Clemson_p051_c1_grm_std_uni,1,3.1651015281677246,-3.1068460941314697,1
Clemson_p051_c1_grm_std_uni,1,4.648560047149658,-4.355506896972656,1
Clemson_p051_c1_grm_std_uni,1,4.855090141296387,-4.755426406860352,1
Clemson_p051_c1_grm_std_uni,1,5.181061744689941,-4.003329277038574,1
Clemson_p051_c1_grm_std_uni,1,5.4172797203063965,-3.517940044403076,1
Clemson_p051_c1_grm_std_uni,1,5.8687214851379395,-4.075188636779785,1
Clemson_p051_c1_grm_std_uni,1,5.350888729095459,-3.833021640777588,1
Clemson_p051_c1_grm_std_uni,1,4.6953935623168945,-2.7229764461517334,1
Clemson_p051_c1_grm_std_uni,1,5.1406121253967285,-3.3128912448883057,1
Clemson_p051_c1_grm_std_uni,1,7.139443874359131,-5.7397966384887695,1
Clemson_p051_c1_grm_std_uni,1,8.172507286071777,-6.939424514770508,1
Clemson_p051_c1_grm_std_uni,1,6.991568565368652,-6.012054920196533,1
Clemson_p051_c1_grm_std_uni,1,6.770778179168701,-5.761448860168457,1
Clemson_p051_c1_grm_std_uni,1,6.9440531730651855,-5.450591564178467,1
Clemson_p051_c1_grm_std_uni,1,7.132004261016846,-5.397637367248535,1
Clemson_p051_c1_grm_std_uni,1,7.018887996673584,-5.229009628295898,1
Clemson_p051_c1_grm_std_uni,1,7.356902599334717,-5.756707191467285,1
Clemson_p051_c1_grm_std_uni,1,6.943853378295898,-5.8782758712768555,1
Clemson_p051_c1_grm_std_uni,1,6.7130045890808105,-5.951540946960449,1
Clemson_p051_c1_grm_std_uni,1,7.100101947784424,-6.216839790344238,1
Clemson_p051_c1_grm_std_uni,1,7.312652587890625,-6.329806327819824,1
Clemson_p051_c1_grm_std_uni,1,6.505008220672607,-5.452970504760742,1
Clemson_p051_c1_grm_std_uni,1,5.991983413696289,-5.033961772918701,1
Clemson_p051_c1_grm_std_uni,1,6.527101993560791,-5.74376916885376,1
Clemson_p051_c1_grm_std_uni,1,6.652422904968262,-5.930308818817139,1
Clemson_p051_c1_grm_std_uni,1,6.488067150115967,-5.887687683105469,1
Clemson_p051_c1_grm_std_uni,1,5.346620559692383,-5.160738945007324,1
Clemson_p051_c1_grm_std_uni,1,4.792665004730225,-4.330910682678223,1
Clemson_p051_c1_grm_std_uni,1,5.058631420135498,-4.3716959953308105,1
Clemson_p051_c1_grm_std_uni,1,5.783822536468506,-5.088044166564941,1
Clemson_p051_c1_grm_std_uni,1,6.438687801361084,-5.707034587860107,1
Clemson_p051_c1_grm_std_uni,1,5.732651233673096,-5.134949684143066,1
Clemson_p051_c1_grm_std_uni,1,5.605464458465576,-5.056328296661377,1
Clemson_p051_c1_grm_std_uni,1,6.281248092651367,-6.028602600097656,1
Clemson_p051_c1_grm_std_uni,1,6.384718418121338,-6.292391777038574,1
Clemson_p051_c1_grm_std_uni,1,6.421698570251465,-6.4025726318359375,1
Clemson_p051_c1_grm_std_uni,1,5.679905891418457,-5.566674709320068,1
Clemson_p051_c1_grm_std_uni,1,6.266078472137451,-6.087533473968506,1
Clemson_p051_c1_grm_std_uni,1,6.455388069152832,-6.107668399810791,1
Clemson_p051_c1_grm_std_uni,1,5.620612144470215,-4.827227592468262,1
Clemson_p051_c1_grm_std_uni,1,5.833165168762207,-4.664600849151611,1
Clemson_p051_c1_grm_std_uni,1,6.2990570068359375,-5.102799415588379,1
Clemson_p051_c1_grm_std_uni,1,6.810329914093018,-5.6515398025512695,1
Clemson_p051_c1_grm_std_uni,1,7.266615867614746,-6.170379161834717,1
Clemson_p051_c1_grm_std_uni,1,7.1212968826293945,-6.507992267608643,1
Clemson_p051_c1_grm_std_uni,1,7.0208539962768555,-6.614696025848389,1
Clemson_p051_c1_grm_std_uni,1,6.682015895843506,-6.063390731811523,1
Clemson_p051_c1_grm_std_uni,1,6.575947284698486,-5.579685688018799,1
Clemson_p051_c1_grm_std_uni,1,5.383665084838867,-4.762961387634277,1
Clemson_p051_c1_grm_std_uni,1,5.322434425354004,-4.8213019371032715,1
Clemson_p051_c1_grm_std_uni,1,6.6034135818481445,-6.192747592926025,1
Clemson_p051_c1_grm_std_uni,1,6.720639228820801,-6.410146236419678,1
Clemson_p051_c1_grm_std_uni,1,5.09307861328125,-5.189712047576904,1
Clemson_p051_c1_grm_std_uni,1,3.4967470169067383,-3.719656467437744,1
Clemson_p051_c1_grm_std_uni,1,4.212172508239746,-4.940269947052002,1
Clemson_p051_c1_grm_std_uni,1,4.890686988830566,-5.755666732788086,1
Clemson_p051_c1_grm_std_uni,1,4.587867259979248,-5.005193710327148,1
Clemson_p051_c1_grm_std_uni,1,4.209281921386719,-3.7945730686187744,1
Clemson_p051_c1_grm_std_uni,1,4.7856621742248535,-4.353269577026367,1
Clemson_p051_c1_grm_std_uni,1,5.431365966796875,-4.492983818054199,1
Clemson_p051_c1_grm_std_uni,1,6.315542697906494,-5.026450157165527,1
Clemson_p051_c1_grm_std_uni,1,6.988410472869873,-5.556704521179199,1
Clemson_p051_c1_grm_std_uni,1,5.858252048492432,-5.317222595214844,1
Clemson_p051_c1_grm_std_uni,1,5.5034871101379395,-5.181305408477783,1
Clemson_p051_c1_grm_std_uni,1,5.339314937591553,-5.009913921356201,1
Clemson_p051_c1_grm_std_uni,1,3.607731342315674,-3.3958287239074707,1
Clemson_p051_c1_grm_std_uni,1,3.6537864208221436,-2.741056203842163,1
Clemson_p051_c1_grm_std_uni,1,4.441190242767334,-3.7944095134735107,1
Clemson_p051_c1_grm_std_uni,1,4.787370681762695,-4.383993625640869,1
Clemson_p051_c1_grm_std_uni,1,4.544336318969727,-3.9797985553741455,1
Clemson_p051_c1_grm_std_uni,1,5.248963356018066,-4.340660572052002,1
Clemson_p051_c1_grm_std_uni,1,6.250316143035889,-5.574392318725586,1
Clemson_p051_c1_grm_std_uni,1,6.173091411590576,-6.273467540740967,1
Clemson_p051_c1_grm_std_uni,1,5.162457466125488,-5.683633327484131,1
Clemson_p051_c1_grm_std_uni,1,4.532151222229004,-5.172579288482666,1
Clemson_p051_c1_grm_std_uni,1,4.371855735778809,-5.132069110870361,1
Clemson_p051_c1_grm_std_uni,1,4.8024983406066895,-5.36021614074707,1
Clemson_p051_c1_grm_std_uni,1,4.866430759429932,-5.374789237976074,1
Clemson_p051_c1_grm_std_uni,1,4.831255912780762,-5.375456809997559,1
Clemson_p051_c1_grm_std_uni,1,4.604828357696533,-5.2530927658081055,1
Clemson_p051_c1_grm_std_uni,1,4.473862648010254,-5.112882614135742,1
Clemson_p051_c1_grm_std_uni,1,4.4565534591674805,-4.950160503387451,1
Clemson_p051_c1_grm_std_uni,1,3.933018922805786,-4.466070175170898,1
Clemson_p051_c1_grm_std_uni,1,3.4854726791381836,-3.918865442276001,1
Clemson_p051_c1_grm_std_uni,1,3.9732651710510254,-3.809838056564331,1
Clemson_p051_c1_grm_std_uni,1,4.305308818817139,-3.5930817127227783,1
Clemson_p051_c1_grm_std_uni,1,4.588161945343018,-3.7656452655792236,1
Clemson_p051_c1_grm_std_uni,1,4.692553997039795,-4.174528121948242,1
Clemson_p051_c1_grm_std_uni,1,5.039587497711182,-4.684209823608398,1
Clemson_p051_c1_grm_std_uni,1,4.902220726013184,-4.766558647155762,1
Clemson_p051_c1_grm_std_uni,1,4.824996471405029,-4.827739238739014,1
Clemson_p051_c1_grm_std_uni,1,4.895791530609131,-4.985522270202637,1
Clemson_p051_c1_grm_std_uni,1,4.997664451599121,-5.078247547149658,1
Clemson_p051_c1_grm_std_uni,1,5.11053991317749,-5.099091529846191,1
Clemson_p051_c1_grm_std_uni,1,5.32393217086792,-5.123910427093506,1
Clemson_p051_c1_grm_std_uni,1,5.411177158355713,-5.0669264793396,1
Clemson_p051_c1_grm_std_uni,1,5.48187780380249,-5.032838344573975,1
Clemson_p051_c1_grm_std_uni,1,5.516907215118408,-4.987311363220215,1
Clemson_p051_c1_grm_std_uni,1,5.527742385864258,-4.896989822387695,1
Clemson_p051_c1_grm_std_uni,1,5.4923014640808105,-4.704326152801514,1
Clemson_p051_c1_grm_std_uni,1,5.540799140930176,-4.607058525085449,1
Clemson_p051_c1_grm_std_uni,1,5.794281959533691,-4.676705837249756,1
Clemson_p051_c1_grm_std_uni,1,6.17894172668457,-4.908870220184326,1
Clemson_p051_c1_grm_std_uni,1,6.169455528259277,-4.954458236694336,1
Clemson_p051_c1_grm_std_uni,1,6.147141933441162,-5.03022575378418,1
Clemson_p051_c1_grm_std_uni,1,6.1478142738342285,-5.057708263397217,1
Clemson_p051_c1_grm_std_uni,1,6.216709613800049,-5.084558486938477,1
Clemson_p051_c1_grm_std_uni,1,6.227404594421387,-5.070672035217285,1
Clemson_p051_c1_grm_std_uni,1,6.333844184875488,-5.134794235229492,1
Clemson_p051_c1_grm_std_uni,1,6.388389587402344,-5.161184310913086,1
Clemson_p051_c1_grm_std_uni,1,6.332683086395264,-5.08369255065918,1
Clemson_p051_c1_grm_std_uni,1,6.3141913414001465,-5.056633472442627,1
Clemson_p051_c1_grm_std_uni,1,6.390980243682861,-5.111898899078369,1
Clemson_p051_c1_grm_std_uni,1,6.398013114929199,-5.151220798492432,1
Clemson_p051_c1_grm_std_uni,1,6.433879375457764,-5.214004993438721,1
Clemson_p051_c1_grm_std_uni,1,6.510404109954834,-5.305398941040039,1
Clemson_p051_c1_grm_std_uni,1,6.5677690505981445,-5.334627151489258,1
Clemson_p051_c1_grm_std_uni,1,6.568537712097168,-5.310449123382568,1
Clemson_p051_c1_grm_std_uni,1,6.570448875427246,-5.314882278442383,1
Clemson_p051_c1_grm_std_uni,1,6.5768513679504395,-5.321739673614502,1
Clemson_p051_c1_grm_std_uni,1,6.533570766448975,-5.24699592590332,1
Clemson_p051_c1_grm_std_uni,1,6.5020036697387695,-5.161464214324951,1
Clemson_p051_c1_grm_std_uni,1,6.379373550415039,-5.010173320770264,1
Clemson_p051_c1_grm_std_uni,1,6.220940589904785,-4.859439373016357,1
Clemson_p051_c1_grm_std_uni,1,6.089209079742432,-4.78624963760376,1
Clemson_p051_c1_grm_std_uni,1,5.985082626342773,-4.753922939300537,1
Clemson_p051_c1_grm_std_uni,1,5.971911430358887,-4.764293193817139,1
Clemson_p051_c1_grm_std_uni,1,5.896313667297363,-4.71183443069458,1
Clemson_p051_c1_grm_std_uni,1,5.84473991394043,-4.678040504455566,1
Clemson_p051_c1_grm_std_uni,1,5.7808003425598145,-4.654534339904785,1
Clemson_p051_c1_grm_std_uni,1,5.739075660705566,-4.6639323234558105,1
Clemson_p051_c1_grm_std_uni,1,5.70620584487915,-4.686822891235352,1
Clemson_p051_c1_grm_std_uni,1,5.671288967132568,-4.711849689483643,1
Clemson_p051_c1_grm_std_uni,1,5.7092437744140625,-4.7724223136901855,1
Clemson_p051_c1_grm_std_uni,1,5.722837448120117,-4.8034138679504395,1
Clemson_p051_c1_grm_std_uni,1,5.760970592498779,-4.8415117263793945,1
Clemson_p051_c1_grm_std_uni,1,5.804667949676514,-4.8697333335876465,1
Clemson_p051_c1_grm_std_uni,1,5.781683921813965,-4.850286960601807,1
Clemson_p051_c1_grm_std_uni,1,5.784163475036621,-4.82989501953125,1
Clemson_p051_c1_grm_std_uni,1,5.869380474090576,-4.888433933258057,1
Clemson_p051_c1_grm_std_uni,1,6.095307350158691,-5.1688079833984375,1
Clemson_p051_c1_grm_std_uni,1,5.864824295043945,-5.102018356323242,1
Clemson_p051_c1_grm_std_uni,1,5.292699813842773,-4.3902740478515625,1
Clemson_p051_c1_grm_std_uni,1,5.674651145935059,-4.459519863128662,1
Clemson_p051_c1_grm_std_uni,1,5.969791889190674,-4.384180068969727,1
Clemson_p051_c1_grm_std_uni,1,6.654957294464111,-4.6227335929870605,1
Clemson_p051_c1_grm_std_uni,1,6.6695122718811035,-5.04749870300293,1
Clemson_p051_c1_grm_std_uni,1,4.696875095367432,-3.934434652328491,1
Clemson_p051_c1_grm_std_uni,1,2.1862423419952393,-1.9821363687515259,1
Clemson_p051_c1_grm_std_uni,1,3.226393461227417,-3.2718441486358643,1
Clemson_p051_c1_grm_std_uni,1,5.120706558227539,-4.903320789337158,1
Clemson_p051_c1_grm_std_uni,1,6.2042646408081055,-5.830726146697998,1
Clemson_p051_c1_grm_std_uni,1,7.09007453918457,-6.483232021331787,1
Clemson_p051_c1_grm_std_uni,1,7.675393104553223,-6.460127353668213,1
Clemson_p051_c1_grm_std_uni,1,8.285768508911133,-6.367347240447998,1
Clemson_p051_c1_grm_std_uni,1,9.330143928527832,-6.777165412902832,1
Clemson_p051_c1_grm_std_uni,1,8.293667793273926,-6.426000595092773,1
Clemson_p051_c1_grm_std_uni,1,7.573790073394775,-6.642523765563965,1
Clemson_p051_c1_grm_std_uni,1,6.928098678588867,-6.209188938140869,1
Clemson_p051_c1_grm_std_uni,1,6.664759635925293,-5.709924697875977,1
Clemson_p051_c1_grm_std_uni,1,6.3342671394348145,-5.410351753234863,1
Clemson_p051_c1_grm_std_uni,1,5.8445844650268555,-5.216078281402588,1
Clemson_p051_c1_grm_std_uni,1,2.314262628555298,-1.8925291299819946,1
Clemson_p051_c1_grm_std_uni,1,3.1595890522003174,-1.0831429958343506,1
Clemson_p051_c1_grm_std_uni,1,6.159524440765381,-4.446606159210205,1
Clemson_p051_c1_grm_std_uni,1,7.694983005523682,-6.061176776885986,1
Clemson_p051_c1_grm_std_uni,1,7.849326133728027,-6.171548843383789,1
Clemson_p051_c1_grm_std_uni,1,8.365447998046875,-6.473756313323975,1
Clemson_p051_c1_grm_std_uni,1,7.934757709503174,-6.312422752380371,1
Clemson_p051_c1_grm_std_uni,1,6.630621433258057,-5.253204345703125,1
Clemson_p051_c1_grm_std_uni,1,5.635798454284668,-4.6228861808776855,1
Clemson_p051_c1_grm_std_uni,1,6.547896385192871,-5.234691143035889,1
Clemson_p051_c1_grm_std_uni,1,7.273414134979248,-5.648410320281982,1
Clemson_p051_c1_grm_std_uni,1,7.335202693939209,-5.6497039794921875,1
Clemson_p051_c1_grm_std_uni,1,6.886327743530273,-5.4691853523254395,1
Clemson_p051_c1_grm_std_uni,1,6.446892261505127,-5.2291107177734375,1
Clemson_p051_c1_grm_std_uni,1,6.071993827819824,-5.115790843963623,1
Clemson_p051_c1_grm_std_uni,1,5.584900379180908,-4.520351886749268,1
Clemson_p051_c1_grm_std_uni,1,6.232306480407715,-4.556005001068115,1
Clemson_p051_c1_grm_std_uni,1,6.989947319030762,-5.102869987487793,1
Clemson_p051_c1_grm_std_uni,1,7.262174129486084,-5.2243266105651855,1
Clemson_p051_c1_grm_std_uni,1,7.739876747131348,-5.723278999328613,1
Clemson_p051_c1_grm_std_uni,1,7.684732913970947,-5.908422470092773,1
Clemson_p051_c1_grm_std_uni,1,7.679830551147461,-6.14309549331665,1
Clemson_p051_c1_grm_std_uni,1,6.879364490509033,-5.552525520324707,1
Clemson_p051_c1_grm_std_uni,1,6.429235458374023,-4.828405857086182,1
Clemson_p051_c1_grm_std_uni,1,7.498598575592041,-5.920289039611816,1
Clemson_p051_c1_grm_std_uni,1,7.651305675506592,-6.1919660568237305,1
Clemson_p051_c1_grm_std_uni,1,7.216766357421875,-5.944045066833496,1
Clemson_p051_c1_grm_std_uni,1,6.095663547515869,-4.61836051940918,1
Clemson_p051_c1_grm_std_uni,1,6.658937454223633,-5.150867938995361,1
Clemson_p051_c1_grm_std_uni,1,8.086333274841309,-6.43808126449585,1
Clemson_p051_c1_grm_std_uni,1,7.294022083282471,-6.158602714538574,1
Clemson_p051_c1_grm_std_uni,1,6.119686603546143,-5.208933353424072,1
Clemson_p051_c1_grm_std_uni,1,6.333780765533447,-4.945700645446777,1
Clemson_p051_c1_grm_std_uni,1,7.231704235076904,-5.67945671081543,1
Clemson_p051_c1_grm_std_uni,1,7.381895542144775,-5.816056251525879,1
Clemson_p051_c1_grm_std_uni,1,7.102532386779785,-5.614190578460693,1
Clemson_p051_c1_grm_std_uni,1,6.806653022766113,-5.423197269439697,1
Clemson_p051_c1_grm_std_uni,1,7.366123676300049,-5.80422306060791,1
Clemson_p051_c1_grm_std_uni,1,7.806368827819824,-6.233341693878174,1
Clemson_p051_c1_grm_std_uni,1,7.298129558563232,-5.886618614196777,1
Clemson_p051_c1_grm_std_uni,1,6.290682792663574,-4.913949012756348,1
Clemson_p051_c1_grm_std_uni,1,6.8205246925354,-5.1971235275268555,1
Clemson_p051_c1_grm_std_uni,1,6.258746147155762,-4.684534549713135,1
Clemson_p051_c1_grm_std_uni,1,6.965552806854248,-5.3819193840026855,1
Clemson_p051_c1_grm_std_uni,1,6.984403610229492,-5.61841344833374,1
Clemson_p051_c1_grm_std_uni,1,6.859116077423096,-5.47892951965332,1
Clemson_p051_c1_grm_std_uni,1,5.66084098815918,-4.606596946716309,1
Clemson_p051_c1_grm_std_uni,1,5.221914768218994,-4.128089904785156,1
Clemson_p051_c1_grm_std_uni,1,4.639426231384277,-3.770615339279175,1
Clemson_p051_c1_grm_std_uni,1,5.102667331695557,-4.168755531311035,1
Clemson_p051_c1_grm_std_uni,1,5.14418363571167,-4.407140254974365,1
Clemson_p051_c1_grm_std_uni,1,5.848720073699951,-4.899581432342529,1
Clemson_p051_c1_grm_std_uni,1,6.435091495513916,-5.54110050201416,1
Clemson_p051_c1_grm_std_uni,1,7.1838459968566895,-5.563003063201904,1
Clemson_p051_c1_grm_std_uni,1,6.63463830947876,-5.06788969039917,1
Clemson_p051_c1_grm_std_uni,1,6.282795429229736,-4.711233139038086,1
Clemson_p051_c1_grm_std_uni,1,6.8650431632995605,-5.282299995422363,1
Clemson_p051_c1_grm_std_uni,1,7.7092766761779785,-6.211382865905762,1
Clemson_p051_c1_grm_std_uni,1,8.219976425170898,-6.700652599334717,1
Clemson_p051_c1_grm_std_uni,1,6.708337306976318,-5.420704364776611,1
Clemson_p051_c1_grm_std_uni,1,5.5870280265808105,-4.20526647567749,1
Clemson_p051_c1_grm_std_uni,1,5.7401909828186035,-4.5018486976623535,1
Clemson_p051_c1_grm_std_uni,1,5.773136615753174,-4.540105819702148,1
Clemson_p051_c1_grm_std_uni,1,6.208207607269287,-4.803876876831055,1
Clemson_p051_c1_grm_std_uni,1,7.9562177658081055,-6.076395034790039,1
Clemson_p051_c1_grm_std_uni,1,7.890892028808594,-5.892427444458008,1
Clemson_p051_c1_grm_std_uni,1,7.110311031341553,-5.355924129486084,1
Clemson_p051_c1_grm_std_uni,1,6.3982744216918945,-4.674241542816162,1
Clemson_p051_c1_grm_std_uni,1,5.734695911407471,-3.9170846939086914,1
Clemson_p051_c1_grm_std_uni,1,6.403184413909912,-4.796600818634033,1
Clemson_p051_c1_grm_std_uni,1,6.626258850097656,-5.293023586273193,1
Clemson_p051_c1_grm_std_uni,1,6.731103897094727,-5.598345756530762,1
Clemson_p051_c1_grm_std_uni,1,6.8486456871032715,-5.830991268157959,1
Clemson_p051_c1_grm_std_uni,1,6.5916290283203125,-5.768529891967773,1
Clemson_p051_c1_grm_std_uni,1,6.009713172912598,-5.1003098487854,1
Clemson_p051_c1_grm_std_uni,1,4.862544536590576,-3.653722047805786,1
Clemson_p051_c1_grm_std_uni,1,4.8454203605651855,-3.8038277626037598,1
Clemson_p051_c1_grm_std_uni,1,7.103238105773926,-6.258491516113281,1
Clemson_p051_c1_grm_std_uni,1,7.517622947692871,-6.496150493621826,1
Clemson_p051_c1_grm_std_uni,1,6.7879509925842285,-6.1708173751831055,1
Clemson_p051_c1_grm_std_uni,1,6.195924758911133,-5.833624362945557,1
Clemson_p051_c1_grm_std_uni,1,6.139903545379639,-5.57830810546875,1
Clemson_p051_c1_grm_std_uni,1,6.600820064544678,-6.119062423706055,1
Clemson_p051_c1_grm_std_uni,1,6.644618034362793,-6.102505683898926,1
Clemson_p051_c1_grm_std_uni,1,4.651919841766357,-4.854348182678223,1
Clemson_p051_c1_grm_std_uni,1,3.8456575870513916,-3.591224193572998,1
Clemson_p051_c1_grm_std_uni,1,4.510948657989502,-3.459973096847534,1
Clemson_p051_c1_grm_std_uni,1,6.030298709869385,-4.705313205718994,1
Clemson_p051_c1_grm_std_uni,1,7.882319450378418,-6.650513172149658,1
Clemson_p051_c1_grm_std_uni,1,7.655287265777588,-6.253298282623291,1
Clemson_p051_c1_grm_std_uni,1,4.671602249145508,-3.4327080249786377,1
Clemson_p051_c1_grm_std_uni,1,4.114831447601318,-2.7066502571105957,1
Clemson_p051_c1_grm_std_uni,1,5.670992374420166,-4.374343395233154,1
Clemson_p051_c1_grm_std_uni,1,7.030342102050781,-5.550530910491943,1
Clemson_p051_c1_grm_std_uni,1,7.157172203063965,-5.909233570098877,1
Clemson_p051_c1_grm_std_uni,1,6.914246082305908,-5.845349311828613,1
Clemson_p051_c1_grm_std_uni,1,6.484577655792236,-5.568208694458008,1
Clemson_p051_c1_grm_std_uni,1,6.496797561645508,-5.544543266296387,1
Clemson_p051_c1_grm_std_uni,1,6.6919145584106445,-5.953275680541992,1
Clemson_p051_c1_grm_std_uni,1,7.004836559295654,-6.222054481506348,1
Clemson_p051_c1_grm_std_uni,1,5.602818965911865,-4.902093887329102,1
Clemson_p051_c1_grm_std_uni,1,5.2204742431640625,-3.93982195854187,1
Clemson_p051_c1_grm_std_uni,1,6.18184757232666,-4.735978603363037,1
Clemson_p051_c1_grm_std_uni,1,6.790892124176025,-5.272225379943848,1
Clemson_p051_c1_grm_std_uni,1,6.875627517700195,-5.605401992797852,1
Clemson_p051_c1_grm_std_uni,1,6.776402473449707,-5.979252815246582,1
Clemson_p051_c1_grm_std_uni,1,6.316945552825928,-5.762621879577637,1
Clemson_p051_c1_grm_std_uni,1,5.603416919708252,-4.9789276123046875,1
Clemson_p051_c1_grm_std_uni,1,4.815035820007324,-4.0262837409973145,1
Clemson_p051_c1_grm_std_uni,1,5.982856750488281,-5.253879070281982,1
Clemson_p051_c1_grm_std_uni,1,6.454129695892334,-5.687509536743164,1
Clemson_p051_c1_grm_std_uni,1,6.426381587982178,-5.540428161621094,1
Clemson_p051_c1_grm_std_uni,1,6.635250568389893,-5.606877326965332,1
Clemson_p051_c1_grm_std_uni,1,6.375584602355957,-5.497178554534912,1
Clemson_p051_c1_grm_std_uni,1,6.126328945159912,-5.164676189422607,1
Clemson_p051_c1_grm_std_uni,1,6.269052982330322,-5.152531623840332,1
Clemson_p051_c1_grm_std_uni,1,5.952703475952148,-4.765570640563965,1
Clemson_p051_c1_grm_std_uni,1,5.909676551818848,-4.568036079406738,1
Clemson_p051_c1_grm_std_uni,1,5.260750770568848,-3.8241658210754395,1
Clemson_p051_c1_grm_std_uni,1,5.984001159667969,-4.508243083953857,1
Clemson_p051_c1_grm_std_uni,1,6.646873474121094,-5.17555570602417,1
Clemson_p051_c1_grm_std_uni,1,6.456587791442871,-5.1045708656311035,1
Clemson_p051_c1_grm_std_uni,1,6.633623123168945,-5.39325475692749,1
Clemson_p051_c1_grm_std_uni,1,6.629244804382324,-5.648669242858887,1
Clemson_p051_c1_grm_std_uni,1,6.452731609344482,-5.654656887054443,1
Clemson_p051_c1_grm_std_uni,1,6.10978364944458,-5.25626802444458,1
Clemson_p051_c1_grm_std_uni,1,5.59221076965332,-4.942234992980957,1
Clemson_p051_c1_grm_std_uni,1,5.338735580444336,-4.801412105560303,1
Clemson_p051_c1_grm_std_uni,1,4.001584529876709,-3.879350423812866,1
Clemson_p051_c1_grm_std_uni,1,4.540189266204834,-4.434742450714111,1
Clemson_p051_c1_grm_std_uni,1,5.3201584815979,-5.446916580200195,1
Clemson_p051_c1_grm_std_uni,1,5.496551513671875,-5.552927494049072,1
Clemson_p051_c1_grm_std_uni,1,5.43096923828125,-5.395954608917236,1
Clemson_p051_c1_grm_std_uni,1,5.248158931732178,-5.397064685821533,1
Clemson_p051_c1_grm_std_uni,1,5.866554260253906,-5.928988933563232,1
Clemson_p051_c1_grm_std_uni,1,5.759214401245117,-5.495400428771973,1
Clemson_p051_c1_grm_std_uni,1,5.00978422164917,-4.602878093719482,1
Clemson_p051_c1_grm_std_uni,1,4.403677940368652,-3.801239252090454,1
Clemson_p051_c1_grm_std_uni,1,4.039490699768066,-3.1488630771636963,1
Clemson_p051_c1_grm_std_uni,1,4.2114481925964355,-2.991472005844116,1
Clemson_p051_c1_grm_std_uni,1,5.651220321655273,-4.626317501068115,1
Clemson_p051_c1_grm_std_uni,1,6.431384563446045,-5.672454833984375,1
Clemson_p051_c1_grm_std_uni,1,5.32115364074707,-4.016395092010498,1
Clemson_p051_c1_grm_std_uni,1,5.650169372558594,-4.073573589324951,1
Clemson_p051_c1_grm_std_uni,1,6.374745845794678,-4.999360084533691,1
Clemson_p051_c1_grm_std_uni,1,6.250368595123291,-4.655703544616699,1
Clemson_p051_c1_grm_std_uni,1,6.057231426239014,-4.430829048156738,1
Clemson_p051_c1_grm_std_uni,1,6.964764595031738,-5.661745548248291,1
Clemson_p051_c1_grm_std_uni,1,7.688776969909668,-6.4369893074035645,1
Clemson_p051_c1_grm_std_uni,1,7.756638526916504,-6.631612777709961,1
Clemson_p051_c1_grm_std_uni,1,7.238579273223877,-6.337690353393555,1
Clemson_p051_c1_grm_std_uni,1,6.475956916809082,-5.494178771972656,1
Clemson_p051_c1_grm_std_uni,1,5.855020046234131,-4.3994598388671875,1
Clemson_p051_c1_grm_std_uni,1,6.351983547210693,-4.93118143081665,1
Clemson_p051_c1_grm_std_uni,1,7.436251163482666,-6.365329265594482,1
Clemson_p051_c1_grm_std_uni,1,7.60872220993042,-6.553385257720947,1
Clemson_p051_c1_grm_std_uni,1,7.013899803161621,-6.00075626373291,1
Clemson_p051_c1_grm_std_uni,1,6.181290626525879,-5.339869976043701,1
Clemson_p051_c1_grm_std_uni,1,7.261694431304932,-6.448338508605957,1
Clemson_p051_c1_grm_std_uni,1,8.024482727050781,-6.747031211853027,1
Clemson_p051_c1_grm_std_uni,1,7.465352535247803,-6.061249256134033,1
Clemson_p051_c1_grm_std_uni,1,6.514484882354736,-5.489836692810059,1
Clemson_p051_c1_grm_std_uni,1,7.321753978729248,-6.243466377258301,1
Clemson_p051_c1_grm_std_uni,1,7.032986164093018,-6.048285961151123,1
Clemson_p051_c1_grm_std_uni,1,5.933043479919434,-5.028863906860352,1
Clemson_p051_c1_grm_std_uni,1,5.307480335235596,-4.027320384979248,1
Clemson_p051_c1_grm_std_uni,1,5.77440881729126,-4.167905807495117,1
Clemson_p051_c1_grm_std_uni,1,6.645360469818115,-4.747868061065674,1
Clemson_p051_c1_grm_std_uni,1,7.788728713989258,-5.804642677307129,1
Clemson_p051_c1_grm_std_uni,1,6.996656894683838,-5.719494342803955,1
Clemson_p051_c1_grm_std_uni,1,6.971197128295898,-6.083120822906494,1
Clemson_p051_c1_grm_std_uni,1,6.957457065582275,-5.979536056518555,1
Clemson_p051_c1_grm_std_uni,1,7.145761966705322,-6.0392985343933105,1
Clemson_p051_c1_grm_std_uni,1,6.446460247039795,-5.272147178649902,1
Clemson_p051_c1_grm_std_uni,1,7.069967746734619,-5.812833786010742,1
Clemson_p051_c1_grm_std_uni,1,7.288949966430664,-6.530807971954346,1
Clemson_p051_c1_grm_std_uni,1,7.065080642700195,-6.256129264831543,1
Clemson_p051_c1_grm_std_uni,1,6.92375373840332,-5.735298156738281,1
Clemson_p051_c1_grm_std_uni,1,6.289179801940918,-4.992367744445801,1
Clemson_p051_c1_grm_std_uni,1,5.611729621887207,-4.7493696212768555,1
Clemson_p051_c1_grm_std_uni,1,4.736077308654785,-4.4754252433776855,1
Clemson_p051_c1_grm_std_uni,1,3.7577226161956787,-3.4788105487823486,1
Clemson_p051_c1_grm_std_uni,1,4.096034049987793,-3.4016647338867188,1
Clemson_p051_c1_grm_std_uni,1,6.071288108825684,-5.178054332733154,1
Clemson_p051_c1_grm_std_uni,1,5.878307819366455,-5.045897960662842,1
Clemson_p051_c1_grm_std_uni,1,5.523012638092041,-4.856292247772217,1
Clemson_p051_c1_grm_std_uni,1,5.4119648933410645,-4.97725772857666,1
Clemson_p051_c1_grm_std_uni,1,5.781274795532227,-5.1595869064331055,1
Clemson_p051_c1_grm_std_uni,1,5.698853492736816,-5.049195289611816,1
Clemson_p051_c1_grm_std_uni,1,5.950867652893066,-5.236166954040527,1
Clemson_p051_c1_grm_std_uni,1,4.28310489654541,-3.8138842582702637,1
Clemson_p051_c1_grm_std_uni,1,3.333852529525757,-2.3389387130737305,1
Clemson_p051_c1_grm_std_uni,1,5.333490371704102,-4.33368444442749,1
Clemson_p051_c1_grm_std_uni,1,7.227506160736084,-6.566874027252197,1
Clemson_p051_c1_grm_std_uni,1,7.435660362243652,-6.191712856292725,1
Clemson_p051_c1_grm_std_uni,1,5.782785415649414,-4.516942024230957,1
Clemson_p051_c1_grm_std_uni,1,6.752050399780273,-5.394270896911621,1
Clemson_p051_c1_grm_std_uni,1,7.250681400299072,-5.940308094024658,1
Clemson_p051_c1_grm_std_uni,1,6.654078960418701,-5.4437127113342285,1
Clemson_p051_c1_grm_std_uni,1,6.746203899383545,-5.573991775512695,1
Clemson_p051_c1_grm_std_uni,1,6.6618852615356445,-5.6853437423706055,1
Clemson_p051_c1_grm_std_uni,1,6.430537223815918,-5.785677909851074,1
Clemson_p051_c1_grm_std_uni,1,6.327481746673584,-5.679020404815674,1
Clemson_p051_c1_grm_std_uni,1,6.185308456420898,-5.637182712554932,1
Clemson_p051_c1_grm_std_uni,1,5.945746421813965,-5.390507221221924,1
Clemson_p051_c1_grm_std_uni,1,4.897287368774414,-4.438954830169678,1
Clemson_p051_c1_grm_std_uni,1,5.792052268981934,-4.979964256286621,1
Clemson_p051_c1_grm_std_uni,1,4.9738945960998535,-3.9769270420074463,1
Clemson_p051_c1_grm_std_uni,1,5.270392417907715,-4.7146759033203125,1
Clemson_p051_c1_grm_std_uni,1,5.823077201843262,-5.111045837402344,1
Clemson_p051_c1_grm_std_uni,1,7.001669406890869,-5.703481197357178,1
Clemson_p051_c1_grm_std_uni,1,6.8456339836120605,-5.493655204772949,1
Clemson_p051_c1_grm_std_uni,1,6.124012470245361,-4.727061748504639,1
Clemson_p051_c1_grm_std_uni,1,6.044821739196777,-4.932222843170166,1
Clemson_p051_c1_grm_std_uni,1,6.270391464233398,-5.495169162750244,1
Clemson_p051_c1_grm_std_uni,1,6.33552360534668,-5.918280601501465,1
Clemson_p051_c1_grm_std_uni,1,5.918484687805176,-5.845705986022949,1
Clemson_p051_c1_grm_std_uni,1,6.003576278686523,-5.88845682144165,1
Clemson_p051_c1_grm_std_uni,1,6.0187602043151855,-5.6353254318237305,1
Clemson_p051_c1_grm_std_uni,1,5.771815776824951,-5.168285846710205,1
Clemson_p051_c1_grm_std_uni,1,5.918482780456543,-5.186573505401611,1
Clemson_p051_c1_grm_std_uni,1,6.389756202697754,-5.1743364334106445,1
Clemson_p051_c1_grm_std_uni,1,6.1941423416137695,-4.683197498321533,1
Clemson_p051_c1_grm_std_uni,1,6.179815769195557,-5.433488845825195,1
Clemson_p051_c1_grm_std_uni,1,6.712815761566162,-6.305543899536133,1
Clemson_p051_c1_grm_std_uni,1,6.308207035064697,-5.994566440582275,1
Clemson_p051_c1_grm_std_uni,1,5.890030860900879,-5.891583442687988,1
Clemson_p051_c1_grm_std_uni,1,5.7909393310546875,-5.654138088226318,1
Clemson_p051_c1_grm_std_uni,1,5.744647026062012,-5.0665717124938965,1
Clemson_p051_c1_grm_std_uni,1,4.642712116241455,-3.645211935043335,1
Clemson_p051_c1_grm_std_uni,1,5.528266906738281,-5.050083637237549,1
Clemson_p051_c1_grm_std_uni,1,6.315988063812256,-6.348917484283447,1
Clemson_p051_c1_grm_std_uni,1,5.700438022613525,-6.057476997375488,1
Clemson_p051_c1_grm_std_uni,1,5.303645610809326,-5.714608192443848,1
Clemson_p051_c1_grm_std_uni,1,5.283621311187744,-5.744909763336182,1
Clemson_p051_c1_grm_std_uni,1,5.374417781829834,-5.7936625480651855,1
Clemson_p051_c1_grm_std_uni,1,5.33944845199585,-5.677315711975098,1
Clemson_p051_c1_grm_std_uni,1,5.301146984100342,-5.582123279571533,1
Clemson_p051_c1_grm_std_uni,1,5.377706050872803,-5.565154075622559,1
Clemson_p051_c1_grm_std_uni,1,5.112559795379639,-4.811743259429932,1
Clemson_p051_c1_grm_std_uni,1,4.5014519691467285,-3.549008369445801,1
Clemson_p051_c1_grm_std_uni,1,4.643507480621338,-3.6785900592803955,1
Clemson_p051_c1_grm_std_uni,1,5.065581321716309,-4.1378865242004395,1
Clemson_p051_c1_grm_std_uni,1,4.682282447814941,-3.2146413326263428,1
Clemson_p051_c1_grm_std_uni,1,3.8784708976745605,-2.091298818588257,1
Clemson_p051_c1_grm_std_uni,1,5.532753944396973,-4.767300605773926,1
Clemson_p051_c1_grm_std_uni,1,7.037364482879639,-6.556565761566162,1
Clemson_p051_c1_grm_std_uni,1,8.272147178649902,-7.738615036010742,1
Clemson_p051_c1_grm_std_uni,1,7.48411750793457,-7.277524948120117,1
Clemson_p051_c1_grm_std_uni,1,6.9015374183654785,-6.561892032623291,1
Clemson_p051_c1_grm_std_uni,1,6.127020359039307,-5.910826683044434,1
Clemson_p051_c1_grm_std_uni,1,5.4976935386657715,-5.562676429748535,1
Clemson_p051_c1_grm_std_uni,1,5.412478446960449,-5.4869608879089355,1
Clemson_p051_c1_grm_std_uni,1,5.284177780151367,-5.2703537940979,1
Clemson_p051_c1_grm_std_uni,1,5.786135673522949,-5.470494270324707,1
Clemson_p051_c1_grm_std_uni,1,6.164661884307861,-5.752541542053223,1
Clemson_p051_c1_grm_std_uni,1,6.603978633880615,-6.0781426429748535,1
Clemson_p051_c1_grm_std_uni,1,6.35903263092041,-5.872781276702881,1
Clemson_p051_c1_grm_std_uni,1,6.172547817230225,-5.705888748168945,1
Clemson_p051_c1_grm_std_uni,1,6.064720153808594,-5.603822231292725,1
Clemson_p051_c1_grm_std_uni,1,6.013394355773926,-5.535383701324463,1
Clemson_p051_c1_grm_std_uni,1,6.064830303192139,-5.551353931427002,1
Clemson_p051_c1_grm_std_uni,1,6.047037124633789,-5.515558242797852,1
Clemson_p051_c1_grm_std_uni,1,5.744685173034668,-5.130120277404785,1
Clemson_p051_c1_grm_std_uni,1,6.037225246429443,-5.178493976593018,1
Clemson_p051_c1_grm_std_uni,1,6.165743827819824,-5.064684867858887,1
Clemson_p051_c1_grm_std_uni,1,6.201729774475098,-4.778149604797363,1
Clemson_p051_c1_grm_std_uni,1,6.631367206573486,-4.967469215393066,1
Clemson_p051_c1_grm_std_uni,1,6.543188095092773,-4.902432441711426,1
Clemson_p051_c1_grm_std_uni,1,6.835779190063477,-5.2068586349487305,1
Clemson_p051_c1_grm_std_uni,1,6.605573654174805,-5.308508396148682,1
Clemson_p051_c1_grm_std_uni,1,6.2707061767578125,-5.236728191375732,1
Clemson_p051_c1_grm_std_uni,1,6.0193657875061035,-5.175009250640869,1
Clemson_p051_c1_grm_std_uni,1,6.0018510818481445,-5.299870491027832,1
Clemson_p051_c1_grm_std_uni,1,5.98547887802124,-5.357476711273193,1
Clemson_p051_c1_grm_std_uni,1,5.976674556732178,-5.3103108406066895,1
Clemson_p051_c1_grm_std_uni,1,6.058011531829834,-5.291778087615967,1
Clemson_p051_c1_grm_std_uni,1,6.246094226837158,-5.295742511749268,1
Clemson_p051_c1_grm_std_uni,1,6.264523506164551,-5.26774263381958,1
Clemson_p051_c1_grm_std_uni,1,6.261998653411865,-5.280064582824707,1
Clemson_p051_c1_grm_std_uni,1,6.189999103546143,-5.302966117858887,1
Clemson_p051_c1_grm_std_uni,1,5.908041477203369,-5.274011611938477,1
Clemson_p051_c1_grm_std_uni,1,5.609832286834717,-5.206865310668945,1
Clemson_p051_c1_grm_std_uni,1,5.422155380249023,-5.113125801086426,1
Clemson_p051_c1_grm_std_uni,1,5.427165508270264,-5.184239864349365,1
Clemson_p051_c1_grm_std_uni,1,4.2288665771484375,-4.158644676208496,1
Clemson_p051_c1_grm_std_uni,1,2.4907422065734863,-2.134260654449463,1
Clemson_p051_c1_grm_std_uni,1,2.199549436569214,-1.1147717237472534,1
Clemson_p051_c1_grm_std_uni,1,2.8755757808685303,-0.9505066275596619,1
Clemson_p051_c1_grm_std_uni,1,4.279354572296143,-2.3928327560424805,1
Clemson_p051_c1_grm_std_uni,1,5.216805934906006,-3.59362530708313,1
Clemson_p051_c1_grm_std_uni,1,6.302903652191162,-4.677688121795654,1
Clemson_p051_c1_grm_std_uni,1,6.5733184814453125,-5.065745830535889,1
Clemson_p051_c1_grm_std_uni,1,6.970564365386963,-5.061264514923096,1
Clemson_p051_c1_grm_std_uni,1,6.487132549285889,-4.515923023223877,1
Clemson_p051_c1_grm_std_uni,1,7.231383323669434,-5.083294868469238,1
Clemson_p051_c1_grm_std_uni,1,7.276944637298584,-5.209145545959473,1
Clemson_p051_c1_grm_std_uni,1,6.808352470397949,-5.299242973327637,1
Clemson_p051_c1_grm_std_uni,1,6.346305847167969,-5.21877384185791,1
Clemson_p051_c1_grm_std_uni,1,5.974469184875488,-4.818798542022705,1
Clemson_p051_c1_grm_std_uni,1,6.492673397064209,-5.143205642700195,1
Clemson_p051_c1_grm_std_uni,1,7.38308048248291,-5.592518329620361,1
Clemson_p051_c1_grm_std_uni,1,7.405867576599121,-5.275501728057861,1
Clemson_p051_c1_grm_std_uni,1,5.069944381713867,-3.4843485355377197,1
Clemson_p051_c1_grm_std_uni,1,3.9188904762268066,-1.9088356494903564,1
Clemson_p051_c1_grm_std_uni,1,4.974967002868652,-3.323272943496704,1
Clemson_p051_c1_grm_std_uni,1,7.189599990844727,-5.594168663024902,1
Clemson_p051_c1_grm_std_uni,1,7.002458572387695,-6.159353733062744,1
Clemson_p051_c1_grm_std_uni,1,6.5201096534729,-6.247413635253906,1
Clemson_p051_c1_grm_std_uni,1,6.1707072257995605,-5.989696979522705,1
Clemson_p051_c1_grm_std_uni,1,6.0164875984191895,-5.713584899902344,1
Clemson_p051_c1_grm_std_uni,1,5.76533842086792,-5.396996974945068,1
Clemson_p051_c1_grm_std_uni,1,5.668190002441406,-5.368029594421387,1
Clemson_p051_c1_grm_std_uni,1,5.528188705444336,-5.32981014251709,1
Clemson_p051_c1_grm_std_uni,1,5.760296821594238,-5.493990421295166,1
Clemson_p051_c1_grm_std_uni,1,5.824580669403076,-5.491339683532715,1
Clemson_p051_c1_grm_std_uni,1,5.916249752044678,-5.459644794464111,1
Clemson_p051_c1_grm_std_uni,1,5.675590991973877,-5.15911340713501,1
Clemson_p051_c1_grm_std_uni,1,5.1571245193481445,-4.465838432312012,1
Clemson_p051_c1_grm_std_uni,1,5.626862525939941,-4.6142258644104,1
Clemson_p051_c1_grm_std_uni,1,6.257423400878906,-5.01877498626709,1
Clemson_p051_c1_grm_std_uni,1,6.494305610656738,-5.180882453918457,1
Clemson_p051_c1_grm_std_uni,1,6.592780113220215,-5.221574306488037,1
Clemson_p051_c1_grm_std_uni,1,6.875128746032715,-5.329039573669434,1
Clemson_p051_c1_grm_std_uni,1,6.375879764556885,-4.645083904266357,1
Clemson_p051_c1_grm_std_uni,1,5.23367166519165,-3.478778839111328,1
Clemson_p051_c1_grm_std_uni,1,5.071239948272705,-3.5646045207977295,1
Clemson_p051_c1_grm_std_uni,1,6.438622951507568,-5.013670921325684,1
Clemson_p051_c1_grm_std_uni,1,7.030562877655029,-5.494813442230225,1
Clemson_p051_c1_grm_std_uni,1,6.8932785987854,-5.628604412078857,1
Clemson_p051_c1_grm_std_uni,1,6.345622539520264,-5.1619648933410645,1
Clemson_p051_c1_grm_std_uni,1,4.98007869720459,-3.9794111251831055,1
Clemson_p051_c1_grm_std_uni,1,5.175737380981445,-3.8316986560821533,1
Clemson_p051_c1_grm_std_uni,1,6.395083427429199,-4.826416015625,1
Clemson_p051_c1_grm_std_uni,1,7.916681289672852,-6.058110237121582,1
Clemson_p051_c1_grm_std_uni,1,8.11518669128418,-6.081553936004639,1
Clemson_p051_c1_grm_std_uni,1,6.905150890350342,-5.536035537719727,1
Clemson_p051_c1_grm_std_uni,1,5.628247261047363,-4.771111011505127,1
Clemson_p051_c1_grm_std_uni,1,5.803868293762207,-4.904413223266602,1
Clemson_p051_c1_grm_std_uni,1,5.880242347717285,-5.155684471130371,1
Clemson_p051_c1_grm_std_uni,1,5.592128276824951,-4.985079288482666,1
Clemson_p051_c1_grm_std_uni,1,5.5488715171813965,-4.735687255859375,1
Clemson_p051_c1_grm_std_uni,1,5.799230098724365,-4.630116939544678,1
Clemson_p051_c1_grm_std_uni,1,5.638033390045166,-4.286585807800293,1
Clemson_p051_c1_grm_std_uni,1,5.449941158294678,-4.234886646270752,1
Clemson_p051_c1_grm_std_uni,1,5.039856433868408,-4.216475486755371,1
Clemson_p051_c1_grm_std_uni,1,4.966270923614502,-4.469040870666504,1
Clemson_p051_c1_grm_std_uni,1,5.072226524353027,-4.59678316116333,1
Clemson_p051_c1_grm_std_uni,1,5.038766384124756,-4.490572929382324,1
Clemson_p051_c1_grm_std_uni,1,4.9663310050964355,-4.300211429595947,1
Clemson_p051_c1_grm_std_uni,1,4.981974124908447,-4.10347843170166,1
Clemson_p051_c1_grm_std_uni,1,5.081636905670166,-3.9518346786499023,1
Clemson_p051_c1_grm_std_uni,1,5.2386474609375,-4.272393703460693,1
Clemson_p051_c1_grm_std_uni,1,5.410932540893555,-4.4476470947265625,1
Clemson_p051_c1_grm_std_uni,1,4.985572814941406,-4.291045665740967,1
Clemson_p051_c1_grm_std_uni,1,1.4427144527435303,-1.388144850730896,1
Clemson_p051_c1_grm_std_uni,1,2.3822433948516846,-0.4574514627456665,1
Clemson_p051_c1_grm_std_uni,1,5.5016279220581055,-3.792842388153076,1
Clemson_p051_c1_grm_std_uni,1,7.506842613220215,-5.570512294769287,1
Clemson_p051_c1_grm_std_uni,1,8.40212345123291,-6.431290626525879,1
Clemson_p051_c1_grm_std_uni,1,7.559971809387207,-5.833555221557617,1
Clemson_p051_c1_grm_std_uni,1,6.553718566894531,-5.71024227142334,1
Clemson_p051_c1_grm_std_uni,1,6.556719779968262,-5.867239475250244,1
Clemson_p051_c1_grm_std_uni,1,6.4229512214660645,-5.306410312652588,1
Clemson_p051_c1_grm_std_uni,1,6.1779069900512695,-5.083974838256836,1
Clemson_p051_c1_grm_std_uni,1,6.761347770690918,-5.742010116577148,1
Clemson_p051_c1_grm_std_uni,1,6.577687740325928,-5.654677391052246,1
Clemson_p051_c1_grm_std_uni,1,6.206854343414307,-5.4012532234191895,1
Clemson_p051_c1_grm_std_uni,1,5.923673152923584,-5.226780414581299,1
Clemson_p051_c1_grm_std_uni,1,5.663774490356445,-5.028016090393066,1
Clemson_p051_c1_grm_std_uni,1,5.494888782501221,-5.0126824378967285,1
Clemson_p051_c1_grm_std_uni,1,5.2501983642578125,-4.827905654907227,1
Clemson_p051_c1_grm_std_uni,1,4.9665632247924805,-4.524569034576416,1
Clemson_p051_c1_grm_std_uni,1,4.578782081604004,-3.9683849811553955,1
Clemson_p051_c1_grm_std_uni,1,4.90945291519165,-4.056980609893799,1
Clemson_p051_c1_grm_std_uni,1,5.341466426849365,-4.3914265632629395,1
Clemson_p051_c1_grm_std_uni,1,4.922484397888184,-4.113614559173584,1
Clemson_p051_c1_grm_std_uni,1,4.6781816482543945,-4.107029438018799,1
Clemson_p051_c1_grm_std_uni,1,4.625061988830566,-4.190006732940674,1
Clemson_p051_c1_grm_std_uni,1,4.544724464416504,-4.165074348449707,1
Clemson_p051_c1_grm_std_uni,1,4.781282424926758,-4.469399929046631,1
Clemson_p051_c1_grm_std_uni,1,4.956175804138184,-4.655908584594727,1
Clemson_p051_c1_grm_std_uni,1,5.120271682739258,-4.911130905151367,1
Clemson_p051_c1_grm_std_uni,1,4.884843826293945,-4.787111759185791,1
Clemson_p051_c1_grm_std_uni,1,4.253776550292969,-4.243506908416748,1
Clemson_p051_c1_grm_std_uni,1,3.0124943256378174,-3.0180933475494385,1
Clemson_p051_c1_grm_std_uni,1,3.3860349655151367,-2.7940526008605957,1
Clemson_p051_c1_grm_std_uni,1,3.9805748462677,-2.8005166053771973,1
Clemson_p051_c1_grm_std_uni,1,5.186135292053223,-4.01492977142334,1
Clemson_p051_c1_grm_std_uni,1,5.293426036834717,-4.416539669036865,1
Clemson_p051_c1_grm_std_uni,1,5.176679611206055,-4.689788818359375,1
Clemson_p051_c1_grm_std_uni,1,5.0501179695129395,-4.814492702484131,1
Clemson_p051_c1_grm_std_uni,1,5.01447057723999,-4.8306145668029785,1
Clemson_p051_c1_grm_std_uni,1,5.088511943817139,-4.918909549713135,1
Clemson_p051_c1_grm_std_uni,1,4.704930305480957,-4.399904727935791,1
Clemson_p051_c1_grm_std_uni,1,3.878495216369629,-3.464416027069092,1
Clemson_p051_c1_grm_std_uni,1,2.978842258453369,-2.3683979511260986,1
Clemson_p051_c1_grm_std_uni,1,2.2197608947753906,-1.0440629720687866,1
Clemson_p051_c1_grm_std_uni,1,3.6886284351348877,-2.4783103466033936,1
Clemson_p051_c1_grm_std_uni,1,5.481896877288818,-4.4084649085998535,1
Clemson_p051_c1_grm_std_uni,1,7.400161266326904,-5.962469577789307,1
Clemson_p051_c1_grm_std_uni,1,8.153402328491211,-6.0039520263671875,1
Clemson_p051_c1_grm_std_uni,1,8.39534854888916,-6.049771785736084,1
Clemson_p051_c1_grm_std_uni,1,7.864830017089844,-5.670123100280762,1
Clemson_p051_c1_grm_std_uni,1,7.956101894378662,-5.940433979034424,1
Clemson_p051_c1_grm_std_uni,1,6.956747531890869,-5.240661144256592,1
Clemson_p051_c1_grm_std_uni,1,7.4876389503479,-5.79900598526001,1
Clemson_p051_c1_grm_std_uni,1,7.7868804931640625,-6.13027811050415,1
Clemson_p051_c1_grm_std_uni,1,7.449440002441406,-6.21808385848999,1
Clemson_p051_c1_grm_std_uni,1,7.117319583892822,-6.077581882476807,1
Clemson_p051_c1_grm_std_uni,1,6.831881999969482,-5.825284004211426,1
Clemson_p051_c1_grm_std_uni,1,6.5163445472717285,-5.602898597717285,1
Clemson_p051_c1_grm_std_uni,1,6.620682239532471,-5.683405876159668,1
Clemson_p051_c1_grm_std_uni,1,6.697739124298096,-5.848985195159912,1
Clemson_p051_c1_grm_std_uni,1,6.806149482727051,-5.778947353363037,1
Clemson_p051_c1_grm_std_uni,1,6.3582258224487305,-5.367368698120117,1
Clemson_p051_c1_grm_std_uni,1,5.398840427398682,-4.422276973724365,1
Clemson_p051_c1_grm_std_uni,1,5.109488010406494,-4.105240821838379,1
Clemson_p051_c1_grm_std_uni,1,6.047556400299072,-4.622306823730469,1
Clemson_p051_c1_grm_std_uni,1,5.823239326477051,-4.707928657531738,1
Clemson_p051_c1_grm_std_uni,1,5.310746669769287,-4.5481181144714355,1
Clemson_p051_c1_grm_std_uni,1,4.111242294311523,-3.6075034141540527,1
Clemson_p051_c1_grm_std_uni,1,3.8722293376922607,-3.0196752548217773,1
Clemson_p051_c1_grm_std_uni,1,4.851659774780273,-3.7068569660186768,1
Clemson_p051_c1_grm_std_uni,1,6.011176586151123,-4.6865410804748535,1
Clemson_p051_c1_grm_std_uni,1,6.161610126495361,-5.092550754547119,1
Clemson_p051_c1_grm_std_uni,1,6.803513526916504,-5.565978050231934,1
Clemson_p051_c1_grm_std_uni,1,6.821986675262451,-5.314075946807861,1
Clemson_p051_c1_grm_std_uni,1,5.774523735046387,-4.61340856552124,1
Clemson_p051_c1_grm_std_uni,1,6.19454288482666,-5.327095031738281,1
Clemson_p051_c1_grm_std_uni,1,5.86198616027832,-5.172610282897949,1
Clemson_p051_c1_grm_std_uni,1,5.873170852661133,-5.125865459442139,1
Clemson_p051_c1_grm_std_uni,1,6.240484237670898,-5.643867492675781,1
Clemson_p051_c1_grm_std_uni,1,6.052545070648193,-5.514640808105469,1
Clemson_p051_c1_grm_std_uni,1,5.733372211456299,-5.204118251800537,1
Clemson_p051_c1_grm_std_uni,1,5.2438554763793945,-4.641926288604736,1
Clemson_p051_c1_grm_std_uni,1,5.09139347076416,-4.537096977233887,1
Clemson_p051_c1_grm_std_uni,1,5.129929065704346,-4.812180519104004,1
Clemson_p051_c1_grm_std_uni,1,5.001543045043945,-4.862278461456299,1
Clemson_p051_c1_grm_std_uni,1,5.023442268371582,-4.815175533294678,1
Clemson_p051_c1_grm_std_uni,1,5.24200439453125,-4.787475109100342,1
Clemson_p051_c1_grm_std_uni,1,5.357776165008545,-4.767275333404541,1
Clemson_p051_c1_grm_std_uni,1,5.4835357666015625,-4.863350868225098,1
Clemson_p051_c1_grm_std_uni,1,5.6252875328063965,-5.000014781951904,1
Clemson_p051_c1_grm_std_uni,1,5.624898910522461,-5.014775276184082,1
Clemson_p051_c1_grm_std_uni,1,5.317704677581787,-4.700320720672607,1
Clemson_p051_c1_grm_std_uni,1,5.235981464385986,-4.388317584991455,1
Clemson_p051_c1_grm_std_uni,1,4.532946586608887,-3.513664484024048,1
Clemson_p051_c1_grm_std_uni,1,4.772980213165283,-3.4967451095581055,1
Clemson_p051_c1_grm_std_uni,1,4.845699787139893,-3.5921318531036377,1
Clemson_p051_c1_grm_std_uni,1,5.93279504776001,-4.566492080688477,1
Clemson_p051_c1_grm_std_uni,1,6.595425605773926,-5.1749749183654785,1
Clemson_p051_c1_grm_std_uni,1,7.005489826202393,-5.768995761871338,1
Clemson_p051_c1_grm_std_uni,1,6.459596633911133,-5.634604454040527,1
Clemson_p051_c1_grm_std_uni,1,6.1025471687316895,-5.470155239105225,1
Clemson_p051_c1_grm_std_uni,1,5.472702980041504,-4.888830184936523,1
Clemson_p051_c1_grm_std_uni,1,5.037970066070557,-4.480615615844727,1
Clemson_p051_c1_grm_std_uni,1,5.021712779998779,-4.670224666595459,1
Clemson_p051_c1_grm_std_uni,1,4.890165328979492,-4.787881374359131,1
Clemson_p051_c1_grm_std_uni,1,4.7246809005737305,-4.656941890716553,1
Clemson_p051_c1_grm_std_uni,1,4.815694332122803,-4.4871602058410645,1
Clemson_p051_c1_grm_std_uni,1,4.907530784606934,-4.271678447723389,1
Clemson_p051_c1_grm_std_uni,1,4.218230247497559,-3.4554190635681152,1
Clemson_p051_c1_grm_std_uni,1,4.820351600646973,-3.7011923789978027,1
Clemson_p051_c1_grm_std_uni,1,5.314770221710205,-4.157660961151123,1
Clemson_p051_c1_grm_std_uni,1,5.097564220428467,-4.47165584564209,1
Clemson_p051_c1_grm_std_uni,1,5.272927284240723,-4.973803520202637,1
Clemson_p051_c1_grm_std_uni,1,5.215041637420654,-5.119093418121338,1
Clemson_p051_c1_grm_std_uni,1,5.296785354614258,-5.2499518394470215,1
Clemson_p051_c1_grm_std_uni,1,5.412588596343994,-5.223902225494385,1
Clemson_p051_c1_grm_std_uni,1,5.5106987953186035,-5.117947101593018,1
Clemson_p051_c1_grm_std_uni,1,5.561079025268555,-5.050649642944336,1
Clemson_p051_c1_grm_std_uni,1,5.475033283233643,-4.951553821563721,1
Clemson_p051_c1_grm_std_uni,1,5.021411418914795,-4.554294109344482,1
Clemson_p051_c1_grm_std_uni,1,3.6186506748199463,-3.56644606590271,1
Clemson_p051_c1_grm_std_uni,1,2.2340481281280518,-1.774308443069458,1
Clemson_p051_c1_grm_std_uni,1,1.7235004901885986,-0.7178540825843811,1
Clemson_p051_c1_grm_std_uni,1,3.252329111099243,-1.876718521118164,1
Clemson_p051_c1_grm_std_uni,1,6.253475666046143,-4.584525108337402,1
Clemson_p051_c1_grm_std_uni,1,7.601332187652588,-5.93847131729126,1
Clemson_p051_c1_grm_std_uni,1,7.515124320983887,-5.801524639129639,1
Clemson_p051_c1_grm_std_uni,1,7.212571620941162,-5.749969959259033,1
Clemson_p051_c1_grm_std_uni,1,6.665101528167725,-5.430056095123291,1
Clemson_p051_c1_grm_std_uni,1,6.428422451019287,-5.293112277984619,1
Clemson_p051_c1_grm_std_uni,1,5.829699516296387,-5.177586555480957,1
Clemson_p051_c1_grm_std_uni,1,6.11005163192749,-5.727941989898682,1
Clemson_p051_c1_grm_std_uni,1,6.474009990692139,-6.220869064331055,1
Clemson_p051_c1_grm_std_uni,1,6.158143043518066,-5.365525722503662,1
Clemson_p051_c1_grm_std_uni,1,4.5941314697265625,-4.136585712432861,1
Clemson_p051_c1_grm_std_uni,1,5.3668742179870605,-5.310460090637207,1
Clemson_p051_c1_grm_std_uni,1,5.479573726654053,-5.804746627807617,1
Clemson_p051_c1_grm_std_uni,1,6.043777942657471,-6.042164325714111,1
Clemson_p051_c1_grm_std_uni,1,6.710088729858398,-6.0348639488220215,1
Clemson_p051_c1_grm_std_uni,1,7.367691993713379,-5.6232686042785645,1
Clemson_p051_c1_grm_std_uni,1,7.66306734085083,-5.659148693084717,1
Clemson_p051_c1_grm_std_uni,1,7.771878242492676,-6.793531894683838,1
Clemson_p051_c1_grm_std_uni,1,7.799490928649902,-6.914893627166748,1
Clemson_p051_c1_grm_std_uni,1,7.663999557495117,-6.631821155548096,1
Clemson_p051_c1_grm_std_uni,1,7.088373184204102,-6.3608856201171875,1
Clemson_p051_c1_grm_std_uni,1,6.123969554901123,-6.1081953048706055,1
Clemson_p051_c1_grm_std_uni,1,1.625929355621338,-2.517535448074341,1
Clemson_p051_c1_grm_std_uni,1,0.837977945804596,-1.3335598707199097,1
Clemson_p051_c1_grm_std_uni,1,3.470364570617676,-3.095510959625244,1
Clemson_p051_c1_grm_std_uni,1,4.827964782714844,-4.359999656677246,1
Clemson_p051_c1_grm_std_uni,1,5.911367893218994,-5.941986560821533,1
Clemson_p051_c1_grm_std_uni,1,6.1933722496032715,-6.210599899291992,1
Clemson_p051_c1_grm_std_uni,1,6.2700514793396,-6.236324787139893,1
Clemson_p051_c1_grm_std_uni,1,6.56050443649292,-6.075016975402832,1
Clemson_p051_c1_grm_std_uni,1,7.202852249145508,-5.626745700836182,1
Clemson_p051_c1_grm_std_uni,1,8.654641151428223,-5.842564105987549,1
Clemson_p051_c1_grm_std_uni,1,8.417423248291016,-5.978814601898193,1
Clemson_p051_c1_grm_std_uni,1,7.708777904510498,-5.7789459228515625,1
Clemson_p051_c1_grm_std_uni,1,7.519877910614014,-6.024243354797363,1
Clemson_p051_c1_grm_std_uni,1,6.753011703491211,-5.972601413726807,1
Clemson_p051_c1_grm_std_uni,1,6.611032485961914,-6.039814472198486,1
Clemson_p051_c1_grm_std_uni,1,6.360071182250977,-6.0241522789001465,1
Clemson_p051_c1_grm_std_uni,1,5.958191871643066,-5.705077648162842,1
Clemson_p051_c1_grm_std_uni,1,5.361054420471191,-5.052812099456787,1
Clemson_p051_c1_grm_std_uni,1,6.578978538513184,-5.728724002838135,1
Clemson_p051_c1_grm_std_uni,1,6.837493419647217,-5.920905590057373,1
Clemson_p051_c1_grm_std_uni,1,7.11234188079834,-6.111495018005371,1
Clemson_p051_c1_grm_std_uni,1,6.977240562438965,-6.141509056091309,1
Clemson_p051_c1_grm_std_uni,1,6.854187965393066,-6.206681251525879,1
Clemson_p051_c1_grm_std_uni,1,6.23344612121582,-5.8946638107299805,1
Clemson_p051_c1_grm_std_uni,1,5.978509902954102,-5.690837383270264,1
Clemson_p051_c1_grm_std_uni,1,5.826233863830566,-5.561444282531738,1
Clemson_p051_c1_grm_std_uni,1,5.849381923675537,-5.552279949188232,1
Clemson_p051_c1_grm_std_uni,1,5.770474433898926,-5.518528461456299,1
Clemson_p051_c1_grm_std_uni,1,5.687614917755127,-5.450387001037598,1
Clemson_p051_c1_grm_std_uni,1,5.615304470062256,-5.341599464416504,1
Clemson_p051_c1_grm_std_uni,1,5.629333019256592,-5.264745712280273,1
Clemson_p051_c1_grm_std_uni,1,5.51359224319458,-5.119900226593018,1
Clemson_p051_c1_grm_std_uni,1,5.206974506378174,-4.83695650100708,1
Clemson_p051_c1_grm_std_uni,1,4.990609645843506,-4.571468830108643,1
Clemson_p051_c1_grm_std_uni,1,4.859037399291992,-4.548642635345459,1
Clemson_p051_c1_grm_std_uni,1,4.584959506988525,-4.300308704376221,1
Clemson_p051_c1_grm_std_uni,1,3.700058698654175,-3.2358474731445312,1
Clemson_p051_c1_grm_std_uni,1,4.086755752563477,-3.4395148754119873,1
Clemson_p051_c1_grm_std_uni,1,4.703453540802002,-4.36573600769043,1
Clemson_p051_c1_grm_std_uni,1,4.853291034698486,-4.555691719055176,1
Clemson_p051_c1_grm_std_uni,1,5.042145729064941,-4.853914260864258,1
Clemson_p051_c1_grm_std_uni,2,5.012205123901367,-4.78189754486084,1
Clemson_p051_c1_grm_std_uni,2,4.788695335388184,-4.5813069343566895,1
Clemson_p051_c1_grm_std_uni,2,4.349363327026367,-3.995469570159912,1
Clemson_p051_c1_grm_std_uni,2,4.212026119232178,-3.975475311279297,1
Clemson_p051_c1_grm_std_uni,2,4.092874526977539,-4.042939186096191,1
Clemson_p051_c1_grm_std_uni,2,3.3124845027923584,-3.5039548873901367,1
Clemson_p051_c1_grm_std_uni,2,2.3748490810394287,-2.9844045639038086,1
Clemson_p051_c1_grm_std_uni,2,1.845468521118164,-2.8368802070617676,1
Clemson_p051_c1_grm_std_uni,2,0.4275166690349579,-0.483007550239563,1
Clemson_p051_c1_grm_std_uni,2,1.8280898332595825,-0.6087872982025146,1
Clemson_p051_c1_grm_std_uni,2,4.749199390411377,-3.7266769409179688,1
Clemson_p051_c1_grm_std_uni,2,6.544454097747803,-4.70307731628418,1
Clemson_p051_c1_grm_std_uni,2,7.015113353729248,-5.785061836242676,1
Clemson_p051_c1_grm_std_uni,2,6.564716815948486,-5.852175712585449,1
Clemson_p051_c1_grm_std_uni,2,5.703381061553955,-5.349617958068848,1
Clemson_p051_c1_grm_std_uni,2,5.853578567504883,-5.237507343292236,1
Clemson_p051_c1_grm_std_uni,2,5.766872882843018,-5.201613426208496,1
Clemson_p051_c1_grm_std_uni,2,5.191208362579346,-4.80124568939209,1
Clemson_p051_c1_grm_std_uni,2,4.985109329223633,-4.551169395446777,1
Clemson_p051_c1_grm_std_uni,2,5.268925189971924,-4.407173156738281,1
Clemson_p051_c1_grm_std_uni,2,5.731024265289307,-4.645462512969971,1
Clemson_p051_c1_grm_std_uni,2,6.327150344848633,-5.292262554168701,1
Clemson_p051_c1_grm_std_uni,2,5.91645622253418,-5.06667947769165,1
Clemson_p051_c1_grm_std_uni,2,5.625065803527832,-5.316190719604492,1
Clemson_p051_c1_grm_std_uni,2,5.315433979034424,-5.2786688804626465,1
Clemson_p051_c1_grm_std_uni,2,4.988117694854736,-4.8811163902282715,1
Clemson_p051_c1_grm_std_uni,2,2.9320003986358643,-3.358597755432129,1
Clemson_p051_c1_grm_std_uni,2,2.381175994873047,-1.3544197082519531,1
Clemson_p051_c1_grm_std_uni,1,4.396742343902588,-2.5150113105773926,1
Clemson_p051_c1_grm_std_uni,1,6.149690628051758,-4.699121475219727,1
Clemson_p051_c1_grm_std_uni,1,6.866602897644043,-5.222015857696533,1
Clemson_p051_c1_grm_std_uni,1,7.630158424377441,-5.709723949432373,1
Clemson_p051_c1_grm_std_uni,1,7.809164047241211,-5.835000991821289,1
Clemson_p051_c1_grm_std_uni,1,7.030308246612549,-5.227479934692383,1
Clemson_p051_c1_grm_std_uni,1,6.788018226623535,-5.259909629821777,1
Clemson_p051_c1_grm_std_uni,1,6.606710910797119,-5.388524532318115,1
Clemson_p051_c1_grm_std_uni,1,5.994332313537598,-5.256453037261963,1
Clemson_p051_c1_grm_std_uni,1,5.559431076049805,-5.0496826171875,1
Clemson_p051_c1_grm_std_uni,1,5.553074836730957,-5.112149715423584,1
Clemson_p051_c1_grm_std_uni,1,5.614924907684326,-5.1718831062316895,1
Clemson_p051_c1_grm_std_uni,1,5.787276268005371,-5.244635581970215,1
Clemson_p051_c1_grm_std_uni,1,6.015420913696289,-5.354644298553467,1
Clemson_p051_c1_grm_std_uni,1,6.336119174957275,-5.493645668029785,1
Clemson_p051_c1_grm_std_uni,1,6.496229648590088,-5.496609210968018,1
Clemson_p051_c1_grm_std_uni,1,6.484380722045898,-5.409753799438477,1
Clemson_p051_c1_grm_std_uni,1,6.461840629577637,-5.378122806549072,1
Clemson_p051_c1_grm_std_uni,1,6.426072120666504,-5.365586280822754,1
Clemson_p051_c1_grm_std_uni,1,6.315657615661621,-5.257200241088867,1
Clemson_p051_c1_grm_std_uni,1,6.359247207641602,-5.252945899963379,1
Clemson_p051_c1_grm_std_uni,1,6.433671474456787,-5.308828830718994,1
Clemson_p051_c1_grm_std_uni,1,6.575827598571777,-5.423606872558594,1
Clemson_p051_c1_grm_std_uni,1,6.5721306800842285,-5.408422946929932,1
Clemson_p051_c1_grm_std_uni,1,6.500258922576904,-5.329744815826416,1
Clemson_p051_c1_grm_std_uni,1,6.593232154846191,-5.3788042068481445,1
Clemson_p051_c1_grm_std_uni,1,6.670019149780273,-5.427464485168457,1
Clemson_p051_c1_grm_std_uni,1,6.64486026763916,-5.405996322631836,1
Clemson_p051_c1_grm_std_uni,1,6.597531318664551,-5.365261554718018,1
Clemson_p051_c1_grm_std_uni,1,6.595187187194824,-5.377218723297119,1
Clemson_p051_c1_grm_std_uni,1,6.464884281158447,-5.280624866485596,1
Clemson_p051_c1_grm_std_uni,1,6.526088237762451,-5.312248229980469,1
Clemson_p051_c1_grm_std_uni,1,6.553173542022705,-5.339646816253662,1
Clemson_p051_c1_grm_std_uni,1,6.614804744720459,-5.406046390533447,1
Clemson_p051_c1_grm_std_uni,1,6.601941108703613,-5.4096503257751465,1
Clemson_p051_c1_grm_std_uni,1,6.515318393707275,-5.356688499450684,1
Clemson_p051_c1_grm_std_uni,1,6.356068134307861,-5.248838424682617,1
Clemson_p051_c1_grm_std_uni,1,6.320499897003174,-5.221076965332031,1
Clemson_p051_c1_grm_std_uni,1,6.235710620880127,-5.151605606079102,1
Clemson_p051_c1_grm_std_uni,1,6.215071678161621,-5.128807544708252,1
Clemson_p051_c1_grm_std_uni,1,6.2121453285217285,-5.13185977935791,1
Clemson_p051_c1_grm_std_uni,1,6.145722389221191,-5.096258640289307,1
Clemson_p051_c1_grm_std_uni,1,6.056365489959717,-5.037968158721924,1
Clemson_p051_c1_grm_std_uni,1,5.977042198181152,-4.987782001495361,1
Clemson_p051_c1_grm_std_uni,1,5.9506378173828125,-4.952878952026367,1
Clemson_p051_c1_grm_std_uni,1,5.954360485076904,-4.933403015136719,1
Clemson_p051_c1_grm_std_uni,1,5.798684120178223,-4.808958053588867,1
Clemson_p051_c1_grm_std_uni,1,5.64939022064209,-4.674802780151367,1
Clemson_p051_c1_grm_std_uni,1,5.5032806396484375,-4.530692100524902,1
Clemson_p051_c1_grm_std_uni,1,5.797056674957275,-4.796972751617432,1
Clemson_p051_c1_grm_std_uni,1,5.7184739112854,-4.788694381713867,1
Clemson_p051_c1_grm_std_uni,1,5.9140167236328125,-5.017894268035889,1
Clemson_p051_c1_grm_std_uni,1,5.946683406829834,-5.123290538787842,1
Clemson_p051_c1_grm_std_uni,1,5.988354206085205,-5.2124457359313965,1
Clemson_p051_c1_grm_std_uni,1,5.924189567565918,-5.194012641906738,1
Clemson_p051_c1_grm_std_uni,1,5.883964538574219,-5.17840576171875,1
Clemson_p051_c1_grm_std_uni,1,5.846867561340332,-5.1595354080200195,1
Clemson_p051_c1_grm_std_uni,1,5.8749542236328125,-5.198788166046143,1
Clemson_p051_c1_grm_std_uni,1,5.779508113861084,-5.131024360656738,1
Clemson_p051_c1_grm_std_uni,1,5.843655586242676,-5.187744140625,1
Clemson_p051_c1_grm_std_uni,1,5.814993858337402,-5.133835792541504,1
Clemson_p051_c1_grm_std_uni,1,5.754655361175537,-5.059762954711914,1
Clemson_p051_c1_grm_std_uni,1,5.800743103027344,-5.083961009979248,1
Clemson_p051_c1_grm_std_uni,1,5.810186386108398,-5.089222431182861,1
Clemson_p051_c1_grm_std_uni,1,5.773151874542236,-5.055077075958252,1
Clemson_p051_c1_grm_std_uni,1,5.711340427398682,-4.957670211791992,1
Clemson_p051_c1_grm_std_uni,1,5.720497131347656,-4.951852321624756,1
Clemson_p051_c1_grm_std_uni,1,5.683064937591553,-4.910091876983643,1
Clemson_p051_c1_grm_std_uni,1,5.76948356628418,-5.01765775680542,1
Clemson_p051_c1_grm_std_uni,1,5.76531982421875,-5.04128360748291,1
Clemson_p051_c1_grm_std_uni,1,5.679224014282227,-4.964508533477783,1
Clemson_p051_c1_grm_std_uni,1,5.630166053771973,-4.91181755065918,1
Clemson_p051_c1_grm_std_uni,1,5.6527299880981445,-4.860482215881348,1
Clemson_p051_c1_grm_std_uni,1,5.569693565368652,-4.7306928634643555,1
Clemson_p051_c1_grm_std_uni,1,5.335651874542236,-4.478025913238525,1
Clemson_p051_c1_grm_std_uni,1,5.391580581665039,-4.479753017425537,1
Clemson_p051_c1_grm_std_uni,1,5.569061279296875,-4.655035972595215,1
Clemson_p051_c1_grm_std_uni,1,5.935959815979004,-4.9820942878723145,1
Clemson_p051_c1_grm_std_uni,1,6.072324275970459,-5.038259029388428,1
Clemson_p051_c1_grm_std_uni,1,6.232998371124268,-5.209738254547119,1
Clemson_p051_c1_grm_std_uni,1,5.55714225769043,-4.837009906768799,1
Clemson_p051_c1_grm_std_uni,1,4.153477668762207,-3.6140546798706055,1
Clemson_p051_c1_grm_std_uni,1,3.9788737297058105,-3.1485910415649414,1
Clemson_p051_c1_grm_std_uni,1,4.171338081359863,-3.2356464862823486,1
Clemson_p051_c1_grm_std_uni,1,4.6821489334106445,-3.6903719902038574,1
Clemson_p051_c1_grm_std_uni,1,5.168159484863281,-4.03184175491333,1
Clemson_p051_c1_grm_std_uni,1,5.723875999450684,-4.897239685058594,1
Clemson_p051_c1_grm_std_uni,1,5.383415699005127,-4.596372604370117,1
Clemson_p051_c1_grm_std_uni,1,4.307202339172363,-3.440661668777466,1
Clemson_p051_c1_grm_std_uni,1,5.52947473526001,-4.610651016235352,1
Clemson_p051_c1_grm_std_uni,1,6.279871940612793,-5.531575679779053,1
Clemson_p051_c1_grm_std_uni,1,6.209238529205322,-5.761078834533691,1
Clemson_p051_c1_grm_std_uni,1,5.811763286590576,-5.566667079925537,1
Clemson_p051_c1_grm_std_uni,1,5.5625901222229,-5.324331760406494,1
Clemson_p051_c1_grm_std_uni,1,5.481117248535156,-5.209272861480713,1
Clemson_p051_c1_grm_std_uni,1,5.447220802307129,-5.098302364349365,1
Clemson_p051_c1_grm_std_uni,1,5.862078666687012,-5.1964287757873535,1
Clemson_p051_c1_grm_std_uni,1,6.328775405883789,-5.402772903442383,1
Clemson_p051_c1_grm_std_uni,1,6.530343055725098,-5.469728946685791,1
Clemson_p051_c1_grm_std_uni,1,6.594418048858643,-5.478675842285156,1
Clemson_p051_c1_grm_std_uni,1,6.515393257141113,-5.452223300933838,1
Clemson_p051_c1_grm_std_uni,1,6.470459938049316,-5.440464496612549,1
Clemson_p051_c1_grm_std_uni,1,6.505852222442627,-5.450697898864746,1
Clemson_p051_c1_grm_std_uni,1,6.564818382263184,-5.4488935470581055,1
Clemson_p051_c1_grm_std_uni,1,6.360663414001465,-5.2012834548950195,1
Clemson_p051_c1_grm_std_uni,1,6.357197284698486,-5.073652744293213,1
Clemson_p051_c1_grm_std_uni,1,6.49461030960083,-4.980478286743164,1
Clemson_p051_c1_grm_std_uni,1,6.819750785827637,-5.033182621002197,1
Clemson_p051_c1_grm_std_uni,1,6.928156852722168,-4.930624485015869,1
Clemson_p051_c1_grm_std_uni,1,6.200705528259277,-4.328930377960205,1
Clemson_p051_c1_grm_std_uni,1,5.86289119720459,-4.155203342437744,1
Clemson_p051_c1_grm_std_uni,1,6.269599437713623,-4.513033866882324,1
Clemson_p051_c1_grm_std_uni,1,6.834597587585449,-5.057748317718506,1
Clemson_p051_c1_grm_std_uni,1,6.876325607299805,-5.29884672164917,1
Clemson_p051_c1_grm_std_uni,1,6.831051826477051,-5.426573753356934,1
Clemson_p051_c1_grm_std_uni,1,6.494740009307861,-5.272806644439697,1
Clemson_p051_c1_grm_std_uni,1,6.2747063636779785,-5.110602855682373,1
Clemson_p051_c1_grm_std_uni,1,6.295546054840088,-5.110154628753662,1
Clemson_p051_c1_grm_std_uni,1,6.409883499145508,-5.182615280151367,1
Clemson_p051_c1_grm_std_uni,1,6.280343532562256,-5.043364524841309,1
Clemson_p051_c1_grm_std_uni,1,6.216718673706055,-4.876920700073242,1
Clemson_p051_c1_grm_std_uni,1,5.803839683532715,-4.376449108123779,1
Clemson_p051_c1_grm_std_uni,1,5.165226459503174,-3.731072425842285,1
Clemson_p051_c1_grm_std_uni,1,5.485479354858398,-3.89752459526062,1
Clemson_p051_c1_grm_std_uni,1,6.185122013092041,-4.513484477996826,1
Clemson_p051_c1_grm_std_uni,1,7.052749156951904,-5.190479755401611,1
Clemson_p051_c1_grm_std_uni,1,7.39114236831665,-5.48303747177124,1
Clemson_p051_c1_grm_std_uni,1,7.087671756744385,-5.408751964569092,1
Clemson_p051_c1_grm_std_uni,1,5.9099440574646,-4.8501057624816895,1
Clemson_p051_c1_grm_std_uni,1,6.167630672454834,-4.939908504486084,1
Clemson_p051_c1_grm_std_uni,1,6.030229091644287,-4.900719165802002,1
Clemson_p051_c1_grm_std_uni,1,5.715915203094482,-4.855778217315674,1
Clemson_p051_c1_grm_std_uni,1,5.2787909507751465,-4.699156284332275,1
Clemson_p051_c1_grm_std_uni,1,5.259665489196777,-4.704067707061768,1
Clemson_p051_c1_grm_std_uni,1,5.66727876663208,-5.1690993309021,1
Clemson_p051_c1_grm_std_uni,1,5.653168678283691,-5.530825614929199,1
Clemson_p051_c1_grm_std_uni,1,5.514726638793945,-5.270726680755615,1
Clemson_p051_c1_grm_std_uni,1,4.32988166809082,-3.7660763263702393,1
Clemson_p051_c1_grm_std_uni,1,3.7655515670776367,-3.121701955795288,1
Clemson_p051_c1_grm_std_uni,1,4.779136657714844,-4.678473472595215,1
Clemson_p051_c1_grm_std_uni,1,5.509428977966309,-5.603499412536621,1
Clemson_p051_c1_grm_std_uni,1,5.434182167053223,-5.71636962890625,1
Clemson_p051_c1_grm_std_uni,1,5.459866523742676,-5.6765313148498535,1
Clemson_p051_c1_grm_std_uni,1,5.508584976196289,-5.726317405700684,1
Clemson_p051_c1_grm_std_uni,1,5.405688285827637,-5.579679489135742,1
Clemson_p051_c1_grm_std_uni,1,5.00203800201416,-4.959524631500244,1
Clemson_p051_c1_grm_std_uni,2,3.0133321285247803,-3.5711894035339355,1
Clemson_p051_c1_grm_std_uni,2,1.4919648170471191,-0.9610280990600586,1
Clemson_p051_c1_grm_std_uni,2,2.9516870975494385,-1.5992881059646606,1
Clemson_p051_c1_grm_std_uni,2,5.421589374542236,-5.064911842346191,1
Clemson_p051_c1_grm_std_uni,2,6.278670787811279,-6.266729831695557,1
Clemson_p051_c1_grm_std_uni,2,5.146517753601074,-5.289186000823975,1
Clemson_p051_c1_grm_std_uni,2,5.3766679763793945,-5.901846885681152,1
Clemson_p051_c1_grm_std_uni,2,5.419273853302002,-6.051203727722168,1
Clemson_p051_c1_grm_std_uni,2,5.162416934967041,-5.970849514007568,1
Clemson_p051_c1_grm_std_uni,2,5.330292701721191,-6.118345260620117,1
Clemson_p051_c1_grm_std_uni,2,5.250595569610596,-5.869504928588867,1
Clemson_p051_c1_grm_std_uni,2,4.960583209991455,-5.427926063537598,1
Clemson_p051_c1_grm_std_uni,2,4.356020450592041,-4.830471515655518,1
Clemson_p051_c1_grm_std_uni,2,3.6766839027404785,-4.300879001617432,1
Clemson_p051_c1_grm_std_uni,2,3.7170095443725586,-4.282261848449707,1
Clemson_p051_c1_grm_std_uni,2,4.384352684020996,-4.628781795501709,1
Clemson_p051_c1_grm_std_uni,2,4.889077663421631,-4.479750633239746,1
Clemson_p051_c1_grm_std_uni,2,5.123910427093506,-4.638580322265625,1
Clemson_p051_c1_grm_std_uni,2,5.110634803771973,-4.311990261077881,1
Clemson_p051_c1_grm_std_uni,2,2.2417590618133545,-1.9948608875274658,1
Clemson_p051_c1_grm_std_uni,2,1.2929463386535645,-0.38836953043937683,1
Clemson_p051_c1_grm_std_uni,2,3.930609941482544,-2.6763010025024414,1
Clemson_p051_c1_grm_std_uni,2,7.410748481750488,-5.84052848815918,1
Clemson_p051_c1_grm_std_uni,2,7.507370948791504,-6.732386589050293,1
Clemson_p051_c1_grm_std_uni,1,6.3854217529296875,-6.579315662384033,1
Clemson_p051_c1_grm_std_uni,1,6.036865234375,-6.228891372680664,1
Clemson_p051_c1_grm_std_uni,1,5.937733173370361,-5.934388637542725,1
Clemson_p051_c1_grm_std_uni,1,5.877213478088379,-6.1013007164001465,1
Clemson_p051_c1_grm_std_uni,1,5.909547805786133,-6.193515300750732,1
Clemson_p051_c1_grm_std_uni,1,4.403159141540527,-4.6821489334106445,1
Clemson_p051_c1_grm_std_uni,1,4.124926567077637,-3.96317720413208,1
Clemson_p051_c1_grm_std_uni,1,5.703691005706787,-5.4905219078063965,1
Clemson_p051_c1_grm_std_uni,1,6.1838908195495605,-5.829565048217773,1
Clemson_p051_c1_grm_std_uni,1,5.739752292633057,-5.781013488769531,1
Clemson_p051_c1_grm_std_uni,1,5.428575038909912,-5.496161937713623,1
Clemson_p051_c1_grm_std_uni,1,5.376502513885498,-5.311659336090088,1
Clemson_p051_c1_grm_std_uni,1,5.730393886566162,-5.355927467346191,1
Clemson_p051_c1_grm_std_uni,1,5.897384166717529,-5.322220802307129,1
Clemson_p051_c1_grm_std_uni,1,5.975465297698975,-5.360883712768555,1
Clemson_p051_c1_grm_std_uni,1,6.117009162902832,-5.4523468017578125,1
Clemson_p051_c1_grm_std_uni,1,6.165684700012207,-5.530287742614746,1
Clemson_p051_c1_grm_std_uni,1,6.0561347007751465,-5.465455532073975,1
Clemson_p051_c1_grm_std_uni,1,6.174752235412598,-5.487376689910889,1
Clemson_p051_c1_grm_std_uni,1,6.328179836273193,-5.55864953994751,1
Clemson_p051_c1_grm_std_uni,1,6.449535846710205,-5.609655857086182,1
Clemson_p051_c1_grm_std_uni,1,6.312010288238525,-5.486937046051025,1
Clemson_p051_c1_grm_std_uni,1,6.384654521942139,-5.458016395568848,1
Clemson_p051_c1_grm_std_uni,1,6.331826210021973,-5.3782148361206055,1
Clemson_p051_c1_grm_std_uni,1,6.494500160217285,-5.460411548614502,1
Clemson_p051_c1_grm_std_uni,1,6.683369159698486,-5.576174259185791,1
Clemson_p051_c1_grm_std_uni,1,6.696920394897461,-5.5770463943481445,1
Clemson_p051_c1_grm_std_uni,1,6.5332818031311035,-5.467071533203125,1
Clemson_p051_c1_grm_std_uni,1,6.654759407043457,-5.526211738586426,1
Clemson_p051_c1_grm_std_uni,1,6.697397232055664,-5.555642127990723,1
Clemson_p051_c1_grm_std_uni,1,6.787719249725342,-5.60905647277832,1
Clemson_p051_c1_grm_std_uni,1,6.614881992340088,-5.496137619018555,1
Clemson_p051_c1_grm_std_uni,1,6.505847454071045,-5.422286033630371,1
Clemson_p051_c1_grm_std_uni,1,6.514260292053223,-5.432011127471924,1
Clemson_p051_c1_grm_std_uni,1,6.579401016235352,-5.492753028869629,1
Clemson_p051_c1_grm_std_uni,1,6.731444835662842,-5.59511137008667,1
Clemson_p051_c1_grm_std_uni,1,6.739438533782959,-5.610927104949951,1
Clemson_p051_c1_grm_std_uni,1,6.5140862464904785,-5.479585647583008,1
Clemson_p051_c1_grm_std_uni,1,6.255645275115967,-5.288695812225342,1
Clemson_p051_c1_grm_std_uni,1,6.105860710144043,-5.148094177246094,1
Clemson_p051_c1_grm_std_uni,1,6.369000434875488,-5.344674110412598,1
Clemson_p051_c1_grm_std_uni,1,6.466085433959961,-5.440491676330566,1
Clemson_p051_c1_grm_std_uni,1,6.500312328338623,-5.464499473571777,1
Clemson_p051_c1_grm_std_uni,1,6.337982654571533,-5.357464790344238,1
Clemson_p051_c1_grm_std_uni,1,6.197083473205566,-5.267881393432617,1
Clemson_p051_c1_grm_std_uni,1,6.0510149002075195,-5.132932662963867,1
Clemson_p051_c1_grm_std_uni,1,5.796236038208008,-4.8477277755737305,1
Clemson_p051_c1_grm_std_uni,1,6.057607650756836,-5.006051063537598,1
Clemson_p051_c1_grm_std_uni,1,6.514470100402832,-5.405247211456299,1
Clemson_p051_c1_grm_std_uni,1,6.528512954711914,-5.479464530944824,1
Clemson_p051_c1_grm_std_uni,1,6.426314353942871,-5.4362006187438965,1
Clemson_p051_c1_grm_std_uni,1,6.257201194763184,-5.343618392944336,1
Clemson_p051_c1_grm_std_uni,1,6.206860065460205,-5.307772636413574,1
Clemson_p051_c1_grm_std_uni,1,6.254262924194336,-5.334427356719971,1
Clemson_p051_c1_grm_std_uni,1,6.277806282043457,-5.334092140197754,1
Clemson_p051_c1_grm_std_uni,1,6.111145496368408,-5.182615756988525,1
Clemson_p051_c1_grm_std_uni,1,5.9035186767578125,-5.004188537597656,1
Clemson_p051_c1_grm_std_uni,1,5.9399638175964355,-5.030776023864746,1
Clemson_p051_c1_grm_std_uni,1,5.892996788024902,-5.072735786437988,1
Clemson_p051_c1_grm_std_uni,1,5.835660457611084,-5.004246234893799,1
Clemson_p051_c1_grm_std_uni,1,5.724655628204346,-4.801456928253174,1
Clemson_p051_c1_grm_std_uni,1,5.750054359436035,-4.63410758972168,1
Clemson_p051_c1_grm_std_uni,1,5.310510158538818,-4.157521724700928,1
Clemson_p051_c1_grm_std_uni,1,4.466760635375977,-3.4423036575317383,1
Clemson_p051_c1_grm_std_uni,1,5.382065296173096,-4.334892272949219,1
Clemson_p051_c1_grm_std_uni,1,6.316998481750488,-4.900970935821533,1
Clemson_p051_c1_grm_std_uni,1,6.165433406829834,-4.469762802124023,1
Clemson_p051_c1_grm_std_uni,1,6.889416217803955,-4.93033504486084,1
Clemson_p051_c1_grm_std_uni,1,7.628243923187256,-5.317027568817139,1
Clemson_p051_c1_grm_std_uni,1,6.768052577972412,-4.536972999572754,1
Clemson_p051_c1_grm_std_uni,1,6.618290901184082,-4.321434497833252,1
Clemson_p051_c1_grm_std_uni,1,6.9867987632751465,-4.49484920501709,1
Clemson_p051_c1_grm_std_uni,1,7.811696529388428,-5.114388942718506,1
Clemson_p051_c1_grm_std_uni,1,7.447544574737549,-5.032674312591553,1
Clemson_p051_c1_grm_std_uni,1,7.181031703948975,-4.957485675811768,1
Clemson_p051_c1_grm_std_uni,1,7.103464126586914,-5.006137371063232,1
Clemson_p051_c1_grm_std_uni,1,7.183062553405762,-5.179823875427246,1
Clemson_p051_c1_grm_std_uni,1,6.799575328826904,-4.927706718444824,1
Clemson_p051_c1_grm_std_uni,1,6.610926151275635,-4.797202110290527,1
Clemson_p051_c1_grm_std_uni,1,6.3824567794799805,-4.621029376983643,1
Clemson_p051_c1_grm_std_uni,1,6.822416305541992,-5.092231750488281,1
Clemson_p051_c1_grm_std_uni,1,6.70513391494751,-5.080076694488525,1
Clemson_p051_c1_grm_std_uni,1,6.570710182189941,-5.037409782409668,1
Clemson_p051_c1_grm_std_uni,1,6.334199905395508,-5.112672328948975,1
Clemson_p051_c1_grm_std_uni,1,5.839883327484131,-4.989296913146973,1
Clemson_p051_c1_grm_std_uni,1,5.929361343383789,-5.010335922241211,1
Clemson_p051_c1_grm_std_uni,1,5.996044635772705,-4.8781538009643555,1
Clemson_p051_c1_grm_std_uni,1,6.365260601043701,-4.97035026550293,1
Clemson_p051_c1_grm_std_uni,1,6.365541458129883,-4.677815914154053,1
Clemson_p051_c1_grm_std_uni,1,6.78697395324707,-4.783830642700195,1
Clemson_p051_c1_grm_std_uni,1,6.837730884552002,-4.898568630218506,1
Clemson_p051_c1_grm_std_uni,1,7.050501823425293,-5.309047222137451,1
Clemson_p051_c1_grm_std_uni,1,6.7557597160339355,-5.340617656707764,1
Clemson_p051_c1_grm_std_uni,1,6.75252103805542,-5.453582763671875,1
Clemson_p051_c1_grm_std_uni,1,6.691765308380127,-5.461301326751709,1
Clemson_p051_c1_grm_std_uni,1,6.748871803283691,-5.5225830078125,1
Clemson_p051_c1_grm_std_uni,1,6.700401782989502,-5.504390239715576,1
Clemson_p051_c1_grm_std_uni,1,6.780743598937988,-5.592872619628906,1
Clemson_p051_c1_grm_std_uni,1,6.45264196395874,-5.38794469833374,1
Clemson_p051_c1_grm_std_uni,1,6.566648960113525,-5.494117736816406,1
Clemson_p051_c1_grm_std_uni,1,6.468512058258057,-5.445337772369385,1
Clemson_p051_c1_grm_std_uni,1,6.442762851715088,-5.430113792419434,1
Clemson_p051_c1_grm_std_uni,1,6.5273308753967285,-5.4828200340271,1
Clemson_p051_c1_grm_std_uni,1,6.575589656829834,-5.502608776092529,1
Clemson_p051_c1_grm_std_uni,1,6.607888221740723,-5.520622253417969,1
Clemson_p051_c1_grm_std_uni,1,6.677600383758545,-5.5643439292907715,1
Clemson_p051_c1_grm_std_uni,1,6.68848991394043,-5.571089267730713,1
Clemson_p051_c1_grm_std_uni,1,6.646486282348633,-5.550372123718262,1
Clemson_p051_c1_grm_std_uni,1,6.747377395629883,-5.605530738830566,1
Clemson_p051_c1_grm_std_uni,1,6.694319725036621,-5.578080177307129,1
Clemson_p051_c1_grm_std_uni,1,6.628406047821045,-5.539182186126709,1
Clemson_p051_c1_grm_std_uni,1,6.6283111572265625,-5.532818794250488,1
Clemson_p051_c1_grm_std_uni,1,6.601907253265381,-5.510061740875244,1
Clemson_p051_c1_grm_std_uni,1,6.613642692565918,-5.502517223358154,1
Clemson_p051_c1_grm_std_uni,1,6.588226318359375,-5.480681419372559,1
Clemson_p051_c1_grm_std_uni,1,6.525762557983398,-5.448643207550049,1
Clemson_p051_c1_grm_std_uni,1,6.3886213302612305,-5.384175777435303,1
Clemson_p051_c1_grm_std_uni,1,6.414163112640381,-5.3963541984558105,1
Clemson_p051_c1_grm_std_uni,1,6.402050971984863,-5.396531105041504,1
Clemson_p051_c1_grm_std_uni,1,6.440500259399414,-5.42793083190918,1
Clemson_p051_c1_grm_std_uni,1,6.443019390106201,-5.436628341674805,1
Clemson_p051_c1_grm_std_uni,1,6.429625511169434,-5.431071758270264,1
Clemson_p051_c1_grm_std_uni,1,6.372420310974121,-5.398876667022705,1
Clemson_p051_c1_grm_std_uni,1,6.401425838470459,-5.417610168457031,1
Clemson_p051_c1_grm_std_uni,1,6.372146129608154,-5.404897689819336,1
Clemson_p051_c1_grm_std_uni,1,6.291061878204346,-5.35483455657959,1
Clemson_p051_c1_grm_std_uni,1,6.305654525756836,-5.3569722175598145,1
Clemson_p051_c1_grm_std_uni,1,6.2891669273376465,-5.338798522949219,1
Clemson_p051_c1_grm_std_uni,1,6.233360290527344,-5.299455165863037,1
Clemson_p051_c1_grm_std_uni,1,6.1717939376831055,-5.247448444366455,1
Clemson_p051_c1_grm_std_uni,1,6.289634704589844,-5.31191873550415,1
Clemson_p051_c1_grm_std_uni,1,6.214365005493164,-5.274345397949219,1
Clemson_p051_c1_grm_std_uni,1,6.341981887817383,-5.357220649719238,1
Clemson_p051_c1_grm_std_uni,1,6.28912878036499,-5.332762718200684,1
Clemson_p051_c1_grm_std_uni,1,6.2126336097717285,-5.2937116622924805,1
Clemson_p051_c1_grm_std_uni,1,6.146780490875244,-5.2562384605407715,1
Clemson_p051_c1_grm_std_uni,1,6.265347003936768,-5.32191801071167,1
Clemson_p051_c1_grm_std_uni,1,6.230639934539795,-5.295675277709961,1
Clemson_p051_c1_grm_std_uni,1,6.176468372344971,-5.251188278198242,1
Clemson_p051_c1_grm_std_uni,1,6.091752052307129,-5.203270435333252,1
Clemson_p051_c1_grm_std_uni,1,6.030825614929199,-5.170342445373535,1
Clemson_p051_c1_grm_std_uni,1,6.199982643127441,-5.248707294464111,1
Clemson_p051_c1_grm_std_uni,1,6.219656944274902,-5.194943904876709,1
Clemson_p051_c1_grm_std_uni,1,5.824018955230713,-4.8178324699401855,1
Clemson_p051_c1_grm_std_uni,1,4.988157749176025,-4.197162628173828,1
Clemson_p051_c1_grm_std_uni,1,4.689705848693848,-3.990668535232544,1
Clemson_p051_c1_grm_std_uni,1,5.014916896820068,-4.286323547363281,1
Clemson_p051_c1_grm_std_uni,1,5.162714004516602,-4.3852667808532715,1
Clemson_p051_c1_grm_std_uni,1,5.2259392738342285,-4.470479488372803,1
Clemson_p051_c1_grm_std_uni,1,5.628327369689941,-4.77910852432251,1
Clemson_p051_c1_grm_std_uni,1,5.7761030197143555,-4.859758377075195,1
Clemson_p051_c1_grm_std_uni,1,6.154642105102539,-5.126372337341309,1
Clemson_p051_c1_grm_std_uni,1,6.256272315979004,-5.223916530609131,1
Clemson_p051_c1_grm_std_uni,1,6.315667629241943,-5.2876996994018555,1
Clemson_p051_c1_grm_std_uni,1,6.094582557678223,-5.164295673370361,1
Clemson_p051_c1_grm_std_uni,1,5.961212635040283,-5.073541164398193,1
Clemson_p051_c1_grm_std_uni,1,5.870120048522949,-5.007206916809082,1
Clemson_p051_c1_grm_std_uni,1,5.783217430114746,-4.958621025085449,1
Clemson_p051_c1_grm_std_uni,1,6.070071220397949,-5.1799774169921875,1
Clemson_p051_c1_grm_std_uni,1,6.12018346786499,-5.247253894805908,1
Clemson_p051_c1_grm_std_uni,1,6.124727249145508,-5.269586563110352,1
Clemson_p051_c1_grm_std_uni,1,6.106942653656006,-5.275448799133301,1
Clemson_p051_c1_grm_std_uni,1,6.1755523681640625,-5.3309173583984375,1
Clemson_p051_c1_grm_std_uni,1,6.2312164306640625,-5.366641521453857,1
Clemson_p051_c1_grm_std_uni,1,6.25847053527832,-5.364060878753662,1
Clemson_p051_c1_grm_std_uni,1,6.183027267456055,-5.304501533508301,1
Clemson_p051_c1_grm_std_uni,1,6.101746559143066,-5.243347644805908,1
Clemson_p051_c1_grm_std_uni,1,6.041589736938477,-5.18925666809082,1
Clemson_p051_c1_grm_std_uni,1,6.0600786209106445,-5.19220495223999,1
Clemson_p051_c1_grm_std_uni,1,6.112138748168945,-5.224024295806885,1
Clemson_p051_c1_grm_std_uni,1,6.174077987670898,-5.241946220397949,1
Clemson_p051_c1_grm_std_uni,1,6.068106174468994,-5.023237228393555,1
Clemson_p051_c1_grm_std_uni,1,5.090757846832275,-4.110438346862793,1
Clemson_p051_c1_grm_std_uni,1,4.105724811553955,-3.010500192642212,1
Clemson_p051_c1_grm_std_uni,1,4.3051581382751465,-3.133721351623535,1
Clemson_p051_c1_grm_std_uni,1,5.468173503875732,-4.208508491516113,1
Clemson_p051_c1_grm_std_uni,1,6.182459831237793,-4.910858631134033,1
Clemson_p051_c1_grm_std_uni,1,6.396964073181152,-5.846875190734863,1
Clemson_p051_c1_grm_std_uni,1,6.186367511749268,-5.606755256652832,1
Clemson_p051_c1_grm_std_uni,1,6.354770183563232,-5.026184558868408,1
Clemson_p051_c1_grm_std_uni,1,6.0161333084106445,-4.509245872497559,1
Clemson_p051_c1_grm_std_uni,1,5.916815757751465,-5.35526704788208,1
Clemson_p051_c1_grm_std_uni,1,5.4274773597717285,-5.397655963897705,1
Clemson_p051_c1_grm_std_uni,1,4.698361396789551,-4.680729389190674,1
Clemson_p051_c1_grm_std_uni,1,4.7599639892578125,-4.753571510314941,1
Clemson_p051_c1_grm_std_uni,1,3.273383617401123,-3.7620320320129395,1
Clemson_p051_c1_grm_std_uni,1,2.1354000568389893,-1.5111522674560547,1
Clemson_p051_c1_grm_std_uni,1,3.0189599990844727,-1.938821792602539,1
Clemson_p051_c1_grm_std_uni,1,5.613022327423096,-5.160556316375732,1
Clemson_p051_c1_grm_std_uni,1,6.374176025390625,-5.753408432006836,1
Clemson_p051_c1_grm_std_uni,1,7.202610492706299,-6.35310697555542,1
Clemson_p051_c1_grm_std_uni,2,7.1303534507751465,-6.371163368225098,1
Clemson_p051_c1_grm_std_uni,2,6.4643449783325195,-5.679755687713623,1
Clemson_p051_c1_grm_std_uni,2,6.351278305053711,-5.447411060333252,1
Clemson_p051_c1_grm_std_uni,2,5.697070121765137,-5.212456703186035,1
Clemson_p051_c1_grm_std_uni,2,6.071463108062744,-5.565310478210449,1
Clemson_p051_c1_grm_std_uni,2,6.177510738372803,-5.680103778839111,1
Clemson_p051_c1_grm_std_uni,2,5.645636558532715,-5.025206565856934,1
Clemson_p051_c1_grm_std_uni,2,5.927045822143555,-5.506599426269531,1
Clemson_p051_c1_grm_std_uni,2,5.770035743713379,-5.526239395141602,1
Clemson_p051_c1_grm_std_uni,2,5.5640459060668945,-5.42393684387207,1
Clemson_p051_c1_grm_std_uni,2,5.65708065032959,-5.659830093383789,1
Clemson_p051_c1_grm_std_uni,2,6.003178596496582,-5.803067684173584,1
Clemson_p051_c1_grm_std_uni,2,6.071840286254883,-5.783579349517822,1
Clemson_p051_c1_grm_std_uni,2,5.278321743011475,-5.0799055099487305,1
Clemson_p051_c1_grm_std_uni,2,5.015129089355469,-4.916978359222412,1
Clemson_p051_c1_grm_std_uni,2,4.973360061645508,-4.5905961990356445,1
Clemson_p051_c1_grm_std_uni,2,5.4965739250183105,-4.990915775299072,1
Clemson_p051_c1_grm_std_uni,2,5.780689716339111,-5.667304992675781,1
Clemson_p051_c1_grm_std_uni,2,3.698819637298584,-3.2134909629821777,1
Clemson_p051_c1_grm_std_uni,2,4.619584560394287,-3.971669912338257,1
Clemson_p051_c1_grm_std_uni,2,6.242124557495117,-5.694216728210449,1
Clemson_p051_c1_grm_std_uni,2,6.655374050140381,-6.6972479820251465,1
Clemson_p051_c1_grm_std_uni,2,5.756063938140869,-6.420411109924316,1
Clemson_p051_c1_grm_std_uni,2,5.283904552459717,-6.225245475769043,1
Clemson_p051_c1_grm_std_uni,1,4.872642517089844,-6.001966953277588,1
Clemson_p051_c1_grm_std_uni,1,4.479276657104492,-5.658007621765137,1
Clemson_p051_c1_grm_std_uni,1,4.7741899490356445,-5.694057941436768,1
Clemson_p051_c1_grm_std_uni,1,4.9359002113342285,-5.772382736206055,1
Clemson_p051_c1_grm_std_uni,1,4.685646057128906,-5.7046895027160645,1
Clemson_p051_c1_grm_std_uni,1,4.581240177154541,-5.6456990242004395,1
Clemson_p051_c1_grm_std_uni,1,4.2912187576293945,-5.333363056182861,1
Clemson_p051_c1_grm_std_uni,1,4.3025946617126465,-5.150191307067871,1
Clemson_p051_c1_grm_std_uni,1,3.682634115219116,-4.319121837615967,1
Clemson_p051_c1_grm_std_uni,1,3.3795814514160156,-3.7859091758728027,1
Clemson_p051_c1_grm_std_uni,1,4.131373405456543,-4.404080867767334,1
Clemson_p051_c1_grm_std_uni,1,4.480687618255615,-4.916781425476074,1
Clemson_p051_c1_grm_std_uni,1,4.314627170562744,-4.778999328613281,1
Clemson_p051_c1_grm_std_uni,1,4.106857776641846,-4.522573471069336,1
Clemson_p051_c1_grm_std_uni,1,4.0465850830078125,-4.354153156280518,1
Clemson_p051_c1_grm_std_uni,1,4.0838751792907715,-4.258509635925293,1
Clemson_p051_c1_grm_std_uni,1,4.332523822784424,-4.355781555175781,1
Clemson_p051_c1_grm_std_uni,1,4.593077182769775,-4.618950366973877,1
Clemson_p051_c1_grm_std_uni,1,4.467793941497803,-4.551517963409424,1
Clemson_p051_c1_grm_std_uni,1,4.3888773918151855,-4.417114734649658,1
Clemson_p051_c1_grm_std_uni,1,4.490167140960693,-4.40913724899292,1
Clemson_p051_c1_grm_std_uni,1,4.8437581062316895,-4.570785999298096,1
Clemson_p051_c1_grm_std_uni,1,5.150874614715576,-4.725516319274902,1
Clemson_p051_c1_grm_std_uni,1,5.214264392852783,-4.696522235870361,1
Clemson_p051_c1_grm_std_uni,1,5.295234203338623,-4.722555160522461,1
Clemson_p051_c1_grm_std_uni,1,5.246626853942871,-4.722632884979248,1
Clemson_p051_c1_grm_std_uni,1,5.4772419929504395,-4.922572612762451,1
Clemson_p051_c1_grm_std_uni,1,5.616083145141602,-4.979478359222412,1
Clemson_p051_c1_grm_std_uni,1,5.59647798538208,-4.855699062347412,1
Clemson_p051_c1_grm_std_uni,1,5.548592567443848,-4.727087497711182,1
Clemson_p051_c1_grm_std_uni,1,5.722221851348877,-4.817384719848633,1
Clemson_p051_c1_grm_std_uni,1,5.847443580627441,-4.870898246765137,1
Clemson_p051_c1_grm_std_uni,1,5.77860689163208,-4.7584333419799805,1
Clemson_p051_c1_grm_std_uni,1,5.881464004516602,-4.808485984802246,1
Clemson_p051_c1_grm_std_uni,1,5.692846298217773,-4.647646427154541,1
Clemson_p051_c1_grm_std_uni,1,5.6501359939575195,-4.572312831878662,1
Clemson_p051_c1_grm_std_uni,1,5.940777778625488,-4.772896766662598,1
Clemson_p051_c1_grm_std_uni,1,6.005110740661621,-4.821545124053955,1
Clemson_p051_c1_grm_std_uni,1,5.979490280151367,-4.8430938720703125,1
Clemson_p051_c1_grm_std_uni,1,6.043370246887207,-4.9000468254089355,1
Clemson_p051_c1_grm_std_uni,1,6.211610317230225,-5.136929988861084,1
Clemson_p051_c1_grm_std_uni,1,6.337239742279053,-5.314720630645752,1
Clemson_p051_c1_grm_std_uni,1,6.242197036743164,-5.312014102935791,1
Clemson_p051_c1_grm_std_uni,1,6.060610294342041,-5.225555419921875,1
Clemson_p051_c1_grm_std_uni,1,6.158048152923584,-5.333662033081055,1
Clemson_p051_c1_grm_std_uni,1,6.123847484588623,-5.3152546882629395,1
Clemson_p051_c1_grm_std_uni,1,6.174901962280273,-5.3336181640625,1
Clemson_p051_c1_grm_std_uni,1,6.12796688079834,-5.254584789276123,1
Clemson_p051_c1_grm_std_uni,1,6.216416358947754,-5.316412448883057,1
Clemson_p051_c1_grm_std_uni,1,6.216551780700684,-5.319126605987549,1
Clemson_p051_c1_grm_std_uni,1,6.224958419799805,-5.338033676147461,1
Clemson_p051_c1_grm_std_uni,1,6.090785026550293,-5.228285789489746,1
Clemson_p051_c1_grm_std_uni,1,5.912569046020508,-5.038638591766357,1
Clemson_p051_c1_grm_std_uni,1,5.695069789886475,-4.750329494476318,1
Clemson_p051_c1_grm_std_uni,1,5.785068988800049,-4.827701091766357,1
Clemson_p051_c1_grm_std_uni,1,5.949713230133057,-5.126059532165527,1
Clemson_p051_c1_grm_std_uni,1,6.118559837341309,-5.276275634765625,1
Clemson_p051_c1_grm_std_uni,1,6.099128723144531,-5.297119140625,1
Clemson_p051_c1_grm_std_uni,1,6.0398736000061035,-5.264196395874023,1
Clemson_p051_c1_grm_std_uni,1,5.976608753204346,-5.125531196594238,1
Clemson_p051_c1_grm_std_uni,1,5.8471784591674805,-4.754733562469482,1
Clemson_p051_c1_grm_std_uni,1,5.895848751068115,-4.717196464538574,1
Clemson_p051_c1_grm_std_uni,1,5.888008117675781,-4.774024963378906,1
Clemson_p051_c1_grm_std_uni,1,6.130827903747559,-5.130086898803711,1
Clemson_p051_c1_grm_std_uni,1,5.920340061187744,-5.064578056335449,1
Clemson_p051_c1_grm_std_uni,1,5.657984256744385,-4.866860389709473,1
Clemson_p051_c1_grm_std_uni,1,5.929014205932617,-5.111321449279785,1
Clemson_p051_c1_grm_std_uni,1,6.01498556137085,-5.137988567352295,1
Clemson_p051_c1_grm_std_uni,1,5.926948070526123,-5.11008882522583,1
Clemson_p051_c1_grm_std_uni,1,5.932798862457275,-5.124673843383789,1
Clemson_p051_c1_grm_std_uni,1,6.049278259277344,-5.211585521697998,1
Clemson_p051_c1_grm_std_uni,1,6.110827445983887,-5.25891637802124,1
Clemson_p051_c1_grm_std_uni,1,6.021937847137451,-5.148120403289795,1
Clemson_p051_c1_grm_std_uni,1,6.007896423339844,-5.0551676750183105,1
Clemson_p051_c1_grm_std_uni,1,6.0252509117126465,-5.0196733474731445,1
Clemson_p051_c1_grm_std_uni,1,6.006096839904785,-5.017232418060303,1
Clemson_p051_c1_grm_std_uni,1,6.092061519622803,-5.1674957275390625,1
Clemson_p051_c1_grm_std_uni,1,6.0990824699401855,-5.18689489364624,1
Clemson_p051_c1_grm_std_uni,1,6.163480281829834,-5.279256820678711,1
Clemson_p051_c1_grm_std_uni,1,6.160052299499512,-5.340672492980957,1
Clemson_p051_c1_grm_std_uni,1,6.258307456970215,-5.3012471199035645,1
Clemson_p051_c1_grm_std_uni,1,6.134915828704834,-4.786401748657227,1
Clemson_p051_c1_grm_std_uni,1,5.87227725982666,-4.415499210357666,1
Clemson_p051_c1_grm_std_uni,1,5.769383907318115,-4.1812543869018555,1
Clemson_p051_c1_grm_std_uni,1,6.5013957023620605,-4.76041316986084,1
Clemson_p051_c1_grm_std_uni,1,6.942040920257568,-5.207289695739746,1
Clemson_p051_c1_grm_std_uni,1,6.930848598480225,-5.546785831451416,1
Clemson_p051_c1_grm_std_uni,1,6.374197483062744,-5.365996360778809,1
Clemson_p051_c1_grm_std_uni,1,6.193186283111572,-5.267543315887451,1
Clemson_p051_c1_grm_std_uni,1,6.062951564788818,-5.198968887329102,1
Clemson_p051_c1_grm_std_uni,1,6.155595302581787,-5.174537658691406,1
Clemson_p051_c1_grm_std_uni,1,6.226651668548584,-5.19981050491333,1
Clemson_p051_c1_grm_std_uni,1,6.126494884490967,-5.222662925720215,1
Clemson_p051_c1_grm_std_uni,1,6.149165153503418,-5.243964195251465,1
Clemson_p051_c1_grm_std_uni,1,6.127026081085205,-5.0909104347229,1
Clemson_p051_c1_grm_std_uni,1,5.736429691314697,-4.472960948944092,1
Clemson_p051_c1_grm_std_uni,1,5.2911057472229,-3.923577070236206,1
Clemson_p051_c1_grm_std_uni,1,5.912064075469971,-4.198637962341309,1
Clemson_p051_c1_grm_std_uni,1,6.630074977874756,-4.91597843170166,1
Clemson_p051_c1_grm_std_uni,1,6.969200134277344,-5.297757625579834,1
Clemson_p051_c1_grm_std_uni,1,6.635756015777588,-5.236355781555176,1
Clemson_p051_c1_grm_std_uni,1,6.545920372009277,-5.392674922943115,1
Clemson_p051_c1_grm_std_uni,1,6.1128249168396,-5.3848347663879395,1
Clemson_p051_c1_grm_std_uni,1,5.688848972320557,-5.0448832511901855,1
Clemson_p051_c1_grm_std_uni,1,6.011460781097412,-5.175366401672363,1
Clemson_p051_c1_grm_std_uni,1,5.973109722137451,-5.098113536834717,1
Clemson_p051_c1_grm_std_uni,1,5.68985652923584,-4.9277777671813965,1
Clemson_p051_c1_grm_std_uni,1,5.152026176452637,-4.482520580291748,1
Clemson_p051_c1_grm_std_uni,1,5.426011562347412,-4.5557050704956055,1
Clemson_p051_c1_grm_std_uni,1,4.978034496307373,-4.3820295333862305,1
Clemson_p051_c1_grm_std_uni,1,5.329604148864746,-4.814924240112305,1
Clemson_p051_c1_grm_std_uni,1,5.621481895446777,-5.0743303298950195,1
Clemson_p051_c1_grm_std_uni,1,5.703597545623779,-5.041208744049072,1
Clemson_p051_c1_grm_std_uni,1,4.991698741912842,-3.9607160091400146,1
Clemson_p051_c1_grm_std_uni,1,4.847170352935791,-3.669973850250244,1
Clemson_p051_c1_grm_std_uni,1,4.86143159866333,-3.936307191848755,1
Clemson_p051_c1_grm_std_uni,1,5.310139179229736,-4.742546558380127,1
Clemson_p051_c1_grm_std_uni,1,5.694366455078125,-4.256822109222412,1
Clemson_p051_c1_grm_std_uni,1,6.3043341636657715,-3.9820821285247803,1
Clemson_p051_c1_grm_std_uni,1,6.626548767089844,-4.473368167877197,1
Clemson_p051_c1_grm_std_uni,1,6.994477272033691,-5.8856940269470215,1
Clemson_p051_c1_grm_std_uni,1,6.62367582321167,-6.254507064819336,1
Clemson_p051_c1_grm_std_uni,1,6.650327205657959,-6.449504375457764,1
Clemson_p051_c1_grm_std_uni,1,6.267399787902832,-6.2989325523376465,1
Clemson_p051_c1_grm_std_uni,1,6.234769821166992,-6.245425701141357,1
Clemson_p051_c1_grm_std_uni,1,6.206142902374268,-6.154567241668701,1
Clemson_p051_c1_grm_std_uni,1,6.231910228729248,-6.02858304977417,1
Clemson_p051_c1_grm_std_uni,1,5.566495895385742,-5.4943742752075195,1
Clemson_p051_c1_grm_std_uni,1,2.472799062728882,-3.193466901779175,1
Clemson_p051_c1_grm_std_uni,1,1.3573510646820068,-0.7042130827903748,1
Clemson_p051_c1_grm_std_uni,1,3.9119069576263428,-2.336562156677246,1
Clemson_p051_c1_grm_std_uni,1,6.852166175842285,-5.818212509155273,1
Clemson_p051_c1_grm_std_uni,1,7.965226650238037,-6.905334949493408,1
Clemson_p051_c1_grm_std_uni,1,7.796633720397949,-6.790307998657227,1
Clemson_p051_c1_grm_std_uni,1,7.376049518585205,-6.689727306365967,1
Clemson_p051_c1_grm_std_uni,1,6.698071479797363,-6.30341911315918,1
Clemson_p051_c1_grm_std_uni,1,5.727969646453857,-5.309762477874756,1
Clemson_p051_c1_grm_std_uni,1,4.1414995193481445,-3.844546318054199,1
Clemson_p051_c1_grm_std_uni,1,3.806628704071045,-2.777355909347534,1
Clemson_p051_c1_grm_std_uni,1,5.742520332336426,-5.109487533569336,1
Clemson_p051_c1_grm_std_uni,1,6.628891468048096,-6.382298469543457,1
Clemson_p051_c1_grm_std_uni,1,6.63129997253418,-6.55847692489624,1
Clemson_p051_c1_grm_std_uni,1,6.092537879943848,-6.259948253631592,1
Clemson_p051_c1_grm_std_uni,1,5.347947597503662,-5.487616062164307,1
Clemson_p051_c1_grm_std_uni,1,5.5546698570251465,-5.562649726867676,1
Clemson_p051_c1_grm_std_uni,1,5.893136501312256,-5.806756496429443,1
Clemson_p051_c1_grm_std_uni,1,5.551863193511963,-5.68237829208374,1
Clemson_p051_c1_grm_std_uni,1,4.680787563323975,-4.902101993560791,1
Clemson_p051_c1_grm_std_uni,1,5.033814907073975,-5.057319164276123,1
Clemson_p051_c1_grm_std_uni,1,5.383959770202637,-5.252546787261963,1
Clemson_p051_c1_grm_std_uni,1,4.90246057510376,-4.789680004119873,1
Clemson_p051_c1_grm_std_uni,1,4.469052791595459,-4.4404096603393555,1
Clemson_p051_c1_grm_std_uni,1,5.239303112030029,-5.16270637512207,1
Clemson_p051_c1_grm_std_uni,1,5.4305033683776855,-5.480649471282959,1
Clemson_p051_c1_grm_std_uni,1,5.044338703155518,-5.183442115783691,1
Clemson_p051_c1_grm_std_uni,1,4.393361568450928,-4.592011451721191,1
Clemson_p051_c1_grm_std_uni,1,4.68010950088501,-4.444594860076904,1
Clemson_p051_c1_grm_std_uni,1,5.567275047302246,-4.76959228515625,1
Clemson_p051_c1_grm_std_uni,1,6.870441913604736,-5.520989418029785,1
Clemson_p051_c1_grm_std_uni,1,6.9567060470581055,-5.507574081420898,1
Clemson_p051_c1_grm_std_uni,1,6.595384120941162,-5.0174479484558105,1
Clemson_p051_c1_grm_std_uni,1,5.626579761505127,-4.449807167053223,1
Clemson_p051_c1_grm_std_uni,1,6.662495136260986,-5.275256633758545,1
Clemson_p051_c1_grm_std_uni,1,6.283425807952881,-5.152956962585449,1
Clemson_p051_c1_grm_std_uni,1,5.79620885848999,-4.939866065979004,1
Clemson_p051_c1_grm_std_uni,1,5.43557071685791,-4.677581787109375,1
Clemson_p051_c1_grm_std_uni,1,5.251824855804443,-4.351187705993652,1
Clemson_p051_c1_grm_std_uni,1,4.985657215118408,-3.9991557598114014,1
Clemson_p051_c1_grm_std_uni,1,4.935349941253662,-3.796938419342041,1
Clemson_p051_c1_grm_std_uni,1,4.822478771209717,-3.5413947105407715,1
Clemson_p051_c1_grm_std_uni,1,5.439413070678711,-3.9952008724212646,1
Clemson_p051_c1_grm_std_uni,1,5.272772789001465,-4.154866695404053,1
Clemson_p051_c1_grm_std_uni,1,5.092674732208252,-4.335663795471191,1
Clemson_p051_c1_grm_std_uni,1,5.034627914428711,-4.377567768096924,1
Clemson_p051_c1_grm_std_uni,1,4.910577774047852,-4.358320713043213,1
Clemson_p051_c1_grm_std_uni,1,4.690830707550049,-4.363118648529053,1
Clemson_p051_c1_grm_std_uni,1,4.621315956115723,-4.382597923278809,1
Clemson_p051_c1_grm_std_uni,1,4.655843257904053,-4.390597343444824,1
Clemson_p051_c1_grm_std_uni,1,4.702563285827637,-4.370075702667236,1
Clemson_p051_c1_grm_std_uni,1,4.800262451171875,-4.31421422958374,1
Clemson_p051_c1_grm_std_uni,1,4.861025810241699,-4.325096607208252,1
Clemson_p051_c1_grm_std_uni,1,4.732301712036133,-4.301972389221191,1
Clemson_p051_c1_grm_std_uni,1,5.077609062194824,-4.636105537414551,1
Clemson_p051_c1_grm_std_uni,2,5.242648124694824,-4.510701656341553,1
Clemson_p051_c1_grm_std_uni,2,4.853741645812988,-4.065945625305176,1
Clemson_p051_c1_grm_std_uni,2,4.355092525482178,-3.9795026779174805,1
Clemson_p051_c1_grm_std_uni,2,3.6616642475128174,-4.473838806152344,1
Clemson_p051_c1_grm_std_uni,2,3.426600456237793,-4.76237678527832,1
Clemson_p051_c1_grm_std_uni,2,3.812328338623047,-5.2477521896362305,1
Clemson_p051_c1_grm_std_uni,2,3.964048147201538,-5.390528678894043,1
Clemson_p051_c1_grm_std_uni,2,3.985532283782959,-5.337608814239502,1
Clemson_p051_c1_grm_std_uni,2,3.9870495796203613,-5.202033519744873,1
Clemson_p051_c1_grm_std_uni,2,4.230372905731201,-5.234694957733154,1
Clemson_p051_c1_grm_std_uni,2,4.3852739334106445,-5.237306594848633,1
Clemson_p051_c1_grm_std_uni,2,4.127018928527832,-4.840251445770264,1
Clemson_p051_c1_grm_std_uni,2,4.0549845695495605,-4.587653636932373,1
Clemson_p051_c1_grm_std_uni,2,4.454716205596924,-4.836321830749512,1
Clemson_p051_c1_grm_std_uni,2,4.37935209274292,-4.722355365753174,1
Clemson_p051_c1_grm_std_uni,2,4.489138603210449,-4.952176094055176,1
Clemson_p051_c1_grm_std_uni,2,4.642258644104004,-5.302934646606445,1
Clemson_p051_c1_grm_std_uni,2,4.828153133392334,-5.1522393226623535,1
Clemson_p051_c1_grm_std_uni,2,3.7470614910125732,-4.065354824066162,1
Clemson_p051_c1_grm_std_uni,2,-0.5295040607452393,0.8311565518379211,2
Clemson_p051_c1_grm_std_uni,2,2.7531378269195557,-0.6579608917236328,1
Clemson_p051_c1_grm_std_uni,2,5.864566326141357,-3.6801371574401855,1
Clemson_p051_c1_grm_std_uni,2,6.965414047241211,-5.211467266082764,1
Clemson_p051_c1_grm_std_uni,2,7.947804927825928,-6.106617450714111,1
Clemson_p051_c1_grm_std_uni,2,8.174782752990723,-6.739596366882324,1
Clemson_p051_c1_grm_std_uni,2,8.13275146484375,-7.296079158782959,1
Clemson_p051_c1_grm_std_uni,1,7.973411560058594,-7.53010368347168,1
Clemson_p051_c1_grm_std_uni,1,7.431114673614502,-7.427187919616699,1
Clemson_p051_c1_grm_std_uni,1,6.70609712600708,-7.215714454650879,1
Clemson_p051_c1_grm_std_uni,1,6.159827709197998,-6.915684223175049,1
Clemson_p051_c1_grm_std_uni,1,5.8831400871276855,-6.432601451873779,1
Clemson_p051_c1_grm_std_uni,1,5.794028282165527,-6.040085792541504,1
Clemson_p051_c1_grm_std_uni,1,5.789118766784668,-5.889767169952393,1
Clemson_p051_c1_grm_std_uni,1,5.836031436920166,-5.81237268447876,1
Clemson_p051_c1_grm_std_uni,1,5.877115726470947,-5.707891464233398,1
Clemson_p051_c1_grm_std_uni,1,5.804413318634033,-5.550721168518066,1
Clemson_p051_c1_grm_std_uni,1,5.4394097328186035,-5.192429065704346,1
Clemson_p051_c1_grm_std_uni,1,5.398350715637207,-5.132023334503174,1
Clemson_p051_c1_grm_std_uni,1,5.3970184326171875,-5.067717552185059,1
Clemson_p051_c1_grm_std_uni,1,5.3525214195251465,-4.990846157073975,1
Clemson_p051_c1_grm_std_uni,1,5.319285869598389,-4.848639488220215,1
Clemson_p051_c1_grm_std_uni,1,5.480048179626465,-4.976304054260254,1
Clemson_p051_c1_grm_std_uni,1,5.5094475746154785,-4.832490921020508,1
Clemson_p051_c1_grm_std_uni,1,4.8705878257751465,-3.8737759590148926,1
Clemson_p051_c1_grm_std_uni,1,4.076661586761475,-3.1309280395507812,1
Clemson_p051_c1_grm_std_uni,1,4.28964376449585,-3.5579826831817627,1
Clemson_p051_c1_grm_std_uni,1,5.9487714767456055,-4.565998554229736,1
Clemson_p051_c1_grm_std_uni,1,6.522965908050537,-5.094204902648926,1
Clemson_p051_c1_grm_std_uni,1,7.056309223175049,-6.243442058563232,1
Clemson_p051_c1_grm_std_uni,1,6.519474983215332,-6.368160724639893,1
Clemson_p051_c1_grm_std_uni,1,5.9972825050354,-6.158173084259033,1
Clemson_p051_c1_grm_std_uni,1,5.524254322052002,-5.696690559387207,1
Clemson_p051_c1_grm_std_uni,1,4.822052478790283,-4.78238582611084,1
Clemson_p051_c1_grm_std_uni,1,4.80164098739624,-4.337382793426514,1
Clemson_p051_c1_grm_std_uni,1,6.479980945587158,-5.744360446929932,1
Clemson_p051_c1_grm_std_uni,1,6.427579879760742,-5.817908763885498,1
Clemson_p051_c1_grm_std_uni,1,6.444032669067383,-5.8351311683654785,1
Clemson_p051_c1_grm_std_uni,1,6.016271114349365,-5.4022417068481445,1
Clemson_p051_c1_grm_std_uni,1,5.904676914215088,-5.294919967651367,1
Clemson_p051_c1_grm_std_uni,1,4.991042613983154,-4.101198673248291,1
Clemson_p051_c1_grm_std_uni,1,3.756383180618286,-2.810394525527954,1
Clemson_p051_c1_grm_std_uni,1,4.765929698944092,-3.745668888092041,1
Clemson_p051_c1_grm_std_uni,1,6.739137172698975,-5.7995100021362305,1
Clemson_p051_c1_grm_std_uni,1,8.155901908874512,-6.750844478607178,1
Clemson_p051_c1_grm_std_uni,1,7.8400774002075195,-6.492598056793213,1
Clemson_p051_c1_grm_std_uni,1,6.8829169273376465,-5.767910957336426,1
Clemson_p051_c1_grm_std_uni,1,6.095755577087402,-5.139091491699219,1
Clemson_p051_c1_grm_std_uni,1,6.594598770141602,-5.417859077453613,1
Clemson_p051_c1_grm_std_uni,1,6.5340962409973145,-5.38215446472168,1
Clemson_p051_c1_grm_std_uni,1,6.933865547180176,-5.637880802154541,1
Clemson_p051_c1_grm_std_uni,1,7.597210884094238,-6.020379066467285,1
Clemson_p051_c1_grm_std_uni,1,6.965311527252197,-5.568902969360352,1
Clemson_p051_c1_grm_std_uni,1,6.3101091384887695,-5.053913593292236,1
Clemson_p051_c1_grm_std_uni,1,6.971686840057373,-5.579107284545898,1
Clemson_p051_c1_grm_std_uni,1,7.012353420257568,-5.740856647491455,1
Clemson_p051_c1_grm_std_uni,1,6.464605808258057,-5.543449878692627,1
Clemson_p051_c1_grm_std_uni,1,5.999926567077637,-5.268097400665283,1
Clemson_p051_c1_grm_std_uni,1,4.429102420806885,-3.9520270824432373,1
Clemson_p051_c1_grm_std_uni,1,4.596308708190918,-3.738399028778076,1
Clemson_p051_c1_grm_std_uni,1,6.697044372558594,-4.953290939331055,1
Clemson_p051_c1_grm_std_uni,1,7.224819660186768,-5.265608310699463,1
Clemson_p051_c1_grm_std_uni,1,7.156814098358154,-5.216724872589111,1
Clemson_p051_c1_grm_std_uni,1,5.99099063873291,-4.375374794006348,1
Clemson_p051_c1_grm_std_uni,1,6.144660949707031,-4.5078630447387695,1
Clemson_p051_c1_grm_std_uni,1,6.860560894012451,-5.248910903930664,1
Clemson_p051_c1_grm_std_uni,1,6.6764302253723145,-5.55867862701416,1
Clemson_p051_c1_grm_std_uni,1,6.442633628845215,-5.6372504234313965,1
Clemson_p051_c1_grm_std_uni,1,6.13756799697876,-5.490805149078369,1
Clemson_p051_c1_grm_std_uni,1,5.977773189544678,-5.290741920471191,1
Clemson_p051_c1_grm_std_uni,1,6.295783996582031,-5.397521495819092,1
Clemson_p051_c1_grm_std_uni,1,6.532320022583008,-5.490537643432617,1
Clemson_p051_c1_grm_std_uni,1,6.438849449157715,-5.281400203704834,1
Clemson_p051_c1_grm_std_uni,1,6.369874477386475,-5.019245624542236,1
Clemson_p051_c1_grm_std_uni,1,6.033915996551514,-4.706258773803711,1
Clemson_p051_c1_grm_std_uni,1,6.463648319244385,-5.081206798553467,1
Clemson_p051_c1_grm_std_uni,1,6.591543197631836,-5.369239330291748,1
Clemson_p051_c1_grm_std_uni,1,6.602814674377441,-5.506226062774658,1
Clemson_p051_c1_grm_std_uni,1,6.527052879333496,-5.4906158447265625,1
Clemson_p051_c1_grm_std_uni,1,6.493481636047363,-5.444725513458252,1
Clemson_p051_c1_grm_std_uni,1,6.494750499725342,-5.432812690734863,1
Clemson_p051_c1_grm_std_uni,1,6.587761402130127,-5.468579292297363,1
Clemson_p051_c1_grm_std_uni,1,6.4645771980285645,-5.429183006286621,1
Clemson_p051_c1_grm_std_uni,1,6.5988969802856445,-5.507984638214111,1
Clemson_p051_c1_grm_std_uni,1,6.648913383483887,-5.533402442932129,1
Clemson_p051_c1_grm_std_uni,1,6.636779308319092,-5.5150604248046875,1
Clemson_p051_c1_grm_std_uni,1,6.620715618133545,-5.499809741973877,1
Clemson_p051_c1_grm_std_uni,1,6.655613899230957,-5.504235744476318,1
Clemson_p051_c1_grm_std_uni,1,6.60322904586792,-5.458489894866943,1
Clemson_p051_c1_grm_std_uni,1,6.502688884735107,-5.381825923919678,1
Clemson_p051_c1_grm_std_uni,1,6.54069185256958,-5.455451488494873,1
Clemson_p051_c1_grm_std_uni,1,6.565981388092041,-5.595998287200928,1
Clemson_p051_c1_grm_std_uni,1,6.539783954620361,-5.516880512237549,1
Clemson_p051_c1_grm_std_uni,1,6.507489204406738,-5.388585567474365,1
Clemson_p051_c1_grm_std_uni,1,6.254444599151611,-5.025117874145508,1
Clemson_p051_c1_grm_std_uni,1,5.078591823577881,-3.8080945014953613,1
Clemson_p051_c1_grm_std_uni,1,4.06024694442749,-2.701542854309082,1
Clemson_p051_c1_grm_std_uni,1,3.6546339988708496,-2.1381139755249023,1
Clemson_p051_c1_grm_std_uni,1,5.0393571853637695,-3.4747321605682373,1
Clemson_p051_c1_grm_std_uni,1,6.480293273925781,-4.660608768463135,1
Clemson_p051_c1_grm_std_uni,1,6.791535377502441,-5.616894721984863,1
Clemson_p051_c1_grm_std_uni,1,6.469351768493652,-5.830526351928711,1
Clemson_p051_c1_grm_std_uni,1,6.161620616912842,-5.504715442657471,1
Clemson_p051_c1_grm_std_uni,1,5.90366268157959,-5.1595916748046875,1
Clemson_p051_c1_grm_std_uni,1,6.000446796417236,-4.931978702545166,1
Clemson_p051_c1_grm_std_uni,1,6.6725263595581055,-5.0491943359375,1
Clemson_p051_c1_grm_std_uni,1,6.946107864379883,-5.068846225738525,1
Clemson_p051_c1_grm_std_uni,1,7.233424186706543,-5.343362331390381,1
Clemson_p051_c1_grm_std_uni,1,7.487085342407227,-5.649648189544678,1
Clemson_p051_c1_grm_std_uni,1,7.120488166809082,-5.4032697677612305,1
Clemson_p051_c1_grm_std_uni,1,6.5933613777160645,-4.870316982269287,1
Clemson_p051_c1_grm_std_uni,1,6.43483304977417,-4.47426176071167,1
Clemson_p051_c1_grm_std_uni,1,6.733671188354492,-4.493772506713867,1
Clemson_p051_c1_grm_std_uni,1,6.991536617279053,-4.616444110870361,1
Clemson_p051_c1_grm_std_uni,1,8.214288711547852,-5.470526218414307,1
Clemson_p051_c1_grm_std_uni,1,8.206289291381836,-5.553557395935059,1
Clemson_p051_c1_grm_std_uni,1,7.77575159072876,-5.4687418937683105,1
Clemson_p051_c1_grm_std_uni,1,7.584571838378906,-5.565774917602539,1
Clemson_p051_c1_grm_std_uni,1,7.19826078414917,-5.45887565612793,1
Clemson_p051_c1_grm_std_uni,1,6.971847057342529,-5.390140056610107,1
Clemson_p051_c1_grm_std_uni,1,6.916937828063965,-5.431593418121338,1
Clemson_p051_c1_grm_std_uni,1,6.876951694488525,-5.448042392730713,1
Clemson_p051_c1_grm_std_uni,1,6.854925632476807,-5.354996681213379,1
Clemson_p051_c1_grm_std_uni,1,6.487254619598389,-4.773970603942871,1
Clemson_p051_c1_grm_std_uni,1,6.365289211273193,-4.359706401824951,1
Clemson_p051_c1_grm_std_uni,1,6.338524341583252,-4.209995269775391,1
Clemson_p051_c1_grm_std_uni,1,6.291611671447754,-4.490041255950928,1
Clemson_p051_c1_grm_std_uni,1,6.678036212921143,-4.928269863128662,1
Clemson_p051_c1_grm_std_uni,1,6.605912685394287,-4.765422344207764,1
Clemson_p051_c1_grm_std_uni,1,6.945950508117676,-5.054399490356445,1
Clemson_p051_c1_grm_std_uni,1,7.246522426605225,-5.389798164367676,1
Clemson_p051_c1_grm_std_uni,1,7.225400924682617,-5.409760475158691,1
Clemson_p051_c1_grm_std_uni,1,7.354936599731445,-5.639803409576416,1
Clemson_p051_c1_grm_std_uni,1,6.942939758300781,-5.50531530380249,1
Clemson_p051_c1_grm_std_uni,1,6.1443352699279785,-5.1109538078308105,1
Clemson_p051_c1_grm_std_uni,1,6.784200191497803,-5.820029258728027,1
Clemson_p051_c1_grm_std_uni,1,6.575259208679199,-5.778404712677002,1
Clemson_p051_c1_grm_std_uni,1,6.4554266929626465,-5.659769058227539,1
Clemson_p051_c1_grm_std_uni,1,6.246636867523193,-5.610850811004639,1
Clemson_p051_c1_grm_std_uni,1,6.408836364746094,-5.553194999694824,1
Clemson_p051_c1_grm_std_uni,1,6.589410781860352,-5.5709123611450195,1
Clemson_p051_c1_grm_std_uni,1,6.63295841217041,-5.118083477020264,1
Clemson_p051_c1_grm_std_uni,1,5.667876720428467,-4.023813724517822,1
Clemson_p051_c1_grm_std_uni,1,4.926551818847656,-3.1974637508392334,1
Clemson_p051_c1_grm_std_uni,1,4.275606632232666,-2.532648801803589,1
Clemson_p051_c1_grm_std_uni,1,4.632253646850586,-2.631836414337158,1
Clemson_p051_c1_grm_std_uni,1,6.110689163208008,-4.438506126403809,1
Clemson_p051_c1_grm_std_uni,1,6.523831367492676,-5.816718101501465,1
Clemson_p051_c1_grm_std_uni,1,6.422739505767822,-5.940609931945801,1
Clemson_p051_c1_grm_std_uni,1,6.192474842071533,-5.628380298614502,1
Clemson_p051_c1_grm_std_uni,1,6.229422092437744,-5.680368423461914,1
Clemson_p051_c1_grm_std_uni,1,6.238021373748779,-5.731439113616943,1
Clemson_p051_c1_grm_std_uni,1,6.19949197769165,-5.734797954559326,1
Clemson_p051_c1_grm_std_uni,1,6.167638778686523,-5.6913557052612305,1
Clemson_p051_c1_grm_std_uni,1,6.179165363311768,-5.621644973754883,1
Clemson_p051_c1_grm_std_uni,1,6.103590488433838,-5.247019290924072,1
Clemson_p051_c1_grm_std_uni,1,5.815494060516357,-4.485315322875977,1
Clemson_p051_c1_grm_std_uni,1,6.140215873718262,-4.445285320281982,1
Clemson_p051_c1_grm_std_uni,1,6.6055450439453125,-4.804193019866943,1
Clemson_p051_c1_grm_std_uni,1,6.620762825012207,-4.8994526863098145,1
Clemson_p051_c1_grm_std_uni,1,6.8335371017456055,-5.224972724914551,1
Clemson_p051_c1_grm_std_uni,1,6.952199459075928,-5.476220607757568,1
Clemson_p051_c1_grm_std_uni,1,7.1284308433532715,-5.595119953155518,1
Clemson_p051_c1_grm_std_uni,1,6.644595146179199,-4.987485408782959,1
Clemson_p051_c1_grm_std_uni,1,6.410011291503906,-4.536980152130127,1
Clemson_p051_c1_grm_std_uni,1,6.023002624511719,-3.9584202766418457,1
Clemson_p051_c1_grm_std_uni,1,5.825514793395996,-3.7229409217834473,1
Clemson_p051_c1_grm_std_uni,1,6.553147315979004,-4.499024391174316,1
Clemson_p051_c1_grm_std_uni,1,7.729510307312012,-5.747613906860352,1
Clemson_p051_c1_grm_std_uni,1,7.783353328704834,-5.664620876312256,1
Clemson_p051_c1_grm_std_uni,1,8.057101249694824,-5.95957088470459,1
Clemson_p051_c1_grm_std_uni,1,8.25501537322998,-6.205189228057861,1
Clemson_p051_c1_grm_std_uni,1,7.981900215148926,-6.124778747558594,1
Clemson_p051_c1_grm_std_uni,1,7.571588039398193,-6.09604024887085,1
Clemson_p051_c1_grm_std_uni,1,7.174615859985352,-5.996735095977783,1
Clemson_p051_c1_grm_std_uni,1,7.04279899597168,-5.923640251159668,1
Clemson_p051_c1_grm_std_uni,1,6.789904594421387,-5.744453430175781,1
Clemson_p051_c1_grm_std_uni,1,6.8654255867004395,-5.7288713455200195,1
Clemson_p051_c1_grm_std_uni,1,6.896313667297363,-5.729386806488037,1
Clemson_p051_c1_grm_std_uni,1,6.898301124572754,-5.729743003845215,1
Clemson_p051_c1_grm_std_uni,1,6.883427619934082,-5.736848831176758,1
Clemson_p051_c1_grm_std_uni,1,6.831413745880127,-5.709474563598633,1
Clemson_p051_c1_grm_std_uni,1,6.76313591003418,-5.67038106918335,1
Clemson_p051_c1_grm_std_uni,1,6.70307731628418,-5.635646343231201,1
Clemson_p051_c1_grm_std_uni,1,6.619163990020752,-5.570993900299072,1
Clemson_p051_c1_grm_std_uni,1,6.742588996887207,-5.648062705993652,1
Clemson_p051_c1_grm_std_uni,1,6.7151408195495605,-5.579980373382568,1
Clemson_p051_c1_grm_std_uni,1,6.508880138397217,-5.414183139801025,1
Clemson_p051_c1_grm_std_uni,1,6.32142972946167,-5.235289573669434,1
Clemson_p051_c1_grm_std_uni,1,6.251255989074707,-5.116163730621338,1
Clemson_p051_c1_grm_std_uni,1,5.896644115447998,-4.63232946395874,1
Clemson_p051_c1_grm_std_uni,1,5.718918323516846,-4.1142683029174805,1
Clemson_p051_c1_grm_std_uni,1,6.412926197052002,-4.448883056640625,1
Clemson_p051_c1_grm_std_uni,1,6.687088966369629,-4.540328502655029,1
Clemson_p051_c1_grm_std_uni,1,6.8946051597595215,-4.6954851150512695,1
Clemson_p051_c1_grm_std_uni,1,7.229438781738281,-4.9618144035339355,1
Clemson_p051_c1_grm_std_uni,1,6.561619281768799,-4.743600845336914,1
Clemson_p051_c1_grm_std_uni,1,7.14948034286499,-5.453425407409668,1
Clemson_p051_c1_grm_std_uni,1,6.789333820343018,-5.513780117034912,1
Clemson_p051_c1_grm_std_uni,1,6.493197917938232,-5.348698616027832,1
Clemson_p051_c1_grm_std_uni,1,6.576547145843506,-5.41377067565918,1
Clemson_p051_c1_grm_std_uni,1,6.808384418487549,-5.519350528717041,1
Clemson_p051_c1_grm_std_uni,1,6.801597595214844,-5.457211494445801,1
Clemson_p051_c1_grm_std_uni,1,6.49097204208374,-5.221410751342773,1
Clemson_p051_c1_grm_std_uni,1,5.610544681549072,-4.64615535736084,1
Clemson_p051_c1_grm_std_uni,1,5.882736682891846,-4.847425937652588,1
Clemson_p051_c1_grm_std_uni,1,5.667999744415283,-4.764848709106445,1
Clemson_p051_c1_grm_std_uni,1,5.868096351623535,-4.977692127227783,1
Clemson_p051_c1_grm_std_uni,1,6.0350871086120605,-5.126890182495117,1
Clemson_p051_c1_grm_std_uni,1,6.0922956466674805,-5.0173845291137695,1
Clemson_p051_c1_grm_std_uni,1,5.60595178604126,-4.592440605163574,1
Clemson_p051_c1_grm_std_uni,1,5.101439952850342,-4.252736568450928,1
Clemson_p051_c1_grm_std_uni,1,4.990810871124268,-4.3203887939453125,1
Clemson_p051_c1_grm_std_uni,1,5.08275842666626,-4.451544284820557,1
Clemson_p051_c1_grm_std_uni,1,5.438039779663086,-4.729872703552246,1
Clemson_p051_c1_grm_std_uni,1,5.64056921005249,-4.903528213500977,1
Clemson_p051_c1_grm_std_uni,1,5.714640140533447,-4.967508316040039,1
Clemson_p051_c1_grm_std_uni,1,5.673567771911621,-4.914114475250244,1
Clemson_p051_c1_grm_std_uni,1,5.5793023109436035,-4.796774864196777,1
Clemson_p051_c1_grm_std_uni,1,5.468070983886719,-4.692720890045166,1
Clemson_p051_c1_grm_std_uni,1,5.235563278198242,-4.544156551361084,1
Clemson_p051_c1_grm_std_uni,1,5.242428302764893,-4.572068214416504,1
Clemson_p051_c1_grm_std_uni,1,5.290525436401367,-4.6473307609558105,1
Clemson_p051_c1_grm_std_uni,1,5.577317714691162,-4.852296829223633,1
Clemson_p051_c1_grm_std_uni,1,5.795821666717529,-4.973219871520996,1
Clemson_p051_c1_grm_std_uni,1,5.778093338012695,-4.962432384490967,1
Clemson_p051_c1_grm_std_uni,1,5.572862148284912,-4.851712226867676,1
Clemson_p051_c1_grm_std_uni,1,5.415460109710693,-4.779988765716553,1
Clemson_p051_c1_grm_std_uni,1,4.907758712768555,-4.354445457458496,1
Clemson_p051_c1_grm_std_uni,1,3.8985936641693115,-3.2738940715789795,1
Clemson_p051_c1_grm_std_uni,1,3.8005056381225586,-2.685944080352783,1
Clemson_p051_c1_grm_std_uni,1,4.728516578674316,-3.655811309814453,1
Clemson_p051_c1_grm_std_uni,1,5.84028434753418,-4.894349098205566,1
Clemson_p051_c1_grm_std_uni,1,5.598695755004883,-4.911379337310791,1
Clemson_p051_c1_grm_std_uni,1,5.2310380935668945,-4.957781791687012,1
Clemson_p051_c1_grm_std_uni,1,5.099845886230469,-4.902412414550781,1
Clemson_p051_c1_grm_std_uni,1,4.965883731842041,-4.63184118270874,1
Clemson_p051_c1_grm_std_uni,1,4.36036491394043,-3.701051950454712,1
Clemson_p051_c1_grm_std_uni,1,4.1284565925598145,-3.267035961151123,1
Clemson_p051_c1_grm_std_uni,1,4.990869998931885,-4.073761463165283,1
Clemson_p051_c1_grm_std_uni,1,5.429969310760498,-4.635680675506592,1
Clemson_p051_c1_grm_std_uni,1,5.2539381980896,-4.735791206359863,1
Clemson_p051_c1_grm_std_uni,1,4.854870319366455,-4.717783451080322,1
Clemson_p051_c1_grm_std_uni,1,4.694885730743408,-4.873168468475342,1
Clemson_p051_c1_grm_std_uni,1,4.433803081512451,-4.8728718757629395,1
Clemson_p051_c1_grm_std_uni,1,4.401132106781006,-4.589197158813477,1
Clemson_p051_c1_grm_std_uni,1,4.206540107727051,-4.185917377471924,1
Clemson_p051_c1_grm_std_uni,1,4.387192249298096,-4.241974353790283,1
Clemson_p051_c1_grm_std_uni,1,4.232356071472168,-4.112155437469482,1
Clemson_p051_c1_grm_std_uni,1,4.346554279327393,-4.091593265533447,1
Clemson_p051_c1_grm_std_uni,1,4.617208003997803,-4.402581214904785,1
Clemson_p051_c1_grm_std_uni,1,4.758847236633301,-4.5716872215271,1
Clemson_p051_c1_grm_std_uni,1,4.60737419128418,-4.545591831207275,1
Clemson_p051_c1_grm_std_uni,1,4.242549419403076,-4.248052597045898,1
Clemson_p051_c1_grm_std_uni,1,3.3856074810028076,-3.5038530826568604,1
Clemson_p051_c1_grm_std_uni,1,3.856489896774292,-4.304014205932617,1
Clemson_p051_c1_grm_std_uni,1,4.180968284606934,-4.728056907653809,1
Clemson_p051_c1_grm_std_uni,2,3.0152084827423096,-3.439574956893921,1
Clemson_p051_c1_grm_std_uni,2,2.1759581565856934,-2.148017644882202,1
Clemson_p051_c1_grm_std_uni,2,2.1126773357391357,-1.3068599700927734,1
Clemson_p051_c1_grm_std_uni,2,3.50862193107605,-2.3338682651519775,1
Clemson_p051_c1_grm_std_uni,2,6.0640740394592285,-5.862610340118408,1
Clemson_p051_c1_grm_std_uni,2,6.0093488693237305,-5.784060478210449,1
Clemson_p051_c1_grm_std_uni,2,6.097260475158691,-5.972701072692871,1
Clemson_p051_c1_grm_std_uni,2,6.164797782897949,-6.07123327255249,1
Clemson_p051_c1_grm_std_uni,2,6.072694778442383,-5.983088970184326,1
Clemson_p051_c1_grm_std_uni,2,5.931857585906982,-5.716131687164307,1
Clemson_p051_c1_grm_std_uni,2,6.0505452156066895,-5.6226677894592285,1
Clemson_p051_c1_grm_std_uni,2,5.796948432922363,-5.5044660568237305,1
Clemson_p051_c1_grm_std_uni,2,5.55802059173584,-5.3964715003967285,1
Clemson_p051_c1_grm_std_uni,2,5.398967266082764,-5.052911281585693,1
Clemson_p051_c1_grm_std_uni,2,5.213411331176758,-4.367640018463135,1
Clemson_p051_c1_grm_std_uni,2,5.692890644073486,-4.975474834442139,1
Clemson_p051_c1_grm_std_uni,2,6.539100646972656,-6.268783092498779,1
Clemson_p051_c1_grm_std_uni,2,6.030860424041748,-5.973466396331787,1
Clemson_p051_c1_grm_std_uni,2,5.9554853439331055,-6.226864814758301,1
Clemson_p051_c1_grm_std_uni,2,5.874824523925781,-6.452686786651611,1
Clemson_p051_c1_grm_std_uni,2,5.576340675354004,-6.262838840484619,1
Clemson_p051_c1_grm_std_uni,2,4.443747043609619,-5.207520484924316,1
Clemson_p051_c1_grm_std_uni,2,1.0849722623825073,-1.8660873174667358,1
Clemson_p051_c1_grm_std_uni,2,2.5648999214172363,-1.4731634855270386,1
Clemson_p051_c1_grm_std_uni,2,5.470689296722412,-4.772035121917725,1
Clemson_p051_c1_grm_std_uni,1,6.759919166564941,-6.146638870239258,1
Clemson_p051_c1_grm_std_uni,1,7.749348163604736,-7.5267534255981445,1
Clemson_p051_c1_grm_std_uni,1,7.156904220581055,-7.385425090789795,1
Clemson_p051_c1_grm_std_uni,1,6.5428338050842285,-6.697086811065674,1
Clemson_p051_c1_grm_std_uni,1,6.354068279266357,-6.528615951538086,1
Clemson_p051_c1_grm_std_uni,1,6.436760425567627,-6.756396293640137,1
Clemson_p051_c1_grm_std_uni,1,7.022922039031982,-6.7135186195373535,1
Clemson_p051_c1_grm_std_uni,2,6.59483003616333,-6.037745475769043,1
Clemson_p051_c1_grm_std_uni,2,5.8251953125,-5.2790207862854,1
Clemson_p051_c1_grm_std_uni,2,4.831548690795898,-4.165729522705078,1
Clemson_p051_c1_grm_std_uni,2,5.15496301651001,-4.411902904510498,1
Clemson_p051_c1_grm_std_uni,2,6.617775917053223,-6.177918910980225,1
Clemson_p051_c1_grm_std_uni,2,6.836029529571533,-6.2425665855407715,1
Clemson_p051_c1_grm_std_uni,2,6.394472122192383,-5.872069835662842,1
Clemson_p051_c1_grm_std_uni,2,6.373152256011963,-6.059515953063965,1
Clemson_p051_c1_grm_std_uni,2,6.293274402618408,-6.183566093444824,1
Clemson_p051_c1_grm_std_uni,2,5.789736270904541,-6.102174282073975,1
Clemson_p051_c1_grm_std_uni,2,5.3860273361206055,-5.9671101570129395,1
Clemson_p051_c1_grm_std_uni,2,5.176253795623779,-5.88178825378418,1
Clemson_p051_c1_grm_std_uni,2,4.986778736114502,-5.694746494293213,1
Clemson_p051_c1_grm_std_uni,2,4.827653884887695,-5.631069660186768,1
Clemson_p051_c1_grm_std_uni,2,2.5336592197418213,-3.972801685333252,1
Clemson_p051_c1_grm_std_uni,2,-0.42197591066360474,1.1535894870758057,2
Clemson_p051_c1_grm_std_uni,2,3.407820463180542,-2.766993999481201,1
Clemson_p051_c1_grm_std_uni,2,6.521737098693848,-6.102727890014648,1
Clemson_p051_c1_grm_std_uni,2,6.957030296325684,-6.499541759490967,1
Clemson_p051_c1_grm_std_uni,1,7.189202308654785,-6.750776767730713,1
Clemson_p051_c1_grm_std_uni,1,6.947806358337402,-6.545127868652344,1
Clemson_p051_c1_grm_std_uni,1,6.478052139282227,-5.947441101074219,1
Clemson_p051_c1_grm_std_uni,1,6.068203449249268,-5.431857585906982,1
Clemson_p051_c1_grm_std_uni,1,5.7832231521606445,-5.214515209197998,1
Clemson_p051_c1_grm_std_uni,1,5.855324745178223,-5.0755414962768555,1
Clemson_p051_c1_grm_std_uni,1,5.880791664123535,-4.792058944702148,1
Clemson_p051_c1_grm_std_uni,1,6.992987155914307,-5.47896146774292,1
Clemson_p051_c1_grm_std_uni,1,7.279171943664551,-5.757262229919434,1
Clemson_p051_c1_grm_std_uni,1,7.033080101013184,-5.565485000610352,1
Clemson_p051_c1_grm_std_uni,1,6.496338367462158,-5.135345458984375,1
Clemson_p051_c1_grm_std_uni,1,6.03531551361084,-4.697656631469727,1
Clemson_p051_c1_grm_std_uni,1,6.018392086029053,-4.759576320648193,1
Clemson_p051_c1_grm_std_uni,1,5.91957426071167,-4.9854960441589355,1
Clemson_p051_c1_grm_std_uni,1,6.120110034942627,-5.095458030700684,1
Clemson_p051_c1_grm_std_uni,1,6.364187717437744,-5.271910190582275,1
Clemson_p051_c1_grm_std_uni,1,5.8527140617370605,-4.890826225280762,1
Clemson_p051_c1_grm_std_uni,1,4.904033184051514,-3.6083014011383057,1
Clemson_p051_c1_grm_std_uni,1,4.510512351989746,-3.3767735958099365,1
Clemson_p051_c1_grm_std_uni,1,6.158106803894043,-5.172038555145264,1
Clemson_p051_c1_grm_std_uni,1,7.315003871917725,-6.225034236907959,1
Clemson_p051_c1_grm_std_uni,1,6.390562057495117,-5.2449822425842285,1
Clemson_p051_c1_grm_std_uni,1,4.480515956878662,-4.240567207336426,1
Clemson_p051_c1_grm_std_uni,1,5.612698554992676,-5.258378505706787,1
Clemson_p051_c1_grm_std_uni,1,6.619770526885986,-5.750308513641357,1
Clemson_p051_c1_grm_std_uni,1,7.006629467010498,-6.352658748626709,1
Clemson_p051_c1_grm_std_uni,1,6.55618143081665,-6.33015251159668,1
Clemson_p051_c1_grm_std_uni,1,6.071639537811279,-6.116668224334717,1
Clemson_p051_c1_grm_std_uni,1,5.673126697540283,-5.605291843414307,1
Clemson_p051_c1_grm_std_uni,1,5.31201696395874,-4.548603534698486,1
Clemson_p051_c1_grm_std_uni,1,2.4611945152282715,-1.932515263557434,1
Clemson_p051_c1_grm_std_uni,2,2.3747668266296387,-1.119319200515747,1
Clemson_p051_c1_grm_std_uni,2,5.464872360229492,-3.8460352420806885,1
Clemson_p051_c1_grm_std_uni,2,6.371301651000977,-4.350953578948975,1
Clemson_p051_c1_grm_std_uni,2,6.768118381500244,-5.196523666381836,1
Clemson_p051_c1_grm_std_uni,2,7.6285505294799805,-5.657119274139404,1
Clemson_p051_c1_grm_std_uni,2,8.54577350616455,-6.162508487701416,1
Clemson_p051_c1_grm_std_uni,2,8.434896469116211,-6.260835647583008,1
Clemson_p051_c1_grm_std_uni,2,7.752120018005371,-5.6992292404174805,1
Clemson_p051_c1_grm_std_uni,2,7.8757171630859375,-5.981746196746826,1
Clemson_p051_c1_grm_std_uni,2,7.602203845977783,-6.086244106292725,1
Clemson_p051_c1_grm_std_uni,2,7.196050643920898,-5.944022178649902,1
Clemson_p051_c1_grm_std_uni,2,6.895089149475098,-5.824507713317871,1
Clemson_p051_c1_grm_std_uni,2,6.648788928985596,-5.8248443603515625,1
Clemson_p051_c1_grm_std_uni,2,6.3020758628845215,-5.795264720916748,1
Clemson_p051_c1_grm_std_uni,2,5.968945503234863,-5.6912078857421875,1
Clemson_p051_c1_grm_std_uni,2,5.739199161529541,-5.5889129638671875,1
Clemson_p051_c1_grm_std_uni,2,5.630486488342285,-5.560434818267822,1
Clemson_p051_c1_grm_std_uni,2,5.588434219360352,-5.548378944396973,1
Clemson_p051_c1_grm_std_uni,2,5.486796855926514,-5.540693283081055,1
Clemson_p051_c1_grm_std_uni,2,5.52903413772583,-5.452901363372803,1
Clemson_p051_c1_grm_std_uni,2,5.298750877380371,-4.490334987640381,1
Clemson_p051_c1_grm_std_uni,2,4.258528232574463,-2.2965826988220215,1
Clemson_p051_c1_grm_std_uni,2,5.037674903869629,-3.405040740966797,1
Clemson_p051_c1_grm_std_uni,2,5.923731327056885,-4.375174045562744,1
Clemson_p051_c1_grm_std_uni,2,5.9220805168151855,-4.416364669799805,1
Clemson_p051_c1_grm_std_uni,2,6.285768508911133,-5.30312442779541,1
Clemson_p051_c1_grm_std_uni,2,5.902493476867676,-5.7296552658081055,1
Clemson_p051_c1_grm_std_uni,2,5.247798442840576,-5.593409061431885,1
Clemson_p051_c1_grm_std_uni,2,4.914811611175537,-5.442345142364502,1
Clemson_p051_c1_grm_std_uni,2,4.52573823928833,-5.0465521812438965,1
Clemson_p051_c1_grm_std_uni,2,5.156315803527832,-5.406671524047852,1
Clemson_p051_c1_grm_std_uni,2,5.118114948272705,-5.489474773406982,1
Clemson_p051_c1_grm_std_uni,1,3.40445876121521,-3.0648691654205322,1
Clemson_p051_c1_grm_std_uni,1,2.5241432189941406,-1.7216311693191528,1
Clemson_p051_c1_grm_std_uni,1,3.5108282566070557,-3.0408668518066406,1
Clemson_p051_c1_grm_std_uni,1,3.9025986194610596,-3.649362325668335,1
Clemson_p051_c1_grm_std_uni,1,4.5779924392700195,-4.820059776306152,1
Clemson_p051_c1_grm_std_uni,1,4.677244186401367,-4.396814346313477,1
Clemson_p051_c1_grm_std_uni,1,4.882759094238281,-3.700531005859375,1
Clemson_p051_c1_grm_std_uni,1,5.054498195648193,-3.50578236579895,1
Clemson_p051_c1_grm_std_uni,1,5.112313270568848,-2.8604958057403564,1
Clemson_p051_c1_grm_std_uni,1,5.818948268890381,-3.0912182331085205,1
Clemson_p051_c1_grm_std_uni,1,6.1324944496154785,-4.638201713562012,1
Clemson_p051_c1_grm_std_uni,1,5.773316860198975,-4.796126365661621,1
Clemson_p051_c1_grm_std_uni,1,5.428950309753418,-4.12465238571167,1
Clemson_p051_c1_grm_std_uni,1,4.69819974899292,-3.198895215988159,1
Clemson_p051_c1_grm_std_uni,1,4.776297569274902,-3.5874874591827393,1
Clemson_p051_c1_grm_std_uni,1,5.867569446563721,-4.819333076477051,1
Clemson_p051_c1_grm_std_uni,1,6.485352039337158,-5.340559959411621,1
Clemson_p051_c1_grm_std_uni,1,7.24838924407959,-6.2007060050964355,1
Clemson_p051_c1_grm_std_uni,1,7.843188762664795,-6.767730236053467,1
Clemson_p051_c1_grm_std_uni,1,7.607474327087402,-6.5035319328308105,1
Clemson_p051_c1_grm_std_uni,1,7.153254985809326,-6.233828067779541,1
Clemson_p051_c1_grm_std_uni,1,7.0497026443481445,-6.545510768890381,1
Clemson_p051_c1_grm_std_uni,1,6.611712455749512,-6.625255107879639,1
Clemson_p051_c1_grm_std_uni,1,6.092703819274902,-5.714461803436279,1
Clemson_p051_c1_grm_std_uni,1,4.253533363342285,-3.963878631591797,1
Clemson_p051_c1_grm_std_uni,1,5.053046703338623,-5.10635232925415,1
Clemson_p051_c1_grm_std_uni,1,5.142415523529053,-5.553809642791748,1
Clemson_p051_c1_grm_std_uni,1,5.168206691741943,-5.345863342285156,1
Clemson_p051_c1_grm_std_uni,1,5.096635818481445,-5.011930465698242,1
Clemson_p051_c1_grm_std_uni,1,5.2522807121276855,-4.976805210113525,1
Clemson_p051_c1_grm_std_uni,1,5.965854167938232,-5.3983564376831055,1
Clemson_p051_c1_grm_std_uni,1,6.0213751792907715,-4.973456382751465,1
Clemson_p051_c1_grm_std_uni,1,5.405703067779541,-3.993622064590454,1
Clemson_p051_c1_grm_std_uni,1,5.012789726257324,-3.444014549255371,1
Clemson_p051_c1_grm_std_uni,1,4.990501880645752,-3.31768798828125,1
Clemson_p051_c1_grm_std_uni,1,5.60568904876709,-3.8341288566589355,1
Clemson_p051_c1_grm_std_uni,1,6.229246616363525,-4.444923400878906,1
Clemson_p051_c1_grm_std_uni,1,7.294472694396973,-5.248976707458496,1
Clemson_p051_c1_grm_std_uni,1,7.3681488037109375,-4.8903303146362305,1
Clemson_p051_c1_grm_std_uni,1,7.864876747131348,-5.833603858947754,1
Clemson_p051_c1_grm_std_uni,1,8.487868309020996,-6.76687479019165,1
Clemson_p051_c1_grm_std_uni,1,9.10621452331543,-6.9959797859191895,1
Clemson_p051_c1_grm_std_uni,1,8.769001007080078,-7.013383388519287,1
Clemson_p051_c1_grm_std_uni,1,8.091645240783691,-6.830125331878662,1
Clemson_p051_c1_grm_std_uni,1,6.654577732086182,-6.008227825164795,1
Clemson_p051_c1_grm_std_uni,1,6.13946533203125,-5.702577114105225,1
Clemson_p051_c1_grm_std_uni,1,6.5156073570251465,-5.876042366027832,1
Clemson_p051_c1_grm_std_uni,1,7.1407012939453125,-6.33300256729126,1
Clemson_p051_c1_grm_std_uni,1,7.0828046798706055,-6.207664966583252,1
Clemson_p051_c1_grm_std_uni,1,6.032251358032227,-5.596971035003662,1
Clemson_p051_c1_grm_std_uni,1,5.519388675689697,-5.575080871582031,1
Clemson_p051_c1_grm_std_uni,1,5.221176624298096,-5.017210960388184,1
Clemson_p051_c1_grm_std_uni,1,4.883502006530762,-4.254354953765869,1
Clemson_p051_c1_grm_std_uni,1,4.97724723815918,-4.357028484344482,1
Clemson_p051_c1_grm_std_uni,1,5.616456985473633,-5.659497261047363,1
Clemson_p051_c1_grm_std_uni,1,6.0496721267700195,-6.113183498382568,1
Clemson_p051_c1_grm_std_uni,1,5.296960830688477,-5.201964855194092,1
Clemson_p051_c1_grm_std_uni,1,5.16403341293335,-4.990750789642334,1
Clemson_p051_c1_grm_std_uni,1,5.895193099975586,-5.8380608558654785,1
Clemson_p051_c1_grm_std_uni,1,6.342888355255127,-6.099232196807861,1
Clemson_p051_c1_grm_std_uni,1,6.124602317810059,-6.040040493011475,1
Clemson_p051_c1_grm_std_uni,1,5.873223304748535,-5.918540954589844,1
Clemson_p051_c1_grm_std_uni,1,5.316335678100586,-5.549493789672852,1
Clemson_p051_c1_grm_std_uni,1,4.304682731628418,-4.496642112731934,1
Clemson_p051_c1_grm_std_uni,1,4.244817733764648,-4.051872730255127,1
Clemson_p051_c1_grm_std_uni,1,4.891798496246338,-4.472296714782715,1
Clemson_p051_c1_grm_std_uni,1,5.663243770599365,-5.245934963226318,1
Clemson_p051_c1_grm_std_uni,1,5.215107440948486,-4.976978778839111,1
Clemson_p051_c1_grm_std_uni,1,2.4915835857391357,-2.901409864425659,1
Clemson_p051_c1_grm_std_uni,1,2.4642300605773926,-1.8181402683258057,1
Clemson_p051_c1_grm_std_uni,1,3.7590701580047607,-2.52229642868042,1
Clemson_p051_c1_grm_std_uni,1,5.0524725914001465,-3.955026149749756,1
Clemson_p051_c1_grm_std_uni,1,5.807156085968018,-4.843440532684326,1
Clemson_p051_c1_grm_std_uni,1,7.461808681488037,-6.519077777862549,1
Clemson_p051_c1_grm_std_uni,1,6.83042573928833,-6.32369327545166,1
Clemson_p051_c1_grm_std_uni,1,6.284242153167725,-5.872827529907227,1
Clemson_p051_c1_grm_std_uni,1,6.3911542892456055,-6.350656986236572,1
Clemson_p051_c1_grm_std_uni,1,6.981009006500244,-6.374746322631836,1
Clemson_p051_c1_grm_std_uni,1,5.888248920440674,-5.440672874450684,1
Clemson_p051_c1_grm_std_uni,1,3.666395664215088,-3.858685255050659,1
Clemson_p051_c1_grm_std_uni,1,2.975257396697998,-2.6096887588500977,1
Clemson_p051_c1_grm_std_uni,1,4.344900131225586,-3.6848065853118896,1
Clemson_p051_c1_grm_std_uni,1,5.752396583557129,-4.890066623687744,1
Clemson_p051_c1_grm_std_uni,1,6.244283199310303,-5.643216609954834,1
Clemson_p051_c1_grm_std_uni,1,5.921453952789307,-5.769960403442383,1
Clemson_p051_c1_grm_std_uni,1,5.311309814453125,-5.130585193634033,1
Clemson_p051_c1_grm_std_uni,1,4.912804126739502,-5.009594917297363,1
Clemson_p051_c1_grm_std_uni,1,4.775117874145508,-5.251741886138916,1
Clemson_p051_c1_grm_std_uni,1,4.698873519897461,-5.347500801086426,1
Clemson_p051_c1_grm_std_uni,1,4.499610900878906,-5.076051712036133,1
Clemson_p051_c1_grm_std_uni,1,4.118380069732666,-4.614863395690918,1
Clemson_p051_c1_grm_std_uni,1,4.40271520614624,-4.676323413848877,1
Clemson_p051_c1_grm_std_uni,1,4.606154441833496,-4.710752010345459,1
Clemson_p051_c1_grm_std_uni,1,4.654279708862305,-4.780823707580566,1
Clemson_p051_c1_grm_std_uni,1,4.652281284332275,-4.805356502532959,1
Clemson_p051_c1_grm_std_uni,1,4.372193813323975,-4.516205787658691,1
Clemson_p051_c1_grm_std_uni,1,4.597469806671143,-4.6787800788879395,1
Clemson_p051_c1_grm_std_uni,1,4.76811408996582,-4.784050464630127,1
Clemson_p051_c1_grm_std_uni,1,4.445051193237305,-4.541666030883789,1
Clemson_p051_c1_grm_std_uni,1,2.7231595516204834,-3.1745822429656982,1
Clemson_p051_c1_grm_std_uni,1,2.469770669937134,-2.6595520973205566,1
Clemson_p051_c1_grm_std_uni,1,4.496511459350586,-4.391598701477051,1
Clemson_p051_c1_grm_std_uni,1,3.6792044639587402,-3.8540635108947754,1
Clemson_p051_c1_grm_std_uni,1,3.778069496154785,-3.859858751296997,1
Clemson_p051_c1_grm_std_uni,1,5.1778764724731445,-4.587259769439697,1
Clemson_p051_c1_grm_std_uni,1,7.151274681091309,-6.013357162475586,1
Clemson_p051_c1_grm_std_uni,1,7.124521732330322,-5.864536762237549,1
Clemson_p051_c1_grm_std_uni,1,6.890769958496094,-5.624383449554443,1
Clemson_p051_c1_grm_std_uni,1,6.342864036560059,-5.505235195159912,1
Clemson_p051_c1_grm_std_uni,1,5.539316654205322,-5.3518476486206055,1
Clemson_p051_c1_grm_std_uni,1,5.0356669425964355,-5.168022155761719,1
Clemson_p051_c1_grm_std_uni,1,4.769331932067871,-5.03757381439209,1
Clemson_p051_c1_grm_std_uni,1,4.666503429412842,-5.284766674041748,1
Clemson_p051_c1_grm_std_uni,1,4.400249004364014,-5.335397243499756,1
Clemson_p051_c1_grm_std_uni,1,3.9458234310150146,-4.8402605056762695,1
Clemson_p051_c1_grm_std_uni,1,2.521695137023926,-4.167901992797852,1
Clemson_p051_c1_grm_std_uni,1,3.313659906387329,-4.708062648773193,1
Clemson_p051_c1_grm_std_uni,1,4.481827259063721,-5.227536678314209,1
Clemson_p051_c1_grm_std_uni,1,5.143869876861572,-4.945528507232666,1
Clemson_p051_c1_grm_std_uni,1,5.7018022537231445,-4.809011459350586,1
Clemson_p051_c1_grm_std_uni,1,6.134730339050293,-4.821866512298584,1
Clemson_p051_c1_grm_std_uni,1,6.651162624359131,-5.33219051361084,1
Clemson_p051_c1_grm_std_uni,1,7.042327404022217,-5.695415019989014,1
Clemson_p051_c1_grm_std_uni,1,7.146504878997803,-5.821274757385254,1
Clemson_p051_c1_grm_std_uni,1,7.1345014572143555,-5.88621187210083,1
Clemson_p051_c1_grm_std_uni,1,7.083212852478027,-5.820371627807617,1
Clemson_p051_c1_grm_std_uni,1,6.571234703063965,-5.454473495483398,1
Clemson_p051_c1_grm_std_uni,1,5.571770191192627,-4.621200084686279,1
Clemson_p051_c1_grm_std_uni,1,5.6889119148254395,-4.365597724914551,1
Clemson_p051_c1_grm_std_uni,1,6.285233497619629,-4.698167324066162,1
Clemson_p051_c1_grm_std_uni,1,6.8664937019348145,-5.468673229217529,1
Clemson_p051_c1_grm_std_uni,1,5.911121845245361,-4.824960231781006,1
Clemson_p051_c1_grm_std_uni,1,4.72670316696167,-3.098212718963623,1
Clemson_p051_c1_grm_std_uni,1,4.117030143737793,-2.439256429672241,1
Clemson_p051_c1_grm_std_uni,1,4.234892845153809,-2.892420768737793,1
Clemson_p051_c1_grm_std_uni,1,5.044869899749756,-3.453425884246826,1
Clemson_p051_c1_grm_std_uni,1,5.274814128875732,-3.5224950313568115,1
Clemson_p051_c1_grm_std_uni,1,5.6866230964660645,-3.8170595169067383,1
Clemson_p051_c1_grm_std_uni,1,5.2643327713012695,-3.3431355953216553,1
Clemson_p051_c1_grm_std_uni,1,5.497959613800049,-3.4383206367492676,1
Clemson_p051_c1_grm_std_uni,1,5.4969258308410645,-3.768423557281494,1
Clemson_p051_c1_grm_std_uni,1,5.355020999908447,-3.655961751937866,1
Clemson_p051_c1_grm_std_uni,1,5.160693168640137,-3.535475730895996,1
Clemson_p051_c1_grm_std_uni,1,5.237420558929443,-3.716574192047119,1
Clemson_p051_c1_grm_std_uni,1,5.466993808746338,-4.299296855926514,1
Clemson_p051_c1_grm_std_uni,1,5.442559719085693,-4.508760929107666,1
Clemson_p051_c1_grm_std_uni,1,5.284574031829834,-4.468628883361816,1
Clemson_p051_c1_grm_std_uni,1,3.8824567794799805,-3.3878471851348877,1
Clemson_p051_c1_grm_std_uni,1,3.8843088150024414,-2.901010751724243,1
Clemson_p051_c1_grm_std_uni,1,4.964034557342529,-4.157987594604492,1
Clemson_p051_c1_grm_std_uni,1,5.572710990905762,-5.2177324295043945,1
Clemson_p051_c1_grm_std_uni,1,6.153543472290039,-6.025444030761719,1
Clemson_p051_c1_grm_std_uni,1,6.603560447692871,-6.1862945556640625,1
Clemson_p051_c1_grm_std_uni,1,7.064108371734619,-5.7287821769714355,1
Clemson_p051_c1_grm_std_uni,1,7.478029727935791,-5.504439353942871,1
Clemson_p051_c1_grm_std_uni,1,7.9523186683654785,-5.86813497543335,1
Clemson_p051_c1_grm_std_uni,1,8.33012866973877,-6.355504512786865,1
Clemson_p051_c1_grm_std_uni,1,7.645751476287842,-5.900182247161865,1
Clemson_p051_c1_grm_std_uni,1,7.550936698913574,-5.620258808135986,1
Clemson_p051_c1_grm_std_uni,1,7.354739665985107,-5.274925231933594,1
Clemson_p051_c1_grm_std_uni,1,7.036706924438477,-5.096427917480469,1
Clemson_p051_c1_grm_std_uni,1,3.17099928855896,-3.0490710735321045,1
Clemson_p051_c1_grm_std_uni,1,2.6527152061462402,-2.4427778720855713,1
Clemson_p051_c1_grm_std_uni,1,4.360595226287842,-4.025145053863525,1
Clemson_p051_c1_grm_std_uni,1,5.645727634429932,-5.1491851806640625,1
Clemson_p051_c1_grm_std_uni,1,6.595901966094971,-6.182563304901123,1
Clemson_p051_c1_grm_std_uni,1,6.905980110168457,-6.4576897621154785,1
Clemson_p051_c1_grm_std_uni,1,7.178439140319824,-6.527331829071045,1
Clemson_p051_c1_grm_std_uni,1,7.5351033210754395,-6.287225723266602,1
Clemson_p051_c1_grm_std_uni,1,7.8011884689331055,-6.60909366607666,1
Clemson_p051_c1_grm_std_uni,1,7.800988674163818,-6.116389751434326,1
Clemson_p051_c1_grm_std_uni,1,7.202994346618652,-5.815027713775635,1
Clemson_p051_c1_grm_std_uni,1,6.64846134185791,-5.890960216522217,1
Clemson_p051_c1_grm_std_uni,1,6.35331916809082,-5.880277633666992,1
Clemson_p051_c1_grm_std_uni,1,6.155636787414551,-5.8105292320251465,1
Clemson_p051_c1_grm_std_uni,1,6.064213752746582,-5.954121112823486,1
Clemson_p051_c1_grm_std_uni,1,5.966582298278809,-5.876298904418945,1
Clemson_p051_c1_grm_std_uni,1,5.962450981140137,-5.949803352355957,1
Clemson_p051_c1_grm_std_uni,1,5.919589042663574,-5.967957019805908,1
Clemson_p051_c1_grm_std_uni,1,5.890000820159912,-5.804062366485596,1
Clemson_p051_c1_grm_std_uni,1,5.8197245597839355,-5.494273662567139,1
Clemson_p051_c1_grm_std_uni,1,5.2640581130981445,-4.8174052238464355,1
Clemson_p051_c1_grm_std_uni,1,3.9785313606262207,-3.790001153945923,1
Clemson_p051_c1_grm_std_uni,1,4.014120101928711,-3.4463140964508057,1
Clemson_p051_c1_grm_std_uni,1,5.66817569732666,-4.348229885101318,1
Clemson_p051_c1_grm_std_uni,1,5.735219478607178,-4.2804274559021,1
Clemson_p051_c1_grm_std_uni,1,5.308624744415283,-4.525939464569092,1
Clemson_p051_c1_grm_std_uni,1,5.044378280639648,-4.843112468719482,1
Clemson_p051_c1_grm_std_uni,1,4.824563026428223,-4.937792778015137,1
Clemson_p051_c1_grm_std_uni,1,4.7467241287231445,-4.910882949829102,1
Clemson_p051_c1_grm_std_uni,1,4.833407878875732,-4.953835487365723,1
Clemson_p051_c1_grm_std_uni,1,5.008345603942871,-4.994973182678223,1
Clemson_p051_c1_grm_std_uni,1,5.220087051391602,-5.014228820800781,1
Clemson_p051_c1_grm_std_uni,1,5.289383411407471,-4.93718957901001,1
Clemson_p051_c1_grm_std_uni,1,5.312368869781494,-4.774160861968994,1
Clemson_p051_c1_grm_std_uni,1,5.3277812004089355,-4.646890163421631,1
Clemson_p051_c1_grm_std_uni,1,5.2367777824401855,-4.496049880981445,1
Clemson_p051_c1_grm_std_uni,1,5.009774684906006,-4.350165367126465,1
Clemson_p051_c1_grm_std_uni,1,4.749242305755615,-4.24265718460083,1
Clemson_p051_c1_grm_std_uni,1,4.878159999847412,-4.445633411407471,1
Clemson_p051_c1_grm_std_uni,1,4.878530979156494,-4.496042728424072,1
Clemson_p051_c1_grm_std_uni,1,4.9709858894348145,-4.5680155754089355,1
Clemson_p051_c1_grm_std_uni,1,5.0453081130981445,-4.606469631195068,1
Clemson_p051_c1_grm_std_uni,1,5.087300777435303,-4.60976505279541,1
Clemson_p051_c1_grm_std_uni,1,5.104804039001465,-4.569322109222412,1
Clemson_p051_c1_grm_std_uni,1,5.169660568237305,-4.5545501708984375,1
Clemson_p051_c1_grm_std_uni,1,5.271981239318848,-4.556488990783691,1
Clemson_p051_c1_grm_std_uni,1,5.363191604614258,-4.557740688323975,1
Clemson_p051_c1_grm_std_uni,1,5.391757011413574,-4.5056657791137695,1
Clemson_p051_c1_grm_std_uni,1,5.44942569732666,-4.4900078773498535,1
Clemson_p051_c1_grm_std_uni,1,5.63399600982666,-4.574491024017334,1
Clemson_p051_c1_grm_std_uni,1,5.734266757965088,-4.60976505279541,1
Clemson_p051_c1_grm_std_uni,1,5.748029708862305,-4.701590061187744,1
Clemson_p051_c1_grm_std_uni,1,5.316079616546631,-4.381915092468262,1
Clemson_p051_c1_grm_std_uni,1,3.6864943504333496,-2.769439935684204,1
Clemson_p051_c1_grm_std_uni,1,2.563965320587158,-1.7070367336273193,1
Clemson_p051_c1_grm_std_uni,1,2.438755989074707,-1.3734307289123535,1
Clemson_p051_c1_grm_std_uni,1,3.630342721939087,-2.5521490573883057,1
Clemson_p051_c1_grm_std_uni,1,5.0934624671936035,-4.3648810386657715,1
Clemson_p051_c1_grm_std_uni,1,4.888848781585693,-4.825139045715332,1
Clemson_p051_c1_grm_std_uni,1,4.655563831329346,-4.807118892669678,1
Clemson_p051_c1_grm_std_uni,1,4.497742652893066,-4.7587666511535645,1
Clemson_p051_c1_grm_std_uni,1,4.417640209197998,-4.70686149597168,1
Clemson_p051_c1_grm_std_uni,1,4.39415168762207,-4.679398059844971,1
Clemson_p051_c1_grm_std_uni,1,4.361178874969482,-4.6322808265686035,1
Clemson_p051_c1_grm_std_uni,1,4.393124103546143,-4.617501735687256,1
Clemson_p051_c1_grm_std_uni,1,4.449652194976807,-4.616965293884277,1
Clemson_p051_c1_grm_std_uni,1,4.5597076416015625,-4.6404924392700195,1
Clemson_p051_c1_grm_std_uni,1,4.634966850280762,-4.636091709136963,1
Clemson_p051_c1_grm_std_uni,1,4.702234268188477,-4.6097636222839355,1
Clemson_p051_c1_grm_std_uni,1,4.816208362579346,-4.61531400680542,1
Clemson_p051_c1_grm_std_uni,1,4.916391849517822,-4.615489482879639,1
Clemson_p051_c1_grm_std_uni,1,4.978983402252197,-4.585808277130127,1
Clemson_p051_c1_grm_std_uni,1,5.041150093078613,-4.559433937072754,1
Clemson_p051_c1_grm_std_uni,1,5.119246006011963,-4.55766487121582,1
Clemson_p051_c1_grm_std_uni,1,5.180686950683594,-4.555385112762451,1
Clemson_p051_c1_grm_std_uni,1,5.204219341278076,-4.526214599609375,1
Clemson_p051_c1_grm_std_uni,1,5.206029415130615,-4.478157043457031,1
Clemson_p051_c1_grm_std_uni,1,5.2572102546691895,-4.4864702224731445,1
Clemson_p051_c1_grm_std_uni,1,5.302543640136719,-4.496084213256836,1
Clemson_p051_c1_grm_std_uni,1,5.332043647766113,-4.494056224822998,1
Clemson_p051_c1_grm_std_uni,1,5.362673759460449,-4.479478359222412,1
Clemson_p051_c1_grm_std_uni,1,5.411072254180908,-4.462464332580566,1
Clemson_p051_c1_grm_std_uni,1,5.4876627922058105,-4.462367057800293,1
Clemson_p051_c1_grm_std_uni,1,5.556658744812012,-4.461355686187744,1
Clemson_p051_c1_grm_std_uni,1,5.635561466217041,-4.4755330085754395,1
Clemson_p051_c1_grm_std_uni,1,5.674743175506592,-4.45107364654541,1
Clemson_p051_c1_grm_std_uni,1,5.724611282348633,-4.4535298347473145,1
Clemson_p051_c1_grm_std_uni,1,5.787214756011963,-4.471020698547363,1
Clemson_p051_c1_grm_std_uni,1,5.850430488586426,-4.490823268890381,1
Clemson_p051_c1_grm_std_uni,1,5.881789684295654,-4.494601726531982,1
Clemson_p051_c1_grm_std_uni,1,5.798645973205566,-4.4308648109436035,1
Clemson_p051_c1_grm_std_uni,1,5.570590019226074,-4.280314922332764,1
Clemson_p051_c1_grm_std_uni,1,5.289048194885254,-4.078674793243408,1
Clemson_p051_c1_grm_std_uni,1,4.91310453414917,-3.9679996967315674,1
Clemson_p051_c1_grm_std_uni,1,4.321319580078125,-3.6910665035247803,1
Clemson_p051_c1_grm_std_uni,2,2.537935495376587,-1.9942008256912231,1
Clemson_p051_c1_grm_std_uni,2,1.7060630321502686,-0.19631391763687134,1
Clemson_p051_c1_grm_std_uni,2,3.8308303356170654,-1.6758195161819458,1
Clemson_p051_c1_grm_std_uni,2,6.154105186462402,-3.287574291229248,1
Clemson_p051_c1_grm_std_uni,2,7.090007305145264,-4.722372531890869,1
Clemson_p051_c1_grm_std_uni,2,6.8021674156188965,-5.013331890106201,1
Clemson_p051_c1_grm_std_uni,2,6.40679931640625,-4.690728187561035,1
Clemson_p051_c1_grm_std_uni,2,5.858284950256348,-4.597585201263428,1
Clemson_p051_c1_grm_std_uni,2,5.7958760261535645,-4.879149913787842,1
Clemson_p051_c1_grm_std_uni,2,5.713679790496826,-5.012835502624512,1
Clemson_p051_c1_grm_std_uni,2,5.826942443847656,-5.236147880554199,1
Clemson_p051_c1_grm_std_uni,2,5.913102149963379,-5.279344081878662,1
Clemson_p051_c1_grm_std_uni,2,5.782823085784912,-4.955444812774658,1
Clemson_p051_c1_grm_std_uni,2,5.555299758911133,-4.540698528289795,1
Clemson_p051_c1_grm_std_uni,2,5.19321346282959,-4.010646820068359,1
Clemson_p051_c1_grm_std_uni,2,5.258413314819336,-3.940871477127075,1
Clemson_p051_c1_grm_std_uni,2,5.062211036682129,-3.7552528381347656,1
Clemson_p051_c1_grm_std_uni,2,4.852335453033447,-3.737487554550171,1
Clemson_p051_c1_grm_std_uni,2,4.823043346405029,-4.05664587020874,1
Clemson_p051_c1_grm_std_uni,2,4.498824119567871,-4.036894798278809,1
Clemson_p051_c1_grm_std_uni,2,4.609261989593506,-4.028409481048584,1
Clemson_p051_c1_grm_std_uni,2,4.657463550567627,-3.823841094970703,1
Clemson_p051_c1_grm_std_uni,2,4.283470630645752,-3.4796323776245117,1
Clemson_p051_c1_grm_std_uni,2,4.8051862716674805,-3.9480159282684326,1
Clemson_p051_c1_grm_std_uni,2,4.973348140716553,-4.262773036956787,1
Clemson_p051_c1_grm_std_uni,2,5.177550792694092,-4.496672630310059,1
Clemson_p051_c1_grm_std_uni,2,5.1408820152282715,-4.508836269378662,1
Clemson_p051_c1_grm_std_uni,2,4.894479751586914,-4.301024436950684,1
Clemson_p051_c1_grm_std_uni,2,4.834766864776611,-4.2198638916015625,1
Clemson_p051_c1_grm_std_uni,2,4.8492279052734375,-4.277791976928711,1
Clemson_p051_c1_grm_std_uni,2,4.784221172332764,-4.3951897621154785,1
Clemson_p051_c1_grm_std_uni,2,4.968575954437256,-4.5595622062683105,1
Clemson_p051_c1_grm_std_uni,2,5.111032009124756,-4.6261887550354,1
Clemson_p051_c1_grm_std_uni,2,5.230918884277344,-4.674383163452148,1
Clemson_p051_c1_grm_std_uni,2,5.314054489135742,-4.701797008514404,1
Clemson_p051_c1_grm_std_uni,2,5.33005952835083,-4.712343215942383,1
Clemson_p051_c1_grm_std_uni,2,5.136505603790283,-4.545919418334961,1
Clemson_p051_c1_grm_std_uni,2,5.128690242767334,-4.481483459472656,1
Clemson_p051_c1_grm_std_uni,2,5.397844314575195,-4.650020122528076,1
Clemson_p051_c1_grm_std_uni,2,5.678812026977539,-4.73846960067749,1
Clemson_p051_c1_grm_std_uni,2,5.431276798248291,-4.417655944824219,1
Clemson_p051_c1_grm_std_uni,2,4.90405797958374,-3.9666171073913574,1
Clemson_p051_c1_grm_std_uni,2,4.137014865875244,-3.391599416732788,1
Clemson_p051_c1_grm_std_uni,2,3.029646873474121,-2.503340721130371,1
Clemson_p051_c1_grm_std_uni,2,1.758764386177063,-1.0617939233779907,1
Clemson_p051_c1_grm_std_uni,2,1.4522042274475098,-0.5182941555976868,1
Clemson_p051_c1_grm_std_uni,2,2.439143657684326,-2.2622501850128174,1
Clemson_p051_c1_grm_std_uni,2,3.3674309253692627,-3.4448046684265137,1
Clemson_p051_c1_grm_std_uni,2,4.062618732452393,-3.839447498321533,1
Clemson_p051_c1_grm_std_uni,2,4.534446716308594,-4.193124771118164,1
Clemson_p051_c1_grm_std_uni,2,4.735982894897461,-4.370120048522949,1
Clemson_p051_c1_grm_std_uni,2,4.822227478027344,-4.5439605712890625,1
Clemson_p051_c1_grm_std_uni,2,4.881721496582031,-4.636682987213135,1
Clemson_p051_c1_grm_std_uni,2,4.936734676361084,-4.623842239379883,1
Clemson_p051_c1_grm_std_uni,2,4.976081848144531,-4.503604412078857,1
Clemson_p051_c1_grm_std_uni,2,5.192063331604004,-4.516108512878418,1
Clemson_p051_c1_grm_std_uni,2,5.378050804138184,-4.502029895782471,1
Clemson_p051_c1_grm_std_uni,1,5.396136283874512,-4.314079284667969,1
Clemson_p051_c1_grm_std_uni,1,5.191034317016602,-3.810971736907959,1
Clemson_p051_c1_grm_std_uni,1,5.178940773010254,-3.4686572551727295,1
Clemson_p051_c1_grm_std_uni,1,5.100805282592773,-3.3735673427581787,1
Clemson_p051_c1_grm_std_uni,1,5.071836471557617,-3.4616270065307617,1
Clemson_p051_c1_grm_std_uni,1,5.2678022384643555,-3.8812754154205322,1
Clemson_p051_c1_grm_std_uni,2,5.132575988769531,-4.267904758453369,1
Clemson_p051_c1_grm_std_uni,2,4.923163414001465,-4.327324390411377,1
Clemson_p051_c1_grm_std_uni,2,4.741840839385986,-4.007369518280029,1
Clemson_p051_c1_grm_std_uni,2,4.104973793029785,-3.266848087310791,1
Clemson_p051_c1_grm_std_uni,2,0.19302600622177124,-0.4849703907966614,1
Clemson_p051_c1_grm_std_uni,2,-0.8416294455528259,2.037775754928589,2
Clemson_p051_c1_grm_std_uni,2,3.0660741329193115,-1.2006452083587646,1
Clemson_p051_c1_grm_std_uni,2,6.1523637771606445,-3.5403099060058594,1
Clemson_p051_c1_grm_std_uni,2,7.053948879241943,-4.7599778175354,1
Clemson_p051_c1_grm_std_uni,2,6.817483901977539,-4.503571510314941,1
Clemson_p051_c1_grm_std_uni,2,6.827182292938232,-5.0166335105896,1
Clemson_p051_c1_grm_std_uni,2,6.3215718269348145,-5.146811485290527,1
Clemson_p051_c1_grm_std_uni,2,5.554866313934326,-4.564553737640381,1
Clemson_p051_c1_grm_std_uni,2,6.017614841461182,-5.182654857635498,1
Clemson_p051_c1_grm_std_uni,2,6.263448715209961,-5.540016174316406,1
Clemson_p051_c1_grm_std_uni,2,6.008879661560059,-5.475992679595947,1
Clemson_p051_c1_grm_std_uni,2,5.733016014099121,-5.374983310699463,1
Clemson_p051_c1_grm_std_uni,2,5.26038122177124,-4.8544020652771,1
Clemson_p051_c1_grm_std_uni,2,4.886261463165283,-4.235280990600586,1
Clemson_p051_c1_grm_std_uni,2,5.696052074432373,-4.879317283630371,1
Clemson_p051_c1_grm_std_uni,2,5.86475944519043,-5.337141990661621,1
Clemson_p051_c1_grm_std_uni,2,5.643615245819092,-5.360709190368652,1
Clemson_p051_c1_grm_std_uni,2,5.448229789733887,-5.3089823722839355,1
Clemson_p051_c1_grm_std_uni,2,5.324192523956299,-5.337219715118408,1
Clemson_p051_c1_grm_std_uni,2,5.0557708740234375,-5.2523956298828125,1
Clemson_p051_c1_grm_std_uni,2,4.974578380584717,-5.122555255889893,1
Clemson_p051_c1_grm_std_uni,2,4.71754789352417,-4.7089152336120605,1
Clemson_p051_c1_grm_std_uni,2,4.400981426239014,-4.5049028396606445,1
Clemson_p051_c1_grm_std_uni,2,4.6864848136901855,-4.811121463775635,1
Clemson_p051_c1_grm_std_uni,2,5.017334461212158,-5.071438312530518,1
Clemson_p051_c1_grm_std_uni,2,5.198249816894531,-5.137437343597412,1
Clemson_p051_c1_grm_std_uni,2,4.879469871520996,-4.7910051345825195,1
Clemson_p051_c1_grm_std_uni,2,3.8664584159851074,-3.8199312686920166,1
Clemson_p051_c1_grm_std_uni,2,3.1042189598083496,-2.9065468311309814,1
Clemson_p051_c1_grm_std_uni,2,3.9278156757354736,-3.6415352821350098,1
Clemson_p051_c1_grm_std_uni,1,4.676064968109131,-4.299366474151611,1
Clemson_p051_c1_grm_std_uni,1,4.163288593292236,-3.9232847690582275,1
Clemson_p051_c1_grm_std_uni,1,3.889296531677246,-3.5921080112457275,1
Clemson_p051_c1_grm_std_uni,1,5.155777931213379,-4.939451217651367,1
Clemson_p051_c1_grm_std_uni,1,4.935912132263184,-4.433488845825195,1
Clemson_p051_c1_grm_std_uni,2,2.9700238704681396,-2.328890800476074,1
Clemson_p051_c1_grm_std_uni,2,2.8803203105926514,-1.8048220872879028,1
Clemson_p051_c1_grm_std_uni,2,4.083000659942627,-2.674713134765625,1
Clemson_p051_c1_grm_std_uni,2,5.4688568115234375,-3.8867883682250977,1
Clemson_p051_c1_grm_std_uni,2,7.046316623687744,-5.6174235343933105,1
Clemson_p051_c1_grm_std_uni,2,7.682732105255127,-6.463467597961426,1
Clemson_p051_c1_grm_std_uni,2,7.091948986053467,-5.882364273071289,1
Clemson_p051_c1_grm_std_uni,2,7.025500774383545,-5.777263164520264,1
Clemson_p051_c1_grm_std_uni,2,7.122215747833252,-5.8170270919799805,1
Clemson_p051_c1_grm_std_uni,2,7.374371528625488,-6.0830793380737305,1
Clemson_p051_c1_grm_std_uni,2,7.298103332519531,-6.154586315155029,1
Clemson_p051_c1_grm_std_uni,2,7.013295650482178,-5.9596428871154785,1
Clemson_p051_c1_grm_std_uni,2,6.618993759155273,-5.480980396270752,1
Clemson_p051_c1_grm_std_uni,2,5.834680557250977,-4.8434062004089355,1
Clemson_p051_c1_grm_std_uni,2,5.432948112487793,-4.594447135925293,1
Clemson_p051_c1_grm_std_uni,2,5.4990315437316895,-4.728094100952148,1
Clemson_p051_c1_grm_std_uni,2,5.555059432983398,-4.828866481781006,1
Clemson_p051_c1_grm_std_uni,2,5.512845516204834,-4.728329181671143,1
Clemson_p051_c1_grm_std_uni,2,5.689568519592285,-4.922261714935303,1
Clemson_p051_c1_grm_std_uni,2,5.8313822746276855,-5.349615573883057,1
Clemson_p051_c1_grm_std_uni,2,6.08879280090332,-5.680928707122803,1
Clemson_p051_c1_grm_std_uni,2,6.099424839019775,-5.743574142456055,1
Clemson_p051_c1_grm_std_uni,2,5.63593053817749,-5.247074604034424,1
Clemson_p051_c1_grm_std_uni,2,5.039194107055664,-4.769518852233887,1
Clemson_p051_c1_grm_std_uni,2,4.628983497619629,-4.4717864990234375,1
Clemson_p051_c1_grm_std_uni,2,4.762449264526367,-4.5116705894470215,1
Clemson_p051_c1_grm_std_uni,2,4.7430267333984375,-4.455780506134033,1
Clemson_p051_c1_grm_std_uni,2,4.664555549621582,-4.524049758911133,1
Clemson_p051_c1_grm_std_uni,2,5.134560585021973,-4.933396816253662,1
Clemson_p051_c1_grm_std_uni,2,4.912878513336182,-4.7922163009643555,1
Clemson_p051_c1_grm_std_uni,2,4.532697677612305,-4.7144927978515625,1
Clemson_p051_c1_grm_std_uni,2,4.4847187995910645,-4.820432662963867,1
Clemson_p051_c1_grm_std_uni,2,4.5461883544921875,-4.859015941619873,1
Clemson_p051_c1_grm_std_uni,2,2.6032707691192627,-2.65722393989563,1
Clemson_p051_c1_grm_std_uni,2,-2.2062265872955322,1.3734341859817505,2
Clemson_p051_c1_grm_std_uni,2,1.7499516010284424,-1.825758457183838,1
Clemson_p051_c1_grm_std_uni,2,4.082854270935059,-3.970116376876831,1
Clemson_p051_c1_grm_std_uni,2,5.108195781707764,-4.853063106536865,1
Clemson_p051_c1_grm_std_uni,1,5.92605447769165,-5.1906609535217285,1
Clemson_p051_c1_grm_std_uni,1,5.769330024719238,-5.2472639083862305,1
Clemson_p051_c1_grm_std_uni,1,6.064265727996826,-4.987881660461426,1
Clemson_p051_c1_grm_std_uni,1,6.981827735900879,-4.735158920288086,1
Clemson_p051_c1_grm_std_uni,1,7.513373851776123,-4.349675178527832,1
Clemson_p051_c1_grm_std_uni,1,7.885327339172363,-4.612157344818115,1
Clemson_p051_c1_grm_std_uni,1,7.499330043792725,-5.437971591949463,1
Clemson_p051_c1_grm_std_uni,1,7.169485092163086,-5.512290000915527,1
Clemson_p051_c1_grm_std_uni,1,6.795624732971191,-5.369512557983398,1
Clemson_p051_c1_grm_std_uni,1,7.092809200286865,-5.712314128875732,1
Clemson_p051_c1_grm_std_uni,1,6.914289474487305,-5.640798568725586,1
Clemson_p051_c1_grm_std_uni,1,6.537864685058594,-5.5356669425964355,1
Clemson_p051_c1_grm_std_uni,1,6.311483383178711,-5.6063995361328125,1
Clemson_p051_c1_grm_std_uni,1,6.1941633224487305,-5.578909397125244,1
Clemson_p051_c1_grm_std_uni,1,6.1244797706604,-5.452997207641602,1
Clemson_p051_c1_grm_std_uni,1,6.0071868896484375,-5.171687602996826,1
Clemson_p051_c1_grm_std_uni,1,5.146087646484375,-4.171389102935791,1
Clemson_p051_c1_grm_std_uni,1,5.802174091339111,-4.285610675811768,1
Clemson_p051_c1_grm_std_uni,1,6.960364818572998,-5.1024489402771,1
Clemson_p051_c1_grm_std_uni,1,7.827608108520508,-6.199620246887207,1
Clemson_p051_c1_grm_std_uni,1,7.81897497177124,-6.551973342895508,1
Clemson_p051_c1_grm_std_uni,1,7.448339462280273,-6.176897048950195,1
Clemson_p051_c1_grm_std_uni,1,7.0745625495910645,-5.97874641418457,1
Clemson_p051_c1_grm_std_uni,1,6.778050899505615,-5.779380798339844,1
Clemson_p051_c1_grm_std_uni,1,6.5386857986450195,-5.594386100769043,1
Clemson_p051_c1_grm_std_uni,1,6.389558792114258,-5.568980693817139,1
Clemson_p051_c1_grm_std_uni,1,6.11787748336792,-5.536421775817871,1
Clemson_p051_c1_grm_std_uni,1,5.647984027862549,-5.309140205383301,1
Clemson_p051_c1_grm_std_uni,1,5.4471259117126465,-5.166512489318848,1
Clemson_p051_c1_grm_std_uni,1,2.689063310623169,-2.2870185375213623,1
Clemson_p051_c1_grm_std_uni,1,3.76851224899292,-2.709014892578125,1
Clemson_p051_c1_grm_std_uni,1,5.502396106719971,-4.5251545906066895,1
Clemson_p051_c1_grm_std_uni,1,6.687258720397949,-5.770738124847412,1
Clemson_p051_c1_grm_std_uni,1,7.250009536743164,-6.275655269622803,1
Clemson_p051_c1_grm_std_uni,1,8.23844051361084,-6.588204383850098,1
Clemson_p051_c1_grm_std_uni,1,7.718850612640381,-5.839644432067871,1
Clemson_p051_c1_grm_std_uni,1,5.701744556427002,-4.139049530029297,1
Clemson_p051_c1_grm_std_uni,1,5.868404865264893,-4.219836235046387,1
Clemson_p051_c1_grm_std_uni,1,6.419010639190674,-5.363753795623779,1
Clemson_p051_c1_grm_std_uni,1,6.612961769104004,-5.369971752166748,1
Clemson_p051_c1_grm_std_uni,1,7.4800190925598145,-6.121644973754883,1
Clemson_p051_c1_grm_std_uni,1,7.670387268066406,-6.059570789337158,1
Clemson_p051_c1_grm_std_uni,1,7.570618152618408,-5.930152416229248,1
Clemson_p051_c1_grm_std_uni,1,7.389823913574219,-5.864634990692139,1
Clemson_p051_c1_grm_std_uni,1,6.487297058105469,-5.526064872741699,1
Clemson_p051_c1_grm_std_uni,1,6.694693088531494,-5.711863994598389,1
Clemson_p051_c1_grm_std_uni,1,6.7718610763549805,-5.680150508880615,1
Clemson_p051_c1_grm_std_uni,1,6.542436599731445,-5.5909624099731445,1
Clemson_p051_c1_grm_std_uni,1,4.92057991027832,-4.53995418548584,1
Clemson_p051_c1_grm_std_uni,1,4.903717517852783,-4.493614673614502,1
Clemson_p051_c1_grm_std_uni,1,6.004016399383545,-5.357114315032959,1
Clemson_p051_c1_grm_std_uni,1,6.411496639251709,-6.0103583335876465,1
Clemson_p051_c1_grm_std_uni,1,6.158801078796387,-5.9479289054870605,1
Clemson_p051_c1_grm_std_uni,1,3.842761278152466,-4.0439863204956055,1
Clemson_p051_c1_grm_std_uni,1,3.7659802436828613,-2.9194228649139404,1
Clemson_p051_c1_grm_std_uni,1,4.498393535614014,-3.756814479827881,1
Clemson_p051_c1_grm_std_uni,1,6.132027626037598,-5.65526819229126,1
Clemson_p051_c1_grm_std_uni,1,6.710043907165527,-6.147547245025635,1
Clemson_p051_c1_grm_std_uni,1,7.552419662475586,-6.7727952003479,1
Clemson_p051_c1_grm_std_uni,1,8.420787811279297,-6.988612651824951,1
Clemson_p051_c1_grm_std_uni,1,8.225275993347168,-7.040193557739258,1
Clemson_p051_c1_grm_std_uni,1,6.77687931060791,-5.483128070831299,1
Clemson_p051_c1_grm_std_uni,1,6.845276355743408,-5.186326503753662,1
Clemson_p051_c1_grm_std_uni,1,7.917665958404541,-6.165829658508301,1
Clemson_p051_c1_grm_std_uni,1,8.20761489868164,-6.582509517669678,1
Clemson_p051_c1_grm_std_uni,1,7.360457420349121,-6.257606029510498,1
Clemson_p051_c1_grm_std_uni,1,6.828860759735107,-6.1820387840271,1
Clemson_p051_c1_grm_std_uni,1,6.365050792694092,-5.94559383392334,1
Clemson_p051_c1_grm_std_uni,1,5.939204692840576,-5.495476245880127,1
Clemson_p051_c1_grm_std_uni,1,5.455676078796387,-5.124229907989502,1
Clemson_p051_c1_grm_std_uni,1,6.119043827056885,-5.455386161804199,1
Clemson_p051_c1_grm_std_uni,1,6.042207717895508,-5.5258708000183105,1
Clemson_p051_c1_grm_std_uni,1,5.749185085296631,-5.489745616912842,1
Clemson_p051_c1_grm_std_uni,1,5.625602722167969,-5.419845104217529,1
Clemson_p051_c1_grm_std_uni,1,5.9077982902526855,-5.441241264343262,1
Clemson_p051_c1_grm_std_uni,1,6.130043029785156,-5.354452610015869,1
Clemson_p051_c1_grm_std_uni,1,5.268918037414551,-4.371452331542969,1
Clemson_p051_c1_grm_std_uni,1,3.7278151512145996,-3.0081663131713867,1
Clemson_p051_c1_grm_std_uni,1,3.6403448581695557,-3.118251085281372,1
Clemson_p051_c1_grm_std_uni,1,4.2796525955200195,-3.9978158473968506,1
Clemson_p051_c1_grm_std_uni,1,5.650169372558594,-5.153189659118652,1
Clemson_p051_c1_grm_std_uni,1,4.428678035736084,-4.112824440002441,1
Clemson_p051_c1_grm_std_uni,1,3.5700910091400146,-3.6141724586486816,1
Clemson_p051_c1_grm_std_uni,1,4.051410675048828,-4.027322292327881,1
Clemson_p051_c1_grm_std_uni,1,4.693376064300537,-4.720571041107178,1
Clemson_p051_c1_grm_std_uni,1,4.4368720054626465,-4.349457263946533,1
Clemson_p051_c1_grm_std_uni,1,1.786563515663147,-1.5191264152526855,1
Clemson_p051_c1_grm_std_uni,1,2.3053808212280273,-2.1969382762908936,1
Clemson_p051_c1_grm_std_uni,1,4.223836421966553,-4.368356704711914,1
Clemson_p051_c1_grm_std_uni,1,5.528442859649658,-5.178680419921875,1
Clemson_p051_c1_grm_std_uni,1,6.4123640060424805,-6.182939529418945,1
Clemson_p051_c1_grm_std_uni,1,6.398130416870117,-6.264504909515381,1
Clemson_p051_c1_grm_std_uni,1,6.485083103179932,-6.215164661407471,1
Clemson_p051_c1_grm_std_uni,1,6.099665641784668,-5.9439215660095215,1
Clemson_p051_c1_grm_std_uni,1,4.774719715118408,-5.016685962677002,1
Clemson_p051_c1_grm_std_uni,1,4.245957851409912,-4.3740339279174805,1
Clemson_p051_c1_grm_std_uni,1,4.113277912139893,-4.262803077697754,1
Clemson_p051_c1_grm_std_uni,1,4.67687463760376,-4.922171592712402,1
Clemson_p051_c1_grm_std_uni,1,5.347048282623291,-5.339722156524658,1
Clemson_p051_c1_grm_std_uni,1,5.577047348022461,-5.606471538543701,1
Clemson_p051_c1_grm_std_uni,1,5.898562431335449,-5.9722819328308105,1
Clemson_p051_c1_grm_std_uni,1,6.5324931144714355,-6.53635835647583,1
Clemson_p051_c1_grm_std_uni,1,7.555518627166748,-7.018107891082764,1
Clemson_p051_c1_grm_std_uni,1,7.054849624633789,-6.905325889587402,1
Clemson_p051_c1_grm_std_uni,1,6.193374156951904,-6.3495659828186035,1
Clemson_p051_c1_grm_std_uni,1,5.945120334625244,-5.807504653930664,1
Clemson_p051_c1_grm_std_uni,1,5.412561416625977,-5.086110591888428,1
Clemson_p051_c1_grm_std_uni,1,4.327077388763428,-3.6791388988494873,1
Clemson_p051_c1_grm_std_uni,1,5.65776252746582,-4.60966157913208,1
Clemson_p051_c1_grm_std_uni,1,6.5789995193481445,-5.465734481811523,1
Clemson_p051_c1_grm_std_uni,1,6.6840362548828125,-5.739468574523926,1
Clemson_p051_c1_grm_std_uni,1,6.238099098205566,-5.559900283813477,1
Clemson_p051_c1_grm_std_uni,1,6.039052963256836,-5.449794292449951,1
Clemson_p051_c1_grm_std_uni,1,6.020133972167969,-5.221581935882568,1
Clemson_p051_c1_grm_std_uni,1,4.600313186645508,-3.4443442821502686,1
Clemson_p051_c1_grm_std_uni,1,4.223353385925293,-2.8863677978515625,1
Clemson_p051_c1_grm_std_uni,1,5.483653545379639,-4.794614791870117,1
Clemson_p051_c1_grm_std_uni,1,5.68326997756958,-5.393101692199707,1
Clemson_p051_c1_grm_std_uni,1,4.815888404846191,-4.653901100158691,1
Clemson_p051_c1_grm_std_uni,1,4.383042335510254,-4.138637542724609,1
Clemson_p051_c1_grm_std_uni,1,5.482606410980225,-5.142115116119385,1
Clemson_p051_c1_grm_std_uni,1,5.481640815734863,-5.333495616912842,1
Clemson_p051_c1_grm_std_uni,1,5.185068130493164,-5.118226528167725,1
Clemson_p051_c1_grm_std_uni,1,4.942448616027832,-4.932026386260986,1
Clemson_p051_c1_grm_std_uni,1,4.5066304206848145,-4.559633255004883,1
Clemson_p051_c1_grm_std_uni,1,4.973813056945801,-5.172882556915283,1
Clemson_p051_c1_grm_std_uni,1,4.991410255432129,-5.513792991638184,1
Clemson_p051_c1_grm_std_uni,1,4.903034687042236,-5.722754001617432,1
Clemson_p051_c1_grm_std_uni,1,4.242587089538574,-5.236854076385498,1
Clemson_p051_c1_grm_std_uni,1,2.9099605083465576,-3.952967643737793,1
Clemson_p051_c1_grm_std_uni,1,3.265287160873413,-3.3290979862213135,1
Clemson_p051_c1_grm_std_uni,1,4.541755676269531,-4.309988021850586,1
Clemson_p051_c1_grm_std_uni,1,5.437126159667969,-5.287567615509033,1
Clemson_p051_c1_grm_std_uni,1,5.445359706878662,-5.4322075843811035,1
Clemson_p051_c1_grm_std_uni,1,5.946293830871582,-6.228641033172607,1
Clemson_p051_c1_grm_std_uni,1,6.169881343841553,-6.374976634979248,1
Clemson_p051_c1_grm_std_uni,1,4.390511989593506,-4.728230953216553,1
Clemson_p051_c1_grm_std_uni,1,3.781311511993408,-4.448395252227783,1
Clemson_p051_c1_grm_std_uni,1,3.9509408473968506,-4.4891462326049805,1
Clemson_p051_c1_grm_std_uni,1,4.418878555297852,-4.498423099517822,1
Clemson_p051_c1_grm_std_uni,1,5.178385257720947,-5.027676582336426,1
Clemson_p051_c1_grm_std_uni,1,5.462570667266846,-5.333716869354248,1
Clemson_p051_c1_grm_std_uni,1,6.026223182678223,-5.84002685546875,1
Clemson_p051_c1_grm_std_uni,1,6.790823936462402,-5.984023094177246,1
Clemson_p051_c1_grm_std_uni,1,7.199606895446777,-5.536352634429932,1
Clemson_p051_c1_grm_std_uni,1,7.367292404174805,-5.96678352355957,1
Clemson_p051_c1_grm_std_uni,1,6.105528354644775,-6.030182361602783,1
Clemson_p051_c1_grm_std_uni,1,5.877410888671875,-6.170551776885986,1
Clemson_p051_c1_grm_std_uni,1,5.659506797790527,-5.705566883087158,1
Clemson_p051_c1_grm_std_uni,1,3.109711170196533,-3.491023302078247,1
Clemson_p051_c1_grm_std_uni,1,2.948662042617798,-2.845950126647949,1
Clemson_p051_c1_grm_std_uni,1,5.195830821990967,-4.419042110443115,1
Clemson_p051_c1_grm_std_uni,1,5.695086479187012,-4.568536281585693,1
Clemson_p051_c1_grm_std_uni,1,5.0298967361450195,-2.9065940380096436,1
Clemson_p051_c1_grm_std_uni,1,5.514194965362549,-4.051323413848877,1
Clemson_p051_c1_grm_std_uni,1,4.820679664611816,-4.640073776245117,1
Clemson_p051_c1_grm_std_uni,1,4.53498649597168,-4.869847774505615,1
Clemson_p051_c1_grm_std_uni,1,4.82048225402832,-5.033195495605469,1
Clemson_p051_c1_grm_std_uni,1,5.0965704917907715,-5.077780246734619,1
Clemson_p051_c1_grm_std_uni,1,4.890661239624023,-4.460048198699951,1
Clemson_p051_c1_grm_std_uni,1,4.995195388793945,-4.199554920196533,1
Clemson_p051_c1_grm_std_uni,1,5.203301429748535,-4.54184627532959,1
Clemson_p051_c1_grm_std_uni,1,5.185363292694092,-4.627955913543701,1
Clemson_p051_c1_grm_std_uni,1,4.884825706481934,-4.36179780960083,1
Clemson_p051_c1_grm_std_uni,1,2.555424213409424,-2.0016748905181885,1
Clemson_p051_c1_grm_std_uni,1,2.2969131469726562,-0.3676852285861969,1
Clemson_p051_c1_grm_std_uni,1,4.062590599060059,-2.3995707035064697,1
Clemson_p051_c1_grm_std_uni,1,5.661416530609131,-4.5442214012146,1
Clemson_p051_c1_grm_std_uni,1,5.774889945983887,-5.275435447692871,1
Clemson_p051_c1_grm_std_uni,1,5.4465250968933105,-5.198244094848633,1
Clemson_p051_c1_grm_std_uni,1,5.078474998474121,-4.859482288360596,1
Clemson_p051_c1_grm_std_uni,1,4.584305286407471,-4.443228721618652,1
Clemson_p051_c1_grm_std_uni,1,4.564599514007568,-4.429936408996582,1
Clemson_p051_c1_grm_std_uni,1,4.418438911437988,-4.298076152801514,1
Clemson_p051_c1_grm_std_uni,1,4.330329418182373,-4.274884223937988,1
Clemson_p051_c1_grm_std_uni,1,3.9195990562438965,-4.009214401245117,1
Clemson_p051_c1_grm_std_uni,1,3.748509407043457,-3.735424041748047,1
Clemson_p051_c1_grm_std_uni,1,4.559667587280273,-4.2896599769592285,1
Clemson_p051_c1_grm_std_uni,1,5.149085998535156,-4.8621978759765625,1
Clemson_p051_c1_grm_std_uni,1,5.027319431304932,-4.4747209548950195,1
Clemson_p051_c1_grm_std_uni,1,4.97523307800293,-4.513204097747803,1
Clemson_p051_c1_grm_std_uni,1,5.51207160949707,-4.815542697906494,1
Clemson_p051_c1_grm_std_uni,1,6.30251932144165,-5.39176082611084,1
Clemson_p051_c1_grm_std_uni,1,7.546276569366455,-6.620223522186279,1
Clemson_p051_c1_grm_std_uni,1,6.817140102386475,-6.309380054473877,1
Clemson_p051_c1_grm_std_uni,1,6.323842525482178,-6.139590740203857,1
Clemson_p051_c1_grm_std_uni,1,6.191473484039307,-6.163191795349121,1
Clemson_p051_c1_grm_std_uni,1,6.322553634643555,-6.05768346786499,1
Clemson_p051_c1_grm_std_uni,1,4.288228988647461,-3.949673891067505,1
Clemson_p051_c1_grm_std_uni,1,3.649705410003662,-3.1615371704101562,1
Clemson_p051_c1_grm_std_uni,1,4.990666389465332,-4.089570999145508,1
Clemson_p051_c1_grm_std_uni,1,6.43011999130249,-6.010076999664307,1
Clemson_p051_c1_grm_std_uni,1,5.8298845291137695,-5.6754560470581055,1
Clemson_p051_c1_grm_std_uni,1,5.613132953643799,-5.76414155960083,1
Clemson_p051_c1_grm_std_uni,1,5.3841447830200195,-5.918652057647705,1
Clemson_p051_c1_grm_std_uni,1,5.08277702331543,-5.857699394226074,1
Clemson_p051_c1_grm_std_uni,1,4.695995807647705,-5.560661792755127,1
Clemson_p051_c1_grm_std_uni,1,4.038186073303223,-4.853207588195801,1
Clemson_p051_c1_grm_std_uni,1,4.030195713043213,-4.791258811950684,1
Clemson_p051_c1_grm_std_uni,1,4.6219964027404785,-5.21605110168457,1
Clemson_p051_c1_grm_std_uni,1,4.419591903686523,-4.76220703125,1
Clemson_p051_c1_grm_std_uni,1,4.435450553894043,-4.49505090713501,1
Clemson_p051_c1_grm_std_uni,1,5.648624897003174,-5.669844627380371,1
Clemson_p051_c1_grm_std_uni,1,5.528615951538086,-5.780900955200195,1
Clemson_p051_c1_grm_std_uni,1,5.577326774597168,-5.3818464279174805,1
Clemson_p051_c1_grm_std_uni,1,5.26945686340332,-5.077272891998291,1
Clemson_p051_c1_grm_std_uni,1,4.476091384887695,-4.430296897888184,1
Clemson_p051_c1_grm_std_uni,1,4.1082258224487305,-4.2892985343933105,1
Clemson_p051_c1_grm_std_uni,1,4.8913421630859375,-5.126632213592529,1
Clemson_p051_c1_grm_std_uni,1,5.258255958557129,-5.451489448547363,1
Clemson_p051_c1_grm_std_uni,1,5.164512634277344,-5.365937232971191,1
Clemson_p051_c1_grm_std_uni,1,5.0603508949279785,-5.258337497711182,1
Clemson_p051_c1_grm_std_uni,1,5.071756362915039,-5.23528528213501,1
Clemson_p051_c1_grm_std_uni,1,4.849178791046143,-5.015988826751709,1
Clemson_p051_c1_grm_std_uni,1,4.860846996307373,-4.945915222167969,1
Clemson_p051_c1_grm_std_uni,1,5.099493980407715,-4.809063911437988,1
Clemson_p051_c1_grm_std_uni,1,5.218116760253906,-4.635736465454102,1
Clemson_p051_c1_grm_std_uni,1,5.208505153656006,-4.337057113647461,1
Clemson_p051_c1_grm_std_uni,1,4.949326992034912,-4.123120307922363,1
Clemson_p051_c1_grm_std_uni,1,4.937140464782715,-4.438246726989746,1
Clemson_p051_c1_grm_std_uni,1,5.06239128112793,-4.485873699188232,1
Clemson_p051_c1_grm_std_uni,1,5.17630672454834,-4.7759108543396,1
Clemson_p051_c1_grm_std_uni,1,5.227828025817871,-4.930909156799316,1
Clemson_p051_c1_grm_std_uni,1,4.688305854797363,-4.353001594543457,1
Clemson_p051_c1_grm_std_uni,1,4.370297908782959,-4.354327201843262,1
Clemson_p051_c1_grm_std_uni,1,4.541347026824951,-4.6730475425720215,1
Clemson_p051_c1_grm_std_uni,1,4.617368221282959,-4.625978469848633,1
Clemson_p051_c1_grm_std_uni,1,4.075626850128174,-4.226696491241455,1
Clemson_p051_c1_grm_std_uni,1,1.9612516164779663,-2.584960460662842,1
Clemson_p051_c1_grm_std_uni,1,1.6489368677139282,-1.9958739280700684,1
Clemson_p051_c1_grm_std_uni,1,3.9078736305236816,-3.950672149658203,1
Clemson_p051_c1_grm_std_uni,1,3.8386754989624023,-4.22145414352417,1
Clemson_p051_c1_grm_std_uni,1,2.46774959564209,-3.5124189853668213,1
Clemson_p051_c1_grm_std_uni,1,0.6054010987281799,-1.7790849208831787,1
Clemson_p051_c1_grm_std_uni,1,0.9402170777320862,-0.9291217923164368,1
Clemson_p051_c1_grm_std_uni,1,2.663689136505127,-2.6399037837982178,1
Clemson_p051_c1_grm_std_uni,1,4.780709266662598,-4.509284496307373,1
Clemson_p051_c1_grm_std_uni,1,6.0958638191223145,-5.984482288360596,1
Clemson_p051_c1_grm_std_uni,1,6.7026495933532715,-6.330864906311035,1
Clemson_p051_c1_grm_std_uni,1,8.020659446716309,-6.279736042022705,1
Clemson_p051_c1_grm_std_uni,1,7.427188396453857,-5.8230438232421875,1
Clemson_p051_c1_grm_std_uni,1,6.532893180847168,-5.653990268707275,1
Clemson_p051_c1_grm_std_uni,1,6.594229221343994,-6.077885150909424,1
Clemson_p051_c1_grm_std_uni,1,6.556399822235107,-6.052664279937744,1
Clemson_p051_c1_grm_std_uni,1,6.4366774559021,-6.066873073577881,1
Clemson_p051_c1_grm_std_uni,1,6.136061191558838,-5.88781213760376,1
Clemson_p051_c1_grm_std_uni,1,5.6735053062438965,-5.64833927154541,1
Clemson_p051_c1_grm_std_uni,1,5.549544334411621,-5.404295921325684,1
Clemson_p051_c1_grm_std_uni,1,5.433168411254883,-4.8825812339782715,1
Clemson_p051_c1_grm_std_uni,1,5.477522850036621,-4.462959289550781,1
Clemson_p051_c1_grm_std_uni,1,5.837192058563232,-4.535431385040283,1
Clemson_p051_c1_grm_std_uni,1,6.191155910491943,-5.091461658477783,1
Clemson_p051_c1_grm_std_uni,1,5.892151355743408,-5.375641345977783,1
Clemson_p051_c1_grm_std_uni,1,5.571243762969971,-5.238849639892578,1
Clemson_p051_c1_grm_std_uni,1,5.578362464904785,-5.337889671325684,1
Clemson_p051_c1_grm_std_uni,1,5.9431562423706055,-5.507707118988037,1
Clemson_p051_c1_grm_std_uni,1,5.776209354400635,-4.911725044250488,1
Clemson_p051_c1_grm_std_uni,1,5.835235595703125,-4.572024822235107,1
Clemson_p051_c1_grm_std_uni,1,5.818573474884033,-4.341635704040527,1
Clemson_p051_c1_grm_std_uni,1,5.528714179992676,-4.236412048339844,1
Clemson_p051_c1_grm_std_uni,1,1.0895342826843262,-1.7017730474472046,1
Clemson_p051_c1_grm_std_uni,1,-0.6467883586883545,0.2576311528682709,2
Clemson_p051_c1_grm_std_uni,1,3.328369140625,-2.7523462772369385,1
Clemson_p051_c1_grm_std_uni,1,5.829742431640625,-5.228360652923584,1
Clemson_p051_c1_grm_std_uni,1,6.99099063873291,-6.2183332443237305,1
Clemson_p051_c1_grm_std_uni,1,7.323280334472656,-6.54578971862793,1
Clemson_p051_c1_grm_std_uni,1,7.914247035980225,-6.595199108123779,1
Clemson_p051_c1_grm_std_uni,1,8.563050270080566,-6.3104963302612305,1
Clemson_p051_c1_grm_std_uni,1,9.28820514678955,-6.8625030517578125,1
Clemson_p051_c1_grm_std_uni,1,8.763652801513672,-6.753841400146484,1
Clemson_p051_c1_grm_std_uni,1,8.30085277557373,-6.370305061340332,1
Clemson_p051_c1_grm_std_uni,1,7.857059478759766,-6.0548014640808105,1
Clemson_p051_c1_grm_std_uni,1,7.202829360961914,-5.4572062492370605,1
Clemson_p051_c1_grm_std_uni,1,6.918776988983154,-5.455557346343994,1
Clemson_p051_c1_grm_std_uni,1,6.492555141448975,-5.592292308807373,1
Clemson_p051_c1_grm_std_uni,1,6.030328750610352,-5.581038951873779,1
Clemson_p051_c1_grm_std_uni,1,5.887625694274902,-5.643046855926514,1
Clemson_p051_c1_grm_std_uni,1,5.820209503173828,-5.766843795776367,1
Clemson_p051_c1_grm_std_uni,1,5.742666244506836,-5.728580951690674,1
Clemson_p051_c1_grm_std_uni,1,5.81635046005249,-5.661751747131348,1
Clemson_p051_c1_grm_std_uni,1,5.971502780914307,-5.6187052726745605,1
Clemson_p051_c1_grm_std_uni,1,3.3233203887939453,-2.709968328475952,1
Clemson_p051_c1_grm_std_uni,1,2.6535351276397705,-1.295000672340393,1
Clemson_p051_c1_grm_std_uni,1,4.692297458648682,-2.973806142807007,1
Clemson_p051_c1_grm_std_uni,1,6.453541278839111,-4.663474082946777,1
Clemson_p051_c1_grm_std_uni,1,7.5835442543029785,-5.741849899291992,1
Clemson_p051_c1_grm_std_uni,1,8.257594108581543,-6.459984302520752,1
Clemson_p051_c1_grm_std_uni,1,8.624842643737793,-6.943174362182617,1
Clemson_p051_c1_grm_std_uni,1,7.641511917114258,-6.278874397277832,1
Clemson_p051_c1_grm_std_uni,1,6.579947471618652,-5.447397232055664,1
Clemson_p051_c1_grm_std_uni,1,6.234673500061035,-5.137246131896973,1
Clemson_p051_c1_grm_std_uni,1,6.094875335693359,-5.081363201141357,1
Clemson_p051_c1_grm_std_uni,1,5.778234958648682,-4.774818420410156,1
Clemson_p051_c1_grm_std_uni,1,4.968359470367432,-4.115482330322266,1
Clemson_p051_c1_grm_std_uni,1,4.303539276123047,-3.361976385116577,1
Clemson_p051_c1_grm_std_uni,1,4.54459810256958,-2.7385456562042236,1
Clemson_p051_c1_grm_std_uni,1,5.920764923095703,-3.4421536922454834,1
Clemson_p051_c1_grm_std_uni,1,6.761152267456055,-4.077968597412109,1
Clemson_p051_c1_grm_std_uni,1,6.5564751625061035,-4.016098976135254,1
Clemson_p051_c1_grm_std_uni,1,6.295386791229248,-3.9124062061309814,1
Clemson_p051_c1_grm_std_uni,1,6.113415718078613,-3.9875805377960205,1
Clemson_p051_c1_grm_std_uni,1,5.778351306915283,-3.880706310272217,1
Clemson_p051_c1_grm_std_uni,1,5.454373359680176,-3.526883125305176,1
Clemson_p051_c1_grm_std_uni,1,4.203604221343994,-2.419849395751953,1
Clemson_p051_c1_grm_std_uni,1,3.9053401947021484,-2.1857519149780273,1
Clemson_p051_c1_grm_std_uni,1,5.136169910430908,-3.4291958808898926,1
Clemson_p051_c1_grm_std_uni,1,6.283586502075195,-4.462900161743164,1
Clemson_p051_c1_grm_std_uni,1,6.965030670166016,-5.049540042877197,1
Clemson_p051_c1_grm_std_uni,1,6.849478721618652,-4.666006565093994,1
Clemson_p051_c1_grm_std_uni,1,7.328485488891602,-3.8824687004089355,1
