Clemson_p034_c3_grm_std_uni,1,2.5318763256073,-2.6018710136413574,1
Clemson_p034_c3_grm_std_uni,1,3.553083896636963,-3.605759620666504,1
Clemson_p034_c3_grm_std_uni,1,4.189010143280029,-4.146434307098389,1
Clemson_p034_c3_grm_std_uni,1,4.593240737915039,-4.414052486419678,1
Clemson_p034_c3_grm_std_uni,1,4.898785591125488,-4.568671226501465,1
Clemson_p034_c3_grm_std_uni,1,5.129318714141846,-4.657523155212402,1
Clemson_p034_c3_grm_std_uni,1,5.270931720733643,-4.6973347663879395,1
Clemson_p034_c3_grm_std_uni,1,5.342242240905762,-4.696824550628662,1
Clemson_p034_c3_grm_std_uni,1,5.412382125854492,-4.710546493530273,1
Clemson_p034_c3_grm_std_uni,1,5.501815319061279,-4.746215343475342,1
Clemson_p034_c3_grm_std_uni,1,5.539219379425049,-4.744675159454346,1
Clemson_p034_c3_grm_std_uni,1,5.572232723236084,-4.751108646392822,1
Clemson_p034_c3_grm_std_uni,1,5.615205764770508,-4.773059368133545,1
Clemson_p034_c3_grm_std_uni,1,5.640223979949951,-4.782837390899658,1
Clemson_p034_c3_grm_std_uni,1,5.656173229217529,-4.787816047668457,1
Clemson_p034_c3_grm_std_uni,1,5.658041954040527,-4.78371524810791,1
Clemson_p034_c3_grm_std_uni,1,5.670668601989746,-4.798252105712891,1
Clemson_p034_c3_grm_std_uni,1,5.723977088928223,-4.857297897338867,1
Clemson_p034_c3_grm_std_uni,1,5.796947956085205,-4.9359331130981445,1
Clemson_p034_c3_grm_std_uni,1,5.901224613189697,-5.027698993682861,1
Clemson_p034_c3_grm_std_uni,1,6.002205848693848,-5.090381622314453,1
Clemson_p034_c3_grm_std_uni,1,6.034056186676025,-5.075611591339111,1
Clemson_p034_c3_grm_std_uni,1,5.991560459136963,-4.981337547302246,1
Clemson_p034_c3_grm_std_uni,1,5.981686115264893,-4.924747467041016,1
Clemson_p034_c3_grm_std_uni,1,6.021102428436279,-4.940046310424805,1
Clemson_p034_c3_grm_std_uni,1,6.035985469818115,-4.96124792098999,1
Clemson_p034_c3_grm_std_uni,1,6.02268123626709,-4.983720779418945,1
Clemson_p034_c3_grm_std_uni,1,6.0060343742370605,-4.997625827789307,1
Clemson_p034_c3_grm_std_uni,1,5.98189640045166,-4.997091770172119,1
Clemson_p034_c3_grm_std_uni,1,5.987311363220215,-5.017545223236084,1
Clemson_p034_c3_grm_std_uni,1,6.009683132171631,-5.043400287628174,1
Clemson_p034_c3_grm_std_uni,1,6.0277252197265625,-5.058723449707031,1
Clemson_p034_c3_grm_std_uni,1,6.037215232849121,-5.056046962738037,1
Clemson_p034_c3_grm_std_uni,1,6.029237270355225,-5.028079509735107,1
Clemson_p034_c3_grm_std_uni,1,5.990753650665283,-4.971768856048584,1
Clemson_p034_c3_grm_std_uni,1,5.958530426025391,-4.927717208862305,1
Clemson_p034_c3_grm_std_uni,1,5.954143047332764,-4.923772811889648,1
Clemson_p034_c3_grm_std_uni,1,5.974207401275635,-4.956206798553467,1
Clemson_p034_c3_grm_std_uni,1,6.024294376373291,-5.021689414978027,1
Clemson_p034_c3_grm_std_uni,1,6.0769944190979,-5.078503608703613,1
Clemson_p034_c3_grm_std_uni,1,6.116539478302002,-5.107304096221924,1
Clemson_p034_c3_grm_std_uni,1,6.152649879455566,-5.116832256317139,1
Clemson_p034_c3_grm_std_uni,1,6.136280059814453,-5.090206623077393,1
Clemson_p034_c3_grm_std_uni,1,6.144629955291748,-5.0974040031433105,1
Clemson_p034_c3_grm_std_uni,1,6.163094520568848,-5.128227710723877,1
Clemson_p034_c3_grm_std_uni,1,6.164628982543945,-5.1392903327941895,1
Clemson_p034_c3_grm_std_uni,1,6.164330005645752,-5.13320779800415,1
Clemson_p034_c3_grm_std_uni,1,6.151062488555908,-5.106037139892578,1
Clemson_p034_c3_grm_std_uni,1,6.127834796905518,-5.0777506828308105,1
Clemson_p034_c3_grm_std_uni,1,6.141392230987549,-5.092605113983154,1
Clemson_p034_c3_grm_std_uni,1,6.14996337890625,-5.109283924102783,1
Clemson_p034_c3_grm_std_uni,1,6.153915882110596,-5.120291709899902,1
Clemson_p034_c3_grm_std_uni,1,6.1449785232543945,-5.111999034881592,1
Clemson_p034_c3_grm_std_uni,1,6.123239040374756,-5.089523792266846,1
Clemson_p034_c3_grm_std_uni,1,6.118221282958984,-5.084467887878418,1
Clemson_p034_c3_grm_std_uni,1,6.125258922576904,-5.098233699798584,1
Clemson_p034_c3_grm_std_uni,1,6.126828193664551,-5.102784156799316,1
Clemson_p034_c3_grm_std_uni,1,6.100972652435303,-5.087849140167236,1
Clemson_p034_c3_grm_std_uni,1,6.075529098510742,-5.05718994140625,1
Clemson_p034_c3_grm_std_uni,1,6.011950492858887,-4.9717183113098145,1
Clemson_p034_c3_grm_std_uni,1,5.996616840362549,-4.9533891677856445,1
Clemson_p034_c3_grm_std_uni,1,6.017271995544434,-4.9878830909729,1
Clemson_p034_c3_grm_std_uni,1,6.062843322753906,-5.043181896209717,1
Clemson_p034_c3_grm_std_uni,1,6.107839584350586,-5.075720310211182,1
Clemson_p034_c3_grm_std_uni,1,6.0726470947265625,-5.0340166091918945,1
Clemson_p034_c3_grm_std_uni,1,6.089446067810059,-5.029347896575928,1
Clemson_p034_c3_grm_std_uni,1,6.097082138061523,-5.021322250366211,1
Clemson_p034_c3_grm_std_uni,1,6.062995910644531,-5.00013542175293,1
Clemson_p034_c3_grm_std_uni,1,6.039007663726807,-5.000750541687012,1
Clemson_p034_c3_grm_std_uni,1,6.027658939361572,-5.00714635848999,1
Clemson_p034_c3_grm_std_uni,1,6.053624629974365,-5.052712917327881,1
Clemson_p034_c3_grm_std_uni,1,6.146422386169434,-5.160278797149658,1
Clemson_p034_c3_grm_std_uni,1,6.245157241821289,-5.233517169952393,1
Clemson_p034_c3_grm_std_uni,1,6.234025478363037,-5.190343379974365,1
Clemson_p034_c3_grm_std_uni,1,6.100942134857178,-5.0451436042785645,1
Clemson_p034_c3_grm_std_uni,1,6.057248115539551,-4.954396724700928,1
Clemson_p034_c3_grm_std_uni,1,6.059590816497803,-4.9218597412109375,1
Clemson_p034_c3_grm_std_uni,1,6.028214454650879,-4.909234046936035,1
Clemson_p034_c3_grm_std_uni,1,5.958737850189209,-4.899722099304199,1
Clemson_p034_c3_grm_std_uni,1,5.927674770355225,-4.92535924911499,1
Clemson_p034_c3_grm_std_uni,1,5.988383769989014,-5.007775783538818,1
Clemson_p034_c3_grm_std_uni,1,6.033391952514648,-5.067727088928223,1
Clemson_p034_c3_grm_std_uni,1,6.087091445922852,-5.118789196014404,1
Clemson_p034_c3_grm_std_uni,1,6.160056114196777,-5.153513431549072,1
Clemson_p034_c3_grm_std_uni,1,6.16506814956665,-5.097599506378174,1
Clemson_p034_c3_grm_std_uni,1,6.063864231109619,-4.967747688293457,1
Clemson_p034_c3_grm_std_uni,1,6.046182632446289,-4.9286580085754395,1
Clemson_p034_c3_grm_std_uni,1,6.032413959503174,-4.922095775604248,1
Clemson_p034_c3_grm_std_uni,1,5.9857001304626465,-4.9098286628723145,1
Clemson_p034_c3_grm_std_uni,1,5.951247215270996,-4.922025203704834,1
Clemson_p034_c3_grm_std_uni,1,5.956101894378662,-4.949032783508301,1
Clemson_p034_c3_grm_std_uni,1,5.968892574310303,-4.967650413513184,1
Clemson_p034_c3_grm_std_uni,1,5.943772792816162,-4.947209358215332,1
Clemson_p034_c3_grm_std_uni,1,5.918294429779053,-4.923774719238281,1
Clemson_p034_c3_grm_std_uni,1,5.909642219543457,-4.905479431152344,1
Clemson_p034_c3_grm_std_uni,1,5.902148723602295,-4.874925136566162,1
Clemson_p034_c3_grm_std_uni,1,5.866159915924072,-4.826150894165039,1
Clemson_p034_c3_grm_std_uni,1,5.824350357055664,-4.789251804351807,1
Clemson_p034_c3_grm_std_uni,1,5.802147388458252,-4.793187618255615,1
Clemson_p034_c3_grm_std_uni,1,5.770722389221191,-4.790504455566406,1
Clemson_p034_c3_grm_std_uni,1,5.748196125030518,-4.798720359802246,1
Clemson_p034_c3_grm_std_uni,1,5.754048824310303,-4.826554298400879,1
Clemson_p034_c3_grm_std_uni,1,5.78139591217041,-4.862999439239502,1
Clemson_p034_c3_grm_std_uni,1,5.801788330078125,-4.878417491912842,1
Clemson_p034_c3_grm_std_uni,1,5.815821647644043,-4.883560657501221,1
Clemson_p034_c3_grm_std_uni,1,5.831367492675781,-4.886496067047119,1
Clemson_p034_c3_grm_std_uni,1,5.845927715301514,-4.886449813842773,1
Clemson_p034_c3_grm_std_uni,1,5.846109867095947,-4.879941940307617,1
Clemson_p034_c3_grm_std_uni,1,5.854682922363281,-4.884100914001465,1
Clemson_p034_c3_grm_std_uni,1,5.8462958335876465,-4.872504711151123,1
Clemson_p034_c3_grm_std_uni,1,5.83185338973999,-4.856019973754883,1
Clemson_p034_c3_grm_std_uni,1,5.812414169311523,-4.831702709197998,1
Clemson_p034_c3_grm_std_uni,1,5.788522720336914,-4.809108257293701,1
Clemson_p034_c3_grm_std_uni,1,5.766044616699219,-4.798124313354492,1
Clemson_p034_c3_grm_std_uni,1,5.739317417144775,-4.802116394042969,1
Clemson_p034_c3_grm_std_uni,1,5.740073204040527,-4.838870048522949,1
Clemson_p034_c3_grm_std_uni,1,5.771280765533447,-4.898184299468994,1
Clemson_p034_c3_grm_std_uni,1,5.822396755218506,-4.949485778808594,1
Clemson_p034_c3_grm_std_uni,1,5.866395950317383,-4.960359573364258,1
Clemson_p034_c3_grm_std_uni,1,5.881105899810791,-4.920869827270508,1
Clemson_p034_c3_grm_std_uni,1,5.8613691329956055,-4.839872360229492,1
Clemson_p034_c3_grm_std_uni,1,5.836093425750732,-4.771035671234131,1
Clemson_p034_c3_grm_std_uni,1,5.824113368988037,-4.766246318817139,1
Clemson_p034_c3_grm_std_uni,1,5.789966106414795,-4.7733049392700195,1
Clemson_p034_c3_grm_std_uni,1,5.777876377105713,-4.798314571380615,1
Clemson_p034_c3_grm_std_uni,1,5.748748779296875,-4.810707092285156,1
Clemson_p034_c3_grm_std_uni,1,5.736011981964111,-4.8402252197265625,1
Clemson_p034_c3_grm_std_uni,1,5.784666061401367,-4.910969257354736,1
Clemson_p034_c3_grm_std_uni,1,5.8367180824279785,-4.968191146850586,1
Clemson_p034_c3_grm_std_uni,1,5.903620719909668,-5.000436782836914,1
Clemson_p034_c3_grm_std_uni,1,5.915177822113037,-4.967362403869629,1
Clemson_p034_c3_grm_std_uni,1,5.861679553985596,-4.884337902069092,1
Clemson_p034_c3_grm_std_uni,1,5.87468957901001,-4.872639179229736,1
Clemson_p034_c3_grm_std_uni,1,5.885926723480225,-4.87939977645874,1
Clemson_p034_c3_grm_std_uni,1,5.884485721588135,-4.887283802032471,1
Clemson_p034_c3_grm_std_uni,1,5.895673751831055,-4.898004531860352,1
Clemson_p034_c3_grm_std_uni,1,5.876443386077881,-4.8768486976623535,1
Clemson_p034_c3_grm_std_uni,1,5.886907577514648,-4.886659145355225,1
Clemson_p034_c3_grm_std_uni,1,5.917830944061279,-4.924171447753906,1
Clemson_p034_c3_grm_std_uni,1,5.912896156311035,-4.941732883453369,1
Clemson_p034_c3_grm_std_uni,1,5.951023578643799,-4.999251842498779,1
Clemson_p034_c3_grm_std_uni,1,6.030374526977539,-5.070143699645996,1
Clemson_p034_c3_grm_std_uni,1,6.100067138671875,-5.117906093597412,1
Clemson_p034_c3_grm_std_uni,1,6.136661052703857,-5.130472183227539,1
Clemson_p034_c3_grm_std_uni,1,6.1651740074157715,-5.143139839172363,1
Clemson_p034_c3_grm_std_uni,1,6.214204788208008,-5.1768598556518555,1
Clemson_p034_c3_grm_std_uni,1,6.2436370849609375,-5.189291000366211,1
Clemson_p034_c3_grm_std_uni,1,6.209375858306885,-5.1479620933532715,1
Clemson_p034_c3_grm_std_uni,1,6.180941581726074,-5.118289470672607,1
Clemson_p034_c3_grm_std_uni,1,6.181213855743408,-5.117441177368164,1
Clemson_p034_c3_grm_std_uni,1,6.192014217376709,-5.134941101074219,1
Clemson_p034_c3_grm_std_uni,1,6.192829608917236,-5.1536784172058105,1
Clemson_p034_c3_grm_std_uni,1,6.220971584320068,-5.172762393951416,1
Clemson_p034_c3_grm_std_uni,1,6.239181041717529,-5.150735378265381,1
Clemson_p034_c3_grm_std_uni,1,6.150120258331299,-5.029979228973389,1
Clemson_p034_c3_grm_std_uni,1,6.102267265319824,-4.970868110656738,1
Clemson_p034_c3_grm_std_uni,1,6.174087047576904,-5.039942741394043,1
Clemson_p034_c3_grm_std_uni,1,6.148653984069824,-5.065737247467041,1
Clemson_p034_c3_grm_std_uni,1,6.120878219604492,-5.08926248550415,1
Clemson_p034_c3_grm_std_uni,1,6.110963821411133,-5.095433712005615,1
Clemson_p034_c3_grm_std_uni,1,6.09731912612915,-5.079824924468994,1
Clemson_p034_c3_grm_std_uni,1,6.044548988342285,-5.0224199295043945,1
Clemson_p034_c3_grm_std_uni,1,6.014892578125,-4.980870246887207,1
Clemson_p034_c3_grm_std_uni,1,5.991438865661621,-4.951380252838135,1
Clemson_p034_c3_grm_std_uni,1,5.964483737945557,-4.922195911407471,1
Clemson_p034_c3_grm_std_uni,1,5.9410881996154785,-4.904607772827148,1
Clemson_p034_c3_grm_std_uni,1,5.924134254455566,-4.88948392868042,1
Clemson_p034_c3_grm_std_uni,1,5.8999762535095215,-4.8612470626831055,1
Clemson_p034_c3_grm_std_uni,1,5.86715841293335,-4.837195873260498,1
Clemson_p034_c3_grm_std_uni,1,5.8638916015625,-4.850338935852051,1
Clemson_p034_c3_grm_std_uni,1,5.8649797439575195,-4.8815460205078125,1
Clemson_p034_c3_grm_std_uni,1,5.879425525665283,-4.943518161773682,1
Clemson_p034_c3_grm_std_uni,1,5.956284999847412,-5.052028179168701,1
Clemson_p034_c3_grm_std_uni,1,6.073584079742432,-5.155460834503174,1
Clemson_p034_c3_grm_std_uni,1,6.155976295471191,-5.180208683013916,1
Clemson_p034_c3_grm_std_uni,1,6.075743198394775,-5.070268154144287,1
Clemson_p034_c3_grm_std_uni,1,6.043245792388916,-4.974682331085205,1
Clemson_p034_c3_grm_std_uni,1,6.060225486755371,-4.9461445808410645,1
Clemson_p034_c3_grm_std_uni,1,6.0299973487854,-4.943379878997803,1
Clemson_p034_c3_grm_std_uni,1,5.97158670425415,-4.9359612464904785,1
Clemson_p034_c3_grm_std_uni,1,5.941990375518799,-4.924629211425781,1
Clemson_p034_c3_grm_std_uni,1,5.913713455200195,-4.892011642456055,1
Clemson_p034_c3_grm_std_uni,1,5.884367942810059,-4.858536243438721,1
Clemson_p034_c3_grm_std_uni,1,5.885523319244385,-4.873923301696777,1
Clemson_p034_c3_grm_std_uni,1,5.890303611755371,-4.897570610046387,1
Clemson_p034_c3_grm_std_uni,1,5.8941426277160645,-4.914375305175781,1
Clemson_p034_c3_grm_std_uni,1,5.8797760009765625,-4.9091949462890625,1
Clemson_p034_c3_grm_std_uni,1,5.883262634277344,-4.907511234283447,1
Clemson_p034_c3_grm_std_uni,1,5.894224166870117,-4.904120445251465,1
Clemson_p034_c3_grm_std_uni,1,5.885491371154785,-4.883807182312012,1
Clemson_p034_c3_grm_std_uni,1,5.861902713775635,-4.855116367340088,1
Clemson_p034_c3_grm_std_uni,1,5.832229137420654,-4.832164287567139,1
Clemson_p034_c3_grm_std_uni,1,5.808271408081055,-4.8225812911987305,1
Clemson_p034_c3_grm_std_uni,1,5.792223930358887,-4.829538345336914,1
Clemson_p034_c3_grm_std_uni,1,5.765269756317139,-4.830694675445557,1
Clemson_p034_c3_grm_std_uni,1,5.751540660858154,-4.838382244110107,1
Clemson_p034_c3_grm_std_uni,1,5.760927677154541,-4.854992866516113,1
Clemson_p034_c3_grm_std_uni,1,5.771632671356201,-4.861307144165039,1
Clemson_p034_c3_grm_std_uni,1,5.778592586517334,-4.855927467346191,1
Clemson_p034_c3_grm_std_uni,1,5.781688213348389,-4.839883804321289,1
Clemson_p034_c3_grm_std_uni,1,5.797008991241455,-4.837132930755615,1
Clemson_p034_c3_grm_std_uni,1,5.818624019622803,-4.856156826019287,1
Clemson_p034_c3_grm_std_uni,1,5.850457668304443,-4.911264419555664,1
Clemson_p034_c3_grm_std_uni,1,5.882664203643799,-4.973001480102539,1
Clemson_p034_c3_grm_std_uni,1,5.931700706481934,-5.011801242828369,1
Clemson_p034_c3_grm_std_uni,1,6.018502712249756,-5.052488803863525,1
Clemson_p034_c3_grm_std_uni,1,6.086756706237793,-5.038817405700684,1
Clemson_p034_c3_grm_std_uni,1,6.067654132843018,-4.920146465301514,1
Clemson_p034_c3_grm_std_uni,1,6.125367164611816,-4.964117527008057,1
Clemson_p034_c3_grm_std_uni,1,6.140480041503906,-5.039696216583252,1
Clemson_p034_c3_grm_std_uni,1,6.0304460525512695,-5.006851673126221,1
Clemson_p034_c3_grm_std_uni,1,5.940826416015625,-4.97829532623291,1
Clemson_p034_c3_grm_std_uni,1,5.875741958618164,-4.9459710121154785,1
Clemson_p034_c3_grm_std_uni,1,5.842045307159424,-4.9364848136901855,1
Clemson_p034_c3_grm_std_uni,1,5.967088222503662,-5.035439968109131,1
Clemson_p034_c3_grm_std_uni,1,5.99558687210083,-5.063767433166504,1
Clemson_p034_c3_grm_std_uni,1,6.004343032836914,-5.01222562789917,1
Clemson_p034_c3_grm_std_uni,1,6.062887668609619,-4.99709415435791,1
Clemson_p034_c3_grm_std_uni,1,6.109647750854492,-4.978972911834717,1
Clemson_p034_c3_grm_std_uni,1,6.126887321472168,-4.984489917755127,1
Clemson_p034_c3_grm_std_uni,1,6.111387729644775,-5.020810127258301,1
Clemson_p034_c3_grm_std_uni,1,6.0687432289123535,-5.017318248748779,1
Clemson_p034_c3_grm_std_uni,1,6.071967124938965,-5.041004657745361,1
Clemson_p034_c3_grm_std_uni,1,6.1350178718566895,-5.107527732849121,1
Clemson_p034_c3_grm_std_uni,1,6.196307182312012,-5.1675286293029785,1
Clemson_p034_c3_grm_std_uni,1,6.251462936401367,-5.222517013549805,1
Clemson_p034_c3_grm_std_uni,1,6.2864990234375,-5.2420973777771,1
Clemson_p034_c3_grm_std_uni,1,6.250650405883789,-5.193924903869629,1
Clemson_p034_c3_grm_std_uni,1,6.19386100769043,-5.113968849182129,1
Clemson_p034_c3_grm_std_uni,1,6.141282081604004,-5.0401997566223145,1
Clemson_p034_c3_grm_std_uni,1,6.074537754058838,-4.986085891723633,1
Clemson_p034_c3_grm_std_uni,1,6.024075508117676,-4.975586414337158,1
Clemson_p034_c3_grm_std_uni,1,6.015030860900879,-5.004607677459717,1
Clemson_p034_c3_grm_std_uni,1,6.019876480102539,-5.037381172180176,1
Clemson_p034_c3_grm_std_uni,1,6.053640365600586,-5.076107501983643,1
Clemson_p034_c3_grm_std_uni,1,6.0830397605896,-5.091085910797119,1
Clemson_p034_c3_grm_std_uni,1,6.098372936248779,-5.082633972167969,1
Clemson_p034_c3_grm_std_uni,1,6.083471298217773,-5.0441508293151855,1
Clemson_p034_c3_grm_std_uni,1,6.057823181152344,-4.98032808303833,1
Clemson_p034_c3_grm_std_uni,1,5.989953517913818,-4.889954090118408,1
Clemson_p034_c3_grm_std_uni,1,5.949226379394531,-4.83892822265625,1
Clemson_p034_c3_grm_std_uni,1,5.892327785491943,-4.796250343322754,1
Clemson_p034_c3_grm_std_uni,1,5.832033634185791,-4.7794036865234375,1
Clemson_p034_c3_grm_std_uni,1,5.80884313583374,-4.822450637817383,1
Clemson_p034_c3_grm_std_uni,1,5.806730270385742,-4.884045124053955,1
Clemson_p034_c3_grm_std_uni,1,5.862507343292236,-4.982693672180176,1
Clemson_p034_c3_grm_std_uni,1,5.948046684265137,-5.08419942855835,1
Clemson_p034_c3_grm_std_uni,1,6.070581912994385,-5.1620073318481445,1
Clemson_p034_c3_grm_std_uni,1,6.1184186935424805,-5.142496109008789,1
Clemson_p034_c3_grm_std_uni,1,6.0134053230285645,-4.987840175628662,1
Clemson_p034_c3_grm_std_uni,1,5.999547481536865,-4.896719455718994,1
Clemson_p034_c3_grm_std_uni,1,6.025346755981445,-4.915952205657959,1
Clemson_p034_c3_grm_std_uni,1,6.0256829261779785,-4.972958564758301,1
Clemson_p034_c3_grm_std_uni,1,6.050392150878906,-5.0609025955200195,1
Clemson_p034_c3_grm_std_uni,1,6.1195902824401855,-5.147938251495361,1
Clemson_p034_c3_grm_std_uni,1,6.221231937408447,-5.226267337799072,1
Clemson_p034_c3_grm_std_uni,1,6.304930210113525,-5.26764440536499,1
Clemson_p034_c3_grm_std_uni,1,6.273902893066406,-5.18608283996582,1
Clemson_p034_c3_grm_std_uni,1,6.201837062835693,-5.0487380027771,1
Clemson_p034_c3_grm_std_uni,1,6.231072425842285,-5.045950412750244,1
Clemson_p034_c3_grm_std_uni,1,6.231811046600342,-5.0609941482543945,1
Clemson_p034_c3_grm_std_uni,1,6.186728000640869,-5.068604946136475,1
Clemson_p034_c3_grm_std_uni,1,6.152040004730225,-5.073794364929199,1
Clemson_p034_c3_grm_std_uni,1,6.125659465789795,-5.057504653930664,1
Clemson_p034_c3_grm_std_uni,1,6.107974529266357,-5.059298515319824,1
Clemson_p034_c3_grm_std_uni,1,6.1472883224487305,-5.120505332946777,1
Clemson_p034_c3_grm_std_uni,1,6.239611625671387,-5.207019329071045,1
Clemson_p034_c3_grm_std_uni,1,6.290613651275635,-5.2389726638793945,1
Clemson_p034_c3_grm_std_uni,1,6.254058361053467,-5.190459251403809,1
Clemson_p034_c3_grm_std_uni,1,6.232733726501465,-5.140064716339111,1
Clemson_p034_c3_grm_std_uni,1,6.214892387390137,-5.101966857910156,1
Clemson_p034_c3_grm_std_uni,1,6.160013198852539,-5.040678977966309,1
Clemson_p034_c3_grm_std_uni,1,6.11153507232666,-5.024459362030029,1
Clemson_p034_c3_grm_std_uni,1,6.086469650268555,-5.039815425872803,1
Clemson_p034_c3_grm_std_uni,1,6.100591659545898,-5.08583402633667,1
Clemson_p034_c3_grm_std_uni,1,6.14341402053833,-5.15288782119751,1
Clemson_p034_c3_grm_std_uni,1,6.211449146270752,-5.220797061920166,1
Clemson_p034_c3_grm_std_uni,1,6.262946128845215,-5.242993354797363,1
Clemson_p034_c3_grm_std_uni,1,6.222632884979248,-5.163203716278076,1
Clemson_p034_c3_grm_std_uni,1,6.105713367462158,-5.0161452293396,1
Clemson_p034_c3_grm_std_uni,1,6.066015720367432,-4.932155132293701,1
Clemson_p034_c3_grm_std_uni,1,6.039795398712158,-4.891968250274658,1
Clemson_p034_c3_grm_std_uni,1,5.976966381072998,-4.865233421325684,1
Clemson_p034_c3_grm_std_uni,1,5.910032272338867,-4.861457347869873,1
Clemson_p034_c3_grm_std_uni,1,5.883516311645508,-4.890483379364014,1
Clemson_p034_c3_grm_std_uni,1,5.888221263885498,-4.94560432434082,1
Clemson_p034_c3_grm_std_uni,1,5.95836067199707,-5.040781021118164,1
Clemson_p034_c3_grm_std_uni,1,6.098520755767822,-5.1593475341796875,1
Clemson_p034_c3_grm_std_uni,1,6.184931755065918,-5.188849449157715,1
Clemson_p034_c3_grm_std_uni,1,6.11022424697876,-5.072748184204102,1
Clemson_p034_c3_grm_std_uni,1,6.009600639343262,-4.936974048614502,1
Clemson_p034_c3_grm_std_uni,1,5.987595081329346,-4.882421016693115,1
Clemson_p034_c3_grm_std_uni,1,5.962192058563232,-4.863061904907227,1
Clemson_p034_c3_grm_std_uni,1,5.92240047454834,-4.8788323402404785,1
Clemson_p034_c3_grm_std_uni,1,5.889851093292236,-4.895958423614502,1
Clemson_p034_c3_grm_std_uni,1,5.886869430541992,-4.90507698059082,1
Clemson_p034_c3_grm_std_uni,1,5.873318672180176,-4.891646385192871,1
Clemson_p034_c3_grm_std_uni,1,5.885858535766602,-4.891961574554443,1
Clemson_p034_c3_grm_std_uni,1,5.893312931060791,-4.893311500549316,1
Clemson_p034_c3_grm_std_uni,1,5.8915114402771,-4.886810302734375,1
Clemson_p034_c3_grm_std_uni,1,5.886313438415527,-4.8807525634765625,1
Clemson_p034_c3_grm_std_uni,1,5.867683410644531,-4.863816738128662,1
Clemson_p034_c3_grm_std_uni,1,5.84825325012207,-4.8515143394470215,1
Clemson_p034_c3_grm_std_uni,1,5.817756175994873,-4.831076622009277,1
Clemson_p034_c3_grm_std_uni,1,5.787443161010742,-4.819224834442139,1
Clemson_p034_c3_grm_std_uni,1,5.765944480895996,-4.817136287689209,1
Clemson_p034_c3_grm_std_uni,1,5.739120960235596,-4.809717178344727,1
Clemson_p034_c3_grm_std_uni,1,5.710111618041992,-4.7946391105651855,1
Clemson_p034_c3_grm_std_uni,1,5.6966729164123535,-4.787240505218506,1
Clemson_p034_c3_grm_std_uni,1,5.7075276374816895,-4.801905155181885,1
Clemson_p034_c3_grm_std_uni,1,5.70285177230835,-4.807819843292236,1
Clemson_p034_c3_grm_std_uni,1,5.704349040985107,-4.819918155670166,1
Clemson_p034_c3_grm_std_uni,1,5.7215728759765625,-4.836778163909912,1
Clemson_p034_c3_grm_std_uni,1,5.752504348754883,-4.857868671417236,1
Clemson_p034_c3_grm_std_uni,1,5.7669291496276855,-4.8575968742370605,1
Clemson_p034_c3_grm_std_uni,1,5.783565998077393,-4.8653106689453125,1
Clemson_p034_c3_grm_std_uni,1,5.793152809143066,-4.863888263702393,1
Clemson_p034_c3_grm_std_uni,1,5.814692974090576,-4.87108850479126,1
Clemson_p034_c3_grm_std_uni,1,5.822571754455566,-4.870216369628906,1
Clemson_p034_c3_grm_std_uni,1,5.830467224121094,-4.872583389282227,1
Clemson_p034_c3_grm_std_uni,1,5.846100807189941,-4.886224746704102,1
Clemson_p034_c3_grm_std_uni,1,5.871001720428467,-4.918123722076416,1
Clemson_p034_c3_grm_std_uni,1,5.886374473571777,-4.920648097991943,1
Clemson_p034_c3_grm_std_uni,1,5.86785888671875,-4.888975143432617,1
Clemson_p034_c3_grm_std_uni,1,5.869980335235596,-4.874110698699951,1
Clemson_p034_c3_grm_std_uni,1,5.8524322509765625,-4.850167751312256,1
Clemson_p034_c3_grm_std_uni,1,5.830709934234619,-4.839955806732178,1
Clemson_p034_c3_grm_std_uni,1,5.810925006866455,-4.837866306304932,1
Clemson_p034_c3_grm_std_uni,1,5.777779579162598,-4.82191801071167,1
Clemson_p034_c3_grm_std_uni,1,5.747991561889648,-4.803956031799316,1
Clemson_p034_c3_grm_std_uni,1,5.7381486892700195,-4.796624660491943,1
Clemson_p034_c3_grm_std_uni,1,5.704712867736816,-4.777006149291992,1
Clemson_p034_c3_grm_std_uni,1,5.6848320960998535,-4.791931629180908,1
Clemson_p034_c3_grm_std_uni,1,5.702336311340332,-4.847631454467773,1
Clemson_p034_c3_grm_std_uni,1,5.734717845916748,-4.903758525848389,1
Clemson_p034_c3_grm_std_uni,1,5.7880024909973145,-4.9344329833984375,1
Clemson_p034_c3_grm_std_uni,1,5.828027725219727,-4.924165725708008,1
Clemson_p034_c3_grm_std_uni,1,5.817605972290039,-4.861071586608887,1
Clemson_p034_c3_grm_std_uni,1,5.828274726867676,-4.828065395355225,1
Clemson_p034_c3_grm_std_uni,1,5.8500776290893555,-4.838390827178955,1
Clemson_p034_c3_grm_std_uni,1,5.8341875076293945,-4.830535888671875,1
Clemson_p034_c3_grm_std_uni,1,5.802886486053467,-4.813902854919434,1
Clemson_p034_c3_grm_std_uni,1,5.787562370300293,-4.8200860023498535,1
Clemson_p034_c3_grm_std_uni,1,5.80263090133667,-4.870304584503174,1
Clemson_p034_c3_grm_std_uni,1,5.865400791168213,-4.9636030197143555,1
Clemson_p034_c3_grm_std_uni,1,5.949520587921143,-5.0555338859558105,1
Clemson_p034_c3_grm_std_uni,1,6.095769882202148,-5.147990703582764,1
Clemson_p034_c3_grm_std_uni,1,6.216790676116943,-5.196420669555664,1
Clemson_p034_c3_grm_std_uni,1,6.313510417938232,-5.244822978973389,1
Clemson_p034_c3_grm_std_uni,1,6.382028102874756,-5.281676292419434,1
Clemson_p034_c3_grm_std_uni,1,6.349427700042725,-5.250300407409668,1
Clemson_p034_c3_grm_std_uni,1,6.255608558654785,-5.178040504455566,1
Clemson_p034_c3_grm_std_uni,1,6.191843032836914,-5.119790554046631,1
Clemson_p034_c3_grm_std_uni,1,6.123652458190918,-5.027598857879639,1
Clemson_p034_c3_grm_std_uni,1,6.0458598136901855,-4.932859420776367,1
Clemson_p034_c3_grm_std_uni,1,5.993716239929199,-4.889834403991699,1
Clemson_p034_c3_grm_std_uni,1,5.9621806144714355,-4.892623424530029,1
Clemson_p034_c3_grm_std_uni,1,5.924188613891602,-4.892087459564209,1
Clemson_p034_c3_grm_std_uni,1,5.898994445800781,-4.895115375518799,1
Clemson_p034_c3_grm_std_uni,1,5.894613265991211,-4.907162189483643,1
Clemson_p034_c3_grm_std_uni,1,5.929361820220947,-4.967608451843262,1
Clemson_p034_c3_grm_std_uni,1,6.007853984832764,-5.065614700317383,1
Clemson_p034_c3_grm_std_uni,1,6.110079288482666,-5.153067111968994,1
Clemson_p034_c3_grm_std_uni,1,6.171280860900879,-5.176450729370117,1
Clemson_p034_c3_grm_std_uni,1,6.0950541496276855,-5.063530921936035,1
Clemson_p034_c3_grm_std_uni,1,6.0235419273376465,-4.925317287445068,1
Clemson_p034_c3_grm_std_uni,1,6.002121925354004,-4.860647201538086,1
Clemson_p034_c3_grm_std_uni,1,6.01547908782959,-4.88828706741333,1
Clemson_p034_c3_grm_std_uni,1,6.006613731384277,-4.931867599487305,1
Clemson_p034_c3_grm_std_uni,1,5.97225284576416,-4.950295925140381,1
Clemson_p034_c3_grm_std_uni,1,5.946817874908447,-4.957840919494629,1
Clemson_p034_c3_grm_std_uni,1,5.948359489440918,-4.9660258293151855,1
Clemson_p034_c3_grm_std_uni,1,5.947839260101318,-4.970602035522461,1
Clemson_p034_c3_grm_std_uni,1,5.980564594268799,-5.001227855682373,1
Clemson_p034_c3_grm_std_uni,1,6.01630163192749,-5.024355411529541,1
Clemson_p034_c3_grm_std_uni,1,6.009692668914795,-4.997954368591309,1
Clemson_p034_c3_grm_std_uni,1,5.98051643371582,-4.946259498596191,1
Clemson_p034_c3_grm_std_uni,1,5.9569621086120605,-4.899693965911865,1
Clemson_p034_c3_grm_std_uni,1,5.959778785705566,-4.893325328826904,1
Clemson_p034_c3_grm_std_uni,1,5.963737487792969,-4.914553642272949,1
Clemson_p034_c3_grm_std_uni,1,5.98530387878418,-4.956266403198242,1
Clemson_p034_c3_grm_std_uni,1,5.9867167472839355,-4.9734039306640625,1
Clemson_p034_c3_grm_std_uni,1,5.976655006408691,-4.967694282531738,1
Clemson_p034_c3_grm_std_uni,1,5.98991060256958,-4.981224060058594,1
Clemson_p034_c3_grm_std_uni,1,6.031727313995361,-5.022850036621094,1
Clemson_p034_c3_grm_std_uni,1,6.09799337387085,-5.087317943572998,1
Clemson_p034_c3_grm_std_uni,1,6.140079975128174,-5.115087509155273,1
Clemson_p034_c3_grm_std_uni,1,6.116020202636719,-5.083495140075684,1
Clemson_p034_c3_grm_std_uni,1,6.138371467590332,-5.093234062194824,1
Clemson_p034_c3_grm_std_uni,1,6.186572551727295,-5.126375198364258,1
Clemson_p034_c3_grm_std_uni,1,6.175027370452881,-5.100808143615723,1
Clemson_p034_c3_grm_std_uni,1,6.140350818634033,-5.068553447723389,1
Clemson_p034_c3_grm_std_uni,1,6.092235088348389,-5.020846366882324,1
Clemson_p034_c3_grm_std_uni,1,6.080575942993164,-5.00371789932251,1
Clemson_p034_c3_grm_std_uni,1,6.083523750305176,-5.016200542449951,1
Clemson_p034_c3_grm_std_uni,1,6.06810188293457,-5.029210090637207,1
Clemson_p034_c3_grm_std_uni,1,6.073556423187256,-5.056049823760986,1
Clemson_p034_c3_grm_std_uni,1,6.093934535980225,-5.076144695281982,1
Clemson_p034_c3_grm_std_uni,1,6.083180904388428,-5.0629048347473145,1
Clemson_p034_c3_grm_std_uni,1,6.084930896759033,-5.066012859344482,1
Clemson_p034_c3_grm_std_uni,1,6.116425037384033,-5.084347248077393,1
Clemson_p034_c3_grm_std_uni,1,6.0826897621154785,-5.04816198348999,1
Clemson_p034_c3_grm_std_uni,1,6.034797668457031,-5.004195690155029,1
Clemson_p034_c3_grm_std_uni,1,6.022042274475098,-4.981705665588379,1
Clemson_p034_c3_grm_std_uni,1,5.997003555297852,-4.947959899902344,1
Clemson_p034_c3_grm_std_uni,1,5.96962308883667,-4.920958042144775,1
Clemson_p034_c3_grm_std_uni,1,5.970184326171875,-4.922162055969238,1
Clemson_p034_c3_grm_std_uni,1,5.946867942810059,-4.907809734344482,1
Clemson_p034_c3_grm_std_uni,1,5.952923774719238,-4.93652868270874,1
Clemson_p034_c3_grm_std_uni,1,6.00441837310791,-5.005805015563965,1
Clemson_p034_c3_grm_std_uni,1,6.044986248016357,-5.0563645362854,1
Clemson_p034_c3_grm_std_uni,1,6.078290939331055,-5.083982467651367,1
Clemson_p034_c3_grm_std_uni,1,6.088174343109131,-5.0747575759887695,1
Clemson_p034_c3_grm_std_uni,1,6.067362308502197,-5.031988620758057,1
Clemson_p034_c3_grm_std_uni,1,6.031647682189941,-4.988764762878418,1
Clemson_p034_c3_grm_std_uni,1,6.019582271575928,-4.983747959136963,1
Clemson_p034_c3_grm_std_uni,1,6.0076985359191895,-4.9966278076171875,1
Clemson_p034_c3_grm_std_uni,1,5.989773750305176,-5.015878200531006,1
Clemson_p034_c3_grm_std_uni,1,6.025494575500488,-5.069709777832031,1
Clemson_p034_c3_grm_std_uni,1,6.079934597015381,-5.117100238800049,1
Clemson_p034_c3_grm_std_uni,1,6.134777545928955,-5.14489221572876,1
Clemson_p034_c3_grm_std_uni,1,6.1405534744262695,-5.110465049743652,1
Clemson_p034_c3_grm_std_uni,1,6.083061218261719,-5.018923759460449,1
Clemson_p034_c3_grm_std_uni,1,6.029813289642334,-4.928256511688232,1
Clemson_p034_c3_grm_std_uni,1,5.99777889251709,-4.87617826461792,1
Clemson_p034_c3_grm_std_uni,1,5.970324516296387,-4.852982997894287,1
Clemson_p034_c3_grm_std_uni,1,5.912210464477539,-4.837080955505371,1
Clemson_p034_c3_grm_std_uni,1,5.859628677368164,-4.8319091796875,1
Clemson_p034_c3_grm_std_uni,1,5.811670780181885,-4.824059009552002,1
Clemson_p034_c3_grm_std_uni,1,5.771494388580322,-4.82314395904541,1
Clemson_p034_c3_grm_std_uni,1,5.760443210601807,-4.845158576965332,1
Clemson_p034_c3_grm_std_uni,1,5.756636142730713,-4.864078044891357,1
Clemson_p034_c3_grm_std_uni,1,5.773016929626465,-4.880969047546387,1
Clemson_p034_c3_grm_std_uni,1,5.795089244842529,-4.875200271606445,1
Clemson_p034_c3_grm_std_uni,1,5.789951801300049,-4.8340253829956055,1
Clemson_p034_c3_grm_std_uni,1,5.7879180908203125,-4.790369510650635,1
Clemson_p034_c3_grm_std_uni,1,5.777754783630371,-4.761585712432861,1
Clemson_p034_c3_grm_std_uni,1,5.735145092010498,-4.731125831604004,1
Clemson_p034_c3_grm_std_uni,1,5.724883079528809,-4.751882553100586,1
Clemson_p034_c3_grm_std_uni,1,5.711944580078125,-4.778895378112793,1
Clemson_p034_c3_grm_std_uni,1,5.728097915649414,-4.832425117492676,1
Clemson_p034_c3_grm_std_uni,1,5.7747015953063965,-4.909599781036377,1
Clemson_p034_c3_grm_std_uni,1,5.853233814239502,-4.988550186157227,1
Clemson_p034_c3_grm_std_uni,1,5.947629928588867,-5.051204204559326,1
Clemson_p034_c3_grm_std_uni,1,5.998126029968262,-5.067748546600342,1
Clemson_p034_c3_grm_std_uni,1,6.039190769195557,-5.0549092292785645,1
Clemson_p034_c3_grm_std_uni,1,6.019296169281006,-4.982861518859863,1
Clemson_p034_c3_grm_std_uni,1,5.9914774894714355,-4.908820152282715,1
Clemson_p034_c3_grm_std_uni,1,5.993777751922607,-4.886241436004639,1
Clemson_p034_c3_grm_std_uni,1,6.0071821212768555,-4.931345462799072,1
Clemson_p034_c3_grm_std_uni,1,6.023593425750732,-5.016088485717773,1
Clemson_p034_c3_grm_std_uni,1,6.064416408538818,-5.073409080505371,1
Clemson_p034_c3_grm_std_uni,1,6.144396781921387,-5.120424270629883,1
Clemson_p034_c3_grm_std_uni,1,6.137844562530518,-5.044675827026367,1
Clemson_p034_c3_grm_std_uni,1,6.052544593811035,-4.9111175537109375,1
Clemson_p034_c3_grm_std_uni,1,6.096457004547119,-4.965746879577637,1
Clemson_p034_c3_grm_std_uni,1,6.130445957183838,-5.056887149810791,1
Clemson_p034_c3_grm_std_uni,1,6.06981086730957,-5.076883316040039,1
Clemson_p034_c3_grm_std_uni,1,6.063790798187256,-5.089461803436279,1
Clemson_p034_c3_grm_std_uni,1,6.068310260772705,-5.049118995666504,1
Clemson_p034_c3_grm_std_uni,1,6.002562046051025,-4.932858467102051,1
Clemson_p034_c3_grm_std_uni,1,5.966151714324951,-4.852255344390869,1
Clemson_p034_c3_grm_std_uni,1,5.942521572113037,-4.827612400054932,1
Clemson_p034_c3_grm_std_uni,1,5.926546096801758,-4.840904712677002,1
Clemson_p034_c3_grm_std_uni,1,5.89944314956665,-4.871466159820557,1
Clemson_p034_c3_grm_std_uni,1,5.895785331726074,-4.917153835296631,1
Clemson_p034_c3_grm_std_uni,1,5.95563268661499,-4.996121883392334,1
Clemson_p034_c3_grm_std_uni,1,6.0780720710754395,-5.090499401092529,1
Clemson_p034_c3_grm_std_uni,1,6.148386001586914,-5.115217208862305,1
Clemson_p034_c3_grm_std_uni,1,6.133129596710205,-5.081503868103027,1
Clemson_p034_c3_grm_std_uni,1,6.139780521392822,-5.080281734466553,1
Clemson_p034_c3_grm_std_uni,1,6.125254154205322,-5.072141170501709,1
Clemson_p034_c3_grm_std_uni,1,6.102945327758789,-5.057972431182861,1
Clemson_p034_c3_grm_std_uni,1,6.083161354064941,-5.030039310455322,1
Clemson_p034_c3_grm_std_uni,1,6.032958507537842,-4.957693576812744,1
Clemson_p034_c3_grm_std_uni,1,5.953160285949707,-4.869645595550537,1
Clemson_p034_c3_grm_std_uni,1,5.925737380981445,-4.843450546264648,1
Clemson_p034_c3_grm_std_uni,1,5.8808112144470215,-4.827151775360107,1
Clemson_p034_c3_grm_std_uni,1,5.864560127258301,-4.8667378425598145,1
Clemson_p034_c3_grm_std_uni,1,5.903256893157959,-4.956662178039551,1
Clemson_p034_c3_grm_std_uni,1,5.962155818939209,-5.044423580169678,1
Clemson_p034_c3_grm_std_uni,1,6.041009426116943,-5.103669166564941,1
Clemson_p034_c3_grm_std_uni,1,6.0890069007873535,-5.099905014038086,1
Clemson_p034_c3_grm_std_uni,1,6.0076189041137695,-4.9828782081604,1
Clemson_p034_c3_grm_std_uni,1,6.005924701690674,-4.913832664489746,1
Clemson_p034_c3_grm_std_uni,1,5.993988990783691,-4.888788223266602,1
Clemson_p034_c3_grm_std_uni,1,5.968355178833008,-4.898336887359619,1
Clemson_p034_c3_grm_std_uni,1,5.939035415649414,-4.91684103012085,1
Clemson_p034_c3_grm_std_uni,1,5.923806667327881,-4.931101322174072,1
Clemson_p034_c3_grm_std_uni,1,5.923464298248291,-4.952939510345459,1
Clemson_p034_c3_grm_std_uni,1,5.9254961013793945,-4.984117031097412,1
Clemson_p034_c3_grm_std_uni,1,5.974828720092773,-5.040338039398193,1
Clemson_p034_c3_grm_std_uni,1,6.036168098449707,-5.097901821136475,1
Clemson_p034_c3_grm_std_uni,1,6.0891876220703125,-5.125051021575928,1
Clemson_p034_c3_grm_std_uni,1,6.115418434143066,-5.10791540145874,1
Clemson_p034_c3_grm_std_uni,1,6.04807186126709,-4.98278284072876,1
Clemson_p034_c3_grm_std_uni,1,5.980835437774658,-4.876054286956787,1
Clemson_p034_c3_grm_std_uni,1,5.972176551818848,-4.843771457672119,1
Clemson_p034_c3_grm_std_uni,1,5.964217662811279,-4.859509468078613,1
Clemson_p034_c3_grm_std_uni,1,5.928790092468262,-4.895291805267334,1
Clemson_p034_c3_grm_std_uni,1,5.9024858474731445,-4.940572738647461,1
Clemson_p034_c3_grm_std_uni,1,5.959993839263916,-5.011495113372803,1
Clemson_p034_c3_grm_std_uni,1,6.127373218536377,-5.1332688331604,1
Clemson_p034_c3_grm_std_uni,1,6.167950630187988,-5.0884785652160645,1
Clemson_p034_c3_grm_std_uni,1,6.068489074707031,-4.9560747146606445,1
Clemson_p034_c3_grm_std_uni,1,6.072182655334473,-4.966514587402344,1
Clemson_p034_c3_grm_std_uni,1,6.075201511383057,-4.998188495635986,1
Clemson_p034_c3_grm_std_uni,1,6.002069473266602,-4.98051643371582,1
Clemson_p034_c3_grm_std_uni,1,5.972029209136963,-4.984093189239502,1
Clemson_p034_c3_grm_std_uni,1,5.947902202606201,-4.94719934463501,1
Clemson_p034_c3_grm_std_uni,1,5.926024913787842,-4.900150775909424,1
Clemson_p034_c3_grm_std_uni,1,5.900683879852295,-4.865767955780029,1
Clemson_p034_c3_grm_std_uni,1,5.899560451507568,-4.870926856994629,1
Clemson_p034_c3_grm_std_uni,1,5.887434005737305,-4.869862079620361,1
Clemson_p034_c3_grm_std_uni,1,5.8681721687316895,-4.855380058288574,1
Clemson_p034_c3_grm_std_uni,1,5.846792697906494,-4.835383892059326,1
Clemson_p034_c3_grm_std_uni,1,5.826255798339844,-4.819721698760986,1
Clemson_p034_c3_grm_std_uni,1,5.810293197631836,-4.8130316734313965,1
Clemson_p034_c3_grm_std_uni,1,5.793007850646973,-4.822781562805176,1
Clemson_p034_c3_grm_std_uni,1,5.78823709487915,-4.834495544433594,1
Clemson_p034_c3_grm_std_uni,1,5.783758640289307,-4.849650859832764,1
Clemson_p034_c3_grm_std_uni,1,5.794553756713867,-4.874675273895264,1
Clemson_p034_c3_grm_std_uni,1,5.802825927734375,-4.886359691619873,1
Clemson_p034_c3_grm_std_uni,1,5.815366744995117,-4.883782386779785,1
Clemson_p034_c3_grm_std_uni,1,5.830840587615967,-4.874707221984863,1
Clemson_p034_c3_grm_std_uni,1,5.843031406402588,-4.8705153465271,1
Clemson_p034_c3_grm_std_uni,1,5.851142883300781,-4.8738322257995605,1
Clemson_p034_c3_grm_std_uni,1,5.8609747886657715,-4.883787631988525,1
Clemson_p034_c3_grm_std_uni,1,5.848755359649658,-4.876256942749023,1
Clemson_p034_c3_grm_std_uni,1,5.8485798835754395,-4.876242637634277,1
Clemson_p034_c3_grm_std_uni,1,5.853487014770508,-4.867998123168945,1
Clemson_p034_c3_grm_std_uni,1,5.824395656585693,-4.834324836730957,1
Clemson_p034_c3_grm_std_uni,1,5.797311305999756,-4.811848163604736,1
Clemson_p034_c3_grm_std_uni,1,5.777250289916992,-4.807849407196045,1
Clemson_p034_c3_grm_std_uni,1,5.7496209144592285,-4.795647621154785,1
Clemson_p034_c3_grm_std_uni,1,5.719642639160156,-4.778520584106445,1
Clemson_p034_c3_grm_std_uni,1,5.693663597106934,-4.765459060668945,1
Clemson_p034_c3_grm_std_uni,1,5.682751178741455,-4.776015281677246,1
Clemson_p034_c3_grm_std_uni,1,5.680295467376709,-4.791330337524414,1
Clemson_p034_c3_grm_std_uni,1,5.672217845916748,-4.797932147979736,1
Clemson_p034_c3_grm_std_uni,1,5.670044422149658,-4.7938761711120605,1
Clemson_p034_c3_grm_std_uni,1,5.680687427520752,-4.7965240478515625,1
Clemson_p034_c3_grm_std_uni,1,5.6929426193237305,-4.802718639373779,1
Clemson_p034_c3_grm_std_uni,1,5.706601619720459,-4.817019939422607,1
Clemson_p034_c3_grm_std_uni,1,5.7108001708984375,-4.825258731842041,1
Clemson_p034_c3_grm_std_uni,1,5.723695755004883,-4.835960388183594,1
Clemson_p034_c3_grm_std_uni,1,5.737632751464844,-4.840280532836914,1
Clemson_p034_c3_grm_std_uni,1,5.74025821685791,-4.827521324157715,1
Clemson_p034_c3_grm_std_uni,1,5.743897438049316,-4.818120002746582,1
Clemson_p034_c3_grm_std_uni,1,5.75192928314209,-4.817995548248291,1
Clemson_p034_c3_grm_std_uni,1,5.7619218826293945,-4.834121227264404,1
Clemson_p034_c3_grm_std_uni,1,5.763125419616699,-4.8458967208862305,1
Clemson_p034_c3_grm_std_uni,1,5.767341613769531,-4.850268840789795,1
Clemson_p034_c3_grm_std_uni,1,5.767515659332275,-4.834899425506592,1
Clemson_p034_c3_grm_std_uni,1,5.772135257720947,-4.816937446594238,1
Clemson_p034_c3_grm_std_uni,1,5.775177478790283,-4.8081254959106445,1
Clemson_p034_c3_grm_std_uni,1,5.75304651260376,-4.7974138259887695,1
Clemson_p034_c3_grm_std_uni,1,5.75575590133667,-4.820120811462402,1
Clemson_p034_c3_grm_std_uni,1,5.760438919067383,-4.832861423492432,1
Clemson_p034_c3_grm_std_uni,1,5.746982097625732,-4.8244829177856445,1
Clemson_p034_c3_grm_std_uni,1,5.735974311828613,-4.818842887878418,1
Clemson_p034_c3_grm_std_uni,1,5.741580009460449,-4.825325012207031,1
Clemson_p034_c3_grm_std_uni,1,5.723239421844482,-4.806253433227539,1
Clemson_p034_c3_grm_std_uni,1,5.708704471588135,-4.793684005737305,1
Clemson_p034_c3_grm_std_uni,1,5.710920333862305,-4.796229839324951,1
Clemson_p034_c3_grm_std_uni,1,5.697043418884277,-4.785647392272949,1
Clemson_p034_c3_grm_std_uni,1,5.6911139488220215,-4.78550386428833,1
Clemson_p034_c3_grm_std_uni,1,5.717759609222412,-4.8155364990234375,1
Clemson_p034_c3_grm_std_uni,1,5.726202011108398,-4.81812047958374,1
Clemson_p034_c3_grm_std_uni,1,5.699740409851074,-4.790844440460205,1
Clemson_p034_c3_grm_std_uni,1,5.671459674835205,-4.768366813659668,1
Clemson_p034_c3_grm_std_uni,1,5.60597562789917,-4.730615139007568,1
Clemson_p034_c3_grm_std_uni,1,5.519905090332031,-4.701148986816406,1
Clemson_p034_c3_grm_std_uni,1,5.463560581207275,-4.697642803192139,1
Clemson_p034_c3_grm_std_uni,1,5.515081405639648,-4.746801376342773,1
Clemson_p034_c3_grm_std_uni,1,5.627258777618408,-4.844083786010742,1
Clemson_p034_c3_grm_std_uni,1,5.989002704620361,-5.096550464630127,1
Clemson_p034_c3_grm_std_uni,1,6.150606632232666,-5.181049823760986,1
Clemson_p034_c3_grm_std_uni,1,6.107374668121338,-5.096545696258545,1
Clemson_p034_c3_grm_std_uni,1,6.04474401473999,-5.013282299041748,1
Clemson_p034_c3_grm_std_uni,1,6.035462856292725,-4.9657745361328125,1
Clemson_p034_c3_grm_std_uni,1,5.987146854400635,-4.89384651184082,1
Clemson_p034_c3_grm_std_uni,1,5.905951499938965,-4.845773220062256,1
Clemson_p034_c3_grm_std_uni,1,5.841775894165039,-4.838297367095947,1
Clemson_p034_c3_grm_std_uni,1,5.84745454788208,-4.837624549865723,1
Clemson_p034_c3_grm_std_uni,1,5.832801818847656,-4.782978534698486,1
Clemson_p034_c3_grm_std_uni,1,5.644443035125732,-4.609809875488281,1
Clemson_p034_c3_grm_std_uni,1,5.805814266204834,-4.7273030281066895,1
Clemson_p034_c3_grm_std_uni,1,5.825018882751465,-4.811028957366943,1
Clemson_p034_c3_grm_std_uni,1,5.774594306945801,-4.857935905456543,1
Clemson_p034_c3_grm_std_uni,1,5.758588790893555,-4.913343906402588,1
Clemson_p034_c3_grm_std_uni,1,5.766806125640869,-4.932644367218018,1
Clemson_p034_c3_grm_std_uni,1,5.796003341674805,-4.920670032501221,1
Clemson_p034_c3_grm_std_uni,1,5.7720866203308105,-4.844124794006348,1
Clemson_p034_c3_grm_std_uni,1,5.727217674255371,-4.7600626945495605,1
Clemson_p034_c3_grm_std_uni,1,5.754013538360596,-4.773739814758301,1
Clemson_p034_c3_grm_std_uni,1,5.76718282699585,-4.807368755340576,1
Clemson_p034_c3_grm_std_uni,1,5.774232387542725,-4.84298038482666,1
Clemson_p034_c3_grm_std_uni,1,5.748307704925537,-4.835963726043701,1
Clemson_p034_c3_grm_std_uni,1,5.767392158508301,-4.8505964279174805,1
Clemson_p034_c3_grm_std_uni,1,5.7624287605285645,-4.841059684753418,1
Clemson_p034_c3_grm_std_uni,1,5.744048118591309,-4.838066101074219,1
Clemson_p034_c3_grm_std_uni,1,5.720372200012207,-4.845601558685303,1
Clemson_p034_c3_grm_std_uni,1,5.739530086517334,-4.881865501403809,1
Clemson_p034_c3_grm_std_uni,1,5.7714457511901855,-4.912542819976807,1
Clemson_p034_c3_grm_std_uni,1,5.792378902435303,-4.899306774139404,1
Clemson_p034_c3_grm_std_uni,1,5.790514945983887,-4.84632682800293,1
Clemson_p034_c3_grm_std_uni,1,5.806119441986084,-4.83131217956543,1
Clemson_p034_c3_grm_std_uni,1,5.845064640045166,-4.8379435539245605,1
Clemson_p034_c3_grm_std_uni,1,5.848663806915283,-4.83684778213501,1
Clemson_p034_c3_grm_std_uni,1,5.8536272048950195,-4.861870765686035,1
Clemson_p034_c3_grm_std_uni,1,5.850414752960205,-4.885218143463135,1
Clemson_p034_c3_grm_std_uni,1,5.889761924743652,-4.945381164550781,1
Clemson_p034_c3_grm_std_uni,1,5.9787774085998535,-5.045466423034668,1
Clemson_p034_c3_grm_std_uni,1,6.07588529586792,-5.130551338195801,1
Clemson_p034_c3_grm_std_uni,1,6.16136360168457,-5.177116394042969,1
Clemson_p034_c3_grm_std_uni,1,6.1174187660217285,-5.105330944061279,1
Clemson_p034_c3_grm_std_uni,1,6.092873573303223,-5.0285258293151855,1
Clemson_p034_c3_grm_std_uni,1,6.107016086578369,-4.990347862243652,1
Clemson_p034_c3_grm_std_uni,1,6.095942974090576,-4.9739251136779785,1
Clemson_p034_c3_grm_std_uni,1,6.0931782722473145,-4.999917507171631,1
Clemson_p034_c3_grm_std_uni,1,6.0436577796936035,-4.970631122589111,1
Clemson_p034_c3_grm_std_uni,1,5.9798502922058105,-4.93389368057251,1
Clemson_p034_c3_grm_std_uni,1,5.947254657745361,-4.92948055267334,1
Clemson_p034_c3_grm_std_uni,1,5.923111915588379,-4.945547580718994,1
Clemson_p034_c3_grm_std_uni,1,5.932253837585449,-4.986396789550781,1
Clemson_p034_c3_grm_std_uni,1,5.961964130401611,-5.02543306350708,1
Clemson_p034_c3_grm_std_uni,1,6.002764701843262,-5.043665885925293,1
Clemson_p034_c3_grm_std_uni,1,5.999709606170654,-4.996035099029541,1
Clemson_p034_c3_grm_std_uni,1,5.9505414962768555,-4.909588813781738,1
Clemson_p034_c3_grm_std_uni,1,5.931983947753906,-4.865079402923584,1
Clemson_p034_c3_grm_std_uni,1,5.918667793273926,-4.849592208862305,1
Clemson_p034_c3_grm_std_uni,1,5.8775506019592285,-4.837219715118408,1
Clemson_p034_c3_grm_std_uni,1,5.834570407867432,-4.843634128570557,1
Clemson_p034_c3_grm_std_uni,1,5.826521873474121,-4.878371715545654,1
Clemson_p034_c3_grm_std_uni,1,5.857918739318848,-4.941229343414307,1
Clemson_p034_c3_grm_std_uni,1,5.9346184730529785,-5.028768539428711,1
Clemson_p034_c3_grm_std_uni,1,6.040848731994629,-5.127920150756836,1
Clemson_p034_c3_grm_std_uni,1,6.132100582122803,-5.183713912963867,1
Clemson_p034_c3_grm_std_uni,1,6.138681888580322,-5.151331901550293,1
Clemson_p034_c3_grm_std_uni,1,6.034900188446045,-5.010743141174316,1
Clemson_p034_c3_grm_std_uni,1,5.966958045959473,-4.907868385314941,1
Clemson_p034_c3_grm_std_uni,1,5.957819938659668,-4.891887187957764,1
Clemson_p034_c3_grm_std_uni,1,5.909461975097656,-4.8769941329956055,1
Clemson_p034_c3_grm_std_uni,1,5.870391368865967,-4.881368160247803,1
Clemson_p034_c3_grm_std_uni,1,5.8608317375183105,-4.897815227508545,1
Clemson_p034_c3_grm_std_uni,1,5.8921942710876465,-4.943971157073975,1
Clemson_p034_c3_grm_std_uni,1,5.938298225402832,-5.000916957855225,1
Clemson_p034_c3_grm_std_uni,1,6.002104759216309,-5.064703464508057,1
Clemson_p034_c3_grm_std_uni,1,6.069164752960205,-5.108718395233154,1
Clemson_p034_c3_grm_std_uni,1,6.0884809494018555,-5.087101459503174,1
Clemson_p034_c3_grm_std_uni,1,6.014553546905518,-4.9819560050964355,1
Clemson_p034_c3_grm_std_uni,1,5.970681667327881,-4.916186809539795,1
Clemson_p034_c3_grm_std_uni,1,5.943502426147461,-4.880040645599365,1
Clemson_p034_c3_grm_std_uni,1,5.9007391929626465,-4.8524580001831055,1
Clemson_p034_c3_grm_std_uni,1,5.850471019744873,-4.835541248321533,1
Clemson_p034_c3_grm_std_uni,1,5.806334495544434,-4.825380802154541,1
Clemson_p034_c3_grm_std_uni,1,5.801154136657715,-4.853011608123779,1
Clemson_p034_c3_grm_std_uni,1,5.803574562072754,-4.895228385925293,1
Clemson_p034_c3_grm_std_uni,1,5.8392863273620605,-4.969388961791992,1
Clemson_p034_c3_grm_std_uni,1,5.952201843261719,-5.09053373336792,1
Clemson_p034_c3_grm_std_uni,1,6.077706813812256,-5.170448303222656,1
Clemson_p034_c3_grm_std_uni,1,6.103700637817383,-5.140031337738037,1
Clemson_p034_c3_grm_std_uni,1,6.022528648376465,-5.011767387390137,1
Clemson_p034_c3_grm_std_uni,1,6.002942085266113,-4.9106669425964355,1
Clemson_p034_c3_grm_std_uni,1,5.980807304382324,-4.8572163581848145,1
Clemson_p034_c3_grm_std_uni,1,5.946574687957764,-4.87245512008667,1
Clemson_p034_c3_grm_std_uni,1,5.923088550567627,-4.904029846191406,1
Clemson_p034_c3_grm_std_uni,1,5.92266321182251,-4.938711643218994,1
Clemson_p034_c3_grm_std_uni,1,5.93129301071167,-4.969292163848877,1
Clemson_p034_c3_grm_std_uni,1,5.945108890533447,-4.994938373565674,1
Clemson_p034_c3_grm_std_uni,1,5.972255229949951,-5.022045612335205,1
Clemson_p034_c3_grm_std_uni,1,5.991806983947754,-5.031655788421631,1
Clemson_p034_c3_grm_std_uni,1,5.991446495056152,-5.018270492553711,1
Clemson_p034_c3_grm_std_uni,1,5.984213829040527,-4.989289283752441,1
Clemson_p034_c3_grm_std_uni,1,5.957945346832275,-4.933469772338867,1
Clemson_p034_c3_grm_std_uni,1,5.918243885040283,-4.869295597076416,1
Clemson_p034_c3_grm_std_uni,1,5.883615970611572,-4.829535484313965,1
Clemson_p034_c3_grm_std_uni,1,5.85950231552124,-4.822171211242676,1
Clemson_p034_c3_grm_std_uni,1,5.840024471282959,-4.838618278503418,1
Clemson_p034_c3_grm_std_uni,1,5.8070268630981445,-4.850998401641846,1
Clemson_p034_c3_grm_std_uni,1,5.773655414581299,-4.8549418449401855,1
Clemson_p034_c3_grm_std_uni,1,5.73953104019165,-4.846390247344971,1
Clemson_p034_c3_grm_std_uni,1,5.708158016204834,-4.831072807312012,1
Clemson_p034_c3_grm_std_uni,1,5.701864719390869,-4.8472089767456055,1
Clemson_p034_c3_grm_std_uni,1,5.7248311042785645,-4.888840198516846,1
Clemson_p034_c3_grm_std_uni,1,5.815064907073975,-4.958180904388428,1
Clemson_p034_c3_grm_std_uni,1,5.8862762451171875,-4.974916934967041,1
Clemson_p034_c3_grm_std_uni,1,5.879150867462158,-4.9185309410095215,1
Clemson_p034_c3_grm_std_uni,1,5.843203067779541,-4.852116584777832,1
Clemson_p034_c3_grm_std_uni,1,5.784834384918213,-4.783970355987549,1
Clemson_p034_c3_grm_std_uni,1,5.754197120666504,-4.765738010406494,1
Clemson_p034_c3_grm_std_uni,1,5.743086814880371,-4.7997026443481445,1
Clemson_p034_c3_grm_std_uni,1,5.753695011138916,-4.86228609085083,1
Clemson_p034_c3_grm_std_uni,1,5.7604851722717285,-4.894070625305176,1
Clemson_p034_c3_grm_std_uni,1,5.799405097961426,-4.938845634460449,1
Clemson_p034_c3_grm_std_uni,1,5.8938517570495605,-5.012160778045654,1
Clemson_p034_c3_grm_std_uni,1,5.967075824737549,-5.0514421463012695,1
Clemson_p034_c3_grm_std_uni,1,5.984657287597656,-5.044081211090088,1
Clemson_p034_c3_grm_std_uni,1,6.017963886260986,-5.046478271484375,1
Clemson_p034_c3_grm_std_uni,1,6.048573970794678,-5.038568019866943,1
Clemson_p034_c3_grm_std_uni,1,6.024991989135742,-4.987279415130615,1
Clemson_p034_c3_grm_std_uni,1,5.943209648132324,-4.899651050567627,1
Clemson_p034_c3_grm_std_uni,1,5.929079532623291,-4.898063659667969,1
Clemson_p034_c3_grm_std_uni,1,5.966347694396973,-4.955784320831299,1
Clemson_p034_c3_grm_std_uni,1,5.981456279754639,-4.984542369842529,1
Clemson_p034_c3_grm_std_uni,1,5.956802845001221,-4.9377851486206055,1
Clemson_p034_c3_grm_std_uni,1,5.871667385101318,-4.876311302185059,1
Clemson_p034_c3_grm_std_uni,1,5.843951225280762,-4.8046979904174805,1
Clemson_p034_c3_grm_std_uni,1,5.8460798263549805,-4.840125560760498,1
Clemson_p034_c3_grm_std_uni,1,5.866023063659668,-4.927404880523682,1
Clemson_p034_c3_grm_std_uni,1,5.875940799713135,-4.960855960845947,1
Clemson_p034_c3_grm_std_uni,1,5.8625288009643555,-4.929143905639648,1
Clemson_p034_c3_grm_std_uni,1,5.849023818969727,-4.8849053382873535,1
Clemson_p034_c3_grm_std_uni,1,5.7969651222229,-4.811405658721924,1
Clemson_p034_c3_grm_std_uni,1,5.771461486816406,-4.77506685256958,1
Clemson_p034_c3_grm_std_uni,1,5.748945236206055,-4.75886869430542,1
Clemson_p034_c3_grm_std_uni,1,5.7243123054504395,-4.761292457580566,1
Clemson_p034_c3_grm_std_uni,1,5.686002254486084,-4.766571521759033,1
Clemson_p034_c3_grm_std_uni,1,5.661004543304443,-4.771968364715576,1
Clemson_p034_c3_grm_std_uni,1,5.648702621459961,-4.775874614715576,1
Clemson_p034_c3_grm_std_uni,1,5.634488582611084,-4.77377986907959,1
Clemson_p034_c3_grm_std_uni,1,5.644043922424316,-4.803541660308838,1
Clemson_p034_c3_grm_std_uni,1,5.724161624908447,-4.893571376800537,1
Clemson_p034_c3_grm_std_uni,1,5.862504005432129,-5.0097880363464355,1
Clemson_p034_c3_grm_std_uni,1,5.961082458496094,-5.080873489379883,1
Clemson_p034_c3_grm_std_uni,1,6.030351638793945,-5.099041938781738,1
Clemson_p034_c3_grm_std_uni,1,6.0141777992248535,-5.0174241065979,1
Clemson_p034_c3_grm_std_uni,1,5.938856601715088,-4.888089179992676,1
Clemson_p034_c3_grm_std_uni,1,5.921278476715088,-4.821260452270508,1
Clemson_p034_c3_grm_std_uni,1,5.9187912940979,-4.799499988555908,1
Clemson_p034_c3_grm_std_uni,1,5.8634161949157715,-4.79915714263916,1
Clemson_p034_c3_grm_std_uni,1,5.833091735839844,-4.824070453643799,1
Clemson_p034_c3_grm_std_uni,1,5.822386264801025,-4.855347156524658,1
Clemson_p034_c3_grm_std_uni,1,5.803741931915283,-4.881907939910889,1
Clemson_p034_c3_grm_std_uni,1,5.803291320800781,-4.924997806549072,1
Clemson_p034_c3_grm_std_uni,1,5.820319652557373,-4.968222618103027,1
Clemson_p034_c3_grm_std_uni,1,5.875661849975586,-5.013287544250488,1
Clemson_p034_c3_grm_std_uni,1,5.934622764587402,-5.018036365509033,1
Clemson_p034_c3_grm_std_uni,1,5.946350574493408,-4.947700500488281,1
Clemson_p034_c3_grm_std_uni,1,5.840245246887207,-4.761889934539795,1
Clemson_p034_c3_grm_std_uni,1,5.913176536560059,-4.762838840484619,1
Clemson_p034_c3_grm_std_uni,1,5.962049961090088,-4.827692985534668,1
Clemson_p034_c3_grm_std_uni,1,5.936286449432373,-4.859557151794434,1
Clemson_p034_c3_grm_std_uni,1,5.937684535980225,-4.92609167098999,1
Clemson_p034_c3_grm_std_uni,1,5.975902080535889,-4.9973673820495605,1
Clemson_p034_c3_grm_std_uni,1,6.033364772796631,-5.067698001861572,1
Clemson_p034_c3_grm_std_uni,1,6.047355651855469,-5.1056227684021,1
Clemson_p034_c3_grm_std_uni,1,5.978523254394531,-5.0840911865234375,1
Clemson_p034_c3_grm_std_uni,1,5.903335094451904,-5.041874408721924,1
Clemson_p034_c3_grm_std_uni,1,5.869583606719971,-5.176579475402832,1
Clemson_p034_c3_grm_std_uni,1,5.4655022621154785,-4.447319984436035,1
Clemson_p034_c3_grm_std_uni,1,4.541707992553711,-3.558910608291626,1
Clemson_p034_c3_grm_std_uni,1,5.041874408721924,-4.049193382263184,1
Clemson_p034_c3_grm_std_uni,1,4.860777854919434,-4.269914150238037,1
Clemson_p034_c3_grm_std_uni,1,5.324133396148682,-4.56905460357666,1
Clemson_p034_c3_grm_std_uni,1,5.505631446838379,-5.304622173309326,1
Clemson_p034_c3_grm_std_uni,1,6.514610767364502,-6.2306342124938965,1
Clemson_p034_c3_grm_std_uni,1,6.874251842498779,-6.129817008972168,1
Clemson_p034_c3_grm_std_uni,1,7.208542823791504,-5.55047607421875,1
Clemson_p034_c3_grm_std_uni,1,7.547104835510254,-6.3658342361450195,1
Clemson_p034_c3_grm_std_uni,1,6.528014659881592,-6.261133193969727,1
Clemson_p034_c3_grm_std_uni,1,5.8286895751953125,-5.872319221496582,1
Clemson_p034_c3_grm_std_uni,1,4.602067470550537,-4.66386604309082,1
Clemson_p034_c3_grm_std_uni,1,4.338351249694824,-3.281447172164917,1
Clemson_p034_c3_grm_std_uni,1,5.158373832702637,-5.10709810256958,1
Clemson_p034_c3_grm_std_uni,1,6.022025108337402,-6.297227382659912,1
Clemson_p034_c3_grm_std_uni,1,6.370239734649658,-6.172543525695801,1
Clemson_p034_c3_grm_std_uni,1,6.645001411437988,-5.586194038391113,1
Clemson_p034_c3_grm_std_uni,1,6.785048484802246,-5.504500865936279,1
Clemson_p034_c3_grm_std_uni,1,6.638938903808594,-5.461662769317627,1
Clemson_p034_c3_grm_std_uni,1,6.401950359344482,-5.786174297332764,1
Clemson_p034_c3_grm_std_uni,1,5.707100868225098,-5.591306686401367,1
Clemson_p034_c3_grm_std_uni,1,5.679755210876465,-5.1053056716918945,1
Clemson_p034_c3_grm_std_uni,1,5.525155544281006,-4.839452743530273,1
Clemson_p034_c3_grm_std_uni,1,5.60322904586792,-4.935825824737549,1
Clemson_p034_c3_grm_std_uni,1,5.947106838226318,-5.261875629425049,1
Clemson_p034_c3_grm_std_uni,1,6.3369059562683105,-5.453129768371582,1
Clemson_p034_c3_grm_std_uni,1,6.446423053741455,-5.214946269989014,1
Clemson_p034_c3_grm_std_uni,1,6.095330238342285,-4.322718143463135,1
Clemson_p034_c3_grm_std_uni,1,6.098207950592041,-4.165294170379639,1
Clemson_p034_c3_grm_std_uni,1,5.718009948730469,-4.074374675750732,1
Clemson_p034_c3_grm_std_uni,1,5.689593315124512,-4.525805473327637,1
Clemson_p034_c3_grm_std_uni,1,5.679346561431885,-4.704133033752441,1
Clemson_p034_c3_grm_std_uni,1,6.030357360839844,-4.968924045562744,1
Clemson_p034_c3_grm_std_uni,1,6.063261032104492,-4.916900157928467,1
Clemson_p034_c3_grm_std_uni,1,6.097426891326904,-4.6645989418029785,1
Clemson_p034_c3_grm_std_uni,1,6.0667853355407715,-4.544464111328125,1
Clemson_p034_c3_grm_std_uni,1,5.9169840812683105,-4.05097770690918,1
Clemson_p034_c3_grm_std_uni,1,6.278883934020996,-4.061983585357666,1
Clemson_p034_c3_grm_std_uni,1,5.843746662139893,-4.279819011688232,1
Clemson_p034_c3_grm_std_uni,1,6.531247615814209,-5.01181697845459,1
Clemson_p034_c3_grm_std_uni,1,6.5026164054870605,-4.775179862976074,1
Clemson_p034_c3_grm_std_uni,1,6.181234359741211,-4.529796123504639,1
Clemson_p034_c3_grm_std_uni,1,5.989508152008057,-4.6664204597473145,1
Clemson_p034_c3_grm_std_uni,1,5.946688175201416,-4.7817535400390625,1
Clemson_p034_c3_grm_std_uni,1,5.987582206726074,-4.8368096351623535,1
Clemson_p034_c3_grm_std_uni,1,6.149725914001465,-4.820040702819824,1
Clemson_p034_c3_grm_std_uni,1,6.533251762390137,-5.14456844329834,1
Clemson_p034_c3_grm_std_uni,1,6.470387935638428,-4.9616007804870605,1
Clemson_p034_c3_grm_std_uni,1,6.6257500648498535,-4.8143768310546875,1
Clemson_p034_c3_grm_std_uni,1,6.664548397064209,-4.241879463195801,1
Clemson_p034_c3_grm_std_uni,1,6.999063014984131,-4.227049827575684,1
Clemson_p034_c3_grm_std_uni,1,7.529838562011719,-4.609705924987793,1
Clemson_p034_c3_grm_std_uni,1,7.709078311920166,-5.178897380828857,1
Clemson_p034_c3_grm_std_uni,1,7.778756618499756,-5.455659866333008,1
Clemson_p034_c3_grm_std_uni,1,7.462321758270264,-5.114404201507568,1
Clemson_p034_c3_grm_std_uni,1,6.992796421051025,-4.758479595184326,1
Clemson_p034_c3_grm_std_uni,1,7.97741174697876,-5.5946550369262695,1
Clemson_p034_c3_grm_std_uni,1,8.167789459228516,-5.843679428100586,1
Clemson_p034_c3_grm_std_uni,1,7.26503849029541,-4.973458290100098,1
Clemson_p034_c3_grm_std_uni,1,6.715789794921875,-4.629615306854248,1
Clemson_p034_c3_grm_std_uni,1,6.11484956741333,-4.162054061889648,1
Clemson_p034_c3_grm_std_uni,1,5.568345546722412,-4.2546186447143555,1
Clemson_p034_c3_grm_std_uni,1,4.952377796173096,-3.972179412841797,1
Clemson_p034_c3_grm_std_uni,1,4.563464164733887,-3.286766767501831,1
Clemson_p034_c3_grm_std_uni,1,5.12711238861084,-3.985482692718506,1
Clemson_p034_c3_grm_std_uni,1,6.584494590759277,-6.0467658042907715,1
Clemson_p034_c3_grm_std_uni,1,7.114256858825684,-6.9144062995910645,1
Clemson_p034_c3_grm_std_uni,1,6.889261245727539,-6.472090244293213,1
Clemson_p034_c3_grm_std_uni,1,6.649619102478027,-6.114121437072754,1
Clemson_p034_c3_grm_std_uni,1,6.781287670135498,-6.063156604766846,1
Clemson_p034_c3_grm_std_uni,1,6.843658447265625,-5.920239448547363,1
Clemson_p034_c3_grm_std_uni,1,6.048609733581543,-5.2063117027282715,1
Clemson_p034_c3_grm_std_uni,1,5.861505031585693,-5.571948528289795,1
Clemson_p034_c3_grm_std_uni,1,6.504185676574707,-6.37187385559082,1
Clemson_p034_c3_grm_std_uni,1,7.904921531677246,-7.102427959442139,1
Clemson_p034_c3_grm_std_uni,1,8.34946346282959,-6.946014881134033,1
Clemson_p034_c3_grm_std_uni,1,6.357420444488525,-5.40960168838501,1
Clemson_p034_c3_grm_std_uni,1,3.7847063541412354,-3.4030332565307617,1
Clemson_p034_c3_grm_std_uni,1,3.4197998046875,-3.1069233417510986,1
Clemson_p034_c3_grm_std_uni,1,4.763183116912842,-4.200768947601318,1
Clemson_p034_c3_grm_std_uni,1,5.511457443237305,-5.027283191680908,1
Clemson_p034_c3_grm_std_uni,1,5.551604270935059,-4.831103801727295,1
Clemson_p034_c3_grm_std_uni,1,5.593297958374023,-4.898514747619629,1
Clemson_p034_c3_grm_std_uni,1,5.386868000030518,-4.530068874359131,1
Clemson_p034_c3_grm_std_uni,1,4.968075752258301,-4.119944095611572,1
Clemson_p034_c3_grm_std_uni,1,5.183032035827637,-4.48962926864624,1
Clemson_p034_c3_grm_std_uni,1,5.512235164642334,-5.42785120010376,1
Clemson_p034_c3_grm_std_uni,1,5.539703845977783,-5.870066165924072,1
Clemson_p034_c3_grm_std_uni,1,5.106944561004639,-5.309478282928467,1
Clemson_p034_c3_grm_std_uni,1,4.172856330871582,-4.544618129730225,1
Clemson_p034_c3_grm_std_uni,1,5.048324108123779,-4.9453229904174805,1
Clemson_p034_c3_grm_std_uni,1,4.671705722808838,-4.8640007972717285,1
Clemson_p034_c3_grm_std_uni,1,5.589223384857178,-5.664146423339844,1
Clemson_p034_c3_grm_std_uni,1,6.039743900299072,-5.830605506896973,1
Clemson_p034_c3_grm_std_uni,1,6.252950191497803,-5.65744686126709,1
Clemson_p034_c3_grm_std_uni,1,6.539571285247803,-5.490386962890625,1
Clemson_p034_c3_grm_std_uni,1,6.941548824310303,-5.26072883605957,1
Clemson_p034_c3_grm_std_uni,1,7.867177486419678,-5.3662495613098145,1
Clemson_p034_c3_grm_std_uni,1,8.092212677001953,-6.205417156219482,1
Clemson_p034_c3_grm_std_uni,1,7.5727081298828125,-6.525899887084961,1
Clemson_p034_c3_grm_std_uni,1,7.407472610473633,-6.859808444976807,1
Clemson_p034_c3_grm_std_uni,1,7.0065460205078125,-6.797938346862793,1
Clemson_p034_c3_grm_std_uni,1,6.919049263000488,-6.5452423095703125,1
Clemson_p034_c3_grm_std_uni,1,7.124455451965332,-6.525111675262451,1
Clemson_p034_c3_grm_std_uni,1,7.150293827056885,-6.2087082862854,1
Clemson_p034_c3_grm_std_uni,1,7.050091743469238,-5.834163188934326,1
Clemson_p034_c3_grm_std_uni,1,6.93970251083374,-5.618165969848633,1
Clemson_p034_c3_grm_std_uni,1,6.48699951171875,-5.500199317932129,1
Clemson_p034_c3_grm_std_uni,1,6.7633209228515625,-5.924812316894531,1
Clemson_p034_c3_grm_std_uni,1,5.3543171882629395,-4.753401756286621,1
Clemson_p034_c3_grm_std_uni,1,4.271999835968018,-3.4548709392547607,1
Clemson_p034_c3_grm_std_uni,1,3.958076238632202,-2.757014513015747,1
Clemson_p034_c3_grm_std_uni,1,4.912817001342773,-3.590009927749634,1
Clemson_p034_c3_grm_std_uni,1,5.24672269821167,-4.4045538902282715,1
Clemson_p034_c3_grm_std_uni,1,5.134095668792725,-4.507058143615723,1
Clemson_p034_c3_grm_std_uni,1,5.07460880279541,-4.278473854064941,1
Clemson_p034_c3_grm_std_uni,1,5.022928714752197,-4.0472331047058105,1
Clemson_p034_c3_grm_std_uni,1,5.620092391967773,-4.370035648345947,1
Clemson_p034_c3_grm_std_uni,1,5.877559185028076,-4.752990245819092,1
Clemson_p034_c3_grm_std_uni,1,5.948020935058594,-5.084819316864014,1
Clemson_p034_c3_grm_std_uni,1,5.610279560089111,-4.900004863739014,1
Clemson_p034_c3_grm_std_uni,1,5.851952075958252,-5.033524990081787,1
Clemson_p034_c3_grm_std_uni,1,6.2005085945129395,-5.1634135246276855,1
Clemson_p034_c3_grm_std_uni,1,6.695254802703857,-5.5634942054748535,1
Clemson_p034_c3_grm_std_uni,1,7.194857597351074,-5.734492301940918,1
Clemson_p034_c3_grm_std_uni,1,7.803780555725098,-5.310610294342041,1
Clemson_p034_c3_grm_std_uni,1,7.472045421600342,-4.73400354385376,1
Clemson_p034_c3_grm_std_uni,1,6.1773810386657715,-4.027352333068848,1
Clemson_p034_c3_grm_std_uni,1,5.582093715667725,-4.139862537384033,1
Clemson_p034_c3_grm_std_uni,1,5.738032341003418,-4.344390869140625,1
Clemson_p034_c3_grm_std_uni,1,5.849156379699707,-4.286293029785156,1
Clemson_p034_c3_grm_std_uni,1,6.570502758026123,-4.833749294281006,1
Clemson_p034_c3_grm_std_uni,1,7.641735553741455,-5.442317008972168,1
Clemson_p034_c3_grm_std_uni,1,5.625559329986572,-3.977985143661499,1
Clemson_p034_c3_grm_std_uni,1,4.880309581756592,-2.597426652908325,1
Clemson_p034_c3_grm_std_uni,1,6.295663833618164,-3.241384267807007,1
Clemson_p034_c3_grm_std_uni,1,7.1263957023620605,-4.213872909545898,1
Clemson_p034_c3_grm_std_uni,1,7.530863285064697,-5.638865947723389,1
Clemson_p034_c3_grm_std_uni,1,6.269086837768555,-5.828494071960449,1
Clemson_p034_c3_grm_std_uni,1,5.490295886993408,-5.619450092315674,1
Clemson_p034_c3_grm_std_uni,1,5.234145641326904,-5.205580711364746,1
Clemson_p034_c3_grm_std_uni,1,2.8572494983673096,-3.183319091796875,1
Clemson_p034_c3_grm_std_uni,1,2.1914236545562744,-1.5013188123703003,1
Clemson_p034_c3_grm_std_uni,1,3.563385486602783,-2.549961805343628,1
Clemson_p034_c3_grm_std_uni,1,4.996066093444824,-3.939544916152954,1
Clemson_p034_c3_grm_std_uni,1,5.984513282775879,-5.254443168640137,1
Clemson_p034_c3_grm_std_uni,1,6.187666893005371,-5.781045436859131,1
Clemson_p034_c3_grm_std_uni,1,6.223046779632568,-5.688548564910889,1
Clemson_p034_c3_grm_std_uni,1,5.372293472290039,-4.67738676071167,1
Clemson_p034_c3_grm_std_uni,1,3.8423357009887695,-3.446540117263794,1
Clemson_p034_c3_grm_std_uni,1,3.279266834259033,-3.0031349658966064,1
Clemson_p034_c3_grm_std_uni,1,2.6297714710235596,-2.077615261077881,1
Clemson_p034_c3_grm_std_uni,1,3.1015069484710693,-2.4172589778900146,1
Clemson_p034_c3_grm_std_uni,1,3.514853000640869,-2.8563570976257324,1
Clemson_p034_c3_grm_std_uni,1,3.4872846603393555,-3.0425705909729004,1
Clemson_p034_c3_grm_std_uni,1,4.481286525726318,-4.21081018447876,1
Clemson_p034_c3_grm_std_uni,1,5.980956077575684,-5.616599082946777,1
Clemson_p034_c3_grm_std_uni,1,6.096070289611816,-6.071119785308838,1
Clemson_p034_c3_grm_std_uni,1,7.123276710510254,-6.210832595825195,1
Clemson_p034_c3_grm_std_uni,1,7.481333255767822,-6.235526084899902,1
Clemson_p034_c3_grm_std_uni,1,7.030594348907471,-5.859168529510498,1
Clemson_p034_c3_grm_std_uni,1,5.761184215545654,-5.3304219245910645,1
Clemson_p034_c3_grm_std_uni,1,4.539809703826904,-4.466526985168457,1
Clemson_p034_c3_grm_std_uni,1,4.612372398376465,-4.479522705078125,1
Clemson_p034_c3_grm_std_uni,1,6.134524822235107,-5.712264537811279,1
Clemson_p034_c3_grm_std_uni,1,6.933030128479004,-6.16454553604126,1
Clemson_p034_c3_grm_std_uni,1,7.316854476928711,-6.30933141708374,1
Clemson_p034_c3_grm_std_uni,1,6.633241176605225,-5.642794609069824,1
Clemson_p034_c3_grm_std_uni,1,7.177720069885254,-6.1528425216674805,1
Clemson_p034_c3_grm_std_uni,1,7.192037105560303,-6.307765483856201,1
Clemson_p034_c3_grm_std_uni,1,7.030215740203857,-6.222938060760498,1
Clemson_p034_c3_grm_std_uni,1,6.809605121612549,-6.121015548706055,1
Clemson_p034_c3_grm_std_uni,1,6.006718158721924,-5.555731773376465,1
Clemson_p034_c3_grm_std_uni,1,5.782278537750244,-5.6170125007629395,1
Clemson_p034_c3_grm_std_uni,1,6.27602481842041,-6.261728286743164,1
Clemson_p034_c3_grm_std_uni,1,6.051714897155762,-5.990645885467529,1
Clemson_p034_c3_grm_std_uni,1,5.122845649719238,-5.080214977264404,1
Clemson_p034_c3_grm_std_uni,1,4.467106819152832,-3.891678810119629,1
Clemson_p034_c3_grm_std_uni,1,5.827863693237305,-5.0091094970703125,1
Clemson_p034_c3_grm_std_uni,1,5.551956653594971,-4.96537446975708,1
Clemson_p034_c3_grm_std_uni,1,5.772811412811279,-5.643677711486816,1
Clemson_p034_c3_grm_std_uni,1,7.354655742645264,-6.9417643547058105,1
Clemson_p034_c3_grm_std_uni,1,7.714886665344238,-7.122936725616455,1
Clemson_p034_c3_grm_std_uni,1,5.515584468841553,-5.090706825256348,1
Clemson_p034_c3_grm_std_uni,1,2.8896758556365967,-2.7332727909088135,1
Clemson_p034_c3_grm_std_uni,1,3.082597017288208,-2.473525047302246,1
Clemson_p034_c3_grm_std_uni,1,5.276731967926025,-4.829839706420898,1
Clemson_p034_c3_grm_std_uni,1,6.618885517120361,-6.296902179718018,1
Clemson_p034_c3_grm_std_uni,1,7.448052883148193,-6.904553413391113,1
Clemson_p034_c3_grm_std_uni,1,7.6029229164123535,-6.6181464195251465,1
Clemson_p034_c3_grm_std_uni,1,8.01982307434082,-6.2690887451171875,1
Clemson_p034_c3_grm_std_uni,1,7.772292137145996,-6.419013023376465,1
Clemson_p034_c3_grm_std_uni,1,7.612710952758789,-6.436611652374268,1
Clemson_p034_c3_grm_std_uni,1,7.831694602966309,-6.671429634094238,1
Clemson_p034_c3_grm_std_uni,1,8.224328994750977,-7.213851451873779,1
Clemson_p034_c3_grm_std_uni,1,8.142239570617676,-7.458807945251465,1
Clemson_p034_c3_grm_std_uni,1,7.702608585357666,-7.30386209487915,1
Clemson_p034_c3_grm_std_uni,1,7.153741836547852,-6.9567108154296875,1
Clemson_p034_c3_grm_std_uni,1,6.596913814544678,-6.682378768920898,1
Clemson_p034_c3_grm_std_uni,1,6.195334434509277,-6.271341323852539,1
Clemson_p034_c3_grm_std_uni,1,6.067504405975342,-6.017430782318115,1
Clemson_p034_c3_grm_std_uni,1,5.798213005065918,-5.696103096008301,1
Clemson_p034_c3_grm_std_uni,1,5.690825462341309,-5.5660719871521,1
Clemson_p034_c3_grm_std_uni,1,5.5025835037231445,-5.596344947814941,1
Clemson_p034_c3_grm_std_uni,1,5.485327243804932,-5.512724876403809,1
Clemson_p034_c3_grm_std_uni,1,5.64292573928833,-5.433466911315918,1
Clemson_p034_c3_grm_std_uni,1,5.8007426261901855,-5.528872013092041,1
Clemson_p034_c3_grm_std_uni,1,5.45913028717041,-5.5053019523620605,1
Clemson_p034_c3_grm_std_uni,1,5.19253396987915,-5.356768608093262,1
Clemson_p034_c3_grm_std_uni,1,5.830199241638184,-5.67173957824707,1
Clemson_p034_c3_grm_std_uni,1,6.1895341873168945,-5.938634395599365,1
Clemson_p034_c3_grm_std_uni,1,6.0613017082214355,-5.394115924835205,1
Clemson_p034_c3_grm_std_uni,1,5.591881275177002,-4.793371200561523,1
Clemson_p034_c3_grm_std_uni,1,5.686173439025879,-4.85316801071167,1
Clemson_p034_c3_grm_std_uni,1,6.383891582489014,-5.602991580963135,1
Clemson_p034_c3_grm_std_uni,1,6.5391950607299805,-5.570700168609619,1
Clemson_p034_c3_grm_std_uni,1,6.095132350921631,-5.1860456466674805,1
Clemson_p034_c3_grm_std_uni,1,5.543095588684082,-4.641279220581055,1
Clemson_p034_c3_grm_std_uni,1,5.148261547088623,-4.332129955291748,1
Clemson_p034_c3_grm_std_uni,1,4.689395427703857,-4.428338050842285,1
Clemson_p034_c3_grm_std_uni,1,4.096299648284912,-4.076441764831543,1
Clemson_p034_c3_grm_std_uni,1,4.458204746246338,-4.098913192749023,1
Clemson_p034_c3_grm_std_uni,1,4.56101655960083,-4.37415885925293,1
Clemson_p034_c3_grm_std_uni,1,4.827475070953369,-4.85841178894043,1
Clemson_p034_c3_grm_std_uni,1,4.751991271972656,-5.0493597984313965,1
Clemson_p034_c3_grm_std_uni,1,4.208347797393799,-4.8654890060424805,1
Clemson_p034_c3_grm_std_uni,1,3.9238409996032715,-4.734255313873291,1
Clemson_p034_c3_grm_std_uni,1,4.317636966705322,-5.078258037567139,1
Clemson_p034_c3_grm_std_uni,1,4.384766101837158,-5.3021650314331055,1
Clemson_p034_c3_grm_std_uni,1,4.573146343231201,-5.549112319946289,1
Clemson_p034_c3_grm_std_uni,1,4.77754020690918,-5.572033882141113,1
Clemson_p034_c3_grm_std_uni,1,5.092134475708008,-5.532839298248291,1
Clemson_p034_c3_grm_std_uni,1,5.297341823577881,-5.3465728759765625,1
Clemson_p034_c3_grm_std_uni,1,5.775015354156494,-5.406307697296143,1
Clemson_p034_c3_grm_std_uni,1,5.908010005950928,-5.265198707580566,1
Clemson_p034_c3_grm_std_uni,1,6.063639163970947,-5.281257152557373,1
Clemson_p034_c3_grm_std_uni,1,5.98426628112793,-5.2610273361206055,1
Clemson_p034_c3_grm_std_uni,1,5.877227306365967,-5.232354640960693,1
Clemson_p034_c3_grm_std_uni,1,5.776993751525879,-5.155333518981934,1
Clemson_p034_c3_grm_std_uni,1,5.681623458862305,-5.085916519165039,1
Clemson_p034_c3_grm_std_uni,1,5.780741214752197,-5.124049663543701,1
Clemson_p034_c3_grm_std_uni,1,6.264681339263916,-5.502657890319824,1
Clemson_p034_c3_grm_std_uni,1,6.134650230407715,-5.301539421081543,1
Clemson_p034_c3_grm_std_uni,1,6.104047775268555,-5.287453651428223,1
Clemson_p034_c3_grm_std_uni,1,6.071402072906494,-5.293882846832275,1
Clemson_p034_c3_grm_std_uni,1,6.062373161315918,-5.254898548126221,1
Clemson_p034_c3_grm_std_uni,1,6.056521415710449,-5.224232196807861,1
Clemson_p034_c3_grm_std_uni,1,6.040891647338867,-5.110551357269287,1
Clemson_p034_c3_grm_std_uni,1,6.014291286468506,-5.075129985809326,1
Clemson_p034_c3_grm_std_uni,1,6.079836845397949,-5.131242752075195,1
Clemson_p034_c3_grm_std_uni,1,6.10699987411499,-5.182600021362305,1
Clemson_p034_c3_grm_std_uni,1,6.055105209350586,-5.090936183929443,1
Clemson_p034_c3_grm_std_uni,1,5.802711486816406,-4.821522235870361,1
Clemson_p034_c3_grm_std_uni,1,5.582574367523193,-4.600027561187744,1
Clemson_p034_c3_grm_std_uni,1,5.288973331451416,-4.202394485473633,1
Clemson_p034_c3_grm_std_uni,1,5.886336803436279,-4.253050327301025,1
Clemson_p034_c3_grm_std_uni,1,6.66602087020874,-4.6708478927612305,1
Clemson_p034_c3_grm_std_uni,1,7.065155506134033,-4.932855606079102,1
Clemson_p034_c3_grm_std_uni,1,7.182065010070801,-5.2427544593811035,1
Clemson_p034_c3_grm_std_uni,1,7.311262130737305,-5.603400707244873,1
Clemson_p034_c3_grm_std_uni,1,7.362105846405029,-5.700343132019043,1
Clemson_p034_c3_grm_std_uni,1,7.322757244110107,-5.767571449279785,1
Clemson_p034_c3_grm_std_uni,1,7.247367858886719,-5.723892688751221,1
Clemson_p034_c3_grm_std_uni,1,7.189774990081787,-5.713781833648682,1
Clemson_p034_c3_grm_std_uni,1,7.196744441986084,-5.737054347991943,1
Clemson_p034_c3_grm_std_uni,1,7.181619644165039,-5.74809455871582,1
Clemson_p034_c3_grm_std_uni,1,7.181399345397949,-5.74939489364624,1
Clemson_p034_c3_grm_std_uni,1,7.204447269439697,-5.7805681228637695,1
Clemson_p034_c3_grm_std_uni,1,7.205029487609863,-5.782336711883545,1
Clemson_p034_c3_grm_std_uni,1,7.115556716918945,-5.718231678009033,1
Clemson_p034_c3_grm_std_uni,1,7.065315246582031,-5.6744160652160645,1
Clemson_p034_c3_grm_std_uni,1,7.0767388343811035,-5.7246599197387695,1
Clemson_p034_c3_grm_std_uni,1,7.0648674964904785,-5.714966297149658,1
Clemson_p034_c3_grm_std_uni,1,7.105835914611816,-5.756582736968994,1
Clemson_p034_c3_grm_std_uni,1,7.201495170593262,-5.79741907119751,1
Clemson_p034_c3_grm_std_uni,1,7.3260817527771,-5.79945182800293,1
Clemson_p034_c3_grm_std_uni,1,7.227623462677002,-5.609054088592529,1
Clemson_p034_c3_grm_std_uni,1,7.2032599449157715,-5.64154577255249,1
Clemson_p034_c3_grm_std_uni,1,7.141232490539551,-5.657720565795898,1
Clemson_p034_c3_grm_std_uni,1,7.041616439819336,-5.6511640548706055,1
Clemson_p034_c3_grm_std_uni,1,7.008596897125244,-5.683469295501709,1
Clemson_p034_c3_grm_std_uni,1,7.009770393371582,-5.708643436431885,1
Clemson_p034_c3_grm_std_uni,1,6.989644527435303,-5.694930076599121,1
Clemson_p034_c3_grm_std_uni,1,6.997467994689941,-5.711765766143799,1
Clemson_p034_c3_grm_std_uni,1,7.032223224639893,-5.743090629577637,1
Clemson_p034_c3_grm_std_uni,1,7.0431904792785645,-5.762358665466309,1
Clemson_p034_c3_grm_std_uni,1,7.065748691558838,-5.758018970489502,1
Clemson_p034_c3_grm_std_uni,1,7.062653541564941,-5.682737827301025,1
Clemson_p034_c3_grm_std_uni,1,6.88661003112793,-5.415655612945557,1
Clemson_p034_c3_grm_std_uni,1,6.5901031494140625,-5.071062088012695,1
Clemson_p034_c3_grm_std_uni,1,6.474498271942139,-4.8203206062316895,1
Clemson_p034_c3_grm_std_uni,1,6.591985702514648,-4.60464334487915,1
Clemson_p034_c3_grm_std_uni,1,6.708219051361084,-4.519900798797607,1
Clemson_p034_c3_grm_std_uni,1,7.030251502990723,-4.799955368041992,1
Clemson_p034_c3_grm_std_uni,1,7.004414081573486,-4.772550106048584,1
Clemson_p034_c3_grm_std_uni,1,6.864269733428955,-4.740194320678711,1
Clemson_p034_c3_grm_std_uni,1,6.913363456726074,-5.012908458709717,1
Clemson_p034_c3_grm_std_uni,1,7.133053302764893,-5.299593925476074,1
Clemson_p034_c3_grm_std_uni,1,7.05003547668457,-5.233067035675049,1
Clemson_p034_c3_grm_std_uni,1,6.860310077667236,-4.846654891967773,1
Clemson_p034_c3_grm_std_uni,1,6.298937797546387,-4.293524265289307,1
Clemson_p034_c3_grm_std_uni,1,6.091476917266846,-4.219404220581055,1
Clemson_p034_c3_grm_std_uni,1,6.5682692527771,-4.540539264678955,1
Clemson_p034_c3_grm_std_uni,1,7.040852069854736,-4.929343223571777,1
Clemson_p034_c3_grm_std_uni,1,7.088624954223633,-5.2187018394470215,1
Clemson_p034_c3_grm_std_uni,1,6.873405456542969,-5.179774761199951,1
Clemson_p034_c3_grm_std_uni,1,6.770656108856201,-5.0470123291015625,1
Clemson_p034_c3_grm_std_uni,1,6.471397876739502,-4.82125997543335,1
Clemson_p034_c3_grm_std_uni,1,6.764204025268555,-4.9236955642700195,1
Clemson_p034_c3_grm_std_uni,1,7.365426540374756,-5.352265357971191,1
Clemson_p034_c3_grm_std_uni,1,6.472619533538818,-4.570298194885254,1
Clemson_p034_c3_grm_std_uni,1,6.182639122009277,-4.264921188354492,1
Clemson_p034_c3_grm_std_uni,1,5.612931251525879,-3.948167324066162,1
Clemson_p034_c3_grm_std_uni,1,6.258088111877441,-5.020186901092529,1
Clemson_p034_c3_grm_std_uni,1,6.3978190422058105,-5.690474033355713,1
Clemson_p034_c3_grm_std_uni,1,5.529520034790039,-4.688194751739502,1
Clemson_p034_c3_grm_std_uni,1,5.348519325256348,-3.9137072563171387,1
Clemson_p034_c3_grm_std_uni,1,4.912326335906982,-3.74615740776062,1
Clemson_p034_c3_grm_std_uni,1,4.634321689605713,-3.7464523315429688,1
Clemson_p034_c3_grm_std_uni,1,4.835124492645264,-4.026082515716553,1
Clemson_p034_c3_grm_std_uni,1,5.130913257598877,-4.45662260055542,1
Clemson_p034_c3_grm_std_uni,1,5.754849433898926,-5.2572431564331055,1
Clemson_p034_c3_grm_std_uni,1,6.0232439041137695,-5.503657341003418,1
Clemson_p034_c3_grm_std_uni,1,6.4687347412109375,-5.596377849578857,1
Clemson_p034_c3_grm_std_uni,1,7.304541110992432,-5.527629375457764,1
Clemson_p034_c3_grm_std_uni,1,6.795497417449951,-5.807989597320557,1
Clemson_p034_c3_grm_std_uni,1,6.2318034172058105,-5.4949846267700195,1
Clemson_p034_c3_grm_std_uni,1,6.174689292907715,-5.549661159515381,1
Clemson_p034_c3_grm_std_uni,1,6.216638565063477,-5.483903408050537,1
Clemson_p034_c3_grm_std_uni,1,5.985978603363037,-5.121089458465576,1
Clemson_p034_c3_grm_std_uni,1,5.826593399047852,-4.958825588226318,1
Clemson_p034_c3_grm_std_uni,1,5.832902431488037,-4.8412604331970215,1
Clemson_p034_c3_grm_std_uni,1,5.16879415512085,-4.003692150115967,1
Clemson_p034_c3_grm_std_uni,1,5.910102844238281,-4.507197380065918,1
Clemson_p034_c3_grm_std_uni,1,6.543049335479736,-5.10610294342041,1
Clemson_p034_c3_grm_std_uni,1,6.466889381408691,-5.087548732757568,1
Clemson_p034_c3_grm_std_uni,1,6.3938517570495605,-5.032045841217041,1
Clemson_p034_c3_grm_std_uni,1,6.3119988441467285,-4.843902111053467,1
Clemson_p034_c3_grm_std_uni,1,6.234227657318115,-4.737517833709717,1
Clemson_p034_c3_grm_std_uni,1,5.792238235473633,-4.302006721496582,1
Clemson_p034_c3_grm_std_uni,1,4.283684730529785,-3.1766443252563477,1
Clemson_p034_c3_grm_std_uni,1,2.476029396057129,-2.0739376544952393,1
Clemson_p034_c3_grm_std_uni,1,2.604809045791626,-1.5402426719665527,1
Clemson_p034_c3_grm_std_uni,1,3.5839879512786865,-1.9723155498504639,1
Clemson_p034_c3_grm_std_uni,1,5.117578029632568,-3.862619161605835,1
Clemson_p034_c3_grm_std_uni,1,5.958128929138184,-4.892725944519043,1
Clemson_p034_c3_grm_std_uni,1,6.273317813873291,-5.198094844818115,1
Clemson_p034_c3_grm_std_uni,1,6.937498569488525,-5.605016231536865,1
Clemson_p034_c3_grm_std_uni,1,7.125953197479248,-5.796955585479736,1
Clemson_p034_c3_grm_std_uni,1,6.312163829803467,-4.241478443145752,1
Clemson_p034_c3_grm_std_uni,1,6.547001838684082,-4.599118232727051,1
Clemson_p034_c3_grm_std_uni,1,7.471357345581055,-5.602639198303223,1
Clemson_p034_c3_grm_std_uni,1,7.439025402069092,-5.731192588806152,1
Clemson_p034_c3_grm_std_uni,1,7.368293762207031,-5.76650857925415,1
Clemson_p034_c3_grm_std_uni,1,7.080934524536133,-5.485128879547119,1
Clemson_p034_c3_grm_std_uni,1,6.855230331420898,-5.524986743927002,1
Clemson_p034_c3_grm_std_uni,1,6.523196697235107,-5.467223644256592,1
Clemson_p034_c3_grm_std_uni,1,6.049567699432373,-5.066883563995361,1
Clemson_p034_c3_grm_std_uni,1,5.883306980133057,-4.779526233673096,1
Clemson_p034_c3_grm_std_uni,1,6.183891773223877,-4.861433506011963,1
Clemson_p034_c3_grm_std_uni,1,6.177578926086426,-4.955229759216309,1
Clemson_p034_c3_grm_std_uni,1,6.2299723625183105,-5.15582275390625,1
Clemson_p034_c3_grm_std_uni,1,6.4209370613098145,-5.3995280265808105,1
Clemson_p034_c3_grm_std_uni,1,6.681666374206543,-5.567376136779785,1
Clemson_p034_c3_grm_std_uni,1,6.862022399902344,-5.656521320343018,1
Clemson_p034_c3_grm_std_uni,1,6.9754252433776855,-5.67633056640625,1
Clemson_p034_c3_grm_std_uni,1,7.00497579574585,-5.6199235916137695,1
Clemson_p034_c3_grm_std_uni,1,6.9787163734436035,-5.603879451751709,1
Clemson_p034_c3_grm_std_uni,1,6.919081211090088,-5.60398006439209,1
Clemson_p034_c3_grm_std_uni,1,6.902261257171631,-5.609785556793213,1
Clemson_p034_c3_grm_std_uni,1,6.912038326263428,-5.60860013961792,1
Clemson_p034_c3_grm_std_uni,1,6.960265159606934,-5.61973237991333,1
Clemson_p034_c3_grm_std_uni,1,6.973866939544678,-5.588007926940918,1
Clemson_p034_c3_grm_std_uni,1,6.959054470062256,-5.611701965332031,1
Clemson_p034_c3_grm_std_uni,1,6.739111423492432,-5.618425369262695,1
Clemson_p034_c3_grm_std_uni,1,6.080504417419434,-5.110503673553467,1
Clemson_p034_c3_grm_std_uni,1,5.110262393951416,-3.4685935974121094,1
Clemson_p034_c3_grm_std_uni,1,4.926178932189941,-3.344269275665283,1
Clemson_p034_c3_grm_std_uni,1,5.268373966217041,-4.347901821136475,1
Clemson_p034_c3_grm_std_uni,1,5.12697696685791,-4.537400722503662,1
Clemson_p034_c3_grm_std_uni,1,4.5340800285339355,-4.104748249053955,1
Clemson_p034_c3_grm_std_uni,1,4.707498073577881,-4.272810935974121,1
Clemson_p034_c3_grm_std_uni,1,4.894155979156494,-4.3676323890686035,1
Clemson_p034_c3_grm_std_uni,1,5.385736465454102,-4.770952224731445,1
Clemson_p034_c3_grm_std_uni,1,6.046149730682373,-5.47965669631958,1
Clemson_p034_c3_grm_std_uni,1,6.18897819519043,-5.69342041015625,1
Clemson_p034_c3_grm_std_uni,1,6.139085292816162,-5.350457191467285,1
Clemson_p034_c3_grm_std_uni,1,5.827761173248291,-4.52387809753418,1
Clemson_p034_c3_grm_std_uni,1,6.222521781921387,-4.064732551574707,1
Clemson_p034_c3_grm_std_uni,1,6.824995040893555,-4.746725559234619,1
Clemson_p034_c3_grm_std_uni,1,5.580198287963867,-3.5737435817718506,1
Clemson_p034_c3_grm_std_uni,1,4.9711737632751465,-2.5304696559906006,1
Clemson_p034_c3_grm_std_uni,1,4.800868511199951,-3.620154857635498,1
Clemson_p034_c3_grm_std_uni,1,5.266687870025635,-3.778834819793701,1
Clemson_p034_c3_grm_std_uni,1,5.389665603637695,-4.18070650100708,1
Clemson_p034_c3_grm_std_uni,1,4.233988285064697,-3.0858187675476074,1
Clemson_p034_c3_grm_std_uni,1,4.115843296051025,-2.586176872253418,1
Clemson_p034_c3_grm_std_uni,1,5.400049209594727,-4.163633823394775,1
Clemson_p034_c3_grm_std_uni,1,7.805346488952637,-6.607107162475586,1
Clemson_p034_c3_grm_std_uni,1,7.887574672698975,-7.427152633666992,1
Clemson_p034_c3_grm_std_uni,1,6.884413719177246,-7.079885005950928,1
Clemson_p034_c3_grm_std_uni,1,5.521821022033691,-5.229865550994873,1
Clemson_p034_c3_grm_std_uni,1,2.2746424674987793,-2.8268556594848633,1
Clemson_p034_c3_grm_std_uni,1,2.5266876220703125,-1.9970489740371704,1
Clemson_p034_c3_grm_std_uni,1,4.605905055999756,-3.194101095199585,1
Clemson_p034_c3_grm_std_uni,1,6.538015842437744,-5.29866886138916,1
Clemson_p034_c3_grm_std_uni,1,7.705427169799805,-6.380795955657959,1
Clemson_p034_c3_grm_std_uni,1,7.953370571136475,-6.488059997558594,1
Clemson_p034_c3_grm_std_uni,1,7.925883769989014,-6.299627304077148,1
Clemson_p034_c3_grm_std_uni,1,7.105467319488525,-5.6557769775390625,1
Clemson_p034_c3_grm_std_uni,1,6.7485151290893555,-5.705764293670654,1
Clemson_p034_c3_grm_std_uni,1,7.045402526855469,-6.880218505859375,1
Clemson_p034_c3_grm_std_uni,1,6.148280620574951,-6.760523796081543,1
Clemson_p034_c3_grm_std_uni,1,5.664847373962402,-6.2758355140686035,1
Clemson_p034_c3_grm_std_uni,1,5.674952030181885,-6.0325703620910645,1
Clemson_p034_c3_grm_std_uni,1,5.7278594970703125,-5.895946979522705,1
Clemson_p034_c3_grm_std_uni,1,6.0118727684021,-6.111780166625977,1
Clemson_p034_c3_grm_std_uni,1,6.005093097686768,-5.999166965484619,1
Clemson_p034_c3_grm_std_uni,1,5.040970325469971,-4.95723819732666,1
Clemson_p034_c3_grm_std_uni,1,4.2991862297058105,-4.189751148223877,1
Clemson_p034_c3_grm_std_uni,1,3.0569651126861572,-2.8596043586730957,1
Clemson_p034_c3_grm_std_uni,1,3.2211813926696777,-2.3244335651397705,1
Clemson_p034_c3_grm_std_uni,1,4.401031494140625,-3.6553385257720947,1
Clemson_p034_c3_grm_std_uni,1,5.9499077796936035,-5.42284631729126,1
Clemson_p034_c3_grm_std_uni,1,6.722242832183838,-6.390600204467773,1
Clemson_p034_c3_grm_std_uni,1,6.704268932342529,-6.370630264282227,1
Clemson_p034_c3_grm_std_uni,1,6.60448694229126,-6.326193332672119,1
Clemson_p034_c3_grm_std_uni,1,5.6597065925598145,-5.4114766120910645,1
Clemson_p034_c3_grm_std_uni,1,5.425168991088867,-4.669236660003662,1
Clemson_p034_c3_grm_std_uni,1,6.004632949829102,-4.83888578414917,1
Clemson_p034_c3_grm_std_uni,1,6.407252788543701,-5.191680908203125,1
Clemson_p034_c3_grm_std_uni,1,6.240645885467529,-5.654810428619385,1
Clemson_p034_c3_grm_std_uni,1,6.8073577880859375,-6.297679424285889,1
Clemson_p034_c3_grm_std_uni,1,7.361032485961914,-6.467272758483887,1
Clemson_p034_c3_grm_std_uni,1,7.63990592956543,-6.6468186378479,1
Clemson_p034_c3_grm_std_uni,1,7.696355819702148,-6.5682220458984375,1
Clemson_p034_c3_grm_std_uni,1,7.402571678161621,-6.280667304992676,1
Clemson_p034_c3_grm_std_uni,1,6.9100847244262695,-5.902441024780273,1
Clemson_p034_c3_grm_std_uni,1,6.876363277435303,-5.75223445892334,1
Clemson_p034_c3_grm_std_uni,1,7.177064895629883,-5.981995582580566,1
Clemson_p034_c3_grm_std_uni,1,7.051112651824951,-5.897583484649658,1
Clemson_p034_c3_grm_std_uni,1,7.115330696105957,-5.914578437805176,1
Clemson_p034_c3_grm_std_uni,1,6.9488348960876465,-5.820124626159668,1
Clemson_p034_c3_grm_std_uni,1,7.28402853012085,-6.139419078826904,1
Clemson_p034_c3_grm_std_uni,1,7.3011698722839355,-6.600922107696533,1
Clemson_p034_c3_grm_std_uni,1,6.837832927703857,-6.2476420402526855,1
Clemson_p034_c3_grm_std_uni,1,5.5755181312561035,-5.164053916931152,1
Clemson_p034_c3_grm_std_uni,1,4.1518449783325195,-4.164351940155029,1
Clemson_p034_c3_grm_std_uni,1,4.484533309936523,-4.407434463500977,1
Clemson_p034_c3_grm_std_uni,1,4.312697887420654,-4.084720134735107,1
Clemson_p034_c3_grm_std_uni,1,5.522598743438721,-4.623929023742676,1
Clemson_p034_c3_grm_std_uni,1,6.150323390960693,-4.980606555938721,1
Clemson_p034_c3_grm_std_uni,1,6.6141533851623535,-5.390116214752197,1
Clemson_p034_c3_grm_std_uni,1,6.75133752822876,-5.7399139404296875,1
Clemson_p034_c3_grm_std_uni,1,6.892228126525879,-5.983587741851807,1
Clemson_p034_c3_grm_std_uni,1,6.424821376800537,-5.679081439971924,1
Clemson_p034_c3_grm_std_uni,1,6.161001205444336,-5.360901355743408,1
Clemson_p034_c3_grm_std_uni,1,5.605056285858154,-4.936748027801514,1
Clemson_p034_c3_grm_std_uni,1,5.104888439178467,-4.830360412597656,1
Clemson_p034_c3_grm_std_uni,1,5.620316028594971,-5.184946060180664,1
Clemson_p034_c3_grm_std_uni,1,5.786752700805664,-5.189055919647217,1
Clemson_p034_c3_grm_std_uni,1,5.645361423492432,-5.026133060455322,1
Clemson_p034_c3_grm_std_uni,1,2.897498369216919,-2.68902587890625,1
Clemson_p034_c3_grm_std_uni,1,3.312790632247925,-2.327104330062866,1
Clemson_p034_c3_grm_std_uni,1,4.834278583526611,-4.25014066696167,1
Clemson_p034_c3_grm_std_uni,1,5.712996482849121,-5.133331775665283,1
Clemson_p034_c3_grm_std_uni,1,5.525574207305908,-4.209261417388916,1
Clemson_p034_c3_grm_std_uni,1,4.9167866706848145,-3.7942328453063965,1
Clemson_p034_c3_grm_std_uni,1,5.108351707458496,-4.420583248138428,1
Clemson_p034_c3_grm_std_uni,1,6.3105902671813965,-5.621809005737305,1
Clemson_p034_c3_grm_std_uni,1,7.335116863250732,-6.661283493041992,1
Clemson_p034_c3_grm_std_uni,1,7.707037925720215,-6.633488655090332,1
Clemson_p034_c3_grm_std_uni,1,6.657986640930176,-5.741172790527344,1
Clemson_p034_c3_grm_std_uni,1,5.798521518707275,-4.552181720733643,1
Clemson_p034_c3_grm_std_uni,1,5.97594690322876,-5.1329755783081055,1
Clemson_p034_c3_grm_std_uni,1,6.295515060424805,-5.795961856842041,1
Clemson_p034_c3_grm_std_uni,1,7.220052719116211,-6.65241003036499,1
Clemson_p034_c3_grm_std_uni,1,7.5288920402526855,-6.5006937980651855,1
Clemson_p034_c3_grm_std_uni,1,7.709995746612549,-6.535017490386963,1
Clemson_p034_c3_grm_std_uni,1,6.748404502868652,-5.765376567840576,1
Clemson_p034_c3_grm_std_uni,1,6.372419357299805,-5.414123058319092,1
Clemson_p034_c3_grm_std_uni,1,6.133139133453369,-5.314234256744385,1
Clemson_p034_c3_grm_std_uni,1,6.233086109161377,-5.372498512268066,1
Clemson_p034_c3_grm_std_uni,1,6.054361820220947,-5.047167778015137,1
Clemson_p034_c3_grm_std_uni,1,5.925138473510742,-4.750175952911377,1
Clemson_p034_c3_grm_std_uni,1,5.857306003570557,-4.555879592895508,1
Clemson_p034_c3_grm_std_uni,1,6.150599002838135,-5.383149147033691,1
Clemson_p034_c3_grm_std_uni,1,6.638904094696045,-5.994387626647949,1
Clemson_p034_c3_grm_std_uni,1,6.531245708465576,-5.84523868560791,1
Clemson_p034_c3_grm_std_uni,1,6.0414838790893555,-5.300736427307129,1
Clemson_p034_c3_grm_std_uni,1,5.179705619812012,-4.566126823425293,1
Clemson_p034_c3_grm_std_uni,1,5.39742374420166,-4.492869853973389,1
Clemson_p034_c3_grm_std_uni,1,6.350805759429932,-5.397200107574463,1
Clemson_p034_c3_grm_std_uni,1,7.048043727874756,-6.376567363739014,1
Clemson_p034_c3_grm_std_uni,1,6.987859725952148,-6.536316871643066,1
Clemson_p034_c3_grm_std_uni,1,6.5079450607299805,-5.9506330490112305,1
Clemson_p034_c3_grm_std_uni,1,6.085643291473389,-5.528934001922607,1
Clemson_p034_c3_grm_std_uni,1,5.735049247741699,-5.04147481918335,1
Clemson_p034_c3_grm_std_uni,1,5.760194301605225,-4.81990385055542,1
Clemson_p034_c3_grm_std_uni,1,5.908697605133057,-5.153984069824219,1
Clemson_p034_c3_grm_std_uni,1,5.494983196258545,-4.913701057434082,1
Clemson_p034_c3_grm_std_uni,1,4.723607063293457,-4.241806983947754,1
Clemson_p034_c3_grm_std_uni,1,5.081474304199219,-4.473990440368652,1
Clemson_p034_c3_grm_std_uni,1,5.440695762634277,-5.008260726928711,1
Clemson_p034_c3_grm_std_uni,1,5.836296558380127,-5.391209125518799,1
Clemson_p034_c3_grm_std_uni,1,6.068792343139648,-5.5085601806640625,1
Clemson_p034_c3_grm_std_uni,1,6.578862190246582,-5.783414840698242,1
Clemson_p034_c3_grm_std_uni,1,6.965327262878418,-6.187148094177246,1
Clemson_p034_c3_grm_std_uni,1,7.05855131149292,-6.125855445861816,1
Clemson_p034_c3_grm_std_uni,1,7.125306606292725,-5.712429523468018,1
Clemson_p034_c3_grm_std_uni,1,6.846922397613525,-5.424107551574707,1
Clemson_p034_c3_grm_std_uni,1,5.947865962982178,-4.962202548980713,1
Clemson_p034_c3_grm_std_uni,1,4.988631725311279,-4.721700668334961,1
Clemson_p034_c3_grm_std_uni,1,4.937870979309082,-4.116030216217041,1
Clemson_p034_c3_grm_std_uni,1,5.942875385284424,-4.464920997619629,1
Clemson_p034_c3_grm_std_uni,1,6.213638782501221,-4.966115951538086,1
Clemson_p034_c3_grm_std_uni,1,6.9971923828125,-5.917134761810303,1
Clemson_p034_c3_grm_std_uni,1,7.851816177368164,-6.534071445465088,1
Clemson_p034_c3_grm_std_uni,1,8.126500129699707,-6.601914882659912,1
Clemson_p034_c3_grm_std_uni,1,7.145415782928467,-6.202742099761963,1
Clemson_p034_c3_grm_std_uni,1,5.55672550201416,-5.160646438598633,1
Clemson_p034_c3_grm_std_uni,1,4.264866828918457,-4.008171081542969,1
Clemson_p034_c3_grm_std_uni,1,3.610269784927368,-3.246431589126587,1
Clemson_p034_c3_grm_std_uni,1,3.962103843688965,-3.912771463394165,1
Clemson_p034_c3_grm_std_uni,1,4.545043468475342,-5.0678229331970215,1
Clemson_p034_c3_grm_std_uni,1,5.687748908996582,-5.738267421722412,1
Clemson_p034_c3_grm_std_uni,1,6.7074809074401855,-6.270910739898682,1
Clemson_p034_c3_grm_std_uni,1,7.401954174041748,-6.120225429534912,1
Clemson_p034_c3_grm_std_uni,1,7.187346458435059,-5.988322734832764,1
Clemson_p034_c3_grm_std_uni,1,7.875211238861084,-6.604467391967773,1
Clemson_p034_c3_grm_std_uni,1,8.414241790771484,-7.136114120483398,1
Clemson_p034_c3_grm_std_uni,1,7.306001663208008,-6.4456467628479,1
Clemson_p034_c3_grm_std_uni,1,6.924903869628906,-6.2301025390625,1
Clemson_p034_c3_grm_std_uni,1,6.350008487701416,-6.0893025398254395,1
Clemson_p034_c3_grm_std_uni,1,5.5551371574401855,-5.44046688079834,1
Clemson_p034_c3_grm_std_uni,1,4.490405082702637,-4.306715965270996,1
Clemson_p034_c3_grm_std_uni,1,3.912961483001709,-3.612149715423584,1
Clemson_p034_c3_grm_std_uni,1,4.211706638336182,-3.4435646533966064,1
Clemson_p034_c3_grm_std_uni,1,4.909206867218018,-4.062248706817627,1
Clemson_p034_c3_grm_std_uni,1,6.212903022766113,-5.331729412078857,1
Clemson_p034_c3_grm_std_uni,1,6.974364757537842,-6.6489787101745605,1
Clemson_p034_c3_grm_std_uni,1,6.6806206703186035,-6.846241474151611,1
Clemson_p034_c3_grm_std_uni,1,6.981719493865967,-7.282764911651611,1
Clemson_p034_c3_grm_std_uni,1,7.018465518951416,-6.682097911834717,1
Clemson_p034_c3_grm_std_uni,1,6.1480817794799805,-5.874727249145508,1
Clemson_p034_c3_grm_std_uni,1,4.981911659240723,-4.545039176940918,1
Clemson_p034_c3_grm_std_uni,1,1.9972765445709229,-1.9954177141189575,1
Clemson_p034_c3_grm_std_uni,1,2.7101824283599854,-1.5900533199310303,1
Clemson_p034_c3_grm_std_uni,1,5.604723930358887,-4.6045660972595215,1
Clemson_p034_c3_grm_std_uni,1,6.224412441253662,-5.805696964263916,1
Clemson_p034_c3_grm_std_uni,1,6.526721477508545,-5.728858470916748,1
Clemson_p034_c3_grm_std_uni,1,6.846791744232178,-6.073842525482178,1
Clemson_p034_c3_grm_std_uni,1,6.590567588806152,-5.873877048492432,1
Clemson_p034_c3_grm_std_uni,1,5.981218338012695,-5.2628045082092285,1
Clemson_p034_c3_grm_std_uni,1,5.810453414916992,-5.26085901260376,1
Clemson_p034_c3_grm_std_uni,1,6.152632236480713,-5.2577691078186035,1
Clemson_p034_c3_grm_std_uni,1,6.716188430786133,-5.830024242401123,1
Clemson_p034_c3_grm_std_uni,1,6.723540306091309,-5.996324062347412,1
Clemson_p034_c3_grm_std_uni,1,6.19470739364624,-5.655048847198486,1
Clemson_p034_c3_grm_std_uni,1,5.529069423675537,-5.185526371002197,1
Clemson_p034_c3_grm_std_uni,1,4.9189653396606445,-4.465879917144775,1
Clemson_p034_c3_grm_std_uni,1,6.1334757804870605,-5.11544132232666,1
Clemson_p034_c3_grm_std_uni,1,6.692540168762207,-5.85031270980835,1
Clemson_p034_c3_grm_std_uni,1,7.214815139770508,-6.899742603302002,1
Clemson_p034_c3_grm_std_uni,1,8.23816204071045,-7.6938982009887695,1
Clemson_p034_c3_grm_std_uni,1,7.877244472503662,-7.402185916900635,1
Clemson_p034_c3_grm_std_uni,1,6.69226598739624,-6.594506740570068,1
Clemson_p034_c3_grm_std_uni,1,5.659008502960205,-5.960599422454834,1
Clemson_p034_c3_grm_std_uni,1,4.849776268005371,-5.0206217765808105,1
Clemson_p034_c3_grm_std_uni,1,5.2977800369262695,-5.173928737640381,1
Clemson_p034_c3_grm_std_uni,1,5.548986911773682,-5.391447067260742,1
Clemson_p034_c3_grm_std_uni,1,5.627205848693848,-5.695432186126709,1
Clemson_p034_c3_grm_std_uni,1,5.720038890838623,-5.930450916290283,1
Clemson_p034_c3_grm_std_uni,1,5.70207405090332,-5.938481330871582,1
Clemson_p034_c3_grm_std_uni,1,5.80830717086792,-5.966921329498291,1
Clemson_p034_c3_grm_std_uni,1,5.892922878265381,-5.9465765953063965,1
Clemson_p034_c3_grm_std_uni,1,6.035782337188721,-5.921961784362793,1
Clemson_p034_c3_grm_std_uni,1,6.09661340713501,-5.837824821472168,1
Clemson_p034_c3_grm_std_uni,1,5.967587471008301,-5.685183048248291,1
Clemson_p034_c3_grm_std_uni,1,5.879012584686279,-5.605120658874512,1
Clemson_p034_c3_grm_std_uni,1,5.789849758148193,-5.537942886352539,1
Clemson_p034_c3_grm_std_uni,1,5.699968338012695,-5.461206436157227,1
Clemson_p034_c3_grm_std_uni,1,5.731378078460693,-5.453653812408447,1
Clemson_p034_c3_grm_std_uni,1,5.995190143585205,-5.599766731262207,1
Clemson_p034_c3_grm_std_uni,1,6.121939182281494,-5.605408191680908,1
Clemson_p034_c3_grm_std_uni,1,6.105659008026123,-5.481716632843018,1
Clemson_p034_c3_grm_std_uni,1,6.118201732635498,-5.391661643981934,1
Clemson_p034_c3_grm_std_uni,1,6.045626163482666,-5.262638568878174,1
Clemson_p034_c3_grm_std_uni,1,6.030125141143799,-5.166617393493652,1
Clemson_p034_c3_grm_std_uni,1,6.152088642120361,-5.175767421722412,1
Clemson_p034_c3_grm_std_uni,1,6.255522727966309,-5.1685590744018555,1
Clemson_p034_c3_grm_std_uni,1,6.292377948760986,-5.072507858276367,1
Clemson_p034_c3_grm_std_uni,1,6.268546104431152,-4.930491924285889,1
Clemson_p034_c3_grm_std_uni,1,6.151647090911865,-4.763815402984619,1
Clemson_p034_c3_grm_std_uni,1,6.353177070617676,-4.913390636444092,1
Clemson_p034_c3_grm_std_uni,1,6.320363998413086,-4.861095905303955,1
Clemson_p034_c3_grm_std_uni,1,6.290228366851807,-4.825179100036621,1
Clemson_p034_c3_grm_std_uni,1,6.208986282348633,-4.752711296081543,1
Clemson_p034_c3_grm_std_uni,1,6.137731075286865,-4.678346157073975,1
Clemson_p034_c3_grm_std_uni,1,6.200685977935791,-4.71641206741333,1
Clemson_p034_c3_grm_std_uni,1,6.282666206359863,-4.772424697875977,1
Clemson_p034_c3_grm_std_uni,1,6.34075403213501,-4.7926554679870605,1
Clemson_p034_c3_grm_std_uni,1,6.349321365356445,-4.7881622314453125,1
Clemson_p034_c3_grm_std_uni,1,6.277308940887451,-4.7146687507629395,1
Clemson_p034_c3_grm_std_uni,1,6.183646202087402,-4.666457176208496,1
Clemson_p034_c3_grm_std_uni,1,6.1479716300964355,-4.654872417449951,1
Clemson_p034_c3_grm_std_uni,1,6.136868953704834,-4.664824485778809,1
Clemson_p034_c3_grm_std_uni,1,6.152937412261963,-4.7199578285217285,1
Clemson_p034_c3_grm_std_uni,1,6.160422325134277,-4.7448954582214355,1
Clemson_p034_c3_grm_std_uni,1,6.133391857147217,-4.729116439819336,1
Clemson_p034_c3_grm_std_uni,1,6.132539749145508,-4.724126815795898,1
Clemson_p034_c3_grm_std_uni,1,6.082880973815918,-4.670491695404053,1
Clemson_p034_c3_grm_std_uni,1,6.09904670715332,-4.675706386566162,1
Clemson_p034_c3_grm_std_uni,1,6.014394760131836,-4.583372592926025,1
Clemson_p034_c3_grm_std_uni,1,5.76528263092041,-4.267236232757568,1
Clemson_p034_c3_grm_std_uni,1,5.46404504776001,-3.8910038471221924,1
Clemson_p034_c3_grm_std_uni,1,5.081126689910889,-3.5705459117889404,1
Clemson_p034_c3_grm_std_uni,1,5.4710893630981445,-3.963953733444214,1
Clemson_p034_c3_grm_std_uni,1,5.553009510040283,-4.0826735496521,1
Clemson_p034_c3_grm_std_uni,1,5.602613925933838,-4.241224765777588,1
Clemson_p034_c3_grm_std_uni,1,5.387807846069336,-4.20934534072876,1
Clemson_p034_c3_grm_std_uni,1,5.260461330413818,-4.215271472930908,1
Clemson_p034_c3_grm_std_uni,1,4.8545708656311035,-3.9420807361602783,1
Clemson_p034_c3_grm_std_uni,1,3.412982225418091,-2.90974497795105,1
Clemson_p034_c3_grm_std_uni,1,2.813788652420044,-2.730168104171753,1
Clemson_p034_c3_grm_std_uni,1,4.060064792633057,-4.111072063446045,1
Clemson_p034_c3_grm_std_uni,1,4.730420112609863,-4.779821872711182,1
Clemson_p034_c3_grm_std_uni,1,4.629542827606201,-4.49852991104126,1
Clemson_p034_c3_grm_std_uni,1,3.7911722660064697,-3.4843435287475586,1
Clemson_p034_c3_grm_std_uni,1,4.112823963165283,-3.616668462753296,1
Clemson_p034_c3_grm_std_uni,1,5.074095249176025,-4.770472526550293,1
Clemson_p034_c3_grm_std_uni,1,5.471868991851807,-5.602629661560059,1
Clemson_p034_c3_grm_std_uni,1,5.47476863861084,-5.719269752502441,1
Clemson_p034_c3_grm_std_uni,1,5.359511375427246,-5.422348499298096,1
Clemson_p034_c3_grm_std_uni,1,5.4568586349487305,-5.433953285217285,1
Clemson_p034_c3_grm_std_uni,1,5.709980487823486,-5.674693584442139,1
Clemson_p034_c3_grm_std_uni,1,5.769903659820557,-5.528456687927246,1
Clemson_p034_c3_grm_std_uni,1,5.565032958984375,-5.581336498260498,1
Clemson_p034_c3_grm_std_uni,1,5.5466766357421875,-5.945888996124268,1
Clemson_p034_c3_grm_std_uni,1,4.154951572418213,-4.863221168518066,1
Clemson_p034_c3_grm_std_uni,1,3.102135419845581,-3.6181838512420654,1
Clemson_p034_c3_grm_std_uni,1,2.1307053565979004,-2.536609649658203,1
Clemson_p034_c3_grm_std_uni,1,3.251925230026245,-3.67828106880188,1
Clemson_p034_c3_grm_std_uni,1,2.345308542251587,-2.7634170055389404,1
Clemson_p034_c3_grm_std_uni,1,2.6139638423919678,-1.8487383127212524,1
Clemson_p034_c3_grm_std_uni,1,3.4771487712860107,-2.027183771133423,1
Clemson_p034_c3_grm_std_uni,1,5.132327079772949,-4.345709800720215,1
Clemson_p034_c3_grm_std_uni,1,6.119296550750732,-5.907283306121826,1
Clemson_p034_c3_grm_std_uni,1,6.769233703613281,-6.296591281890869,1
Clemson_p034_c3_grm_std_uni,1,7.464204788208008,-6.776680946350098,1
Clemson_p034_c3_grm_std_uni,1,7.916559219360352,-7.221611499786377,1
Clemson_p034_c3_grm_std_uni,1,8.361246109008789,-7.501481533050537,1
Clemson_p034_c3_grm_std_uni,1,7.304107666015625,-6.317643165588379,1
Clemson_p034_c3_grm_std_uni,1,6.3515448570251465,-5.665192604064941,1
Clemson_p034_c3_grm_std_uni,1,5.6058454513549805,-5.234818458557129,1
Clemson_p034_c3_grm_std_uni,1,5.922632694244385,-5.079318523406982,1
Clemson_p034_c3_grm_std_uni,1,5.700188159942627,-4.571936130523682,1
Clemson_p034_c3_grm_std_uni,1,6.126428604125977,-4.874300956726074,1
Clemson_p034_c3_grm_std_uni,1,7.001376628875732,-5.67671012878418,1
Clemson_p034_c3_grm_std_uni,1,7.669957160949707,-6.316363334655762,1
Clemson_p034_c3_grm_std_uni,1,8.3465576171875,-6.790239334106445,1
Clemson_p034_c3_grm_std_uni,1,8.402851104736328,-6.644439220428467,1
Clemson_p034_c3_grm_std_uni,1,7.082103252410889,-5.986201286315918,1
Clemson_p034_c3_grm_std_uni,1,6.088823318481445,-5.694399356842041,1
Clemson_p034_c3_grm_std_uni,1,5.0624799728393555,-5.283149719238281,1
Clemson_p034_c3_grm_std_uni,1,4.834543228149414,-4.701486587524414,1
Clemson_p034_c3_grm_std_uni,1,4.991684436798096,-5.307706356048584,1
Clemson_p034_c3_grm_std_uni,1,5.631785869598389,-5.36473274230957,1
Clemson_p034_c3_grm_std_uni,1,5.595450401306152,-5.253556251525879,1
Clemson_p034_c3_grm_std_uni,1,4.955512046813965,-4.89168119430542,1
Clemson_p034_c3_grm_std_uni,1,5.042696475982666,-5.058941841125488,1
Clemson_p034_c3_grm_std_uni,1,4.9845290184021,-4.9432597160339355,1
Clemson_p034_c3_grm_std_uni,1,4.333898067474365,-4.200669288635254,1
Clemson_p034_c3_grm_std_uni,1,3.061737060546875,-2.837688684463501,1
Clemson_p034_c3_grm_std_uni,1,2.973785400390625,-2.7766504287719727,1
Clemson_p034_c3_grm_std_uni,1,4.191533088684082,-4.1504902839660645,1
Clemson_p034_c3_grm_std_uni,1,5.228080749511719,-5.284086227416992,1
Clemson_p034_c3_grm_std_uni,1,5.12438440322876,-5.281374454498291,1
Clemson_p034_c3_grm_std_uni,1,4.793816089630127,-5.170316696166992,1
Clemson_p034_c3_grm_std_uni,1,5.070122241973877,-5.522451877593994,1
Clemson_p034_c3_grm_std_uni,1,4.83779764175415,-5.320389270782471,1
Clemson_p034_c3_grm_std_uni,1,4.532148838043213,-4.816366195678711,1
Clemson_p034_c3_grm_std_uni,1,4.137559413909912,-4.342194557189941,1
Clemson_p034_c3_grm_std_uni,1,2.813607931137085,-2.8365094661712646,1
Clemson_p034_c3_grm_std_uni,2,4.662621974945068,-4.645941734313965,1
Clemson_p034_c3_grm_std_uni,2,4.978996753692627,-4.789038181304932,1
Clemson_p034_c3_grm_std_uni,2,3.991705894470215,-3.812403678894043,1
Clemson_p034_c3_grm_std_uni,2,4.607321739196777,-4.2847113609313965,1
Clemson_p034_c3_grm_std_uni,2,5.144114971160889,-4.8872246742248535,1
Clemson_p034_c3_grm_std_uni,2,5.366338729858398,-4.94072961807251,1
Clemson_p034_c3_grm_std_uni,2,5.55100154876709,-4.824864864349365,1
Clemson_p034_c3_grm_std_uni,2,5.359130859375,-4.0464277267456055,1
Clemson_p034_c3_grm_std_uni,2,5.063126564025879,-3.5416579246520996,1
Clemson_p034_c3_grm_std_uni,2,4.948877811431885,-3.307218074798584,1
Clemson_p034_c3_grm_std_uni,2,5.182623386383057,-3.4101064205169678,1
Clemson_p034_c3_grm_std_uni,2,4.987990379333496,-3.3970251083374023,1
Clemson_p034_c3_grm_std_uni,2,1.874902606010437,-1.458174228668213,1
Clemson_p034_c3_grm_std_uni,2,-2.3517415523529053,2.575507164001465,2
Clemson_p034_c3_grm_std_uni,2,2.6994707584381104,-1.2564964294433594,1
Clemson_p034_c3_grm_std_uni,2,6.7081451416015625,-4.347291469573975,1
Clemson_p034_c3_grm_std_uni,2,7.588490009307861,-5.029603481292725,1
Clemson_p034_c3_grm_std_uni,2,7.989870548248291,-5.388296127319336,1
Clemson_p034_c3_grm_std_uni,2,6.893420219421387,-5.898177146911621,1
Clemson_p034_c3_grm_std_uni,2,6.218220233917236,-5.815743446350098,1
Clemson_p034_c3_grm_std_uni,2,6.296544551849365,-5.722407341003418,1
Clemson_p034_c3_grm_std_uni,2,6.330130577087402,-5.760969638824463,1
Clemson_p034_c3_grm_std_uni,2,6.386701583862305,-5.881434917449951,1
Clemson_p034_c3_grm_std_uni,2,6.080082416534424,-5.325357913970947,1
Clemson_p034_c3_grm_std_uni,2,4.466118812561035,-2.342487096786499,1
Clemson_p034_c3_grm_std_uni,2,4.687771797180176,-3.111090660095215,1
Clemson_p034_c3_grm_std_uni,2,5.688446998596191,-4.645308494567871,1
Clemson_p034_c3_grm_std_uni,2,6.669445514678955,-5.272493839263916,1
Clemson_p034_c3_grm_std_uni,1,7.556361198425293,-5.819393634796143,1
Clemson_p034_c3_grm_std_uni,1,7.575372695922852,-6.36198616027832,1
Clemson_p034_c3_grm_std_uni,1,7.353288173675537,-6.565560817718506,1
Clemson_p034_c3_grm_std_uni,1,7.6166253089904785,-6.5831828117370605,1
Clemson_p034_c3_grm_std_uni,1,7.567065238952637,-6.160857677459717,1
Clemson_p034_c3_grm_std_uni,1,7.477045059204102,-6.154622554779053,1
Clemson_p034_c3_grm_std_uni,1,7.854432106018066,-6.3538289070129395,1
Clemson_p034_c3_grm_std_uni,1,7.501115798950195,-6.109825611114502,1
Clemson_p034_c3_grm_std_uni,1,6.955834865570068,-5.8805084228515625,1
Clemson_p034_c3_grm_std_uni,1,6.997040271759033,-6.178654670715332,1
Clemson_p034_c3_grm_std_uni,1,7.266626834869385,-6.339334964752197,1
Clemson_p034_c3_grm_std_uni,1,7.350033760070801,-6.141350746154785,1
Clemson_p034_c3_grm_std_uni,1,6.803782939910889,-5.6903486251831055,1
Clemson_p034_c3_grm_std_uni,1,6.2853217124938965,-5.331026554107666,1
Clemson_p034_c3_grm_std_uni,1,5.9451422691345215,-5.234225273132324,1
Clemson_p034_c3_grm_std_uni,1,5.093709468841553,-4.377641677856445,1
Clemson_p034_c3_grm_std_uni,1,5.1178789138793945,-3.9090819358825684,1
Clemson_p034_c3_grm_std_uni,1,6.325289726257324,-5.134243965148926,1
Clemson_p034_c3_grm_std_uni,1,6.962630271911621,-5.899716854095459,1
Clemson_p034_c3_grm_std_uni,1,6.918478965759277,-5.705801963806152,1
Clemson_p034_c3_grm_std_uni,1,6.0147504806518555,-4.8973612785339355,1
Clemson_p034_c3_grm_std_uni,1,4.974101543426514,-3.775120973587036,1
Clemson_p034_c3_grm_std_uni,1,4.91062593460083,-3.331101179122925,1
Clemson_p034_c3_grm_std_uni,1,6.164710521697998,-4.5921454429626465,1
Clemson_p034_c3_grm_std_uni,1,7.046940803527832,-6.081634998321533,1
Clemson_p034_c3_grm_std_uni,1,6.737465858459473,-6.342346668243408,1
Clemson_p034_c3_grm_std_uni,1,6.474890232086182,-6.185255527496338,1
Clemson_p034_c3_grm_std_uni,1,5.635660648345947,-5.391313552856445,1
Clemson_p034_c3_grm_std_uni,1,5.049023151397705,-4.264625072479248,1
Clemson_p034_c3_grm_std_uni,1,6.241517543792725,-5.361774921417236,1
Clemson_p034_c3_grm_std_uni,1,7.499476909637451,-6.74329137802124,1
Clemson_p034_c3_grm_std_uni,1,7.717436790466309,-7.0146708488464355,1
Clemson_p034_c3_grm_std_uni,1,7.4412713050842285,-6.9576640129089355,1
Clemson_p034_c3_grm_std_uni,1,6.904276371002197,-6.668990135192871,1
Clemson_p034_c3_grm_std_uni,1,6.197361946105957,-6.230264663696289,1
Clemson_p034_c3_grm_std_uni,1,5.6274309158325195,-5.7298808097839355,1
Clemson_p034_c3_grm_std_uni,1,5.601912021636963,-5.562264919281006,1
Clemson_p034_c3_grm_std_uni,1,5.976981163024902,-5.5864996910095215,1
Clemson_p034_c3_grm_std_uni,1,6.066011428833008,-5.762672424316406,1
Clemson_p034_c3_grm_std_uni,1,6.113779544830322,-5.919200420379639,1
Clemson_p034_c3_grm_std_uni,1,6.013307571411133,-5.930822372436523,1
Clemson_p034_c3_grm_std_uni,1,5.4133100509643555,-5.51450252532959,1
Clemson_p034_c3_grm_std_uni,1,4.824032783508301,-5.069340705871582,1
Clemson_p034_c3_grm_std_uni,1,4.348668575286865,-4.825368404388428,1
Clemson_p034_c3_grm_std_uni,1,3.860081672668457,-3.880157232284546,1
Clemson_p034_c3_grm_std_uni,1,2.6237905025482178,-2.7750513553619385,1
Clemson_p034_c3_grm_std_uni,1,3.4189093112945557,-3.6786794662475586,1
Clemson_p034_c3_grm_std_uni,1,4.259427547454834,-4.811509132385254,1
Clemson_p034_c3_grm_std_uni,1,4.380349636077881,-4.884091854095459,1
Clemson_p034_c3_grm_std_uni,1,4.340151786804199,-4.879382133483887,1
Clemson_p034_c3_grm_std_uni,1,4.366641044616699,-4.7626729011535645,1
Clemson_p034_c3_grm_std_uni,1,4.714024066925049,-4.4393110275268555,1
Clemson_p034_c3_grm_std_uni,1,5.690871238708496,-4.609619140625,1
Clemson_p034_c3_grm_std_uni,1,6.177967548370361,-5.216840744018555,1
Clemson_p034_c3_grm_std_uni,1,5.549739360809326,-5.109969615936279,1
Clemson_p034_c3_grm_std_uni,1,5.1013994216918945,-5.20686674118042,1
Clemson_p034_c3_grm_std_uni,1,5.143155097961426,-5.5687456130981445,1
Clemson_p034_c3_grm_std_uni,1,5.231913089752197,-5.7639617919921875,1
Clemson_p034_c3_grm_std_uni,1,5.240780830383301,-5.804738521575928,1
Clemson_p034_c3_grm_std_uni,1,5.205441951751709,-5.7384033203125,1
Clemson_p034_c3_grm_std_uni,1,5.157987594604492,-5.6197896003723145,1
Clemson_p034_c3_grm_std_uni,1,5.065289497375488,-5.4612956047058105,1
Clemson_p034_c3_grm_std_uni,1,5.098384380340576,-5.389163017272949,1
Clemson_p034_c3_grm_std_uni,1,5.208469867706299,-5.348969459533691,1
Clemson_p034_c3_grm_std_uni,1,5.473270893096924,-5.351226329803467,1
Clemson_p034_c3_grm_std_uni,1,5.727932929992676,-5.301936626434326,1
Clemson_p034_c3_grm_std_uni,1,6.014876842498779,-5.223657608032227,1
Clemson_p034_c3_grm_std_uni,1,6.381820201873779,-5.257283687591553,1
Clemson_p034_c3_grm_std_uni,1,6.573362827301025,-5.2593183517456055,1
Clemson_p034_c3_grm_std_uni,1,6.906590938568115,-5.483343124389648,1
Clemson_p034_c3_grm_std_uni,1,6.952468395233154,-5.5718159675598145,1
Clemson_p034_c3_grm_std_uni,1,7.052295207977295,-5.683134078979492,1
Clemson_p034_c3_grm_std_uni,1,7.164177417755127,-5.710662841796875,1
Clemson_p034_c3_grm_std_uni,1,7.239016532897949,-5.571166515350342,1
Clemson_p034_c3_grm_std_uni,1,7.1659626960754395,-5.3421783447265625,1
Clemson_p034_c3_grm_std_uni,1,7.353719711303711,-5.30983829498291,1
Clemson_p034_c3_grm_std_uni,1,7.423879623413086,-5.304993629455566,1
Clemson_p034_c3_grm_std_uni,1,7.4181809425354,-5.31984281539917,1
Clemson_p034_c3_grm_std_uni,1,7.363574028015137,-5.335116386413574,1
Clemson_p034_c3_grm_std_uni,1,7.2708821296691895,-5.340409755706787,1
Clemson_p034_c3_grm_std_uni,1,7.2242817878723145,-5.3372602462768555,1
Clemson_p034_c3_grm_std_uni,1,7.232536792755127,-5.32058048248291,1
Clemson_p034_c3_grm_std_uni,1,7.196023464202881,-5.280857563018799,1
Clemson_p034_c3_grm_std_uni,1,7.230134010314941,-5.301496505737305,1
Clemson_p034_c3_grm_std_uni,1,7.254096508026123,-5.323596477508545,1
Clemson_p034_c3_grm_std_uni,1,7.250430583953857,-5.328855514526367,1
Clemson_p034_c3_grm_std_uni,1,7.250373363494873,-5.338021755218506,1
Clemson_p034_c3_grm_std_uni,1,7.2313456535339355,-5.332278251647949,1
Clemson_p034_c3_grm_std_uni,1,7.258941650390625,-5.356786727905273,1
Clemson_p034_c3_grm_std_uni,1,7.251920223236084,-5.349018573760986,1
Clemson_p034_c3_grm_std_uni,1,7.2570390701293945,-5.3219122886657715,1
Clemson_p034_c3_grm_std_uni,1,7.206227779388428,-5.2546186447143555,1
Clemson_p034_c3_grm_std_uni,1,7.157716274261475,-5.218468189239502,1
Clemson_p034_c3_grm_std_uni,1,7.219691276550293,-5.282903671264648,1
Clemson_p034_c3_grm_std_uni,1,7.21452522277832,-5.300169944763184,1
Clemson_p034_c3_grm_std_uni,1,7.169260501861572,-5.289807319641113,1
Clemson_p034_c3_grm_std_uni,1,7.167810440063477,-5.306010723114014,1
Clemson_p034_c3_grm_std_uni,1,7.133819580078125,-5.281785488128662,1
Clemson_p034_c3_grm_std_uni,1,7.1475348472595215,-5.269284248352051,1
Clemson_p034_c3_grm_std_uni,1,7.153199672698975,-5.252511501312256,1
Clemson_p034_c3_grm_std_uni,1,7.183589458465576,-5.281756401062012,1
Clemson_p034_c3_grm_std_uni,1,7.251776695251465,-5.359653949737549,1
Clemson_p034_c3_grm_std_uni,1,7.309545993804932,-5.386909008026123,1
Clemson_p034_c3_grm_std_uni,1,7.294379711151123,-5.343548774719238,1
Clemson_p034_c3_grm_std_uni,1,7.258322715759277,-5.294195652008057,1
Clemson_p034_c3_grm_std_uni,1,7.356512069702148,-5.387558937072754,1
Clemson_p034_c3_grm_std_uni,1,7.361992835998535,-5.410983085632324,1
Clemson_p034_c3_grm_std_uni,1,7.376832485198975,-5.447215557098389,1
Clemson_p034_c3_grm_std_uni,1,7.246081352233887,-5.385321617126465,1
Clemson_p034_c3_grm_std_uni,1,7.451246738433838,-5.496981620788574,1
Clemson_p034_c3_grm_std_uni,1,7.408151626586914,-5.37665319442749,1
Clemson_p034_c3_grm_std_uni,1,7.434758186340332,-5.354761600494385,1
Clemson_p034_c3_grm_std_uni,1,7.582507610321045,-5.474160194396973,1
Clemson_p034_c3_grm_std_uni,1,7.4858245849609375,-5.362753391265869,1
Clemson_p034_c3_grm_std_uni,1,7.239964008331299,-5.2300190925598145,1
Clemson_p034_c3_grm_std_uni,1,7.220159530639648,-5.309840679168701,1
Clemson_p034_c3_grm_std_uni,1,7.2834906578063965,-5.362159729003906,1
Clemson_p034_c3_grm_std_uni,1,7.222100734710693,-5.280405521392822,1
Clemson_p034_c3_grm_std_uni,1,7.229811668395996,-5.268496513366699,1
Clemson_p034_c3_grm_std_uni,1,7.346419811248779,-5.33884859085083,1
Clemson_p034_c3_grm_std_uni,1,7.296718120574951,-5.291292667388916,1
Clemson_p034_c3_grm_std_uni,1,7.269304275512695,-5.281090259552002,1
Clemson_p034_c3_grm_std_uni,1,7.266249179840088,-5.318598747253418,1
Clemson_p034_c3_grm_std_uni,1,7.251556396484375,-5.326746940612793,1
Clemson_p034_c3_grm_std_uni,1,7.258798122406006,-5.342584133148193,1
Clemson_p034_c3_grm_std_uni,1,7.24842643737793,-5.340054512023926,1
Clemson_p034_c3_grm_std_uni,1,7.255765438079834,-5.347929954528809,1
Clemson_p034_c3_grm_std_uni,1,7.243778705596924,-5.329715251922607,1
Clemson_p034_c3_grm_std_uni,1,7.228742599487305,-5.309141159057617,1
Clemson_p034_c3_grm_std_uni,1,7.23568868637085,-5.323301315307617,1
Clemson_p034_c3_grm_std_uni,1,7.2821269035339355,-5.373510837554932,1
Clemson_p034_c3_grm_std_uni,1,7.315389633178711,-5.413039684295654,1
Clemson_p034_c3_grm_std_uni,1,7.336602210998535,-5.435610771179199,1
Clemson_p034_c3_grm_std_uni,1,7.325838565826416,-5.402838706970215,1
Clemson_p034_c3_grm_std_uni,1,7.351776123046875,-5.396522045135498,1
Clemson_p034_c3_grm_std_uni,1,7.364684104919434,-5.369117736816406,1
Clemson_p034_c3_grm_std_uni,1,7.397665977478027,-5.397324085235596,1
Clemson_p034_c3_grm_std_uni,1,7.39415979385376,-5.395740032196045,1
Clemson_p034_c3_grm_std_uni,1,7.431461811065674,-5.407823085784912,1
Clemson_p034_c3_grm_std_uni,1,7.279658794403076,-5.2870049476623535,1
Clemson_p034_c3_grm_std_uni,1,7.201242923736572,-5.273507595062256,1
Clemson_p034_c3_grm_std_uni,1,7.196080207824707,-5.309105396270752,1
Clemson_p034_c3_grm_std_uni,1,7.159865379333496,-5.311614990234375,1
Clemson_p034_c3_grm_std_uni,1,7.190176486968994,-5.379120349884033,1
Clemson_p034_c3_grm_std_uni,1,7.244914531707764,-5.485998630523682,1
Clemson_p034_c3_grm_std_uni,1,7.3199567794799805,-5.530646800994873,1
Clemson_p034_c3_grm_std_uni,1,7.241365909576416,-5.431107521057129,1
Clemson_p034_c3_grm_std_uni,1,7.212911605834961,-5.345723628997803,1
Clemson_p034_c3_grm_std_uni,1,7.2969794273376465,-5.330217361450195,1
Clemson_p034_c3_grm_std_uni,1,7.346755027770996,-5.290614128112793,1
Clemson_p034_c3_grm_std_uni,1,7.307302951812744,-5.226171016693115,1
Clemson_p034_c3_grm_std_uni,1,7.34581184387207,-5.281355857849121,1
Clemson_p034_c3_grm_std_uni,1,7.302188396453857,-5.300114631652832,1
Clemson_p034_c3_grm_std_uni,1,7.300263404846191,-5.3236799240112305,1
Clemson_p034_c3_grm_std_uni,1,7.204516887664795,-5.272344589233398,1
Clemson_p034_c3_grm_std_uni,1,7.2251482009887695,-5.263447284698486,1
Clemson_p034_c3_grm_std_uni,1,7.265957355499268,-5.2864508628845215,1
Clemson_p034_c3_grm_std_uni,1,7.234259605407715,-5.227356910705566,1
Clemson_p034_c3_grm_std_uni,1,7.21952486038208,-5.265956401824951,1
Clemson_p034_c3_grm_std_uni,1,7.213654041290283,-5.304838180541992,1
Clemson_p034_c3_grm_std_uni,1,7.199112415313721,-5.31430721282959,1
Clemson_p034_c3_grm_std_uni,1,7.1767096519470215,-5.303720474243164,1
Clemson_p034_c3_grm_std_uni,1,7.152857780456543,-5.299315452575684,1
Clemson_p034_c3_grm_std_uni,1,7.154494285583496,-5.308691024780273,1
Clemson_p034_c3_grm_std_uni,1,7.17790412902832,-5.321615219116211,1
Clemson_p034_c3_grm_std_uni,1,7.181295871734619,-5.3102498054504395,1
Clemson_p034_c3_grm_std_uni,1,7.165828227996826,-5.29373836517334,1
Clemson_p034_c3_grm_std_uni,1,7.184576511383057,-5.314083576202393,1
Clemson_p034_c3_grm_std_uni,1,7.215994358062744,-5.3549485206604,1
Clemson_p034_c3_grm_std_uni,1,7.2349395751953125,-5.383257865905762,1
Clemson_p034_c3_grm_std_uni,1,7.221768856048584,-5.36536169052124,1
Clemson_p034_c3_grm_std_uni,1,7.151910305023193,-5.309614658355713,1
Clemson_p034_c3_grm_std_uni,1,7.151528835296631,-5.320702075958252,1
Clemson_p034_c3_grm_std_uni,1,7.224066257476807,-5.368753433227539,1
Clemson_p034_c3_grm_std_uni,1,7.22531270980835,-5.3520379066467285,1
Clemson_p034_c3_grm_std_uni,1,7.210444927215576,-5.31442403793335,1
Clemson_p034_c3_grm_std_uni,1,7.2329583168029785,-5.307784080505371,1
Clemson_p034_c3_grm_std_uni,1,7.215466499328613,-5.265858173370361,1
Clemson_p034_c3_grm_std_uni,1,7.2701826095581055,-5.264432907104492,1
Clemson_p034_c3_grm_std_uni,1,7.246318340301514,-5.25256872177124,1
Clemson_p034_c3_grm_std_uni,1,7.206082820892334,-5.24986457824707,1
Clemson_p034_c3_grm_std_uni,1,7.199935436248779,-5.2954254150390625,1
Clemson_p034_c3_grm_std_uni,1,7.182458877563477,-5.301362991333008,1
Clemson_p034_c3_grm_std_uni,1,7.123732089996338,-5.269398212432861,1
Clemson_p034_c3_grm_std_uni,1,7.134899616241455,-5.278390884399414,1
Clemson_p034_c3_grm_std_uni,1,7.182889461517334,-5.280488014221191,1
Clemson_p034_c3_grm_std_uni,1,7.173705577850342,-5.269933700561523,1
Clemson_p034_c3_grm_std_uni,1,7.1988983154296875,-5.307377815246582,1
Clemson_p034_c3_grm_std_uni,1,7.186402797698975,-5.311203956604004,1
Clemson_p034_c3_grm_std_uni,1,7.104008674621582,-5.234433650970459,1
Clemson_p034_c3_grm_std_uni,1,7.040358066558838,-5.17051887512207,1
Clemson_p034_c3_grm_std_uni,1,7.009708881378174,-5.1702704429626465,1
Clemson_p034_c3_grm_std_uni,1,7.1283698081970215,-5.287581443786621,1
Clemson_p034_c3_grm_std_uni,1,7.13809061050415,-5.323444843292236,1
Clemson_p034_c3_grm_std_uni,1,7.112699031829834,-5.357085227966309,1
Clemson_p034_c3_grm_std_uni,1,7.1282639503479,-5.408812999725342,1
Clemson_p034_c3_grm_std_uni,1,7.216626167297363,-5.490156650543213,1
Clemson_p034_c3_grm_std_uni,1,7.388566017150879,-5.557956218719482,1
Clemson_p034_c3_grm_std_uni,1,7.3832550048828125,-5.472962379455566,1
Clemson_p034_c3_grm_std_uni,1,7.373497009277344,-5.351169109344482,1
Clemson_p034_c3_grm_std_uni,1,7.333858013153076,-5.311470031738281,1
Clemson_p034_c3_grm_std_uni,1,7.501619338989258,-5.371858596801758,1
Clemson_p034_c3_grm_std_uni,1,7.867204666137695,-5.578244686126709,1
Clemson_p034_c3_grm_std_uni,1,7.689753532409668,-5.348249435424805,1
Clemson_p034_c3_grm_std_uni,1,7.612720966339111,-5.267470359802246,1
Clemson_p034_c3_grm_std_uni,1,7.3206706047058105,-5.155256748199463,1
Clemson_p034_c3_grm_std_uni,1,7.256910800933838,-5.268912315368652,1
Clemson_p034_c3_grm_std_uni,1,7.29350471496582,-5.472907066345215,1
Clemson_p034_c3_grm_std_uni,1,7.248499393463135,-5.660265922546387,1
Clemson_p034_c3_grm_std_uni,1,7.534345626831055,-5.999011516571045,1
Clemson_p034_c3_grm_std_uni,1,7.378944396972656,-5.915591239929199,1
Clemson_p034_c3_grm_std_uni,1,6.818431377410889,-4.957976818084717,1
Clemson_p034_c3_grm_std_uni,1,5.836278438568115,-4.022503852844238,1
Clemson_p034_c3_grm_std_uni,1,4.363753795623779,-2.9421732425689697,1
Clemson_p034_c3_grm_std_uni,1,4.522688388824463,-3.330146312713623,1
Clemson_p034_c3_grm_std_uni,1,4.765352725982666,-3.804351568222046,1
Clemson_p034_c3_grm_std_uni,1,4.795058250427246,-4.3168816566467285,1
Clemson_p034_c3_grm_std_uni,1,5.43936014175415,-4.899784564971924,1
Clemson_p034_c3_grm_std_uni,1,6.09852409362793,-5.537344455718994,1
Clemson_p034_c3_grm_std_uni,1,6.514285087585449,-5.636233329772949,1
Clemson_p034_c3_grm_std_uni,1,6.738811016082764,-5.50948429107666,1
Clemson_p034_c3_grm_std_uni,1,7.562284469604492,-6.317044258117676,1
Clemson_p034_c3_grm_std_uni,1,6.473221778869629,-5.545878887176514,1
Clemson_p034_c3_grm_std_uni,1,5.825078964233398,-4.9392991065979,1
Clemson_p034_c3_grm_std_uni,1,5.462740898132324,-4.544474124908447,1
Clemson_p034_c3_grm_std_uni,1,4.989547252655029,-3.929844379425049,1
Clemson_p034_c3_grm_std_uni,1,5.187475681304932,-3.9184114933013916,1
Clemson_p034_c3_grm_std_uni,1,6.877313137054443,-5.937527656555176,1
Clemson_p034_c3_grm_std_uni,1,6.983177661895752,-5.736169815063477,1
Clemson_p034_c3_grm_std_uni,1,6.534307479858398,-4.520554065704346,1
Clemson_p034_c3_grm_std_uni,1,6.151430606842041,-4.081744194030762,1
Clemson_p034_c3_grm_std_uni,1,6.135435104370117,-4.97361421585083,1
Clemson_p034_c3_grm_std_uni,1,6.762312412261963,-5.47406530380249,1
Clemson_p034_c3_grm_std_uni,1,7.4713664054870605,-5.864293098449707,1
Clemson_p034_c3_grm_std_uni,1,8.100525856018066,-6.377800941467285,1
Clemson_p034_c3_grm_std_uni,1,7.760223865509033,-6.68618106842041,1
Clemson_p034_c3_grm_std_uni,1,7.21293830871582,-6.345910549163818,1
Clemson_p034_c3_grm_std_uni,1,6.542075157165527,-5.3141303062438965,1
Clemson_p034_c3_grm_std_uni,1,6.930943012237549,-5.2813005447387695,1
Clemson_p034_c3_grm_std_uni,1,7.762681007385254,-6.216998100280762,1
Clemson_p034_c3_grm_std_uni,1,6.777677536010742,-5.600499629974365,1
Clemson_p034_c3_grm_std_uni,1,6.046088218688965,-5.306122779846191,1
Clemson_p034_c3_grm_std_uni,1,6.382558822631836,-5.875668048858643,1
Clemson_p034_c3_grm_std_uni,1,7.313333988189697,-6.85872745513916,1
Clemson_p034_c3_grm_std_uni,1,8.399205207824707,-7.528750896453857,1
Clemson_p034_c3_grm_std_uni,1,8.154738426208496,-7.036537170410156,1
Clemson_p034_c3_grm_std_uni,1,7.712900638580322,-6.83426570892334,1
Clemson_p034_c3_grm_std_uni,1,7.009862899780273,-6.497103691101074,1
Clemson_p034_c3_grm_std_uni,1,6.756059646606445,-6.375252723693848,1
Clemson_p034_c3_grm_std_uni,1,6.621541976928711,-6.299912452697754,1
Clemson_p034_c3_grm_std_uni,1,6.531112194061279,-6.1839494705200195,1
Clemson_p034_c3_grm_std_uni,1,6.699347972869873,-6.166682720184326,1
Clemson_p034_c3_grm_std_uni,1,6.385012626647949,-5.592583656311035,1
Clemson_p034_c3_grm_std_uni,1,5.341475963592529,-4.320684432983398,1
Clemson_p034_c3_grm_std_uni,1,5.281736373901367,-4.252603530883789,1
Clemson_p034_c3_grm_std_uni,1,5.763763427734375,-4.888073444366455,1
Clemson_p034_c3_grm_std_uni,1,5.685657978057861,-4.849895000457764,1
Clemson_p034_c3_grm_std_uni,1,5.448343276977539,-4.3889594078063965,1
Clemson_p034_c3_grm_std_uni,1,5.056511878967285,-3.460467576980591,1
Clemson_p034_c3_grm_std_uni,1,5.0572991371154785,-3.6907355785369873,1
Clemson_p034_c3_grm_std_uni,1,6.0389838218688965,-5.116677284240723,1
Clemson_p034_c3_grm_std_uni,1,6.773286819458008,-5.748693466186523,1
Clemson_p034_c3_grm_std_uni,1,7.190003395080566,-6.114528179168701,1
Clemson_p034_c3_grm_std_uni,1,6.717041969299316,-5.820294380187988,1
Clemson_p034_c3_grm_std_uni,1,6.062850475311279,-4.991511344909668,1
Clemson_p034_c3_grm_std_uni,1,5.708606243133545,-4.698984146118164,1
Clemson_p034_c3_grm_std_uni,1,5.784981727600098,-4.682128429412842,1
Clemson_p034_c3_grm_std_uni,1,6.696821689605713,-5.751256465911865,1
Clemson_p034_c3_grm_std_uni,1,6.921458721160889,-6.269007682800293,1
Clemson_p034_c3_grm_std_uni,1,6.42203950881958,-5.982326984405518,1
Clemson_p034_c3_grm_std_uni,1,5.891317367553711,-5.589897155761719,1
Clemson_p034_c3_grm_std_uni,1,5.450146198272705,-5.2335100173950195,1
Clemson_p034_c3_grm_std_uni,1,5.296433448791504,-4.871854305267334,1
Clemson_p034_c3_grm_std_uni,1,4.627355098724365,-4.335869312286377,1
Clemson_p034_c3_grm_std_uni,1,3.477884531021118,-3.3155081272125244,1
Clemson_p034_c3_grm_std_uni,1,3.196794033050537,-2.824737787246704,1
Clemson_p034_c3_grm_std_uni,1,3.9030821323394775,-3.405421733856201,1
Clemson_p034_c3_grm_std_uni,1,4.797972202301025,-4.7882184982299805,1
Clemson_p034_c3_grm_std_uni,1,5.953747749328613,-5.830625534057617,1
Clemson_p034_c3_grm_std_uni,1,6.994504928588867,-6.472254753112793,1
Clemson_p034_c3_grm_std_uni,1,7.463221549987793,-6.58413028717041,1
Clemson_p034_c3_grm_std_uni,1,6.774223327636719,-6.09020471572876,1
Clemson_p034_c3_grm_std_uni,1,6.051364421844482,-5.466196060180664,1
Clemson_p034_c3_grm_std_uni,1,5.658613681793213,-5.361910343170166,1
Clemson_p034_c3_grm_std_uni,1,6.0079145431518555,-5.492796897888184,1
Clemson_p034_c3_grm_std_uni,1,6.637759208679199,-6.128626346588135,1
Clemson_p034_c3_grm_std_uni,1,6.589165687561035,-6.008716106414795,1
Clemson_p034_c3_grm_std_uni,1,6.749453067779541,-6.064336776733398,1
Clemson_p034_c3_grm_std_uni,1,7.083453178405762,-6.333117961883545,1
Clemson_p034_c3_grm_std_uni,1,7.047770023345947,-6.266189098358154,1
Clemson_p034_c3_grm_std_uni,1,7.443207263946533,-6.488325595855713,1
Clemson_p034_c3_grm_std_uni,1,7.047362327575684,-6.664045810699463,1
Clemson_p034_c3_grm_std_uni,1,5.683548450469971,-5.6280107498168945,1
Clemson_p034_c3_grm_std_uni,1,5.3691840171813965,-4.898447036743164,1
Clemson_p034_c3_grm_std_uni,1,6.025725364685059,-5.019586086273193,1
Clemson_p034_c3_grm_std_uni,1,6.435089588165283,-5.356417655944824,1
Clemson_p034_c3_grm_std_uni,2,6.809720039367676,-5.70883846282959,1
Clemson_p034_c3_grm_std_uni,2,6.8884196281433105,-6.168112277984619,1
Clemson_p034_c3_grm_std_uni,2,6.577512264251709,-6.046627521514893,1
Clemson_p034_c3_grm_std_uni,2,6.107017993927002,-5.617858409881592,1
Clemson_p034_c3_grm_std_uni,2,5.9181036949157715,-5.450908184051514,1
Clemson_p034_c3_grm_std_uni,2,5.757016658782959,-5.314950942993164,1
Clemson_p034_c3_grm_std_uni,2,5.452859878540039,-5.1877288818359375,1
Clemson_p034_c3_grm_std_uni,2,4.7659759521484375,-4.839643955230713,1
Clemson_p034_c3_grm_std_uni,2,4.53636360168457,-4.751570701599121,1
Clemson_p034_c3_grm_std_uni,2,4.5138258934021,-4.749147415161133,1
Clemson_p034_c3_grm_std_uni,2,4.531877517700195,-4.742894649505615,1
Clemson_p034_c3_grm_std_uni,2,4.5346150398254395,-4.750076770782471,1
Clemson_p034_c3_grm_std_uni,2,4.607416152954102,-4.819342136383057,1
Clemson_p034_c3_grm_std_uni,2,4.678971290588379,-4.6144022941589355,1
Clemson_p034_c3_grm_std_uni,2,3.2588627338409424,-3.392690896987915,1
Clemson_p034_c3_grm_std_uni,2,-0.7127374410629272,0.6564260721206665,2
Clemson_p034_c3_grm_std_uni,2,2.4341225624084473,-0.8877131938934326,1
Clemson_p034_c3_grm_std_uni,2,5.818461894989014,-5.130302429199219,1
Clemson_p034_c3_grm_std_uni,2,7.253014087677002,-6.024312496185303,1
Clemson_p034_c3_grm_std_uni,2,7.5003886222839355,-6.135773658752441,1
Clemson_p034_c3_grm_std_uni,2,7.227146625518799,-5.770539283752441,1
Clemson_p034_c3_grm_std_uni,2,7.496764659881592,-5.828164100646973,1
Clemson_p034_c3_grm_std_uni,2,7.888195991516113,-6.4030890464782715,1
Clemson_p034_c3_grm_std_uni,2,7.779990196228027,-6.391201972961426,1
Clemson_p034_c3_grm_std_uni,2,7.189286708831787,-6.027291297912598,1
Clemson_p034_c3_grm_std_uni,2,6.428931713104248,-5.8494181632995605,1
Clemson_p034_c3_grm_std_uni,2,5.809617519378662,-5.699216365814209,1
Clemson_p034_c3_grm_std_uni,2,5.627488136291504,-5.594045639038086,1
Clemson_p034_c3_grm_std_uni,2,6.076096057891846,-5.807663917541504,1
Clemson_p034_c3_grm_std_uni,2,6.4373626708984375,-5.726339817047119,1
Clemson_p034_c3_grm_std_uni,2,5.059240818023682,-3.741032361984253,1
Clemson_p034_c3_grm_std_uni,2,4.444917678833008,-2.655747413635254,1
Clemson_p034_c3_grm_std_uni,2,5.671315670013428,-3.9042775630950928,1
Clemson_p034_c3_grm_std_uni,2,6.805598735809326,-5.773719310760498,1
Clemson_p034_c3_grm_std_uni,2,7.620594501495361,-6.3782172203063965,1
Clemson_p034_c3_grm_std_uni,1,7.551800727844238,-6.013376712799072,1
Clemson_p034_c3_grm_std_uni,1,7.8230204582214355,-6.385243892669678,1
Clemson_p034_c3_grm_std_uni,1,7.448054313659668,-6.759190082550049,1
Clemson_p034_c3_grm_std_uni,1,6.752908706665039,-6.199104309082031,1
Clemson_p034_c3_grm_std_uni,1,6.200798988342285,-5.697168827056885,1
Clemson_p034_c3_grm_std_uni,1,6.020953178405762,-5.417008876800537,1
Clemson_p034_c3_grm_std_uni,1,6.231686592102051,-5.554785251617432,1
Clemson_p034_c3_grm_std_uni,1,6.471096515655518,-5.616671562194824,1
Clemson_p034_c3_grm_std_uni,1,6.659727573394775,-5.622272968292236,1
Clemson_p034_c3_grm_std_uni,1,6.684299945831299,-5.509585857391357,1
Clemson_p034_c3_grm_std_uni,1,6.458391189575195,-5.261475563049316,1
Clemson_p034_c3_grm_std_uni,1,6.364036560058594,-5.109994411468506,1
Clemson_p034_c3_grm_std_uni,1,6.457277297973633,-5.101031303405762,1
Clemson_p034_c3_grm_std_uni,1,6.521576881408691,-5.139309406280518,1
Clemson_p034_c3_grm_std_uni,1,6.550994396209717,-5.1898579597473145,1
Clemson_p034_c3_grm_std_uni,1,6.345125675201416,-5.108649253845215,1
Clemson_p034_c3_grm_std_uni,1,6.409186840057373,-5.1448655128479,1
Clemson_p034_c3_grm_std_uni,1,6.211414813995361,-4.881904602050781,1
Clemson_p034_c3_grm_std_uni,1,6.2997612953186035,-4.735062599182129,1
Clemson_p034_c3_grm_std_uni,1,6.61511754989624,-4.884400844573975,1
Clemson_p034_c3_grm_std_uni,1,6.5728278160095215,-4.723387718200684,1
Clemson_p034_c3_grm_std_uni,1,5.7725372314453125,-4.073653697967529,1
Clemson_p034_c3_grm_std_uni,1,5.050126075744629,-3.5922961235046387,1
Clemson_p034_c3_grm_std_uni,1,5.445399761199951,-4.571106910705566,1
Clemson_p034_c3_grm_std_uni,1,5.426763534545898,-4.804765224456787,1
Clemson_p034_c3_grm_std_uni,1,5.099905014038086,-4.524960517883301,1
Clemson_p034_c3_grm_std_uni,1,4.565167427062988,-4.0951666831970215,1
Clemson_p034_c3_grm_std_uni,1,4.8335981369018555,-4.09706974029541,1
Clemson_p034_c3_grm_std_uni,1,4.846791744232178,-3.9129064083099365,1
Clemson_p034_c3_grm_std_uni,1,4.651124954223633,-3.3353211879730225,1
Clemson_p034_c3_grm_std_uni,1,5.941756248474121,-4.769089221954346,1
Clemson_p034_c3_grm_std_uni,1,7.418355941772461,-6.456161975860596,1
Clemson_p034_c3_grm_std_uni,1,8.141382217407227,-6.849354267120361,1
Clemson_p034_c3_grm_std_uni,1,8.015003204345703,-6.665108680725098,1
Clemson_p034_c3_grm_std_uni,1,7.0920257568359375,-6.38155460357666,1
Clemson_p034_c3_grm_std_uni,1,6.225244998931885,-5.945727825164795,1
Clemson_p034_c3_grm_std_uni,1,5.517710208892822,-5.786904335021973,1
Clemson_p034_c3_grm_std_uni,1,5.459915637969971,-5.362019062042236,1
Clemson_p034_c3_grm_std_uni,1,5.4276885986328125,-5.2407612800598145,1
Clemson_p034_c3_grm_std_uni,1,5.122247695922852,-5.1836748123168945,1
Clemson_p034_c3_grm_std_uni,1,4.7268476486206055,-4.671111106872559,1
Clemson_p034_c3_grm_std_uni,1,4.0456342697143555,-3.918410301208496,1
Clemson_p034_c3_grm_std_uni,1,2.8398938179016113,-2.5801031589508057,1
Clemson_p034_c3_grm_std_uni,1,3.3146042823791504,-2.4898619651794434,1
Clemson_p034_c3_grm_std_uni,1,4.406016826629639,-3.033202648162842,1
Clemson_p034_c3_grm_std_uni,1,4.997211933135986,-3.7129158973693848,1
Clemson_p034_c3_grm_std_uni,1,5.8028364181518555,-4.442277908325195,1
Clemson_p034_c3_grm_std_uni,1,6.941808223724365,-5.314969062805176,1
Clemson_p034_c3_grm_std_uni,1,7.3649983406066895,-5.718316555023193,1
Clemson_p034_c3_grm_std_uni,1,6.677154064178467,-5.348152160644531,1
Clemson_p034_c3_grm_std_uni,1,5.8698930740356445,-4.522406578063965,1
Clemson_p034_c3_grm_std_uni,1,5.294000625610352,-4.13680362701416,1
Clemson_p034_c3_grm_std_uni,1,6.520690441131592,-4.878484725952148,1
Clemson_p034_c3_grm_std_uni,1,7.0600714683532715,-5.788211345672607,1
Clemson_p034_c3_grm_std_uni,1,6.995644569396973,-5.964764595031738,1
Clemson_p034_c3_grm_std_uni,1,6.206167697906494,-4.837086200714111,1
Clemson_p034_c3_grm_std_uni,1,5.5618510246276855,-3.843679189682007,1
Clemson_p034_c3_grm_std_uni,1,5.951370716094971,-4.481614112854004,1
Clemson_p034_c3_grm_std_uni,1,6.912109375,-5.765071392059326,1
Clemson_p034_c3_grm_std_uni,1,7.602728843688965,-6.127926349639893,1
Clemson_p034_c3_grm_std_uni,1,7.143106460571289,-5.933099269866943,1
Clemson_p034_c3_grm_std_uni,1,6.260322093963623,-5.459790229797363,1
Clemson_p034_c3_grm_std_uni,1,5.50715970993042,-5.043306350708008,1
Clemson_p034_c3_grm_std_uni,1,5.195404052734375,-4.792426586151123,1
Clemson_p034_c3_grm_std_uni,1,5.840097427368164,-5.0789875984191895,1
Clemson_p034_c3_grm_std_uni,1,6.755278587341309,-6.107668876647949,1
Clemson_p034_c3_grm_std_uni,1,6.959601402282715,-6.519894123077393,1
Clemson_p034_c3_grm_std_uni,1,6.336958885192871,-6.070101737976074,1
Clemson_p034_c3_grm_std_uni,1,5.967875957489014,-6.005559921264648,1
Clemson_p034_c3_grm_std_uni,1,5.947417259216309,-6.124773979187012,1
Clemson_p034_c3_grm_std_uni,1,5.8233561515808105,-5.934348106384277,1
Clemson_p034_c3_grm_std_uni,1,5.580440044403076,-5.764155387878418,1
Clemson_p034_c3_grm_std_uni,1,5.071809768676758,-5.354102611541748,1
Clemson_p034_c3_grm_std_uni,1,5.021821022033691,-5.221364498138428,1
Clemson_p034_c3_grm_std_uni,1,4.806729793548584,-5.031904697418213,1
Clemson_p034_c3_grm_std_uni,1,4.927346229553223,-5.153351306915283,1
Clemson_p034_c3_grm_std_uni,1,4.8722405433654785,-5.164226055145264,1
Clemson_p034_c3_grm_std_uni,1,5.043790817260742,-5.318385601043701,1
Clemson_p034_c3_grm_std_uni,1,5.248213291168213,-5.52030086517334,1
Clemson_p034_c3_grm_std_uni,1,5.171236038208008,-5.486526966094971,1
Clemson_p034_c3_grm_std_uni,1,4.978172779083252,-5.262422561645508,1
Clemson_p034_c3_grm_std_uni,1,4.276700019836426,-4.684360027313232,1
Clemson_p034_c3_grm_std_uni,1,4.413155555725098,-4.729593753814697,1
Clemson_p034_c3_grm_std_uni,1,4.712446212768555,-4.8635077476501465,1
Clemson_p034_c3_grm_std_uni,1,5.078620433807373,-4.87926721572876,1
Clemson_p034_c3_grm_std_uni,1,4.916670799255371,-4.33729887008667,1
Clemson_p034_c3_grm_std_uni,1,4.36758279800415,-4.064526557922363,1
Clemson_p034_c3_grm_std_uni,2,3.863368511199951,-4.191006660461426,1
Clemson_p034_c3_grm_std_uni,2,3.777559757232666,-4.405733108520508,1
Clemson_p034_c3_grm_std_uni,2,4.145734786987305,-4.718628406524658,1
Clemson_p034_c3_grm_std_uni,2,4.282618522644043,-4.754378318786621,1
Clemson_p034_c3_grm_std_uni,2,4.127339839935303,-4.610837459564209,1
Clemson_p034_c3_grm_std_uni,2,4.140474796295166,-4.646818161010742,1
Clemson_p034_c3_grm_std_uni,2,4.341652870178223,-4.586995601654053,1
Clemson_p034_c3_grm_std_uni,2,4.478373050689697,-4.438267707824707,1
Clemson_p034_c3_grm_std_uni,2,3.961578607559204,-3.4544851779937744,1
Clemson_p034_c3_grm_std_uni,2,0.1773139387369156,-0.8523433804512024,1
Clemson_p034_c3_grm_std_uni,2,-1.9552748203277588,2.447021961212158,2
Clemson_p034_c3_grm_std_uni,2,4.379136085510254,-2.697540044784546,1
Clemson_p034_c3_grm_std_uni,2,6.774168968200684,-5.015096664428711,1
Clemson_p034_c3_grm_std_uni,2,7.907496929168701,-5.9506072998046875,1
Clemson_p034_c3_grm_std_uni,2,7.4395647048950195,-6.613528251647949,1
Clemson_p034_c3_grm_std_uni,2,6.6573076248168945,-6.474830627441406,1
Clemson_p034_c3_grm_std_uni,2,6.309631824493408,-6.244814395904541,1
Clemson_p034_c3_grm_std_uni,2,6.20269775390625,-6.023909568786621,1
Clemson_p034_c3_grm_std_uni,2,6.292104244232178,-6.187248706817627,1
Clemson_p034_c3_grm_std_uni,2,5.1863884925842285,-5.098093509674072,1
Clemson_p034_c3_grm_std_uni,2,3.9469618797302246,-2.160036325454712,1
Clemson_p034_c3_grm_std_uni,2,4.912431716918945,-3.1667966842651367,1
Clemson_p034_c3_grm_std_uni,2,6.600817680358887,-5.25078010559082,1
Clemson_p034_c3_grm_std_uni,2,7.209545612335205,-5.7968573570251465,1
Clemson_p034_c3_grm_std_uni,1,7.7308149337768555,-6.147523403167725,1
Clemson_p034_c3_grm_std_uni,1,7.338339328765869,-5.8145599365234375,1
Clemson_p034_c3_grm_std_uni,1,8.357909202575684,-6.679991245269775,1
Clemson_p034_c3_grm_std_uni,1,8.026369094848633,-6.855193614959717,1
Clemson_p034_c3_grm_std_uni,1,7.878853797912598,-6.709834098815918,1
Clemson_p034_c3_grm_std_uni,1,7.360734462738037,-5.733138084411621,1
Clemson_p034_c3_grm_std_uni,1,7.590672016143799,-5.873339653015137,1
Clemson_p034_c3_grm_std_uni,1,7.815589904785156,-6.098317623138428,1
Clemson_p034_c3_grm_std_uni,1,7.746987819671631,-6.03974723815918,1
Clemson_p034_c3_grm_std_uni,1,8.393057823181152,-6.750927925109863,1
Clemson_p034_c3_grm_std_uni,1,8.28327751159668,-6.719268798828125,1
Clemson_p034_c3_grm_std_uni,1,7.749174118041992,-6.129633903503418,1
Clemson_p034_c3_grm_std_uni,1,7.757806301116943,-6.444758892059326,1
Clemson_p034_c3_grm_std_uni,1,8.471803665161133,-7.333322048187256,1
Clemson_p034_c3_grm_std_uni,1,8.707131385803223,-7.510278224945068,1
Clemson_p034_c3_grm_std_uni,1,8.105152130126953,-7.12408447265625,1
Clemson_p034_c3_grm_std_uni,1,7.037106513977051,-6.532118320465088,1
Clemson_p034_c3_grm_std_uni,1,6.1777119636535645,-5.904444217681885,1
Clemson_p034_c3_grm_std_uni,1,5.610714435577393,-5.208983421325684,1
Clemson_p034_c3_grm_std_uni,1,4.920870780944824,-4.87244987487793,1
Clemson_p034_c3_grm_std_uni,1,3.8444011211395264,-4.463841915130615,1
Clemson_p034_c3_grm_std_uni,1,4.179938793182373,-4.743013858795166,1
Clemson_p034_c3_grm_std_uni,1,5.024003982543945,-5.504458427429199,1
Clemson_p034_c3_grm_std_uni,1,4.922638416290283,-5.4461469650268555,1
Clemson_p034_c3_grm_std_uni,1,3.06573748588562,-3.741250514984131,1
Clemson_p034_c3_grm_std_uni,1,3.0172348022460938,-3.0053889751434326,1
Clemson_p034_c3_grm_std_uni,1,4.939255237579346,-4.815876483917236,1
Clemson_p034_c3_grm_std_uni,1,5.609599590301514,-5.676506519317627,1
Clemson_p034_c3_grm_std_uni,1,5.787430286407471,-5.968896389007568,1
Clemson_p034_c3_grm_std_uni,1,6.009007453918457,-6.0403361320495605,1
Clemson_p034_c3_grm_std_uni,1,6.390920162200928,-6.093024730682373,1
Clemson_p034_c3_grm_std_uni,1,6.956690311431885,-6.065755367279053,1
Clemson_p034_c3_grm_std_uni,1,7.361918926239014,-5.734192848205566,1
Clemson_p034_c3_grm_std_uni,1,7.8986053466796875,-5.965761184692383,1
Clemson_p034_c3_grm_std_uni,1,7.696477890014648,-5.873848915100098,1
Clemson_p034_c3_grm_std_uni,1,7.557710647583008,-6.028934001922607,1
Clemson_p034_c3_grm_std_uni,1,7.064297676086426,-5.759966850280762,1
Clemson_p034_c3_grm_std_uni,1,6.617592811584473,-5.531450271606445,1
Clemson_p034_c3_grm_std_uni,1,6.749375343322754,-5.678981304168701,1
Clemson_p034_c3_grm_std_uni,1,7.07240629196167,-5.892049789428711,1
Clemson_p034_c3_grm_std_uni,1,7.139670372009277,-5.9704108238220215,1
Clemson_p034_c3_grm_std_uni,1,6.997321605682373,-5.942442417144775,1
Clemson_p034_c3_grm_std_uni,1,6.810778617858887,-5.89884614944458,1
Clemson_p034_c3_grm_std_uni,1,6.676709175109863,-5.855738639831543,1
Clemson_p034_c3_grm_std_uni,1,6.549405097961426,-5.786330223083496,1
Clemson_p034_c3_grm_std_uni,1,6.42310905456543,-5.699679374694824,1
Clemson_p034_c3_grm_std_uni,1,6.282054424285889,-5.597193241119385,1
Clemson_p034_c3_grm_std_uni,1,6.168975353240967,-5.512322425842285,1
Clemson_p034_c3_grm_std_uni,1,6.011373043060303,-5.455006122589111,1
Clemson_p034_c3_grm_std_uni,1,5.851999282836914,-5.422869682312012,1
Clemson_p034_c3_grm_std_uni,1,5.798447608947754,-5.4127631187438965,1
Clemson_p034_c3_grm_std_uni,1,5.871182441711426,-5.431352615356445,1
Clemson_p034_c3_grm_std_uni,1,6.071777820587158,-5.450403213500977,1
Clemson_p034_c3_grm_std_uni,1,6.179957866668701,-5.375642776489258,1
Clemson_p034_c3_grm_std_uni,1,6.217841148376465,-5.282050132751465,1
Clemson_p034_c3_grm_std_uni,1,6.141200065612793,-5.203683853149414,1
Clemson_p034_c3_grm_std_uni,1,6.094151496887207,-5.178678512573242,1
Clemson_p034_c3_grm_std_uni,1,6.077656269073486,-5.219721794128418,1
Clemson_p034_c3_grm_std_uni,1,6.029433727264404,-5.2197265625,1
Clemson_p034_c3_grm_std_uni,1,5.928704738616943,-5.153868675231934,1
Clemson_p034_c3_grm_std_uni,1,5.92963981628418,-5.114037036895752,1
Clemson_p034_c3_grm_std_uni,1,5.9161529541015625,-5.072209358215332,1
Clemson_p034_c3_grm_std_uni,1,5.764951229095459,-5.000710964202881,1
Clemson_p034_c3_grm_std_uni,1,5.659286022186279,-4.953752517700195,1
Clemson_p034_c3_grm_std_uni,1,5.64522123336792,-4.990854740142822,1
Clemson_p034_c3_grm_std_uni,1,5.575951099395752,-4.9709906578063965,1
Clemson_p034_c3_grm_std_uni,1,5.4660468101501465,-4.9186811447143555,1
Clemson_p034_c3_grm_std_uni,1,5.441379070281982,-4.844600200653076,1
Clemson_p034_c3_grm_std_uni,1,5.369950771331787,-4.715621471405029,1
Clemson_p034_c3_grm_std_uni,1,5.05457067489624,-4.52532958984375,1
Clemson_p034_c3_grm_std_uni,1,4.5757670402526855,-4.093475341796875,1
Clemson_p034_c3_grm_std_uni,1,5.241795539855957,-4.571816921234131,1
Clemson_p034_c3_grm_std_uni,1,5.698310375213623,-4.899416923522949,1
Clemson_p034_c3_grm_std_uni,1,5.844052314758301,-5.003281593322754,1
Clemson_p034_c3_grm_std_uni,1,5.814565181732178,-4.9665117263793945,1
Clemson_p034_c3_grm_std_uni,1,5.720059394836426,-4.911062717437744,1
Clemson_p034_c3_grm_std_uni,1,5.614905834197998,-4.867082118988037,1
Clemson_p034_c3_grm_std_uni,1,5.4960808753967285,-4.815922260284424,1
Clemson_p034_c3_grm_std_uni,1,5.593211650848389,-4.886641502380371,1
Clemson_p034_c3_grm_std_uni,1,5.650856018066406,-4.9276862144470215,1
Clemson_p034_c3_grm_std_uni,1,5.597334861755371,-4.866724967956543,1
Clemson_p034_c3_grm_std_uni,1,5.666428565979004,-4.94108247756958,1
Clemson_p034_c3_grm_std_uni,1,5.728283405303955,-4.982461452484131,1
Clemson_p034_c3_grm_std_uni,1,5.7766194343566895,-5.012632369995117,1
Clemson_p034_c3_grm_std_uni,1,5.712564468383789,-4.9520344734191895,1
Clemson_p034_c3_grm_std_uni,1,5.6485490798950195,-4.949447154998779,1
Clemson_p034_c3_grm_std_uni,1,5.602757453918457,-4.955591201782227,1
Clemson_p034_c3_grm_std_uni,1,5.520853042602539,-4.921604633331299,1
Clemson_p034_c3_grm_std_uni,1,5.572474956512451,-4.951211929321289,1
Clemson_p034_c3_grm_std_uni,1,5.621504306793213,-4.971447944641113,1
Clemson_p034_c3_grm_std_uni,1,5.69397497177124,-4.998463153839111,1
Clemson_p034_c3_grm_std_uni,1,5.759343147277832,-5.036261558532715,1
Clemson_p034_c3_grm_std_uni,1,5.877162456512451,-5.116518497467041,1
Clemson_p034_c3_grm_std_uni,1,5.84359073638916,-5.080602169036865,1
Clemson_p034_c3_grm_std_uni,1,5.764906883239746,-5.010371685028076,1
Clemson_p034_c3_grm_std_uni,1,5.798080921173096,-5.033627986907959,1
Clemson_p034_c3_grm_std_uni,1,5.837170124053955,-5.065417766571045,1
Clemson_p034_c3_grm_std_uni,1,5.829007148742676,-5.053285121917725,1
Clemson_p034_c3_grm_std_uni,1,5.806740760803223,-5.0308122634887695,1
Clemson_p034_c3_grm_std_uni,1,5.788139820098877,-5.018144607543945,1
Clemson_p034_c3_grm_std_uni,1,5.754420757293701,-5.003728866577148,1
Clemson_p034_c3_grm_std_uni,1,5.659928798675537,-4.941244602203369,1
Clemson_p034_c3_grm_std_uni,1,5.613778591156006,-4.924511432647705,1
Clemson_p034_c3_grm_std_uni,1,5.6162309646606445,-4.944014072418213,1
Clemson_p034_c3_grm_std_uni,1,5.71229362487793,-5.045990467071533,1
Clemson_p034_c3_grm_std_uni,1,5.794166564941406,-5.111046314239502,1
Clemson_p034_c3_grm_std_uni,1,5.788926124572754,-5.081603527069092,1
Clemson_p034_c3_grm_std_uni,1,5.744697093963623,-5.036171913146973,1
Clemson_p034_c3_grm_std_uni,1,5.808269023895264,-5.09303092956543,1
Clemson_p034_c3_grm_std_uni,1,5.815439701080322,-5.102293491363525,1
Clemson_p034_c3_grm_std_uni,1,5.8019609451293945,-5.088456630706787,1
Clemson_p034_c3_grm_std_uni,1,5.800239086151123,-5.088284492492676,1
Clemson_p034_c3_grm_std_uni,1,5.799206733703613,-5.085493564605713,1
Clemson_p034_c3_grm_std_uni,1,5.787134170532227,-5.072725772857666,1
Clemson_p034_c3_grm_std_uni,1,5.790541648864746,-5.079028129577637,1
Clemson_p034_c3_grm_std_uni,1,5.775690078735352,-5.0820512771606445,1
Clemson_p034_c3_grm_std_uni,1,5.813851356506348,-5.133102893829346,1
Clemson_p034_c3_grm_std_uni,1,5.800161838531494,-5.1143479347229,1
Clemson_p034_c3_grm_std_uni,1,5.796183109283447,-5.096376895904541,1
Clemson_p034_c3_grm_std_uni,1,5.720463752746582,-5.02419376373291,1
Clemson_p034_c3_grm_std_uni,1,5.860291957855225,-5.141451358795166,1
Clemson_p034_c3_grm_std_uni,1,5.878979682922363,-5.1385040283203125,1
Clemson_p034_c3_grm_std_uni,1,5.915244102478027,-5.164505958557129,1
Clemson_p034_c3_grm_std_uni,1,5.91358757019043,-5.163957595825195,1
Clemson_p034_c3_grm_std_uni,1,5.882716655731201,-5.1316986083984375,1
Clemson_p034_c3_grm_std_uni,1,5.8135457038879395,-5.06506872177124,1
Clemson_p034_c3_grm_std_uni,1,5.733334541320801,-5.010522842407227,1
Clemson_p034_c3_grm_std_uni,1,5.6411333084106445,-4.970104694366455,1
Clemson_p034_c3_grm_std_uni,1,5.408528804779053,-4.762125015258789,1
Clemson_p034_c3_grm_std_uni,1,4.966071128845215,-4.699690818786621,1
Clemson_p034_c3_grm_std_uni,1,3.8164639472961426,-4.100857734680176,1
Clemson_p034_c3_grm_std_uni,1,1.8611804246902466,-2.4552645683288574,1
Clemson_p034_c3_grm_std_uni,1,3.123469114303589,-3.2242825031280518,1
Clemson_p034_c3_grm_std_uni,1,4.192240238189697,-3.8679003715515137,1
Clemson_p034_c3_grm_std_uni,1,4.2588300704956055,-3.999001979827881,1
Clemson_p034_c3_grm_std_uni,1,5.159696102142334,-4.7789812088012695,1
Clemson_p034_c3_grm_std_uni,1,5.238583564758301,-4.539039134979248,1
Clemson_p034_c3_grm_std_uni,1,5.046774387359619,-3.6227681636810303,1
Clemson_p034_c3_grm_std_uni,1,4.976806640625,-2.8944830894470215,1
Clemson_p034_c3_grm_std_uni,1,5.4093427658081055,-3.551602840423584,1
Clemson_p034_c3_grm_std_uni,1,5.4353556632995605,-4.315577030181885,1
Clemson_p034_c3_grm_std_uni,1,5.238435745239258,-4.689284324645996,1
Clemson_p034_c3_grm_std_uni,1,4.7926154136657715,-4.521430969238281,1
Clemson_p034_c3_grm_std_uni,1,4.878214359283447,-4.019704341888428,1
Clemson_p034_c3_grm_std_uni,1,5.429338455200195,-4.066751480102539,1
Clemson_p034_c3_grm_std_uni,1,5.96198034286499,-4.601647853851318,1
Clemson_p034_c3_grm_std_uni,1,6.056150436401367,-4.866967678070068,1
Clemson_p034_c3_grm_std_uni,1,5.704180717468262,-4.28690242767334,1
Clemson_p034_c3_grm_std_uni,1,6.071895122528076,-4.444910526275635,1
Clemson_p034_c3_grm_std_uni,1,7.1361165046691895,-5.487488746643066,1
Clemson_p034_c3_grm_std_uni,1,7.715417861938477,-6.061069011688232,1
Clemson_p034_c3_grm_std_uni,1,8.110943794250488,-6.288824558258057,1
Clemson_p034_c3_grm_std_uni,1,7.629183292388916,-6.114965438842773,1
Clemson_p034_c3_grm_std_uni,1,6.768308639526367,-5.955134391784668,1
Clemson_p034_c3_grm_std_uni,1,5.674156188964844,-5.6635823249816895,1
Clemson_p034_c3_grm_std_uni,1,5.074272155761719,-5.180580139160156,1
Clemson_p034_c3_grm_std_uni,1,5.6579108238220215,-5.414889812469482,1
Clemson_p034_c3_grm_std_uni,1,6.179818153381348,-6.03521728515625,1
Clemson_p034_c3_grm_std_uni,1,5.080931663513184,-4.695198059082031,1
Clemson_p034_c3_grm_std_uni,1,4.051116466522217,-3.9139509201049805,1
Clemson_p034_c3_grm_std_uni,1,3.40952205657959,-3.13360595703125,1
Clemson_p034_c3_grm_std_uni,1,3.9260153770446777,-2.9129159450531006,1
Clemson_p034_c3_grm_std_uni,1,5.223268032073975,-3.9614272117614746,1
Clemson_p034_c3_grm_std_uni,1,6.346552848815918,-4.947065353393555,1
Clemson_p034_c3_grm_std_uni,1,7.200479507446289,-5.655787944793701,1
Clemson_p034_c3_grm_std_uni,1,7.1566948890686035,-5.614602088928223,1
Clemson_p034_c3_grm_std_uni,1,7.566827297210693,-6.046353340148926,1
Clemson_p034_c3_grm_std_uni,1,7.354855537414551,-6.1464314460754395,1
Clemson_p034_c3_grm_std_uni,1,6.437589645385742,-5.984369277954102,1
Clemson_p034_c3_grm_std_uni,1,5.09083366394043,-5.389466285705566,1
Clemson_p034_c3_grm_std_uni,1,4.74702262878418,-4.887295722961426,1
Clemson_p034_c3_grm_std_uni,1,5.320466995239258,-5.309032917022705,1
Clemson_p034_c3_grm_std_uni,1,5.3993024826049805,-5.25469970703125,1
Clemson_p034_c3_grm_std_uni,1,5.655000686645508,-5.46755838394165,1
Clemson_p034_c3_grm_std_uni,1,5.2932329177856445,-5.207762241363525,1
Clemson_p034_c3_grm_std_uni,1,5.061604022979736,-5.033654689788818,1
Clemson_p034_c3_grm_std_uni,1,3.9569897651672363,-3.878279209136963,1
Clemson_p034_c3_grm_std_uni,1,2.8603036403656006,-2.296051502227783,1
Clemson_p034_c3_grm_std_uni,1,4.187399387359619,-2.9819350242614746,1
Clemson_p034_c3_grm_std_uni,1,5.948240756988525,-4.590980052947998,1
Clemson_p034_c3_grm_std_uni,1,7.470764636993408,-5.725037097930908,1
Clemson_p034_c3_grm_std_uni,1,7.538567543029785,-5.8806047439575195,1
Clemson_p034_c3_grm_std_uni,1,6.1902241706848145,-5.2877397537231445,1
Clemson_p034_c3_grm_std_uni,1,5.427453517913818,-5.091536998748779,1
Clemson_p034_c3_grm_std_uni,1,4.838116645812988,-4.672017574310303,1
Clemson_p034_c3_grm_std_uni,1,4.609145164489746,-4.244117736816406,1
Clemson_p034_c3_grm_std_uni,1,4.813798427581787,-4.202723979949951,1
Clemson_p034_c3_grm_std_uni,1,6.704755783081055,-6.305566787719727,1
Clemson_p034_c3_grm_std_uni,1,6.452605247497559,-6.345726490020752,1
Clemson_p034_c3_grm_std_uni,1,5.773805618286133,-5.926153659820557,1
Clemson_p034_c3_grm_std_uni,1,5.436413288116455,-5.694209575653076,1
Clemson_p034_c3_grm_std_uni,1,5.138993263244629,-5.435503959655762,1
Clemson_p034_c3_grm_std_uni,1,4.646163463592529,-4.753358364105225,1
Clemson_p034_c3_grm_std_uni,1,3.3373429775238037,-3.2951202392578125,1
Clemson_p034_c3_grm_std_uni,1,3.1012954711914062,-2.5419180393218994,1
Clemson_p034_c3_grm_std_uni,1,4.208057880401611,-3.1709375381469727,1
Clemson_p034_c3_grm_std_uni,1,6.479848861694336,-5.462273597717285,1
Clemson_p034_c3_grm_std_uni,1,7.783136367797852,-6.679139137268066,1
Clemson_p034_c3_grm_std_uni,1,8.040579795837402,-6.649469375610352,1
Clemson_p034_c3_grm_std_uni,1,7.40358304977417,-6.170290946960449,1
Clemson_p034_c3_grm_std_uni,1,6.246635437011719,-5.613766193389893,1
Clemson_p034_c3_grm_std_uni,1,6.014861106872559,-5.540575981140137,1
Clemson_p034_c3_grm_std_uni,1,5.6766276359558105,-5.248566150665283,1
Clemson_p034_c3_grm_std_uni,1,5.459427833557129,-4.988646984100342,1
Clemson_p034_c3_grm_std_uni,1,5.332313060760498,-4.896949291229248,1
Clemson_p034_c3_grm_std_uni,2,6.035419940948486,-5.121832370758057,1
Clemson_p034_c3_grm_std_uni,2,6.325623989105225,-5.468775749206543,1
Clemson_p034_c3_grm_std_uni,2,6.059889316558838,-5.434266567230225,1
Clemson_p034_c3_grm_std_uni,2,5.5043044090271,-5.393563270568848,1
Clemson_p034_c3_grm_std_uni,2,5.524681091308594,-5.493719100952148,1
Clemson_p034_c3_grm_std_uni,2,5.516899108886719,-5.53786039352417,1
Clemson_p034_c3_grm_std_uni,2,4.460183143615723,-4.644157886505127,1
Clemson_p034_c3_grm_std_uni,2,4.345539569854736,-4.392190456390381,1
Clemson_p034_c3_grm_std_uni,2,4.646614074707031,-4.637552261352539,1
Clemson_p034_c3_grm_std_uni,2,4.3499436378479,-4.730992794036865,1
Clemson_p034_c3_grm_std_uni,2,4.226086139678955,-4.781065464019775,1
Clemson_p034_c3_grm_std_uni,2,4.389249801635742,-4.836742877960205,1
Clemson_p034_c3_grm_std_uni,2,4.481408596038818,-4.597923278808594,1
Clemson_p034_c3_grm_std_uni,2,4.039872169494629,-3.7798922061920166,1
Clemson_p034_c3_grm_std_uni,2,-1.5345540046691895,0.6156454682350159,2
Clemson_p034_c3_grm_std_uni,2,-0.959109902381897,1.6238315105438232,1
Clemson_p034_c3_grm_std_uni,2,5.2422895431518555,-3.8603742122650146,1
Clemson_p034_c3_grm_std_uni,2,7.193783283233643,-5.29508113861084,1
Clemson_p034_c3_grm_std_uni,2,8.105889320373535,-5.772327899932861,1
Clemson_p034_c3_grm_std_uni,2,7.407386302947998,-6.739115238189697,1
Clemson_p034_c3_grm_std_uni,2,6.2288079261779785,-6.2164788246154785,1
Clemson_p034_c3_grm_std_uni,2,6.113068103790283,-5.861157417297363,1
Clemson_p034_c3_grm_std_uni,2,6.173421859741211,-5.897514820098877,1
Clemson_p034_c3_grm_std_uni,2,6.147648334503174,-5.87777853012085,1
Clemson_p034_c3_grm_std_uni,2,6.118736743927002,-5.877243518829346,1
Clemson_p034_c3_grm_std_uni,2,6.1083831787109375,-5.918709754943848,1
Clemson_p034_c3_grm_std_uni,2,5.822534084320068,-5.654823303222656,1
Clemson_p034_c3_grm_std_uni,2,2.04065203666687,-1.849662184715271,1
Clemson_p034_c3_grm_std_uni,2,3.1899569034576416,-0.8873012661933899,1
Clemson_p034_c3_grm_std_uni,2,5.69536828994751,-3.3761353492736816,1
Clemson_p034_c3_grm_std_uni,2,6.888347148895264,-4.6139726638793945,1
Clemson_p034_c3_grm_std_uni,2,7.8314995765686035,-6.033685207366943,1
Clemson_p034_c3_grm_std_uni,2,8.286685943603516,-6.525965690612793,1
Clemson_p034_c3_grm_std_uni,1,8.13758373260498,-6.618715763092041,1
Clemson_p034_c3_grm_std_uni,1,7.260258197784424,-5.761904716491699,1
Clemson_p034_c3_grm_std_uni,1,6.17843770980835,-4.7695465087890625,1
Clemson_p034_c3_grm_std_uni,1,6.321822643280029,-4.88109827041626,1
Clemson_p034_c3_grm_std_uni,1,7.278238296508789,-6.281189441680908,1
Clemson_p034_c3_grm_std_uni,1,7.765539169311523,-6.836248874664307,1
Clemson_p034_c3_grm_std_uni,1,7.35956335067749,-6.176787853240967,1
Clemson_p034_c3_grm_std_uni,1,6.986343860626221,-5.7884111404418945,1
Clemson_p034_c3_grm_std_uni,1,6.658614635467529,-5.723106861114502,1
Clemson_p034_c3_grm_std_uni,1,6.125763893127441,-5.505965232849121,1
Clemson_p034_c3_grm_std_uni,1,6.162017345428467,-5.508925437927246,1
Clemson_p034_c3_grm_std_uni,1,6.115314960479736,-5.306895732879639,1
Clemson_p034_c3_grm_std_uni,1,6.57409143447876,-5.529492378234863,1
Clemson_p034_c3_grm_std_uni,1,7.017383098602295,-5.658085346221924,1
Clemson_p034_c3_grm_std_uni,1,7.2150421142578125,-5.630034923553467,1
Clemson_p034_c3_grm_std_uni,1,7.234355449676514,-5.491217136383057,1
Clemson_p034_c3_grm_std_uni,1,7.042778015136719,-5.24105167388916,1
Clemson_p034_c3_grm_std_uni,1,7.20236873626709,-5.247520446777344,1
Clemson_p034_c3_grm_std_uni,1,7.431416988372803,-5.323338985443115,1
Clemson_p034_c3_grm_std_uni,1,7.509273052215576,-5.365367412567139,1
Clemson_p034_c3_grm_std_uni,1,7.223982334136963,-5.2433600425720215,1
Clemson_p034_c3_grm_std_uni,1,7.024272441864014,-5.169919967651367,1
Clemson_p034_c3_grm_std_uni,1,6.6989359855651855,-5.048829555511475,1
Clemson_p034_c3_grm_std_uni,1,6.510063648223877,-5.006466388702393,1
Clemson_p034_c3_grm_std_uni,1,6.662082195281982,-5.056994915008545,1
Clemson_p034_c3_grm_std_uni,1,6.8183088302612305,-5.122622966766357,1
Clemson_p034_c3_grm_std_uni,1,6.8349199295043945,-5.0514140129089355,1
Clemson_p034_c3_grm_std_uni,1,6.807488918304443,-4.981956958770752,1
Clemson_p034_c3_grm_std_uni,1,6.81835412979126,-4.970582962036133,1
Clemson_p034_c3_grm_std_uni,1,6.7985944747924805,-4.946000099182129,1
Clemson_p034_c3_grm_std_uni,1,6.785525321960449,-4.937530517578125,1
Clemson_p034_c3_grm_std_uni,1,6.657541275024414,-4.845568656921387,1
Clemson_p034_c3_grm_std_uni,1,6.518335819244385,-4.8174147605896,1
Clemson_p034_c3_grm_std_uni,1,6.3021697998046875,-4.655366897583008,1
Clemson_p034_c3_grm_std_uni,1,5.893284797668457,-4.208616733551025,1
Clemson_p034_c3_grm_std_uni,1,5.259551048278809,-3.6613004207611084,1
Clemson_p034_c3_grm_std_uni,1,5.2222371101379395,-3.7408714294433594,1
Clemson_p034_c3_grm_std_uni,1,5.628813743591309,-4.111485481262207,1
Clemson_p034_c3_grm_std_uni,1,5.94174337387085,-4.364187240600586,1
Clemson_p034_c3_grm_std_uni,1,6.180269718170166,-4.535567760467529,1
Clemson_p034_c3_grm_std_uni,1,6.221687316894531,-4.505681991577148,1
Clemson_p034_c3_grm_std_uni,1,6.382157325744629,-4.6017913818359375,1
Clemson_p034_c3_grm_std_uni,1,6.4085798263549805,-4.603628158569336,1
Clemson_p034_c3_grm_std_uni,1,6.377758979797363,-4.570467472076416,1
Clemson_p034_c3_grm_std_uni,1,6.342258930206299,-4.527900695800781,1
Clemson_p034_c3_grm_std_uni,1,6.333832263946533,-4.509881496429443,1
Clemson_p034_c3_grm_std_uni,1,6.306654453277588,-4.468385696411133,1
Clemson_p034_c3_grm_std_uni,1,6.2628912925720215,-4.41201639175415,1
Clemson_p034_c3_grm_std_uni,1,6.236959934234619,-4.386480808258057,1
Clemson_p034_c3_grm_std_uni,1,6.180598258972168,-4.346033096313477,1
Clemson_p034_c3_grm_std_uni,1,6.17075252532959,-4.349487781524658,1
Clemson_p034_c3_grm_std_uni,1,6.158491134643555,-4.3519182205200195,1
Clemson_p034_c3_grm_std_uni,1,6.082674980163574,-4.304574966430664,1
Clemson_p034_c3_grm_std_uni,1,6.0454630851745605,-4.277901649475098,1
Clemson_p034_c3_grm_std_uni,1,6.040939807891846,-4.285560607910156,1
Clemson_p034_c3_grm_std_uni,1,6.023697376251221,-4.281610488891602,1
Clemson_p034_c3_grm_std_uni,1,5.989490985870361,-4.270965099334717,1
Clemson_p034_c3_grm_std_uni,1,6.001595973968506,-4.2983503341674805,1
Clemson_p034_c3_grm_std_uni,1,6.051008701324463,-4.348966598510742,1
Clemson_p034_c3_grm_std_uni,1,6.030974388122559,-4.333233833312988,1
Clemson_p034_c3_grm_std_uni,1,6.040754795074463,-4.337040901184082,1
Clemson_p034_c3_grm_std_uni,1,6.050187587738037,-4.337092399597168,1
Clemson_p034_c3_grm_std_uni,1,6.027351379394531,-4.3153204917907715,1
Clemson_p034_c3_grm_std_uni,1,6.0339789390563965,-4.3191094398498535,1
Clemson_p034_c3_grm_std_uni,1,5.904970169067383,-4.208009719848633,1
Clemson_p034_c3_grm_std_uni,1,5.913136005401611,-4.191371440887451,1
Clemson_p034_c3_grm_std_uni,1,6.048956394195557,-4.29694938659668,1
Clemson_p034_c3_grm_std_uni,1,6.006245136260986,-4.220902442932129,1
Clemson_p034_c3_grm_std_uni,1,5.959036827087402,-4.15571928024292,1
Clemson_p034_c3_grm_std_uni,1,5.905076026916504,-4.152370929718018,1
Clemson_p034_c3_grm_std_uni,1,5.855467796325684,-4.152029991149902,1
Clemson_p034_c3_grm_std_uni,1,5.967378616333008,-4.257122993469238,1
Clemson_p034_c3_grm_std_uni,1,6.032393932342529,-4.324416637420654,1
Clemson_p034_c3_grm_std_uni,1,6.0343241691589355,-4.325881481170654,1
Clemson_p034_c3_grm_std_uni,1,6.130491733551025,-4.402276992797852,1
Clemson_p034_c3_grm_std_uni,1,6.136197090148926,-4.400568008422852,1
Clemson_p034_c3_grm_std_uni,1,6.1695170402526855,-4.4267802238464355,1
Clemson_p034_c3_grm_std_uni,1,6.1640472412109375,-4.428860187530518,1
Clemson_p034_c3_grm_std_uni,1,6.1427459716796875,-4.422650337219238,1
Clemson_p034_c3_grm_std_uni,1,6.059953689575195,-4.33474588394165,1
Clemson_p034_c3_grm_std_uni,1,6.085807800292969,-4.3691301345825195,1
Clemson_p034_c3_grm_std_uni,1,5.9185686111450195,-4.213540077209473,1
Clemson_p034_c3_grm_std_uni,1,6.085855484008789,-4.3391523361206055,1
Clemson_p034_c3_grm_std_uni,1,6.144933223724365,-4.3911213874816895,1
Clemson_p034_c3_grm_std_uni,1,6.188470363616943,-4.452574253082275,1
Clemson_p034_c3_grm_std_uni,1,6.194700717926025,-4.475718021392822,1
Clemson_p034_c3_grm_std_uni,1,6.1664958000183105,-4.479184150695801,1
Clemson_p034_c3_grm_std_uni,1,6.106764316558838,-4.442364692687988,1
Clemson_p034_c3_grm_std_uni,1,6.138916969299316,-4.47781229019165,1
Clemson_p034_c3_grm_std_uni,1,6.16830587387085,-4.501008987426758,1
Clemson_p034_c3_grm_std_uni,1,6.164517879486084,-4.487797737121582,1
Clemson_p034_c3_grm_std_uni,1,6.154789447784424,-4.480147361755371,1
Clemson_p034_c3_grm_std_uni,1,6.089393138885498,-4.444587707519531,1
Clemson_p034_c3_grm_std_uni,1,5.935877323150635,-4.331357002258301,1
Clemson_p034_c3_grm_std_uni,1,5.673803329467773,-4.370406627655029,1
Clemson_p034_c3_grm_std_uni,1,5.181095600128174,-4.424278736114502,1
Clemson_p034_c3_grm_std_uni,1,3.9781301021575928,-3.6224279403686523,1
Clemson_p034_c3_grm_std_uni,1,2.948758125305176,-2.718553304672241,1
Clemson_p034_c3_grm_std_uni,1,2.177427053451538,-1.7542681694030762,1
Clemson_p034_c3_grm_std_uni,1,2.5719943046569824,-1.650291919708252,1
Clemson_p034_c3_grm_std_uni,1,3.864126443862915,-2.641915798187256,1
Clemson_p034_c3_grm_std_uni,1,4.99849796295166,-3.343339443206787,1
Clemson_p034_c3_grm_std_uni,1,5.087266445159912,-3.0545005798339844,1
Clemson_p034_c3_grm_std_uni,1,5.272640705108643,-3.749955892562866,1
Clemson_p034_c3_grm_std_uni,1,5.649731636047363,-4.320207118988037,1
Clemson_p034_c3_grm_std_uni,1,5.958212375640869,-4.334979057312012,1
Clemson_p034_c3_grm_std_uni,1,6.416985034942627,-4.660539150238037,1
Clemson_p034_c3_grm_std_uni,1,6.185068130493164,-4.6138224601745605,1
Clemson_p034_c3_grm_std_uni,1,5.987086296081543,-4.624683856964111,1
Clemson_p034_c3_grm_std_uni,1,5.613545894622803,-4.723552227020264,1
Clemson_p034_c3_grm_std_uni,1,5.342094898223877,-4.695278644561768,1
Clemson_p034_c3_grm_std_uni,1,5.909538745880127,-5.595911502838135,1
Clemson_p034_c3_grm_std_uni,1,5.752148151397705,-5.763510227203369,1
Clemson_p034_c3_grm_std_uni,1,4.219962120056152,-4.3273420333862305,1
Clemson_p034_c3_grm_std_uni,1,3.741234540939331,-2.902254581451416,1
Clemson_p034_c3_grm_std_uni,1,4.444392204284668,-3.7496137619018555,1
Clemson_p034_c3_grm_std_uni,1,5.350020885467529,-4.5141215324401855,1
Clemson_p034_c3_grm_std_uni,1,5.618910312652588,-4.254823684692383,1
Clemson_p034_c3_grm_std_uni,1,6.5560078620910645,-5.13206672668457,1
Clemson_p034_c3_grm_std_uni,1,6.149954795837402,-4.686538219451904,1
Clemson_p034_c3_grm_std_uni,1,6.217684268951416,-4.82204008102417,1
Clemson_p034_c3_grm_std_uni,1,7.004350662231445,-5.904454708099365,1
Clemson_p034_c3_grm_std_uni,1,7.910459518432617,-6.789301872253418,1
Clemson_p034_c3_grm_std_uni,1,8.130293846130371,-7.053367614746094,1
Clemson_p034_c3_grm_std_uni,1,7.4090728759765625,-6.429193019866943,1
Clemson_p034_c3_grm_std_uni,1,6.710211277008057,-5.9730072021484375,1
Clemson_p034_c3_grm_std_uni,1,6.492942810058594,-5.788572788238525,1
Clemson_p034_c3_grm_std_uni,1,6.429206371307373,-5.704733371734619,1
Clemson_p034_c3_grm_std_uni,1,6.722786903381348,-6.074043273925781,1
Clemson_p034_c3_grm_std_uni,1,6.857968807220459,-6.088593006134033,1
Clemson_p034_c3_grm_std_uni,1,6.085615634918213,-5.217995643615723,1
Clemson_p034_c3_grm_std_uni,1,5.892736911773682,-4.652500629425049,1
Clemson_p034_c3_grm_std_uni,1,6.620324611663818,-5.267829418182373,1
Clemson_p034_c3_grm_std_uni,1,7.572953224182129,-6.129419803619385,1
Clemson_p034_c3_grm_std_uni,1,8.302404403686523,-6.659115791320801,1
Clemson_p034_c3_grm_std_uni,1,6.983229160308838,-6.114524841308594,1
Clemson_p034_c3_grm_std_uni,1,5.91347074508667,-5.222752571105957,1
Clemson_p034_c3_grm_std_uni,1,5.895370960235596,-4.599311351776123,1
Clemson_p034_c3_grm_std_uni,1,7.0635600090026855,-5.144996643066406,1
Clemson_p034_c3_grm_std_uni,1,7.029114246368408,-5.373350143432617,1
Clemson_p034_c3_grm_std_uni,1,8.32479190826416,-6.591886043548584,1
Clemson_p034_c3_grm_std_uni,1,8.342145919799805,-7.159554481506348,1
Clemson_p034_c3_grm_std_uni,1,7.726003170013428,-6.7632222175598145,1
Clemson_p034_c3_grm_std_uni,1,7.1691060066223145,-6.097182273864746,1
Clemson_p034_c3_grm_std_uni,1,7.036393165588379,-5.6058173179626465,1
Clemson_p034_c3_grm_std_uni,1,7.041514873504639,-5.369735240936279,1
Clemson_p034_c3_grm_std_uni,1,7.650602340698242,-5.957919597625732,1
Clemson_p034_c3_grm_std_uni,1,8.322197914123535,-6.67821741104126,1
Clemson_p034_c3_grm_std_uni,1,8.54052734375,-6.711658954620361,1
Clemson_p034_c3_grm_std_uni,1,7.691221237182617,-6.2309489250183105,1
Clemson_p034_c3_grm_std_uni,1,6.6146087646484375,-5.7228312492370605,1
Clemson_p034_c3_grm_std_uni,1,5.9884514808654785,-5.66594934463501,1
Clemson_p034_c3_grm_std_uni,1,5.233015060424805,-5.227593421936035,1
Clemson_p034_c3_grm_std_uni,1,4.952335834503174,-4.9452009201049805,1
Clemson_p034_c3_grm_std_uni,1,4.931609153747559,-5.301584720611572,1
Clemson_p034_c3_grm_std_uni,1,4.875214099884033,-5.034079551696777,1
Clemson_p034_c3_grm_std_uni,1,4.351137161254883,-4.604599952697754,1
Clemson_p034_c3_grm_std_uni,1,-1.0888266563415527,0.14925023913383484,2
Clemson_p034_c3_grm_std_uni,1,-1.1268413066864014,2.164613962173462,1
Clemson_p034_c3_grm_std_uni,1,2.583690881729126,-1.7711498737335205,1
Clemson_p034_c3_grm_std_uni,1,4.3958659172058105,-3.6051037311553955,1
Clemson_p034_c3_grm_std_uni,1,5.862576484680176,-4.690796852111816,1
Clemson_p034_c3_grm_std_uni,2,6.535250186920166,-5.1528778076171875,1
Clemson_p034_c3_grm_std_uni,2,6.138464450836182,-4.645417213439941,1
Clemson_p034_c3_grm_std_uni,2,6.41390323638916,-5.279792785644531,1
Clemson_p034_c3_grm_std_uni,2,7.251090049743652,-6.3327765464782715,1
Clemson_p034_c3_grm_std_uni,2,7.8479719161987305,-6.8540544509887695,1
Clemson_p034_c3_grm_std_uni,2,8.254777908325195,-7.041839122772217,1
Clemson_p034_c3_grm_std_uni,2,7.375256061553955,-6.470592975616455,1
Clemson_p034_c3_grm_std_uni,2,5.805507183074951,-5.604685306549072,1
Clemson_p034_c3_grm_std_uni,2,5.073952674865723,-5.025227069854736,1
Clemson_p034_c3_grm_std_uni,2,5.305589199066162,-5.222239017486572,1
Clemson_p034_c3_grm_std_uni,2,4.2441020011901855,-4.463888645172119,1
Clemson_p034_c3_grm_std_uni,2,4.998704433441162,-4.384953498840332,1
Clemson_p034_c3_grm_std_uni,2,5.497720718383789,-4.7973103523254395,1
Clemson_p034_c3_grm_std_uni,2,5.3532257080078125,-5.014443397521973,1
Clemson_p034_c3_grm_std_uni,2,4.907095432281494,-4.827311038970947,1
Clemson_p034_c3_grm_std_uni,2,4.56485652923584,-4.724453449249268,1
Clemson_p034_c3_grm_std_uni,2,4.530890464782715,-4.920033931732178,1
Clemson_p034_c3_grm_std_uni,2,4.45414400100708,-5.066973686218262,1
Clemson_p034_c3_grm_std_uni,2,4.3811774253845215,-5.170414924621582,1
Clemson_p034_c3_grm_std_uni,2,4.356768608093262,-5.2215046882629395,1
Clemson_p034_c3_grm_std_uni,2,4.372471809387207,-5.2646260261535645,1
Clemson_p034_c3_grm_std_uni,2,4.394172191619873,-5.196897029876709,1
Clemson_p034_c3_grm_std_uni,2,4.3269572257995605,-4.40703010559082,1
Clemson_p034_c3_grm_std_uni,2,3.5779762268066406,-3.5865068435668945,1
Clemson_p034_c3_grm_std_uni,2,-1.3052395582199097,0.572239875793457,2
Clemson_p034_c3_grm_std_uni,2,1.0636284351348877,0.049205973744392395,1
Clemson_p034_c3_grm_std_uni,2,5.266276836395264,-4.233586311340332,1
Clemson_p034_c3_grm_std_uni,2,7.010343551635742,-6.303013324737549,1
Clemson_p034_c3_grm_std_uni,2,7.5713934898376465,-6.757369518280029,1
Clemson_p034_c3_grm_std_uni,2,7.159142017364502,-6.580263137817383,1
Clemson_p034_c3_grm_std_uni,2,6.595143795013428,-6.596423149108887,1
Clemson_p034_c3_grm_std_uni,2,5.930307388305664,-6.3610100746154785,1
Clemson_p034_c3_grm_std_uni,2,5.7595720291137695,-6.155046463012695,1
Clemson_p034_c3_grm_std_uni,1,5.725225448608398,-6.0351104736328125,1
Clemson_p034_c3_grm_std_uni,1,5.762545585632324,-5.98486852645874,1
Clemson_p034_c3_grm_std_uni,1,5.773050308227539,-5.982663154602051,1
Clemson_p034_c3_grm_std_uni,1,5.662196159362793,-5.801745891571045,1
Clemson_p034_c3_grm_std_uni,1,2.0811586380004883,-2.9771125316619873,1
Clemson_p034_c3_grm_std_uni,1,1.4521411657333374,-0.9889377951622009,1
Clemson_p034_c3_grm_std_uni,1,3.403843402862549,-1.3673828840255737,1
Clemson_p034_c3_grm_std_uni,1,5.8663811683654785,-3.500180721282959,1
Clemson_p034_c3_grm_std_uni,1,7.11529016494751,-4.915778160095215,1
Clemson_p034_c3_grm_std_uni,1,7.876055717468262,-5.522009372711182,1
Clemson_p034_c3_grm_std_uni,1,8.118817329406738,-6.052764415740967,1
Clemson_p034_c3_grm_std_uni,1,8.459752082824707,-6.702197551727295,1
Clemson_p034_c3_grm_std_uni,1,7.683509826660156,-6.790263652801514,1
Clemson_p034_c3_grm_std_uni,1,7.84753942489624,-6.8567328453063965,1
Clemson_p034_c3_grm_std_uni,1,6.488207817077637,-4.509939670562744,1
Clemson_p034_c3_grm_std_uni,1,6.338035583496094,-4.554101467132568,1
Clemson_p034_c3_grm_std_uni,1,6.389638423919678,-5.81504487991333,1
Clemson_p034_c3_grm_std_uni,1,7.769342422485352,-6.695791244506836,1
Clemson_p034_c3_grm_std_uni,1,8.70152759552002,-7.221231937408447,1
Clemson_p034_c3_grm_std_uni,1,8.864253044128418,-7.809025764465332,1
Clemson_p034_c3_grm_std_uni,1,7.840764045715332,-7.5854878425598145,1
Clemson_p034_c3_grm_std_uni,1,7.352713108062744,-7.021685600280762,1
Clemson_p034_c3_grm_std_uni,1,6.641720294952393,-6.701413154602051,1
Clemson_p034_c3_grm_std_uni,1,6.316561222076416,-6.628647327423096,1
Clemson_p034_c3_grm_std_uni,1,6.230039119720459,-6.433260917663574,1
Clemson_p034_c3_grm_std_uni,1,5.854789733886719,-6.026217937469482,1
Clemson_p034_c3_grm_std_uni,1,4.552587509155273,-4.668629169464111,1
Clemson_p034_c3_grm_std_uni,1,4.324010848999023,-3.4803788661956787,1
Clemson_p034_c3_grm_std_uni,1,4.552709102630615,-3.9967286586761475,1
Clemson_p034_c3_grm_std_uni,1,5.499811172485352,-4.66025972366333,1
Clemson_p034_c3_grm_std_uni,1,6.811507701873779,-6.508072376251221,1
Clemson_p034_c3_grm_std_uni,1,7.781023025512695,-7.608178615570068,1
Clemson_p034_c3_grm_std_uni,1,7.071487903594971,-6.901093006134033,1
Clemson_p034_c3_grm_std_uni,1,4.457254886627197,-4.334591388702393,1
Clemson_p034_c3_grm_std_uni,1,3.724209785461426,-2.5526459217071533,1
Clemson_p034_c3_grm_std_uni,1,4.512266159057617,-3.147510051727295,1
Clemson_p034_c3_grm_std_uni,1,5.279679775238037,-4.0526604652404785,1
Clemson_p034_c3_grm_std_uni,1,5.591399192810059,-4.265342712402344,1
Clemson_p034_c3_grm_std_uni,1,6.228366374969482,-5.343637466430664,1
Clemson_p034_c3_grm_std_uni,1,5.615567207336426,-5.976576805114746,1
Clemson_p034_c3_grm_std_uni,1,5.15362024307251,-5.274537563323975,1
Clemson_p034_c3_grm_std_uni,1,4.435496807098389,-4.253965377807617,1
Clemson_p034_c3_grm_std_uni,1,2.0667977333068848,-2.342010021209717,1
Clemson_p034_c3_grm_std_uni,1,1.7189358472824097,-0.8203468322753906,1
Clemson_p034_c3_grm_std_uni,1,3.483351945877075,-2.4212422370910645,1
Clemson_p034_c3_grm_std_uni,1,4.82388973236084,-4.1262407302856445,1
Clemson_p034_c3_grm_std_uni,1,6.547783374786377,-6.027944564819336,1
Clemson_p034_c3_grm_std_uni,1,6.657812595367432,-6.442328929901123,1
Clemson_p034_c3_grm_std_uni,1,5.91450834274292,-5.898979663848877,1
Clemson_p034_c3_grm_std_uni,1,5.369240760803223,-5.394653797149658,1
Clemson_p034_c3_grm_std_uni,1,5.3928961753845215,-5.250990867614746,1
Clemson_p034_c3_grm_std_uni,1,5.804325580596924,-5.264073848724365,1
Clemson_p034_c3_grm_std_uni,1,5.786255836486816,-5.098557949066162,1
Clemson_p034_c3_grm_std_uni,1,5.6999287605285645,-5.014149188995361,1
Clemson_p034_c3_grm_std_uni,1,5.5952348709106445,-4.988039016723633,1
Clemson_p034_c3_grm_std_uni,1,5.268562316894531,-4.785565376281738,1
Clemson_p034_c3_grm_std_uni,1,5.306593418121338,-5.039519309997559,1
Clemson_p034_c3_grm_std_uni,1,5.603408336639404,-5.452364444732666,1
Clemson_p034_c3_grm_std_uni,1,5.54231595993042,-5.551299095153809,1
Clemson_p034_c3_grm_std_uni,1,5.484579563140869,-5.467165470123291,1
Clemson_p034_c3_grm_std_uni,1,5.373460292816162,-5.272689342498779,1
Clemson_p034_c3_grm_std_uni,1,5.0388383865356445,-4.829141139984131,1
Clemson_p034_c3_grm_std_uni,1,3.378582715988159,-3.2261338233947754,1
Clemson_p034_c3_grm_std_uni,1,2.194058656692505,-2.058260679244995,1
Clemson_p034_c3_grm_std_uni,1,2.677103281021118,-1.6278506517410278,1
Clemson_p034_c3_grm_std_uni,1,5.3884501457214355,-4.731501579284668,1
Clemson_p034_c3_grm_std_uni,1,6.697423934936523,-6.298032283782959,1
Clemson_p034_c3_grm_std_uni,1,6.458637714385986,-6.145586967468262,1
Clemson_p034_c3_grm_std_uni,1,6.284409999847412,-5.998937606811523,1
Clemson_p034_c3_grm_std_uni,1,7.111900806427002,-6.290160655975342,1
Clemson_p034_c3_grm_std_uni,1,7.8388285636901855,-6.17067289352417,1
Clemson_p034_c3_grm_std_uni,1,8.095921516418457,-5.946722507476807,1
Clemson_p034_c3_grm_std_uni,1,8.107104301452637,-5.651341438293457,1
Clemson_p034_c3_grm_std_uni,1,8.115986824035645,-5.463366508483887,1
Clemson_p034_c3_grm_std_uni,1,8.225714683532715,-5.515890121459961,1
Clemson_p034_c3_grm_std_uni,1,8.796487808227539,-5.916268348693848,1
Clemson_p034_c3_grm_std_uni,1,8.570929527282715,-5.781823635101318,1
Clemson_p034_c3_grm_std_uni,1,8.523686408996582,-5.902472019195557,1
Clemson_p034_c3_grm_std_uni,1,7.943257808685303,-6.121052265167236,1
Clemson_p034_c3_grm_std_uni,1,7.641079902648926,-6.0248703956604,1
Clemson_p034_c3_grm_std_uni,1,7.737540245056152,-6.112588882446289,1
Clemson_p034_c3_grm_std_uni,1,7.847111225128174,-6.141598701477051,1
Clemson_p034_c3_grm_std_uni,1,7.7953691482543945,-6.115062236785889,1
Clemson_p034_c3_grm_std_uni,1,7.852600574493408,-6.116923809051514,1
Clemson_p034_c3_grm_std_uni,1,7.9235639572143555,-6.064870357513428,1
Clemson_p034_c3_grm_std_uni,1,7.999904155731201,-5.889702320098877,1
Clemson_p034_c3_grm_std_uni,1,8.05050277709961,-5.696145057678223,1
Clemson_p034_c3_grm_std_uni,1,7.793233394622803,-5.563857078552246,1
Clemson_p034_c3_grm_std_uni,1,7.737205982208252,-5.637945652008057,1
Clemson_p034_c3_grm_std_uni,1,7.9065399169921875,-5.8381242752075195,1
Clemson_p034_c3_grm_std_uni,1,8.021810531616211,-5.8131585121154785,1
Clemson_p034_c3_grm_std_uni,1,8.08521842956543,-5.720650672912598,1
Clemson_p034_c3_grm_std_uni,1,7.998209476470947,-5.596656322479248,1
Clemson_p034_c3_grm_std_uni,1,7.843141555786133,-5.523437023162842,1
Clemson_p034_c3_grm_std_uni,1,7.732510089874268,-5.537575721740723,1
Clemson_p034_c3_grm_std_uni,1,7.630465507507324,-5.587745189666748,1
Clemson_p034_c3_grm_std_uni,1,7.644258975982666,-5.693376064300537,1
Clemson_p034_c3_grm_std_uni,1,7.9110517501831055,-5.90402364730835,1
Clemson_p034_c3_grm_std_uni,1,7.777339458465576,-5.697947978973389,1
Clemson_p034_c3_grm_std_uni,1,7.7641921043396,-5.782811641693115,1
Clemson_p034_c3_grm_std_uni,1,7.861536026000977,-5.792571544647217,1
Clemson_p034_c3_grm_std_uni,1,7.852999210357666,-5.7345685958862305,1
Clemson_p034_c3_grm_std_uni,1,7.695222854614258,-5.650805473327637,1
Clemson_p034_c3_grm_std_uni,1,7.845639705657959,-5.789492130279541,1
Clemson_p034_c3_grm_std_uni,1,7.543996810913086,-5.605372428894043,1
Clemson_p034_c3_grm_std_uni,1,7.314528942108154,-5.579619884490967,1
Clemson_p034_c3_grm_std_uni,1,7.153191566467285,-5.586699962615967,1
Clemson_p034_c3_grm_std_uni,1,7.304234027862549,-5.695813179016113,1
Clemson_p034_c3_grm_std_uni,1,7.366544246673584,-5.677862167358398,1
Clemson_p034_c3_grm_std_uni,1,7.352011203765869,-5.607873916625977,1
Clemson_p034_c3_grm_std_uni,1,7.284775257110596,-5.524123668670654,1
Clemson_p034_c3_grm_std_uni,1,7.226510524749756,-5.446834087371826,1
Clemson_p034_c3_grm_std_uni,1,7.240466117858887,-5.401090621948242,1
Clemson_p034_c3_grm_std_uni,1,7.212028980255127,-5.390360355377197,1
Clemson_p034_c3_grm_std_uni,1,7.209543704986572,-5.451601982116699,1
Clemson_p034_c3_grm_std_uni,1,7.34815788269043,-5.668824672698975,1
Clemson_p034_c3_grm_std_uni,1,7.397592544555664,-5.737546920776367,1
Clemson_p034_c3_grm_std_uni,1,7.3790693283081055,-5.682808876037598,1
Clemson_p034_c3_grm_std_uni,1,7.2546067237854,-5.447727680206299,1
Clemson_p034_c3_grm_std_uni,1,7.142512321472168,-5.255961894989014,1
Clemson_p034_c3_grm_std_uni,1,7.149358749389648,-5.176911354064941,1
Clemson_p034_c3_grm_std_uni,1,7.256627559661865,-5.279236793518066,1
Clemson_p034_c3_grm_std_uni,1,7.207642555236816,-5.318150997161865,1
Clemson_p034_c3_grm_std_uni,1,7.17526912689209,-5.350189208984375,1
Clemson_p034_c3_grm_std_uni,1,7.029475212097168,-5.291219234466553,1
Clemson_p034_c3_grm_std_uni,1,6.933111667633057,-5.328608989715576,1
Clemson_p034_c3_grm_std_uni,1,7.06012487411499,-5.4546589851379395,1
Clemson_p034_c3_grm_std_uni,1,7.091917514801025,-5.477426052093506,1
Clemson_p034_c3_grm_std_uni,1,7.101601600646973,-5.48725700378418,1
Clemson_p034_c3_grm_std_uni,1,7.116448879241943,-5.51381254196167,1
Clemson_p034_c3_grm_std_uni,1,7.107998371124268,-5.517690181732178,1
Clemson_p034_c3_grm_std_uni,1,7.106526851654053,-5.505169868469238,1
Clemson_p034_c3_grm_std_uni,1,7.091826915740967,-5.450429439544678,1
Clemson_p034_c3_grm_std_uni,1,7.067697048187256,-5.3677849769592285,1
Clemson_p034_c3_grm_std_uni,1,7.079390048980713,-5.339181423187256,1
Clemson_p034_c3_grm_std_uni,1,7.080321311950684,-5.300668716430664,1
Clemson_p034_c3_grm_std_uni,1,7.083054542541504,-5.2826409339904785,1
Clemson_p034_c3_grm_std_uni,1,7.153262138366699,-5.313730716705322,1
Clemson_p034_c3_grm_std_uni,1,7.133247375488281,-5.3168158531188965,1
Clemson_p034_c3_grm_std_uni,1,7.079446792602539,-5.284446716308594,1
Clemson_p034_c3_grm_std_uni,1,7.069522380828857,-5.316909313201904,1
Clemson_p034_c3_grm_std_uni,1,7.063283920288086,-5.4032158851623535,1
Clemson_p034_c3_grm_std_uni,1,7.128911018371582,-5.510738849639893,1
Clemson_p034_c3_grm_std_uni,1,7.128731727600098,-5.55961275100708,1
Clemson_p034_c3_grm_std_uni,1,7.151106834411621,-5.623969078063965,1
Clemson_p034_c3_grm_std_uni,1,7.1826348304748535,-5.68017578125,1
Clemson_p034_c3_grm_std_uni,1,7.160285472869873,-5.6628594398498535,1
Clemson_p034_c3_grm_std_uni,1,7.142136096954346,-5.634183406829834,1
Clemson_p034_c3_grm_std_uni,1,7.112415790557861,-5.609530448913574,1
Clemson_p034_c3_grm_std_uni,1,7.090968132019043,-5.6166510581970215,1
Clemson_p034_c3_grm_std_uni,1,7.165863990783691,-5.672828197479248,1
Clemson_p034_c3_grm_std_uni,1,7.139549255371094,-5.646284103393555,1
Clemson_p034_c3_grm_std_uni,1,7.118891716003418,-5.6367878913879395,1
Clemson_p034_c3_grm_std_uni,1,7.1035847663879395,-5.631024360656738,1
Clemson_p034_c3_grm_std_uni,1,7.069002151489258,-5.611684799194336,1
Clemson_p034_c3_grm_std_uni,1,7.039473533630371,-5.59313440322876,1
Clemson_p034_c3_grm_std_uni,1,7.043839454650879,-5.616751670837402,1
Clemson_p034_c3_grm_std_uni,1,7.07968282699585,-5.654504776000977,1
Clemson_p034_c3_grm_std_uni,1,7.056872844696045,-5.644927501678467,1
Clemson_p034_c3_grm_std_uni,1,7.033047676086426,-5.630913734436035,1
Clemson_p034_c3_grm_std_uni,1,7.030129432678223,-5.615109443664551,1
Clemson_p034_c3_grm_std_uni,1,7.011698246002197,-5.55971097946167,1
Clemson_p034_c3_grm_std_uni,1,6.949662685394287,-5.4676079750061035,1
Clemson_p034_c3_grm_std_uni,1,6.887573719024658,-5.387698650360107,1
Clemson_p034_c3_grm_std_uni,1,6.890003681182861,-5.362175464630127,1
Clemson_p034_c3_grm_std_uni,1,6.915761947631836,-5.360429763793945,1
Clemson_p034_c3_grm_std_uni,1,6.903693675994873,-5.336861610412598,1
Clemson_p034_c3_grm_std_uni,1,6.885568141937256,-5.3254194259643555,1
Clemson_p034_c3_grm_std_uni,1,6.885821342468262,-5.3234171867370605,1
Clemson_p034_c3_grm_std_uni,1,6.908660888671875,-5.322828769683838,1
Clemson_p034_c3_grm_std_uni,1,6.970160007476807,-5.363224506378174,1
Clemson_p034_c3_grm_std_uni,1,7.0060715675354,-5.393228054046631,1
Clemson_p034_c3_grm_std_uni,1,7.0324201583862305,-5.4036030769348145,1
Clemson_p034_c3_grm_std_uni,1,6.987746238708496,-5.361353874206543,1
Clemson_p034_c3_grm_std_uni,1,6.923348426818848,-5.304249286651611,1
Clemson_p034_c3_grm_std_uni,1,6.921112537384033,-5.315290451049805,1
Clemson_p034_c3_grm_std_uni,1,6.912425518035889,-5.299449443817139,1
Clemson_p034_c3_grm_std_uni,1,6.907798767089844,-5.305083274841309,1
Clemson_p034_c3_grm_std_uni,1,6.928933143615723,-5.329795837402344,1
Clemson_p034_c3_grm_std_uni,1,6.912992477416992,-5.355319499969482,1
Clemson_p034_c3_grm_std_uni,1,6.9817399978637695,-5.4096150398254395,1
Clemson_p034_c3_grm_std_uni,1,6.960824966430664,-5.380568504333496,1
Clemson_p034_c3_grm_std_uni,1,6.923750877380371,-5.338229656219482,1
Clemson_p034_c3_grm_std_uni,1,6.947928428649902,-5.358211040496826,1
Clemson_p034_c3_grm_std_uni,1,7.073400974273682,-5.491238594055176,1
Clemson_p034_c3_grm_std_uni,1,7.09153938293457,-5.558550834655762,1
Clemson_p034_c3_grm_std_uni,1,7.129303455352783,-5.704380512237549,1
Clemson_p034_c3_grm_std_uni,1,7.325719356536865,-5.874496936798096,1
Clemson_p034_c3_grm_std_uni,1,7.476229667663574,-5.925185680389404,1
Clemson_p034_c3_grm_std_uni,1,7.361067771911621,-5.735436916351318,1
Clemson_p034_c3_grm_std_uni,1,5.422246932983398,-3.868941068649292,1
Clemson_p034_c3_grm_std_uni,1,4.541386127471924,-3.0246670246124268,1
Clemson_p034_c3_grm_std_uni,1,4.599635124206543,-3.457634210586548,1
Clemson_p034_c3_grm_std_uni,1,5.085379600524902,-4.09686803817749,1
Clemson_p034_c3_grm_std_uni,1,5.681153774261475,-4.749150276184082,1
Clemson_p034_c3_grm_std_uni,1,6.099935531616211,-5.461151123046875,1
Clemson_p034_c3_grm_std_uni,1,6.540797233581543,-6.124610424041748,1
Clemson_p034_c3_grm_std_uni,1,6.768311023712158,-6.235720157623291,1
Clemson_p034_c3_grm_std_uni,1,7.1783366203308105,-6.058353900909424,1
Clemson_p034_c3_grm_std_uni,1,8.15995979309082,-6.37361478805542,1
Clemson_p034_c3_grm_std_uni,1,7.933294296264648,-6.591688632965088,1
Clemson_p034_c3_grm_std_uni,1,6.8848066329956055,-5.991448402404785,1
Clemson_p034_c3_grm_std_uni,1,6.520623683929443,-5.761174201965332,1
Clemson_p034_c3_grm_std_uni,1,6.498083114624023,-5.744089603424072,1
Clemson_p034_c3_grm_std_uni,1,6.762301921844482,-6.2356858253479,1
Clemson_p034_c3_grm_std_uni,1,7.151525020599365,-6.482086658477783,1
Clemson_p034_c3_grm_std_uni,1,7.487507343292236,-6.535252094268799,1
Clemson_p034_c3_grm_std_uni,1,7.468435287475586,-6.296249866485596,1
Clemson_p034_c3_grm_std_uni,1,7.293206214904785,-6.126147270202637,1
Clemson_p034_c3_grm_std_uni,1,7.066002368927002,-6.019130229949951,1
Clemson_p034_c3_grm_std_uni,1,6.87674617767334,-5.881486415863037,1
Clemson_p034_c3_grm_std_uni,1,6.658986568450928,-5.680369853973389,1
Clemson_p034_c3_grm_std_uni,1,6.9607834815979,-5.840644359588623,1
Clemson_p034_c3_grm_std_uni,1,7.3707966804504395,-6.013267517089844,1
Clemson_p034_c3_grm_std_uni,1,7.850863933563232,-6.1610846519470215,1
Clemson_p034_c3_grm_std_uni,1,7.886480808258057,-6.017575740814209,1
Clemson_p034_c3_grm_std_uni,1,7.649686813354492,-5.566225528717041,1
Clemson_p034_c3_grm_std_uni,1,6.919516086578369,-4.642134189605713,1
Clemson_p034_c3_grm_std_uni,1,7.747996807098389,-5.118158340454102,1
Clemson_p034_c3_grm_std_uni,1,8.05600357055664,-5.30132532119751,1
Clemson_p034_c3_grm_std_uni,1,7.703276634216309,-5.04091739654541,1
Clemson_p034_c3_grm_std_uni,1,7.717833518981934,-5.135964393615723,1
Clemson_p034_c3_grm_std_uni,1,7.9183349609375,-5.35612154006958,1
Clemson_p034_c3_grm_std_uni,1,7.50848913192749,-5.150795936584473,1
Clemson_p034_c3_grm_std_uni,1,7.125236511230469,-5.025447368621826,1
Clemson_p034_c3_grm_std_uni,1,7.389935493469238,-5.464552879333496,1
Clemson_p034_c3_grm_std_uni,1,7.312005996704102,-5.542326927185059,1
Clemson_p034_c3_grm_std_uni,1,7.11301851272583,-5.449868202209473,1
Clemson_p034_c3_grm_std_uni,1,7.076285362243652,-5.440749645233154,1
Clemson_p034_c3_grm_std_uni,1,6.971762657165527,-5.271331787109375,1
Clemson_p034_c3_grm_std_uni,1,7.011744499206543,-5.1864542961120605,1
Clemson_p034_c3_grm_std_uni,1,7.105608940124512,-5.167181968688965,1
Clemson_p034_c3_grm_std_uni,1,7.1582417488098145,-5.177933216094971,1
Clemson_p034_c3_grm_std_uni,1,7.165388107299805,-5.221936225891113,1
Clemson_p034_c3_grm_std_uni,1,7.085844993591309,-5.215965270996094,1
Clemson_p034_c3_grm_std_uni,1,6.978501796722412,-5.1832356452941895,1
Clemson_p034_c3_grm_std_uni,1,6.7033281326293945,-5.013247489929199,1
Clemson_p034_c3_grm_std_uni,1,6.527274131774902,-4.917158126831055,1
Clemson_p034_c3_grm_std_uni,1,6.500126361846924,-4.937371730804443,1
Clemson_p034_c3_grm_std_uni,1,6.307496547698975,-4.736730098724365,1
Clemson_p034_c3_grm_std_uni,1,6.455886363983154,-4.831182956695557,1
Clemson_p034_c3_grm_std_uni,1,6.651408672332764,-4.985289573669434,1
Clemson_p034_c3_grm_std_uni,1,6.615238666534424,-4.854537010192871,1
Clemson_p034_c3_grm_std_uni,1,6.276357173919678,-4.460359573364258,1
Clemson_p034_c3_grm_std_uni,1,6.4593682289123535,-4.673109531402588,1
Clemson_p034_c3_grm_std_uni,1,6.580265522003174,-4.865227222442627,1
Clemson_p034_c3_grm_std_uni,1,6.857181072235107,-5.314014911651611,1
Clemson_p034_c3_grm_std_uni,1,6.6853485107421875,-5.225512504577637,1
Clemson_p034_c3_grm_std_uni,1,6.685490608215332,-5.267449378967285,1
Clemson_p034_c3_grm_std_uni,1,6.552163124084473,-5.128909587860107,1
Clemson_p034_c3_grm_std_uni,1,6.519266128540039,-5.0141520500183105,1
Clemson_p034_c3_grm_std_uni,1,6.779106616973877,-5.148873805999756,1
Clemson_p034_c3_grm_std_uni,1,6.762551307678223,-5.003359794616699,1
Clemson_p034_c3_grm_std_uni,1,6.568929672241211,-4.759321212768555,1
Clemson_p034_c3_grm_std_uni,1,5.944417476654053,-4.145653247833252,1
Clemson_p034_c3_grm_std_uni,1,5.756030082702637,-4.089990139007568,1
Clemson_p034_c3_grm_std_uni,1,6.115004539489746,-4.439733505249023,1
Clemson_p034_c3_grm_std_uni,1,6.511866569519043,-4.86654806137085,1
Clemson_p034_c3_grm_std_uni,1,6.786139965057373,-5.130068778991699,1
Clemson_p034_c3_grm_std_uni,1,7.072372913360596,-5.203617572784424,1
Clemson_p034_c3_grm_std_uni,1,6.502021789550781,-4.649783611297607,1
Clemson_p034_c3_grm_std_uni,1,6.049208164215088,-4.276475429534912,1
Clemson_p034_c3_grm_std_uni,1,6.323858261108398,-4.481955528259277,1
Clemson_p034_c3_grm_std_uni,1,7.118258476257324,-5.11961555480957,1
Clemson_p034_c3_grm_std_uni,1,7.642575263977051,-5.411660194396973,1
Clemson_p034_c3_grm_std_uni,1,7.666987895965576,-5.446678161621094,1
Clemson_p034_c3_grm_std_uni,1,6.3454461097717285,-4.446805477142334,1
Clemson_p034_c3_grm_std_uni,1,5.109002590179443,-3.3619425296783447,1
Clemson_p034_c3_grm_std_uni,1,5.324939250946045,-3.4270050525665283,1
Clemson_p034_c3_grm_std_uni,1,5.85675573348999,-4.004632472991943,1
Clemson_p034_c3_grm_std_uni,1,6.1365132331848145,-4.492233753204346,1
Clemson_p034_c3_grm_std_uni,1,6.310906410217285,-4.9713544845581055,1
Clemson_p034_c3_grm_std_uni,1,6.978400707244873,-5.859267711639404,1
Clemson_p034_c3_grm_std_uni,1,6.962828159332275,-6.076738357543945,1
Clemson_p034_c3_grm_std_uni,1,6.64292573928833,-6.103365421295166,1
Clemson_p034_c3_grm_std_uni,1,6.308366298675537,-6.05570125579834,1
Clemson_p034_c3_grm_std_uni,1,6.097462177276611,-5.818422794342041,1
Clemson_p034_c3_grm_std_uni,1,5.631293773651123,-5.419686317443848,1
Clemson_p034_c3_grm_std_uni,1,3.7055718898773193,-3.9293768405914307,1
Clemson_p034_c3_grm_std_uni,1,3.4541990756988525,-2.9912803173065186,1
Clemson_p034_c3_grm_std_uni,1,4.60096549987793,-3.3250505924224854,1
Clemson_p034_c3_grm_std_uni,1,6.003974914550781,-4.300206661224365,1
Clemson_p034_c3_grm_std_uni,1,6.359656810760498,-4.922364711761475,1
Clemson_p034_c3_grm_std_uni,1,5.838225841522217,-4.89333963394165,1
Clemson_p034_c3_grm_std_uni,1,5.724447727203369,-4.861474990844727,1
Clemson_p034_c3_grm_std_uni,1,6.446579933166504,-5.436211109161377,1
Clemson_p034_c3_grm_std_uni,1,6.988783359527588,-5.88274621963501,1
Clemson_p034_c3_grm_std_uni,1,6.762812614440918,-5.722127914428711,1
Clemson_p034_c3_grm_std_uni,1,6.859042167663574,-5.8598103523254395,1
Clemson_p034_c3_grm_std_uni,1,6.733597755432129,-5.825562953948975,1
Clemson_p034_c3_grm_std_uni,1,6.759161472320557,-5.845458507537842,1
Clemson_p034_c3_grm_std_uni,1,6.800155162811279,-5.81038236618042,1
Clemson_p034_c3_grm_std_uni,1,6.900921821594238,-5.756638526916504,1
Clemson_p034_c3_grm_std_uni,1,7.165663242340088,-5.860355854034424,1
Clemson_p034_c3_grm_std_uni,1,7.24661922454834,-5.929566383361816,1
Clemson_p034_c3_grm_std_uni,1,7.046514987945557,-5.837071895599365,1
Clemson_p034_c3_grm_std_uni,1,6.883972644805908,-5.725468635559082,1
Clemson_p034_c3_grm_std_uni,1,6.913846015930176,-5.6829023361206055,1
Clemson_p034_c3_grm_std_uni,1,6.718475341796875,-5.386358737945557,1
Clemson_p034_c3_grm_std_uni,1,6.801526069641113,-5.336584568023682,1
Clemson_p034_c3_grm_std_uni,1,6.647535800933838,-5.266885757446289,1
Clemson_p034_c3_grm_std_uni,1,6.970164775848389,-5.648478031158447,1
Clemson_p034_c3_grm_std_uni,1,6.870406627655029,-5.659803867340088,1
Clemson_p034_c3_grm_std_uni,1,6.769461631774902,-5.573705673217773,1
Clemson_p034_c3_grm_std_uni,1,6.738882541656494,-5.532954216003418,1
Clemson_p034_c3_grm_std_uni,1,6.7028489112854,-5.466055870056152,1
Clemson_p034_c3_grm_std_uni,1,6.704587936401367,-5.455519199371338,1
Clemson_p034_c3_grm_std_uni,1,6.89509916305542,-5.629140853881836,1
Clemson_p034_c3_grm_std_uni,1,7.051330089569092,-5.77736759185791,1
Clemson_p034_c3_grm_std_uni,1,6.986525535583496,-5.759564399719238,1
Clemson_p034_c3_grm_std_uni,1,6.914739608764648,-5.718530178070068,1
Clemson_p034_c3_grm_std_uni,1,6.890649795532227,-5.700020790100098,1
Clemson_p034_c3_grm_std_uni,1,6.81254243850708,-5.647553443908691,1
Clemson_p034_c3_grm_std_uni,1,6.788382530212402,-5.61970853805542,1
Clemson_p034_c3_grm_std_uni,1,6.803679466247559,-5.613761901855469,1
Clemson_p034_c3_grm_std_uni,1,6.853689193725586,-5.638834476470947,1
Clemson_p034_c3_grm_std_uni,1,6.894448757171631,-5.662653923034668,1
Clemson_p034_c3_grm_std_uni,1,6.904146671295166,-5.667059898376465,1
Clemson_p034_c3_grm_std_uni,1,6.819048881530762,-5.618191719055176,1
Clemson_p034_c3_grm_std_uni,1,6.748171806335449,-5.575896263122559,1
Clemson_p034_c3_grm_std_uni,1,6.701815605163574,-5.5516180992126465,1
Clemson_p034_c3_grm_std_uni,1,6.64206075668335,-5.511032581329346,1
Clemson_p034_c3_grm_std_uni,1,6.685257434844971,-5.537018775939941,1
Clemson_p034_c3_grm_std_uni,1,6.698794364929199,-5.56280517578125,1
Clemson_p034_c3_grm_std_uni,1,6.64588737487793,-5.551112174987793,1
Clemson_p034_c3_grm_std_uni,1,6.662420272827148,-5.574602127075195,1
Clemson_p034_c3_grm_std_uni,1,6.671389102935791,-5.590270042419434,1
Clemson_p034_c3_grm_std_uni,1,6.649557590484619,-5.578954219818115,1
Clemson_p034_c3_grm_std_uni,1,6.674197673797607,-5.588681697845459,1
Clemson_p034_c3_grm_std_uni,1,6.732902526855469,-5.619821548461914,1
Clemson_p034_c3_grm_std_uni,1,6.809269905090332,-5.660470485687256,1
Clemson_p034_c3_grm_std_uni,1,6.772226333618164,-5.642142295837402,1
Clemson_p034_c3_grm_std_uni,1,6.692140102386475,-5.5966949462890625,1
Clemson_p034_c3_grm_std_uni,1,6.649719715118408,-5.570033073425293,1
Clemson_p034_c3_grm_std_uni,1,6.678224086761475,-5.599974632263184,1
Clemson_p034_c3_grm_std_uni,1,6.679749011993408,-5.617024898529053,1
Clemson_p034_c3_grm_std_uni,1,6.627072334289551,-5.598028182983398,1
Clemson_p034_c3_grm_std_uni,1,6.556066989898682,-5.562471389770508,1
Clemson_p034_c3_grm_std_uni,1,6.502076625823975,-5.535710334777832,1
Clemson_p034_c3_grm_std_uni,1,6.435553073883057,-5.493317127227783,1
Clemson_p034_c3_grm_std_uni,1,6.3646392822265625,-5.426336765289307,1
Clemson_p034_c3_grm_std_uni,1,6.309102535247803,-5.338742256164551,1
Clemson_p034_c3_grm_std_uni,1,6.238110065460205,-5.207958698272705,1
Clemson_p034_c3_grm_std_uni,1,6.123807907104492,-5.027169227600098,1
Clemson_p034_c3_grm_std_uni,1,5.975311756134033,-4.803924083709717,1
Clemson_p034_c3_grm_std_uni,1,5.880432605743408,-4.66249418258667,1
Clemson_p034_c3_grm_std_uni,1,5.6462721824646,-4.4231858253479,1
Clemson_p034_c3_grm_std_uni,1,5.723397254943848,-4.550404071807861,1
Clemson_p034_c3_grm_std_uni,1,5.715761661529541,-4.669983386993408,1
Clemson_p034_c3_grm_std_uni,1,6.236507892608643,-5.280359745025635,1
Clemson_p034_c3_grm_std_uni,1,6.54162073135376,-5.62885046005249,1
Clemson_p034_c3_grm_std_uni,1,6.613584518432617,-5.520496845245361,1
Clemson_p034_c3_grm_std_uni,1,5.971304893493652,-4.572816371917725,1
Clemson_p034_c3_grm_std_uni,1,5.384584426879883,-4.181324005126953,1
Clemson_p034_c3_grm_std_uni,1,4.966278076171875,-4.228358268737793,1
Clemson_p034_c3_grm_std_uni,1,4.85975456237793,-4.1652750968933105,1
Clemson_p034_c3_grm_std_uni,1,5.102476596832275,-4.636904716491699,1
Clemson_p034_c3_grm_std_uni,1,5.679448127746582,-5.126580238342285,1
Clemson_p034_c3_grm_std_uni,1,5.805287837982178,-5.526679515838623,1
Clemson_p034_c3_grm_std_uni,1,5.800722599029541,-5.288406848907471,1
Clemson_p034_c3_grm_std_uni,1,5.38622522354126,-4.588235378265381,1
Clemson_p034_c3_grm_std_uni,1,5.108168125152588,-3.6754705905914307,1
Clemson_p034_c3_grm_std_uni,1,5.293581962585449,-3.8587803840637207,1
Clemson_p034_c3_grm_std_uni,1,6.010467529296875,-4.719645023345947,1
Clemson_p034_c3_grm_std_uni,1,5.6869378089904785,-5.047374248504639,1
Clemson_p034_c3_grm_std_uni,1,4.3419084548950195,-3.4632959365844727,1
Clemson_p034_c3_grm_std_uni,1,4.445920944213867,-3.6950905323028564,1
Clemson_p034_c3_grm_std_uni,1,4.8651885986328125,-5.175793647766113,1
Clemson_p034_c3_grm_std_uni,1,5.711935997009277,-6.248599052429199,1
Clemson_p034_c3_grm_std_uni,1,6.407159805297852,-6.559262275695801,1
Clemson_p034_c3_grm_std_uni,1,6.889260768890381,-6.6156487464904785,1
Clemson_p034_c3_grm_std_uni,1,7.025778770446777,-6.303811073303223,1
Clemson_p034_c3_grm_std_uni,1,6.954380512237549,-5.97177267074585,1
Clemson_p034_c3_grm_std_uni,1,7.620782852172852,-6.264888286590576,1
Clemson_p034_c3_grm_std_uni,1,7.832270622253418,-6.658326625823975,1
Clemson_p034_c3_grm_std_uni,1,7.413607597351074,-6.6125407218933105,1
Clemson_p034_c3_grm_std_uni,1,6.354718208312988,-6.007866859436035,1
Clemson_p034_c3_grm_std_uni,1,5.449419975280762,-5.430459976196289,1
Clemson_p034_c3_grm_std_uni,1,5.409794330596924,-5.21251106262207,1
Clemson_p034_c3_grm_std_uni,1,5.832409381866455,-5.413316249847412,1
Clemson_p034_c3_grm_std_uni,1,5.501335620880127,-5.241513729095459,1
Clemson_p034_c3_grm_std_uni,1,3.656224250793457,-3.7624921798706055,1
Clemson_p034_c3_grm_std_uni,1,3.4065582752227783,-2.0556833744049072,1
Clemson_p034_c3_grm_std_uni,1,4.592309951782227,-3.283958911895752,1
Clemson_p034_c3_grm_std_uni,1,5.713850021362305,-4.398864269256592,1
Clemson_p034_c3_grm_std_uni,1,6.142567157745361,-4.626193523406982,1
Clemson_p034_c3_grm_std_uni,1,6.460509300231934,-5.059948921203613,1
Clemson_p034_c3_grm_std_uni,1,7.125307559967041,-5.941255569458008,1
Clemson_p034_c3_grm_std_uni,1,8.020779609680176,-6.750776767730713,1
Clemson_p034_c3_grm_std_uni,1,8.284085273742676,-6.9803786277771,1
Clemson_p034_c3_grm_std_uni,1,7.313560485839844,-6.407525062561035,1
Clemson_p034_c3_grm_std_uni,1,6.853650093078613,-6.163120746612549,1
Clemson_p034_c3_grm_std_uni,1,6.286477565765381,-6.125467300415039,1
Clemson_p034_c3_grm_std_uni,1,6.138448715209961,-5.866817951202393,1
Clemson_p034_c3_grm_std_uni,1,6.050917148590088,-5.627429008483887,1
Clemson_p034_c3_grm_std_uni,1,6.321489334106445,-6.143486499786377,1
Clemson_p034_c3_grm_std_uni,1,5.879016399383545,-5.776388168334961,1
Clemson_p034_c3_grm_std_uni,1,4.078409194946289,-4.046847343444824,1
Clemson_p034_c3_grm_std_uni,1,3.7570700645446777,-3.3416969776153564,1
Clemson_p034_c3_grm_std_uni,1,4.783477306365967,-4.39572811126709,1
Clemson_p034_c3_grm_std_uni,1,5.9974541664123535,-6.071496486663818,1
Clemson_p034_c3_grm_std_uni,1,5.681757926940918,-5.483782768249512,1
Clemson_p034_c3_grm_std_uni,1,5.013492107391357,-4.150331974029541,1
Clemson_p034_c3_grm_std_uni,1,5.07768440246582,-3.4954423904418945,1
Clemson_p034_c3_grm_std_uni,1,5.454354286193848,-3.941861391067505,1
Clemson_p034_c3_grm_std_uni,1,6.1552276611328125,-5.096339225769043,1
Clemson_p034_c3_grm_std_uni,1,6.7999982833862305,-5.8731865882873535,1
Clemson_p034_c3_grm_std_uni,1,7.243955135345459,-6.247193813323975,1
Clemson_p034_c3_grm_std_uni,1,7.358659267425537,-6.519728183746338,1
Clemson_p034_c3_grm_std_uni,1,7.1609416007995605,-6.317556858062744,1
Clemson_p034_c3_grm_std_uni,1,7.375279903411865,-6.21259069442749,1
Clemson_p034_c3_grm_std_uni,1,7.560132026672363,-5.939039707183838,1
Clemson_p034_c3_grm_std_uni,1,7.3383002281188965,-5.530271530151367,1
Clemson_p034_c3_grm_std_uni,1,8.298757553100586,-6.532590389251709,1
Clemson_p034_c3_grm_std_uni,1,8.761646270751953,-7.416578769683838,1
Clemson_p034_c3_grm_std_uni,1,8.395303726196289,-7.0255351066589355,1
Clemson_p034_c3_grm_std_uni,1,7.646412372589111,-6.636528491973877,1
Clemson_p034_c3_grm_std_uni,1,6.857544898986816,-6.200711250305176,1
Clemson_p034_c3_grm_std_uni,1,6.240787029266357,-5.82822322845459,1
Clemson_p034_c3_grm_std_uni,1,6.028382301330566,-5.584878444671631,1
Clemson_p034_c3_grm_std_uni,1,5.483242988586426,-4.933370113372803,1
Clemson_p034_c3_grm_std_uni,1,4.888193130493164,-4.431005001068115,1
Clemson_p034_c3_grm_std_uni,1,5.2087249755859375,-5.3424787521362305,1
Clemson_p034_c3_grm_std_uni,1,5.694157123565674,-6.359437942504883,1
Clemson_p034_c3_grm_std_uni,1,5.495687961578369,-6.291293144226074,1
Clemson_p034_c3_grm_std_uni,1,4.922177314758301,-5.612681865692139,1
Clemson_p034_c3_grm_std_uni,1,3.8724417686462402,-4.284989833831787,1
Clemson_p034_c3_grm_std_uni,1,0.48677000403404236,-1.2665122747421265,1
Clemson_p034_c3_grm_std_uni,1,0.3893914818763733,0.15759973227977753,2
Clemson_p034_c3_grm_std_uni,1,3.5521087646484375,-2.5590717792510986,1
Clemson_p034_c3_grm_std_uni,1,5.597877025604248,-4.91799783706665,1
Clemson_p034_c3_grm_std_uni,1,6.399078845977783,-5.662400722503662,1
Clemson_p034_c3_grm_std_uni,1,7.225564479827881,-5.9654717445373535,1
Clemson_p034_c3_grm_std_uni,1,8.058451652526855,-6.5669941902160645,1
Clemson_p034_c3_grm_std_uni,1,8.425007820129395,-6.979634761810303,1
Clemson_p034_c3_grm_std_uni,1,7.778878211975098,-6.335773944854736,1
Clemson_p034_c3_grm_std_uni,1,7.079389572143555,-6.206858158111572,1
Clemson_p034_c3_grm_std_uni,1,6.503026008605957,-6.180526256561279,1
Clemson_p034_c3_grm_std_uni,1,5.794009208679199,-5.955260753631592,1
Clemson_p034_c3_grm_std_uni,1,5.481574058532715,-5.561670303344727,1
Clemson_p034_c3_grm_std_uni,1,5.805933952331543,-5.739704608917236,1
Clemson_p034_c3_grm_std_uni,1,5.642240047454834,-5.88858699798584,1
Clemson_p034_c3_grm_std_uni,1,5.6763105392456055,-5.8569016456604,1
Clemson_p034_c3_grm_std_uni,1,5.479226589202881,-5.651204586029053,1
Clemson_p034_c3_grm_std_uni,1,4.760284423828125,-5.225526809692383,1
Clemson_p034_c3_grm_std_uni,1,-0.10016728937625885,-0.8267257809638977,1
Clemson_p034_c3_grm_std_uni,1,-0.6484566926956177,0.18516476452350616,2
Clemson_p034_c3_grm_std_uni,1,4.112822532653809,-3.9536898136138916,1
Clemson_p034_c3_grm_std_uni,1,5.380350112915039,-5.448863506317139,1
Clemson_p034_c3_grm_std_uni,1,6.335098743438721,-6.274412155151367,1
Clemson_p034_c3_grm_std_uni,1,6.528745174407959,-6.207000732421875,1
Clemson_p034_c3_grm_std_uni,1,6.4297027587890625,-5.811659812927246,1
Clemson_p034_c3_grm_std_uni,1,6.153346061706543,-5.10552453994751,1
Clemson_p034_c3_grm_std_uni,1,6.616164207458496,-4.51510763168335,1
Clemson_p034_c3_grm_std_uni,1,7.827308654785156,-5.113923072814941,1
Clemson_p034_c3_grm_std_uni,1,7.680517673492432,-5.208581924438477,1
Clemson_p034_c3_grm_std_uni,1,7.123918533325195,-4.9454803466796875,1
Clemson_p034_c3_grm_std_uni,1,7.297061443328857,-5.284454822540283,1
Clemson_p034_c3_grm_std_uni,1,7.475918292999268,-5.646135330200195,1
Clemson_p034_c3_grm_std_uni,1,7.107597351074219,-5.394845485687256,1
Clemson_p034_c3_grm_std_uni,1,6.401485919952393,-5.190290451049805,1
Clemson_p034_c3_grm_std_uni,1,2.744123697280884,-2.1767191886901855,1
Clemson_p034_c3_grm_std_uni,1,4.015726089477539,-2.68241024017334,1
Clemson_p034_c3_grm_std_uni,1,5.840935707092285,-4.926060676574707,1
Clemson_p034_c3_grm_std_uni,1,6.9450154304504395,-5.985561847686768,1
Clemson_p034_c3_grm_std_uni,1,7.2051239013671875,-6.5268754959106445,1
Clemson_p034_c3_grm_std_uni,1,8.011064529418945,-6.830752849578857,1
Clemson_p034_c3_grm_std_uni,1,7.4602370262146,-5.770440578460693,1
Clemson_p034_c3_grm_std_uni,1,7.703738212585449,-5.807463645935059,1
Clemson_p034_c3_grm_std_uni,2,7.064095497131348,-5.514764308929443,1
Clemson_p034_c3_grm_std_uni,2,7.2573628425598145,-5.554433345794678,1
Clemson_p034_c3_grm_std_uni,2,7.828831195831299,-5.675291061401367,1
Clemson_p034_c3_grm_std_uni,2,8.204670906066895,-5.807056903839111,1
Clemson_p034_c3_grm_std_uni,2,8.422972679138184,-6.008457660675049,1
Clemson_p034_c3_grm_std_uni,2,8.311333656311035,-6.078036308288574,1
Clemson_p034_c3_grm_std_uni,2,7.85374641418457,-5.919363975524902,1
Clemson_p034_c3_grm_std_uni,2,7.66942834854126,-5.831541061401367,1
Clemson_p034_c3_grm_std_uni,2,7.449450492858887,-5.711399555206299,1
Clemson_p034_c3_grm_std_uni,2,7.241547584533691,-5.449294567108154,1
Clemson_p034_c3_grm_std_uni,2,6.7994561195373535,-4.8882646560668945,1
Clemson_p034_c3_grm_std_uni,2,6.596652507781982,-4.546193599700928,1
Clemson_p034_c3_grm_std_uni,2,6.353229999542236,-4.31950569152832,1
Clemson_p034_c3_grm_std_uni,2,6.134843826293945,-4.155458450317383,1
Clemson_p034_c3_grm_std_uni,2,6.095974922180176,-4.077784538269043,1
Clemson_p034_c3_grm_std_uni,2,5.8442769050598145,-3.9873850345611572,1
Clemson_p034_c3_grm_std_uni,2,3.0909454822540283,-2.670973777770996,1
Clemson_p034_c3_grm_std_uni,2,-1.3042339086532593,1.7855639457702637,2
Clemson_p034_c3_grm_std_uni,2,2.30570650100708,-1.188428521156311,1
Clemson_p034_c3_grm_std_uni,2,6.445507526397705,-4.192779541015625,1
Clemson_p034_c3_grm_std_uni,2,7.167940616607666,-4.862043857574463,1
Clemson_p034_c3_grm_std_uni,2,7.727926254272461,-5.060013294219971,1
Clemson_p034_c3_grm_std_uni,2,7.8452067375183105,-4.376959800720215,1
Clemson_p034_c3_grm_std_uni,2,7.192346096038818,-4.653439521789551,1
Clemson_p034_c3_grm_std_uni,2,6.519050121307373,-5.185058116912842,1
Clemson_p034_c3_grm_std_uni,2,6.3799848556518555,-5.484095096588135,1
Clemson_p034_c3_grm_std_uni,2,6.157363414764404,-5.52836275100708,1
Clemson_p034_c3_grm_std_uni,2,6.058777332305908,-5.555959701538086,1
Clemson_p034_c3_grm_std_uni,1,6.159104824066162,-5.584460258483887,1
Clemson_p034_c3_grm_std_uni,1,6.1680378913879395,-4.977120399475098,1
Clemson_p034_c3_grm_std_uni,1,5.0223565101623535,-2.5265073776245117,1
Clemson_p034_c3_grm_std_uni,1,5.468543529510498,-2.8336896896362305,1
Clemson_p034_c3_grm_std_uni,1,6.732598781585693,-4.4969916343688965,1
Clemson_p034_c3_grm_std_uni,1,7.877358436584473,-6.297369956970215,1
Clemson_p034_c3_grm_std_uni,1,7.483974933624268,-6.399038791656494,1
Clemson_p034_c3_grm_std_uni,1,6.895931720733643,-6.197709560394287,1
Clemson_p034_c3_grm_std_uni,1,6.672975063323975,-6.07852029800415,1
Clemson_p034_c3_grm_std_uni,1,6.554207801818848,-5.999497413635254,1
Clemson_p034_c3_grm_std_uni,1,6.477919101715088,-5.910562515258789,1
Clemson_p034_c3_grm_std_uni,1,6.419288158416748,-5.828522682189941,1
Clemson_p034_c3_grm_std_uni,1,6.368255615234375,-5.736679553985596,1
Clemson_p034_c3_grm_std_uni,1,6.322931289672852,-5.619821071624756,1
Clemson_p034_c3_grm_std_uni,1,6.309591293334961,-5.516455173492432,1
Clemson_p034_c3_grm_std_uni,1,6.260174751281738,-5.385811805725098,1
Clemson_p034_c3_grm_std_uni,1,6.1862006187438965,-5.215889930725098,1
Clemson_p034_c3_grm_std_uni,1,6.114960670471191,-5.103123188018799,1
Clemson_p034_c3_grm_std_uni,1,6.058149337768555,-5.044369697570801,1
Clemson_p034_c3_grm_std_uni,1,6.001877307891846,-4.991326332092285,1
Clemson_p034_c3_grm_std_uni,1,5.96965217590332,-4.954415321350098,1
Clemson_p034_c3_grm_std_uni,1,5.93856143951416,-4.910558700561523,1
Clemson_p034_c3_grm_std_uni,1,5.913938999176025,-4.879051685333252,1
Clemson_p034_c3_grm_std_uni,1,5.883193492889404,-4.8702497482299805,1
Clemson_p034_c3_grm_std_uni,1,5.855025291442871,-4.872110366821289,1
Clemson_p034_c3_grm_std_uni,1,5.827552318572998,-4.871395587921143,1
Clemson_p034_c3_grm_std_uni,1,5.788813591003418,-4.873777389526367,1
Clemson_p034_c3_grm_std_uni,1,5.747076988220215,-4.870975971221924,1
Clemson_p034_c3_grm_std_uni,1,5.69942045211792,-4.879761219024658,1
Clemson_p034_c3_grm_std_uni,1,5.6130051612854,-4.884804725646973,1
Clemson_p034_c3_grm_std_uni,1,5.496256351470947,-4.934248924255371,1
Clemson_p034_c3_grm_std_uni,1,5.415194511413574,-5.061922550201416,1
Clemson_p034_c3_grm_std_uni,1,5.194157600402832,-5.044722557067871,1
Clemson_p034_c3_grm_std_uni,1,4.948553562164307,-4.989251613616943,1
Clemson_p034_c3_grm_std_uni,1,4.919423580169678,-5.037398815155029,1
Clemson_p034_c3_grm_std_uni,1,4.828744411468506,-4.998505115509033,1
Clemson_p034_c3_grm_std_uni,1,4.938717842102051,-5.094368934631348,1
Clemson_p034_c3_grm_std_uni,1,4.515100955963135,-4.6773271560668945,1
Clemson_p034_c3_grm_std_uni,1,4.0878005027771,-4.134705066680908,1
Clemson_p034_c3_grm_std_uni,1,4.25796365737915,-4.017889022827148,1
Clemson_p034_c3_grm_std_uni,1,4.7717976570129395,-4.146014213562012,1
Clemson_p034_c3_grm_std_uni,1,5.577841758728027,-4.782524108886719,1
Clemson_p034_c3_grm_std_uni,1,5.441107273101807,-4.651197910308838,1
Clemson_p034_c3_grm_std_uni,1,5.1493120193481445,-4.407674789428711,1
Clemson_p034_c3_grm_std_uni,1,5.375345706939697,-4.67205810546875,1
Clemson_p034_c3_grm_std_uni,1,5.242143154144287,-4.529125690460205,1
Clemson_p034_c3_grm_std_uni,1,5.211160659790039,-4.554361343383789,1
Clemson_p034_c3_grm_std_uni,1,5.149311542510986,-4.547121047973633,1
Clemson_p034_c3_grm_std_uni,1,5.105888843536377,-4.519585132598877,1
Clemson_p034_c3_grm_std_uni,1,5.151708126068115,-4.559958457946777,1
Clemson_p034_c3_grm_std_uni,1,5.277621269226074,-4.618923664093018,1
Clemson_p034_c3_grm_std_uni,1,5.329261779785156,-4.624383926391602,1
Clemson_p034_c3_grm_std_uni,1,5.344656944274902,-4.5866851806640625,1
Clemson_p034_c3_grm_std_uni,1,5.354348182678223,-4.5433244705200195,1
Clemson_p034_c3_grm_std_uni,1,5.385824203491211,-4.567767143249512,1
Clemson_p034_c3_grm_std_uni,1,5.397948265075684,-4.580286979675293,1
Clemson_p034_c3_grm_std_uni,1,5.4593825340271,-4.663564682006836,1
Clemson_p034_c3_grm_std_uni,1,5.432307243347168,-4.666574954986572,1
Clemson_p034_c3_grm_std_uni,1,5.430658340454102,-4.650855541229248,1
Clemson_p034_c3_grm_std_uni,1,5.616277694702148,-4.797296047210693,1
Clemson_p034_c3_grm_std_uni,1,5.605592250823975,-4.752592086791992,1
Clemson_p034_c3_grm_std_uni,1,5.525951862335205,-4.610915184020996,1
Clemson_p034_c3_grm_std_uni,1,5.435582637786865,-4.47748327255249,1
Clemson_p034_c3_grm_std_uni,1,5.143615245819092,-4.190812110900879,1
Clemson_p034_c3_grm_std_uni,1,5.224099159240723,-4.166884899139404,1
Clemson_p034_c3_grm_std_uni,1,5.473906993865967,-4.338293552398682,1
Clemson_p034_c3_grm_std_uni,1,5.654440402984619,-4.498682022094727,1
Clemson_p034_c3_grm_std_uni,1,5.747708797454834,-4.766351699829102,1
Clemson_p034_c3_grm_std_uni,1,5.340388774871826,-4.724747657775879,1
Clemson_p034_c3_grm_std_uni,1,4.245968341827393,-3.922384738922119,1
Clemson_p034_c3_grm_std_uni,1,3.3760244846343994,-2.831926107406616,1
Clemson_p034_c3_grm_std_uni,1,4.834048271179199,-4.266514778137207,1
Clemson_p034_c3_grm_std_uni,1,4.8263258934021,-4.025914192199707,1
Clemson_p034_c3_grm_std_uni,1,4.1392340660095215,-3.3667407035827637,1
Clemson_p034_c3_grm_std_uni,1,4.088302135467529,-3.0298821926116943,1
Clemson_p034_c3_grm_std_uni,1,4.7811994552612305,-3.6097230911254883,1
Clemson_p034_c3_grm_std_uni,1,5.1923112869262695,-4.143933296203613,1
Clemson_p034_c3_grm_std_uni,1,5.227417945861816,-4.404760360717773,1
Clemson_p034_c3_grm_std_uni,1,4.923285007476807,-4.380464553833008,1
Clemson_p034_c3_grm_std_uni,1,4.658813953399658,-4.404596328735352,1
Clemson_p034_c3_grm_std_uni,1,4.891568660736084,-4.760505199432373,1
Clemson_p034_c3_grm_std_uni,1,5.081770420074463,-5.112889766693115,1
Clemson_p034_c3_grm_std_uni,1,5.116141319274902,-5.345754146575928,1
Clemson_p034_c3_grm_std_uni,1,4.862044811248779,-5.374968528747559,1
Clemson_p034_c3_grm_std_uni,1,4.646580696105957,-5.340627670288086,1
Clemson_p034_c3_grm_std_uni,1,4.610968112945557,-5.363388538360596,1
Clemson_p034_c3_grm_std_uni,1,4.596477031707764,-5.312948703765869,1
Clemson_p034_c3_grm_std_uni,1,4.759669303894043,-5.370813369750977,1
Clemson_p034_c3_grm_std_uni,1,4.780257701873779,-5.337382793426514,1
Clemson_p034_c3_grm_std_uni,1,4.91425895690918,-5.274521827697754,1
Clemson_p034_c3_grm_std_uni,1,5.085713863372803,-5.172475814819336,1
Clemson_p034_c3_grm_std_uni,1,5.413793087005615,-5.156113147735596,1
Clemson_p034_c3_grm_std_uni,1,5.760194301605225,-5.1735100746154785,1
Clemson_p034_c3_grm_std_uni,1,5.91513204574585,-5.125731945037842,1
Clemson_p034_c3_grm_std_uni,1,5.817174911499023,-4.919434547424316,1
Clemson_p034_c3_grm_std_uni,1,5.855443954467773,-4.877381801605225,1
Clemson_p034_c3_grm_std_uni,1,5.800703525543213,-4.733346462249756,1
Clemson_p034_c3_grm_std_uni,1,5.715090274810791,-4.635110378265381,1
Clemson_p034_c3_grm_std_uni,1,5.543182849884033,-4.494682788848877,1
Clemson_p034_c3_grm_std_uni,1,5.475998401641846,-4.2887749671936035,1
Clemson_p034_c3_grm_std_uni,1,5.811920642852783,-4.513120174407959,1
Clemson_p034_c3_grm_std_uni,1,5.782082557678223,-4.3854899406433105,1
Clemson_p034_c3_grm_std_uni,1,5.881814479827881,-4.495232105255127,1
Clemson_p034_c3_grm_std_uni,1,5.934264183044434,-4.521142482757568,1
Clemson_p034_c3_grm_std_uni,1,6.012732028961182,-4.5738983154296875,1
Clemson_p034_c3_grm_std_uni,1,6.020293235778809,-4.584144115447998,1
Clemson_p034_c3_grm_std_uni,1,6.008276462554932,-4.593359470367432,1
Clemson_p034_c3_grm_std_uni,1,6.055650234222412,-4.656922817230225,1
Clemson_p034_c3_grm_std_uni,1,5.975890636444092,-4.607656002044678,1
Clemson_p034_c3_grm_std_uni,1,5.92829704284668,-4.575648307800293,1
Clemson_p034_c3_grm_std_uni,1,5.90560245513916,-4.546453952789307,1
Clemson_p034_c3_grm_std_uni,1,5.902781963348389,-4.526342868804932,1
Clemson_p034_c3_grm_std_uni,1,5.957372188568115,-4.544363021850586,1
Clemson_p034_c3_grm_std_uni,1,6.019264221191406,-4.591136455535889,1
Clemson_p034_c3_grm_std_uni,1,6.042674541473389,-4.601757526397705,1
Clemson_p034_c3_grm_std_uni,1,5.994447231292725,-4.555307865142822,1
Clemson_p034_c3_grm_std_uni,1,5.861093997955322,-4.439948081970215,1
Clemson_p034_c3_grm_std_uni,1,5.799781322479248,-4.4115118980407715,1
Clemson_p034_c3_grm_std_uni,1,5.75462532043457,-4.381693363189697,1
Clemson_p034_c3_grm_std_uni,1,5.689518928527832,-4.352683067321777,1
Clemson_p034_c3_grm_std_uni,1,5.612465858459473,-4.298678874969482,1
Clemson_p034_c3_grm_std_uni,1,5.448282241821289,-4.125688076019287,1
Clemson_p034_c3_grm_std_uni,1,5.270814418792725,-3.917489767074585,1
Clemson_p034_c3_grm_std_uni,1,4.742096900939941,-3.376088857650757,1
Clemson_p034_c3_grm_std_uni,1,4.766303539276123,-3.3614721298217773,1
Clemson_p034_c3_grm_std_uni,1,4.992305278778076,-3.6026694774627686,1
Clemson_p034_c3_grm_std_uni,1,4.96690559387207,-3.733160972595215,1
Clemson_p034_c3_grm_std_uni,1,4.610044479370117,-3.585099220275879,1
Clemson_p034_c3_grm_std_uni,1,4.179961204528809,-3.2530407905578613,1
Clemson_p034_c3_grm_std_uni,1,3.781574010848999,-3.0624470710754395,1
Clemson_p034_c3_grm_std_uni,1,3.9409937858581543,-3.476607322692871,1
Clemson_p034_c3_grm_std_uni,1,3.9531619548797607,-3.602668285369873,1
Clemson_p034_c3_grm_std_uni,1,4.366259574890137,-4.1112775802612305,1
Clemson_p034_c3_grm_std_uni,1,4.690651893615723,-4.304322242736816,1
Clemson_p034_c3_grm_std_uni,1,5.0326151847839355,-4.495150566101074,1
Clemson_p034_c3_grm_std_uni,1,5.246133327484131,-4.638851642608643,1
Clemson_p034_c3_grm_std_uni,1,5.423565864562988,-4.803216934204102,1
Clemson_p034_c3_grm_std_uni,1,5.366078853607178,-4.784879207611084,1
Clemson_p034_c3_grm_std_uni,1,5.419984817504883,-4.779133319854736,1
Clemson_p034_c3_grm_std_uni,1,5.595365524291992,-4.8442063331604,1
Clemson_p034_c3_grm_std_uni,1,5.537040710449219,-4.756142616271973,1
Clemson_p034_c3_grm_std_uni,1,5.025352478027344,-4.2907562255859375,1
Clemson_p034_c3_grm_std_uni,1,4.746445655822754,-3.8577687740325928,1
Clemson_p034_c3_grm_std_uni,1,5.312602519989014,-4.162220001220703,1
Clemson_p034_c3_grm_std_uni,1,5.732366561889648,-4.495728015899658,1
Clemson_p034_c3_grm_std_uni,1,5.851312637329102,-4.59345817565918,1
Clemson_p034_c3_grm_std_uni,1,5.851061820983887,-4.543901443481445,1
Clemson_p034_c3_grm_std_uni,1,5.8188581466674805,-4.448525428771973,1
Clemson_p034_c3_grm_std_uni,1,5.93736457824707,-4.50799036026001,1
Clemson_p034_c3_grm_std_uni,1,6.064031600952148,-4.561720371246338,1
Clemson_p034_c3_grm_std_uni,1,6.0760040283203125,-4.521827220916748,1
Clemson_p034_c3_grm_std_uni,1,6.05501651763916,-4.46749210357666,1
Clemson_p034_c3_grm_std_uni,1,6.004879474639893,-4.37838888168335,1
Clemson_p034_c3_grm_std_uni,1,6.065178394317627,-4.383671760559082,1
Clemson_p034_c3_grm_std_uni,1,6.11066198348999,-4.390597343444824,1
Clemson_p034_c3_grm_std_uni,1,6.113605976104736,-4.396157264709473,1
Clemson_p034_c3_grm_std_uni,1,6.0351409912109375,-4.339993476867676,1
Clemson_p034_c3_grm_std_uni,1,5.9106340408325195,-4.311262607574463,1
Clemson_p034_c3_grm_std_uni,1,5.729428768157959,-4.210658550262451,1
Clemson_p034_c3_grm_std_uni,1,5.626672267913818,-4.175650596618652,1
Clemson_p034_c3_grm_std_uni,1,5.416910648345947,-3.9724090099334717,1
Clemson_p034_c3_grm_std_uni,1,5.448458671569824,-4.0094709396362305,1
Clemson_p034_c3_grm_std_uni,1,5.553945064544678,-4.081657409667969,1
Clemson_p034_c3_grm_std_uni,1,5.625952243804932,-4.147572040557861,1
Clemson_p034_c3_grm_std_uni,1,5.670892715454102,-4.223992824554443,1
Clemson_p034_c3_grm_std_uni,1,5.564932823181152,-4.18193244934082,1
Clemson_p034_c3_grm_std_uni,1,5.050305366516113,-3.8253278732299805,1
Clemson_p034_c3_grm_std_uni,1,4.4165167808532715,-3.430351734161377,1
Clemson_p034_c3_grm_std_uni,1,4.284851551055908,-3.3539276123046875,1
Clemson_p034_c3_grm_std_uni,1,4.678457736968994,-3.7122981548309326,1
Clemson_p034_c3_grm_std_uni,1,5.011714458465576,-3.9559812545776367,1
Clemson_p034_c3_grm_std_uni,1,5.132001876831055,-4.215327739715576,1
Clemson_p034_c3_grm_std_uni,1,5.176584720611572,-4.29027795791626,1
Clemson_p034_c3_grm_std_uni,1,5.149248123168945,-4.217733860015869,1
Clemson_p034_c3_grm_std_uni,1,4.873872756958008,-3.8767380714416504,1
Clemson_p034_c3_grm_std_uni,1,4.65793514251709,-3.720527410507202,1
Clemson_p034_c3_grm_std_uni,1,4.664401054382324,-3.876027822494507,1
Clemson_p034_c3_grm_std_uni,1,4.307703971862793,-3.724738121032715,1
Clemson_p034_c3_grm_std_uni,1,3.729243040084839,-3.341912269592285,1
Clemson_p034_c3_grm_std_uni,1,3.8709492683410645,-3.875537872314453,1
Clemson_p034_c3_grm_std_uni,1,4.408401966094971,-4.51594877243042,1
Clemson_p034_c3_grm_std_uni,1,4.677236080169678,-4.405638217926025,1
Clemson_p034_c3_grm_std_uni,1,4.842789649963379,-4.498796463012695,1
Clemson_p034_c3_grm_std_uni,1,3.940113067626953,-3.769178867340088,1
Clemson_p034_c3_grm_std_uni,1,1.9940708875656128,-2.0467488765716553,1
Clemson_p034_c3_grm_std_uni,1,2.5424177646636963,-1.8152486085891724,1
Clemson_p034_c3_grm_std_uni,1,4.189993381500244,-3.197206735610962,1
Clemson_p034_c3_grm_std_uni,1,6.492966175079346,-5.510087966918945,1
Clemson_p034_c3_grm_std_uni,1,6.591970443725586,-5.440019607543945,1
Clemson_p034_c3_grm_std_uni,1,6.4874372482299805,-5.364710330963135,1
Clemson_p034_c3_grm_std_uni,1,6.289999961853027,-5.269418239593506,1
Clemson_p034_c3_grm_std_uni,1,6.411633491516113,-5.26910400390625,1
Clemson_p034_c3_grm_std_uni,1,6.526946544647217,-5.289978981018066,1
Clemson_p034_c3_grm_std_uni,1,6.488491535186768,-5.272687911987305,1
Clemson_p034_c3_grm_std_uni,1,6.200738906860352,-5.078629970550537,1
Clemson_p034_c3_grm_std_uni,1,6.172202110290527,-5.009640216827393,1
Clemson_p034_c3_grm_std_uni,1,6.153538227081299,-4.971316337585449,1
Clemson_p034_c3_grm_std_uni,1,5.782348155975342,-4.637032985687256,1
Clemson_p034_c3_grm_std_uni,1,5.796683311462402,-4.7386474609375,1
Clemson_p034_c3_grm_std_uni,1,6.00972843170166,-5.024040222167969,1
Clemson_p034_c3_grm_std_uni,1,5.7646894454956055,-4.925097465515137,1
Clemson_p034_c3_grm_std_uni,1,5.544449806213379,-5.067984580993652,1
Clemson_p034_c3_grm_std_uni,1,5.542140483856201,-5.148515224456787,1
Clemson_p034_c3_grm_std_uni,1,5.475561618804932,-4.951937675476074,1
Clemson_p034_c3_grm_std_uni,1,5.440881252288818,-4.697082042694092,1
Clemson_p034_c3_grm_std_uni,1,5.593332767486572,-4.627725601196289,1
Clemson_p034_c3_grm_std_uni,1,5.680000305175781,-4.605951309204102,1
Clemson_p034_c3_grm_std_uni,1,5.778777122497559,-4.618123531341553,1
Clemson_p034_c3_grm_std_uni,1,5.753592491149902,-4.5738205909729,1
Clemson_p034_c3_grm_std_uni,1,5.731027603149414,-4.586597919464111,1
Clemson_p034_c3_grm_std_uni,1,5.723767280578613,-4.5712480545043945,1
Clemson_p034_c3_grm_std_uni,1,5.7118000984191895,-4.575782299041748,1
Clemson_p034_c3_grm_std_uni,1,5.684500217437744,-4.668243408203125,1
Clemson_p034_c3_grm_std_uni,1,5.557125568389893,-4.569674968719482,1
Clemson_p034_c3_grm_std_uni,1,5.344072341918945,-4.275590896606445,1
Clemson_p034_c3_grm_std_uni,1,4.785322189331055,-3.7473814487457275,1
Clemson_p034_c3_grm_std_uni,1,3.289543628692627,-2.596141815185547,1
Clemson_p034_c3_grm_std_uni,1,2.4936187267303467,-1.763977289199829,1
Clemson_p034_c3_grm_std_uni,1,3.79892635345459,-2.6844019889831543,1
Clemson_p034_c3_grm_std_uni,1,5.052881717681885,-3.6332333087921143,1
Clemson_p034_c3_grm_std_uni,1,5.718193531036377,-4.4197492599487305,1
Clemson_p034_c3_grm_std_uni,1,4.78745698928833,-3.602362632751465,1
Clemson_p034_c3_grm_std_uni,1,3.7934041023254395,-1.8365585803985596,1
Clemson_p034_c3_grm_std_uni,1,4.676826477050781,-2.8069446086883545,1
Clemson_p034_c3_grm_std_uni,1,6.41054105758667,-4.478947639465332,1
Clemson_p034_c3_grm_std_uni,1,7.15347957611084,-5.769986152648926,1
Clemson_p034_c3_grm_std_uni,1,6.9938178062438965,-6.283406734466553,1
Clemson_p034_c3_grm_std_uni,1,6.603212833404541,-6.0479416847229,1
Clemson_p034_c3_grm_std_uni,1,6.130264759063721,-5.386509418487549,1
Clemson_p034_c3_grm_std_uni,1,6.256599426269531,-5.597306251525879,1
Clemson_p034_c3_grm_std_uni,1,6.290074825286865,-5.636870861053467,1
Clemson_p034_c3_grm_std_uni,1,6.199814796447754,-5.596020221710205,1
Clemson_p034_c3_grm_std_uni,1,5.949852466583252,-5.488181114196777,1
Clemson_p034_c3_grm_std_uni,1,5.694211483001709,-5.359799861907959,1
Clemson_p034_c3_grm_std_uni,1,5.511560916900635,-5.25528621673584,1
Clemson_p034_c3_grm_std_uni,1,5.373274803161621,-5.1576313972473145,1
Clemson_p034_c3_grm_std_uni,1,5.2552409172058105,-5.106224060058594,1
Clemson_p034_c3_grm_std_uni,1,5.227738380432129,-5.216220378875732,1
Clemson_p034_c3_grm_std_uni,1,5.300343990325928,-5.296748161315918,1
Clemson_p034_c3_grm_std_uni,1,5.303224086761475,-5.349687099456787,1
Clemson_p034_c3_grm_std_uni,1,5.1246256828308105,-5.222048282623291,1
Clemson_p034_c3_grm_std_uni,1,4.705072402954102,-4.915237903594971,1
Clemson_p034_c3_grm_std_uni,1,4.000372886657715,-4.173007488250732,1
Clemson_p034_c3_grm_std_uni,1,2.235844612121582,-2.2078158855438232,1
Clemson_p034_c3_grm_std_uni,1,1.699094295501709,-1.564710021018982,1
Clemson_p034_c3_grm_std_uni,1,1.36344313621521,-1.5562282800674438,1
Clemson_p034_c3_grm_std_uni,1,2.015587329864502,-1.924269437789917,1
Clemson_p034_c3_grm_std_uni,1,2.4044251441955566,-1.8615399599075317,1
Clemson_p034_c3_grm_std_uni,1,3.677870512008667,-2.4200217723846436,1
Clemson_p034_c3_grm_std_uni,1,4.268962383270264,-2.656181573867798,1
Clemson_p034_c3_grm_std_uni,1,5.697148323059082,-4.580203533172607,1
Clemson_p034_c3_grm_std_uni,1,6.507054805755615,-5.18571138381958,1
Clemson_p034_c3_grm_std_uni,1,6.5902099609375,-5.133376121520996,1
Clemson_p034_c3_grm_std_uni,1,7.227232456207275,-4.533174991607666,1
Clemson_p034_c3_grm_std_uni,1,7.839502334594727,-4.7482428550720215,1
Clemson_p034_c3_grm_std_uni,1,8.004143714904785,-5.24170446395874,1
Clemson_p034_c3_grm_std_uni,1,7.509218215942383,-5.544674396514893,1
Clemson_p034_c3_grm_std_uni,1,7.099020004272461,-5.5281877517700195,1
Clemson_p034_c3_grm_std_uni,1,6.056914806365967,-4.805665493011475,1
Clemson_p034_c3_grm_std_uni,1,4.256893157958984,-2.7911126613616943,1
Clemson_p034_c3_grm_std_uni,1,4.541097640991211,-2.847569704055786,1
Clemson_p034_c3_grm_std_uni,1,5.666186809539795,-4.608975410461426,1
Clemson_p034_c3_grm_std_uni,1,7.570864200592041,-6.409327030181885,1
Clemson_p034_c3_grm_std_uni,1,8.028369903564453,-6.501245498657227,1
Clemson_p034_c3_grm_std_uni,1,8.051939010620117,-6.44933557510376,1
Clemson_p034_c3_grm_std_uni,1,7.336752414703369,-6.301887035369873,1
Clemson_p034_c3_grm_std_uni,1,6.599567890167236,-6.361129283905029,1
Clemson_p034_c3_grm_std_uni,1,5.943509578704834,-6.340979099273682,1
Clemson_p034_c3_grm_std_uni,1,5.439061641693115,-5.736547946929932,1
Clemson_p034_c3_grm_std_uni,1,4.6654863357543945,-4.688842296600342,1
Clemson_p034_c3_grm_std_uni,1,3.615313768386841,-3.657296657562256,1
Clemson_p034_c3_grm_std_uni,1,3.6047048568725586,-3.648772716522217,1
Clemson_p034_c3_grm_std_uni,1,4.137747764587402,-4.0862932205200195,1
Clemson_p034_c3_grm_std_uni,1,4.910698413848877,-5.062723636627197,1
Clemson_p034_c3_grm_std_uni,1,4.86121940612793,-5.303643703460693,1
Clemson_p034_c3_grm_std_uni,1,3.8493056297302246,-4.430169582366943,1
Clemson_p034_c3_grm_std_uni,1,2.9862723350524902,-3.5346486568450928,1
Clemson_p034_c3_grm_std_uni,1,2.840374708175659,-3.135758399963379,1
Clemson_p034_c3_grm_std_uni,1,3.0703916549682617,-3.0875205993652344,1
Clemson_p034_c3_grm_std_uni,1,3.34710955619812,-3.211308002471924,1
Clemson_p034_c3_grm_std_uni,1,4.6005401611328125,-4.408082485198975,1
Clemson_p034_c3_grm_std_uni,1,5.274094104766846,-5.270345211029053,1
Clemson_p034_c3_grm_std_uni,1,5.7571587562561035,-5.525238513946533,1
Clemson_p034_c3_grm_std_uni,1,6.634952068328857,-6.222944259643555,1
Clemson_p034_c3_grm_std_uni,1,7.416468143463135,-6.894527912139893,1
Clemson_p034_c3_grm_std_uni,1,7.3561577796936035,-6.900631904602051,1
Clemson_p034_c3_grm_std_uni,1,6.87559700012207,-6.240626811981201,1
Clemson_p034_c3_grm_std_uni,1,5.973121166229248,-5.294809818267822,1
Clemson_p034_c3_grm_std_uni,1,5.0974297523498535,-4.567747592926025,1
Clemson_p034_c3_grm_std_uni,1,5.517521381378174,-4.514950275421143,1
Clemson_p034_c3_grm_std_uni,1,6.886470317840576,-6.318841934204102,1
Clemson_p034_c3_grm_std_uni,1,7.073007583618164,-6.8667378425598145,1
Clemson_p034_c3_grm_std_uni,1,6.5634660720825195,-6.848113059997559,1
Clemson_p034_c3_grm_std_uni,1,6.391348838806152,-6.57444953918457,1
Clemson_p034_c3_grm_std_uni,1,6.352943420410156,-6.10483455657959,1
Clemson_p034_c3_grm_std_uni,1,5.382390022277832,-4.777000427246094,1
Clemson_p034_c3_grm_std_uni,1,3.1195826530456543,-3.4984803199768066,1
Clemson_p034_c3_grm_std_uni,1,2.2250144481658936,-2.327796459197998,1
Clemson_p034_c3_grm_std_uni,1,2.5306200981140137,-2.429062604904175,1
Clemson_p034_c3_grm_std_uni,1,3.7768771648406982,-3.6956918239593506,1
Clemson_p034_c3_grm_std_uni,1,4.856959819793701,-5.204758644104004,1
Clemson_p034_c3_grm_std_uni,1,5.3152313232421875,-5.780461311340332,1
Clemson_p034_c3_grm_std_uni,1,6.274095058441162,-6.494142055511475,1
Clemson_p034_c3_grm_std_uni,1,6.594006061553955,-6.7010817527771,1
Clemson_p034_c3_grm_std_uni,1,6.72495174407959,-6.709485054016113,1
Clemson_p034_c3_grm_std_uni,1,7.059447765350342,-6.597139358520508,1
Clemson_p034_c3_grm_std_uni,1,7.365531921386719,-6.185613632202148,1
Clemson_p034_c3_grm_std_uni,1,7.150120735168457,-6.2555460929870605,1
Clemson_p034_c3_grm_std_uni,1,7.032632350921631,-6.037361145019531,1
Clemson_p034_c3_grm_std_uni,1,7.1159234046936035,-5.880864143371582,1
Clemson_p034_c3_grm_std_uni,1,6.993313789367676,-5.801866054534912,1
Clemson_p034_c3_grm_std_uni,1,6.867630958557129,-5.7372541427612305,1
Clemson_p034_c3_grm_std_uni,1,6.6650776863098145,-5.638283729553223,1
Clemson_p034_c3_grm_std_uni,1,6.658679008483887,-5.660439968109131,1
Clemson_p034_c3_grm_std_uni,1,6.667884826660156,-5.676771640777588,1
Clemson_p034_c3_grm_std_uni,1,6.931533336639404,-5.8095574378967285,1
Clemson_p034_c3_grm_std_uni,1,7.073455810546875,-5.829075813293457,1
Clemson_p034_c3_grm_std_uni,1,7.177235126495361,-5.816939353942871,1
Clemson_p034_c3_grm_std_uni,1,7.216294288635254,-5.7903056144714355,1
Clemson_p034_c3_grm_std_uni,1,7.188833713531494,-5.730291366577148,1
Clemson_p034_c3_grm_std_uni,1,7.142709732055664,-5.65749454498291,1
Clemson_p034_c3_grm_std_uni,1,7.204741954803467,-5.642277240753174,1
Clemson_p034_c3_grm_std_uni,1,7.159851551055908,-5.5579729080200195,1
Clemson_p034_c3_grm_std_uni,1,7.182708263397217,-5.521066665649414,1
Clemson_p034_c3_grm_std_uni,1,7.163907051086426,-5.461791515350342,1
Clemson_p034_c3_grm_std_uni,1,7.182894706726074,-5.451666355133057,1
Clemson_p034_c3_grm_std_uni,1,7.162277698516846,-5.420382022857666,1
Clemson_p034_c3_grm_std_uni,1,7.168150901794434,-5.401103496551514,1
Clemson_p034_c3_grm_std_uni,1,7.164238452911377,-5.374489784240723,1
Clemson_p034_c3_grm_std_uni,1,7.152728080749512,-5.339965343475342,1
Clemson_p034_c3_grm_std_uni,1,7.1764607429504395,-5.334413528442383,1
Clemson_p034_c3_grm_std_uni,1,7.138179302215576,-5.286161422729492,1
Clemson_p034_c3_grm_std_uni,1,7.091325283050537,-5.24174690246582,1
Clemson_p034_c3_grm_std_uni,1,7.084643363952637,-5.241077899932861,1
Clemson_p034_c3_grm_std_uni,1,7.072187900543213,-5.264561653137207,1
Clemson_p034_c3_grm_std_uni,1,6.944063663482666,-5.2202301025390625,1
Clemson_p034_c3_grm_std_uni,1,6.7631964683532715,-5.150415897369385,1
Clemson_p034_c3_grm_std_uni,1,6.6159539222717285,-5.038727283477783,1
Clemson_p034_c3_grm_std_uni,1,6.4161529541015625,-4.792749881744385,1
Clemson_p034_c3_grm_std_uni,1,5.624883651733398,-4.148431301116943,1
Clemson_p034_c3_grm_std_uni,1,4.276523113250732,-3.1134424209594727,1
Clemson_p034_c3_grm_std_uni,1,3.771883964538574,-2.439331293106079,1
Clemson_p034_c3_grm_std_uni,1,4.019150257110596,-2.4779934883117676,1
Clemson_p034_c3_grm_std_uni,1,4.765146732330322,-3.43174409866333,1
Clemson_p034_c3_grm_std_uni,1,5.1369733810424805,-3.955259084701538,1
Clemson_p034_c3_grm_std_uni,1,5.076643943786621,-4.127821922302246,1
Clemson_p034_c3_grm_std_uni,1,4.423864841461182,-3.792018413543701,1
Clemson_p034_c3_grm_std_uni,1,3.9880330562591553,-3.3602912425994873,1
Clemson_p034_c3_grm_std_uni,1,4.756751537322998,-3.877267360687256,1
Clemson_p034_c3_grm_std_uni,1,5.836929798126221,-4.904631614685059,1
Clemson_p034_c3_grm_std_uni,1,6.522026538848877,-5.288610458374023,1
Clemson_p034_c3_grm_std_uni,1,5.6537604331970215,-4.91472864151001,1
Clemson_p034_c3_grm_std_uni,1,5.274489879608154,-4.660276889801025,1
Clemson_p034_c3_grm_std_uni,1,5.191255569458008,-4.452681064605713,1
Clemson_p034_c3_grm_std_uni,1,6.099755764007568,-5.009549140930176,1
Clemson_p034_c3_grm_std_uni,1,6.2785868644714355,-5.174692153930664,1
Clemson_p034_c3_grm_std_uni,1,5.690190315246582,-4.598257541656494,1
Clemson_p034_c3_grm_std_uni,1,6.0078840255737305,-4.553018569946289,1
Clemson_p034_c3_grm_std_uni,1,6.524072170257568,-5.038865089416504,1
Clemson_p034_c3_grm_std_uni,1,7.3509087562561035,-5.895745277404785,1
Clemson_p034_c3_grm_std_uni,1,6.833372592926025,-5.6194658279418945,1
Clemson_p034_c3_grm_std_uni,1,6.361224174499512,-5.201416015625,1
Clemson_p034_c3_grm_std_uni,1,6.977481365203857,-5.936800003051758,1
Clemson_p034_c3_grm_std_uni,1,7.121236801147461,-6.336548805236816,1
Clemson_p034_c3_grm_std_uni,1,7.659146308898926,-7.040242671966553,1
Clemson_p034_c3_grm_std_uni,1,7.276683330535889,-6.846561908721924,1
Clemson_p034_c3_grm_std_uni,1,7.813450813293457,-7.2944817543029785,1
Clemson_p034_c3_grm_std_uni,1,7.5051164627075195,-6.965643405914307,1
Clemson_p034_c3_grm_std_uni,1,6.670598983764648,-5.985284805297852,1
Clemson_p034_c3_grm_std_uni,1,5.7239508628845215,-5.591214179992676,1
Clemson_p034_c3_grm_std_uni,1,5.018567085266113,-5.3273162841796875,1
Clemson_p034_c3_grm_std_uni,1,5.217480182647705,-5.102084636688232,1
Clemson_p034_c3_grm_std_uni,1,5.024899482727051,-4.80264949798584,1
Clemson_p034_c3_grm_std_uni,1,5.085623264312744,-4.946371078491211,1
Clemson_p034_c3_grm_std_uni,1,5.162508964538574,-5.290796279907227,1
Clemson_p034_c3_grm_std_uni,1,5.055703639984131,-5.615823268890381,1
Clemson_p034_c3_grm_std_uni,1,5.122226238250732,-5.845820903778076,1
Clemson_p034_c3_grm_std_uni,1,5.342684268951416,-6.039848327636719,1
Clemson_p034_c3_grm_std_uni,1,5.543404579162598,-6.117734432220459,1
Clemson_p034_c3_grm_std_uni,1,5.58591365814209,-5.998614311218262,1
Clemson_p034_c3_grm_std_uni,1,4.568955898284912,-4.934361457824707,1
Clemson_p034_c3_grm_std_uni,1,3.8318722248077393,-4.129909515380859,1
Clemson_p034_c3_grm_std_uni,1,4.169737339019775,-4.165777206420898,1
Clemson_p034_c3_grm_std_uni,1,5.268806457519531,-4.714997291564941,1
Clemson_p034_c3_grm_std_uni,1,5.321427822113037,-4.779724597930908,1
Clemson_p034_c3_grm_std_uni,1,5.347069263458252,-4.986031532287598,1
Clemson_p034_c3_grm_std_uni,1,5.175248146057129,-4.965309143066406,1
Clemson_p034_c3_grm_std_uni,1,5.152505397796631,-5.09153413772583,1
Clemson_p034_c3_grm_std_uni,1,4.937775611877441,-4.916165351867676,1
Clemson_p034_c3_grm_std_uni,1,5.178680896759033,-5.075807094573975,1
Clemson_p034_c3_grm_std_uni,1,5.089177131652832,-4.9597930908203125,1
Clemson_p034_c3_grm_std_uni,1,4.607856273651123,-4.5044169425964355,1
Clemson_p034_c3_grm_std_uni,1,4.86783504486084,-4.657137393951416,1
Clemson_p034_c3_grm_std_uni,1,3.3504836559295654,-3.2355751991271973,1
Clemson_p034_c3_grm_std_uni,1,2.523129463195801,-2.3865435123443604,1
Clemson_p034_c3_grm_std_uni,1,3.4762189388275146,-3.260657548904419,1
Clemson_p034_c3_grm_std_uni,1,4.956160068511963,-4.39485502243042,1
Clemson_p034_c3_grm_std_uni,1,5.462026596069336,-4.6541266441345215,1
Clemson_p034_c3_grm_std_uni,1,5.359779357910156,-4.496640205383301,1
Clemson_p034_c3_grm_std_uni,1,4.794713973999023,-4.407383441925049,1
Clemson_p034_c3_grm_std_uni,1,4.419149398803711,-4.335993766784668,1
Clemson_p034_c3_grm_std_uni,1,4.097760200500488,-4.457082271575928,1
Clemson_p034_c3_grm_std_uni,1,3.6247782707214355,-4.254624366760254,1
Clemson_p034_c3_grm_std_uni,1,4.391523361206055,-4.5231828689575195,1
Clemson_p034_c3_grm_std_uni,1,5.507063865661621,-5.5375075340271,1
Clemson_p034_c3_grm_std_uni,1,5.452988624572754,-5.588305473327637,1
Clemson_p034_c3_grm_std_uni,1,5.069922924041748,-5.62111234664917,1
Clemson_p034_c3_grm_std_uni,1,4.781264305114746,-5.886586666107178,1
Clemson_p034_c3_grm_std_uni,1,4.653374195098877,-5.850269794464111,1
Clemson_p034_c3_grm_std_uni,1,4.65012788772583,-5.7161545753479,1
Clemson_p034_c3_grm_std_uni,1,4.53432559967041,-5.512953281402588,1
Clemson_p034_c3_grm_std_uni,1,4.473792552947998,-5.340212821960449,1
Clemson_p034_c3_grm_std_uni,1,4.476279258728027,-5.243979454040527,1
Clemson_p034_c3_grm_std_uni,1,4.527905464172363,-5.196415424346924,1
Clemson_p034_c3_grm_std_uni,1,4.638512134552002,-5.216829299926758,1
Clemson_p034_c3_grm_std_uni,1,4.665948390960693,-5.1558966636657715,1
Clemson_p034_c3_grm_std_uni,1,4.849797248840332,-5.218554496765137,1
Clemson_p034_c3_grm_std_uni,1,4.928109645843506,-5.1796488761901855,1
Clemson_p034_c3_grm_std_uni,1,5.096407890319824,-5.219174861907959,1
Clemson_p034_c3_grm_std_uni,1,5.094178676605225,-5.113794803619385,1
Clemson_p034_c3_grm_std_uni,1,4.993088245391846,-4.935952186584473,1
Clemson_p034_c3_grm_std_uni,1,4.872901916503906,-4.780262470245361,1
Clemson_p034_c3_grm_std_uni,1,4.911794185638428,-4.743007183074951,1
Clemson_p034_c3_grm_std_uni,1,5.009976863861084,-4.743845462799072,1
Clemson_p034_c3_grm_std_uni,2,5.065047740936279,-4.7251434326171875,1
Clemson_p034_c3_grm_std_uni,2,5.048151969909668,-4.624995231628418,1
Clemson_p034_c3_grm_std_uni,2,5.2400803565979,-4.693955421447754,1
Clemson_p034_c3_grm_std_uni,2,5.112856388092041,-4.513548851013184,1
Clemson_p034_c3_grm_std_uni,2,5.234261512756348,-4.587717533111572,1
Clemson_p034_c3_grm_std_uni,2,4.96447229385376,-4.2446980476379395,1
Clemson_p034_c3_grm_std_uni,2,4.373589992523193,-3.641472816467285,1
Clemson_p034_c3_grm_std_uni,2,4.069651126861572,-3.432461738586426,1
Clemson_p034_c3_grm_std_uni,2,4.063242435455322,-3.374955654144287,1
Clemson_p034_c3_grm_std_uni,2,4.422890663146973,-4.201940536499023,1
Clemson_p034_c3_grm_std_uni,2,4.528482913970947,-4.104145526885986,1
Clemson_p034_c3_grm_std_uni,2,4.680319786071777,-4.168635845184326,1
Clemson_p034_c3_grm_std_uni,2,4.730050563812256,-4.423552513122559,1
Clemson_p034_c3_grm_std_uni,2,4.841056823730469,-4.665091037750244,1
Clemson_p034_c3_grm_std_uni,2,4.480735778808594,-4.374816417694092,1
Clemson_p034_c3_grm_std_uni,2,0.7635897994041443,-1.0320886373519897,1
Clemson_p034_c3_grm_std_uni,2,-3.3615784645080566,2.89349365234375,2
Clemson_p034_c3_grm_std_uni,2,1.4570907354354858,-1.5224279165267944,1
Clemson_p034_c3_grm_std_uni,2,5.689614295959473,-4.5421271324157715,1
Clemson_p034_c3_grm_std_uni,2,6.778726577758789,-5.1435136795043945,1
Clemson_p034_c3_grm_std_uni,2,7.432845592498779,-5.109414100646973,1
Clemson_p034_c3_grm_std_uni,2,7.3983941078186035,-4.5628509521484375,1
Clemson_p034_c3_grm_std_uni,2,6.818505764007568,-4.863028526306152,1
Clemson_p034_c3_grm_std_uni,2,6.480267524719238,-5.343911170959473,1
Clemson_p034_c3_grm_std_uni,2,6.534818649291992,-5.582412242889404,1
Clemson_p034_c3_grm_std_uni,2,6.5791239738464355,-5.611321449279785,1
Clemson_p034_c3_grm_std_uni,2,6.50865364074707,-5.4909443855285645,1
Clemson_p034_c3_grm_std_uni,2,6.35951566696167,-5.361364364624023,1
Clemson_p034_c3_grm_std_uni,2,6.162425518035889,-5.279947280883789,1
Clemson_p034_c3_grm_std_uni,2,6.007690906524658,-5.25345516204834,1
Clemson_p034_c3_grm_std_uni,2,5.899721622467041,-5.269556999206543,1
Clemson_p034_c3_grm_std_uni,1,5.866800308227539,-5.260871410369873,1
Clemson_p034_c3_grm_std_uni,1,5.881075859069824,-5.136279106140137,1
Clemson_p034_c3_grm_std_uni,1,5.494354248046875,-4.645275592803955,1
Clemson_p034_c3_grm_std_uni,1,2.702183485031128,-2.2037527561187744,1
Clemson_p034_c3_grm_std_uni,1,2.0870139598846436,-1.1134395599365234,1
Clemson_p034_c3_grm_std_uni,1,3.105994701385498,-1.0085723400115967,1
Clemson_p034_c3_grm_std_uni,1,4.992119789123535,-3.1924378871917725,1
Clemson_p034_c3_grm_std_uni,1,6.3306474685668945,-5.147290229797363,1
Clemson_p034_c3_grm_std_uni,1,6.83395528793335,-5.1528801918029785,1
Clemson_p034_c3_grm_std_uni,1,7.229936122894287,-4.827910423278809,1
Clemson_p034_c3_grm_std_uni,1,4.55645227432251,-3.2107162475585938,1
Clemson_p034_c3_grm_std_uni,1,4.703855514526367,-2.839106798171997,1
Clemson_p034_c3_grm_std_uni,1,5.540960311889648,-4.316273212432861,1
Clemson_p034_c3_grm_std_uni,1,6.798140048980713,-5.928136348724365,1
Clemson_p034_c3_grm_std_uni,1,7.430887699127197,-6.2844438552856445,1
Clemson_p034_c3_grm_std_uni,1,7.299290180206299,-6.218542575836182,1
Clemson_p034_c3_grm_std_uni,1,7.681783199310303,-6.34710693359375,1
Clemson_p034_c3_grm_std_uni,1,7.119246482849121,-5.8682050704956055,1
Clemson_p034_c3_grm_std_uni,1,6.771157741546631,-5.779304504394531,1
Clemson_p034_c3_grm_std_uni,1,6.660706520080566,-5.708555698394775,1
Clemson_p034_c3_grm_std_uni,1,6.704338550567627,-5.625603199005127,1
Clemson_p034_c3_grm_std_uni,1,6.753194808959961,-5.491480350494385,1
Clemson_p034_c3_grm_std_uni,1,6.8540568351745605,-5.3955535888671875,1
Clemson_p034_c3_grm_std_uni,1,7.057729244232178,-5.366408824920654,1
Clemson_p034_c3_grm_std_uni,1,7.289815902709961,-5.372768878936768,1
Clemson_p034_c3_grm_std_uni,1,7.450309753417969,-5.375810623168945,1
Clemson_p034_c3_grm_std_uni,1,7.494603633880615,-5.284335613250732,1
Clemson_p034_c3_grm_std_uni,1,7.242126941680908,-5.077883243560791,1
Clemson_p034_c3_grm_std_uni,1,7.0101776123046875,-4.9744462966918945,1
Clemson_p034_c3_grm_std_uni,1,6.750044345855713,-4.850873947143555,1
Clemson_p034_c3_grm_std_uni,1,6.753176212310791,-4.9363484382629395,1
Clemson_p034_c3_grm_std_uni,1,6.871058464050293,-5.092402935028076,1
Clemson_p034_c3_grm_std_uni,1,6.894914150238037,-5.107929706573486,1
Clemson_p034_c3_grm_std_uni,1,6.856523513793945,-5.06119441986084,1
Clemson_p034_c3_grm_std_uni,1,6.808139324188232,-5.008931636810303,1
Clemson_p034_c3_grm_std_uni,1,6.62826681137085,-4.894181251525879,1
Clemson_p034_c3_grm_std_uni,1,6.682921886444092,-4.907988548278809,1
Clemson_p034_c3_grm_std_uni,1,6.572244644165039,-4.874611854553223,1
Clemson_p034_c3_grm_std_uni,1,6.5668439865112305,-4.890035152435303,1
Clemson_p034_c3_grm_std_uni,1,6.409509181976318,-4.846045017242432,1
Clemson_p034_c3_grm_std_uni,1,6.229421615600586,-4.789692401885986,1
Clemson_p034_c3_grm_std_uni,1,6.109555721282959,-4.752052307128906,1
Clemson_p034_c3_grm_std_uni,1,5.934118270874023,-4.673471450805664,1
Clemson_p034_c3_grm_std_uni,1,5.943842887878418,-4.752929210662842,1
Clemson_p034_c3_grm_std_uni,1,5.9508209228515625,-4.833455562591553,1
Clemson_p034_c3_grm_std_uni,1,6.118588447570801,-5.049951076507568,1
Clemson_p034_c3_grm_std_uni,1,6.2449564933776855,-5.084339618682861,1
Clemson_p034_c3_grm_std_uni,1,6.40186071395874,-5.0776686668396,1
Clemson_p034_c3_grm_std_uni,1,6.513180255889893,-5.010622501373291,1
Clemson_p034_c3_grm_std_uni,1,6.533292293548584,-4.915021896362305,1
Clemson_p034_c3_grm_std_uni,1,6.498551368713379,-4.909799575805664,1
Clemson_p034_c3_grm_std_uni,1,6.308951377868652,-4.808431148529053,1
Clemson_p034_c3_grm_std_uni,1,6.211019992828369,-4.765847206115723,1
Clemson_p034_c3_grm_std_uni,1,6.18719482421875,-4.757655143737793,1
Clemson_p034_c3_grm_std_uni,1,6.275937557220459,-4.820994853973389,1
Clemson_p034_c3_grm_std_uni,1,6.36008358001709,-4.869165897369385,1
Clemson_p034_c3_grm_std_uni,1,6.349952697753906,-4.85016393661499,1
Clemson_p034_c3_grm_std_uni,1,6.302314281463623,-4.807403087615967,1
Clemson_p034_c3_grm_std_uni,1,6.2678141593933105,-4.7580885887146,1
Clemson_p034_c3_grm_std_uni,1,6.269160747528076,-4.758054733276367,1
Clemson_p034_c3_grm_std_uni,1,6.277299880981445,-4.760735511779785,1
Clemson_p034_c3_grm_std_uni,1,6.267203330993652,-4.7575764656066895,1
Clemson_p034_c3_grm_std_uni,1,6.2741312980651855,-4.769990921020508,1
Clemson_p034_c3_grm_std_uni,1,6.245284557342529,-4.75927734375,1
Clemson_p034_c3_grm_std_uni,1,6.228207588195801,-4.7475152015686035,1
Clemson_p034_c3_grm_std_uni,1,6.221935749053955,-4.727679252624512,1
Clemson_p034_c3_grm_std_uni,1,6.162466526031494,-4.671026229858398,1
Clemson_p034_c3_grm_std_uni,1,6.134285926818848,-4.642789840698242,1
Clemson_p034_c3_grm_std_uni,1,6.1129865646362305,-4.619536876678467,1
Clemson_p034_c3_grm_std_uni,1,6.109857559204102,-4.62973165512085,1
Clemson_p034_c3_grm_std_uni,1,6.069722652435303,-4.605565547943115,1
Clemson_p034_c3_grm_std_uni,1,6.0147247314453125,-4.5766682624816895,1
Clemson_p034_c3_grm_std_uni,1,5.985837936401367,-4.5664215087890625,1
Clemson_p034_c3_grm_std_uni,1,5.988965034484863,-4.592404365539551,1
Clemson_p034_c3_grm_std_uni,1,6.080861568450928,-4.685160160064697,1
Clemson_p034_c3_grm_std_uni,1,6.143545627593994,-4.747738838195801,1
Clemson_p034_c3_grm_std_uni,1,6.1891093254089355,-4.798117637634277,1
Clemson_p034_c3_grm_std_uni,1,6.194607734680176,-4.82423210144043,1
Clemson_p034_c3_grm_std_uni,1,6.2067975997924805,-4.832174777984619,1
Clemson_p034_c3_grm_std_uni,1,6.209052562713623,-4.831375598907471,1
Clemson_p034_c3_grm_std_uni,1,6.217211723327637,-4.83180046081543,1
Clemson_p034_c3_grm_std_uni,1,6.241261005401611,-4.84949254989624,1
Clemson_p034_c3_grm_std_uni,1,6.287409782409668,-4.901532173156738,1
Clemson_p034_c3_grm_std_uni,1,6.284660816192627,-4.893240928649902,1
Clemson_p034_c3_grm_std_uni,1,6.259491443634033,-4.859583377838135,1
Clemson_p034_c3_grm_std_uni,1,6.27078104019165,-4.855154514312744,1
Clemson_p034_c3_grm_std_uni,1,6.258310317993164,-4.82464075088501,1
Clemson_p034_c3_grm_std_uni,1,6.2925944328308105,-4.848752975463867,1
Clemson_p034_c3_grm_std_uni,1,6.285682678222656,-4.827227592468262,1
Clemson_p034_c3_grm_std_uni,1,6.299713611602783,-4.836671829223633,1
Clemson_p034_c3_grm_std_uni,1,6.29940938949585,-4.845602035522461,1
Clemson_p034_c3_grm_std_uni,1,6.312965393066406,-4.852847576141357,1
Clemson_p034_c3_grm_std_uni,1,6.314197063446045,-4.842578411102295,1
Clemson_p034_c3_grm_std_uni,1,6.324373245239258,-4.845802307128906,1
Clemson_p034_c3_grm_std_uni,1,6.302673816680908,-4.811390399932861,1
Clemson_p034_c3_grm_std_uni,1,6.3524861335754395,-4.855156898498535,1
Clemson_p034_c3_grm_std_uni,1,6.3720173835754395,-4.894251346588135,1
Clemson_p034_c3_grm_std_uni,1,6.362482070922852,-4.922140121459961,1
Clemson_p034_c3_grm_std_uni,1,6.3639326095581055,-4.945682048797607,1
Clemson_p034_c3_grm_std_uni,1,6.3856940269470215,-4.989976406097412,1
Clemson_p034_c3_grm_std_uni,1,6.397150039672852,-5.0259270668029785,1
Clemson_p034_c3_grm_std_uni,1,6.40438985824585,-5.040605545043945,1
Clemson_p034_c3_grm_std_uni,1,6.393407821655273,-5.035748481750488,1
Clemson_p034_c3_grm_std_uni,1,6.385369300842285,-5.025232791900635,1
Clemson_p034_c3_grm_std_uni,1,6.377828598022461,-5.012142658233643,1
Clemson_p034_c3_grm_std_uni,1,6.336490154266357,-4.9758992195129395,1
Clemson_p034_c3_grm_std_uni,1,6.304573059082031,-4.932944297790527,1
Clemson_p034_c3_grm_std_uni,1,6.298497676849365,-4.921171188354492,1
Clemson_p034_c3_grm_std_uni,1,6.24061918258667,-4.87087345123291,1
Clemson_p034_c3_grm_std_uni,1,6.156601905822754,-4.7370171546936035,1
Clemson_p034_c3_grm_std_uni,1,6.07566499710083,-4.598171710968018,1
Clemson_p034_c3_grm_std_uni,1,5.899352073669434,-4.446596145629883,1
Clemson_p034_c3_grm_std_uni,1,6.011872291564941,-4.4167585372924805,1
Clemson_p034_c3_grm_std_uni,1,5.761023998260498,-4.260888576507568,1
Clemson_p034_c3_grm_std_uni,1,5.3248114585876465,-3.9418461322784424,1
Clemson_p034_c3_grm_std_uni,1,5.370623588562012,-4.055518627166748,1
Clemson_p034_c3_grm_std_uni,1,5.206565856933594,-3.9795680046081543,1
Clemson_p034_c3_grm_std_uni,1,5.648826599121094,-4.3246002197265625,1
Clemson_p034_c3_grm_std_uni,1,5.910913467407227,-4.488715171813965,1
Clemson_p034_c3_grm_std_uni,1,5.993164539337158,-4.440428256988525,1
Clemson_p034_c3_grm_std_uni,1,6.245155334472656,-4.649946212768555,1
Clemson_p034_c3_grm_std_uni,1,6.275629043579102,-4.636932849884033,1
Clemson_p034_c3_grm_std_uni,1,6.406198501586914,-4.8298749923706055,1
Clemson_p034_c3_grm_std_uni,1,6.2393999099731445,-4.685781002044678,1
Clemson_p034_c3_grm_std_uni,1,5.840777397155762,-4.310142993927002,1
Clemson_p034_c3_grm_std_uni,1,5.626991271972656,-4.112165451049805,1
Clemson_p034_c3_grm_std_uni,1,5.788578987121582,-4.3869781494140625,1
Clemson_p034_c3_grm_std_uni,1,6.001335620880127,-4.5903120040893555,1
Clemson_p034_c3_grm_std_uni,1,5.711198329925537,-4.330554485321045,1
Clemson_p034_c3_grm_std_uni,1,6.111526012420654,-4.607853412628174,1
Clemson_p034_c3_grm_std_uni,1,6.0885701179504395,-4.661771774291992,1
Clemson_p034_c3_grm_std_uni,1,6.016146183013916,-4.778852462768555,1
Clemson_p034_c3_grm_std_uni,1,5.954161643981934,-4.819926738739014,1
Clemson_p034_c3_grm_std_uni,1,6.012086868286133,-4.878445148468018,1
Clemson_p034_c3_grm_std_uni,1,6.080668926239014,-4.9067606925964355,1
Clemson_p034_c3_grm_std_uni,1,6.210474491119385,-4.982358455657959,1
Clemson_p034_c3_grm_std_uni,1,6.251010417938232,-5.000913143157959,1
Clemson_p034_c3_grm_std_uni,1,6.380786418914795,-5.12829065322876,1
Clemson_p034_c3_grm_std_uni,1,6.376098155975342,-5.148618221282959,1
Clemson_p034_c3_grm_std_uni,1,6.287984371185303,-5.082785129547119,1
Clemson_p034_c3_grm_std_uni,1,6.348581314086914,-5.165150165557861,1
Clemson_p034_c3_grm_std_uni,1,6.3390350341796875,-5.179811477661133,1
Clemson_p034_c3_grm_std_uni,1,6.377562046051025,-5.2162394523620605,1
Clemson_p034_c3_grm_std_uni,1,6.351879596710205,-5.200723648071289,1
Clemson_p034_c3_grm_std_uni,1,6.241034030914307,-5.12351655960083,1
Clemson_p034_c3_grm_std_uni,1,6.195183277130127,-5.078239917755127,1
Clemson_p034_c3_grm_std_uni,1,6.185184955596924,-5.078545093536377,1
Clemson_p034_c3_grm_std_uni,1,6.179324626922607,-5.0799150466918945,1
Clemson_p034_c3_grm_std_uni,1,6.042317867279053,-4.96084451675415,1
Clemson_p034_c3_grm_std_uni,1,5.695302963256836,-4.65386438369751,1
Clemson_p034_c3_grm_std_uni,1,4.69807243347168,-3.7611570358276367,1
Clemson_p034_c3_grm_std_uni,1,3.0168750286102295,-2.484811305999756,1
Clemson_p034_c3_grm_std_uni,1,3.2951343059539795,-2.6860461235046387,1
Clemson_p034_c3_grm_std_uni,1,4.3898515701293945,-3.756981134414673,1
Clemson_p034_c3_grm_std_uni,1,5.603912830352783,-5.021507263183594,1
Clemson_p034_c3_grm_std_uni,1,5.505346775054932,-5.000360488891602,1
Clemson_p034_c3_grm_std_uni,1,5.754364967346191,-5.15280818939209,1
Clemson_p034_c3_grm_std_uni,1,5.818382740020752,-5.175519943237305,1
Clemson_p034_c3_grm_std_uni,1,5.710543632507324,-4.968301296234131,1
Clemson_p034_c3_grm_std_uni,1,5.732022285461426,-4.862985610961914,1
Clemson_p034_c3_grm_std_uni,1,5.759332180023193,-4.798232555389404,1
Clemson_p034_c3_grm_std_uni,1,5.817694187164307,-4.771613597869873,1
Clemson_p034_c3_grm_std_uni,1,5.898373126983643,-4.760786056518555,1
Clemson_p034_c3_grm_std_uni,1,6.000128746032715,-4.782632350921631,1
Clemson_p034_c3_grm_std_uni,1,6.098942756652832,-4.79951810836792,1
Clemson_p034_c3_grm_std_uni,1,6.1811652183532715,-4.809410095214844,1
Clemson_p034_c3_grm_std_uni,1,6.251747131347656,-4.818454265594482,1
Clemson_p034_c3_grm_std_uni,1,6.282987117767334,-4.804381847381592,1
Clemson_p034_c3_grm_std_uni,1,6.310340881347656,-4.810418605804443,1
Clemson_p034_c3_grm_std_uni,1,6.276841163635254,-4.759111404418945,1
Clemson_p034_c3_grm_std_uni,1,6.250991344451904,-4.726264953613281,1
Clemson_p034_c3_grm_std_uni,1,6.232236385345459,-4.6927666664123535,1
Clemson_p034_c3_grm_std_uni,1,6.275594234466553,-4.719306468963623,1
Clemson_p034_c3_grm_std_uni,1,6.238612174987793,-4.665367126464844,1
Clemson_p034_c3_grm_std_uni,1,6.254868507385254,-4.675408363342285,1
Clemson_p034_c3_grm_std_uni,1,6.238383769989014,-4.646885871887207,1
Clemson_p034_c3_grm_std_uni,1,6.262094497680664,-4.658991813659668,1
Clemson_p034_c3_grm_std_uni,1,6.1980180740356445,-4.66644811630249,1
Clemson_p034_c3_grm_std_uni,1,5.880244731903076,-4.756640911102295,1
Clemson_p034_c3_grm_std_uni,1,5.074038505554199,-4.413888454437256,1
Clemson_p034_c3_grm_std_uni,1,3.2037861347198486,-2.7821714878082275,1
Clemson_p034_c3_grm_std_uni,1,1.5127109289169312,-1.0899819135665894,1
Clemson_p034_c3_grm_std_uni,1,1.9744726419448853,-1.8359826803207397,1
Clemson_p034_c3_grm_std_uni,1,3.4192874431610107,-2.6118147373199463,1
Clemson_p034_c3_grm_std_uni,1,4.968000888824463,-3.4642727375030518,1
Clemson_p034_c3_grm_std_uni,1,5.746670246124268,-3.8438944816589355,1
Clemson_p034_c3_grm_std_uni,1,6.063453197479248,-3.926419258117676,1
Clemson_p034_c3_grm_std_uni,1,6.481542587280273,-4.7674078941345215,1
Clemson_p034_c3_grm_std_uni,1,6.315743923187256,-4.89025354385376,1
Clemson_p034_c3_grm_std_uni,1,6.157469272613525,-4.672240734100342,1
Clemson_p034_c3_grm_std_uni,1,5.865641117095947,-4.179775714874268,1
Clemson_p034_c3_grm_std_uni,1,6.194882392883301,-4.551963806152344,1
Clemson_p034_c3_grm_std_uni,1,6.197312355041504,-4.6324381828308105,1
Clemson_p034_c3_grm_std_uni,1,5.709182262420654,-4.425619125366211,1
Clemson_p034_c3_grm_std_uni,1,4.935890197753906,-4.0141119956970215,1
Clemson_p034_c3_grm_std_uni,1,4.104550361633301,-3.2895779609680176,1
Clemson_p034_c3_grm_std_uni,1,3.777463436126709,-3.1202642917633057,1
Clemson_p034_c3_grm_std_uni,1,5.183815956115723,-4.720800399780273,1
Clemson_p034_c3_grm_std_uni,1,7.3201680183410645,-7.043846607208252,1
Clemson_p034_c3_grm_std_uni,1,7.146766662597656,-7.294894695281982,1
Clemson_p034_c3_grm_std_uni,1,6.597520351409912,-6.730984687805176,1
Clemson_p034_c3_grm_std_uni,1,6.205434322357178,-6.34162712097168,1
Clemson_p034_c3_grm_std_uni,1,6.128818035125732,-6.105722904205322,1
Clemson_p034_c3_grm_std_uni,1,5.829387187957764,-5.512483596801758,1
Clemson_p034_c3_grm_std_uni,1,4.9271016120910645,-4.26155948638916,1
Clemson_p034_c3_grm_std_uni,1,5.231276512145996,-4.472347736358643,1
Clemson_p034_c3_grm_std_uni,1,6.933444023132324,-6.0137810707092285,1
Clemson_p034_c3_grm_std_uni,1,7.803336143493652,-6.630248546600342,1
Clemson_p034_c3_grm_std_uni,1,7.905707836151123,-6.652578353881836,1
Clemson_p034_c3_grm_std_uni,1,7.2287702560424805,-6.339478969573975,1
Clemson_p034_c3_grm_std_uni,1,6.294944763183594,-5.858907222747803,1
Clemson_p034_c3_grm_std_uni,1,5.745681285858154,-5.822610855102539,1
Clemson_p034_c3_grm_std_uni,1,5.25432825088501,-5.305140972137451,1
Clemson_p034_c3_grm_std_uni,1,5.248493671417236,-4.983921527862549,1
Clemson_p034_c3_grm_std_uni,1,6.646531105041504,-6.106671333312988,1
Clemson_p034_c3_grm_std_uni,1,7.065030574798584,-6.739473342895508,1
Clemson_p034_c3_grm_std_uni,1,7.113192558288574,-7.071214199066162,1
Clemson_p034_c3_grm_std_uni,1,6.5402045249938965,-6.827485084533691,1
Clemson_p034_c3_grm_std_uni,1,6.29425048828125,-6.598122596740723,1
Clemson_p034_c3_grm_std_uni,1,6.285432815551758,-6.376489639282227,1
Clemson_p034_c3_grm_std_uni,1,6.074162006378174,-5.912527084350586,1
Clemson_p034_c3_grm_std_uni,1,5.269035816192627,-5.196993350982666,1
Clemson_p034_c3_grm_std_uni,1,4.143331050872803,-4.445775985717773,1
Clemson_p034_c3_grm_std_uni,1,4.652412414550781,-4.947564125061035,1
Clemson_p034_c3_grm_std_uni,1,4.721171855926514,-5.28078556060791,1
Clemson_p034_c3_grm_std_uni,1,5.346404075622559,-5.675462245941162,1
Clemson_p034_c3_grm_std_uni,1,5.283576011657715,-5.594196796417236,1
Clemson_p034_c3_grm_std_uni,1,5.473741054534912,-5.772773742675781,1
Clemson_p034_c3_grm_std_uni,1,5.350500106811523,-5.643945217132568,1
Clemson_p034_c3_grm_std_uni,1,5.2114763259887695,-5.469798564910889,1
Clemson_p034_c3_grm_std_uni,1,5.164572715759277,-5.379238605499268,1
Clemson_p034_c3_grm_std_uni,1,5.02470588684082,-5.180510997772217,1
Clemson_p034_c3_grm_std_uni,1,5.022870063781738,-5.147899150848389,1
Clemson_p034_c3_grm_std_uni,1,5.133943557739258,-5.1837077140808105,1
Clemson_p034_c3_grm_std_uni,1,5.221494674682617,-5.21779727935791,1
Clemson_p034_c3_grm_std_uni,1,5.334445476531982,-5.265688419342041,1
Clemson_p034_c3_grm_std_uni,1,5.477909564971924,-5.302646160125732,1
Clemson_p034_c3_grm_std_uni,1,5.660508632659912,-5.3433685302734375,1
Clemson_p034_c3_grm_std_uni,1,5.733944416046143,-5.309842109680176,1
Clemson_p034_c3_grm_std_uni,1,5.687113285064697,-5.202455520629883,1
Clemson_p034_c3_grm_std_uni,1,5.70481538772583,-5.143594264984131,1
Clemson_p034_c3_grm_std_uni,1,5.716644763946533,-5.103636741638184,1
Clemson_p034_c3_grm_std_uni,1,5.73118782043457,-5.024057388305664,1
Clemson_p034_c3_grm_std_uni,1,5.751218318939209,-4.926703453063965,1
Clemson_p034_c3_grm_std_uni,1,5.642719745635986,-4.745885372161865,1
Clemson_p034_c3_grm_std_uni,1,5.513821125030518,-4.559513568878174,1
Clemson_p034_c3_grm_std_uni,1,5.479475975036621,-4.523324966430664,1
Clemson_p034_c3_grm_std_uni,1,5.515227794647217,-4.57275390625,1
Clemson_p034_c3_grm_std_uni,1,5.535277366638184,-4.592634201049805,1
Clemson_p034_c3_grm_std_uni,1,5.632733345031738,-4.653609275817871,1
Clemson_p034_c3_grm_std_uni,1,5.75285530090332,-4.719810962677002,1
Clemson_p034_c3_grm_std_uni,1,5.7755126953125,-4.683550834655762,1
Clemson_p034_c3_grm_std_uni,1,5.760383129119873,-4.615609169006348,1
Clemson_p034_c3_grm_std_uni,1,5.707483291625977,-4.512820720672607,1
Clemson_p034_c3_grm_std_uni,1,5.685146808624268,-4.435278415679932,1
Clemson_p034_c3_grm_std_uni,1,5.804718494415283,-4.471971035003662,1
Clemson_p034_c3_grm_std_uni,1,5.85244607925415,-4.45274019241333,1
Clemson_p034_c3_grm_std_uni,1,5.916595458984375,-4.461038589477539,1
Clemson_p034_c3_grm_std_uni,1,5.991750717163086,-4.492280006408691,1
Clemson_p034_c3_grm_std_uni,1,5.979781150817871,-4.445942401885986,1
Clemson_p034_c3_grm_std_uni,1,6.011544704437256,-4.460268974304199,1
Clemson_p034_c3_grm_std_uni,1,5.983123779296875,-4.421881198883057,1
Clemson_p034_c3_grm_std_uni,1,5.950925350189209,-4.382523536682129,1
Clemson_p034_c3_grm_std_uni,1,5.962377548217773,-4.391669273376465,1
Clemson_p034_c3_grm_std_uni,1,5.807893753051758,-4.217838764190674,1
Clemson_p034_c3_grm_std_uni,1,5.876160144805908,-4.251131057739258,1
Clemson_p034_c3_grm_std_uni,1,5.865231037139893,-4.20956563949585,1
Clemson_p034_c3_grm_std_uni,1,5.920625686645508,-4.228818416595459,1
Clemson_p034_c3_grm_std_uni,1,6.050906658172607,-4.335703372955322,1
Clemson_p034_c3_grm_std_uni,1,6.047563076019287,-4.345263481140137,1
Clemson_p034_c3_grm_std_uni,1,6.048092365264893,-4.360808372497559,1
Clemson_p034_c3_grm_std_uni,1,6.045701503753662,-4.3772501945495605,1
Clemson_p034_c3_grm_std_uni,1,5.979021072387695,-4.343417167663574,1
Clemson_p034_c3_grm_std_uni,1,5.865173816680908,-4.272916793823242,1
Clemson_p034_c3_grm_std_uni,1,5.650324821472168,-4.126945495605469,1
Clemson_p034_c3_grm_std_uni,1,5.381887912750244,-3.895601987838745,1
Clemson_p034_c3_grm_std_uni,1,5.47064733505249,-3.934706211090088,1
Clemson_p034_c3_grm_std_uni,1,5.6478166580200195,-4.067679405212402,1
Clemson_p034_c3_grm_std_uni,1,5.865255832672119,-4.262181758880615,1
Clemson_p034_c3_grm_std_uni,1,5.960986614227295,-4.348533630371094,1
Clemson_p034_c3_grm_std_uni,1,5.990077495574951,-4.380679130554199,1
Clemson_p034_c3_grm_std_uni,1,6.002871036529541,-4.402535915374756,1
Clemson_p034_c3_grm_std_uni,1,6.023978233337402,-4.440019130706787,1
Clemson_p034_c3_grm_std_uni,1,6.049065589904785,-4.4684953689575195,1
Clemson_p034_c3_grm_std_uni,1,6.10448694229126,-4.507246971130371,1
Clemson_p034_c3_grm_std_uni,1,6.118044853210449,-4.511040210723877,1
Clemson_p034_c3_grm_std_uni,1,6.061997413635254,-4.45691442489624,1
Clemson_p034_c3_grm_std_uni,1,6.019217014312744,-4.400330543518066,1
Clemson_p034_c3_grm_std_uni,1,6.024534225463867,-4.390017032623291,1
Clemson_p034_c3_grm_std_uni,1,5.893217086791992,-4.25925874710083,1
Clemson_p034_c3_grm_std_uni,1,6.005568027496338,-4.3286333084106445,1
Clemson_p034_c3_grm_std_uni,1,6.095459461212158,-4.37378454208374,1
Clemson_p034_c3_grm_std_uni,1,6.115805625915527,-4.393311023712158,1
Clemson_p034_c3_grm_std_uni,1,6.085490703582764,-4.3762736320495605,1
Clemson_p034_c3_grm_std_uni,1,6.01876974105835,-4.334466457366943,1
Clemson_p034_c3_grm_std_uni,1,6.028280258178711,-4.344672679901123,1
Clemson_p034_c3_grm_std_uni,1,5.99144983291626,-4.305918216705322,1
Clemson_p034_c3_grm_std_uni,1,6.0586347579956055,-4.369837760925293,1
Clemson_p034_c3_grm_std_uni,1,6.032232284545898,-4.342423915863037,1
Clemson_p034_c3_grm_std_uni,1,6.0880126953125,-4.360019207000732,1
Clemson_p034_c3_grm_std_uni,1,6.093834400177002,-4.365480899810791,1
Clemson_p034_c3_grm_std_uni,1,5.89837121963501,-4.193628787994385,1
Clemson_p034_c3_grm_std_uni,1,5.98583984375,-4.269089221954346,1
Clemson_p034_c3_grm_std_uni,1,6.01195764541626,-4.266610622406006,1
Clemson_p034_c3_grm_std_uni,1,5.931018352508545,-4.222392559051514,1
Clemson_p034_c3_grm_std_uni,1,5.555022239685059,-3.929762601852417,1
Clemson_p034_c3_grm_std_uni,1,5.070016860961914,-3.659554958343506,1
Clemson_p034_c3_grm_std_uni,1,4.900864124298096,-3.6520113945007324,1
Clemson_p034_c3_grm_std_uni,1,4.435509204864502,-3.331439733505249,1
Clemson_p034_c3_grm_std_uni,1,3.8466262817382812,-2.9411542415618896,1
Clemson_p034_c3_grm_std_uni,1,4.502793788909912,-3.641904354095459,1
Clemson_p034_c3_grm_std_uni,1,4.499818325042725,-3.7482101917266846,1
Clemson_p034_c3_grm_std_uni,1,4.410773754119873,-3.7112908363342285,1
Clemson_p034_c3_grm_std_uni,1,4.945290565490723,-4.161587238311768,1
Clemson_p034_c3_grm_std_uni,1,5.2693891525268555,-4.340261936187744,1
Clemson_p034_c3_grm_std_uni,1,5.713545799255371,-4.618500709533691,1
Clemson_p034_c3_grm_std_uni,1,5.9296555519104,-4.715174674987793,1
Clemson_p034_c3_grm_std_uni,1,5.966969013214111,-4.657656669616699,1
Clemson_p034_c3_grm_std_uni,1,5.876378536224365,-4.569309711456299,1
Clemson_p034_c3_grm_std_uni,1,5.9523606300354,-4.632411479949951,1
Clemson_p034_c3_grm_std_uni,1,5.99658727645874,-4.608880519866943,1
Clemson_p034_c3_grm_std_uni,1,6.088706970214844,-4.643312454223633,1
Clemson_p034_c3_grm_std_uni,1,5.8872809410095215,-4.436506271362305,1
Clemson_p034_c3_grm_std_uni,1,5.905742168426514,-4.453070163726807,1
Clemson_p034_c3_grm_std_uni,1,5.74760627746582,-4.333293437957764,1
Clemson_p034_c3_grm_std_uni,1,5.730532646179199,-4.327238082885742,1
Clemson_p034_c3_grm_std_uni,1,5.622439384460449,-4.260157108306885,1
Clemson_p034_c3_grm_std_uni,1,5.658778190612793,-4.283994197845459,1
Clemson_p034_c3_grm_std_uni,1,5.790261268615723,-4.391419410705566,1
Clemson_p034_c3_grm_std_uni,1,5.68231201171875,-4.3667216300964355,1
Clemson_p034_c3_grm_std_uni,1,5.607426166534424,-4.388204097747803,1
Clemson_p034_c3_grm_std_uni,1,5.393645763397217,-4.131285667419434,1
Clemson_p034_c3_grm_std_uni,1,4.4347968101501465,-3.3704848289489746,1
Clemson_p034_c3_grm_std_uni,1,2.571981906890869,-2.178175210952759,1
Clemson_p034_c3_grm_std_uni,1,1.8997581005096436,-1.7147216796875,1
Clemson_p034_c3_grm_std_uni,1,2.4562766551971436,-1.8327288627624512,1
Clemson_p034_c3_grm_std_uni,1,4.1190185546875,-3.480144500732422,1
Clemson_p034_c3_grm_std_uni,1,6.359865665435791,-5.0756916999816895,1
Clemson_p034_c3_grm_std_uni,1,7.217629432678223,-5.72944450378418,1
Clemson_p034_c3_grm_std_uni,1,7.345950126647949,-5.875843524932861,1
Clemson_p034_c3_grm_std_uni,1,7.27230167388916,-5.887682914733887,1
Clemson_p034_c3_grm_std_uni,1,6.735915184020996,-5.8031134605407715,1
Clemson_p034_c3_grm_std_uni,1,6.20561408996582,-5.922807693481445,1
Clemson_p034_c3_grm_std_uni,1,5.558128833770752,-5.7975172996521,1
Clemson_p034_c3_grm_std_uni,1,5.1080002784729,-5.576812267303467,1
Clemson_p034_c3_grm_std_uni,1,4.843136310577393,-5.22269344329834,1
Clemson_p034_c3_grm_std_uni,1,5.274653911590576,-5.436120510101318,1
Clemson_p034_c3_grm_std_uni,1,5.676255702972412,-5.9853434562683105,1
Clemson_p034_c3_grm_std_uni,1,5.7830963134765625,-6.154938697814941,1
Clemson_p034_c3_grm_std_uni,1,5.397511959075928,-5.845155239105225,1
Clemson_p034_c3_grm_std_uni,1,5.026517391204834,-5.627743244171143,1
Clemson_p034_c3_grm_std_uni,1,4.8681640625,-5.568660259246826,1
Clemson_p034_c3_grm_std_uni,1,4.877499580383301,-5.555302143096924,1
Clemson_p034_c3_grm_std_uni,1,4.714479923248291,-5.427397727966309,1
Clemson_p034_c3_grm_std_uni,1,4.592656135559082,-5.328237056732178,1
Clemson_p034_c3_grm_std_uni,1,4.471298694610596,-5.272902011871338,1
Clemson_p034_c3_grm_std_uni,1,4.654724597930908,-5.327060222625732,1
Clemson_p034_c3_grm_std_uni,1,4.768292427062988,-5.283882141113281,1
Clemson_p034_c3_grm_std_uni,1,4.9778876304626465,-5.29022741317749,1
Clemson_p034_c3_grm_std_uni,1,5.121075630187988,-5.25021505355835,1
Clemson_p034_c3_grm_std_uni,1,5.225316524505615,-5.198512077331543,1
Clemson_p034_c3_grm_std_uni,1,5.293923854827881,-5.159939765930176,1
Clemson_p034_c3_grm_std_uni,1,5.327942848205566,-5.109564304351807,1
Clemson_p034_c3_grm_std_uni,1,5.363162517547607,-5.060164451599121,1
Clemson_p034_c3_grm_std_uni,1,5.372075080871582,-4.996006488800049,1
Clemson_p034_c3_grm_std_uni,1,5.37779426574707,-4.925439357757568,1
Clemson_p034_c3_grm_std_uni,1,5.41441011428833,-4.888157367706299,1
Clemson_p034_c3_grm_std_uni,1,5.456967353820801,-4.852843761444092,1
Clemson_p034_c3_grm_std_uni,1,5.523799419403076,-4.840420722961426,1
Clemson_p034_c3_grm_std_uni,1,5.566464900970459,-4.807168960571289,1
Clemson_p034_c3_grm_std_uni,1,5.608710289001465,-4.776895046234131,1
Clemson_p034_c3_grm_std_uni,1,5.628584861755371,-4.729209899902344,1
Clemson_p034_c3_grm_std_uni,1,5.617149829864502,-4.663280010223389,1
Clemson_p034_c3_grm_std_uni,1,5.572478771209717,-4.59543514251709,1
Clemson_p034_c3_grm_std_uni,1,5.394873142242432,-4.407289981842041,1
Clemson_p034_c3_grm_std_uni,1,5.163731575012207,-4.1584649085998535,1
Clemson_p034_c3_grm_std_uni,1,5.039754390716553,-3.9956741333007812,1
Clemson_p034_c3_grm_std_uni,1,5.279195308685303,-4.150331020355225,1
Clemson_p034_c3_grm_std_uni,1,5.377904891967773,-4.141753673553467,1
Clemson_p034_c3_grm_std_uni,1,5.376776695251465,-4.013909816741943,1
Clemson_p034_c3_grm_std_uni,1,5.406600475311279,-4.023220539093018,1
Clemson_p034_c3_grm_std_uni,1,5.2798380851745605,-3.9509074687957764,1
Clemson_p034_c3_grm_std_uni,1,5.258551120758057,-3.9515576362609863,1
Clemson_p034_c3_grm_std_uni,1,5.34023380279541,-4.028409004211426,1
Clemson_p034_c3_grm_std_uni,1,5.392543315887451,-4.0672712326049805,1
Clemson_p034_c3_grm_std_uni,1,5.689084529876709,-4.283326148986816,1
Clemson_p034_c3_grm_std_uni,1,5.796371936798096,-4.326491832733154,1
Clemson_p034_c3_grm_std_uni,1,5.877322196960449,-4.38631010055542,1
Clemson_p034_c3_grm_std_uni,1,5.874910354614258,-4.383904457092285,1
Clemson_p034_c3_grm_std_uni,1,5.780813694000244,-4.281766891479492,1
Clemson_p034_c3_grm_std_uni,1,5.867432117462158,-4.35496711730957,1
Clemson_p034_c3_grm_std_uni,1,5.917843818664551,-4.385970592498779,1
Clemson_p034_c3_grm_std_uni,1,5.882756233215332,-4.306478977203369,1
Clemson_p034_c3_grm_std_uni,1,5.992451190948486,-4.388230800628662,1
Clemson_p034_c3_grm_std_uni,1,5.950253009796143,-4.376054286956787,1
Clemson_p034_c3_grm_std_uni,1,5.959443092346191,-4.419710636138916,1
Clemson_p034_c3_grm_std_uni,1,5.96092414855957,-4.456603050231934,1
Clemson_p034_c3_grm_std_uni,1,5.950394153594971,-4.4789347648620605,1
Clemson_p034_c3_grm_std_uni,1,5.954854488372803,-4.472445964813232,1
Clemson_p034_c3_grm_std_uni,1,5.940924167633057,-4.455939769744873,1
Clemson_p034_c3_grm_std_uni,1,5.919419765472412,-4.425250053405762,1
Clemson_p034_c3_grm_std_uni,1,5.957719326019287,-4.431765556335449,1
Clemson_p034_c3_grm_std_uni,1,5.991775035858154,-4.451828956604004,1
Clemson_p034_c3_grm_std_uni,1,5.983930587768555,-4.426612854003906,1
Clemson_p034_c3_grm_std_uni,1,6.124476432800293,-4.572980880737305,1
Clemson_p034_c3_grm_std_uni,1,6.138703346252441,-4.5965576171875,1
Clemson_p034_c3_grm_std_uni,1,6.200204372406006,-4.663742542266846,1
Clemson_p034_c3_grm_std_uni,1,6.177290439605713,-4.642175674438477,1
Clemson_p034_c3_grm_std_uni,1,6.118629455566406,-4.608610153198242,1
Clemson_p034_c3_grm_std_uni,1,6.13239049911499,-4.597249984741211,1
Clemson_p034_c3_grm_std_uni,1,6.060133457183838,-4.528855800628662,1
Clemson_p034_c3_grm_std_uni,1,5.916173934936523,-4.346531867980957,1
Clemson_p034_c3_grm_std_uni,1,5.820405006408691,-4.261420726776123,1
Clemson_p034_c3_grm_std_uni,1,5.582900524139404,-4.064684867858887,1
Clemson_p034_c3_grm_std_uni,1,5.941957473754883,-4.29153299331665,1
Clemson_p034_c3_grm_std_uni,1,6.0071234703063965,-4.312615871429443,1
Clemson_p034_c3_grm_std_uni,1,6.084482669830322,-4.380321025848389,1
Clemson_p034_c3_grm_std_uni,1,6.134767055511475,-4.435326099395752,1
Clemson_p034_c3_grm_std_uni,1,6.1280317306518555,-4.4508771896362305,1
Clemson_p034_c3_grm_std_uni,1,5.996638298034668,-4.356213569641113,1
Clemson_p034_c3_grm_std_uni,1,5.9404144287109375,-4.289422512054443,1
Clemson_p034_c3_grm_std_uni,1,5.956510066986084,-4.30664587020874,1
Clemson_p034_c3_grm_std_uni,1,5.955883979797363,-4.31642484664917,1
Clemson_p034_c3_grm_std_uni,1,6.03547477722168,-4.404842853546143,1
Clemson_p034_c3_grm_std_uni,1,6.079317569732666,-4.475090503692627,1
Clemson_p034_c3_grm_std_uni,1,6.0850138664245605,-4.498659133911133,1
Clemson_p034_c3_grm_std_uni,1,6.076653003692627,-4.494393825531006,1
Clemson_p034_c3_grm_std_uni,1,6.003580570220947,-4.4248247146606445,1
Clemson_p034_c3_grm_std_uni,1,5.968827724456787,-4.393220901489258,1
Clemson_p034_c3_grm_std_uni,1,5.7727813720703125,-4.211247444152832,1
Clemson_p034_c3_grm_std_uni,1,5.759272575378418,-4.175627708435059,1
Clemson_p034_c3_grm_std_uni,1,5.744757652282715,-4.111918926239014,1
Clemson_p034_c3_grm_std_uni,1,5.782107830047607,-4.128725528717041,1
Clemson_p034_c3_grm_std_uni,1,6.016659736633301,-4.337065696716309,1
Clemson_p034_c3_grm_std_uni,1,6.005776882171631,-4.358776569366455,1
Clemson_p034_c3_grm_std_uni,1,5.546517848968506,-3.999725818634033,1
Clemson_p034_c3_grm_std_uni,1,5.161436557769775,-3.7057013511657715,1
Clemson_p034_c3_grm_std_uni,1,5.24598503112793,-3.8475193977355957,1
Clemson_p034_c3_grm_std_uni,1,5.57600736618042,-4.180881977081299,1
Clemson_p034_c3_grm_std_uni,1,5.540213584899902,-4.165092945098877,1
Clemson_p034_c3_grm_std_uni,1,5.62589693069458,-4.190485000610352,1
Clemson_p034_c3_grm_std_uni,1,5.892323017120361,-4.309498310089111,1
Clemson_p034_c3_grm_std_uni,1,6.0087738037109375,-4.324984073638916,1
Clemson_p034_c3_grm_std_uni,1,6.005781650543213,-4.3235182762146,1
Clemson_p034_c3_grm_std_uni,1,5.906896114349365,-4.281974792480469,1
Clemson_p034_c3_grm_std_uni,1,5.772298336029053,-4.2118401527404785,1
Clemson_p034_c3_grm_std_uni,1,5.613614082336426,-4.10954475402832,1
Clemson_p034_c3_grm_std_uni,1,5.4462103843688965,-3.9719631671905518,1
Clemson_p034_c3_grm_std_uni,1,5.4445905685424805,-3.9411046504974365,1
Clemson_p034_c3_grm_std_uni,1,5.579322814941406,-4.038931369781494,1
Clemson_p034_c3_grm_std_uni,1,5.789907455444336,-4.214249610900879,1
Clemson_p034_c3_grm_std_uni,1,5.946513652801514,-4.343448162078857,1
Clemson_p034_c3_grm_std_uni,1,6.0421223640441895,-4.414747714996338,1
Clemson_p034_c3_grm_std_uni,1,6.1150994300842285,-4.487091541290283,1
Clemson_p034_c3_grm_std_uni,1,6.070807456970215,-4.450355529785156,1
Clemson_p034_c3_grm_std_uni,1,6.11042594909668,-4.484667778015137,1
Clemson_p034_c3_grm_std_uni,1,6.111837863922119,-4.486143589019775,1
Clemson_p034_c3_grm_std_uni,1,6.041870594024658,-4.417785167694092,1
Clemson_p034_c3_grm_std_uni,1,6.084177017211914,-4.457437038421631,1
Clemson_p034_c3_grm_std_uni,1,6.0723042488098145,-4.440950870513916,1
Clemson_p034_c3_grm_std_uni,1,6.102576732635498,-4.46531867980957,1
Clemson_p034_c3_grm_std_uni,1,6.14273738861084,-4.505215167999268,1
Clemson_p034_c3_grm_std_uni,1,6.144841194152832,-4.510521411895752,1
Clemson_p034_c3_grm_std_uni,1,6.1328301429748535,-4.500752925872803,1
Clemson_p034_c3_grm_std_uni,1,6.1387939453125,-4.511362552642822,1
Clemson_p034_c3_grm_std_uni,1,6.116203784942627,-4.490996360778809,1
Clemson_p034_c3_grm_std_uni,1,6.116609573364258,-4.4932355880737305,1
Clemson_p034_c3_grm_std_uni,1,6.130053520202637,-4.502243995666504,1
Clemson_p034_c3_grm_std_uni,1,6.142538070678711,-4.5133795738220215,1
Clemson_p034_c3_grm_std_uni,1,6.135920524597168,-4.508305072784424,1
Clemson_p034_c3_grm_std_uni,1,6.10206413269043,-4.476080417633057,1
Clemson_p034_c3_grm_std_uni,1,6.098500728607178,-4.452645778656006,1
Clemson_p034_c3_grm_std_uni,1,6.1037917137146,-4.4402570724487305,1
Clemson_p034_c3_grm_std_uni,1,5.9842939376831055,-4.322027683258057,1
Clemson_p034_c3_grm_std_uni,1,6.069473743438721,-4.367254734039307,1
Clemson_p034_c3_grm_std_uni,1,6.102263450622559,-4.375953197479248,1
Clemson_p034_c3_grm_std_uni,1,6.065762996673584,-4.326534748077393,1
Clemson_p034_c3_grm_std_uni,1,6.076367378234863,-4.330408573150635,1
Clemson_p034_c3_grm_std_uni,1,6.044830322265625,-4.313089370727539,1
Clemson_p034_c3_grm_std_uni,1,6.144078731536865,-4.406946182250977,1
Clemson_p034_c3_grm_std_uni,1,6.161388874053955,-4.418363094329834,1
Clemson_p034_c3_grm_std_uni,1,6.133928298950195,-4.407173156738281,1
Clemson_p034_c3_grm_std_uni,1,6.094682693481445,-4.3769426345825195,1
Clemson_p034_c3_grm_std_uni,1,6.092735290527344,-4.385557651519775,1
Clemson_p034_c3_grm_std_uni,1,6.116798400878906,-4.435734272003174,1
Clemson_p034_c3_grm_std_uni,1,5.979746341705322,-4.388859748840332,1
Clemson_p034_c3_grm_std_uni,2,5.814499855041504,-4.400608539581299,1
Clemson_p034_c3_grm_std_uni,2,5.363480567932129,-4.079102039337158,1
Clemson_p034_c3_grm_std_uni,2,4.54707670211792,-3.2552330493927,1
Clemson_p034_c3_grm_std_uni,2,4.120483875274658,-3.2270843982696533,1
Clemson_p034_c3_grm_std_uni,2,4.688845157623291,-4.010335922241211,1
Clemson_p034_c3_grm_std_uni,2,5.118727207183838,-4.277492046356201,1
Clemson_p034_c3_grm_std_uni,2,4.663418292999268,-3.732499361038208,1
Clemson_p034_c3_grm_std_uni,2,4.345909118652344,-3.3437769412994385,1
Clemson_p034_c3_grm_std_uni,2,4.943249225616455,-3.9610791206359863,1
Clemson_p034_c3_grm_std_uni,2,5.431900501251221,-4.214670181274414,1
Clemson_p034_c3_grm_std_uni,2,5.641567707061768,-4.15278434753418,1
Clemson_p034_c3_grm_std_uni,2,5.46453857421875,-3.9233224391937256,1
Clemson_p034_c3_grm_std_uni,2,5.1689372062683105,-3.5087027549743652,1
Clemson_p034_c3_grm_std_uni,2,4.96907901763916,-3.303126811981201,1
Clemson_p034_c3_grm_std_uni,2,5.040192604064941,-3.3357481956481934,1
Clemson_p034_c3_grm_std_uni,2,4.927792072296143,-3.4644999504089355,1
Clemson_p034_c3_grm_std_uni,2,2.24067759513855,-1.7948781251907349,1
Clemson_p034_c3_grm_std_uni,2,-3.28122615814209,2.794396162033081,2
Clemson_p034_c3_grm_std_uni,2,1.5510202646255493,-0.7329279184341431,1
Clemson_p034_c3_grm_std_uni,2,6.072398662567139,-4.521302700042725,1
Clemson_p034_c3_grm_std_uni,2,6.945942401885986,-5.257214069366455,1
Clemson_p034_c3_grm_std_uni,2,7.75914192199707,-5.562507629394531,1
Clemson_p034_c3_grm_std_uni,2,7.817439556121826,-5.128851890563965,1
Clemson_p034_c3_grm_std_uni,2,7.094349384307861,-5.766332626342773,1
Clemson_p034_c3_grm_std_uni,2,6.636777877807617,-5.8790082931518555,1
Clemson_p034_c3_grm_std_uni,2,6.321599960327148,-5.704118728637695,1
Clemson_p034_c3_grm_std_uni,2,6.177196025848389,-5.675754070281982,1
Clemson_p034_c3_grm_std_uni,2,6.262685775756836,-5.77268123626709,1
Clemson_p034_c3_grm_std_uni,2,6.211254596710205,-5.752378463745117,1
Clemson_p034_c3_grm_std_uni,2,4.206738471984863,-3.781686305999756,1
Clemson_p034_c3_grm_std_uni,1,2.5608162879943848,-1.1582245826721191,1
Clemson_p034_c3_grm_std_uni,1,3.6262621879577637,-1.6170883178710938,1
Clemson_p034_c3_grm_std_uni,1,5.915563106536865,-3.4202401638031006,1
Clemson_p034_c3_grm_std_uni,1,7.117986679077148,-5.0109453201293945,1
Clemson_p034_c3_grm_std_uni,1,7.220775127410889,-5.497430324554443,1
Clemson_p034_c3_grm_std_uni,1,7.812546253204346,-5.540878772735596,1
Clemson_p034_c3_grm_std_uni,1,7.115052700042725,-4.887749671936035,1
Clemson_p034_c3_grm_std_uni,1,7.16985559463501,-5.147674083709717,1
Clemson_p034_c3_grm_std_uni,1,7.233639717102051,-5.6511454582214355,1
Clemson_p034_c3_grm_std_uni,1,7.116800785064697,-5.554104328155518,1
Clemson_p034_c3_grm_std_uni,1,7.111259460449219,-5.313713073730469,1
Clemson_p034_c3_grm_std_uni,1,7.242203712463379,-5.275891304016113,1
Clemson_p034_c3_grm_std_uni,1,7.070118427276611,-5.079980373382568,1
Clemson_p034_c3_grm_std_uni,1,6.826728343963623,-4.812044620513916,1
Clemson_p034_c3_grm_std_uni,1,6.694821834564209,-4.664494514465332,1
Clemson_p034_c3_grm_std_uni,1,6.822159767150879,-4.830833435058594,1
Clemson_p034_c3_grm_std_uni,1,7.024871349334717,-5.042247295379639,1
Clemson_p034_c3_grm_std_uni,1,7.122311592102051,-5.107648849487305,1
Clemson_p034_c3_grm_std_uni,1,7.223459720611572,-5.151410102844238,1
Clemson_p034_c3_grm_std_uni,1,7.306910037994385,-5.149504661560059,1
Clemson_p034_c3_grm_std_uni,1,7.382159233093262,-5.166515827178955,1
Clemson_p034_c3_grm_std_uni,1,7.341545104980469,-5.1543097496032715,1
Clemson_p034_c3_grm_std_uni,1,7.285521507263184,-5.130783557891846,1
Clemson_p034_c3_grm_std_uni,1,7.16165018081665,-5.027427673339844,1
Clemson_p034_c3_grm_std_uni,1,7.071890830993652,-4.892955303192139,1
Clemson_p034_c3_grm_std_uni,1,7.16670036315918,-4.928269386291504,1
Clemson_p034_c3_grm_std_uni,1,7.171609878540039,-4.89970064163208,1
Clemson_p034_c3_grm_std_uni,1,7.331841945648193,-4.96362829208374,1
Clemson_p034_c3_grm_std_uni,1,7.389570236206055,-5.008682727813721,1
Clemson_p034_c3_grm_std_uni,1,7.145959377288818,-4.844323635101318,1
Clemson_p034_c3_grm_std_uni,1,7.192615985870361,-4.833428859710693,1
Clemson_p034_c3_grm_std_uni,1,7.225320339202881,-4.868330478668213,1
Clemson_p034_c3_grm_std_uni,1,7.177783489227295,-4.853667736053467,1
Clemson_p034_c3_grm_std_uni,1,6.913256645202637,-4.540690898895264,1
Clemson_p034_c3_grm_std_uni,1,6.483484745025635,-4.167728900909424,1
Clemson_p034_c3_grm_std_uni,1,5.904847145080566,-3.7507526874542236,1
Clemson_p034_c3_grm_std_uni,1,5.740010738372803,-3.957756280899048,1
Clemson_p034_c3_grm_std_uni,1,5.441095352172852,-4.279555797576904,1
Clemson_p034_c3_grm_std_uni,1,5.399319171905518,-4.505961894989014,1
Clemson_p034_c3_grm_std_uni,1,5.470715045928955,-4.587392330169678,1
Clemson_p034_c3_grm_std_uni,1,5.564188480377197,-4.496220588684082,1
Clemson_p034_c3_grm_std_uni,1,5.5262532234191895,-4.253964900970459,1
Clemson_p034_c3_grm_std_uni,1,5.734195232391357,-4.296144008636475,1
Clemson_p034_c3_grm_std_uni,1,5.662353992462158,-4.202591896057129,1
Clemson_p034_c3_grm_std_uni,1,5.575336933135986,-4.191159248352051,1
Clemson_p034_c3_grm_std_uni,1,5.882138252258301,-4.389086723327637,1
Clemson_p034_c3_grm_std_uni,1,5.989649295806885,-4.423733234405518,1
Clemson_p034_c3_grm_std_uni,1,6.094797134399414,-4.421198844909668,1
Clemson_p034_c3_grm_std_uni,1,6.182229995727539,-4.4184746742248535,1
Clemson_p034_c3_grm_std_uni,1,6.249429225921631,-4.4318318367004395,1
Clemson_p034_c3_grm_std_uni,1,6.339344501495361,-4.475486755371094,1
Clemson_p034_c3_grm_std_uni,1,6.223217964172363,-4.36576509475708,1
Clemson_p034_c3_grm_std_uni,1,6.197188377380371,-4.356597423553467,1
Clemson_p034_c3_grm_std_uni,1,6.143411159515381,-4.316431999206543,1
Clemson_p034_c3_grm_std_uni,1,6.183043003082275,-4.36129093170166,1
Clemson_p034_c3_grm_std_uni,1,6.152968406677246,-4.348007678985596,1
Clemson_p034_c3_grm_std_uni,1,6.103480815887451,-4.325645923614502,1
Clemson_p034_c3_grm_std_uni,1,5.9592061042785645,-4.229856014251709,1
Clemson_p034_c3_grm_std_uni,1,5.950286865234375,-4.228047847747803,1
Clemson_p034_c3_grm_std_uni,1,5.9151787757873535,-4.172963619232178,1
Clemson_p034_c3_grm_std_uni,1,5.861082077026367,-4.158616542816162,1
Clemson_p034_c3_grm_std_uni,1,5.845934867858887,-4.17772912979126,1
Clemson_p034_c3_grm_std_uni,1,5.793622970581055,-4.1740641593933105,1
Clemson_p034_c3_grm_std_uni,1,5.716059684753418,-4.132073402404785,1
Clemson_p034_c3_grm_std_uni,1,5.694770812988281,-4.128093719482422,1
Clemson_p034_c3_grm_std_uni,1,5.706735134124756,-4.1165971755981445,1
Clemson_p034_c3_grm_std_uni,1,5.864159107208252,-4.2249531745910645,1
Clemson_p034_c3_grm_std_uni,1,5.964651584625244,-4.2842607498168945,1
Clemson_p034_c3_grm_std_uni,1,6.040480613708496,-4.346922874450684,1
Clemson_p034_c3_grm_std_uni,1,6.0483527183532715,-4.362627029418945,1
Clemson_p034_c3_grm_std_uni,1,6.0761542320251465,-4.383806228637695,1
Clemson_p034_c3_grm_std_uni,1,6.0720977783203125,-4.371680736541748,1
Clemson_p034_c3_grm_std_uni,1,6.040298938751221,-4.336439609527588,1
Clemson_p034_c3_grm_std_uni,1,6.052736282348633,-4.3361616134643555,1
Clemson_p034_c3_grm_std_uni,1,6.065189838409424,-4.343350410461426,1
Clemson_p034_c3_grm_std_uni,1,6.017239093780518,-4.292572975158691,1
Clemson_p034_c3_grm_std_uni,1,6.089104175567627,-4.353773593902588,1
Clemson_p034_c3_grm_std_uni,1,6.072164535522461,-4.327568531036377,1
Clemson_p034_c3_grm_std_uni,1,6.074075698852539,-4.327979564666748,1
Clemson_p034_c3_grm_std_uni,1,6.064121723175049,-4.310772895812988,1
Clemson_p034_c3_grm_std_uni,1,6.0900139808654785,-4.331530570983887,1
Clemson_p034_c3_grm_std_uni,1,6.105290412902832,-4.3426408767700195,1
Clemson_p034_c3_grm_std_uni,1,6.076149940490723,-4.31825590133667,1
Clemson_p034_c3_grm_std_uni,1,6.00285005569458,-4.261684894561768,1
Clemson_p034_c3_grm_std_uni,1,5.8389410972595215,-4.1497483253479,1
Clemson_p034_c3_grm_std_uni,1,5.564190864562988,-3.948683023452759,1
Clemson_p034_c3_grm_std_uni,1,5.277021884918213,-3.734896659851074,1
Clemson_p034_c3_grm_std_uni,1,5.471900939941406,-3.9312498569488525,1
Clemson_p034_c3_grm_std_uni,1,5.544061660766602,-4.004288673400879,1
Clemson_p034_c3_grm_std_uni,1,5.553928852081299,-4.038877487182617,1
Clemson_p034_c3_grm_std_uni,1,5.5555419921875,-4.082184791564941,1
Clemson_p034_c3_grm_std_uni,1,5.3893866539001465,-4.016702651977539,1
Clemson_p034_c3_grm_std_uni,1,4.860336780548096,-3.805436849594116,1
Clemson_p034_c3_grm_std_uni,1,3.282480478286743,-2.8678231239318848,1
Clemson_p034_c3_grm_std_uni,1,2.818861484527588,-2.788792848587036,1
Clemson_p034_c3_grm_std_uni,1,3.4665513038635254,-3.709958791732788,1
Clemson_p034_c3_grm_std_uni,1,3.7329750061035156,-4.062263011932373,1
Clemson_p034_c3_grm_std_uni,1,4.163863658905029,-4.2274556159973145,1
Clemson_p034_c3_grm_std_uni,1,4.533443927764893,-4.269075870513916,1
Clemson_p034_c3_grm_std_uni,1,4.511824607849121,-4.207394599914551,1
Clemson_p034_c3_grm_std_uni,1,4.734246730804443,-4.613443851470947,1
Clemson_p034_c3_grm_std_uni,1,4.68657112121582,-4.734335899353027,1
Clemson_p034_c3_grm_std_uni,1,4.4121623039245605,-4.5457682609558105,1
Clemson_p034_c3_grm_std_uni,1,4.388680934906006,-4.5781426429748535,1
Clemson_p034_c3_grm_std_uni,1,4.205177307128906,-4.445798397064209,1
Clemson_p034_c3_grm_std_uni,1,4.025259494781494,-4.2851338386535645,1
Clemson_p034_c3_grm_std_uni,1,4.092883586883545,-4.398006916046143,1
Clemson_p034_c3_grm_std_uni,1,3.823153257369995,-4.260829925537109,1
Clemson_p034_c3_grm_std_uni,1,3.6420960426330566,-4.141958236694336,1
Clemson_p034_c3_grm_std_uni,1,3.7099339962005615,-4.1314005851745605,1
Clemson_p034_c3_grm_std_uni,1,3.665283679962158,-4.102409839630127,1
Clemson_p034_c3_grm_std_uni,1,3.9786744117736816,-4.406339168548584,1
Clemson_p034_c3_grm_std_uni,1,4.109454154968262,-4.469388008117676,1
Clemson_p034_c3_grm_std_uni,1,4.146368026733398,-4.4742865562438965,1
Clemson_p034_c3_grm_std_uni,1,4.112796306610107,-4.4314961433410645,1
Clemson_p034_c3_grm_std_uni,1,4.283361911773682,-4.521275997161865,1
Clemson_p034_c3_grm_std_uni,1,4.3593010902404785,-4.563455581665039,1
Clemson_p034_c3_grm_std_uni,1,4.462450981140137,-4.625924110412598,1
Clemson_p034_c3_grm_std_uni,1,4.484360218048096,-4.5520429611206055,1
Clemson_p034_c3_grm_std_uni,1,4.413712501525879,-4.372466087341309,1
Clemson_p034_c3_grm_std_uni,1,4.484250545501709,-4.3190717697143555,1
Clemson_p034_c3_grm_std_uni,1,4.354623794555664,-4.134345531463623,1
Clemson_p034_c3_grm_std_uni,1,4.3776535987854,-4.100804805755615,1
Clemson_p034_c3_grm_std_uni,1,4.629712104797363,-4.3151936531066895,1
Clemson_p034_c3_grm_std_uni,1,4.587249755859375,-4.127499103546143,1
Clemson_p034_c3_grm_std_uni,1,4.886216163635254,-4.357954502105713,1
Clemson_p034_c3_grm_std_uni,1,4.390181541442871,-3.7702853679656982,1
Clemson_p034_c3_grm_std_uni,1,3.3882784843444824,-2.848085641860962,1
Clemson_p034_c3_grm_std_uni,1,3.358428716659546,-3.081166982650757,1
Clemson_p034_c3_grm_std_uni,1,3.804239511489868,-3.4317831993103027,1
Clemson_p034_c3_grm_std_uni,1,3.162039279937744,-3.0750272274017334,1
Clemson_p034_c3_grm_std_uni,1,2.2330222129821777,-2.1295714378356934,1
Clemson_p034_c3_grm_std_uni,1,2.8200602531433105,-2.0329782962799072,1
Clemson_p034_c3_grm_std_uni,1,4.748382568359375,-3.8196029663085938,1
Clemson_p034_c3_grm_std_uni,1,5.853074550628662,-4.814488887786865,1
Clemson_p034_c3_grm_std_uni,1,5.505670547485352,-4.863556385040283,1
Clemson_p034_c3_grm_std_uni,1,5.100532531738281,-4.866530418395996,1
Clemson_p034_c3_grm_std_uni,1,5.053732872009277,-4.833187580108643,1
Clemson_p034_c3_grm_std_uni,1,5.558302402496338,-5.045172691345215,1
Clemson_p034_c3_grm_std_uni,1,5.903853416442871,-5.1178202629089355,1
Clemson_p034_c3_grm_std_uni,1,5.940459728240967,-4.573580265045166,1
Clemson_p034_c3_grm_std_uni,1,4.66793966293335,-3.472987413406372,1
Clemson_p034_c3_grm_std_uni,1,4.695322036743164,-3.968096971511841,1
Clemson_p034_c3_grm_std_uni,1,5.195843696594238,-4.777533054351807,1
Clemson_p034_c3_grm_std_uni,1,5.280034065246582,-4.9167985916137695,1
Clemson_p034_c3_grm_std_uni,1,5.241947650909424,-4.918889045715332,1
Clemson_p034_c3_grm_std_uni,1,5.031104564666748,-4.712793827056885,1
Clemson_p034_c3_grm_std_uni,1,4.546064376831055,-4.282870292663574,1
Clemson_p034_c3_grm_std_uni,1,3.302546262741089,-3.2501044273376465,1
Clemson_p034_c3_grm_std_uni,1,2.603703260421753,-1.903340458869934,1
Clemson_p034_c3_grm_std_uni,1,3.112210512161255,-1.8607218265533447,1
Clemson_p034_c3_grm_std_uni,1,4.0671820640563965,-2.6572530269622803,1
Clemson_p034_c3_grm_std_uni,1,4.952302932739258,-3.8118326663970947,1
Clemson_p034_c3_grm_std_uni,1,5.417356491088867,-4.454893589019775,1
Clemson_p034_c3_grm_std_uni,1,5.97689962387085,-4.881868362426758,1
Clemson_p034_c3_grm_std_uni,1,6.127012252807617,-5.114051818847656,1
Clemson_p034_c3_grm_std_uni,1,6.164621353149414,-5.360917091369629,1
Clemson_p034_c3_grm_std_uni,1,6.4807209968566895,-5.7932868003845215,1
Clemson_p034_c3_grm_std_uni,1,6.693297386169434,-6.009150505065918,1
Clemson_p034_c3_grm_std_uni,1,5.811072826385498,-5.355198383331299,1
Clemson_p034_c3_grm_std_uni,1,5.383544445037842,-4.586385250091553,1
Clemson_p034_c3_grm_std_uni,1,5.961283206939697,-4.825947284698486,1
Clemson_p034_c3_grm_std_uni,1,6.282029628753662,-5.081855297088623,1
Clemson_p034_c3_grm_std_uni,1,6.499357223510742,-5.311437606811523,1
Clemson_p034_c3_grm_std_uni,1,6.590294361114502,-5.62497091293335,1
Clemson_p034_c3_grm_std_uni,1,7.062406063079834,-5.965006351470947,1
Clemson_p034_c3_grm_std_uni,1,7.778151035308838,-6.648292541503906,1
Clemson_p034_c3_grm_std_uni,1,6.989291667938232,-6.287144184112549,1
Clemson_p034_c3_grm_std_uni,1,6.224034786224365,-5.531997203826904,1
Clemson_p034_c3_grm_std_uni,1,5.731720447540283,-4.743644714355469,1
Clemson_p034_c3_grm_std_uni,1,5.450774192810059,-4.151800155639648,1
Clemson_p034_c3_grm_std_uni,1,5.639962673187256,-4.253309726715088,1
Clemson_p034_c3_grm_std_uni,1,6.164185047149658,-4.690331935882568,1
Clemson_p034_c3_grm_std_uni,1,7.049731731414795,-5.861169338226318,1
Clemson_p034_c3_grm_std_uni,1,6.683688163757324,-5.839450359344482,1
Clemson_p034_c3_grm_std_uni,1,5.473182678222656,-5.109635353088379,1
Clemson_p034_c3_grm_std_uni,1,5.154995918273926,-4.92652702331543,1
Clemson_p034_c3_grm_std_uni,1,5.006457805633545,-4.783137321472168,1
Clemson_p034_c3_grm_std_uni,1,5.2025346755981445,-4.821662425994873,1
Clemson_p034_c3_grm_std_uni,1,5.628122806549072,-5.1440253257751465,1
Clemson_p034_c3_grm_std_uni,1,4.930544376373291,-4.6023383140563965,1
Clemson_p034_c3_grm_std_uni,1,4.804687976837158,-4.1854352951049805,1
Clemson_p034_c3_grm_std_uni,1,5.960244178771973,-4.827535629272461,1
Clemson_p034_c3_grm_std_uni,1,7.4276018142700195,-6.024935245513916,1
Clemson_p034_c3_grm_std_uni,1,7.972908973693848,-6.2827839851379395,1
Clemson_p034_c3_grm_std_uni,1,7.509432315826416,-6.154786109924316,1
Clemson_p034_c3_grm_std_uni,1,6.26090145111084,-5.565844535827637,1
Clemson_p034_c3_grm_std_uni,1,5.612229347229004,-5.3552141189575195,1
Clemson_p034_c3_grm_std_uni,1,5.366135120391846,-4.810514450073242,1
Clemson_p034_c3_grm_std_uni,1,5.793778896331787,-4.694209098815918,1
Clemson_p034_c3_grm_std_uni,1,6.251344680786133,-4.799956798553467,1
Clemson_p034_c3_grm_std_uni,1,6.02159309387207,-4.66716194152832,1
Clemson_p034_c3_grm_std_uni,1,6.191737651824951,-4.686385631561279,1
Clemson_p034_c3_grm_std_uni,1,5.889005184173584,-4.783952713012695,1
Clemson_p034_c3_grm_std_uni,1,6.282832622528076,-5.264572620391846,1
Clemson_p034_c3_grm_std_uni,1,6.987722396850586,-5.898346424102783,1
Clemson_p034_c3_grm_std_uni,1,7.468675136566162,-6.296088695526123,1
Clemson_p034_c3_grm_std_uni,1,7.613390922546387,-6.5366621017456055,1
Clemson_p034_c3_grm_std_uni,1,7.071920871734619,-6.350690841674805,1
Clemson_p034_c3_grm_std_uni,1,6.612053394317627,-5.8578996658325195,1
Clemson_p034_c3_grm_std_uni,1,5.834566116333008,-5.421663284301758,1
Clemson_p034_c3_grm_std_uni,1,5.0515570640563965,-5.011687278747559,1
Clemson_p034_c3_grm_std_uni,1,5.468401908874512,-5.3285064697265625,1
Clemson_p034_c3_grm_std_uni,1,6.735989570617676,-6.219945907592773,1
Clemson_p034_c3_grm_std_uni,1,6.152293682098389,-5.973286151885986,1
Clemson_p034_c3_grm_std_uni,1,6.181684494018555,-6.0265793800354,1
Clemson_p034_c3_grm_std_uni,1,5.833498954772949,-5.661840915679932,1
Clemson_p034_c3_grm_std_uni,1,5.310223579406738,-5.110974311828613,1
Clemson_p034_c3_grm_std_uni,1,1.9636566638946533,-2.3913025856018066,1
Clemson_p034_c3_grm_std_uni,1,0.7879453897476196,-0.6178090572357178,1
Clemson_p034_c3_grm_std_uni,1,1.9703270196914673,-1.566512942314148,1
Clemson_p034_c3_grm_std_uni,1,5.482030391693115,-4.7184834480285645,1
Clemson_p034_c3_grm_std_uni,1,6.355402946472168,-5.903188228607178,1
Clemson_p034_c3_grm_std_uni,1,6.136110782623291,-5.899412155151367,1
Clemson_p034_c3_grm_std_uni,1,3.3933777809143066,-4.418216228485107,1
Clemson_p034_c3_grm_std_uni,1,2.860501289367676,-2.3458006381988525,1
Clemson_p034_c3_grm_std_uni,1,4.888067245483398,-4.9725542068481445,1
Clemson_p034_c3_grm_std_uni,1,6.1464738845825195,-6.176408767700195,1
Clemson_p034_c3_grm_std_uni,1,6.666200160980225,-6.62632942199707,1
Clemson_p034_c3_grm_std_uni,1,6.901941776275635,-6.491491317749023,1
Clemson_p034_c3_grm_std_uni,1,6.712425231933594,-5.775649070739746,1
Clemson_p034_c3_grm_std_uni,1,6.160204887390137,-4.951973915100098,1
Clemson_p034_c3_grm_std_uni,1,6.8170695304870605,-5.789236545562744,1
Clemson_p034_c3_grm_std_uni,1,6.6886162757873535,-6.058234691619873,1
Clemson_p034_c3_grm_std_uni,1,6.127824783325195,-5.682062149047852,1
Clemson_p034_c3_grm_std_uni,1,5.778279781341553,-5.581745624542236,1
Clemson_p034_c3_grm_std_uni,1,5.5337910652160645,-5.530609130859375,1
Clemson_p034_c3_grm_std_uni,1,5.5727715492248535,-5.533236503601074,1
Clemson_p034_c3_grm_std_uni,1,6.0115156173706055,-5.782931804656982,1
Clemson_p034_c3_grm_std_uni,1,6.340733051300049,-5.892303466796875,1
Clemson_p034_c3_grm_std_uni,1,6.5999531745910645,-5.8573479652404785,1
Clemson_p034_c3_grm_std_uni,1,6.729581832885742,-5.7421875,1
Clemson_p034_c3_grm_std_uni,1,6.7049336433410645,-5.598978042602539,1
Clemson_p034_c3_grm_std_uni,1,6.6483964920043945,-5.425523281097412,1
Clemson_p034_c3_grm_std_uni,1,6.873412132263184,-5.476318836212158,1
Clemson_p034_c3_grm_std_uni,1,6.897148609161377,-5.40247917175293,1
Clemson_p034_c3_grm_std_uni,1,7.048813343048096,-5.472594738006592,1
Clemson_p034_c3_grm_std_uni,1,6.909074306488037,-5.352841854095459,1
Clemson_p034_c3_grm_std_uni,1,6.890870571136475,-5.302907466888428,1
Clemson_p034_c3_grm_std_uni,1,6.951916217803955,-5.262094497680664,1
Clemson_p034_c3_grm_std_uni,1,6.797762870788574,-5.106991767883301,1
Clemson_p034_c3_grm_std_uni,1,6.654458045959473,-4.905543804168701,1
Clemson_p034_c3_grm_std_uni,1,6.44181489944458,-4.736720561981201,1
Clemson_p034_c3_grm_std_uni,1,6.3571882247924805,-4.750942707061768,1
Clemson_p034_c3_grm_std_uni,1,6.45433235168457,-4.833189964294434,1
Clemson_p034_c3_grm_std_uni,1,6.627477645874023,-4.938966274261475,1
Clemson_p034_c3_grm_std_uni,1,6.751281261444092,-4.970956325531006,1
Clemson_p034_c3_grm_std_uni,1,6.839766502380371,-4.98801851272583,1
Clemson_p034_c3_grm_std_uni,1,6.921212673187256,-5.02787971496582,1
Clemson_p034_c3_grm_std_uni,1,6.909916877746582,-5.000751972198486,1
Clemson_p034_c3_grm_std_uni,1,6.816629886627197,-4.92515754699707,1
Clemson_p034_c3_grm_std_uni,1,6.721203804016113,-4.879989147186279,1
Clemson_p034_c3_grm_std_uni,1,6.578985214233398,-4.7763776779174805,1
Clemson_p034_c3_grm_std_uni,1,6.4179768562316895,-4.667895793914795,1
Clemson_p034_c3_grm_std_uni,1,5.836123943328857,-4.3497209548950195,1
Clemson_p034_c3_grm_std_uni,1,5.75973653793335,-4.250396251678467,1
Clemson_p034_c3_grm_std_uni,1,5.50255823135376,-3.978541612625122,1
Clemson_p034_c3_grm_std_uni,1,5.255701065063477,-3.7458953857421875,1
Clemson_p034_c3_grm_std_uni,1,4.809926509857178,-3.278604745864868,1
Clemson_p034_c3_grm_std_uni,1,3.68623685836792,-2.3843350410461426,1
Clemson_p034_c3_grm_std_uni,1,2.4818615913391113,-1.494219422340393,1
Clemson_p034_c3_grm_std_uni,1,2.1849851608276367,-1.701270341873169,1
Clemson_p034_c3_grm_std_uni,1,4.009624004364014,-3.4198505878448486,1
Clemson_p034_c3_grm_std_uni,1,5.6072001457214355,-4.804581642150879,1
Clemson_p034_c3_grm_std_uni,1,5.794495582580566,-4.950621128082275,1
Clemson_p034_c3_grm_std_uni,1,5.773401737213135,-4.791396141052246,1
Clemson_p034_c3_grm_std_uni,1,5.052492141723633,-4.398484230041504,1
Clemson_p034_c3_grm_std_uni,1,4.800407409667969,-4.455836772918701,1
Clemson_p034_c3_grm_std_uni,1,4.216714382171631,-4.076311111450195,1
Clemson_p034_c3_grm_std_uni,1,3.9726133346557617,-4.035097122192383,1
Clemson_p034_c3_grm_std_uni,1,4.435418128967285,-4.68197774887085,1
Clemson_p034_c3_grm_std_uni,1,4.889747619628906,-5.020074367523193,1
Clemson_p034_c3_grm_std_uni,1,4.7645416259765625,-5.0045695304870605,1
Clemson_p034_c3_grm_std_uni,1,4.807687282562256,-4.86309289932251,1
Clemson_p034_c3_grm_std_uni,1,4.9842071533203125,-4.817052841186523,1
Clemson_p034_c3_grm_std_uni,1,4.951180458068848,-4.686700344085693,1
Clemson_p034_c3_grm_std_uni,1,4.770895481109619,-4.5099921226501465,1
Clemson_p034_c3_grm_std_uni,1,3.9461874961853027,-4.094729423522949,1
Clemson_p034_c3_grm_std_uni,1,3.359421730041504,-3.850152015686035,1
Clemson_p034_c3_grm_std_uni,1,3.4984898567199707,-3.7818689346313477,1
Clemson_p034_c3_grm_std_uni,1,2.4887094497680664,-2.8347408771514893,1
Clemson_p034_c3_grm_std_uni,1,1.3196641206741333,-0.4694860577583313,1
Clemson_p034_c3_grm_std_uni,1,2.640021562576294,-1.092495322227478,1
Clemson_p034_c3_grm_std_uni,1,4.474401473999023,-2.778360605239868,1
Clemson_p034_c3_grm_std_uni,1,6.05411958694458,-4.2511420249938965,1
Clemson_p034_c3_grm_std_uni,1,6.520151138305664,-5.010188579559326,1
Clemson_p034_c3_grm_std_uni,1,6.3300323486328125,-5.13465690612793,1
Clemson_p034_c3_grm_std_uni,1,6.0073347091674805,-5.035983085632324,1
Clemson_p034_c3_grm_std_uni,1,5.87746524810791,-4.974565029144287,1
Clemson_p034_c3_grm_std_uni,1,5.849464416503906,-4.8784027099609375,1
Clemson_p034_c3_grm_std_uni,1,5.536529064178467,-4.559383869171143,1
Clemson_p034_c3_grm_std_uni,1,6.363606929779053,-5.151724338531494,1
Clemson_p034_c3_grm_std_uni,1,6.260453224182129,-5.1986260414123535,1
Clemson_p034_c3_grm_std_uni,1,6.214327335357666,-5.1659698486328125,1
Clemson_p034_c3_grm_std_uni,1,6.00553560256958,-4.928212642669678,1
Clemson_p034_c3_grm_std_uni,1,5.939136981964111,-4.892317295074463,1
Clemson_p034_c3_grm_std_uni,1,5.642061233520508,-4.633447170257568,1
Clemson_p034_c3_grm_std_uni,1,5.575881481170654,-4.588086128234863,1
Clemson_p034_c3_grm_std_uni,1,5.67270040512085,-4.662245750427246,1
Clemson_p034_c3_grm_std_uni,1,5.587904930114746,-4.653905868530273,1
Clemson_p034_c3_grm_std_uni,1,5.114179611206055,-4.2296247482299805,1
Clemson_p034_c3_grm_std_uni,1,5.269180774688721,-4.302664279937744,1
Clemson_p034_c3_grm_std_uni,1,5.491111755371094,-4.436110973358154,1
Clemson_p034_c3_grm_std_uni,1,5.721924781799316,-4.593782424926758,1
Clemson_p034_c3_grm_std_uni,1,5.618795871734619,-4.46626091003418,1
Clemson_p034_c3_grm_std_uni,1,5.581692218780518,-4.399171829223633,1
Clemson_p034_c3_grm_std_uni,1,5.574497699737549,-4.330508708953857,1
Clemson_p034_c3_grm_std_uni,1,5.280065059661865,-4.072902202606201,1
Clemson_p034_c3_grm_std_uni,1,5.52311897277832,-4.34458589553833,1
Clemson_p034_c3_grm_std_uni,1,5.697445869445801,-4.580260276794434,1
Clemson_p034_c3_grm_std_uni,1,5.602762699127197,-4.5351643562316895,1
Clemson_p034_c3_grm_std_uni,1,5.419673442840576,-4.241761207580566,1
Clemson_p034_c3_grm_std_uni,1,4.976170539855957,-3.818434953689575,1
Clemson_p034_c3_grm_std_uni,1,4.642889022827148,-3.5255532264709473,1
Clemson_p034_c3_grm_std_uni,1,4.639930725097656,-3.631408214569092,1
Clemson_p034_c3_grm_std_uni,1,4.6422834396362305,-3.7736756801605225,1
Clemson_p034_c3_grm_std_uni,1,4.6816229820251465,-3.8646674156188965,1
Clemson_p034_c3_grm_std_uni,1,4.88304328918457,-4.012545585632324,1
Clemson_p034_c3_grm_std_uni,1,4.9687724113464355,-4.100973606109619,1
Clemson_p034_c3_grm_std_uni,1,5.003090858459473,-4.029362678527832,1
Clemson_p034_c3_grm_std_uni,1,4.926414966583252,-3.7459452152252197,1
Clemson_p034_c3_grm_std_uni,1,5.096169948577881,-3.8719892501831055,1
Clemson_p034_c3_grm_std_uni,1,5.198546886444092,-3.942549228668213,1
Clemson_p034_c3_grm_std_uni,1,5.179794788360596,-3.9333677291870117,1
Clemson_p034_c3_grm_std_uni,1,4.911309719085693,-3.7250282764434814,1
Clemson_p034_c3_grm_std_uni,1,4.976096153259277,-3.768691301345825,1
Clemson_p034_c3_grm_std_uni,1,5.159934043884277,-3.8718559741973877,1
Clemson_p034_c3_grm_std_uni,1,5.24525785446167,-3.972031831741333,1
Clemson_p034_c3_grm_std_uni,1,5.438105583190918,-4.149613380432129,1
Clemson_p034_c3_grm_std_uni,1,5.501197338104248,-4.171754837036133,1
Clemson_p034_c3_grm_std_uni,1,5.678763389587402,-4.242534160614014,1
Clemson_p034_c3_grm_std_uni,1,5.745400905609131,-4.246429920196533,1
Clemson_p034_c3_grm_std_uni,1,5.630303859710693,-4.109133720397949,1
Clemson_p034_c3_grm_std_uni,1,5.754321098327637,-4.220071792602539,1
Clemson_p034_c3_grm_std_uni,1,5.587783336639404,-4.106733798980713,1
Clemson_p034_c3_grm_std_uni,1,5.396980285644531,-3.910684108734131,1
Clemson_p034_c3_grm_std_uni,1,5.094544887542725,-3.6198246479034424,1
Clemson_p034_c3_grm_std_uni,1,4.948962211608887,-3.587209939956665,1
Clemson_p034_c3_grm_std_uni,1,5.229115009307861,-3.9010722637176514,1
Clemson_p034_c3_grm_std_uni,1,5.573166370391846,-4.170054912567139,1
Clemson_p034_c3_grm_std_uni,1,5.738011360168457,-4.251316547393799,1
Clemson_p034_c3_grm_std_uni,1,5.95028018951416,-4.354557991027832,1
Clemson_p034_c3_grm_std_uni,1,5.993127822875977,-4.332581520080566,1
Clemson_p034_c3_grm_std_uni,1,5.998347282409668,-4.309929847717285,1
Clemson_p034_c3_grm_std_uni,1,6.015886306762695,-4.3194966316223145,1
Clemson_p034_c3_grm_std_uni,1,5.952435493469238,-4.23148775100708,1
Clemson_p034_c3_grm_std_uni,1,6.0099639892578125,-4.257747173309326,1
Clemson_p034_c3_grm_std_uni,1,5.9543681144714355,-4.20813512802124,1
Clemson_p034_c3_grm_std_uni,1,5.832276344299316,-4.104419231414795,1
Clemson_p034_c3_grm_std_uni,1,5.770565509796143,-4.064050674438477,1
Clemson_p034_c3_grm_std_uni,1,5.738108158111572,-4.063926696777344,1
Clemson_p034_c3_grm_std_uni,1,5.882091045379639,-4.2071356773376465,1
Clemson_p034_c3_grm_std_uni,2,5.9756269454956055,-4.308409214019775,1
Clemson_p034_c3_grm_std_uni,2,5.991217136383057,-4.366817951202393,1
Clemson_p034_c3_grm_std_uni,2,5.842392921447754,-4.401965618133545,1
Clemson_p034_c3_grm_std_uni,2,5.7556376457214355,-4.467837333679199,1
Clemson_p034_c3_grm_std_uni,2,5.230203628540039,-3.902557134628296,1
Clemson_p034_c3_grm_std_uni,2,3.970999002456665,-2.417429208755493,1
Clemson_p034_c3_grm_std_uni,2,4.084540843963623,-2.5262339115142822,1
Clemson_p034_c3_grm_std_uni,2,4.320291042327881,-3.5356242656707764,1
Clemson_p034_c3_grm_std_uni,2,3.568218469619751,-3.8400473594665527,1
Clemson_p034_c3_grm_std_uni,2,3.380798816680908,-3.55785870552063,1
Clemson_p034_c3_grm_std_uni,2,3.890439510345459,-3.98547625541687,1
Clemson_p034_c3_grm_std_uni,2,4.397559642791748,-4.1455488204956055,1
Clemson_p034_c3_grm_std_uni,2,4.748864650726318,-3.9528815746307373,1
Clemson_p034_c3_grm_std_uni,2,4.966439247131348,-3.8508265018463135,1
Clemson_p034_c3_grm_std_uni,2,4.988891124725342,-3.9060757160186768,1
Clemson_p034_c3_grm_std_uni,2,5.035212516784668,-4.10325813293457,1
Clemson_p034_c3_grm_std_uni,2,4.926081657409668,-3.939857244491577,1
Clemson_p034_c3_grm_std_uni,2,2.131359338760376,-1.5490896701812744,1
Clemson_p034_c3_grm_std_uni,2,-3.209561347961426,3.5014779567718506,2
Clemson_p034_c3_grm_std_uni,2,1.0838013887405396,0.027711836621165276,1
Clemson_p034_c3_grm_std_uni,2,5.792773246765137,-3.8506805896759033,1
Clemson_p034_c3_grm_std_uni,2,6.7346038818359375,-4.8718438148498535,1
Clemson_p034_c3_grm_std_uni,2,7.268526077270508,-5.0447492599487305,1
Clemson_p034_c3_grm_std_uni,2,7.465414047241211,-4.72935676574707,1
Clemson_p034_c3_grm_std_uni,2,7.168817520141602,-5.249123573303223,1
Clemson_p034_c3_grm_std_uni,2,6.568490028381348,-5.652516841888428,1
Clemson_p034_c3_grm_std_uni,2,6.362903118133545,-5.640559196472168,1
Clemson_p034_c3_grm_std_uni,2,6.253414630889893,-5.613304138183594,1
Clemson_p034_c3_grm_std_uni,2,6.367255210876465,-5.625890731811523,1
Clemson_p034_c3_grm_std_uni,2,6.526482105255127,-5.590110778808594,1
Clemson_p034_c3_grm_std_uni,1,5.829493999481201,-4.731621742248535,1
Clemson_p034_c3_grm_std_uni,1,4.05044412612915,-2.03959584236145,1
Clemson_p034_c3_grm_std_uni,1,4.189027309417725,-0.9021104574203491,1
Clemson_p034_c3_grm_std_uni,1,6.2241597175598145,-3.8191001415252686,1
Clemson_p034_c3_grm_std_uni,1,7.498352527618408,-5.371365070343018,1
Clemson_p034_c3_grm_std_uni,1,8.09066104888916,-5.791345596313477,1
Clemson_p034_c3_grm_std_uni,1,8.83703327178955,-6.772538661956787,1
Clemson_p034_c3_grm_std_uni,1,8.459025382995605,-6.9475626945495605,1
Clemson_p034_c3_grm_std_uni,1,7.773861408233643,-6.181902885437012,1
Clemson_p034_c3_grm_std_uni,1,6.774164199829102,-5.484017372131348,1
Clemson_p034_c3_grm_std_uni,1,6.561020851135254,-5.471344947814941,1
Clemson_p034_c3_grm_std_uni,1,6.227449417114258,-5.224879741668701,1
Clemson_p034_c3_grm_std_uni,1,6.0810933113098145,-5.192041873931885,1
Clemson_p034_c3_grm_std_uni,1,6.2943806648254395,-5.520273208618164,1
Clemson_p034_c3_grm_std_uni,1,6.417354106903076,-5.642073154449463,1
Clemson_p034_c3_grm_std_uni,1,6.311295986175537,-5.504650592803955,1
Clemson_p034_c3_grm_std_uni,1,6.221922397613525,-5.342779159545898,1
Clemson_p034_c3_grm_std_uni,1,6.328664302825928,-5.320704460144043,1
Clemson_p034_c3_grm_std_uni,1,6.377879619598389,-5.225290775299072,1
Clemson_p034_c3_grm_std_uni,1,6.499665260314941,-5.176076889038086,1
Clemson_p034_c3_grm_std_uni,1,6.594456195831299,-5.137809753417969,1
Clemson_p034_c3_grm_std_uni,1,6.548222064971924,-5.033746242523193,1
Clemson_p034_c3_grm_std_uni,1,6.684491157531738,-5.10845422744751,1
Clemson_p034_c3_grm_std_uni,1,6.793257236480713,-5.171754837036133,1
Clemson_p034_c3_grm_std_uni,1,6.847490310668945,-5.187714099884033,1
Clemson_p034_c3_grm_std_uni,1,6.856375694274902,-5.162545204162598,1
Clemson_p034_c3_grm_std_uni,1,6.802179336547852,-5.088411331176758,1
Clemson_p034_c3_grm_std_uni,1,6.719820976257324,-5.01262903213501,1
Clemson_p034_c3_grm_std_uni,1,6.600739002227783,-4.909409046173096,1
Clemson_p034_c3_grm_std_uni,1,6.47263240814209,-4.799160480499268,1
Clemson_p034_c3_grm_std_uni,1,6.534539222717285,-4.836328029632568,1
Clemson_p034_c3_grm_std_uni,1,6.555333614349365,-4.8459792137146,1
Clemson_p034_c3_grm_std_uni,1,6.5821943283081055,-4.849309921264648,1
Clemson_p034_c3_grm_std_uni,1,6.5485920906066895,-4.810850620269775,1
Clemson_p034_c3_grm_std_uni,1,6.464638710021973,-4.741918563842773,1
Clemson_p034_c3_grm_std_uni,1,6.324688911437988,-4.610354423522949,1
Clemson_p034_c3_grm_std_uni,1,6.281399250030518,-4.581300258636475,1
Clemson_p034_c3_grm_std_uni,1,6.33278751373291,-4.61606502532959,1
Clemson_p034_c3_grm_std_uni,1,6.345900535583496,-4.633245468139648,1
Clemson_p034_c3_grm_std_uni,1,6.382140636444092,-4.6636857986450195,1
Clemson_p034_c3_grm_std_uni,1,6.370336532592773,-4.65552282333374,1
Clemson_p034_c3_grm_std_uni,1,6.359445095062256,-4.645232200622559,1
Clemson_p034_c3_grm_std_uni,1,6.354375839233398,-4.648987770080566,1
Clemson_p034_c3_grm_std_uni,1,6.291863918304443,-4.586907386779785,1
Clemson_p034_c3_grm_std_uni,1,6.302044868469238,-4.60012674331665,1
Clemson_p034_c3_grm_std_uni,1,6.2086381912231445,-4.5126633644104,1
Clemson_p034_c3_grm_std_uni,1,6.231997489929199,-4.52238655090332,1
Clemson_p034_c3_grm_std_uni,1,6.284806728363037,-4.55755615234375,1
Clemson_p034_c3_grm_std_uni,1,6.259328842163086,-4.516541481018066,1
Clemson_p034_c3_grm_std_uni,1,6.278944492340088,-4.529747009277344,1
Clemson_p034_c3_grm_std_uni,1,6.221958637237549,-4.487360954284668,1
Clemson_p034_c3_grm_std_uni,1,6.168049335479736,-4.446432590484619,1
Clemson_p034_c3_grm_std_uni,1,6.126896858215332,-4.415945529937744,1
Clemson_p034_c3_grm_std_uni,1,6.139276027679443,-4.435564994812012,1
Clemson_p034_c3_grm_std_uni,1,6.093483924865723,-4.387372016906738,1
Clemson_p034_c3_grm_std_uni,1,6.0325608253479,-4.342702388763428,1
Clemson_p034_c3_grm_std_uni,1,5.917089462280273,-4.239468574523926,1
Clemson_p034_c3_grm_std_uni,1,5.968282222747803,-4.285575866699219,1
Clemson_p034_c3_grm_std_uni,1,5.936211109161377,-4.252753257751465,1
Clemson_p034_c3_grm_std_uni,1,5.981590270996094,-4.302361011505127,1
Clemson_p034_c3_grm_std_uni,1,5.94724702835083,-4.2531938552856445,1
Clemson_p034_c3_grm_std_uni,1,5.948657512664795,-4.242827415466309,1
Clemson_p034_c3_grm_std_uni,1,5.877171516418457,-4.18355131149292,1
Clemson_p034_c3_grm_std_uni,1,5.836331844329834,-4.1764235496521,1
Clemson_p034_c3_grm_std_uni,1,5.754976749420166,-4.1027374267578125,1
Clemson_p034_c3_grm_std_uni,1,5.833257675170898,-4.184278964996338,1
Clemson_p034_c3_grm_std_uni,1,5.822900295257568,-4.146317958831787,1
Clemson_p034_c3_grm_std_uni,1,5.911883354187012,-4.176665306091309,1
Clemson_p034_c3_grm_std_uni,1,6.002441883087158,-4.261641502380371,1
Clemson_p034_c3_grm_std_uni,1,5.979211807250977,-4.234350681304932,1
Clemson_p034_c3_grm_std_uni,1,5.931849002838135,-4.219231128692627,1
Clemson_p034_c3_grm_std_uni,1,5.797983169555664,-4.142685890197754,1
Clemson_p034_c3_grm_std_uni,1,5.5964460372924805,-4.004971027374268,1
Clemson_p034_c3_grm_std_uni,1,5.536196708679199,-3.8882200717926025,1
Clemson_p034_c3_grm_std_uni,1,5.578377723693848,-3.9342470169067383,1
Clemson_p034_c3_grm_std_uni,1,5.322814464569092,-3.856724739074707,1
Clemson_p034_c3_grm_std_uni,1,5.044486045837402,-3.7592084407806396,1
Clemson_p034_c3_grm_std_uni,1,5.315141677856445,-3.9992575645446777,1
Clemson_p034_c3_grm_std_uni,1,5.565176486968994,-4.154722690582275,1
Clemson_p034_c3_grm_std_uni,1,5.740858554840088,-4.2415266036987305,1
Clemson_p034_c3_grm_std_uni,1,5.887153625488281,-4.3220438957214355,1
Clemson_p034_c3_grm_std_uni,1,5.9206461906433105,-4.2790093421936035,1
Clemson_p034_c3_grm_std_uni,1,5.9858880043029785,-4.293970584869385,1
Clemson_p034_c3_grm_std_uni,1,6.005575656890869,-4.307888507843018,1
Clemson_p034_c3_grm_std_uni,1,6.040360927581787,-4.341105937957764,1
Clemson_p034_c3_grm_std_uni,1,6.01650333404541,-4.307168960571289,1
Clemson_p034_c3_grm_std_uni,1,6.075240135192871,-4.369175434112549,1
Clemson_p034_c3_grm_std_uni,1,6.013717174530029,-4.3103766441345215,1
Clemson_p034_c3_grm_std_uni,1,6.076364040374756,-4.3693037033081055,1
Clemson_p034_c3_grm_std_uni,1,6.09987735748291,-4.3988823890686035,1
Clemson_p034_c3_grm_std_uni,1,6.062010288238525,-4.383744239807129,1
Clemson_p034_c3_grm_std_uni,1,5.966824054718018,-4.3022847175598145,1
Clemson_p034_c3_grm_std_uni,1,5.854089260101318,-4.200468063354492,1
Clemson_p034_c3_grm_std_uni,1,5.6540961265563965,-4.01166296005249,1
Clemson_p034_c3_grm_std_uni,1,5.457705974578857,-3.8342485427856445,1
Clemson_p034_c3_grm_std_uni,1,5.595123291015625,-3.8952879905700684,1
Clemson_p034_c3_grm_std_uni,1,5.819359302520752,-4.0101728439331055,1
Clemson_p034_c3_grm_std_uni,1,5.831521511077881,-4.07467794418335,1
Clemson_p034_c3_grm_std_uni,1,5.624105930328369,-3.9810261726379395,1
Clemson_p034_c3_grm_std_uni,1,5.254167556762695,-3.8168251514434814,1
Clemson_p034_c3_grm_std_uni,1,4.4910759925842285,-3.434096574783325,1
Clemson_p034_c3_grm_std_uni,1,3.853411912918091,-3.2194557189941406,1
Clemson_p034_c3_grm_std_uni,1,3.702902317047119,-3.3254401683807373,1
Clemson_p034_c3_grm_std_uni,1,3.892465114593506,-3.503368616104126,1
Clemson_p034_c3_grm_std_uni,1,4.297244548797607,-3.799670934677124,1
Clemson_p034_c3_grm_std_uni,1,4.792287826538086,-4.236376762390137,1
Clemson_p034_c3_grm_std_uni,1,4.604035377502441,-3.9244768619537354,1
Clemson_p034_c3_grm_std_uni,1,4.04462194442749,-3.4390757083892822,1
Clemson_p034_c3_grm_std_uni,1,4.842337608337402,-4.53737211227417,1
Clemson_p034_c3_grm_std_uni,1,5.431234359741211,-5.056166648864746,1
Clemson_p034_c3_grm_std_uni,1,5.444143772125244,-4.702917575836182,1
Clemson_p034_c3_grm_std_uni,1,5.559363842010498,-4.716959476470947,1
Clemson_p034_c3_grm_std_uni,1,5.47157096862793,-4.699582099914551,1
Clemson_p034_c3_grm_std_uni,1,5.187459945678711,-4.470216751098633,1
Clemson_p034_c3_grm_std_uni,1,5.485602378845215,-4.656357765197754,1
Clemson_p034_c3_grm_std_uni,1,5.4095964431762695,-4.578369140625,1
Clemson_p034_c3_grm_std_uni,1,5.561871528625488,-4.648802280426025,1
Clemson_p034_c3_grm_std_uni,1,5.714790344238281,-4.663599491119385,1
Clemson_p034_c3_grm_std_uni,1,5.695465087890625,-4.559178829193115,1
Clemson_p034_c3_grm_std_uni,1,5.645830154418945,-4.485624313354492,1
Clemson_p034_c3_grm_std_uni,1,5.479338645935059,-4.355138301849365,1
Clemson_p034_c3_grm_std_uni,1,5.763655185699463,-4.49245548248291,1
Clemson_p034_c3_grm_std_uni,1,5.890637397766113,-4.56149435043335,1
Clemson_p034_c3_grm_std_uni,1,5.810927391052246,-4.499940872192383,1
Clemson_p034_c3_grm_std_uni,1,5.662785053253174,-4.393990993499756,1
Clemson_p034_c3_grm_std_uni,1,5.356081485748291,-4.1576828956604,1
Clemson_p034_c3_grm_std_uni,1,5.340161323547363,-4.190561771392822,1
Clemson_p034_c3_grm_std_uni,1,4.8163957595825195,-3.8373429775238037,1
Clemson_p034_c3_grm_std_uni,1,5.030806064605713,-4.111413478851318,1
Clemson_p034_c3_grm_std_uni,1,5.083101272583008,-4.222084045410156,1
Clemson_p034_c3_grm_std_uni,1,5.645753383636475,-4.677926540374756,1
Clemson_p034_c3_grm_std_uni,1,5.704996109008789,-4.743707180023193,1
Clemson_p034_c3_grm_std_uni,1,5.576560020446777,-4.673216342926025,1
Clemson_p034_c3_grm_std_uni,1,5.593199729919434,-4.702607154846191,1
Clemson_p034_c3_grm_std_uni,1,5.33143949508667,-4.532740116119385,1
Clemson_p034_c3_grm_std_uni,1,5.783810615539551,-4.814645767211914,1
Clemson_p034_c3_grm_std_uni,1,6.066164970397949,-4.98823356628418,1
Clemson_p034_c3_grm_std_uni,1,6.098010063171387,-4.979772090911865,1
Clemson_p034_c3_grm_std_uni,1,5.994491100311279,-4.802042484283447,1
Clemson_p034_c3_grm_std_uni,1,5.498209476470947,-4.352758407592773,1
Clemson_p034_c3_grm_std_uni,1,4.204118728637695,-3.409243583679199,1
Clemson_p034_c3_grm_std_uni,1,3.241448402404785,-2.8923146724700928,1
Clemson_p034_c3_grm_std_uni,1,2.4038591384887695,-2.3506782054901123,1
Clemson_p034_c3_grm_std_uni,1,1.9913742542266846,-1.516603708267212,1
Clemson_p034_c3_grm_std_uni,1,2.6330277919769287,-2.2546892166137695,1
Clemson_p034_c3_grm_std_uni,1,3.9295623302459717,-3.3551206588745117,1
Clemson_p034_c3_grm_std_uni,1,5.922128677368164,-5.203863620758057,1
Clemson_p034_c3_grm_std_uni,1,6.720080852508545,-5.430099964141846,1
Clemson_p034_c3_grm_std_uni,1,6.848687171936035,-5.263117790222168,1
Clemson_p034_c3_grm_std_uni,1,6.335104942321777,-5.030285835266113,1
Clemson_p034_c3_grm_std_uni,1,5.784176349639893,-4.9465436935424805,1
Clemson_p034_c3_grm_std_uni,1,5.595599174499512,-4.769567966461182,1
Clemson_p034_c3_grm_std_uni,1,6.169295787811279,-5.2748541831970215,1
Clemson_p034_c3_grm_std_uni,1,6.471904277801514,-5.873014450073242,1
Clemson_p034_c3_grm_std_uni,1,5.190805912017822,-4.985335350036621,1
Clemson_p034_c3_grm_std_uni,1,4.9685492515563965,-4.387752056121826,1
Clemson_p034_c3_grm_std_uni,1,5.516808986663818,-4.90941858291626,1
Clemson_p034_c3_grm_std_uni,1,6.155886650085449,-6.103219032287598,1
Clemson_p034_c3_grm_std_uni,1,5.939760208129883,-5.937970161437988,1
Clemson_p034_c3_grm_std_uni,1,5.0111918449401855,-4.842721939086914,1
Clemson_p034_c3_grm_std_uni,1,3.598050832748413,-3.1176905632019043,1
Clemson_p034_c3_grm_std_uni,1,3.9311492443084717,-2.9004101753234863,1
Clemson_p034_c3_grm_std_uni,1,4.708472728729248,-3.521538496017456,1
Clemson_p034_c3_grm_std_uni,1,4.948177814483643,-3.5338704586029053,1
Clemson_p034_c3_grm_std_uni,1,4.9933953285217285,-3.468381643295288,1
Clemson_p034_c3_grm_std_uni,1,4.86234712600708,-3.5190916061401367,1
Clemson_p034_c3_grm_std_uni,1,5.636825084686279,-4.29517126083374,1
Clemson_p034_c3_grm_std_uni,1,6.61908483505249,-5.081215858459473,1
Clemson_p034_c3_grm_std_uni,1,7.094682216644287,-5.318221092224121,1
Clemson_p034_c3_grm_std_uni,1,6.718656063079834,-5.053474426269531,1
Clemson_p034_c3_grm_std_uni,1,6.617881774902344,-4.978611469268799,1
Clemson_p034_c3_grm_std_uni,1,6.6845245361328125,-4.953453540802002,1
Clemson_p034_c3_grm_std_uni,1,7.5126118659973145,-5.550396919250488,1
Clemson_p034_c3_grm_std_uni,1,7.226871013641357,-5.269067764282227,1
Clemson_p034_c3_grm_std_uni,1,7.486542224884033,-5.818488597869873,1
Clemson_p034_c3_grm_std_uni,1,7.442410945892334,-6.296086311340332,1
Clemson_p034_c3_grm_std_uni,1,7.994703769683838,-6.857080459594727,1
Clemson_p034_c3_grm_std_uni,1,8.242271423339844,-6.956453323364258,1
Clemson_p034_c3_grm_std_uni,1,7.088481426239014,-6.1532182693481445,1
Clemson_p034_c3_grm_std_uni,1,6.111092567443848,-5.24221134185791,1
Clemson_p034_c3_grm_std_uni,1,5.776870250701904,-4.928637981414795,1
Clemson_p034_c3_grm_std_uni,1,6.77140998840332,-5.7984209060668945,1
Clemson_p034_c3_grm_std_uni,1,6.037759780883789,-5.733569145202637,1
Clemson_p034_c3_grm_std_uni,1,3.962709665298462,-3.0770013332366943,1
Clemson_p034_c3_grm_std_uni,1,3.8487789630889893,-2.8260855674743652,1
Clemson_p034_c3_grm_std_uni,1,5.072465896606445,-4.669623851776123,1
Clemson_p034_c3_grm_std_uni,1,5.924834251403809,-5.345460891723633,1
Clemson_p034_c3_grm_std_uni,1,7.415705680847168,-6.328271389007568,1
Clemson_p034_c3_grm_std_uni,1,7.160160541534424,-6.021295070648193,1
Clemson_p034_c3_grm_std_uni,1,6.913175582885742,-5.925180912017822,1
Clemson_p034_c3_grm_std_uni,1,6.906469821929932,-5.8598551750183105,1
Clemson_p034_c3_grm_std_uni,1,6.962378978729248,-5.838681697845459,1
Clemson_p034_c3_grm_std_uni,1,6.719156742095947,-5.677004814147949,1
Clemson_p034_c3_grm_std_uni,1,6.750192642211914,-5.728957653045654,1
Clemson_p034_c3_grm_std_uni,1,6.862579822540283,-5.7733964920043945,1
Clemson_p034_c3_grm_std_uni,1,6.933267116546631,-5.7778191566467285,1
Clemson_p034_c3_grm_std_uni,1,7.075958251953125,-5.822602272033691,1
Clemson_p034_c3_grm_std_uni,1,7.150613307952881,-5.836575984954834,1
Clemson_p034_c3_grm_std_uni,1,7.087594509124756,-5.771483898162842,1
Clemson_p034_c3_grm_std_uni,1,6.99083137512207,-5.632194519042969,1
Clemson_p034_c3_grm_std_uni,1,6.783343315124512,-5.452258586883545,1
Clemson_p034_c3_grm_std_uni,1,6.187050819396973,-5.021671772003174,1
Clemson_p034_c3_grm_std_uni,1,5.5329484939575195,-4.607915878295898,1
Clemson_p034_c3_grm_std_uni,1,5.242868423461914,-4.632486820220947,1
Clemson_p034_c3_grm_std_uni,1,5.342022895812988,-4.821780204772949,1
Clemson_p034_c3_grm_std_uni,1,5.624758720397949,-5.027859687805176,1
Clemson_p034_c3_grm_std_uni,1,5.8821492195129395,-5.085690498352051,1
Clemson_p034_c3_grm_std_uni,1,6.177544116973877,-5.161910057067871,1
Clemson_p034_c3_grm_std_uni,1,6.334080696105957,-5.1755218505859375,1
Clemson_p034_c3_grm_std_uni,1,6.361113548278809,-5.063604354858398,1
Clemson_p034_c3_grm_std_uni,1,6.241546630859375,-4.861056804656982,1
Clemson_p034_c3_grm_std_uni,1,5.684547424316406,-4.396943092346191,1
Clemson_p034_c3_grm_std_uni,1,5.383011341094971,-4.146279811859131,1
Clemson_p034_c3_grm_std_uni,1,5.467840671539307,-4.431502819061279,1
Clemson_p034_c3_grm_std_uni,1,5.528733253479004,-4.702979564666748,1
Clemson_p034_c3_grm_std_uni,1,5.575732231140137,-4.753146648406982,1
Clemson_p034_c3_grm_std_uni,1,5.716274738311768,-4.765791416168213,1
Clemson_p034_c3_grm_std_uni,1,5.894601345062256,-4.817853927612305,1
Clemson_p034_c3_grm_std_uni,1,5.980734348297119,-4.798683166503906,1
Clemson_p034_c3_grm_std_uni,1,5.466341018676758,-4.093764305114746,1
Clemson_p034_c3_grm_std_uni,1,3.2817060947418213,-2.1883718967437744,1
Clemson_p034_c3_grm_std_uni,1,2.6348462104797363,-1.5146892070770264,1
Clemson_p034_c3_grm_std_uni,1,3.504143714904785,-2.588793992996216,1
Clemson_p034_c3_grm_std_uni,1,5.203056812286377,-4.20152473449707,1
Clemson_p034_c3_grm_std_uni,1,6.067692279815674,-4.811490535736084,1
Clemson_p034_c3_grm_std_uni,1,6.291407585144043,-4.88348388671875,1
Clemson_p034_c3_grm_std_uni,1,6.328855514526367,-4.8150858879089355,1
Clemson_p034_c3_grm_std_uni,1,7.520390510559082,-5.658764362335205,1
Clemson_p034_c3_grm_std_uni,1,8.0731782913208,-5.968587875366211,1
Clemson_p034_c3_grm_std_uni,1,7.253870487213135,-5.689021587371826,1
Clemson_p034_c3_grm_std_uni,1,6.506184101104736,-5.218356609344482,1
Clemson_p034_c3_grm_std_uni,1,6.806276798248291,-5.316512107849121,1
Clemson_p034_c3_grm_std_uni,1,6.768826484680176,-5.113636493682861,1
Clemson_p034_c3_grm_std_uni,1,6.670913219451904,-4.93930721282959,1
Clemson_p034_c3_grm_std_uni,1,6.854568004608154,-5.543049335479736,1
Clemson_p034_c3_grm_std_uni,1,7.315375328063965,-6.308308124542236,1
Clemson_p034_c3_grm_std_uni,1,7.889773845672607,-6.8552398681640625,1
Clemson_p034_c3_grm_std_uni,1,7.592137336730957,-6.860493183135986,1
Clemson_p034_c3_grm_std_uni,1,6.84583044052124,-6.230990409851074,1
Clemson_p034_c3_grm_std_uni,1,5.803138732910156,-5.3120436668396,1
Clemson_p034_c3_grm_std_uni,1,5.039942741394043,-4.751566410064697,1
Clemson_p034_c3_grm_std_uni,1,5.942779064178467,-5.006179332733154,1
Clemson_p034_c3_grm_std_uni,1,6.2734880447387695,-5.255602836608887,1
Clemson_p034_c3_grm_std_uni,1,6.338087558746338,-5.354988098144531,1
Clemson_p034_c3_grm_std_uni,1,5.918522834777832,-4.663234233856201,1
Clemson_p034_c3_grm_std_uni,1,5.707380294799805,-4.429655075073242,1
Clemson_p034_c3_grm_std_uni,1,6.4222822189331055,-5.333302021026611,1
Clemson_p034_c3_grm_std_uni,1,7.099731922149658,-5.778899192810059,1
Clemson_p034_c3_grm_std_uni,1,7.539340019226074,-6.276448726654053,1
Clemson_p034_c3_grm_std_uni,1,6.921957492828369,-5.809232711791992,1
Clemson_p034_c3_grm_std_uni,1,6.2225542068481445,-5.142394065856934,1
Clemson_p034_c3_grm_std_uni,1,6.328334331512451,-4.960484504699707,1
Clemson_p034_c3_grm_std_uni,1,6.744476795196533,-5.031646728515625,1
Clemson_p034_c3_grm_std_uni,1,5.990597248077393,-4.153946399688721,1
Clemson_p034_c3_grm_std_uni,1,6.312863826751709,-4.3441162109375,1
Clemson_p034_c3_grm_std_uni,1,6.961899280548096,-5.606010437011719,1
Clemson_p034_c3_grm_std_uni,1,7.958118915557861,-6.70966100692749,1
Clemson_p034_c3_grm_std_uni,1,8.353710174560547,-6.988085746765137,1
Clemson_p034_c3_grm_std_uni,1,7.877138614654541,-6.635198593139648,1
Clemson_p034_c3_grm_std_uni,1,6.545434951782227,-6.029058456420898,1
Clemson_p034_c3_grm_std_uni,1,6.007288932800293,-5.9405059814453125,1
Clemson_p034_c3_grm_std_uni,1,5.476508617401123,-5.544352054595947,1
Clemson_p034_c3_grm_std_uni,1,5.1094841957092285,-4.896195888519287,1
Clemson_p034_c3_grm_std_uni,1,4.972901344299316,-4.341166019439697,1
Clemson_p034_c3_grm_std_uni,1,5.973553657531738,-5.017769813537598,1
Clemson_p034_c3_grm_std_uni,1,6.71342658996582,-6.001758098602295,1
Clemson_p034_c3_grm_std_uni,1,6.347402572631836,-5.892889499664307,1
Clemson_p034_c3_grm_std_uni,1,5.824966907501221,-5.609678745269775,1
Clemson_p034_c3_grm_std_uni,1,5.5064544677734375,-5.47280740737915,1
Clemson_p034_c3_grm_std_uni,1,5.688636779785156,-5.615860462188721,1
Clemson_p034_c3_grm_std_uni,1,5.859041213989258,-5.624032020568848,1
Clemson_p034_c3_grm_std_uni,1,6.035326957702637,-5.643862247467041,1
Clemson_p034_c3_grm_std_uni,1,6.197859287261963,-5.682509422302246,1
Clemson_p034_c3_grm_std_uni,1,6.289543628692627,-5.69373893737793,1
Clemson_p034_c3_grm_std_uni,1,6.354548931121826,-5.708327293395996,1
Clemson_p034_c3_grm_std_uni,1,6.36835241317749,-5.685145854949951,1
Clemson_p034_c3_grm_std_uni,1,6.3357720375061035,-5.63948392868042,1
Clemson_p034_c3_grm_std_uni,1,6.193798542022705,-5.407707691192627,1
Clemson_p034_c3_grm_std_uni,1,5.914292812347412,-5.127627372741699,1
Clemson_p034_c3_grm_std_uni,1,4.683716297149658,-4.01780366897583,1
Clemson_p034_c3_grm_std_uni,1,1.973288893699646,-1.5225141048431396,1
Clemson_p034_c3_grm_std_uni,1,1.5775591135025024,-0.1756543219089508,1
Clemson_p034_c3_grm_std_uni,1,3.5654988288879395,-2.3671722412109375,1
Clemson_p034_c3_grm_std_uni,1,5.307316303253174,-3.9353766441345215,1
Clemson_p034_c3_grm_std_uni,1,6.018370151519775,-4.653094291687012,1
Clemson_p034_c3_grm_std_uni,1,6.010384559631348,-4.877442836761475,1
Clemson_p034_c3_grm_std_uni,1,6.423959732055664,-5.254654884338379,1
Clemson_p034_c3_grm_std_uni,1,6.772851467132568,-5.716377258300781,1
Clemson_p034_c3_grm_std_uni,1,7.664889335632324,-6.495465278625488,1
Clemson_p034_c3_grm_std_uni,1,7.751620769500732,-6.480051040649414,1
Clemson_p034_c3_grm_std_uni,1,8.169878959655762,-6.848000526428223,1
Clemson_p034_c3_grm_std_uni,1,7.38041353225708,-6.191696643829346,1
Clemson_p034_c3_grm_std_uni,1,6.9461750984191895,-6.019319534301758,1
Clemson_p034_c3_grm_std_uni,1,6.649338245391846,-5.887565612792969,1
Clemson_p034_c3_grm_std_uni,1,6.338842391967773,-5.460805892944336,1
Clemson_p034_c3_grm_std_uni,1,5.18360710144043,-4.334299564361572,1
Clemson_p034_c3_grm_std_uni,1,4.51069974899292,-3.33754563331604,1
Clemson_p034_c3_grm_std_uni,1,4.629542350769043,-3.3631036281585693,1
Clemson_p034_c3_grm_std_uni,1,5.717362403869629,-4.796414375305176,1
Clemson_p034_c3_grm_std_uni,1,7.205865859985352,-6.0721282958984375,1
Clemson_p034_c3_grm_std_uni,1,7.4955973625183105,-6.168749809265137,1
Clemson_p034_c3_grm_std_uni,1,6.75104284286499,-5.8257856369018555,1
Clemson_p034_c3_grm_std_uni,1,6.176416873931885,-5.297924518585205,1
Clemson_p034_c3_grm_std_uni,1,6.027399063110352,-4.773800849914551,1
Clemson_p034_c3_grm_std_uni,1,7.30542516708374,-5.699226379394531,1
Clemson_p034_c3_grm_std_uni,1,7.620509147644043,-5.953485012054443,1
Clemson_p034_c3_grm_std_uni,1,7.371285915374756,-5.630501747131348,1
Clemson_p034_c3_grm_std_uni,1,7.163546085357666,-5.607567310333252,1
Clemson_p034_c3_grm_std_uni,1,7.1792426109313965,-5.765249252319336,1
Clemson_p034_c3_grm_std_uni,1,7.82332181930542,-6.228044033050537,1
Clemson_p034_c3_grm_std_uni,1,7.516627788543701,-5.9762725830078125,1
Clemson_p034_c3_grm_std_uni,1,6.469231605529785,-5.4033403396606445,1
Clemson_p034_c3_grm_std_uni,1,5.629114151000977,-5.084417343139648,1
Clemson_p034_c3_grm_std_uni,2,5.93372917175293,-5.442149639129639,1
Clemson_p034_c3_grm_std_uni,2,5.552406311035156,-5.6176438331604,1
Clemson_p034_c3_grm_std_uni,2,4.7860541343688965,-5.638430118560791,1
Clemson_p034_c3_grm_std_uni,2,4.572488784790039,-5.780768394470215,1
Clemson_p034_c3_grm_std_uni,2,4.167582035064697,-5.182068347930908,1
Clemson_p034_c3_grm_std_uni,2,3.6234536170959473,-4.97322940826416,1
Clemson_p034_c3_grm_std_uni,2,3.655461072921753,-4.976974010467529,1
Clemson_p034_c3_grm_std_uni,2,3.924760341644287,-5.134176731109619,1
Clemson_p034_c3_grm_std_uni,2,3.730069160461426,-4.853492736816406,1
Clemson_p034_c3_grm_std_uni,2,1.7550361156463623,-2.8764920234680176,1
Clemson_p034_c3_grm_std_uni,2,-3.6573293209075928,2.7004926204681396,2
Clemson_p034_c3_grm_std_uni,2,0.8707314729690552,-1.1877411603927612,1
Clemson_p034_c3_grm_std_uni,2,5.077028751373291,-4.720640659332275,1
Clemson_p034_c3_grm_std_uni,2,6.3404059410095215,-5.422536373138428,1
Clemson_p034_c3_grm_std_uni,2,7.354994297027588,-5.747581958770752,1
Clemson_p034_c3_grm_std_uni,2,6.993163108825684,-5.287997722625732,1
Clemson_p034_c3_grm_std_uni,2,6.0431060791015625,-5.758424282073975,1
Clemson_p034_c3_grm_std_uni,2,5.76769495010376,-6.0545454025268555,1
Clemson_p034_c3_grm_std_uni,2,5.857475280761719,-6.204231262207031,1
Clemson_p034_c3_grm_std_uni,2,4.478493690490723,-4.72866678237915,1
Clemson_p034_c3_grm_std_uni,2,2.8488364219665527,-1.7309030294418335,1
Clemson_p034_c3_grm_std_uni,2,4.05312442779541,-2.430950403213501,1
Clemson_p034_c3_grm_std_uni,1,5.488089561462402,-4.086441993713379,1
Clemson_p034_c3_grm_std_uni,1,6.495359897613525,-5.682797431945801,1
Clemson_p034_c3_grm_std_uni,1,7.063323974609375,-6.125142574310303,1
Clemson_p034_c3_grm_std_uni,1,7.732084274291992,-6.519221782684326,1
Clemson_p034_c3_grm_std_uni,1,7.7157979011535645,-6.70161771774292,1
Clemson_p034_c3_grm_std_uni,1,7.349700450897217,-7.026605129241943,1
Clemson_p034_c3_grm_std_uni,1,6.974169731140137,-6.570594787597656,1
Clemson_p034_c3_grm_std_uni,1,6.593000888824463,-6.025545120239258,1
Clemson_p034_c3_grm_std_uni,1,6.61573600769043,-5.803490161895752,1
Clemson_p034_c3_grm_std_uni,1,6.763133525848389,-5.8376240730285645,1
Clemson_p034_c3_grm_std_uni,1,6.119981288909912,-5.641204833984375,1
Clemson_p034_c3_grm_std_uni,1,6.04310417175293,-5.822840690612793,1
Clemson_p034_c3_grm_std_uni,1,5.861603736877441,-5.8505048751831055,1
Clemson_p034_c3_grm_std_uni,1,5.280375957489014,-5.4026570320129395,1
Clemson_p034_c3_grm_std_uni,1,3.2666172981262207,-3.1422228813171387,1
Clemson_p034_c3_grm_std_uni,1,4.314023017883301,-2.6900877952575684,1
Clemson_p034_c3_grm_std_uni,1,4.957762718200684,-3.4879798889160156,1
Clemson_p034_c3_grm_std_uni,1,6.3880791664123535,-5.089968681335449,1
Clemson_p034_c3_grm_std_uni,1,8.383565902709961,-6.683152198791504,1
Clemson_p034_c3_grm_std_uni,1,7.734555721282959,-5.597283363342285,1
Clemson_p034_c3_grm_std_uni,1,7.158119201660156,-5.937743663787842,1
Clemson_p034_c3_grm_std_uni,1,6.997125148773193,-6.008732318878174,1
Clemson_p034_c3_grm_std_uni,1,6.676011085510254,-4.885247707366943,1
Clemson_p034_c3_grm_std_uni,1,6.790200233459473,-4.493199348449707,1
Clemson_p034_c3_grm_std_uni,1,6.365485668182373,-4.896207809448242,1
Clemson_p034_c3_grm_std_uni,1,6.148404598236084,-3.9264369010925293,1
Clemson_p034_c3_grm_std_uni,1,5.828177452087402,-3.684008836746216,1
Clemson_p034_c3_grm_std_uni,1,6.979973316192627,-4.485315322875977,1
Clemson_p034_c3_grm_std_uni,1,6.852210521697998,-4.929537296295166,1
Clemson_p034_c3_grm_std_uni,1,6.722987174987793,-4.37667989730835,1
Clemson_p034_c3_grm_std_uni,1,6.393655300140381,-4.521533012390137,1
Clemson_p034_c3_grm_std_uni,1,4.461714744567871,-3.273510694503784,1
Clemson_p034_c3_grm_std_uni,1,2.6124582290649414,-1.8956135511398315,1
Clemson_p034_c3_grm_std_uni,1,3.3740651607513428,-1.9827568531036377,1
Clemson_p034_c3_grm_std_uni,1,5.398909568786621,-3.897073268890381,1
Clemson_p034_c3_grm_std_uni,1,6.51409912109375,-4.759756088256836,1
Clemson_p034_c3_grm_std_uni,1,7.116323947906494,-4.915829181671143,1
Clemson_p034_c3_grm_std_uni,1,7.5764665603637695,-5.090048313140869,1
Clemson_p034_c3_grm_std_uni,1,7.69219446182251,-5.166597843170166,1
Clemson_p034_c3_grm_std_uni,1,7.626455307006836,-5.531849384307861,1
Clemson_p034_c3_grm_std_uni,1,7.505067825317383,-5.611576557159424,1
Clemson_p034_c3_grm_std_uni,1,7.568579196929932,-5.885615348815918,1
Clemson_p034_c3_grm_std_uni,1,7.197386741638184,-5.669883728027344,1
Clemson_p034_c3_grm_std_uni,1,6.702575206756592,-5.37776517868042,1
Clemson_p034_c3_grm_std_uni,1,6.700436115264893,-5.400535583496094,1
Clemson_p034_c3_grm_std_uni,1,6.718417644500732,-5.384189128875732,1
Clemson_p034_c3_grm_std_uni,1,6.527380466461182,-5.335034370422363,1
Clemson_p034_c3_grm_std_uni,1,5.993524074554443,-4.982505798339844,1
Clemson_p034_c3_grm_std_uni,1,5.543416500091553,-4.560597896575928,1
Clemson_p034_c3_grm_std_uni,1,4.699842929840088,-3.831601142883301,1
Clemson_p034_c3_grm_std_uni,1,4.025674819946289,-3.4021735191345215,1
Clemson_p034_c3_grm_std_uni,1,4.139632701873779,-3.530449151992798,1
Clemson_p034_c3_grm_std_uni,1,4.225532531738281,-3.804204225540161,1
Clemson_p034_c3_grm_std_uni,1,4.468228340148926,-3.944836139678955,1
Clemson_p034_c3_grm_std_uni,1,4.851941108703613,-3.9930131435394287,1
Clemson_p034_c3_grm_std_uni,1,5.416131973266602,-4.942302227020264,1
Clemson_p034_c3_grm_std_uni,1,5.82208776473999,-5.904818058013916,1
Clemson_p034_c3_grm_std_uni,1,5.6337761878967285,-5.789231300354004,1
Clemson_p034_c3_grm_std_uni,1,5.4732537269592285,-5.654508590698242,1
Clemson_p034_c3_grm_std_uni,1,5.435246467590332,-5.469225883483887,1
Clemson_p034_c3_grm_std_uni,1,5.41477632522583,-5.266881942749023,1
Clemson_p034_c3_grm_std_uni,1,5.366585731506348,-5.129007339477539,1
Clemson_p034_c3_grm_std_uni,1,5.318361282348633,-5.043941020965576,1
Clemson_p034_c3_grm_std_uni,1,5.256289482116699,-5.002545356750488,1
Clemson_p034_c3_grm_std_uni,1,5.206243515014648,-5.004035949707031,1
Clemson_p034_c3_grm_std_uni,1,5.149090766906738,-4.986818313598633,1
Clemson_p034_c3_grm_std_uni,1,5.070367336273193,-4.914082050323486,1
Clemson_p034_c3_grm_std_uni,1,4.954603672027588,-4.793731212615967,1
Clemson_p034_c3_grm_std_uni,1,4.8214287757873535,-4.655447006225586,1
Clemson_p034_c3_grm_std_uni,1,4.818629264831543,-4.623139381408691,1
Clemson_p034_c3_grm_std_uni,1,4.908272743225098,-4.696045398712158,1
Clemson_p034_c3_grm_std_uni,1,4.963775157928467,-4.823855876922607,1
Clemson_p034_c3_grm_std_uni,1,4.95587158203125,-4.916660785675049,1
Clemson_p034_c3_grm_std_uni,1,4.9552764892578125,-4.973867893218994,1
Clemson_p034_c3_grm_std_uni,1,5.015131950378418,-5.024439811706543,1
Clemson_p034_c3_grm_std_uni,1,5.127951145172119,-5.074961185455322,1
Clemson_p034_c3_grm_std_uni,1,5.258128643035889,-5.158940315246582,1
Clemson_p034_c3_grm_std_uni,1,5.515022277832031,-5.323911666870117,1
Clemson_p034_c3_grm_std_uni,1,5.720651626586914,-5.42567253112793,1
Clemson_p034_c3_grm_std_uni,1,5.94801664352417,-5.487658977508545,1
Clemson_p034_c3_grm_std_uni,1,6.093060493469238,-5.47641134262085,1
Clemson_p034_c3_grm_std_uni,1,6.164463520050049,-5.4219231605529785,1
Clemson_p034_c3_grm_std_uni,1,6.234741687774658,-5.389548301696777,1
Clemson_p034_c3_grm_std_uni,1,6.275384902954102,-5.345703601837158,1
Clemson_p034_c3_grm_std_uni,1,6.345026969909668,-5.35153341293335,1
Clemson_p034_c3_grm_std_uni,1,6.401559352874756,-5.365855693817139,1
Clemson_p034_c3_grm_std_uni,1,6.493124008178711,-5.37380313873291,1
Clemson_p034_c3_grm_std_uni,1,6.50674295425415,-5.3246169090271,1
Clemson_p034_c3_grm_std_uni,1,6.6182403564453125,-5.3347907066345215,1
Clemson_p034_c3_grm_std_uni,1,6.791623115539551,-5.386399269104004,1
Clemson_p034_c3_grm_std_uni,1,6.840737819671631,-5.321751117706299,1
Clemson_p034_c3_grm_std_uni,1,6.985899925231934,-5.366933822631836,1
Clemson_p034_c3_grm_std_uni,1,6.995969295501709,-5.34810209274292,1
Clemson_p034_c3_grm_std_uni,1,7.06139612197876,-5.410220623016357,1
Clemson_p034_c3_grm_std_uni,1,7.103232383728027,-5.463439464569092,1
Clemson_p034_c3_grm_std_uni,1,7.157039165496826,-5.515959739685059,1
Clemson_p034_c3_grm_std_uni,1,7.211690425872803,-5.525320529937744,1
Clemson_p034_c3_grm_std_uni,1,7.221456050872803,-5.442746639251709,1
Clemson_p034_c3_grm_std_uni,1,7.2220940589904785,-5.361294746398926,1
Clemson_p034_c3_grm_std_uni,1,7.345964431762695,-5.361124038696289,1
Clemson_p034_c3_grm_std_uni,1,7.434290885925293,-5.415419578552246,1
Clemson_p034_c3_grm_std_uni,1,7.436601638793945,-5.399344444274902,1
Clemson_p034_c3_grm_std_uni,1,7.406705856323242,-5.445754528045654,1
Clemson_p034_c3_grm_std_uni,1,7.25568962097168,-5.3883280754089355,1
Clemson_p034_c3_grm_std_uni,1,7.209290504455566,-5.392626762390137,1
Clemson_p034_c3_grm_std_uni,1,7.307389736175537,-5.456788539886475,1
Clemson_p034_c3_grm_std_uni,1,7.313455581665039,-5.4442901611328125,1
Clemson_p034_c3_grm_std_uni,1,7.330683708190918,-5.447065353393555,1
Clemson_p034_c3_grm_std_uni,1,7.269852161407471,-5.403963088989258,1
Clemson_p034_c3_grm_std_uni,1,7.226927280426025,-5.369194030761719,1
Clemson_p034_c3_grm_std_uni,1,7.216198444366455,-5.3581318855285645,1
Clemson_p034_c3_grm_std_uni,1,7.213588237762451,-5.355208873748779,1
Clemson_p034_c3_grm_std_uni,1,7.235750198364258,-5.37610387802124,1
Clemson_p034_c3_grm_std_uni,1,7.248253345489502,-5.400010108947754,1
Clemson_p034_c3_grm_std_uni,1,7.245769023895264,-5.416555881500244,1
Clemson_p034_c3_grm_std_uni,1,7.249240398406982,-5.427597999572754,1
Clemson_p034_c3_grm_std_uni,1,7.203125,-5.394227981567383,1
Clemson_p034_c3_grm_std_uni,1,7.1997504234313965,-5.377767086029053,1
Clemson_p034_c3_grm_std_uni,1,7.19784688949585,-5.360531806945801,1
Clemson_p034_c3_grm_std_uni,1,7.234267234802246,-5.375601291656494,1
Clemson_p034_c3_grm_std_uni,1,7.23036003112793,-5.368957996368408,1
Clemson_p034_c3_grm_std_uni,1,7.212279796600342,-5.351795673370361,1
Clemson_p034_c3_grm_std_uni,1,7.177244663238525,-5.3185014724731445,1
Clemson_p034_c3_grm_std_uni,1,7.166595935821533,-5.30201530456543,1
Clemson_p034_c3_grm_std_uni,1,7.180261611938477,-5.30322790145874,1
Clemson_p034_c3_grm_std_uni,1,7.194417476654053,-5.310394287109375,1
Clemson_p034_c3_grm_std_uni,1,7.197793006896973,-5.320255756378174,1
Clemson_p034_c3_grm_std_uni,1,7.201164245605469,-5.326047897338867,1
Clemson_p034_c3_grm_std_uni,1,7.208993911743164,-5.348138332366943,1
Clemson_p034_c3_grm_std_uni,1,7.222744941711426,-5.373389720916748,1
Clemson_p034_c3_grm_std_uni,1,7.248970985412598,-5.391621112823486,1
Clemson_p034_c3_grm_std_uni,1,7.205196857452393,-5.34700345993042,1
Clemson_p034_c3_grm_std_uni,1,7.2463059425354,-5.3978190422058105,1
Clemson_p034_c3_grm_std_uni,1,7.310517311096191,-5.462079048156738,1
Clemson_p034_c3_grm_std_uni,1,7.387414455413818,-5.527604579925537,1
Clemson_p034_c3_grm_std_uni,1,7.351831436157227,-5.506745338439941,1
Clemson_p034_c3_grm_std_uni,1,7.3584370613098145,-5.532533645629883,1
Clemson_p034_c3_grm_std_uni,1,7.414733409881592,-5.525529861450195,1
Clemson_p034_c3_grm_std_uni,1,7.400482177734375,-5.43576717376709,1
Clemson_p034_c3_grm_std_uni,1,7.351256847381592,-5.36527681350708,1
Clemson_p034_c3_grm_std_uni,1,7.557833671569824,-5.54371452331543,1
Clemson_p034_c3_grm_std_uni,1,7.582253932952881,-5.588563442230225,1
Clemson_p034_c3_grm_std_uni,1,7.415994167327881,-5.513193130493164,1
Clemson_p034_c3_grm_std_uni,1,7.286510944366455,-5.444252967834473,1
Clemson_p034_c3_grm_std_uni,1,7.265370845794678,-5.3964104652404785,1
Clemson_p034_c3_grm_std_uni,1,7.323945999145508,-5.375702381134033,1
Clemson_p034_c3_grm_std_uni,1,7.416019916534424,-5.373472690582275,1
Clemson_p034_c3_grm_std_uni,1,7.366397380828857,-5.3166422843933105,1
Clemson_p034_c3_grm_std_uni,1,7.377580165863037,-5.357869625091553,1
Clemson_p034_c3_grm_std_uni,1,7.370172500610352,-5.390358924865723,1
Clemson_p034_c3_grm_std_uni,1,7.268270015716553,-5.367053508758545,1
Clemson_p034_c3_grm_std_uni,1,7.276095390319824,-5.474124431610107,1
Clemson_p034_c3_grm_std_uni,1,7.447812557220459,-5.671026706695557,1
Clemson_p034_c3_grm_std_uni,1,7.413094997406006,-5.593626022338867,1
Clemson_p034_c3_grm_std_uni,1,7.303009033203125,-5.433553695678711,1
Clemson_p034_c3_grm_std_uni,1,7.262024879455566,-5.334690570831299,1
Clemson_p034_c3_grm_std_uni,1,7.268098831176758,-5.259998798370361,1
Clemson_p034_c3_grm_std_uni,1,7.4616289138793945,-5.325109481811523,1
Clemson_p034_c3_grm_std_uni,1,7.555769920349121,-5.3626861572265625,1
Clemson_p034_c3_grm_std_uni,1,7.406884670257568,-5.261086940765381,1
Clemson_p034_c3_grm_std_uni,1,7.327543258666992,-5.339567184448242,1
Clemson_p034_c3_grm_std_uni,1,7.320208549499512,-5.3935136795043945,1
Clemson_p034_c3_grm_std_uni,1,7.168943405151367,-5.309213638305664,1
Clemson_p034_c3_grm_std_uni,1,7.172386646270752,-5.3524088859558105,1
Clemson_p034_c3_grm_std_uni,1,7.301362037658691,-5.4616804122924805,1
Clemson_p034_c3_grm_std_uni,1,7.376710414886475,-5.460458278656006,1
Clemson_p034_c3_grm_std_uni,1,7.303672790527344,-5.372127056121826,1
Clemson_p034_c3_grm_std_uni,1,7.360939979553223,-5.436210632324219,1
Clemson_p034_c3_grm_std_uni,1,7.374207019805908,-5.4721174240112305,1
Clemson_p034_c3_grm_std_uni,1,7.253289699554443,-5.351752281188965,1
Clemson_p034_c3_grm_std_uni,1,7.21058464050293,-5.339850425720215,1
Clemson_p034_c3_grm_std_uni,1,7.36490535736084,-5.469849586486816,1
Clemson_p034_c3_grm_std_uni,1,7.4816365242004395,-5.545315742492676,1
Clemson_p034_c3_grm_std_uni,1,7.36996603012085,-5.4537858963012695,1
Clemson_p034_c3_grm_std_uni,1,7.3669257164001465,-5.471751689910889,1
Clemson_p034_c3_grm_std_uni,1,7.325239181518555,-5.454677104949951,1
Clemson_p034_c3_grm_std_uni,1,7.340623378753662,-5.416314125061035,1
Clemson_p034_c3_grm_std_uni,1,7.233473777770996,-5.303135871887207,1
Clemson_p034_c3_grm_std_uni,1,7.25079345703125,-5.291788578033447,1
Clemson_p034_c3_grm_std_uni,1,7.243655681610107,-5.274477958679199,1
Clemson_p034_c3_grm_std_uni,1,7.252773761749268,-5.262583255767822,1
Clemson_p034_c3_grm_std_uni,1,7.21985387802124,-5.241400241851807,1
Clemson_p034_c3_grm_std_uni,1,7.204983234405518,-5.264280319213867,1
Clemson_p034_c3_grm_std_uni,1,7.1706156730651855,-5.254328727722168,1
Clemson_p034_c3_grm_std_uni,1,7.186272144317627,-5.273554801940918,1
Clemson_p034_c3_grm_std_uni,1,7.204033374786377,-5.290414810180664,1
Clemson_p034_c3_grm_std_uni,1,7.204023361206055,-5.281844615936279,1
Clemson_p034_c3_grm_std_uni,1,7.177140712738037,-5.2634053230285645,1
Clemson_p034_c3_grm_std_uni,1,7.217579364776611,-5.318999290466309,1
Clemson_p034_c3_grm_std_uni,1,7.2382097244262695,-5.382964134216309,1
Clemson_p034_c3_grm_std_uni,1,7.307713031768799,-5.475539207458496,1
Clemson_p034_c3_grm_std_uni,1,7.294233798980713,-5.48846435546875,1
Clemson_p034_c3_grm_std_uni,1,7.296145915985107,-5.484236717224121,1
Clemson_p034_c3_grm_std_uni,1,7.302737236022949,-5.443784713745117,1
Clemson_p034_c3_grm_std_uni,1,7.308440208435059,-5.393072605133057,1
Clemson_p034_c3_grm_std_uni,1,7.362152099609375,-5.409770488739014,1
Clemson_p034_c3_grm_std_uni,1,7.479644775390625,-5.471867084503174,1
Clemson_p034_c3_grm_std_uni,1,7.383702754974365,-5.372467994689941,1
Clemson_p034_c3_grm_std_uni,1,7.267385005950928,-5.299537658691406,1
Clemson_p034_c3_grm_std_uni,1,7.245614528656006,-5.305596351623535,1
Clemson_p034_c3_grm_std_uni,1,7.169763088226318,-5.233429431915283,1
Clemson_p034_c3_grm_std_uni,1,7.139615535736084,-5.21832275390625,1
Clemson_p034_c3_grm_std_uni,1,7.151688575744629,-5.257806301116943,1
Clemson_p034_c3_grm_std_uni,1,7.229223728179932,-5.320343017578125,1
Clemson_p034_c3_grm_std_uni,1,7.163271427154541,-5.2724995613098145,1
Clemson_p034_c3_grm_std_uni,1,7.1723833084106445,-5.292999744415283,1
Clemson_p034_c3_grm_std_uni,1,7.20098352432251,-5.343830585479736,1
Clemson_p034_c3_grm_std_uni,1,7.3022966384887695,-5.408817768096924,1
Clemson_p034_c3_grm_std_uni,1,7.267795085906982,-5.372365951538086,1
Clemson_p034_c3_grm_std_uni,1,7.2407379150390625,-5.33962345123291,1
Clemson_p034_c3_grm_std_uni,1,7.224556922912598,-5.327225685119629,1
Clemson_p034_c3_grm_std_uni,1,7.260835647583008,-5.337644577026367,1
Clemson_p034_c3_grm_std_uni,1,7.289700984954834,-5.362788677215576,1
Clemson_p034_c3_grm_std_uni,1,7.29403018951416,-5.368921279907227,1
Clemson_p034_c3_grm_std_uni,1,7.24832010269165,-5.3404035568237305,1
Clemson_p034_c3_grm_std_uni,1,7.20184326171875,-5.320745944976807,1
Clemson_p034_c3_grm_std_uni,1,7.206204891204834,-5.324120044708252,1
Clemson_p034_c3_grm_std_uni,1,7.200425624847412,-5.309829235076904,1
Clemson_p034_c3_grm_std_uni,1,7.192887306213379,-5.299103736877441,1
Clemson_p034_c3_grm_std_uni,1,7.1892852783203125,-5.289803504943848,1
Clemson_p034_c3_grm_std_uni,1,7.158166885375977,-5.269880771636963,1
Clemson_p034_c3_grm_std_uni,1,7.167685508728027,-5.279271602630615,1
Clemson_p034_c3_grm_std_uni,1,7.206543922424316,-5.30955696105957,1
Clemson_p034_c3_grm_std_uni,1,7.212244987487793,-5.340948104858398,1
Clemson_p034_c3_grm_std_uni,1,7.277151107788086,-5.3933796882629395,1
Clemson_p034_c3_grm_std_uni,1,7.189871788024902,-5.339029312133789,1
Clemson_p034_c3_grm_std_uni,1,7.1932501792907715,-5.348296642303467,1
Clemson_p034_c3_grm_std_uni,1,7.200010299682617,-5.364389419555664,1
Clemson_p034_c3_grm_std_uni,1,7.275710582733154,-5.413221836090088,1
Clemson_p034_c3_grm_std_uni,1,7.361672401428223,-5.481795787811279,1
Clemson_p034_c3_grm_std_uni,1,7.393441200256348,-5.5190653800964355,1
Clemson_p034_c3_grm_std_uni,1,7.434273719787598,-5.544617652893066,1
Clemson_p034_c3_grm_std_uni,1,7.324041843414307,-5.442375183105469,1
Clemson_p034_c3_grm_std_uni,1,7.325819492340088,-5.453527450561523,1
Clemson_p034_c3_grm_std_uni,1,7.504340648651123,-5.582430839538574,1
Clemson_p034_c3_grm_std_uni,1,7.5559234619140625,-5.580122470855713,1
Clemson_p034_c3_grm_std_uni,1,7.437930583953857,-5.473324775695801,1
Clemson_p034_c3_grm_std_uni,1,7.348837375640869,-5.451751708984375,1
Clemson_p034_c3_grm_std_uni,1,7.405111789703369,-5.5082573890686035,1
Clemson_p034_c3_grm_std_uni,1,7.386296272277832,-5.492189407348633,1
Clemson_p034_c3_grm_std_uni,1,7.362222671508789,-5.486104488372803,1
Clemson_p034_c3_grm_std_uni,1,7.3380126953125,-5.49146842956543,1
Clemson_p034_c3_grm_std_uni,1,7.3581695556640625,-5.5271525382995605,1
Clemson_p034_c3_grm_std_uni,1,7.375275135040283,-5.533993244171143,1
Clemson_p034_c3_grm_std_uni,1,7.354685306549072,-5.469967365264893,1
Clemson_p034_c3_grm_std_uni,1,7.231423854827881,-5.363631248474121,1
Clemson_p034_c3_grm_std_uni,1,7.289097785949707,-5.422375202178955,1
Clemson_p034_c3_grm_std_uni,1,7.441641807556152,-5.558391094207764,1
Clemson_p034_c3_grm_std_uni,1,7.456596374511719,-5.611910343170166,1
Clemson_p034_c3_grm_std_uni,1,7.383783340454102,-5.6095404624938965,1
Clemson_p034_c3_grm_std_uni,1,7.342809200286865,-5.593283176422119,1
Clemson_p034_c3_grm_std_uni,1,7.4225664138793945,-5.61147928237915,1
Clemson_p034_c3_grm_std_uni,1,7.594723701477051,-5.548925876617432,1
Clemson_p034_c3_grm_std_uni,1,7.593160629272461,-5.37189245223999,1
Clemson_p034_c3_grm_std_uni,1,7.198620319366455,-5.069522380828857,1
Clemson_p034_c3_grm_std_uni,1,6.504051685333252,-4.247122764587402,1
Clemson_p034_c3_grm_std_uni,1,5.8196187019348145,-3.3420608043670654,1
Clemson_p034_c3_grm_std_uni,1,5.121776103973389,-3.185798168182373,1
Clemson_p034_c3_grm_std_uni,1,5.318317890167236,-4.327553749084473,1
Clemson_p034_c3_grm_std_uni,1,5.726220607757568,-5.125925540924072,1
Clemson_p034_c3_grm_std_uni,1,5.663851261138916,-5.506278991699219,1
Clemson_p034_c3_grm_std_uni,1,6.163724422454834,-6.001074314117432,1
Clemson_p034_c3_grm_std_uni,1,6.0915093421936035,-5.531607627868652,1
Clemson_p034_c3_grm_std_uni,1,6.337106704711914,-5.354177951812744,1
Clemson_p034_c3_grm_std_uni,1,6.982363700866699,-5.043262958526611,1
Clemson_p034_c3_grm_std_uni,1,6.874927997589111,-5.2809858322143555,1
Clemson_p034_c3_grm_std_uni,1,6.587862014770508,-5.814326286315918,1
Clemson_p034_c3_grm_std_uni,1,6.27961540222168,-5.565761089324951,1
Clemson_p034_c3_grm_std_uni,1,6.171388149261475,-5.386200904846191,1
Clemson_p034_c3_grm_std_uni,1,6.48689603805542,-5.949963092803955,1
Clemson_p034_c3_grm_std_uni,1,6.434572696685791,-5.88809871673584,1
Clemson_p034_c3_grm_std_uni,1,6.212992191314697,-5.616950988769531,1
Clemson_p034_c3_grm_std_uni,1,4.868086338043213,-4.263359546661377,1
Clemson_p034_c3_grm_std_uni,1,1.9874895811080933,-2.131892681121826,1
Clemson_p034_c3_grm_std_uni,1,4.075755596160889,-4.105595588684082,1
Clemson_p034_c3_grm_std_uni,1,5.544723033905029,-5.205358505249023,1
Clemson_p034_c3_grm_std_uni,1,6.25510835647583,-5.991873264312744,1
Clemson_p034_c3_grm_std_uni,1,6.898576736450195,-6.415318965911865,1
Clemson_p034_c3_grm_std_uni,1,7.590328693389893,-6.850275039672852,1
Clemson_p034_c3_grm_std_uni,1,8.266382217407227,-6.916035175323486,1
Clemson_p034_c3_grm_std_uni,1,8.789462089538574,-6.607457637786865,1
Clemson_p034_c3_grm_std_uni,1,8.618205070495605,-6.583151817321777,1
Clemson_p034_c3_grm_std_uni,1,7.741894721984863,-6.524255275726318,1
Clemson_p034_c3_grm_std_uni,1,7.441514492034912,-6.162014961242676,1
Clemson_p034_c3_grm_std_uni,1,6.949355125427246,-5.829029560089111,1
Clemson_p034_c3_grm_std_uni,1,6.6441450119018555,-5.658207416534424,1
Clemson_p034_c3_grm_std_uni,1,6.466277599334717,-5.56673002243042,1
Clemson_p034_c3_grm_std_uni,1,6.309012413024902,-5.440855979919434,1
Clemson_p034_c3_grm_std_uni,1,6.00577449798584,-5.12800931930542,1
Clemson_p034_c3_grm_std_uni,1,5.860735893249512,-5.127503395080566,1
Clemson_p034_c3_grm_std_uni,1,5.698653697967529,-5.140936851501465,1
Clemson_p034_c3_grm_std_uni,1,5.4335618019104,-5.027680397033691,1
Clemson_p034_c3_grm_std_uni,1,5.343729019165039,-5.037595748901367,1
Clemson_p034_c3_grm_std_uni,1,5.296637058258057,-4.8116536140441895,1
Clemson_p034_c3_grm_std_uni,1,4.904397964477539,-4.020514965057373,1
Clemson_p034_c3_grm_std_uni,1,5.094533920288086,-3.8984227180480957,1
Clemson_p034_c3_grm_std_uni,1,5.423646926879883,-4.100128173828125,1
Clemson_p034_c3_grm_std_uni,1,5.3325910568237305,-4.2240400314331055,1
Clemson_p034_c3_grm_std_uni,1,5.090818881988525,-4.216099262237549,1
Clemson_p034_c3_grm_std_uni,1,4.663583278656006,-3.9811525344848633,1
Clemson_p034_c3_grm_std_uni,1,3.967106819152832,-3.5812177658081055,1
Clemson_p034_c3_grm_std_uni,1,3.85381817817688,-3.414407968521118,1
Clemson_p034_c3_grm_std_uni,1,6.214239120483398,-5.332211017608643,1
Clemson_p034_c3_grm_std_uni,1,6.353761672973633,-5.0064873695373535,1
Clemson_p034_c3_grm_std_uni,1,5.817437171936035,-4.383031368255615,1
Clemson_p034_c3_grm_std_uni,1,5.195301532745361,-4.0505828857421875,1
Clemson_p034_c3_grm_std_uni,1,3.5942883491516113,-2.514584541320801,1
Clemson_p034_c3_grm_std_uni,1,3.2374258041381836,-2.046435832977295,1
Clemson_p034_c3_grm_std_uni,1,3.963564157485962,-3.1175806522369385,1
Clemson_p034_c3_grm_std_uni,1,4.521908283233643,-3.634934902191162,1
Clemson_p034_c3_grm_std_uni,1,6.021439552307129,-4.904251575469971,1
Clemson_p034_c3_grm_std_uni,1,5.977339267730713,-5.159429550170898,1
Clemson_p034_c3_grm_std_uni,1,6.573555946350098,-5.763815402984619,1
Clemson_p034_c3_grm_std_uni,1,6.541219234466553,-5.614207744598389,1
Clemson_p034_c3_grm_std_uni,1,6.9663848876953125,-5.292335033416748,1
Clemson_p034_c3_grm_std_uni,1,7.163412094116211,-5.712976455688477,1
Clemson_p034_c3_grm_std_uni,1,7.371212959289551,-6.395658016204834,1
Clemson_p034_c3_grm_std_uni,1,6.765429496765137,-6.101766586303711,1
Clemson_p034_c3_grm_std_uni,1,6.629600524902344,-5.803689479827881,1
Clemson_p034_c3_grm_std_uni,1,6.5773749351501465,-5.638772487640381,1
Clemson_p034_c3_grm_std_uni,1,6.324648380279541,-5.294079303741455,1
Clemson_p034_c3_grm_std_uni,1,5.878293037414551,-4.778616905212402,1
Clemson_p034_c3_grm_std_uni,1,5.709236145019531,-4.769272327423096,1
Clemson_p034_c3_grm_std_uni,1,6.2396321296691895,-5.250357627868652,1
Clemson_p034_c3_grm_std_uni,1,6.331022262573242,-5.551240921020508,1
Clemson_p034_c3_grm_std_uni,1,6.169044017791748,-5.3184003829956055,1
Clemson_p034_c3_grm_std_uni,1,6.095000267028809,-4.987470626831055,1
Clemson_p034_c3_grm_std_uni,1,5.301253795623779,-4.555665493011475,1
Clemson_p034_c3_grm_std_uni,1,5.963723182678223,-5.1240153312683105,1
Clemson_p034_c3_grm_std_uni,1,6.310142517089844,-5.2211079597473145,1
Clemson_p034_c3_grm_std_uni,1,6.612924098968506,-5.54270601272583,1
Clemson_p034_c3_grm_std_uni,1,6.565001964569092,-5.353499889373779,1
Clemson_p034_c3_grm_std_uni,1,6.22068452835083,-4.582389831542969,1
Clemson_p034_c3_grm_std_uni,1,6.011271953582764,-4.377124309539795,1
Clemson_p034_c3_grm_std_uni,1,6.039613723754883,-3.6940078735351562,1
Clemson_p034_c3_grm_std_uni,1,6.463552474975586,-3.5492372512817383,1
Clemson_p034_c3_grm_std_uni,1,6.218442916870117,-3.472275495529175,1
Clemson_p034_c3_grm_std_uni,1,5.718021869659424,-3.277113199234009,1
Clemson_p034_c3_grm_std_uni,1,5.493245601654053,-3.1662909984588623,1
Clemson_p034_c3_grm_std_uni,1,5.643292427062988,-3.3998351097106934,1
Clemson_p034_c3_grm_std_uni,1,5.529542446136475,-3.4002623558044434,1
Clemson_p034_c3_grm_std_uni,1,5.235449314117432,-3.2696712017059326,1
Clemson_p034_c3_grm_std_uni,1,5.208556652069092,-3.1983158588409424,1
Clemson_p034_c3_grm_std_uni,1,5.228542804718018,-2.996591329574585,1
Clemson_p034_c3_grm_std_uni,1,5.177096366882324,-2.7568700313568115,1
Clemson_p034_c3_grm_std_uni,1,5.018960475921631,-2.6502845287323,1
Clemson_p034_c3_grm_std_uni,1,4.8603739738464355,-2.5945754051208496,1
Clemson_p034_c3_grm_std_uni,1,4.76555061340332,-2.5636589527130127,1
Clemson_p034_c3_grm_std_uni,1,4.709650993347168,-2.5522077083587646,1
Clemson_p034_c3_grm_std_uni,1,4.663774490356445,-2.5430636405944824,1
Clemson_p034_c3_grm_std_uni,1,4.61815881729126,-2.5313730239868164,1
Clemson_p034_c3_grm_std_uni,1,4.572676658630371,-2.51816987991333,1
Clemson_p034_c3_grm_std_uni,1,4.530398845672607,-2.5047507286071777,1
Clemson_p034_c3_grm_std_uni,1,4.488967418670654,-2.493525743484497,1
Clemson_p034_c3_grm_std_uni,1,4.448020935058594,-2.483041286468506,1
Clemson_p034_c3_grm_std_uni,1,4.407203674316406,-2.4721834659576416,1
Clemson_p034_c3_grm_std_uni,1,4.368396282196045,-2.462631940841675,1
Clemson_p034_c3_grm_std_uni,1,4.329793930053711,-2.4529786109924316,1
Clemson_p034_c3_grm_std_uni,1,4.290937423706055,-2.4401118755340576,1
Clemson_p034_c3_grm_std_uni,1,4.252458572387695,-2.429352045059204,1
Clemson_p034_c3_grm_std_uni,1,4.2120232582092285,-2.418597936630249,1
Clemson_p034_c3_grm_std_uni,1,4.179056167602539,-2.410946846008301,1
Clemson_p034_c3_grm_std_uni,1,4.14510440826416,-2.399380922317505,1
Clemson_p034_c3_grm_std_uni,1,4.108659267425537,-2.3885953426361084,1
Clemson_p034_c3_grm_std_uni,1,4.071213722229004,-2.3798375129699707,1
Clemson_p034_c3_grm_std_uni,1,4.034242153167725,-2.36918568611145,1
Clemson_p034_c3_grm_std_uni,1,3.997864246368408,-2.359083890914917,1
Clemson_p034_c3_grm_std_uni,1,3.962080478668213,-2.3505661487579346,1
Clemson_p034_c3_grm_std_uni,1,3.9263341426849365,-2.3410327434539795,1
Clemson_p034_c3_grm_std_uni,1,3.8924596309661865,-2.3318071365356445,1
Clemson_p034_c3_grm_std_uni,1,3.85947322845459,-2.3247501850128174,1
Clemson_p034_c3_grm_std_uni,1,3.8274905681610107,-2.317654848098755,1
Clemson_p034_c3_grm_std_uni,1,3.7966177463531494,-2.310652017593384,1
Clemson_p034_c3_grm_std_uni,1,3.7653303146362305,-2.303903818130493,1
Clemson_p034_c3_grm_std_uni,1,3.73403263092041,-2.296710968017578,1
Clemson_p034_c3_grm_std_uni,1,3.7035887241363525,-2.2890336513519287,1
Clemson_p034_c3_grm_std_uni,1,3.673767566680908,-2.282761812210083,1
Clemson_p034_c3_grm_std_uni,1,3.642849922180176,-2.2770094871520996,1
Clemson_p034_c3_grm_std_uni,1,3.6139636039733887,-2.2723450660705566,1
Clemson_p034_c3_grm_std_uni,1,3.58651065826416,-2.268282890319824,1
Clemson_p034_c3_grm_std_uni,1,3.5591955184936523,-2.2651607990264893,1
Clemson_p034_c3_grm_std_uni,1,3.5327672958374023,-2.262456178665161,1
Clemson_p034_c3_grm_std_uni,1,3.507061004638672,-2.2601752281188965,1
Clemson_p034_c3_grm_std_uni,1,3.48260235786438,-2.25769305229187,1
Clemson_p034_c3_grm_std_uni,1,3.462307929992676,-2.252509593963623,1
Clemson_p034_c3_grm_std_uni,1,3.444112539291382,-2.2464754581451416,1
Clemson_p034_c3_grm_std_uni,1,3.428250789642334,-2.2456510066986084,1
Clemson_p034_c3_grm_std_uni,1,3.4140896797180176,-2.246771812438965,1
Clemson_p034_c3_grm_std_uni,1,3.400221586227417,-2.2461888790130615,1
Clemson_p034_c3_grm_std_uni,1,3.388507604598999,-2.2473244667053223,1
Clemson_p034_c3_grm_std_uni,1,3.3750340938568115,-2.2504448890686035,1
Clemson_p034_c3_grm_std_uni,1,3.3623697757720947,-2.2549357414245605,1
Clemson_p034_c3_grm_std_uni,1,3.3488664627075195,-2.2636184692382812,1
Clemson_p034_c3_grm_std_uni,1,3.334800958633423,-2.2768428325653076,1
Clemson_p034_c3_grm_std_uni,1,3.325983762741089,-2.289290189743042,1
Clemson_p034_c3_grm_std_uni,1,3.316704273223877,-2.3059194087982178,1
Clemson_p034_c3_grm_std_uni,1,3.309638261795044,-2.3290016651153564,1
Clemson_p034_c3_grm_std_uni,1,3.3036348819732666,-2.357761859893799,1
Clemson_p034_c3_grm_std_uni,1,3.2836663722991943,-2.3882639408111572,1
Clemson_p034_c3_grm_std_uni,1,3.2614691257476807,-2.4313910007476807,1
Clemson_p034_c3_grm_std_uni,1,3.2222633361816406,-2.485787868499756,1
Clemson_p034_c3_grm_std_uni,1,3.1704468727111816,-2.5441858768463135,1
Clemson_p034_c3_grm_std_uni,1,3.120026111602783,-2.6048357486724854,1
Clemson_p034_c3_grm_std_uni,1,3.09220290184021,-2.660919427871704,1
Clemson_p034_c3_grm_std_uni,1,3.090939998626709,-2.7150380611419678,1
Clemson_p034_c3_grm_std_uni,1,3.10983943939209,-2.768378496170044,1
Clemson_p034_c3_grm_std_uni,1,3.1405911445617676,-2.817265272140503,1
Clemson_p034_c3_grm_std_uni,1,3.1796116828918457,-2.8677711486816406,1
Clemson_p034_c3_grm_std_uni,1,3.230355739593506,-2.9273324012756348,1
Clemson_p034_c3_grm_std_uni,1,3.2874233722686768,-2.9902005195617676,1
Clemson_p034_c3_grm_std_uni,1,3.349273920059204,-3.0564396381378174,1
Clemson_p034_c3_grm_std_uni,1,3.420337438583374,-3.1323752403259277,1
Clemson_p034_c3_grm_std_uni,1,3.500518321990967,-3.2198596000671387,1
Clemson_p034_c3_grm_std_uni,1,3.589268922805786,-3.3190507888793945,1
Clemson_p034_c3_grm_std_uni,1,3.690864086151123,-3.4357099533081055,1
Clemson_p034_c3_grm_std_uni,1,3.792473554611206,-3.5589187145233154,1
Clemson_p034_c3_grm_std_uni,1,3.8836915493011475,-3.6812236309051514,1
Clemson_p034_c3_grm_std_uni,1,3.970716714859009,-3.803701877593994,1
Clemson_p034_c3_grm_std_uni,1,4.058129787445068,-3.921666145324707,1
Clemson_p034_c3_grm_std_uni,1,4.146933078765869,-4.02647590637207,1
Clemson_p034_c3_grm_std_uni,1,4.233069896697998,-4.111958026885986,1
Clemson_p034_c3_grm_std_uni,1,4.3090643882751465,-4.1795454025268555,1
Clemson_p034_c3_grm_std_uni,1,4.374146938323975,-4.232594013214111,1
Clemson_p034_c3_grm_std_uni,1,4.423781394958496,-4.275760173797607,1
Clemson_p034_c3_grm_std_uni,1,4.462164878845215,-4.310027599334717,1
Clemson_p034_c3_grm_std_uni,1,4.4878010749816895,-4.339279651641846,1
Clemson_p034_c3_grm_std_uni,1,4.506683826446533,-4.364142894744873,1
Clemson_p034_c3_grm_std_uni,1,4.518571853637695,-4.384469032287598,1
Clemson_p034_c3_grm_std_uni,1,4.524045467376709,-4.399173259735107,1
Clemson_p034_c3_grm_std_uni,1,4.520779132843018,-4.407587051391602,1
Clemson_p034_c3_grm_std_uni,1,4.507440090179443,-4.41157341003418,1
Clemson_p034_c3_grm_std_uni,1,4.486851215362549,-4.411262035369873,1
Clemson_p034_c3_grm_std_uni,1,4.460820198059082,-4.409111976623535,1
Clemson_p034_c3_grm_std_uni,1,4.43658447265625,-4.410932540893555,1
Clemson_p034_c3_grm_std_uni,1,4.419192314147949,-4.419251441955566,1
Clemson_p034_c3_grm_std_uni,1,4.404969215393066,-4.427766799926758,1
Clemson_p034_c3_grm_std_uni,1,4.4298272132873535,-4.468355655670166,1
Clemson_p034_c3_grm_std_uni,1,4.424997806549072,-4.475030899047852,1
Clemson_p034_c3_grm_std_uni,1,4.410710334777832,-4.469024181365967,1
Clemson_p034_c3_grm_std_uni,1,4.3944525718688965,-4.457263946533203,1
Clemson_p034_c3_grm_std_uni,1,4.364302635192871,-4.430821895599365,1
Clemson_p034_c3_grm_std_uni,1,4.327134609222412,-4.397101879119873,1
Clemson_p034_c3_grm_std_uni,1,4.2941765785217285,-4.369091033935547,1
Clemson_p034_c3_grm_std_uni,1,4.264435768127441,-4.345720291137695,1
Clemson_p034_c3_grm_std_uni,1,4.222403049468994,-4.314927577972412,1
Clemson_p034_c3_grm_std_uni,1,4.170640468597412,-4.277845859527588,1
Clemson_p034_c3_grm_std_uni,1,4.112110614776611,-4.232418537139893,1
Clemson_p034_c3_grm_std_uni,1,4.025702953338623,-4.161004543304443,1
Clemson_p034_c3_grm_std_uni,1,3.9074490070343018,-4.053611755371094,1
Clemson_p034_c3_grm_std_uni,1,3.7844865322113037,-3.9281394481658936,1
Clemson_p034_c3_grm_std_uni,1,3.6787190437316895,-3.8145687580108643,1
Clemson_p034_c3_grm_std_uni,1,3.5725555419921875,-3.6956734657287598,1
Clemson_p034_c3_grm_std_uni,1,3.4780282974243164,-3.576510429382324,1
Clemson_p034_c3_grm_std_uni,1,3.407743215560913,-3.479753017425537,1
Clemson_p034_c3_grm_std_uni,1,3.3326847553253174,-3.390139579772949,1
Clemson_p034_c3_grm_std_uni,1,3.2940640449523926,-3.3527932167053223,1
Clemson_p034_c3_grm_std_uni,1,3.3248698711395264,-3.391954183578491,1
Clemson_p034_c3_grm_std_uni,1,3.410824775695801,-3.511554002761841,1
Clemson_p034_c3_grm_std_uni,1,3.5380945205688477,-3.7039926052093506,1
Clemson_p034_c3_grm_std_uni,1,3.72373628616333,-3.9609663486480713,1
Clemson_p034_c3_grm_std_uni,1,3.8657047748565674,-4.225727558135986,1
Clemson_p034_c3_grm_std_uni,1,3.9827489852905273,-4.52384090423584,1
Clemson_p034_c3_grm_std_uni,1,4.165225982666016,-4.801448345184326,1
Clemson_p034_c3_grm_std_uni,1,4.476772785186768,-4.857021808624268,1
Clemson_p034_c3_grm_std_uni,1,4.3861212730407715,-4.616274833679199,1
Clemson_p034_c3_grm_std_uni,1,4.055388450622559,-4.275391101837158,1
Clemson_p034_c3_grm_std_uni,1,4.094822406768799,-4.225151538848877,1
Clemson_p034_c3_grm_std_uni,1,4.601715564727783,-4.484326362609863,1
Clemson_p034_c3_grm_std_uni,1,4.893630027770996,-4.639537334442139,1
Clemson_p034_c3_grm_std_uni,1,4.954132080078125,-4.686129570007324,1
Clemson_p034_c3_grm_std_uni,1,4.973667621612549,-4.688580513000488,1
Clemson_p034_c3_grm_std_uni,1,4.933251857757568,-4.592528820037842,1
Clemson_p034_c3_grm_std_uni,1,4.779300689697266,-4.3893961906433105,1
Clemson_p034_c3_grm_std_uni,1,4.818673610687256,-4.334255218505859,1
Clemson_p034_c3_grm_std_uni,1,4.921371936798096,-4.320148468017578,1
Clemson_p034_c3_grm_std_uni,1,4.970526695251465,-4.323824882507324,1
Clemson_p034_c3_grm_std_uni,1,5.0019049644470215,-4.367386341094971,1
Clemson_p034_c3_grm_std_uni,1,5.053910732269287,-4.437499046325684,1
Clemson_p034_c3_grm_std_uni,1,5.137355327606201,-4.52272891998291,1
Clemson_p034_c3_grm_std_uni,1,5.202376842498779,-4.582136154174805,1
Clemson_p034_c3_grm_std_uni,1,5.292604446411133,-4.6276655197143555,1
Clemson_p034_c3_grm_std_uni,1,5.2493391036987305,-4.526317119598389,1
Clemson_p034_c3_grm_std_uni,1,5.233974933624268,-4.426182270050049,1
Clemson_p034_c3_grm_std_uni,1,5.2769598960876465,-4.392674446105957,1
Clemson_p034_c3_grm_std_uni,1,5.3055572509765625,-4.385968208312988,1
Clemson_p034_c3_grm_std_uni,1,5.3007965087890625,-4.398800373077393,1
Clemson_p034_c3_grm_std_uni,1,5.291139602661133,-4.4240570068359375,1
Clemson_p034_c3_grm_std_uni,1,5.268622398376465,-4.4278340339660645,1
Clemson_p034_c3_grm_std_uni,1,5.231259346008301,-4.40811014175415,1
Clemson_p034_c3_grm_std_uni,1,5.161109447479248,-4.339158535003662,1
Clemson_p034_c3_grm_std_uni,1,5.034610748291016,-4.191666603088379,1
Clemson_p034_c3_grm_std_uni,1,4.797574996948242,-3.965775728225708,1
Clemson_p034_c3_grm_std_uni,1,4.445815086364746,-3.624776840209961,1
Clemson_p034_c3_grm_std_uni,1,3.9560251235961914,-3.022785186767578,1
Clemson_p034_c3_grm_std_uni,1,3.3027594089508057,-1.9161877632141113,1
