Clemson_p111_c1_grm_std_uni,1,2.200984239578247,-2.3902947902679443,1
Clemson_p111_c1_grm_std_uni,1,2.0788283348083496,-2.5997750759124756,1
Clemson_p111_c1_grm_std_uni,1,2.923476457595825,-3.5181820392608643,1
Clemson_p111_c1_grm_std_uni,1,4.0639519691467285,-4.458761215209961,1
Clemson_p111_c1_grm_std_uni,1,4.756852626800537,-5.434438705444336,1
Clemson_p111_c1_grm_std_uni,1,4.42652702331543,-5.539549350738525,1
Clemson_p111_c1_grm_std_uni,1,3.7975752353668213,-5.083565711975098,1
Clemson_p111_c1_grm_std_uni,1,2.260629177093506,-4.075462341308594,1
Clemson_p111_c1_grm_std_uni,1,0.016153424978256226,-0.5396300554275513,2
Clemson_p111_c1_grm_std_uni,1,0.5912401080131531,-0.8257850408554077,1
Clemson_p111_c1_grm_std_uni,1,1.9525529146194458,-2.805020332336426,1
Clemson_p111_c1_grm_std_uni,1,2.702427864074707,-3.6588451862335205,1
Clemson_p111_c1_grm_std_uni,1,3.96536922454834,-4.959498405456543,1
Clemson_p111_c1_grm_std_uni,1,4.419980525970459,-5.95272970199585,1
Clemson_p111_c1_grm_std_uni,1,4.416263103485107,-5.951818943023682,1
Clemson_p111_c1_grm_std_uni,1,4.4242777824401855,-5.964286804199219,1
Clemson_p111_c1_grm_std_uni,1,4.484375476837158,-5.788488864898682,1
Clemson_p111_c1_grm_std_uni,1,4.618846893310547,-5.367719650268555,1
Clemson_p111_c1_grm_std_uni,1,4.409895896911621,-4.910765171051025,1
Clemson_p111_c1_grm_std_uni,1,4.129146099090576,-4.957268238067627,1
Clemson_p111_c1_grm_std_uni,1,3.631074905395508,-4.3205485343933105,1
Clemson_p111_c1_grm_std_uni,1,3.0199501514434814,-3.4144132137298584,1
Clemson_p111_c1_grm_std_uni,1,2.7695419788360596,-3.2530083656311035,1
Clemson_p111_c1_grm_std_uni,1,3.2162866592407227,-3.9791805744171143,1
Clemson_p111_c1_grm_std_uni,1,3.800305128097534,-4.657032012939453,1
Clemson_p111_c1_grm_std_uni,1,3.8674607276916504,-4.666886806488037,1
Clemson_p111_c1_grm_std_uni,1,3.583846092224121,-4.589760780334473,1
Clemson_p111_c1_grm_std_uni,1,3.3516764640808105,-4.17690372467041,1
Clemson_p111_c1_grm_std_uni,1,2.7431721687316895,-3.3969337940216064,1
Clemson_p111_c1_grm_std_uni,1,4.424404621124268,-5.5542802810668945,1
Clemson_p111_c1_grm_std_uni,1,4.89973783493042,-6.567716598510742,1
Clemson_p111_c1_grm_std_uni,1,5.204225063323975,-6.8622002601623535,1
Clemson_p111_c1_grm_std_uni,1,5.638763904571533,-6.910518646240234,1
Clemson_p111_c1_grm_std_uni,1,6.19508695602417,-7.256741523742676,1
Clemson_p111_c1_grm_std_uni,1,6.020685195922852,-7.204545497894287,1
Clemson_p111_c1_grm_std_uni,1,5.5277299880981445,-6.937426567077637,1
Clemson_p111_c1_grm_std_uni,1,4.938681125640869,-6.440394878387451,1
Clemson_p111_c1_grm_std_uni,1,5.098909854888916,-6.558457374572754,1
Clemson_p111_c1_grm_std_uni,1,5.290137767791748,-6.646111965179443,1
Clemson_p111_c1_grm_std_uni,1,5.542832851409912,-6.733194828033447,1
Clemson_p111_c1_grm_std_uni,1,5.645147323608398,-6.7349724769592285,1
Clemson_p111_c1_grm_std_uni,1,5.687930583953857,-6.691224575042725,1
Clemson_p111_c1_grm_std_uni,1,5.538724899291992,-6.531890392303467,1
Clemson_p111_c1_grm_std_uni,1,4.30855131149292,-5.085901260375977,1
Clemson_p111_c1_grm_std_uni,1,4.024308681488037,-4.93183708190918,1
Clemson_p111_c1_grm_std_uni,1,4.532663822174072,-5.274113655090332,1
Clemson_p111_c1_grm_std_uni,1,4.990295886993408,-5.563449859619141,1
Clemson_p111_c1_grm_std_uni,1,5.247844219207764,-5.558250427246094,1
Clemson_p111_c1_grm_std_uni,1,5.262774467468262,-5.406176567077637,1
Clemson_p111_c1_grm_std_uni,1,5.426478862762451,-5.554684638977051,1
Clemson_p111_c1_grm_std_uni,1,5.313458442687988,-5.110609531402588,1
Clemson_p111_c1_grm_std_uni,1,5.017130374908447,-4.739215850830078,1
Clemson_p111_c1_grm_std_uni,1,4.850022315979004,-4.820244312286377,1
Clemson_p111_c1_grm_std_uni,1,5.387397289276123,-5.582657337188721,1
Clemson_p111_c1_grm_std_uni,1,5.407138347625732,-5.638193130493164,1
Clemson_p111_c1_grm_std_uni,1,5.533847332000732,-5.928173065185547,1
Clemson_p111_c1_grm_std_uni,1,5.331408500671387,-6.068418979644775,1
Clemson_p111_c1_grm_std_uni,1,4.80631160736084,-5.202017784118652,1
Clemson_p111_c1_grm_std_uni,1,3.6254727840423584,-3.7977445125579834,1
Clemson_p111_c1_grm_std_uni,1,2.9277968406677246,-3.8683156967163086,1
Clemson_p111_c1_grm_std_uni,1,3.2839508056640625,-4.357780933380127,1
Clemson_p111_c1_grm_std_uni,1,3.5779144763946533,-4.677159309387207,1
Clemson_p111_c1_grm_std_uni,1,3.844475269317627,-4.801314830780029,1
Clemson_p111_c1_grm_std_uni,1,4.078612327575684,-5.025243759155273,1
Clemson_p111_c1_grm_std_uni,1,4.158186435699463,-5.235235691070557,1
Clemson_p111_c1_grm_std_uni,1,4.227612018585205,-5.332930564880371,1
Clemson_p111_c1_grm_std_uni,1,4.444159507751465,-5.38637113571167,1
Clemson_p111_c1_grm_std_uni,1,5.290158748626709,-5.947842597961426,1
Clemson_p111_c1_grm_std_uni,1,5.539419651031494,-6.119515895843506,1
Clemson_p111_c1_grm_std_uni,1,5.450736999511719,-5.992829322814941,1
Clemson_p111_c1_grm_std_uni,1,4.771198749542236,-5.099055290222168,1
Clemson_p111_c1_grm_std_uni,1,4.392197608947754,-5.002409934997559,1
Clemson_p111_c1_grm_std_uni,1,4.49689245223999,-4.7814717292785645,1
Clemson_p111_c1_grm_std_uni,1,4.764509677886963,-5.179754734039307,1
Clemson_p111_c1_grm_std_uni,1,5.7440900802612305,-6.244481086730957,1
Clemson_p111_c1_grm_std_uni,1,6.072799205780029,-6.618828773498535,1
Clemson_p111_c1_grm_std_uni,1,5.866204261779785,-6.504690647125244,1
Clemson_p111_c1_grm_std_uni,1,5.4002227783203125,-6.179512023925781,1
Clemson_p111_c1_grm_std_uni,1,4.452093601226807,-5.28150749206543,1
Clemson_p111_c1_grm_std_uni,1,3.8630473613739014,-4.821471214294434,1
Clemson_p111_c1_grm_std_uni,1,3.769397497177124,-4.716743469238281,1
Clemson_p111_c1_grm_std_uni,1,3.911789894104004,-5.164578914642334,1
Clemson_p111_c1_grm_std_uni,1,3.9511842727661133,-5.4234232902526855,1
Clemson_p111_c1_grm_std_uni,1,2.940694570541382,-4.037332057952881,1
Clemson_p111_c1_grm_std_uni,1,3.1732544898986816,-4.150073051452637,1
Clemson_p111_c1_grm_std_uni,1,4.749899864196777,-5.396858215332031,1
Clemson_p111_c1_grm_std_uni,1,4.525527477264404,-4.97067928314209,1
Clemson_p111_c1_grm_std_uni,1,4.676203727722168,-5.007777214050293,1
Clemson_p111_c1_grm_std_uni,1,4.740326881408691,-5.198594093322754,1
Clemson_p111_c1_grm_std_uni,1,4.567926406860352,-5.257796287536621,1
Clemson_p111_c1_grm_std_uni,1,4.285418510437012,-5.07139253616333,1
Clemson_p111_c1_grm_std_uni,1,4.277101039886475,-4.9154133796691895,1
Clemson_p111_c1_grm_std_uni,1,4.3873701095581055,-4.974087238311768,1
Clemson_p111_c1_grm_std_uni,1,4.497568130493164,-5.0910539627075195,1
Clemson_p111_c1_grm_std_uni,1,4.575995922088623,-5.145749092102051,1
Clemson_p111_c1_grm_std_uni,1,4.62172794342041,-5.140628337860107,1
Clemson_p111_c1_grm_std_uni,1,4.6241044998168945,-5.232110977172852,1
Clemson_p111_c1_grm_std_uni,1,4.728094100952148,-5.200596332550049,1
Clemson_p111_c1_grm_std_uni,1,4.817607402801514,-5.082024097442627,1
Clemson_p111_c1_grm_std_uni,1,4.947210788726807,-5.005117893218994,1
Clemson_p111_c1_grm_std_uni,1,5.08230447769165,-4.899275779724121,1
Clemson_p111_c1_grm_std_uni,1,5.389286994934082,-4.7664475440979,1
Clemson_p111_c1_grm_std_uni,1,5.002320766448975,-4.180578231811523,1
Clemson_p111_c1_grm_std_uni,1,4.540696620941162,-3.727839946746826,1
Clemson_p111_c1_grm_std_uni,1,4.132195949554443,-3.70693039894104,1
Clemson_p111_c1_grm_std_uni,1,4.40521240234375,-4.21002197265625,1
Clemson_p111_c1_grm_std_uni,1,4.534849166870117,-4.657346725463867,1
Clemson_p111_c1_grm_std_uni,1,3.6567962169647217,-3.701244354248047,1
Clemson_p111_c1_grm_std_uni,1,2.4416897296905518,-2.1758711338043213,1
Clemson_p111_c1_grm_std_uni,1,1.8124947547912598,-1.6224799156188965,1
Clemson_p111_c1_grm_std_uni,1,1.3705633878707886,-2.038588762283325,1
Clemson_p111_c1_grm_std_uni,1,0.7372874021530151,-2.1276438236236572,1
Clemson_p111_c1_grm_std_uni,1,1.870174527168274,-2.889308214187622,1
Clemson_p111_c1_grm_std_uni,1,4.212982654571533,-5.697564601898193,1
Clemson_p111_c1_grm_std_uni,1,4.800487041473389,-6.569733142852783,1
Clemson_p111_c1_grm_std_uni,1,4.8438334465026855,-6.74185848236084,1
Clemson_p111_c1_grm_std_uni,1,4.958302021026611,-7.305605888366699,1
Clemson_p111_c1_grm_std_uni,1,5.3154072761535645,-7.092540264129639,1
Clemson_p111_c1_grm_std_uni,1,5.189261436462402,-5.714922904968262,1
Clemson_p111_c1_grm_std_uni,1,3.7942583560943604,-4.461111545562744,1
Clemson_p111_c1_grm_std_uni,1,4.298867702484131,-5.370884418487549,1
Clemson_p111_c1_grm_std_uni,1,4.459072589874268,-6.247270584106445,1
Clemson_p111_c1_grm_std_uni,1,4.473349571228027,-6.543747901916504,1
Clemson_p111_c1_grm_std_uni,1,5.178887367248535,-7.272639274597168,1
Clemson_p111_c1_grm_std_uni,1,6.32405948638916,-8.089520454406738,1
Clemson_p111_c1_grm_std_uni,1,5.927361011505127,-7.25413179397583,1
Clemson_p111_c1_grm_std_uni,1,5.354064464569092,-6.391669273376465,1
Clemson_p111_c1_grm_std_uni,1,5.291623115539551,-5.901570796966553,1
Clemson_p111_c1_grm_std_uni,1,5.3083176612854,-5.671320915222168,1
Clemson_p111_c1_grm_std_uni,1,5.321415424346924,-5.5510358810424805,1
Clemson_p111_c1_grm_std_uni,1,5.291169166564941,-5.478240489959717,1
Clemson_p111_c1_grm_std_uni,1,5.218739032745361,-5.440238952636719,1
Clemson_p111_c1_grm_std_uni,1,5.0942840576171875,-5.345459461212158,1
Clemson_p111_c1_grm_std_uni,1,4.942241191864014,-5.1844706535339355,1
Clemson_p111_c1_grm_std_uni,1,4.857570171356201,-5.080803871154785,1
Clemson_p111_c1_grm_std_uni,1,4.848207473754883,-5.063600063323975,1
Clemson_p111_c1_grm_std_uni,1,4.757708549499512,-4.950738430023193,1
Clemson_p111_c1_grm_std_uni,1,4.588346004486084,-4.7122273445129395,1
Clemson_p111_c1_grm_std_uni,1,4.399363994598389,-4.520443916320801,1
Clemson_p111_c1_grm_std_uni,1,4.055800914764404,-4.168328285217285,1
Clemson_p111_c1_grm_std_uni,1,3.761702299118042,-3.8599636554718018,1
Clemson_p111_c1_grm_std_uni,1,3.7637288570404053,-3.986100435256958,1
Clemson_p111_c1_grm_std_uni,1,3.7265706062316895,-3.9584362506866455,1
Clemson_p111_c1_grm_std_uni,1,3.623311758041382,-3.9126203060150146,1
Clemson_p111_c1_grm_std_uni,1,3.3488199710845947,-3.6876375675201416,1
Clemson_p111_c1_grm_std_uni,1,2.446075916290283,-2.799708843231201,1
Clemson_p111_c1_grm_std_uni,1,2.65091609954834,-3.064059019088745,1
Clemson_p111_c1_grm_std_uni,1,3.6036386489868164,-3.895900249481201,1
Clemson_p111_c1_grm_std_uni,1,4.028066158294678,-4.272619247436523,1
Clemson_p111_c1_grm_std_uni,1,4.139199733734131,-4.453260898590088,1
Clemson_p111_c1_grm_std_uni,1,3.588642120361328,-4.2825422286987305,1
Clemson_p111_c1_grm_std_uni,1,3.206328868865967,-4.171863555908203,1
Clemson_p111_c1_grm_std_uni,1,2.4877898693084717,-2.938947916030884,1
Clemson_p111_c1_grm_std_uni,1,2.27759051322937,-2.8411741256713867,1
Clemson_p111_c1_grm_std_uni,1,3.0317835807800293,-3.9440176486968994,1
Clemson_p111_c1_grm_std_uni,1,3.2725777626037598,-4.010563850402832,1
Clemson_p111_c1_grm_std_uni,1,3.2620763778686523,-4.049463748931885,1
Clemson_p111_c1_grm_std_uni,1,2.935811758041382,-3.783463716506958,1
Clemson_p111_c1_grm_std_uni,1,2.2960712909698486,-2.9493112564086914,1
Clemson_p111_c1_grm_std_uni,1,2.1237761974334717,-2.9147372245788574,1
Clemson_p111_c1_grm_std_uni,1,2.785646915435791,-3.739772081375122,1
Clemson_p111_c1_grm_std_uni,1,3.5017428398132324,-4.675948619842529,1
Clemson_p111_c1_grm_std_uni,1,3.503431797027588,-4.429856777191162,1
Clemson_p111_c1_grm_std_uni,1,3.6845319271087646,-4.421699523925781,1
Clemson_p111_c1_grm_std_uni,1,4.293126583099365,-5.173705577850342,1
Clemson_p111_c1_grm_std_uni,1,4.581414699554443,-5.78087854385376,1
Clemson_p111_c1_grm_std_uni,1,5.26016092300415,-6.287835597991943,1
Clemson_p111_c1_grm_std_uni,1,5.947664260864258,-6.693946838378906,1
Clemson_p111_c1_grm_std_uni,1,6.081223487854004,-6.583251476287842,1
Clemson_p111_c1_grm_std_uni,1,5.630565166473389,-6.150191783905029,1
Clemson_p111_c1_grm_std_uni,1,5.514541149139404,-6.316634654998779,1
Clemson_p111_c1_grm_std_uni,1,5.406599521636963,-6.625380039215088,1
Clemson_p111_c1_grm_std_uni,1,4.572397232055664,-6.373816013336182,1
Clemson_p111_c1_grm_std_uni,1,4.217535972595215,-5.6825947761535645,1
Clemson_p111_c1_grm_std_uni,1,4.356657981872559,-5.515688896179199,1
Clemson_p111_c1_grm_std_uni,1,3.504854679107666,-4.298777103424072,1
Clemson_p111_c1_grm_std_uni,1,1.5776124000549316,-1.8597482442855835,1
Clemson_p111_c1_grm_std_uni,1,2.2818121910095215,-2.611980676651001,1
Clemson_p111_c1_grm_std_uni,1,3.4482617378234863,-4.881990909576416,1
Clemson_p111_c1_grm_std_uni,1,4.447620868682861,-6.288133144378662,1
Clemson_p111_c1_grm_std_uni,1,4.7389936447143555,-6.554335594177246,1
Clemson_p111_c1_grm_std_uni,1,5.229841232299805,-6.937124252319336,1
Clemson_p111_c1_grm_std_uni,1,5.329251766204834,-6.642754077911377,1
Clemson_p111_c1_grm_std_uni,1,5.948386192321777,-6.595408916473389,1
Clemson_p111_c1_grm_std_uni,1,6.0550384521484375,-6.338244438171387,1
Clemson_p111_c1_grm_std_uni,1,6.029963493347168,-6.383360862731934,1
Clemson_p111_c1_grm_std_uni,1,5.890074729919434,-6.305330753326416,1
Clemson_p111_c1_grm_std_uni,1,5.7641282081604,-6.251722812652588,1
Clemson_p111_c1_grm_std_uni,1,5.6014485359191895,-6.126261234283447,1
Clemson_p111_c1_grm_std_uni,1,5.396361351013184,-5.858523368835449,1
Clemson_p111_c1_grm_std_uni,1,5.323182106018066,-5.72263240814209,1
Clemson_p111_c1_grm_std_uni,1,5.280892848968506,-5.65151309967041,1
Clemson_p111_c1_grm_std_uni,1,5.235282897949219,-5.575088977813721,1
Clemson_p111_c1_grm_std_uni,1,5.155508995056152,-5.472229957580566,1
Clemson_p111_c1_grm_std_uni,1,5.026788711547852,-5.346066474914551,1
Clemson_p111_c1_grm_std_uni,1,4.860588550567627,-5.181326866149902,1
Clemson_p111_c1_grm_std_uni,1,4.757800579071045,-5.01820707321167,1
Clemson_p111_c1_grm_std_uni,1,4.694953918457031,-4.865603446960449,1
Clemson_p111_c1_grm_std_uni,1,4.697256088256836,-4.740232467651367,1
Clemson_p111_c1_grm_std_uni,1,4.939549446105957,-4.790714740753174,1
Clemson_p111_c1_grm_std_uni,1,5.064334392547607,-5.107941150665283,1
Clemson_p111_c1_grm_std_uni,1,5.243626594543457,-6.0004472732543945,1
Clemson_p111_c1_grm_std_uni,1,5.005729675292969,-6.094628810882568,1
Clemson_p111_c1_grm_std_uni,1,4.727035045623779,-6.522645950317383,1
Clemson_p111_c1_grm_std_uni,1,4.432817459106445,-6.474691390991211,1
Clemson_p111_c1_grm_std_uni,1,2.3296117782592773,-3.911679983139038,1
Clemson_p111_c1_grm_std_uni,1,1.9136439561843872,-3.014500141143799,1
Clemson_p111_c1_grm_std_uni,1,2.1934542655944824,-3.5603151321411133,1
Clemson_p111_c1_grm_std_uni,1,2.8707287311553955,-4.806814670562744,1
Clemson_p111_c1_grm_std_uni,1,3.2157719135284424,-4.753506660461426,1
Clemson_p111_c1_grm_std_uni,1,3.1038432121276855,-4.944952487945557,1
Clemson_p111_c1_grm_std_uni,1,3.3199498653411865,-5.201218605041504,1
Clemson_p111_c1_grm_std_uni,1,3.7850515842437744,-5.433674335479736,1
Clemson_p111_c1_grm_std_uni,1,4.18402099609375,-6.1408586502075195,1
Clemson_p111_c1_grm_std_uni,1,4.384523391723633,-6.619657039642334,1
Clemson_p111_c1_grm_std_uni,1,4.571280479431152,-6.9270758628845215,1
Clemson_p111_c1_grm_std_uni,1,5.3990631103515625,-7.213249683380127,1
Clemson_p111_c1_grm_std_uni,1,5.528801918029785,-6.904508113861084,1
Clemson_p111_c1_grm_std_uni,1,5.29213285446167,-6.839176654815674,1
Clemson_p111_c1_grm_std_uni,1,5.145174503326416,-6.891622543334961,1
Clemson_p111_c1_grm_std_uni,1,4.918520927429199,-6.909393310546875,1
Clemson_p111_c1_grm_std_uni,1,4.15924596786499,-6.317739963531494,1
Clemson_p111_c1_grm_std_uni,1,3.7410662174224854,-5.710470676422119,1
Clemson_p111_c1_grm_std_uni,1,3.677567958831787,-5.38939905166626,1
Clemson_p111_c1_grm_std_uni,1,3.7110626697540283,-5.36058235168457,1
Clemson_p111_c1_grm_std_uni,1,3.6798646450042725,-5.313543796539307,1
Clemson_p111_c1_grm_std_uni,1,4.159162521362305,-5.588131904602051,1
Clemson_p111_c1_grm_std_uni,1,4.606740474700928,-5.760406970977783,1
Clemson_p111_c1_grm_std_uni,1,4.804142475128174,-5.796430587768555,1
Clemson_p111_c1_grm_std_uni,1,4.727127552032471,-5.769538879394531,1
Clemson_p111_c1_grm_std_uni,1,4.4126296043396,-5.768331527709961,1
Clemson_p111_c1_grm_std_uni,1,4.192154407501221,-5.7771897315979,1
Clemson_p111_c1_grm_std_uni,1,4.111262321472168,-5.759980201721191,1
Clemson_p111_c1_grm_std_uni,1,4.1334052085876465,-5.712296009063721,1
Clemson_p111_c1_grm_std_uni,1,4.446208477020264,-5.8361124992370605,1
Clemson_p111_c1_grm_std_uni,1,5.0275068283081055,-6.020135402679443,1
Clemson_p111_c1_grm_std_uni,1,5.229968070983887,-5.968935966491699,1
Clemson_p111_c1_grm_std_uni,1,5.12315559387207,-5.846815586090088,1
Clemson_p111_c1_grm_std_uni,1,3.981189489364624,-4.799575328826904,1
Clemson_p111_c1_grm_std_uni,1,2.7510948181152344,-4.007133483886719,1
Clemson_p111_c1_grm_std_uni,1,3.287947416305542,-4.4282989501953125,1
Clemson_p111_c1_grm_std_uni,1,4.158653736114502,-5.582951068878174,1
Clemson_p111_c1_grm_std_uni,1,4.353827953338623,-5.388275623321533,1
Clemson_p111_c1_grm_std_uni,1,4.68263578414917,-5.729681015014648,1
Clemson_p111_c1_grm_std_uni,1,4.817488193511963,-5.910878658294678,1
Clemson_p111_c1_grm_std_uni,1,4.673478603363037,-5.795803546905518,1
Clemson_p111_c1_grm_std_uni,1,4.641529560089111,-5.567204475402832,1
Clemson_p111_c1_grm_std_uni,1,4.580373287200928,-5.185843467712402,1
Clemson_p111_c1_grm_std_uni,1,4.526901721954346,-4.883460521697998,1
Clemson_p111_c1_grm_std_uni,1,4.448904991149902,-4.535003662109375,1
Clemson_p111_c1_grm_std_uni,1,4.293235778808594,-4.072541236877441,1
Clemson_p111_c1_grm_std_uni,1,3.814011812210083,-3.687955617904663,1
Clemson_p111_c1_grm_std_uni,1,3.4699151515960693,-3.799208641052246,1
Clemson_p111_c1_grm_std_uni,1,3.7653253078460693,-4.408699035644531,1
Clemson_p111_c1_grm_std_uni,1,4.048737049102783,-4.751436233520508,1
Clemson_p111_c1_grm_std_uni,1,4.132169246673584,-4.643436908721924,1
Clemson_p111_c1_grm_std_uni,1,4.1551384925842285,-4.489538192749023,1
Clemson_p111_c1_grm_std_uni,1,4.096690654754639,-4.408176898956299,1
Clemson_p111_c1_grm_std_uni,1,4.039851665496826,-4.416457653045654,1
Clemson_p111_c1_grm_std_uni,1,3.9872117042541504,-4.420485973358154,1
Clemson_p111_c1_grm_std_uni,1,3.9284451007843018,-4.38321590423584,1
Clemson_p111_c1_grm_std_uni,1,3.8556129932403564,-4.315002918243408,1
Clemson_p111_c1_grm_std_uni,1,3.780238389968872,-4.242552757263184,1
Clemson_p111_c1_grm_std_uni,1,3.7234458923339844,-4.188672065734863,1
Clemson_p111_c1_grm_std_uni,1,3.653752088546753,-4.122013568878174,1
Clemson_p111_c1_grm_std_uni,1,3.55543851852417,-4.0523762702941895,1
Clemson_p111_c1_grm_std_uni,1,3.5961647033691406,-4.138928413391113,1
Clemson_p111_c1_grm_std_uni,1,3.6215691566467285,-4.1993632316589355,1
Clemson_p111_c1_grm_std_uni,1,3.678718328475952,-4.188826084136963,1
Clemson_p111_c1_grm_std_uni,1,3.659926652908325,-4.08139181137085,1
Clemson_p111_c1_grm_std_uni,1,3.6714274883270264,-4.076964855194092,1
Clemson_p111_c1_grm_std_uni,1,3.6543664932250977,-4.081274509429932,1
Clemson_p111_c1_grm_std_uni,1,3.5964934825897217,-4.038229942321777,1
Clemson_p111_c1_grm_std_uni,1,3.531574249267578,-4.010919570922852,1
Clemson_p111_c1_grm_std_uni,1,3.3763558864593506,-3.898800849914551,1
Clemson_p111_c1_grm_std_uni,1,3.2560722827911377,-3.7561147212982178,1
Clemson_p111_c1_grm_std_uni,1,3.200740337371826,-3.64449405670166,1
Clemson_p111_c1_grm_std_uni,1,3.207505702972412,-3.610097646713257,1
Clemson_p111_c1_grm_std_uni,1,3.1863505840301514,-3.642655372619629,1
Clemson_p111_c1_grm_std_uni,1,3.0468289852142334,-3.4173543453216553,1
Clemson_p111_c1_grm_std_uni,1,3.013033390045166,-3.3832285404205322,1
Clemson_p111_c1_grm_std_uni,1,3.046525716781616,-3.413625478744507,1
Clemson_p111_c1_grm_std_uni,1,3.0692567825317383,-3.417649269104004,1
Clemson_p111_c1_grm_std_uni,1,3.054962396621704,-3.3457493782043457,1
Clemson_p111_c1_grm_std_uni,1,2.974022626876831,-3.0809104442596436,1
Clemson_p111_c1_grm_std_uni,1,2.9743239879608154,-2.912195920944214,1
Clemson_p111_c1_grm_std_uni,1,2.9238662719726562,-2.8458757400512695,1
Clemson_p111_c1_grm_std_uni,1,2.944535732269287,-2.908076286315918,1
Clemson_p111_c1_grm_std_uni,1,2.891990900039673,-3.006695508956909,1
Clemson_p111_c1_grm_std_uni,1,2.9073517322540283,-3.285078287124634,1
Clemson_p111_c1_grm_std_uni,1,2.9951980113983154,-3.5509092807769775,1
Clemson_p111_c1_grm_std_uni,1,3.0190038681030273,-3.649864673614502,1
Clemson_p111_c1_grm_std_uni,1,3.008376121520996,-3.6808950901031494,1
Clemson_p111_c1_grm_std_uni,1,3.010746717453003,-3.6497557163238525,1
Clemson_p111_c1_grm_std_uni,1,3.035731315612793,-3.598778247833252,1
Clemson_p111_c1_grm_std_uni,1,3.090663194656372,-3.5732994079589844,1
Clemson_p111_c1_grm_std_uni,1,3.189598798751831,-3.594237804412842,1
Clemson_p111_c1_grm_std_uni,1,3.241940498352051,-3.6572065353393555,1
Clemson_p111_c1_grm_std_uni,1,3.2757651805877686,-3.670020580291748,1
Clemson_p111_c1_grm_std_uni,1,3.3255083560943604,-3.6779980659484863,1
Clemson_p111_c1_grm_std_uni,1,3.365288496017456,-3.6774351596832275,1
Clemson_p111_c1_grm_std_uni,1,3.373290538787842,-3.622767925262451,1
Clemson_p111_c1_grm_std_uni,1,3.331860065460205,-3.439208984375,1
Clemson_p111_c1_grm_std_uni,1,2.976161003112793,-2.9930336475372314,1
Clemson_p111_c1_grm_std_uni,1,3.0440993309020996,-3.0004522800445557,1
Clemson_p111_c1_grm_std_uni,1,3.33774995803833,-3.4217002391815186,1
Clemson_p111_c1_grm_std_uni,1,3.4685893058776855,-3.653988838195801,1
Clemson_p111_c1_grm_std_uni,1,3.473450183868408,-3.7027833461761475,1
Clemson_p111_c1_grm_std_uni,1,3.580742597579956,-3.808774709701538,1
Clemson_p111_c1_grm_std_uni,1,3.650644540786743,-3.8876075744628906,1
Clemson_p111_c1_grm_std_uni,1,3.731393337249756,-3.9798433780670166,1
Clemson_p111_c1_grm_std_uni,1,3.481388807296753,-3.77211856842041,1
Clemson_p111_c1_grm_std_uni,1,2.225565195083618,-2.4360737800598145,1
Clemson_p111_c1_grm_std_uni,1,3.025214910507202,-3.448911428451538,1
Clemson_p111_c1_grm_std_uni,1,4.301354885101318,-4.5572710037231445,1
Clemson_p111_c1_grm_std_uni,1,4.434687614440918,-4.460479736328125,1
Clemson_p111_c1_grm_std_uni,1,4.429957389831543,-4.379427909851074,1
Clemson_p111_c1_grm_std_uni,1,4.620124340057373,-4.594082832336426,1
Clemson_p111_c1_grm_std_uni,1,4.879101753234863,-4.899664402008057,1
Clemson_p111_c1_grm_std_uni,1,5.026647090911865,-5.012044429779053,1
Clemson_p111_c1_grm_std_uni,1,5.126172065734863,-5.067587852478027,1
Clemson_p111_c1_grm_std_uni,1,5.119272708892822,-4.999585151672363,1
Clemson_p111_c1_grm_std_uni,1,5.095860004425049,-4.947926044464111,1
Clemson_p111_c1_grm_std_uni,1,5.071991443634033,-4.888388633728027,1
Clemson_p111_c1_grm_std_uni,1,4.564474582672119,-4.412049293518066,1
Clemson_p111_c1_grm_std_uni,1,4.806436061859131,-4.620599269866943,1
Clemson_p111_c1_grm_std_uni,1,4.895818710327148,-4.636876583099365,1
Clemson_p111_c1_grm_std_uni,1,4.728017330169678,-4.416630268096924,1
Clemson_p111_c1_grm_std_uni,1,4.602694034576416,-4.337600231170654,1
Clemson_p111_c1_grm_std_uni,1,4.6701436042785645,-4.464425563812256,1
Clemson_p111_c1_grm_std_uni,1,4.765035629272461,-4.606163501739502,1
Clemson_p111_c1_grm_std_uni,1,4.792035102844238,-4.667387008666992,1
Clemson_p111_c1_grm_std_uni,1,4.8099188804626465,-4.694736003875732,1
Clemson_p111_c1_grm_std_uni,1,4.86212682723999,-4.750918388366699,1
Clemson_p111_c1_grm_std_uni,1,4.847778797149658,-4.740133285522461,1
Clemson_p111_c1_grm_std_uni,1,4.871001243591309,-4.7556071281433105,1
Clemson_p111_c1_grm_std_uni,1,4.906685829162598,-4.8242506980896,1
Clemson_p111_c1_grm_std_uni,1,5.00076961517334,-4.945140361785889,1
Clemson_p111_c1_grm_std_uni,1,5.052066326141357,-5.041849613189697,1
Clemson_p111_c1_grm_std_uni,1,5.176056861877441,-5.186888217926025,1
Clemson_p111_c1_grm_std_uni,1,5.229464530944824,-5.247034072875977,1
Clemson_p111_c1_grm_std_uni,1,5.21906852722168,-5.220222473144531,1
Clemson_p111_c1_grm_std_uni,1,5.185024738311768,-5.176697731018066,1
Clemson_p111_c1_grm_std_uni,1,5.127551078796387,-5.122123718261719,1
Clemson_p111_c1_grm_std_uni,1,5.113749027252197,-5.115344047546387,1
Clemson_p111_c1_grm_std_uni,1,5.102859020233154,-5.112709045410156,1
Clemson_p111_c1_grm_std_uni,1,5.098752498626709,-5.110079288482666,1
Clemson_p111_c1_grm_std_uni,1,5.095771312713623,-5.094484806060791,1
Clemson_p111_c1_grm_std_uni,1,5.004794597625732,-4.987715244293213,1
Clemson_p111_c1_grm_std_uni,1,4.898597717285156,-4.881514549255371,1
Clemson_p111_c1_grm_std_uni,1,4.99003267288208,-5.009820461273193,1
Clemson_p111_c1_grm_std_uni,1,5.036484241485596,-5.102678298950195,1
Clemson_p111_c1_grm_std_uni,1,5.026447772979736,-5.0975260734558105,1
Clemson_p111_c1_grm_std_uni,1,4.723519325256348,-4.800194263458252,1
Clemson_p111_c1_grm_std_uni,1,4.939337253570557,-5.067708492279053,1
Clemson_p111_c1_grm_std_uni,1,5.188621997833252,-5.1527228355407715,1
Clemson_p111_c1_grm_std_uni,1,5.017838478088379,-4.761229515075684,1
Clemson_p111_c1_grm_std_uni,1,4.756840705871582,-4.51796293258667,1
Clemson_p111_c1_grm_std_uni,1,4.818637371063232,-4.651735782623291,1
Clemson_p111_c1_grm_std_uni,1,4.89688777923584,-4.661050796508789,1
Clemson_p111_c1_grm_std_uni,1,4.512879371643066,-4.190301418304443,1
Clemson_p111_c1_grm_std_uni,1,4.073728084564209,-3.733506917953491,1
Clemson_p111_c1_grm_std_uni,1,3.9989023208618164,-3.727445125579834,1
Clemson_p111_c1_grm_std_uni,1,3.9863901138305664,-3.8539857864379883,1
Clemson_p111_c1_grm_std_uni,1,4.2552924156188965,-4.219236373901367,1
Clemson_p111_c1_grm_std_uni,1,4.550482273101807,-4.526174545288086,1
Clemson_p111_c1_grm_std_uni,1,4.763275623321533,-4.718959331512451,1
Clemson_p111_c1_grm_std_uni,1,4.903402805328369,-4.839239120483398,1
Clemson_p111_c1_grm_std_uni,1,5.086852550506592,-4.989314079284668,1
Clemson_p111_c1_grm_std_uni,1,5.254782199859619,-5.126009464263916,1
Clemson_p111_c1_grm_std_uni,1,5.199986934661865,-5.027274131774902,1
Clemson_p111_c1_grm_std_uni,1,5.219191074371338,-5.0936598777771,1
Clemson_p111_c1_grm_std_uni,1,5.3883256912231445,-5.277849197387695,1
Clemson_p111_c1_grm_std_uni,1,5.395937919616699,-5.294755458831787,1
Clemson_p111_c1_grm_std_uni,1,5.353871822357178,-5.264037609100342,1
Clemson_p111_c1_grm_std_uni,1,5.136134147644043,-5.047967433929443,1
Clemson_p111_c1_grm_std_uni,1,4.940555095672607,-4.8497114181518555,1
Clemson_p111_c1_grm_std_uni,1,4.976682186126709,-4.81497859954834,1
Clemson_p111_c1_grm_std_uni,1,4.97203254699707,-4.65181303024292,1
Clemson_p111_c1_grm_std_uni,1,5.0284423828125,-4.406065464019775,1
Clemson_p111_c1_grm_std_uni,1,5.045648574829102,-4.431097507476807,1
Clemson_p111_c1_grm_std_uni,1,4.955079078674316,-4.634448051452637,1
Clemson_p111_c1_grm_std_uni,1,5.364586353302002,-5.165502071380615,1
Clemson_p111_c1_grm_std_uni,1,5.429949760437012,-5.278879642486572,1
Clemson_p111_c1_grm_std_uni,1,5.23586368560791,-5.213357448577881,1
Clemson_p111_c1_grm_std_uni,1,5.214953422546387,-5.11012601852417,1
Clemson_p111_c1_grm_std_uni,1,5.10135555267334,-4.652332782745361,1
Clemson_p111_c1_grm_std_uni,1,4.68335485458374,-4.079309940338135,1
Clemson_p111_c1_grm_std_uni,1,4.234461307525635,-3.715121030807495,1
Clemson_p111_c1_grm_std_uni,1,3.325591802597046,-3.0551557540893555,1
Clemson_p111_c1_grm_std_uni,1,2.5365777015686035,-2.9393539428710938,1
Clemson_p111_c1_grm_std_uni,1,3.0863184928894043,-4.571274280548096,1
Clemson_p111_c1_grm_std_uni,1,4.190615177154541,-6.000144958496094,1
Clemson_p111_c1_grm_std_uni,1,5.730428218841553,-7.148752212524414,1
Clemson_p111_c1_grm_std_uni,1,6.242901802062988,-6.957411289215088,1
Clemson_p111_c1_grm_std_uni,1,6.88970422744751,-7.080582618713379,1
Clemson_p111_c1_grm_std_uni,1,6.825516223907471,-6.586093425750732,1
Clemson_p111_c1_grm_std_uni,1,6.374981880187988,-6.049737930297852,1
Clemson_p111_c1_grm_std_uni,1,5.930282115936279,-5.613508224487305,1
Clemson_p111_c1_grm_std_uni,1,5.818991661071777,-5.433426380157471,1
Clemson_p111_c1_grm_std_uni,1,5.883854866027832,-5.490416049957275,1
Clemson_p111_c1_grm_std_uni,1,5.91247034072876,-5.418209552764893,1
Clemson_p111_c1_grm_std_uni,1,6.1614298820495605,-5.5688982009887695,1
Clemson_p111_c1_grm_std_uni,1,6.198751449584961,-5.61969518661499,1
Clemson_p111_c1_grm_std_uni,1,6.200436592102051,-5.652699947357178,1
Clemson_p111_c1_grm_std_uni,1,6.186435222625732,-5.655458927154541,1
Clemson_p111_c1_grm_std_uni,1,6.069291114807129,-5.492265701293945,1
Clemson_p111_c1_grm_std_uni,1,6.062386989593506,-5.46767520904541,1
Clemson_p111_c1_grm_std_uni,1,5.792553901672363,-5.269341468811035,1
Clemson_p111_c1_grm_std_uni,1,5.712120056152344,-5.243997097015381,1
Clemson_p111_c1_grm_std_uni,1,5.595987796783447,-5.219929218292236,1
Clemson_p111_c1_grm_std_uni,1,5.484764099121094,-5.12324333190918,1
Clemson_p111_c1_grm_std_uni,1,5.504687309265137,-5.170469760894775,1
Clemson_p111_c1_grm_std_uni,1,5.54162073135376,-5.225372314453125,1
Clemson_p111_c1_grm_std_uni,1,5.582169055938721,-5.271142482757568,1
Clemson_p111_c1_grm_std_uni,1,5.577947616577148,-5.273402214050293,1
Clemson_p111_c1_grm_std_uni,1,5.561820030212402,-5.2621750831604,1
Clemson_p111_c1_grm_std_uni,1,5.496366024017334,-5.206155776977539,1
Clemson_p111_c1_grm_std_uni,1,5.477953910827637,-5.1973466873168945,1
Clemson_p111_c1_grm_std_uni,1,5.4782562255859375,-5.207406520843506,1
Clemson_p111_c1_grm_std_uni,1,5.492446422576904,-5.2244768142700195,1
Clemson_p111_c1_grm_std_uni,1,5.5085883140563965,-5.236509799957275,1
Clemson_p111_c1_grm_std_uni,1,5.498026371002197,-5.211666584014893,1
Clemson_p111_c1_grm_std_uni,1,5.46721076965332,-5.161134243011475,1
Clemson_p111_c1_grm_std_uni,1,5.562744140625,-5.227745056152344,1
Clemson_p111_c1_grm_std_uni,1,5.642236709594727,-5.306670188903809,1
Clemson_p111_c1_grm_std_uni,1,5.678748607635498,-5.295657157897949,1
Clemson_p111_c1_grm_std_uni,1,5.690976619720459,-5.271712303161621,1
Clemson_p111_c1_grm_std_uni,1,5.494978904724121,-5.130208969116211,1
Clemson_p111_c1_grm_std_uni,1,5.435988426208496,-5.1324076652526855,1
Clemson_p111_c1_grm_std_uni,1,5.613260269165039,-5.358462810516357,1
Clemson_p111_c1_grm_std_uni,1,5.620100498199463,-5.376510143280029,1
Clemson_p111_c1_grm_std_uni,1,5.598268508911133,-5.376989841461182,1
Clemson_p111_c1_grm_std_uni,1,5.623858451843262,-5.410719871520996,1
Clemson_p111_c1_grm_std_uni,1,5.611424922943115,-5.394843101501465,1
Clemson_p111_c1_grm_std_uni,1,5.5378642082214355,-5.3177714347839355,1
Clemson_p111_c1_grm_std_uni,1,5.441770076751709,-5.233285427093506,1
Clemson_p111_c1_grm_std_uni,1,5.2295403480529785,-5.018103122711182,1
Clemson_p111_c1_grm_std_uni,1,4.80621862411499,-4.551506996154785,1
Clemson_p111_c1_grm_std_uni,1,4.45311164855957,-4.419373035430908,1
Clemson_p111_c1_grm_std_uni,1,4.383411884307861,-4.510496139526367,1
Clemson_p111_c1_grm_std_uni,1,4.517237186431885,-5.084170818328857,1
Clemson_p111_c1_grm_std_uni,1,4.181985378265381,-5.36967658996582,1
Clemson_p111_c1_grm_std_uni,1,3.7508203983306885,-4.228954315185547,1
Clemson_p111_c1_grm_std_uni,1,3.4450583457946777,-3.437445878982544,1
Clemson_p111_c1_grm_std_uni,1,3.6820690631866455,-4.401925086975098,1
Clemson_p111_c1_grm_std_uni,1,2.9908063411712646,-4.346158504486084,1
Clemson_p111_c1_grm_std_uni,1,3.8129773139953613,-5.030959129333496,1
Clemson_p111_c1_grm_std_uni,1,4.635020732879639,-6.3631696701049805,1
Clemson_p111_c1_grm_std_uni,1,4.753476619720459,-6.550814151763916,1
Clemson_p111_c1_grm_std_uni,1,5.104380130767822,-7.085046291351318,1
Clemson_p111_c1_grm_std_uni,1,5.676926612854004,-7.3422770500183105,1
Clemson_p111_c1_grm_std_uni,1,6.905029773712158,-8.106643676757812,1
Clemson_p111_c1_grm_std_uni,1,7.733320713043213,-8.205469131469727,1
Clemson_p111_c1_grm_std_uni,1,7.185169696807861,-7.7034077644348145,1
Clemson_p111_c1_grm_std_uni,1,6.44322395324707,-7.289703845977783,1
Clemson_p111_c1_grm_std_uni,1,5.744363784790039,-7.1792755126953125,1
Clemson_p111_c1_grm_std_uni,1,5.196287155151367,-6.463167190551758,1
Clemson_p111_c1_grm_std_uni,1,4.223597049713135,-5.080522537231445,1
Clemson_p111_c1_grm_std_uni,1,4.3935017585754395,-5.208747863769531,1
Clemson_p111_c1_grm_std_uni,1,4.9485697746276855,-5.733719348907471,1
Clemson_p111_c1_grm_std_uni,1,4.9520697593688965,-6.043430805206299,1
Clemson_p111_c1_grm_std_uni,1,4.629373550415039,-6.257273197174072,1
Clemson_p111_c1_grm_std_uni,1,4.136779308319092,-6.075581073760986,1
Clemson_p111_c1_grm_std_uni,1,2.321815013885498,-3.0024819374084473,1
Clemson_p111_c1_grm_std_uni,1,0.005689241457730532,0.31002238392829895,1
Clemson_p111_c1_grm_std_uni,1,0.6077258586883545,-1.5666518211364746,1
Clemson_p111_c1_grm_std_uni,1,3.0614869594573975,-4.019602298736572,1
Clemson_p111_c1_grm_std_uni,1,4.391154766082764,-6.016694068908691,1
Clemson_p111_c1_grm_std_uni,1,4.592293739318848,-6.366559982299805,1
Clemson_p111_c1_grm_std_uni,1,4.563532829284668,-6.835667133331299,1
Clemson_p111_c1_grm_std_uni,1,5.14940071105957,-7.313190937042236,1
Clemson_p111_c1_grm_std_uni,1,6.152933120727539,-7.755193710327148,1
Clemson_p111_c1_grm_std_uni,1,6.269899845123291,-7.049695014953613,1
Clemson_p111_c1_grm_std_uni,1,5.7359619140625,-6.841339588165283,1
Clemson_p111_c1_grm_std_uni,1,3.941791296005249,-5.192053318023682,1
Clemson_p111_c1_grm_std_uni,1,3.3282995223999023,-4.273820400238037,1
Clemson_p111_c1_grm_std_uni,1,3.416722297668457,-4.028601169586182,1
Clemson_p111_c1_grm_std_uni,1,3.666809558868408,-4.147510051727295,1
Clemson_p111_c1_grm_std_uni,1,4.268074989318848,-4.696000099182129,1
Clemson_p111_c1_grm_std_uni,1,5.68335485458374,-6.353515148162842,1
Clemson_p111_c1_grm_std_uni,1,5.533263683319092,-6.598736763000488,1
Clemson_p111_c1_grm_std_uni,2,4.5802788734436035,-5.886918067932129,1
Clemson_p111_c1_grm_std_uni,2,3.484612464904785,-4.023599147796631,1
Clemson_p111_c1_grm_std_uni,2,0.968518853187561,-1.1793094873428345,1
Clemson_p111_c1_grm_std_uni,2,2.457476854324341,-2.56766414642334,1
Clemson_p111_c1_grm_std_uni,2,3.7071685791015625,-5.191140651702881,1
Clemson_p111_c1_grm_std_uni,2,4.602949619293213,-6.43572473526001,1
Clemson_p111_c1_grm_std_uni,2,4.7592973709106445,-6.614110946655273,1
Clemson_p111_c1_grm_std_uni,2,5.110082149505615,-6.852769374847412,1
Clemson_p111_c1_grm_std_uni,2,5.414259433746338,-7.10568904876709,1
Clemson_p111_c1_grm_std_uni,2,5.887835502624512,-6.89614200592041,1
Clemson_p111_c1_grm_std_uni,1,5.454464435577393,-6.789922714233398,1
Clemson_p111_c1_grm_std_uni,1,5.154245853424072,-6.717206001281738,1
Clemson_p111_c1_grm_std_uni,1,5.090466022491455,-6.641061305999756,1
Clemson_p111_c1_grm_std_uni,1,5.148516654968262,-6.465157985687256,1
Clemson_p111_c1_grm_std_uni,1,5.245149612426758,-6.252335071563721,1
Clemson_p111_c1_grm_std_uni,1,5.127395153045654,-5.999929428100586,1
Clemson_p111_c1_grm_std_uni,1,4.549385070800781,-5.5186614990234375,1
Clemson_p111_c1_grm_std_uni,1,3.8137733936309814,-4.680714130401611,1
Clemson_p111_c1_grm_std_uni,1,3.5581140518188477,-5.217986583709717,1
Clemson_p111_c1_grm_std_uni,1,3.318962574005127,-5.003793239593506,1
Clemson_p111_c1_grm_std_uni,1,3.809607982635498,-5.587553024291992,1
Clemson_p111_c1_grm_std_uni,1,5.089806079864502,-6.5269060134887695,1
Clemson_p111_c1_grm_std_uni,1,4.55181360244751,-6.2347235679626465,1
Clemson_p111_c1_grm_std_uni,1,3.892761468887329,-5.133913516998291,1
Clemson_p111_c1_grm_std_uni,2,3.772749423980713,-4.57090950012207,1
Clemson_p111_c1_grm_std_uni,2,3.736602544784546,-4.2094831466674805,1
Clemson_p111_c1_grm_std_uni,2,2.916348695755005,-2.8119311332702637,1
Clemson_p111_c1_grm_std_uni,2,1.7529925107955933,-1.697070837020874,1
Clemson_p111_c1_grm_std_uni,2,1.9917765855789185,-2.075087547302246,1
Clemson_p111_c1_grm_std_uni,2,3.0371057987213135,-3.2218434810638428,1
Clemson_p111_c1_grm_std_uni,2,4.3802266120910645,-5.019777297973633,1
Clemson_p111_c1_grm_std_uni,2,4.1643195152282715,-4.861504554748535,1
Clemson_p111_c1_grm_std_uni,2,4.013824939727783,-4.596414089202881,1
Clemson_p111_c1_grm_std_uni,2,4.0345540046691895,-4.518867015838623,1
Clemson_p111_c1_grm_std_uni,2,4.126735687255859,-4.435224533081055,1
Clemson_p111_c1_grm_std_uni,1,4.236410617828369,-4.357197284698486,1
Clemson_p111_c1_grm_std_uni,1,4.2864766120910645,-4.1742939949035645,1
Clemson_p111_c1_grm_std_uni,1,4.312845230102539,-3.8930935859680176,1
Clemson_p111_c1_grm_std_uni,1,4.163808345794678,-3.5269343852996826,1
Clemson_p111_c1_grm_std_uni,1,4.065349578857422,-3.213980197906494,1
Clemson_p111_c1_grm_std_uni,1,3.785012722015381,-2.980168104171753,1
Clemson_p111_c1_grm_std_uni,1,2.9714038372039795,-2.554595470428467,1
Clemson_p111_c1_grm_std_uni,1,2.4630026817321777,-2.9871559143066406,1
Clemson_p111_c1_grm_std_uni,1,3.3405048847198486,-3.9592480659484863,1
Clemson_p111_c1_grm_std_uni,1,4.8933234214782715,-5.267473220825195,1
Clemson_p111_c1_grm_std_uni,1,5.213286876678467,-5.951531887054443,1
Clemson_p111_c1_grm_std_uni,1,4.742712497711182,-5.820401191711426,1
Clemson_p111_c1_grm_std_uni,1,4.335696220397949,-5.499046325683594,1
Clemson_p111_c1_grm_std_uni,1,4.161481857299805,-5.400317668914795,1
Clemson_p111_c1_grm_std_uni,1,4.058699607849121,-4.829847812652588,1
Clemson_p111_c1_grm_std_uni,1,0.2861139476299286,-0.46617424488067627,1
Clemson_p111_c1_grm_std_uni,1,0.9718195199966431,-1.319184422492981,1
Clemson_p111_c1_grm_std_uni,1,3.6359260082244873,-4.827556133270264,1
Clemson_p111_c1_grm_std_uni,1,4.648745536804199,-6.401476860046387,1
Clemson_p111_c1_grm_std_uni,1,4.77970552444458,-6.7226433753967285,1
Clemson_p111_c1_grm_std_uni,1,4.584405899047852,-6.699962139129639,1
Clemson_p111_c1_grm_std_uni,1,4.807511806488037,-6.751752853393555,1
Clemson_p111_c1_grm_std_uni,1,5.804412364959717,-6.564714431762695,1
Clemson_p111_c1_grm_std_uni,1,5.779722213745117,-6.350103378295898,1
Clemson_p111_c1_grm_std_uni,1,5.601034641265869,-6.352295875549316,1
Clemson_p111_c1_grm_std_uni,1,5.659802436828613,-6.662741661071777,1
Clemson_p111_c1_grm_std_uni,1,5.822877407073975,-6.895981788635254,1
Clemson_p111_c1_grm_std_uni,1,5.851338863372803,-6.938183307647705,1
Clemson_p111_c1_grm_std_uni,1,5.620930194854736,-6.7233195304870605,1
Clemson_p111_c1_grm_std_uni,1,5.363434791564941,-6.413855075836182,1
Clemson_p111_c1_grm_std_uni,1,5.587697505950928,-6.529045581817627,1
Clemson_p111_c1_grm_std_uni,1,5.61020565032959,-7.107656955718994,1
Clemson_p111_c1_grm_std_uni,1,4.691726207733154,-6.708981037139893,1
Clemson_p111_c1_grm_std_uni,1,4.224893569946289,-6.287947177886963,1
Clemson_p111_c1_grm_std_uni,1,3.7396867275238037,-5.5334696769714355,1
Clemson_p111_c1_grm_std_uni,2,3.49819278717041,-4.751130104064941,1
Clemson_p111_c1_grm_std_uni,2,2.261089324951172,-2.8573405742645264,1
Clemson_p111_c1_grm_std_uni,2,0.7791502475738525,-1.1959537267684937,1
Clemson_p111_c1_grm_std_uni,2,2.1754884719848633,-3.3666954040527344,1
Clemson_p111_c1_grm_std_uni,2,3.9814083576202393,-5.130955219268799,1
Clemson_p111_c1_grm_std_uni,2,4.173678398132324,-5.274204730987549,1
Clemson_p111_c1_grm_std_uni,2,4.874677658081055,-5.902200698852539,1
Clemson_p111_c1_grm_std_uni,2,5.202489376068115,-6.151251792907715,1
Clemson_p111_c1_grm_std_uni,2,5.190281867980957,-6.209322929382324,1
Clemson_p111_c1_grm_std_uni,2,5.042057991027832,-6.12087345123291,1
Clemson_p111_c1_grm_std_uni,2,4.877665042877197,-6.0425310134887695,1
Clemson_p111_c1_grm_std_uni,2,4.6419196128845215,-5.859359264373779,1
Clemson_p111_c1_grm_std_uni,2,3.7935380935668945,-5.0093255043029785,1
Clemson_p111_c1_grm_std_uni,2,1.8453431129455566,-3.080047130584717,1
Clemson_p111_c1_grm_std_uni,2,1.10128915309906,-2.6299166679382324,1
Clemson_p111_c1_grm_std_uni,2,1.3400202989578247,-3.1211981773376465,1
Clemson_p111_c1_grm_std_uni,2,2.0525903701782227,-3.339339017868042,1
Clemson_p111_c1_grm_std_uni,2,4.0691046714782715,-6.38400936126709,1
Clemson_p111_c1_grm_std_uni,2,4.39519739151001,-6.88306999206543,1
Clemson_p111_c1_grm_std_uni,2,4.6071457862854,-7.129035472869873,1
Clemson_p111_c1_grm_std_uni,2,5.1168670654296875,-7.390461444854736,1
Clemson_p111_c1_grm_std_uni,1,6.625977993011475,-7.772206783294678,1
Clemson_p111_c1_grm_std_uni,1,7.200334548950195,-7.342310905456543,1
Clemson_p111_c1_grm_std_uni,1,7.101925373077393,-7.102651119232178,1
Clemson_p111_c1_grm_std_uni,1,6.846059322357178,-7.4361677169799805,1
Clemson_p111_c1_grm_std_uni,1,5.868399620056152,-7.236342430114746,1
Clemson_p111_c1_grm_std_uni,1,5.139163494110107,-6.213770389556885,1
Clemson_p111_c1_grm_std_uni,1,4.825787544250488,-5.224174976348877,1
Clemson_p111_c1_grm_std_uni,2,4.62369441986084,-5.165119647979736,1
Clemson_p111_c1_grm_std_uni,2,4.613390922546387,-5.22714376449585,1
Clemson_p111_c1_grm_std_uni,2,3.830037832260132,-4.361094951629639,1
Clemson_p111_c1_grm_std_uni,2,4.115518093109131,-4.340424537658691,1
Clemson_p111_c1_grm_std_uni,2,4.460419654846191,-4.747208595275879,1
Clemson_p111_c1_grm_std_uni,2,4.418501377105713,-4.780324459075928,1
Clemson_p111_c1_grm_std_uni,2,4.300808906555176,-4.726212024688721,1
Clemson_p111_c1_grm_std_uni,2,4.281033039093018,-4.714718341827393,1
Clemson_p111_c1_grm_std_uni,2,4.340542793273926,-4.73838996887207,1
Clemson_p111_c1_grm_std_uni,2,4.4952569007873535,-4.736915588378906,1
Clemson_p111_c1_grm_std_uni,2,4.727552890777588,-4.597168445587158,1
Clemson_p111_c1_grm_std_uni,2,3.8883931636810303,-3.1239967346191406,1
Clemson_p111_c1_grm_std_uni,1,2.475510835647583,-1.8879129886627197,1
Clemson_p111_c1_grm_std_uni,1,2.5195541381835938,-2.583987236022949,1
Clemson_p111_c1_grm_std_uni,1,3.185389757156372,-3.58984637260437,1
Clemson_p111_c1_grm_std_uni,1,3.051062822341919,-3.5848641395568848,1
Clemson_p111_c1_grm_std_uni,1,2.568174123764038,-3.1769959926605225,1
Clemson_p111_c1_grm_std_uni,1,2.9089159965515137,-3.501375913619995,1
Clemson_p111_c1_grm_std_uni,1,3.8366758823394775,-4.815406799316406,1
Clemson_p111_c1_grm_std_uni,1,4.058220863342285,-5.377755165100098,1
Clemson_p111_c1_grm_std_uni,1,4.543159008026123,-5.871577262878418,1
Clemson_p111_c1_grm_std_uni,1,4.715397834777832,-6.274909019470215,1
Clemson_p111_c1_grm_std_uni,1,4.2080888748168945,-6.079843044281006,1
Clemson_p111_c1_grm_std_uni,1,4.605521202087402,-6.4928364753723145,1
Clemson_p111_c1_grm_std_uni,1,5.2960333824157715,-6.648827075958252,1
Clemson_p111_c1_grm_std_uni,1,5.646448612213135,-6.7255706787109375,1
Clemson_p111_c1_grm_std_uni,1,5.741747856140137,-6.793307304382324,1
Clemson_p111_c1_grm_std_uni,1,5.545913219451904,-6.782500743865967,1
Clemson_p111_c1_grm_std_uni,1,5.730583190917969,-6.780973434448242,1
Clemson_p111_c1_grm_std_uni,1,6.365423679351807,-7.086581707000732,1
Clemson_p111_c1_grm_std_uni,1,6.291096210479736,-7.181973934173584,1
Clemson_p111_c1_grm_std_uni,1,5.916618824005127,-6.6641669273376465,1
Clemson_p111_c1_grm_std_uni,1,5.6136474609375,-6.6658101081848145,1
Clemson_p111_c1_grm_std_uni,1,5.597381591796875,-6.736734867095947,1
Clemson_p111_c1_grm_std_uni,1,5.35908317565918,-6.421890735626221,1
Clemson_p111_c1_grm_std_uni,1,4.81350564956665,-6.015450954437256,1
Clemson_p111_c1_grm_std_uni,1,4.362359523773193,-5.9686279296875,1
Clemson_p111_c1_grm_std_uni,2,4.1437153816223145,-5.714024066925049,1
Clemson_p111_c1_grm_std_uni,2,4.137937545776367,-5.324153423309326,1
Clemson_p111_c1_grm_std_uni,2,4.40943717956543,-5.513498306274414,1
Clemson_p111_c1_grm_std_uni,2,4.639904975891113,-5.854069709777832,1
Clemson_p111_c1_grm_std_uni,2,4.7335944175720215,-5.8166399002075195,1
Clemson_p111_c1_grm_std_uni,2,4.558826923370361,-5.4996337890625,1
Clemson_p111_c1_grm_std_uni,2,4.3860015869140625,-5.121214866638184,1
Clemson_p111_c1_grm_std_uni,2,4.3226823806762695,-4.89081335067749,1
Clemson_p111_c1_grm_std_uni,2,4.318411350250244,-4.766343593597412,1
Clemson_p111_c1_grm_std_uni,2,4.256303787231445,-4.638304710388184,1
Clemson_p111_c1_grm_std_uni,2,4.049321174621582,-4.530500411987305,1
Clemson_p111_c1_grm_std_uni,2,3.712099552154541,-4.467255115509033,1
Clemson_p111_c1_grm_std_uni,2,3.361220359802246,-3.4767632484436035,1
Clemson_p111_c1_grm_std_uni,2,-0.35520002245903015,0.6934407353401184,2
Clemson_p111_c1_grm_std_uni,1,1.3116451501846313,-1.912793517112732,1
Clemson_p111_c1_grm_std_uni,1,4.646069526672363,-5.805382251739502,1
Clemson_p111_c1_grm_std_uni,1,5.715346336364746,-5.995137691497803,1
Clemson_p111_c1_grm_std_uni,1,4.930027961730957,-5.164600849151611,1
Clemson_p111_c1_grm_std_uni,1,4.9003586769104,-5.14915657043457,1
Clemson_p111_c1_grm_std_uni,1,4.692873001098633,-4.813408851623535,1
Clemson_p111_c1_grm_std_uni,1,4.7009782791137695,-4.588658332824707,1
Clemson_p111_c1_grm_std_uni,1,5.2197041511535645,-4.7870097160339355,1
Clemson_p111_c1_grm_std_uni,1,6.108062267303467,-5.705328941345215,1
Clemson_p111_c1_grm_std_uni,1,6.106504917144775,-5.908052444458008,1
Clemson_p111_c1_grm_std_uni,1,5.7144927978515625,-5.592798233032227,1
Clemson_p111_c1_grm_std_uni,1,5.322038173675537,-4.940684795379639,1
Clemson_p111_c1_grm_std_uni,1,5.068982124328613,-4.266235828399658,1
Clemson_p111_c1_grm_std_uni,1,4.710843563079834,-3.507957935333252,1
Clemson_p111_c1_grm_std_uni,1,3.78214168548584,-3.0257503986358643,1
Clemson_p111_c1_grm_std_uni,1,3.0163731575012207,-3.0720036029815674,1
Clemson_p111_c1_grm_std_uni,1,3.8897860050201416,-4.474303722381592,1
Clemson_p111_c1_grm_std_uni,1,4.6989006996154785,-5.012860298156738,1
Clemson_p111_c1_grm_std_uni,1,4.941853046417236,-5.200205326080322,1
Clemson_p111_c1_grm_std_uni,1,5.077392578125,-5.442090034484863,1
Clemson_p111_c1_grm_std_uni,1,5.1445393562316895,-5.450982570648193,1
Clemson_p111_c1_grm_std_uni,1,5.115639686584473,-5.3759765625,1
Clemson_p111_c1_grm_std_uni,1,5.039029121398926,-5.228889465332031,1
Clemson_p111_c1_grm_std_uni,1,4.216928958892822,-4.374649524688721,1
Clemson_p111_c1_grm_std_uni,1,3.9313769340515137,-4.278110980987549,1
Clemson_p111_c1_grm_std_uni,1,3.987879991531372,-4.546833515167236,1
Clemson_p111_c1_grm_std_uni,1,4.605137825012207,-5.172976016998291,1
Clemson_p111_c1_grm_std_uni,1,4.48180627822876,-4.844840049743652,1
Clemson_p111_c1_grm_std_uni,1,4.418526649475098,-4.6242756843566895,1
Clemson_p111_c1_grm_std_uni,1,4.434579372406006,-4.467953205108643,1
Clemson_p111_c1_grm_std_uni,1,4.375036239624023,-4.386229991912842,1
Clemson_p111_c1_grm_std_uni,1,4.39487886428833,-4.433038711547852,1
Clemson_p111_c1_grm_std_uni,1,4.574386119842529,-4.6058807373046875,1
Clemson_p111_c1_grm_std_uni,1,4.769834041595459,-4.70766544342041,1
Clemson_p111_c1_grm_std_uni,1,5.118020057678223,-4.811811923980713,1
Clemson_p111_c1_grm_std_uni,1,5.225719928741455,-4.71173620223999,1
Clemson_p111_c1_grm_std_uni,1,5.400484085083008,-5.020516872406006,1
Clemson_p111_c1_grm_std_uni,1,5.313136100769043,-5.053555011749268,1
Clemson_p111_c1_grm_std_uni,1,5.127532005310059,-4.687947750091553,1
Clemson_p111_c1_grm_std_uni,1,4.788955211639404,-4.50490140914917,1
Clemson_p111_c1_grm_std_uni,1,4.443814277648926,-3.926626443862915,1
Clemson_p111_c1_grm_std_uni,1,3.887512683868408,-3.0948972702026367,1
Clemson_p111_c1_grm_std_uni,1,3.0009043216705322,-2.5161802768707275,1
Clemson_p111_c1_grm_std_uni,1,2.4384710788726807,-2.7141597270965576,1
Clemson_p111_c1_grm_std_uni,1,3.56291127204895,-4.30003547668457,1
Clemson_p111_c1_grm_std_uni,1,4.533691883087158,-5.448936462402344,1
Clemson_p111_c1_grm_std_uni,1,5.673379898071289,-6.226466178894043,1
Clemson_p111_c1_grm_std_uni,1,5.916365146636963,-6.742096424102783,1
Clemson_p111_c1_grm_std_uni,1,5.51586389541626,-6.717994213104248,1
Clemson_p111_c1_grm_std_uni,1,5.166875839233398,-6.683191299438477,1
Clemson_p111_c1_grm_std_uni,1,4.748046875,-6.455423831939697,1
Clemson_p111_c1_grm_std_uni,1,4.3959527015686035,-5.764691352844238,1
Clemson_p111_c1_grm_std_uni,1,4.2187724113464355,-5.0860490798950195,1
Clemson_p111_c1_grm_std_uni,1,4.1987128257751465,-4.952280521392822,1
Clemson_p111_c1_grm_std_uni,1,4.2328877449035645,-4.566425800323486,1
Clemson_p111_c1_grm_std_uni,2,4.253616809844971,-3.961031913757324,1
Clemson_p111_c1_grm_std_uni,2,4.5805888175964355,-4.078396797180176,1
Clemson_p111_c1_grm_std_uni,2,4.546655654907227,-3.984633207321167,1
Clemson_p111_c1_grm_std_uni,2,4.59164571762085,-3.990971803665161,1
Clemson_p111_c1_grm_std_uni,2,4.3184428215026855,-3.316511631011963,1
Clemson_p111_c1_grm_std_uni,2,4.155423164367676,-2.8047168254852295,1
Clemson_p111_c1_grm_std_uni,2,4.105083465576172,-2.879378080368042,1
Clemson_p111_c1_grm_std_uni,2,4.025723934173584,-3.0770034790039062,1
Clemson_p111_c1_grm_std_uni,2,3.9314188957214355,-2.874624013900757,1
Clemson_p111_c1_grm_std_uni,2,3.9198663234710693,-2.7326431274414062,1
Clemson_p111_c1_grm_std_uni,2,3.8565893173217773,-2.637791633605957,1
Clemson_p111_c1_grm_std_uni,2,3.2233664989471436,-2.0559873580932617,1
Clemson_p111_c1_grm_std_uni,2,1.123037338256836,-0.37997615337371826,1
Clemson_p111_c1_grm_std_uni,1,0.5774496793746948,-0.8384001851081848,1
Clemson_p111_c1_grm_std_uni,1,2.389500141143799,-3.5385124683380127,1
Clemson_p111_c1_grm_std_uni,1,3.7508363723754883,-5.500760555267334,1
Clemson_p111_c1_grm_std_uni,1,4.067870616912842,-6.060120105743408,1
Clemson_p111_c1_grm_std_uni,1,4.932154655456543,-6.578985691070557,1
Clemson_p111_c1_grm_std_uni,1,5.20820951461792,-5.85247278213501,1
Clemson_p111_c1_grm_std_uni,1,5.467145919799805,-5.771406650543213,1
Clemson_p111_c1_grm_std_uni,1,5.583322525024414,-6.133508682250977,1
Clemson_p111_c1_grm_std_uni,1,5.389302730560303,-6.359461307525635,1
Clemson_p111_c1_grm_std_uni,1,5.7840800285339355,-6.552069187164307,1
Clemson_p111_c1_grm_std_uni,1,5.1555585861206055,-6.212563514709473,1
Clemson_p111_c1_grm_std_uni,1,3.8992679119110107,-4.086116790771484,1
Clemson_p111_c1_grm_std_uni,2,1.9218791723251343,-2.1204988956451416,1
Clemson_p111_c1_grm_std_uni,2,0.9220276474952698,-1.460914969444275,1
Clemson_p111_c1_grm_std_uni,2,1.621311068534851,-2.3210740089416504,1
Clemson_p111_c1_grm_std_uni,2,3.4424617290496826,-4.65178108215332,1
Clemson_p111_c1_grm_std_uni,2,4.037298202514648,-5.55568790435791,1
Clemson_p111_c1_grm_std_uni,2,4.4133124351501465,-6.076361179351807,1
Clemson_p111_c1_grm_std_uni,2,6.209427833557129,-6.88389253616333,1
Clemson_p111_c1_grm_std_uni,2,6.78822660446167,-6.897030353546143,1
Clemson_p111_c1_grm_std_uni,2,6.1514434814453125,-6.051353454589844,1
Clemson_p111_c1_grm_std_uni,2,4.120848178863525,-3.8226370811462402,1
Clemson_p111_c1_grm_std_uni,2,2.2665443420410156,-2.788780689239502,1
Clemson_p111_c1_grm_std_uni,2,2.3138363361358643,-3.2369110584259033,1
Clemson_p111_c1_grm_std_uni,2,3.6710946559906006,-6.034355163574219,1
Clemson_p111_c1_grm_std_uni,2,4.087555885314941,-6.577025413513184,1
Clemson_p111_c1_grm_std_uni,2,3.9413490295410156,-6.406045913696289,1
Clemson_p111_c1_grm_std_uni,2,4.436776638031006,-6.579628944396973,1
Clemson_p111_c1_grm_std_uni,1,4.95671272277832,-6.3005852699279785,1
Clemson_p111_c1_grm_std_uni,1,5.053408145904541,-6.228090763092041,1
Clemson_p111_c1_grm_std_uni,1,4.987027168273926,-6.22857666015625,1
Clemson_p111_c1_grm_std_uni,1,4.905611038208008,-6.294850826263428,1
Clemson_p111_c1_grm_std_uni,1,4.729594707489014,-6.156920433044434,1
Clemson_p111_c1_grm_std_uni,1,4.5923752784729,-6.034348487854004,1
Clemson_p111_c1_grm_std_uni,1,4.509628772735596,-6.218578815460205,1
Clemson_p111_c1_grm_std_uni,1,4.4416375160217285,-6.1831955909729,1
Clemson_p111_c1_grm_std_uni,1,4.786770343780518,-6.349691867828369,1
Clemson_p111_c1_grm_std_uni,1,4.154633045196533,-4.970149040222168,1
Clemson_p111_c1_grm_std_uni,1,1.5598434209823608,-2.867304801940918,1
Clemson_p111_c1_grm_std_uni,1,1.2506991624832153,-3.3184266090393066,1
Clemson_p111_c1_grm_std_uni,1,2.8733344078063965,-4.862422466278076,1
Clemson_p111_c1_grm_std_uni,1,3.213362693786621,-5.326827526092529,1
Clemson_p111_c1_grm_std_uni,1,3.3642513751983643,-5.374190330505371,1
Clemson_p111_c1_grm_std_uni,1,2.726012945175171,-4.39505672454834,1
Clemson_p111_c1_grm_std_uni,1,3.0359156131744385,-4.014404773712158,1
Clemson_p111_c1_grm_std_uni,1,3.8575758934020996,-4.402444362640381,1
Clemson_p111_c1_grm_std_uni,1,4.239991188049316,-4.775519847869873,1
Clemson_p111_c1_grm_std_uni,1,4.403068542480469,-5.014970779418945,1
Clemson_p111_c1_grm_std_uni,1,4.459950923919678,-5.108311176300049,1
Clemson_p111_c1_grm_std_uni,1,4.494473934173584,-5.16276216506958,1
Clemson_p111_c1_grm_std_uni,1,4.557847023010254,-5.2317423820495605,1
Clemson_p111_c1_grm_std_uni,1,4.522839069366455,-5.178206443786621,1
Clemson_p111_c1_grm_std_uni,1,4.380950927734375,-4.983211994171143,1
Clemson_p111_c1_grm_std_uni,1,4.154825210571289,-4.789697647094727,1
Clemson_p111_c1_grm_std_uni,1,3.9880900382995605,-4.695993423461914,1
Clemson_p111_c1_grm_std_uni,1,3.8228163719177246,-4.65017557144165,1
Clemson_p111_c1_grm_std_uni,1,3.6574583053588867,-4.42656946182251,1
Clemson_p111_c1_grm_std_uni,1,3.6541812419891357,-4.358903884887695,1
Clemson_p111_c1_grm_std_uni,1,3.701808452606201,-4.4212965965271,1
Clemson_p111_c1_grm_std_uni,2,3.8267054557800293,-4.4787750244140625,1
Clemson_p111_c1_grm_std_uni,2,3.912843942642212,-4.297403335571289,1
Clemson_p111_c1_grm_std_uni,2,2.746965169906616,-2.190652370452881,1
Clemson_p111_c1_grm_std_uni,2,1.18519926071167,-0.6502612829208374,1
Clemson_p111_c1_grm_std_uni,2,2.3720664978027344,-2.531015157699585,1
Clemson_p111_c1_grm_std_uni,2,2.9321694374084473,-3.476459503173828,1
Clemson_p111_c1_grm_std_uni,2,2.963515043258667,-3.7633402347564697,1
Clemson_p111_c1_grm_std_uni,2,4.232056617736816,-4.556923866271973,1
Clemson_p111_c1_grm_std_uni,2,4.281776428222656,-4.54097843170166,1
Clemson_p111_c1_grm_std_uni,2,2.890316963195801,-3.3423924446105957,1
Clemson_p111_c1_grm_std_uni,2,3.4838645458221436,-3.8853771686553955,1
Clemson_p111_c1_grm_std_uni,2,4.755939960479736,-4.907468318939209,1
Clemson_p111_c1_grm_std_uni,2,4.381697177886963,-4.05758810043335,1
Clemson_p111_c1_grm_std_uni,2,3.8481905460357666,-3.389662981033325,1
Clemson_p111_c1_grm_std_uni,2,3.148320436477661,-3.121140241622925,1
Clemson_p111_c1_grm_std_uni,2,3.2163825035095215,-3.5309972763061523,1
Clemson_p111_c1_grm_std_uni,2,3.3620572090148926,-3.966618061065674,1
Clemson_p111_c1_grm_std_uni,2,3.526383876800537,-4.1866912841796875,1
Clemson_p111_c1_grm_std_uni,2,3.668200731277466,-4.191380500793457,1
Clemson_p111_c1_grm_std_uni,1,2.050940752029419,-2.1084342002868652,1
Clemson_p111_c1_grm_std_uni,1,1.4905363321304321,-1.6769474744796753,1
Clemson_p111_c1_grm_std_uni,1,3.6794939041137695,-3.7613413333892822,1
Clemson_p111_c1_grm_std_uni,1,3.7002310752868652,-3.9135050773620605,1
Clemson_p111_c1_grm_std_uni,1,3.600001096725464,-3.8068089485168457,1
Clemson_p111_c1_grm_std_uni,2,3.7300126552581787,-3.773298740386963,1
Clemson_p111_c1_grm_std_uni,2,3.5302276611328125,-3.244361162185669,1
Clemson_p111_c1_grm_std_uni,2,3.5181825160980225,-3.297780752182007,1
Clemson_p111_c1_grm_std_uni,2,3.6622705459594727,-3.612715482711792,1
Clemson_p111_c1_grm_std_uni,2,3.578496217727661,-3.3879382610321045,1
Clemson_p111_c1_grm_std_uni,2,2.9439492225646973,-2.8118748664855957,1
Clemson_p111_c1_grm_std_uni,2,3.3666183948516846,-3.4121038913726807,1
Clemson_p111_c1_grm_std_uni,2,4.049635410308838,-4.139922618865967,1
Clemson_p111_c1_grm_std_uni,2,3.753107786178589,-3.898817300796509,1
Clemson_p111_c1_grm_std_uni,2,2.5263025760650635,-2.913433074951172,1
Clemson_p111_c1_grm_std_uni,2,2.178148031234741,-2.727543830871582,1
Clemson_p111_c1_grm_std_uni,2,2.8829782009124756,-3.3920464515686035,1
Clemson_p111_c1_grm_std_uni,2,3.8051702976226807,-4.12258243560791,1
Clemson_p111_c1_grm_std_uni,1,4.5614118576049805,-4.868559837341309,1
Clemson_p111_c1_grm_std_uni,1,4.507482528686523,-4.623311996459961,1
Clemson_p111_c1_grm_std_uni,1,4.427733421325684,-4.360302448272705,1
Clemson_p111_c1_grm_std_uni,1,4.308042049407959,-4.365866184234619,1
Clemson_p111_c1_grm_std_uni,1,4.29837703704834,-4.427969455718994,1
Clemson_p111_c1_grm_std_uni,1,4.29551887512207,-4.403780460357666,1
Clemson_p111_c1_grm_std_uni,1,4.220075607299805,-4.264289379119873,1
Clemson_p111_c1_grm_std_uni,1,4.015710353851318,-4.008814811706543,1
Clemson_p111_c1_grm_std_uni,1,3.5922722816467285,-3.4278645515441895,1
Clemson_p111_c1_grm_std_uni,1,0.9277368783950806,-1.1644680500030518,1
Clemson_p111_c1_grm_std_uni,1,1.0096930265426636,-1.7373532056808472,1
Clemson_p111_c1_grm_std_uni,1,3.4066154956817627,-4.831346035003662,1
Clemson_p111_c1_grm_std_uni,1,3.6631507873535156,-5.182648658752441,1
Clemson_p111_c1_grm_std_uni,1,4.498559474945068,-5.80289888381958,1
Clemson_p111_c1_grm_std_uni,1,4.980587959289551,-5.91881799697876,1
Clemson_p111_c1_grm_std_uni,1,5.167447090148926,-5.866968631744385,1
Clemson_p111_c1_grm_std_uni,1,5.085075378417969,-5.733460426330566,1
Clemson_p111_c1_grm_std_uni,1,4.988399982452393,-5.590291976928711,1
Clemson_p111_c1_grm_std_uni,1,4.9369659423828125,-5.462708950042725,1
Clemson_p111_c1_grm_std_uni,1,4.921303749084473,-5.318488121032715,1
Clemson_p111_c1_grm_std_uni,1,4.923115253448486,-5.089680194854736,1
Clemson_p111_c1_grm_std_uni,1,4.830918788909912,-4.823862075805664,1
Clemson_p111_c1_grm_std_uni,1,4.757100582122803,-4.745163440704346,1
Clemson_p111_c1_grm_std_uni,1,4.568763256072998,-4.654359817504883,1
Clemson_p111_c1_grm_std_uni,1,4.244746208190918,-4.207635879516602,1
Clemson_p111_c1_grm_std_uni,1,3.514901638031006,-3.2547123432159424,1
Clemson_p111_c1_grm_std_uni,1,3.8165342807769775,-2.891761302947998,1
Clemson_p111_c1_grm_std_uni,1,3.9560534954071045,-3.0256381034851074,1
Clemson_p111_c1_grm_std_uni,1,4.108809471130371,-3.3268442153930664,1
Clemson_p111_c1_grm_std_uni,1,4.300156593322754,-3.7169137001037598,1
Clemson_p111_c1_grm_std_uni,1,3.8842813968658447,-3.4635140895843506,1
Clemson_p111_c1_grm_std_uni,1,3.9603238105773926,-3.876217842102051,1
Clemson_p111_c1_grm_std_uni,1,4.294508934020996,-4.615580081939697,1
Clemson_p111_c1_grm_std_uni,1,3.166499376296997,-3.4996798038482666,1
Clemson_p111_c1_grm_std_uni,1,2.082880735397339,-2.7171316146850586,1
Clemson_p111_c1_grm_std_uni,1,1.9320718050003052,-2.7990610599517822,1
Clemson_p111_c1_grm_std_uni,1,2.6532247066497803,-3.4845693111419678,1
Clemson_p111_c1_grm_std_uni,1,3.4041762351989746,-3.8103554248809814,1
Clemson_p111_c1_grm_std_uni,1,4.765600681304932,-5.3248395919799805,1
Clemson_p111_c1_grm_std_uni,1,5.02107572555542,-5.554628372192383,1
Clemson_p111_c1_grm_std_uni,1,4.90261697769165,-5.382291793823242,1
Clemson_p111_c1_grm_std_uni,1,4.961868762969971,-5.308468818664551,1
Clemson_p111_c1_grm_std_uni,1,4.965211868286133,-4.828465461730957,1
Clemson_p111_c1_grm_std_uni,1,4.703207015991211,-4.378028869628906,1
Clemson_p111_c1_grm_std_uni,1,4.443626880645752,-4.585379123687744,1
Clemson_p111_c1_grm_std_uni,1,4.661229610443115,-5.313817501068115,1
Clemson_p111_c1_grm_std_uni,1,4.898314952850342,-5.67524528503418,1
Clemson_p111_c1_grm_std_uni,1,4.897697925567627,-5.669894218444824,1
Clemson_p111_c1_grm_std_uni,1,4.709537982940674,-5.318504333496094,1
Clemson_p111_c1_grm_std_uni,1,4.546970844268799,-5.161026954650879,1
Clemson_p111_c1_grm_std_uni,1,4.560168266296387,-5.026422023773193,1
Clemson_p111_c1_grm_std_uni,2,4.553375244140625,-4.773379325866699,1
Clemson_p111_c1_grm_std_uni,2,4.940005302429199,-5.086288928985596,1
Clemson_p111_c1_grm_std_uni,2,4.705690383911133,-4.999598979949951,1
Clemson_p111_c1_grm_std_uni,2,4.398988246917725,-4.606268405914307,1
Clemson_p111_c1_grm_std_uni,2,4.238691806793213,-4.744944095611572,1
Clemson_p111_c1_grm_std_uni,2,3.9412856101989746,-4.256738185882568,1
Clemson_p111_c1_grm_std_uni,2,2.6067347526550293,-2.7128350734710693,1
Clemson_p111_c1_grm_std_uni,2,-1.4435054063796997,2.6923866271972656,2
Clemson_p111_c1_grm_std_uni,2,-0.9760311841964722,2.170649290084839,1
Clemson_p111_c1_grm_std_uni,2,1.712287187576294,-2.1180899143218994,1
Clemson_p111_c1_grm_std_uni,2,3.661579132080078,-4.853600978851318,1
Clemson_p111_c1_grm_std_uni,2,4.262781143188477,-5.969575881958008,1
Clemson_p111_c1_grm_std_uni,2,4.36545991897583,-6.257885456085205,1
Clemson_p111_c1_grm_std_uni,2,4.297355651855469,-6.281134128570557,1
Clemson_p111_c1_grm_std_uni,2,4.286485195159912,-6.303006649017334,1
Clemson_p111_c1_grm_std_uni,2,4.385199069976807,-6.400448799133301,1
Clemson_p111_c1_grm_std_uni,2,4.4957966804504395,-6.490458965301514,1
Clemson_p111_c1_grm_std_uni,2,4.617138862609863,-6.5699381828308105,1
Clemson_p111_c1_grm_std_uni,2,4.836371421813965,-6.719266891479492,1
Clemson_p111_c1_grm_std_uni,2,5.066839218139648,-6.912393093109131,1
Clemson_p111_c1_grm_std_uni,2,5.556821823120117,-7.072213649749756,1
Clemson_p111_c1_grm_std_uni,2,6.603247165679932,-7.510581970214844,1
Clemson_p111_c1_grm_std_uni,1,7.319862365722656,-7.285223484039307,1
Clemson_p111_c1_grm_std_uni,1,6.941616535186768,-6.673155307769775,1
Clemson_p111_c1_grm_std_uni,1,6.58109712600708,-6.405894756317139,1
Clemson_p111_c1_grm_std_uni,1,6.365611553192139,-6.293195724487305,1
Clemson_p111_c1_grm_std_uni,1,6.182093143463135,-6.129499912261963,1
Clemson_p111_c1_grm_std_uni,1,5.971726417541504,-5.825155258178711,1
Clemson_p111_c1_grm_std_uni,1,5.722551345825195,-5.477463722229004,1
Clemson_p111_c1_grm_std_uni,1,5.446883201599121,-5.247552394866943,1
Clemson_p111_c1_grm_std_uni,1,5.5445556640625,-5.147598743438721,1
Clemson_p111_c1_grm_std_uni,1,4.980708599090576,-4.702836990356445,1
Clemson_p111_c1_grm_std_uni,1,3.8527238368988037,-4.54534387588501,1
Clemson_p111_c1_grm_std_uni,1,3.1295504570007324,-4.2427849769592285,1
Clemson_p111_c1_grm_std_uni,1,4.17601203918457,-5.5227179527282715,1
Clemson_p111_c1_grm_std_uni,1,4.598604679107666,-5.481842041015625,1
Clemson_p111_c1_grm_std_uni,1,4.760581016540527,-5.178188800811768,1
Clemson_p111_c1_grm_std_uni,1,4.689777851104736,-4.943085193634033,1
Clemson_p111_c1_grm_std_uni,1,4.625895977020264,-4.58120584487915,1
Clemson_p111_c1_grm_std_uni,1,4.1717529296875,-3.778069019317627,1
Clemson_p111_c1_grm_std_uni,1,3.587628126144409,-3.6289944648742676,1
Clemson_p111_c1_grm_std_uni,1,3.618018627166748,-4.236624240875244,1
Clemson_p111_c1_grm_std_uni,1,3.578474998474121,-4.2995991706848145,1
Clemson_p111_c1_grm_std_uni,1,3.974421977996826,-4.624242782592773,1
Clemson_p111_c1_grm_std_uni,1,4.13380241394043,-4.594702243804932,1
Clemson_p111_c1_grm_std_uni,1,3.4314215183258057,-3.571443796157837,1
Clemson_p111_c1_grm_std_uni,1,3.213308811187744,-3.4849510192871094,1
Clemson_p111_c1_grm_std_uni,1,4.411554336547852,-4.870918273925781,1
Clemson_p111_c1_grm_std_uni,1,4.411650657653809,-4.909355163574219,1
Clemson_p111_c1_grm_std_uni,1,4.433476448059082,-4.888938903808594,1
Clemson_p111_c1_grm_std_uni,1,4.541268825531006,-4.986205577850342,1
Clemson_p111_c1_grm_std_uni,1,4.583700180053711,-5.0204925537109375,1
Clemson_p111_c1_grm_std_uni,1,4.605881690979004,-5.025464057922363,1
Clemson_p111_c1_grm_std_uni,1,4.62192964553833,-5.020756244659424,1
Clemson_p111_c1_grm_std_uni,1,4.523786544799805,-4.916125297546387,1
Clemson_p111_c1_grm_std_uni,1,4.518866539001465,-4.912684440612793,1
Clemson_p111_c1_grm_std_uni,1,4.476716041564941,-4.880869388580322,1
Clemson_p111_c1_grm_std_uni,1,4.4691267013549805,-4.94466495513916,1
Clemson_p111_c1_grm_std_uni,1,4.47205114364624,-4.969104290008545,1
Clemson_p111_c1_grm_std_uni,1,4.372912883758545,-4.824661731719971,1
Clemson_p111_c1_grm_std_uni,1,3.876962184906006,-4.275601387023926,1
Clemson_p111_c1_grm_std_uni,1,4.186666011810303,-4.682788372039795,1
Clemson_p111_c1_grm_std_uni,1,4.671548366546631,-5.154458999633789,1
Clemson_p111_c1_grm_std_uni,1,4.735724925994873,-5.031538486480713,1
Clemson_p111_c1_grm_std_uni,1,4.587893962860107,-4.842521667480469,1
Clemson_p111_c1_grm_std_uni,1,4.88656759262085,-5.114510536193848,1
Clemson_p111_c1_grm_std_uni,1,4.949920654296875,-5.16832160949707,1
Clemson_p111_c1_grm_std_uni,1,4.95320987701416,-5.145187854766846,1
Clemson_p111_c1_grm_std_uni,1,5.022618293762207,-5.166069507598877,1
Clemson_p111_c1_grm_std_uni,1,4.762241840362549,-4.851856708526611,1
Clemson_p111_c1_grm_std_uni,1,4.093123435974121,-4.199842929840088,1
Clemson_p111_c1_grm_std_uni,1,3.7501113414764404,-3.614452838897705,1
Clemson_p111_c1_grm_std_uni,1,3.5813374519348145,-3.1716341972351074,1
Clemson_p111_c1_grm_std_uni,1,3.4386887550354004,-2.8129124641418457,1
Clemson_p111_c1_grm_std_uni,1,3.5461502075195312,-3.0293359756469727,1
Clemson_p111_c1_grm_std_uni,1,3.4085640907287598,-2.9945664405822754,1
Clemson_p111_c1_grm_std_uni,1,3.331428050994873,-3.0796620845794678,1
Clemson_p111_c1_grm_std_uni,1,3.2781338691711426,-3.110435724258423,1
Clemson_p111_c1_grm_std_uni,1,3.690823554992676,-3.2668652534484863,1
Clemson_p111_c1_grm_std_uni,1,3.8418679237365723,-3.5998833179473877,1
Clemson_p111_c1_grm_std_uni,1,3.8570468425750732,-3.787053108215332,1
Clemson_p111_c1_grm_std_uni,1,3.911036729812622,-3.859651803970337,1
Clemson_p111_c1_grm_std_uni,1,3.985560178756714,-3.852898359298706,1
Clemson_p111_c1_grm_std_uni,1,4.132508754730225,-3.9027535915374756,1
Clemson_p111_c1_grm_std_uni,1,4.147215843200684,-3.699594736099243,1
Clemson_p111_c1_grm_std_uni,1,4.109035491943359,-3.247885227203369,1
Clemson_p111_c1_grm_std_uni,1,3.8704702854156494,-2.563697576522827,1
Clemson_p111_c1_grm_std_uni,1,3.4087421894073486,-1.9475659132003784,1
Clemson_p111_c1_grm_std_uni,1,2.703007221221924,-1.7886766195297241,1
Clemson_p111_c1_grm_std_uni,1,2.564053773880005,-2.2992148399353027,1
Clemson_p111_c1_grm_std_uni,1,2.957454204559326,-2.973515272140503,1
Clemson_p111_c1_grm_std_uni,1,3.242866277694702,-3.2044107913970947,1
Clemson_p111_c1_grm_std_uni,1,3.319382429122925,-3.375645875930786,1
Clemson_p111_c1_grm_std_uni,1,3.30015230178833,-3.345658779144287,1
Clemson_p111_c1_grm_std_uni,1,3.3057050704956055,-3.3754971027374268,1
Clemson_p111_c1_grm_std_uni,1,3.1985745429992676,-3.257385492324829,1
Clemson_p111_c1_grm_std_uni,1,2.640403985977173,-2.614107370376587,1
Clemson_p111_c1_grm_std_uni,1,2.629589319229126,-2.6237199306488037,1
Clemson_p111_c1_grm_std_uni,1,3.014914035797119,-3.0921945571899414,1
Clemson_p111_c1_grm_std_uni,1,3.001798391342163,-3.1365408897399902,1
Clemson_p111_c1_grm_std_uni,1,2.9945228099823,-3.1142396926879883,1
Clemson_p111_c1_grm_std_uni,1,3.036713123321533,-3.1497459411621094,1
Clemson_p111_c1_grm_std_uni,1,3.0838165283203125,-3.203212261199951,1
Clemson_p111_c1_grm_std_uni,1,3.157318592071533,-3.2795190811157227,1
Clemson_p111_c1_grm_std_uni,1,3.213817834854126,-3.3031768798828125,1
Clemson_p111_c1_grm_std_uni,1,3.264953851699829,-3.331315517425537,1
Clemson_p111_c1_grm_std_uni,1,3.406040906906128,-3.4688355922698975,1
Clemson_p111_c1_grm_std_uni,1,3.673293352127075,-3.7740488052368164,1
Clemson_p111_c1_grm_std_uni,1,3.831465244293213,-3.9748499393463135,1
Clemson_p111_c1_grm_std_uni,1,3.91828989982605,-4.030765056610107,1
Clemson_p111_c1_grm_std_uni,1,4.053718090057373,-4.105886936187744,1
Clemson_p111_c1_grm_std_uni,1,4.220518112182617,-4.188989162445068,1
Clemson_p111_c1_grm_std_uni,1,4.397887706756592,-4.2954912185668945,1
Clemson_p111_c1_grm_std_uni,1,4.296452045440674,-4.208302974700928,1
Clemson_p111_c1_grm_std_uni,1,4.101855278015137,-3.9510397911071777,1
Clemson_p111_c1_grm_std_uni,1,3.7916438579559326,-3.6604087352752686,1
Clemson_p111_c1_grm_std_uni,1,3.8550515174865723,-3.6945443153381348,1
Clemson_p111_c1_grm_std_uni,1,3.862800121307373,-3.762505531311035,1
Clemson_p111_c1_grm_std_uni,1,3.919692039489746,-3.826601982116699,1
Clemson_p111_c1_grm_std_uni,1,4.14545202255249,-4.061204433441162,1
Clemson_p111_c1_grm_std_uni,1,4.493354320526123,-4.411610126495361,1
Clemson_p111_c1_grm_std_uni,1,4.925825119018555,-4.7955002784729,1
Clemson_p111_c1_grm_std_uni,1,5.284253120422363,-5.368555545806885,1
Clemson_p111_c1_grm_std_uni,1,5.137747764587402,-5.062038898468018,1
Clemson_p111_c1_grm_std_uni,1,3.8240890502929688,-3.6270341873168945,1
Clemson_p111_c1_grm_std_uni,1,3.426621913909912,-3.7420079708099365,1
Clemson_p111_c1_grm_std_uni,1,4.532023906707764,-4.482558727264404,1
Clemson_p111_c1_grm_std_uni,1,4.102536201477051,-4.9904608726501465,1
Clemson_p111_c1_grm_std_uni,1,3.2351717948913574,-4.6494598388671875,1
Clemson_p111_c1_grm_std_uni,1,0.9757328629493713,-1.776144027709961,1
Clemson_p111_c1_grm_std_uni,1,0.3496848940849304,-0.18229445815086365,1
Clemson_p111_c1_grm_std_uni,1,1.3021196126937866,-1.2599307298660278,1
Clemson_p111_c1_grm_std_uni,1,2.810045003890991,-4.026736736297607,1
Clemson_p111_c1_grm_std_uni,1,4.519340991973877,-6.282564640045166,1
Clemson_p111_c1_grm_std_uni,1,4.591547012329102,-6.485886096954346,1
Clemson_p111_c1_grm_std_uni,1,4.327589511871338,-6.767820358276367,1
Clemson_p111_c1_grm_std_uni,1,4.5480523109436035,-6.796193599700928,1
Clemson_p111_c1_grm_std_uni,1,4.554683208465576,-6.863712787628174,1
Clemson_p111_c1_grm_std_uni,1,5.63250207901001,-6.666718482971191,1
Clemson_p111_c1_grm_std_uni,1,5.291723728179932,-6.254244327545166,1
Clemson_p111_c1_grm_std_uni,1,5.134993553161621,-5.986403942108154,1
Clemson_p111_c1_grm_std_uni,1,5.095314025878906,-5.892941951751709,1
Clemson_p111_c1_grm_std_uni,1,5.139685153961182,-6.062780380249023,1
Clemson_p111_c1_grm_std_uni,1,5.077291965484619,-5.966302871704102,1
Clemson_p111_c1_grm_std_uni,1,5.00169038772583,-5.740242958068848,1
Clemson_p111_c1_grm_std_uni,1,4.964578151702881,-5.509729385375977,1
Clemson_p111_c1_grm_std_uni,1,5.0625715255737305,-5.388298034667969,1
Clemson_p111_c1_grm_std_uni,1,4.985594272613525,-5.181365013122559,1
Clemson_p111_c1_grm_std_uni,1,4.322447776794434,-4.63360071182251,1
Clemson_p111_c1_grm_std_uni,1,5.521848201751709,-6.015409469604492,1
Clemson_p111_c1_grm_std_uni,1,5.631704330444336,-6.073618412017822,1
Clemson_p111_c1_grm_std_uni,1,5.409351825714111,-5.658841609954834,1
Clemson_p111_c1_grm_std_uni,1,5.444755554199219,-5.617746353149414,1
Clemson_p111_c1_grm_std_uni,1,5.581820964813232,-5.752162456512451,1
Clemson_p111_c1_grm_std_uni,1,5.457826137542725,-5.590084552764893,1
Clemson_p111_c1_grm_std_uni,1,5.321340560913086,-5.417469501495361,1
Clemson_p111_c1_grm_std_uni,1,5.340163230895996,-5.368084907531738,1
Clemson_p111_c1_grm_std_uni,1,5.282227039337158,-5.24614953994751,1
Clemson_p111_c1_grm_std_uni,1,4.688910961151123,-4.821388244628906,1
Clemson_p111_c1_grm_std_uni,1,4.425356388092041,-4.604793071746826,1
Clemson_p111_c1_grm_std_uni,1,4.222839832305908,-4.566987991333008,1
Clemson_p111_c1_grm_std_uni,1,4.161585330963135,-4.71648645401001,1
Clemson_p111_c1_grm_std_uni,1,4.42568826675415,-5.089361667633057,1
Clemson_p111_c1_grm_std_uni,1,4.997631549835205,-5.340804576873779,1
Clemson_p111_c1_grm_std_uni,1,5.065037250518799,-5.413106918334961,1
Clemson_p111_c1_grm_std_uni,1,4.941099166870117,-5.155200481414795,1
Clemson_p111_c1_grm_std_uni,1,2.685898780822754,-2.6050684452056885,1
Clemson_p111_c1_grm_std_uni,1,1.7426056861877441,-1.9734588861465454,1
Clemson_p111_c1_grm_std_uni,1,1.4736040830612183,-2.6374919414520264,1
Clemson_p111_c1_grm_std_uni,1,2.6575961112976074,-4.52092981338501,1
Clemson_p111_c1_grm_std_uni,1,3.9970266819000244,-6.392768383026123,1
Clemson_p111_c1_grm_std_uni,1,4.345707893371582,-6.832937717437744,1
Clemson_p111_c1_grm_std_uni,1,4.946882247924805,-7.18853235244751,1
Clemson_p111_c1_grm_std_uni,1,6.212621688842773,-8.423548698425293,1
Clemson_p111_c1_grm_std_uni,1,6.373961448669434,-7.762885093688965,1
Clemson_p111_c1_grm_std_uni,1,6.112933158874512,-7.420630931854248,1
Clemson_p111_c1_grm_std_uni,1,5.063633918762207,-6.421023368835449,1
Clemson_p111_c1_grm_std_uni,1,4.224682807922363,-5.8725972175598145,1
Clemson_p111_c1_grm_std_uni,1,3.764147996902466,-5.123708724975586,1
Clemson_p111_c1_grm_std_uni,1,3.992100715637207,-5.218474388122559,1
Clemson_p111_c1_grm_std_uni,1,5.0899224281311035,-6.321740627288818,1
Clemson_p111_c1_grm_std_uni,1,5.649402141571045,-6.427553176879883,1
Clemson_p111_c1_grm_std_uni,1,5.60136079788208,-6.200119495391846,1
Clemson_p111_c1_grm_std_uni,1,5.382218360900879,-6.090362071990967,1
Clemson_p111_c1_grm_std_uni,1,4.71492338180542,-5.549439907073975,1
Clemson_p111_c1_grm_std_uni,1,4.277600288391113,-5.637927532196045,1
Clemson_p111_c1_grm_std_uni,1,3.2759933471679688,-5.013864517211914,1
Clemson_p111_c1_grm_std_uni,1,1.216569185256958,-1.6795690059661865,1
Clemson_p111_c1_grm_std_uni,1,1.5486912727355957,-2.4959521293640137,1
Clemson_p111_c1_grm_std_uni,2,2.7083213329315186,-3.772625207901001,1
Clemson_p111_c1_grm_std_uni,2,3.3926146030426025,-4.781571865081787,1
Clemson_p111_c1_grm_std_uni,2,4.082369804382324,-5.574877738952637,1
Clemson_p111_c1_grm_std_uni,2,4.005080223083496,-6.061213493347168,1
Clemson_p111_c1_grm_std_uni,2,3.982854127883911,-6.179598331451416,1
Clemson_p111_c1_grm_std_uni,2,4.196673393249512,-5.869736671447754,1
Clemson_p111_c1_grm_std_uni,2,4.44294548034668,-5.329901218414307,1
Clemson_p111_c1_grm_std_uni,2,5.3480224609375,-6.004390239715576,1
Clemson_p111_c1_grm_std_uni,2,6.006296634674072,-7.500566482543945,1
Clemson_p111_c1_grm_std_uni,2,5.504703998565674,-7.339675426483154,1
Clemson_p111_c1_grm_std_uni,2,4.682793617248535,-6.6744465827941895,1
Clemson_p111_c1_grm_std_uni,2,4.79738712310791,-6.615520000457764,1
Clemson_p111_c1_grm_std_uni,1,4.540726184844971,-6.800317764282227,1
Clemson_p111_c1_grm_std_uni,1,3.3101868629455566,-4.507889270782471,1
Clemson_p111_c1_grm_std_uni,1,3.5638580322265625,-4.253602504730225,1
Clemson_p111_c1_grm_std_uni,1,3.5669257640838623,-5.030788898468018,1
Clemson_p111_c1_grm_std_uni,1,4.640229225158691,-6.405401229858398,1
Clemson_p111_c1_grm_std_uni,1,4.858163833618164,-6.79356050491333,1
Clemson_p111_c1_grm_std_uni,1,5.039877891540527,-6.98443603515625,1
Clemson_p111_c1_grm_std_uni,1,5.101922035217285,-7.139005661010742,1
Clemson_p111_c1_grm_std_uni,1,5.058709144592285,-6.949773788452148,1
Clemson_p111_c1_grm_std_uni,1,5.411252498626709,-7.080245494842529,1
Clemson_p111_c1_grm_std_uni,1,5.318974018096924,-7.176260471343994,1
Clemson_p111_c1_grm_std_uni,1,5.011900901794434,-7.363561630249023,1
Clemson_p111_c1_grm_std_uni,1,4.711671829223633,-6.96118688583374,1
Clemson_p111_c1_grm_std_uni,1,4.63641881942749,-6.509824752807617,1
Clemson_p111_c1_grm_std_uni,1,5.124680519104004,-6.842360973358154,1
Clemson_p111_c1_grm_std_uni,1,3.7548587322235107,-5.1939239501953125,1
Clemson_p111_c1_grm_std_uni,1,3.609929323196411,-4.605463981628418,1
Clemson_p111_c1_grm_std_uni,2,2.9292256832122803,-4.38079833984375,1
Clemson_p111_c1_grm_std_uni,2,3.1668026447296143,-5.0856451988220215,1
Clemson_p111_c1_grm_std_uni,2,4.102184295654297,-6.015194892883301,1
Clemson_p111_c1_grm_std_uni,2,4.027360439300537,-6.3613667488098145,1
Clemson_p111_c1_grm_std_uni,2,3.738856554031372,-6.497721195220947,1
Clemson_p111_c1_grm_std_uni,2,3.8901126384735107,-6.1683244705200195,1
Clemson_p111_c1_grm_std_uni,2,4.93133020401001,-6.171670913696289,1
Clemson_p111_c1_grm_std_uni,2,5.878878116607666,-6.368502616882324,1
Clemson_p111_c1_grm_std_uni,2,6.606584548950195,-7.401815414428711,1
Clemson_p111_c1_grm_std_uni,2,6.557662010192871,-7.491603374481201,1
Clemson_p111_c1_grm_std_uni,2,5.893100261688232,-6.6817545890808105,1
Clemson_p111_c1_grm_std_uni,2,5.472336769104004,-6.19627046585083,1
Clemson_p111_c1_grm_std_uni,1,5.32009220123291,-6.055030822753906,1
Clemson_p111_c1_grm_std_uni,1,5.2409443855285645,-6.090890407562256,1
Clemson_p111_c1_grm_std_uni,1,4.747420787811279,-5.471336841583252,1
Clemson_p111_c1_grm_std_uni,1,3.372866630554199,-3.835047960281372,1
Clemson_p111_c1_grm_std_uni,1,1.2079917192459106,-1.96730375289917,1
Clemson_p111_c1_grm_std_uni,1,2.518855571746826,-2.867016077041626,1
Clemson_p111_c1_grm_std_uni,1,4.62762451171875,-5.253362655639648,1
Clemson_p111_c1_grm_std_uni,1,5.443055152893066,-6.42832612991333,1
Clemson_p111_c1_grm_std_uni,1,5.13700532913208,-5.881350994110107,1
Clemson_p111_c1_grm_std_uni,1,4.886149883270264,-5.29472017288208,1
Clemson_p111_c1_grm_std_uni,1,4.812320232391357,-4.719155311584473,1
Clemson_p111_c1_grm_std_uni,1,4.740649223327637,-4.542665958404541,1
Clemson_p111_c1_grm_std_uni,1,4.861371040344238,-4.588906764984131,1
Clemson_p111_c1_grm_std_uni,1,4.8356709480285645,-4.644275188446045,1
Clemson_p111_c1_grm_std_uni,1,4.83579683303833,-4.785100936889648,1
Clemson_p111_c1_grm_std_uni,1,4.976566791534424,-5.217028617858887,1
Clemson_p111_c1_grm_std_uni,1,4.865731716156006,-5.511283874511719,1
Clemson_p111_c1_grm_std_uni,1,4.575945854187012,-5.321855068206787,1
Clemson_p111_c1_grm_std_uni,1,4.336999893188477,-5.060871601104736,1
Clemson_p111_c1_grm_std_uni,1,4.202503204345703,-4.860727310180664,1
Clemson_p111_c1_grm_std_uni,1,4.146018028259277,-4.687562942504883,1
Clemson_p111_c1_grm_std_uni,1,4.057287693023682,-4.502139568328857,1
Clemson_p111_c1_grm_std_uni,1,3.873444080352783,-4.091960430145264,1
Clemson_p111_c1_grm_std_uni,1,1.8259265422821045,-1.5366030931472778,1
Clemson_p111_c1_grm_std_uni,1,2.181633949279785,-2.4712612628936768,1
Clemson_p111_c1_grm_std_uni,1,3.935454845428467,-4.664107799530029,1
Clemson_p111_c1_grm_std_uni,1,4.209970474243164,-5.153849124908447,1
Clemson_p111_c1_grm_std_uni,1,4.046378135681152,-4.9712066650390625,1
Clemson_p111_c1_grm_std_uni,1,3.7195041179656982,-4.642702579498291,1
Clemson_p111_c1_grm_std_uni,1,3.4971730709075928,-4.223749160766602,1
Clemson_p111_c1_grm_std_uni,1,3.3753037452697754,-3.6828980445861816,1
Clemson_p111_c1_grm_std_uni,1,2.8516876697540283,-2.233537435531616,1
Clemson_p111_c1_grm_std_uni,1,1.6092594861984253,-1.247867465019226,1
Clemson_p111_c1_grm_std_uni,1,1.1682536602020264,-1.4381603002548218,1
Clemson_p111_c1_grm_std_uni,1,1.7035255432128906,-2.1436784267425537,1
Clemson_p111_c1_grm_std_uni,1,2.3067219257354736,-2.898310899734497,1
Clemson_p111_c1_grm_std_uni,1,2.7796692848205566,-3.502675771713257,1
Clemson_p111_c1_grm_std_uni,1,2.924614429473877,-3.6433298587799072,1
Clemson_p111_c1_grm_std_uni,1,3.105526924133301,-3.7139334678649902,1
Clemson_p111_c1_grm_std_uni,1,3.9808106422424316,-4.482467174530029,1
Clemson_p111_c1_grm_std_uni,1,5.139554977416992,-5.621980667114258,1
Clemson_p111_c1_grm_std_uni,1,5.126976490020752,-5.293013572692871,1
Clemson_p111_c1_grm_std_uni,1,5.220633506774902,-5.353032112121582,1
Clemson_p111_c1_grm_std_uni,1,5.555190563201904,-5.968902587890625,1
Clemson_p111_c1_grm_std_uni,1,5.698129653930664,-6.466212749481201,1
Clemson_p111_c1_grm_std_uni,1,5.715676307678223,-6.622718811035156,1
Clemson_p111_c1_grm_std_uni,1,5.5267558097839355,-5.920569896697998,1
Clemson_p111_c1_grm_std_uni,1,5.3768086433410645,-5.490412712097168,1
Clemson_p111_c1_grm_std_uni,1,5.225046157836914,-5.487586498260498,1
Clemson_p111_c1_grm_std_uni,1,4.8994879722595215,-5.112581729888916,1
Clemson_p111_c1_grm_std_uni,1,4.894317150115967,-4.884222984313965,1
Clemson_p111_c1_grm_std_uni,1,4.907284736633301,-4.779184341430664,1
Clemson_p111_c1_grm_std_uni,1,5.004147052764893,-4.886772155761719,1
Clemson_p111_c1_grm_std_uni,1,5.117101669311523,-5.028600692749023,1
Clemson_p111_c1_grm_std_uni,1,5.0632548332214355,-4.954472064971924,1
Clemson_p111_c1_grm_std_uni,1,5.067173480987549,-4.875931739807129,1
Clemson_p111_c1_grm_std_uni,1,4.987586975097656,-4.67707633972168,1
Clemson_p111_c1_grm_std_uni,1,4.904924392700195,-4.577005863189697,1
Clemson_p111_c1_grm_std_uni,1,4.900291919708252,-4.530252456665039,1
Clemson_p111_c1_grm_std_uni,1,4.640186786651611,-4.164671897888184,1
Clemson_p111_c1_grm_std_uni,1,4.628170490264893,-4.341039657592773,1
Clemson_p111_c1_grm_std_uni,1,5.067770004272461,-4.734438419342041,1
Clemson_p111_c1_grm_std_uni,1,4.947022438049316,-4.5466132164001465,1
Clemson_p111_c1_grm_std_uni,1,4.708368301391602,-4.45129919052124,1
Clemson_p111_c1_grm_std_uni,1,4.58165979385376,-4.368138313293457,1
Clemson_p111_c1_grm_std_uni,1,4.543961524963379,-4.3671650886535645,1
Clemson_p111_c1_grm_std_uni,1,4.4867658615112305,-4.28916072845459,1
Clemson_p111_c1_grm_std_uni,1,4.44586706161499,-4.209756851196289,1
Clemson_p111_c1_grm_std_uni,1,4.398012638092041,-4.163480281829834,1
Clemson_p111_c1_grm_std_uni,1,4.351667881011963,-4.132355213165283,1
Clemson_p111_c1_grm_std_uni,1,4.315535545349121,-4.112908363342285,1
Clemson_p111_c1_grm_std_uni,1,4.292483329772949,-4.083767414093018,1
Clemson_p111_c1_grm_std_uni,1,4.27844762802124,-4.0619988441467285,1
Clemson_p111_c1_grm_std_uni,1,4.26669454574585,-4.056944370269775,1
Clemson_p111_c1_grm_std_uni,1,4.217926502227783,-4.017299175262451,1
Clemson_p111_c1_grm_std_uni,1,4.1501145362854,-3.9619338512420654,1
Clemson_p111_c1_grm_std_uni,1,4.092097759246826,-3.922571897506714,1
Clemson_p111_c1_grm_std_uni,1,4.013540267944336,-3.8509738445281982,1
Clemson_p111_c1_grm_std_uni,1,4.002456188201904,-3.8524744510650635,1
Clemson_p111_c1_grm_std_uni,1,3.987881898880005,-3.87945294380188,1
Clemson_p111_c1_grm_std_uni,1,3.998121500015259,-3.905660390853882,1
Clemson_p111_c1_grm_std_uni,1,3.9906976222991943,-3.8985595703125,1
Clemson_p111_c1_grm_std_uni,1,3.9511373043060303,-3.8420567512512207,1
Clemson_p111_c1_grm_std_uni,1,3.9204776287078857,-3.81662654876709,1
Clemson_p111_c1_grm_std_uni,1,3.8830456733703613,-3.797292947769165,1
Clemson_p111_c1_grm_std_uni,1,3.887075185775757,-3.830547332763672,1
Clemson_p111_c1_grm_std_uni,1,3.907238006591797,-3.8909912109375,1
Clemson_p111_c1_grm_std_uni,1,3.936419725418091,-3.9538753032684326,1
Clemson_p111_c1_grm_std_uni,1,3.9649300575256348,-4.010014057159424,1
Clemson_p111_c1_grm_std_uni,1,3.972142457962036,-4.0095534324646,1
Clemson_p111_c1_grm_std_uni,1,3.967299699783325,-3.9519548416137695,1
Clemson_p111_c1_grm_std_uni,1,4.002209663391113,-3.9592888355255127,1
Clemson_p111_c1_grm_std_uni,1,4.112185001373291,-4.100621700286865,1
Clemson_p111_c1_grm_std_uni,1,4.2839226722717285,-4.2790846824646,1
Clemson_p111_c1_grm_std_uni,1,4.586936950683594,-4.4520182609558105,1
Clemson_p111_c1_grm_std_uni,1,4.300631999969482,-4.124963283538818,1
Clemson_p111_c1_grm_std_uni,1,3.885138750076294,-4.095340251922607,1
Clemson_p111_c1_grm_std_uni,1,3.9809300899505615,-4.116697311401367,1
Clemson_p111_c1_grm_std_uni,1,4.348275661468506,-4.5439453125,1
Clemson_p111_c1_grm_std_uni,1,4.238550662994385,-4.843472480773926,1
Clemson_p111_c1_grm_std_uni,1,4.15678596496582,-4.878244400024414,1
Clemson_p111_c1_grm_std_uni,1,4.300740718841553,-4.73959493637085,1
Clemson_p111_c1_grm_std_uni,1,4.868566036224365,-4.769790172576904,1
Clemson_p111_c1_grm_std_uni,1,5.0705366134643555,-4.845118045806885,1
Clemson_p111_c1_grm_std_uni,1,4.442941188812256,-4.125068187713623,1
Clemson_p111_c1_grm_std_uni,1,3.9854657649993896,-3.8671507835388184,1
Clemson_p111_c1_grm_std_uni,1,4.217246055603027,-4.2618255615234375,1
Clemson_p111_c1_grm_std_uni,1,2.079932451248169,-1.7058225870132446,1
Clemson_p111_c1_grm_std_uni,1,0.6291257739067078,-0.6095874309539795,1
Clemson_p111_c1_grm_std_uni,1,2.784571647644043,-4.299520492553711,1
Clemson_p111_c1_grm_std_uni,1,4.344302654266357,-6.522834777832031,1
Clemson_p111_c1_grm_std_uni,1,5.240363121032715,-7.359486103057861,1
Clemson_p111_c1_grm_std_uni,1,6.64657735824585,-7.903557300567627,1
Clemson_p111_c1_grm_std_uni,1,7.511778354644775,-7.744756698608398,1
Clemson_p111_c1_grm_std_uni,1,6.877873420715332,-7.423367977142334,1
Clemson_p111_c1_grm_std_uni,1,5.914772033691406,-7.158874034881592,1
Clemson_p111_c1_grm_std_uni,1,5.161812782287598,-6.470152378082275,1
Clemson_p111_c1_grm_std_uni,1,4.68124532699585,-5.655517578125,1
Clemson_p111_c1_grm_std_uni,1,4.0092644691467285,-4.343133449554443,1
Clemson_p111_c1_grm_std_uni,1,2.805405855178833,-3.099517345428467,1
Clemson_p111_c1_grm_std_uni,2,1.920794129371643,-2.1248621940612793,1
Clemson_p111_c1_grm_std_uni,2,1.739162564277649,-1.9625473022460938,1
Clemson_p111_c1_grm_std_uni,2,2.540513038635254,-2.9270741939544678,1
Clemson_p111_c1_grm_std_uni,2,1.9780974388122559,-2.402904987335205,1
Clemson_p111_c1_grm_std_uni,2,0.5015017986297607,-0.7987030148506165,1
Clemson_p111_c1_grm_std_uni,2,0.8549051284790039,-1.0839025974273682,1
Clemson_p111_c1_grm_std_uni,2,3.063706398010254,-3.872880697250366,1
Clemson_p111_c1_grm_std_uni,2,4.524714946746826,-6.274853706359863,1
Clemson_p111_c1_grm_std_uni,2,4.97730016708374,-6.801513671875,1
Clemson_p111_c1_grm_std_uni,2,5.3937530517578125,-7.200307369232178,1
Clemson_p111_c1_grm_std_uni,2,5.910439491271973,-7.70098876953125,1
Clemson_p111_c1_grm_std_uni,2,6.46475076675415,-7.644155025482178,1
Clemson_p111_c1_grm_std_uni,2,5.820141792297363,-7.144206523895264,1
Clemson_p111_c1_grm_std_uni,2,5.118988037109375,-6.620508670806885,1
Clemson_p111_c1_grm_std_uni,2,4.882445812225342,-6.181861877441406,1
Clemson_p111_c1_grm_std_uni,2,4.68059778213501,-5.846696853637695,1
Clemson_p111_c1_grm_std_uni,1,5.120395183563232,-6.246912002563477,1
Clemson_p111_c1_grm_std_uni,1,2.6699917316436768,-3.0981357097625732,1
Clemson_p111_c1_grm_std_uni,1,1.2662984132766724,-2.2481603622436523,1
Clemson_p111_c1_grm_std_uni,1,2.8724443912506104,-4.959136486053467,1
Clemson_p111_c1_grm_std_uni,1,4.025598049163818,-6.56874418258667,1
Clemson_p111_c1_grm_std_uni,1,4.136988639831543,-6.723503112792969,1
Clemson_p111_c1_grm_std_uni,1,3.7180933952331543,-6.413509845733643,1
Clemson_p111_c1_grm_std_uni,1,3.5869741439819336,-5.432004451751709,1
Clemson_p111_c1_grm_std_uni,1,4.777828693389893,-6.542269229888916,1
Clemson_p111_c1_grm_std_uni,1,3.7814040184020996,-5.384945869445801,1
Clemson_p111_c1_grm_std_uni,1,3.804654836654663,-5.135917663574219,1
Clemson_p111_c1_grm_std_uni,1,3.406038999557495,-5.124649524688721,1
Clemson_p111_c1_grm_std_uni,1,3.104308843612671,-5.175854682922363,1
Clemson_p111_c1_grm_std_uni,2,3.9578397274017334,-6.394028186798096,1
Clemson_p111_c1_grm_std_uni,2,4.110161304473877,-6.68526029586792,1
Clemson_p111_c1_grm_std_uni,2,4.306971549987793,-6.717451095581055,1
Clemson_p111_c1_grm_std_uni,2,5.0910115242004395,-6.9944329261779785,1
Clemson_p111_c1_grm_std_uni,2,6.218578815460205,-7.765298843383789,1
Clemson_p111_c1_grm_std_uni,2,6.440140247344971,-7.856131553649902,1
Clemson_p111_c1_grm_std_uni,2,6.647798538208008,-7.530179500579834,1
Clemson_p111_c1_grm_std_uni,2,6.64361572265625,-7.268877983093262,1
Clemson_p111_c1_grm_std_uni,2,5.815979957580566,-6.3835062980651855,1
Clemson_p111_c1_grm_std_uni,2,5.344766139984131,-6.273219108581543,1
Clemson_p111_c1_grm_std_uni,2,5.146965980529785,-5.892521858215332,1
Clemson_p111_c1_grm_std_uni,2,5.003352642059326,-5.560990333557129,1
Clemson_p111_c1_grm_std_uni,2,5.136578559875488,-5.611260890960693,1
Clemson_p111_c1_grm_std_uni,2,5.297823905944824,-5.499231815338135,1
Clemson_p111_c1_grm_std_uni,2,5.322705268859863,-5.253100395202637,1
Clemson_p111_c1_grm_std_uni,2,5.3890228271484375,-5.350942134857178,1
Clemson_p111_c1_grm_std_uni,2,5.3206024169921875,-5.3393635749816895,1
Clemson_p111_c1_grm_std_uni,1,5.25165319442749,-5.27471399307251,1
Clemson_p111_c1_grm_std_uni,1,5.356151103973389,-5.472836017608643,1
Clemson_p111_c1_grm_std_uni,1,5.0655903816223145,-5.313716411590576,1
Clemson_p111_c1_grm_std_uni,1,4.681206703186035,-5.324201583862305,1
Clemson_p111_c1_grm_std_uni,2,4.086629390716553,-4.773589134216309,1
Clemson_p111_c1_grm_std_uni,2,3.5529868602752686,-4.396400451660156,1
Clemson_p111_c1_grm_std_uni,2,3.7864108085632324,-5.00998592376709,1
Clemson_p111_c1_grm_std_uni,2,4.136178970336914,-5.411932945251465,1
Clemson_p111_c1_grm_std_uni,2,4.190775394439697,-4.91312837600708,1
Clemson_p111_c1_grm_std_uni,2,4.321191787719727,-4.807218551635742,1
Clemson_p111_c1_grm_std_uni,2,4.73752498626709,-5.157761096954346,1
Clemson_p111_c1_grm_std_uni,2,5.088551044464111,-5.4532389640808105,1
Clemson_p111_c1_grm_std_uni,2,5.136716842651367,-5.401504993438721,1
Clemson_p111_c1_grm_std_uni,2,5.06431245803833,-5.270264148712158,1
Clemson_p111_c1_grm_std_uni,2,4.880399227142334,-5.12593936920166,1
Clemson_p111_c1_grm_std_uni,1,4.773337364196777,-5.233180046081543,1
Clemson_p111_c1_grm_std_uni,1,4.599064826965332,-5.303070545196533,1
Clemson_p111_c1_grm_std_uni,1,4.3800578117370605,-5.022529602050781,1
Clemson_p111_c1_grm_std_uni,1,3.4969046115875244,-3.4994444847106934,1
Clemson_p111_c1_grm_std_uni,1,1.5113698244094849,-1.32428777217865,1
Clemson_p111_c1_grm_std_uni,1,2.3604304790496826,-2.895752429962158,1
Clemson_p111_c1_grm_std_uni,1,3.8216676712036133,-4.798530578613281,1
Clemson_p111_c1_grm_std_uni,1,4.67600679397583,-5.694530010223389,1
Clemson_p111_c1_grm_std_uni,1,5.576935768127441,-6.485831260681152,1
Clemson_p111_c1_grm_std_uni,1,5.602853775024414,-5.988090515136719,1
Clemson_p111_c1_grm_std_uni,1,5.594853401184082,-5.86707067489624,1
Clemson_p111_c1_grm_std_uni,1,5.4737420082092285,-5.823706150054932,1
Clemson_p111_c1_grm_std_uni,1,5.380772113800049,-5.732476234436035,1
Clemson_p111_c1_grm_std_uni,1,5.521409034729004,-5.955228328704834,1
Clemson_p111_c1_grm_std_uni,1,5.480006217956543,-5.851418972015381,1
Clemson_p111_c1_grm_std_uni,1,5.532341480255127,-5.866925239562988,1
Clemson_p111_c1_grm_std_uni,1,5.612491130828857,-5.9177117347717285,1
Clemson_p111_c1_grm_std_uni,1,5.4661054611206055,-5.723756313323975,1
Clemson_p111_c1_grm_std_uni,1,5.579543113708496,-5.886904716491699,1
Clemson_p111_c1_grm_std_uni,1,5.4469099044799805,-5.684919834136963,1
Clemson_p111_c1_grm_std_uni,1,5.53634786605835,-5.705868244171143,1
Clemson_p111_c1_grm_std_uni,1,5.286884784698486,-5.460198402404785,1
Clemson_p111_c1_grm_std_uni,1,4.451013565063477,-4.698525428771973,1
Clemson_p111_c1_grm_std_uni,1,3.54364275932312,-4.082718372344971,1
Clemson_p111_c1_grm_std_uni,1,2.684669017791748,-3.3186795711517334,1
Clemson_p111_c1_grm_std_uni,1,2.5527889728546143,-3.199584484100342,1
Clemson_p111_c1_grm_std_uni,1,2.584120512008667,-3.280073404312134,1
Clemson_p111_c1_grm_std_uni,1,2.589430809020996,-3.3510098457336426,1
Clemson_p111_c1_grm_std_uni,1,2.9671685695648193,-3.897020101547241,1
Clemson_p111_c1_grm_std_uni,1,3.6778361797332764,-4.544161319732666,1
Clemson_p111_c1_grm_std_uni,1,4.476126194000244,-5.135494709014893,1
Clemson_p111_c1_grm_std_uni,1,4.6426777839660645,-5.323191165924072,1
Clemson_p111_c1_grm_std_uni,1,4.516325950622559,-5.21484899520874,1
Clemson_p111_c1_grm_std_uni,1,4.413889408111572,-4.905978679656982,1
Clemson_p111_c1_grm_std_uni,1,4.189389705657959,-4.472365379333496,1
Clemson_p111_c1_grm_std_uni,1,4.636256217956543,-4.605199813842773,1
Clemson_p111_c1_grm_std_uni,1,4.868584632873535,-4.808664798736572,1
Clemson_p111_c1_grm_std_uni,1,4.687814712524414,-4.889859676361084,1
Clemson_p111_c1_grm_std_uni,1,4.451843738555908,-4.876904487609863,1
Clemson_p111_c1_grm_std_uni,1,4.23018217086792,-4.8178324699401855,1
Clemson_p111_c1_grm_std_uni,1,4.012843132019043,-4.617164134979248,1
Clemson_p111_c1_grm_std_uni,1,3.811507225036621,-4.24185848236084,1
Clemson_p111_c1_grm_std_uni,1,3.7041008472442627,-3.9973788261413574,1
Clemson_p111_c1_grm_std_uni,1,3.7739675045013428,-4.193758010864258,1
Clemson_p111_c1_grm_std_uni,1,3.732422113418579,-4.020397663116455,1
Clemson_p111_c1_grm_std_uni,1,3.6197288036346436,-3.755894660949707,1
Clemson_p111_c1_grm_std_uni,1,3.748323917388916,-3.8859682083129883,1
Clemson_p111_c1_grm_std_uni,1,3.7677552700042725,-3.8038330078125,1
Clemson_p111_c1_grm_std_uni,1,3.6130642890930176,-3.5992720127105713,1
Clemson_p111_c1_grm_std_uni,1,3.40329909324646,-3.4305014610290527,1
Clemson_p111_c1_grm_std_uni,1,3.2582621574401855,-3.3843142986297607,1
Clemson_p111_c1_grm_std_uni,1,3.262037992477417,-3.482573986053467,1
Clemson_p111_c1_grm_std_uni,1,3.2520339488983154,-3.5191938877105713,1
Clemson_p111_c1_grm_std_uni,1,3.1701104640960693,-3.4422874450683594,1
Clemson_p111_c1_grm_std_uni,1,3.176619529724121,-3.4059972763061523,1
Clemson_p111_c1_grm_std_uni,1,3.255823850631714,-3.4258053302764893,1
Clemson_p111_c1_grm_std_uni,1,3.3176252841949463,-3.434607982635498,1
Clemson_p111_c1_grm_std_uni,1,3.318739414215088,-3.3711929321289062,1
Clemson_p111_c1_grm_std_uni,1,3.3099241256713867,-3.293173313140869,1
Clemson_p111_c1_grm_std_uni,1,3.360836982727051,-3.2778074741363525,1
Clemson_p111_c1_grm_std_uni,1,3.4523727893829346,-3.3459503650665283,1
Clemson_p111_c1_grm_std_uni,1,3.6854209899902344,-3.603428840637207,1
Clemson_p111_c1_grm_std_uni,1,3.914121150970459,-3.8274874687194824,1
Clemson_p111_c1_grm_std_uni,1,3.935171604156494,-3.8758766651153564,1
Clemson_p111_c1_grm_std_uni,1,3.8201637268066406,-3.9346680641174316,1
Clemson_p111_c1_grm_std_uni,1,3.6406242847442627,-3.6470091342926025,1
Clemson_p111_c1_grm_std_uni,1,3.3628501892089844,-3.194990873336792,1
Clemson_p111_c1_grm_std_uni,1,2.954810857772827,-2.487851858139038,1
Clemson_p111_c1_grm_std_uni,1,1.1804362535476685,-0.6051391959190369,1
Clemson_p111_c1_grm_std_uni,1,0.31917938590049744,0.12116789072751999,2
Clemson_p111_c1_grm_std_uni,1,2.587050676345825,-2.329502582550049,1
Clemson_p111_c1_grm_std_uni,2,3.4814836978912354,-3.767509937286377,1
Clemson_p111_c1_grm_std_uni,2,3.2717490196228027,-3.7187087535858154,1
Clemson_p111_c1_grm_std_uni,2,2.564633846282959,-2.718310594558716,1
Clemson_p111_c1_grm_std_uni,2,2.2878940105438232,-2.2980728149414062,1
Clemson_p111_c1_grm_std_uni,2,2.363924980163574,-2.5869028568267822,1
Clemson_p111_c1_grm_std_uni,2,2.838496446609497,-3.2146401405334473,1
Clemson_p111_c1_grm_std_uni,2,3.1292965412139893,-3.4722061157226562,1
Clemson_p111_c1_grm_std_uni,2,3.0421230792999268,-3.260453224182129,1
Clemson_p111_c1_grm_std_uni,2,2.9913101196289062,-3.032280683517456,1
Clemson_p111_c1_grm_std_uni,2,3.070857524871826,-2.8540358543395996,1
Clemson_p111_c1_grm_std_uni,2,2.9923815727233887,-2.4102180004119873,1
Clemson_p111_c1_grm_std_uni,2,2.7319750785827637,-2.0095815658569336,1
Clemson_p111_c1_grm_std_uni,1,2.7309165000915527,-2.2325210571289062,1
Clemson_p111_c1_grm_std_uni,1,2.83435320854187,-2.4313902854919434,1
Clemson_p111_c1_grm_std_uni,1,2.4483373165130615,-1.921010971069336,1
Clemson_p111_c1_grm_std_uni,1,2.1204488277435303,-1.5583728551864624,1
Clemson_p111_c1_grm_std_uni,1,2.214827060699463,-1.7024257183074951,1
Clemson_p111_c1_grm_std_uni,1,2.8686437606811523,-2.5402350425720215,1
Clemson_p111_c1_grm_std_uni,1,3.48022723197937,-3.543405294418335,1
Clemson_p111_c1_grm_std_uni,1,3.7681593894958496,-3.8783552646636963,1
Clemson_p111_c1_grm_std_uni,1,3.693427324295044,-3.996532440185547,1
Clemson_p111_c1_grm_std_uni,1,3.615812063217163,-3.785691022872925,1
Clemson_p111_c1_grm_std_uni,1,4.010129928588867,-4.1666131019592285,1
Clemson_p111_c1_grm_std_uni,1,4.36429500579834,-4.256893157958984,1
Clemson_p111_c1_grm_std_uni,1,4.462759017944336,-4.613293647766113,1
Clemson_p111_c1_grm_std_uni,1,4.140587329864502,-4.765902042388916,1
Clemson_p111_c1_grm_std_uni,1,3.703028440475464,-4.263919830322266,1
Clemson_p111_c1_grm_std_uni,2,3.3018293380737305,-3.4361331462860107,1
Clemson_p111_c1_grm_std_uni,2,2.476266622543335,-2.4250924587249756,1
Clemson_p111_c1_grm_std_uni,2,2.0369389057159424,-2.040710687637329,1
Clemson_p111_c1_grm_std_uni,2,1.6467912197113037,-1.7711105346679688,1
Clemson_p111_c1_grm_std_uni,2,1.471031665802002,-1.9632763862609863,1
Clemson_p111_c1_grm_std_uni,2,3.0666580200195312,-3.621264696121216,1
Clemson_p111_c1_grm_std_uni,2,4.7711663246154785,-5.1757049560546875,1
Clemson_p111_c1_grm_std_uni,2,5.090578079223633,-5.680580139160156,1
Clemson_p111_c1_grm_std_uni,2,4.974827289581299,-5.871140003204346,1
Clemson_p111_c1_grm_std_uni,2,4.678267002105713,-5.848018169403076,1
Clemson_p111_c1_grm_std_uni,2,3.0453577041625977,-3.9212138652801514,1
Clemson_p111_c1_grm_std_uni,2,0.44589775800704956,-0.5510249733924866,1
Clemson_p111_c1_grm_std_uni,1,0.7132518291473389,-1.6695271730422974,1
Clemson_p111_c1_grm_std_uni,1,3.338198661804199,-5.573117733001709,1
Clemson_p111_c1_grm_std_uni,1,4.149312973022461,-6.474635601043701,1
Clemson_p111_c1_grm_std_uni,1,4.262815952301025,-6.588043689727783,1
Clemson_p111_c1_grm_std_uni,1,4.569686412811279,-6.705901622772217,1
Clemson_p111_c1_grm_std_uni,1,4.405179023742676,-6.292272567749023,1
Clemson_p111_c1_grm_std_uni,1,4.228097438812256,-6.323163032531738,1
Clemson_p111_c1_grm_std_uni,1,4.318402290344238,-6.436279773712158,1
Clemson_p111_c1_grm_std_uni,1,3.9726526737213135,-5.771231651306152,1
Clemson_p111_c1_grm_std_uni,1,4.306994915008545,-6.167076587677002,1
Clemson_p111_c1_grm_std_uni,1,5.210783958435059,-6.535653114318848,1
Clemson_p111_c1_grm_std_uni,1,5.541595935821533,-6.63187837600708,1
Clemson_p111_c1_grm_std_uni,1,5.513471603393555,-6.4837236404418945,1
Clemson_p111_c1_grm_std_uni,1,5.360380172729492,-6.243683338165283,1
Clemson_p111_c1_grm_std_uni,1,5.190654277801514,-6.044839859008789,1
Clemson_p111_c1_grm_std_uni,1,5.334686279296875,-6.194996356964111,1
Clemson_p111_c1_grm_std_uni,1,5.450186252593994,-6.421785831451416,1
Clemson_p111_c1_grm_std_uni,1,5.240943908691406,-6.01676082611084,1
Clemson_p111_c1_grm_std_uni,1,5.1678667068481445,-5.862578392028809,1
Clemson_p111_c1_grm_std_uni,1,5.4257731437683105,-6.416937351226807,1
Clemson_p111_c1_grm_std_uni,1,5.285252094268799,-6.713256359100342,1
Clemson_p111_c1_grm_std_uni,1,4.589085102081299,-6.189177989959717,1
Clemson_p111_c1_grm_std_uni,2,3.7262985706329346,-4.8014020919799805,1
Clemson_p111_c1_grm_std_uni,2,0.821231484413147,-1.1383986473083496,1
Clemson_p111_c1_grm_std_uni,2,0.21229317784309387,-1.4159172773361206,1
Clemson_p111_c1_grm_std_uni,2,2.9540231227874756,-4.163969993591309,1
Clemson_p111_c1_grm_std_uni,2,3.8371164798736572,-5.4994730949401855,1
Clemson_p111_c1_grm_std_uni,2,4.174765110015869,-5.788619041442871,1
Clemson_p111_c1_grm_std_uni,2,4.61997652053833,-6.088537216186523,1
Clemson_p111_c1_grm_std_uni,2,6.308172225952148,-7.284006118774414,1
Clemson_p111_c1_grm_std_uni,2,6.358292579650879,-6.7101030349731445,1
Clemson_p111_c1_grm_std_uni,2,6.4908881187438965,-6.82285737991333,1
Clemson_p111_c1_grm_std_uni,2,6.4790802001953125,-6.706827163696289,1
Clemson_p111_c1_grm_std_uni,2,6.120707988739014,-6.067833423614502,1
Clemson_p111_c1_grm_std_uni,2,5.6918840408325195,-5.443603038787842,1
Clemson_p111_c1_grm_std_uni,2,5.429709434509277,-5.076127052307129,1
Clemson_p111_c1_grm_std_uni,2,5.31312894821167,-5.03883171081543,1
Clemson_p111_c1_grm_std_uni,2,5.211160659790039,-4.985562801361084,1
Clemson_p111_c1_grm_std_uni,1,5.07122802734375,-4.84135627746582,1
Clemson_p111_c1_grm_std_uni,1,5.002494812011719,-4.749763488769531,1
Clemson_p111_c1_grm_std_uni,1,4.995043754577637,-4.661288738250732,1
Clemson_p111_c1_grm_std_uni,1,5.059641361236572,-4.811073303222656,1
Clemson_p111_c1_grm_std_uni,1,5.111844539642334,-5.056818008422852,1
Clemson_p111_c1_grm_std_uni,1,5.031961917877197,-5.052182674407959,1
Clemson_p111_c1_grm_std_uni,1,5.022594928741455,-5.039760112762451,1
Clemson_p111_c1_grm_std_uni,1,5.049208641052246,-5.048214435577393,1
Clemson_p111_c1_grm_std_uni,1,5.029553413391113,-5.013707160949707,1
Clemson_p111_c1_grm_std_uni,1,4.9694929122924805,-4.950005054473877,1
Clemson_p111_c1_grm_std_uni,1,4.919029235839844,-4.909361839294434,1
Clemson_p111_c1_grm_std_uni,1,4.947499752044678,-4.920350074768066,1
Clemson_p111_c1_grm_std_uni,1,4.879303455352783,-4.757191181182861,1
Clemson_p111_c1_grm_std_uni,1,5.003587245941162,-4.771304607391357,1
Clemson_p111_c1_grm_std_uni,1,3.2216312885284424,-2.9964687824249268,1
Clemson_p111_c1_grm_std_uni,1,3.1436522006988525,-3.062145233154297,1
Clemson_p111_c1_grm_std_uni,1,3.6200103759765625,-4.132522106170654,1
Clemson_p111_c1_grm_std_uni,1,4.330451011657715,-4.992292881011963,1
Clemson_p111_c1_grm_std_uni,1,5.050882339477539,-5.685892581939697,1
Clemson_p111_c1_grm_std_uni,1,5.308314323425293,-6.043455600738525,1
Clemson_p111_c1_grm_std_uni,1,5.174807548522949,-6.037751197814941,1
Clemson_p111_c1_grm_std_uni,1,4.9972357749938965,-5.847646236419678,1
Clemson_p111_c1_grm_std_uni,1,4.661361217498779,-5.424941539764404,1
Clemson_p111_c1_grm_std_uni,1,4.204885005950928,-4.873588562011719,1
Clemson_p111_c1_grm_std_uni,2,3.9145658016204834,-4.312885761260986,1
Clemson_p111_c1_grm_std_uni,2,4.091852188110352,-4.257953643798828,1
Clemson_p111_c1_grm_std_uni,2,4.325173854827881,-4.628995895385742,1
Clemson_p111_c1_grm_std_uni,2,4.2603044509887695,-4.537384033203125,1
Clemson_p111_c1_grm_std_uni,2,4.069546699523926,-4.050851821899414,1
Clemson_p111_c1_grm_std_uni,2,3.4130730628967285,-2.8152811527252197,1
Clemson_p111_c1_grm_std_uni,2,3.7848589420318604,-3.0028696060180664,1
Clemson_p111_c1_grm_std_uni,2,4.20140266418457,-3.4791085720062256,1
Clemson_p111_c1_grm_std_uni,2,4.119716644287109,-3.570671319961548,1
Clemson_p111_c1_grm_std_uni,2,4.189091205596924,-3.7339861392974854,1
Clemson_p111_c1_grm_std_uni,2,4.151304244995117,-3.7143146991729736,1
Clemson_p111_c1_grm_std_uni,2,4.03024959564209,-3.4874320030212402,1
Clemson_p111_c1_grm_std_uni,2,3.649656057357788,-2.9437530040740967,1
Clemson_p111_c1_grm_std_uni,2,4.083767890930176,-3.5660791397094727,1
Clemson_p111_c1_grm_std_uni,2,4.661736965179443,-4.356071472167969,1
Clemson_p111_c1_grm_std_uni,2,4.862482070922852,-4.700091361999512,1
Clemson_p111_c1_grm_std_uni,1,4.879262924194336,-4.724547863006592,1
Clemson_p111_c1_grm_std_uni,1,5.016819953918457,-4.8814873695373535,1
Clemson_p111_c1_grm_std_uni,1,4.981658458709717,-4.803643226623535,1
Clemson_p111_c1_grm_std_uni,1,5.024209022521973,-4.833542823791504,1
Clemson_p111_c1_grm_std_uni,1,5.076150894165039,-4.877110004425049,1
Clemson_p111_c1_grm_std_uni,1,5.083273887634277,-4.881722450256348,1
Clemson_p111_c1_grm_std_uni,1,5.053739070892334,-4.879021167755127,1
Clemson_p111_c1_grm_std_uni,1,5.057812213897705,-4.917170524597168,1
Clemson_p111_c1_grm_std_uni,1,5.056498050689697,-4.927222728729248,1
Clemson_p111_c1_grm_std_uni,1,5.048484802246094,-4.942904472351074,1
Clemson_p111_c1_grm_std_uni,1,5.030201435089111,-4.924079418182373,1
Clemson_p111_c1_grm_std_uni,1,5.040599346160889,-4.923520088195801,1
Clemson_p111_c1_grm_std_uni,1,5.146048545837402,-4.956411361694336,1
Clemson_p111_c1_grm_std_uni,1,5.304413318634033,-5.1465606689453125,1
Clemson_p111_c1_grm_std_uni,1,5.706197738647461,-5.475255012512207,1
Clemson_p111_c1_grm_std_uni,1,5.809916019439697,-5.591704368591309,1
Clemson_p111_c1_grm_std_uni,1,5.684985637664795,-5.41675329208374,1
Clemson_p111_c1_grm_std_uni,1,5.15487813949585,-4.8390092849731445,1
Clemson_p111_c1_grm_std_uni,1,4.551233291625977,-4.207594394683838,1
Clemson_p111_c1_grm_std_uni,1,3.9939756393432617,-3.7228033542633057,1
Clemson_p111_c1_grm_std_uni,1,4.0713605880737305,-3.9269731044769287,1
Clemson_p111_c1_grm_std_uni,1,4.165088176727295,-4.360970497131348,1
Clemson_p111_c1_grm_std_uni,1,4.412047386169434,-4.714126110076904,1
Clemson_p111_c1_grm_std_uni,1,4.930504322052002,-5.09333610534668,1
Clemson_p111_c1_grm_std_uni,1,5.221614360809326,-5.307383060455322,1
Clemson_p111_c1_grm_std_uni,1,5.132585048675537,-4.657552719116211,1
Clemson_p111_c1_grm_std_uni,1,4.852305889129639,-4.391634464263916,1
Clemson_p111_c1_grm_std_uni,1,4.357308387756348,-4.23893404006958,1
Clemson_p111_c1_grm_std_uni,1,3.890885353088379,-4.291322231292725,1
Clemson_p111_c1_grm_std_uni,1,3.9707205295562744,-4.430274486541748,1
Clemson_p111_c1_grm_std_uni,1,3.8823697566986084,-4.043057918548584,1
Clemson_p111_c1_grm_std_uni,1,3.9117236137390137,-3.888639211654663,1
Clemson_p111_c1_grm_std_uni,1,4.022876739501953,-3.918628215789795,1
Clemson_p111_c1_grm_std_uni,1,4.069555759429932,-3.737704038619995,1
Clemson_p111_c1_grm_std_uni,1,4.086282730102539,-3.696143388748169,1
Clemson_p111_c1_grm_std_uni,1,4.185935020446777,-3.7040936946868896,1
Clemson_p111_c1_grm_std_uni,1,4.094438552856445,-3.834514856338501,1
Clemson_p111_c1_grm_std_uni,1,4.037320137023926,-3.6615686416625977,1
Clemson_p111_c1_grm_std_uni,1,1.046470046043396,0.19769245386123657,1
Clemson_p111_c1_grm_std_uni,1,0.5278370380401611,-0.5746701955795288,1
Clemson_p111_c1_grm_std_uni,1,2.37507700920105,-3.9541900157928467,1
Clemson_p111_c1_grm_std_uni,1,3.9019765853881836,-6.164868354797363,1
Clemson_p111_c1_grm_std_uni,1,4.127041339874268,-6.623389720916748,1
Clemson_p111_c1_grm_std_uni,1,4.2729878425598145,-6.6913676261901855,1
Clemson_p111_c1_grm_std_uni,1,5.163405418395996,-6.9066338539123535,1
Clemson_p111_c1_grm_std_uni,1,6.548868179321289,-7.344574928283691,1
Clemson_p111_c1_grm_std_uni,1,6.3759074211120605,-6.947253227233887,1
Clemson_p111_c1_grm_std_uni,1,5.594337463378906,-5.970971584320068,1
Clemson_p111_c1_grm_std_uni,1,4.990365028381348,-5.403742790222168,1
Clemson_p111_c1_grm_std_uni,2,4.638969421386719,-5.2946600914001465,1
Clemson_p111_c1_grm_std_uni,2,4.239526748657227,-4.850148677825928,1
Clemson_p111_c1_grm_std_uni,2,2.68092679977417,-3.6682333946228027,1
Clemson_p111_c1_grm_std_uni,2,1.857409119606018,-3.286907196044922,1
Clemson_p111_c1_grm_std_uni,2,1.7206757068634033,-3.1681227684020996,1
Clemson_p111_c1_grm_std_uni,2,2.285645008087158,-3.843430280685425,1
Clemson_p111_c1_grm_std_uni,2,4.14296293258667,-6.314622402191162,1
Clemson_p111_c1_grm_std_uni,2,4.361363410949707,-6.787421226501465,1
Clemson_p111_c1_grm_std_uni,2,4.527868270874023,-7.0004377365112305,1
Clemson_p111_c1_grm_std_uni,2,5.1923298835754395,-7.5672526359558105,1
Clemson_p111_c1_grm_std_uni,2,5.848151683807373,-7.622952461242676,1
Clemson_p111_c1_grm_std_uni,1,5.610672950744629,-6.661708354949951,1
Clemson_p111_c1_grm_std_uni,1,6.049646854400635,-6.465780258178711,1
Clemson_p111_c1_grm_std_uni,1,6.518454074859619,-6.7082014083862305,1
Clemson_p111_c1_grm_std_uni,1,6.606961727142334,-7.378760814666748,1
Clemson_p111_c1_grm_std_uni,1,5.676346778869629,-6.707810401916504,1
Clemson_p111_c1_grm_std_uni,1,5.2572431564331055,-6.388276100158691,1
Clemson_p111_c1_grm_std_uni,1,5.046660423278809,-6.272536754608154,1
Clemson_p111_c1_grm_std_uni,1,4.174979209899902,-5.158552646636963,1
Clemson_p111_c1_grm_std_uni,2,1.5273762941360474,-1.2405897378921509,1
Clemson_p111_c1_grm_std_uni,2,1.0714064836502075,-0.9689711332321167,1
Clemson_p111_c1_grm_std_uni,2,3.0701675415039062,-3.5184881687164307,1
Clemson_p111_c1_grm_std_uni,2,4.195990562438965,-5.28643798828125,1
Clemson_p111_c1_grm_std_uni,2,4.35150146484375,-6.024941921234131,1
Clemson_p111_c1_grm_std_uni,2,4.567227363586426,-6.384713649749756,1
Clemson_p111_c1_grm_std_uni,2,4.767821311950684,-6.6000823974609375,1
Clemson_p111_c1_grm_std_uni,2,5.1800384521484375,-6.822965145111084,1
Clemson_p111_c1_grm_std_uni,2,6.270546913146973,-7.747166633605957,1
Clemson_p111_c1_grm_std_uni,2,6.593110084533691,-7.586636543273926,1
Clemson_p111_c1_grm_std_uni,2,5.68917179107666,-6.939204216003418,1
Clemson_p111_c1_grm_std_uni,2,4.8375244140625,-6.159395694732666,1
Clemson_p111_c1_grm_std_uni,2,4.722413539886475,-5.633615970611572,1
Clemson_p111_c1_grm_std_uni,2,5.078257083892822,-5.586343288421631,1
Clemson_p111_c1_grm_std_uni,2,5.48832368850708,-5.680302619934082,1
Clemson_p111_c1_grm_std_uni,1,5.69363260269165,-5.528870582580566,1
Clemson_p111_c1_grm_std_uni,1,4.889624118804932,-4.56140661239624,1
Clemson_p111_c1_grm_std_uni,1,3.2754299640655518,-3.499643564224243,1
Clemson_p111_c1_grm_std_uni,1,2.75177264213562,-3.5016467571258545,1
Clemson_p111_c1_grm_std_uni,1,2.6934101581573486,-3.70274019241333,1
Clemson_p111_c1_grm_std_uni,1,3.094214916229248,-4.245814800262451,1
Clemson_p111_c1_grm_std_uni,1,4.646553039550781,-6.113760948181152,1
Clemson_p111_c1_grm_std_uni,1,5.308381080627441,-6.726686477661133,1
Clemson_p111_c1_grm_std_uni,1,6.6261515617370605,-7.357934474945068,1
Clemson_p111_c1_grm_std_uni,1,6.762787342071533,-7.408138751983643,1
Clemson_p111_c1_grm_std_uni,1,6.791350841522217,-7.476036548614502,1
Clemson_p111_c1_grm_std_uni,1,6.818535804748535,-7.4084014892578125,1
Clemson_p111_c1_grm_std_uni,1,6.868459701538086,-7.382836818695068,1
Clemson_p111_c1_grm_std_uni,1,6.884267807006836,-7.335813522338867,1
Clemson_p111_c1_grm_std_uni,1,6.881099224090576,-7.273295879364014,1
Clemson_p111_c1_grm_std_uni,1,6.878259658813477,-7.218230247497559,1
Clemson_p111_c1_grm_std_uni,1,6.900138854980469,-7.189114093780518,1
Clemson_p111_c1_grm_std_uni,1,6.919806480407715,-7.161105155944824,1
Clemson_p111_c1_grm_std_uni,1,6.623807907104492,-6.8101043701171875,1
Clemson_p111_c1_grm_std_uni,1,6.2314982414245605,-6.266416549682617,1
Clemson_p111_c1_grm_std_uni,1,5.8695197105407715,-5.67363977432251,1
Clemson_p111_c1_grm_std_uni,1,5.555638313293457,-5.358466625213623,1
Clemson_p111_c1_grm_std_uni,1,5.159296035766602,-5.270962715148926,1
Clemson_p111_c1_grm_std_uni,1,3.9568963050842285,-3.7459816932678223,1
Clemson_p111_c1_grm_std_uni,1,2.218768835067749,-2.4515380859375,1
Clemson_p111_c1_grm_std_uni,1,1.964267611503601,-2.856945037841797,1
Clemson_p111_c1_grm_std_uni,1,2.7144386768341064,-4.135550022125244,1
Clemson_p111_c1_grm_std_uni,2,3.311279296875,-4.115683078765869,1
Clemson_p111_c1_grm_std_uni,2,4.447932720184326,-4.5196919441223145,1
Clemson_p111_c1_grm_std_uni,2,3.9840285778045654,-3.738205909729004,1
Clemson_p111_c1_grm_std_uni,2,2.4177634716033936,-2.3743081092834473,1
Clemson_p111_c1_grm_std_uni,2,1.7710213661193848,-2.611726999282837,1
Clemson_p111_c1_grm_std_uni,2,2.2009732723236084,-3.259768009185791,1
Clemson_p111_c1_grm_std_uni,2,3.1446175575256348,-4.176836013793945,1
Clemson_p111_c1_grm_std_uni,2,4.061568737030029,-4.734899044036865,1
Clemson_p111_c1_grm_std_uni,2,4.383491039276123,-4.830620765686035,1
Clemson_p111_c1_grm_std_uni,2,2.852545738220215,-3.414097309112549,1
Clemson_p111_c1_grm_std_uni,1,2.231654644012451,-3.2961008548736572,1
Clemson_p111_c1_grm_std_uni,1,2.7833328247070312,-3.858715772628784,1
Clemson_p111_c1_grm_std_uni,1,3.964008092880249,-4.8066606521606445,1
Clemson_p111_c1_grm_std_uni,1,4.874808311462402,-5.078314781188965,1
Clemson_p111_c1_grm_std_uni,1,4.312119483947754,-4.361151695251465,1
Clemson_p111_c1_grm_std_uni,1,3.6937527656555176,-3.844649076461792,1
Clemson_p111_c1_grm_std_uni,1,4.070057392120361,-4.3428497314453125,1
Clemson_p111_c1_grm_std_uni,1,5.15246057510376,-5.733363151550293,1
Clemson_p111_c1_grm_std_uni,1,5.673880577087402,-6.556933403015137,1
Clemson_p111_c1_grm_std_uni,1,5.354823589324951,-6.587934494018555,1
Clemson_p111_c1_grm_std_uni,1,5.0937418937683105,-6.425914287567139,1
Clemson_p111_c1_grm_std_uni,1,5.007291793823242,-6.158135890960693,1
Clemson_p111_c1_grm_std_uni,1,4.975754737854004,-5.650857925415039,1
Clemson_p111_c1_grm_std_uni,1,4.660393714904785,-4.670673847198486,1
Clemson_p111_c1_grm_std_uni,1,2.9977974891662598,-3.0993847846984863,1
Clemson_p111_c1_grm_std_uni,1,2.2617883682250977,-2.363908052444458,1
Clemson_p111_c1_grm_std_uni,1,3.0974223613739014,-2.9704904556274414,1
Clemson_p111_c1_grm_std_uni,1,4.264945030212402,-4.594172954559326,1
Clemson_p111_c1_grm_std_uni,1,4.1344313621521,-5.07243537902832,1
Clemson_p111_c1_grm_std_uni,1,4.134225845336914,-4.913863182067871,1
Clemson_p111_c1_grm_std_uni,1,3.9937050342559814,-4.04085636138916,1
Clemson_p111_c1_grm_std_uni,1,3.9723238945007324,-3.7649543285369873,1
Clemson_p111_c1_grm_std_uni,1,5.134335994720459,-5.3825860023498535,1
Clemson_p111_c1_grm_std_uni,1,5.938621997833252,-6.4038004875183105,1
Clemson_p111_c1_grm_std_uni,1,5.751493453979492,-6.201310634613037,1
Clemson_p111_c1_grm_std_uni,1,5.559342384338379,-6.074849605560303,1
Clemson_p111_c1_grm_std_uni,1,5.421976566314697,-5.9599480628967285,1
Clemson_p111_c1_grm_std_uni,1,4.8143439292907715,-5.531545639038086,1
Clemson_p111_c1_grm_std_uni,1,4.555476665496826,-5.530923843383789,1
Clemson_p111_c1_grm_std_uni,1,4.390549659729004,-5.620241641998291,1
Clemson_p111_c1_grm_std_uni,1,3.9083378314971924,-5.236536026000977,1
Clemson_p111_c1_grm_std_uni,1,2.9736063480377197,-4.352040767669678,1
Clemson_p111_c1_grm_std_uni,1,2.1293914318084717,-3.9031906127929688,1
Clemson_p111_c1_grm_std_uni,1,3.1590092182159424,-4.8035688400268555,1
Clemson_p111_c1_grm_std_uni,1,3.5126025676727295,-5.140655994415283,1
Clemson_p111_c1_grm_std_uni,1,3.194201946258545,-4.883596420288086,1
Clemson_p111_c1_grm_std_uni,1,4.252136707305908,-5.436708450317383,1
Clemson_p111_c1_grm_std_uni,1,5.630667686462402,-6.141916275024414,1
Clemson_p111_c1_grm_std_uni,1,6.206291198730469,-6.388708591461182,1
Clemson_p111_c1_grm_std_uni,1,6.243685245513916,-6.382403373718262,1
Clemson_p111_c1_grm_std_uni,1,6.04180383682251,-6.361750602722168,1
Clemson_p111_c1_grm_std_uni,1,5.584527015686035,-6.10511589050293,1
Clemson_p111_c1_grm_std_uni,1,5.103937149047852,-5.507585048675537,1
Clemson_p111_c1_grm_std_uni,1,4.9119367599487305,-5.307199001312256,1
Clemson_p111_c1_grm_std_uni,1,4.7024245262146,-5.233875751495361,1
Clemson_p111_c1_grm_std_uni,1,4.004030704498291,-4.568408012390137,1
Clemson_p111_c1_grm_std_uni,1,2.975219488143921,-3.745492696762085,1
Clemson_p111_c1_grm_std_uni,1,2.509234666824341,-3.6538827419281006,1
Clemson_p111_c1_grm_std_uni,1,3.1312975883483887,-4.406033515930176,1
Clemson_p111_c1_grm_std_uni,2,4.082881450653076,-5.386970520019531,1
Clemson_p111_c1_grm_std_uni,2,4.079578399658203,-5.394494533538818,1
Clemson_p111_c1_grm_std_uni,2,4.027552604675293,-5.160952091217041,1
Clemson_p111_c1_grm_std_uni,2,3.9076638221740723,-5.126348972320557,1
Clemson_p111_c1_grm_std_uni,2,3.771496534347534,-4.997961521148682,1
Clemson_p111_c1_grm_std_uni,2,3.6098220348358154,-4.60183048248291,1
Clemson_p111_c1_grm_std_uni,2,3.3875715732574463,-4.093553066253662,1
Clemson_p111_c1_grm_std_uni,2,3.2710773944854736,-3.79278826713562,1
Clemson_p111_c1_grm_std_uni,2,3.486593723297119,-4.0565505027771,1
Clemson_p111_c1_grm_std_uni,2,3.684605121612549,-4.382026195526123,1
Clemson_p111_c1_grm_std_uni,2,3.7340917587280273,-4.39230489730835,1
Clemson_p111_c1_grm_std_uni,2,3.816287040710449,-4.313042163848877,1
Clemson_p111_c1_grm_std_uni,2,3.857887029647827,-4.1681623458862305,1
Clemson_p111_c1_grm_std_uni,2,3.7571768760681152,-3.9036097526550293,1
Clemson_p111_c1_grm_std_uni,1,3.7098705768585205,-3.903653383255005,1
Clemson_p111_c1_grm_std_uni,1,3.7204980850219727,-3.984806537628174,1
Clemson_p111_c1_grm_std_uni,1,3.6955530643463135,-4.004697322845459,1
Clemson_p111_c1_grm_std_uni,1,3.395667552947998,-3.6842243671417236,1
Clemson_p111_c1_grm_std_uni,1,3.178694486618042,-3.277099132537842,1
Clemson_p111_c1_grm_std_uni,1,3.1834359169006348,-3.2876555919647217,1
Clemson_p111_c1_grm_std_uni,1,3.3401076793670654,-3.4336442947387695,1
Clemson_p111_c1_grm_std_uni,1,3.5434935092926025,-3.625849723815918,1
Clemson_p111_c1_grm_std_uni,1,3.6411144733428955,-3.713690757751465,1
Clemson_p111_c1_grm_std_uni,1,3.64471435546875,-3.7238705158233643,1
Clemson_p111_c1_grm_std_uni,1,3.686072826385498,-3.7586069107055664,1
Clemson_p111_c1_grm_std_uni,1,3.6923794746398926,-3.6615612506866455,1
Clemson_p111_c1_grm_std_uni,1,3.6327552795410156,-3.536149501800537,1
Clemson_p111_c1_grm_std_uni,1,3.994046926498413,-3.960505962371826,1
Clemson_p111_c1_grm_std_uni,1,4.260167121887207,-4.254040241241455,1
Clemson_p111_c1_grm_std_uni,1,4.409767150878906,-4.39315128326416,1
Clemson_p111_c1_grm_std_uni,1,4.45842981338501,-4.429887771606445,1
Clemson_p111_c1_grm_std_uni,1,4.494791030883789,-4.457897663116455,1
Clemson_p111_c1_grm_std_uni,1,4.51704740524292,-4.473039627075195,1
Clemson_p111_c1_grm_std_uni,1,4.4639739990234375,-4.431492805480957,1
Clemson_p111_c1_grm_std_uni,1,4.468626976013184,-4.45003080368042,1
Clemson_p111_c1_grm_std_uni,1,4.554288387298584,-4.528436660766602,1
Clemson_p111_c1_grm_std_uni,1,4.62670373916626,-4.587239742279053,1
Clemson_p111_c1_grm_std_uni,1,4.70560359954834,-4.628872871398926,1
Clemson_p111_c1_grm_std_uni,1,4.885980129241943,-4.743163108825684,1
Clemson_p111_c1_grm_std_uni,1,4.895759582519531,-4.734678745269775,1
Clemson_p111_c1_grm_std_uni,1,4.829073905944824,-4.677124977111816,1
Clemson_p111_c1_grm_std_uni,1,4.737875461578369,-4.614232063293457,1
Clemson_p111_c1_grm_std_uni,1,4.761712074279785,-4.653233051300049,1
Clemson_p111_c1_grm_std_uni,1,4.89154577255249,-4.786271095275879,1
Clemson_p111_c1_grm_std_uni,1,5.043204307556152,-4.910094261169434,1
Clemson_p111_c1_grm_std_uni,1,5.13768196105957,-4.914340496063232,1
Clemson_p111_c1_grm_std_uni,1,5.213161945343018,-4.84174919128418,1
Clemson_p111_c1_grm_std_uni,1,5.287715435028076,-4.667434215545654,1
Clemson_p111_c1_grm_std_uni,1,5.3173723220825195,-4.510741233825684,1
Clemson_p111_c1_grm_std_uni,1,5.244439601898193,-4.386176586151123,1
Clemson_p111_c1_grm_std_uni,1,5.092748165130615,-4.171380519866943,1
Clemson_p111_c1_grm_std_uni,1,4.871647357940674,-3.9110357761383057,1
Clemson_p111_c1_grm_std_uni,1,4.668227195739746,-3.760073661804199,1
Clemson_p111_c1_grm_std_uni,1,4.624552249908447,-3.9397902488708496,1
Clemson_p111_c1_grm_std_uni,1,4.371596336364746,-3.8273050785064697,1
Clemson_p111_c1_grm_std_uni,1,4.4925312995910645,-3.9026153087615967,1
Clemson_p111_c1_grm_std_uni,1,4.70238733291626,-3.988664150238037,1
Clemson_p111_c1_grm_std_uni,1,4.767822265625,-4.00631046295166,1
Clemson_p111_c1_grm_std_uni,1,4.502212047576904,-3.6924474239349365,1
Clemson_p111_c1_grm_std_uni,1,4.061590194702148,-3.411628246307373,1
Clemson_p111_c1_grm_std_uni,1,4.004815578460693,-3.5131919384002686,1
Clemson_p111_c1_grm_std_uni,1,4.1992669105529785,-3.816481590270996,1
Clemson_p111_c1_grm_std_uni,1,4.3386945724487305,-4.006733417510986,1
Clemson_p111_c1_grm_std_uni,1,4.078132152557373,-4.001770973205566,1
Clemson_p111_c1_grm_std_uni,1,3.156803846359253,-3.4851651191711426,1
Clemson_p111_c1_grm_std_uni,1,4.269354343414307,-4.6174139976501465,1
Clemson_p111_c1_grm_std_uni,1,5.380546569824219,-5.379481792449951,1
Clemson_p111_c1_grm_std_uni,1,5.4313883781433105,-5.365431785583496,1
Clemson_p111_c1_grm_std_uni,1,5.481549263000488,-5.485940933227539,1
Clemson_p111_c1_grm_std_uni,1,5.52092981338501,-5.55778694152832,1
Clemson_p111_c1_grm_std_uni,1,5.6114959716796875,-5.677785873413086,1
Clemson_p111_c1_grm_std_uni,1,5.608619213104248,-5.6901631355285645,1
Clemson_p111_c1_grm_std_uni,1,5.5518717765808105,-5.62563419342041,1
Clemson_p111_c1_grm_std_uni,1,5.499605178833008,-5.634787559509277,1
Clemson_p111_c1_grm_std_uni,1,5.474311351776123,-5.621341228485107,1
Clemson_p111_c1_grm_std_uni,1,5.452592372894287,-5.516957759857178,1
Clemson_p111_c1_grm_std_uni,1,5.444566249847412,-5.486943244934082,1
Clemson_p111_c1_grm_std_uni,1,5.518875598907471,-5.565191268920898,1
Clemson_p111_c1_grm_std_uni,1,5.553948402404785,-5.534428119659424,1
Clemson_p111_c1_grm_std_uni,1,5.6426520347595215,-5.504485130310059,1
Clemson_p111_c1_grm_std_uni,1,5.813642978668213,-5.690221309661865,1
Clemson_p111_c1_grm_std_uni,1,6.074221611022949,-6.0382208824157715,1
Clemson_p111_c1_grm_std_uni,1,5.906210899353027,-5.9192070960998535,1
Clemson_p111_c1_grm_std_uni,1,5.903225421905518,-5.9379706382751465,1
Clemson_p111_c1_grm_std_uni,1,5.81100606918335,-5.918400764465332,1
Clemson_p111_c1_grm_std_uni,1,5.6636881828308105,-5.601781368255615,1
Clemson_p111_c1_grm_std_uni,1,5.424183368682861,-5.236582279205322,1
Clemson_p111_c1_grm_std_uni,1,5.2520365715026855,-5.197076797485352,1
Clemson_p111_c1_grm_std_uni,1,4.988735675811768,-5.051235675811768,1
Clemson_p111_c1_grm_std_uni,1,4.838149547576904,-4.86740255355835,1
Clemson_p111_c1_grm_std_uni,1,4.659673690795898,-4.637644290924072,1
Clemson_p111_c1_grm_std_uni,1,4.448620796203613,-4.434301853179932,1
Clemson_p111_c1_grm_std_uni,1,4.169313430786133,-4.106381893157959,1
Clemson_p111_c1_grm_std_uni,1,3.7422332763671875,-3.6910128593444824,1
Clemson_p111_c1_grm_std_uni,1,4.129579067230225,-4.0780816078186035,1
Clemson_p111_c1_grm_std_uni,1,5.854506492614746,-5.880151748657227,1
Clemson_p111_c1_grm_std_uni,1,5.873205184936523,-5.793731689453125,1
Clemson_p111_c1_grm_std_uni,1,5.5219011306762695,-5.337442398071289,1
Clemson_p111_c1_grm_std_uni,1,5.685375690460205,-5.524062633514404,1
Clemson_p111_c1_grm_std_uni,1,5.912801742553711,-5.704216480255127,1
Clemson_p111_c1_grm_std_uni,1,5.837179183959961,-5.575373649597168,1
Clemson_p111_c1_grm_std_uni,1,5.586153030395508,-5.307226657867432,1
Clemson_p111_c1_grm_std_uni,1,5.098745346069336,-4.779635906219482,1
Clemson_p111_c1_grm_std_uni,1,4.645435810089111,-4.308693885803223,1
Clemson_p111_c1_grm_std_uni,1,4.290820598602295,-3.929344654083252,1
Clemson_p111_c1_grm_std_uni,1,4.077653408050537,-3.646892547607422,1
Clemson_p111_c1_grm_std_uni,1,3.967928886413574,-3.44283127784729,1
Clemson_p111_c1_grm_std_uni,1,3.9598143100738525,-3.288158655166626,1
Clemson_p111_c1_grm_std_uni,1,3.919806480407715,-3.0988059043884277,1
Clemson_p111_c1_grm_std_uni,1,3.758960485458374,-2.9820470809936523,1
Clemson_p111_c1_grm_std_uni,1,3.73410701751709,-3.2446532249450684,1
Clemson_p111_c1_grm_std_uni,1,3.9301464557647705,-3.4305949211120605,1
Clemson_p111_c1_grm_std_uni,1,4.160233974456787,-3.3716464042663574,1
Clemson_p111_c1_grm_std_uni,1,3.12471866607666,-2.0162763595581055,1
Clemson_p111_c1_grm_std_uni,1,0.7806381583213806,-0.5722733736038208,1
Clemson_p111_c1_grm_std_uni,1,0.6236859560012817,-1.6516590118408203,1
Clemson_p111_c1_grm_std_uni,1,2.992382049560547,-4.823337078094482,1
Clemson_p111_c1_grm_std_uni,1,3.8596620559692383,-6.120368957519531,1
Clemson_p111_c1_grm_std_uni,1,3.69223690032959,-6.322037696838379,1
Clemson_p111_c1_grm_std_uni,1,3.7397897243499756,-6.433724880218506,1
Clemson_p111_c1_grm_std_uni,1,3.8310904502868652,-6.020244121551514,1
Clemson_p111_c1_grm_std_uni,1,3.786390542984009,-5.36392068862915,1
Clemson_p111_c1_grm_std_uni,1,3.9875941276550293,-5.331844806671143,1
Clemson_p111_c1_grm_std_uni,1,5.01881217956543,-6.23697566986084,1
Clemson_p111_c1_grm_std_uni,1,5.630875587463379,-6.557230472564697,1
Clemson_p111_c1_grm_std_uni,1,5.600095748901367,-6.3419270515441895,1
Clemson_p111_c1_grm_std_uni,1,5.1801042556762695,-5.950172424316406,1
Clemson_p111_c1_grm_std_uni,2,4.968783855438232,-5.991742134094238,1
Clemson_p111_c1_grm_std_uni,2,5.036585330963135,-6.339880466461182,1
Clemson_p111_c1_grm_std_uni,2,3.6736207008361816,-4.845447063446045,1
Clemson_p111_c1_grm_std_uni,2,3.266911506652832,-4.8123273849487305,1
Clemson_p111_c1_grm_std_uni,2,4.03645658493042,-5.878052234649658,1
Clemson_p111_c1_grm_std_uni,2,4.559388637542725,-5.797514915466309,1
Clemson_p111_c1_grm_std_uni,2,4.214112281799316,-4.859607219696045,1
Clemson_p111_c1_grm_std_uni,2,4.794415473937988,-5.6823930740356445,1
Clemson_p111_c1_grm_std_uni,2,5.109734058380127,-5.850329399108887,1
Clemson_p111_c1_grm_std_uni,2,5.006097793579102,-5.537750720977783,1
Clemson_p111_c1_grm_std_uni,2,4.7127299308776855,-5.171520709991455,1
Clemson_p111_c1_grm_std_uni,2,4.282467842102051,-4.6966657638549805,1
Clemson_p111_c1_grm_std_uni,1,3.970170736312866,-4.264780521392822,1
Clemson_p111_c1_grm_std_uni,1,3.7427682876586914,-3.956672191619873,1
Clemson_p111_c1_grm_std_uni,1,3.6870503425598145,-3.90639591217041,1
Clemson_p111_c1_grm_std_uni,1,3.809741735458374,-4.071417331695557,1
Clemson_p111_c1_grm_std_uni,1,4.034964561462402,-4.0715718269348145,1
Clemson_p111_c1_grm_std_uni,1,4.245214939117432,-4.202503681182861,1
Clemson_p111_c1_grm_std_uni,1,4.283232688903809,-4.077699184417725,1
Clemson_p111_c1_grm_std_uni,1,4.268829345703125,-4.070073127746582,1
Clemson_p111_c1_grm_std_uni,1,4.197335720062256,-4.131691932678223,1
Clemson_p111_c1_grm_std_uni,1,3.9941484928131104,-3.5241570472717285,1
Clemson_p111_c1_grm_std_uni,1,1.4772156476974487,-0.5692211985588074,1
Clemson_p111_c1_grm_std_uni,1,1.0854153633117676,-1.0720208883285522,1
Clemson_p111_c1_grm_std_uni,2,2.543349027633667,-3.86933970451355,1
Clemson_p111_c1_grm_std_uni,2,3.4377450942993164,-5.425390243530273,1
Clemson_p111_c1_grm_std_uni,2,3.4518961906433105,-5.661812782287598,1
Clemson_p111_c1_grm_std_uni,2,3.190027952194214,-5.185372829437256,1
Clemson_p111_c1_grm_std_uni,2,4.3723859786987305,-5.812258720397949,1
Clemson_p111_c1_grm_std_uni,2,4.909822463989258,-6.15239143371582,1
Clemson_p111_c1_grm_std_uni,2,4.973248481750488,-6.360922813415527,1
Clemson_p111_c1_grm_std_uni,2,4.7592244148254395,-6.034903049468994,1
Clemson_p111_c1_grm_std_uni,2,4.573058128356934,-5.581579208374023,1
Clemson_p111_c1_grm_std_uni,2,4.518334865570068,-5.390805244445801,1
Clemson_p111_c1_grm_std_uni,2,4.528448104858398,-5.44381856918335,1
Clemson_p111_c1_grm_std_uni,2,4.295587062835693,-4.8452253341674805,1
Clemson_p111_c1_grm_std_uni,1,3.5418710708618164,-3.709958791732788,1
Clemson_p111_c1_grm_std_uni,1,2.653625965118408,-3.1047511100769043,1
Clemson_p111_c1_grm_std_uni,1,2.741281270980835,-3.539588212966919,1
Clemson_p111_c1_grm_std_uni,1,3.1566286087036133,-4.031556129455566,1
Clemson_p111_c1_grm_std_uni,1,3.5971531867980957,-4.072577953338623,1
Clemson_p111_c1_grm_std_uni,1,3.838549852371216,-4.210611820220947,1
Clemson_p111_c1_grm_std_uni,1,3.8484137058258057,-4.214608192443848,1
Clemson_p111_c1_grm_std_uni,1,3.679412603378296,-4.032713413238525,1
Clemson_p111_c1_grm_std_uni,1,3.4555795192718506,-3.811293601989746,1
Clemson_p111_c1_grm_std_uni,1,3.2752416133880615,-3.609246253967285,1
Clemson_p111_c1_grm_std_uni,1,3.3031930923461914,-3.649322748184204,1
Clemson_p111_c1_grm_std_uni,1,3.3160603046417236,-3.6644599437713623,1
Clemson_p111_c1_grm_std_uni,1,3.3180465698242188,-3.6615216732025146,1
Clemson_p111_c1_grm_std_uni,1,3.3292908668518066,-3.6548056602478027,1
Clemson_p111_c1_grm_std_uni,1,3.340461492538452,-3.671725034713745,1
Clemson_p111_c1_grm_std_uni,1,3.298858404159546,-3.644430637359619,1
Clemson_p111_c1_grm_std_uni,1,3.1753549575805664,-3.4170339107513428,1
Clemson_p111_c1_grm_std_uni,1,2.953986167907715,-3.0557146072387695,1
Clemson_p111_c1_grm_std_uni,1,2.833974599838257,-2.801952600479126,1
Clemson_p111_c1_grm_std_uni,1,2.918031930923462,-2.909869432449341,1
Clemson_p111_c1_grm_std_uni,1,3.2819926738739014,-3.0862817764282227,1
Clemson_p111_c1_grm_std_uni,1,3.9424257278442383,-3.6244170665740967,1
Clemson_p111_c1_grm_std_uni,1,4.366901874542236,-4.1508564949035645,1
Clemson_p111_c1_grm_std_uni,1,4.663470268249512,-4.462853908538818,1
Clemson_p111_c1_grm_std_uni,1,4.620304584503174,-4.364243984222412,1
Clemson_p111_c1_grm_std_uni,1,4.101792335510254,-4.028628349304199,1
Clemson_p111_c1_grm_std_uni,1,4.762180805206299,-4.8431925773620605,1
Clemson_p111_c1_grm_std_uni,1,5.30908203125,-5.512426376342773,1
Clemson_p111_c1_grm_std_uni,1,5.2419257164001465,-5.7748026847839355,1
Clemson_p111_c1_grm_std_uni,1,4.797041416168213,-5.607161521911621,1
Clemson_p111_c1_grm_std_uni,1,4.351821422576904,-5.344313621520996,1
Clemson_p111_c1_grm_std_uni,1,4.08425235748291,-4.701738357543945,1
Clemson_p111_c1_grm_std_uni,1,3.6801745891571045,-4.054652690887451,1
Clemson_p111_c1_grm_std_uni,1,4.309262752532959,-4.6453375816345215,1
Clemson_p111_c1_grm_std_uni,2,4.3988823890686035,-4.498661518096924,1
Clemson_p111_c1_grm_std_uni,2,4.368350505828857,-4.45747709274292,1
Clemson_p111_c1_grm_std_uni,2,3.987947940826416,-3.906883955001831,1
Clemson_p111_c1_grm_std_uni,2,1.2414863109588623,-0.7025028467178345,1
Clemson_p111_c1_grm_std_uni,2,0.7084795832633972,-0.4526394009590149,1
Clemson_p111_c1_grm_std_uni,2,3.033074140548706,-3.5783586502075195,1
Clemson_p111_c1_grm_std_uni,2,4.33119535446167,-5.486909866333008,1
Clemson_p111_c1_grm_std_uni,2,4.463446617126465,-5.713532447814941,1
Clemson_p111_c1_grm_std_uni,2,4.845539569854736,-5.85961389541626,1
Clemson_p111_c1_grm_std_uni,2,5.815791130065918,-6.684875965118408,1
Clemson_p111_c1_grm_std_uni,2,5.847838878631592,-6.741140842437744,1
Clemson_p111_c1_grm_std_uni,2,4.913477420806885,-5.9821367263793945,1
Clemson_p111_c1_grm_std_uni,2,3.900552988052368,-4.594850540161133,1
Clemson_p111_c1_grm_std_uni,2,3.7359702587127686,-4.037379741668701,1
Clemson_p111_c1_grm_std_uni,2,4.6167311668396,-4.699732303619385,1
Clemson_p111_c1_grm_std_uni,2,5.036919593811035,-5.1640520095825195,1
Clemson_p111_c1_grm_std_uni,2,5.3624982833862305,-5.434532165527344,1
Clemson_p111_c1_grm_std_uni,2,5.571564197540283,-5.32481575012207,1
Clemson_p111_c1_grm_std_uni,2,4.8198418617248535,-4.486311912536621,1
Clemson_p111_c1_grm_std_uni,2,4.627288818359375,-5.045473575592041,1
Clemson_p111_c1_grm_std_uni,2,5.048325538635254,-5.504388809204102,1
Clemson_p111_c1_grm_std_uni,2,4.7399773597717285,-5.713968276977539,1
Clemson_p111_c1_grm_std_uni,2,4.376137733459473,-5.46707820892334,1
Clemson_p111_c1_grm_std_uni,2,4.01276969909668,-4.861922264099121,1
Clemson_p111_c1_grm_std_uni,2,3.9660539627075195,-4.8535871505737305,1
Clemson_p111_c1_grm_std_uni,2,4.0743794441223145,-4.813360214233398,1
Clemson_p111_c1_grm_std_uni,2,4.033727645874023,-4.433145999908447,1
Clemson_p111_c1_grm_std_uni,2,4.003717422485352,-3.8725476264953613,1
Clemson_p111_c1_grm_std_uni,2,4.512179851531982,-4.32823371887207,1
Clemson_p111_c1_grm_std_uni,2,4.762193202972412,-4.89839506149292,1
Clemson_p111_c1_grm_std_uni,1,5.142543315887451,-5.365545749664307,1
Clemson_p111_c1_grm_std_uni,1,5.619790077209473,-6.387228488922119,1
Clemson_p111_c1_grm_std_uni,1,5.473993301391602,-6.414687156677246,1
Clemson_p111_c1_grm_std_uni,1,5.242101669311523,-5.99275016784668,1
Clemson_p111_c1_grm_std_uni,1,4.825012683868408,-5.306344032287598,1
Clemson_p111_c1_grm_std_uni,1,4.636458396911621,-4.84241247177124,1
Clemson_p111_c1_grm_std_uni,1,4.547966957092285,-4.475340843200684,1
Clemson_p111_c1_grm_std_uni,1,4.3907341957092285,-4.076638221740723,1
Clemson_p111_c1_grm_std_uni,1,4.531693458557129,-4.30761194229126,1
Clemson_p111_c1_grm_std_uni,1,4.598283290863037,-4.443950176239014,1
Clemson_p111_c1_grm_std_uni,1,4.582433700561523,-4.441225528717041,1
Clemson_p111_c1_grm_std_uni,1,4.602757453918457,-4.440683841705322,1
Clemson_p111_c1_grm_std_uni,1,4.458854675292969,-4.132873058319092,1
Clemson_p111_c1_grm_std_uni,1,4.598968029022217,-4.323379039764404,1
Clemson_p111_c1_grm_std_uni,1,4.806475639343262,-4.677114486694336,1
Clemson_p111_c1_grm_std_uni,1,4.944156169891357,-4.850160121917725,1
Clemson_p111_c1_grm_std_uni,1,4.998916149139404,-4.912991523742676,1
Clemson_p111_c1_grm_std_uni,1,5.171157360076904,-5.113795757293701,1
Clemson_p111_c1_grm_std_uni,1,5.0764031410217285,-4.945281028747559,1
Clemson_p111_c1_grm_std_uni,1,4.974960803985596,-4.825813293457031,1
Clemson_p111_c1_grm_std_uni,1,5.116082191467285,-5.056747913360596,1
Clemson_p111_c1_grm_std_uni,1,5.193554401397705,-5.2455596923828125,1
Clemson_p111_c1_grm_std_uni,1,5.218549728393555,-5.3890299797058105,1
Clemson_p111_c1_grm_std_uni,1,5.252270221710205,-5.548531532287598,1
Clemson_p111_c1_grm_std_uni,1,5.364579677581787,-5.735714435577393,1
Clemson_p111_c1_grm_std_uni,1,5.496547222137451,-5.8537468910217285,1
Clemson_p111_c1_grm_std_uni,1,5.595778465270996,-5.9197258949279785,1
Clemson_p111_c1_grm_std_uni,1,5.670671463012695,-5.977132320404053,1
Clemson_p111_c1_grm_std_uni,1,5.680176734924316,-5.9871063232421875,1
Clemson_p111_c1_grm_std_uni,1,5.648980140686035,-5.959094524383545,1
Clemson_p111_c1_grm_std_uni,1,5.707114219665527,-5.98908805847168,1
Clemson_p111_c1_grm_std_uni,1,5.711414813995361,-5.919755935668945,1
Clemson_p111_c1_grm_std_uni,1,5.734342575073242,-5.901131629943848,1
Clemson_p111_c1_grm_std_uni,1,5.583329200744629,-5.6775665283203125,1
Clemson_p111_c1_grm_std_uni,1,5.0903520584106445,-5.022181510925293,1
Clemson_p111_c1_grm_std_uni,1,5.463202953338623,-5.389980792999268,1
Clemson_p111_c1_grm_std_uni,1,5.711801052093506,-5.5272040367126465,1
Clemson_p111_c1_grm_std_uni,1,5.3607916831970215,-5.189123630523682,1
Clemson_p111_c1_grm_std_uni,1,5.073075294494629,-5.021474838256836,1
Clemson_p111_c1_grm_std_uni,1,5.081310749053955,-5.119074821472168,1
Clemson_p111_c1_grm_std_uni,1,5.3882293701171875,-5.554177761077881,1
Clemson_p111_c1_grm_std_uni,1,5.640410900115967,-5.7660346031188965,1
Clemson_p111_c1_grm_std_uni,1,5.673329830169678,-5.823342800140381,1
Clemson_p111_c1_grm_std_uni,1,5.710073947906494,-5.867167949676514,1
Clemson_p111_c1_grm_std_uni,1,5.987024784088135,-6.127817630767822,1
Clemson_p111_c1_grm_std_uni,1,6.053072929382324,-6.183074474334717,1
Clemson_p111_c1_grm_std_uni,1,6.088910102844238,-6.229758262634277,1
Clemson_p111_c1_grm_std_uni,1,6.14596700668335,-6.27745246887207,1
Clemson_p111_c1_grm_std_uni,1,6.134329319000244,-6.2866339683532715,1
Clemson_p111_c1_grm_std_uni,1,6.120608806610107,-6.290122032165527,1
Clemson_p111_c1_grm_std_uni,1,6.107693672180176,-6.274477481842041,1
Clemson_p111_c1_grm_std_uni,1,6.093315601348877,-6.251948833465576,1
Clemson_p111_c1_grm_std_uni,1,6.089622497558594,-6.217957973480225,1
Clemson_p111_c1_grm_std_uni,1,6.108177661895752,-6.176929950714111,1
Clemson_p111_c1_grm_std_uni,1,6.034867763519287,-6.039254188537598,1
Clemson_p111_c1_grm_std_uni,1,6.068556308746338,-6.045356750488281,1
Clemson_p111_c1_grm_std_uni,1,6.194549083709717,-6.16380500793457,1
Clemson_p111_c1_grm_std_uni,1,6.210386753082275,-6.19445276260376,1
Clemson_p111_c1_grm_std_uni,1,6.2172698974609375,-6.227431297302246,1
Clemson_p111_c1_grm_std_uni,1,6.245644569396973,-6.273716449737549,1
Clemson_p111_c1_grm_std_uni,1,6.277280807495117,-6.312413215637207,1
Clemson_p111_c1_grm_std_uni,1,6.3579936027526855,-6.361677646636963,1
Clemson_p111_c1_grm_std_uni,1,6.376114845275879,-6.350133419036865,1
Clemson_p111_c1_grm_std_uni,1,6.334814071655273,-6.307344436645508,1
Clemson_p111_c1_grm_std_uni,1,6.372596263885498,-6.364635944366455,1
Clemson_p111_c1_grm_std_uni,1,6.310944080352783,-6.340443134307861,1
Clemson_p111_c1_grm_std_uni,1,6.273779392242432,-6.328669548034668,1
Clemson_p111_c1_grm_std_uni,1,6.251564025878906,-6.325799465179443,1
Clemson_p111_c1_grm_std_uni,1,6.280821800231934,-6.341620922088623,1
Clemson_p111_c1_grm_std_uni,1,6.310981750488281,-6.340883731842041,1
Clemson_p111_c1_grm_std_uni,1,6.250409126281738,-6.277711868286133,1
Clemson_p111_c1_grm_std_uni,1,6.105024814605713,-6.132559776306152,1
Clemson_p111_c1_grm_std_uni,1,6.233158588409424,-6.267100811004639,1
Clemson_p111_c1_grm_std_uni,1,6.225898265838623,-6.2635321617126465,1
Clemson_p111_c1_grm_std_uni,1,6.252284526824951,-6.3246660232543945,1
Clemson_p111_c1_grm_std_uni,1,6.295547962188721,-6.343405723571777,1
Clemson_p111_c1_grm_std_uni,1,6.29683256149292,-6.267195224761963,1
Clemson_p111_c1_grm_std_uni,1,6.241471290588379,-6.116121768951416,1
Clemson_p111_c1_grm_std_uni,1,6.0996317863464355,-5.947348117828369,1
Clemson_p111_c1_grm_std_uni,1,5.590036392211914,-5.46793270111084,1
Clemson_p111_c1_grm_std_uni,1,5.661960124969482,-5.5661821365356445,1
Clemson_p111_c1_grm_std_uni,1,5.746954917907715,-5.62044620513916,1
Clemson_p111_c1_grm_std_uni,1,5.795411109924316,-5.6408371925354,1
Clemson_p111_c1_grm_std_uni,1,5.873641014099121,-5.6789140701293945,1
Clemson_p111_c1_grm_std_uni,1,5.979001998901367,-5.797413349151611,1
Clemson_p111_c1_grm_std_uni,1,6.009838581085205,-5.883437156677246,1
Clemson_p111_c1_grm_std_uni,1,5.977661609649658,-5.869100570678711,1
Clemson_p111_c1_grm_std_uni,1,5.916738986968994,-5.779776573181152,1
Clemson_p111_c1_grm_std_uni,1,5.884023666381836,-5.742265224456787,1
Clemson_p111_c1_grm_std_uni,1,6.1756978034973145,-6.034477233886719,1
Clemson_p111_c1_grm_std_uni,1,6.1947150230407715,-6.058235168457031,1
Clemson_p111_c1_grm_std_uni,1,6.186745643615723,-6.087080001831055,1
Clemson_p111_c1_grm_std_uni,1,6.1740546226501465,-6.104100227355957,1
Clemson_p111_c1_grm_std_uni,1,6.171726703643799,-6.1563029289245605,1
Clemson_p111_c1_grm_std_uni,1,6.171930313110352,-6.212905406951904,1
Clemson_p111_c1_grm_std_uni,1,6.196133136749268,-6.288759708404541,1
Clemson_p111_c1_grm_std_uni,1,6.205178260803223,-6.345998764038086,1
Clemson_p111_c1_grm_std_uni,1,6.22670841217041,-6.399304389953613,1
Clemson_p111_c1_grm_std_uni,1,6.28080940246582,-6.459231853485107,1
Clemson_p111_c1_grm_std_uni,1,6.326237201690674,-6.495425701141357,1
Clemson_p111_c1_grm_std_uni,1,6.333770275115967,-6.509486198425293,1
Clemson_p111_c1_grm_std_uni,1,6.294701099395752,-6.4960479736328125,1
Clemson_p111_c1_grm_std_uni,1,6.313310623168945,-6.520341396331787,1
Clemson_p111_c1_grm_std_uni,1,6.34682035446167,-6.50223445892334,1
Clemson_p111_c1_grm_std_uni,1,6.331284046173096,-6.434409141540527,1
Clemson_p111_c1_grm_std_uni,1,6.243026256561279,-6.3188652992248535,1
Clemson_p111_c1_grm_std_uni,1,6.104245185852051,-6.17143440246582,1
Clemson_p111_c1_grm_std_uni,1,5.947495460510254,-6.001301288604736,1
Clemson_p111_c1_grm_std_uni,1,6.16569185256958,-6.250277996063232,1
Clemson_p111_c1_grm_std_uni,1,6.271657943725586,-6.3696160316467285,1
Clemson_p111_c1_grm_std_uni,1,6.341660499572754,-6.442499160766602,1
Clemson_p111_c1_grm_std_uni,1,6.2992658615112305,-6.379023551940918,1
Clemson_p111_c1_grm_std_uni,1,6.279501914978027,-6.32046365737915,1
Clemson_p111_c1_grm_std_uni,1,6.324618339538574,-6.3027119636535645,1
Clemson_p111_c1_grm_std_uni,1,6.34588098526001,-6.261491775512695,1
Clemson_p111_c1_grm_std_uni,1,6.204086780548096,-6.137443542480469,1
Clemson_p111_c1_grm_std_uni,1,5.909861087799072,-5.849952220916748,1
Clemson_p111_c1_grm_std_uni,1,6.221169471740723,-6.166234493255615,1
Clemson_p111_c1_grm_std_uni,1,6.233341693878174,-6.159399032592773,1
Clemson_p111_c1_grm_std_uni,1,6.25993013381958,-6.174191474914551,1
Clemson_p111_c1_grm_std_uni,1,6.10559606552124,-5.944717884063721,1
Clemson_p111_c1_grm_std_uni,1,5.805837631225586,-5.532120704650879,1
Clemson_p111_c1_grm_std_uni,1,5.1364569664001465,-4.801167011260986,1
Clemson_p111_c1_grm_std_uni,1,4.66220235824585,-4.26292610168457,1
Clemson_p111_c1_grm_std_uni,1,4.271034240722656,-3.8647868633270264,1
Clemson_p111_c1_grm_std_uni,1,3.962494373321533,-3.6996939182281494,1
Clemson_p111_c1_grm_std_uni,1,3.554999828338623,-3.4369399547576904,1
Clemson_p111_c1_grm_std_uni,1,3.487416982650757,-3.298733711242676,1
Clemson_p111_c1_grm_std_uni,1,3.6687657833099365,-2.8319103717803955,1
Clemson_p111_c1_grm_std_uni,1,0.5651759505271912,-0.37287700176239014,1
Clemson_p111_c1_grm_std_uni,2,1.2517248392105103,-1.708647608757019,1
Clemson_p111_c1_grm_std_uni,2,3.581573963165283,-4.49539852142334,1
Clemson_p111_c1_grm_std_uni,2,4.0220417976379395,-4.980737209320068,1
Clemson_p111_c1_grm_std_uni,2,4.293511867523193,-5.3347063064575195,1
Clemson_p111_c1_grm_std_uni,2,4.264580726623535,-5.0590291023254395,1
Clemson_p111_c1_grm_std_uni,2,5.066460132598877,-5.759425640106201,1
Clemson_p111_c1_grm_std_uni,2,5.4879374504089355,-6.237768173217773,1
Clemson_p111_c1_grm_std_uni,2,5.45404052734375,-5.9552435874938965,1
Clemson_p111_c1_grm_std_uni,2,5.477960109710693,-5.528134822845459,1
Clemson_p111_c1_grm_std_uni,2,5.787261486053467,-5.291929721832275,1
Clemson_p111_c1_grm_std_uni,2,6.145498275756836,-5.478414058685303,1
Clemson_p111_c1_grm_std_uni,2,5.813454627990723,-6.21124792098999,1
Clemson_p111_c1_grm_std_uni,2,5.937241077423096,-6.827609062194824,1
Clemson_p111_c1_grm_std_uni,2,5.929388046264648,-7.098476886749268,1
Clemson_p111_c1_grm_std_uni,2,5.113019943237305,-6.663522243499756,1
Clemson_p111_c1_grm_std_uni,2,4.399507522583008,-5.926447868347168,1
Clemson_p111_c1_grm_std_uni,2,4.2233076095581055,-5.849071979522705,1
Clemson_p111_c1_grm_std_uni,2,4.019052982330322,-5.305013656616211,1
Clemson_p111_c1_grm_std_uni,2,3.9789390563964844,-4.913820266723633,1
Clemson_p111_c1_grm_std_uni,2,4.143840312957764,-4.895976543426514,1
Clemson_p111_c1_grm_std_uni,2,4.369045734405518,-4.890474319458008,1
Clemson_p111_c1_grm_std_uni,2,4.383615016937256,-4.869679927825928,1
Clemson_p111_c1_grm_std_uni,2,4.242067337036133,-4.807490348815918,1
Clemson_p111_c1_grm_std_uni,2,3.912658452987671,-4.323906421661377,1
Clemson_p111_c1_grm_std_uni,2,2.3871161937713623,-1.3418374061584473,1
Clemson_p111_c1_grm_std_uni,2,0.12503163516521454,-0.1135302409529686,1
Clemson_p111_c1_grm_std_uni,2,2.0651180744171143,-2.7760844230651855,1
Clemson_p111_c1_grm_std_uni,2,4.58363676071167,-6.2410712242126465,1
Clemson_p111_c1_grm_std_uni,2,4.87004280090332,-6.654527187347412,1
Clemson_p111_c1_grm_std_uni,2,4.898948669433594,-6.874934673309326,1
Clemson_p111_c1_grm_std_uni,2,5.03542423248291,-6.829370975494385,1
Clemson_p111_c1_grm_std_uni,1,5.526789665222168,-7.653533458709717,1
Clemson_p111_c1_grm_std_uni,1,4.9982805252075195,-6.79877233505249,1
Clemson_p111_c1_grm_std_uni,1,4.707705020904541,-5.972748756408691,1
Clemson_p111_c1_grm_std_uni,1,4.681417465209961,-5.9247612953186035,1
Clemson_p111_c1_grm_std_uni,1,4.971817493438721,-6.452809810638428,1
Clemson_p111_c1_grm_std_uni,1,4.783396244049072,-6.260684490203857,1
Clemson_p111_c1_grm_std_uni,2,4.585660457611084,-6.02828311920166,1
Clemson_p111_c1_grm_std_uni,2,4.096866607666016,-5.177774429321289,1
Clemson_p111_c1_grm_std_uni,2,2.167128324508667,-2.8325018882751465,1
Clemson_p111_c1_grm_std_uni,2,1.038106083869934,-1.9973113536834717,1
Clemson_p111_c1_grm_std_uni,2,0.8558522462844849,-2.113105535507202,1
Clemson_p111_c1_grm_std_uni,2,1.445716142654419,-2.7209367752075195,1
Clemson_p111_c1_grm_std_uni,2,2.5004045963287354,-3.8880770206451416,1
Clemson_p111_c1_grm_std_uni,2,3.7083303928375244,-5.484037399291992,1
Clemson_p111_c1_grm_std_uni,2,4.341006278991699,-6.529978275299072,1
Clemson_p111_c1_grm_std_uni,2,4.505089282989502,-6.826162815093994,1
Clemson_p111_c1_grm_std_uni,2,4.56501579284668,-7.269620418548584,1
Clemson_p111_c1_grm_std_uni,2,4.832549571990967,-7.06881856918335,1
Clemson_p111_c1_grm_std_uni,2,5.985451698303223,-7.678121089935303,1
Clemson_p111_c1_grm_std_uni,2,5.778872489929199,-6.910340785980225,1
Clemson_p111_c1_grm_std_uni,2,4.5687785148620605,-5.553233623504639,1
Clemson_p111_c1_grm_std_uni,1,3.7528111934661865,-5.072214603424072,1
Clemson_p111_c1_grm_std_uni,1,4.032320976257324,-5.212181568145752,1
Clemson_p111_c1_grm_std_uni,1,4.829993724822998,-5.701406955718994,1
Clemson_p111_c1_grm_std_uni,1,4.793301582336426,-5.122893810272217,1
Clemson_p111_c1_grm_std_uni,1,5.1303839683532715,-5.853990077972412,1
Clemson_p111_c1_grm_std_uni,1,5.076776027679443,-5.813759803771973,1
Clemson_p111_c1_grm_std_uni,1,4.895901679992676,-5.360693454742432,1
Clemson_p111_c1_grm_std_uni,1,4.694978713989258,-5.06450891494751,1
Clemson_p111_c1_grm_std_uni,1,4.565360069274902,-4.861060619354248,1
Clemson_p111_c1_grm_std_uni,1,4.442052364349365,-4.639863967895508,1
Clemson_p111_c1_grm_std_uni,1,4.380760669708252,-4.486208438873291,1
Clemson_p111_c1_grm_std_uni,1,4.346944332122803,-4.39539909362793,1
Clemson_p111_c1_grm_std_uni,1,4.351527214050293,-4.1657280921936035,1
Clemson_p111_c1_grm_std_uni,1,4.299923419952393,-3.596714735031128,1
Clemson_p111_c1_grm_std_uni,1,3.2444846630096436,-3.0980565547943115,1
Clemson_p111_c1_grm_std_uni,1,2.2150869369506836,-2.58036208152771,1
Clemson_p111_c1_grm_std_uni,1,3.2007908821105957,-4.030632972717285,1
Clemson_p111_c1_grm_std_uni,1,3.5635151863098145,-4.151965141296387,1
Clemson_p111_c1_grm_std_uni,1,4.141944408416748,-4.793767929077148,1
Clemson_p111_c1_grm_std_uni,1,4.221177577972412,-4.5864949226379395,1
Clemson_p111_c1_grm_std_uni,1,4.199248313903809,-4.223204135894775,1
Clemson_p111_c1_grm_std_uni,1,4.11154842376709,-4.299596309661865,1
Clemson_p111_c1_grm_std_uni,1,3.8939807415008545,-4.104214668273926,1
Clemson_p111_c1_grm_std_uni,1,3.7692630290985107,-3.880873680114746,1
Clemson_p111_c1_grm_std_uni,1,3.710019588470459,-3.6583776473999023,1
Clemson_p111_c1_grm_std_uni,1,3.629957675933838,-3.4557013511657715,1
Clemson_p111_c1_grm_std_uni,1,3.7199392318725586,-3.625714063644409,1
Clemson_p111_c1_grm_std_uni,1,3.7153351306915283,-3.8308491706848145,1
Clemson_p111_c1_grm_std_uni,1,3.731597900390625,-3.840170383453369,1
Clemson_p111_c1_grm_std_uni,1,3.8834550380706787,-3.9970123767852783,1
Clemson_p111_c1_grm_std_uni,1,3.934422492980957,-4.132711410522461,1
Clemson_p111_c1_grm_std_uni,1,3.7974061965942383,-4.054876804351807,1
Clemson_p111_c1_grm_std_uni,1,3.6212432384490967,-3.907254695892334,1
Clemson_p111_c1_grm_std_uni,1,3.580227851867676,-3.8179121017456055,1
Clemson_p111_c1_grm_std_uni,1,3.680954694747925,-3.865421772003174,1
Clemson_p111_c1_grm_std_uni,1,3.9800117015838623,-4.134856224060059,1
Clemson_p111_c1_grm_std_uni,1,4.412299633026123,-4.519905090332031,1
Clemson_p111_c1_grm_std_uni,1,4.664932727813721,-4.688575267791748,1
Clemson_p111_c1_grm_std_uni,1,5.0057220458984375,-5.007039546966553,1
Clemson_p111_c1_grm_std_uni,1,5.095973491668701,-5.0430378913879395,1
Clemson_p111_c1_grm_std_uni,1,5.116149425506592,-5.003431797027588,1
Clemson_p111_c1_grm_std_uni,1,5.2032151222229,-5.041952133178711,1
Clemson_p111_c1_grm_std_uni,1,5.165641784667969,-4.958673000335693,1
Clemson_p111_c1_grm_std_uni,1,5.028530597686768,-4.824818134307861,1
Clemson_p111_c1_grm_std_uni,1,4.888130187988281,-4.731871604919434,1
Clemson_p111_c1_grm_std_uni,1,4.773854732513428,-4.661310195922852,1
Clemson_p111_c1_grm_std_uni,1,4.723156929016113,-4.6490654945373535,1
Clemson_p111_c1_grm_std_uni,1,4.732147693634033,-4.6753740310668945,1
Clemson_p111_c1_grm_std_uni,1,4.787085056304932,-4.73594331741333,1
Clemson_p111_c1_grm_std_uni,1,4.828634738922119,-4.773055076599121,1
Clemson_p111_c1_grm_std_uni,1,4.952978134155273,-4.885813236236572,1
Clemson_p111_c1_grm_std_uni,1,4.907037258148193,-4.820005416870117,1
Clemson_p111_c1_grm_std_uni,1,4.866579055786133,-4.785367488861084,1
Clemson_p111_c1_grm_std_uni,1,4.833590507507324,-4.760664463043213,1
Clemson_p111_c1_grm_std_uni,1,4.843258857727051,-4.766228199005127,1
Clemson_p111_c1_grm_std_uni,1,4.912107944488525,-4.841843605041504,1
Clemson_p111_c1_grm_std_uni,1,5.013993263244629,-4.944772720336914,1
Clemson_p111_c1_grm_std_uni,1,5.158665180206299,-5.064917087554932,1
Clemson_p111_c1_grm_std_uni,1,5.262054920196533,-5.155399799346924,1
Clemson_p111_c1_grm_std_uni,1,5.38057279586792,-5.267093181610107,1
Clemson_p111_c1_grm_std_uni,1,5.487706184387207,-5.371128559112549,1
Clemson_p111_c1_grm_std_uni,1,5.576344013214111,-5.448423385620117,1
Clemson_p111_c1_grm_std_uni,1,5.635385990142822,-5.490902423858643,1
Clemson_p111_c1_grm_std_uni,1,5.662544250488281,-5.504855632781982,1
Clemson_p111_c1_grm_std_uni,1,5.655237674713135,-5.4880170822143555,1
Clemson_p111_c1_grm_std_uni,1,5.62816047668457,-5.4636759757995605,1
Clemson_p111_c1_grm_std_uni,1,5.601714611053467,-5.441787242889404,1
Clemson_p111_c1_grm_std_uni,1,5.5787034034729,-5.429056167602539,1
Clemson_p111_c1_grm_std_uni,1,5.576437950134277,-5.445650577545166,1
Clemson_p111_c1_grm_std_uni,1,5.600610733032227,-5.48504638671875,1
Clemson_p111_c1_grm_std_uni,1,5.66420841217041,-5.541872501373291,1
Clemson_p111_c1_grm_std_uni,1,5.717777729034424,-5.57744026184082,1
Clemson_p111_c1_grm_std_uni,1,5.7101569175720215,-5.590555667877197,1
Clemson_p111_c1_grm_std_uni,1,5.711296081542969,-5.597647190093994,1
Clemson_p111_c1_grm_std_uni,1,5.698481559753418,-5.589205265045166,1
Clemson_p111_c1_grm_std_uni,1,5.675580978393555,-5.545483589172363,1
Clemson_p111_c1_grm_std_uni,1,5.592412948608398,-5.441172122955322,1
Clemson_p111_c1_grm_std_uni,1,5.523010730743408,-5.407684326171875,1
Clemson_p111_c1_grm_std_uni,1,5.52143669128418,-5.4406046867370605,1
Clemson_p111_c1_grm_std_uni,1,5.54868745803833,-5.511650085449219,1
Clemson_p111_c1_grm_std_uni,1,5.644921779632568,-5.590127468109131,1
Clemson_p111_c1_grm_std_uni,1,5.654656887054443,-5.588912487030029,1
Clemson_p111_c1_grm_std_uni,1,5.651111125946045,-5.563340663909912,1
Clemson_p111_c1_grm_std_uni,1,5.595330238342285,-5.471329689025879,1
Clemson_p111_c1_grm_std_uni,1,5.501053333282471,-5.3848419189453125,1
Clemson_p111_c1_grm_std_uni,1,5.41258430480957,-5.30530309677124,1
Clemson_p111_c1_grm_std_uni,1,5.318292617797852,-5.231222152709961,1
Clemson_p111_c1_grm_std_uni,1,5.278503894805908,-5.204566955566406,1
Clemson_p111_c1_grm_std_uni,1,5.28838586807251,-5.218201160430908,1
Clemson_p111_c1_grm_std_uni,1,5.292065143585205,-5.209508895874023,1
Clemson_p111_c1_grm_std_uni,1,5.2656569480896,-5.14656400680542,1
Clemson_p111_c1_grm_std_uni,1,5.07364559173584,-4.952640056610107,1
Clemson_p111_c1_grm_std_uni,1,4.923072814941406,-4.817346096038818,1
Clemson_p111_c1_grm_std_uni,1,4.821124076843262,-4.734028339385986,1
Clemson_p111_c1_grm_std_uni,1,4.896768093109131,-4.858767509460449,1
Clemson_p111_c1_grm_std_uni,1,5.15017557144165,-5.157540798187256,1
Clemson_p111_c1_grm_std_uni,1,5.275520324707031,-5.261178016662598,1
Clemson_p111_c1_grm_std_uni,1,5.389945983886719,-5.373635292053223,1
Clemson_p111_c1_grm_std_uni,1,5.519609451293945,-5.44971227645874,1
Clemson_p111_c1_grm_std_uni,1,5.537899971008301,-5.412274360656738,1
Clemson_p111_c1_grm_std_uni,1,5.551569938659668,-5.398567199707031,1
Clemson_p111_c1_grm_std_uni,1,5.518399715423584,-5.303206443786621,1
Clemson_p111_c1_grm_std_uni,1,5.467069625854492,-5.159049987792969,1
Clemson_p111_c1_grm_std_uni,1,5.253941059112549,-4.860323905944824,1
Clemson_p111_c1_grm_std_uni,1,4.962370872497559,-4.60241174697876,1
Clemson_p111_c1_grm_std_uni,1,4.076444625854492,-3.87921404838562,1
Clemson_p111_c1_grm_std_uni,1,3.760066270828247,-3.7827703952789307,1
Clemson_p111_c1_grm_std_uni,1,4.7056193351745605,-4.953672409057617,1
Clemson_p111_c1_grm_std_uni,1,5.3446502685546875,-5.693763732910156,1
Clemson_p111_c1_grm_std_uni,1,5.294097900390625,-5.4515910148620605,1
Clemson_p111_c1_grm_std_uni,1,5.052421569824219,-5.00175142288208,1
Clemson_p111_c1_grm_std_uni,1,4.806465148925781,-4.653966903686523,1
Clemson_p111_c1_grm_std_uni,1,4.82377290725708,-4.670316219329834,1
Clemson_p111_c1_grm_std_uni,1,4.995649337768555,-4.627435684204102,1
Clemson_p111_c1_grm_std_uni,1,5.190623760223389,-4.926928997039795,1
Clemson_p111_c1_grm_std_uni,1,5.283491134643555,-5.135742664337158,1
Clemson_p111_c1_grm_std_uni,1,5.180131912231445,-4.955350399017334,1
Clemson_p111_c1_grm_std_uni,1,5.131613731384277,-5.072679042816162,1
Clemson_p111_c1_grm_std_uni,1,5.079647541046143,-5.397447109222412,1
Clemson_p111_c1_grm_std_uni,1,5.102225303649902,-5.412380695343018,1
Clemson_p111_c1_grm_std_uni,1,4.938913822174072,-5.224772930145264,1
Clemson_p111_c1_grm_std_uni,1,4.670722961425781,-5.399454116821289,1
Clemson_p111_c1_grm_std_uni,1,4.3443284034729,-5.0023016929626465,1
Clemson_p111_c1_grm_std_uni,1,4.1320624351501465,-4.796347141265869,1
Clemson_p111_c1_grm_std_uni,1,3.9642746448516846,-4.404099464416504,1
Clemson_p111_c1_grm_std_uni,2,3.7580788135528564,-4.467964172363281,1
Clemson_p111_c1_grm_std_uni,2,1.7593998908996582,-1.0532556772232056,1
Clemson_p111_c1_grm_std_uni,2,1.1056501865386963,-0.12301497906446457,1
Clemson_p111_c1_grm_std_uni,2,3.0816738605499268,-2.8630497455596924,1
Clemson_p111_c1_grm_std_uni,2,4.176226615905762,-4.405462265014648,1
Clemson_p111_c1_grm_std_uni,2,4.7936906814575195,-5.87809419631958,1
Clemson_p111_c1_grm_std_uni,2,4.674706935882568,-6.1957831382751465,1
Clemson_p111_c1_grm_std_uni,2,5.489675521850586,-6.5608930587768555,1
Clemson_p111_c1_grm_std_uni,2,6.919553279876709,-7.32861852645874,1
Clemson_p111_c1_grm_std_uni,2,7.524117469787598,-7.76035213470459,1
Clemson_p111_c1_grm_std_uni,2,7.185849189758301,-7.298029899597168,1
Clemson_p111_c1_grm_std_uni,2,7.117496967315674,-6.9702277183532715,1
Clemson_p111_c1_grm_std_uni,2,7.087488174438477,-6.972148418426514,1
Clemson_p111_c1_grm_std_uni,2,6.002723693847656,-6.425220012664795,1
Clemson_p111_c1_grm_std_uni,2,4.928719520568848,-5.479940891265869,1
Clemson_p111_c1_grm_std_uni,2,4.604841232299805,-4.5960259437561035,1
Clemson_p111_c1_grm_std_uni,2,4.69625186920166,-4.7327880859375,1
Clemson_p111_c1_grm_std_uni,2,4.745091915130615,-4.990235805511475,1
Clemson_p111_c1_grm_std_uni,2,4.502188205718994,-4.888741493225098,1
Clemson_p111_c1_grm_std_uni,2,4.168464660644531,-4.079746723175049,1
Clemson_p111_c1_grm_std_uni,2,4.239743232727051,-3.9723596572875977,1
Clemson_p111_c1_grm_std_uni,2,4.446556091308594,-4.324507236480713,1
Clemson_p111_c1_grm_std_uni,2,4.134883403778076,-3.463205575942993,1
Clemson_p111_c1_grm_std_uni,2,1.7708553075790405,-1.3340332508087158,1
Clemson_p111_c1_grm_std_uni,2,1.3811259269714355,-1.649289608001709,1
Clemson_p111_c1_grm_std_uni,2,2.5105459690093994,-3.71850323677063,1
Clemson_p111_c1_grm_std_uni,2,3.7906410694122314,-5.480355739593506,1
Clemson_p111_c1_grm_std_uni,2,3.9585959911346436,-5.586533069610596,1
Clemson_p111_c1_grm_std_uni,2,3.990363597869873,-5.501929759979248,1
Clemson_p111_c1_grm_std_uni,2,4.275637626647949,-5.456637382507324,1
Clemson_p111_c1_grm_std_uni,2,4.587306022644043,-5.571769714355469,1
Clemson_p111_c1_grm_std_uni,2,4.841712474822998,-5.765044212341309,1
Clemson_p111_c1_grm_std_uni,1,4.871059894561768,-5.694467544555664,1
Clemson_p111_c1_grm_std_uni,1,4.908834934234619,-5.267343044281006,1
Clemson_p111_c1_grm_std_uni,1,4.867345333099365,-5.054913520812988,1
Clemson_p111_c1_grm_std_uni,1,4.865111351013184,-5.022021770477295,1
Clemson_p111_c1_grm_std_uni,1,4.70868444442749,-4.679720878601074,1
Clemson_p111_c1_grm_std_uni,1,4.462228298187256,-4.230640888214111,1
Clemson_p111_c1_grm_std_uni,1,4.5668463706970215,-4.562952041625977,1
Clemson_p111_c1_grm_std_uni,1,4.522419452667236,-4.7284698486328125,1
Clemson_p111_c1_grm_std_uni,1,4.527727127075195,-4.703817844390869,1
Clemson_p111_c1_grm_std_uni,1,4.642197132110596,-4.676136493682861,1
Clemson_p111_c1_grm_std_uni,1,4.503245830535889,-4.558073043823242,1
Clemson_p111_c1_grm_std_uni,1,4.355175971984863,-4.608869552612305,1
Clemson_p111_c1_grm_std_uni,1,4.729024887084961,-5.047126293182373,1
Clemson_p111_c1_grm_std_uni,1,4.857712745666504,-5.212343692779541,1
Clemson_p111_c1_grm_std_uni,1,4.724509239196777,-5.256376266479492,1
Clemson_p111_c1_grm_std_uni,1,4.371191501617432,-5.026113986968994,1
Clemson_p111_c1_grm_std_uni,1,4.526951789855957,-5.070397853851318,1
Clemson_p111_c1_grm_std_uni,1,4.51685905456543,-4.886215686798096,1
Clemson_p111_c1_grm_std_uni,1,4.208731651306152,-4.468132019042969,1
Clemson_p111_c1_grm_std_uni,1,4.366943836212158,-4.814560413360596,1
Clemson_p111_c1_grm_std_uni,1,4.359200477600098,-4.718695640563965,1
Clemson_p111_c1_grm_std_uni,2,4.489394664764404,-4.684663772583008,1
Clemson_p111_c1_grm_std_uni,2,4.5448455810546875,-4.565850734710693,1
Clemson_p111_c1_grm_std_uni,2,4.766942977905273,-4.694999694824219,1
Clemson_p111_c1_grm_std_uni,2,4.957900047302246,-5.118009567260742,1
Clemson_p111_c1_grm_std_uni,2,4.75404167175293,-5.4599809646606445,1
Clemson_p111_c1_grm_std_uni,2,4.40653657913208,-5.191054344177246,1
Clemson_p111_c1_grm_std_uni,2,4.15567684173584,-5.070993900299072,1
Clemson_p111_c1_grm_std_uni,2,4.118014335632324,-4.988231182098389,1
Clemson_p111_c1_grm_std_uni,2,4.027781009674072,-4.893178462982178,1
Clemson_p111_c1_grm_std_uni,2,3.7944841384887695,-4.661820411682129,1
Clemson_p111_c1_grm_std_uni,2,3.6935923099517822,-4.461205959320068,1
Clemson_p111_c1_grm_std_uni,2,3.6460015773773193,-4.475064277648926,1
Clemson_p111_c1_grm_std_uni,2,3.4741413593292236,-4.10494327545166,1
Clemson_p111_c1_grm_std_uni,2,2.6311099529266357,-2.6878063678741455,1
Clemson_p111_c1_grm_std_uni,2,2.267531156539917,-1.903088927268982,1
Clemson_p111_c1_grm_std_uni,2,0.833690345287323,-0.605309784412384,1
Clemson_p111_c1_grm_std_uni,2,0.11184912174940109,0.10731647163629532,2
Clemson_p111_c1_grm_std_uni,2,2.2598187923431396,-2.615985870361328,1
Clemson_p111_c1_grm_std_uni,2,3.429213762283325,-4.446739673614502,1
Clemson_p111_c1_grm_std_uni,2,5.078066825866699,-6.696696758270264,1
Clemson_p111_c1_grm_std_uni,2,5.615278720855713,-6.40800666809082,1
Clemson_p111_c1_grm_std_uni,2,5.1967902183532715,-5.897842884063721,1
Clemson_p111_c1_grm_std_uni,1,5.000461101531982,-5.619182109832764,1
Clemson_p111_c1_grm_std_uni,1,5.001589298248291,-5.400832653045654,1
Clemson_p111_c1_grm_std_uni,1,5.025731086730957,-5.228528022766113,1
Clemson_p111_c1_grm_std_uni,1,5.084392070770264,-5.10930061340332,1
Clemson_p111_c1_grm_std_uni,1,4.979591369628906,-4.723991870880127,1
Clemson_p111_c1_grm_std_uni,1,4.215200901031494,-3.8145911693573,1
Clemson_p111_c1_grm_std_uni,1,2.612926959991455,-2.8797059059143066,1
Clemson_p111_c1_grm_std_uni,1,2.8481297492980957,-4.088255882263184,1
Clemson_p111_c1_grm_std_uni,1,4.346634387969971,-6.016136169433594,1
Clemson_p111_c1_grm_std_uni,1,4.910119533538818,-5.821835517883301,1
Clemson_p111_c1_grm_std_uni,1,4.702647686004639,-5.375267505645752,1
Clemson_p111_c1_grm_std_uni,1,4.468066215515137,-5.027215480804443,1
Clemson_p111_c1_grm_std_uni,1,4.3050127029418945,-4.698831558227539,1
Clemson_p111_c1_grm_std_uni,1,4.235206127166748,-4.66396427154541,1
Clemson_p111_c1_grm_std_uni,1,4.3235321044921875,-4.801794528961182,1
Clemson_p111_c1_grm_std_uni,1,4.244010925292969,-4.834644794464111,1
Clemson_p111_c1_grm_std_uni,1,4.440480709075928,-5.279295921325684,1
Clemson_p111_c1_grm_std_uni,1,4.4459967613220215,-5.115699291229248,1
Clemson_p111_c1_grm_std_uni,1,4.44339656829834,-4.990726947784424,1
Clemson_p111_c1_grm_std_uni,1,4.415217876434326,-4.921306133270264,1
Clemson_p111_c1_grm_std_uni,1,4.415480136871338,-4.890733242034912,1
Clemson_p111_c1_grm_std_uni,1,4.408157825469971,-4.847086429595947,1
Clemson_p111_c1_grm_std_uni,1,4.416947841644287,-4.7877326011657715,1
Clemson_p111_c1_grm_std_uni,1,4.459743022918701,-4.733095645904541,1
Clemson_p111_c1_grm_std_uni,1,4.503032207489014,-4.684175491333008,1
Clemson_p111_c1_grm_std_uni,1,4.5226874351501465,-4.701375484466553,1
Clemson_p111_c1_grm_std_uni,1,4.513635158538818,-4.700779914855957,1
Clemson_p111_c1_grm_std_uni,1,4.429372787475586,-4.67903995513916,1
Clemson_p111_c1_grm_std_uni,1,4.317930698394775,-4.563990116119385,1
Clemson_p111_c1_grm_std_uni,1,4.287176609039307,-4.51324462890625,1
Clemson_p111_c1_grm_std_uni,1,4.237649440765381,-4.472672462463379,1
Clemson_p111_c1_grm_std_uni,1,4.151005268096924,-4.405186653137207,1
Clemson_p111_c1_grm_std_uni,1,4.1642937660217285,-4.376341342926025,1
Clemson_p111_c1_grm_std_uni,1,4.300520420074463,-4.415828227996826,1
Clemson_p111_c1_grm_std_uni,1,4.339669227600098,-4.435431480407715,1
Clemson_p111_c1_grm_std_uni,1,4.55795431137085,-4.6853485107421875,1
Clemson_p111_c1_grm_std_uni,1,4.690960884094238,-4.8718671798706055,1
Clemson_p111_c1_grm_std_uni,1,4.687167167663574,-4.867863178253174,1
Clemson_p111_c1_grm_std_uni,1,4.623391151428223,-4.799917697906494,1
Clemson_p111_c1_grm_std_uni,1,4.498117446899414,-4.64390754699707,1
Clemson_p111_c1_grm_std_uni,1,4.255366325378418,-4.4057440757751465,1
Clemson_p111_c1_grm_std_uni,1,3.9448111057281494,-4.1151862144470215,1
Clemson_p111_c1_grm_std_uni,1,3.786219358444214,-3.987121820449829,1
Clemson_p111_c1_grm_std_uni,1,3.7901628017425537,-3.9862618446350098,1
Clemson_p111_c1_grm_std_uni,1,3.8486223220825195,-4.005425453186035,1
Clemson_p111_c1_grm_std_uni,1,3.9639010429382324,-4.077586650848389,1
Clemson_p111_c1_grm_std_uni,1,4.0855889320373535,-4.167306423187256,1
Clemson_p111_c1_grm_std_uni,1,4.212676048278809,-4.252315998077393,1
Clemson_p111_c1_grm_std_uni,1,4.3244309425354,-4.343449115753174,1
Clemson_p111_c1_grm_std_uni,1,4.374142646789551,-4.4068098068237305,1
Clemson_p111_c1_grm_std_uni,1,4.704801082611084,-4.7473931312561035,1
Clemson_p111_c1_grm_std_uni,1,4.970351219177246,-4.981705188751221,1
Clemson_p111_c1_grm_std_uni,1,4.89798641204834,-4.876990795135498,1
Clemson_p111_c1_grm_std_uni,1,4.864699363708496,-4.850899696350098,1
Clemson_p111_c1_grm_std_uni,1,4.8999457359313965,-4.822579383850098,1
Clemson_p111_c1_grm_std_uni,1,5.127535343170166,-5.076600551605225,1
Clemson_p111_c1_grm_std_uni,1,5.453490257263184,-5.464766979217529,1
Clemson_p111_c1_grm_std_uni,1,5.313294410705566,-5.24614143371582,1
Clemson_p111_c1_grm_std_uni,1,5.302489280700684,-5.137750148773193,1
Clemson_p111_c1_grm_std_uni,1,4.9334869384765625,-4.760660171508789,1
Clemson_p111_c1_grm_std_uni,1,4.5354509353637695,-4.2775750160217285,1
Clemson_p111_c1_grm_std_uni,1,4.347046375274658,-4.0905632972717285,1
Clemson_p111_c1_grm_std_uni,1,4.25457763671875,-3.958070993423462,1
Clemson_p111_c1_grm_std_uni,1,4.1814374923706055,-3.9030463695526123,1
Clemson_p111_c1_grm_std_uni,1,4.2847089767456055,-4.039292335510254,1
Clemson_p111_c1_grm_std_uni,1,4.365030765533447,-4.140637397766113,1
Clemson_p111_c1_grm_std_uni,1,4.544948101043701,-4.283529758453369,1
Clemson_p111_c1_grm_std_uni,1,4.758179664611816,-4.417448997497559,1
Clemson_p111_c1_grm_std_uni,1,4.899935722351074,-4.542107582092285,1
Clemson_p111_c1_grm_std_uni,1,4.869312763214111,-4.470678806304932,1
Clemson_p111_c1_grm_std_uni,1,4.745468616485596,-4.436686038970947,1
Clemson_p111_c1_grm_std_uni,1,4.365808486938477,-4.224533557891846,1
Clemson_p111_c1_grm_std_uni,1,4.2904744148254395,-4.130986213684082,1
Clemson_p111_c1_grm_std_uni,1,4.354721546173096,-4.214690208435059,1
Clemson_p111_c1_grm_std_uni,1,4.394176959991455,-4.210050582885742,1
Clemson_p111_c1_grm_std_uni,1,4.353430271148682,-4.132070541381836,1
Clemson_p111_c1_grm_std_uni,1,4.1054463386535645,-3.7995779514312744,1
Clemson_p111_c1_grm_std_uni,1,3.6853768825531006,-3.2783923149108887,1
Clemson_p111_c1_grm_std_uni,1,3.2992217540740967,-2.7159156799316406,1
Clemson_p111_c1_grm_std_uni,1,3.2385106086730957,-2.6065802574157715,1
Clemson_p111_c1_grm_std_uni,1,3.380344867706299,-2.610625743865967,1
Clemson_p111_c1_grm_std_uni,1,3.0804443359375,-2.1662237644195557,1
Clemson_p111_c1_grm_std_uni,1,2.153104305267334,-1.8950742483139038,1
Clemson_p111_c1_grm_std_uni,1,2.446281909942627,-2.6456212997436523,1
Clemson_p111_c1_grm_std_uni,1,3.69282603263855,-4.177221775054932,1
Clemson_p111_c1_grm_std_uni,1,4.940539360046387,-5.504676818847656,1
Clemson_p111_c1_grm_std_uni,1,5.364074230194092,-5.899177074432373,1
Clemson_p111_c1_grm_std_uni,1,5.420677185058594,-5.940328598022461,1
Clemson_p111_c1_grm_std_uni,1,5.370783805847168,-5.865104675292969,1
Clemson_p111_c1_grm_std_uni,1,5.192659378051758,-5.654145240783691,1
Clemson_p111_c1_grm_std_uni,1,5.050565242767334,-5.477679252624512,1
Clemson_p111_c1_grm_std_uni,1,5.020140647888184,-5.40342903137207,1
Clemson_p111_c1_grm_std_uni,1,4.961221218109131,-5.317171573638916,1
Clemson_p111_c1_grm_std_uni,1,4.817304611206055,-5.169232368469238,1
Clemson_p111_c1_grm_std_uni,1,4.3157429695129395,-4.648101329803467,1
Clemson_p111_c1_grm_std_uni,1,3.691488742828369,-4.107311725616455,1
Clemson_p111_c1_grm_std_uni,1,4.09109354019165,-4.5209550857543945,1
Clemson_p111_c1_grm_std_uni,1,4.949350833892822,-5.321449279785156,1
Clemson_p111_c1_grm_std_uni,1,5.198225021362305,-5.495251655578613,1
Clemson_p111_c1_grm_std_uni,1,5.061057090759277,-5.289072513580322,1
Clemson_p111_c1_grm_std_uni,1,4.7999348640441895,-4.965733528137207,1
Clemson_p111_c1_grm_std_uni,1,4.646389961242676,-4.721571922302246,1
Clemson_p111_c1_grm_std_uni,1,4.3728132247924805,-4.518087863922119,1
Clemson_p111_c1_grm_std_uni,2,4.672924518585205,-5.030420780181885,1
Clemson_p111_c1_grm_std_uni,2,4.986985683441162,-5.474184036254883,1
Clemson_p111_c1_grm_std_uni,2,5.2747111320495605,-5.404340744018555,1
Clemson_p111_c1_grm_std_uni,2,5.401402950286865,-5.203668594360352,1
Clemson_p111_c1_grm_std_uni,2,4.812802791595459,-4.860486030578613,1
Clemson_p111_c1_grm_std_uni,2,4.499185562133789,-4.895095348358154,1
Clemson_p111_c1_grm_std_uni,2,4.469763278961182,-4.539908409118652,1
Clemson_p111_c1_grm_std_uni,2,4.209805965423584,-3.831874370574951,1
Clemson_p111_c1_grm_std_uni,2,3.210505962371826,-2.9340951442718506,1
Clemson_p111_c1_grm_std_uni,2,3.06493878364563,-3.3339507579803467,1
Clemson_p111_c1_grm_std_uni,2,3.6933021545410156,-4.225602626800537,1
Clemson_p111_c1_grm_std_uni,2,4.166621208190918,-4.640296936035156,1
Clemson_p111_c1_grm_std_uni,2,4.461095333099365,-4.422708034515381,1
Clemson_p111_c1_grm_std_uni,2,4.558394908905029,-4.413670063018799,1
Clemson_p111_c1_grm_std_uni,2,4.540549278259277,-4.4074249267578125,1
Clemson_p111_c1_grm_std_uni,2,4.427725315093994,-4.384843349456787,1
Clemson_p111_c1_grm_std_uni,2,4.313359260559082,-4.302098751068115,1
Clemson_p111_c1_grm_std_uni,2,4.203382968902588,-4.199882984161377,1
Clemson_p111_c1_grm_std_uni,1,4.085321426391602,-4.0990376472473145,1
Clemson_p111_c1_grm_std_uni,1,4.017045497894287,-4.033313751220703,1
Clemson_p111_c1_grm_std_uni,1,3.943187713623047,-3.962911367416382,1
Clemson_p111_c1_grm_std_uni,1,3.861849546432495,-3.8811607360839844,1
Clemson_p111_c1_grm_std_uni,1,3.825303316116333,-3.8340651988983154,1
Clemson_p111_c1_grm_std_uni,1,3.8297243118286133,-3.841904401779175,1
Clemson_p111_c1_grm_std_uni,1,3.7912983894348145,-3.8465192317962646,1
Clemson_p111_c1_grm_std_uni,1,3.7570860385894775,-3.8436639308929443,1
Clemson_p111_c1_grm_std_uni,2,3.643714666366577,-3.628145933151245,1
Clemson_p111_c1_grm_std_uni,2,2.7915656566619873,-2.544830083847046,1
Clemson_p111_c1_grm_std_uni,2,3.119478702545166,-2.5937626361846924,1
Clemson_p111_c1_grm_std_uni,2,3.670776128768921,-2.789956569671631,1
Clemson_p111_c1_grm_std_uni,2,3.902043581008911,-2.993952989578247,1
Clemson_p111_c1_grm_std_uni,2,3.750920057296753,-3.2715201377868652,1
Clemson_p111_c1_grm_std_uni,2,3.636300802230835,-3.364276647567749,1
Clemson_p111_c1_grm_std_uni,2,3.7633025646209717,-3.350947618484497,1
Clemson_p111_c1_grm_std_uni,2,3.9025943279266357,-3.2721617221832275,1
Clemson_p111_c1_grm_std_uni,2,3.3745837211608887,-2.8238208293914795,1
Clemson_p111_c1_grm_std_uni,2,2.1149895191192627,-1.835228443145752,1
Clemson_p111_c1_grm_std_uni,2,3.199826717376709,-3.225600242614746,1
Clemson_p111_c1_grm_std_uni,2,3.6920676231384277,-3.8346376419067383,1
Clemson_p111_c1_grm_std_uni,1,3.6613659858703613,-3.8955836296081543,1
Clemson_p111_c1_grm_std_uni,1,3.9156007766723633,-4.154891014099121,1
Clemson_p111_c1_grm_std_uni,1,3.6977791786193848,-3.8610260486602783,1
Clemson_p111_c1_grm_std_uni,1,3.148287057876587,-3.4676496982574463,1
Clemson_p111_c1_grm_std_uni,1,3.089444637298584,-3.67250394821167,1
Clemson_p111_c1_grm_std_uni,1,3.9551913738250732,-4.681519031524658,1
Clemson_p111_c1_grm_std_uni,1,4.498959064483643,-5.202519416809082,1
Clemson_p111_c1_grm_std_uni,1,4.692557334899902,-5.386171340942383,1
Clemson_p111_c1_grm_std_uni,1,4.7297282218933105,-5.411164283752441,1
Clemson_p111_c1_grm_std_uni,1,4.7207841873168945,-5.343871593475342,1
Clemson_p111_c1_grm_std_uni,1,4.67427921295166,-5.131274700164795,1
Clemson_p111_c1_grm_std_uni,1,4.62880277633667,-4.796854496002197,1
Clemson_p111_c1_grm_std_uni,1,4.612884998321533,-4.645562171936035,1
Clemson_p111_c1_grm_std_uni,1,4.488882064819336,-4.363378524780273,1
Clemson_p111_c1_grm_std_uni,1,3.8861472606658936,-3.3670809268951416,1
Clemson_p111_c1_grm_std_uni,1,0.9656383395195007,-0.3681640326976776,1
Clemson_p111_c1_grm_std_uni,2,1.3064247369766235,-1.2781565189361572,1
Clemson_p111_c1_grm_std_uni,2,2.5038278102874756,-3.2926185131073,1
Clemson_p111_c1_grm_std_uni,2,3.939565420150757,-4.26999568939209,1
Clemson_p111_c1_grm_std_uni,2,4.539414882659912,-4.52793550491333,1
Clemson_p111_c1_grm_std_uni,2,3.3152823448181152,-3.372159242630005,1
Clemson_p111_c1_grm_std_uni,2,0.4195169508457184,-0.10834114253520966,1
Clemson_p111_c1_grm_std_uni,2,1.3328287601470947,-1.548115849494934,1
Clemson_p111_c1_grm_std_uni,2,3.9305293560028076,-5.24211311340332,1
Clemson_p111_c1_grm_std_uni,2,4.662047863006592,-6.34459114074707,1
Clemson_p111_c1_grm_std_uni,2,5.084628582000732,-6.86639404296875,1
Clemson_p111_c1_grm_std_uni,2,6.050690174102783,-7.103024482727051,1
Clemson_p111_c1_grm_std_uni,2,6.527749061584473,-7.352717399597168,1
Clemson_p111_c1_grm_std_uni,1,6.723109245300293,-7.4977874755859375,1
Clemson_p111_c1_grm_std_uni,1,6.656473636627197,-7.348699569702148,1
Clemson_p111_c1_grm_std_uni,1,6.057158470153809,-6.64796781539917,1
Clemson_p111_c1_grm_std_uni,1,5.905676364898682,-6.7340850830078125,1
Clemson_p111_c1_grm_std_uni,1,5.564842224121094,-6.235819339752197,1
Clemson_p111_c1_grm_std_uni,1,5.742555141448975,-5.723521709442139,1
Clemson_p111_c1_grm_std_uni,1,6.010003566741943,-5.8277740478515625,1
Clemson_p111_c1_grm_std_uni,1,6.23622465133667,-6.142512798309326,1
Clemson_p111_c1_grm_std_uni,1,6.058694839477539,-6.263877868652344,1
Clemson_p111_c1_grm_std_uni,1,5.517731666564941,-5.8129472732543945,1
Clemson_p111_c1_grm_std_uni,1,5.071743488311768,-5.454622268676758,1
Clemson_p111_c1_grm_std_uni,1,4.466161251068115,-5.0960164070129395,1
Clemson_p111_c1_grm_std_uni,1,4.0632195472717285,-4.955644607543945,1
Clemson_p111_c1_grm_std_uni,1,3.907172918319702,-4.638701438903809,1
Clemson_p111_c1_grm_std_uni,1,3.7206852436065674,-4.271910667419434,1
Clemson_p111_c1_grm_std_uni,1,1.7476292848587036,-1.716169834136963,1
Clemson_p111_c1_grm_std_uni,1,-0.3841494023799896,1.0275217294692993,2
Clemson_p111_c1_grm_std_uni,2,1.1570881605148315,-1.7684664726257324,1
Clemson_p111_c1_grm_std_uni,2,4.009335041046143,-5.1205668449401855,1
Clemson_p111_c1_grm_std_uni,2,4.541874885559082,-6.2905120849609375,1
Clemson_p111_c1_grm_std_uni,2,4.673367500305176,-6.536988735198975,1
Clemson_p111_c1_grm_std_uni,2,4.900888442993164,-7.031487464904785,1
Clemson_p111_c1_grm_std_uni,2,5.3300981521606445,-7.2897868156433105,1
Clemson_p111_c1_grm_std_uni,2,6.2627763748168945,-7.590771198272705,1
Clemson_p111_c1_grm_std_uni,2,6.444277763366699,-6.75005578994751,1
Clemson_p111_c1_grm_std_uni,2,6.378877639770508,-6.836462497711182,1
Clemson_p111_c1_grm_std_uni,2,6.326588153839111,-6.7908101081848145,1
Clemson_p111_c1_grm_std_uni,2,6.340243339538574,-6.685361385345459,1
Clemson_p111_c1_grm_std_uni,2,6.569161891937256,-6.68394660949707,1
Clemson_p111_c1_grm_std_uni,2,6.582361698150635,-6.431524276733398,1
Clemson_p111_c1_grm_std_uni,2,6.325765609741211,-6.1557183265686035,1
Clemson_p111_c1_grm_std_uni,2,5.302038192749023,-5.430968284606934,1
Clemson_p111_c1_grm_std_uni,2,4.176292896270752,-4.655862331390381,1
Clemson_p111_c1_grm_std_uni,2,3.897005319595337,-4.4145612716674805,1
Clemson_p111_c1_grm_std_uni,2,4.492466926574707,-4.695950508117676,1
Clemson_p111_c1_grm_std_uni,2,5.061728000640869,-4.953521728515625,1
Clemson_p111_c1_grm_std_uni,2,5.197187900543213,-5.0937299728393555,1
Clemson_p111_c1_grm_std_uni,2,5.164215087890625,-5.21345853805542,1
Clemson_p111_c1_grm_std_uni,2,5.037891864776611,-5.158624649047852,1
Clemson_p111_c1_grm_std_uni,2,4.8815836906433105,-4.966825008392334,1
Clemson_p111_c1_grm_std_uni,2,4.749464511871338,-4.757861614227295,1
Clemson_p111_c1_grm_std_uni,2,4.644232749938965,-4.4709553718566895,1
Clemson_p111_c1_grm_std_uni,2,4.428675651550293,-4.112076759338379,1
Clemson_p111_c1_grm_std_uni,2,4.2061238288879395,-3.7823355197906494,1
Clemson_p111_c1_grm_std_uni,2,3.8744900226593018,-3.1177759170532227,1
Clemson_p111_c1_grm_std_uni,1,2.3569676876068115,-1.3437626361846924,1
Clemson_p111_c1_grm_std_uni,1,1.581620454788208,-1.6930330991744995,1
Clemson_p111_c1_grm_std_uni,1,3.5933101177215576,-5.0710978507995605,1
Clemson_p111_c1_grm_std_uni,1,4.00071382522583,-5.760357856750488,1
Clemson_p111_c1_grm_std_uni,1,4.979186534881592,-6.170636177062988,1
Clemson_p111_c1_grm_std_uni,1,5.381746768951416,-5.747317314147949,1
Clemson_p111_c1_grm_std_uni,1,5.244044780731201,-5.569604873657227,1
Clemson_p111_c1_grm_std_uni,1,5.134612560272217,-5.395593643188477,1
Clemson_p111_c1_grm_std_uni,1,4.961543560028076,-5.142717361450195,1
Clemson_p111_c1_grm_std_uni,1,4.854608535766602,-5.258571147918701,1
Clemson_p111_c1_grm_std_uni,1,4.842947006225586,-5.45851993560791,1
Clemson_p111_c1_grm_std_uni,1,3.708894968032837,-4.572062015533447,1
Clemson_p111_c1_grm_std_uni,1,2.383817434310913,-3.2341835498809814,1
Clemson_p111_c1_grm_std_uni,1,2.2269997596740723,-3.324693202972412,1
Clemson_p111_c1_grm_std_uni,1,4.634738445281982,-5.588524341583252,1
Clemson_p111_c1_grm_std_uni,1,5.50847053527832,-5.94191837310791,1
Clemson_p111_c1_grm_std_uni,1,6.350987434387207,-6.558740615844727,1
Clemson_p111_c1_grm_std_uni,1,6.763600826263428,-6.699679851531982,1
Clemson_p111_c1_grm_std_uni,1,6.47296142578125,-6.6391825675964355,1
Clemson_p111_c1_grm_std_uni,1,6.076050758361816,-6.722402572631836,1
Clemson_p111_c1_grm_std_uni,1,5.952900409698486,-6.709681034088135,1
Clemson_p111_c1_grm_std_uni,1,5.72358512878418,-6.537360668182373,1
Clemson_p111_c1_grm_std_uni,1,5.667736530303955,-6.586519718170166,1
Clemson_p111_c1_grm_std_uni,1,5.373985767364502,-6.203362464904785,1
Clemson_p111_c1_grm_std_uni,2,5.316633701324463,-5.907436847686768,1
Clemson_p111_c1_grm_std_uni,2,5.47307825088501,-5.804505825042725,1
Clemson_p111_c1_grm_std_uni,2,5.506045341491699,-5.742510795593262,1
Clemson_p111_c1_grm_std_uni,2,5.2721710205078125,-5.6556620597839355,1
Clemson_p111_c1_grm_std_uni,2,4.9187140464782715,-5.515349388122559,1
Clemson_p111_c1_grm_std_uni,2,4.604687690734863,-5.029006481170654,1
Clemson_p111_c1_grm_std_uni,2,4.64082670211792,-5.178088665008545,1
Clemson_p111_c1_grm_std_uni,2,4.5061445236206055,-5.0958404541015625,1
Clemson_p111_c1_grm_std_uni,2,4.003483772277832,-4.546282768249512,1
Clemson_p111_c1_grm_std_uni,2,2.686957597732544,-3.019791603088379,1
Clemson_p111_c1_grm_std_uni,2,1.6532366275787354,-1.6269642114639282,1
Clemson_p111_c1_grm_std_uni,2,0.8949139714241028,-0.6734905242919922,1
Clemson_p111_c1_grm_std_uni,2,0.4525483250617981,-0.9523701071739197,1
Clemson_p111_c1_grm_std_uni,2,2.415461778640747,-3.4125988483428955,1
Clemson_p111_c1_grm_std_uni,2,4.673887729644775,-6.34246826171875,1
Clemson_p111_c1_grm_std_uni,2,4.882729530334473,-6.7069010734558105,1
Clemson_p111_c1_grm_std_uni,2,4.86604118347168,-7.024382591247559,1
Clemson_p111_c1_grm_std_uni,2,5.306817531585693,-7.1446452140808105,1
Clemson_p111_c1_grm_std_uni,2,6.120379447937012,-7.776886940002441,1
Clemson_p111_c1_grm_std_uni,1,6.180422782897949,-7.080521106719971,1
Clemson_p111_c1_grm_std_uni,1,5.739120960235596,-6.932248115539551,1
Clemson_p111_c1_grm_std_uni,1,5.3527607917785645,-6.479352951049805,1
Clemson_p111_c1_grm_std_uni,1,5.105273246765137,-6.024511337280273,1
Clemson_p111_c1_grm_std_uni,1,4.762377738952637,-5.654662609100342,1
Clemson_p111_c1_grm_std_uni,1,4.995286464691162,-5.981719970703125,1
Clemson_p111_c1_grm_std_uni,1,5.254454135894775,-6.222114086151123,1
Clemson_p111_c1_grm_std_uni,1,5.376034736633301,-6.286260604858398,1
Clemson_p111_c1_grm_std_uni,1,5.424313068389893,-6.289422512054443,1
Clemson_p111_c1_grm_std_uni,1,5.4288225173950195,-6.150991439819336,1
Clemson_p111_c1_grm_std_uni,1,5.544675350189209,-6.164665699005127,1
Clemson_p111_c1_grm_std_uni,1,5.732896327972412,-6.291503429412842,1
Clemson_p111_c1_grm_std_uni,1,5.712503433227539,-6.1817851066589355,1
Clemson_p111_c1_grm_std_uni,1,5.7195868492126465,-6.154586315155029,1
Clemson_p111_c1_grm_std_uni,1,5.678786277770996,-6.10999870300293,1
Clemson_p111_c1_grm_std_uni,1,5.614797592163086,-6.073119640350342,1
Clemson_p111_c1_grm_std_uni,1,5.559620380401611,-6.018116474151611,1
Clemson_p111_c1_grm_std_uni,1,5.444982051849365,-5.779263019561768,1
Clemson_p111_c1_grm_std_uni,1,5.412997245788574,-5.7353363037109375,1
Clemson_p111_c1_grm_std_uni,1,5.55753231048584,-5.898085117340088,1
Clemson_p111_c1_grm_std_uni,1,5.478860855102539,-5.801887035369873,1
Clemson_p111_c1_grm_std_uni,1,5.408945083618164,-5.604897975921631,1
Clemson_p111_c1_grm_std_uni,1,5.389888286590576,-5.378562927246094,1
Clemson_p111_c1_grm_std_uni,1,5.531318664550781,-5.383618354797363,1
Clemson_p111_c1_grm_std_uni,1,6.020998001098633,-5.904654502868652,1
Clemson_p111_c1_grm_std_uni,1,5.950257778167725,-5.584845066070557,1
Clemson_p111_c1_grm_std_uni,1,5.624950885772705,-5.996334552764893,1
Clemson_p111_c1_grm_std_uni,1,5.532288074493408,-6.021881103515625,1
Clemson_p111_c1_grm_std_uni,1,5.458628177642822,-6.077832221984863,1
Clemson_p111_c1_grm_std_uni,1,5.225709915161133,-6.121338367462158,1
Clemson_p111_c1_grm_std_uni,1,5.052004337310791,-5.979153156280518,1
Clemson_p111_c1_grm_std_uni,1,4.850621223449707,-5.824567794799805,1
Clemson_p111_c1_grm_std_uni,1,4.805492877960205,-5.9582600593566895,1
Clemson_p111_c1_grm_std_uni,1,4.5836501121521,-5.588700294494629,1
Clemson_p111_c1_grm_std_uni,1,4.326559543609619,-5.2050628662109375,1
Clemson_p111_c1_grm_std_uni,1,3.7581307888031006,-4.590075492858887,1
Clemson_p111_c1_grm_std_uni,1,3.258798360824585,-3.973101854324341,1
Clemson_p111_c1_grm_std_uni,1,3.0978128910064697,-3.7495741844177246,1
Clemson_p111_c1_grm_std_uni,1,3.2526285648345947,-3.8480923175811768,1
Clemson_p111_c1_grm_std_uni,1,3.482825756072998,-4.009382247924805,1
Clemson_p111_c1_grm_std_uni,1,3.533416509628296,-4.013951301574707,1
Clemson_p111_c1_grm_std_uni,1,3.5873329639434814,-4.020222187042236,1
Clemson_p111_c1_grm_std_uni,1,3.6269006729125977,-4.016439437866211,1
Clemson_p111_c1_grm_std_uni,1,3.6080429553985596,-3.957479953765869,1
Clemson_p111_c1_grm_std_uni,1,3.567375421524048,-3.870363712310791,1
Clemson_p111_c1_grm_std_uni,1,3.5111021995544434,-3.739403247833252,1
Clemson_p111_c1_grm_std_uni,1,3.35187029838562,-3.4357974529266357,1
Clemson_p111_c1_grm_std_uni,1,3.2001144886016846,-2.8209846019744873,1
Clemson_p111_c1_grm_std_uni,1,2.5168261528015137,-2.3512327671051025,1
Clemson_p111_c1_grm_std_uni,1,2.0043647289276123,-2.27772855758667,1
Clemson_p111_c1_grm_std_uni,1,3.2951459884643555,-3.7912750244140625,1
Clemson_p111_c1_grm_std_uni,1,3.6232643127441406,-4.089700698852539,1
Clemson_p111_c1_grm_std_uni,1,4.059174060821533,-4.582906723022461,1
Clemson_p111_c1_grm_std_uni,1,4.1932549476623535,-4.54388427734375,1
Clemson_p111_c1_grm_std_uni,1,4.282698154449463,-4.529516220092773,1
Clemson_p111_c1_grm_std_uni,1,4.436014652252197,-4.6043925285339355,1
Clemson_p111_c1_grm_std_uni,1,4.416563987731934,-4.504286289215088,1
Clemson_p111_c1_grm_std_uni,1,4.343596458435059,-4.517056465148926,1
Clemson_p111_c1_grm_std_uni,1,4.270004749298096,-4.450560092926025,1
Clemson_p111_c1_grm_std_uni,1,4.262531280517578,-4.478870868682861,1
Clemson_p111_c1_grm_std_uni,1,4.267951488494873,-4.464437007904053,1
Clemson_p111_c1_grm_std_uni,1,4.300220966339111,-4.462581157684326,1
Clemson_p111_c1_grm_std_uni,1,4.30711555480957,-4.454780101776123,1
Clemson_p111_c1_grm_std_uni,1,4.262734889984131,-4.3925676345825195,1
Clemson_p111_c1_grm_std_uni,1,4.3580803871154785,-4.506568908691406,1
Clemson_p111_c1_grm_std_uni,1,4.467907428741455,-4.604879379272461,1
Clemson_p111_c1_grm_std_uni,1,4.4203596115112305,-4.526954650878906,1
Clemson_p111_c1_grm_std_uni,1,4.492257595062256,-4.60438871383667,1
Clemson_p111_c1_grm_std_uni,1,4.647726535797119,-4.770803451538086,1
Clemson_p111_c1_grm_std_uni,1,4.882152080535889,-4.9839253425598145,1
Clemson_p111_c1_grm_std_uni,1,4.9547810554504395,-5.054305553436279,1
Clemson_p111_c1_grm_std_uni,1,5.050346851348877,-5.163033485412598,1
Clemson_p111_c1_grm_std_uni,1,5.10189151763916,-5.226529598236084,1
Clemson_p111_c1_grm_std_uni,1,5.152031421661377,-5.2730937004089355,1
Clemson_p111_c1_grm_std_uni,1,5.21074104309082,-5.337087154388428,1
Clemson_p111_c1_grm_std_uni,1,5.226510047912598,-5.370530128479004,1
Clemson_p111_c1_grm_std_uni,1,5.34830904006958,-5.46883487701416,1
Clemson_p111_c1_grm_std_uni,1,5.452000141143799,-5.486654281616211,1
Clemson_p111_c1_grm_std_uni,1,5.450139999389648,-5.431031703948975,1
Clemson_p111_c1_grm_std_uni,1,5.382852554321289,-5.366122245788574,1
Clemson_p111_c1_grm_std_uni,1,5.300948619842529,-5.287487506866455,1
Clemson_p111_c1_grm_std_uni,1,5.2787675857543945,-5.273723125457764,1
Clemson_p111_c1_grm_std_uni,1,5.3162641525268555,-5.29888391494751,1
Clemson_p111_c1_grm_std_uni,1,5.369997978210449,-5.369451999664307,1
Clemson_p111_c1_grm_std_uni,1,5.4806013107299805,-5.480257511138916,1
Clemson_p111_c1_grm_std_uni,1,5.635214328765869,-5.589402675628662,1
Clemson_p111_c1_grm_std_uni,1,5.681343078613281,-5.650806903839111,1
Clemson_p111_c1_grm_std_uni,1,5.786000728607178,-5.739584922790527,1
Clemson_p111_c1_grm_std_uni,1,5.894661903381348,-5.785287380218506,1
Clemson_p111_c1_grm_std_uni,1,5.94249963760376,-5.782674789428711,1
Clemson_p111_c1_grm_std_uni,1,5.9687347412109375,-5.771448135375977,1
Clemson_p111_c1_grm_std_uni,1,5.964047908782959,-5.726046562194824,1
Clemson_p111_c1_grm_std_uni,1,5.9723076820373535,-5.694761276245117,1
Clemson_p111_c1_grm_std_uni,1,5.8763957023620605,-5.6090898513793945,1
Clemson_p111_c1_grm_std_uni,1,5.8155436515808105,-5.5357160568237305,1
Clemson_p111_c1_grm_std_uni,1,6.051309108734131,-5.74357271194458,1
Clemson_p111_c1_grm_std_uni,1,6.16572904586792,-5.82240629196167,1
Clemson_p111_c1_grm_std_uni,1,6.214723587036133,-5.875106334686279,1
Clemson_p111_c1_grm_std_uni,1,6.276789665222168,-5.886205196380615,1
Clemson_p111_c1_grm_std_uni,1,6.14774227142334,-5.580698013305664,1
Clemson_p111_c1_grm_std_uni,1,6.056004047393799,-5.388809680938721,1
Clemson_p111_c1_grm_std_uni,1,5.947996616363525,-5.468320369720459,1
Clemson_p111_c1_grm_std_uni,1,5.346784591674805,-4.914883613586426,1
Clemson_p111_c1_grm_std_uni,1,5.002321720123291,-4.05996561050415,1
Clemson_p111_c1_grm_std_uni,1,3.3256683349609375,-2.6548097133636475,1
Clemson_p111_c1_grm_std_uni,1,1.864511489868164,-2.0192790031433105,1
Clemson_p111_c1_grm_std_uni,1,2.2229418754577637,-3.8482699394226074,1
Clemson_p111_c1_grm_std_uni,1,3.4230763912200928,-5.6892194747924805,1
Clemson_p111_c1_grm_std_uni,1,3.8062357902526855,-6.38607931137085,1
Clemson_p111_c1_grm_std_uni,1,4.882085800170898,-6.6164350509643555,1
Clemson_p111_c1_grm_std_uni,1,5.25868034362793,-6.186644554138184,1
Clemson_p111_c1_grm_std_uni,1,5.236353397369385,-5.882847309112549,1
Clemson_p111_c1_grm_std_uni,1,5.150148391723633,-5.73515510559082,1
Clemson_p111_c1_grm_std_uni,1,5.023955821990967,-5.66760778427124,1
Clemson_p111_c1_grm_std_uni,1,4.877640724182129,-5.650060653686523,1
Clemson_p111_c1_grm_std_uni,1,4.433302402496338,-5.364814758300781,1
Clemson_p111_c1_grm_std_uni,1,4.157217025756836,-5.133488655090332,1
Clemson_p111_c1_grm_std_uni,1,4.15873384475708,-4.955405235290527,1
Clemson_p111_c1_grm_std_uni,1,4.110669136047363,-4.8895111083984375,1
Clemson_p111_c1_grm_std_uni,1,4.1313300132751465,-4.829638481140137,1
Clemson_p111_c1_grm_std_uni,1,4.143383502960205,-4.3624162673950195,1
Clemson_p111_c1_grm_std_uni,1,4.099180221557617,-4.270073890686035,1
Clemson_p111_c1_grm_std_uni,1,3.9289674758911133,-4.25413179397583,1
Clemson_p111_c1_grm_std_uni,1,3.6679506301879883,-4.283719539642334,1
Clemson_p111_c1_grm_std_uni,2,3.394768714904785,-4.259054660797119,1
Clemson_p111_c1_grm_std_uni,2,3.217414140701294,-4.106484889984131,1
Clemson_p111_c1_grm_std_uni,2,0.7784675359725952,-0.9441849589347839,1
Clemson_p111_c1_grm_std_uni,2,-0.7299267053604126,1.13334059715271,2
Clemson_p111_c1_grm_std_uni,2,2.6579806804656982,-3.107074022293091,1
Clemson_p111_c1_grm_std_uni,2,3.8389642238616943,-4.7512969970703125,1
Clemson_p111_c1_grm_std_uni,2,4.314476490020752,-5.416718006134033,1
Clemson_p111_c1_grm_std_uni,2,4.903304100036621,-6.121515274047852,1
Clemson_p111_c1_grm_std_uni,2,5.166712760925293,-6.069382190704346,1
Clemson_p111_c1_grm_std_uni,2,5.143530368804932,-5.591052055358887,1
Clemson_p111_c1_grm_std_uni,2,5.040330410003662,-5.317942142486572,1
Clemson_p111_c1_grm_std_uni,2,5.133737564086914,-5.449211120605469,1
Clemson_p111_c1_grm_std_uni,2,5.611386299133301,-6.072333812713623,1
Clemson_p111_c1_grm_std_uni,2,5.643405437469482,-6.157293796539307,1
Clemson_p111_c1_grm_std_uni,2,5.632440090179443,-6.153093338012695,1
Clemson_p111_c1_grm_std_uni,1,5.762002944946289,-6.254613876342773,1
Clemson_p111_c1_grm_std_uni,1,5.8059401512146,-6.2544755935668945,1
Clemson_p111_c1_grm_std_uni,1,5.793345928192139,-6.240581035614014,1
Clemson_p111_c1_grm_std_uni,1,5.786782741546631,-6.2080159187316895,1
Clemson_p111_c1_grm_std_uni,1,5.749030113220215,-6.146897315979004,1
Clemson_p111_c1_grm_std_uni,1,5.7693772315979,-6.119576454162598,1
Clemson_p111_c1_grm_std_uni,1,5.810788154602051,-6.074582576751709,1
Clemson_p111_c1_grm_std_uni,1,5.817426681518555,-6.028665065765381,1
Clemson_p111_c1_grm_std_uni,1,5.781152725219727,-5.928243160247803,1
Clemson_p111_c1_grm_std_uni,1,5.664515972137451,-5.746696472167969,1
Clemson_p111_c1_grm_std_uni,1,5.729833126068115,-5.826012134552002,1
Clemson_p111_c1_grm_std_uni,1,5.920849800109863,-5.9672088623046875,1
Clemson_p111_c1_grm_std_uni,1,5.95442008972168,-5.839284896850586,1
Clemson_p111_c1_grm_std_uni,1,5.897939205169678,-5.613192558288574,1
Clemson_p111_c1_grm_std_uni,1,5.537838459014893,-5.13730001449585,1
Clemson_p111_c1_grm_std_uni,1,5.044393062591553,-4.626500606536865,1
Clemson_p111_c1_grm_std_uni,1,2.673316478729248,-2.501643180847168,1
Clemson_p111_c1_grm_std_uni,1,1.9934948682785034,-2.1591012477874756,1
Clemson_p111_c1_grm_std_uni,1,2.2873010635375977,-2.7774815559387207,1
Clemson_p111_c1_grm_std_uni,1,2.6682028770446777,-3.3366925716400146,1
Clemson_p111_c1_grm_std_uni,1,3.6507017612457275,-4.347740650177002,1
Clemson_p111_c1_grm_std_uni,1,4.499211311340332,-4.960093975067139,1
Clemson_p111_c1_grm_std_uni,1,4.661236763000488,-4.705332279205322,1
Clemson_p111_c1_grm_std_uni,1,4.615145206451416,-4.569783687591553,1
Clemson_p111_c1_grm_std_uni,1,4.502163887023926,-4.410860061645508,1
Clemson_p111_c1_grm_std_uni,1,4.378739356994629,-4.260476112365723,1
Clemson_p111_c1_grm_std_uni,1,4.298179626464844,-4.306074142456055,1
Clemson_p111_c1_grm_std_uni,1,4.255023956298828,-4.380581378936768,1
Clemson_p111_c1_grm_std_uni,1,4.225257396697998,-4.459627151489258,1
Clemson_p111_c1_grm_std_uni,1,4.085358142852783,-4.328113079071045,1
Clemson_p111_c1_grm_std_uni,1,3.962367296218872,-4.116290092468262,1
Clemson_p111_c1_grm_std_uni,1,3.6544580459594727,-3.785557270050049,1
Clemson_p111_c1_grm_std_uni,1,3.526188373565674,-3.696678876876831,1
Clemson_p111_c1_grm_std_uni,1,3.6533548831939697,-3.8688642978668213,1
Clemson_p111_c1_grm_std_uni,1,3.731923818588257,-4.001633167266846,1
Clemson_p111_c1_grm_std_uni,1,3.7473342418670654,-4.104163646697998,1
Clemson_p111_c1_grm_std_uni,1,3.7409164905548096,-4.1146931648254395,1
Clemson_p111_c1_grm_std_uni,1,3.6965014934539795,-4.040126323699951,1
Clemson_p111_c1_grm_std_uni,1,3.648423194885254,-3.954237461090088,1
Clemson_p111_c1_grm_std_uni,1,3.602595567703247,-3.8978993892669678,1
Clemson_p111_c1_grm_std_uni,1,3.536757707595825,-3.8361246585845947,1
Clemson_p111_c1_grm_std_uni,1,3.50223708152771,-3.805299997329712,1
Clemson_p111_c1_grm_std_uni,1,3.494398355484009,-3.7982516288757324,1
Clemson_p111_c1_grm_std_uni,1,3.493492841720581,-3.8013527393341064,1
Clemson_p111_c1_grm_std_uni,1,3.487616777420044,-3.792480230331421,1
Clemson_p111_c1_grm_std_uni,1,3.468982219696045,-3.7689566612243652,1
Clemson_p111_c1_grm_std_uni,1,3.4343745708465576,-3.7319464683532715,1
Clemson_p111_c1_grm_std_uni,1,3.459994077682495,-3.7586026191711426,1
Clemson_p111_c1_grm_std_uni,1,3.55761981010437,-3.878730535507202,1
Clemson_p111_c1_grm_std_uni,1,3.635794162750244,-3.9931843280792236,1
Clemson_p111_c1_grm_std_uni,1,3.720386266708374,-4.122547626495361,1
Clemson_p111_c1_grm_std_uni,1,3.5904104709625244,-3.986253023147583,1
Clemson_p111_c1_grm_std_uni,1,3.3257625102996826,-3.6167523860931396,1
Clemson_p111_c1_grm_std_uni,1,3.521961212158203,-3.879234790802002,1
Clemson_p111_c1_grm_std_uni,1,4.013434410095215,-4.652449131011963,1
Clemson_p111_c1_grm_std_uni,1,4.644679069519043,-5.762896537780762,1
Clemson_p111_c1_grm_std_uni,1,5.112090587615967,-6.360198497772217,1
Clemson_p111_c1_grm_std_uni,1,4.645183086395264,-6.334643363952637,1
Clemson_p111_c1_grm_std_uni,1,4.10923957824707,-6.042135238647461,1
Clemson_p111_c1_grm_std_uni,1,3.7311785221099854,-5.744379997253418,1
Clemson_p111_c1_grm_std_uni,1,3.3975000381469727,-4.826903820037842,1
Clemson_p111_c1_grm_std_uni,1,2.347839117050171,-3.0894668102264404,1
Clemson_p111_c1_grm_std_uni,1,0.17276839911937714,-0.7712152600288391,1
Clemson_p111_c1_grm_std_uni,1,0.6832014918327332,-1.3511543273925781,1
Clemson_p111_c1_grm_std_uni,1,2.9390501976013184,-4.313392639160156,1
Clemson_p111_c1_grm_std_uni,1,4.000622749328613,-5.764044284820557,1
Clemson_p111_c1_grm_std_uni,1,4.129693031311035,-5.954136848449707,1
Clemson_p111_c1_grm_std_uni,1,4.12089729309082,-5.900359153747559,1
Clemson_p111_c1_grm_std_uni,1,4.039204120635986,-5.627495288848877,1
Clemson_p111_c1_grm_std_uni,1,3.9192006587982178,-5.360583782196045,1
Clemson_p111_c1_grm_std_uni,1,3.4052722454071045,-4.72305154800415,1
Clemson_p111_c1_grm_std_uni,1,2.6286675930023193,-3.815028667449951,1
Clemson_p111_c1_grm_std_uni,1,2.50582218170166,-3.5860326290130615,1
Clemson_p111_c1_grm_std_uni,1,3.659545421600342,-5.16829252243042,1
Clemson_p111_c1_grm_std_uni,1,4.720527172088623,-6.4359235763549805,1
Clemson_p111_c1_grm_std_uni,1,4.500767707824707,-6.140490531921387,1
Clemson_p111_c1_grm_std_uni,1,4.540012836456299,-5.477119445800781,1
Clemson_p111_c1_grm_std_uni,1,4.920775890350342,-5.3506388664245605,1
Clemson_p111_c1_grm_std_uni,1,5.8619866371154785,-6.065971374511719,1
Clemson_p111_c1_grm_std_uni,1,6.2557172775268555,-6.413858413696289,1
Clemson_p111_c1_grm_std_uni,1,6.1267218589782715,-6.46945858001709,1
Clemson_p111_c1_grm_std_uni,1,5.651612281799316,-5.996973037719727,1
Clemson_p111_c1_grm_std_uni,1,4.913008213043213,-5.1224846839904785,1
Clemson_p111_c1_grm_std_uni,1,4.742402076721191,-5.070887088775635,1
Clemson_p111_c1_grm_std_uni,1,4.81759786605835,-5.466103553771973,1
Clemson_p111_c1_grm_std_uni,1,4.8343682289123535,-5.631767272949219,1
Clemson_p111_c1_grm_std_uni,1,4.926512241363525,-5.571833610534668,1
Clemson_p111_c1_grm_std_uni,1,4.886331081390381,-5.37082576751709,1
Clemson_p111_c1_grm_std_uni,1,5.158059120178223,-5.67003870010376,1
Clemson_p111_c1_grm_std_uni,1,5.2932353019714355,-5.685847282409668,1
Clemson_p111_c1_grm_std_uni,1,5.605920791625977,-5.954681873321533,1
Clemson_p111_c1_grm_std_uni,1,5.616838455200195,-6.103928565979004,1
Clemson_p111_c1_grm_std_uni,1,5.2255144119262695,-5.925996780395508,1
Clemson_p111_c1_grm_std_uni,1,4.740511894226074,-5.544013500213623,1
Clemson_p111_c1_grm_std_uni,1,4.404733180999756,-4.847466468811035,1
Clemson_p111_c1_grm_std_uni,1,3.3878531455993652,-3.558173656463623,1
Clemson_p111_c1_grm_std_uni,1,1.9587019681930542,-2.0221810340881348,1
Clemson_p111_c1_grm_std_uni,1,3.422001838684082,-3.7514398097991943,1
Clemson_p111_c1_grm_std_uni,1,5.186906814575195,-6.04291296005249,1
Clemson_p111_c1_grm_std_uni,1,5.031935214996338,-5.731231212615967,1
Clemson_p111_c1_grm_std_uni,1,4.82774019241333,-5.651468276977539,1
Clemson_p111_c1_grm_std_uni,1,4.832735538482666,-5.798007011413574,1
Clemson_p111_c1_grm_std_uni,1,4.607950210571289,-5.606253623962402,1
Clemson_p111_c1_grm_std_uni,1,4.499176979064941,-5.150082111358643,1
Clemson_p111_c1_grm_std_uni,1,4.777088642120361,-4.799481391906738,1
Clemson_p111_c1_grm_std_uni,1,3.9973182678222656,-3.9860832691192627,1
Clemson_p111_c1_grm_std_uni,1,3.827871084213257,-3.8827502727508545,1
Clemson_p111_c1_grm_std_uni,1,3.5403599739074707,-4.49545955657959,1
Clemson_p111_c1_grm_std_uni,1,2.945716381072998,-3.7850441932678223,1
Clemson_p111_c1_grm_std_uni,1,2.2323663234710693,-3.3132617473602295,1
Clemson_p111_c1_grm_std_uni,2,2.6987290382385254,-3.9941165447235107,1
Clemson_p111_c1_grm_std_uni,2,3.074633836746216,-4.271622657775879,1
Clemson_p111_c1_grm_std_uni,2,4.089865684509277,-5.157249927520752,1
Clemson_p111_c1_grm_std_uni,2,4.516761302947998,-5.22260046005249,1
Clemson_p111_c1_grm_std_uni,2,4.93390417098999,-5.188698768615723,1
Clemson_p111_c1_grm_std_uni,2,5.104638576507568,-5.472083568572998,1
Clemson_p111_c1_grm_std_uni,2,4.80059289932251,-5.884606838226318,1
Clemson_p111_c1_grm_std_uni,2,4.574829578399658,-5.759783744812012,1
Clemson_p111_c1_grm_std_uni,2,4.335190773010254,-5.236653804779053,1
Clemson_p111_c1_grm_std_uni,2,4.573614597320557,-5.422936916351318,1
Clemson_p111_c1_grm_std_uni,2,4.60407018661499,-5.352296352386475,1
Clemson_p111_c1_grm_std_uni,2,4.535187721252441,-5.009963035583496,1
Clemson_p111_c1_grm_std_uni,2,4.359384536743164,-4.626326084136963,1
Clemson_p111_c1_grm_std_uni,1,4.167653560638428,-4.292425155639648,1
Clemson_p111_c1_grm_std_uni,1,4.254160404205322,-4.295934677124023,1
Clemson_p111_c1_grm_std_uni,1,4.309271335601807,-4.1183342933654785,1
Clemson_p111_c1_grm_std_uni,1,3.871934652328491,-3.0531728267669678,1
Clemson_p111_c1_grm_std_uni,1,2.033817768096924,-1.1238316297531128,1
Clemson_p111_c1_grm_std_uni,1,0.8603230714797974,-0.4874315559864044,1
Clemson_p111_c1_grm_std_uni,1,1.090477705001831,-1.0319348573684692,1
Clemson_p111_c1_grm_std_uni,1,1.6749041080474854,-1.9274455308914185,1
Clemson_p111_c1_grm_std_uni,1,1.92681086063385,-2.286348581314087,1
Clemson_p111_c1_grm_std_uni,1,1.714725136756897,-1.9965510368347168,1
Clemson_p111_c1_grm_std_uni,1,1.7782753705978394,-2.171839714050293,1
Clemson_p111_c1_grm_std_uni,1,2.886263608932495,-3.6536102294921875,1
Clemson_p111_c1_grm_std_uni,1,3.2748091220855713,-4.141060829162598,1
Clemson_p111_c1_grm_std_uni,1,3.767073154449463,-4.6975998878479,1
Clemson_p111_c1_grm_std_uni,1,4.3887176513671875,-5.591869831085205,1
Clemson_p111_c1_grm_std_uni,1,5.498326301574707,-6.283381938934326,1
Clemson_p111_c1_grm_std_uni,1,5.298206806182861,-5.8907952308654785,1
Clemson_p111_c1_grm_std_uni,1,5.082178115844727,-5.587283611297607,1
Clemson_p111_c1_grm_std_uni,1,4.954350471496582,-5.3303046226501465,1
Clemson_p111_c1_grm_std_uni,1,4.932103633880615,-5.087445259094238,1
Clemson_p111_c1_grm_std_uni,1,4.892365455627441,-4.868555545806885,1
Clemson_p111_c1_grm_std_uni,1,4.724523544311523,-4.778790473937988,1
Clemson_p111_c1_grm_std_uni,1,4.632689476013184,-5.0690412521362305,1
Clemson_p111_c1_grm_std_uni,1,4.6849365234375,-5.373612403869629,1
Clemson_p111_c1_grm_std_uni,1,4.4961066246032715,-4.933902263641357,1
Clemson_p111_c1_grm_std_uni,1,4.668137550354004,-5.4105048179626465,1
Clemson_p111_c1_grm_std_uni,1,4.598302364349365,-5.403192520141602,1
Clemson_p111_c1_grm_std_uni,1,4.23786735534668,-4.608569622039795,1
Clemson_p111_c1_grm_std_uni,1,4.049407005310059,-4.143005847930908,1
Clemson_p111_c1_grm_std_uni,1,3.741054058074951,-3.657567262649536,1
Clemson_p111_c1_grm_std_uni,1,2.1310250759124756,-1.979658603668213,1
Clemson_p111_c1_grm_std_uni,1,1.6197865009307861,-2.0329277515411377,1
Clemson_p111_c1_grm_std_uni,1,3.1863105297088623,-4.207005023956299,1
Clemson_p111_c1_grm_std_uni,1,4.684516906738281,-6.399806499481201,1
Clemson_p111_c1_grm_std_uni,1,5.131645202636719,-6.138605117797852,1
Clemson_p111_c1_grm_std_uni,1,4.855003356933594,-6.134899616241455,1
Clemson_p111_c1_grm_std_uni,1,4.512927055358887,-5.906569004058838,1
Clemson_p111_c1_grm_std_uni,1,4.191538333892822,-5.584155559539795,1
Clemson_p111_c1_grm_std_uni,1,4.116152763366699,-5.317914962768555,1
Clemson_p111_c1_grm_std_uni,1,4.273660182952881,-5.371197700500488,1
Clemson_p111_c1_grm_std_uni,2,2.3556063175201416,-2.894011974334717,1
Clemson_p111_c1_grm_std_uni,2,0.5631539225578308,-1.3277835845947266,1
Clemson_p111_c1_grm_std_uni,2,1.2767910957336426,-2.4130020141601562,1
Clemson_p111_c1_grm_std_uni,2,1.935113787651062,-3.0092313289642334,1
Clemson_p111_c1_grm_std_uni,2,2.4606804847717285,-3.859744071960449,1
Clemson_p111_c1_grm_std_uni,2,3.9669594764709473,-5.453168869018555,1
Clemson_p111_c1_grm_std_uni,2,4.27038049697876,-5.4824981689453125,1
Clemson_p111_c1_grm_std_uni,2,4.122138500213623,-5.040034294128418,1
Clemson_p111_c1_grm_std_uni,2,3.4644980430603027,-4.3846869468688965,1
Clemson_p111_c1_grm_std_uni,2,3.4938647747039795,-4.6706318855285645,1
Clemson_p111_c1_grm_std_uni,2,3.398982286453247,-4.333771228790283,1
Clemson_p111_c1_grm_std_uni,2,3.7757568359375,-4.735049724578857,1
Clemson_p111_c1_grm_std_uni,2,4.3864850997924805,-5.715195178985596,1
Clemson_p111_c1_grm_std_uni,2,4.478241920471191,-5.486672401428223,1
Clemson_p111_c1_grm_std_uni,2,4.436727046966553,-5.087030410766602,1
Clemson_p111_c1_grm_std_uni,2,4.311922550201416,-4.800910949707031,1
Clemson_p111_c1_grm_std_uni,2,4.1822943687438965,-4.419081211090088,1
Clemson_p111_c1_grm_std_uni,2,3.717923164367676,-3.6415798664093018,1
Clemson_p111_c1_grm_std_uni,2,4.1770758628845215,-4.28998327255249,1
Clemson_p111_c1_grm_std_uni,2,5.077209949493408,-5.7917866706848145,1
Clemson_p111_c1_grm_std_uni,2,5.2382283210754395,-5.96972131729126,1
Clemson_p111_c1_grm_std_uni,2,5.462638854980469,-6.109126091003418,1
Clemson_p111_c1_grm_std_uni,2,5.531004905700684,-6.185826778411865,1
Clemson_p111_c1_grm_std_uni,2,5.391798496246338,-6.044760227203369,1
Clemson_p111_c1_grm_std_uni,2,4.710989952087402,-5.167326927185059,1
Clemson_p111_c1_grm_std_uni,2,3.5364339351654053,-3.9312493801116943,1
Clemson_p111_c1_grm_std_uni,2,2.749370574951172,-3.6939401626586914,1
Clemson_p111_c1_grm_std_uni,2,3.893279552459717,-5.0244550704956055,1
Clemson_p111_c1_grm_std_uni,2,4.002648830413818,-5.18441104888916,1
Clemson_p111_c1_grm_std_uni,2,5.300835609436035,-6.045830249786377,1
Clemson_p111_c1_grm_std_uni,2,5.342772960662842,-5.806641578674316,1
Clemson_p111_c1_grm_std_uni,2,5.023183345794678,-5.307111740112305,1
Clemson_p111_c1_grm_std_uni,2,4.876020908355713,-4.99826192855835,1
Clemson_p111_c1_grm_std_uni,1,5.10345983505249,-5.228705406188965,1
Clemson_p111_c1_grm_std_uni,1,5.524926662445068,-5.771176815032959,1
Clemson_p111_c1_grm_std_uni,1,5.769330024719238,-5.7921462059021,1
Clemson_p111_c1_grm_std_uni,1,5.664153099060059,-5.481504917144775,1
Clemson_p111_c1_grm_std_uni,1,5.530645847320557,-5.3138298988342285,1
Clemson_p111_c1_grm_std_uni,1,4.962961673736572,-4.807984352111816,1
Clemson_p111_c1_grm_std_uni,1,4.763513088226318,-4.586422443389893,1
Clemson_p111_c1_grm_std_uni,1,4.567320346832275,-4.1549859046936035,1
Clemson_p111_c1_grm_std_uni,1,4.565979480743408,-4.129526138305664,1
Clemson_p111_c1_grm_std_uni,1,4.426819324493408,-4.20985221862793,1
Clemson_p111_c1_grm_std_uni,1,4.522564888000488,-4.3986945152282715,1
Clemson_p111_c1_grm_std_uni,1,4.74983024597168,-4.587772846221924,1
Clemson_p111_c1_grm_std_uni,1,4.448644638061523,-4.209937572479248,1
Clemson_p111_c1_grm_std_uni,1,4.1236891746521,-4.076411724090576,1
Clemson_p111_c1_grm_std_uni,1,4.152985095977783,-4.256252765655518,1
Clemson_p111_c1_grm_std_uni,1,4.573244094848633,-4.707766056060791,1
Clemson_p111_c1_grm_std_uni,1,4.301499843597412,-4.375040531158447,1
Clemson_p111_c1_grm_std_uni,1,2.623980760574341,-2.8937735557556152,1
Clemson_p111_c1_grm_std_uni,1,2.2706832885742188,-3.2474732398986816,1
Clemson_p111_c1_grm_std_uni,1,2.2358717918395996,-3.497276544570923,1
Clemson_p111_c1_grm_std_uni,1,3.9931304454803467,-5.861701488494873,1
Clemson_p111_c1_grm_std_uni,1,4.236503601074219,-6.173223495483398,1
Clemson_p111_c1_grm_std_uni,1,4.33204460144043,-6.272997856140137,1
Clemson_p111_c1_grm_std_uni,1,5.712653160095215,-6.997392177581787,1
Clemson_p111_c1_grm_std_uni,1,6.054152488708496,-6.687011241912842,1
Clemson_p111_c1_grm_std_uni,1,6.1404266357421875,-6.663449287414551,1
Clemson_p111_c1_grm_std_uni,1,6.337707042694092,-6.925518989562988,1
Clemson_p111_c1_grm_std_uni,1,5.928067207336426,-6.598352432250977,1
Clemson_p111_c1_grm_std_uni,1,5.169154167175293,-5.945233345031738,1
Clemson_p111_c1_grm_std_uni,1,4.559129238128662,-5.465235233306885,1
Clemson_p111_c1_grm_std_uni,1,3.326117992401123,-4.273444175720215,1
Clemson_p111_c1_grm_std_uni,2,-0.60457444190979,0.12358907610177994,2
Clemson_p111_c1_grm_std_uni,2,1.2972164154052734,-1.6927887201309204,1
Clemson_p111_c1_grm_std_uni,2,3.99818754196167,-5.155285358428955,1
Clemson_p111_c1_grm_std_uni,2,4.474546909332275,-6.193899631500244,1
Clemson_p111_c1_grm_std_uni,2,4.674354076385498,-6.45919132232666,1
Clemson_p111_c1_grm_std_uni,2,4.284790992736816,-5.856382846832275,1
Clemson_p111_c1_grm_std_uni,2,4.432519912719727,-5.577794075012207,1
Clemson_p111_c1_grm_std_uni,2,4.7956414222717285,-5.97289514541626,1
Clemson_p111_c1_grm_std_uni,2,4.968832015991211,-6.1706223487854,1
Clemson_p111_c1_grm_std_uni,2,4.6457343101501465,-6.251682758331299,1
Clemson_p111_c1_grm_std_uni,2,4.48554801940918,-6.293385028839111,1
Clemson_p111_c1_grm_std_uni,2,4.617312431335449,-6.131580829620361,1
Clemson_p111_c1_grm_std_uni,2,4.60577392578125,-5.776058673858643,1
Clemson_p111_c1_grm_std_uni,2,4.479001045227051,-5.462465286254883,1
Clemson_p111_c1_grm_std_uni,2,4.204315185546875,-4.9087324142456055,1
Clemson_p111_c1_grm_std_uni,2,3.172307014465332,-3.3865671157836914,1
Clemson_p111_c1_grm_std_uni,1,1.6023660898208618,-2.0486912727355957,1
Clemson_p111_c1_grm_std_uni,1,2.2048919200897217,-2.808774471282959,1
Clemson_p111_c1_grm_std_uni,1,2.706303358078003,-3.3911242485046387,1
Clemson_p111_c1_grm_std_uni,1,2.9925825595855713,-3.7325963973999023,1
Clemson_p111_c1_grm_std_uni,1,2.4291226863861084,-3.1157121658325195,1
Clemson_p111_c1_grm_std_uni,1,2.471268892288208,-3.02282977104187,1
Clemson_p111_c1_grm_std_uni,1,3.3480842113494873,-4.0925211906433105,1
Clemson_p111_c1_grm_std_uni,1,3.711294412612915,-4.612363815307617,1
Clemson_p111_c1_grm_std_uni,1,3.690192461013794,-4.532171726226807,1
Clemson_p111_c1_grm_std_uni,1,3.592641592025757,-4.402777194976807,1
Clemson_p111_c1_grm_std_uni,1,3.444127082824707,-4.317657947540283,1
Clemson_p111_c1_grm_std_uni,1,3.3439271450042725,-4.191635608673096,1
Clemson_p111_c1_grm_std_uni,1,3.3855440616607666,-4.151666164398193,1
Clemson_p111_c1_grm_std_uni,1,3.359549045562744,-4.143043041229248,1
Clemson_p111_c1_grm_std_uni,1,3.440789222717285,-3.869398593902588,1
Clemson_p111_c1_grm_std_uni,1,2.402552843093872,-2.503032684326172,1
Clemson_p111_c1_grm_std_uni,1,0.5465627908706665,-0.7084260582923889,1
Clemson_p111_c1_grm_std_uni,1,2.1330108642578125,-3.2082531452178955,1
Clemson_p111_c1_grm_std_uni,1,3.3081376552581787,-4.622860908508301,1
Clemson_p111_c1_grm_std_uni,1,4.111273765563965,-5.116693496704102,1
Clemson_p111_c1_grm_std_uni,1,5.023858070373535,-5.944713115692139,1
Clemson_p111_c1_grm_std_uni,1,5.056621074676514,-6.082273960113525,1
Clemson_p111_c1_grm_std_uni,1,4.911498069763184,-5.934349060058594,1
Clemson_p111_c1_grm_std_uni,1,4.963263511657715,-5.76430082321167,1
Clemson_p111_c1_grm_std_uni,1,5.061333179473877,-5.565366744995117,1
Clemson_p111_c1_grm_std_uni,1,5.078129768371582,-5.2521162033081055,1
Clemson_p111_c1_grm_std_uni,1,4.952923774719238,-5.019437789916992,1
Clemson_p111_c1_grm_std_uni,1,4.762482643127441,-4.838555812835693,1
Clemson_p111_c1_grm_std_uni,1,4.612388610839844,-4.533592700958252,1
Clemson_p111_c1_grm_std_uni,1,4.461047172546387,-4.184414863586426,1
Clemson_p111_c1_grm_std_uni,1,4.215891361236572,-3.7729690074920654,1
Clemson_p111_c1_grm_std_uni,1,3.8642570972442627,-3.4776041507720947,1
Clemson_p111_c1_grm_std_uni,1,3.7288498878479004,-3.49316143989563,1
Clemson_p111_c1_grm_std_uni,1,4.003663063049316,-4.085381984710693,1
Clemson_p111_c1_grm_std_uni,1,4.001008987426758,-4.630638599395752,1
Clemson_p111_c1_grm_std_uni,1,4.086276054382324,-4.806394100189209,1
Clemson_p111_c1_grm_std_uni,1,4.1145920753479,-4.90538215637207,1
Clemson_p111_c1_grm_std_uni,1,4.111668109893799,-4.929710865020752,1
Clemson_p111_c1_grm_std_uni,1,4.106795310974121,-4.917916774749756,1
Clemson_p111_c1_grm_std_uni,1,4.067177772521973,-4.843478679656982,1
Clemson_p111_c1_grm_std_uni,1,4.0092573165893555,-4.753103733062744,1
Clemson_p111_c1_grm_std_uni,1,3.9805350303649902,-4.691699028015137,1
Clemson_p111_c1_grm_std_uni,1,3.9814293384552,-4.673744201660156,1
Clemson_p111_c1_grm_std_uni,1,4.003391265869141,-4.684055805206299,1
Clemson_p111_c1_grm_std_uni,1,4.016401290893555,-4.692791938781738,1
Clemson_p111_c1_grm_std_uni,1,4.0097455978393555,-4.689314365386963,1
Clemson_p111_c1_grm_std_uni,1,3.984410285949707,-4.676254749298096,1
Clemson_p111_c1_grm_std_uni,1,3.941348075866699,-4.644368648529053,1
Clemson_p111_c1_grm_std_uni,1,3.9039103984832764,-4.621821403503418,1
Clemson_p111_c1_grm_std_uni,1,3.8814356327056885,-4.621665000915527,1
Clemson_p111_c1_grm_std_uni,1,3.8582918643951416,-4.620095252990723,1
Clemson_p111_c1_grm_std_uni,1,3.8478341102600098,-4.644704341888428,1
Clemson_p111_c1_grm_std_uni,1,3.8795814514160156,-4.720364093780518,1
Clemson_p111_c1_grm_std_uni,1,3.9220900535583496,-4.803016662597656,1
Clemson_p111_c1_grm_std_uni,1,3.9436898231506348,-4.859996318817139,1
Clemson_p111_c1_grm_std_uni,1,3.9395549297332764,-4.8708882331848145,1
Clemson_p111_c1_grm_std_uni,1,3.932804584503174,-4.861641883850098,1
Clemson_p111_c1_grm_std_uni,1,3.8953208923339844,-4.818530559539795,1
Clemson_p111_c1_grm_std_uni,1,3.817157745361328,-4.730488300323486,1
Clemson_p111_c1_grm_std_uni,1,3.814974308013916,-4.73586893081665,1
Clemson_p111_c1_grm_std_uni,1,3.8428869247436523,-4.784385681152344,1
Clemson_p111_c1_grm_std_uni,1,3.838724374771118,-4.798262596130371,1
Clemson_p111_c1_grm_std_uni,1,3.932795524597168,-4.9174299240112305,1
Clemson_p111_c1_grm_std_uni,1,3.961886405944824,-4.9564619064331055,1
Clemson_p111_c1_grm_std_uni,1,4.020157337188721,-5.03537654876709,1
Clemson_p111_c1_grm_std_uni,1,4.1167988777160645,-5.142927646636963,1
Clemson_p111_c1_grm_std_uni,1,4.202305316925049,-5.2292866706848145,1
Clemson_p111_c1_grm_std_uni,1,4.291842460632324,-5.313426494598389,1
Clemson_p111_c1_grm_std_uni,1,4.384802341461182,-5.3938398361206055,1
Clemson_p111_c1_grm_std_uni,1,4.451967239379883,-5.444722652435303,1
Clemson_p111_c1_grm_std_uni,1,4.486552715301514,-5.464132308959961,1
Clemson_p111_c1_grm_std_uni,1,4.485795021057129,-5.445671081542969,1
Clemson_p111_c1_grm_std_uni,1,4.448262691497803,-5.393789291381836,1
Clemson_p111_c1_grm_std_uni,1,4.340935230255127,-5.266047954559326,1
Clemson_p111_c1_grm_std_uni,1,4.350825309753418,-5.268698215484619,1
Clemson_p111_c1_grm_std_uni,1,4.455060005187988,-5.373682498931885,1
Clemson_p111_c1_grm_std_uni,1,4.350671768188477,-5.269858360290527,1
Clemson_p111_c1_grm_std_uni,1,4.312906265258789,-5.2160820960998535,1
Clemson_p111_c1_grm_std_uni,1,4.289190769195557,-5.158808708190918,1
Clemson_p111_c1_grm_std_uni,1,4.189168453216553,-5.024999618530273,1
Clemson_p111_c1_grm_std_uni,1,4.165877342224121,-4.98490571975708,1
Clemson_p111_c1_grm_std_uni,1,4.184124946594238,-5.002690315246582,1
Clemson_p111_c1_grm_std_uni,1,4.195924758911133,-5.018570423126221,1
Clemson_p111_c1_grm_std_uni,1,4.2040534019470215,-5.035928726196289,1
Clemson_p111_c1_grm_std_uni,1,4.233665466308594,-5.086564540863037,1
Clemson_p111_c1_grm_std_uni,1,4.314285755157471,-5.179872035980225,1
Clemson_p111_c1_grm_std_uni,1,4.256596565246582,-5.119069576263428,1
Clemson_p111_c1_grm_std_uni,1,4.228628635406494,-5.1093339920043945,1
Clemson_p111_c1_grm_std_uni,1,4.401944160461426,-5.298288822174072,1
Clemson_p111_c1_grm_std_uni,1,4.448256492614746,-5.35549783706665,1
Clemson_p111_c1_grm_std_uni,1,4.453162670135498,-5.362881183624268,1
Clemson_p111_c1_grm_std_uni,1,4.466350078582764,-5.369651794433594,1
Clemson_p111_c1_grm_std_uni,1,4.5021443367004395,-5.3981475830078125,1
Clemson_p111_c1_grm_std_uni,1,4.50396728515625,-5.403823375701904,1
Clemson_p111_c1_grm_std_uni,1,4.570496082305908,-5.504534721374512,1
Clemson_p111_c1_grm_std_uni,1,4.529860973358154,-5.47690486907959,1
Clemson_p111_c1_grm_std_uni,1,4.398648262023926,-5.322780132293701,1
Clemson_p111_c1_grm_std_uni,1,4.351550102233887,-5.232473373413086,1
Clemson_p111_c1_grm_std_uni,1,4.337855815887451,-5.201964855194092,1
Clemson_p111_c1_grm_std_uni,1,4.363795757293701,-5.226608753204346,1
Clemson_p111_c1_grm_std_uni,1,4.326408386230469,-5.193950176239014,1
Clemson_p111_c1_grm_std_uni,1,4.331769943237305,-5.210696220397949,1
Clemson_p111_c1_grm_std_uni,1,4.258718967437744,-5.157418727874756,1
Clemson_p111_c1_grm_std_uni,1,4.197303295135498,-5.12201452255249,1
Clemson_p111_c1_grm_std_uni,1,4.2657389640808105,-5.2091145515441895,1
Clemson_p111_c1_grm_std_uni,1,4.308621883392334,-5.260108947753906,1
Clemson_p111_c1_grm_std_uni,1,4.284405708312988,-5.23490047454834,1
Clemson_p111_c1_grm_std_uni,1,4.30550479888916,-5.217660903930664,1
Clemson_p111_c1_grm_std_uni,1,4.3067946434021,-5.176449298858643,1
Clemson_p111_c1_grm_std_uni,1,4.240622043609619,-5.06875467300415,1
Clemson_p111_c1_grm_std_uni,1,4.194934368133545,-5.001577377319336,1
Clemson_p111_c1_grm_std_uni,1,4.165175437927246,-4.971004962921143,1
Clemson_p111_c1_grm_std_uni,1,4.110205173492432,-4.9179487228393555,1
Clemson_p111_c1_grm_std_uni,1,4.151881217956543,-4.970571517944336,1
Clemson_p111_c1_grm_std_uni,1,4.184822082519531,-5.019347667694092,1
Clemson_p111_c1_grm_std_uni,1,4.1192402839660645,-4.96061372756958,1
Clemson_p111_c1_grm_std_uni,1,4.091555595397949,-4.961970806121826,1
Clemson_p111_c1_grm_std_uni,1,4.2541608810424805,-5.160719871520996,1
Clemson_p111_c1_grm_std_uni,1,4.332489967346191,-5.280978679656982,1
Clemson_p111_c1_grm_std_uni,1,4.44131326675415,-5.397409915924072,1
Clemson_p111_c1_grm_std_uni,1,4.556552410125732,-5.49555778503418,1
Clemson_p111_c1_grm_std_uni,1,4.700299263000488,-5.643422603607178,1
Clemson_p111_c1_grm_std_uni,1,4.7556867599487305,-5.722369194030762,1
Clemson_p111_c1_grm_std_uni,1,4.75780725479126,-5.638562202453613,1
Clemson_p111_c1_grm_std_uni,1,4.83445405960083,-5.357226371765137,1
Clemson_p111_c1_grm_std_uni,1,5.084886074066162,-5.215224742889404,1
Clemson_p111_c1_grm_std_uni,1,5.432772159576416,-5.297729015350342,1
Clemson_p111_c1_grm_std_uni,1,5.345599174499512,-5.3899431228637695,1
Clemson_p111_c1_grm_std_uni,1,5.583424091339111,-5.624537944793701,1
Clemson_p111_c1_grm_std_uni,1,5.46839714050293,-5.590929985046387,1
Clemson_p111_c1_grm_std_uni,1,5.099470138549805,-5.0170578956604,1
Clemson_p111_c1_grm_std_uni,1,4.793395042419434,-4.676999568939209,1
Clemson_p111_c1_grm_std_uni,1,4.2542829513549805,-3.876091241836548,1
Clemson_p111_c1_grm_std_uni,1,2.876438617706299,-1.7790006399154663,1
Clemson_p111_c1_grm_std_uni,1,2.410675048828125,-2.0032050609588623,1
Clemson_p111_c1_grm_std_uni,1,3.2987496852874756,-3.902878522872925,1
Clemson_p111_c1_grm_std_uni,1,4.390961647033691,-5.653910160064697,1
Clemson_p111_c1_grm_std_uni,1,4.814760684967041,-6.532068729400635,1
Clemson_p111_c1_grm_std_uni,1,5.054307460784912,-6.704111576080322,1
Clemson_p111_c1_grm_std_uni,1,5.249675273895264,-6.573007583618164,1
Clemson_p111_c1_grm_std_uni,1,5.015818119049072,-6.165884971618652,1
Clemson_p111_c1_grm_std_uni,1,4.714571952819824,-5.577319145202637,1
Clemson_p111_c1_grm_std_uni,1,5.235417366027832,-5.801502704620361,1
Clemson_p111_c1_grm_std_uni,1,5.89797830581665,-6.611971378326416,1
Clemson_p111_c1_grm_std_uni,1,5.816873550415039,-6.253563404083252,1
Clemson_p111_c1_grm_std_uni,1,5.276558876037598,-5.81702184677124,1
Clemson_p111_c1_grm_std_uni,1,4.97498893737793,-5.418024063110352,1
Clemson_p111_c1_grm_std_uni,1,4.842535972595215,-5.123432636260986,1
Clemson_p111_c1_grm_std_uni,1,4.719632148742676,-4.600148677825928,1
Clemson_p111_c1_grm_std_uni,1,4.408787250518799,-4.354179859161377,1
Clemson_p111_c1_grm_std_uni,1,4.535703182220459,-4.795628070831299,1
Clemson_p111_c1_grm_std_uni,1,4.6305155754089355,-5.532692909240723,1
Clemson_p111_c1_grm_std_uni,1,5.027820110321045,-5.90858268737793,1
Clemson_p111_c1_grm_std_uni,1,5.274787902832031,-6.109225749969482,1
Clemson_p111_c1_grm_std_uni,1,5.260324954986572,-6.129524230957031,1
Clemson_p111_c1_grm_std_uni,2,5.13540506362915,-6.129273891448975,1
Clemson_p111_c1_grm_std_uni,2,5.011021614074707,-6.129557132720947,1
Clemson_p111_c1_grm_std_uni,2,4.857231140136719,-6.0834527015686035,1
Clemson_p111_c1_grm_std_uni,2,4.460826396942139,-5.676427364349365,1
Clemson_p111_c1_grm_std_uni,2,4.397170543670654,-5.664650917053223,1
Clemson_p111_c1_grm_std_uni,2,4.374422073364258,-5.205986022949219,1
Clemson_p111_c1_grm_std_uni,2,3.4974324703216553,-3.6825592517852783,1
Clemson_p111_c1_grm_std_uni,2,1.4768316745758057,-1.5477964878082275,1
Clemson_p111_c1_grm_std_uni,2,1.702390193939209,-1.975732684135437,1
Clemson_p111_c1_grm_std_uni,2,4.0008769035339355,-4.639585018157959,1
Clemson_p111_c1_grm_std_uni,2,4.966639518737793,-5.981637001037598,1
Clemson_p111_c1_grm_std_uni,2,5.9543137550354,-6.428775310516357,1
Clemson_p111_c1_grm_std_uni,2,6.105909824371338,-6.2471489906311035,1
Clemson_p111_c1_grm_std_uni,2,5.9512128829956055,-5.7501912117004395,1
Clemson_p111_c1_grm_std_uni,2,5.8252997398376465,-5.550184726715088,1
Clemson_p111_c1_grm_std_uni,1,5.880246162414551,-5.834451675415039,1
Clemson_p111_c1_grm_std_uni,1,5.909998893737793,-5.78153133392334,1
Clemson_p111_c1_grm_std_uni,1,5.8021063804626465,-5.575119972229004,1
Clemson_p111_c1_grm_std_uni,1,5.838958740234375,-5.5415167808532715,1
Clemson_p111_c1_grm_std_uni,1,5.861480712890625,-5.44450569152832,1
Clemson_p111_c1_grm_std_uni,1,5.66620397567749,-5.200852394104004,1
Clemson_p111_c1_grm_std_uni,1,5.44236421585083,-5.093084812164307,1
Clemson_p111_c1_grm_std_uni,1,5.215063095092773,-5.026542663574219,1
Clemson_p111_c1_grm_std_uni,1,4.993072032928467,-4.84716272354126,1
Clemson_p111_c1_grm_std_uni,1,4.80119514465332,-4.625984191894531,1
Clemson_p111_c1_grm_std_uni,1,4.821894645690918,-4.671224117279053,1
Clemson_p111_c1_grm_std_uni,1,4.886502265930176,-4.7988362312316895,1
Clemson_p111_c1_grm_std_uni,1,4.877134799957275,-4.790434837341309,1
Clemson_p111_c1_grm_std_uni,1,4.841113567352295,-4.717681884765625,1
Clemson_p111_c1_grm_std_uni,1,4.967898845672607,-4.787431716918945,1
Clemson_p111_c1_grm_std_uni,1,5.075212478637695,-4.764633655548096,1
Clemson_p111_c1_grm_std_uni,1,4.818696022033691,-4.383356094360352,1
Clemson_p111_c1_grm_std_uni,1,4.333499431610107,-3.6793675422668457,1
Clemson_p111_c1_grm_std_uni,1,4.17941427230835,-3.4105312824249268,1
Clemson_p111_c1_grm_std_uni,1,4.041762828826904,-3.2068471908569336,1
Clemson_p111_c1_grm_std_uni,1,3.8643648624420166,-2.8400721549987793,1
Clemson_p111_c1_grm_std_uni,1,3.774608612060547,-2.6305770874023438,1
Clemson_p111_c1_grm_std_uni,1,2.974712610244751,-1.8929961919784546,1
Clemson_p111_c1_grm_std_uni,1,2.971982002258301,-2.2889626026153564,1
Clemson_p111_c1_grm_std_uni,1,3.147171974182129,-2.7225687503814697,1
Clemson_p111_c1_grm_std_uni,1,3.4748716354370117,-3.043905019760132,1
Clemson_p111_c1_grm_std_uni,1,3.6005685329437256,-3.0216269493103027,1
Clemson_p111_c1_grm_std_uni,1,3.6133391857147217,-3.2560763359069824,1
Clemson_p111_c1_grm_std_uni,1,3.733421564102173,-3.5172224044799805,1
Clemson_p111_c1_grm_std_uni,1,3.7795217037200928,-3.6725966930389404,1
Clemson_p111_c1_grm_std_uni,1,2.9980735778808594,-2.6499743461608887,1
Clemson_p111_c1_grm_std_uni,1,1.377157211303711,-1.6531740427017212,1
Clemson_p111_c1_grm_std_uni,1,2.235058546066284,-3.3050458431243896,1
Clemson_p111_c1_grm_std_uni,1,2.990680694580078,-4.466532230377197,1
Clemson_p111_c1_grm_std_uni,1,3.8512187004089355,-5.859757900238037,1
Clemson_p111_c1_grm_std_uni,1,3.8031270503997803,-5.933021545410156,1
Clemson_p111_c1_grm_std_uni,1,4.827703952789307,-6.4132561683654785,1
Clemson_p111_c1_grm_std_uni,1,5.415711402893066,-6.637890338897705,1
Clemson_p111_c1_grm_std_uni,1,5.455739974975586,-6.458887577056885,1
Clemson_p111_c1_grm_std_uni,1,4.810511112213135,-5.710475444793701,1
Clemson_p111_c1_grm_std_uni,1,2.174182891845703,-3.151454210281372,1
Clemson_p111_c1_grm_std_uni,1,2.2201433181762695,-3.353245496749878,1
Clemson_p111_c1_grm_std_uni,1,3.186274290084839,-4.8146071434021,1
Clemson_p111_c1_grm_std_uni,2,4.350150108337402,-6.049225807189941,1
Clemson_p111_c1_grm_std_uni,2,4.106766700744629,-5.651333332061768,1
Clemson_p111_c1_grm_std_uni,2,3.799487829208374,-4.944753170013428,1
Clemson_p111_c1_grm_std_uni,2,3.708155393600464,-4.5008015632629395,1
Clemson_p111_c1_grm_std_uni,2,3.869896173477173,-4.552987575531006,1
Clemson_p111_c1_grm_std_uni,2,3.928774118423462,-4.560494422912598,1
Clemson_p111_c1_grm_std_uni,2,3.8727920055389404,-4.010103702545166,1
Clemson_p111_c1_grm_std_uni,2,2.857461452484131,-2.847693920135498,1
Clemson_p111_c1_grm_std_uni,2,1.8061738014221191,-2.063023805618286,1
Clemson_p111_c1_grm_std_uni,2,0.9619439244270325,-1.3606864213943481,1
Clemson_p111_c1_grm_std_uni,2,2.1021411418914795,-2.9408977031707764,1
Clemson_p111_c1_grm_std_uni,1,3.0798540115356445,-4.315396785736084,1
Clemson_p111_c1_grm_std_uni,1,4.327985763549805,-5.77546501159668,1
Clemson_p111_c1_grm_std_uni,1,4.8265156745910645,-5.630492687225342,1
Clemson_p111_c1_grm_std_uni,1,4.861220836639404,-5.30850887298584,1
Clemson_p111_c1_grm_std_uni,1,4.64683198928833,-5.110663890838623,1
Clemson_p111_c1_grm_std_uni,1,4.4063801765441895,-4.851494312286377,1
Clemson_p111_c1_grm_std_uni,1,4.237121105194092,-4.706559181213379,1
Clemson_p111_c1_grm_std_uni,1,4.406045436859131,-5.172220230102539,1
Clemson_p111_c1_grm_std_uni,1,4.078714370727539,-4.281422138214111,1
Clemson_p111_c1_grm_std_uni,1,2.4008710384368896,-2.0776422023773193,1
Clemson_p111_c1_grm_std_uni,2,2.4478487968444824,-3.424903154373169,1
Clemson_p111_c1_grm_std_uni,2,3.593487501144409,-5.304961204528809,1
Clemson_p111_c1_grm_std_uni,2,3.3113327026367188,-4.840073108673096,1
Clemson_p111_c1_grm_std_uni,2,3.0846633911132812,-4.100628852844238,1
Clemson_p111_c1_grm_std_uni,2,3.953960418701172,-4.537278175354004,1
Clemson_p111_c1_grm_std_uni,2,3.7282207012176514,-4.866150379180908,1
Clemson_p111_c1_grm_std_uni,2,2.8223812580108643,-3.445824146270752,1
Clemson_p111_c1_grm_std_uni,2,0.831341564655304,-1.0460766553878784,1
Clemson_p111_c1_grm_std_uni,2,1.647715449333191,-1.8072596788406372,1
Clemson_p111_c1_grm_std_uni,2,3.023801326751709,-3.7934560775756836,1
Clemson_p111_c1_grm_std_uni,2,4.076857089996338,-5.151896953582764,1
Clemson_p111_c1_grm_std_uni,2,3.8436951637268066,-4.833667278289795,1
Clemson_p111_c1_grm_std_uni,1,3.2046024799346924,-4.0304059982299805,1
Clemson_p111_c1_grm_std_uni,1,3.6072945594787598,-4.583693027496338,1
Clemson_p111_c1_grm_std_uni,1,4.095931053161621,-5.157507419586182,1
Clemson_p111_c1_grm_std_uni,1,4.147000312805176,-5.007737159729004,1
Clemson_p111_c1_grm_std_uni,1,3.940582752227783,-4.855535984039307,1
Clemson_p111_c1_grm_std_uni,1,3.835885763168335,-4.657345294952393,1
Clemson_p111_c1_grm_std_uni,1,3.830383777618408,-4.569025993347168,1
Clemson_p111_c1_grm_std_uni,1,3.833066463470459,-4.5675835609436035,1
Clemson_p111_c1_grm_std_uni,1,3.8524208068847656,-4.644466876983643,1
Clemson_p111_c1_grm_std_uni,1,3.948413610458374,-4.872558116912842,1
Clemson_p111_c1_grm_std_uni,1,3.993504047393799,-5.0828166007995605,1
Clemson_p111_c1_grm_std_uni,1,3.9619216918945312,-5.137521743774414,1
Clemson_p111_c1_grm_std_uni,1,3.963595390319824,-5.061761856079102,1
Clemson_p111_c1_grm_std_uni,1,4.362382888793945,-5.295462608337402,1
Clemson_p111_c1_grm_std_uni,1,4.576979637145996,-4.7239670753479,1
Clemson_p111_c1_grm_std_uni,1,4.022891521453857,-4.259426593780518,1
Clemson_p111_c1_grm_std_uni,1,3.9903266429901123,-4.500906944274902,1
Clemson_p111_c1_grm_std_uni,1,3.9044864177703857,-4.392082691192627,1
Clemson_p111_c1_grm_std_uni,1,2.66287899017334,-2.7681918144226074,1
Clemson_p111_c1_grm_std_uni,1,0.5513593554496765,-0.13964326679706573,1
Clemson_p111_c1_grm_std_uni,1,-0.4590166211128235,0.20213383436203003,2
Clemson_p111_c1_grm_std_uni,1,2.4635322093963623,-3.0104103088378906,1
Clemson_p111_c1_grm_std_uni,1,4.349409580230713,-5.906416416168213,1
Clemson_p111_c1_grm_std_uni,1,4.774693012237549,-6.636678218841553,1
Clemson_p111_c1_grm_std_uni,1,5.203540325164795,-6.988771915435791,1
Clemson_p111_c1_grm_std_uni,1,5.6998372077941895,-7.512406349182129,1
Clemson_p111_c1_grm_std_uni,1,5.703715801239014,-7.130209445953369,1
Clemson_p111_c1_grm_std_uni,1,5.551347732543945,-7.204207897186279,1
Clemson_p111_c1_grm_std_uni,1,5.430293083190918,-6.894401550292969,1
Clemson_p111_c1_grm_std_uni,1,5.332914352416992,-6.372430324554443,1
Clemson_p111_c1_grm_std_uni,1,5.535425186157227,-6.345390796661377,1
Clemson_p111_c1_grm_std_uni,1,5.564128398895264,-6.823915481567383,1
Clemson_p111_c1_grm_std_uni,1,5.49137020111084,-7.140685081481934,1
Clemson_p111_c1_grm_std_uni,1,5.430260181427002,-7.198431491851807,1
Clemson_p111_c1_grm_std_uni,1,5.334356307983398,-6.957647800445557,1
Clemson_p111_c1_grm_std_uni,1,5.490567207336426,-6.6394267082214355,1
Clemson_p111_c1_grm_std_uni,1,5.082086563110352,-5.950124740600586,1
Clemson_p111_c1_grm_std_uni,1,4.790242671966553,-5.425661087036133,1
Clemson_p111_c1_grm_std_uni,1,4.555087089538574,-5.011897563934326,1
Clemson_p111_c1_grm_std_uni,1,4.133799076080322,-4.4889984130859375,1
Clemson_p111_c1_grm_std_uni,1,3.8058829307556152,-4.193284034729004,1
Clemson_p111_c1_grm_std_uni,1,3.8091375827789307,-4.093543529510498,1
Clemson_p111_c1_grm_std_uni,1,3.81386399269104,-3.9386587142944336,1
Clemson_p111_c1_grm_std_uni,1,3.8296635150909424,-4.081516265869141,1
Clemson_p111_c1_grm_std_uni,1,3.6809816360473633,-4.2197184562683105,1
Clemson_p111_c1_grm_std_uni,1,3.7330524921417236,-4.070217132568359,1
Clemson_p111_c1_grm_std_uni,1,3.8398056030273438,-4.0108537673950195,1
Clemson_p111_c1_grm_std_uni,1,3.8145267963409424,-3.882512092590332,1
Clemson_p111_c1_grm_std_uni,1,3.8007774353027344,-3.9161293506622314,1
Clemson_p111_c1_grm_std_uni,1,3.911872148513794,-4.139559745788574,1
Clemson_p111_c1_grm_std_uni,1,3.7581493854522705,-4.178605079650879,1
Clemson_p111_c1_grm_std_uni,1,3.9280550479888916,-3.9877283573150635,1
Clemson_p111_c1_grm_std_uni,2,1.4010437726974487,-0.8628904819488525,1
Clemson_p111_c1_grm_std_uni,2,1.6287968158721924,-2.3613176345825195,1
Clemson_p111_c1_grm_std_uni,2,2.800078868865967,-4.249082565307617,1
Clemson_p111_c1_grm_std_uni,2,3.3720779418945312,-5.088468551635742,1
Clemson_p111_c1_grm_std_uni,2,3.6167092323303223,-5.48884391784668,1
Clemson_p111_c1_grm_std_uni,2,4.7050862312316895,-6.008390426635742,1
Clemson_p111_c1_grm_std_uni,2,5.524613380432129,-6.436285972595215,1
Clemson_p111_c1_grm_std_uni,2,4.973835468292236,-5.900733470916748,1
Clemson_p111_c1_grm_std_uni,2,5.22522497177124,-6.121882915496826,1
Clemson_p111_c1_grm_std_uni,2,4.853261470794678,-6.018337726593018,1
Clemson_p111_c1_grm_std_uni,2,4.615501880645752,-5.6424970626831055,1
Clemson_p111_c1_grm_std_uni,2,4.431170463562012,-4.893102645874023,1
Clemson_p111_c1_grm_std_uni,2,3.5935757160186768,-3.7901740074157715,1
Clemson_p111_c1_grm_std_uni,2,4.592585563659668,-4.832923412322998,1
Clemson_p111_c1_grm_std_uni,2,5.059842586517334,-5.13333797454834,1
Clemson_p111_c1_grm_std_uni,2,4.736177444458008,-5.060423374176025,1
Clemson_p111_c1_grm_std_uni,2,4.4064178466796875,-5.247639179229736,1
Clemson_p111_c1_grm_std_uni,2,4.19940710067749,-4.667356491088867,1
Clemson_p111_c1_grm_std_uni,2,4.240090370178223,-4.415421962738037,1
Clemson_p111_c1_grm_std_uni,2,4.657717704772949,-4.704683780670166,1
Clemson_p111_c1_grm_std_uni,2,4.38132905960083,-3.796048879623413,1
Clemson_p111_c1_grm_std_uni,2,3.3883554935455322,-3.0230984687805176,1
Clemson_p111_c1_grm_std_uni,2,3.416080951690674,-4.080559730529785,1
Clemson_p111_c1_grm_std_uni,2,4.069088459014893,-5.281733989715576,1
Clemson_p111_c1_grm_std_uni,2,4.439054012298584,-5.650524616241455,1
Clemson_p111_c1_grm_std_uni,2,4.718480110168457,-5.6957292556762695,1
Clemson_p111_c1_grm_std_uni,2,4.017275810241699,-4.768915176391602,1
Clemson_p111_c1_grm_std_uni,2,3.14037823677063,-3.8685660362243652,1
Clemson_p111_c1_grm_std_uni,1,2.74402117729187,-3.571124792098999,1
Clemson_p111_c1_grm_std_uni,1,2.9340760707855225,-4.428484916687012,1
Clemson_p111_c1_grm_std_uni,1,3.514781951904297,-5.455367088317871,1
Clemson_p111_c1_grm_std_uni,1,3.816567897796631,-5.905129432678223,1
Clemson_p111_c1_grm_std_uni,1,3.9322140216827393,-5.849788188934326,1
Clemson_p111_c1_grm_std_uni,1,3.9774773120880127,-5.79630184173584,1
Clemson_p111_c1_grm_std_uni,1,3.9676427841186523,-5.666635513305664,1
Clemson_p111_c1_grm_std_uni,1,3.831936836242676,-5.366294860839844,1
Clemson_p111_c1_grm_std_uni,1,3.511889934539795,-5.029908180236816,1
Clemson_p111_c1_grm_std_uni,1,4.004312038421631,-5.264713764190674,1
Clemson_p111_c1_grm_std_uni,1,5.688214302062988,-6.973580837249756,1
Clemson_p111_c1_grm_std_uni,1,6.7425127029418945,-7.6249470710754395,1
Clemson_p111_c1_grm_std_uni,1,6.70942497253418,-7.1953558921813965,1
Clemson_p111_c1_grm_std_uni,1,5.841320991516113,-6.57627010345459,1
Clemson_p111_c1_grm_std_uni,1,5.140939235687256,-6.166386604309082,1
Clemson_p111_c1_grm_std_uni,1,4.210751533508301,-5.157740116119385,1
Clemson_p111_c1_grm_std_uni,1,4.118809223175049,-4.86639928817749,1
Clemson_p111_c1_grm_std_uni,1,4.42608118057251,-5.212268352508545,1
Clemson_p111_c1_grm_std_uni,1,4.380051136016846,-4.998270034790039,1
Clemson_p111_c1_grm_std_uni,1,4.307191371917725,-4.909818172454834,1
Clemson_p111_c1_grm_std_uni,1,4.380834579467773,-4.865349769592285,1
Clemson_p111_c1_grm_std_uni,1,4.439587116241455,-4.58283805847168,1
Clemson_p111_c1_grm_std_uni,1,4.235909461975098,-4.145279884338379,1
Clemson_p111_c1_grm_std_uni,1,4.43717622756958,-4.412191390991211,1
Clemson_p111_c1_grm_std_uni,1,4.665609836578369,-4.757163047790527,1
Clemson_p111_c1_grm_std_uni,1,4.6325201988220215,-4.702033519744873,1
Clemson_p111_c1_grm_std_uni,1,4.537604331970215,-4.534151554107666,1
Clemson_p111_c1_grm_std_uni,1,4.530130386352539,-4.53371524810791,1
Clemson_p111_c1_grm_std_uni,1,4.7017059326171875,-4.68367338180542,1
Clemson_p111_c1_grm_std_uni,1,4.806524753570557,-4.767773628234863,1
Clemson_p111_c1_grm_std_uni,1,4.904036045074463,-4.843227863311768,1
Clemson_p111_c1_grm_std_uni,1,5.013484477996826,-4.931838512420654,1
Clemson_p111_c1_grm_std_uni,1,5.102113246917725,-5.017225742340088,1
Clemson_p111_c1_grm_std_uni,1,5.187589168548584,-5.080113887786865,1
Clemson_p111_c1_grm_std_uni,1,5.2669525146484375,-5.124081134796143,1
Clemson_p111_c1_grm_std_uni,1,5.157711982727051,-4.908029079437256,1
Clemson_p111_c1_grm_std_uni,1,4.935615062713623,-4.683168411254883,1
Clemson_p111_c1_grm_std_uni,1,5.243998050689697,-4.997257709503174,1
Clemson_p111_c1_grm_std_uni,1,5.539717197418213,-5.169472694396973,1
Clemson_p111_c1_grm_std_uni,1,5.579133033752441,-5.083105087280273,1
Clemson_p111_c1_grm_std_uni,1,5.601344585418701,-5.098418712615967,1
Clemson_p111_c1_grm_std_uni,1,5.664323806762695,-5.246423721313477,1
Clemson_p111_c1_grm_std_uni,1,5.665962219238281,-5.299034118652344,1
Clemson_p111_c1_grm_std_uni,1,5.637551784515381,-5.296776294708252,1
Clemson_p111_c1_grm_std_uni,1,5.694620132446289,-5.372298240661621,1
Clemson_p111_c1_grm_std_uni,1,5.848578453063965,-5.501939296722412,1
Clemson_p111_c1_grm_std_uni,1,5.87090539932251,-5.5213236808776855,1
Clemson_p111_c1_grm_std_uni,1,5.944482326507568,-5.59594202041626,1
Clemson_p111_c1_grm_std_uni,1,6.002684593200684,-5.639894008636475,1
Clemson_p111_c1_grm_std_uni,1,6.054401874542236,-5.619028091430664,1
Clemson_p111_c1_grm_std_uni,1,5.9694743156433105,-5.464323043823242,1
Clemson_p111_c1_grm_std_uni,1,5.858328342437744,-5.369726181030273,1
Clemson_p111_c1_grm_std_uni,1,5.6197123527526855,-5.269098281860352,1
Clemson_p111_c1_grm_std_uni,1,3.810123920440674,-3.5675394535064697,1
Clemson_p111_c1_grm_std_uni,1,4.319717884063721,-4.333832740783691,1
Clemson_p111_c1_grm_std_uni,1,5.427528381347656,-5.142935752868652,1
Clemson_p111_c1_grm_std_uni,1,5.596925735473633,-5.173759460449219,1
Clemson_p111_c1_grm_std_uni,1,5.593475818634033,-5.265186786651611,1
Clemson_p111_c1_grm_std_uni,1,5.709473133087158,-5.42045259475708,1
Clemson_p111_c1_grm_std_uni,1,5.889233112335205,-5.5575642585754395,1
Clemson_p111_c1_grm_std_uni,1,5.905156135559082,-5.590255260467529,1
Clemson_p111_c1_grm_std_uni,1,5.970400810241699,-5.5923895835876465,1
Clemson_p111_c1_grm_std_uni,1,5.929189205169678,-5.562043190002441,1
Clemson_p111_c1_grm_std_uni,1,5.9103617668151855,-5.60748291015625,1
Clemson_p111_c1_grm_std_uni,1,5.8536810874938965,-5.579726696014404,1
Clemson_p111_c1_grm_std_uni,1,5.913537979125977,-5.623110771179199,1
Clemson_p111_c1_grm_std_uni,1,5.923742294311523,-5.651498317718506,1
Clemson_p111_c1_grm_std_uni,1,5.88289737701416,-5.614057540893555,1
Clemson_p111_c1_grm_std_uni,1,5.871859550476074,-5.546804904937744,1
Clemson_p111_c1_grm_std_uni,1,5.7869391441345215,-5.53005838394165,1
Clemson_p111_c1_grm_std_uni,1,5.793893814086914,-5.588079452514648,1
Clemson_p111_c1_grm_std_uni,1,5.848080635070801,-5.673844337463379,1
Clemson_p111_c1_grm_std_uni,1,5.975887775421143,-5.761003494262695,1
Clemson_p111_c1_grm_std_uni,1,6.061131477355957,-5.803520679473877,1
Clemson_p111_c1_grm_std_uni,1,6.0808234214782715,-5.796019077301025,1
Clemson_p111_c1_grm_std_uni,1,5.984879970550537,-5.668501377105713,1
Clemson_p111_c1_grm_std_uni,1,6.037931442260742,-5.681538105010986,1
Clemson_p111_c1_grm_std_uni,1,6.065305709838867,-5.694615364074707,1
Clemson_p111_c1_grm_std_uni,1,5.966475963592529,-5.611783981323242,1
Clemson_p111_c1_grm_std_uni,1,5.821150779724121,-5.393367290496826,1
Clemson_p111_c1_grm_std_uni,1,5.6341142654418945,-5.20670223236084,1
Clemson_p111_c1_grm_std_uni,1,5.543635845184326,-5.2455363273620605,1
Clemson_p111_c1_grm_std_uni,1,5.383154392242432,-5.323785781860352,1
Clemson_p111_c1_grm_std_uni,1,5.300997257232666,-5.125853061676025,1
Clemson_p111_c1_grm_std_uni,1,2.793745517730713,-2.7457709312438965,1
Clemson_p111_c1_grm_std_uni,1,2.1094794273376465,-2.6211655139923096,1
Clemson_p111_c1_grm_std_uni,1,3.2841384410858154,-4.792590141296387,1
Clemson_p111_c1_grm_std_uni,2,3.5817055702209473,-5.177064418792725,1
Clemson_p111_c1_grm_std_uni,2,3.527480363845825,-4.849249362945557,1
Clemson_p111_c1_grm_std_uni,2,4.3808183670043945,-5.160376071929932,1
Clemson_p111_c1_grm_std_uni,2,5.9139885902404785,-6.382473468780518,1
Clemson_p111_c1_grm_std_uni,2,5.963594436645508,-6.1193528175354,1
Clemson_p111_c1_grm_std_uni,2,6.026896953582764,-5.93858528137207,1
Clemson_p111_c1_grm_std_uni,2,5.572894096374512,-5.608733177185059,1
Clemson_p111_c1_grm_std_uni,2,4.515501976013184,-4.9000420570373535,1
Clemson_p111_c1_grm_std_uni,2,4.337687969207764,-4.074624538421631,1
Clemson_p111_c1_grm_std_uni,2,2.9062159061431885,-2.9417450428009033,1
Clemson_p111_c1_grm_std_uni,2,1.6730377674102783,-2.3814687728881836,1
Clemson_p111_c1_grm_std_uni,2,1.8663382530212402,-2.7745933532714844,1
Clemson_p111_c1_grm_std_uni,2,3.183664560317993,-4.353756427764893,1
Clemson_p111_c1_grm_std_uni,1,4.806107997894287,-5.453197002410889,1
Clemson_p111_c1_grm_std_uni,1,5.1702961921691895,-5.2353515625,1
Clemson_p111_c1_grm_std_uni,2,5.270279884338379,-5.382349014282227,1
Clemson_p111_c1_grm_std_uni,2,4.144033908843994,-4.313614845275879,1
Clemson_p111_c1_grm_std_uni,2,3.6241726875305176,-3.8060755729675293,1
Clemson_p111_c1_grm_std_uni,2,2.536670446395874,-2.4711148738861084,1
Clemson_p111_c1_grm_std_uni,2,2.392936944961548,-2.8071889877319336,1
Clemson_p111_c1_grm_std_uni,2,3.6421384811401367,-4.918692111968994,1
Clemson_p111_c1_grm_std_uni,2,4.433691501617432,-5.988897800445557,1
Clemson_p111_c1_grm_std_uni,2,5.447509288787842,-6.498673915863037,1
Clemson_p111_c1_grm_std_uni,2,5.626731872558594,-6.256993293762207,1
Clemson_p111_c1_grm_std_uni,1,5.375086784362793,-5.896260738372803,1
Clemson_p111_c1_grm_std_uni,1,5.113051414489746,-5.495887756347656,1
Clemson_p111_c1_grm_std_uni,1,4.890905857086182,-5.22818660736084,1
Clemson_p111_c1_grm_std_uni,1,4.896367073059082,-5.332169055938721,1
Clemson_p111_c1_grm_std_uni,1,4.731133937835693,-5.148107528686523,1
Clemson_p111_c1_grm_std_uni,1,4.578420162200928,-4.8997416496276855,1
Clemson_p111_c1_grm_std_uni,1,4.015719413757324,-4.135776042938232,1
Clemson_p111_c1_grm_std_uni,1,4.2222819328308105,-4.356357097625732,1
Clemson_p111_c1_grm_std_uni,1,4.291462421417236,-4.78097677230835,1
Clemson_p111_c1_grm_std_uni,1,4.167053699493408,-4.702680587768555,1
Clemson_p111_c1_grm_std_uni,1,4.27181339263916,-4.735903739929199,1
Clemson_p111_c1_grm_std_uni,1,4.398977279663086,-4.613757610321045,1
Clemson_p111_c1_grm_std_uni,1,3.727268695831299,-3.6055798530578613,1
Clemson_p111_c1_grm_std_uni,1,4.513908386230469,-4.392645835876465,1
Clemson_p111_c1_grm_std_uni,1,4.430505752563477,-4.455816268920898,1
Clemson_p111_c1_grm_std_uni,1,4.353869915008545,-4.477921962738037,1
Clemson_p111_c1_grm_std_uni,1,4.500338554382324,-4.500345706939697,1
Clemson_p111_c1_grm_std_uni,1,5.0032196044921875,-4.611020088195801,1
Clemson_p111_c1_grm_std_uni,1,5.51080846786499,-5.089632511138916,1
Clemson_p111_c1_grm_std_uni,1,5.346019268035889,-5.052501201629639,1
Clemson_p111_c1_grm_std_uni,1,4.82189416885376,-4.8985819816589355,1
Clemson_p111_c1_grm_std_uni,1,5.034348964691162,-4.861618995666504,1
Clemson_p111_c1_grm_std_uni,1,5.361231803894043,-5.139967441558838,1
Clemson_p111_c1_grm_std_uni,1,5.2055439949035645,-5.46126127243042,1
Clemson_p111_c1_grm_std_uni,1,4.712134838104248,-5.250528812408447,1
Clemson_p111_c1_grm_std_uni,1,4.261186599731445,-4.87313985824585,1
Clemson_p111_c1_grm_std_uni,1,2.3832712173461914,-2.231250524520874,1
Clemson_p111_c1_grm_std_uni,1,0.5561380386352539,-0.49396833777427673,1
Clemson_p111_c1_grm_std_uni,1,0.41231516003608704,-1.412733793258667,1
Clemson_p111_c1_grm_std_uni,1,2.765890598297119,-3.4311892986297607,1
Clemson_p111_c1_grm_std_uni,1,4.4466552734375,-5.961643695831299,1
Clemson_p111_c1_grm_std_uni,1,4.593516826629639,-6.21873664855957,1
Clemson_p111_c1_grm_std_uni,1,4.4095611572265625,-6.606545448303223,1
Clemson_p111_c1_grm_std_uni,1,4.889407157897949,-7.1035990715026855,1
Clemson_p111_c1_grm_std_uni,1,4.716587543487549,-6.767020225524902,1
Clemson_p111_c1_grm_std_uni,1,5.7115325927734375,-7.096958637237549,1
Clemson_p111_c1_grm_std_uni,1,5.637135028839111,-6.559018135070801,1
Clemson_p111_c1_grm_std_uni,1,5.2865891456604,-6.116337776184082,1
Clemson_p111_c1_grm_std_uni,1,5.055909633636475,-5.6347808837890625,1
Clemson_p111_c1_grm_std_uni,1,4.9425201416015625,-5.52900505065918,1
Clemson_p111_c1_grm_std_uni,1,4.970468997955322,-5.285425186157227,1
Clemson_p111_c1_grm_std_uni,1,4.795680522918701,-4.4198174476623535,1
Clemson_p111_c1_grm_std_uni,1,3.752603054046631,-3.56890606880188,1
Clemson_p111_c1_grm_std_uni,1,4.603053092956543,-4.242116928100586,1
Clemson_p111_c1_grm_std_uni,1,4.659852981567383,-4.226394176483154,1
Clemson_p111_c1_grm_std_uni,2,4.663272380828857,-4.097658157348633,1
Clemson_p111_c1_grm_std_uni,2,4.14566707611084,-3.515941858291626,1
Clemson_p111_c1_grm_std_uni,2,3.0328986644744873,-2.8116960525512695,1
Clemson_p111_c1_grm_std_uni,2,2.173478126525879,-2.647627830505371,1
Clemson_p111_c1_grm_std_uni,2,1.8553458452224731,-2.752340793609619,1
Clemson_p111_c1_grm_std_uni,2,3.0612707138061523,-4.531813144683838,1
Clemson_p111_c1_grm_std_uni,2,3.8830907344818115,-5.699952602386475,1
Clemson_p111_c1_grm_std_uni,2,5.122900009155273,-6.826253414154053,1
Clemson_p111_c1_grm_std_uni,2,5.746102809906006,-7.034801959991455,1
Clemson_p111_c1_grm_std_uni,2,5.612582206726074,-6.715439796447754,1
Clemson_p111_c1_grm_std_uni,1,5.399667263031006,-6.608065605163574,1
Clemson_p111_c1_grm_std_uni,1,5.475564002990723,-6.591578006744385,1
Clemson_p111_c1_grm_std_uni,1,5.819635391235352,-6.6588454246521,1
Clemson_p111_c1_grm_std_uni,1,5.7794694900512695,-6.389106273651123,1
Clemson_p111_c1_grm_std_uni,1,5.330218315124512,-5.895184516906738,1
Clemson_p111_c1_grm_std_uni,1,5.182800769805908,-5.884469985961914,1
Clemson_p111_c1_grm_std_uni,1,5.23785400390625,-5.981545925140381,1
Clemson_p111_c1_grm_std_uni,1,5.1796956062316895,-5.777973651885986,1
Clemson_p111_c1_grm_std_uni,1,5.13038969039917,-5.559725284576416,1
Clemson_p111_c1_grm_std_uni,1,5.219054698944092,-5.622873306274414,1
Clemson_p111_c1_grm_std_uni,1,4.978881359100342,-5.384035587310791,1
Clemson_p111_c1_grm_std_uni,1,4.3662519454956055,-4.720517635345459,1
Clemson_p111_c1_grm_std_uni,1,3.958413600921631,-4.382298469543457,1
Clemson_p111_c1_grm_std_uni,1,3.9464774131774902,-4.8047590255737305,1
Clemson_p111_c1_grm_std_uni,1,4.721716403961182,-5.8645710945129395,1
Clemson_p111_c1_grm_std_uni,1,5.097052574157715,-6.194674015045166,1
Clemson_p111_c1_grm_std_uni,1,4.978305339813232,-5.867127895355225,1
Clemson_p111_c1_grm_std_uni,1,4.071634292602539,-4.659377574920654,1
Clemson_p111_c1_grm_std_uni,1,3.981724739074707,-4.808405876159668,1
Clemson_p111_c1_grm_std_uni,1,3.480410099029541,-4.35303258895874,1
Clemson_p111_c1_grm_std_uni,1,3.2906711101531982,-3.8882246017456055,1
Clemson_p111_c1_grm_std_uni,1,3.983452796936035,-4.390324115753174,1
Clemson_p111_c1_grm_std_uni,1,4.909771919250488,-5.199951648712158,1
Clemson_p111_c1_grm_std_uni,1,5.465202331542969,-5.730563163757324,1
Clemson_p111_c1_grm_std_uni,1,5.3215508460998535,-5.56272029876709,1
Clemson_p111_c1_grm_std_uni,1,4.8435750007629395,-4.931430339813232,1
Clemson_p111_c1_grm_std_uni,1,4.75706148147583,-4.857055187225342,1
Clemson_p111_c1_grm_std_uni,1,4.1878228187561035,-4.343642711639404,1
Clemson_p111_c1_grm_std_uni,1,3.978492259979248,-4.243145942687988,1
Clemson_p111_c1_grm_std_uni,1,4.304834842681885,-4.6608428955078125,1
Clemson_p111_c1_grm_std_uni,1,4.694558620452881,-5.016485691070557,1
Clemson_p111_c1_grm_std_uni,1,4.977808952331543,-5.4511332511901855,1
Clemson_p111_c1_grm_std_uni,1,4.682302474975586,-5.347357749938965,1
Clemson_p111_c1_grm_std_uni,1,4.335034370422363,-5.006807804107666,1
Clemson_p111_c1_grm_std_uni,1,4.132050514221191,-4.518218994140625,1
Clemson_p111_c1_grm_std_uni,1,3.67179536819458,-4.052455902099609,1
Clemson_p111_c1_grm_std_uni,1,3.200594186782837,-3.3481435775756836,1
Clemson_p111_c1_grm_std_uni,1,2.363513231277466,-2.8720247745513916,1
Clemson_p111_c1_grm_std_uni,1,2.048792839050293,-2.8671517372131348,1
Clemson_p111_c1_grm_std_uni,1,2.3960962295532227,-3.423621892929077,1
Clemson_p111_c1_grm_std_uni,1,2.9956042766571045,-4.330809593200684,1
Clemson_p111_c1_grm_std_uni,2,4.357446193695068,-5.440041542053223,1
Clemson_p111_c1_grm_std_uni,2,2.9839251041412354,-3.7134008407592773,1
Clemson_p111_c1_grm_std_uni,2,1.9878286123275757,-2.402360439300537,1
Clemson_p111_c1_grm_std_uni,2,3.3257696628570557,-3.7879908084869385,1
Clemson_p111_c1_grm_std_uni,2,3.7422289848327637,-4.231767177581787,1
Clemson_p111_c1_grm_std_uni,2,3.8158013820648193,-4.510606288909912,1
Clemson_p111_c1_grm_std_uni,2,3.684431314468384,-4.310359477996826,1
Clemson_p111_c1_grm_std_uni,2,3.9780452251434326,-4.633944511413574,1
Clemson_p111_c1_grm_std_uni,2,4.00325345993042,-4.632108211517334,1
Clemson_p111_c1_grm_std_uni,2,3.876842737197876,-4.385010719299316,1
Clemson_p111_c1_grm_std_uni,2,3.928514242172241,-4.603416442871094,1
Clemson_p111_c1_grm_std_uni,1,3.838942766189575,-4.775823593139648,1
Clemson_p111_c1_grm_std_uni,1,3.954129695892334,-4.652710914611816,1
Clemson_p111_c1_grm_std_uni,1,4.221302032470703,-4.791548728942871,1
Clemson_p111_c1_grm_std_uni,1,4.343735218048096,-5.184985160827637,1
Clemson_p111_c1_grm_std_uni,1,4.542610168457031,-5.414117336273193,1
Clemson_p111_c1_grm_std_uni,1,4.596761703491211,-5.273507118225098,1
Clemson_p111_c1_grm_std_uni,1,4.700413703918457,-4.963528633117676,1
Clemson_p111_c1_grm_std_uni,1,4.51517915725708,-4.476348876953125,1
Clemson_p111_c1_grm_std_uni,1,3.2479166984558105,-2.9671826362609863,1
Clemson_p111_c1_grm_std_uni,1,1.2138397693634033,-1.3389058113098145,1
Clemson_p111_c1_grm_std_uni,1,1.703969120979309,-3.125704050064087,1
Clemson_p111_c1_grm_std_uni,1,3.6349635124206543,-5.7988972663879395,1
Clemson_p111_c1_grm_std_uni,1,3.721496343612671,-5.886408805847168,1
Clemson_p111_c1_grm_std_uni,1,4.375164985656738,-6.45550012588501,1
Clemson_p111_c1_grm_std_uni,1,4.366278648376465,-6.0134172439575195,1
Clemson_p111_c1_grm_std_uni,1,4.220808029174805,-5.483461380004883,1
Clemson_p111_c1_grm_std_uni,1,4.472476005554199,-5.521468162536621,1
Clemson_p111_c1_grm_std_uni,1,4.5571160316467285,-5.298057556152344,1
Clemson_p111_c1_grm_std_uni,1,4.518084526062012,-5.007853984832764,1
Clemson_p111_c1_grm_std_uni,1,4.462427139282227,-4.740668773651123,1
Clemson_p111_c1_grm_std_uni,1,4.349608898162842,-4.464824199676514,1
Clemson_p111_c1_grm_std_uni,1,3.9513015747070312,-4.377956867218018,1
Clemson_p111_c1_grm_std_uni,1,3.807396650314331,-4.40731954574585,1
Clemson_p111_c1_grm_std_uni,1,4.007242679595947,-4.796990871429443,1
Clemson_p111_c1_grm_std_uni,1,4.442841053009033,-5.361214637756348,1
Clemson_p111_c1_grm_std_uni,1,4.930554389953613,-5.905520915985107,1
Clemson_p111_c1_grm_std_uni,1,5.196878910064697,-6.158000469207764,1
Clemson_p111_c1_grm_std_uni,1,5.309691905975342,-6.156012535095215,1
Clemson_p111_c1_grm_std_uni,1,5.3038740158081055,-6.016265869140625,1
Clemson_p111_c1_grm_std_uni,1,5.4470744132995605,-6.12534236907959,1
Clemson_p111_c1_grm_std_uni,1,5.657434940338135,-6.350052356719971,1
Clemson_p111_c1_grm_std_uni,1,5.851729393005371,-6.5602874755859375,1
Clemson_p111_c1_grm_std_uni,1,5.957784652709961,-6.680199146270752,1
Clemson_p111_c1_grm_std_uni,1,6.018133640289307,-6.772430896759033,1
Clemson_p111_c1_grm_std_uni,1,6.039892196655273,-6.834517002105713,1
Clemson_p111_c1_grm_std_uni,1,6.038859844207764,-6.86451530456543,1
Clemson_p111_c1_grm_std_uni,1,6.022476673126221,-6.870765209197998,1
Clemson_p111_c1_grm_std_uni,1,6.0492753982543945,-6.91235876083374,1
Clemson_p111_c1_grm_std_uni,1,6.080624103546143,-6.946199417114258,1
Clemson_p111_c1_grm_std_uni,1,6.076498508453369,-6.940581321716309,1
Clemson_p111_c1_grm_std_uni,1,6.046939373016357,-6.913669109344482,1
Clemson_p111_c1_grm_std_uni,1,5.985262393951416,-6.860284328460693,1
Clemson_p111_c1_grm_std_uni,1,5.986079692840576,-6.864209175109863,1
Clemson_p111_c1_grm_std_uni,1,6.139116287231445,-7.025330543518066,1
Clemson_p111_c1_grm_std_uni,1,6.273587226867676,-7.149661064147949,1
Clemson_p111_c1_grm_std_uni,1,6.34420108795166,-7.189342021942139,1
Clemson_p111_c1_grm_std_uni,1,6.337717533111572,-7.152291774749756,1
Clemson_p111_c1_grm_std_uni,1,6.307687759399414,-7.104059219360352,1
Clemson_p111_c1_grm_std_uni,1,6.297012805938721,-7.083576679229736,1
Clemson_p111_c1_grm_std_uni,1,6.246054649353027,-7.018517971038818,1
Clemson_p111_c1_grm_std_uni,1,6.237267017364502,-6.9920759201049805,1
Clemson_p111_c1_grm_std_uni,1,6.28992223739624,-7.028066635131836,1
Clemson_p111_c1_grm_std_uni,1,6.270577907562256,-6.956637382507324,1
Clemson_p111_c1_grm_std_uni,1,5.96460485458374,-6.560048580169678,1
Clemson_p111_c1_grm_std_uni,1,5.39828634262085,-5.847805500030518,1
Clemson_p111_c1_grm_std_uni,1,4.914820194244385,-5.300121784210205,1
Clemson_p111_c1_grm_std_uni,1,4.553663730621338,-5.032544136047363,1
Clemson_p111_c1_grm_std_uni,1,4.615236282348633,-5.068765640258789,1
Clemson_p111_c1_grm_std_uni,1,4.946004867553711,-5.33950662612915,1
Clemson_p111_c1_grm_std_uni,1,4.818410396575928,-5.183192253112793,1
Clemson_p111_c1_grm_std_uni,1,4.715346336364746,-4.940074443817139,1
Clemson_p111_c1_grm_std_uni,1,4.7475738525390625,-4.594244003295898,1
Clemson_p111_c1_grm_std_uni,1,4.758315563201904,-4.345004558563232,1
Clemson_p111_c1_grm_std_uni,1,4.728236675262451,-4.240682125091553,1
Clemson_p111_c1_grm_std_uni,1,4.6852617263793945,-4.19099760055542,1
Clemson_p111_c1_grm_std_uni,1,4.567767143249512,-4.1399664878845215,1
Clemson_p111_c1_grm_std_uni,1,4.594204425811768,-4.194821834564209,1
Clemson_p111_c1_grm_std_uni,1,4.775595664978027,-4.35487174987793,1
Clemson_p111_c1_grm_std_uni,1,4.944950580596924,-4.729658603668213,1
Clemson_p111_c1_grm_std_uni,1,5.091095447540283,-4.95203161239624,1
Clemson_p111_c1_grm_std_uni,1,5.186036109924316,-5.084321022033691,1
Clemson_p111_c1_grm_std_uni,1,5.0978312492370605,-5.162384986877441,1
Clemson_p111_c1_grm_std_uni,1,4.882878303527832,-4.9796037673950195,1
Clemson_p111_c1_grm_std_uni,1,5.022519588470459,-5.158825874328613,1
Clemson_p111_c1_grm_std_uni,1,5.2095136642456055,-5.319212436676025,1
Clemson_p111_c1_grm_std_uni,1,5.182260990142822,-5.148404598236084,1
Clemson_p111_c1_grm_std_uni,1,4.888622760772705,-4.80192232131958,1
Clemson_p111_c1_grm_std_uni,2,4.223639488220215,-4.256507396697998,1
Clemson_p111_c1_grm_std_uni,2,1.147984266281128,-0.43125396966934204,1
Clemson_p111_c1_grm_std_uni,2,0.4614173471927643,0.48557963967323303,2
Clemson_p111_c1_grm_std_uni,2,4.198845863342285,-4.439287185668945,1
Clemson_p111_c1_grm_std_uni,2,5.193238735198975,-5.957706928253174,1
Clemson_p111_c1_grm_std_uni,2,5.321043491363525,-5.488555908203125,1
Clemson_p111_c1_grm_std_uni,2,5.5774006843566895,-6.029324054718018,1
Clemson_p111_c1_grm_std_uni,2,5.205583572387695,-5.888086795806885,1
Clemson_p111_c1_grm_std_uni,2,4.733617305755615,-5.4857497215271,1
Clemson_p111_c1_grm_std_uni,2,4.580041408538818,-5.466590404510498,1
Clemson_p111_c1_grm_std_uni,2,4.629034042358398,-5.8321614265441895,1
Clemson_p111_c1_grm_std_uni,2,4.565826416015625,-5.770666122436523,1
Clemson_p111_c1_grm_std_uni,2,4.376222133636475,-5.369134902954102,1
Clemson_p111_c1_grm_std_uni,2,4.148570537567139,-4.952268123626709,1
Clemson_p111_c1_grm_std_uni,2,3.946608304977417,-4.302159309387207,1
Clemson_p111_c1_grm_std_uni,2,4.019321918487549,-4.307681083679199,1
Clemson_p111_c1_grm_std_uni,2,5.121819019317627,-5.720881462097168,1
Clemson_p111_c1_grm_std_uni,2,5.121292591094971,-5.848701477050781,1
Clemson_p111_c1_grm_std_uni,2,5.193606853485107,-5.977590560913086,1
Clemson_p111_c1_grm_std_uni,2,5.082503318786621,-5.660841464996338,1
Clemson_p111_c1_grm_std_uni,2,4.309151649475098,-3.9856669902801514,1
Clemson_p111_c1_grm_std_uni,2,4.023814678192139,-3.577057361602783,1
Clemson_p111_c1_grm_std_uni,2,3.3693594932556152,-3.2141494750976562,1
Clemson_p111_c1_grm_std_uni,2,3.291161298751831,-3.2706570625305176,1
Clemson_p111_c1_grm_std_uni,2,3.2923083305358887,-3.2351722717285156,1
Clemson_p111_c1_grm_std_uni,2,3.4040958881378174,-3.2627642154693604,1
Clemson_p111_c1_grm_std_uni,2,3.507550001144409,-3.264846086502075,1
Clemson_p111_c1_grm_std_uni,2,3.576129913330078,-3.2694168090820312,1
Clemson_p111_c1_grm_std_uni,2,3.551729440689087,-3.2592103481292725,1
Clemson_p111_c1_grm_std_uni,2,3.5031838417053223,-3.2170896530151367,1
Clemson_p111_c1_grm_std_uni,1,3.5244364738464355,-3.2093265056610107,1
Clemson_p111_c1_grm_std_uni,1,3.508680582046509,-3.160231351852417,1
Clemson_p111_c1_grm_std_uni,1,3.502791404724121,-3.2024338245391846,1
Clemson_p111_c1_grm_std_uni,1,3.616576671600342,-3.348292112350464,1
Clemson_p111_c1_grm_std_uni,1,3.481799840927124,-3.0455846786499023,1
Clemson_p111_c1_grm_std_uni,1,1.4545775651931763,-0.9697500467300415,1
Clemson_p111_c1_grm_std_uni,1,2.1567275524139404,-1.9420599937438965,1
Clemson_p111_c1_grm_std_uni,1,3.5792157649993896,-4.050021171569824,1
Clemson_p111_c1_grm_std_uni,1,4.8685760498046875,-5.71046781539917,1
Clemson_p111_c1_grm_std_uni,1,5.999095439910889,-6.747052192687988,1
Clemson_p111_c1_grm_std_uni,1,6.1599273681640625,-6.8617095947265625,1
Clemson_p111_c1_grm_std_uni,1,5.789697647094727,-6.443169593811035,1
Clemson_p111_c1_grm_std_uni,1,5.443263530731201,-6.089947700500488,1
Clemson_p111_c1_grm_std_uni,1,5.122401237487793,-5.7885332107543945,1
Clemson_p111_c1_grm_std_uni,1,4.8960113525390625,-5.51321268081665,1
Clemson_p111_c1_grm_std_uni,1,4.841434001922607,-5.314055919647217,1
Clemson_p111_c1_grm_std_uni,1,4.840412616729736,-5.152381420135498,1
Clemson_p111_c1_grm_std_uni,1,4.8284382820129395,-5.070676326751709,1
Clemson_p111_c1_grm_std_uni,1,4.798843860626221,-5.075653553009033,1
Clemson_p111_c1_grm_std_uni,1,4.65794038772583,-5.005064010620117,1
Clemson_p111_c1_grm_std_uni,1,4.537973880767822,-4.926111698150635,1
Clemson_p111_c1_grm_std_uni,1,4.508799076080322,-4.8750457763671875,1
Clemson_p111_c1_grm_std_uni,1,4.666013240814209,-4.988753318786621,1
Clemson_p111_c1_grm_std_uni,1,4.598745822906494,-4.93284797668457,1
Clemson_p111_c1_grm_std_uni,1,4.266797065734863,-4.643208980560303,1
Clemson_p111_c1_grm_std_uni,1,3.7940714359283447,-4.141475200653076,1
Clemson_p111_c1_grm_std_uni,1,3.4966659545898438,-3.977142810821533,1
Clemson_p111_c1_grm_std_uni,1,3.3892595767974854,-4.01876974105835,1
Clemson_p111_c1_grm_std_uni,2,3.2569265365600586,-3.9487922191619873,1
Clemson_p111_c1_grm_std_uni,2,3.173668146133423,-3.81364369392395,1
Clemson_p111_c1_grm_std_uni,2,3.1600072383880615,-3.6732516288757324,1
Clemson_p111_c1_grm_std_uni,2,3.251713752746582,-3.6833279132843018,1
Clemson_p111_c1_grm_std_uni,2,3.4987952709198,-3.9061975479125977,1
Clemson_p111_c1_grm_std_uni,2,3.479495048522949,-3.586559772491455,1
Clemson_p111_c1_grm_std_uni,2,1.8335168361663818,-0.8932993412017822,1
Clemson_p111_c1_grm_std_uni,2,1.7683758735656738,-0.4118918478488922,1
Clemson_p111_c1_grm_std_uni,2,2.297353506088257,-1.9218229055404663,1
Clemson_p111_c1_grm_std_uni,2,4.24264669418335,-5.275478839874268,1
Clemson_p111_c1_grm_std_uni,2,4.8003339767456055,-6.563523292541504,1
Clemson_p111_c1_grm_std_uni,2,4.894369602203369,-6.829096794128418,1
Clemson_p111_c1_grm_std_uni,2,4.899750709533691,-6.845001220703125,1
Clemson_p111_c1_grm_std_uni,2,5.6816325187683105,-6.736257553100586,1
Clemson_p111_c1_grm_std_uni,2,5.888136863708496,-6.667799949645996,1
Clemson_p111_c1_grm_std_uni,2,5.622938632965088,-6.732147693634033,1
Clemson_p111_c1_grm_std_uni,1,5.213397026062012,-6.68310022354126,1
Clemson_p111_c1_grm_std_uni,1,4.9700751304626465,-6.581168174743652,1
Clemson_p111_c1_grm_std_uni,1,5.029880046844482,-6.574822425842285,1
Clemson_p111_c1_grm_std_uni,1,5.190923690795898,-6.51202917098999,1
Clemson_p111_c1_grm_std_uni,1,5.09467077255249,-6.19781494140625,1
Clemson_p111_c1_grm_std_uni,1,4.958413600921631,-5.854433536529541,1
Clemson_p111_c1_grm_std_uni,1,4.824799060821533,-5.723716735839844,1
Clemson_p111_c1_grm_std_uni,1,4.310712814331055,-5.211881637573242,1
Clemson_p111_c1_grm_std_uni,1,4.367869853973389,-5.429263114929199,1
Clemson_p111_c1_grm_std_uni,1,4.455175399780273,-5.564634799957275,1
Clemson_p111_c1_grm_std_uni,1,4.347744941711426,-5.2924370765686035,1
Clemson_p111_c1_grm_std_uni,1,4.098389148712158,-4.811251640319824,1
Clemson_p111_c1_grm_std_uni,1,4.038742542266846,-4.8441572189331055,1
Clemson_p111_c1_grm_std_uni,1,4.146096706390381,-5.022782802581787,1
Clemson_p111_c1_grm_std_uni,1,4.038613796234131,-4.7080793380737305,1
Clemson_p111_c1_grm_std_uni,1,3.917254686355591,-4.677995204925537,1
Clemson_p111_c1_grm_std_uni,1,4.099020004272461,-5.017779350280762,1
Clemson_p111_c1_grm_std_uni,1,4.0371317863464355,-4.974310874938965,1
Clemson_p111_c1_grm_std_uni,1,4.026198387145996,-4.9067158699035645,1
Clemson_p111_c1_grm_std_uni,1,4.012871265411377,-4.815904140472412,1
Clemson_p111_c1_grm_std_uni,1,3.9453835487365723,-4.644250869750977,1
Clemson_p111_c1_grm_std_uni,1,3.8881611824035645,-4.475680828094482,1
Clemson_p111_c1_grm_std_uni,1,3.786675453186035,-4.250272274017334,1
Clemson_p111_c1_grm_std_uni,1,3.7388932704925537,-4.129131317138672,1
Clemson_p111_c1_grm_std_uni,1,3.7065415382385254,-4.0184125900268555,1
Clemson_p111_c1_grm_std_uni,1,3.6984822750091553,-3.9183969497680664,1
Clemson_p111_c1_grm_std_uni,1,3.6920957565307617,-3.813607931137085,1
Clemson_p111_c1_grm_std_uni,1,3.6493756771087646,-3.699408531188965,1
Clemson_p111_c1_grm_std_uni,1,3.576178789138794,-3.582820415496826,1
Clemson_p111_c1_grm_std_uni,1,3.4499430656433105,-3.5602900981903076,1
Clemson_p111_c1_grm_std_uni,1,3.2770168781280518,-3.656125783920288,1
Clemson_p111_c1_grm_std_uni,1,3.3282113075256348,-3.8002352714538574,1
Clemson_p111_c1_grm_std_uni,1,3.493900775909424,-4.058732509613037,1
Clemson_p111_c1_grm_std_uni,1,3.525542736053467,-4.182305335998535,1
Clemson_p111_c1_grm_std_uni,1,3.553189277648926,-4.15859842300415,1
Clemson_p111_c1_grm_std_uni,1,3.4667460918426514,-3.85741925239563,1
Clemson_p111_c1_grm_std_uni,1,3.271632671356201,-3.483433246612549,1
Clemson_p111_c1_grm_std_uni,1,3.8151402473449707,-3.908151388168335,1
Clemson_p111_c1_grm_std_uni,1,4.5018630027771,-4.748840808868408,1
Clemson_p111_c1_grm_std_uni,1,4.600613117218018,-4.986393451690674,1
Clemson_p111_c1_grm_std_uni,1,3.8376028537750244,-4.304420471191406,1
Clemson_p111_c1_grm_std_uni,1,3.413573741912842,-4.050644874572754,1
Clemson_p111_c1_grm_std_uni,1,4.433560371398926,-5.067843914031982,1
Clemson_p111_c1_grm_std_uni,1,4.838579177856445,-5.180161476135254,1
Clemson_p111_c1_grm_std_uni,1,4.927529335021973,-5.204039096832275,1
Clemson_p111_c1_grm_std_uni,1,5.027778625488281,-5.295454025268555,1
Clemson_p111_c1_grm_std_uni,1,5.129458904266357,-5.383264541625977,1
Clemson_p111_c1_grm_std_uni,1,5.223343372344971,-5.4990034103393555,1
Clemson_p111_c1_grm_std_uni,1,5.135420322418213,-5.383995532989502,1
Clemson_p111_c1_grm_std_uni,1,5.01324987411499,-5.235034465789795,1
Clemson_p111_c1_grm_std_uni,1,4.785741806030273,-4.997019290924072,1
Clemson_p111_c1_grm_std_uni,1,4.5716094970703125,-4.821465492248535,1
Clemson_p111_c1_grm_std_uni,1,4.682571887969971,-4.977385997772217,1
Clemson_p111_c1_grm_std_uni,1,4.561086654663086,-4.874648571014404,1
Clemson_p111_c1_grm_std_uni,1,4.407164096832275,-4.699565410614014,1
Clemson_p111_c1_grm_std_uni,1,4.074830532073975,-4.316666126251221,1
Clemson_p111_c1_grm_std_uni,1,3.951176881790161,-4.19276762008667,1
Clemson_p111_c1_grm_std_uni,1,3.9447643756866455,-4.285253047943115,1
Clemson_p111_c1_grm_std_uni,1,3.824498414993286,-4.124328136444092,1
Clemson_p111_c1_grm_std_uni,1,3.325148582458496,-3.639604330062866,1
Clemson_p111_c1_grm_std_uni,1,3.1304924488067627,-3.4093663692474365,1
Clemson_p111_c1_grm_std_uni,1,3.0393996238708496,-3.383263111114502,1
Clemson_p111_c1_grm_std_uni,1,2.941443920135498,-3.32059383392334,1
Clemson_p111_c1_grm_std_uni,1,3.2471394538879395,-3.7949564456939697,1
Clemson_p111_c1_grm_std_uni,1,4.050360679626465,-4.62563943862915,1
Clemson_p111_c1_grm_std_uni,1,4.8524346351623535,-5.448258399963379,1
Clemson_p111_c1_grm_std_uni,1,5.187075138092041,-5.734461784362793,1
Clemson_p111_c1_grm_std_uni,1,5.480466365814209,-6.014852046966553,1
Clemson_p111_c1_grm_std_uni,1,5.584023475646973,-6.082385540008545,1
Clemson_p111_c1_grm_std_uni,1,5.545407772064209,-6.018368244171143,1
Clemson_p111_c1_grm_std_uni,1,5.565426826477051,-5.896204948425293,1
Clemson_p111_c1_grm_std_uni,1,5.500202655792236,-5.6862945556640625,1
Clemson_p111_c1_grm_std_uni,1,5.120584964752197,-5.267584323883057,1
Clemson_p111_c1_grm_std_uni,1,4.175333499908447,-4.29932975769043,1
Clemson_p111_c1_grm_std_uni,1,4.124320030212402,-4.030550479888916,1
Clemson_p111_c1_grm_std_uni,1,4.304666996002197,-4.315338611602783,1
Clemson_p111_c1_grm_std_uni,1,4.186774730682373,-4.252147674560547,1
Clemson_p111_c1_grm_std_uni,1,4.245446681976318,-4.21290922164917,1
Clemson_p111_c1_grm_std_uni,1,4.333315849304199,-4.378814220428467,1
Clemson_p111_c1_grm_std_uni,1,3.8987205028533936,-3.6860578060150146,1
Clemson_p111_c1_grm_std_uni,1,2.58604097366333,-2.7125942707061768,1
Clemson_p111_c1_grm_std_uni,1,1.596969485282898,-2.0226967334747314,1
Clemson_p111_c1_grm_std_uni,1,2.460803508758545,-2.9909255504608154,1
Clemson_p111_c1_grm_std_uni,1,4.3379693031311035,-4.984926223754883,1
Clemson_p111_c1_grm_std_uni,1,4.786019802093506,-5.129727840423584,1
Clemson_p111_c1_grm_std_uni,1,4.604790687561035,-5.173162937164307,1
Clemson_p111_c1_grm_std_uni,1,4.623736381530762,-5.208730220794678,1
Clemson_p111_c1_grm_std_uni,1,4.723746299743652,-5.1832170486450195,1
Clemson_p111_c1_grm_std_uni,1,5.091634273529053,-5.402019023895264,1
Clemson_p111_c1_grm_std_uni,1,5.026595592498779,-5.249326229095459,1
Clemson_p111_c1_grm_std_uni,1,4.528939723968506,-4.913236618041992,1
Clemson_p111_c1_grm_std_uni,1,4.208374977111816,-4.68740701675415,1
Clemson_p111_c1_grm_std_uni,1,3.71549391746521,-3.764457941055298,1
Clemson_p111_c1_grm_std_uni,1,1.083235263824463,-0.5465947389602661,1
Clemson_p111_c1_grm_std_uni,2,0.755245566368103,-0.6384086012840271,1
Clemson_p111_c1_grm_std_uni,2,1.9091191291809082,-2.3641655445098877,1
Clemson_p111_c1_grm_std_uni,2,3.0918819904327393,-4.024715423583984,1
Clemson_p111_c1_grm_std_uni,2,2.8396246433258057,-3.7433950901031494,1
Clemson_p111_c1_grm_std_uni,2,2.8131065368652344,-3.5425782203674316,1
Clemson_p111_c1_grm_std_uni,2,3.416016101837158,-4.0974345207214355,1
Clemson_p111_c1_grm_std_uni,2,4.284723281860352,-5.202172756195068,1
Clemson_p111_c1_grm_std_uni,2,6.439969539642334,-7.508299350738525,1
Clemson_p111_c1_grm_std_uni,2,6.192319869995117,-6.9923930168151855,1
Clemson_p111_c1_grm_std_uni,2,5.712728500366211,-6.389329433441162,1
Clemson_p111_c1_grm_std_uni,2,5.441900730133057,-5.89768123626709,1
Clemson_p111_c1_grm_std_uni,2,5.58309268951416,-5.574642658233643,1
Clemson_p111_c1_grm_std_uni,2,5.228992938995361,-4.8679118156433105,1
Clemson_p111_c1_grm_std_uni,2,2.977048397064209,-2.6668357849121094,1
Clemson_p111_c1_grm_std_uni,2,1.374584436416626,-1.9072940349578857,1
Clemson_p111_c1_grm_std_uni,2,2.1306231021881104,-3.0930144786834717,1
Clemson_p111_c1_grm_std_uni,2,3.8678929805755615,-5.891645431518555,1
Clemson_p111_c1_grm_std_uni,2,4.2984113693237305,-6.696979999542236,1
Clemson_p111_c1_grm_std_uni,2,4.53376579284668,-6.960699558258057,1
Clemson_p111_c1_grm_std_uni,2,4.834898948669434,-7.0167646408081055,1
Clemson_p111_c1_grm_std_uni,2,5.376623153686523,-7.167264461517334,1
Clemson_p111_c1_grm_std_uni,2,5.839661121368408,-6.9189348220825195,1
Clemson_p111_c1_grm_std_uni,2,5.6629509925842285,-6.842264652252197,1
Clemson_p111_c1_grm_std_uni,1,5.653904438018799,-6.850341796875,1
Clemson_p111_c1_grm_std_uni,1,5.631009578704834,-6.8079118728637695,1
Clemson_p111_c1_grm_std_uni,1,5.409881591796875,-6.283268928527832,1
Clemson_p111_c1_grm_std_uni,1,5.1660919189453125,-5.674427509307861,1
Clemson_p111_c1_grm_std_uni,1,5.030333042144775,-5.598242282867432,1
Clemson_p111_c1_grm_std_uni,1,4.881515979766846,-5.570143699645996,1
Clemson_p111_c1_grm_std_uni,1,4.803542137145996,-5.5238356590271,1
Clemson_p111_c1_grm_std_uni,1,4.806734085083008,-5.4552531242370605,1
Clemson_p111_c1_grm_std_uni,1,4.794596195220947,-5.320250511169434,1
Clemson_p111_c1_grm_std_uni,1,4.7532453536987305,-5.113044738769531,1
Clemson_p111_c1_grm_std_uni,1,4.569286823272705,-4.695610046386719,1
Clemson_p111_c1_grm_std_uni,1,4.514647006988525,-4.6876630783081055,1
Clemson_p111_c1_grm_std_uni,1,4.629035949707031,-4.949949264526367,1
Clemson_p111_c1_grm_std_uni,1,4.596428871154785,-4.990604877471924,1
Clemson_p111_c1_grm_std_uni,1,4.610202312469482,-4.998190879821777,1
Clemson_p111_c1_grm_std_uni,1,4.697120666503906,-5.053201198577881,1
Clemson_p111_c1_grm_std_uni,1,4.803521633148193,-5.115375995635986,1
Clemson_p111_c1_grm_std_uni,1,4.877743721008301,-5.157302379608154,1
Clemson_p111_c1_grm_std_uni,1,4.9376606941223145,-5.204360008239746,1
Clemson_p111_c1_grm_std_uni,1,4.962265491485596,-5.221832752227783,1
Clemson_p111_c1_grm_std_uni,1,4.963620662689209,-5.212130546569824,1
Clemson_p111_c1_grm_std_uni,1,4.976508140563965,-5.21577787399292,1
Clemson_p111_c1_grm_std_uni,1,4.997012615203857,-5.1815266609191895,1
Clemson_p111_c1_grm_std_uni,1,4.983451843261719,-5.1514973640441895,1
Clemson_p111_c1_grm_std_uni,1,5.026166915893555,-5.1992316246032715,1
Clemson_p111_c1_grm_std_uni,1,4.996252059936523,-5.2352190017700195,1
Clemson_p111_c1_grm_std_uni,1,4.512164115905762,-4.821522235870361,1
Clemson_p111_c1_grm_std_uni,1,4.13236141204834,-4.527975559234619,1
Clemson_p111_c1_grm_std_uni,1,4.791314601898193,-5.237351894378662,1
Clemson_p111_c1_grm_std_uni,1,4.691538333892822,-5.012261390686035,1
Clemson_p111_c1_grm_std_uni,1,4.216711521148682,-4.426469802856445,1
Clemson_p111_c1_grm_std_uni,1,3.920872211456299,-4.097721099853516,1
Clemson_p111_c1_grm_std_uni,1,3.6974520683288574,-3.822596549987793,1
Clemson_p111_c1_grm_std_uni,1,3.66225004196167,-3.736722707748413,1
Clemson_p111_c1_grm_std_uni,1,3.7250030040740967,-3.7697243690490723,1
Clemson_p111_c1_grm_std_uni,1,3.8696165084838867,-3.9097964763641357,1
Clemson_p111_c1_grm_std_uni,1,4.012665271759033,-4.059883117675781,1
Clemson_p111_c1_grm_std_uni,1,4.14158296585083,-4.224475383758545,1
Clemson_p111_c1_grm_std_uni,1,4.245981693267822,-4.333292007446289,1
Clemson_p111_c1_grm_std_uni,1,4.312837600708008,-4.38045072555542,1
Clemson_p111_c1_grm_std_uni,1,4.356669902801514,-4.422867298126221,1
Clemson_p111_c1_grm_std_uni,1,4.390867233276367,-4.467588901519775,1
Clemson_p111_c1_grm_std_uni,1,4.375268936157227,-4.456193447113037,1
Clemson_p111_c1_grm_std_uni,1,4.3457465171813965,-4.420579433441162,1
Clemson_p111_c1_grm_std_uni,1,4.391998291015625,-4.450601100921631,1
Clemson_p111_c1_grm_std_uni,1,4.469780921936035,-4.453892707824707,1
Clemson_p111_c1_grm_std_uni,1,4.475486755371094,-4.462184429168701,1
Clemson_p111_c1_grm_std_uni,1,4.546234607696533,-4.547354221343994,1
Clemson_p111_c1_grm_std_uni,1,4.633707046508789,-4.651331424713135,1
Clemson_p111_c1_grm_std_uni,1,4.639392375946045,-4.657364845275879,1
Clemson_p111_c1_grm_std_uni,1,4.627388000488281,-4.643864631652832,1
Clemson_p111_c1_grm_std_uni,1,4.6676926612854,-4.744751453399658,1
Clemson_p111_c1_grm_std_uni,1,4.573176860809326,-4.737321853637695,1
Clemson_p111_c1_grm_std_uni,1,4.582786560058594,-4.787394046783447,1
Clemson_p111_c1_grm_std_uni,1,3.7464585304260254,-4.085602283477783,1
Clemson_p111_c1_grm_std_uni,1,4.214967727661133,-4.627346515655518,1
Clemson_p111_c1_grm_std_uni,1,4.398802757263184,-4.677943229675293,1
Clemson_p111_c1_grm_std_uni,1,4.016114711761475,-4.3260111808776855,1
Clemson_p111_c1_grm_std_uni,1,3.8785994052886963,-4.125789642333984,1
Clemson_p111_c1_grm_std_uni,1,3.7845230102539062,-3.950355052947998,1
Clemson_p111_c1_grm_std_uni,1,3.77109956741333,-3.8649168014526367,1
Clemson_p111_c1_grm_std_uni,1,3.8600594997406006,-3.854614019393921,1
Clemson_p111_c1_grm_std_uni,1,4.113821983337402,-3.979698896408081,1
Clemson_p111_c1_grm_std_uni,1,3.895247459411621,-3.69903564453125,1
Clemson_p111_c1_grm_std_uni,1,3.4741570949554443,-3.6022567749023438,1
Clemson_p111_c1_grm_std_uni,1,4.4604949951171875,-4.525191783905029,1
Clemson_p111_c1_grm_std_uni,1,4.582634449005127,-4.675495624542236,1
Clemson_p111_c1_grm_std_uni,1,4.329009056091309,-4.448919296264648,1
Clemson_p111_c1_grm_std_uni,1,4.295844554901123,-4.4252495765686035,1
Clemson_p111_c1_grm_std_uni,1,4.241225719451904,-4.420577526092529,1
Clemson_p111_c1_grm_std_uni,1,4.072300434112549,-4.263521194458008,1
Clemson_p111_c1_grm_std_uni,1,3.9951748847961426,-4.1616435050964355,1
Clemson_p111_c1_grm_std_uni,1,4.070502281188965,-4.176070213317871,1
Clemson_p111_c1_grm_std_uni,1,3.9978842735290527,-3.852278709411621,1
Clemson_p111_c1_grm_std_uni,1,3.74949312210083,-3.187375068664551,1
Clemson_p111_c1_grm_std_uni,1,3.5998411178588867,-2.5300376415252686,1
Clemson_p111_c1_grm_std_uni,1,3.181926965713501,-2.1827263832092285,1
Clemson_p111_c1_grm_std_uni,1,2.922987937927246,-2.2789883613586426,1
Clemson_p111_c1_grm_std_uni,1,3.2618825435638428,-2.638489246368408,1
Clemson_p111_c1_grm_std_uni,1,3.556169271469116,-2.87408447265625,1
Clemson_p111_c1_grm_std_uni,1,3.6277623176574707,-2.9364213943481445,1
Clemson_p111_c1_grm_std_uni,1,3.589066743850708,-2.8151588439941406,1
Clemson_p111_c1_grm_std_uni,1,3.3440628051757812,-2.56490159034729,1
Clemson_p111_c1_grm_std_uni,1,2.992067575454712,-2.658578634262085,1
Clemson_p111_c1_grm_std_uni,1,3.321037530899048,-3.4670674800872803,1
Clemson_p111_c1_grm_std_uni,1,3.657381296157837,-3.893174886703491,1
Clemson_p111_c1_grm_std_uni,1,3.7151215076446533,-3.894709825515747,1
Clemson_p111_c1_grm_std_uni,1,3.9509339332580566,-3.938232421875,1
Clemson_p111_c1_grm_std_uni,1,4.111451148986816,-4.096340656280518,1
Clemson_p111_c1_grm_std_uni,1,3.980006217956543,-4.194207668304443,1
Clemson_p111_c1_grm_std_uni,1,3.732818841934204,-4.224564552307129,1
Clemson_p111_c1_grm_std_uni,1,3.5516059398651123,-4.110319137573242,1
Clemson_p111_c1_grm_std_uni,2,2.9863102436065674,-3.287358283996582,1
Clemson_p111_c1_grm_std_uni,2,0.5060732960700989,-0.7511362433433533,1
Clemson_p111_c1_grm_std_uni,2,0.3227636516094208,-0.8521429300308228,1
Clemson_p111_c1_grm_std_uni,2,1.2342692613601685,-1.8001502752304077,1
Clemson_p111_c1_grm_std_uni,2,2.813525676727295,-3.6218454837799072,1
Clemson_p111_c1_grm_std_uni,2,3.702666997909546,-4.525784015655518,1
Clemson_p111_c1_grm_std_uni,2,2.4933269023895264,-3.392406940460205,1
Clemson_p111_c1_grm_std_uni,2,3.392380714416504,-4.4339213371276855,1
Clemson_p111_c1_grm_std_uni,2,4.581246376037598,-5.766670227050781,1
Clemson_p111_c1_grm_std_uni,2,4.296861171722412,-5.243121147155762,1
Clemson_p111_c1_grm_std_uni,2,3.8188986778259277,-4.557538986206055,1
Clemson_p111_c1_grm_std_uni,2,3.439746856689453,-4.26377534866333,1
Clemson_p111_c1_grm_std_uni,2,3.225083827972412,-3.9961600303649902,1
Clemson_p111_c1_grm_std_uni,2,3.0775272846221924,-3.575162649154663,1
Clemson_p111_c1_grm_std_uni,2,2.642958879470825,-2.7320570945739746,1
Clemson_p111_c1_grm_std_uni,2,3.131662607192993,-3.4713246822357178,1
Clemson_p111_c1_grm_std_uni,2,3.4831552505493164,-3.586794137954712,1
Clemson_p111_c1_grm_std_uni,2,3.5379226207733154,-3.6440463066101074,1
Clemson_p111_c1_grm_std_uni,2,3.579777717590332,-3.9180517196655273,1
Clemson_p111_c1_grm_std_uni,1,3.5360562801361084,-3.9301228523254395,1
Clemson_p111_c1_grm_std_uni,1,3.531665325164795,-3.76359486579895,1
Clemson_p111_c1_grm_std_uni,1,3.1473429203033447,-2.8635473251342773,1
Clemson_p111_c1_grm_std_uni,1,3.0468931198120117,-2.0382184982299805,1
Clemson_p111_c1_grm_std_uni,1,2.6542341709136963,-1.2308175563812256,1
Clemson_p111_c1_grm_std_uni,1,1.0792195796966553,0.25112947821617126,1
Clemson_p111_c1_grm_std_uni,1,2.0688319206237793,-2.2417309284210205,1
Clemson_p111_c1_grm_std_uni,1,4.052006244659424,-4.89417028427124,1
Clemson_p111_c1_grm_std_uni,1,5.203027248382568,-6.436667442321777,1
Clemson_p111_c1_grm_std_uni,1,5.776200771331787,-6.787106990814209,1
Clemson_p111_c1_grm_std_uni,1,6.257727146148682,-6.391753673553467,1
Clemson_p111_c1_grm_std_uni,1,6.806643962860107,-6.455367088317871,1
Clemson_p111_c1_grm_std_uni,1,6.648472785949707,-6.667843818664551,1
Clemson_p111_c1_grm_std_uni,1,5.947909832000732,-6.096004009246826,1
Clemson_p111_c1_grm_std_uni,1,5.428194522857666,-5.444118022918701,1
Clemson_p111_c1_grm_std_uni,1,4.483580112457275,-4.203080654144287,1
Clemson_p111_c1_grm_std_uni,1,2.6682841777801514,-2.4675066471099854,1
Clemson_p111_c1_grm_std_uni,2,2.6176326274871826,-2.458111047744751,1
Clemson_p111_c1_grm_std_uni,2,2.6662347316741943,-2.59458327293396,1
Clemson_p111_c1_grm_std_uni,2,3.1112451553344727,-3.2878835201263428,1
Clemson_p111_c1_grm_std_uni,2,4.740017890930176,-5.326316833496094,1
Clemson_p111_c1_grm_std_uni,2,5.018762111663818,-5.711066246032715,1
Clemson_p111_c1_grm_std_uni,2,5.042304515838623,-5.7805657386779785,1
Clemson_p111_c1_grm_std_uni,2,4.690582275390625,-5.460943222045898,1
Clemson_p111_c1_grm_std_uni,2,4.327199935913086,-5.277641773223877,1
Clemson_p111_c1_grm_std_uni,2,1.6208735704421997,-1.6929715871810913,1
Clemson_p111_c1_grm_std_uni,2,0.8079147934913635,-0.68752521276474,1
Clemson_p111_c1_grm_std_uni,2,3.4335577487945557,-4.672101020812988,1
Clemson_p111_c1_grm_std_uni,2,5.159310340881348,-6.762249946594238,1
Clemson_p111_c1_grm_std_uni,2,5.463543891906738,-7.322001934051514,1
Clemson_p111_c1_grm_std_uni,1,6.085081100463867,-7.597292900085449,1
Clemson_p111_c1_grm_std_uni,1,6.012270450592041,-7.39142370223999,1
Clemson_p111_c1_grm_std_uni,1,5.270742893218994,-6.6737542152404785,1
Clemson_p111_c1_grm_std_uni,1,5.503297805786133,-6.3271660804748535,1
Clemson_p111_c1_grm_std_uni,1,5.423943519592285,-5.84445858001709,1
Clemson_p111_c1_grm_std_uni,1,4.969606876373291,-5.385834217071533,1
Clemson_p111_c1_grm_std_uni,1,4.907401084899902,-5.598045825958252,1
Clemson_p111_c1_grm_std_uni,1,4.882225513458252,-5.69400691986084,1
Clemson_p111_c1_grm_std_uni,1,4.817589282989502,-5.547060012817383,1
Clemson_p111_c1_grm_std_uni,1,4.705994129180908,-5.292097568511963,1
Clemson_p111_c1_grm_std_uni,1,4.653538703918457,-5.16390323638916,1
Clemson_p111_c1_grm_std_uni,1,4.535930156707764,-5.012773513793945,1
Clemson_p111_c1_grm_std_uni,1,4.423673152923584,-4.8959455490112305,1
Clemson_p111_c1_grm_std_uni,1,4.31844425201416,-4.75835657119751,1
Clemson_p111_c1_grm_std_uni,1,4.251677989959717,-4.614704608917236,1
Clemson_p111_c1_grm_std_uni,1,4.150251865386963,-4.433581829071045,1
Clemson_p111_c1_grm_std_uni,1,4.1989827156066895,-4.4921770095825195,1
Clemson_p111_c1_grm_std_uni,1,4.182526111602783,-4.4857497215271,1
Clemson_p111_c1_grm_std_uni,1,4.1285080909729,-4.407262802124023,1
Clemson_p111_c1_grm_std_uni,1,4.1026458740234375,-4.370782852172852,1
Clemson_p111_c1_grm_std_uni,1,4.1009440422058105,-4.384859561920166,1
Clemson_p111_c1_grm_std_uni,1,4.072481632232666,-4.366124629974365,1
Clemson_p111_c1_grm_std_uni,1,4.038683891296387,-4.33505392074585,1
Clemson_p111_c1_grm_std_uni,1,3.9977540969848633,-4.2848663330078125,1
Clemson_p111_c1_grm_std_uni,1,3.959411144256592,-4.243849277496338,1
Clemson_p111_c1_grm_std_uni,1,3.923687219619751,-4.209722518920898,1
Clemson_p111_c1_grm_std_uni,1,3.888166904449463,-4.183250904083252,1
Clemson_p111_c1_grm_std_uni,1,3.8423335552215576,-4.145257472991943,1
Clemson_p111_c1_grm_std_uni,1,3.7829716205596924,-4.090421199798584,1
Clemson_p111_c1_grm_std_uni,1,3.724734306335449,-4.03588342666626,1
Clemson_p111_c1_grm_std_uni,1,3.69394850730896,-4.007527828216553,1
Clemson_p111_c1_grm_std_uni,1,3.6683056354522705,-3.949306011199951,1
Clemson_p111_c1_grm_std_uni,1,3.637538433074951,-3.8188278675079346,1
Clemson_p111_c1_grm_std_uni,1,3.6324048042297363,-3.6784493923187256,1
Clemson_p111_c1_grm_std_uni,1,3.637042999267578,-3.532740831375122,1
Clemson_p111_c1_grm_std_uni,1,3.6375973224639893,-3.4281907081604004,1
Clemson_p111_c1_grm_std_uni,1,3.36525297164917,-3.122184991836548,1
Clemson_p111_c1_grm_std_uni,1,2.6179375648498535,-2.614072561264038,1
Clemson_p111_c1_grm_std_uni,1,3.468675136566162,-3.3970093727111816,1
Clemson_p111_c1_grm_std_uni,1,3.546847105026245,-3.715092182159424,1
Clemson_p111_c1_grm_std_uni,1,3.598677158355713,-3.8076682090759277,1
Clemson_p111_c1_grm_std_uni,1,3.614208459854126,-3.802687168121338,1
Clemson_p111_c1_grm_std_uni,1,3.5648882389068604,-3.75932240486145,1
Clemson_p111_c1_grm_std_uni,1,3.5898077487945557,-3.800879955291748,1
Clemson_p111_c1_grm_std_uni,1,3.707866907119751,-3.9498581886291504,1
Clemson_p111_c1_grm_std_uni,1,3.8677263259887695,-4.114322185516357,1
Clemson_p111_c1_grm_std_uni,1,4.085989952087402,-4.271744251251221,1
Clemson_p111_c1_grm_std_uni,1,4.227221488952637,-4.372803211212158,1
Clemson_p111_c1_grm_std_uni,1,4.244642734527588,-4.353364944458008,1
Clemson_p111_c1_grm_std_uni,1,4.177645206451416,-4.251042366027832,1
Clemson_p111_c1_grm_std_uni,1,4.080132484436035,-4.119550704956055,1
Clemson_p111_c1_grm_std_uni,1,3.9321179389953613,-3.9787590503692627,1
Clemson_p111_c1_grm_std_uni,1,3.838508129119873,-3.927755117416382,1
Clemson_p111_c1_grm_std_uni,1,3.823326587677002,-3.9563450813293457,1
Clemson_p111_c1_grm_std_uni,1,3.7513234615325928,-3.8504974842071533,1
Clemson_p111_c1_grm_std_uni,1,3.742802143096924,-3.623541831970215,1
Clemson_p111_c1_grm_std_uni,1,3.453644275665283,-3.163029670715332,1
Clemson_p111_c1_grm_std_uni,1,1.8889492750167847,-2.026841402053833,1
Clemson_p111_c1_grm_std_uni,1,1.4372775554656982,-2.109520435333252,1
Clemson_p111_c1_grm_std_uni,1,2.281437397003174,-3.0884289741516113,1
Clemson_p111_c1_grm_std_uni,1,3.1792807579040527,-3.874004364013672,1
Clemson_p111_c1_grm_std_uni,1,3.8453757762908936,-4.350979328155518,1
Clemson_p111_c1_grm_std_uni,1,4.0262346267700195,-4.4172210693359375,1
Clemson_p111_c1_grm_std_uni,1,3.9873969554901123,-4.398581027984619,1
Clemson_p111_c1_grm_std_uni,1,3.8619003295898438,-4.258026123046875,1
Clemson_p111_c1_grm_std_uni,1,3.7882773876190186,-4.198520183563232,1
Clemson_p111_c1_grm_std_uni,1,3.7431931495666504,-4.138100624084473,1
Clemson_p111_c1_grm_std_uni,1,3.6817095279693604,-4.06420373916626,1
Clemson_p111_c1_grm_std_uni,1,3.6090872287750244,-3.9560773372650146,1
Clemson_p111_c1_grm_std_uni,1,3.5479493141174316,-3.9120399951934814,1
Clemson_p111_c1_grm_std_uni,1,3.485736846923828,-3.8241238594055176,1
Clemson_p111_c1_grm_std_uni,1,3.440019369125366,-3.784797191619873,1
Clemson_p111_c1_grm_std_uni,1,3.4116528034210205,-3.7796144485473633,1
Clemson_p111_c1_grm_std_uni,1,3.3681256771087646,-3.720836877822876,1
Clemson_p111_c1_grm_std_uni,1,3.3587698936462402,-3.679029941558838,1
Clemson_p111_c1_grm_std_uni,1,3.3610236644744873,-3.642498731613159,1
Clemson_p111_c1_grm_std_uni,1,3.3746085166931152,-3.652892827987671,1
Clemson_p111_c1_grm_std_uni,1,3.3638296127319336,-3.6387557983398438,1
Clemson_p111_c1_grm_std_uni,1,3.332465410232544,-3.6114964485168457,1
Clemson_p111_c1_grm_std_uni,1,3.3160552978515625,-3.602607011795044,1
Clemson_p111_c1_grm_std_uni,1,3.3043620586395264,-3.598879814147949,1
Clemson_p111_c1_grm_std_uni,1,3.3189854621887207,-3.6358978748321533,1
Clemson_p111_c1_grm_std_uni,1,3.3039114475250244,-3.618759870529175,1
Clemson_p111_c1_grm_std_uni,1,3.2695846557617188,-3.5474495887756348,1
Clemson_p111_c1_grm_std_uni,1,3.235966444015503,-3.5161728858947754,1
Clemson_p111_c1_grm_std_uni,1,3.2127296924591064,-3.540968894958496,1
Clemson_p111_c1_grm_std_uni,1,3.2337214946746826,-3.6446151733398438,1
Clemson_p111_c1_grm_std_uni,1,3.284306287765503,-3.765526294708252,1
Clemson_p111_c1_grm_std_uni,1,3.2728235721588135,-3.775217294692993,1
Clemson_p111_c1_grm_std_uni,1,3.241814374923706,-3.746567487716675,1
Clemson_p111_c1_grm_std_uni,1,3.2249538898468018,-3.7429075241088867,1
Clemson_p111_c1_grm_std_uni,1,3.2276577949523926,-3.758496046066284,1
Clemson_p111_c1_grm_std_uni,1,3.230260133743286,-3.749738931655884,1
Clemson_p111_c1_grm_std_uni,1,3.2253646850585938,-3.7199182510375977,1
Clemson_p111_c1_grm_std_uni,1,3.2500102519989014,-3.72674298286438,1
Clemson_p111_c1_grm_std_uni,1,3.3242056369781494,-3.7878715991973877,1
Clemson_p111_c1_grm_std_uni,1,3.3596153259277344,-3.8120040893554688,1
Clemson_p111_c1_grm_std_uni,1,3.3266355991363525,-3.73103666305542,1
Clemson_p111_c1_grm_std_uni,1,3.2697677612304688,-3.6399431228637695,1
Clemson_p111_c1_grm_std_uni,1,3.2123842239379883,-3.5361390113830566,1
Clemson_p111_c1_grm_std_uni,1,3.2359209060668945,-3.5269575119018555,1
Clemson_p111_c1_grm_std_uni,1,3.2792916297912598,-3.5499978065490723,1
Clemson_p111_c1_grm_std_uni,1,3.244342565536499,-3.4545626640319824,1
Clemson_p111_c1_grm_std_uni,1,3.21875262260437,-3.428396463394165,1
Clemson_p111_c1_grm_std_uni,1,3.199101686477661,-3.4141697883605957,1
Clemson_p111_c1_grm_std_uni,1,3.1517224311828613,-3.487586259841919,1
Clemson_p111_c1_grm_std_uni,1,3.106820821762085,-3.6043701171875,1
Clemson_p111_c1_grm_std_uni,1,3.009798765182495,-3.5562026500701904,1
Clemson_p111_c1_grm_std_uni,1,2.9210093021392822,-3.482680082321167,1
Clemson_p111_c1_grm_std_uni,1,3.366603136062622,-4.051109790802002,1
Clemson_p111_c1_grm_std_uni,1,3.5594582557678223,-4.211341857910156,1
Clemson_p111_c1_grm_std_uni,1,3.6630444526672363,-4.207141399383545,1
Clemson_p111_c1_grm_std_uni,1,3.6470885276794434,-4.188508033752441,1
Clemson_p111_c1_grm_std_uni,1,3.507760524749756,-3.9691519737243652,1
Clemson_p111_c1_grm_std_uni,1,4.293581962585449,-4.546546459197998,1
Clemson_p111_c1_grm_std_uni,1,4.50532341003418,-4.823102951049805,1
Clemson_p111_c1_grm_std_uni,1,4.4425272941589355,-4.968398094177246,1
Clemson_p111_c1_grm_std_uni,1,3.8624746799468994,-4.486954212188721,1
Clemson_p111_c1_grm_std_uni,1,3.2682292461395264,-4.108977794647217,1
Clemson_p111_c1_grm_std_uni,1,3.2443718910217285,-3.9247970581054688,1
Clemson_p111_c1_grm_std_uni,1,3.9643640518188477,-4.420229434967041,1
Clemson_p111_c1_grm_std_uni,1,4.591177940368652,-4.8518290519714355,1
Clemson_p111_c1_grm_std_uni,1,4.7285614013671875,-4.901368618011475,1
Clemson_p111_c1_grm_std_uni,1,4.900548934936523,-5.05554723739624,1
Clemson_p111_c1_grm_std_uni,1,4.882587909698486,-5.080384254455566,1
Clemson_p111_c1_grm_std_uni,1,4.839707374572754,-4.933130741119385,1
Clemson_p111_c1_grm_std_uni,1,4.675004005432129,-4.695633411407471,1
Clemson_p111_c1_grm_std_uni,1,4.6616902351379395,-4.5557403564453125,1
Clemson_p111_c1_grm_std_uni,1,4.698490619659424,-4.392940998077393,1
Clemson_p111_c1_grm_std_uni,1,3.9200005531311035,-3.5082602500915527,1
Clemson_p111_c1_grm_std_uni,1,2.7640678882598877,-1.820838212966919,1
Clemson_p111_c1_grm_std_uni,1,3.0083167552948,-2.5959763526916504,1
Clemson_p111_c1_grm_std_uni,2,3.195713520050049,-3.8309874534606934,1
Clemson_p111_c1_grm_std_uni,2,3.481316089630127,-5.083453178405762,1
Clemson_p111_c1_grm_std_uni,2,3.8109610080718994,-5.560751438140869,1
Clemson_p111_c1_grm_std_uni,2,3.550583839416504,-5.240763187408447,1
Clemson_p111_c1_grm_std_uni,2,3.771660327911377,-5.220519065856934,1
Clemson_p111_c1_grm_std_uni,2,5.345909118652344,-6.454617977142334,1
Clemson_p111_c1_grm_std_uni,2,6.131690502166748,-7.3922600746154785,1
Clemson_p111_c1_grm_std_uni,2,5.866299152374268,-7.367925643920898,1
Clemson_p111_c1_grm_std_uni,2,5.4233622550964355,-6.5262131690979,1
Clemson_p111_c1_grm_std_uni,2,3.643702745437622,-3.8850622177124023,1
Clemson_p111_c1_grm_std_uni,2,2.3037703037261963,-2.7977261543273926,1
Clemson_p111_c1_grm_std_uni,2,2.8934285640716553,-3.5772550106048584,1
Clemson_p111_c1_grm_std_uni,2,3.969613552093506,-5.225366592407227,1
Clemson_p111_c1_grm_std_uni,2,5.278907775878906,-6.7812676429748535,1
Clemson_p111_c1_grm_std_uni,2,5.37370491027832,-6.605627059936523,1
Clemson_p111_c1_grm_std_uni,1,5.0213236808776855,-5.933996200561523,1
Clemson_p111_c1_grm_std_uni,1,4.886654853820801,-5.604220867156982,1
Clemson_p111_c1_grm_std_uni,1,4.89981746673584,-5.586158275604248,1
Clemson_p111_c1_grm_std_uni,1,5.002232074737549,-5.746531009674072,1
Clemson_p111_c1_grm_std_uni,1,5.142139911651611,-5.7263898849487305,1
Clemson_p111_c1_grm_std_uni,1,5.025012016296387,-5.155891418457031,1
Clemson_p111_c1_grm_std_uni,1,4.825139999389648,-4.7851881980896,1
Clemson_p111_c1_grm_std_uni,1,4.54709005355835,-4.63768196105957,1
Clemson_p111_c1_grm_std_uni,1,4.46084451675415,-4.561074256896973,1
Clemson_p111_c1_grm_std_uni,1,4.399817943572998,-4.611595630645752,1
Clemson_p111_c1_grm_std_uni,1,4.2664313316345215,-4.589781284332275,1
Clemson_p111_c1_grm_std_uni,1,4.205865383148193,-4.359930515289307,1
Clemson_p111_c1_grm_std_uni,1,4.087586879730225,-3.8693788051605225,1
Clemson_p111_c1_grm_std_uni,1,3.6970372200012207,-3.1444008350372314,1
Clemson_p111_c1_grm_std_uni,1,3.046543836593628,-2.72440505027771,1
Clemson_p111_c1_grm_std_uni,1,3.468203544616699,-3.3107147216796875,1
Clemson_p111_c1_grm_std_uni,1,4.181983470916748,-4.070736885070801,1
Clemson_p111_c1_grm_std_uni,1,4.259068012237549,-4.193952560424805,1
Clemson_p111_c1_grm_std_uni,1,3.985827922821045,-3.888427734375,1
Clemson_p111_c1_grm_std_uni,1,3.738638162612915,-3.7730815410614014,1
Clemson_p111_c1_grm_std_uni,1,3.628124237060547,-3.4660935401916504,1
Clemson_p111_c1_grm_std_uni,1,3.7321367263793945,-3.2510924339294434,1
Clemson_p111_c1_grm_std_uni,1,3.7684080600738525,-3.2314634323120117,1
Clemson_p111_c1_grm_std_uni,1,3.5657458305358887,-3.232290744781494,1
Clemson_p111_c1_grm_std_uni,1,4.164546489715576,-3.797196388244629,1
Clemson_p111_c1_grm_std_uni,2,5.054856300354004,-5.095681667327881,1
Clemson_p111_c1_grm_std_uni,2,5.22999906539917,-5.5134382247924805,1
Clemson_p111_c1_grm_std_uni,2,4.816094875335693,-4.856429576873779,1
Clemson_p111_c1_grm_std_uni,2,4.652950763702393,-4.697402000427246,1
Clemson_p111_c1_grm_std_uni,2,4.50584602355957,-4.834588527679443,1
Clemson_p111_c1_grm_std_uni,2,3.498331308364868,-3.494493246078491,1
Clemson_p111_c1_grm_std_uni,2,2.1958415508270264,-2.1335785388946533,1
Clemson_p111_c1_grm_std_uni,2,2.899371385574341,-3.391627550125122,1
Clemson_p111_c1_grm_std_uni,2,3.7596166133880615,-4.588033199310303,1
Clemson_p111_c1_grm_std_uni,2,4.673336505889893,-5.571047306060791,1
Clemson_p111_c1_grm_std_uni,2,5.850439548492432,-6.565544605255127,1
Clemson_p111_c1_grm_std_uni,2,6.126801490783691,-6.586867332458496,1
Clemson_p111_c1_grm_std_uni,2,5.596933364868164,-5.936483383178711,1
Clemson_p111_c1_grm_std_uni,1,4.961767673492432,-5.096047878265381,1
Clemson_p111_c1_grm_std_uni,1,3.6943247318267822,-3.977386951446533,1
Clemson_p111_c1_grm_std_uni,1,3.1693153381347656,-3.752380609512329,1
Clemson_p111_c1_grm_std_uni,1,3.487994432449341,-4.050817012786865,1
Clemson_p111_c1_grm_std_uni,1,3.405431032180786,-3.7599854469299316,1
Clemson_p111_c1_grm_std_uni,1,2.2540154457092285,-2.1801679134368896,1
Clemson_p111_c1_grm_std_uni,1,1.4599295854568481,-1.3210245370864868,1
Clemson_p111_c1_grm_std_uni,1,2.3266243934631348,-2.948270082473755,1
Clemson_p111_c1_grm_std_uni,1,3.963080406188965,-5.6502203941345215,1
Clemson_p111_c1_grm_std_uni,1,4.404421806335449,-6.334803581237793,1
Clemson_p111_c1_grm_std_uni,1,5.038254261016846,-7.134057998657227,1
Clemson_p111_c1_grm_std_uni,1,5.627243518829346,-6.8916335105896,1
Clemson_p111_c1_grm_std_uni,1,5.56101655960083,-6.357852458953857,1
Clemson_p111_c1_grm_std_uni,1,5.220625400543213,-5.791138172149658,1
Clemson_p111_c1_grm_std_uni,1,4.7828288078308105,-5.410512447357178,1
Clemson_p111_c1_grm_std_uni,1,4.691268444061279,-5.381100654602051,1
Clemson_p111_c1_grm_std_uni,1,4.6061625480651855,-5.244955062866211,1
Clemson_p111_c1_grm_std_uni,1,4.359635829925537,-5.101372241973877,1
Clemson_p111_c1_grm_std_uni,1,4.830877780914307,-5.752114295959473,1
Clemson_p111_c1_grm_std_uni,1,4.952421188354492,-5.861728191375732,1
Clemson_p111_c1_grm_std_uni,1,5.080417156219482,-5.924553394317627,1
Clemson_p111_c1_grm_std_uni,1,5.188263893127441,-5.922745704650879,1
Clemson_p111_c1_grm_std_uni,1,5.197525501251221,-5.789366722106934,1
Clemson_p111_c1_grm_std_uni,1,5.576873779296875,-6.086738109588623,1
Clemson_p111_c1_grm_std_uni,1,5.754645347595215,-6.055150032043457,1
Clemson_p111_c1_grm_std_uni,1,6.137992858886719,-6.194793224334717,1
Clemson_p111_c1_grm_std_uni,1,6.243734836578369,-6.314848899841309,1
Clemson_p111_c1_grm_std_uni,1,6.177229881286621,-6.37506628036499,1
Clemson_p111_c1_grm_std_uni,1,6.063541889190674,-6.534919261932373,1
Clemson_p111_c1_grm_std_uni,1,5.9479498863220215,-6.548683166503906,1
Clemson_p111_c1_grm_std_uni,1,5.528144359588623,-6.394895076751709,1
Clemson_p111_c1_grm_std_uni,1,5.11850118637085,-6.0069074630737305,1
Clemson_p111_c1_grm_std_uni,1,5.0645551681518555,-5.788311958312988,1
Clemson_p111_c1_grm_std_uni,1,5.18601131439209,-5.558220863342285,1
Clemson_p111_c1_grm_std_uni,1,5.184532642364502,-5.614455699920654,1
Clemson_p111_c1_grm_std_uni,1,5.460864067077637,-5.937365531921387,1
Clemson_p111_c1_grm_std_uni,2,5.558114051818848,-6.225977897644043,1
Clemson_p111_c1_grm_std_uni,2,5.429793834686279,-6.158411979675293,1
Clemson_p111_c1_grm_std_uni,2,5.139425277709961,-5.839007377624512,1
Clemson_p111_c1_grm_std_uni,2,4.957474231719971,-5.571567058563232,1
Clemson_p111_c1_grm_std_uni,2,4.958484172821045,-5.431276321411133,1
Clemson_p111_c1_grm_std_uni,2,4.981057167053223,-5.258156776428223,1
Clemson_p111_c1_grm_std_uni,2,4.93010139465332,-5.027947425842285,1
Clemson_p111_c1_grm_std_uni,2,4.686940670013428,-4.925527572631836,1
Clemson_p111_c1_grm_std_uni,2,4.303443431854248,-5.019887924194336,1
Clemson_p111_c1_grm_std_uni,2,4.09761381149292,-5.058416843414307,1
Clemson_p111_c1_grm_std_uni,2,3.59452748298645,-4.047585964202881,1
Clemson_p111_c1_grm_std_uni,2,3.66107177734375,-3.9328813552856445,1
Clemson_p111_c1_grm_std_uni,1,3.65521240234375,-3.8773505687713623,1
Clemson_p111_c1_grm_std_uni,1,3.5661308765411377,-3.6455025672912598,1
Clemson_p111_c1_grm_std_uni,1,3.613189458847046,-3.616349935531616,1
Clemson_p111_c1_grm_std_uni,1,3.615281343460083,-3.6362626552581787,1
Clemson_p111_c1_grm_std_uni,1,3.575087070465088,-3.562624454498291,1
Clemson_p111_c1_grm_std_uni,1,3.6294686794281006,-3.5568084716796875,1
Clemson_p111_c1_grm_std_uni,1,3.676673412322998,-3.505297899246216,1
Clemson_p111_c1_grm_std_uni,1,3.6544694900512695,-3.3344295024871826,1
Clemson_p111_c1_grm_std_uni,1,3.5462985038757324,-3.08345627784729,1
Clemson_p111_c1_grm_std_uni,1,3.0004360675811768,-2.257946729660034,1
Clemson_p111_c1_grm_std_uni,1,-0.703016459941864,1.483338475227356,2
Clemson_p111_c1_grm_std_uni,1,0.1275269091129303,-0.1489918977022171,1
Clemson_p111_c1_grm_std_uni,1,2.3104870319366455,-2.8416593074798584,1
Clemson_p111_c1_grm_std_uni,1,3.942192792892456,-4.716699600219727,1
Clemson_p111_c1_grm_std_uni,1,4.5475287437438965,-5.204658508300781,1
Clemson_p111_c1_grm_std_uni,1,4.620698928833008,-5.1098809242248535,1
Clemson_p111_c1_grm_std_uni,1,4.552669048309326,-5.0577874183654785,1
Clemson_p111_c1_grm_std_uni,1,4.4454264640808105,-4.8715291023254395,1
Clemson_p111_c1_grm_std_uni,1,4.3372907638549805,-4.670124530792236,1
Clemson_p111_c1_grm_std_uni,1,4.201632976531982,-4.4479146003723145,1
Clemson_p111_c1_grm_std_uni,1,4.06330680847168,-4.175769329071045,1
Clemson_p111_c1_grm_std_uni,1,3.8661627769470215,-3.778857946395874,1
Clemson_p111_c1_grm_std_uni,1,3.4651219844818115,-3.546482801437378,1
Clemson_p111_c1_grm_std_uni,1,3.3472578525543213,-3.5569822788238525,1
Clemson_p111_c1_grm_std_uni,1,3.5204429626464844,-3.9479405879974365,1
Clemson_p111_c1_grm_std_uni,1,3.5643210411071777,-4.219067573547363,1
Clemson_p111_c1_grm_std_uni,1,3.7088778018951416,-4.542273044586182,1
Clemson_p111_c1_grm_std_uni,1,3.877884864807129,-4.7988810539245605,1
Clemson_p111_c1_grm_std_uni,1,4.011123180389404,-4.979104995727539,1
Clemson_p111_c1_grm_std_uni,1,4.175626754760742,-5.182684898376465,1
Clemson_p111_c1_grm_std_uni,1,4.20697546005249,-5.204370021820068,1
Clemson_p111_c1_grm_std_uni,1,4.261495590209961,-5.219032287597656,1
Clemson_p111_c1_grm_std_uni,1,4.323605537414551,-5.243446350097656,1
Clemson_p111_c1_grm_std_uni,1,4.372270584106445,-5.2675395011901855,1
Clemson_p111_c1_grm_std_uni,1,4.424530982971191,-5.3008222579956055,1
Clemson_p111_c1_grm_std_uni,1,4.498916149139404,-5.359796047210693,1
Clemson_p111_c1_grm_std_uni,1,4.577410697937012,-5.4193620681762695,1
Clemson_p111_c1_grm_std_uni,1,4.6090593338012695,-5.429327487945557,1
Clemson_p111_c1_grm_std_uni,1,4.6584696769714355,-5.460834980010986,1
Clemson_p111_c1_grm_std_uni,1,4.694660663604736,-5.486178398132324,1
Clemson_p111_c1_grm_std_uni,1,4.717309951782227,-5.508467197418213,1
Clemson_p111_c1_grm_std_uni,1,4.71554708480835,-5.500641345977783,1
Clemson_p111_c1_grm_std_uni,1,4.750730514526367,-5.479475021362305,1
Clemson_p111_c1_grm_std_uni,1,4.792892932891846,-5.351913928985596,1
Clemson_p111_c1_grm_std_uni,1,4.784501552581787,-5.127213954925537,1
Clemson_p111_c1_grm_std_uni,1,4.4444475173950195,-4.567938804626465,1
Clemson_p111_c1_grm_std_uni,1,3.595867395401001,-3.326918601989746,1
Clemson_p111_c1_grm_std_uni,1,2.216681718826294,-1.939535140991211,1
Clemson_p111_c1_grm_std_uni,1,1.3671257495880127,-1.8742420673370361,1
Clemson_p111_c1_grm_std_uni,1,3.058749198913574,-3.982898712158203,1
Clemson_p111_c1_grm_std_uni,1,3.5623576641082764,-4.6793060302734375,1
Clemson_p111_c1_grm_std_uni,1,3.2893736362457275,-3.895148515701294,1
Clemson_p111_c1_grm_std_uni,1,3.13834547996521,-3.607802152633667,1
Clemson_p111_c1_grm_std_uni,1,4.325815200805664,-4.754338264465332,1
Clemson_p111_c1_grm_std_uni,1,4.972639083862305,-5.016371726989746,1
Clemson_p111_c1_grm_std_uni,1,4.57444953918457,-5.573187828063965,1
Clemson_p111_c1_grm_std_uni,1,4.110386848449707,-5.38724422454834,1
Clemson_p111_c1_grm_std_uni,1,3.694196939468384,-4.549834251403809,1
Clemson_p111_c1_grm_std_uni,2,0.8845524191856384,-0.8714293837547302,1
Clemson_p111_c1_grm_std_uni,2,-0.3759341239929199,0.8848143219947815,2
Clemson_p111_c1_grm_std_uni,2,1.559097170829773,-1.96709406375885,1
Clemson_p111_c1_grm_std_uni,2,4.09470272064209,-5.2719407081604,1
Clemson_p111_c1_grm_std_uni,2,4.375481605529785,-5.938265323638916,1
Clemson_p111_c1_grm_std_uni,2,4.156021595001221,-5.1568732261657715,1
Clemson_p111_c1_grm_std_uni,2,2.6730949878692627,-2.959646463394165,1
Clemson_p111_c1_grm_std_uni,2,1.1628692150115967,-1.1671733856201172,1
Clemson_p111_c1_grm_std_uni,2,2.281313419342041,-2.767582654953003,1
Clemson_p111_c1_grm_std_uni,2,3.8750226497650146,-5.1161274909973145,1
Clemson_p111_c1_grm_std_uni,2,4.254148960113525,-5.650575160980225,1
Clemson_p111_c1_grm_std_uni,2,4.64753532409668,-6.0164031982421875,1
Clemson_p111_c1_grm_std_uni,2,5.279807090759277,-6.864714622497559,1
Clemson_p111_c1_grm_std_uni,2,5.1720476150512695,-6.123144149780273,1
Clemson_p111_c1_grm_std_uni,1,4.8714141845703125,-5.682553768157959,1
Clemson_p111_c1_grm_std_uni,1,4.681933879852295,-5.428554058074951,1
Clemson_p111_c1_grm_std_uni,1,4.595869541168213,-5.244139194488525,1
Clemson_p111_c1_grm_std_uni,1,4.551301002502441,-5.133712291717529,1
Clemson_p111_c1_grm_std_uni,1,4.489024639129639,-5.08249568939209,1
Clemson_p111_c1_grm_std_uni,1,4.463845252990723,-5.102724552154541,1
Clemson_p111_c1_grm_std_uni,1,4.438844680786133,-5.092050075531006,1
Clemson_p111_c1_grm_std_uni,1,4.397576332092285,-5.057488918304443,1
Clemson_p111_c1_grm_std_uni,1,4.345300674438477,-4.987167835235596,1
Clemson_p111_c1_grm_std_uni,1,4.325374126434326,-4.978744029998779,1
Clemson_p111_c1_grm_std_uni,1,4.269162654876709,-4.899327278137207,1
Clemson_p111_c1_grm_std_uni,1,4.21427583694458,-4.80068302154541,1
Clemson_p111_c1_grm_std_uni,1,4.195876598358154,-4.741199970245361,1
Clemson_p111_c1_grm_std_uni,1,4.15956974029541,-4.636626720428467,1
Clemson_p111_c1_grm_std_uni,1,4.150606155395508,-4.57959508895874,1
Clemson_p111_c1_grm_std_uni,1,4.1131415367126465,-4.481277942657471,1
Clemson_p111_c1_grm_std_uni,1,4.032063961029053,-4.364035129547119,1
Clemson_p111_c1_grm_std_uni,1,4.050837993621826,-4.3976521492004395,1
Clemson_p111_c1_grm_std_uni,1,4.051431179046631,-4.437122821807861,1
Clemson_p111_c1_grm_std_uni,1,4.040273189544678,-4.473173141479492,1
Clemson_p111_c1_grm_std_uni,1,4.033514976501465,-4.519110679626465,1
Clemson_p111_c1_grm_std_uni,1,3.98819899559021,-4.537991046905518,1
Clemson_p111_c1_grm_std_uni,1,3.8711907863616943,-4.49866247177124,1
Clemson_p111_c1_grm_std_uni,1,3.896580696105957,-4.658219337463379,1
Clemson_p111_c1_grm_std_uni,1,4.115631580352783,-4.9878363609313965,1
Clemson_p111_c1_grm_std_uni,1,4.224424839019775,-5.137548923492432,1
Clemson_p111_c1_grm_std_uni,1,4.155470848083496,-5.07918643951416,1
Clemson_p111_c1_grm_std_uni,1,4.1020731925964355,-4.98969030380249,1
Clemson_p111_c1_grm_std_uni,1,4.043482303619385,-4.876807689666748,1
Clemson_p111_c1_grm_std_uni,1,4.0091657638549805,-4.788449287414551,1
Clemson_p111_c1_grm_std_uni,1,3.980475902557373,-4.710214614868164,1
Clemson_p111_c1_grm_std_uni,1,3.9231767654418945,-4.6230788230896,1
Clemson_p111_c1_grm_std_uni,1,3.886768102645874,-4.568511486053467,1
Clemson_p111_c1_grm_std_uni,1,3.882657766342163,-4.552084445953369,1
Clemson_p111_c1_grm_std_uni,1,3.884246826171875,-4.546804904937744,1
Clemson_p111_c1_grm_std_uni,1,3.8408091068267822,-4.552711009979248,1
Clemson_p111_c1_grm_std_uni,1,3.77950382232666,-4.523078918457031,1
Clemson_p111_c1_grm_std_uni,1,3.7745821475982666,-4.5141682624816895,1
Clemson_p111_c1_grm_std_uni,1,3.806574583053589,-4.500170707702637,1
Clemson_p111_c1_grm_std_uni,1,3.9199254512786865,-4.470948219299316,1
Clemson_p111_c1_grm_std_uni,1,3.8392627239227295,-4.172882556915283,1
Clemson_p111_c1_grm_std_uni,1,3.6289291381835938,-3.5706281661987305,1
Clemson_p111_c1_grm_std_uni,1,3.3867850303649902,-3.090834856033325,1
Clemson_p111_c1_grm_std_uni,1,3.263859987258911,-2.8501956462860107,1
Clemson_p111_c1_grm_std_uni,1,3.3960673809051514,-2.7211315631866455,1
Clemson_p111_c1_grm_std_uni,1,3.522498369216919,-2.7460250854492188,1
Clemson_p111_c1_grm_std_uni,1,3.535954713821411,-2.901427745819092,1
Clemson_p111_c1_grm_std_uni,1,3.7066409587860107,-3.3052186965942383,1
Clemson_p111_c1_grm_std_uni,1,3.95988130569458,-3.822913408279419,1
Clemson_p111_c1_grm_std_uni,1,3.9625117778778076,-4.005946159362793,1
Clemson_p111_c1_grm_std_uni,1,3.8126041889190674,-3.7544126510620117,1
Clemson_p111_c1_grm_std_uni,1,3.577507495880127,-3.3281426429748535,1
Clemson_p111_c1_grm_std_uni,1,3.5793182849884033,-3.3597497940063477,1
Clemson_p111_c1_grm_std_uni,1,3.692047595977783,-3.7153327465057373,1
Clemson_p111_c1_grm_std_uni,1,3.7606289386749268,-3.840459108352661,1
Clemson_p111_c1_grm_std_uni,1,3.796234130859375,-3.923889398574829,1
Clemson_p111_c1_grm_std_uni,1,3.4572293758392334,-3.953775644302368,1
Clemson_p111_c1_grm_std_uni,2,2.912104845046997,-3.7029991149902344,1
Clemson_p111_c1_grm_std_uni,2,3.480522394180298,-4.377817630767822,1
Clemson_p111_c1_grm_std_uni,2,5.013655185699463,-5.659070014953613,1
Clemson_p111_c1_grm_std_uni,2,5.347570419311523,-5.9452595710754395,1
Clemson_p111_c1_grm_std_uni,2,5.31361722946167,-5.603587627410889,1
Clemson_p111_c1_grm_std_uni,2,5.283829689025879,-5.43003511428833,1
Clemson_p111_c1_grm_std_uni,2,5.186108112335205,-5.377561092376709,1
Clemson_p111_c1_grm_std_uni,2,5.021383762359619,-5.29201078414917,1
Clemson_p111_c1_grm_std_uni,2,4.784427165985107,-5.180871486663818,1
Clemson_p111_c1_grm_std_uni,2,4.504485130310059,-5.003469467163086,1
Clemson_p111_c1_grm_std_uni,2,4.2334160804748535,-4.782739639282227,1
Clemson_p111_c1_grm_std_uni,2,4.181555271148682,-4.778085708618164,1
Clemson_p111_c1_grm_std_uni,2,3.5212934017181396,-3.978919506072998,1
Clemson_p111_c1_grm_std_uni,1,-0.9518539309501648,1.482499361038208,2
Clemson_p111_c1_grm_std_uni,1,-1.685459017753601,1.89239501953125,1
Clemson_p111_c1_grm_std_uni,1,3.241629123687744,-4.3057332038879395,1
Clemson_p111_c1_grm_std_uni,1,4.850085258483887,-6.355978965759277,1
Clemson_p111_c1_grm_std_uni,1,5.012062072753906,-6.751337051391602,1
Clemson_p111_c1_grm_std_uni,1,5.069794654846191,-6.769903182983398,1
Clemson_p111_c1_grm_std_uni,1,5.6816086769104,-7.081515789031982,1
Clemson_p111_c1_grm_std_uni,1,6.108607292175293,-6.325006484985352,1
Clemson_p111_c1_grm_std_uni,1,6.257102966308594,-6.4820170402526855,1
Clemson_p111_c1_grm_std_uni,1,6.189176559448242,-6.654121398925781,1
Clemson_p111_c1_grm_std_uni,1,6.271377086639404,-6.804945945739746,1
Clemson_p111_c1_grm_std_uni,1,6.052257061004639,-6.59499979019165,1
Clemson_p111_c1_grm_std_uni,1,6.356420040130615,-7.263148307800293,1
Clemson_p111_c1_grm_std_uni,1,6.455371379852295,-7.698262691497803,1
Clemson_p111_c1_grm_std_uni,1,5.966259479522705,-6.996720790863037,1
Clemson_p111_c1_grm_std_uni,1,5.8253560066223145,-6.85866641998291,1
Clemson_p111_c1_grm_std_uni,1,5.7661662101745605,-6.929504871368408,1
Clemson_p111_c1_grm_std_uni,1,5.6036601066589355,-6.40292501449585,1
Clemson_p111_c1_grm_std_uni,1,5.345346450805664,-5.9348273277282715,1
Clemson_p111_c1_grm_std_uni,1,5.368840217590332,-5.8541388511657715,1
Clemson_p111_c1_grm_std_uni,1,5.457563400268555,-5.766168117523193,1
Clemson_p111_c1_grm_std_uni,1,5.3422040939331055,-5.7003607749938965,1
Clemson_p111_c1_grm_std_uni,1,5.2673444747924805,-5.6469902992248535,1
Clemson_p111_c1_grm_std_uni,1,5.271441459655762,-5.6339192390441895,1
Clemson_p111_c1_grm_std_uni,1,5.280791759490967,-5.656594276428223,1
Clemson_p111_c1_grm_std_uni,1,5.264920711517334,-5.681528091430664,1
Clemson_p111_c1_grm_std_uni,1,5.198042869567871,-5.611905574798584,1
Clemson_p111_c1_grm_std_uni,1,4.994356155395508,-5.243404865264893,1
Clemson_p111_c1_grm_std_uni,1,4.343213081359863,-4.5654988288879395,1
Clemson_p111_c1_grm_std_uni,1,4.7547688484191895,-5.0603837966918945,1
Clemson_p111_c1_grm_std_uni,1,5.795474052429199,-6.187905788421631,1
Clemson_p111_c1_grm_std_uni,1,6.125706672668457,-6.480937480926514,1
Clemson_p111_c1_grm_std_uni,1,6.062067985534668,-6.373716831207275,1
Clemson_p111_c1_grm_std_uni,1,5.954362392425537,-6.237590312957764,1
Clemson_p111_c1_grm_std_uni,1,5.913801670074463,-6.198786735534668,1
Clemson_p111_c1_grm_std_uni,1,6.013339042663574,-6.327835559844971,1
Clemson_p111_c1_grm_std_uni,1,6.042983531951904,-6.363218307495117,1
Clemson_p111_c1_grm_std_uni,1,5.970571041107178,-6.3026862144470215,1
Clemson_p111_c1_grm_std_uni,1,5.898112773895264,-6.267062187194824,1
Clemson_p111_c1_grm_std_uni,1,5.7743916511535645,-6.173778057098389,1
Clemson_p111_c1_grm_std_uni,1,5.972156047821045,-6.429953098297119,1
Clemson_p111_c1_grm_std_uni,1,6.1614789962768555,-6.624917984008789,1
Clemson_p111_c1_grm_std_uni,1,6.1656575202941895,-6.6026530265808105,1
Clemson_p111_c1_grm_std_uni,1,6.061514854431152,-6.4970622062683105,1
Clemson_p111_c1_grm_std_uni,1,5.930540084838867,-6.365139484405518,1
Clemson_p111_c1_grm_std_uni,1,5.691282272338867,-6.128448963165283,1
Clemson_p111_c1_grm_std_uni,1,5.5513715744018555,-5.979957580566406,1
Clemson_p111_c1_grm_std_uni,1,5.425994873046875,-5.838197708129883,1
Clemson_p111_c1_grm_std_uni,1,4.843569278717041,-5.245520114898682,1
Clemson_p111_c1_grm_std_uni,1,4.948820114135742,-5.343182563781738,1
Clemson_p111_c1_grm_std_uni,1,5.1424431800842285,-5.470442295074463,1
Clemson_p111_c1_grm_std_uni,1,5.229179382324219,-5.531808853149414,1
Clemson_p111_c1_grm_std_uni,1,5.167643070220947,-5.502066612243652,1
Clemson_p111_c1_grm_std_uni,1,5.444128036499023,-5.838618755340576,1
Clemson_p111_c1_grm_std_uni,1,5.631103515625,-6.031575679779053,1
Clemson_p111_c1_grm_std_uni,1,5.644765377044678,-6.031632423400879,1
Clemson_p111_c1_grm_std_uni,1,5.5894856452941895,-5.98553466796875,1
Clemson_p111_c1_grm_std_uni,1,5.446083068847656,-5.847934246063232,1
Clemson_p111_c1_grm_std_uni,1,5.447339057922363,-5.829352855682373,1
Clemson_p111_c1_grm_std_uni,1,5.443297863006592,-5.762908935546875,1
Clemson_p111_c1_grm_std_uni,1,5.374546527862549,-5.576372146606445,1
Clemson_p111_c1_grm_std_uni,1,5.413779258728027,-5.409912586212158,1
Clemson_p111_c1_grm_std_uni,1,5.598958492279053,-5.42233943939209,1
Clemson_p111_c1_grm_std_uni,1,5.087205410003662,-5.140153408050537,1
Clemson_p111_c1_grm_std_uni,1,4.324487686157227,-4.768606185913086,1
Clemson_p111_c1_grm_std_uni,1,3.542990207672119,-4.282815456390381,1
Clemson_p111_c1_grm_std_uni,1,3.2366485595703125,-3.875325918197632,1
Clemson_p111_c1_grm_std_uni,1,3.474853277206421,-3.973679780960083,1
Clemson_p111_c1_grm_std_uni,1,3.6916685104370117,-4.065306663513184,1
Clemson_p111_c1_grm_std_uni,1,3.9877076148986816,-4.433586120605469,1
Clemson_p111_c1_grm_std_uni,1,4.394293785095215,-5.014090538024902,1
Clemson_p111_c1_grm_std_uni,1,4.579304218292236,-5.40500545501709,1
Clemson_p111_c1_grm_std_uni,1,4.260880947113037,-5.069421768188477,1
Clemson_p111_c1_grm_std_uni,1,3.7966415882110596,-4.593232154846191,1
Clemson_p111_c1_grm_std_uni,1,3.0957722663879395,-3.7077252864837646,1
Clemson_p111_c1_grm_std_uni,1,2.272489070892334,-2.785914897918701,1
Clemson_p111_c1_grm_std_uni,1,3.589730978012085,-4.108582496643066,1
Clemson_p111_c1_grm_std_uni,1,5.0355424880981445,-5.522419452667236,1
Clemson_p111_c1_grm_std_uni,1,5.655195713043213,-6.1508941650390625,1
Clemson_p111_c1_grm_std_uni,1,5.64949893951416,-6.323429584503174,1
Clemson_p111_c1_grm_std_uni,1,5.446113586425781,-5.975588798522949,1
Clemson_p111_c1_grm_std_uni,1,3.4256980419158936,-3.551766872406006,1
Clemson_p111_c1_grm_std_uni,1,2.4592092037200928,-2.3231682777404785,1
Clemson_p111_c1_grm_std_uni,1,3.3009016513824463,-3.6684117317199707,1
Clemson_p111_c1_grm_std_uni,1,4.010786056518555,-5.392617225646973,1
Clemson_p111_c1_grm_std_uni,1,4.377885818481445,-6.083662033081055,1
Clemson_p111_c1_grm_std_uni,1,4.552990436553955,-5.729085445404053,1
Clemson_p111_c1_grm_std_uni,1,4.3835015296936035,-5.477487564086914,1
Clemson_p111_c1_grm_std_uni,1,3.727036714553833,-5.445370674133301,1
Clemson_p111_c1_grm_std_uni,1,4.215479850769043,-6.462637901306152,1
Clemson_p111_c1_grm_std_uni,1,4.582059860229492,-6.878860950469971,1
Clemson_p111_c1_grm_std_uni,1,4.59725284576416,-6.696897029876709,1
Clemson_p111_c1_grm_std_uni,1,4.467488765716553,-6.3194899559021,1
Clemson_p111_c1_grm_std_uni,1,4.373197555541992,-5.916626453399658,1
Clemson_p111_c1_grm_std_uni,1,4.194561958312988,-5.371368885040283,1
Clemson_p111_c1_grm_std_uni,1,3.7202529907226562,-4.6540398597717285,1
Clemson_p111_c1_grm_std_uni,1,2.673682451248169,-3.329453706741333,1
Clemson_p111_c1_grm_std_uni,1,1.7132644653320312,-2.7411179542541504,1
Clemson_p111_c1_grm_std_uni,1,2.102323055267334,-3.619096040725708,1
Clemson_p111_c1_grm_std_uni,1,2.7675445079803467,-3.8768410682678223,1
Clemson_p111_c1_grm_std_uni,1,2.6452488899230957,-3.5232598781585693,1
Clemson_p111_c1_grm_std_uni,1,2.656409978866577,-3.54256534576416,1
Clemson_p111_c1_grm_std_uni,1,2.849684000015259,-3.601702928543091,1
Clemson_p111_c1_grm_std_uni,1,3.538445472717285,-4.090456485748291,1
Clemson_p111_c1_grm_std_uni,1,3.454803705215454,-3.8120718002319336,1
Clemson_p111_c1_grm_std_uni,1,4.154324531555176,-4.558394908905029,1
Clemson_p111_c1_grm_std_uni,1,5.640459060668945,-6.456933975219727,1
Clemson_p111_c1_grm_std_uni,1,5.676175117492676,-6.7488932609558105,1
Clemson_p111_c1_grm_std_uni,1,5.018904685974121,-6.283130168914795,1
Clemson_p111_c1_grm_std_uni,1,2.5096120834350586,-3.148697853088379,1
Clemson_p111_c1_grm_std_uni,1,2.494438648223877,-2.8290398120880127,1
Clemson_p111_c1_grm_std_uni,1,3.327523708343506,-4.228711128234863,1
Clemson_p111_c1_grm_std_uni,1,4.552182197570801,-5.930671215057373,1
Clemson_p111_c1_grm_std_uni,1,5.009038925170898,-6.712275981903076,1
Clemson_p111_c1_grm_std_uni,1,5.408914566040039,-7.143968105316162,1
Clemson_p111_c1_grm_std_uni,1,5.933584690093994,-7.5531463623046875,1
Clemson_p111_c1_grm_std_uni,1,6.643588542938232,-7.955366611480713,1
Clemson_p111_c1_grm_std_uni,1,7.393274784088135,-8.032171249389648,1
Clemson_p111_c1_grm_std_uni,1,7.14932107925415,-7.758047580718994,1
Clemson_p111_c1_grm_std_uni,1,6.508214473724365,-7.493453502655029,1
Clemson_p111_c1_grm_std_uni,1,6.057417869567871,-7.460240364074707,1
Clemson_p111_c1_grm_std_uni,1,5.988390922546387,-7.6739277839660645,1
Clemson_p111_c1_grm_std_uni,1,5.825590133666992,-7.361110210418701,1
Clemson_p111_c1_grm_std_uni,1,5.036214828491211,-6.244500637054443,1
Clemson_p111_c1_grm_std_uni,1,5.576951503753662,-6.969005107879639,1
Clemson_p111_c1_grm_std_uni,1,6.247567653656006,-7.138180255889893,1
Clemson_p111_c1_grm_std_uni,1,6.012709617614746,-6.744868755340576,1
Clemson_p111_c1_grm_std_uni,1,5.706923961639404,-6.61149787902832,1
Clemson_p111_c1_grm_std_uni,1,5.317662715911865,-6.401172161102295,1
Clemson_p111_c1_grm_std_uni,1,4.809147357940674,-5.814734935760498,1
Clemson_p111_c1_grm_std_uni,1,4.693716526031494,-5.405873775482178,1
Clemson_p111_c1_grm_std_uni,1,4.921684741973877,-5.322797775268555,1
Clemson_p111_c1_grm_std_uni,1,2.8114497661590576,-2.9550065994262695,1
Clemson_p111_c1_grm_std_uni,1,1.598633050918579,-1.9906704425811768,1
Clemson_p111_c1_grm_std_uni,1,3.8727381229400635,-5.109823226928711,1
Clemson_p111_c1_grm_std_uni,1,4.536147117614746,-6.060910701751709,1
Clemson_p111_c1_grm_std_uni,1,6.0736188888549805,-7.055461406707764,1
Clemson_p111_c1_grm_std_uni,1,6.8883256912231445,-7.289992332458496,1
Clemson_p111_c1_grm_std_uni,1,7.084256172180176,-7.383615493774414,1
Clemson_p111_c1_grm_std_uni,1,6.733128070831299,-7.055794715881348,1
Clemson_p111_c1_grm_std_uni,1,6.0066447257995605,-6.6438889503479,1
Clemson_p111_c1_grm_std_uni,1,5.195044994354248,-6.161303520202637,1
Clemson_p111_c1_grm_std_uni,1,4.739293575286865,-5.760285377502441,1
Clemson_p111_c1_grm_std_uni,1,4.227810859680176,-4.77094030380249,1
Clemson_p111_c1_grm_std_uni,1,4.122288227081299,-4.15244722366333,1
Clemson_p111_c1_grm_std_uni,1,3.5771095752716064,-3.7133584022521973,1
Clemson_p111_c1_grm_std_uni,1,3.217515230178833,-3.4618756771087646,1
Clemson_p111_c1_grm_std_uni,1,3.6618754863739014,-4.204810619354248,1
Clemson_p111_c1_grm_std_uni,1,4.391516208648682,-5.211095809936523,1
Clemson_p111_c1_grm_std_uni,1,4.517441749572754,-5.102219581604004,1
Clemson_p111_c1_grm_std_uni,1,4.260807037353516,-4.731614589691162,1
Clemson_p111_c1_grm_std_uni,1,4.0413618087768555,-4.466264724731445,1
Clemson_p111_c1_grm_std_uni,1,4.025941371917725,-4.404231548309326,1
Clemson_p111_c1_grm_std_uni,1,4.05970573425293,-4.307131767272949,1
Clemson_p111_c1_grm_std_uni,1,3.9021551609039307,-3.983262062072754,1
Clemson_p111_c1_grm_std_uni,1,3.2212932109832764,-3.247624158859253,1
Clemson_p111_c1_grm_std_uni,1,2.8959453105926514,-2.909794807434082,1
Clemson_p111_c1_grm_std_uni,1,3.1997323036193848,-3.17244553565979,1
Clemson_p111_c1_grm_std_uni,1,3.3593924045562744,-3.3302574157714844,1
Clemson_p111_c1_grm_std_uni,1,3.684499979019165,-3.7113282680511475,1
Clemson_p111_c1_grm_std_uni,1,3.9516234397888184,-4.024919033050537,1
Clemson_p111_c1_grm_std_uni,1,4.38311243057251,-4.444362163543701,1
Clemson_p111_c1_grm_std_uni,1,4.485659599304199,-4.502976894378662,1
Clemson_p111_c1_grm_std_uni,1,3.9838061332702637,-4.026416301727295,1
Clemson_p111_c1_grm_std_uni,1,3.7548727989196777,-3.9159395694732666,1
Clemson_p111_c1_grm_std_uni,1,3.943044900894165,-4.128193378448486,1
Clemson_p111_c1_grm_std_uni,1,4.170118808746338,-4.219054698944092,1
Clemson_p111_c1_grm_std_uni,1,4.336144924163818,-4.235722541809082,1
Clemson_p111_c1_grm_std_uni,1,4.312911033630371,-4.188477993011475,1
Clemson_p111_c1_grm_std_uni,1,4.250576496124268,-4.121251583099365,1
Clemson_p111_c1_grm_std_uni,1,4.233088493347168,-4.143263816833496,1
Clemson_p111_c1_grm_std_uni,1,4.213747024536133,-4.173973083496094,1
Clemson_p111_c1_grm_std_uni,1,3.526897430419922,-3.4987478256225586,1
Clemson_p111_c1_grm_std_uni,1,2.5911002159118652,-2.7516560554504395,1
Clemson_p111_c1_grm_std_uni,1,3.9085309505462646,-4.167702674865723,1
Clemson_p111_c1_grm_std_uni,1,5.664166450500488,-5.990643501281738,1
Clemson_p111_c1_grm_std_uni,1,5.9424638748168945,-6.253720760345459,1
Clemson_p111_c1_grm_std_uni,1,5.8972578048706055,-6.1679606437683105,1
Clemson_p111_c1_grm_std_uni,1,5.669300556182861,-5.837369441986084,1
Clemson_p111_c1_grm_std_uni,1,5.668524265289307,-5.871232986450195,1
Clemson_p111_c1_grm_std_uni,1,5.771905422210693,-6.0420331954956055,1
Clemson_p111_c1_grm_std_uni,1,5.931000709533691,-6.258843421936035,1
Clemson_p111_c1_grm_std_uni,1,6.0437517166137695,-6.4164910316467285,1
Clemson_p111_c1_grm_std_uni,1,6.048449993133545,-6.4703898429870605,1
Clemson_p111_c1_grm_std_uni,1,6.116087913513184,-6.585968494415283,1
Clemson_p111_c1_grm_std_uni,1,6.203665256500244,-6.6638641357421875,1
Clemson_p111_c1_grm_std_uni,1,6.177361488342285,-6.619359493255615,1
Clemson_p111_c1_grm_std_uni,1,6.057423114776611,-6.473037242889404,1
Clemson_p111_c1_grm_std_uni,1,5.93141508102417,-6.358595848083496,1
Clemson_p111_c1_grm_std_uni,1,5.8752217292785645,-6.260134696960449,1
Clemson_p111_c1_grm_std_uni,1,5.857400894165039,-6.1637468338012695,1
Clemson_p111_c1_grm_std_uni,1,5.596739292144775,-5.8381667137146,1
Clemson_p111_c1_grm_std_uni,1,5.6243767738342285,-5.882786750793457,1
Clemson_p111_c1_grm_std_uni,1,5.645602703094482,-5.9164323806762695,1
Clemson_p111_c1_grm_std_uni,1,5.529930591583252,-5.8089494705200195,1
Clemson_p111_c1_grm_std_uni,1,5.439791202545166,-5.77824592590332,1
Clemson_p111_c1_grm_std_uni,1,5.53618049621582,-5.9199934005737305,1
Clemson_p111_c1_grm_std_uni,1,5.828372001647949,-6.231366157531738,1
Clemson_p111_c1_grm_std_uni,1,5.773529052734375,-6.18994665145874,1
Clemson_p111_c1_grm_std_uni,1,5.722102165222168,-6.184885025024414,1
Clemson_p111_c1_grm_std_uni,1,5.9206061363220215,-6.406400203704834,1
Clemson_p111_c1_grm_std_uni,1,5.911038875579834,-6.346930027008057,1
Clemson_p111_c1_grm_std_uni,1,5.762939929962158,-6.143574237823486,1
Clemson_p111_c1_grm_std_uni,1,5.693470478057861,-6.052131175994873,1
Clemson_p111_c1_grm_std_uni,1,5.509919166564941,-5.854124069213867,1
Clemson_p111_c1_grm_std_uni,1,5.5233049392700195,-5.838700771331787,1
Clemson_p111_c1_grm_std_uni,1,5.671933650970459,-5.972891330718994,1
Clemson_p111_c1_grm_std_uni,1,5.676612854003906,-5.96046257019043,1
Clemson_p111_c1_grm_std_uni,1,5.655884742736816,-5.945496082305908,1
Clemson_p111_c1_grm_std_uni,1,5.667936325073242,-5.970419883728027,1
Clemson_p111_c1_grm_std_uni,1,5.6703596115112305,-5.9832282066345215,1
Clemson_p111_c1_grm_std_uni,1,5.633527755737305,-5.959374904632568,1
Clemson_p111_c1_grm_std_uni,1,5.681601047515869,-6.029290199279785,1
Clemson_p111_c1_grm_std_uni,1,5.848925590515137,-6.224467754364014,1
Clemson_p111_c1_grm_std_uni,1,5.805701732635498,-6.201859474182129,1
Clemson_p111_c1_grm_std_uni,1,5.768256187438965,-6.189194202423096,1
Clemson_p111_c1_grm_std_uni,1,5.804818630218506,-6.254582405090332,1
Clemson_p111_c1_grm_std_uni,1,5.789305686950684,-6.2574462890625,1
Clemson_p111_c1_grm_std_uni,1,5.819823265075684,-6.317789077758789,1
Clemson_p111_c1_grm_std_uni,1,5.921550273895264,-6.43083381652832,1
Clemson_p111_c1_grm_std_uni,1,5.94481086730957,-6.447975158691406,1
Clemson_p111_c1_grm_std_uni,1,5.875475883483887,-6.37078857421875,1
Clemson_p111_c1_grm_std_uni,1,5.713066101074219,-6.206819534301758,1
Clemson_p111_c1_grm_std_uni,1,5.461094856262207,-6.008852005004883,1
Clemson_p111_c1_grm_std_uni,1,5.510549545288086,-6.120453357696533,1
Clemson_p111_c1_grm_std_uni,1,5.953439235687256,-6.540340900421143,1
Clemson_p111_c1_grm_std_uni,1,6.004875183105469,-6.591485977172852,1
Clemson_p111_c1_grm_std_uni,1,6.006642818450928,-6.604985237121582,1
Clemson_p111_c1_grm_std_uni,1,6.031458854675293,-6.631981372833252,1
Clemson_p111_c1_grm_std_uni,1,6.007861137390137,-6.601763725280762,1
Clemson_p111_c1_grm_std_uni,1,5.931586742401123,-6.515008449554443,1
Clemson_p111_c1_grm_std_uni,1,5.79425048828125,-6.385867118835449,1
Clemson_p111_c1_grm_std_uni,1,5.681536674499512,-6.287866592407227,1
Clemson_p111_c1_grm_std_uni,1,5.8486008644104,-6.428888320922852,1
Clemson_p111_c1_grm_std_uni,1,5.9481329917907715,-6.455633163452148,1
Clemson_p111_c1_grm_std_uni,1,5.927229404449463,-6.386358261108398,1
Clemson_p111_c1_grm_std_uni,1,5.795656681060791,-6.243069648742676,1
Clemson_p111_c1_grm_std_uni,1,5.639208793640137,-6.09535026550293,1
Clemson_p111_c1_grm_std_uni,1,5.559290885925293,-6.025778293609619,1
Clemson_p111_c1_grm_std_uni,1,5.539484024047852,-6.008225440979004,1
Clemson_p111_c1_grm_std_uni,1,5.499619007110596,-5.985306739807129,1
Clemson_p111_c1_grm_std_uni,1,5.457081317901611,-5.979736804962158,1
Clemson_p111_c1_grm_std_uni,1,5.4469990730285645,-6.021581172943115,1
Clemson_p111_c1_grm_std_uni,1,5.372787952423096,-6.005948543548584,1
Clemson_p111_c1_grm_std_uni,1,5.3758320808410645,-6.063203811645508,1
Clemson_p111_c1_grm_std_uni,1,5.461302280426025,-6.178557395935059,1
Clemson_p111_c1_grm_std_uni,1,5.512260437011719,-6.240943908691406,1
Clemson_p111_c1_grm_std_uni,1,5.515700340270996,-6.25925874710083,1
Clemson_p111_c1_grm_std_uni,1,5.441284656524658,-6.197494983673096,1
Clemson_p111_c1_grm_std_uni,1,5.376393795013428,-6.129209041595459,1
Clemson_p111_c1_grm_std_uni,1,5.352720737457275,-6.093991756439209,1
Clemson_p111_c1_grm_std_uni,1,5.290771961212158,-6.019643783569336,1
Clemson_p111_c1_grm_std_uni,1,5.336541652679443,-6.046329975128174,1
Clemson_p111_c1_grm_std_uni,1,5.390139102935791,-6.101992130279541,1
Clemson_p111_c1_grm_std_uni,1,5.232247352600098,-5.9325056076049805,1
Clemson_p111_c1_grm_std_uni,1,4.735720157623291,-5.407135009765625,1
Clemson_p111_c1_grm_std_uni,1,4.903229713439941,-5.465521335601807,1
Clemson_p111_c1_grm_std_uni,1,5.368239879608154,-5.765246868133545,1
Clemson_p111_c1_grm_std_uni,1,4.991537094116211,-5.384945392608643,1
Clemson_p111_c1_grm_std_uni,1,4.615729808807373,-5.017019271850586,1
Clemson_p111_c1_grm_std_uni,1,4.769510269165039,-5.165167808532715,1
Clemson_p111_c1_grm_std_uni,1,5.037211894989014,-5.380568027496338,1
Clemson_p111_c1_grm_std_uni,1,5.0622172355651855,-5.451075553894043,1
Clemson_p111_c1_grm_std_uni,1,5.110852241516113,-5.5262322425842285,1
Clemson_p111_c1_grm_std_uni,1,5.105122089385986,-5.517858982086182,1
Clemson_p111_c1_grm_std_uni,1,5.149710178375244,-5.576985836029053,1
Clemson_p111_c1_grm_std_uni,1,5.115375995635986,-5.5613298416137695,1
Clemson_p111_c1_grm_std_uni,1,5.23557186126709,-5.692544460296631,1
Clemson_p111_c1_grm_std_uni,1,5.479371070861816,-5.896384239196777,1
Clemson_p111_c1_grm_std_uni,1,5.637327194213867,-5.998707294464111,1
Clemson_p111_c1_grm_std_uni,1,5.619081497192383,-5.96022891998291,1
Clemson_p111_c1_grm_std_uni,1,5.516087532043457,-5.861227512359619,1
Clemson_p111_c1_grm_std_uni,1,5.438897132873535,-5.789166450500488,1
Clemson_p111_c1_grm_std_uni,1,5.41021203994751,-5.770744323730469,1
Clemson_p111_c1_grm_std_uni,1,5.365687370300293,-5.741744041442871,1
Clemson_p111_c1_grm_std_uni,1,5.5041375160217285,-5.8838629722595215,1
Clemson_p111_c1_grm_std_uni,1,5.64998197555542,-6.0137152671813965,1
Clemson_p111_c1_grm_std_uni,1,5.690840721130371,-6.039941787719727,1
Clemson_p111_c1_grm_std_uni,1,5.560805797576904,-5.921928882598877,1
Clemson_p111_c1_grm_std_uni,1,5.465487957000732,-5.8338847160339355,1
Clemson_p111_c1_grm_std_uni,1,5.3384528160095215,-5.745581150054932,1
Clemson_p111_c1_grm_std_uni,1,5.170080184936523,-5.636897087097168,1
Clemson_p111_c1_grm_std_uni,1,5.021003246307373,-5.531636714935303,1
Clemson_p111_c1_grm_std_uni,1,5.022560119628906,-5.550488471984863,1
Clemson_p111_c1_grm_std_uni,1,5.107243061065674,-5.670623302459717,1
Clemson_p111_c1_grm_std_uni,1,5.221377372741699,-5.826986789703369,1
Clemson_p111_c1_grm_std_uni,1,5.282848834991455,-5.92263126373291,1
Clemson_p111_c1_grm_std_uni,1,5.297194957733154,-5.949185371398926,1
Clemson_p111_c1_grm_std_uni,1,5.3071608543396,-5.966000556945801,1
Clemson_p111_c1_grm_std_uni,1,5.303343296051025,-5.962752819061279,1
Clemson_p111_c1_grm_std_uni,1,5.398774147033691,-6.052540302276611,1
Clemson_p111_c1_grm_std_uni,1,5.589450359344482,-6.215800762176514,1
Clemson_p111_c1_grm_std_uni,1,5.518819332122803,-6.1355438232421875,1
Clemson_p111_c1_grm_std_uni,1,5.390351295471191,-6.020684242248535,1
Clemson_p111_c1_grm_std_uni,1,5.212557792663574,-5.857841491699219,1
Clemson_p111_c1_grm_std_uni,1,5.12667179107666,-5.758845806121826,1
Clemson_p111_c1_grm_std_uni,1,5.090500354766846,-5.718728542327881,1
Clemson_p111_c1_grm_std_uni,1,5.0908684730529785,-5.699715614318848,1
Clemson_p111_c1_grm_std_uni,1,5.078226089477539,-5.6876325607299805,1
Clemson_p111_c1_grm_std_uni,1,5.147483825683594,-5.791870594024658,1
Clemson_p111_c1_grm_std_uni,1,5.037146091461182,-5.699769020080566,1
Clemson_p111_c1_grm_std_uni,1,4.968428611755371,-5.6273512840271,1
Clemson_p111_c1_grm_std_uni,1,4.95920991897583,-5.617671012878418,1
Clemson_p111_c1_grm_std_uni,1,5.063482761383057,-5.741697311401367,1
Clemson_p111_c1_grm_std_uni,1,5.061532020568848,-5.756927013397217,1
Clemson_p111_c1_grm_std_uni,1,5.116225719451904,-5.812680244445801,1
Clemson_p111_c1_grm_std_uni,1,5.17140007019043,-5.87479829788208,1
Clemson_p111_c1_grm_std_uni,1,5.255049705505371,-5.967888355255127,1
Clemson_p111_c1_grm_std_uni,1,5.298614978790283,-6.03162145614624,1
Clemson_p111_c1_grm_std_uni,1,5.376690864562988,-6.129879474639893,1
Clemson_p111_c1_grm_std_uni,1,5.326286315917969,-6.087165355682373,1
Clemson_p111_c1_grm_std_uni,1,5.270270824432373,-6.01933479309082,1
Clemson_p111_c1_grm_std_uni,1,5.283935070037842,-6.023833274841309,1
Clemson_p111_c1_grm_std_uni,1,5.28044319152832,-6.020318984985352,1
Clemson_p111_c1_grm_std_uni,1,5.265032768249512,-6.011570930480957,1
Clemson_p111_c1_grm_std_uni,1,5.270845413208008,-6.02683162689209,1
Clemson_p111_c1_grm_std_uni,1,5.2438530921936035,-6.006728172302246,1
Clemson_p111_c1_grm_std_uni,1,5.2261061668396,-6.010468006134033,1
Clemson_p111_c1_grm_std_uni,1,5.376552104949951,-6.184266567230225,1
Clemson_p111_c1_grm_std_uni,1,5.493278980255127,-6.3220534324646,1
Clemson_p111_c1_grm_std_uni,1,5.546740531921387,-6.386052131652832,1
Clemson_p111_c1_grm_std_uni,1,5.579801082611084,-6.417699813842773,1
Clemson_p111_c1_grm_std_uni,1,5.663661003112793,-6.492438793182373,1
Clemson_p111_c1_grm_std_uni,1,5.729012489318848,-6.543226718902588,1
Clemson_p111_c1_grm_std_uni,1,5.757024765014648,-6.549561023712158,1
Clemson_p111_c1_grm_std_uni,1,5.810666084289551,-6.571461200714111,1
Clemson_p111_c1_grm_std_uni,1,5.883662700653076,-6.606209754943848,1
Clemson_p111_c1_grm_std_uni,1,5.906149387359619,-6.60078239440918,1
Clemson_p111_c1_grm_std_uni,1,5.866880416870117,-6.547859191894531,1
Clemson_p111_c1_grm_std_uni,1,5.789039134979248,-6.467589855194092,1
Clemson_p111_c1_grm_std_uni,1,5.7642035484313965,-6.438601493835449,1
Clemson_p111_c1_grm_std_uni,1,5.902293682098389,-6.541494846343994,1
Clemson_p111_c1_grm_std_uni,1,5.914836406707764,-6.514057636260986,1
Clemson_p111_c1_grm_std_uni,1,5.784336566925049,-6.362382411956787,1
Clemson_p111_c1_grm_std_uni,1,5.692019939422607,-6.257901668548584,1
Clemson_p111_c1_grm_std_uni,1,5.638424396514893,-6.1779069900512695,1
Clemson_p111_c1_grm_std_uni,1,5.6148247718811035,-6.109513282775879,1
Clemson_p111_c1_grm_std_uni,1,5.510104179382324,-5.974027156829834,1
Clemson_p111_c1_grm_std_uni,1,5.3216376304626465,-5.807943820953369,1
Clemson_p111_c1_grm_std_uni,1,5.157646656036377,-5.707998275756836,1
Clemson_p111_c1_grm_std_uni,1,5.084047317504883,-5.695778846740723,1
Clemson_p111_c1_grm_std_uni,1,5.060530185699463,-5.720551013946533,1
Clemson_p111_c1_grm_std_uni,1,5.062891483306885,-5.764718532562256,1
Clemson_p111_c1_grm_std_uni,1,5.0139007568359375,-5.727354049682617,1
Clemson_p111_c1_grm_std_uni,1,4.964106559753418,-5.677511215209961,1
Clemson_p111_c1_grm_std_uni,1,4.979903221130371,-5.71651554107666,1
Clemson_p111_c1_grm_std_uni,1,4.979606628417969,-5.746946811676025,1
Clemson_p111_c1_grm_std_uni,1,4.894018173217773,-5.735262870788574,1
Clemson_p111_c1_grm_std_uni,1,5.027099132537842,-5.922962665557861,1
Clemson_p111_c1_grm_std_uni,1,5.132232666015625,-6.029129981994629,1
Clemson_p111_c1_grm_std_uni,1,5.267360210418701,-6.108540058135986,1
Clemson_p111_c1_grm_std_uni,1,5.3664727210998535,-6.119561672210693,1
Clemson_p111_c1_grm_std_uni,1,5.292412757873535,-6.000115394592285,1
Clemson_p111_c1_grm_std_uni,1,5.107816696166992,-5.804013252258301,1
Clemson_p111_c1_grm_std_uni,1,5.036611080169678,-5.729669570922852,1
Clemson_p111_c1_grm_std_uni,1,5.052479267120361,-5.740250110626221,1
Clemson_p111_c1_grm_std_uni,1,5.120469093322754,-5.802611351013184,1
Clemson_p111_c1_grm_std_uni,1,5.2512593269348145,-5.92919397354126,1
Clemson_p111_c1_grm_std_uni,1,5.325299263000488,-5.99494743347168,1
Clemson_p111_c1_grm_std_uni,1,5.298315525054932,-5.960711479187012,1
Clemson_p111_c1_grm_std_uni,1,5.336287021636963,-5.992204189300537,1
Clemson_p111_c1_grm_std_uni,1,5.324039936065674,-5.956015110015869,1
Clemson_p111_c1_grm_std_uni,1,5.367149353027344,-5.947190284729004,1
Clemson_p111_c1_grm_std_uni,1,5.42539644241333,-5.920046329498291,1
Clemson_p111_c1_grm_std_uni,1,5.328557014465332,-5.744776248931885,1
Clemson_p111_c1_grm_std_uni,1,5.1196370124816895,-5.493236064910889,1
Clemson_p111_c1_grm_std_uni,1,5.176688194274902,-5.562043190002441,1
Clemson_p111_c1_grm_std_uni,1,5.09913444519043,-5.534788131713867,1
Clemson_p111_c1_grm_std_uni,1,5.05738639831543,-5.515752792358398,1
Clemson_p111_c1_grm_std_uni,1,5.253007411956787,-5.750280857086182,1
Clemson_p111_c1_grm_std_uni,1,5.5503668785095215,-6.065931797027588,1
Clemson_p111_c1_grm_std_uni,1,5.483763694763184,-6.0326924324035645,1
Clemson_p111_c1_grm_std_uni,1,5.422335624694824,-5.982241630554199,1
Clemson_p111_c1_grm_std_uni,1,5.375154495239258,-5.945920467376709,1
Clemson_p111_c1_grm_std_uni,1,5.2911481857299805,-5.885781288146973,1
Clemson_p111_c1_grm_std_uni,1,5.188691139221191,-5.81741189956665,1
Clemson_p111_c1_grm_std_uni,1,5.058279514312744,-5.717669486999512,1
Clemson_p111_c1_grm_std_uni,1,4.993388652801514,-5.662086486816406,1
Clemson_p111_c1_grm_std_uni,1,4.922558784484863,-5.596540451049805,1
Clemson_p111_c1_grm_std_uni,1,4.882089614868164,-5.542933940887451,1
Clemson_p111_c1_grm_std_uni,1,4.900719165802002,-5.569003582000732,1
Clemson_p111_c1_grm_std_uni,1,4.983561038970947,-5.685757637023926,1
Clemson_p111_c1_grm_std_uni,1,4.856916904449463,-5.58931827545166,1
Clemson_p111_c1_grm_std_uni,1,4.715057373046875,-5.428053855895996,1
Clemson_p111_c1_grm_std_uni,1,4.608826160430908,-5.267491817474365,1
Clemson_p111_c1_grm_std_uni,1,4.58662748336792,-5.199765682220459,1
Clemson_p111_c1_grm_std_uni,1,4.597542762756348,-5.197558403015137,1
Clemson_p111_c1_grm_std_uni,1,4.581245422363281,-5.191513538360596,1
Clemson_p111_c1_grm_std_uni,1,4.561110973358154,-5.179586410522461,1
Clemson_p111_c1_grm_std_uni,1,4.5602335929870605,-5.190686225891113,1
Clemson_p111_c1_grm_std_uni,1,4.596644401550293,-5.246201992034912,1
Clemson_p111_c1_grm_std_uni,1,4.635828018188477,-5.313302516937256,1
Clemson_p111_c1_grm_std_uni,1,4.687533855438232,-5.400061130523682,1
Clemson_p111_c1_grm_std_uni,1,4.767150402069092,-5.515679836273193,1
Clemson_p111_c1_grm_std_uni,1,4.820120811462402,-5.602999210357666,1
Clemson_p111_c1_grm_std_uni,1,4.832709312438965,-5.638864994049072,1
Clemson_p111_c1_grm_std_uni,1,4.836119651794434,-5.651116371154785,1
Clemson_p111_c1_grm_std_uni,1,4.80728816986084,-5.622954845428467,1
Clemson_p111_c1_grm_std_uni,1,4.741261005401611,-5.54404878616333,1
Clemson_p111_c1_grm_std_uni,1,4.679513454437256,-5.474935054779053,1
Clemson_p111_c1_grm_std_uni,1,4.674779415130615,-5.468826770782471,1
Clemson_p111_c1_grm_std_uni,1,4.608870029449463,-5.415139675140381,1
Clemson_p111_c1_grm_std_uni,1,4.624914646148682,-5.44194221496582,1
Clemson_p111_c1_grm_std_uni,1,4.6449785232543945,-5.477383136749268,1
Clemson_p111_c1_grm_std_uni,1,4.644242286682129,-5.492169380187988,1
Clemson_p111_c1_grm_std_uni,1,4.633434772491455,-5.4999918937683105,1
Clemson_p111_c1_grm_std_uni,1,4.57902193069458,-5.458635330200195,1
Clemson_p111_c1_grm_std_uni,1,4.506436824798584,-5.382989883422852,1
Clemson_p111_c1_grm_std_uni,1,4.465677261352539,-5.350791931152344,1
Clemson_p111_c1_grm_std_uni,1,4.475402355194092,-5.367605209350586,1
Clemson_p111_c1_grm_std_uni,1,4.423010349273682,-5.331253528594971,1
Clemson_p111_c1_grm_std_uni,1,4.37239933013916,-5.277405261993408,1
Clemson_p111_c1_grm_std_uni,1,4.23057222366333,-5.096946716308594,1
Clemson_p111_c1_grm_std_uni,1,4.135058403015137,-4.948591232299805,1
Clemson_p111_c1_grm_std_uni,1,4.056809425354004,-4.7823967933654785,1
Clemson_p111_c1_grm_std_uni,1,3.8236780166625977,-4.486038684844971,1
Clemson_p111_c1_grm_std_uni,1,3.9725143909454346,-4.649397373199463,1
Clemson_p111_c1_grm_std_uni,1,4.024627685546875,-4.733224391937256,1
Clemson_p111_c1_grm_std_uni,1,4.043715953826904,-4.7890825271606445,1
Clemson_p111_c1_grm_std_uni,1,4.033465385437012,-4.807555675506592,1
Clemson_p111_c1_grm_std_uni,1,3.9631032943725586,-4.759749412536621,1
Clemson_p111_c1_grm_std_uni,1,3.9874074459075928,-4.7904253005981445,1
Clemson_p111_c1_grm_std_uni,1,4.038044452667236,-4.868579387664795,1
Clemson_p111_c1_grm_std_uni,1,4.08290958404541,-4.957319259643555,1
Clemson_p111_c1_grm_std_uni,1,4.140561103820801,-5.04500675201416,1
Clemson_p111_c1_grm_std_uni,1,4.208564281463623,-5.135801315307617,1
Clemson_p111_c1_grm_std_uni,1,4.253273963928223,-5.20614767074585,1
Clemson_p111_c1_grm_std_uni,1,4.284906387329102,-5.263881206512451,1
Clemson_p111_c1_grm_std_uni,1,4.35944938659668,-5.36354923248291,1
Clemson_p111_c1_grm_std_uni,1,4.44860315322876,-5.478559494018555,1
Clemson_p111_c1_grm_std_uni,1,4.522331237792969,-5.567986965179443,1
Clemson_p111_c1_grm_std_uni,1,4.569126605987549,-5.620819568634033,1
Clemson_p111_c1_grm_std_uni,1,4.576180934906006,-5.623854637145996,1
Clemson_p111_c1_grm_std_uni,1,4.554224491119385,-5.583551406860352,1
Clemson_p111_c1_grm_std_uni,1,4.504547595977783,-5.511153697967529,1
Clemson_p111_c1_grm_std_uni,1,4.440592288970947,-5.44350004196167,1
Clemson_p111_c1_grm_std_uni,1,4.4044508934021,-5.375840663909912,1
Clemson_p111_c1_grm_std_uni,1,4.320075988769531,-5.225904941558838,1
Clemson_p111_c1_grm_std_uni,1,4.226205348968506,-4.921059608459473,1
Clemson_p111_c1_grm_std_uni,1,3.9508135318756104,-4.270636081695557,1
Clemson_p111_c1_grm_std_uni,1,3.8915929794311523,-3.9519550800323486,1
Clemson_p111_c1_grm_std_uni,1,4.005431652069092,-4.188273906707764,1
Clemson_p111_c1_grm_std_uni,1,3.686671018600464,-4.255205154418945,1
Clemson_p111_c1_grm_std_uni,1,3.5070812702178955,-4.312124252319336,1
Clemson_p111_c1_grm_std_uni,1,3.474090099334717,-4.282705307006836,1
Clemson_p111_c1_grm_std_uni,1,3.860053300857544,-4.676346302032471,1
Clemson_p111_c1_grm_std_uni,1,4.2496337890625,-4.964869976043701,1
Clemson_p111_c1_grm_std_uni,1,4.344032287597656,-4.858397483825684,1
Clemson_p111_c1_grm_std_uni,1,4.372288703918457,-4.765969276428223,1
Clemson_p111_c1_grm_std_uni,1,3.705915927886963,-3.8553543090820312,1
Clemson_p111_c1_grm_std_uni,1,3.9869425296783447,-4.288239002227783,1
Clemson_p111_c1_grm_std_uni,1,4.663567066192627,-5.200859546661377,1
Clemson_p111_c1_grm_std_uni,1,4.926979064941406,-5.575329303741455,1
Clemson_p111_c1_grm_std_uni,1,5.112664222717285,-5.462825298309326,1
Clemson_p111_c1_grm_std_uni,1,5.118983745574951,-4.953310489654541,1
Clemson_p111_c1_grm_std_uni,1,4.470108509063721,-4.322265625,1
Clemson_p111_c1_grm_std_uni,1,4.2983880043029785,-4.247967720031738,1
Clemson_p111_c1_grm_std_uni,1,4.420596599578857,-4.483802795410156,1
Clemson_p111_c1_grm_std_uni,1,4.125375747680664,-4.104275226593018,1
Clemson_p111_c1_grm_std_uni,1,3.8399534225463867,-3.8034257888793945,1
Clemson_p111_c1_grm_std_uni,1,3.8838934898376465,-3.961887836456299,1
Clemson_p111_c1_grm_std_uni,1,4.157022953033447,-4.425361156463623,1
Clemson_p111_c1_grm_std_uni,1,4.810085773468018,-4.981356143951416,1
Clemson_p111_c1_grm_std_uni,1,5.243216514587402,-5.396116733551025,1
Clemson_p111_c1_grm_std_uni,1,5.684031009674072,-5.822145938873291,1
Clemson_p111_c1_grm_std_uni,1,5.628390789031982,-5.631026268005371,1
Clemson_p111_c1_grm_std_uni,1,5.666691780090332,-5.642958641052246,1
Clemson_p111_c1_grm_std_uni,1,5.650198936462402,-5.6908040046691895,1
Clemson_p111_c1_grm_std_uni,1,5.301321506500244,-5.415848731994629,1
Clemson_p111_c1_grm_std_uni,1,5.39666748046875,-5.794127464294434,1
Clemson_p111_c1_grm_std_uni,1,5.346619129180908,-5.575490951538086,1
Clemson_p111_c1_grm_std_uni,1,5.28628396987915,-5.362155437469482,1
Clemson_p111_c1_grm_std_uni,1,4.9665069580078125,-5.083908557891846,1
Clemson_p111_c1_grm_std_uni,1,4.402895927429199,-4.532034397125244,1
Clemson_p111_c1_grm_std_uni,1,4.131064414978027,-4.139054298400879,1
Clemson_p111_c1_grm_std_uni,1,3.7644619941711426,-3.6536567211151123,1
Clemson_p111_c1_grm_std_uni,1,2.182570219039917,-0.718001663684845,1
Clemson_p111_c1_grm_std_uni,1,1.471778392791748,-1.4666023254394531,1
Clemson_p111_c1_grm_std_uni,1,2.809382200241089,-3.7579305171966553,1
Clemson_p111_c1_grm_std_uni,1,3.7261130809783936,-5.2810444831848145,1
Clemson_p111_c1_grm_std_uni,1,3.899562358856201,-5.4735822677612305,1
Clemson_p111_c1_grm_std_uni,1,4.214450359344482,-5.807878017425537,1
Clemson_p111_c1_grm_std_uni,1,4.150337219238281,-5.254722595214844,1
Clemson_p111_c1_grm_std_uni,1,4.6426496505737305,-5.366966724395752,1
Clemson_p111_c1_grm_std_uni,1,5.740530014038086,-6.1650872230529785,1
Clemson_p111_c1_grm_std_uni,1,5.731339931488037,-6.342320919036865,1
Clemson_p111_c1_grm_std_uni,1,4.315046310424805,-4.982234001159668,1
Clemson_p111_c1_grm_std_uni,1,3.656184434890747,-4.349710941314697,1
Clemson_p111_c1_grm_std_uni,1,3.7907826900482178,-4.689905166625977,1
Clemson_p111_c1_grm_std_uni,1,4.654085159301758,-6.109050273895264,1
Clemson_p111_c1_grm_std_uni,1,5.109631061553955,-6.703640460968018,1
Clemson_p111_c1_grm_std_uni,1,5.582814693450928,-7.03118371963501,1
Clemson_p111_c1_grm_std_uni,1,6.427346229553223,-7.305513858795166,1
Clemson_p111_c1_grm_std_uni,1,6.757829666137695,-7.318737506866455,1
Clemson_p111_c1_grm_std_uni,1,6.210055828094482,-6.586121559143066,1
Clemson_p111_c1_grm_std_uni,1,6.185551166534424,-6.397226333618164,1
Clemson_p111_c1_grm_std_uni,1,6.852595329284668,-7.193380832672119,1
Clemson_p111_c1_grm_std_uni,1,7.016938209533691,-7.556652545928955,1
Clemson_p111_c1_grm_std_uni,1,6.112211227416992,-6.635667324066162,1
Clemson_p111_c1_grm_std_uni,1,5.588713645935059,-6.104928016662598,1
Clemson_p111_c1_grm_std_uni,1,5.636140823364258,-6.470611095428467,1
Clemson_p111_c1_grm_std_uni,1,5.222701549530029,-6.114099979400635,1
Clemson_p111_c1_grm_std_uni,1,5.03680419921875,-5.754151344299316,1
Clemson_p111_c1_grm_std_uni,1,5.2009382247924805,-5.789483070373535,1
Clemson_p111_c1_grm_std_uni,1,5.068085670471191,-5.557925224304199,1
Clemson_p111_c1_grm_std_uni,1,4.54871129989624,-5.044126987457275,1
Clemson_p111_c1_grm_std_uni,1,3.79995059967041,-4.417239189147949,1
Clemson_p111_c1_grm_std_uni,1,3.197101593017578,-4.249695777893066,1
Clemson_p111_c1_grm_std_uni,1,3.8201611042022705,-5.0588202476501465,1
Clemson_p111_c1_grm_std_uni,1,4.771921634674072,-5.820813179016113,1
Clemson_p111_c1_grm_std_uni,1,4.941525936126709,-5.662691593170166,1
Clemson_p111_c1_grm_std_uni,1,4.9325361251831055,-5.765848636627197,1
Clemson_p111_c1_grm_std_uni,1,4.685795307159424,-5.624073505401611,1
Clemson_p111_c1_grm_std_uni,1,4.369106769561768,-5.319603443145752,1
Clemson_p111_c1_grm_std_uni,1,4.07267427444458,-4.995233535766602,1
Clemson_p111_c1_grm_std_uni,1,3.808952569961548,-4.606919288635254,1
Clemson_p111_c1_grm_std_uni,1,3.6015169620513916,-4.319164752960205,1
Clemson_p111_c1_grm_std_uni,1,3.6700279712677,-4.497067451477051,1
Clemson_p111_c1_grm_std_uni,1,3.741504192352295,-4.606446743011475,1
Clemson_p111_c1_grm_std_uni,1,3.217623710632324,-3.612462282180786,1
Clemson_p111_c1_grm_std_uni,1,2.3838613033294678,-2.892566680908203,1
Clemson_p111_c1_grm_std_uni,1,2.7631938457489014,-3.6041500568389893,1
Clemson_p111_c1_grm_std_uni,1,4.081806659698486,-4.927617073059082,1
Clemson_p111_c1_grm_std_uni,1,4.918230056762695,-5.518143177032471,1
Clemson_p111_c1_grm_std_uni,1,4.94106388092041,-5.617678165435791,1
Clemson_p111_c1_grm_std_uni,1,4.741486072540283,-5.358201503753662,1
Clemson_p111_c1_grm_std_uni,1,4.474769115447998,-4.99401330947876,1
Clemson_p111_c1_grm_std_uni,1,4.308229923248291,-4.941452980041504,1
Clemson_p111_c1_grm_std_uni,1,4.388578414916992,-5.298248291015625,1
Clemson_p111_c1_grm_std_uni,1,4.2574357986450195,-5.03764533996582,1
Clemson_p111_c1_grm_std_uni,1,4.221005439758301,-4.5940141677856445,1
Clemson_p111_c1_grm_std_uni,1,4.254438877105713,-4.537898063659668,1
Clemson_p111_c1_grm_std_uni,1,4.276717662811279,-4.491377353668213,1
Clemson_p111_c1_grm_std_uni,1,4.201467990875244,-3.84421706199646,1
Clemson_p111_c1_grm_std_uni,1,4.220609664916992,-3.515733480453491,1
Clemson_p111_c1_grm_std_uni,1,3.601646661758423,-2.726929187774658,1
Clemson_p111_c1_grm_std_uni,1,2.4586617946624756,-1.8180042505264282,1
Clemson_p111_c1_grm_std_uni,1,2.155069589614868,-2.151047706604004,1
Clemson_p111_c1_grm_std_uni,1,2.1975786685943604,-2.889754056930542,1
Clemson_p111_c1_grm_std_uni,1,2.3526954650878906,-3.651646614074707,1
Clemson_p111_c1_grm_std_uni,1,2.94564151763916,-4.552958011627197,1
Clemson_p111_c1_grm_std_uni,1,4.09419059753418,-5.693199157714844,1
Clemson_p111_c1_grm_std_uni,1,4.900181770324707,-6.192288398742676,1
Clemson_p111_c1_grm_std_uni,1,5.006613254547119,-6.051900386810303,1
Clemson_p111_c1_grm_std_uni,1,4.922816276550293,-5.756102085113525,1
Clemson_p111_c1_grm_std_uni,1,4.789427757263184,-5.718000888824463,1
Clemson_p111_c1_grm_std_uni,1,4.170243263244629,-4.840393543243408,1
Clemson_p111_c1_grm_std_uni,1,2.590275764465332,-2.397085666656494,1
Clemson_p111_c1_grm_std_uni,1,1.9703090190887451,-2.6287105083465576,1
Clemson_p111_c1_grm_std_uni,1,3.0754127502441406,-4.446211338043213,1
Clemson_p111_c1_grm_std_uni,1,3.375110626220703,-5.299646854400635,1
Clemson_p111_c1_grm_std_uni,1,3.2998311519622803,-5.12930154800415,1
Clemson_p111_c1_grm_std_uni,1,3.4223389625549316,-4.55012321472168,1
Clemson_p111_c1_grm_std_uni,1,2.8902523517608643,-3.610307216644287,1
Clemson_p111_c1_grm_std_uni,1,2.214900255203247,-2.861591100692749,1
Clemson_p111_c1_grm_std_uni,1,2.6865196228027344,-3.9869613647460938,1
Clemson_p111_c1_grm_std_uni,1,3.9748568534851074,-5.72733736038208,1
Clemson_p111_c1_grm_std_uni,1,4.665399074554443,-6.575136661529541,1
Clemson_p111_c1_grm_std_uni,1,5.201776504516602,-7.063702583312988,1
Clemson_p111_c1_grm_std_uni,1,5.176671504974365,-6.583661079406738,1
Clemson_p111_c1_grm_std_uni,1,4.570619106292725,-5.641417503356934,1
Clemson_p111_c1_grm_std_uni,1,4.277896404266357,-5.344858646392822,1
Clemson_p111_c1_grm_std_uni,1,4.111007213592529,-5.3240742683410645,1
Clemson_p111_c1_grm_std_uni,1,4.673603534698486,-5.814335823059082,1
Clemson_p111_c1_grm_std_uni,1,5.719817161560059,-6.6761627197265625,1
Clemson_p111_c1_grm_std_uni,1,5.892739772796631,-6.815927505493164,1
Clemson_p111_c1_grm_std_uni,1,5.837311267852783,-6.8082427978515625,1
Clemson_p111_c1_grm_std_uni,1,5.452254772186279,-6.373209476470947,1
Clemson_p111_c1_grm_std_uni,1,5.05786657333374,-5.946817874908447,1
Clemson_p111_c1_grm_std_uni,1,4.648219585418701,-5.5103278160095215,1
Clemson_p111_c1_grm_std_uni,1,4.391566753387451,-5.2121686935424805,1
Clemson_p111_c1_grm_std_uni,1,4.28569221496582,-5.06287956237793,1
Clemson_p111_c1_grm_std_uni,1,4.183898448944092,-4.760193824768066,1
Clemson_p111_c1_grm_std_uni,1,4.1926751136779785,-4.425477504730225,1
Clemson_p111_c1_grm_std_uni,1,4.377979755401611,-4.619916915893555,1
Clemson_p111_c1_grm_std_uni,1,4.497175216674805,-4.808477401733398,1
Clemson_p111_c1_grm_std_uni,1,4.360469341278076,-4.50832462310791,1
Clemson_p111_c1_grm_std_uni,1,4.220361232757568,-4.1779327392578125,1
Clemson_p111_c1_grm_std_uni,1,4.053672790527344,-4.043189525604248,1
Clemson_p111_c1_grm_std_uni,1,3.8325397968292236,-3.9658091068267822,1
Clemson_p111_c1_grm_std_uni,1,3.5169155597686768,-3.8095974922180176,1
Clemson_p111_c1_grm_std_uni,1,3.2967727184295654,-3.6453747749328613,1
Clemson_p111_c1_grm_std_uni,1,3.126513957977295,-3.517538547515869,1
Clemson_p111_c1_grm_std_uni,1,2.8408050537109375,-3.212008476257324,1
Clemson_p111_c1_grm_std_uni,1,2.713282823562622,-3.0005342960357666,1
Clemson_p111_c1_grm_std_uni,1,2.550847291946411,-2.758972644805908,1
Clemson_p111_c1_grm_std_uni,1,3.4703421592712402,-3.6822218894958496,1
Clemson_p111_c1_grm_std_uni,1,3.748134136199951,-3.9585788249969482,1
Clemson_p111_c1_grm_std_uni,1,3.7622756958007812,-3.996027946472168,1
Clemson_p111_c1_grm_std_uni,1,3.7146189212799072,-3.9531166553497314,1
Clemson_p111_c1_grm_std_uni,1,3.64477276802063,-3.857147693634033,1
Clemson_p111_c1_grm_std_uni,1,3.504474401473999,-3.6400015354156494,1
Clemson_p111_c1_grm_std_uni,1,3.5417866706848145,-3.6072378158569336,1
Clemson_p111_c1_grm_std_uni,1,4.00471305847168,-4.065093517303467,1
Clemson_p111_c1_grm_std_uni,1,4.060544013977051,-4.080517768859863,1
Clemson_p111_c1_grm_std_uni,1,4.163559436798096,-4.1477861404418945,1
Clemson_p111_c1_grm_std_uni,1,4.375991344451904,-4.315880298614502,1
Clemson_p111_c1_grm_std_uni,1,4.42598819732666,-4.390422344207764,1
Clemson_p111_c1_grm_std_uni,1,4.526963710784912,-4.54341459274292,1
Clemson_p111_c1_grm_std_uni,1,4.597288608551025,-4.647418022155762,1
Clemson_p111_c1_grm_std_uni,1,4.6136603355407715,-4.661509990692139,1
Clemson_p111_c1_grm_std_uni,1,4.477569580078125,-4.450919151306152,1
Clemson_p111_c1_grm_std_uni,1,4.456840991973877,-4.511187553405762,1
Clemson_p111_c1_grm_std_uni,1,4.559337139129639,-4.581668376922607,1
Clemson_p111_c1_grm_std_uni,1,4.506889820098877,-4.237884998321533,1
Clemson_p111_c1_grm_std_uni,1,4.493453502655029,-4.22764253616333,1
Clemson_p111_c1_grm_std_uni,1,4.429649353027344,-4.15338659286499,1
Clemson_p111_c1_grm_std_uni,1,4.407505989074707,-4.146080493927002,1
Clemson_p111_c1_grm_std_uni,1,4.359349250793457,-4.087621212005615,1
Clemson_p111_c1_grm_std_uni,1,4.268126964569092,-3.975161552429199,1
Clemson_p111_c1_grm_std_uni,1,4.133698463439941,-3.844273805618286,1
Clemson_p111_c1_grm_std_uni,1,3.99373722076416,-3.7193894386291504,1
Clemson_p111_c1_grm_std_uni,1,3.8831963539123535,-3.629581928253174,1
Clemson_p111_c1_grm_std_uni,1,3.9185948371887207,-3.7062060832977295,1
Clemson_p111_c1_grm_std_uni,1,4.179827690124512,-4.063985824584961,1
Clemson_p111_c1_grm_std_uni,1,4.509462356567383,-4.378849506378174,1
Clemson_p111_c1_grm_std_uni,1,4.67162561416626,-4.508394241333008,1
Clemson_p111_c1_grm_std_uni,1,4.800347805023193,-4.6540093421936035,1
Clemson_p111_c1_grm_std_uni,1,4.916610240936279,-4.767159938812256,1
Clemson_p111_c1_grm_std_uni,1,5.021653175354004,-4.831109523773193,1
Clemson_p111_c1_grm_std_uni,1,5.023699760437012,-4.850510120391846,1
Clemson_p111_c1_grm_std_uni,1,5.033972263336182,-4.869322776794434,1
Clemson_p111_c1_grm_std_uni,1,5.04512357711792,-4.907747268676758,1
Clemson_p111_c1_grm_std_uni,1,5.10311222076416,-5.013795375823975,1
Clemson_p111_c1_grm_std_uni,1,5.222400188446045,-5.159986972808838,1
Clemson_p111_c1_grm_std_uni,1,5.41949462890625,-5.3122711181640625,1
Clemson_p111_c1_grm_std_uni,1,5.504613399505615,-5.332895278930664,1
Clemson_p111_c1_grm_std_uni,1,5.565079689025879,-5.39976167678833,1
Clemson_p111_c1_grm_std_uni,1,5.624781608581543,-5.492738723754883,1
Clemson_p111_c1_grm_std_uni,1,5.671124458312988,-5.549479007720947,1
Clemson_p111_c1_grm_std_uni,1,5.691895484924316,-5.601109981536865,1
Clemson_p111_c1_grm_std_uni,1,5.725819110870361,-5.640436172485352,1
Clemson_p111_c1_grm_std_uni,1,5.82391881942749,-5.6644182205200195,1
Clemson_p111_c1_grm_std_uni,1,5.8376545906066895,-5.643157005310059,1
Clemson_p111_c1_grm_std_uni,1,5.7911057472229,-5.626534938812256,1
Clemson_p111_c1_grm_std_uni,1,5.7351274490356445,-5.615942001342773,1
Clemson_p111_c1_grm_std_uni,1,5.696935176849365,-5.611187934875488,1
Clemson_p111_c1_grm_std_uni,1,5.680766582489014,-5.623574256896973,1
Clemson_p111_c1_grm_std_uni,1,5.7225022315979,-5.646478176116943,1
Clemson_p111_c1_grm_std_uni,1,5.757030963897705,-5.649161338806152,1
Clemson_p111_c1_grm_std_uni,1,5.7845659255981445,-5.666159629821777,1
Clemson_p111_c1_grm_std_uni,1,5.810844421386719,-5.703276634216309,1
Clemson_p111_c1_grm_std_uni,1,5.834335803985596,-5.738579750061035,1
Clemson_p111_c1_grm_std_uni,1,5.849829196929932,-5.75687837600708,1
Clemson_p111_c1_grm_std_uni,1,5.845582485198975,-5.764669418334961,1
Clemson_p111_c1_grm_std_uni,1,5.876379013061523,-5.773636341094971,1
Clemson_p111_c1_grm_std_uni,1,5.892473220825195,-5.743635654449463,1
Clemson_p111_c1_grm_std_uni,1,5.840722560882568,-5.659510135650635,1
Clemson_p111_c1_grm_std_uni,1,5.740725517272949,-5.6249237060546875,1
Clemson_p111_c1_grm_std_uni,1,5.70928955078125,-5.627279758453369,1
Clemson_p111_c1_grm_std_uni,1,5.723637580871582,-5.631742477416992,1
Clemson_p111_c1_grm_std_uni,1,5.705560207366943,-5.6581130027771,1
Clemson_p111_c1_grm_std_uni,1,5.723544597625732,-5.723220348358154,1
Clemson_p111_c1_grm_std_uni,1,5.876893043518066,-5.826882839202881,1
Clemson_p111_c1_grm_std_uni,1,5.9282612800598145,-5.8128790855407715,1
Clemson_p111_c1_grm_std_uni,1,5.926619052886963,-5.800700664520264,1
Clemson_p111_c1_grm_std_uni,1,5.918066501617432,-5.789617538452148,1
Clemson_p111_c1_grm_std_uni,1,5.875935077667236,-5.789560794830322,1
Clemson_p111_c1_grm_std_uni,1,5.848474502563477,-5.795968532562256,1
Clemson_p111_c1_grm_std_uni,1,5.819591999053955,-5.811721324920654,1
Clemson_p111_c1_grm_std_uni,1,5.880303382873535,-5.843175411224365,1
Clemson_p111_c1_grm_std_uni,1,5.8774919509887695,-5.785714626312256,1
Clemson_p111_c1_grm_std_uni,1,5.835107326507568,-5.727269172668457,1
Clemson_p111_c1_grm_std_uni,1,5.78619384765625,-5.6560893058776855,1
Clemson_p111_c1_grm_std_uni,1,5.728090286254883,-5.608172416687012,1
Clemson_p111_c1_grm_std_uni,1,5.702622413635254,-5.587710380554199,1
Clemson_p111_c1_grm_std_uni,1,5.692996025085449,-5.595797538757324,1
Clemson_p111_c1_grm_std_uni,1,5.701150894165039,-5.612616062164307,1
Clemson_p111_c1_grm_std_uni,1,5.722944736480713,-5.648806095123291,1
Clemson_p111_c1_grm_std_uni,1,5.752903461456299,-5.689337253570557,1
Clemson_p111_c1_grm_std_uni,1,5.764852046966553,-5.702124118804932,1
Clemson_p111_c1_grm_std_uni,1,5.7767109870910645,-5.725996971130371,1
Clemson_p111_c1_grm_std_uni,1,5.7959136962890625,-5.7581048011779785,1
Clemson_p111_c1_grm_std_uni,1,5.842700481414795,-5.78762674331665,1
Clemson_p111_c1_grm_std_uni,1,5.883920669555664,-5.813276290893555,1
Clemson_p111_c1_grm_std_uni,1,5.917128086090088,-5.8300604820251465,1
Clemson_p111_c1_grm_std_uni,1,5.926821708679199,-5.817189693450928,1
Clemson_p111_c1_grm_std_uni,1,5.933004379272461,-5.743628978729248,1
Clemson_p111_c1_grm_std_uni,1,5.791749000549316,-5.482484817504883,1
Clemson_p111_c1_grm_std_uni,1,5.494410514831543,-5.1339030265808105,1
Clemson_p111_c1_grm_std_uni,1,5.222591876983643,-4.859828472137451,1
Clemson_p111_c1_grm_std_uni,1,4.991812705993652,-4.688896656036377,1
Clemson_p111_c1_grm_std_uni,1,5.498406887054443,-5.142425060272217,1
Clemson_p111_c1_grm_std_uni,1,5.341950416564941,-5.052920818328857,1
Clemson_p111_c1_grm_std_uni,1,5.394629955291748,-5.222865581512451,1
Clemson_p111_c1_grm_std_uni,1,5.258325099945068,-4.644676685333252,1
Clemson_p111_c1_grm_std_uni,1,4.665946960449219,-4.138656139373779,1
Clemson_p111_c1_grm_std_uni,1,4.115293025970459,-3.918447971343994,1
Clemson_p111_c1_grm_std_uni,1,4.256779670715332,-4.167693138122559,1
Clemson_p111_c1_grm_std_uni,1,4.611295223236084,-4.261144161224365,1
Clemson_p111_c1_grm_std_uni,1,4.726104736328125,-4.3271284103393555,1
Clemson_p111_c1_grm_std_uni,1,4.405099868774414,-4.074737548828125,1
Clemson_p111_c1_grm_std_uni,1,3.8041465282440186,-3.587878465652466,1
Clemson_p111_c1_grm_std_uni,1,4.3458356857299805,-3.9358198642730713,1
Clemson_p111_c1_grm_std_uni,1,4.381999492645264,-3.7375423908233643,1
Clemson_p111_c1_grm_std_uni,1,4.241433143615723,-3.5954179763793945,1
Clemson_p111_c1_grm_std_uni,1,3.8769562244415283,-3.5510241985321045,1
Clemson_p111_c1_grm_std_uni,1,4.11326789855957,-4.121698379516602,1
Clemson_p111_c1_grm_std_uni,1,4.2540388107299805,-4.330343723297119,1
Clemson_p111_c1_grm_std_uni,1,4.523562431335449,-4.599160194396973,1
Clemson_p111_c1_grm_std_uni,1,4.668799877166748,-4.693934917449951,1
Clemson_p111_c1_grm_std_uni,1,4.748379707336426,-4.789661884307861,1
Clemson_p111_c1_grm_std_uni,1,4.797430038452148,-4.856073379516602,1
Clemson_p111_c1_grm_std_uni,1,4.820497035980225,-4.870504379272461,1
Clemson_p111_c1_grm_std_uni,1,4.8203558921813965,-4.8701300621032715,1
Clemson_p111_c1_grm_std_uni,1,4.828657627105713,-4.872253894805908,1
Clemson_p111_c1_grm_std_uni,1,4.838807582855225,-4.884016513824463,1
Clemson_p111_c1_grm_std_uni,1,4.885202884674072,-4.928862571716309,1
Clemson_p111_c1_grm_std_uni,1,4.9302873611450195,-4.890650272369385,1
Clemson_p111_c1_grm_std_uni,1,5.07150936126709,-4.963863849639893,1
Clemson_p111_c1_grm_std_uni,1,5.393734931945801,-5.249169826507568,1
Clemson_p111_c1_grm_std_uni,1,5.398000717163086,-5.150594234466553,1
Clemson_p111_c1_grm_std_uni,1,5.299254894256592,-5.080934524536133,1
Clemson_p111_c1_grm_std_uni,1,5.217291831970215,-5.012254238128662,1
Clemson_p111_c1_grm_std_uni,1,5.246586799621582,-5.020040512084961,1
Clemson_p111_c1_grm_std_uni,1,5.319216728210449,-5.016730785369873,1
Clemson_p111_c1_grm_std_uni,1,5.401255130767822,-5.08841609954834,1
Clemson_p111_c1_grm_std_uni,1,5.5236992835998535,-5.334318161010742,1
Clemson_p111_c1_grm_std_uni,1,5.491603374481201,-5.265621662139893,1
Clemson_p111_c1_grm_std_uni,1,5.71424674987793,-5.601731300354004,1
Clemson_p111_c1_grm_std_uni,1,5.726377487182617,-5.527242183685303,1
Clemson_p111_c1_grm_std_uni,1,5.39532995223999,-5.142644882202148,1
Clemson_p111_c1_grm_std_uni,1,5.699400901794434,-5.540575981140137,1
Clemson_p111_c1_grm_std_uni,1,5.7513604164123535,-5.459009170532227,1
Clemson_p111_c1_grm_std_uni,1,5.725726127624512,-5.374758243560791,1
Clemson_p111_c1_grm_std_uni,1,5.726129531860352,-5.299499988555908,1
Clemson_p111_c1_grm_std_uni,1,5.701509475708008,-5.32492208480835,1
Clemson_p111_c1_grm_std_uni,1,5.676986217498779,-5.318532466888428,1
Clemson_p111_c1_grm_std_uni,1,5.664971351623535,-5.254057884216309,1
Clemson_p111_c1_grm_std_uni,1,5.579894065856934,-5.137744426727295,1
Clemson_p111_c1_grm_std_uni,1,5.5739288330078125,-5.097818851470947,1
Clemson_p111_c1_grm_std_uni,1,5.615071773529053,-5.134505748748779,1
Clemson_p111_c1_grm_std_uni,1,5.661834239959717,-5.1397175788879395,1
Clemson_p111_c1_grm_std_uni,1,5.662421226501465,-5.158419609069824,1
Clemson_p111_c1_grm_std_uni,1,5.87829065322876,-5.345303058624268,1
Clemson_p111_c1_grm_std_uni,1,5.969671249389648,-5.410687446594238,1
Clemson_p111_c1_grm_std_uni,1,5.9914870262146,-5.353911876678467,1
Clemson_p111_c1_grm_std_uni,1,5.760919094085693,-5.077026844024658,1
Clemson_p111_c1_grm_std_uni,1,5.4530792236328125,-4.794744491577148,1
Clemson_p111_c1_grm_std_uni,1,5.417723178863525,-4.783632755279541,1
Clemson_p111_c1_grm_std_uni,1,5.149158954620361,-4.574760437011719,1
Clemson_p111_c1_grm_std_uni,1,5.667430400848389,-5.155186653137207,1
Clemson_p111_c1_grm_std_uni,1,5.751780033111572,-5.203219890594482,1
Clemson_p111_c1_grm_std_uni,1,5.721313953399658,-5.161801338195801,1
Clemson_p111_c1_grm_std_uni,1,5.798219203948975,-5.274193286895752,1
Clemson_p111_c1_grm_std_uni,1,5.839113712310791,-5.327998161315918,1
Clemson_p111_c1_grm_std_uni,1,5.843709468841553,-5.350529670715332,1
Clemson_p111_c1_grm_std_uni,1,5.885397911071777,-5.419295310974121,1
Clemson_p111_c1_grm_std_uni,1,5.888738632202148,-5.417534351348877,1
Clemson_p111_c1_grm_std_uni,1,5.873351573944092,-5.370693683624268,1
Clemson_p111_c1_grm_std_uni,1,5.959189414978027,-5.451793193817139,1
Clemson_p111_c1_grm_std_uni,1,5.913015842437744,-5.445502281188965,1
Clemson_p111_c1_grm_std_uni,1,5.882350444793701,-5.4553022384643555,1
Clemson_p111_c1_grm_std_uni,1,5.816859722137451,-5.417695045471191,1
Clemson_p111_c1_grm_std_uni,1,5.816915035247803,-5.469228267669678,1
Clemson_p111_c1_grm_std_uni,1,5.824289321899414,-5.5063066482543945,1
Clemson_p111_c1_grm_std_uni,1,5.850185871124268,-5.536593437194824,1
Clemson_p111_c1_grm_std_uni,1,5.869326591491699,-5.568648815155029,1
Clemson_p111_c1_grm_std_uni,1,5.900333881378174,-5.599624156951904,1
Clemson_p111_c1_grm_std_uni,1,5.915659427642822,-5.603493690490723,1
Clemson_p111_c1_grm_std_uni,1,5.8659820556640625,-5.558872699737549,1
Clemson_p111_c1_grm_std_uni,1,5.875270366668701,-5.520174026489258,1
Clemson_p111_c1_grm_std_uni,1,5.824007987976074,-5.496435642242432,1
Clemson_p111_c1_grm_std_uni,1,5.790374279022217,-5.502772808074951,1
Clemson_p111_c1_grm_std_uni,1,5.804750919342041,-5.53126859664917,1
Clemson_p111_c1_grm_std_uni,1,5.8796796798706055,-5.594857215881348,1
Clemson_p111_c1_grm_std_uni,1,5.921815395355225,-5.600893974304199,1
Clemson_p111_c1_grm_std_uni,1,5.8756937980651855,-5.5566086769104,1
Clemson_p111_c1_grm_std_uni,1,5.807428359985352,-5.532212257385254,1
Clemson_p111_c1_grm_std_uni,1,5.767405986785889,-5.487149238586426,1
Clemson_p111_c1_grm_std_uni,1,5.737778663635254,-5.448488712310791,1
Clemson_p111_c1_grm_std_uni,1,5.654087543487549,-5.395132541656494,1
Clemson_p111_c1_grm_std_uni,1,5.5667829513549805,-5.270509719848633,1
Clemson_p111_c1_grm_std_uni,1,5.451544284820557,-5.087636947631836,1
Clemson_p111_c1_grm_std_uni,1,5.636245250701904,-5.223306179046631,1
Clemson_p111_c1_grm_std_uni,1,5.737244606018066,-5.225316047668457,1
Clemson_p111_c1_grm_std_uni,1,5.274741172790527,-4.402935981750488,1
Clemson_p111_c1_grm_std_uni,1,3.7738027572631836,-2.49765682220459,1
Clemson_p111_c1_grm_std_uni,1,3.1635468006134033,-1.9748866558074951,1
Clemson_p111_c1_grm_std_uni,1,3.349217414855957,-2.0933916568756104,1
Clemson_p111_c1_grm_std_uni,1,3.6014676094055176,-2.620223045349121,1
Clemson_p111_c1_grm_std_uni,1,3.7432260513305664,-2.8589181900024414,1
Clemson_p111_c1_grm_std_uni,1,3.773097276687622,-2.9095966815948486,1
Clemson_p111_c1_grm_std_uni,1,3.8571577072143555,-3.1765503883361816,1
Clemson_p111_c1_grm_std_uni,1,4.054976463317871,-3.61480450630188,1
Clemson_p111_c1_grm_std_uni,1,4.250184535980225,-4.174601078033447,1
Clemson_p111_c1_grm_std_uni,1,4.267364978790283,-4.2039008140563965,1
Clemson_p111_c1_grm_std_uni,1,4.200384140014648,-3.8549911975860596,1
Clemson_p111_c1_grm_std_uni,1,4.319140911102295,-4.0436835289001465,1
Clemson_p111_c1_grm_std_uni,1,4.201286792755127,-4.127161026000977,1
Clemson_p111_c1_grm_std_uni,1,4.298162937164307,-4.217879772186279,1
Clemson_p111_c1_grm_std_uni,1,4.511390686035156,-4.45940637588501,1
Clemson_p111_c1_grm_std_uni,1,4.703670024871826,-4.609489440917969,1
Clemson_p111_c1_grm_std_uni,1,4.813340663909912,-4.6569437980651855,1
Clemson_p111_c1_grm_std_uni,1,4.7728986740112305,-4.575788974761963,1
Clemson_p111_c1_grm_std_uni,1,4.6743927001953125,-4.447371959686279,1
Clemson_p111_c1_grm_std_uni,1,4.680198669433594,-4.454867362976074,1
Clemson_p111_c1_grm_std_uni,1,4.791152000427246,-4.600947380065918,1
Clemson_p111_c1_grm_std_uni,1,4.940925598144531,-4.800917148590088,1
Clemson_p111_c1_grm_std_uni,1,5.161191940307617,-4.978871822357178,1
Clemson_p111_c1_grm_std_uni,1,5.142739295959473,-4.594943523406982,1
Clemson_p111_c1_grm_std_uni,1,4.725000381469727,-4.013181686401367,1
Clemson_p111_c1_grm_std_uni,1,4.583476543426514,-3.42229962348938,1
Clemson_p111_c1_grm_std_uni,1,3.886845350265503,-2.600294828414917,1
Clemson_p111_c1_grm_std_uni,1,3.589317798614502,-2.719430446624756,1
Clemson_p111_c1_grm_std_uni,1,3.6501588821411133,-2.781463861465454,1
Clemson_p111_c1_grm_std_uni,1,3.8729827404022217,-2.9501149654388428,1
Clemson_p111_c1_grm_std_uni,1,3.9783005714416504,-3.2931902408599854,1
Clemson_p111_c1_grm_std_uni,1,4.123691082000732,-3.7801687717437744,1
Clemson_p111_c1_grm_std_uni,1,4.231029510498047,-4.002649784088135,1
Clemson_p111_c1_grm_std_uni,1,4.277318477630615,-3.826909065246582,1
Clemson_p111_c1_grm_std_uni,1,4.6011128425598145,-4.139487266540527,1
Clemson_p111_c1_grm_std_uni,1,4.741976261138916,-4.2801833152771,1
Clemson_p111_c1_grm_std_uni,1,4.784327507019043,-4.368710994720459,1
Clemson_p111_c1_grm_std_uni,1,4.845613479614258,-4.44419527053833,1
Clemson_p111_c1_grm_std_uni,1,4.9419074058532715,-4.546865463256836,1
Clemson_p111_c1_grm_std_uni,1,5.042555809020996,-4.645995616912842,1
Clemson_p111_c1_grm_std_uni,1,5.072868347167969,-4.665579795837402,1
Clemson_p111_c1_grm_std_uni,1,5.057868480682373,-4.647393703460693,1
Clemson_p111_c1_grm_std_uni,1,5.016778945922852,-4.607266902923584,1
Clemson_p111_c1_grm_std_uni,1,4.945518493652344,-4.551681041717529,1
Clemson_p111_c1_grm_std_uni,1,4.934266567230225,-4.551356315612793,1
Clemson_p111_c1_grm_std_uni,1,4.953241348266602,-4.581298351287842,1
Clemson_p111_c1_grm_std_uni,1,4.9483418464660645,-4.60078763961792,1
Clemson_p111_c1_grm_std_uni,1,4.945010662078857,-4.634475231170654,1
Clemson_p111_c1_grm_std_uni,1,4.988559246063232,-4.7091240882873535,1
Clemson_p111_c1_grm_std_uni,1,5.096823215484619,-4.819222927093506,1
Clemson_p111_c1_grm_std_uni,1,5.188481330871582,-4.894208908081055,1
Clemson_p111_c1_grm_std_uni,1,5.258771896362305,-4.913509845733643,1
Clemson_p111_c1_grm_std_uni,1,5.281798362731934,-4.930644512176514,1
Clemson_p111_c1_grm_std_uni,1,5.354361057281494,-5.020446300506592,1
Clemson_p111_c1_grm_std_uni,1,5.40309476852417,-5.0921831130981445,1
Clemson_p111_c1_grm_std_uni,1,5.4502387046813965,-5.153101921081543,1
Clemson_p111_c1_grm_std_uni,1,5.5398945808410645,-5.260371208190918,1
Clemson_p111_c1_grm_std_uni,1,5.55911922454834,-5.304571628570557,1
Clemson_p111_c1_grm_std_uni,1,5.62006950378418,-5.312507629394531,1
Clemson_p111_c1_grm_std_uni,1,5.571983814239502,-5.2854719161987305,1
Clemson_p111_c1_grm_std_uni,1,5.534456729888916,-5.262079238891602,1
Clemson_p111_c1_grm_std_uni,1,5.477053642272949,-5.205854415893555,1
Clemson_p111_c1_grm_std_uni,1,5.4118547439575195,-5.1441426277160645,1
Clemson_p111_c1_grm_std_uni,1,5.358839988708496,-5.113561630249023,1
Clemson_p111_c1_grm_std_uni,1,5.336495876312256,-5.125587463378906,1
Clemson_p111_c1_grm_std_uni,1,5.341653823852539,-5.1705322265625,1
Clemson_p111_c1_grm_std_uni,1,5.414154052734375,-5.269504070281982,1
Clemson_p111_c1_grm_std_uni,1,5.535478591918945,-5.40777063369751,1
Clemson_p111_c1_grm_std_uni,1,5.623250484466553,-5.482313632965088,1
Clemson_p111_c1_grm_std_uni,1,5.72359037399292,-5.550018787384033,1
Clemson_p111_c1_grm_std_uni,1,5.7587456703186035,-5.592562198638916,1
Clemson_p111_c1_grm_std_uni,1,5.755335330963135,-5.62497091293335,1
Clemson_p111_c1_grm_std_uni,1,5.801814556121826,-5.648683547973633,1
Clemson_p111_c1_grm_std_uni,1,5.850134372711182,-5.622120380401611,1
Clemson_p111_c1_grm_std_uni,1,5.763589859008789,-5.539909362792969,1
Clemson_p111_c1_grm_std_uni,1,5.6605353355407715,-5.4753875732421875,1
Clemson_p111_c1_grm_std_uni,1,5.549752235412598,-5.368345737457275,1
Clemson_p111_c1_grm_std_uni,1,5.408316612243652,-5.231016635894775,1
Clemson_p111_c1_grm_std_uni,1,5.304244518280029,-5.150041580200195,1
Clemson_p111_c1_grm_std_uni,1,5.2532758712768555,-5.118132591247559,1
Clemson_p111_c1_grm_std_uni,1,5.1953535079956055,-5.062808513641357,1
Clemson_p111_c1_grm_std_uni,1,5.122281551361084,-4.9932942390441895,1
Clemson_p111_c1_grm_std_uni,1,5.0707244873046875,-4.931863784790039,1
Clemson_p111_c1_grm_std_uni,1,5.0983405113220215,-4.93169641494751,1
Clemson_p111_c1_grm_std_uni,1,5.044267654418945,-4.8067097663879395,1
Clemson_p111_c1_grm_std_uni,1,4.698556900024414,-4.380215644836426,1
Clemson_p111_c1_grm_std_uni,1,4.046387195587158,-3.6415321826934814,1
Clemson_p111_c1_grm_std_uni,1,3.6892058849334717,-3.3080356121063232,1
Clemson_p111_c1_grm_std_uni,1,3.560009002685547,-3.290626287460327,1
Clemson_p111_c1_grm_std_uni,1,3.7103092670440674,-3.581847667694092,1
Clemson_p111_c1_grm_std_uni,1,3.908538818359375,-3.958890676498413,1
Clemson_p111_c1_grm_std_uni,1,4.0251288414001465,-4.169061660766602,1
Clemson_p111_c1_grm_std_uni,1,3.919480562210083,-4.13080358505249,1
Clemson_p111_c1_grm_std_uni,1,3.932811975479126,-4.074671745300293,1
Clemson_p111_c1_grm_std_uni,1,3.9173460006713867,-3.918626070022583,1
Clemson_p111_c1_grm_std_uni,1,3.99368953704834,-3.855607509613037,1
Clemson_p111_c1_grm_std_uni,1,4.11710262298584,-3.831118106842041,1
Clemson_p111_c1_grm_std_uni,1,4.480331897735596,-4.120424747467041,1
Clemson_p111_c1_grm_std_uni,1,4.701460838317871,-4.3220953941345215,1
Clemson_p111_c1_grm_std_uni,1,4.975536823272705,-4.5610761642456055,1
Clemson_p111_c1_grm_std_uni,1,4.702905178070068,-4.230628490447998,1
Clemson_p111_c1_grm_std_uni,1,4.734408378601074,-4.47857666015625,1
Clemson_p111_c1_grm_std_uni,1,4.565094470977783,-4.608840465545654,1
Clemson_p111_c1_grm_std_uni,1,3.9585540294647217,-4.462347984313965,1
Clemson_p111_c1_grm_std_uni,1,4.538821697235107,-4.84369421005249,1
Clemson_p111_c1_grm_std_uni,1,4.685531139373779,-4.5563249588012695,1
Clemson_p111_c1_grm_std_uni,1,4.558104515075684,-4.295151710510254,1
Clemson_p111_c1_grm_std_uni,1,4.5451273918151855,-4.084859848022461,1
Clemson_p111_c1_grm_std_uni,1,4.5169830322265625,-4.069393157958984,1
Clemson_p111_c1_grm_std_uni,1,4.280280113220215,-3.8617119789123535,1
Clemson_p111_c1_grm_std_uni,1,4.164966583251953,-3.747220039367676,1
Clemson_p111_c1_grm_std_uni,1,4.508463382720947,-3.9887022972106934,1
Clemson_p111_c1_grm_std_uni,1,4.694489479064941,-4.342827320098877,1
Clemson_p111_c1_grm_std_uni,1,4.053033828735352,-4.099123477935791,1
Clemson_p111_c1_grm_std_uni,1,3.615278720855713,-3.6576783657073975,1
Clemson_p111_c1_grm_std_uni,1,2.4801385402679443,-2.530984401702881,1
Clemson_p111_c1_grm_std_uni,1,1.9726612567901611,-3.127784252166748,1
Clemson_p111_c1_grm_std_uni,1,1.8920555114746094,-3.3208060264587402,1
Clemson_p111_c1_grm_std_uni,1,1.7380104064941406,-2.6790261268615723,1
Clemson_p111_c1_grm_std_uni,1,3.200523853302002,-4.299993991851807,1
Clemson_p111_c1_grm_std_uni,1,4.321389198303223,-5.004181861877441,1
Clemson_p111_c1_grm_std_uni,1,4.386900424957275,-4.700522422790527,1
Clemson_p111_c1_grm_std_uni,1,4.05025053024292,-4.212846279144287,1
Clemson_p111_c1_grm_std_uni,1,4.261046886444092,-4.663449287414551,1
Clemson_p111_c1_grm_std_uni,1,4.226498603820801,-4.59315824508667,1
Clemson_p111_c1_grm_std_uni,1,4.1589555740356445,-4.355801105499268,1
Clemson_p111_c1_grm_std_uni,1,3.9872655868530273,-3.978651285171509,1
Clemson_p111_c1_grm_std_uni,1,3.5909764766693115,-3.4536993503570557,1
Clemson_p111_c1_grm_std_uni,1,3.2797064781188965,-2.878325939178467,1
Clemson_p111_c1_grm_std_uni,1,3.7495410442352295,-3.3433125019073486,1
Clemson_p111_c1_grm_std_uni,1,4.228528022766113,-3.8568880558013916,1
Clemson_p111_c1_grm_std_uni,1,4.359735012054443,-4.097558498382568,1
Clemson_p111_c1_grm_std_uni,1,4.451622486114502,-4.255250453948975,1
Clemson_p111_c1_grm_std_uni,1,4.517130374908447,-4.379026412963867,1
Clemson_p111_c1_grm_std_uni,1,4.5123772621154785,-4.427399635314941,1
Clemson_p111_c1_grm_std_uni,1,4.59743595123291,-4.543779373168945,1
Clemson_p111_c1_grm_std_uni,1,4.620650291442871,-4.562078475952148,1
Clemson_p111_c1_grm_std_uni,1,4.46444845199585,-4.3739752769470215,1
Clemson_p111_c1_grm_std_uni,1,4.208491802215576,-4.066796779632568,1
Clemson_p111_c1_grm_std_uni,1,3.979405403137207,-3.8586692810058594,1
Clemson_p111_c1_grm_std_uni,1,4.73912239074707,-4.575900077819824,1
Clemson_p111_c1_grm_std_uni,1,5.1485395431518555,-5.025907516479492,1
Clemson_p111_c1_grm_std_uni,1,5.145954608917236,-5.058626174926758,1
Clemson_p111_c1_grm_std_uni,1,5.06511926651001,-4.918079853057861,1
Clemson_p111_c1_grm_std_uni,1,4.942098140716553,-4.723501682281494,1
Clemson_p111_c1_grm_std_uni,1,5.231717586517334,-5.048179626464844,1
Clemson_p111_c1_grm_std_uni,1,5.407679557800293,-5.214322566986084,1
Clemson_p111_c1_grm_std_uni,1,5.289372444152832,-5.10831356048584,1
Clemson_p111_c1_grm_std_uni,1,5.215754508972168,-5.058777332305908,1
Clemson_p111_c1_grm_std_uni,1,5.079305171966553,-4.9564008712768555,1
Clemson_p111_c1_grm_std_uni,1,4.983887672424316,-4.880304336547852,1
Clemson_p111_c1_grm_std_uni,1,4.93888521194458,-4.829221725463867,1
Clemson_p111_c1_grm_std_uni,1,4.898378372192383,-4.763230800628662,1
Clemson_p111_c1_grm_std_uni,1,4.934434413909912,-4.7182297706604,1
Clemson_p111_c1_grm_std_uni,1,4.5214362144470215,-4.236693859100342,1
Clemson_p111_c1_grm_std_uni,1,3.9156668186187744,-3.8611233234405518,1
Clemson_p111_c1_grm_std_uni,1,3.831260919570923,-4.272988319396973,1
Clemson_p111_c1_grm_std_uni,1,3.8445799350738525,-4.564398765563965,1
Clemson_p111_c1_grm_std_uni,1,4.253421306610107,-4.936756610870361,1
Clemson_p111_c1_grm_std_uni,1,4.255254745483398,-5.00772762298584,1
Clemson_p111_c1_grm_std_uni,1,3.653650999069214,-3.8037831783294678,1
Clemson_p111_c1_grm_std_uni,1,2.45971941947937,-2.9805572032928467,1
Clemson_p111_c1_grm_std_uni,1,1.7386810779571533,-2.9107577800750732,1
Clemson_p111_c1_grm_std_uni,1,2.9639008045196533,-4.551235675811768,1
Clemson_p111_c1_grm_std_uni,1,3.553663969039917,-5.506033897399902,1
Clemson_p111_c1_grm_std_uni,1,4.07494592666626,-5.393475532531738,1
Clemson_p111_c1_grm_std_uni,1,4.313607215881348,-5.177770614624023,1
Clemson_p111_c1_grm_std_uni,1,4.347280502319336,-5.06284236907959,1
Clemson_p111_c1_grm_std_uni,1,4.299737453460693,-4.951703071594238,1
Clemson_p111_c1_grm_std_uni,1,4.3678202629089355,-4.79787015914917,1
Clemson_p111_c1_grm_std_uni,1,4.861325263977051,-5.180410861968994,1
Clemson_p111_c1_grm_std_uni,1,5.359719276428223,-5.59057092666626,1
Clemson_p111_c1_grm_std_uni,1,5.671726703643799,-5.924378395080566,1
Clemson_p111_c1_grm_std_uni,1,5.74705696105957,-6.092116832733154,1
Clemson_p111_c1_grm_std_uni,1,5.537126541137695,-6.190912246704102,1
Clemson_p111_c1_grm_std_uni,1,5.270950794219971,-6.386084079742432,1
Clemson_p111_c1_grm_std_uni,1,5.153679847717285,-6.468851566314697,1
Clemson_p111_c1_grm_std_uni,1,4.99179744720459,-6.149701118469238,1
Clemson_p111_c1_grm_std_uni,1,4.943813800811768,-5.790628433227539,1
Clemson_p111_c1_grm_std_uni,1,4.977174282073975,-5.575905799865723,1
Clemson_p111_c1_grm_std_uni,1,4.991204261779785,-5.368371486663818,1
Clemson_p111_c1_grm_std_uni,1,4.970363140106201,-5.158654689788818,1
Clemson_p111_c1_grm_std_uni,1,4.950230121612549,-4.97819185256958,1
Clemson_p111_c1_grm_std_uni,1,4.96892786026001,-4.911611080169678,1
Clemson_p111_c1_grm_std_uni,1,4.951355457305908,-4.8958563804626465,1
Clemson_p111_c1_grm_std_uni,1,4.992423057556152,-4.94789457321167,1
Clemson_p111_c1_grm_std_uni,1,5.1383891105651855,-4.991229057312012,1
Clemson_p111_c1_grm_std_uni,1,5.254002094268799,-5.023823261260986,1
Clemson_p111_c1_grm_std_uni,1,5.022911548614502,-4.716349124908447,1
Clemson_p111_c1_grm_std_uni,1,4.6647233963012695,-4.143908500671387,1
Clemson_p111_c1_grm_std_uni,1,4.285318851470947,-3.6358625888824463,1
Clemson_p111_c1_grm_std_uni,1,4.716355323791504,-3.9642558097839355,1
Clemson_p111_c1_grm_std_uni,1,4.833498477935791,-3.977055549621582,1
Clemson_p111_c1_grm_std_uni,1,4.805709362030029,-4.004908084869385,1
Clemson_p111_c1_grm_std_uni,1,4.751060485839844,-4.019172191619873,1
Clemson_p111_c1_grm_std_uni,1,4.70925760269165,-4.073514938354492,1
Clemson_p111_c1_grm_std_uni,1,4.703201770782471,-4.158792495727539,1
Clemson_p111_c1_grm_std_uni,1,4.742731094360352,-4.248827934265137,1
Clemson_p111_c1_grm_std_uni,1,4.712632179260254,-4.260506629943848,1
Clemson_p111_c1_grm_std_uni,1,4.791470050811768,-4.387720108032227,1
Clemson_p111_c1_grm_std_uni,1,5.025408744812012,-4.6950764656066895,1
Clemson_p111_c1_grm_std_uni,1,5.152340412139893,-4.8643999099731445,1
Clemson_p111_c1_grm_std_uni,1,5.253807067871094,-5.007541179656982,1
Clemson_p111_c1_grm_std_uni,1,5.332361221313477,-5.144693374633789,1
Clemson_p111_c1_grm_std_uni,1,5.4358110427856445,-5.3889055252075195,1
Clemson_p111_c1_grm_std_uni,1,5.50842809677124,-5.602200984954834,1
Clemson_p111_c1_grm_std_uni,1,5.536077499389648,-5.688892841339111,1
Clemson_p111_c1_grm_std_uni,1,5.5350728034973145,-5.682983875274658,1
Clemson_p111_c1_grm_std_uni,1,5.294881343841553,-5.340935707092285,1
Clemson_p111_c1_grm_std_uni,1,4.743533134460449,-4.590609073638916,1
Clemson_p111_c1_grm_std_uni,1,4.201941967010498,-4.054570198059082,1
Clemson_p111_c1_grm_std_uni,1,4.0207839012146,-3.8511781692504883,1
Clemson_p111_c1_grm_std_uni,1,3.79219651222229,-3.4297895431518555,1
Clemson_p111_c1_grm_std_uni,1,3.4169535636901855,-2.625540018081665,1
Clemson_p111_c1_grm_std_uni,1,2.065244674682617,-1.5902221202850342,1
Clemson_p111_c1_grm_std_uni,1,2.015106439590454,-1.8197458982467651,1
Clemson_p111_c1_grm_std_uni,1,2.7344770431518555,-3.3575563430786133,1
Clemson_p111_c1_grm_std_uni,1,4.611479759216309,-5.3778276443481445,1
Clemson_p111_c1_grm_std_uni,1,5.728165626525879,-5.809792995452881,1
Clemson_p111_c1_grm_std_uni,1,5.65518856048584,-5.909812927246094,1
Clemson_p111_c1_grm_std_uni,1,5.665112495422363,-6.010933876037598,1
Clemson_p111_c1_grm_std_uni,1,5.7696099281311035,-6.201383590698242,1
Clemson_p111_c1_grm_std_uni,1,5.904810428619385,-6.416894912719727,1
Clemson_p111_c1_grm_std_uni,1,6.103302478790283,-6.62536096572876,1
Clemson_p111_c1_grm_std_uni,1,6.290554523468018,-6.732239246368408,1
Clemson_p111_c1_grm_std_uni,1,6.391164779663086,-6.7779388427734375,1
Clemson_p111_c1_grm_std_uni,1,6.41659688949585,-6.798659324645996,1
Clemson_p111_c1_grm_std_uni,1,6.399277687072754,-6.774825572967529,1
Clemson_p111_c1_grm_std_uni,1,6.429231643676758,-6.805664539337158,1
Clemson_p111_c1_grm_std_uni,1,6.441624164581299,-6.817447185516357,1
Clemson_p111_c1_grm_std_uni,1,6.430027484893799,-6.785433769226074,1
Clemson_p111_c1_grm_std_uni,1,6.4214558601379395,-6.761565208435059,1
Clemson_p111_c1_grm_std_uni,1,6.452829360961914,-6.758061408996582,1
Clemson_p111_c1_grm_std_uni,1,6.518871784210205,-6.776113510131836,1
Clemson_p111_c1_grm_std_uni,1,6.55136775970459,-6.766024589538574,1
Clemson_p111_c1_grm_std_uni,1,6.563292980194092,-6.770457744598389,1
Clemson_p111_c1_grm_std_uni,1,6.565404415130615,-6.783418655395508,1
Clemson_p111_c1_grm_std_uni,1,6.548810005187988,-6.765621662139893,1
Clemson_p111_c1_grm_std_uni,1,6.534768581390381,-6.7358598709106445,1
Clemson_p111_c1_grm_std_uni,1,6.518336772918701,-6.681978702545166,1
Clemson_p111_c1_grm_std_uni,1,6.461610794067383,-6.563531398773193,1
Clemson_p111_c1_grm_std_uni,1,6.344823837280273,-6.360934257507324,1
Clemson_p111_c1_grm_std_uni,1,6.178176403045654,-6.187972068786621,1
Clemson_p111_c1_grm_std_uni,1,5.795106887817383,-5.890925407409668,1
Clemson_p111_c1_grm_std_uni,1,5.411799430847168,-5.586979389190674,1
Clemson_p111_c1_grm_std_uni,1,5.5001091957092285,-5.742393970489502,1
Clemson_p111_c1_grm_std_uni,1,5.4851250648498535,-5.637351036071777,1
Clemson_p111_c1_grm_std_uni,1,5.233050346374512,-5.166236877441406,1
Clemson_p111_c1_grm_std_uni,1,5.236904621124268,-5.097762107849121,1
Clemson_p111_c1_grm_std_uni,1,5.591263771057129,-5.431631565093994,1
Clemson_p111_c1_grm_std_uni,1,5.921354293823242,-5.6864800453186035,1
Clemson_p111_c1_grm_std_uni,1,5.100723743438721,-4.577151775360107,1
Clemson_p111_c1_grm_std_uni,1,3.9554860591888428,-3.821565866470337,1
Clemson_p111_c1_grm_std_uni,1,3.275988817214966,-3.9688260555267334,1
Clemson_p111_c1_grm_std_uni,1,3.36315655708313,-4.386221885681152,1
Clemson_p111_c1_grm_std_uni,1,3.3952577114105225,-4.304214954376221,1
Clemson_p111_c1_grm_std_uni,1,3.754473924636841,-4.193543434143066,1
Clemson_p111_c1_grm_std_uni,1,4.532234191894531,-4.948972702026367,1
Clemson_p111_c1_grm_std_uni,1,5.004641532897949,-5.260179042816162,1
Clemson_p111_c1_grm_std_uni,1,5.374932289123535,-5.307055950164795,1
Clemson_p111_c1_grm_std_uni,1,5.347157955169678,-5.014998435974121,1
Clemson_p111_c1_grm_std_uni,1,5.134850025177002,-4.623480319976807,1
Clemson_p111_c1_grm_std_uni,1,4.0969953536987305,-3.5513365268707275,1
Clemson_p111_c1_grm_std_uni,1,3.211141347885132,-3.1262552738189697,1
Clemson_p111_c1_grm_std_uni,1,3.563624620437622,-3.7263269424438477,1
Clemson_p111_c1_grm_std_uni,1,4.077808380126953,-4.281578063964844,1
Clemson_p111_c1_grm_std_uni,1,4.208226680755615,-4.432820796966553,1
Clemson_p111_c1_grm_std_uni,1,3.9702272415161133,-4.159682750701904,1
Clemson_p111_c1_grm_std_uni,1,3.4186880588531494,-3.642261266708374,1
Clemson_p111_c1_grm_std_uni,1,3.725848913192749,-3.972059965133667,1
Clemson_p111_c1_grm_std_uni,1,3.960286855697632,-4.390397548675537,1
Clemson_p111_c1_grm_std_uni,1,4.192496299743652,-4.964503288269043,1
Clemson_p111_c1_grm_std_uni,1,4.186735153198242,-5.320271968841553,1
Clemson_p111_c1_grm_std_uni,1,4.2362189292907715,-5.473930835723877,1
Clemson_p111_c1_grm_std_uni,1,4.346030235290527,-5.4339213371276855,1
Clemson_p111_c1_grm_std_uni,1,4.608872413635254,-5.734336853027344,1
Clemson_p111_c1_grm_std_uni,1,4.15928840637207,-4.763455867767334,1
Clemson_p111_c1_grm_std_uni,1,3.593808174133301,-4.064042568206787,1
Clemson_p111_c1_grm_std_uni,1,3.367011308670044,-4.015534400939941,1
Clemson_p111_c1_grm_std_uni,1,3.425187587738037,-4.076127529144287,1
Clemson_p111_c1_grm_std_uni,1,3.533134698867798,-4.124687194824219,1
Clemson_p111_c1_grm_std_uni,1,3.132333993911743,-3.7362256050109863,1
Clemson_p111_c1_grm_std_uni,1,2.6075518131256104,-3.3758394718170166,1
Clemson_p111_c1_grm_std_uni,1,2.6035256385803223,-3.4758174419403076,1
Clemson_p111_c1_grm_std_uni,1,3.321560859680176,-4.172530651092529,1
Clemson_p111_c1_grm_std_uni,1,3.800227642059326,-4.519036293029785,1
Clemson_p111_c1_grm_std_uni,1,4.424021244049072,-4.749292850494385,1
Clemson_p111_c1_grm_std_uni,1,5.564338684082031,-6.091428279876709,1
Clemson_p111_c1_grm_std_uni,1,5.145290851593018,-6.302544593811035,1
Clemson_p111_c1_grm_std_uni,1,4.792422771453857,-6.227077007293701,1
Clemson_p111_c1_grm_std_uni,1,4.611603736877441,-5.945465087890625,1
Clemson_p111_c1_grm_std_uni,1,4.479061603546143,-5.530229568481445,1
Clemson_p111_c1_grm_std_uni,1,4.567045211791992,-5.164994239807129,1
Clemson_p111_c1_grm_std_uni,1,4.708961009979248,-4.754012584686279,1
Clemson_p111_c1_grm_std_uni,1,4.163389205932617,-3.774860143661499,1
Clemson_p111_c1_grm_std_uni,1,1.2416298389434814,-1.0212531089782715,1
Clemson_p111_c1_grm_std_uni,1,2.561678409576416,-3.023632049560547,1
Clemson_p111_c1_grm_std_uni,1,4.288412094116211,-5.011495113372803,1
Clemson_p111_c1_grm_std_uni,1,4.409458637237549,-4.868417263031006,1
Clemson_p111_c1_grm_std_uni,1,4.5821380615234375,-4.935786247253418,1
Clemson_p111_c1_grm_std_uni,1,4.826552391052246,-5.584968566894531,1
Clemson_p111_c1_grm_std_uni,1,4.928025245666504,-5.8006157875061035,1
Clemson_p111_c1_grm_std_uni,1,4.234890937805176,-4.991103649139404,1
Clemson_p111_c1_grm_std_uni,1,3.327491521835327,-4.025705337524414,1
Clemson_p111_c1_grm_std_uni,1,2.993114709854126,-3.9474003314971924,1
Clemson_p111_c1_grm_std_uni,1,3.040480375289917,-4.188096046447754,1
Clemson_p111_c1_grm_std_uni,1,3.446556329727173,-4.0034918785095215,1
Clemson_p111_c1_grm_std_uni,1,3.9967002868652344,-4.897181034088135,1
Clemson_p111_c1_grm_std_uni,1,4.372609615325928,-5.348636150360107,1
Clemson_p111_c1_grm_std_uni,1,4.438581466674805,-5.164466381072998,1
Clemson_p111_c1_grm_std_uni,1,4.234097003936768,-4.696261882781982,1
Clemson_p111_c1_grm_std_uni,1,4.213369846343994,-4.429946422576904,1
Clemson_p111_c1_grm_std_uni,1,4.2946648597717285,-4.232725143432617,1
Clemson_p111_c1_grm_std_uni,1,3.553515911102295,-2.959056854248047,1
Clemson_p111_c1_grm_std_uni,1,1.7795155048370361,-1.6016274690628052,1
Clemson_p111_c1_grm_std_uni,1,2.259521961212158,-2.7944273948669434,1
Clemson_p111_c1_grm_std_uni,1,3.797030448913574,-4.259263038635254,1
Clemson_p111_c1_grm_std_uni,1,4.547974586486816,-4.881161212921143,1
Clemson_p111_c1_grm_std_uni,1,5.109576225280762,-5.256552696228027,1
Clemson_p111_c1_grm_std_uni,1,5.180462837219238,-5.221595764160156,1
Clemson_p111_c1_grm_std_uni,1,5.2547221183776855,-5.2838311195373535,1
Clemson_p111_c1_grm_std_uni,1,5.092061996459961,-5.234373092651367,1
Clemson_p111_c1_grm_std_uni,1,4.781982898712158,-5.107606887817383,1
Clemson_p111_c1_grm_std_uni,1,4.471365451812744,-4.959615230560303,1
Clemson_p111_c1_grm_std_uni,1,4.301619052886963,-4.840576648712158,1
Clemson_p111_c1_grm_std_uni,1,4.2484211921691895,-4.830224514007568,1
Clemson_p111_c1_grm_std_uni,1,4.215414047241211,-4.6827802658081055,1
Clemson_p111_c1_grm_std_uni,1,4.1181559562683105,-4.548559188842773,1
Clemson_p111_c1_grm_std_uni,1,4.055767059326172,-4.467636585235596,1
Clemson_p111_c1_grm_std_uni,1,3.9838550090789795,-4.356764793395996,1
Clemson_p111_c1_grm_std_uni,1,4.030714988708496,-4.334357261657715,1
Clemson_p111_c1_grm_std_uni,1,4.1624531745910645,-4.3456573486328125,1
Clemson_p111_c1_grm_std_uni,1,4.455450534820557,-4.381506443023682,1
Clemson_p111_c1_grm_std_uni,1,4.881805419921875,-4.379494667053223,1
Clemson_p111_c1_grm_std_uni,1,4.663763046264648,-3.9753684997558594,1
Clemson_p111_c1_grm_std_uni,1,4.845248222351074,-4.4239959716796875,1
Clemson_p111_c1_grm_std_uni,1,5.171050548553467,-4.784145832061768,1
Clemson_p111_c1_grm_std_uni,1,4.771271705627441,-4.215229511260986,1
Clemson_p111_c1_grm_std_uni,1,4.382789134979248,-3.684964179992676,1
Clemson_p111_c1_grm_std_uni,1,4.450869083404541,-3.7673697471618652,1
Clemson_p111_c1_grm_std_uni,1,4.425245761871338,-3.820448637008667,1
Clemson_p111_c1_grm_std_uni,1,4.492631912231445,-3.9287922382354736,1
Clemson_p111_c1_grm_std_uni,1,4.5041656494140625,-4.006973743438721,1
Clemson_p111_c1_grm_std_uni,1,4.586228847503662,-4.045679092407227,1
Clemson_p111_c1_grm_std_uni,1,4.801420211791992,-3.806586742401123,1
Clemson_p111_c1_grm_std_uni,1,4.0924153327941895,-2.9598782062530518,1
Clemson_p111_c1_grm_std_uni,1,2.7116858959198,-2.0845580101013184,1
Clemson_p111_c1_grm_std_uni,1,1.6941019296646118,-1.7104965448379517,1
Clemson_p111_c1_grm_std_uni,1,2.581346273422241,-2.7227981090545654,1
Clemson_p111_c1_grm_std_uni,1,3.989718198776245,-4.0931172370910645,1
Clemson_p111_c1_grm_std_uni,1,4.42248010635376,-4.7733473777771,1
Clemson_p111_c1_grm_std_uni,1,4.58173942565918,-4.616839408874512,1
Clemson_p111_c1_grm_std_uni,1,4.6041388511657715,-4.581201076507568,1
Clemson_p111_c1_grm_std_uni,1,4.4024739265441895,-4.521477222442627,1
Clemson_p111_c1_grm_std_uni,1,4.515279769897461,-4.4868950843811035,1
Clemson_p111_c1_grm_std_uni,1,4.680995464324951,-4.247557163238525,1
Clemson_p111_c1_grm_std_uni,1,4.598908424377441,-4.317960739135742,1
Clemson_p111_c1_grm_std_uni,1,4.3867506980896,-4.0520920753479,1
Clemson_p111_c1_grm_std_uni,1,3.771658182144165,-3.6549315452575684,1
Clemson_p111_c1_grm_std_uni,1,3.422262668609619,-4.026702404022217,1
Clemson_p111_c1_grm_std_uni,1,3.2338476181030273,-4.015680313110352,1
Clemson_p111_c1_grm_std_uni,1,3.246997594833374,-4.19704532623291,1
Clemson_p111_c1_grm_std_uni,1,3.5151174068450928,-4.558802127838135,1
Clemson_p111_c1_grm_std_uni,1,2.3573391437530518,-3.616431474685669,1
Clemson_p111_c1_grm_std_uni,1,1.0011913776397705,-1.8460144996643066,1
Clemson_p111_c1_grm_std_uni,1,0.12698839604854584,-1.1870384216308594,1
Clemson_p111_c1_grm_std_uni,1,2.6682863235473633,-4.507557392120361,1
Clemson_p111_c1_grm_std_uni,1,4.120113849639893,-6.628692150115967,1
Clemson_p111_c1_grm_std_uni,1,4.34704065322876,-6.866353511810303,1
Clemson_p111_c1_grm_std_uni,1,4.37249755859375,-6.993235111236572,1
Clemson_p111_c1_grm_std_uni,1,4.668925762176514,-6.955962657928467,1
Clemson_p111_c1_grm_std_uni,1,5.088744163513184,-6.813889980316162,1
Clemson_p111_c1_grm_std_uni,1,6.1573357582092285,-7.548129558563232,1
Clemson_p111_c1_grm_std_uni,1,6.064461708068848,-7.500739097595215,1
Clemson_p111_c1_grm_std_uni,1,5.632748126983643,-7.142698764801025,1
Clemson_p111_c1_grm_std_uni,1,5.321065902709961,-6.946538925170898,1
Clemson_p111_c1_grm_std_uni,1,5.2506303787231445,-6.509620189666748,1
Clemson_p111_c1_grm_std_uni,1,3.5690791606903076,-4.9971394538879395,1
Clemson_p111_c1_grm_std_uni,1,2.5399248600006104,-3.4710912704467773,1
Clemson_p111_c1_grm_std_uni,1,2.0512564182281494,-2.930032968521118,1
Clemson_p111_c1_grm_std_uni,1,2.689932107925415,-3.5553066730499268,1
Clemson_p111_c1_grm_std_uni,1,3.7931196689605713,-4.806638717651367,1
Clemson_p111_c1_grm_std_uni,1,3.909543752670288,-5.294415473937988,1
Clemson_p111_c1_grm_std_uni,1,3.5150034427642822,-4.772517204284668,1
Clemson_p111_c1_grm_std_uni,1,3.4052844047546387,-4.675853252410889,1
Clemson_p111_c1_grm_std_uni,1,3.2162411212921143,-4.503567218780518,1
Clemson_p111_c1_grm_std_uni,1,2.938638210296631,-4.031009197235107,1
Clemson_p111_c1_grm_std_uni,1,2.9538004398345947,-3.9890241622924805,1
Clemson_p111_c1_grm_std_uni,1,3.05942702293396,-4.07583475112915,1
Clemson_p111_c1_grm_std_uni,1,3.212017297744751,-4.016902923583984,1
Clemson_p111_c1_grm_std_uni,1,3.181438684463501,-3.8700764179229736,1
Clemson_p111_c1_grm_std_uni,1,3.545836925506592,-4.1493048667907715,1
Clemson_p111_c1_grm_std_uni,1,3.625645399093628,-4.261255741119385,1
Clemson_p111_c1_grm_std_uni,1,3.4024147987365723,-3.8124494552612305,1
Clemson_p111_c1_grm_std_uni,1,3.042036533355713,-3.305307149887085,1
Clemson_p111_c1_grm_std_uni,1,2.946894884109497,-3.6581597328186035,1
Clemson_p111_c1_grm_std_uni,1,4.094837188720703,-4.929957866668701,1
Clemson_p111_c1_grm_std_uni,1,4.744195938110352,-6.289872646331787,1
Clemson_p111_c1_grm_std_uni,1,4.297750473022461,-5.559847354888916,1
Clemson_p111_c1_grm_std_uni,1,4.4226884841918945,-5.440244674682617,1
Clemson_p111_c1_grm_std_uni,1,5.327664852142334,-5.764219760894775,1
Clemson_p111_c1_grm_std_uni,1,5.947882175445557,-6.184924602508545,1
Clemson_p111_c1_grm_std_uni,1,6.186354160308838,-6.437455177307129,1
Clemson_p111_c1_grm_std_uni,1,6.1998610496521,-6.488607406616211,1
Clemson_p111_c1_grm_std_uni,1,6.123830318450928,-6.440718173980713,1
Clemson_p111_c1_grm_std_uni,1,5.988264560699463,-6.368831157684326,1
Clemson_p111_c1_grm_std_uni,1,5.801807880401611,-6.267439842224121,1
Clemson_p111_c1_grm_std_uni,1,5.596592903137207,-6.121391296386719,1
Clemson_p111_c1_grm_std_uni,1,5.402556896209717,-5.955777645111084,1
Clemson_p111_c1_grm_std_uni,1,5.228651523590088,-5.794108867645264,1
Clemson_p111_c1_grm_std_uni,1,5.05996036529541,-5.603445529937744,1
Clemson_p111_c1_grm_std_uni,1,4.909716606140137,-5.371054172515869,1
Clemson_p111_c1_grm_std_uni,1,4.804187297821045,-5.173945426940918,1
Clemson_p111_c1_grm_std_uni,1,4.750863552093506,-5.053135395050049,1
Clemson_p111_c1_grm_std_uni,1,4.6460957527160645,-4.898735523223877,1
Clemson_p111_c1_grm_std_uni,1,4.5345354080200195,-4.8848114013671875,1
Clemson_p111_c1_grm_std_uni,1,4.515549182891846,-4.9869608879089355,1
Clemson_p111_c1_grm_std_uni,1,4.669607162475586,-5.328179836273193,1
Clemson_p111_c1_grm_std_uni,1,4.980903148651123,-5.829976558685303,1
Clemson_p111_c1_grm_std_uni,1,5.354494571685791,-6.318961143493652,1
Clemson_p111_c1_grm_std_uni,1,5.689959526062012,-6.705185413360596,1
Clemson_p111_c1_grm_std_uni,1,5.947640895843506,-6.973107814788818,1
Clemson_p111_c1_grm_std_uni,1,6.037142276763916,-7.00526237487793,1
Clemson_p111_c1_grm_std_uni,1,6.033538818359375,-6.762181282043457,1
Clemson_p111_c1_grm_std_uni,1,5.931245803833008,-6.1068115234375,1
Clemson_p111_c1_grm_std_uni,1,4.9455766677856445,-4.940651893615723,1
Clemson_p111_c1_grm_std_uni,1,2.6820733547210693,-2.917480230331421,1
Clemson_p111_c1_grm_std_uni,1,2.128779888153076,-2.5588622093200684,1
Clemson_p111_c1_grm_std_uni,1,3.1545729637145996,-4.111502647399902,1
Clemson_p111_c1_grm_std_uni,1,3.8128039836883545,-5.15122127532959,1
Clemson_p111_c1_grm_std_uni,1,3.8344039916992188,-4.828815937042236,1
Clemson_p111_c1_grm_std_uni,1,3.2178564071655273,-3.6833226680755615,1
Clemson_p111_c1_grm_std_uni,1,3.783660888671875,-4.582495212554932,1
Clemson_p111_c1_grm_std_uni,1,5.6789631843566895,-6.523179054260254,1
Clemson_p111_c1_grm_std_uni,1,6.376642227172852,-7.075700283050537,1
Clemson_p111_c1_grm_std_uni,1,6.634077548980713,-7.375818252563477,1
Clemson_p111_c1_grm_std_uni,1,6.7130279541015625,-7.4778265953063965,1
Clemson_p111_c1_grm_std_uni,1,6.755741596221924,-7.5055718421936035,1
Clemson_p111_c1_grm_std_uni,1,6.838134288787842,-7.565230846405029,1
Clemson_p111_c1_grm_std_uni,1,6.861568927764893,-7.5440568923950195,1
Clemson_p111_c1_grm_std_uni,1,6.867124557495117,-7.513908386230469,1
Clemson_p111_c1_grm_std_uni,1,6.892158508300781,-7.519060134887695,1
Clemson_p111_c1_grm_std_uni,1,6.900156021118164,-7.507246017456055,1
Clemson_p111_c1_grm_std_uni,1,6.900562763214111,-7.497077465057373,1
Clemson_p111_c1_grm_std_uni,1,6.898260593414307,-7.491440296173096,1
Clemson_p111_c1_grm_std_uni,1,6.89749813079834,-7.491586208343506,1
Clemson_p111_c1_grm_std_uni,1,6.8937578201293945,-7.492733478546143,1
Clemson_p111_c1_grm_std_uni,1,6.885319232940674,-7.489398002624512,1
Clemson_p111_c1_grm_std_uni,1,6.883102893829346,-7.490339279174805,1
Clemson_p111_c1_grm_std_uni,1,6.8818254470825195,-7.487060070037842,1
Clemson_p111_c1_grm_std_uni,1,6.886152267456055,-7.48915958404541,1
Clemson_p111_c1_grm_std_uni,1,6.886075496673584,-7.483929634094238,1
Clemson_p111_c1_grm_std_uni,1,6.882795333862305,-7.478188514709473,1
Clemson_p111_c1_grm_std_uni,1,6.88096809387207,-7.477243900299072,1
Clemson_p111_c1_grm_std_uni,1,6.873575687408447,-7.471479415893555,1
Clemson_p111_c1_grm_std_uni,1,6.862860202789307,-7.46387243270874,1
Clemson_p111_c1_grm_std_uni,1,6.8570075035095215,-7.464378356933594,1
Clemson_p111_c1_grm_std_uni,1,6.8601789474487305,-7.473087787628174,1
Clemson_p111_c1_grm_std_uni,1,6.865148544311523,-7.4824137687683105,1
Clemson_p111_c1_grm_std_uni,1,6.868440628051758,-7.489051818847656,1
Clemson_p111_c1_grm_std_uni,1,6.864253520965576,-7.485343933105469,1
Clemson_p111_c1_grm_std_uni,1,6.846761226654053,-7.465065002441406,1
Clemson_p111_c1_grm_std_uni,1,6.816061019897461,-7.428420066833496,1
Clemson_p111_c1_grm_std_uni,1,6.814355850219727,-7.432985305786133,1
Clemson_p111_c1_grm_std_uni,1,6.813586235046387,-7.43608283996582,1
Clemson_p111_c1_grm_std_uni,1,6.791836261749268,-7.414505958557129,1
Clemson_p111_c1_grm_std_uni,1,6.794861316680908,-7.4277191162109375,1
Clemson_p111_c1_grm_std_uni,1,6.845022201538086,-7.487001895904541,1
Clemson_p111_c1_grm_std_uni,1,6.8661417961120605,-7.5007758140563965,1
Clemson_p111_c1_grm_std_uni,1,6.867645263671875,-7.499908924102783,1
Clemson_p111_c1_grm_std_uni,1,6.840348720550537,-7.466350078582764,1
Clemson_p111_c1_grm_std_uni,1,6.827093124389648,-7.44495153427124,1
Clemson_p111_c1_grm_std_uni,1,6.835378170013428,-7.461287021636963,1
Clemson_p111_c1_grm_std_uni,1,6.8657145500183105,-7.497148036956787,1
Clemson_p111_c1_grm_std_uni,1,6.874069690704346,-7.495723724365234,1
Clemson_p111_c1_grm_std_uni,1,6.874067783355713,-7.492293834686279,1
Clemson_p111_c1_grm_std_uni,1,6.870051860809326,-7.488287448883057,1
Clemson_p111_c1_grm_std_uni,1,6.8527445793151855,-7.468630313873291,1
Clemson_p111_c1_grm_std_uni,1,6.819400310516357,-7.456711292266846,1
Clemson_p111_c1_grm_std_uni,1,6.835395812988281,-7.480104446411133,1
Clemson_p111_c1_grm_std_uni,1,6.788451671600342,-7.428420543670654,1
Clemson_p111_c1_grm_std_uni,1,6.8140997886657715,-7.460676670074463,1
Clemson_p111_c1_grm_std_uni,1,6.834806442260742,-7.480133056640625,1
Clemson_p111_c1_grm_std_uni,1,6.863748073577881,-7.503238201141357,1
Clemson_p111_c1_grm_std_uni,1,6.885467052459717,-7.52819299697876,1
Clemson_p111_c1_grm_std_uni,1,6.879908084869385,-7.519948482513428,1
Clemson_p111_c1_grm_std_uni,1,6.863442897796631,-7.500672817230225,1
Clemson_p111_c1_grm_std_uni,1,6.851517200469971,-7.489529132843018,1
Clemson_p111_c1_grm_std_uni,1,6.840750694274902,-7.478477954864502,1
Clemson_p111_c1_grm_std_uni,1,6.833063125610352,-7.47126579284668,1
Clemson_p111_c1_grm_std_uni,1,6.832796573638916,-7.4722113609313965,1
Clemson_p111_c1_grm_std_uni,1,6.840036869049072,-7.481717586517334,1
Clemson_p111_c1_grm_std_uni,1,6.848123073577881,-7.493049144744873,1
Clemson_p111_c1_grm_std_uni,1,6.854888916015625,-7.502070426940918,1
Clemson_p111_c1_grm_std_uni,1,6.853422164916992,-7.499765396118164,1
Clemson_p111_c1_grm_std_uni,1,6.849567890167236,-7.493987083435059,1
Clemson_p111_c1_grm_std_uni,1,6.844733238220215,-7.48795747756958,1
Clemson_p111_c1_grm_std_uni,1,6.8441386222839355,-7.487707138061523,1
Clemson_p111_c1_grm_std_uni,1,6.851529121398926,-7.497353553771973,1
Clemson_p111_c1_grm_std_uni,1,6.841623783111572,-7.485488414764404,1
Clemson_p111_c1_grm_std_uni,1,6.824544906616211,-7.467153549194336,1
Clemson_p111_c1_grm_std_uni,1,6.815762042999268,-7.458576679229736,1
Clemson_p111_c1_grm_std_uni,1,6.810580253601074,-7.45208215713501,1
Clemson_p111_c1_grm_std_uni,1,6.805434226989746,-7.44447135925293,1
Clemson_p111_c1_grm_std_uni,1,6.800074100494385,-7.436944961547852,1
Clemson_p111_c1_grm_std_uni,1,6.793649196624756,-7.4282331466674805,1
Clemson_p111_c1_grm_std_uni,1,6.786174297332764,-7.419510364532471,1
Clemson_p111_c1_grm_std_uni,1,6.772217273712158,-7.405001640319824,1
Clemson_p111_c1_grm_std_uni,1,6.773526191711426,-7.410244464874268,1
Clemson_p111_c1_grm_std_uni,1,6.775335311889648,-7.41411828994751,1
Clemson_p111_c1_grm_std_uni,1,6.763927459716797,-7.401458740234375,1
Clemson_p111_c1_grm_std_uni,1,6.7461256980896,-7.381985187530518,1
Clemson_p111_c1_grm_std_uni,1,6.7344770431518555,-7.370664596557617,1
Clemson_p111_c1_grm_std_uni,1,6.731491565704346,-7.367584228515625,1
Clemson_p111_c1_grm_std_uni,1,6.719189643859863,-7.352085113525391,1
Clemson_p111_c1_grm_std_uni,1,6.699326038360596,-7.330439567565918,1
Clemson_p111_c1_grm_std_uni,1,6.681190013885498,-7.312293529510498,1
Clemson_p111_c1_grm_std_uni,1,6.657015323638916,-7.286763668060303,1
Clemson_p111_c1_grm_std_uni,1,6.630918979644775,-7.259206771850586,1
Clemson_p111_c1_grm_std_uni,1,6.614243030548096,-7.243524551391602,1
Clemson_p111_c1_grm_std_uni,1,6.58969783782959,-7.215383052825928,1
Clemson_p111_c1_grm_std_uni,1,6.548023223876953,-7.168569087982178,1
Clemson_p111_c1_grm_std_uni,1,6.496633052825928,-7.111796855926514,1
Clemson_p111_c1_grm_std_uni,1,6.4325337409973145,-7.041014194488525,1
Clemson_p111_c1_grm_std_uni,1,6.351186275482178,-6.952085018157959,1
Clemson_p111_c1_grm_std_uni,1,6.245517253875732,-6.836195945739746,1
Clemson_p111_c1_grm_std_uni,1,6.096522331237793,-6.669597148895264,1
Clemson_p111_c1_grm_std_uni,1,5.829845428466797,-6.3690361976623535,1
Clemson_p111_c1_grm_std_uni,1,5.306743621826172,-5.797428131103516,1
Clemson_p111_c1_grm_std_uni,1,4.294147491455078,-4.803319454193115,1
