OneHandOrebaV3_1060_1_grm_std_uni,1,2.2706923484802246,-2.0904934406280518,1
OneHandOrebaV3_1060_1_grm_std_uni,1,3.0964572429656982,-3.4953558444976807,1
OneHandOrebaV3_1060_1_grm_std_uni,1,2.4973363876342773,-2.745173454284668,1
OneHandOrebaV3_1060_1_grm_std_uni,1,1.7570382356643677,-1.829199194908142,1
OneHandOrebaV3_1060_1_grm_std_uni,1,1.4613113403320312,-0.4786239266395569,1
OneHandOrebaV3_1060_1_grm_std_uni,1,1.9103511571884155,-1.4510003328323364,1
OneHandOrebaV3_1060_1_grm_std_uni,1,3.29899525642395,-3.279602289199829,1
OneHandOrebaV3_1060_1_grm_std_uni,1,3.617112398147583,-3.9887611865997314,1
OneHandOrebaV3_1060_1_grm_std_uni,1,3.5864524841308594,-3.891232490539551,1
OneHandOrebaV3_1060_1_grm_std_uni,1,4.66942024230957,-4.6962666511535645,1
OneHandOrebaV3_1060_1_grm_std_uni,1,4.56305456161499,-4.789914608001709,1
OneHandOrebaV3_1060_1_grm_std_uni,1,4.75325345993042,-5.454409122467041,1
OneHandOrebaV3_1060_1_grm_std_uni,1,4.782607555389404,-5.71528434753418,1
OneHandOrebaV3_1060_1_grm_std_uni,1,5.4398064613342285,-6.0668840408325195,1
OneHandOrebaV3_1060_1_grm_std_uni,1,5.151402950286865,-5.632859706878662,1
OneHandOrebaV3_1060_1_grm_std_uni,1,3.530362129211426,-4.494572639465332,1
OneHandOrebaV3_1060_1_grm_std_uni,1,5.074626445770264,-5.5788187980651855,1
OneHandOrebaV3_1060_1_grm_std_uni,1,7.0815277099609375,-6.952652454376221,1
OneHandOrebaV3_1060_1_grm_std_uni,1,7.604726791381836,-7.3555006980896,1
OneHandOrebaV3_1060_1_grm_std_uni,1,7.173240661621094,-7.238838195800781,1
OneHandOrebaV3_1060_1_grm_std_uni,1,7.004494667053223,-6.881738662719727,1
OneHandOrebaV3_1060_1_grm_std_uni,1,6.746069431304932,-6.51866340637207,1
OneHandOrebaV3_1060_1_grm_std_uni,1,5.587771415710449,-5.535264492034912,1
OneHandOrebaV3_1060_1_grm_std_uni,1,4.639508247375488,-4.33942174911499,1
OneHandOrebaV3_1060_1_grm_std_uni,1,4.213818073272705,-3.932443857192993,1
OneHandOrebaV3_1060_1_grm_std_uni,1,4.818083763122559,-4.712947845458984,1
OneHandOrebaV3_1060_1_grm_std_uni,1,5.345580577850342,-6.158571243286133,1
OneHandOrebaV3_1060_1_grm_std_uni,1,6.092167854309082,-6.825923919677734,1
OneHandOrebaV3_1060_1_grm_std_uni,1,7.0331268310546875,-7.585764408111572,1
OneHandOrebaV3_1060_1_grm_std_uni,1,7.858334541320801,-8.084105491638184,1
OneHandOrebaV3_1060_1_grm_std_uni,1,7.0022478103637695,-7.238420009613037,1
OneHandOrebaV3_1060_1_grm_std_uni,1,5.787912368774414,-6.2039713859558105,1
OneHandOrebaV3_1060_1_grm_std_uni,1,5.024476051330566,-5.551995277404785,1
OneHandOrebaV3_1060_1_grm_std_uni,1,5.849109649658203,-5.914844512939453,1
OneHandOrebaV3_1060_1_grm_std_uni,1,5.965897560119629,-5.64276123046875,1
OneHandOrebaV3_1060_1_grm_std_uni,1,5.833310604095459,-5.788205623626709,1
OneHandOrebaV3_1060_1_grm_std_uni,1,5.370665550231934,-5.413444995880127,1
OneHandOrebaV3_1060_1_grm_std_uni,1,5.47238302230835,-5.199175834655762,1
OneHandOrebaV3_1060_1_grm_std_uni,1,5.548274993896484,-5.926887512207031,1
OneHandOrebaV3_1060_1_grm_std_uni,1,5.562046527862549,-6.3546271324157715,1
OneHandOrebaV3_1060_1_grm_std_uni,1,5.327012062072754,-6.459461688995361,1
OneHandOrebaV3_1060_1_grm_std_uni,1,5.02885627746582,-6.138814926147461,1
OneHandOrebaV3_1060_1_grm_std_uni,1,4.830141067504883,-5.9820380210876465,1
OneHandOrebaV3_1060_1_grm_std_uni,1,4.798732757568359,-6.13665771484375,1
OneHandOrebaV3_1060_1_grm_std_uni,1,4.829936981201172,-6.47933292388916,1
OneHandOrebaV3_1060_1_grm_std_uni,1,4.503949165344238,-6.552260875701904,1
OneHandOrebaV3_1060_1_grm_std_uni,1,4.671579837799072,-7.125960350036621,1
OneHandOrebaV3_1060_1_grm_std_uni,1,5.293816566467285,-6.526463985443115,1
OneHandOrebaV3_1060_1_grm_std_uni,1,5.650507926940918,-6.118991374969482,1
OneHandOrebaV3_1060_1_grm_std_uni,1,6.5311455726623535,-6.847858428955078,1
OneHandOrebaV3_1060_1_grm_std_uni,1,6.663623332977295,-6.673278331756592,1
OneHandOrebaV3_1060_1_grm_std_uni,1,5.5211873054504395,-5.7164835929870605,1
OneHandOrebaV3_1060_1_grm_std_uni,1,5.704709053039551,-6.227125644683838,1
OneHandOrebaV3_1060_1_grm_std_uni,1,5.682345867156982,-6.1936774253845215,1
OneHandOrebaV3_1060_1_grm_std_uni,1,4.863568305969238,-5.585334300994873,1
OneHandOrebaV3_1060_1_grm_std_uni,1,4.048309803009033,-5.381839752197266,1
OneHandOrebaV3_1060_1_grm_std_uni,2,4.512069225311279,-6.241185665130615,1
OneHandOrebaV3_1060_1_grm_std_uni,2,4.657879829406738,-6.447839260101318,1
OneHandOrebaV3_1060_1_grm_std_uni,2,4.81685209274292,-6.378464221954346,1
OneHandOrebaV3_1060_1_grm_std_uni,2,4.81630802154541,-5.855828285217285,1
OneHandOrebaV3_1060_1_grm_std_uni,2,4.97407865524292,-5.871315956115723,1
OneHandOrebaV3_1060_1_grm_std_uni,2,4.411316394805908,-5.734156608581543,1
OneHandOrebaV3_1060_1_grm_std_uni,2,3.947889804840088,-5.307897090911865,1
OneHandOrebaV3_1060_1_grm_std_uni,2,3.858065128326416,-5.402390480041504,1
OneHandOrebaV3_1060_1_grm_std_uni,1,3.830334186553955,-5.315452575683594,1
OneHandOrebaV3_1060_1_grm_std_uni,1,3.8413145542144775,-5.4178242683410645,1
OneHandOrebaV3_1060_1_grm_std_uni,1,3.678856611251831,-5.222954750061035,1
OneHandOrebaV3_1060_1_grm_std_uni,1,3.672488212585449,-5.237676620483398,1
OneHandOrebaV3_1060_1_grm_std_uni,1,3.7659480571746826,-5.238871097564697,1
OneHandOrebaV3_1060_1_grm_std_uni,1,3.8088643550872803,-5.5555925369262695,1
OneHandOrebaV3_1060_1_grm_std_uni,1,4.248090744018555,-5.848595142364502,1
OneHandOrebaV3_1060_1_grm_std_uni,1,4.246396541595459,-6.089765548706055,1
OneHandOrebaV3_1060_1_grm_std_uni,1,4.143754482269287,-5.946382522583008,1
OneHandOrebaV3_1060_1_grm_std_uni,1,5.448092937469482,-6.420072078704834,1
OneHandOrebaV3_1060_1_grm_std_uni,1,5.606385231018066,-6.197028160095215,1
OneHandOrebaV3_1060_1_grm_std_uni,1,5.29691743850708,-5.653582572937012,1
OneHandOrebaV3_1060_1_grm_std_uni,1,5.0173139572143555,-5.565781116485596,1
OneHandOrebaV3_1060_1_grm_std_uni,1,4.494722843170166,-5.175881862640381,1
OneHandOrebaV3_1060_1_grm_std_uni,1,3.4381940364837646,-4.1418256759643555,1
OneHandOrebaV3_1060_1_grm_std_uni,1,2.7959587574005127,-3.4225552082061768,1
OneHandOrebaV3_1060_1_grm_std_uni,1,4.3705902099609375,-5.3561110496521,1
OneHandOrebaV3_1060_1_grm_std_uni,1,4.558743476867676,-5.749319076538086,1
OneHandOrebaV3_1060_1_grm_std_uni,1,4.502830982208252,-5.452005386352539,1
OneHandOrebaV3_1060_1_grm_std_uni,1,4.550432205200195,-5.23759126663208,1
OneHandOrebaV3_1060_1_grm_std_uni,1,4.755227088928223,-5.7579755783081055,1
OneHandOrebaV3_1060_1_grm_std_uni,1,4.4105377197265625,-5.806118011474609,1
OneHandOrebaV3_1060_1_grm_std_uni,1,4.3141889572143555,-6.014445781707764,1
OneHandOrebaV3_1060_1_grm_std_uni,1,4.274137020111084,-5.924580097198486,1
OneHandOrebaV3_1060_1_grm_std_uni,1,4.2667717933654785,-5.917945384979248,1
OneHandOrebaV3_1060_1_grm_std_uni,1,4.911128044128418,-5.882318496704102,1
OneHandOrebaV3_1060_1_grm_std_uni,1,6.119065284729004,-6.496181011199951,1
OneHandOrebaV3_1060_1_grm_std_uni,1,6.531050205230713,-6.757340431213379,1
OneHandOrebaV3_1060_1_grm_std_uni,1,5.637495517730713,-6.174445152282715,1
OneHandOrebaV3_1060_1_grm_std_uni,1,6.518400192260742,-7.03463077545166,1
OneHandOrebaV3_1060_1_grm_std_uni,1,6.167850017547607,-7.012568950653076,1
OneHandOrebaV3_1060_1_grm_std_uni,1,5.8039021492004395,-6.62017822265625,1
OneHandOrebaV3_1060_1_grm_std_uni,1,5.623940944671631,-6.068073272705078,1
OneHandOrebaV3_1060_1_grm_std_uni,1,4.642474174499512,-5.290924072265625,1
OneHandOrebaV3_1060_1_grm_std_uni,1,2.648406744003296,-3.003514289855957,1
OneHandOrebaV3_1060_1_grm_std_uni,1,3.914698839187622,-4.06862735748291,1
OneHandOrebaV3_1060_1_grm_std_uni,1,4.534771919250488,-4.982580661773682,1
OneHandOrebaV3_1060_1_grm_std_uni,1,4.733700752258301,-5.6346116065979,1
OneHandOrebaV3_1060_1_grm_std_uni,1,4.498677730560303,-6.023801326751709,1
OneHandOrebaV3_1060_1_grm_std_uni,1,4.316830158233643,-6.202983856201172,1
OneHandOrebaV3_1060_1_grm_std_uni,1,4.330989360809326,-6.336330890655518,1
OneHandOrebaV3_1060_1_grm_std_uni,1,5.725589752197266,-6.778907775878906,1
OneHandOrebaV3_1060_1_grm_std_uni,1,5.596121311187744,-6.341465473175049,1
OneHandOrebaV3_1060_1_grm_std_uni,1,5.529163360595703,-6.242648124694824,1
OneHandOrebaV3_1060_1_grm_std_uni,1,5.838242530822754,-6.462467193603516,1
OneHandOrebaV3_1060_1_grm_std_uni,1,5.831537246704102,-6.315322399139404,1
OneHandOrebaV3_1060_1_grm_std_uni,1,5.442750930786133,-5.883739471435547,1
OneHandOrebaV3_1060_1_grm_std_uni,1,5.315914630889893,-6.177524566650391,1
OneHandOrebaV3_1060_1_grm_std_uni,1,5.356619834899902,-6.659409523010254,1
OneHandOrebaV3_1060_1_grm_std_uni,1,5.336503028869629,-6.998768329620361,1
OneHandOrebaV3_1060_1_grm_std_uni,1,6.178064346313477,-7.370730876922607,1
OneHandOrebaV3_1060_1_grm_std_uni,1,6.061191082000732,-6.771079063415527,1
OneHandOrebaV3_1060_1_grm_std_uni,1,5.925906181335449,-6.411715030670166,1
OneHandOrebaV3_1060_1_grm_std_uni,1,6.364365100860596,-6.530557632446289,1
OneHandOrebaV3_1060_1_grm_std_uni,1,6.788204193115234,-7.253638744354248,1
OneHandOrebaV3_1060_1_grm_std_uni,1,7.2515740394592285,-7.729180812835693,1
OneHandOrebaV3_1060_1_grm_std_uni,1,7.58687162399292,-8.145890235900879,1
OneHandOrebaV3_1060_1_grm_std_uni,1,7.782949924468994,-8.316043853759766,1
OneHandOrebaV3_1060_1_grm_std_uni,1,7.787428855895996,-8.142717361450195,1
OneHandOrebaV3_1060_1_grm_std_uni,1,7.531949520111084,-7.761580944061279,1
OneHandOrebaV3_1060_1_grm_std_uni,1,7.378255844116211,-7.547987937927246,1
OneHandOrebaV3_1060_1_grm_std_uni,1,7.236903667449951,-7.408463954925537,1
OneHandOrebaV3_1060_1_grm_std_uni,1,7.039847373962402,-7.244139671325684,1
OneHandOrebaV3_1060_1_grm_std_uni,1,7.118805408477783,-7.332185745239258,1
OneHandOrebaV3_1060_1_grm_std_uni,1,7.061919212341309,-7.4065351486206055,1
OneHandOrebaV3_1060_1_grm_std_uni,1,7.0019917488098145,-7.023879051208496,1
OneHandOrebaV3_1060_1_grm_std_uni,1,6.494755744934082,-6.296330451965332,1
OneHandOrebaV3_1060_1_grm_std_uni,1,6.7983174324035645,-6.5244059562683105,1
OneHandOrebaV3_1060_1_grm_std_uni,1,7.145898818969727,-6.916305065155029,1
OneHandOrebaV3_1060_1_grm_std_uni,1,7.247220039367676,-7.334105491638184,1
OneHandOrebaV3_1060_1_grm_std_uni,1,7.2562575340271,-7.4916534423828125,1
OneHandOrebaV3_1060_1_grm_std_uni,1,7.18377685546875,-7.5420732498168945,1
OneHandOrebaV3_1060_1_grm_std_uni,1,6.369901180267334,-6.605504989624023,1
OneHandOrebaV3_1060_1_grm_std_uni,1,6.035849094390869,-5.955737590789795,1
OneHandOrebaV3_1060_1_grm_std_uni,1,5.587762832641602,-5.225635051727295,1
OneHandOrebaV3_1060_1_grm_std_uni,1,5.620190143585205,-5.392197132110596,1
OneHandOrebaV3_1060_1_grm_std_uni,1,6.522403240203857,-6.329550266265869,1
OneHandOrebaV3_1060_1_grm_std_uni,1,6.082283020019531,-6.1144185066223145,1
OneHandOrebaV3_1060_1_grm_std_uni,1,4.550949573516846,-4.86837100982666,1
OneHandOrebaV3_1060_1_grm_std_uni,1,5.834631443023682,-5.8420515060424805,1
OneHandOrebaV3_1060_1_grm_std_uni,1,6.7103271484375,-6.510339736938477,1
OneHandOrebaV3_1060_1_grm_std_uni,1,6.42237663269043,-6.4197540283203125,1
OneHandOrebaV3_1060_1_grm_std_uni,1,4.81179666519165,-4.518299102783203,1
OneHandOrebaV3_1060_1_grm_std_uni,1,4.1935296058654785,-3.51940655708313,1
OneHandOrebaV3_1060_1_grm_std_uni,1,4.728896617889404,-4.020976543426514,1
OneHandOrebaV3_1060_1_grm_std_uni,1,5.13095235824585,-5.195178031921387,1
OneHandOrebaV3_1060_1_grm_std_uni,1,5.158580780029297,-5.780800819396973,1
OneHandOrebaV3_1060_1_grm_std_uni,1,5.058175563812256,-5.9054741859436035,1
OneHandOrebaV3_1060_1_grm_std_uni,1,6.149688243865967,-6.998695373535156,1
OneHandOrebaV3_1060_1_grm_std_uni,1,7.018589496612549,-7.627885818481445,1
OneHandOrebaV3_1060_1_grm_std_uni,1,6.941302299499512,-7.2977681159973145,1
OneHandOrebaV3_1060_1_grm_std_uni,1,7.682334899902344,-8.012709617614746,1
OneHandOrebaV3_1060_1_grm_std_uni,1,8.048796653747559,-8.262514114379883,1
OneHandOrebaV3_1060_1_grm_std_uni,1,8.032475471496582,-8.057053565979004,1
OneHandOrebaV3_1060_1_grm_std_uni,1,7.663382053375244,-7.611073017120361,1
OneHandOrebaV3_1060_1_grm_std_uni,1,7.447972297668457,-7.530201435089111,1
OneHandOrebaV3_1060_1_grm_std_uni,1,6.860801696777344,-6.916579723358154,1
OneHandOrebaV3_1060_1_grm_std_uni,1,5.8303937911987305,-5.697493553161621,1
OneHandOrebaV3_1060_1_grm_std_uni,1,7.016142845153809,-7.022529125213623,1
OneHandOrebaV3_1060_1_grm_std_uni,1,7.044585704803467,-7.627383708953857,1
OneHandOrebaV3_1060_1_grm_std_uni,1,5.429496765136719,-5.979884147644043,1
OneHandOrebaV3_1060_1_grm_std_uni,1,5.365645885467529,-5.403628349304199,1
OneHandOrebaV3_1060_1_grm_std_uni,1,6.428178310394287,-6.4958176612854,1
OneHandOrebaV3_1060_1_grm_std_uni,1,6.545427322387695,-7.053686141967773,1
OneHandOrebaV3_1060_1_grm_std_uni,1,6.260739326477051,-6.928205966949463,1
OneHandOrebaV3_1060_1_grm_std_uni,1,6.164103984832764,-6.182579040527344,1
OneHandOrebaV3_1060_1_grm_std_uni,1,6.100907802581787,-5.965497970581055,1
OneHandOrebaV3_1060_1_grm_std_uni,1,6.104913711547852,-5.971914291381836,1
OneHandOrebaV3_1060_1_grm_std_uni,1,6.3810224533081055,-6.134271144866943,1
OneHandOrebaV3_1060_1_grm_std_uni,1,6.451070308685303,-6.460763454437256,1
OneHandOrebaV3_1060_1_grm_std_uni,1,6.21802282333374,-6.2627854347229,1
OneHandOrebaV3_1060_1_grm_std_uni,1,6.451452255249023,-6.268853664398193,1
OneHandOrebaV3_1060_1_grm_std_uni,1,5.4836554527282715,-5.52450704574585,1
OneHandOrebaV3_1060_1_grm_std_uni,1,5.321229934692383,-5.122992515563965,1
OneHandOrebaV3_1060_1_grm_std_uni,1,5.430251121520996,-5.881633758544922,1
OneHandOrebaV3_1060_1_grm_std_uni,1,5.623995780944824,-5.6222124099731445,1
OneHandOrebaV3_1060_1_grm_std_uni,1,6.68501615524292,-6.4274773597717285,1
OneHandOrebaV3_1060_1_grm_std_uni,1,7.643495559692383,-7.146416187286377,1
OneHandOrebaV3_1060_1_grm_std_uni,1,7.6176557540893555,-7.2021803855896,1
OneHandOrebaV3_1060_1_grm_std_uni,1,7.607477188110352,-7.334643363952637,1
OneHandOrebaV3_1060_1_grm_std_uni,1,7.2636823654174805,-7.07325553894043,1
OneHandOrebaV3_1060_1_grm_std_uni,1,7.238720417022705,-7.018858432769775,1
OneHandOrebaV3_1060_1_grm_std_uni,1,7.542259693145752,-7.190617084503174,1
OneHandOrebaV3_1060_1_grm_std_uni,1,7.866336345672607,-7.460407257080078,1
OneHandOrebaV3_1060_1_grm_std_uni,1,7.516036033630371,-7.128657341003418,1
OneHandOrebaV3_1060_1_grm_std_uni,1,7.685049533843994,-7.367372512817383,1
OneHandOrebaV3_1060_1_grm_std_uni,1,7.722113132476807,-7.480537414550781,1
OneHandOrebaV3_1060_1_grm_std_uni,1,7.31484842300415,-7.031355381011963,1
OneHandOrebaV3_1060_1_grm_std_uni,1,7.386606216430664,-6.981777667999268,1
OneHandOrebaV3_1060_1_grm_std_uni,1,7.821020603179932,-7.35977029800415,1
OneHandOrebaV3_1060_1_grm_std_uni,1,7.819183826446533,-7.430197715759277,1
OneHandOrebaV3_1060_1_grm_std_uni,1,7.7853827476501465,-7.471663951873779,1
OneHandOrebaV3_1060_1_grm_std_uni,1,7.6358771324157715,-7.428549766540527,1
OneHandOrebaV3_1060_1_grm_std_uni,1,7.665642738342285,-7.581058502197266,1
OneHandOrebaV3_1060_1_grm_std_uni,1,7.510340213775635,-7.409714698791504,1
OneHandOrebaV3_1060_1_grm_std_uni,1,7.457718849182129,-7.329928398132324,1
OneHandOrebaV3_1060_1_grm_std_uni,1,7.989589691162109,-7.670649528503418,1
OneHandOrebaV3_1060_1_grm_std_uni,1,8.219683647155762,-8.033601760864258,1
OneHandOrebaV3_1060_1_grm_std_uni,1,7.7304301261901855,-7.706391334533691,1
OneHandOrebaV3_1060_1_grm_std_uni,1,7.368167877197266,-7.309929847717285,1
OneHandOrebaV3_1060_1_grm_std_uni,1,6.785520076751709,-7.1343092918396,1
OneHandOrebaV3_1060_1_grm_std_uni,1,6.18876838684082,-6.472316265106201,1
OneHandOrebaV3_1060_1_grm_std_uni,1,6.422509670257568,-6.275879383087158,1
OneHandOrebaV3_1060_1_grm_std_uni,1,7.069171905517578,-6.72316837310791,1
OneHandOrebaV3_1060_1_grm_std_uni,1,7.749118804931641,-7.250193119049072,1
OneHandOrebaV3_1060_1_grm_std_uni,1,7.161930084228516,-7.104034423828125,1
OneHandOrebaV3_1060_1_grm_std_uni,1,6.149319171905518,-6.402581214904785,1
OneHandOrebaV3_1060_1_grm_std_uni,1,6.0954132080078125,-6.314700603485107,1
OneHandOrebaV3_1060_1_grm_std_uni,1,6.504181861877441,-6.760115623474121,1
OneHandOrebaV3_1060_1_grm_std_uni,1,6.768851280212402,-6.969001770019531,1
OneHandOrebaV3_1060_1_grm_std_uni,1,7.000706672668457,-7.023301124572754,1
OneHandOrebaV3_1060_1_grm_std_uni,1,6.9044928550720215,-6.851144790649414,1
OneHandOrebaV3_1060_1_grm_std_uni,1,6.65936279296875,-6.342931747436523,1
OneHandOrebaV3_1060_1_grm_std_uni,1,6.972599029541016,-6.662830829620361,1
OneHandOrebaV3_1060_1_grm_std_uni,1,7.380950450897217,-7.2795796394348145,1
OneHandOrebaV3_1060_1_grm_std_uni,1,7.191915512084961,-7.168773174285889,1
OneHandOrebaV3_1060_1_grm_std_uni,1,6.4570393562316895,-6.555811882019043,1
OneHandOrebaV3_1060_1_grm_std_uni,1,6.038166046142578,-5.757431507110596,1
OneHandOrebaV3_1060_1_grm_std_uni,1,6.268401145935059,-5.880974769592285,1
OneHandOrebaV3_1060_1_grm_std_uni,1,7.177162170410156,-6.930995464324951,1
OneHandOrebaV3_1060_1_grm_std_uni,1,7.316573143005371,-7.341264724731445,1
OneHandOrebaV3_1060_1_grm_std_uni,1,6.892700672149658,-6.732333660125732,1
OneHandOrebaV3_1060_1_grm_std_uni,1,5.8194122314453125,-5.420585632324219,1
OneHandOrebaV3_1060_1_grm_std_uni,1,5.42583703994751,-5.223304748535156,1
OneHandOrebaV3_1060_1_grm_std_uni,1,6.131960391998291,-6.107210159301758,1
OneHandOrebaV3_1060_1_grm_std_uni,1,6.149160861968994,-6.048147678375244,1
OneHandOrebaV3_1060_1_grm_std_uni,1,5.883157730102539,-5.292560577392578,1
OneHandOrebaV3_1060_1_grm_std_uni,1,6.03184175491333,-5.638727188110352,1
OneHandOrebaV3_1060_1_grm_std_uni,1,6.7046098709106445,-6.239727020263672,1
OneHandOrebaV3_1060_1_grm_std_uni,1,7.333846092224121,-6.715011119842529,1
OneHandOrebaV3_1060_1_grm_std_uni,1,7.665755748748779,-6.981879711151123,1
OneHandOrebaV3_1060_1_grm_std_uni,1,6.869050025939941,-6.495170593261719,1
OneHandOrebaV3_1060_1_grm_std_uni,1,5.788191318511963,-5.480775356292725,1
OneHandOrebaV3_1060_1_grm_std_uni,1,5.723620891571045,-5.216819763183594,1
OneHandOrebaV3_1060_1_grm_std_uni,1,5.742690563201904,-5.271839618682861,1
OneHandOrebaV3_1060_1_grm_std_uni,1,6.135626316070557,-5.814046859741211,1
OneHandOrebaV3_1060_1_grm_std_uni,1,7.294917106628418,-7.04639196395874,1
OneHandOrebaV3_1060_1_grm_std_uni,1,7.735074996948242,-7.244812488555908,1
OneHandOrebaV3_1060_1_grm_std_uni,1,7.193337917327881,-6.499212741851807,1
OneHandOrebaV3_1060_1_grm_std_uni,1,6.404228687286377,-5.775187015533447,1
OneHandOrebaV3_1060_1_grm_std_uni,1,5.802662372589111,-5.434413909912109,1
OneHandOrebaV3_1060_1_grm_std_uni,1,5.407289505004883,-5.134918689727783,1
OneHandOrebaV3_1060_1_grm_std_uni,1,5.093632698059082,-4.797353267669678,1
OneHandOrebaV3_1060_1_grm_std_uni,1,5.923417568206787,-5.4659504890441895,1
OneHandOrebaV3_1060_1_grm_std_uni,1,7.0735931396484375,-6.731808185577393,1
OneHandOrebaV3_1060_1_grm_std_uni,1,6.951653003692627,-6.751887798309326,1
OneHandOrebaV3_1060_1_grm_std_uni,1,6.577256679534912,-6.370781898498535,1
OneHandOrebaV3_1060_1_grm_std_uni,1,7.208289623260498,-7.023008346557617,1
OneHandOrebaV3_1060_1_grm_std_uni,1,7.363056182861328,-7.2725300788879395,1
OneHandOrebaV3_1060_1_grm_std_uni,1,7.044620037078857,-6.9816389083862305,1
OneHandOrebaV3_1060_1_grm_std_uni,1,6.804948329925537,-6.7519755363464355,1
OneHandOrebaV3_1060_1_grm_std_uni,1,6.00768518447876,-5.95509147644043,1
OneHandOrebaV3_1060_1_grm_std_uni,1,6.690959930419922,-6.772581577301025,1
OneHandOrebaV3_1060_1_grm_std_uni,1,6.014367580413818,-6.317060947418213,1
OneHandOrebaV3_1060_1_grm_std_uni,1,5.542827129364014,-5.778056621551514,1
OneHandOrebaV3_1060_1_grm_std_uni,1,6.756597995758057,-6.689871788024902,1
OneHandOrebaV3_1060_1_grm_std_uni,1,7.711997032165527,-7.390710353851318,1
OneHandOrebaV3_1060_1_grm_std_uni,1,7.585490703582764,-7.2073073387146,1
OneHandOrebaV3_1060_1_grm_std_uni,1,6.9315900802612305,-6.815182209014893,1
OneHandOrebaV3_1060_1_grm_std_uni,1,6.4186177253723145,-6.466608047485352,1
OneHandOrebaV3_1060_1_grm_std_uni,1,6.375911712646484,-6.470439910888672,1
OneHandOrebaV3_1060_1_grm_std_uni,1,5.211282253265381,-5.57841682434082,1
OneHandOrebaV3_1060_1_grm_std_uni,1,3.133948564529419,-3.980975389480591,1
OneHandOrebaV3_1060_1_grm_std_uni,1,4.383713245391846,-4.889888763427734,1
OneHandOrebaV3_1060_1_grm_std_uni,1,4.77376651763916,-5.400824069976807,1
OneHandOrebaV3_1060_1_grm_std_uni,1,5.157732009887695,-5.711127758026123,1
OneHandOrebaV3_1060_1_grm_std_uni,1,5.6020660400390625,-6.173163890838623,1
OneHandOrebaV3_1060_1_grm_std_uni,1,5.776872158050537,-6.3677263259887695,1
OneHandOrebaV3_1060_1_grm_std_uni,1,5.543989181518555,-5.974606037139893,1
OneHandOrebaV3_1060_1_grm_std_uni,1,5.462982177734375,-5.8133978843688965,1
OneHandOrebaV3_1060_1_grm_std_uni,1,5.015893459320068,-5.005898475646973,1
OneHandOrebaV3_1060_1_grm_std_uni,1,4.169920921325684,-3.99017596244812,1
OneHandOrebaV3_1060_1_grm_std_uni,1,4.660238742828369,-4.9950103759765625,1
OneHandOrebaV3_1060_1_grm_std_uni,1,5.72727108001709,-6.423181056976318,1
OneHandOrebaV3_1060_1_grm_std_uni,1,5.38943338394165,-6.036150932312012,1
OneHandOrebaV3_1060_1_grm_std_uni,1,4.7409186363220215,-5.5889410972595215,1
OneHandOrebaV3_1060_1_grm_std_uni,1,4.7078142166137695,-6.2222137451171875,1
OneHandOrebaV3_1060_1_grm_std_uni,1,4.703891277313232,-6.478828430175781,1
OneHandOrebaV3_1060_1_grm_std_uni,1,4.777898788452148,-6.58711576461792,1
OneHandOrebaV3_1060_1_grm_std_uni,1,4.781484603881836,-6.492288589477539,1
OneHandOrebaV3_1060_1_grm_std_uni,1,4.716582775115967,-6.374822616577148,1
OneHandOrebaV3_1060_1_grm_std_uni,1,4.676387310028076,-6.390521049499512,1
OneHandOrebaV3_1060_1_grm_std_uni,1,4.603146553039551,-6.318443298339844,1
OneHandOrebaV3_1060_1_grm_std_uni,1,4.630481719970703,-6.277880668640137,1
OneHandOrebaV3_1060_1_grm_std_uni,1,4.648808479309082,-6.206987380981445,1
OneHandOrebaV3_1060_1_grm_std_uni,1,4.627608776092529,-6.161038875579834,1
OneHandOrebaV3_1060_1_grm_std_uni,1,4.6144795417785645,-6.23207950592041,1
OneHandOrebaV3_1060_1_grm_std_uni,1,4.611043453216553,-6.318139553070068,1
OneHandOrebaV3_1060_1_grm_std_uni,1,4.640164852142334,-6.296389102935791,1
OneHandOrebaV3_1060_1_grm_std_uni,1,4.667896270751953,-6.22469425201416,1
OneHandOrebaV3_1060_1_grm_std_uni,1,4.6624908447265625,-6.192817687988281,1
OneHandOrebaV3_1060_1_grm_std_uni,1,4.646501064300537,-6.121858596801758,1
OneHandOrebaV3_1060_1_grm_std_uni,1,4.681310653686523,-6.0672101974487305,1
OneHandOrebaV3_1060_1_grm_std_uni,1,4.734951972961426,-5.982126712799072,1
OneHandOrebaV3_1060_1_grm_std_uni,1,4.696455001831055,-5.748621463775635,1
OneHandOrebaV3_1060_1_grm_std_uni,1,4.575835227966309,-5.451831817626953,1
OneHandOrebaV3_1060_1_grm_std_uni,1,4.6546406745910645,-5.4056854248046875,1
OneHandOrebaV3_1060_1_grm_std_uni,1,4.5863165855407715,-5.199523448944092,1
OneHandOrebaV3_1060_1_grm_std_uni,1,4.133841514587402,-4.773405075073242,1
OneHandOrebaV3_1060_1_grm_std_uni,1,3.388643741607666,-4.363902568817139,1
OneHandOrebaV3_1060_1_grm_std_uni,1,4.762783050537109,-4.7840423583984375,1
OneHandOrebaV3_1060_1_grm_std_uni,1,4.569479942321777,-4.277109622955322,1
OneHandOrebaV3_1060_1_grm_std_uni,1,1.1306136846542358,-0.3442012071609497,1
OneHandOrebaV3_1060_1_grm_std_uni,1,-0.07805335521697998,0.6669842004776001,2
OneHandOrebaV3_1060_1_grm_std_uni,1,2.3017690181732178,-1.8192614316940308,1
OneHandOrebaV3_1060_1_grm_std_uni,1,5.695958614349365,-5.175569534301758,1
OneHandOrebaV3_1060_1_grm_std_uni,1,6.687333106994629,-6.396229267120361,1
OneHandOrebaV3_1060_1_grm_std_uni,1,7.154693603515625,-6.976676940917969,1
OneHandOrebaV3_1060_1_grm_std_uni,1,7.277454376220703,-7.095782279968262,1
OneHandOrebaV3_1060_1_grm_std_uni,1,7.142411231994629,-6.849062919616699,1
OneHandOrebaV3_1060_1_grm_std_uni,1,6.451418876647949,-6.2587571144104,1
OneHandOrebaV3_1060_1_grm_std_uni,1,4.767558574676514,-4.731333255767822,1
OneHandOrebaV3_1060_1_grm_std_uni,1,4.5560760498046875,-4.707655906677246,1
OneHandOrebaV3_1060_1_grm_std_uni,1,4.211884498596191,-4.609505653381348,1
OneHandOrebaV3_1060_1_grm_std_uni,1,4.654200553894043,-5.477197170257568,1
OneHandOrebaV3_1060_1_grm_std_uni,1,5.282667636871338,-5.880575180053711,1
OneHandOrebaV3_1060_1_grm_std_uni,1,5.470956325531006,-6.1260199546813965,1
OneHandOrebaV3_1060_1_grm_std_uni,1,5.233092308044434,-6.446307182312012,1
OneHandOrebaV3_1060_1_grm_std_uni,1,6.814769744873047,-7.261054992675781,1
OneHandOrebaV3_1060_1_grm_std_uni,1,7.67097282409668,-7.921501636505127,1
OneHandOrebaV3_1060_1_grm_std_uni,1,7.6893768310546875,-7.799283027648926,1
OneHandOrebaV3_1060_1_grm_std_uni,1,7.559163570404053,-7.5276899337768555,1
OneHandOrebaV3_1060_1_grm_std_uni,1,7.152673244476318,-7.073976993560791,1
OneHandOrebaV3_1060_1_grm_std_uni,1,7.110892295837402,-7.168942928314209,1
OneHandOrebaV3_1060_1_grm_std_uni,1,6.928680896759033,-7.2410383224487305,1
OneHandOrebaV3_1060_1_grm_std_uni,1,5.663581848144531,-6.522554397583008,1
OneHandOrebaV3_1060_1_grm_std_uni,1,5.9676923751831055,-7.097253799438477,1
OneHandOrebaV3_1060_1_grm_std_uni,1,5.713986873626709,-6.449485778808594,1
OneHandOrebaV3_1060_1_grm_std_uni,1,5.732866287231445,-6.111607551574707,1
OneHandOrebaV3_1060_1_grm_std_uni,1,6.495179176330566,-6.531630039215088,1
OneHandOrebaV3_1060_1_grm_std_uni,1,6.736135959625244,-6.651137351989746,1
OneHandOrebaV3_1060_1_grm_std_uni,1,6.724000453948975,-6.80082893371582,1
OneHandOrebaV3_1060_1_grm_std_uni,1,5.282892227172852,-5.438004016876221,1
OneHandOrebaV3_1060_1_grm_std_uni,1,4.506856441497803,-4.640988826751709,1
OneHandOrebaV3_1060_1_grm_std_uni,1,4.858399391174316,-4.78082799911499,1
OneHandOrebaV3_1060_1_grm_std_uni,1,5.2320075035095215,-5.0660223960876465,1
OneHandOrebaV3_1060_1_grm_std_uni,1,5.2655181884765625,-4.728264808654785,1
OneHandOrebaV3_1060_1_grm_std_uni,1,4.976775646209717,-4.562345027923584,1
OneHandOrebaV3_1060_1_grm_std_uni,1,6.015642166137695,-5.620524883270264,1
OneHandOrebaV3_1060_1_grm_std_uni,1,7.1542558670043945,-6.742016792297363,1
OneHandOrebaV3_1060_1_grm_std_uni,1,7.792460918426514,-7.447177886962891,1
OneHandOrebaV3_1060_1_grm_std_uni,1,7.8309478759765625,-7.552767276763916,1
OneHandOrebaV3_1060_1_grm_std_uni,1,6.996596813201904,-6.857585430145264,1
OneHandOrebaV3_1060_1_grm_std_uni,1,5.822203159332275,-5.772086143493652,1
OneHandOrebaV3_1060_1_grm_std_uni,1,4.880033493041992,-4.943808078765869,1
OneHandOrebaV3_1060_1_grm_std_uni,1,5.340785026550293,-5.601984977722168,1
OneHandOrebaV3_1060_1_grm_std_uni,1,5.958820819854736,-6.115960121154785,1
OneHandOrebaV3_1060_1_grm_std_uni,1,6.313310146331787,-6.272431373596191,1
OneHandOrebaV3_1060_1_grm_std_uni,1,6.120978355407715,-6.071868896484375,1
OneHandOrebaV3_1060_1_grm_std_uni,1,6.187819004058838,-6.183335781097412,1
OneHandOrebaV3_1060_1_grm_std_uni,1,6.795109272003174,-7.085592746734619,1
OneHandOrebaV3_1060_1_grm_std_uni,1,6.5851945877075195,-7.151450157165527,1
OneHandOrebaV3_1060_1_grm_std_uni,1,6.3060479164123535,-6.8387322425842285,1
OneHandOrebaV3_1060_1_grm_std_uni,1,6.0857253074646,-6.555673599243164,1
OneHandOrebaV3_1060_1_grm_std_uni,1,5.7667999267578125,-6.215431213378906,1
OneHandOrebaV3_1060_1_grm_std_uni,1,5.71992301940918,-6.231425762176514,1
OneHandOrebaV3_1060_1_grm_std_uni,1,5.527276039123535,-6.0517754554748535,1
OneHandOrebaV3_1060_1_grm_std_uni,1,5.582050800323486,-6.050304412841797,1
OneHandOrebaV3_1060_1_grm_std_uni,1,5.351653575897217,-5.797028064727783,1
OneHandOrebaV3_1060_1_grm_std_uni,1,5.056748867034912,-5.726709365844727,1
OneHandOrebaV3_1060_1_grm_std_uni,1,5.918806552886963,-6.328696250915527,1
OneHandOrebaV3_1060_1_grm_std_uni,1,6.518208026885986,-6.832459449768066,1
OneHandOrebaV3_1060_1_grm_std_uni,1,6.448830604553223,-6.592275619506836,1
OneHandOrebaV3_1060_1_grm_std_uni,1,6.021998882293701,-5.941629409790039,1
OneHandOrebaV3_1060_1_grm_std_uni,1,5.736775875091553,-5.561487197875977,1
OneHandOrebaV3_1060_1_grm_std_uni,1,5.946045875549316,-5.818054676055908,1
OneHandOrebaV3_1060_1_grm_std_uni,1,4.985006809234619,-4.9684553146362305,1
OneHandOrebaV3_1060_1_grm_std_uni,1,3.803628921508789,-3.784273386001587,1
OneHandOrebaV3_1060_1_grm_std_uni,1,3.7078440189361572,-3.827681303024292,1
OneHandOrebaV3_1060_1_grm_std_uni,1,4.173330783843994,-4.529337406158447,1
OneHandOrebaV3_1060_1_grm_std_uni,1,4.070268630981445,-4.7798991203308105,1
OneHandOrebaV3_1060_1_grm_std_uni,1,4.3872480392456055,-4.764125347137451,1
OneHandOrebaV3_1060_1_grm_std_uni,1,5.458348274230957,-5.620936870574951,1
OneHandOrebaV3_1060_1_grm_std_uni,1,6.6847968101501465,-6.755300045013428,1
OneHandOrebaV3_1060_1_grm_std_uni,1,7.277960300445557,-7.324700832366943,1
OneHandOrebaV3_1060_1_grm_std_uni,1,7.100244045257568,-7.352078437805176,1
OneHandOrebaV3_1060_1_grm_std_uni,1,7.0412163734436035,-7.2618536949157715,1
OneHandOrebaV3_1060_1_grm_std_uni,1,7.191981792449951,-7.266808032989502,1
OneHandOrebaV3_1060_1_grm_std_uni,1,7.225170612335205,-7.239736080169678,1
OneHandOrebaV3_1060_1_grm_std_uni,1,7.375003814697266,-7.2280802726745605,1
OneHandOrebaV3_1060_1_grm_std_uni,1,7.371262073516846,-7.190968036651611,1
OneHandOrebaV3_1060_1_grm_std_uni,1,7.41823673248291,-7.105935096740723,1
OneHandOrebaV3_1060_1_grm_std_uni,1,7.382122993469238,-6.908514976501465,1
OneHandOrebaV3_1060_1_grm_std_uni,1,6.825695514678955,-6.335545539855957,1
OneHandOrebaV3_1060_1_grm_std_uni,1,6.405269622802734,-5.9399919509887695,1
OneHandOrebaV3_1060_1_grm_std_uni,1,6.664480209350586,-6.256971836090088,1
OneHandOrebaV3_1060_1_grm_std_uni,1,6.866268157958984,-6.4979729652404785,1
OneHandOrebaV3_1060_1_grm_std_uni,1,7.2373366355896,-6.882442474365234,1
OneHandOrebaV3_1060_1_grm_std_uni,1,7.633687496185303,-7.178892612457275,1
OneHandOrebaV3_1060_1_grm_std_uni,1,7.6712541580200195,-7.343926429748535,1
OneHandOrebaV3_1060_1_grm_std_uni,1,7.435831069946289,-7.23165225982666,1
OneHandOrebaV3_1060_1_grm_std_uni,1,7.035273551940918,-6.830625534057617,1
OneHandOrebaV3_1060_1_grm_std_uni,1,7.156333923339844,-6.879082202911377,1
OneHandOrebaV3_1060_1_grm_std_uni,1,7.410927772521973,-6.995197772979736,1
OneHandOrebaV3_1060_1_grm_std_uni,1,7.173147201538086,-6.719355583190918,1
OneHandOrebaV3_1060_1_grm_std_uni,1,6.966609954833984,-6.681066036224365,1
OneHandOrebaV3_1060_1_grm_std_uni,1,6.449661731719971,-6.177407264709473,1
OneHandOrebaV3_1060_1_grm_std_uni,1,6.304293155670166,-5.931249141693115,1
OneHandOrebaV3_1060_1_grm_std_uni,1,6.897406101226807,-6.472058296203613,1
OneHandOrebaV3_1060_1_grm_std_uni,1,6.713525772094727,-6.43498420715332,1
OneHandOrebaV3_1060_1_grm_std_uni,1,6.444719314575195,-6.045131683349609,1
OneHandOrebaV3_1060_1_grm_std_uni,1,6.14583158493042,-5.787513732910156,1
OneHandOrebaV3_1060_1_grm_std_uni,1,5.447887897491455,-5.742635250091553,1
OneHandOrebaV3_1060_1_grm_std_uni,1,5.136745452880859,-5.691368103027344,1
OneHandOrebaV3_1060_1_grm_std_uni,1,5.8596391677856445,-6.135995864868164,1
OneHandOrebaV3_1060_1_grm_std_uni,1,6.685754299163818,-6.503071308135986,1
OneHandOrebaV3_1060_1_grm_std_uni,1,6.81641960144043,-6.650358200073242,1
OneHandOrebaV3_1060_1_grm_std_uni,1,6.457770824432373,-6.380866527557373,1
OneHandOrebaV3_1060_1_grm_std_uni,1,4.779173374176025,-4.450592994689941,1
OneHandOrebaV3_1060_1_grm_std_uni,1,4.999874114990234,-4.656458377838135,1
OneHandOrebaV3_1060_1_grm_std_uni,1,6.289170742034912,-6.313162326812744,1
OneHandOrebaV3_1060_1_grm_std_uni,1,7.143524646759033,-7.245711326599121,1
OneHandOrebaV3_1060_1_grm_std_uni,1,7.063937664031982,-7.3245649337768555,1
OneHandOrebaV3_1060_1_grm_std_uni,1,6.625201225280762,-6.746021747589111,1
OneHandOrebaV3_1060_1_grm_std_uni,1,5.939731597900391,-6.054080009460449,1
OneHandOrebaV3_1060_1_grm_std_uni,1,5.607505798339844,-5.556252956390381,1
OneHandOrebaV3_1060_1_grm_std_uni,1,4.869375228881836,-4.920985698699951,1
OneHandOrebaV3_1060_1_grm_std_uni,1,4.220736503601074,-4.410221576690674,1
OneHandOrebaV3_1060_1_grm_std_uni,1,4.317864418029785,-4.298207759857178,1
OneHandOrebaV3_1060_1_grm_std_uni,1,5.302525997161865,-4.8129496574401855,1
OneHandOrebaV3_1060_1_grm_std_uni,1,6.296391010284424,-6.041471004486084,1
OneHandOrebaV3_1060_1_grm_std_uni,1,6.945798873901367,-6.936448574066162,1
OneHandOrebaV3_1060_1_grm_std_uni,1,6.7817487716674805,-6.8334856033325195,1
OneHandOrebaV3_1060_1_grm_std_uni,1,6.586085796356201,-6.616485595703125,1
OneHandOrebaV3_1060_1_grm_std_uni,1,6.797708034515381,-6.44244909286499,1
OneHandOrebaV3_1060_1_grm_std_uni,1,7.226274490356445,-7.015401363372803,1
OneHandOrebaV3_1060_1_grm_std_uni,1,7.6785149574279785,-7.635293960571289,1
OneHandOrebaV3_1060_1_grm_std_uni,1,7.817488193511963,-7.523983955383301,1
OneHandOrebaV3_1060_1_grm_std_uni,1,7.559175491333008,-7.182709217071533,1
OneHandOrebaV3_1060_1_grm_std_uni,1,7.415459632873535,-7.130237579345703,1
OneHandOrebaV3_1060_1_grm_std_uni,1,7.12653923034668,-6.7537760734558105,1
OneHandOrebaV3_1060_1_grm_std_uni,1,7.217317581176758,-6.815366268157959,1
OneHandOrebaV3_1060_1_grm_std_uni,1,6.95275354385376,-6.440622329711914,1
OneHandOrebaV3_1060_1_grm_std_uni,1,6.698086261749268,-5.909357070922852,1
OneHandOrebaV3_1060_1_grm_std_uni,1,6.420994281768799,-5.913406848907471,1
OneHandOrebaV3_1060_1_grm_std_uni,1,6.718342304229736,-6.783498764038086,1
OneHandOrebaV3_1060_1_grm_std_uni,1,6.921749591827393,-7.289180755615234,1
OneHandOrebaV3_1060_1_grm_std_uni,1,6.766118049621582,-6.941053867340088,1
OneHandOrebaV3_1060_1_grm_std_uni,1,6.643460273742676,-6.8534255027771,1
OneHandOrebaV3_1060_1_grm_std_uni,1,6.033854007720947,-6.335249423980713,1
OneHandOrebaV3_1060_1_grm_std_uni,1,6.02252721786499,-6.125307559967041,1
OneHandOrebaV3_1060_1_grm_std_uni,1,6.668745040893555,-6.481241226196289,1
OneHandOrebaV3_1060_1_grm_std_uni,1,6.943482398986816,-6.605319023132324,1
OneHandOrebaV3_1060_1_grm_std_uni,1,7.2932963371276855,-7.06107234954834,1
OneHandOrebaV3_1060_1_grm_std_uni,1,7.713451385498047,-7.3965983390808105,1
OneHandOrebaV3_1060_1_grm_std_uni,1,7.401340961456299,-7.071994304656982,1
OneHandOrebaV3_1060_1_grm_std_uni,1,7.321598052978516,-6.824483394622803,1
OneHandOrebaV3_1060_1_grm_std_uni,1,7.145856857299805,-6.660045146942139,1
OneHandOrebaV3_1060_1_grm_std_uni,1,7.162799835205078,-6.776675224304199,1
OneHandOrebaV3_1060_1_grm_std_uni,1,6.794190883636475,-6.718659400939941,1
OneHandOrebaV3_1060_1_grm_std_uni,1,6.587435722351074,-6.462229251861572,1
OneHandOrebaV3_1060_1_grm_std_uni,1,6.160574913024902,-6.0180745124816895,1
OneHandOrebaV3_1060_1_grm_std_uni,1,5.589758396148682,-5.261020183563232,1
OneHandOrebaV3_1060_1_grm_std_uni,1,5.685821056365967,-5.108036994934082,1
OneHandOrebaV3_1060_1_grm_std_uni,1,5.909440040588379,-5.403541088104248,1
OneHandOrebaV3_1060_1_grm_std_uni,1,6.14233922958374,-5.666232585906982,1
OneHandOrebaV3_1060_1_grm_std_uni,1,6.072999954223633,-5.4864606857299805,1
OneHandOrebaV3_1060_1_grm_std_uni,1,5.880066394805908,-5.370776653289795,1
OneHandOrebaV3_1060_1_grm_std_uni,1,5.929463863372803,-5.570843696594238,1
OneHandOrebaV3_1060_1_grm_std_uni,1,6.08895206451416,-5.702254295349121,1
OneHandOrebaV3_1060_1_grm_std_uni,1,6.006316661834717,-5.5292253494262695,1
OneHandOrebaV3_1060_1_grm_std_uni,1,6.221843719482422,-5.627272129058838,1
OneHandOrebaV3_1060_1_grm_std_uni,1,6.624285697937012,-6.0721049308776855,1
OneHandOrebaV3_1060_1_grm_std_uni,1,6.468751907348633,-6.108300685882568,1
OneHandOrebaV3_1060_1_grm_std_uni,1,5.930936813354492,-5.523174285888672,1
OneHandOrebaV3_1060_1_grm_std_uni,1,6.814620018005371,-6.4708757400512695,1
OneHandOrebaV3_1060_1_grm_std_uni,1,7.557626247406006,-7.31760311126709,1
OneHandOrebaV3_1060_1_grm_std_uni,1,7.755833148956299,-7.514862537384033,1
OneHandOrebaV3_1060_1_grm_std_uni,1,7.646261692047119,-7.346817493438721,1
OneHandOrebaV3_1060_1_grm_std_uni,1,6.953973770141602,-6.644096374511719,1
OneHandOrebaV3_1060_1_grm_std_uni,1,6.896468162536621,-6.757495880126953,1
OneHandOrebaV3_1060_1_grm_std_uni,1,7.159494876861572,-6.876195430755615,1
OneHandOrebaV3_1060_1_grm_std_uni,1,6.978294849395752,-6.660571098327637,1
OneHandOrebaV3_1060_1_grm_std_uni,1,7.037347316741943,-6.767382621765137,1
OneHandOrebaV3_1060_1_grm_std_uni,1,7.176992893218994,-7.288843154907227,1
OneHandOrebaV3_1060_1_grm_std_uni,1,7.558946132659912,-7.554643630981445,1
OneHandOrebaV3_1060_1_grm_std_uni,1,7.833216667175293,-7.701038837432861,1
OneHandOrebaV3_1060_1_grm_std_uni,1,7.92635440826416,-7.7513885498046875,1
OneHandOrebaV3_1060_1_grm_std_uni,1,7.773874759674072,-7.589480876922607,1
OneHandOrebaV3_1060_1_grm_std_uni,1,7.265400409698486,-7.213820934295654,1
OneHandOrebaV3_1060_1_grm_std_uni,1,7.4581780433654785,-7.26259708404541,1
OneHandOrebaV3_1060_1_grm_std_uni,1,7.20383358001709,-7.032613754272461,1
OneHandOrebaV3_1060_1_grm_std_uni,1,7.184971809387207,-7.2997283935546875,1
OneHandOrebaV3_1060_1_grm_std_uni,1,7.121842384338379,-7.193458080291748,1
OneHandOrebaV3_1060_1_grm_std_uni,1,6.796237945556641,-6.913301467895508,1
OneHandOrebaV3_1060_1_grm_std_uni,1,6.65889310836792,-6.711616516113281,1
OneHandOrebaV3_1060_1_grm_std_uni,1,7.02410888671875,-7.037664890289307,1
OneHandOrebaV3_1060_1_grm_std_uni,1,7.164742469787598,-7.149217128753662,1
OneHandOrebaV3_1060_1_grm_std_uni,1,7.132945537567139,-7.156117916107178,1
OneHandOrebaV3_1060_1_grm_std_uni,1,6.398764133453369,-6.59803581237793,1
OneHandOrebaV3_1060_1_grm_std_uni,1,6.540690898895264,-6.710238456726074,1
OneHandOrebaV3_1060_1_grm_std_uni,1,6.862864017486572,-6.983821392059326,1
OneHandOrebaV3_1060_1_grm_std_uni,1,6.705981254577637,-6.6999664306640625,1
OneHandOrebaV3_1060_1_grm_std_uni,1,6.235167503356934,-6.03502082824707,1
OneHandOrebaV3_1060_1_grm_std_uni,1,6.485476970672607,-6.083232879638672,1
OneHandOrebaV3_1060_1_grm_std_uni,1,7.202847003936768,-6.843671798706055,1
OneHandOrebaV3_1060_1_grm_std_uni,1,7.359491348266602,-7.070335388183594,1
OneHandOrebaV3_1060_1_grm_std_uni,1,7.700451850891113,-7.323151588439941,1
OneHandOrebaV3_1060_1_grm_std_uni,1,7.901909828186035,-7.619507789611816,1
OneHandOrebaV3_1060_1_grm_std_uni,1,7.749703407287598,-7.525586128234863,1
OneHandOrebaV3_1060_1_grm_std_uni,1,7.82412052154541,-7.654870986938477,1
OneHandOrebaV3_1060_1_grm_std_uni,1,7.999969482421875,-7.670478820800781,1
OneHandOrebaV3_1060_1_grm_std_uni,1,7.865758895874023,-7.429187297821045,1
OneHandOrebaV3_1060_1_grm_std_uni,1,7.687326431274414,-7.411549091339111,1
OneHandOrebaV3_1060_1_grm_std_uni,1,7.516897678375244,-7.433669567108154,1
OneHandOrebaV3_1060_1_grm_std_uni,1,7.42064094543457,-7.329561710357666,1
OneHandOrebaV3_1060_1_grm_std_uni,1,7.623310089111328,-7.428436279296875,1
OneHandOrebaV3_1060_1_grm_std_uni,1,7.4146928787231445,-7.109958648681641,1
OneHandOrebaV3_1060_1_grm_std_uni,1,7.413907527923584,-7.148972511291504,1
OneHandOrebaV3_1060_1_grm_std_uni,1,7.210488796234131,-6.847446441650391,1
OneHandOrebaV3_1060_1_grm_std_uni,1,7.585683345794678,-7.266656875610352,1
OneHandOrebaV3_1060_1_grm_std_uni,1,7.499673366546631,-7.250207901000977,1
OneHandOrebaV3_1060_1_grm_std_uni,1,7.283785343170166,-7.14958381652832,1
OneHandOrebaV3_1060_1_grm_std_uni,1,7.186313629150391,-7.189568042755127,1
OneHandOrebaV3_1060_1_grm_std_uni,1,7.33602237701416,-7.459383964538574,1
OneHandOrebaV3_1060_1_grm_std_uni,1,7.471251487731934,-7.465403079986572,1
OneHandOrebaV3_1060_1_grm_std_uni,1,7.566495895385742,-7.4593586921691895,1
OneHandOrebaV3_1060_1_grm_std_uni,1,7.600556373596191,-7.473106384277344,1
OneHandOrebaV3_1060_1_grm_std_uni,1,7.648833751678467,-7.383863925933838,1
OneHandOrebaV3_1060_1_grm_std_uni,1,7.253722667694092,-7.313413143157959,1
OneHandOrebaV3_1060_1_grm_std_uni,1,6.921821594238281,-7.076172351837158,1
OneHandOrebaV3_1060_1_grm_std_uni,1,6.791749000549316,-6.796986103057861,1
OneHandOrebaV3_1060_1_grm_std_uni,1,6.97592830657959,-7.019100666046143,1
OneHandOrebaV3_1060_1_grm_std_uni,1,7.353769302368164,-7.266476631164551,1
OneHandOrebaV3_1060_1_grm_std_uni,1,7.357773780822754,-7.162407875061035,1
OneHandOrebaV3_1060_1_grm_std_uni,1,7.3804121017456055,-7.219852447509766,1
OneHandOrebaV3_1060_1_grm_std_uni,1,7.297277927398682,-7.219033241271973,1
OneHandOrebaV3_1060_1_grm_std_uni,1,7.296755313873291,-7.203765392303467,1
OneHandOrebaV3_1060_1_grm_std_uni,1,7.345797061920166,-7.32968282699585,1
OneHandOrebaV3_1060_1_grm_std_uni,1,7.352607250213623,-7.192144870758057,1
OneHandOrebaV3_1060_1_grm_std_uni,1,7.239017009735107,-7.216529369354248,1
OneHandOrebaV3_1060_1_grm_std_uni,1,6.964082717895508,-7.121138095855713,1
OneHandOrebaV3_1060_1_grm_std_uni,1,6.895374298095703,-7.071053504943848,1
OneHandOrebaV3_1060_1_grm_std_uni,1,7.041521072387695,-7.013880252838135,1
OneHandOrebaV3_1060_1_grm_std_uni,1,7.049651622772217,-7.042208671569824,1
OneHandOrebaV3_1060_1_grm_std_uni,1,7.109557628631592,-7.127290725708008,1
OneHandOrebaV3_1060_1_grm_std_uni,1,7.0421552658081055,-6.957970142364502,1
OneHandOrebaV3_1060_1_grm_std_uni,1,6.662664890289307,-6.641425132751465,1
OneHandOrebaV3_1060_1_grm_std_uni,1,6.8127055168151855,-6.830819129943848,1
OneHandOrebaV3_1060_1_grm_std_uni,1,6.540152072906494,-6.754722595214844,1
OneHandOrebaV3_1060_1_grm_std_uni,1,6.32423210144043,-6.34997034072876,1
OneHandOrebaV3_1060_1_grm_std_uni,1,6.515928745269775,-6.404780864715576,1
OneHandOrebaV3_1060_1_grm_std_uni,1,7.058311939239502,-6.714698314666748,1
OneHandOrebaV3_1060_1_grm_std_uni,1,7.293065547943115,-6.906579494476318,1
OneHandOrebaV3_1060_1_grm_std_uni,1,7.159351348876953,-6.855963706970215,1
OneHandOrebaV3_1060_1_grm_std_uni,1,6.851778030395508,-6.796699523925781,1
OneHandOrebaV3_1060_1_grm_std_uni,1,6.9897003173828125,-6.996363162994385,1
OneHandOrebaV3_1060_1_grm_std_uni,1,6.998535633087158,-6.991363525390625,1
OneHandOrebaV3_1060_1_grm_std_uni,1,7.039772033691406,-6.89116907119751,1
OneHandOrebaV3_1060_1_grm_std_uni,1,7.347305774688721,-6.847133159637451,1
OneHandOrebaV3_1060_1_grm_std_uni,1,7.257374286651611,-6.858823776245117,1
OneHandOrebaV3_1060_1_grm_std_uni,1,7.111865520477295,-7.026184558868408,1
OneHandOrebaV3_1060_1_grm_std_uni,1,7.086071491241455,-7.083435535430908,1
OneHandOrebaV3_1060_1_grm_std_uni,1,6.765048980712891,-6.851871013641357,1
OneHandOrebaV3_1060_1_grm_std_uni,1,6.300401210784912,-6.688911437988281,1
OneHandOrebaV3_1060_1_grm_std_uni,1,6.032901287078857,-6.183124542236328,1
OneHandOrebaV3_1060_1_grm_std_uni,1,6.593369483947754,-6.439095973968506,1
OneHandOrebaV3_1060_1_grm_std_uni,1,6.838368892669678,-6.618464469909668,1
OneHandOrebaV3_1060_1_grm_std_uni,1,6.963803291320801,-6.572817802429199,1
OneHandOrebaV3_1060_1_grm_std_uni,1,6.345754146575928,-5.898446559906006,1
OneHandOrebaV3_1060_1_grm_std_uni,1,6.8511433601379395,-6.334701061248779,1
OneHandOrebaV3_1060_1_grm_std_uni,1,7.259160995483398,-6.8441338539123535,1
OneHandOrebaV3_1060_1_grm_std_uni,1,7.515349864959717,-7.056576251983643,1
OneHandOrebaV3_1060_1_grm_std_uni,1,7.614949703216553,-7.030406475067139,1
OneHandOrebaV3_1060_1_grm_std_uni,1,7.1326422691345215,-6.531191349029541,1
OneHandOrebaV3_1060_1_grm_std_uni,1,6.913341999053955,-6.694385528564453,1
OneHandOrebaV3_1060_1_grm_std_uni,1,6.94913387298584,-6.771543025970459,1
OneHandOrebaV3_1060_1_grm_std_uni,1,6.835351467132568,-6.4143781661987305,1
OneHandOrebaV3_1060_1_grm_std_uni,1,6.902102470397949,-6.647887229919434,1
OneHandOrebaV3_1060_1_grm_std_uni,1,7.178768634796143,-7.1637749671936035,1
OneHandOrebaV3_1060_1_grm_std_uni,1,7.367927074432373,-7.293086051940918,1
OneHandOrebaV3_1060_1_grm_std_uni,1,7.671328067779541,-7.485424995422363,1
OneHandOrebaV3_1060_1_grm_std_uni,1,7.382585048675537,-7.360387802124023,1
OneHandOrebaV3_1060_1_grm_std_uni,1,7.3183369636535645,-7.205499649047852,1
OneHandOrebaV3_1060_1_grm_std_uni,1,7.046243190765381,-7.065388202667236,1
OneHandOrebaV3_1060_1_grm_std_uni,1,7.137609958648682,-7.123040676116943,1
OneHandOrebaV3_1060_1_grm_std_uni,1,7.210782527923584,-7.402323246002197,1
OneHandOrebaV3_1060_1_grm_std_uni,1,7.344140529632568,-7.599097728729248,1
OneHandOrebaV3_1060_1_grm_std_uni,1,7.259270668029785,-7.311007976531982,1
OneHandOrebaV3_1060_1_grm_std_uni,1,6.851478576660156,-6.920967102050781,1
OneHandOrebaV3_1060_1_grm_std_uni,1,6.696588039398193,-6.9976487159729,1
OneHandOrebaV3_1060_1_grm_std_uni,1,7.022603988647461,-7.367389678955078,1
OneHandOrebaV3_1060_1_grm_std_uni,1,6.7701029777526855,-7.363437652587891,1
OneHandOrebaV3_1060_1_grm_std_uni,1,6.5267229080200195,-6.823462963104248,1
OneHandOrebaV3_1060_1_grm_std_uni,1,6.304611682891846,-6.134576797485352,1
OneHandOrebaV3_1060_1_grm_std_uni,1,6.039412975311279,-5.793946743011475,1
OneHandOrebaV3_1060_1_grm_std_uni,1,6.477419853210449,-6.220930576324463,1
OneHandOrebaV3_1060_1_grm_std_uni,1,6.857339382171631,-6.330167770385742,1
OneHandOrebaV3_1060_1_grm_std_uni,1,7.084882736206055,-6.796952724456787,1
OneHandOrebaV3_1060_1_grm_std_uni,1,6.873993873596191,-7.096490859985352,1
OneHandOrebaV3_1060_1_grm_std_uni,1,6.562222480773926,-6.766812801361084,1
OneHandOrebaV3_1060_1_grm_std_uni,1,6.814205646514893,-7.178080081939697,1
OneHandOrebaV3_1060_1_grm_std_uni,1,6.87717342376709,-7.296472549438477,1
OneHandOrebaV3_1060_1_grm_std_uni,1,6.161199569702148,-6.833422660827637,1
OneHandOrebaV3_1060_1_grm_std_uni,1,5.741308212280273,-6.420473575592041,1
OneHandOrebaV3_1060_1_grm_std_uni,1,5.549593925476074,-6.382338523864746,1
OneHandOrebaV3_1060_1_grm_std_uni,1,5.688210964202881,-6.56502628326416,1
OneHandOrebaV3_1060_1_grm_std_uni,1,5.231494426727295,-6.658763885498047,1
OneHandOrebaV3_1060_1_grm_std_uni,1,1.3468616008758545,-2.338750123977661,1
OneHandOrebaV3_1060_1_grm_std_uni,1,0.09463444352149963,-0.14757658541202545,1
OneHandOrebaV3_1060_1_grm_std_uni,1,2.9923501014709473,-2.931840419769287,1
OneHandOrebaV3_1060_1_grm_std_uni,1,5.384725093841553,-5.639128684997559,1
OneHandOrebaV3_1060_1_grm_std_uni,1,6.313254356384277,-6.470034122467041,1
OneHandOrebaV3_1060_1_grm_std_uni,1,6.255301475524902,-6.2685322761535645,1
OneHandOrebaV3_1060_1_grm_std_uni,1,5.947371959686279,-5.962888240814209,1
OneHandOrebaV3_1060_1_grm_std_uni,1,5.854856491088867,-5.877040386199951,1
OneHandOrebaV3_1060_1_grm_std_uni,1,5.873787879943848,-6.197745323181152,1
OneHandOrebaV3_1060_1_grm_std_uni,1,5.714505672454834,-6.594265460968018,1
OneHandOrebaV3_1060_1_grm_std_uni,1,5.485722064971924,-6.636656761169434,1
OneHandOrebaV3_1060_1_grm_std_uni,1,5.2391815185546875,-6.533770561218262,1
OneHandOrebaV3_1060_1_grm_std_uni,1,5.092142105102539,-6.366520404815674,1
OneHandOrebaV3_1060_1_grm_std_uni,1,5.039818286895752,-6.225019931793213,1
OneHandOrebaV3_1060_1_grm_std_uni,1,4.816572666168213,-5.762857437133789,1
OneHandOrebaV3_1060_1_grm_std_uni,1,4.896949291229248,-5.474275588989258,1
OneHandOrebaV3_1060_1_grm_std_uni,1,5.887583255767822,-6.192887783050537,1
OneHandOrebaV3_1060_1_grm_std_uni,1,6.655108451843262,-6.594358921051025,1
OneHandOrebaV3_1060_1_grm_std_uni,1,7.2089152336120605,-7.091039180755615,1
OneHandOrebaV3_1060_1_grm_std_uni,1,7.057175636291504,-7.09181547164917,1
OneHandOrebaV3_1060_1_grm_std_uni,1,6.1743855476379395,-6.303106307983398,1
OneHandOrebaV3_1060_1_grm_std_uni,1,5.4808149337768555,-5.432572841644287,1
OneHandOrebaV3_1060_1_grm_std_uni,1,5.208548069000244,-5.171722888946533,1
OneHandOrebaV3_1060_1_grm_std_uni,1,5.427879810333252,-5.859916687011719,1
OneHandOrebaV3_1060_1_grm_std_uni,1,5.703387260437012,-6.286750316619873,1
OneHandOrebaV3_1060_1_grm_std_uni,1,5.759869575500488,-6.251805305480957,1
OneHandOrebaV3_1060_1_grm_std_uni,1,5.876075267791748,-6.352142810821533,1
OneHandOrebaV3_1060_1_grm_std_uni,1,5.7562079429626465,-6.0970048904418945,1
OneHandOrebaV3_1060_1_grm_std_uni,1,5.637719631195068,-6.002626895904541,1
OneHandOrebaV3_1060_1_grm_std_uni,1,5.838161945343018,-6.144766807556152,1
OneHandOrebaV3_1060_1_grm_std_uni,1,6.524011611938477,-7.0519843101501465,1
OneHandOrebaV3_1060_1_grm_std_uni,1,6.539920806884766,-7.321953296661377,1
OneHandOrebaV3_1060_1_grm_std_uni,1,6.356446266174316,-6.994524002075195,1
OneHandOrebaV3_1060_1_grm_std_uni,1,6.0979180335998535,-6.5638628005981445,1
OneHandOrebaV3_1060_1_grm_std_uni,1,5.74086856842041,-5.969665050506592,1
OneHandOrebaV3_1060_1_grm_std_uni,1,5.437856674194336,-5.789807319641113,1
OneHandOrebaV3_1060_1_grm_std_uni,1,5.9564924240112305,-6.2306013107299805,1
OneHandOrebaV3_1060_1_grm_std_uni,1,6.3808512687683105,-6.403374671936035,1
OneHandOrebaV3_1060_1_grm_std_uni,1,6.487123012542725,-6.475763320922852,1
OneHandOrebaV3_1060_1_grm_std_uni,1,6.074230194091797,-6.110988140106201,1
OneHandOrebaV3_1060_1_grm_std_uni,1,6.058037281036377,-6.154500961303711,1
OneHandOrebaV3_1060_1_grm_std_uni,1,5.877099514007568,-6.103565216064453,1
OneHandOrebaV3_1060_1_grm_std_uni,1,5.760541915893555,-6.175268173217773,1
OneHandOrebaV3_1060_1_grm_std_uni,1,5.639461517333984,-6.427371501922607,1
OneHandOrebaV3_1060_1_grm_std_uni,1,5.653212547302246,-6.640700817108154,1
OneHandOrebaV3_1060_1_grm_std_uni,1,5.660061836242676,-6.531344890594482,1
OneHandOrebaV3_1060_1_grm_std_uni,1,5.4950690269470215,-6.3458991050720215,1
OneHandOrebaV3_1060_1_grm_std_uni,1,5.123456001281738,-6.3244853019714355,1
OneHandOrebaV3_1060_1_grm_std_uni,1,5.0204691886901855,-6.598509311676025,1
OneHandOrebaV3_1060_1_grm_std_uni,1,4.900645732879639,-6.614716529846191,1
OneHandOrebaV3_1060_1_grm_std_uni,1,4.928934097290039,-6.538156509399414,1
OneHandOrebaV3_1060_1_grm_std_uni,1,4.984256744384766,-6.469765663146973,1
OneHandOrebaV3_1060_1_grm_std_uni,1,4.994522571563721,-6.436671257019043,1
OneHandOrebaV3_1060_1_grm_std_uni,1,4.967313766479492,-6.416113376617432,1
OneHandOrebaV3_1060_1_grm_std_uni,1,4.9247002601623535,-6.392709732055664,1
OneHandOrebaV3_1060_1_grm_std_uni,1,4.988417625427246,-6.484734535217285,1
OneHandOrebaV3_1060_1_grm_std_uni,1,5.013431549072266,-6.475058555603027,1
OneHandOrebaV3_1060_1_grm_std_uni,1,5.023500919342041,-6.411534786224365,1
OneHandOrebaV3_1060_1_grm_std_uni,1,5.0513014793396,-6.315532684326172,1
OneHandOrebaV3_1060_1_grm_std_uni,1,5.011352062225342,-6.158106803894043,1
OneHandOrebaV3_1060_1_grm_std_uni,1,5.016168594360352,-6.023560523986816,1
OneHandOrebaV3_1060_1_grm_std_uni,1,4.959555625915527,-5.838710308074951,1
OneHandOrebaV3_1060_1_grm_std_uni,1,4.885221481323242,-5.644299030303955,1
OneHandOrebaV3_1060_1_grm_std_uni,1,4.565788745880127,-5.235922813415527,1
OneHandOrebaV3_1060_1_grm_std_uni,1,4.448498725891113,-5.186964511871338,1
OneHandOrebaV3_1060_1_grm_std_uni,1,4.684030532836914,-5.308133602142334,1
OneHandOrebaV3_1060_1_grm_std_uni,1,4.98028564453125,-5.708246231079102,1
OneHandOrebaV3_1060_1_grm_std_uni,1,4.935830116271973,-5.759123802185059,1
OneHandOrebaV3_1060_1_grm_std_uni,1,5.279902935028076,-6.022337913513184,1
OneHandOrebaV3_1060_1_grm_std_uni,1,6.2894134521484375,-6.390201568603516,1
OneHandOrebaV3_1060_1_grm_std_uni,1,6.7289719581604,-6.531650543212891,1
OneHandOrebaV3_1060_1_grm_std_uni,1,7.716659069061279,-7.426493167877197,1
OneHandOrebaV3_1060_1_grm_std_uni,1,7.714948654174805,-7.708333492279053,1
OneHandOrebaV3_1060_1_grm_std_uni,1,7.208285331726074,-7.359339237213135,1
OneHandOrebaV3_1060_1_grm_std_uni,1,7.198370456695557,-7.254017353057861,1
OneHandOrebaV3_1060_1_grm_std_uni,1,6.841211318969727,-6.954530715942383,1
OneHandOrebaV3_1060_1_grm_std_uni,1,5.7263054847717285,-5.729001522064209,1
OneHandOrebaV3_1060_1_grm_std_uni,1,6.4640631675720215,-6.3159894943237305,1
OneHandOrebaV3_1060_1_grm_std_uni,1,7.6959123611450195,-7.594318866729736,1
OneHandOrebaV3_1060_1_grm_std_uni,1,8.175271034240723,-8.148001670837402,1
OneHandOrebaV3_1060_1_grm_std_uni,1,8.333487510681152,-8.20207405090332,1
OneHandOrebaV3_1060_1_grm_std_uni,1,8.190901756286621,-8.088350296020508,1
OneHandOrebaV3_1060_1_grm_std_uni,1,7.940855979919434,-7.8052978515625,1
OneHandOrebaV3_1060_1_grm_std_uni,1,8.052572250366211,-7.854123115539551,1
OneHandOrebaV3_1060_1_grm_std_uni,1,7.678890705108643,-7.544222831726074,1
OneHandOrebaV3_1060_1_grm_std_uni,1,7.269841194152832,-7.25281286239624,1
OneHandOrebaV3_1060_1_grm_std_uni,1,7.539332866668701,-7.418437957763672,1
OneHandOrebaV3_1060_1_grm_std_uni,1,7.492713928222656,-7.347218990325928,1
OneHandOrebaV3_1060_1_grm_std_uni,1,7.416464328765869,-7.201073169708252,1
OneHandOrebaV3_1060_1_grm_std_uni,1,7.275320053100586,-7.05503511428833,1
OneHandOrebaV3_1060_1_grm_std_uni,1,7.246023654937744,-6.9941935539245605,1
OneHandOrebaV3_1060_1_grm_std_uni,1,7.250119686126709,-7.061132907867432,1
OneHandOrebaV3_1060_1_grm_std_uni,1,7.300876617431641,-7.191927909851074,1
OneHandOrebaV3_1060_1_grm_std_uni,1,7.363951683044434,-7.285694122314453,1
OneHandOrebaV3_1060_1_grm_std_uni,1,6.95499324798584,-6.945306301116943,1
OneHandOrebaV3_1060_1_grm_std_uni,1,7.044345378875732,-6.9121246337890625,1
OneHandOrebaV3_1060_1_grm_std_uni,1,6.5777153968811035,-6.526099681854248,1
OneHandOrebaV3_1060_1_grm_std_uni,1,6.361264228820801,-6.38688850402832,1
OneHandOrebaV3_1060_1_grm_std_uni,1,6.605243682861328,-6.505284786224365,1
OneHandOrebaV3_1060_1_grm_std_uni,1,6.4334397315979,-6.274977207183838,1
OneHandOrebaV3_1060_1_grm_std_uni,1,6.679397106170654,-6.722235679626465,1
OneHandOrebaV3_1060_1_grm_std_uni,1,7.4271111488342285,-7.293850898742676,1
OneHandOrebaV3_1060_1_grm_std_uni,1,7.478470325469971,-7.215811729431152,1
OneHandOrebaV3_1060_1_grm_std_uni,1,7.3153076171875,-7.307950019836426,1
OneHandOrebaV3_1060_1_grm_std_uni,1,7.316061496734619,-7.423515319824219,1
OneHandOrebaV3_1060_1_grm_std_uni,1,7.342568874359131,-7.303604602813721,1
OneHandOrebaV3_1060_1_grm_std_uni,1,7.5687665939331055,-7.352504253387451,1
OneHandOrebaV3_1060_1_grm_std_uni,1,7.40831184387207,-7.14329195022583,1
OneHandOrebaV3_1060_1_grm_std_uni,1,7.242407321929932,-7.168861389160156,1
OneHandOrebaV3_1060_1_grm_std_uni,1,7.2155680656433105,-7.2684807777404785,1
OneHandOrebaV3_1060_1_grm_std_uni,1,7.38057279586792,-7.552826404571533,1
OneHandOrebaV3_1060_1_grm_std_uni,1,7.094897270202637,-7.139655113220215,1
OneHandOrebaV3_1060_1_grm_std_uni,1,6.427412033081055,-6.505180835723877,1
OneHandOrebaV3_1060_1_grm_std_uni,1,5.685514450073242,-5.908351898193359,1
OneHandOrebaV3_1060_1_grm_std_uni,1,5.965157985687256,-6.008289813995361,1
OneHandOrebaV3_1060_1_grm_std_uni,1,6.387887477874756,-6.369961261749268,1
OneHandOrebaV3_1060_1_grm_std_uni,1,6.024899482727051,-5.964542865753174,1
OneHandOrebaV3_1060_1_grm_std_uni,1,5.5751633644104,-5.500918865203857,1
OneHandOrebaV3_1060_1_grm_std_uni,1,5.315371990203857,-5.330825328826904,1
OneHandOrebaV3_1060_1_grm_std_uni,1,5.449787616729736,-5.570425510406494,1
OneHandOrebaV3_1060_1_grm_std_uni,1,6.071701526641846,-6.005465507507324,1
OneHandOrebaV3_1060_1_grm_std_uni,1,6.3865647315979,-6.240124702453613,1
OneHandOrebaV3_1060_1_grm_std_uni,1,6.508465766906738,-6.391866207122803,1
OneHandOrebaV3_1060_1_grm_std_uni,1,6.3601226806640625,-6.3254547119140625,1
OneHandOrebaV3_1060_1_grm_std_uni,1,6.6751227378845215,-6.563022613525391,1
OneHandOrebaV3_1060_1_grm_std_uni,1,6.702789783477783,-6.546451568603516,1
OneHandOrebaV3_1060_1_grm_std_uni,1,6.642612457275391,-6.448109149932861,1
OneHandOrebaV3_1060_1_grm_std_uni,1,7.192763328552246,-6.981809616088867,1
OneHandOrebaV3_1060_1_grm_std_uni,1,7.150472640991211,-6.797682762145996,1
OneHandOrebaV3_1060_1_grm_std_uni,1,6.743802070617676,-6.370270252227783,1
OneHandOrebaV3_1060_1_grm_std_uni,1,6.504830360412598,-6.241429328918457,1
OneHandOrebaV3_1060_1_grm_std_uni,1,6.583143711090088,-6.387960910797119,1
OneHandOrebaV3_1060_1_grm_std_uni,1,6.846972465515137,-6.679206848144531,1
OneHandOrebaV3_1060_1_grm_std_uni,1,6.710035800933838,-6.458367824554443,1
OneHandOrebaV3_1060_1_grm_std_uni,1,6.8986592292785645,-6.715705871582031,1
OneHandOrebaV3_1060_1_grm_std_uni,1,6.712069511413574,-6.413046836853027,1
OneHandOrebaV3_1060_1_grm_std_uni,1,6.735209941864014,-6.576624393463135,1
OneHandOrebaV3_1060_1_grm_std_uni,1,6.57146692276001,-6.636178970336914,1
OneHandOrebaV3_1060_1_grm_std_uni,1,6.934079170227051,-6.9424052238464355,1
OneHandOrebaV3_1060_1_grm_std_uni,1,7.267740249633789,-7.1722187995910645,1
OneHandOrebaV3_1060_1_grm_std_uni,1,7.313333034515381,-7.318845272064209,1
OneHandOrebaV3_1060_1_grm_std_uni,1,7.308124542236328,-7.2283196449279785,1
OneHandOrebaV3_1060_1_grm_std_uni,1,7.003942966461182,-6.660925388336182,1
OneHandOrebaV3_1060_1_grm_std_uni,1,6.537242889404297,-6.116095542907715,1
OneHandOrebaV3_1060_1_grm_std_uni,1,6.570742607116699,-6.2923736572265625,1
OneHandOrebaV3_1060_1_grm_std_uni,1,6.7552995681762695,-6.55972957611084,1
OneHandOrebaV3_1060_1_grm_std_uni,1,6.896212100982666,-6.899693489074707,1
OneHandOrebaV3_1060_1_grm_std_uni,1,7.33483362197876,-7.3950324058532715,1
OneHandOrebaV3_1060_1_grm_std_uni,1,7.261726379394531,-7.172511100769043,1
OneHandOrebaV3_1060_1_grm_std_uni,1,7.252058029174805,-7.324850082397461,1
OneHandOrebaV3_1060_1_grm_std_uni,1,7.203571319580078,-7.283141613006592,1
OneHandOrebaV3_1060_1_grm_std_uni,1,6.825488567352295,-7.10548734664917,1
OneHandOrebaV3_1060_1_grm_std_uni,1,6.276763916015625,-6.5463361740112305,1
OneHandOrebaV3_1060_1_grm_std_uni,1,4.98451566696167,-5.158257961273193,1
OneHandOrebaV3_1060_1_grm_std_uni,1,4.298327922821045,-4.5309271812438965,1
OneHandOrebaV3_1060_1_grm_std_uni,1,5.295828819274902,-5.499366760253906,1
OneHandOrebaV3_1060_1_grm_std_uni,1,6.618015766143799,-6.557746887207031,1
OneHandOrebaV3_1060_1_grm_std_uni,1,6.846370697021484,-6.61314058303833,1
OneHandOrebaV3_1060_1_grm_std_uni,1,7.022701263427734,-6.723389148712158,1
OneHandOrebaV3_1060_1_grm_std_uni,1,7.26532506942749,-6.6045145988464355,1
OneHandOrebaV3_1060_1_grm_std_uni,1,7.13114070892334,-6.493622303009033,1
OneHandOrebaV3_1060_1_grm_std_uni,1,7.051151752471924,-6.622744083404541,1
OneHandOrebaV3_1060_1_grm_std_uni,1,6.910007476806641,-6.665140151977539,1
OneHandOrebaV3_1060_1_grm_std_uni,1,6.470297813415527,-6.197004795074463,1
OneHandOrebaV3_1060_1_grm_std_uni,1,6.664059162139893,-6.2342658042907715,1
OneHandOrebaV3_1060_1_grm_std_uni,1,7.140335559844971,-6.589463710784912,1
OneHandOrebaV3_1060_1_grm_std_uni,1,7.224498748779297,-6.828296184539795,1
OneHandOrebaV3_1060_1_grm_std_uni,1,6.882232666015625,-6.780386447906494,1
OneHandOrebaV3_1060_1_grm_std_uni,1,6.144440650939941,-6.071380615234375,1
OneHandOrebaV3_1060_1_grm_std_uni,1,5.4680657386779785,-5.477694034576416,1
OneHandOrebaV3_1060_1_grm_std_uni,1,5.816917419433594,-5.825390815734863,1
OneHandOrebaV3_1060_1_grm_std_uni,1,6.517124652862549,-6.728971004486084,1
OneHandOrebaV3_1060_1_grm_std_uni,1,6.043246746063232,-6.466690540313721,1
OneHandOrebaV3_1060_1_grm_std_uni,1,5.941707611083984,-6.042246341705322,1
OneHandOrebaV3_1060_1_grm_std_uni,1,6.248471736907959,-5.656194686889648,1
OneHandOrebaV3_1060_1_grm_std_uni,1,6.688019275665283,-6.231847286224365,1
OneHandOrebaV3_1060_1_grm_std_uni,1,7.080897331237793,-6.920093536376953,1
OneHandOrebaV3_1060_1_grm_std_uni,1,7.1872944831848145,-6.748798370361328,1
OneHandOrebaV3_1060_1_grm_std_uni,1,6.41818380355835,-6.149079322814941,1
OneHandOrebaV3_1060_1_grm_std_uni,1,6.784063339233398,-6.541928291320801,1
OneHandOrebaV3_1060_1_grm_std_uni,1,7.310531139373779,-7.0508294105529785,1
OneHandOrebaV3_1060_1_grm_std_uni,1,7.153233528137207,-6.679426193237305,1
OneHandOrebaV3_1060_1_grm_std_uni,1,6.879192352294922,-6.266814231872559,1
OneHandOrebaV3_1060_1_grm_std_uni,1,6.383950710296631,-5.780826091766357,1
OneHandOrebaV3_1060_1_grm_std_uni,1,5.992218494415283,-5.421395778656006,1
OneHandOrebaV3_1060_1_grm_std_uni,1,6.40211820602417,-5.8399882316589355,1
OneHandOrebaV3_1060_1_grm_std_uni,1,6.850542068481445,-6.376574516296387,1
OneHandOrebaV3_1060_1_grm_std_uni,1,7.452205181121826,-6.862157821655273,1
OneHandOrebaV3_1060_1_grm_std_uni,1,7.443142890930176,-6.828566551208496,1
OneHandOrebaV3_1060_1_grm_std_uni,1,7.096096515655518,-6.62414026260376,1
OneHandOrebaV3_1060_1_grm_std_uni,1,6.640395641326904,-6.318211555480957,1
OneHandOrebaV3_1060_1_grm_std_uni,1,5.9152913093566895,-5.692469120025635,1
OneHandOrebaV3_1060_1_grm_std_uni,1,5.768582344055176,-5.3004279136657715,1
OneHandOrebaV3_1060_1_grm_std_uni,1,5.730112075805664,-5.199646949768066,1
OneHandOrebaV3_1060_1_grm_std_uni,1,5.818193435668945,-5.434008598327637,1
OneHandOrebaV3_1060_1_grm_std_uni,1,5.389483451843262,-4.999021530151367,1
OneHandOrebaV3_1060_1_grm_std_uni,1,5.341330051422119,-5.031215190887451,1
OneHandOrebaV3_1060_1_grm_std_uni,1,5.622675895690918,-5.241593837738037,1
OneHandOrebaV3_1060_1_grm_std_uni,1,5.98585319519043,-5.589488506317139,1
OneHandOrebaV3_1060_1_grm_std_uni,1,6.233253002166748,-6.035764694213867,1
OneHandOrebaV3_1060_1_grm_std_uni,1,7.1367292404174805,-6.77988862991333,1
OneHandOrebaV3_1060_1_grm_std_uni,1,7.03292989730835,-6.58541202545166,1
OneHandOrebaV3_1060_1_grm_std_uni,1,7.095788955688477,-6.549127578735352,1
OneHandOrebaV3_1060_1_grm_std_uni,1,6.971881866455078,-6.582633972167969,1
OneHandOrebaV3_1060_1_grm_std_uni,1,6.574120998382568,-6.297442436218262,1
OneHandOrebaV3_1060_1_grm_std_uni,1,6.079444408416748,-5.781269073486328,1
OneHandOrebaV3_1060_1_grm_std_uni,1,3.3081772327423096,-3.4550466537475586,1
OneHandOrebaV3_1060_1_grm_std_uni,1,3.5884816646575928,-3.125514507293701,1
OneHandOrebaV3_1060_1_grm_std_uni,1,5.388052940368652,-5.014306545257568,1
OneHandOrebaV3_1060_1_grm_std_uni,1,5.942410945892334,-5.404945373535156,1
OneHandOrebaV3_1060_1_grm_std_uni,1,5.980156898498535,-5.492501258850098,1
OneHandOrebaV3_1060_1_grm_std_uni,1,5.907408714294434,-5.360101222991943,1
OneHandOrebaV3_1060_1_grm_std_uni,1,5.043801307678223,-4.704848766326904,1
OneHandOrebaV3_1060_1_grm_std_uni,1,4.449706077575684,-4.805302143096924,1
OneHandOrebaV3_1060_1_grm_std_uni,1,5.112900257110596,-5.902121067047119,1
OneHandOrebaV3_1060_1_grm_std_uni,1,5.372884750366211,-6.315459251403809,1
OneHandOrebaV3_1060_1_grm_std_uni,1,5.232945442199707,-6.319703102111816,1
OneHandOrebaV3_1060_1_grm_std_uni,1,5.103698253631592,-6.469646453857422,1
OneHandOrebaV3_1060_1_grm_std_uni,1,4.991803169250488,-6.568179130554199,1
OneHandOrebaV3_1060_1_grm_std_uni,1,4.89166259765625,-6.50838565826416,1
OneHandOrebaV3_1060_1_grm_std_uni,1,4.819736480712891,-6.353182315826416,1
OneHandOrebaV3_1060_1_grm_std_uni,1,4.799506664276123,-6.308657169342041,1
OneHandOrebaV3_1060_1_grm_std_uni,1,4.776189804077148,-6.270026683807373,1
OneHandOrebaV3_1060_1_grm_std_uni,1,4.800722599029541,-6.265342712402344,1
OneHandOrebaV3_1060_1_grm_std_uni,1,4.833094120025635,-6.261299133300781,1
OneHandOrebaV3_1060_1_grm_std_uni,1,4.825376033782959,-6.217082977294922,1
OneHandOrebaV3_1060_1_grm_std_uni,1,4.777230262756348,-6.171111106872559,1
OneHandOrebaV3_1060_1_grm_std_uni,1,4.791522026062012,-6.203229904174805,1
OneHandOrebaV3_1060_1_grm_std_uni,1,4.725571155548096,-6.185125350952148,1
OneHandOrebaV3_1060_1_grm_std_uni,1,4.739225387573242,-6.223938465118408,1
OneHandOrebaV3_1060_1_grm_std_uni,1,4.76219367980957,-6.2453107833862305,1
OneHandOrebaV3_1060_1_grm_std_uni,1,4.766673564910889,-6.227075099945068,1
OneHandOrebaV3_1060_1_grm_std_uni,1,4.7876739501953125,-6.2153754234313965,1
OneHandOrebaV3_1060_1_grm_std_uni,1,4.779639720916748,-6.177984714508057,1
OneHandOrebaV3_1060_1_grm_std_uni,1,4.817803382873535,-6.180430889129639,1
OneHandOrebaV3_1060_1_grm_std_uni,1,4.804191589355469,-6.159635543823242,1
OneHandOrebaV3_1060_1_grm_std_uni,1,4.81458044052124,-6.1868791580200195,1
OneHandOrebaV3_1060_1_grm_std_uni,1,4.803886890411377,-6.17094612121582,1
OneHandOrebaV3_1060_1_grm_std_uni,1,4.788444995880127,-6.117032527923584,1
OneHandOrebaV3_1060_1_grm_std_uni,1,4.814725399017334,-6.1110711097717285,1
OneHandOrebaV3_1060_1_grm_std_uni,1,4.790157318115234,-6.0819196701049805,1
OneHandOrebaV3_1060_1_grm_std_uni,1,4.824563026428223,-6.1429219245910645,1
OneHandOrebaV3_1060_1_grm_std_uni,1,4.825406551361084,-6.1535444259643555,1
OneHandOrebaV3_1060_1_grm_std_uni,1,4.845432758331299,-6.157131671905518,1
OneHandOrebaV3_1060_1_grm_std_uni,1,4.865235805511475,-6.13979959487915,1
OneHandOrebaV3_1060_1_grm_std_uni,1,4.90488862991333,-6.144256591796875,1
OneHandOrebaV3_1060_1_grm_std_uni,1,4.952430248260498,-6.0761237144470215,1
OneHandOrebaV3_1060_1_grm_std_uni,1,4.969313144683838,-6.011008262634277,1
OneHandOrebaV3_1060_1_grm_std_uni,1,5.015929222106934,-5.992309093475342,1
OneHandOrebaV3_1060_1_grm_std_uni,1,4.955212593078613,-5.922971725463867,1
OneHandOrebaV3_1060_1_grm_std_uni,1,4.972229957580566,-5.910624980926514,1
OneHandOrebaV3_1060_1_grm_std_uni,1,4.967491149902344,-5.876229286193848,1
OneHandOrebaV3_1060_1_grm_std_uni,1,4.954444408416748,-5.837436199188232,1
OneHandOrebaV3_1060_1_grm_std_uni,1,4.973336219787598,-6.014377117156982,1
OneHandOrebaV3_1060_1_grm_std_uni,1,5.044893264770508,-6.296828269958496,1
OneHandOrebaV3_1060_1_grm_std_uni,1,5.014930248260498,-6.360845565795898,1
OneHandOrebaV3_1060_1_grm_std_uni,1,4.998234272003174,-6.385569095611572,1
OneHandOrebaV3_1060_1_grm_std_uni,1,5.033194065093994,-6.311691761016846,1
OneHandOrebaV3_1060_1_grm_std_uni,1,5.081323623657227,-6.151537895202637,1
OneHandOrebaV3_1060_1_grm_std_uni,1,5.124551296234131,-5.986388206481934,1
OneHandOrebaV3_1060_1_grm_std_uni,1,5.093216896057129,-5.8327836990356445,1
OneHandOrebaV3_1060_1_grm_std_uni,1,4.9671807289123535,-5.766643047332764,1
OneHandOrebaV3_1060_1_grm_std_uni,1,4.825897216796875,-5.7192206382751465,1
OneHandOrebaV3_1060_1_grm_std_uni,1,4.643627643585205,-5.480978488922119,1
OneHandOrebaV3_1060_1_grm_std_uni,1,4.541179180145264,-5.102716445922852,1
OneHandOrebaV3_1060_1_grm_std_uni,1,4.177494525909424,-4.474678993225098,1
OneHandOrebaV3_1060_1_grm_std_uni,1,4.128812789916992,-4.590506076812744,1
OneHandOrebaV3_1060_1_grm_std_uni,1,3.430860757827759,-3.9413325786590576,1
OneHandOrebaV3_1060_1_grm_std_uni,1,4.205904483795166,-4.944468975067139,1
OneHandOrebaV3_1060_1_grm_std_uni,1,4.3835129737854,-5.260092258453369,1
OneHandOrebaV3_1060_1_grm_std_uni,1,5.163525581359863,-6.072183609008789,1
OneHandOrebaV3_1060_1_grm_std_uni,1,5.570306777954102,-6.2411699295043945,1
OneHandOrebaV3_1060_1_grm_std_uni,1,5.496644496917725,-5.88597297668457,1
OneHandOrebaV3_1060_1_grm_std_uni,1,5.602315902709961,-5.9738545417785645,1
OneHandOrebaV3_1060_1_grm_std_uni,1,5.738072872161865,-6.782913684844971,1
OneHandOrebaV3_1060_1_grm_std_uni,1,6.030484199523926,-7.231273174285889,1
OneHandOrebaV3_1060_1_grm_std_uni,1,6.041637420654297,-6.962266445159912,1
OneHandOrebaV3_1060_1_grm_std_uni,1,5.587812900543213,-6.419508457183838,1
OneHandOrebaV3_1060_1_grm_std_uni,1,5.384862899780273,-5.995072364807129,1
OneHandOrebaV3_1060_1_grm_std_uni,1,5.881570816040039,-6.198426723480225,1
OneHandOrebaV3_1060_1_grm_std_uni,1,6.485804080963135,-6.421448230743408,1
OneHandOrebaV3_1060_1_grm_std_uni,1,6.828373432159424,-6.4540629386901855,1
OneHandOrebaV3_1060_1_grm_std_uni,1,6.566316604614258,-6.713250637054443,1
OneHandOrebaV3_1060_1_grm_std_uni,1,4.32018518447876,-4.916338920593262,1
OneHandOrebaV3_1060_1_grm_std_uni,1,3.0729901790618896,-3.4713025093078613,1
OneHandOrebaV3_1060_1_grm_std_uni,1,5.184607028961182,-4.956376075744629,1
OneHandOrebaV3_1060_1_grm_std_uni,1,5.803471088409424,-5.139041900634766,1
OneHandOrebaV3_1060_1_grm_std_uni,1,5.712131023406982,-5.176732540130615,1
OneHandOrebaV3_1060_1_grm_std_uni,1,6.776373863220215,-6.297290325164795,1
OneHandOrebaV3_1060_1_grm_std_uni,1,7.6611552238464355,-6.788201332092285,1
OneHandOrebaV3_1060_1_grm_std_uni,1,6.5695414543151855,-6.429341793060303,1
OneHandOrebaV3_1060_1_grm_std_uni,1,6.457769870758057,-6.564992904663086,1
OneHandOrebaV3_1060_1_grm_std_uni,1,6.226759433746338,-6.460384845733643,1
OneHandOrebaV3_1060_1_grm_std_uni,1,3.756986618041992,-3.9391326904296875,1
OneHandOrebaV3_1060_1_grm_std_uni,1,2.611830234527588,-2.0044939517974854,1
OneHandOrebaV3_1060_1_grm_std_uni,1,3.9347476959228516,-3.4128963947296143,1
OneHandOrebaV3_1060_1_grm_std_uni,1,4.3507232666015625,-4.732318878173828,1
OneHandOrebaV3_1060_1_grm_std_uni,1,5.2897725105285645,-5.699245452880859,1
OneHandOrebaV3_1060_1_grm_std_uni,1,6.81685209274292,-6.550873756408691,1
OneHandOrebaV3_1060_1_grm_std_uni,1,6.811071395874023,-6.509696006774902,1
OneHandOrebaV3_1060_1_grm_std_uni,1,6.891302108764648,-6.719593048095703,1
OneHandOrebaV3_1060_1_grm_std_uni,1,7.466638088226318,-7.643651962280273,1
OneHandOrebaV3_1060_1_grm_std_uni,1,6.959287643432617,-7.3145928382873535,1
OneHandOrebaV3_1060_1_grm_std_uni,1,7.0899977684021,-6.949276924133301,1
OneHandOrebaV3_1060_1_grm_std_uni,1,7.18350076675415,-6.792992115020752,1
OneHandOrebaV3_1060_1_grm_std_uni,1,6.6111931800842285,-6.101999282836914,1
OneHandOrebaV3_1060_1_grm_std_uni,1,7.074350357055664,-6.615810871124268,1
OneHandOrebaV3_1060_1_grm_std_uni,1,7.064769268035889,-6.74965238571167,1
OneHandOrebaV3_1060_1_grm_std_uni,1,6.854377746582031,-6.817495822906494,1
OneHandOrebaV3_1060_1_grm_std_uni,1,7.281077861785889,-7.377986907958984,1
OneHandOrebaV3_1060_1_grm_std_uni,1,7.517524719238281,-7.628633499145508,1
OneHandOrebaV3_1060_1_grm_std_uni,1,7.961261749267578,-8.108772277832031,1
OneHandOrebaV3_1060_1_grm_std_uni,1,7.9102463722229,-8.307528495788574,1
OneHandOrebaV3_1060_1_grm_std_uni,1,7.336911201477051,-7.764057636260986,1
OneHandOrebaV3_1060_1_grm_std_uni,1,6.3774495124816895,-6.4983954429626465,1
OneHandOrebaV3_1060_1_grm_std_uni,1,6.79378604888916,-6.571537017822266,1
OneHandOrebaV3_1060_1_grm_std_uni,1,7.02170991897583,-6.720381259918213,1
OneHandOrebaV3_1060_1_grm_std_uni,1,7.047457695007324,-6.738889217376709,1
OneHandOrebaV3_1060_1_grm_std_uni,1,7.052157878875732,-6.922425270080566,1
OneHandOrebaV3_1060_1_grm_std_uni,1,7.483980655670166,-7.3990478515625,1
OneHandOrebaV3_1060_1_grm_std_uni,1,7.670490264892578,-7.5563812255859375,1
OneHandOrebaV3_1060_1_grm_std_uni,1,7.200139999389648,-7.131870746612549,1
OneHandOrebaV3_1060_1_grm_std_uni,1,7.626527309417725,-7.5331244468688965,1
OneHandOrebaV3_1060_1_grm_std_uni,1,7.916027545928955,-7.779232501983643,1
OneHandOrebaV3_1060_1_grm_std_uni,1,7.528984069824219,-7.531060695648193,1
OneHandOrebaV3_1060_1_grm_std_uni,1,7.216409206390381,-7.207492828369141,1
OneHandOrebaV3_1060_1_grm_std_uni,1,7.6905741691589355,-7.6005449295043945,1
OneHandOrebaV3_1060_1_grm_std_uni,1,7.743337631225586,-7.574743747711182,1
OneHandOrebaV3_1060_1_grm_std_uni,1,7.3549628257751465,-7.298042297363281,1
OneHandOrebaV3_1060_1_grm_std_uni,1,7.3701558113098145,-7.279691219329834,1
OneHandOrebaV3_1060_1_grm_std_uni,1,7.134589672088623,-7.091168403625488,1
OneHandOrebaV3_1060_1_grm_std_uni,1,7.204324722290039,-7.000824928283691,1
OneHandOrebaV3_1060_1_grm_std_uni,1,7.428709983825684,-7.399353504180908,1
OneHandOrebaV3_1060_1_grm_std_uni,1,7.521200180053711,-7.812677383422852,1
OneHandOrebaV3_1060_1_grm_std_uni,1,7.312399387359619,-7.700119495391846,1
OneHandOrebaV3_1060_1_grm_std_uni,1,6.889357566833496,-7.018714427947998,1
OneHandOrebaV3_1060_1_grm_std_uni,1,7.054622173309326,-7.122360706329346,1
OneHandOrebaV3_1060_1_grm_std_uni,1,7.306302070617676,-7.408267498016357,1
OneHandOrebaV3_1060_1_grm_std_uni,1,7.077611923217773,-7.116700172424316,1
OneHandOrebaV3_1060_1_grm_std_uni,1,6.7862019538879395,-6.8958740234375,1
OneHandOrebaV3_1060_1_grm_std_uni,1,6.859911918640137,-7.103452682495117,1
OneHandOrebaV3_1060_1_grm_std_uni,1,6.387823104858398,-6.560837745666504,1
OneHandOrebaV3_1060_1_grm_std_uni,1,5.91717529296875,-5.796878337860107,1
OneHandOrebaV3_1060_1_grm_std_uni,1,6.027750492095947,-5.776268482208252,1
OneHandOrebaV3_1060_1_grm_std_uni,1,6.872641563415527,-6.9136152267456055,1
OneHandOrebaV3_1060_1_grm_std_uni,1,7.23568058013916,-7.401248931884766,1
OneHandOrebaV3_1060_1_grm_std_uni,1,6.8382954597473145,-7.253360748291016,1
OneHandOrebaV3_1060_1_grm_std_uni,1,5.948565483093262,-6.506923675537109,1
OneHandOrebaV3_1060_1_grm_std_uni,1,6.368074893951416,-6.677690505981445,1
OneHandOrebaV3_1060_1_grm_std_uni,1,5.7036213874816895,-5.606198310852051,1
OneHandOrebaV3_1060_1_grm_std_uni,1,6.277854919433594,-6.113222599029541,1
OneHandOrebaV3_1060_1_grm_std_uni,1,6.640150547027588,-6.782316207885742,1
OneHandOrebaV3_1060_1_grm_std_uni,1,7.201133728027344,-7.367527484893799,1
OneHandOrebaV3_1060_1_grm_std_uni,1,6.512175559997559,-6.993014335632324,1
OneHandOrebaV3_1060_1_grm_std_uni,1,5.398304462432861,-5.88524055480957,1
OneHandOrebaV3_1060_1_grm_std_uni,1,5.283682346343994,-5.773159980773926,1
OneHandOrebaV3_1060_1_grm_std_uni,1,5.600043773651123,-6.0743184089660645,1
OneHandOrebaV3_1060_1_grm_std_uni,1,6.072381496429443,-6.357594013214111,1
OneHandOrebaV3_1060_1_grm_std_uni,1,5.365638256072998,-6.172435283660889,1
OneHandOrebaV3_1060_1_grm_std_uni,1,4.155191421508789,-5.051650524139404,1
OneHandOrebaV3_1060_1_grm_std_uni,1,1.3449615240097046,-1.6958143711090088,1
OneHandOrebaV3_1060_1_grm_std_uni,1,0.9638117551803589,-1.40842604637146,1
OneHandOrebaV3_1060_1_grm_std_uni,1,2.6885361671447754,-2.5508134365081787,1
OneHandOrebaV3_1060_1_grm_std_uni,1,4.326070308685303,-4.244754791259766,1
OneHandOrebaV3_1060_1_grm_std_uni,1,4.537721157073975,-4.536976337432861,1
OneHandOrebaV3_1060_1_grm_std_uni,1,5.891567707061768,-5.999608993530273,1
OneHandOrebaV3_1060_1_grm_std_uni,1,7.21456241607666,-7.6035614013671875,1
OneHandOrebaV3_1060_1_grm_std_uni,1,7.240394592285156,-7.416711330413818,1
OneHandOrebaV3_1060_1_grm_std_uni,1,6.584885597229004,-6.760571479797363,1
OneHandOrebaV3_1060_1_grm_std_uni,1,6.506038665771484,-6.49447774887085,1
OneHandOrebaV3_1060_1_grm_std_uni,1,6.799951553344727,-6.776437282562256,1
OneHandOrebaV3_1060_1_grm_std_uni,1,6.129827976226807,-6.56170654296875,1
OneHandOrebaV3_1060_1_grm_std_uni,1,3.9513561725616455,-5.112390995025635,1
OneHandOrebaV3_1060_1_grm_std_uni,1,3.247786045074463,-4.135537147521973,1
OneHandOrebaV3_1060_1_grm_std_uni,1,4.248435020446777,-4.478845596313477,1
OneHandOrebaV3_1060_1_grm_std_uni,1,4.762303352355957,-4.906306743621826,1
OneHandOrebaV3_1060_1_grm_std_uni,1,3.630016565322876,-2.7882473468780518,1
OneHandOrebaV3_1060_1_grm_std_uni,1,3.1338846683502197,-2.687357187271118,1
OneHandOrebaV3_1060_1_grm_std_uni,1,5.02604341506958,-4.784449577331543,1
OneHandOrebaV3_1060_1_grm_std_uni,1,5.535554885864258,-6.321486949920654,1
OneHandOrebaV3_1060_1_grm_std_uni,1,5.502521514892578,-6.613855838775635,1
OneHandOrebaV3_1060_1_grm_std_uni,1,5.696863174438477,-6.865235328674316,1
OneHandOrebaV3_1060_1_grm_std_uni,1,5.974296569824219,-7.370731353759766,1
OneHandOrebaV3_1060_1_grm_std_uni,1,7.280303478240967,-8.197042465209961,1
OneHandOrebaV3_1060_1_grm_std_uni,1,7.982449054718018,-8.1741943359375,1
OneHandOrebaV3_1060_1_grm_std_uni,1,7.8272504806518555,-7.762567043304443,1
OneHandOrebaV3_1060_1_grm_std_uni,1,7.628484725952148,-7.452706813812256,1
OneHandOrebaV3_1060_1_grm_std_uni,1,6.907472610473633,-6.754120349884033,1
OneHandOrebaV3_1060_1_grm_std_uni,1,6.53448486328125,-6.419525146484375,1
OneHandOrebaV3_1060_1_grm_std_uni,1,6.407575607299805,-6.213790416717529,1
OneHandOrebaV3_1060_1_grm_std_uni,1,6.391415119171143,-6.2555365562438965,1
OneHandOrebaV3_1060_1_grm_std_uni,1,6.074080467224121,-6.316347599029541,1
OneHandOrebaV3_1060_1_grm_std_uni,1,6.015494346618652,-6.361830711364746,1
OneHandOrebaV3_1060_1_grm_std_uni,1,5.775981426239014,-6.3760151863098145,1
OneHandOrebaV3_1060_1_grm_std_uni,1,5.411651134490967,-6.267745494842529,1
OneHandOrebaV3_1060_1_grm_std_uni,1,5.14090633392334,-5.876463890075684,1
OneHandOrebaV3_1060_1_grm_std_uni,1,2.96455979347229,-4.023432731628418,1
OneHandOrebaV3_1060_1_grm_std_uni,1,3.062704086303711,-4.183479309082031,1
OneHandOrebaV3_1060_1_grm_std_uni,1,4.690021514892578,-4.953158378601074,1
OneHandOrebaV3_1060_1_grm_std_uni,1,5.326887607574463,-5.452644348144531,1
OneHandOrebaV3_1060_1_grm_std_uni,1,5.7139668464660645,-6.05214262008667,1
OneHandOrebaV3_1060_1_grm_std_uni,1,5.839028358459473,-6.259768486022949,1
OneHandOrebaV3_1060_1_grm_std_uni,1,5.7008161544799805,-6.270013332366943,1
OneHandOrebaV3_1060_1_grm_std_uni,1,5.570069789886475,-6.143218517303467,1
OneHandOrebaV3_1060_1_grm_std_uni,2,5.5064897537231445,-5.698755264282227,1
OneHandOrebaV3_1060_1_grm_std_uni,2,5.424561500549316,-5.5358428955078125,1
OneHandOrebaV3_1060_1_grm_std_uni,2,5.273478984832764,-5.859335899353027,1
OneHandOrebaV3_1060_1_grm_std_uni,2,5.894450664520264,-6.127314567565918,1
OneHandOrebaV3_1060_1_grm_std_uni,2,6.307796955108643,-6.249563217163086,1
OneHandOrebaV3_1060_1_grm_std_uni,2,6.0925116539001465,-5.908316135406494,1
OneHandOrebaV3_1060_1_grm_std_uni,2,4.212985038757324,-3.740684986114502,1
OneHandOrebaV3_1060_1_grm_std_uni,2,-1.2686759233474731,3.396392822265625,2
OneHandOrebaV3_1060_1_grm_std_uni,2,-1.4125258922576904,3.5082926750183105,1
OneHandOrebaV3_1060_1_grm_std_uni,2,2.1763265132904053,-0.836735725402832,1
OneHandOrebaV3_1060_1_grm_std_uni,2,5.09262228012085,-5.4586920738220215,1
OneHandOrebaV3_1060_1_grm_std_uni,2,5.253798007965088,-6.580031394958496,1
OneHandOrebaV3_1060_1_grm_std_uni,2,4.649933815002441,-6.196862697601318,1
OneHandOrebaV3_1060_1_grm_std_uni,2,4.725379467010498,-6.142903804779053,1
OneHandOrebaV3_1060_1_grm_std_uni,1,4.731534957885742,-5.938953876495361,1
OneHandOrebaV3_1060_1_grm_std_uni,1,4.972892761230469,-6.319620609283447,1
OneHandOrebaV3_1060_1_grm_std_uni,1,5.163741588592529,-7.05837869644165,1
OneHandOrebaV3_1060_1_grm_std_uni,1,6.454707145690918,-7.914844036102295,1
OneHandOrebaV3_1060_1_grm_std_uni,1,7.612980842590332,-8.296037673950195,1
OneHandOrebaV3_1060_1_grm_std_uni,1,7.948974132537842,-8.239408493041992,1
OneHandOrebaV3_1060_1_grm_std_uni,1,7.604643821716309,-7.883042335510254,1
OneHandOrebaV3_1060_1_grm_std_uni,1,7.214244842529297,-7.548919200897217,1
OneHandOrebaV3_1060_1_grm_std_uni,1,6.948980331420898,-7.288138389587402,1
OneHandOrebaV3_1060_1_grm_std_uni,1,6.618978977203369,-6.955984592437744,1
OneHandOrebaV3_1060_1_grm_std_uni,1,6.26209831237793,-6.99589204788208,1
OneHandOrebaV3_1060_1_grm_std_uni,1,6.583408355712891,-6.969588279724121,1
OneHandOrebaV3_1060_1_grm_std_uni,1,6.866022109985352,-7.179825305938721,1
OneHandOrebaV3_1060_1_grm_std_uni,1,7.120570182800293,-7.292088985443115,1
OneHandOrebaV3_1060_1_grm_std_uni,1,7.336693286895752,-7.3390936851501465,1
OneHandOrebaV3_1060_1_grm_std_uni,1,7.357429504394531,-7.30338716506958,1
OneHandOrebaV3_1060_1_grm_std_uni,1,6.703193187713623,-6.88585090637207,1
OneHandOrebaV3_1060_1_grm_std_uni,1,6.878507614135742,-7.095851898193359,1
OneHandOrebaV3_1060_1_grm_std_uni,1,7.384076118469238,-7.295804023742676,1
OneHandOrebaV3_1060_1_grm_std_uni,1,7.281442642211914,-7.005941390991211,1
OneHandOrebaV3_1060_1_grm_std_uni,1,7.009676933288574,-6.797292232513428,1
OneHandOrebaV3_1060_1_grm_std_uni,1,6.2140936851501465,-6.142011642456055,1
OneHandOrebaV3_1060_1_grm_std_uni,1,6.498452663421631,-6.490920066833496,1
OneHandOrebaV3_1060_1_grm_std_uni,1,6.599954605102539,-6.395500183105469,1
OneHandOrebaV3_1060_1_grm_std_uni,1,6.0662055015563965,-5.822897434234619,1
OneHandOrebaV3_1060_1_grm_std_uni,1,6.93573522567749,-6.807058811187744,1
OneHandOrebaV3_1060_1_grm_std_uni,1,7.647994518280029,-7.668316841125488,1
OneHandOrebaV3_1060_1_grm_std_uni,1,7.322571754455566,-7.413009166717529,1
OneHandOrebaV3_1060_1_grm_std_uni,1,7.084771156311035,-7.177720546722412,1
OneHandOrebaV3_1060_1_grm_std_uni,1,7.182610034942627,-7.413911819458008,1
OneHandOrebaV3_1060_1_grm_std_uni,1,6.8355231285095215,-7.076091289520264,1
OneHandOrebaV3_1060_1_grm_std_uni,1,6.902535438537598,-6.894635200500488,1
OneHandOrebaV3_1060_1_grm_std_uni,1,6.261842250823975,-6.069582939147949,1
OneHandOrebaV3_1060_1_grm_std_uni,1,5.743471145629883,-5.723169326782227,1
OneHandOrebaV3_1060_1_grm_std_uni,1,6.406558990478516,-6.4585862159729,1
OneHandOrebaV3_1060_1_grm_std_uni,1,6.246377944946289,-6.467152118682861,1
OneHandOrebaV3_1060_1_grm_std_uni,1,6.112823963165283,-6.321117877960205,1
OneHandOrebaV3_1060_1_grm_std_uni,1,6.724289894104004,-6.756471157073975,1
OneHandOrebaV3_1060_1_grm_std_uni,1,6.322100639343262,-6.193998336791992,1
OneHandOrebaV3_1060_1_grm_std_uni,1,6.789558410644531,-6.674435615539551,1
OneHandOrebaV3_1060_1_grm_std_uni,1,7.281349182128906,-7.532861709594727,1
OneHandOrebaV3_1060_1_grm_std_uni,1,7.239213943481445,-7.563914775848389,1
OneHandOrebaV3_1060_1_grm_std_uni,1,7.180949687957764,-7.571256637573242,1
OneHandOrebaV3_1060_1_grm_std_uni,1,6.607917785644531,-7.173196315765381,1
OneHandOrebaV3_1060_1_grm_std_uni,1,7.034794807434082,-7.321134567260742,1
OneHandOrebaV3_1060_1_grm_std_uni,1,6.988913059234619,-7.395936489105225,1
OneHandOrebaV3_1060_1_grm_std_uni,1,6.7658491134643555,-7.355810165405273,1
OneHandOrebaV3_1060_1_grm_std_uni,1,6.40100622177124,-6.819250106811523,1
OneHandOrebaV3_1060_1_grm_std_uni,1,5.56112003326416,-6.433318138122559,1
OneHandOrebaV3_1060_1_grm_std_uni,1,4.762478351593018,-6.024561405181885,1
OneHandOrebaV3_1060_1_grm_std_uni,1,4.993144989013672,-6.186431884765625,1
OneHandOrebaV3_1060_1_grm_std_uni,1,4.795072078704834,-5.975177764892578,1
OneHandOrebaV3_1060_1_grm_std_uni,1,4.820028305053711,-6.042473793029785,1
OneHandOrebaV3_1060_1_grm_std_uni,1,4.462610244750977,-6.163559436798096,1
OneHandOrebaV3_1060_1_grm_std_uni,1,4.540955543518066,-6.255925178527832,1
OneHandOrebaV3_1060_1_grm_std_uni,1,4.726672649383545,-6.46287727355957,1
OneHandOrebaV3_1060_1_grm_std_uni,2,4.789135456085205,-6.151960372924805,1
OneHandOrebaV3_1060_1_grm_std_uni,2,4.804281234741211,-6.113185882568359,1
OneHandOrebaV3_1060_1_grm_std_uni,2,4.522956848144531,-5.8343634605407715,1
OneHandOrebaV3_1060_1_grm_std_uni,2,0.3457280099391937,-1.4658026695251465,1
OneHandOrebaV3_1060_1_grm_std_uni,2,-2.5897934436798096,3.2625439167022705,2
OneHandOrebaV3_1060_1_grm_std_uni,2,-1.9997000694274902,3.060164451599121,1
OneHandOrebaV3_1060_1_grm_std_uni,2,2.8429062366485596,-1.6885089874267578,1
OneHandOrebaV3_1060_1_grm_std_uni,2,5.5495710372924805,-6.157923698425293,1
OneHandOrebaV3_1060_1_grm_std_uni,2,5.6420207023620605,-6.816464424133301,1
OneHandOrebaV3_1060_1_grm_std_uni,2,5.273999214172363,-6.53358793258667,1
OneHandOrebaV3_1060_1_grm_std_uni,2,5.3378586769104,-6.6477370262146,1
OneHandOrebaV3_1060_1_grm_std_uni,2,5.197691440582275,-6.415393352508545,1
OneHandOrebaV3_1060_1_grm_std_uni,2,5.120274543762207,-6.623715877532959,1
OneHandOrebaV3_1060_1_grm_std_uni,1,5.006628036499023,-7.190178871154785,1
OneHandOrebaV3_1060_1_grm_std_uni,1,6.306661605834961,-7.962806701660156,1
OneHandOrebaV3_1060_1_grm_std_uni,1,7.5777387619018555,-8.526886940002441,1
OneHandOrebaV3_1060_1_grm_std_uni,1,7.378781795501709,-7.895345687866211,1
OneHandOrebaV3_1060_1_grm_std_uni,1,7.09952449798584,-7.404547214508057,1
OneHandOrebaV3_1060_1_grm_std_uni,1,7.000792980194092,-7.393182277679443,1
OneHandOrebaV3_1060_1_grm_std_uni,1,7.209115028381348,-7.663125991821289,1
OneHandOrebaV3_1060_1_grm_std_uni,1,7.151477336883545,-7.559629917144775,1
OneHandOrebaV3_1060_1_grm_std_uni,1,7.327179431915283,-7.552367687225342,1
OneHandOrebaV3_1060_1_grm_std_uni,1,7.574666500091553,-7.803877353668213,1
OneHandOrebaV3_1060_1_grm_std_uni,1,7.164570331573486,-7.509116172790527,1
OneHandOrebaV3_1060_1_grm_std_uni,1,7.0212836265563965,-7.206839084625244,1
OneHandOrebaV3_1060_1_grm_std_uni,1,7.600608825683594,-7.57889461517334,1
OneHandOrebaV3_1060_1_grm_std_uni,1,7.946897029876709,-7.771036148071289,1
OneHandOrebaV3_1060_1_grm_std_uni,1,7.853900909423828,-7.747398853302002,1
OneHandOrebaV3_1060_1_grm_std_uni,1,7.183459281921387,-7.249380588531494,1
OneHandOrebaV3_1060_1_grm_std_uni,1,7.531006813049316,-7.482417583465576,1
OneHandOrebaV3_1060_1_grm_std_uni,1,7.570346832275391,-7.4204277992248535,1
OneHandOrebaV3_1060_1_grm_std_uni,1,7.555407524108887,-7.327398777008057,1
OneHandOrebaV3_1060_1_grm_std_uni,1,6.8876471519470215,-6.6829657554626465,1
OneHandOrebaV3_1060_1_grm_std_uni,1,7.087925910949707,-6.8782429695129395,1
OneHandOrebaV3_1060_1_grm_std_uni,1,7.49656343460083,-7.192080974578857,1
OneHandOrebaV3_1060_1_grm_std_uni,1,7.4097700119018555,-7.445374011993408,1
OneHandOrebaV3_1060_1_grm_std_uni,1,6.707449913024902,-6.9740729331970215,1
OneHandOrebaV3_1060_1_grm_std_uni,1,6.880939483642578,-7.160769462585449,1
OneHandOrebaV3_1060_1_grm_std_uni,1,6.855623722076416,-6.897545337677002,1
OneHandOrebaV3_1060_1_grm_std_uni,1,7.320114612579346,-7.241136074066162,1
OneHandOrebaV3_1060_1_grm_std_uni,1,6.6267924308776855,-6.53804349899292,1
OneHandOrebaV3_1060_1_grm_std_uni,1,6.631979465484619,-6.526729106903076,1
OneHandOrebaV3_1060_1_grm_std_uni,1,6.8967390060424805,-6.686007499694824,1
OneHandOrebaV3_1060_1_grm_std_uni,1,6.367345809936523,-6.2259674072265625,1
OneHandOrebaV3_1060_1_grm_std_uni,1,5.571946620941162,-5.404799461364746,1
OneHandOrebaV3_1060_1_grm_std_uni,1,5.246560096740723,-5.276247978210449,1
OneHandOrebaV3_1060_1_grm_std_uni,1,5.542495250701904,-5.768912315368652,1
OneHandOrebaV3_1060_1_grm_std_uni,1,5.729897499084473,-6.455395698547363,1
OneHandOrebaV3_1060_1_grm_std_uni,1,6.154694557189941,-7.15211820602417,1
OneHandOrebaV3_1060_1_grm_std_uni,1,6.458330154418945,-6.983665943145752,1
OneHandOrebaV3_1060_1_grm_std_uni,1,6.001674175262451,-6.453432083129883,1
OneHandOrebaV3_1060_1_grm_std_uni,1,5.696194648742676,-6.3113908767700195,1
OneHandOrebaV3_1060_1_grm_std_uni,2,6.215937614440918,-6.629534721374512,1
OneHandOrebaV3_1060_1_grm_std_uni,2,6.775888919830322,-7.024459362030029,1
OneHandOrebaV3_1060_1_grm_std_uni,2,6.787611961364746,-7.046145439147949,1
OneHandOrebaV3_1060_1_grm_std_uni,2,6.1347222328186035,-6.67249059677124,1
OneHandOrebaV3_1060_1_grm_std_uni,2,5.4897003173828125,-6.254876136779785,1
OneHandOrebaV3_1060_1_grm_std_uni,2,5.149969100952148,-5.961804389953613,1
OneHandOrebaV3_1060_1_grm_std_uni,2,4.911166667938232,-5.738719940185547,1
OneHandOrebaV3_1060_1_grm_std_uni,2,4.990769386291504,-5.836907863616943,1
OneHandOrebaV3_1060_1_grm_std_uni,2,4.830904483795166,-5.837854862213135,1
OneHandOrebaV3_1060_1_grm_std_uni,2,3.1395468711853027,-4.6389923095703125,1
OneHandOrebaV3_1060_1_grm_std_uni,2,-2.004899501800537,2.3236896991729736,2
OneHandOrebaV3_1060_1_grm_std_uni,2,-2.2287425994873047,3.085693359375,1
OneHandOrebaV3_1060_1_grm_std_uni,2,2.1304688453674316,-0.6772466897964478,1
OneHandOrebaV3_1060_1_grm_std_uni,2,5.916779518127441,-6.566601753234863,1
OneHandOrebaV3_1060_1_grm_std_uni,2,6.073965072631836,-7.311923027038574,1
OneHandOrebaV3_1060_1_grm_std_uni,2,5.366759300231934,-6.910720348358154,1
OneHandOrebaV3_1060_1_grm_std_uni,2,5.228448867797852,-6.720557689666748,1
OneHandOrebaV3_1060_1_grm_std_uni,2,5.127722263336182,-6.572220802307129,1
OneHandOrebaV3_1060_1_grm_std_uni,1,5.40997838973999,-6.064949035644531,1
OneHandOrebaV3_1060_1_grm_std_uni,1,5.081671237945557,-5.595919609069824,1
OneHandOrebaV3_1060_1_grm_std_uni,1,3.7082972526550293,-4.175756931304932,1
OneHandOrebaV3_1060_1_grm_std_uni,1,2.4302515983581543,-2.8353490829467773,1
OneHandOrebaV3_1060_1_grm_std_uni,1,4.313459396362305,-4.144784927368164,1
OneHandOrebaV3_1060_1_grm_std_uni,1,5.431417465209961,-4.953625679016113,1
OneHandOrebaV3_1060_1_grm_std_uni,1,6.201996326446533,-5.860227584838867,1
OneHandOrebaV3_1060_1_grm_std_uni,1,7.11133337020874,-6.478160858154297,1
OneHandOrebaV3_1060_1_grm_std_uni,1,7.921913146972656,-7.227277755737305,1
OneHandOrebaV3_1060_1_grm_std_uni,1,8.202567100524902,-7.8118438720703125,1
OneHandOrebaV3_1060_1_grm_std_uni,1,7.559068202972412,-7.56854772567749,1
OneHandOrebaV3_1060_1_grm_std_uni,1,6.469933032989502,-6.683472633361816,1
OneHandOrebaV3_1060_1_grm_std_uni,1,6.007915019989014,-6.4015069007873535,1
OneHandOrebaV3_1060_1_grm_std_uni,1,5.4166951179504395,-5.6945481300354,1
OneHandOrebaV3_1060_1_grm_std_uni,1,5.156408786773682,-5.779175758361816,1
OneHandOrebaV3_1060_1_grm_std_uni,1,6.56938362121582,-7.132933139801025,1
OneHandOrebaV3_1060_1_grm_std_uni,1,8.267936706542969,-8.486141204833984,1
OneHandOrebaV3_1060_1_grm_std_uni,1,8.310346603393555,-8.578678131103516,1
OneHandOrebaV3_1060_1_grm_std_uni,1,8.399616241455078,-8.760510444641113,1
OneHandOrebaV3_1060_1_grm_std_uni,1,7.673822402954102,-8.233108520507812,1
OneHandOrebaV3_1060_1_grm_std_uni,1,6.905036926269531,-7.630745887756348,1
OneHandOrebaV3_1060_1_grm_std_uni,1,6.344494342803955,-7.02731466293335,1
OneHandOrebaV3_1060_1_grm_std_uni,1,5.762961387634277,-6.382223606109619,1
OneHandOrebaV3_1060_1_grm_std_uni,1,5.794375896453857,-6.243519306182861,1
OneHandOrebaV3_1060_1_grm_std_uni,1,5.016074180603027,-5.313636302947998,1
OneHandOrebaV3_1060_1_grm_std_uni,1,5.7275872230529785,-6.007302761077881,1
OneHandOrebaV3_1060_1_grm_std_uni,1,6.91810417175293,-7.692501068115234,1
OneHandOrebaV3_1060_1_grm_std_uni,1,7.30623197555542,-8.166892051696777,1
OneHandOrebaV3_1060_1_grm_std_uni,1,7.499372482299805,-8.033632278442383,1
OneHandOrebaV3_1060_1_grm_std_uni,1,7.5137128829956055,-7.912201881408691,1
OneHandOrebaV3_1060_1_grm_std_uni,1,7.395512580871582,-7.914724826812744,1
OneHandOrebaV3_1060_1_grm_std_uni,1,7.765221118927002,-8.161096572875977,1
OneHandOrebaV3_1060_1_grm_std_uni,1,7.99769401550293,-8.482549667358398,1
OneHandOrebaV3_1060_1_grm_std_uni,1,7.812195777893066,-8.172229766845703,1
OneHandOrebaV3_1060_1_grm_std_uni,1,7.917171955108643,-7.859931945800781,1
OneHandOrebaV3_1060_1_grm_std_uni,1,8.090913772583008,-7.913997173309326,1
OneHandOrebaV3_1060_1_grm_std_uni,1,7.750436782836914,-7.677647113800049,1
OneHandOrebaV3_1060_1_grm_std_uni,1,7.366120338439941,-7.405271053314209,1
OneHandOrebaV3_1060_1_grm_std_uni,1,7.1019673347473145,-7.025534152984619,1
OneHandOrebaV3_1060_1_grm_std_uni,1,6.918790340423584,-6.792298793792725,1
OneHandOrebaV3_1060_1_grm_std_uni,1,6.933203220367432,-6.911756992340088,1
OneHandOrebaV3_1060_1_grm_std_uni,1,7.4814558029174805,-7.283245086669922,1
OneHandOrebaV3_1060_1_grm_std_uni,1,7.750489234924316,-7.352718830108643,1
OneHandOrebaV3_1060_1_grm_std_uni,1,7.617645740509033,-7.158679008483887,1
OneHandOrebaV3_1060_1_grm_std_uni,1,7.418519020080566,-7.0979485511779785,1
OneHandOrebaV3_1060_1_grm_std_uni,1,7.532483100891113,-7.301599502563477,1
OneHandOrebaV3_1060_1_grm_std_uni,1,7.5409417152404785,-7.353332996368408,1
OneHandOrebaV3_1060_1_grm_std_uni,1,7.528713226318359,-7.256927967071533,1
OneHandOrebaV3_1060_1_grm_std_uni,1,7.308326721191406,-6.961213111877441,1
OneHandOrebaV3_1060_1_grm_std_uni,1,7.083804130554199,-6.78134298324585,1
OneHandOrebaV3_1060_1_grm_std_uni,1,6.921185493469238,-6.760234832763672,1
OneHandOrebaV3_1060_1_grm_std_uni,1,6.7482757568359375,-6.62904167175293,1
OneHandOrebaV3_1060_1_grm_std_uni,1,7.338201999664307,-7.216549873352051,1
OneHandOrebaV3_1060_1_grm_std_uni,1,7.752123832702637,-7.663532257080078,1
OneHandOrebaV3_1060_1_grm_std_uni,1,7.81733512878418,-7.618513107299805,1
OneHandOrebaV3_1060_1_grm_std_uni,1,7.324039936065674,-7.122002601623535,1
OneHandOrebaV3_1060_1_grm_std_uni,1,7.091945171356201,-6.773473262786865,1
OneHandOrebaV3_1060_1_grm_std_uni,1,7.037371635437012,-6.661844730377197,1
OneHandOrebaV3_1060_1_grm_std_uni,1,7.66259241104126,-7.197537899017334,1
OneHandOrebaV3_1060_1_grm_std_uni,1,7.732170104980469,-7.402782440185547,1
OneHandOrebaV3_1060_1_grm_std_uni,1,7.800451755523682,-7.522790908813477,1
OneHandOrebaV3_1060_1_grm_std_uni,1,7.65286922454834,-7.702439308166504,1
OneHandOrebaV3_1060_1_grm_std_uni,1,7.612176418304443,-7.6652069091796875,1
OneHandOrebaV3_1060_1_grm_std_uni,1,7.461695671081543,-7.355445384979248,1
OneHandOrebaV3_1060_1_grm_std_uni,1,7.1389546394348145,-6.865715026855469,1
OneHandOrebaV3_1060_1_grm_std_uni,1,6.8411102294921875,-6.590293884277344,1
OneHandOrebaV3_1060_1_grm_std_uni,1,7.097042560577393,-6.8409295082092285,1
OneHandOrebaV3_1060_1_grm_std_uni,1,6.686392307281494,-6.264065265655518,1
OneHandOrebaV3_1060_1_grm_std_uni,1,6.0308308601379395,-5.535022735595703,1
OneHandOrebaV3_1060_1_grm_std_uni,1,5.916738033294678,-5.569375514984131,1
OneHandOrebaV3_1060_1_grm_std_uni,1,5.772355079650879,-5.812936782836914,1
OneHandOrebaV3_1060_1_grm_std_uni,1,6.190322399139404,-6.441031455993652,1
OneHandOrebaV3_1060_1_grm_std_uni,1,6.40199089050293,-6.72001838684082,1
OneHandOrebaV3_1060_1_grm_std_uni,1,6.708776950836182,-7.054770469665527,1
OneHandOrebaV3_1060_1_grm_std_uni,1,7.319936752319336,-7.48686408996582,1
OneHandOrebaV3_1060_1_grm_std_uni,1,7.240801811218262,-7.36641788482666,1
OneHandOrebaV3_1060_1_grm_std_uni,1,7.1720991134643555,-7.417701244354248,1
OneHandOrebaV3_1060_1_grm_std_uni,1,6.663534164428711,-7.281436920166016,1
OneHandOrebaV3_1060_1_grm_std_uni,1,6.336425304412842,-7.150689125061035,1
OneHandOrebaV3_1060_1_grm_std_uni,1,6.234433174133301,-6.610642910003662,1
OneHandOrebaV3_1060_1_grm_std_uni,1,6.711272716522217,-6.659673690795898,1
OneHandOrebaV3_1060_1_grm_std_uni,1,7.132469177246094,-6.81886100769043,1
OneHandOrebaV3_1060_1_grm_std_uni,1,7.296486854553223,-7.06607723236084,1
OneHandOrebaV3_1060_1_grm_std_uni,1,7.461270809173584,-7.281399250030518,1
OneHandOrebaV3_1060_1_grm_std_uni,1,7.408987522125244,-7.228941440582275,1
OneHandOrebaV3_1060_1_grm_std_uni,1,6.980567455291748,-7.113255500793457,1
OneHandOrebaV3_1060_1_grm_std_uni,1,6.8873772621154785,-7.1885809898376465,1
OneHandOrebaV3_1060_1_grm_std_uni,1,7.004364967346191,-7.247017860412598,1
OneHandOrebaV3_1060_1_grm_std_uni,1,7.446633338928223,-7.5442023277282715,1
OneHandOrebaV3_1060_1_grm_std_uni,1,7.739608287811279,-7.662399768829346,1
OneHandOrebaV3_1060_1_grm_std_uni,1,7.776331901550293,-7.659315586090088,1
OneHandOrebaV3_1060_1_grm_std_uni,1,7.298454761505127,-7.499774932861328,1
OneHandOrebaV3_1060_1_grm_std_uni,1,7.220000743865967,-7.352595806121826,1
OneHandOrebaV3_1060_1_grm_std_uni,1,6.959242343902588,-6.857468605041504,1
OneHandOrebaV3_1060_1_grm_std_uni,1,6.120265960693359,-5.789527893066406,1
OneHandOrebaV3_1060_1_grm_std_uni,1,6.365104675292969,-5.995388984680176,1
OneHandOrebaV3_1060_1_grm_std_uni,1,6.371401786804199,-5.901435852050781,1
OneHandOrebaV3_1060_1_grm_std_uni,1,6.03400993347168,-5.987546920776367,1
OneHandOrebaV3_1060_1_grm_std_uni,1,6.372522830963135,-6.640323162078857,1
OneHandOrebaV3_1060_1_grm_std_uni,1,6.6948723793029785,-7.104292392730713,1
OneHandOrebaV3_1060_1_grm_std_uni,1,6.2440948486328125,-6.425743103027344,1
OneHandOrebaV3_1060_1_grm_std_uni,1,5.573271751403809,-5.488620758056641,1
OneHandOrebaV3_1060_1_grm_std_uni,1,5.422891616821289,-5.093840599060059,1
OneHandOrebaV3_1060_1_grm_std_uni,1,5.116055011749268,-4.682724952697754,1
OneHandOrebaV3_1060_1_grm_std_uni,1,5.242485523223877,-5.535205364227295,1
OneHandOrebaV3_1060_1_grm_std_uni,1,5.184707164764404,-6.033897399902344,1
OneHandOrebaV3_1060_1_grm_std_uni,1,5.324918270111084,-6.520937442779541,1
OneHandOrebaV3_1060_1_grm_std_uni,1,5.801280498504639,-6.7750563621521,1
OneHandOrebaV3_1060_1_grm_std_uni,1,6.420778751373291,-7.227750301361084,1
OneHandOrebaV3_1060_1_grm_std_uni,1,6.557897090911865,-7.197220325469971,1
OneHandOrebaV3_1060_1_grm_std_uni,1,6.3371124267578125,-6.600483417510986,1
OneHandOrebaV3_1060_1_grm_std_uni,1,5.538185119628906,-5.614295482635498,1
OneHandOrebaV3_1060_1_grm_std_uni,1,4.7509236335754395,-5.016243934631348,1
OneHandOrebaV3_1060_1_grm_std_uni,1,4.532590866088867,-5.435961723327637,1
OneHandOrebaV3_1060_1_grm_std_uni,1,4.8649516105651855,-6.172723293304443,1
OneHandOrebaV3_1060_1_grm_std_uni,1,4.90580940246582,-6.436415195465088,1
OneHandOrebaV3_1060_1_grm_std_uni,1,4.911815166473389,-6.852051258087158,1
OneHandOrebaV3_1060_1_grm_std_uni,1,5.266016960144043,-7.165623664855957,1
OneHandOrebaV3_1060_1_grm_std_uni,1,6.122087001800537,-7.306895732879639,1
OneHandOrebaV3_1060_1_grm_std_uni,1,6.851372241973877,-7.392581462860107,1
OneHandOrebaV3_1060_1_grm_std_uni,1,7.0134382247924805,-7.224460601806641,1
OneHandOrebaV3_1060_1_grm_std_uni,1,6.939852237701416,-7.209165573120117,1
OneHandOrebaV3_1060_1_grm_std_uni,1,6.652930736541748,-7.145260810852051,1
OneHandOrebaV3_1060_1_grm_std_uni,1,6.4613938331604,-7.031793117523193,1
OneHandOrebaV3_1060_1_grm_std_uni,1,6.197844505310059,-7.092533111572266,1
OneHandOrebaV3_1060_1_grm_std_uni,1,5.995302677154541,-7.133521556854248,1
OneHandOrebaV3_1060_1_grm_std_uni,1,6.026847839355469,-6.85980749130249,1
OneHandOrebaV3_1060_1_grm_std_uni,1,6.419703006744385,-6.598563194274902,1
OneHandOrebaV3_1060_1_grm_std_uni,1,6.336047649383545,-6.32530403137207,1
OneHandOrebaV3_1060_1_grm_std_uni,1,6.634833812713623,-6.92529296875,1
OneHandOrebaV3_1060_1_grm_std_uni,1,6.8469157218933105,-7.465095520019531,1
OneHandOrebaV3_1060_1_grm_std_uni,1,7.169591426849365,-7.835209846496582,1
OneHandOrebaV3_1060_1_grm_std_uni,1,6.918692111968994,-7.537060260772705,1
OneHandOrebaV3_1060_1_grm_std_uni,1,6.412118434906006,-6.987432956695557,1
OneHandOrebaV3_1060_1_grm_std_uni,1,6.257297992706299,-6.951901435852051,1
OneHandOrebaV3_1060_1_grm_std_uni,1,6.517266750335693,-7.373983383178711,1
OneHandOrebaV3_1060_1_grm_std_uni,1,6.0255446434021,-7.136809825897217,1
OneHandOrebaV3_1060_1_grm_std_uni,1,5.711545944213867,-6.775162220001221,1
OneHandOrebaV3_1060_1_grm_std_uni,1,5.581145286560059,-6.501792907714844,1
OneHandOrebaV3_1060_1_grm_std_uni,1,3.9147965908050537,-4.732474327087402,1
OneHandOrebaV3_1060_1_grm_std_uni,1,3.54084849357605,-4.459644317626953,1
OneHandOrebaV3_1060_1_grm_std_uni,1,3.8915975093841553,-4.3623857498168945,1
OneHandOrebaV3_1060_1_grm_std_uni,1,5.36911153793335,-5.294614791870117,1
OneHandOrebaV3_1060_1_grm_std_uni,1,6.32961368560791,-6.569964408874512,1
OneHandOrebaV3_1060_1_grm_std_uni,1,6.028102874755859,-6.469001293182373,1
OneHandOrebaV3_1060_1_grm_std_uni,1,6.502810478210449,-6.378217697143555,1
OneHandOrebaV3_1060_1_grm_std_uni,1,6.99355411529541,-6.860583305358887,1
OneHandOrebaV3_1060_1_grm_std_uni,1,7.524096965789795,-7.981790542602539,1
OneHandOrebaV3_1060_1_grm_std_uni,1,7.606443405151367,-7.703998565673828,1
OneHandOrebaV3_1060_1_grm_std_uni,1,7.297354221343994,-7.228590965270996,1
OneHandOrebaV3_1060_1_grm_std_uni,1,7.300150394439697,-7.119256496429443,1
OneHandOrebaV3_1060_1_grm_std_uni,1,7.68272590637207,-7.509860992431641,1
OneHandOrebaV3_1060_1_grm_std_uni,1,7.924585342407227,-7.648225784301758,1
OneHandOrebaV3_1060_1_grm_std_uni,1,7.355632781982422,-6.954684257507324,1
OneHandOrebaV3_1060_1_grm_std_uni,1,6.773852348327637,-6.5821614265441895,1
OneHandOrebaV3_1060_1_grm_std_uni,1,7.420889854431152,-7.0947265625,1
OneHandOrebaV3_1060_1_grm_std_uni,1,7.044052600860596,-7.1370086669921875,1
OneHandOrebaV3_1060_1_grm_std_uni,1,6.348443508148193,-6.713862419128418,1
OneHandOrebaV3_1060_1_grm_std_uni,1,5.932138442993164,-6.395800590515137,1
OneHandOrebaV3_1060_1_grm_std_uni,1,6.134786128997803,-6.52849006652832,1
OneHandOrebaV3_1060_1_grm_std_uni,1,6.324411392211914,-6.606475353240967,1
OneHandOrebaV3_1060_1_grm_std_uni,1,6.166761875152588,-6.2910542488098145,1
OneHandOrebaV3_1060_1_grm_std_uni,1,5.052055358886719,-5.233142375946045,1
OneHandOrebaV3_1060_1_grm_std_uni,1,6.1321187019348145,-5.995614051818848,1
OneHandOrebaV3_1060_1_grm_std_uni,1,6.9305195808410645,-6.558736324310303,1
OneHandOrebaV3_1060_1_grm_std_uni,1,6.6490797996521,-6.628042221069336,1
OneHandOrebaV3_1060_1_grm_std_uni,1,6.492947578430176,-6.526099681854248,1
OneHandOrebaV3_1060_1_grm_std_uni,1,6.354968547821045,-6.386868953704834,1
OneHandOrebaV3_1060_1_grm_std_uni,1,6.538055896759033,-6.637244701385498,1
OneHandOrebaV3_1060_1_grm_std_uni,1,6.925842761993408,-6.648545265197754,1
OneHandOrebaV3_1060_1_grm_std_uni,1,5.979564189910889,-6.041810035705566,1
OneHandOrebaV3_1060_1_grm_std_uni,1,5.712186813354492,-6.0623674392700195,1
OneHandOrebaV3_1060_1_grm_std_uni,1,5.7331695556640625,-6.205738067626953,1
OneHandOrebaV3_1060_1_grm_std_uni,1,5.586738586425781,-6.172867774963379,1
OneHandOrebaV3_1060_1_grm_std_uni,1,5.581827163696289,-6.260601043701172,1
OneHandOrebaV3_1060_1_grm_std_uni,1,3.205517530441284,-3.763357639312744,1
OneHandOrebaV3_1060_1_grm_std_uni,1,1.7331994771957397,-2.1439435482025146,1
OneHandOrebaV3_1060_1_grm_std_uni,1,3.4085886478424072,-2.928673505783081,1
OneHandOrebaV3_1060_1_grm_std_uni,1,4.648433685302734,-3.8645591735839844,1
OneHandOrebaV3_1060_1_grm_std_uni,1,6.541952133178711,-6.104428291320801,1
OneHandOrebaV3_1060_1_grm_std_uni,1,7.899526596069336,-7.657700538635254,1
OneHandOrebaV3_1060_1_grm_std_uni,1,7.979533672332764,-7.7304205894470215,1
OneHandOrebaV3_1060_1_grm_std_uni,1,7.47849702835083,-7.589656352996826,1
OneHandOrebaV3_1060_1_grm_std_uni,1,6.8354387283325195,-7.189626693725586,1
OneHandOrebaV3_1060_1_grm_std_uni,1,6.138809680938721,-6.561891555786133,1
OneHandOrebaV3_1060_1_grm_std_uni,1,4.008464336395264,-4.515389442443848,1
OneHandOrebaV3_1060_1_grm_std_uni,1,4.873691082000732,-5.132683753967285,1
OneHandOrebaV3_1060_1_grm_std_uni,1,5.546932220458984,-5.977838039398193,1
OneHandOrebaV3_1060_1_grm_std_uni,1,5.863435745239258,-6.205125331878662,1
OneHandOrebaV3_1060_1_grm_std_uni,1,5.8956122398376465,-6.266609191894531,1
OneHandOrebaV3_1060_1_grm_std_uni,1,6.004082679748535,-6.272032737731934,1
OneHandOrebaV3_1060_1_grm_std_uni,1,6.242387771606445,-6.235926628112793,1
OneHandOrebaV3_1060_1_grm_std_uni,2,6.458791732788086,-6.455620288848877,1
OneHandOrebaV3_1060_1_grm_std_uni,2,6.2412495613098145,-6.514903545379639,1
OneHandOrebaV3_1060_1_grm_std_uni,2,6.0742878913879395,-6.46265983581543,1
OneHandOrebaV3_1060_1_grm_std_uni,2,6.15917444229126,-6.329893589019775,1
OneHandOrebaV3_1060_1_grm_std_uni,2,6.419979572296143,-6.298236846923828,1
OneHandOrebaV3_1060_1_grm_std_uni,2,1.4481934309005737,-0.9113943576812744,1
OneHandOrebaV3_1060_1_grm_std_uni,2,-1.4785635471343994,3.315535306930542,2
OneHandOrebaV3_1060_1_grm_std_uni,2,-0.49715855717658997,2.1874520778656006,1
OneHandOrebaV3_1060_1_grm_std_uni,2,3.428340435028076,-2.82954740524292,1
OneHandOrebaV3_1060_1_grm_std_uni,2,5.087493896484375,-6.086368560791016,1
OneHandOrebaV3_1060_1_grm_std_uni,2,5.016584873199463,-5.9695143699646,1
OneHandOrebaV3_1060_1_grm_std_uni,2,4.754584789276123,-6.24896764755249,1
OneHandOrebaV3_1060_1_grm_std_uni,2,4.846461772918701,-6.229850769042969,1
OneHandOrebaV3_1060_1_grm_std_uni,1,4.958558559417725,-6.280842304229736,1
OneHandOrebaV3_1060_1_grm_std_uni,1,5.116278171539307,-7.151699542999268,1
OneHandOrebaV3_1060_1_grm_std_uni,1,6.355669975280762,-7.931597709655762,1
OneHandOrebaV3_1060_1_grm_std_uni,1,7.291855335235596,-8.167585372924805,1
OneHandOrebaV3_1060_1_grm_std_uni,1,7.403246879577637,-7.845012664794922,1
OneHandOrebaV3_1060_1_grm_std_uni,1,7.34202766418457,-7.7897820472717285,1
OneHandOrebaV3_1060_1_grm_std_uni,1,7.268186569213867,-7.754396438598633,1
OneHandOrebaV3_1060_1_grm_std_uni,1,7.318959712982178,-7.642885208129883,1
OneHandOrebaV3_1060_1_grm_std_uni,1,6.436024188995361,-6.483661651611328,1
OneHandOrebaV3_1060_1_grm_std_uni,1,6.724039554595947,-6.797091484069824,1
OneHandOrebaV3_1060_1_grm_std_uni,1,6.899635314941406,-6.966050624847412,1
OneHandOrebaV3_1060_1_grm_std_uni,1,7.014252662658691,-7.051483631134033,1
OneHandOrebaV3_1060_1_grm_std_uni,1,7.243045330047607,-7.376770973205566,1
OneHandOrebaV3_1060_1_grm_std_uni,1,7.578840255737305,-7.9204277992248535,1
OneHandOrebaV3_1060_1_grm_std_uni,1,7.945990562438965,-8.035741806030273,1
OneHandOrebaV3_1060_1_grm_std_uni,1,7.5389814376831055,-7.750146389007568,1
OneHandOrebaV3_1060_1_grm_std_uni,1,7.560594081878662,-7.820457935333252,1
OneHandOrebaV3_1060_1_grm_std_uni,1,7.4701313972473145,-7.5324931144714355,1
OneHandOrebaV3_1060_1_grm_std_uni,1,7.116143226623535,-7.040360450744629,1
OneHandOrebaV3_1060_1_grm_std_uni,1,7.586796283721924,-7.519108295440674,1
OneHandOrebaV3_1060_1_grm_std_uni,1,7.784911632537842,-7.86353874206543,1
OneHandOrebaV3_1060_1_grm_std_uni,1,7.062417030334473,-7.1639180183410645,1
OneHandOrebaV3_1060_1_grm_std_uni,1,6.521013259887695,-6.760549068450928,1
OneHandOrebaV3_1060_1_grm_std_uni,1,6.315762519836426,-6.607686996459961,1
OneHandOrebaV3_1060_1_grm_std_uni,1,5.424093246459961,-5.945695877075195,1
OneHandOrebaV3_1060_1_grm_std_uni,1,5.946655750274658,-6.1194257736206055,1
OneHandOrebaV3_1060_1_grm_std_uni,1,6.437199115753174,-6.375804901123047,1
OneHandOrebaV3_1060_1_grm_std_uni,1,6.666511535644531,-6.421666145324707,1
OneHandOrebaV3_1060_1_grm_std_uni,1,6.938891887664795,-6.740146160125732,1
OneHandOrebaV3_1060_1_grm_std_uni,1,6.856009006500244,-6.603271484375,1
OneHandOrebaV3_1060_1_grm_std_uni,1,6.56831693649292,-6.266263484954834,1
OneHandOrebaV3_1060_1_grm_std_uni,1,6.0156049728393555,-5.744832992553711,1
OneHandOrebaV3_1060_1_grm_std_uni,1,6.573860168457031,-6.2700514793396,1
OneHandOrebaV3_1060_1_grm_std_uni,1,6.905758857727051,-6.437832832336426,1
OneHandOrebaV3_1060_1_grm_std_uni,1,6.211851119995117,-5.8863444328308105,1
OneHandOrebaV3_1060_1_grm_std_uni,1,6.300259590148926,-6.139047145843506,1
OneHandOrebaV3_1060_1_grm_std_uni,1,6.244091987609863,-5.93602991104126,1
OneHandOrebaV3_1060_1_grm_std_uni,1,6.815952301025391,-6.5662713050842285,1
OneHandOrebaV3_1060_1_grm_std_uni,1,7.307535648345947,-7.107336044311523,1
OneHandOrebaV3_1060_1_grm_std_uni,1,7.755743503570557,-7.49823522567749,1
OneHandOrebaV3_1060_1_grm_std_uni,1,7.220775604248047,-7.163859844207764,1
OneHandOrebaV3_1060_1_grm_std_uni,1,6.793330669403076,-7.054851531982422,1
OneHandOrebaV3_1060_1_grm_std_uni,1,6.315357685089111,-6.651210784912109,1
OneHandOrebaV3_1060_1_grm_std_uni,1,6.346169948577881,-6.478329181671143,1
OneHandOrebaV3_1060_1_grm_std_uni,1,6.493541240692139,-6.412825107574463,1
OneHandOrebaV3_1060_1_grm_std_uni,1,6.097478866577148,-6.086920261383057,1
OneHandOrebaV3_1060_1_grm_std_uni,1,6.792326927185059,-6.605024814605713,1
OneHandOrebaV3_1060_1_grm_std_uni,1,7.0230512619018555,-6.837960243225098,1
OneHandOrebaV3_1060_1_grm_std_uni,1,6.92368745803833,-7.03696346282959,1
OneHandOrebaV3_1060_1_grm_std_uni,1,6.893225193023682,-7.255446910858154,1
OneHandOrebaV3_1060_1_grm_std_uni,1,6.517337799072266,-7.21686315536499,1
OneHandOrebaV3_1060_1_grm_std_uni,1,6.3615031242370605,-7.201930522918701,1
OneHandOrebaV3_1060_1_grm_std_uni,1,5.866417407989502,-6.58617639541626,1
OneHandOrebaV3_1060_1_grm_std_uni,1,6.048061847686768,-6.775217056274414,1
OneHandOrebaV3_1060_1_grm_std_uni,1,6.099166393280029,-6.954932689666748,1
OneHandOrebaV3_1060_1_grm_std_uni,1,6.077432632446289,-6.943540096282959,1
OneHandOrebaV3_1060_1_grm_std_uni,1,5.604535102844238,-6.427001953125,1
OneHandOrebaV3_1060_1_grm_std_uni,1,6.281795024871826,-6.968470573425293,1
OneHandOrebaV3_1060_1_grm_std_uni,1,6.651180267333984,-6.938632965087891,1
OneHandOrebaV3_1060_1_grm_std_uni,1,5.634624481201172,-6.213987350463867,1
OneHandOrebaV3_1060_1_grm_std_uni,1,5.367788314819336,-5.976037979125977,1
OneHandOrebaV3_1060_1_grm_std_uni,1,5.263765335083008,-6.026643753051758,1
OneHandOrebaV3_1060_1_grm_std_uni,1,5.2712082862854,-6.064786911010742,1
OneHandOrebaV3_1060_1_grm_std_uni,1,4.822542667388916,-5.707244396209717,1
OneHandOrebaV3_1060_1_grm_std_uni,1,1.584507942199707,-1.7996491193771362,1
OneHandOrebaV3_1060_1_grm_std_uni,1,0.11850188672542572,-0.6711935997009277,1
OneHandOrebaV3_1060_1_grm_std_uni,1,2.3753552436828613,-2.7160613536834717,1
OneHandOrebaV3_1060_1_grm_std_uni,1,4.542744159698486,-5.022490978240967,1
OneHandOrebaV3_1060_1_grm_std_uni,1,5.898943901062012,-5.986155986785889,1
OneHandOrebaV3_1060_1_grm_std_uni,1,6.310158729553223,-6.1924285888671875,1
OneHandOrebaV3_1060_1_grm_std_uni,1,6.844749927520752,-6.6018967628479,1
OneHandOrebaV3_1060_1_grm_std_uni,1,8.052821159362793,-8.10243034362793,1
OneHandOrebaV3_1060_1_grm_std_uni,1,8.342204093933105,-8.591705322265625,1
OneHandOrebaV3_1060_1_grm_std_uni,1,7.7537841796875,-7.976837635040283,1
OneHandOrebaV3_1060_1_grm_std_uni,2,6.410322666168213,-6.71240234375,1
OneHandOrebaV3_1060_1_grm_std_uni,2,6.324868202209473,-6.445185661315918,1
OneHandOrebaV3_1060_1_grm_std_uni,2,6.41063117980957,-6.34605598449707,1
OneHandOrebaV3_1060_1_grm_std_uni,2,6.494287490844727,-6.19594669342041,1
OneHandOrebaV3_1060_1_grm_std_uni,2,4.404232978820801,-4.243513107299805,1
OneHandOrebaV3_1060_1_grm_std_uni,2,-0.9758194088935852,2.778054714202881,2
OneHandOrebaV3_1060_1_grm_std_uni,2,-0.8802421689033508,2.6924617290496826,1
OneHandOrebaV3_1060_1_grm_std_uni,2,3.392897129058838,-2.3731396198272705,1
OneHandOrebaV3_1060_1_grm_std_uni,2,5.5478410720825195,-6.459466934204102,1
OneHandOrebaV3_1060_1_grm_std_uni,2,5.351020336151123,-6.807947635650635,1
OneHandOrebaV3_1060_1_grm_std_uni,2,4.965615272521973,-6.4906134605407715,1
OneHandOrebaV3_1060_1_grm_std_uni,2,5.159210681915283,-6.508733749389648,1
OneHandOrebaV3_1060_1_grm_std_uni,2,5.165555477142334,-6.285023212432861,1
OneHandOrebaV3_1060_1_grm_std_uni,2,5.079341888427734,-6.372073173522949,1
OneHandOrebaV3_1060_1_grm_std_uni,1,4.550822734832764,-6.736388206481934,1
OneHandOrebaV3_1060_1_grm_std_uni,1,5.718229293823242,-7.267033100128174,1
OneHandOrebaV3_1060_1_grm_std_uni,1,6.27834415435791,-6.7915730476379395,1
OneHandOrebaV3_1060_1_grm_std_uni,1,6.018448829650879,-6.2298054695129395,1
OneHandOrebaV3_1060_1_grm_std_uni,1,5.966072082519531,-6.202484607696533,1
OneHandOrebaV3_1060_1_grm_std_uni,1,5.87149715423584,-6.270374298095703,1
OneHandOrebaV3_1060_1_grm_std_uni,1,5.912418842315674,-6.4757795333862305,1
OneHandOrebaV3_1060_1_grm_std_uni,1,6.140448093414307,-6.871313571929932,1
OneHandOrebaV3_1060_1_grm_std_uni,1,6.275160312652588,-7.116806507110596,1
OneHandOrebaV3_1060_1_grm_std_uni,1,6.393408298492432,-7.29386568069458,1
OneHandOrebaV3_1060_1_grm_std_uni,1,6.712371826171875,-7.57991886138916,1
OneHandOrebaV3_1060_1_grm_std_uni,1,6.921916961669922,-7.94244909286499,1
OneHandOrebaV3_1060_1_grm_std_uni,1,7.307246685028076,-8.014686584472656,1
OneHandOrebaV3_1060_1_grm_std_uni,1,7.347838878631592,-7.731747150421143,1
OneHandOrebaV3_1060_1_grm_std_uni,1,6.976171016693115,-7.315333843231201,1
OneHandOrebaV3_1060_1_grm_std_uni,1,6.248188495635986,-5.971969127655029,1
OneHandOrebaV3_1060_1_grm_std_uni,1,6.409193515777588,-5.806853294372559,1
OneHandOrebaV3_1060_1_grm_std_uni,1,6.872057914733887,-6.34722900390625,1
OneHandOrebaV3_1060_1_grm_std_uni,1,7.002249717712402,-6.574465751647949,1
OneHandOrebaV3_1060_1_grm_std_uni,1,6.762268543243408,-6.301183700561523,1
OneHandOrebaV3_1060_1_grm_std_uni,1,4.34077787399292,-3.7880866527557373,1
OneHandOrebaV3_1060_1_grm_std_uni,1,3.023380994796753,-2.4891817569732666,1
OneHandOrebaV3_1060_1_grm_std_uni,1,3.545250654220581,-3.461538314819336,1
OneHandOrebaV3_1060_1_grm_std_uni,1,5.144367218017578,-5.603294372558594,1
OneHandOrebaV3_1060_1_grm_std_uni,1,5.778972625732422,-6.398898601531982,1
OneHandOrebaV3_1060_1_grm_std_uni,1,5.503371715545654,-6.586472034454346,1
OneHandOrebaV3_1060_1_grm_std_uni,1,5.388846397399902,-7.0849995613098145,1
OneHandOrebaV3_1060_1_grm_std_uni,1,7.023543834686279,-8.065637588500977,1
OneHandOrebaV3_1060_1_grm_std_uni,1,7.84380578994751,-8.631132125854492,1
OneHandOrebaV3_1060_1_grm_std_uni,1,7.602536201477051,-8.035839080810547,1
OneHandOrebaV3_1060_1_grm_std_uni,1,7.942590713500977,-8.287504196166992,1
OneHandOrebaV3_1060_1_grm_std_uni,1,8.109082221984863,-8.509247779846191,1
OneHandOrebaV3_1060_1_grm_std_uni,1,7.493370532989502,-7.853801727294922,1
OneHandOrebaV3_1060_1_grm_std_uni,1,7.793917179107666,-7.9987030029296875,1
OneHandOrebaV3_1060_1_grm_std_uni,1,8.076787948608398,-8.303815841674805,1
OneHandOrebaV3_1060_1_grm_std_uni,1,8.316559791564941,-8.4435453414917,1
OneHandOrebaV3_1060_1_grm_std_uni,1,8.319252967834473,-8.334794044494629,1
OneHandOrebaV3_1060_1_grm_std_uni,1,7.882379055023193,-7.975912570953369,1
OneHandOrebaV3_1060_1_grm_std_uni,1,7.727806568145752,-7.769660949707031,1
OneHandOrebaV3_1060_1_grm_std_uni,1,7.662206172943115,-7.871063232421875,1
OneHandOrebaV3_1060_1_grm_std_uni,1,7.548292636871338,-7.765256404876709,1
OneHandOrebaV3_1060_1_grm_std_uni,1,7.811999320983887,-7.849685192108154,1
OneHandOrebaV3_1060_1_grm_std_uni,1,7.764318466186523,-7.723506927490234,1
OneHandOrebaV3_1060_1_grm_std_uni,1,7.3474016189575195,-7.4208984375,1
OneHandOrebaV3_1060_1_grm_std_uni,1,7.3571600914001465,-7.309406280517578,1
OneHandOrebaV3_1060_1_grm_std_uni,1,7.416332721710205,-7.295248508453369,1
OneHandOrebaV3_1060_1_grm_std_uni,1,7.546914100646973,-7.417175769805908,1
OneHandOrebaV3_1060_1_grm_std_uni,1,7.80987548828125,-7.449408531188965,1
OneHandOrebaV3_1060_1_grm_std_uni,1,7.596123218536377,-7.406452655792236,1
OneHandOrebaV3_1060_1_grm_std_uni,1,7.624090194702148,-7.480332374572754,1
OneHandOrebaV3_1060_1_grm_std_uni,1,7.535210609436035,-7.491901874542236,1
OneHandOrebaV3_1060_1_grm_std_uni,1,6.998824119567871,-7.341208457946777,1
OneHandOrebaV3_1060_1_grm_std_uni,1,6.012646198272705,-6.345864295959473,1
OneHandOrebaV3_1060_1_grm_std_uni,1,5.570481777191162,-5.6608967781066895,1
OneHandOrebaV3_1060_1_grm_std_uni,1,6.004275798797607,-5.772803783416748,1
OneHandOrebaV3_1060_1_grm_std_uni,1,7.096322536468506,-7.011270523071289,1
OneHandOrebaV3_1060_1_grm_std_uni,1,7.08239221572876,-6.908316612243652,1
OneHandOrebaV3_1060_1_grm_std_uni,1,6.205090522766113,-5.891939163208008,1
OneHandOrebaV3_1060_1_grm_std_uni,1,6.637281894683838,-6.1568403244018555,1
OneHandOrebaV3_1060_1_grm_std_uni,1,6.867385387420654,-6.3832197189331055,1
OneHandOrebaV3_1060_1_grm_std_uni,1,7.448747634887695,-6.993834495544434,1
OneHandOrebaV3_1060_1_grm_std_uni,1,8.30972671508789,-7.997413158416748,1
OneHandOrebaV3_1060_1_grm_std_uni,1,8.779631614685059,-8.604589462280273,1
OneHandOrebaV3_1060_1_grm_std_uni,1,8.674530029296875,-8.438294410705566,1
OneHandOrebaV3_1060_1_grm_std_uni,1,8.064724922180176,-7.955313682556152,1
OneHandOrebaV3_1060_1_grm_std_uni,1,7.827495098114014,-7.7922515869140625,1
OneHandOrebaV3_1060_1_grm_std_uni,1,7.902929782867432,-7.919070243835449,1
OneHandOrebaV3_1060_1_grm_std_uni,1,7.634405136108398,-7.682619094848633,1
OneHandOrebaV3_1060_1_grm_std_uni,1,6.929721355438232,-6.880092620849609,1
OneHandOrebaV3_1060_1_grm_std_uni,1,7.4044013023376465,-7.260589599609375,1
OneHandOrebaV3_1060_1_grm_std_uni,1,7.574007987976074,-7.383257865905762,1
OneHandOrebaV3_1060_1_grm_std_uni,1,7.712184906005859,-7.416184425354004,1
OneHandOrebaV3_1060_1_grm_std_uni,1,7.838657379150391,-7.509555816650391,1
OneHandOrebaV3_1060_1_grm_std_uni,1,7.316315650939941,-7.39005184173584,1
OneHandOrebaV3_1060_1_grm_std_uni,1,7.43098258972168,-7.64715576171875,1
OneHandOrebaV3_1060_1_grm_std_uni,1,7.549635887145996,-7.469995975494385,1
OneHandOrebaV3_1060_1_grm_std_uni,1,7.449902534484863,-7.467855453491211,1
OneHandOrebaV3_1060_1_grm_std_uni,1,7.4334588050842285,-7.539881229400635,1
OneHandOrebaV3_1060_1_grm_std_uni,1,7.223268508911133,-7.250765800476074,1
OneHandOrebaV3_1060_1_grm_std_uni,1,7.180330276489258,-7.008700370788574,1
OneHandOrebaV3_1060_1_grm_std_uni,1,7.7268242835998535,-7.60471773147583,1
OneHandOrebaV3_1060_1_grm_std_uni,1,7.572600364685059,-7.801950931549072,1
OneHandOrebaV3_1060_1_grm_std_uni,1,6.548450469970703,-7.115516662597656,1
OneHandOrebaV3_1060_1_grm_std_uni,1,6.3472514152526855,-6.770819187164307,1
OneHandOrebaV3_1060_1_grm_std_uni,1,6.616583824157715,-6.678255558013916,1
OneHandOrebaV3_1060_1_grm_std_uni,1,6.387139797210693,-6.399872779846191,1
OneHandOrebaV3_1060_1_grm_std_uni,1,7.0022807121276855,-7.113785266876221,1
OneHandOrebaV3_1060_1_grm_std_uni,1,7.92681360244751,-8.020719528198242,1
OneHandOrebaV3_1060_1_grm_std_uni,1,7.68385648727417,-7.758036136627197,1
OneHandOrebaV3_1060_1_grm_std_uni,1,7.447958946228027,-7.388788223266602,1
OneHandOrebaV3_1060_1_grm_std_uni,1,7.822271823883057,-7.5952606201171875,1
OneHandOrebaV3_1060_1_grm_std_uni,1,7.287614345550537,-6.809937953948975,1
OneHandOrebaV3_1060_1_grm_std_uni,1,7.2867817878723145,-6.905775547027588,1
OneHandOrebaV3_1060_1_grm_std_uni,1,7.8214945793151855,-7.527493476867676,1
OneHandOrebaV3_1060_1_grm_std_uni,1,7.816105842590332,-7.695526123046875,1
OneHandOrebaV3_1060_1_grm_std_uni,1,7.592400550842285,-7.537522315979004,1
OneHandOrebaV3_1060_1_grm_std_uni,1,7.955661296844482,-7.930735111236572,1
OneHandOrebaV3_1060_1_grm_std_uni,1,7.733893394470215,-7.841644763946533,1
OneHandOrebaV3_1060_1_grm_std_uni,1,7.28643274307251,-7.532255172729492,1
OneHandOrebaV3_1060_1_grm_std_uni,1,7.161273002624512,-7.245609760284424,1
OneHandOrebaV3_1060_1_grm_std_uni,1,6.983592987060547,-6.799677848815918,1
OneHandOrebaV3_1060_1_grm_std_uni,1,7.430409908294678,-7.125243186950684,1
OneHandOrebaV3_1060_1_grm_std_uni,1,7.590854644775391,-7.290351867675781,1
OneHandOrebaV3_1060_1_grm_std_uni,1,7.500796318054199,-7.451091289520264,1
OneHandOrebaV3_1060_1_grm_std_uni,1,7.602001667022705,-7.515220642089844,1
OneHandOrebaV3_1060_1_grm_std_uni,1,7.749833583831787,-7.748368740081787,1
OneHandOrebaV3_1060_1_grm_std_uni,1,7.817950248718262,-7.815688610076904,1
OneHandOrebaV3_1060_1_grm_std_uni,1,7.5375518798828125,-7.369138717651367,1
OneHandOrebaV3_1060_1_grm_std_uni,1,7.5053205490112305,-7.584768295288086,1
OneHandOrebaV3_1060_1_grm_std_uni,1,7.6855621337890625,-7.824952125549316,1
OneHandOrebaV3_1060_1_grm_std_uni,1,7.574021339416504,-7.789800643920898,1
OneHandOrebaV3_1060_1_grm_std_uni,1,7.210141181945801,-7.432353973388672,1
OneHandOrebaV3_1060_1_grm_std_uni,1,6.943930149078369,-7.272337436676025,1
OneHandOrebaV3_1060_1_grm_std_uni,1,6.623698711395264,-7.234330177307129,1
OneHandOrebaV3_1060_1_grm_std_uni,1,5.395252227783203,-6.182909965515137,1
OneHandOrebaV3_1060_1_grm_std_uni,1,4.843299388885498,-5.264888286590576,1
OneHandOrebaV3_1060_1_grm_std_uni,1,4.898136615753174,-4.741589546203613,1
OneHandOrebaV3_1060_1_grm_std_uni,1,5.352673530578613,-4.989231109619141,1
OneHandOrebaV3_1060_1_grm_std_uni,1,6.374127388000488,-6.281258583068848,1
OneHandOrebaV3_1060_1_grm_std_uni,1,6.947410583496094,-7.071816921234131,1
OneHandOrebaV3_1060_1_grm_std_uni,1,6.686573505401611,-6.734853267669678,1
OneHandOrebaV3_1060_1_grm_std_uni,1,6.977389335632324,-7.326268672943115,1
OneHandOrebaV3_1060_1_grm_std_uni,1,7.619060039520264,-8.048482894897461,1
OneHandOrebaV3_1060_1_grm_std_uni,1,8.123679161071777,-8.724796295166016,1
OneHandOrebaV3_1060_1_grm_std_uni,1,8.172224044799805,-8.5593843460083,1
OneHandOrebaV3_1060_1_grm_std_uni,1,7.671626091003418,-8.219306945800781,1
OneHandOrebaV3_1060_1_grm_std_uni,1,6.828126907348633,-7.590851783752441,1
OneHandOrebaV3_1060_1_grm_std_uni,1,5.845554828643799,-6.18992280960083,1
OneHandOrebaV3_1060_1_grm_std_uni,1,4.211589813232422,-4.494521141052246,1
OneHandOrebaV3_1060_1_grm_std_uni,1,4.29974365234375,-4.713308811187744,1
OneHandOrebaV3_1060_1_grm_std_uni,1,4.697886943817139,-5.105076313018799,1
OneHandOrebaV3_1060_1_grm_std_uni,1,4.549485206604004,-4.857761859893799,1
OneHandOrebaV3_1060_1_grm_std_uni,1,4.84686803817749,-5.0201287269592285,1
OneHandOrebaV3_1060_1_grm_std_uni,1,5.6991095542907715,-6.000409126281738,1
OneHandOrebaV3_1060_1_grm_std_uni,1,5.457449436187744,-5.494759559631348,1
OneHandOrebaV3_1060_1_grm_std_uni,1,5.971191883087158,-5.994509220123291,1
OneHandOrebaV3_1060_1_grm_std_uni,1,6.224334239959717,-6.271184921264648,1
OneHandOrebaV3_1060_1_grm_std_uni,1,7.171907424926758,-7.149041175842285,1
OneHandOrebaV3_1060_1_grm_std_uni,1,7.541804313659668,-7.437703609466553,1
OneHandOrebaV3_1060_1_grm_std_uni,1,7.350415229797363,-7.206700325012207,1
OneHandOrebaV3_1060_1_grm_std_uni,1,7.5104827880859375,-7.427858829498291,1
OneHandOrebaV3_1060_1_grm_std_uni,1,7.325318813323975,-7.243963241577148,1
OneHandOrebaV3_1060_1_grm_std_uni,1,7.623784065246582,-7.469870090484619,1
OneHandOrebaV3_1060_1_grm_std_uni,1,7.744366645812988,-7.6211652755737305,1
OneHandOrebaV3_1060_1_grm_std_uni,1,7.697396278381348,-7.594661712646484,1
OneHandOrebaV3_1060_1_grm_std_uni,1,7.341886043548584,-7.375395774841309,1
OneHandOrebaV3_1060_1_grm_std_uni,1,7.353473663330078,-7.489533424377441,1
OneHandOrebaV3_1060_1_grm_std_uni,1,6.659570217132568,-7.1958112716674805,1
OneHandOrebaV3_1060_1_grm_std_uni,1,6.294920444488525,-6.8552117347717285,1
OneHandOrebaV3_1060_1_grm_std_uni,1,6.212772846221924,-6.538523197174072,1
OneHandOrebaV3_1060_1_grm_std_uni,1,5.579402923583984,-5.949238300323486,1
OneHandOrebaV3_1060_1_grm_std_uni,1,6.501498222351074,-6.821046829223633,1
OneHandOrebaV3_1060_1_grm_std_uni,1,6.382283687591553,-6.633936882019043,1
OneHandOrebaV3_1060_1_grm_std_uni,1,5.347696781158447,-6.113037586212158,1
OneHandOrebaV3_1060_1_grm_std_uni,1,5.275279521942139,-5.867660045623779,1
OneHandOrebaV3_1060_1_grm_std_uni,1,4.660170078277588,-5.392097473144531,1
OneHandOrebaV3_1060_1_grm_std_uni,1,4.654834747314453,-5.481845378875732,1
OneHandOrebaV3_1060_1_grm_std_uni,1,4.269169807434082,-5.321780204772949,1
OneHandOrebaV3_1060_1_grm_std_uni,1,3.1386749744415283,-4.466989040374756,1
OneHandOrebaV3_1060_1_grm_std_uni,1,0.222773477435112,-1.0374449491500854,1
OneHandOrebaV3_1060_1_grm_std_uni,1,-0.8812169432640076,1.462384581565857,2
OneHandOrebaV3_1060_1_grm_std_uni,1,2.486436128616333,-0.7270314693450928,1
OneHandOrebaV3_1060_1_grm_std_uni,1,4.866727828979492,-4.069572448730469,1
OneHandOrebaV3_1060_1_grm_std_uni,1,4.69110631942749,-4.570272922515869,1
OneHandOrebaV3_1060_1_grm_std_uni,1,5.665228843688965,-4.912161350250244,1
OneHandOrebaV3_1060_1_grm_std_uni,1,6.555798530578613,-5.795346260070801,1
OneHandOrebaV3_1060_1_grm_std_uni,1,6.1733808517456055,-5.529244422912598,1
OneHandOrebaV3_1060_1_grm_std_uni,1,6.1862993240356445,-5.297719955444336,1
OneHandOrebaV3_1060_1_grm_std_uni,1,6.290512561798096,-5.476314544677734,1
OneHandOrebaV3_1060_1_grm_std_uni,1,6.495219707489014,-6.004515647888184,1
OneHandOrebaV3_1060_1_grm_std_uni,1,6.549403667449951,-6.141493797302246,1
OneHandOrebaV3_1060_1_grm_std_uni,1,6.022778034210205,-5.689970970153809,1
OneHandOrebaV3_1060_1_grm_std_uni,1,5.491408348083496,-5.086484909057617,1
OneHandOrebaV3_1060_1_grm_std_uni,1,6.320504188537598,-5.9383158683776855,1
OneHandOrebaV3_1060_1_grm_std_uni,1,6.548291206359863,-6.416167736053467,1
OneHandOrebaV3_1060_1_grm_std_uni,1,6.541602611541748,-6.411036968231201,1
OneHandOrebaV3_1060_1_grm_std_uni,1,6.098893165588379,-6.243540287017822,1
OneHandOrebaV3_1060_1_grm_std_uni,1,6.209220886230469,-6.246675491333008,1
OneHandOrebaV3_1060_1_grm_std_uni,1,6.410406589508057,-6.252610206604004,1
OneHandOrebaV3_1060_1_grm_std_uni,1,6.3650641441345215,-6.31320333480835,1
OneHandOrebaV3_1060_1_grm_std_uni,1,5.83914041519165,-6.433197021484375,1
OneHandOrebaV3_1060_1_grm_std_uni,1,5.575470924377441,-6.4436516761779785,1
OneHandOrebaV3_1060_1_grm_std_uni,1,5.359106063842773,-6.527039051055908,1
OneHandOrebaV3_1060_1_grm_std_uni,1,5.284800052642822,-6.427046298980713,1
OneHandOrebaV3_1060_1_grm_std_uni,1,5.47763204574585,-5.947277545928955,1
OneHandOrebaV3_1060_1_grm_std_uni,2,5.225064277648926,-5.8282670974731445,1
OneHandOrebaV3_1060_1_grm_std_uni,2,4.143340110778809,-5.051941394805908,1
OneHandOrebaV3_1060_1_grm_std_uni,2,-1.5077961683273315,2.5976479053497314,1
OneHandOrebaV3_1060_1_grm_std_uni,2,-2.8223471641540527,4.501683712005615,2
OneHandOrebaV3_1060_1_grm_std_uni,2,-0.1775025874376297,1.7589610815048218,1
OneHandOrebaV3_1060_1_grm_std_uni,2,4.872344017028809,-4.999263286590576,1
OneHandOrebaV3_1060_1_grm_std_uni,2,5.3891191482543945,-6.847207069396973,1
OneHandOrebaV3_1060_1_grm_std_uni,2,4.750486373901367,-6.259945869445801,1
OneHandOrebaV3_1060_1_grm_std_uni,2,5.044562816619873,-6.371185779571533,1
OneHandOrebaV3_1060_1_grm_std_uni,2,4.944331645965576,-6.1239914894104,1
OneHandOrebaV3_1060_1_grm_std_uni,1,4.896651268005371,-6.145880699157715,1
OneHandOrebaV3_1060_1_grm_std_uni,1,4.620384216308594,-6.305815696716309,1
OneHandOrebaV3_1060_1_grm_std_uni,1,6.3149847984313965,-8.05601978302002,1
OneHandOrebaV3_1060_1_grm_std_uni,1,7.525553226470947,-8.997580528259277,1
OneHandOrebaV3_1060_1_grm_std_uni,1,7.387439727783203,-8.570314407348633,1
OneHandOrebaV3_1060_1_grm_std_uni,1,7.477329254150391,-8.667141914367676,1
OneHandOrebaV3_1060_1_grm_std_uni,1,7.727869987487793,-9.082056999206543,1
OneHandOrebaV3_1060_1_grm_std_uni,1,7.051078796386719,-8.19140911102295,1
OneHandOrebaV3_1060_1_grm_std_uni,1,7.011079788208008,-7.8881425857543945,1
OneHandOrebaV3_1060_1_grm_std_uni,1,7.850077152252197,-8.646284103393555,1
OneHandOrebaV3_1060_1_grm_std_uni,1,8.26244831085205,-8.933026313781738,1
OneHandOrebaV3_1060_1_grm_std_uni,1,7.939636707305908,-8.416293144226074,1
OneHandOrebaV3_1060_1_grm_std_uni,1,7.3446879386901855,-7.578915119171143,1
OneHandOrebaV3_1060_1_grm_std_uni,1,7.319349765777588,-7.589820384979248,1
OneHandOrebaV3_1060_1_grm_std_uni,1,7.483272552490234,-7.746706962585449,1
OneHandOrebaV3_1060_1_grm_std_uni,1,7.499569892883301,-7.627892017364502,1
OneHandOrebaV3_1060_1_grm_std_uni,1,6.869495391845703,-7.227414131164551,1
OneHandOrebaV3_1060_1_grm_std_uni,1,6.987081527709961,-7.138271331787109,1
OneHandOrebaV3_1060_1_grm_std_uni,1,7.321310997009277,-7.453804969787598,1
OneHandOrebaV3_1060_1_grm_std_uni,1,7.202348232269287,-7.356879234313965,1
OneHandOrebaV3_1060_1_grm_std_uni,1,7.304634094238281,-7.326921463012695,1
OneHandOrebaV3_1060_1_grm_std_uni,1,6.958675384521484,-7.039963722229004,1
OneHandOrebaV3_1060_1_grm_std_uni,1,5.907441139221191,-6.120769023895264,1
OneHandOrebaV3_1060_1_grm_std_uni,1,6.651042938232422,-6.932798385620117,1
OneHandOrebaV3_1060_1_grm_std_uni,1,6.5681538581848145,-6.861556529998779,1
OneHandOrebaV3_1060_1_grm_std_uni,1,6.169195175170898,-6.768514156341553,1
OneHandOrebaV3_1060_1_grm_std_uni,1,5.995995998382568,-6.637532711029053,1
OneHandOrebaV3_1060_1_grm_std_uni,1,6.398462295532227,-6.865034103393555,1
OneHandOrebaV3_1060_1_grm_std_uni,1,6.51846981048584,-6.986392021179199,1
OneHandOrebaV3_1060_1_grm_std_uni,1,6.476434230804443,-6.776355266571045,1
OneHandOrebaV3_1060_1_grm_std_uni,1,5.483390808105469,-5.418824195861816,1
OneHandOrebaV3_1060_1_grm_std_uni,1,3.1682913303375244,-3.0901217460632324,1
OneHandOrebaV3_1060_1_grm_std_uni,1,4.721962928771973,-4.368893146514893,1
OneHandOrebaV3_1060_1_grm_std_uni,1,5.633479118347168,-4.981228828430176,1
OneHandOrebaV3_1060_1_grm_std_uni,1,6.1787028312683105,-5.658915996551514,1
OneHandOrebaV3_1060_1_grm_std_uni,1,6.107380390167236,-6.095449924468994,1
OneHandOrebaV3_1060_1_grm_std_uni,1,6.305748462677002,-6.227412700653076,1
OneHandOrebaV3_1060_1_grm_std_uni,1,6.477953910827637,-6.35003137588501,1
OneHandOrebaV3_1060_1_grm_std_uni,1,6.668099880218506,-6.7599196434021,1
OneHandOrebaV3_1060_1_grm_std_uni,1,6.411930084228516,-6.405300140380859,1
OneHandOrebaV3_1060_1_grm_std_uni,1,6.112149715423584,-6.081692218780518,1
OneHandOrebaV3_1060_1_grm_std_uni,1,6.294485569000244,-6.0906476974487305,1
OneHandOrebaV3_1060_1_grm_std_uni,2,6.306593418121338,-6.233955383300781,1
OneHandOrebaV3_1060_1_grm_std_uni,2,6.28009557723999,-6.291249752044678,1
OneHandOrebaV3_1060_1_grm_std_uni,2,6.236900329589844,-6.313346862792969,1
OneHandOrebaV3_1060_1_grm_std_uni,2,6.166463851928711,-6.266711711883545,1
OneHandOrebaV3_1060_1_grm_std_uni,2,6.068881034851074,-6.09815788269043,1
OneHandOrebaV3_1060_1_grm_std_uni,2,4.0197248458862305,-3.8824455738067627,1
OneHandOrebaV3_1060_1_grm_std_uni,2,-1.3067902326583862,3.0052802562713623,2
OneHandOrebaV3_1060_1_grm_std_uni,2,-0.6471102237701416,2.292614698410034,1
OneHandOrebaV3_1060_1_grm_std_uni,2,3.152198314666748,-2.3744101524353027,1
OneHandOrebaV3_1060_1_grm_std_uni,2,4.75270414352417,-6.228043079376221,1
OneHandOrebaV3_1060_1_grm_std_uni,2,4.271673679351807,-5.913986682891846,1
OneHandOrebaV3_1060_1_grm_std_uni,2,4.858129501342773,-6.403125762939453,1
OneHandOrebaV3_1060_1_grm_std_uni,1,4.935431957244873,-6.277095794677734,1
OneHandOrebaV3_1060_1_grm_std_uni,1,4.3687639236450195,-6.3102898597717285,1
OneHandOrebaV3_1060_1_grm_std_uni,1,4.7851104736328125,-6.3332600593566895,1
OneHandOrebaV3_1060_1_grm_std_uni,1,5.615733623504639,-6.56806755065918,1
OneHandOrebaV3_1060_1_grm_std_uni,1,5.822281837463379,-6.434683799743652,1
OneHandOrebaV3_1060_1_grm_std_uni,1,5.963755130767822,-6.327971935272217,1
OneHandOrebaV3_1060_1_grm_std_uni,1,6.336484909057617,-6.753177642822266,1
OneHandOrebaV3_1060_1_grm_std_uni,1,7.342175006866455,-8.0252685546875,1
OneHandOrebaV3_1060_1_grm_std_uni,1,7.485147476196289,-7.892544269561768,1
OneHandOrebaV3_1060_1_grm_std_uni,1,6.371721267700195,-6.483450889587402,1
OneHandOrebaV3_1060_1_grm_std_uni,1,6.620868682861328,-6.7613677978515625,1
OneHandOrebaV3_1060_1_grm_std_uni,1,7.006957054138184,-7.205669403076172,1
OneHandOrebaV3_1060_1_grm_std_uni,1,6.757513999938965,-6.670916557312012,1
OneHandOrebaV3_1060_1_grm_std_uni,1,5.994184494018555,-5.714524269104004,1
OneHandOrebaV3_1060_1_grm_std_uni,1,5.7425055503845215,-5.668456554412842,1
OneHandOrebaV3_1060_1_grm_std_uni,1,5.381592273712158,-5.906058311462402,1
OneHandOrebaV3_1060_1_grm_std_uni,1,5.324577331542969,-6.119027614593506,1
OneHandOrebaV3_1060_1_grm_std_uni,1,5.506229877471924,-6.455044746398926,1
OneHandOrebaV3_1060_1_grm_std_uni,1,5.812036991119385,-6.803703308105469,1
OneHandOrebaV3_1060_1_grm_std_uni,1,5.737110137939453,-6.7978620529174805,1
OneHandOrebaV3_1060_1_grm_std_uni,1,5.862985610961914,-6.901963710784912,1
OneHandOrebaV3_1060_1_grm_std_uni,1,6.81436824798584,-7.8300395011901855,1
OneHandOrebaV3_1060_1_grm_std_uni,1,7.141043186187744,-8.094366073608398,1
OneHandOrebaV3_1060_1_grm_std_uni,1,6.864748001098633,-7.322188377380371,1
OneHandOrebaV3_1060_1_grm_std_uni,1,6.877601146697998,-7.271834850311279,1
OneHandOrebaV3_1060_1_grm_std_uni,1,6.629019260406494,-7.312056541442871,1
OneHandOrebaV3_1060_1_grm_std_uni,1,6.554172992706299,-7.312486171722412,1
OneHandOrebaV3_1060_1_grm_std_uni,1,6.591701507568359,-7.472612380981445,1
OneHandOrebaV3_1060_1_grm_std_uni,1,6.325289249420166,-7.315894603729248,1
OneHandOrebaV3_1060_1_grm_std_uni,1,6.145765781402588,-7.183823108673096,1
OneHandOrebaV3_1060_1_grm_std_uni,1,5.947099208831787,-7.106568336486816,1
OneHandOrebaV3_1060_1_grm_std_uni,1,5.947494029998779,-6.9388861656188965,1
OneHandOrebaV3_1060_1_grm_std_uni,1,5.981521129608154,-6.807413101196289,1
OneHandOrebaV3_1060_1_grm_std_uni,1,6.1093244552612305,-6.676966190338135,1
OneHandOrebaV3_1060_1_grm_std_uni,1,5.98439884185791,-6.521047115325928,1
OneHandOrebaV3_1060_1_grm_std_uni,1,6.051323413848877,-6.962190628051758,1
OneHandOrebaV3_1060_1_grm_std_uni,1,5.790211200714111,-7.189440727233887,1
OneHandOrebaV3_1060_1_grm_std_uni,1,5.458393573760986,-7.003769874572754,1
OneHandOrebaV3_1060_1_grm_std_uni,1,5.771073341369629,-6.970032691955566,1
OneHandOrebaV3_1060_1_grm_std_uni,1,5.15648078918457,-6.140206813812256,1
OneHandOrebaV3_1060_1_grm_std_uni,1,5.2432146072387695,-6.241431713104248,1
OneHandOrebaV3_1060_1_grm_std_uni,1,4.730600357055664,-5.92302942276001,1
OneHandOrebaV3_1060_1_grm_std_uni,1,4.31346321105957,-5.460570812225342,1
OneHandOrebaV3_1060_1_grm_std_uni,1,5.518777847290039,-6.037577152252197,1
OneHandOrebaV3_1060_1_grm_std_uni,1,5.378244876861572,-5.45491361618042,1
OneHandOrebaV3_1060_1_grm_std_uni,1,5.389815807342529,-5.491739749908447,1
OneHandOrebaV3_1060_1_grm_std_uni,1,5.834326267242432,-6.4339752197265625,1
OneHandOrebaV3_1060_1_grm_std_uni,1,5.836763381958008,-7.107844829559326,1
OneHandOrebaV3_1060_1_grm_std_uni,1,6.108056545257568,-7.62125825881958,1
OneHandOrebaV3_1060_1_grm_std_uni,1,7.0152435302734375,-8.259754180908203,1
OneHandOrebaV3_1060_1_grm_std_uni,1,7.263187885284424,-8.035400390625,1
OneHandOrebaV3_1060_1_grm_std_uni,1,6.941435813903809,-7.679990768432617,1
OneHandOrebaV3_1060_1_grm_std_uni,1,6.858600616455078,-7.37340784072876,1
OneHandOrebaV3_1060_1_grm_std_uni,1,6.750583648681641,-7.177144527435303,1
OneHandOrebaV3_1060_1_grm_std_uni,1,6.497714519500732,-7.142902374267578,1
OneHandOrebaV3_1060_1_grm_std_uni,1,6.1910400390625,-7.246971130371094,1
OneHandOrebaV3_1060_1_grm_std_uni,1,5.190334796905518,-6.608911514282227,1
OneHandOrebaV3_1060_1_grm_std_uni,1,4.753921985626221,-6.070452690124512,1
OneHandOrebaV3_1060_1_grm_std_uni,1,4.0769429206848145,-5.075586318969727,1
OneHandOrebaV3_1060_1_grm_std_uni,1,4.315187454223633,-4.678735256195068,1
OneHandOrebaV3_1060_1_grm_std_uni,1,5.051534175872803,-5.145913124084473,1
OneHandOrebaV3_1060_1_grm_std_uni,1,5.642573356628418,-5.6443190574646,1
OneHandOrebaV3_1060_1_grm_std_uni,1,6.402427673339844,-6.407172203063965,1
OneHandOrebaV3_1060_1_grm_std_uni,1,7.040256977081299,-7.042101860046387,1
OneHandOrebaV3_1060_1_grm_std_uni,1,6.84887170791626,-6.830843448638916,1
OneHandOrebaV3_1060_1_grm_std_uni,1,5.87646484375,-6.252634048461914,1
OneHandOrebaV3_1060_1_grm_std_uni,1,5.257659435272217,-5.968332767486572,1
OneHandOrebaV3_1060_1_grm_std_uni,1,4.762794494628906,-5.600517749786377,1
OneHandOrebaV3_1060_1_grm_std_uni,1,4.828644752502441,-5.756707191467285,1
OneHandOrebaV3_1060_1_grm_std_uni,1,4.909832954406738,-5.840004920959473,1
OneHandOrebaV3_1060_1_grm_std_uni,1,4.950265407562256,-5.950943946838379,1
OneHandOrebaV3_1060_1_grm_std_uni,1,4.055933475494385,-5.16658878326416,1
OneHandOrebaV3_1060_1_grm_std_uni,1,3.6296844482421875,-5.3074469566345215,1
OneHandOrebaV3_1060_1_grm_std_uni,1,3.6362898349761963,-5.369036674499512,1
OneHandOrebaV3_1060_1_grm_std_uni,1,3.5927746295928955,-4.140018463134766,1
OneHandOrebaV3_1060_1_grm_std_uni,1,4.422779083251953,-4.313014507293701,1
OneHandOrebaV3_1060_1_grm_std_uni,1,5.247986316680908,-4.949892997741699,1
OneHandOrebaV3_1060_1_grm_std_uni,1,5.556612014770508,-5.201454162597656,1
OneHandOrebaV3_1060_1_grm_std_uni,1,5.419139862060547,-5.097458839416504,1
OneHandOrebaV3_1060_1_grm_std_uni,1,5.326633930206299,-5.2310333251953125,1
OneHandOrebaV3_1060_1_grm_std_uni,1,5.587443828582764,-5.664340019226074,1
OneHandOrebaV3_1060_1_grm_std_uni,1,5.883197784423828,-6.405676364898682,1
OneHandOrebaV3_1060_1_grm_std_uni,1,5.962259769439697,-6.714749813079834,1
OneHandOrebaV3_1060_1_grm_std_uni,1,5.91033935546875,-6.695899486541748,1
OneHandOrebaV3_1060_1_grm_std_uni,1,5.801840305328369,-6.6657280921936035,1
OneHandOrebaV3_1060_1_grm_std_uni,1,5.704455375671387,-6.623990058898926,1
OneHandOrebaV3_1060_1_grm_std_uni,1,5.7839460372924805,-6.153464317321777,1
OneHandOrebaV3_1060_1_grm_std_uni,2,5.2436933517456055,-5.764482498168945,1
OneHandOrebaV3_1060_1_grm_std_uni,2,4.721482753753662,-5.720549583435059,1
OneHandOrebaV3_1060_1_grm_std_uni,2,5.203279972076416,-5.899559497833252,1
OneHandOrebaV3_1060_1_grm_std_uni,2,5.70715856552124,-6.214518070220947,1
OneHandOrebaV3_1060_1_grm_std_uni,2,1.7679513692855835,-1.8169713020324707,1
OneHandOrebaV3_1060_1_grm_std_uni,2,-1.5862256288528442,2.97822904586792,2
OneHandOrebaV3_1060_1_grm_std_uni,2,-0.19586777687072754,1.904747724533081,1
OneHandOrebaV3_1060_1_grm_std_uni,2,4.2509942054748535,-3.7438509464263916,1
OneHandOrebaV3_1060_1_grm_std_uni,2,5.981257438659668,-7.074340343475342,1
OneHandOrebaV3_1060_1_grm_std_uni,2,5.200356483459473,-6.770519256591797,1
OneHandOrebaV3_1060_1_grm_std_uni,2,5.291510105133057,-6.922034740447998,1
OneHandOrebaV3_1060_1_grm_std_uni,2,5.206319332122803,-6.870161533355713,1
OneHandOrebaV3_1060_1_grm_std_uni,1,6.016817092895508,-7.603750705718994,1
OneHandOrebaV3_1060_1_grm_std_uni,1,6.482578277587891,-7.4985198974609375,1
OneHandOrebaV3_1060_1_grm_std_uni,1,6.60188627243042,-6.624461650848389,1
OneHandOrebaV3_1060_1_grm_std_uni,1,7.933350563049316,-8.077327728271484,1
OneHandOrebaV3_1060_1_grm_std_uni,1,7.369455337524414,-7.364468097686768,1
OneHandOrebaV3_1060_1_grm_std_uni,1,6.492696762084961,-7.036619186401367,1
OneHandOrebaV3_1060_1_grm_std_uni,1,6.541701316833496,-7.031211853027344,1
OneHandOrebaV3_1060_1_grm_std_uni,1,6.918813705444336,-7.1947150230407715,1
OneHandOrebaV3_1060_1_grm_std_uni,1,6.720144748687744,-6.847107887268066,1
OneHandOrebaV3_1060_1_grm_std_uni,1,6.877790927886963,-6.929008960723877,1
OneHandOrebaV3_1060_1_grm_std_uni,1,7.172920227050781,-7.2659759521484375,1
OneHandOrebaV3_1060_1_grm_std_uni,1,6.864455223083496,-6.970672607421875,1
OneHandOrebaV3_1060_1_grm_std_uni,1,6.585901737213135,-6.70183801651001,1
OneHandOrebaV3_1060_1_grm_std_uni,1,6.498175144195557,-6.601078510284424,1
OneHandOrebaV3_1060_1_grm_std_uni,1,6.505102634429932,-6.6540985107421875,1
OneHandOrebaV3_1060_1_grm_std_uni,1,6.2830705642700195,-6.260656356811523,1
OneHandOrebaV3_1060_1_grm_std_uni,1,6.2447991371154785,-6.3755292892456055,1
OneHandOrebaV3_1060_1_grm_std_uni,1,6.709575176239014,-7.132383346557617,1
OneHandOrebaV3_1060_1_grm_std_uni,1,6.564817428588867,-6.860099792480469,1
OneHandOrebaV3_1060_1_grm_std_uni,1,6.135013580322266,-6.265065670013428,1
OneHandOrebaV3_1060_1_grm_std_uni,1,6.158041954040527,-6.388324737548828,1
OneHandOrebaV3_1060_1_grm_std_uni,1,6.6143107414245605,-6.894512176513672,1
OneHandOrebaV3_1060_1_grm_std_uni,1,6.309784412384033,-6.420496463775635,1
OneHandOrebaV3_1060_1_grm_std_uni,1,5.807005405426025,-5.93825626373291,1
OneHandOrebaV3_1060_1_grm_std_uni,1,5.680903911590576,-5.7643327713012695,1
OneHandOrebaV3_1060_1_grm_std_uni,1,6.687506675720215,-6.780390739440918,1
OneHandOrebaV3_1060_1_grm_std_uni,1,6.958018779754639,-7.033268451690674,1
OneHandOrebaV3_1060_1_grm_std_uni,1,6.991167068481445,-7.091761112213135,1
OneHandOrebaV3_1060_1_grm_std_uni,1,7.167027950286865,-7.29909086227417,1
OneHandOrebaV3_1060_1_grm_std_uni,1,6.955286502838135,-7.171721458435059,1
OneHandOrebaV3_1060_1_grm_std_uni,1,6.8643412590026855,-6.98101806640625,1
OneHandOrebaV3_1060_1_grm_std_uni,1,6.517927646636963,-6.720911502838135,1
OneHandOrebaV3_1060_1_grm_std_uni,1,6.893470764160156,-6.804200172424316,1
OneHandOrebaV3_1060_1_grm_std_uni,1,7.035465240478516,-7.076843738555908,1
OneHandOrebaV3_1060_1_grm_std_uni,1,6.734853744506836,-6.888832092285156,1
OneHandOrebaV3_1060_1_grm_std_uni,1,6.493375301361084,-6.619349479675293,1
OneHandOrebaV3_1060_1_grm_std_uni,1,7.128584861755371,-7.285355567932129,1
OneHandOrebaV3_1060_1_grm_std_uni,1,7.393249988555908,-7.496159553527832,1
OneHandOrebaV3_1060_1_grm_std_uni,1,7.364275932312012,-7.538230895996094,1
OneHandOrebaV3_1060_1_grm_std_uni,1,6.673595905303955,-7.0769500732421875,1
OneHandOrebaV3_1060_1_grm_std_uni,1,6.429468631744385,-6.743096351623535,1
OneHandOrebaV3_1060_1_grm_std_uni,1,7.004527568817139,-7.162209510803223,1
OneHandOrebaV3_1060_1_grm_std_uni,1,6.4673991203308105,-6.687893867492676,1
OneHandOrebaV3_1060_1_grm_std_uni,1,5.743692398071289,-5.804346561431885,1
OneHandOrebaV3_1060_1_grm_std_uni,1,5.73660945892334,-5.585084915161133,1
OneHandOrebaV3_1060_1_grm_std_uni,1,6.562489032745361,-6.324597358703613,1
OneHandOrebaV3_1060_1_grm_std_uni,1,6.115561008453369,-5.837799072265625,1
OneHandOrebaV3_1060_1_grm_std_uni,1,6.321115493774414,-6.312668800354004,1
OneHandOrebaV3_1060_1_grm_std_uni,1,7.185487747192383,-7.055600643157959,1
OneHandOrebaV3_1060_1_grm_std_uni,1,6.9133381843566895,-6.82064151763916,1
OneHandOrebaV3_1060_1_grm_std_uni,1,6.59018087387085,-6.641679763793945,1
OneHandOrebaV3_1060_1_grm_std_uni,1,6.5240044593811035,-6.834972858428955,1
OneHandOrebaV3_1060_1_grm_std_uni,1,5.973275184631348,-6.479449272155762,1
OneHandOrebaV3_1060_1_grm_std_uni,1,5.367921829223633,-6.011765003204346,1
OneHandOrebaV3_1060_1_grm_std_uni,1,5.833026885986328,-6.307548522949219,1
OneHandOrebaV3_1060_1_grm_std_uni,1,5.944543838500977,-6.499433994293213,1
OneHandOrebaV3_1060_1_grm_std_uni,1,6.1025590896606445,-6.735845565795898,1
OneHandOrebaV3_1060_1_grm_std_uni,1,5.137345314025879,-5.9985880851745605,1
OneHandOrebaV3_1060_1_grm_std_uni,1,5.687417507171631,-6.3379058837890625,1
OneHandOrebaV3_1060_1_grm_std_uni,1,6.747365474700928,-7.082616806030273,1
OneHandOrebaV3_1060_1_grm_std_uni,1,7.226657867431641,-7.609007358551025,1
OneHandOrebaV3_1060_1_grm_std_uni,1,6.845744609832764,-7.548514366149902,1
OneHandOrebaV3_1060_1_grm_std_uni,1,6.372951030731201,-7.05525541305542,1
OneHandOrebaV3_1060_1_grm_std_uni,1,6.204224109649658,-6.6851983070373535,1
OneHandOrebaV3_1060_1_grm_std_uni,1,6.91424560546875,-7.1760969161987305,1
OneHandOrebaV3_1060_1_grm_std_uni,1,6.814314842224121,-7.262278079986572,1
OneHandOrebaV3_1060_1_grm_std_uni,1,6.682880878448486,-7.299739360809326,1
OneHandOrebaV3_1060_1_grm_std_uni,2,6.161787033081055,-6.831662178039551,1
OneHandOrebaV3_1060_1_grm_std_uni,2,4.822432518005371,-5.882604598999023,1
OneHandOrebaV3_1060_1_grm_std_uni,2,4.63201904296875,-5.656893253326416,1
OneHandOrebaV3_1060_1_grm_std_uni,2,4.521252632141113,-5.593446254730225,1
OneHandOrebaV3_1060_1_grm_std_uni,2,4.331309795379639,-5.472690582275391,1
OneHandOrebaV3_1060_1_grm_std_uni,2,2.7331953048706055,-3.9103825092315674,1
OneHandOrebaV3_1060_1_grm_std_uni,2,-2.4684860706329346,3.1607000827789307,2
OneHandOrebaV3_1060_1_grm_std_uni,2,-1.646693468093872,3.1461782455444336,1
OneHandOrebaV3_1060_1_grm_std_uni,2,3.691612482070923,-2.7003631591796875,1
OneHandOrebaV3_1060_1_grm_std_uni,2,4.8835768699646,-5.906761169433594,1
OneHandOrebaV3_1060_1_grm_std_uni,2,4.599516868591309,-6.1122870445251465,1
OneHandOrebaV3_1060_1_grm_std_uni,2,4.959660053253174,-6.273993492126465,1
OneHandOrebaV3_1060_1_grm_std_uni,1,4.62175178527832,-6.39453125,1
OneHandOrebaV3_1060_1_grm_std_uni,1,4.419992923736572,-6.211136817932129,1
OneHandOrebaV3_1060_1_grm_std_uni,1,5.1202168464660645,-6.164615631103516,1
OneHandOrebaV3_1060_1_grm_std_uni,1,5.199750900268555,-6.015039443969727,1
OneHandOrebaV3_1060_1_grm_std_uni,1,4.57699728012085,-5.272092819213867,1
OneHandOrebaV3_1060_1_grm_std_uni,1,5.174032211303711,-4.818996906280518,1
OneHandOrebaV3_1060_1_grm_std_uni,1,5.568026542663574,-5.054324626922607,1
OneHandOrebaV3_1060_1_grm_std_uni,1,6.293891906738281,-5.882171630859375,1
OneHandOrebaV3_1060_1_grm_std_uni,1,5.534555912017822,-5.515640735626221,1
OneHandOrebaV3_1060_1_grm_std_uni,1,5.501394748687744,-5.902819633483887,1
OneHandOrebaV3_1060_1_grm_std_uni,1,5.972859859466553,-6.139998912811279,1
OneHandOrebaV3_1060_1_grm_std_uni,1,7.334439754486084,-7.249209403991699,1
OneHandOrebaV3_1060_1_grm_std_uni,1,7.6603312492370605,-7.524974346160889,1
OneHandOrebaV3_1060_1_grm_std_uni,1,7.871831893920898,-7.647429943084717,1
OneHandOrebaV3_1060_1_grm_std_uni,1,7.797503471374512,-7.512909412384033,1
OneHandOrebaV3_1060_1_grm_std_uni,1,7.063582420349121,-6.874608993530273,1
OneHandOrebaV3_1060_1_grm_std_uni,1,6.7614641189575195,-6.611438751220703,1
OneHandOrebaV3_1060_1_grm_std_uni,1,7.0384979248046875,-6.883171558380127,1
OneHandOrebaV3_1060_1_grm_std_uni,1,6.77772855758667,-6.9092864990234375,1
OneHandOrebaV3_1060_1_grm_std_uni,1,6.430083751678467,-6.56739616394043,1
OneHandOrebaV3_1060_1_grm_std_uni,1,6.059566497802734,-5.929001331329346,1
OneHandOrebaV3_1060_1_grm_std_uni,1,6.265040874481201,-6.058030128479004,1
OneHandOrebaV3_1060_1_grm_std_uni,1,6.605038642883301,-6.752014636993408,1
OneHandOrebaV3_1060_1_grm_std_uni,1,7.04000997543335,-7.72893762588501,1
OneHandOrebaV3_1060_1_grm_std_uni,1,6.974236488342285,-7.662874221801758,1
OneHandOrebaV3_1060_1_grm_std_uni,1,6.700413703918457,-7.178300380706787,1
OneHandOrebaV3_1060_1_grm_std_uni,1,6.653604507446289,-6.871880054473877,1
OneHandOrebaV3_1060_1_grm_std_uni,1,6.251347541809082,-6.59268856048584,1
OneHandOrebaV3_1060_1_grm_std_uni,1,5.710200786590576,-6.377560615539551,1
OneHandOrebaV3_1060_1_grm_std_uni,1,5.802109718322754,-6.584138870239258,1
OneHandOrebaV3_1060_1_grm_std_uni,1,6.385526657104492,-7.21991491317749,1
OneHandOrebaV3_1060_1_grm_std_uni,1,6.488297462463379,-7.2522196769714355,1
OneHandOrebaV3_1060_1_grm_std_uni,1,6.835281848907471,-7.162374019622803,1
OneHandOrebaV3_1060_1_grm_std_uni,1,7.165111541748047,-7.311948299407959,1
OneHandOrebaV3_1060_1_grm_std_uni,1,6.929943561553955,-6.98328971862793,1
OneHandOrebaV3_1060_1_grm_std_uni,1,6.794656753540039,-6.78070592880249,1
OneHandOrebaV3_1060_1_grm_std_uni,1,6.538888454437256,-6.746170997619629,1
OneHandOrebaV3_1060_1_grm_std_uni,1,6.388742446899414,-6.814692974090576,1
OneHandOrebaV3_1060_1_grm_std_uni,1,6.713453769683838,-7.286294937133789,1
OneHandOrebaV3_1060_1_grm_std_uni,1,7.344925880432129,-8.02834415435791,1
OneHandOrebaV3_1060_1_grm_std_uni,1,7.394106388092041,-8.1567964553833,1
OneHandOrebaV3_1060_1_grm_std_uni,1,7.411571979522705,-8.296442985534668,1
OneHandOrebaV3_1060_1_grm_std_uni,1,7.473525524139404,-8.19955825805664,1
OneHandOrebaV3_1060_1_grm_std_uni,1,7.473324298858643,-7.912751197814941,1
OneHandOrebaV3_1060_1_grm_std_uni,1,7.343184471130371,-7.684665203094482,1
OneHandOrebaV3_1060_1_grm_std_uni,1,7.394194602966309,-7.712519645690918,1
OneHandOrebaV3_1060_1_grm_std_uni,1,7.463229179382324,-7.567636489868164,1
OneHandOrebaV3_1060_1_grm_std_uni,1,7.290958404541016,-7.379705429077148,1
OneHandOrebaV3_1060_1_grm_std_uni,1,7.4115495681762695,-7.638999938964844,1
OneHandOrebaV3_1060_1_grm_std_uni,1,7.5007100105285645,-7.620697975158691,1
OneHandOrebaV3_1060_1_grm_std_uni,1,7.555436134338379,-7.6927313804626465,1
OneHandOrebaV3_1060_1_grm_std_uni,1,7.676598072052002,-7.836166858673096,1
OneHandOrebaV3_1060_1_grm_std_uni,1,7.393033027648926,-7.627147197723389,1
OneHandOrebaV3_1060_1_grm_std_uni,1,7.38551664352417,-7.598639965057373,1
OneHandOrebaV3_1060_1_grm_std_uni,1,7.190255641937256,-7.3741135597229,1
OneHandOrebaV3_1060_1_grm_std_uni,1,6.903323173522949,-6.788193702697754,1
OneHandOrebaV3_1060_1_grm_std_uni,1,6.700857162475586,-6.234558582305908,1
OneHandOrebaV3_1060_1_grm_std_uni,1,6.475213527679443,-6.253402233123779,1
OneHandOrebaV3_1060_1_grm_std_uni,1,6.377169132232666,-6.513307571411133,1
OneHandOrebaV3_1060_1_grm_std_uni,1,6.292206287384033,-6.663559913635254,1
OneHandOrebaV3_1060_1_grm_std_uni,1,5.996999740600586,-6.943113803863525,1
OneHandOrebaV3_1060_1_grm_std_uni,1,5.712852478027344,-7.100409030914307,1
OneHandOrebaV3_1060_1_grm_std_uni,1,6.117244243621826,-7.775405406951904,1
OneHandOrebaV3_1060_1_grm_std_uni,1,7.157206058502197,-8.306458473205566,1
OneHandOrebaV3_1060_1_grm_std_uni,1,7.2823710441589355,-8.19985294342041,1
OneHandOrebaV3_1060_1_grm_std_uni,1,7.286703586578369,-7.839829921722412,1
OneHandOrebaV3_1060_1_grm_std_uni,1,7.36386251449585,-7.866479873657227,1
OneHandOrebaV3_1060_1_grm_std_uni,1,7.328668594360352,-7.817144393920898,1
OneHandOrebaV3_1060_1_grm_std_uni,1,7.255710124969482,-7.620701313018799,1
OneHandOrebaV3_1060_1_grm_std_uni,1,7.150138854980469,-7.4395551681518555,1
OneHandOrebaV3_1060_1_grm_std_uni,1,6.728462219238281,-6.618378639221191,1
OneHandOrebaV3_1060_1_grm_std_uni,1,6.20042610168457,-5.890185356140137,1
OneHandOrebaV3_1060_1_grm_std_uni,1,6.638012886047363,-6.30314826965332,1
OneHandOrebaV3_1060_1_grm_std_uni,1,6.481663227081299,-6.406627655029297,1
OneHandOrebaV3_1060_1_grm_std_uni,1,6.048165321350098,-6.210965633392334,1
OneHandOrebaV3_1060_1_grm_std_uni,1,5.876928806304932,-6.339498043060303,1
OneHandOrebaV3_1060_1_grm_std_uni,1,5.991278648376465,-6.194257736206055,1
OneHandOrebaV3_1060_1_grm_std_uni,1,5.359067440032959,-5.384062767028809,1
OneHandOrebaV3_1060_1_grm_std_uni,1,4.37517786026001,-4.137381076812744,1
OneHandOrebaV3_1060_1_grm_std_uni,1,5.000826358795166,-4.649830341339111,1
OneHandOrebaV3_1060_1_grm_std_uni,1,6.170381546020508,-5.822885036468506,1
OneHandOrebaV3_1060_1_grm_std_uni,1,6.686437129974365,-6.714864253997803,1
OneHandOrebaV3_1060_1_grm_std_uni,1,7.014871120452881,-7.315862655639648,1
OneHandOrebaV3_1060_1_grm_std_uni,1,6.889262676239014,-7.249284267425537,1
OneHandOrebaV3_1060_1_grm_std_uni,1,7.009617328643799,-7.453303337097168,1
OneHandOrebaV3_1060_1_grm_std_uni,1,7.080440998077393,-7.457468032836914,1
OneHandOrebaV3_1060_1_grm_std_uni,1,7.334611415863037,-7.613069534301758,1
OneHandOrebaV3_1060_1_grm_std_uni,1,7.2683258056640625,-7.3438568115234375,1
OneHandOrebaV3_1060_1_grm_std_uni,1,7.083327293395996,-7.0909600257873535,1
OneHandOrebaV3_1060_1_grm_std_uni,1,7.240429401397705,-7.101194858551025,1
OneHandOrebaV3_1060_1_grm_std_uni,1,7.23496675491333,-7.273754119873047,1
OneHandOrebaV3_1060_1_grm_std_uni,1,7.357041358947754,-7.728296279907227,1
OneHandOrebaV3_1060_1_grm_std_uni,1,7.811247825622559,-8.145779609680176,1
OneHandOrebaV3_1060_1_grm_std_uni,1,7.879447937011719,-8.158910751342773,1
OneHandOrebaV3_1060_1_grm_std_uni,1,7.694127559661865,-7.956044673919678,1
OneHandOrebaV3_1060_1_grm_std_uni,1,7.667089939117432,-7.88555383682251,1
OneHandOrebaV3_1060_1_grm_std_uni,1,7.740321159362793,-7.925702095031738,1
OneHandOrebaV3_1060_1_grm_std_uni,1,7.7545485496521,-7.957565784454346,1
OneHandOrebaV3_1060_1_grm_std_uni,1,7.702409744262695,-7.8281474113464355,1
OneHandOrebaV3_1060_1_grm_std_uni,1,7.317747592926025,-7.425444602966309,1
OneHandOrebaV3_1060_1_grm_std_uni,1,7.589719772338867,-7.723451614379883,1
OneHandOrebaV3_1060_1_grm_std_uni,1,7.875652313232422,-7.988057613372803,1
OneHandOrebaV3_1060_1_grm_std_uni,1,7.6450934410095215,-7.989764213562012,1
OneHandOrebaV3_1060_1_grm_std_uni,1,7.496297836303711,-7.865607261657715,1
OneHandOrebaV3_1060_1_grm_std_uni,1,7.4590888023376465,-7.866003036499023,1
OneHandOrebaV3_1060_1_grm_std_uni,1,7.45322322845459,-7.834689617156982,1
OneHandOrebaV3_1060_1_grm_std_uni,1,6.840426445007324,-6.94014835357666,1
OneHandOrebaV3_1060_1_grm_std_uni,1,6.839243412017822,-6.907820701599121,1
OneHandOrebaV3_1060_1_grm_std_uni,1,6.366689682006836,-6.269586563110352,1
OneHandOrebaV3_1060_1_grm_std_uni,1,6.301491737365723,-6.447440147399902,1
OneHandOrebaV3_1060_1_grm_std_uni,1,7.327742099761963,-7.400740623474121,1
OneHandOrebaV3_1060_1_grm_std_uni,1,7.276839733123779,-7.412513732910156,1
OneHandOrebaV3_1060_1_grm_std_uni,1,6.993422508239746,-6.982855796813965,1
OneHandOrebaV3_1060_1_grm_std_uni,1,6.724085807800293,-6.687416076660156,1
OneHandOrebaV3_1060_1_grm_std_uni,1,6.910938739776611,-6.947861194610596,1
OneHandOrebaV3_1060_1_grm_std_uni,1,7.321063041687012,-7.574095249176025,1
OneHandOrebaV3_1060_1_grm_std_uni,1,7.664487361907959,-7.796371936798096,1
OneHandOrebaV3_1060_1_grm_std_uni,1,7.395517349243164,-7.429173946380615,1
OneHandOrebaV3_1060_1_grm_std_uni,1,6.777271270751953,-6.862362384796143,1
OneHandOrebaV3_1060_1_grm_std_uni,1,7.0464067459106445,-7.059080123901367,1
OneHandOrebaV3_1060_1_grm_std_uni,1,7.286620616912842,-7.203017711639404,1
OneHandOrebaV3_1060_1_grm_std_uni,1,7.286860942840576,-7.402921199798584,1
OneHandOrebaV3_1060_1_grm_std_uni,1,7.059734344482422,-7.2009477615356445,1
OneHandOrebaV3_1060_1_grm_std_uni,1,6.72812032699585,-6.693740367889404,1
OneHandOrebaV3_1060_1_grm_std_uni,1,6.4024224281311035,-6.232059478759766,1
OneHandOrebaV3_1060_1_grm_std_uni,1,6.910322666168213,-6.678505897521973,1
OneHandOrebaV3_1060_1_grm_std_uni,1,7.035267353057861,-6.810936450958252,1
OneHandOrebaV3_1060_1_grm_std_uni,1,6.953678131103516,-6.989581108093262,1
OneHandOrebaV3_1060_1_grm_std_uni,1,6.972471237182617,-6.954936981201172,1
OneHandOrebaV3_1060_1_grm_std_uni,1,6.7874860763549805,-6.461156845092773,1
OneHandOrebaV3_1060_1_grm_std_uni,1,6.0204243659973145,-5.673388481140137,1
OneHandOrebaV3_1060_1_grm_std_uni,1,5.8298444747924805,-5.485805988311768,1
OneHandOrebaV3_1060_1_grm_std_uni,1,5.918191909790039,-6.016580104827881,1
OneHandOrebaV3_1060_1_grm_std_uni,1,5.799471855163574,-6.462985038757324,1
OneHandOrebaV3_1060_1_grm_std_uni,1,6.4710774421691895,-7.237090587615967,1
OneHandOrebaV3_1060_1_grm_std_uni,1,7.158255577087402,-7.923960208892822,1
OneHandOrebaV3_1060_1_grm_std_uni,1,7.23349666595459,-7.893925666809082,1
OneHandOrebaV3_1060_1_grm_std_uni,1,6.976150035858154,-7.307640075683594,1
OneHandOrebaV3_1060_1_grm_std_uni,1,6.7305378913879395,-7.088965892791748,1
OneHandOrebaV3_1060_1_grm_std_uni,1,6.382360458374023,-6.216480255126953,1
OneHandOrebaV3_1060_1_grm_std_uni,1,5.567992210388184,-5.4402971267700195,1
OneHandOrebaV3_1060_1_grm_std_uni,1,5.109905242919922,-5.359951496124268,1
OneHandOrebaV3_1060_1_grm_std_uni,1,5.219587802886963,-6.044798851013184,1
OneHandOrebaV3_1060_1_grm_std_uni,1,5.085288047790527,-6.497846603393555,1
OneHandOrebaV3_1060_1_grm_std_uni,1,4.91804838180542,-6.804703712463379,1
OneHandOrebaV3_1060_1_grm_std_uni,1,5.31652307510376,-6.736861228942871,1
OneHandOrebaV3_1060_1_grm_std_uni,1,5.530550003051758,-6.607946395874023,1
OneHandOrebaV3_1060_1_grm_std_uni,1,5.415233612060547,-6.480297565460205,1
OneHandOrebaV3_1060_1_grm_std_uni,1,5.428064823150635,-6.574175834655762,1
OneHandOrebaV3_1060_1_grm_std_uni,1,5.278707027435303,-6.582412242889404,1
OneHandOrebaV3_1060_1_grm_std_uni,1,5.390364646911621,-7.049562931060791,1
OneHandOrebaV3_1060_1_grm_std_uni,1,5.761536598205566,-7.111710548400879,1
OneHandOrebaV3_1060_1_grm_std_uni,1,5.9738383293151855,-6.842033386230469,1
OneHandOrebaV3_1060_1_grm_std_uni,1,5.999542236328125,-6.74478006362915,1
OneHandOrebaV3_1060_1_grm_std_uni,1,6.312129497528076,-6.966691970825195,1
OneHandOrebaV3_1060_1_grm_std_uni,1,6.4722442626953125,-7.049756050109863,1
OneHandOrebaV3_1060_1_grm_std_uni,1,6.876624584197998,-7.319444179534912,1
OneHandOrebaV3_1060_1_grm_std_uni,1,7.284152507781982,-7.674192428588867,1
OneHandOrebaV3_1060_1_grm_std_uni,1,6.700179576873779,-7.293012619018555,1
OneHandOrebaV3_1060_1_grm_std_uni,1,6.448420524597168,-6.805991172790527,1
OneHandOrebaV3_1060_1_grm_std_uni,1,6.138270854949951,-6.3028950691223145,1
OneHandOrebaV3_1060_1_grm_std_uni,1,6.460000038146973,-6.799609661102295,1
OneHandOrebaV3_1060_1_grm_std_uni,1,7.134156703948975,-7.457495212554932,1
OneHandOrebaV3_1060_1_grm_std_uni,1,7.349478244781494,-7.674666881561279,1
OneHandOrebaV3_1060_1_grm_std_uni,1,7.395502090454102,-7.718017101287842,1
OneHandOrebaV3_1060_1_grm_std_uni,1,7.470300197601318,-7.752866744995117,1
OneHandOrebaV3_1060_1_grm_std_uni,1,7.390944957733154,-7.731781959533691,1
OneHandOrebaV3_1060_1_grm_std_uni,1,6.618048667907715,-7.009679794311523,1
OneHandOrebaV3_1060_1_grm_std_uni,1,6.052735805511475,-6.339460849761963,1
OneHandOrebaV3_1060_1_grm_std_uni,1,5.888859748840332,-6.062174320220947,1
OneHandOrebaV3_1060_1_grm_std_uni,1,5.677674293518066,-5.727531909942627,1
OneHandOrebaV3_1060_1_grm_std_uni,1,4.962369918823242,-4.7970123291015625,1
OneHandOrebaV3_1060_1_grm_std_uni,1,4.8701348304748535,-4.796868801116943,1
OneHandOrebaV3_1060_1_grm_std_uni,1,4.744837760925293,-4.795440196990967,1
OneHandOrebaV3_1060_1_grm_std_uni,1,4.842777252197266,-4.8221435546875,1
OneHandOrebaV3_1060_1_grm_std_uni,1,5.048716068267822,-4.915473461151123,1
OneHandOrebaV3_1060_1_grm_std_uni,1,5.2812957763671875,-5.170243740081787,1
OneHandOrebaV3_1060_1_grm_std_uni,1,6.3814263343811035,-6.371739864349365,1
OneHandOrebaV3_1060_1_grm_std_uni,1,6.826350688934326,-6.963815212249756,1
OneHandOrebaV3_1060_1_grm_std_uni,1,6.079419136047363,-6.3489909172058105,1
OneHandOrebaV3_1060_1_grm_std_uni,1,6.293531894683838,-6.408891677856445,1
OneHandOrebaV3_1060_1_grm_std_uni,1,6.795943260192871,-6.794099807739258,1
OneHandOrebaV3_1060_1_grm_std_uni,1,7.440066337585449,-7.0853800773620605,1
OneHandOrebaV3_1060_1_grm_std_uni,1,7.741225719451904,-7.328860759735107,1
OneHandOrebaV3_1060_1_grm_std_uni,1,7.888116836547852,-7.458416938781738,1
OneHandOrebaV3_1060_1_grm_std_uni,1,7.316246032714844,-7.386482238769531,1
OneHandOrebaV3_1060_1_grm_std_uni,1,6.880824565887451,-7.042881011962891,1
OneHandOrebaV3_1060_1_grm_std_uni,1,6.7961506843566895,-6.847855091094971,1
OneHandOrebaV3_1060_1_grm_std_uni,1,7.070963382720947,-7.075140476226807,1
OneHandOrebaV3_1060_1_grm_std_uni,1,7.31321907043457,-7.131107807159424,1
OneHandOrebaV3_1060_1_grm_std_uni,1,7.269718647003174,-7.0821380615234375,1
OneHandOrebaV3_1060_1_grm_std_uni,1,6.997718334197998,-6.834892749786377,1
OneHandOrebaV3_1060_1_grm_std_uni,1,7.435397624969482,-7.214352130889893,1
OneHandOrebaV3_1060_1_grm_std_uni,1,7.291100025177002,-7.215552806854248,1
OneHandOrebaV3_1060_1_grm_std_uni,1,6.864662170410156,-7.02702522277832,1
OneHandOrebaV3_1060_1_grm_std_uni,1,6.90609073638916,-7.08979606628418,1
OneHandOrebaV3_1060_1_grm_std_uni,1,6.976604461669922,-7.228963851928711,1
OneHandOrebaV3_1060_1_grm_std_uni,1,6.85288143157959,-7.020272254943848,1
OneHandOrebaV3_1060_1_grm_std_uni,2,6.779391288757324,-6.828671455383301,1
OneHandOrebaV3_1060_1_grm_std_uni,2,6.835026264190674,-6.85103178024292,1
OneHandOrebaV3_1060_1_grm_std_uni,2,7.476723670959473,-7.23696756362915,1
OneHandOrebaV3_1060_1_grm_std_uni,2,7.1956000328063965,-7.173340797424316,1
OneHandOrebaV3_1060_1_grm_std_uni,2,6.772542953491211,-6.909059524536133,1
OneHandOrebaV3_1060_1_grm_std_uni,2,6.914239883422852,-6.981772422790527,1
OneHandOrebaV3_1060_1_grm_std_uni,2,6.934983253479004,-6.975769996643066,1
OneHandOrebaV3_1060_1_grm_std_uni,2,6.175873279571533,-6.455730438232422,1
OneHandOrebaV3_1060_1_grm_std_uni,2,6.16178560256958,-6.517045974731445,1
OneHandOrebaV3_1060_1_grm_std_uni,2,6.203490734100342,-6.645002365112305,1
OneHandOrebaV3_1060_1_grm_std_uni,2,6.172189712524414,-6.743663787841797,1
OneHandOrebaV3_1060_1_grm_std_uni,2,5.907665252685547,-6.874908924102783,1
OneHandOrebaV3_1060_1_grm_std_uni,2,5.873895168304443,-6.883847713470459,1
OneHandOrebaV3_1060_1_grm_std_uni,2,5.7432122230529785,-6.761219024658203,1
OneHandOrebaV3_1060_1_grm_std_uni,2,6.022030830383301,-6.928634166717529,1
OneHandOrebaV3_1060_1_grm_std_uni,2,6.075305461883545,-6.64411735534668,1
OneHandOrebaV3_1060_1_grm_std_uni,2,5.950770854949951,-6.574452877044678,1
OneHandOrebaV3_1060_1_grm_std_uni,2,2.4585022926330566,-2.7384397983551025,1
OneHandOrebaV3_1060_1_grm_std_uni,2,-1.5904932022094727,2.862159490585327,2
OneHandOrebaV3_1060_1_grm_std_uni,2,-1.1137981414794922,2.4197394847869873,1
OneHandOrebaV3_1060_1_grm_std_uni,2,3.4320361614227295,-2.2087900638580322,1
OneHandOrebaV3_1060_1_grm_std_uni,2,5.711687088012695,-6.087898254394531,1
OneHandOrebaV3_1060_1_grm_std_uni,2,5.272029876708984,-6.147891521453857,1
OneHandOrebaV3_1060_1_grm_std_uni,2,5.038111686706543,-6.338907718658447,1
OneHandOrebaV3_1060_1_grm_std_uni,2,5.179937362670898,-6.162965297698975,1
OneHandOrebaV3_1060_1_grm_std_uni,1,4.9444966316223145,-5.932193279266357,1
OneHandOrebaV3_1060_1_grm_std_uni,1,4.885978698730469,-5.869563102722168,1
OneHandOrebaV3_1060_1_grm_std_uni,1,5.255650997161865,-6.356202125549316,1
OneHandOrebaV3_1060_1_grm_std_uni,1,5.0248565673828125,-6.843783855438232,1
OneHandOrebaV3_1060_1_grm_std_uni,1,5.000912666320801,-6.833507537841797,1
OneHandOrebaV3_1060_1_grm_std_uni,1,5.553823947906494,-6.690834045410156,1
OneHandOrebaV3_1060_1_grm_std_uni,1,6.188753128051758,-6.786602020263672,1
OneHandOrebaV3_1060_1_grm_std_uni,1,5.993903636932373,-6.515634059906006,1
OneHandOrebaV3_1060_1_grm_std_uni,1,6.121215343475342,-6.7206292152404785,1
OneHandOrebaV3_1060_1_grm_std_uni,1,6.164328098297119,-6.652403354644775,1
OneHandOrebaV3_1060_1_grm_std_uni,1,6.402527809143066,-6.858890056610107,1
OneHandOrebaV3_1060_1_grm_std_uni,1,6.497580051422119,-6.764708995819092,1
OneHandOrebaV3_1060_1_grm_std_uni,1,6.708005905151367,-6.917420864105225,1
OneHandOrebaV3_1060_1_grm_std_uni,1,7.179530620574951,-7.41400671005249,1
OneHandOrebaV3_1060_1_grm_std_uni,1,6.41749382019043,-6.732862949371338,1
OneHandOrebaV3_1060_1_grm_std_uni,1,6.022615909576416,-6.408716678619385,1
OneHandOrebaV3_1060_1_grm_std_uni,1,5.951525688171387,-6.336547374725342,1
OneHandOrebaV3_1060_1_grm_std_uni,1,5.919168949127197,-5.757003307342529,1
OneHandOrebaV3_1060_1_grm_std_uni,1,5.72489070892334,-5.812907695770264,1
OneHandOrebaV3_1060_1_grm_std_uni,1,5.938060283660889,-6.192136287689209,1
OneHandOrebaV3_1060_1_grm_std_uni,1,5.340162754058838,-5.4963250160217285,1
OneHandOrebaV3_1060_1_grm_std_uni,1,5.390088081359863,-5.324939250946045,1
OneHandOrebaV3_1060_1_grm_std_uni,1,5.264052867889404,-5.203110694885254,1
OneHandOrebaV3_1060_1_grm_std_uni,1,5.525122165679932,-5.437243461608887,1
OneHandOrebaV3_1060_1_grm_std_uni,1,5.3910298347473145,-5.43863582611084,1
OneHandOrebaV3_1060_1_grm_std_uni,1,6.26850700378418,-6.070763111114502,1
OneHandOrebaV3_1060_1_grm_std_uni,1,7.609902858734131,-7.0100202560424805,1
OneHandOrebaV3_1060_1_grm_std_uni,1,7.635296821594238,-7.163331985473633,1
OneHandOrebaV3_1060_1_grm_std_uni,1,7.345709800720215,-7.103326320648193,1
OneHandOrebaV3_1060_1_grm_std_uni,1,7.198225021362305,-7.050271987915039,1
OneHandOrebaV3_1060_1_grm_std_uni,1,7.189993381500244,-7.206258773803711,1
OneHandOrebaV3_1060_1_grm_std_uni,1,6.9603190422058105,-7.133580684661865,1
OneHandOrebaV3_1060_1_grm_std_uni,1,6.847120761871338,-7.1910858154296875,1
OneHandOrebaV3_1060_1_grm_std_uni,1,6.451281547546387,-6.787162780761719,1
OneHandOrebaV3_1060_1_grm_std_uni,1,6.344704627990723,-6.622662544250488,1
OneHandOrebaV3_1060_1_grm_std_uni,1,6.2310662269592285,-6.603280067443848,1
OneHandOrebaV3_1060_1_grm_std_uni,1,6.472957611083984,-6.861520767211914,1
OneHandOrebaV3_1060_1_grm_std_uni,1,6.150500297546387,-6.768015384674072,1
OneHandOrebaV3_1060_1_grm_std_uni,1,5.198310852050781,-5.882321834564209,1
OneHandOrebaV3_1060_1_grm_std_uni,1,4.485978603363037,-4.45780086517334,1
OneHandOrebaV3_1060_1_grm_std_uni,1,6.078667640686035,-5.379049301147461,1
OneHandOrebaV3_1060_1_grm_std_uni,1,6.643111705780029,-6.407129287719727,1
OneHandOrebaV3_1060_1_grm_std_uni,1,6.531188011169434,-6.732467174530029,1
OneHandOrebaV3_1060_1_grm_std_uni,1,6.629480361938477,-7.070085048675537,1
OneHandOrebaV3_1060_1_grm_std_uni,1,7.405628204345703,-7.485566139221191,1
OneHandOrebaV3_1060_1_grm_std_uni,1,7.1750922203063965,-7.628445148468018,1
OneHandOrebaV3_1060_1_grm_std_uni,1,6.8314738273620605,-7.283414840698242,1
OneHandOrebaV3_1060_1_grm_std_uni,1,6.971944332122803,-7.352930068969727,1
OneHandOrebaV3_1060_1_grm_std_uni,1,6.907511234283447,-7.187515735626221,1
OneHandOrebaV3_1060_1_grm_std_uni,1,6.390641212463379,-6.908979415893555,1
OneHandOrebaV3_1060_1_grm_std_uni,1,5.872801303863525,-6.624319553375244,1
OneHandOrebaV3_1060_1_grm_std_uni,1,6.20408296585083,-6.980690002441406,1
OneHandOrebaV3_1060_1_grm_std_uni,1,6.243869304656982,-7.145581245422363,1
OneHandOrebaV3_1060_1_grm_std_uni,1,5.986648082733154,-6.650511741638184,1
OneHandOrebaV3_1060_1_grm_std_uni,1,5.490782737731934,-5.996257781982422,1
OneHandOrebaV3_1060_1_grm_std_uni,1,6.003450393676758,-6.532903671264648,1
OneHandOrebaV3_1060_1_grm_std_uni,1,7.336120128631592,-7.501048564910889,1
OneHandOrebaV3_1060_1_grm_std_uni,1,7.839010715484619,-7.868315696716309,1
OneHandOrebaV3_1060_1_grm_std_uni,1,7.807074546813965,-7.882944107055664,1
OneHandOrebaV3_1060_1_grm_std_uni,1,7.294896125793457,-7.65175199508667,1
OneHandOrebaV3_1060_1_grm_std_uni,2,6.9498114585876465,-7.56641149520874,1
OneHandOrebaV3_1060_1_grm_std_uni,2,6.611861228942871,-7.433708190917969,1
OneHandOrebaV3_1060_1_grm_std_uni,2,6.149454593658447,-6.921036243438721,1
OneHandOrebaV3_1060_1_grm_std_uni,2,5.7926177978515625,-6.2954206466674805,1
OneHandOrebaV3_1060_1_grm_std_uni,2,5.7730488777160645,-6.035894393920898,1
OneHandOrebaV3_1060_1_grm_std_uni,2,5.856975555419922,-6.174429416656494,1
OneHandOrebaV3_1060_1_grm_std_uni,2,5.881227016448975,-6.365982532501221,1
OneHandOrebaV3_1060_1_grm_std_uni,2,6.191636562347412,-6.615508556365967,1
OneHandOrebaV3_1060_1_grm_std_uni,2,6.145021438598633,-6.457581996917725,1
OneHandOrebaV3_1060_1_grm_std_uni,2,5.559854507446289,-6.207874774932861,1
OneHandOrebaV3_1060_1_grm_std_uni,2,4.948509216308594,-5.807520866394043,1
OneHandOrebaV3_1060_1_grm_std_uni,2,5.208418846130371,-5.991632461547852,1
OneHandOrebaV3_1060_1_grm_std_uni,2,5.34299898147583,-6.184971809387207,1
OneHandOrebaV3_1060_1_grm_std_uni,2,5.272701263427734,-6.141965389251709,1
OneHandOrebaV3_1060_1_grm_std_uni,2,5.184133052825928,-6.026389122009277,1
OneHandOrebaV3_1060_1_grm_std_uni,2,5.086610317230225,-5.888772964477539,1
OneHandOrebaV3_1060_1_grm_std_uni,2,4.652538776397705,-5.535006999969482,1
OneHandOrebaV3_1060_1_grm_std_uni,2,3.266936779022217,-4.264174938201904,1
OneHandOrebaV3_1060_1_grm_std_uni,2,-1.551435112953186,1.790461540222168,1
OneHandOrebaV3_1060_1_grm_std_uni,2,-2.4346752166748047,3.498030424118042,2
OneHandOrebaV3_1060_1_grm_std_uni,2,0.19688557088375092,1.4835400581359863,1
OneHandOrebaV3_1060_1_grm_std_uni,2,5.335708141326904,-5.627949237823486,1
OneHandOrebaV3_1060_1_grm_std_uni,2,5.9462714195251465,-7.227003574371338,1
OneHandOrebaV3_1060_1_grm_std_uni,2,5.286417007446289,-6.980171203613281,1
OneHandOrebaV3_1060_1_grm_std_uni,2,5.056820392608643,-6.595239162445068,1
OneHandOrebaV3_1060_1_grm_std_uni,2,5.040279865264893,-6.4099040031433105,1
OneHandOrebaV3_1060_1_grm_std_uni,1,6.0169854164123535,-7.211650848388672,1
OneHandOrebaV3_1060_1_grm_std_uni,1,7.277394771575928,-7.990073204040527,1
OneHandOrebaV3_1060_1_grm_std_uni,1,7.453455924987793,-7.8274760246276855,1
OneHandOrebaV3_1060_1_grm_std_uni,1,7.067307949066162,-7.330772876739502,1
OneHandOrebaV3_1060_1_grm_std_uni,1,6.350636959075928,-6.570010185241699,1
OneHandOrebaV3_1060_1_grm_std_uni,1,6.006227493286133,-6.5054426193237305,1
OneHandOrebaV3_1060_1_grm_std_uni,1,4.534398555755615,-5.017211437225342,1
OneHandOrebaV3_1060_1_grm_std_uni,1,4.616096496582031,-5.040134429931641,1
OneHandOrebaV3_1060_1_grm_std_uni,1,5.674235820770264,-6.514365196228027,1
OneHandOrebaV3_1060_1_grm_std_uni,1,6.01995849609375,-7.267873764038086,1
OneHandOrebaV3_1060_1_grm_std_uni,1,6.071478843688965,-7.401605606079102,1
OneHandOrebaV3_1060_1_grm_std_uni,1,6.070278644561768,-7.42907190322876,1
OneHandOrebaV3_1060_1_grm_std_uni,1,5.991203308105469,-7.411822319030762,1
OneHandOrebaV3_1060_1_grm_std_uni,1,5.816429138183594,-7.388068675994873,1
OneHandOrebaV3_1060_1_grm_std_uni,1,5.664979934692383,-7.363556861877441,1
OneHandOrebaV3_1060_1_grm_std_uni,1,5.527606964111328,-7.296666622161865,1
OneHandOrebaV3_1060_1_grm_std_uni,1,5.4619460105896,-7.247138500213623,1
OneHandOrebaV3_1060_1_grm_std_uni,1,5.382022857666016,-7.22752571105957,1
OneHandOrebaV3_1060_1_grm_std_uni,1,5.324254512786865,-7.176985740661621,1
OneHandOrebaV3_1060_1_grm_std_uni,1,5.233902454376221,-7.021093845367432,1
OneHandOrebaV3_1060_1_grm_std_uni,1,5.2513747215271,-6.965362071990967,1
OneHandOrebaV3_1060_1_grm_std_uni,1,5.282858371734619,-6.952992916107178,1
OneHandOrebaV3_1060_1_grm_std_uni,1,5.345394134521484,-6.914875507354736,1
OneHandOrebaV3_1060_1_grm_std_uni,1,5.451536178588867,-6.904857158660889,1
OneHandOrebaV3_1060_1_grm_std_uni,1,5.735433578491211,-6.959589004516602,1
OneHandOrebaV3_1060_1_grm_std_uni,1,5.612031936645508,-6.532791614532471,1
OneHandOrebaV3_1060_1_grm_std_uni,1,5.1093831062316895,-6.171469688415527,1
OneHandOrebaV3_1060_1_grm_std_uni,1,4.956601619720459,-6.218733787536621,1
OneHandOrebaV3_1060_1_grm_std_uni,1,5.289487838745117,-6.346590995788574,1
OneHandOrebaV3_1060_1_grm_std_uni,1,5.618226051330566,-6.708932876586914,1
OneHandOrebaV3_1060_1_grm_std_uni,1,5.785628318786621,-7.12777042388916,1
OneHandOrebaV3_1060_1_grm_std_uni,1,4.73670768737793,-6.037405490875244,1
OneHandOrebaV3_1060_1_grm_std_uni,1,4.72821044921875,-5.904142379760742,1
OneHandOrebaV3_1060_1_grm_std_uni,1,5.857853412628174,-6.881377220153809,1
OneHandOrebaV3_1060_1_grm_std_uni,1,6.823619842529297,-7.71428108215332,1
OneHandOrebaV3_1060_1_grm_std_uni,1,6.2438645362854,-7.139431476593018,1
OneHandOrebaV3_1060_1_grm_std_uni,1,6.2505388259887695,-6.872917652130127,1
OneHandOrebaV3_1060_1_grm_std_uni,1,6.903362274169922,-7.364861488342285,1
OneHandOrebaV3_1060_1_grm_std_uni,1,7.64158296585083,-7.6421098709106445,1
OneHandOrebaV3_1060_1_grm_std_uni,1,7.611867427825928,-7.442386150360107,1
OneHandOrebaV3_1060_1_grm_std_uni,1,7.322849750518799,-7.221749305725098,1
OneHandOrebaV3_1060_1_grm_std_uni,1,7.810098648071289,-7.537494659423828,1
OneHandOrebaV3_1060_1_grm_std_uni,1,8.0994234085083,-7.7114410400390625,1
OneHandOrebaV3_1060_1_grm_std_uni,1,8.082231521606445,-7.670304298400879,1
OneHandOrebaV3_1060_1_grm_std_uni,1,7.7487053871154785,-7.416992664337158,1
OneHandOrebaV3_1060_1_grm_std_uni,1,7.024043083190918,-6.946948051452637,1
OneHandOrebaV3_1060_1_grm_std_uni,1,6.815695285797119,-6.909936904907227,1
OneHandOrebaV3_1060_1_grm_std_uni,1,7.206657886505127,-7.138717174530029,1
OneHandOrebaV3_1060_1_grm_std_uni,1,7.005040168762207,-6.885208606719971,1
OneHandOrebaV3_1060_1_grm_std_uni,1,6.497208118438721,-6.188568115234375,1
OneHandOrebaV3_1060_1_grm_std_uni,1,6.717479228973389,-6.29233980178833,1
OneHandOrebaV3_1060_1_grm_std_uni,1,6.558209419250488,-6.282917022705078,1
OneHandOrebaV3_1060_1_grm_std_uni,1,6.162205219268799,-6.235121250152588,1
OneHandOrebaV3_1060_1_grm_std_uni,1,6.574615955352783,-6.631326198577881,1
OneHandOrebaV3_1060_1_grm_std_uni,1,7.363759994506836,-7.635222434997559,1
OneHandOrebaV3_1060_1_grm_std_uni,1,6.9153852462768555,-7.418118476867676,1
OneHandOrebaV3_1060_1_grm_std_uni,1,6.612816333770752,-6.878486156463623,1
OneHandOrebaV3_1060_1_grm_std_uni,1,7.534269332885742,-7.310996055603027,1
OneHandOrebaV3_1060_1_grm_std_uni,1,8.371993064880371,-8.088958740234375,1
OneHandOrebaV3_1060_1_grm_std_uni,1,8.247664451599121,-8.16019344329834,1
OneHandOrebaV3_1060_1_grm_std_uni,1,8.086976051330566,-8.034758567810059,1
OneHandOrebaV3_1060_1_grm_std_uni,1,7.585780143737793,-7.527195930480957,1
OneHandOrebaV3_1060_1_grm_std_uni,1,7.605401039123535,-7.626259803771973,1
OneHandOrebaV3_1060_1_grm_std_uni,1,7.515993118286133,-7.650365829467773,1
OneHandOrebaV3_1060_1_grm_std_uni,1,7.3141703605651855,-7.739054203033447,1
OneHandOrebaV3_1060_1_grm_std_uni,1,7.171962261199951,-7.6756181716918945,1
OneHandOrebaV3_1060_1_grm_std_uni,1,6.80391788482666,-7.324812889099121,1
OneHandOrebaV3_1060_1_grm_std_uni,1,6.815725326538086,-7.39462947845459,1
OneHandOrebaV3_1060_1_grm_std_uni,1,6.882357120513916,-7.311060905456543,1
OneHandOrebaV3_1060_1_grm_std_uni,1,6.4444098472595215,-6.765014171600342,1
OneHandOrebaV3_1060_1_grm_std_uni,1,6.79267692565918,-7.017239570617676,1
OneHandOrebaV3_1060_1_grm_std_uni,1,7.400050163269043,-7.418145656585693,1
OneHandOrebaV3_1060_1_grm_std_uni,1,7.387207508087158,-7.469334602355957,1
OneHandOrebaV3_1060_1_grm_std_uni,1,6.696052074432373,-7.291070461273193,1
OneHandOrebaV3_1060_1_grm_std_uni,1,6.450155735015869,-7.090384006500244,1
OneHandOrebaV3_1060_1_grm_std_uni,1,6.533743381500244,-7.168092727661133,1
OneHandOrebaV3_1060_1_grm_std_uni,2,6.183938980102539,-6.7761664390563965,1
OneHandOrebaV3_1060_1_grm_std_uni,2,5.571346759796143,-6.252044677734375,1
OneHandOrebaV3_1060_1_grm_std_uni,2,5.72502326965332,-6.37001895904541,1
OneHandOrebaV3_1060_1_grm_std_uni,2,6.121497631072998,-6.562555313110352,1
OneHandOrebaV3_1060_1_grm_std_uni,2,5.9769086837768555,-6.471496105194092,1
OneHandOrebaV3_1060_1_grm_std_uni,2,5.747157096862793,-6.385660648345947,1
OneHandOrebaV3_1060_1_grm_std_uni,2,5.575839042663574,-6.508828163146973,1
OneHandOrebaV3_1060_1_grm_std_uni,2,5.377539157867432,-6.667647361755371,1
OneHandOrebaV3_1060_1_grm_std_uni,2,5.328542709350586,-6.622368812561035,1
OneHandOrebaV3_1060_1_grm_std_uni,2,5.379711151123047,-6.693764686584473,1
OneHandOrebaV3_1060_1_grm_std_uni,2,5.525793552398682,-6.584898948669434,1
OneHandOrebaV3_1060_1_grm_std_uni,2,5.033385753631592,-6.1739373207092285,1
OneHandOrebaV3_1060_1_grm_std_uni,2,4.119213581085205,-5.270560264587402,1
OneHandOrebaV3_1060_1_grm_std_uni,2,-0.10216841101646423,-0.3952266573905945,1
OneHandOrebaV3_1060_1_grm_std_uni,2,-2.147921562194824,3.0109715461730957,2
OneHandOrebaV3_1060_1_grm_std_uni,2,-1.2272051572799683,2.6128361225128174,1
OneHandOrebaV3_1060_1_grm_std_uni,2,3.675405979156494,-2.290869951248169,1
OneHandOrebaV3_1060_1_grm_std_uni,2,5.098830699920654,-5.162779808044434,1
OneHandOrebaV3_1060_1_grm_std_uni,2,4.818829536437988,-5.5691399574279785,1
OneHandOrebaV3_1060_1_grm_std_uni,2,5.188136100769043,-6.238417148590088,1
OneHandOrebaV3_1060_1_grm_std_uni,2,5.155972480773926,-6.290642738342285,1
OneHandOrebaV3_1060_1_grm_std_uni,1,4.8972907066345215,-6.132619857788086,1
OneHandOrebaV3_1060_1_grm_std_uni,1,4.4564080238342285,-6.606366157531738,1
OneHandOrebaV3_1060_1_grm_std_uni,1,4.293529510498047,-6.025798320770264,1
OneHandOrebaV3_1060_1_grm_std_uni,1,4.890602111816406,-5.854879379272461,1
OneHandOrebaV3_1060_1_grm_std_uni,1,5.347138404846191,-6.004131317138672,1
OneHandOrebaV3_1060_1_grm_std_uni,1,5.213279724121094,-5.910796642303467,1
OneHandOrebaV3_1060_1_grm_std_uni,1,5.301026344299316,-6.077876091003418,1
OneHandOrebaV3_1060_1_grm_std_uni,1,5.204849720001221,-6.220089912414551,1
OneHandOrebaV3_1060_1_grm_std_uni,1,5.323797702789307,-6.027169227600098,1
OneHandOrebaV3_1060_1_grm_std_uni,1,6.163725852966309,-6.864822864532471,1
OneHandOrebaV3_1060_1_grm_std_uni,1,6.233112812042236,-7.018421649932861,1
OneHandOrebaV3_1060_1_grm_std_uni,1,6.5746049880981445,-7.137393951416016,1
OneHandOrebaV3_1060_1_grm_std_uni,1,6.917425632476807,-7.472540378570557,1
OneHandOrebaV3_1060_1_grm_std_uni,1,7.016313076019287,-7.582509517669678,1
OneHandOrebaV3_1060_1_grm_std_uni,1,6.922451019287109,-7.535275936126709,1
OneHandOrebaV3_1060_1_grm_std_uni,1,6.754440784454346,-7.365896224975586,1
OneHandOrebaV3_1060_1_grm_std_uni,1,6.747377395629883,-7.337033271789551,1
OneHandOrebaV3_1060_1_grm_std_uni,1,6.587399959564209,-7.346689701080322,1
OneHandOrebaV3_1060_1_grm_std_uni,1,5.712685585021973,-6.696516036987305,1
OneHandOrebaV3_1060_1_grm_std_uni,1,5.09381628036499,-5.889156341552734,1
OneHandOrebaV3_1060_1_grm_std_uni,1,4.927591323852539,-5.214704990386963,1
OneHandOrebaV3_1060_1_grm_std_uni,1,5.221858978271484,-4.7643723487854,1
OneHandOrebaV3_1060_1_grm_std_uni,1,6.136677265167236,-5.5940046310424805,1
OneHandOrebaV3_1060_1_grm_std_uni,1,6.615671634674072,-6.253922462463379,1
OneHandOrebaV3_1060_1_grm_std_uni,1,6.953002452850342,-6.605950355529785,1
OneHandOrebaV3_1060_1_grm_std_uni,1,6.679551601409912,-6.273615837097168,1
OneHandOrebaV3_1060_1_grm_std_uni,1,6.01948881149292,-5.42188835144043,1
OneHandOrebaV3_1060_1_grm_std_uni,1,5.124560832977295,-4.912441253662109,1
OneHandOrebaV3_1060_1_grm_std_uni,1,5.2816290855407715,-5.767353057861328,1
OneHandOrebaV3_1060_1_grm_std_uni,1,5.644587993621826,-6.4882659912109375,1
OneHandOrebaV3_1060_1_grm_std_uni,1,5.916537761688232,-6.882322788238525,1
OneHandOrebaV3_1060_1_grm_std_uni,1,6.0331950187683105,-7.03627347946167,1
OneHandOrebaV3_1060_1_grm_std_uni,1,6.020921230316162,-7.060608863830566,1
OneHandOrebaV3_1060_1_grm_std_uni,1,5.957057952880859,-6.998194217681885,1
OneHandOrebaV3_1060_1_grm_std_uni,1,5.876183032989502,-6.907375335693359,1
OneHandOrebaV3_1060_1_grm_std_uni,1,5.793079853057861,-6.850244045257568,1
OneHandOrebaV3_1060_1_grm_std_uni,1,5.659651279449463,-6.700843811035156,1
OneHandOrebaV3_1060_1_grm_std_uni,1,5.615433692932129,-6.666402339935303,1
OneHandOrebaV3_1060_1_grm_std_uni,1,5.708817481994629,-6.719184875488281,1
OneHandOrebaV3_1060_1_grm_std_uni,1,5.667137145996094,-6.612863540649414,1
OneHandOrebaV3_1060_1_grm_std_uni,1,5.862306118011475,-6.714969635009766,1
OneHandOrebaV3_1060_1_grm_std_uni,1,6.227475166320801,-6.982180118560791,1
OneHandOrebaV3_1060_1_grm_std_uni,1,6.379083633422852,-6.824097156524658,1
OneHandOrebaV3_1060_1_grm_std_uni,1,6.339654922485352,-6.483716011047363,1
OneHandOrebaV3_1060_1_grm_std_uni,1,6.058531761169434,-6.077324390411377,1
OneHandOrebaV3_1060_1_grm_std_uni,1,6.267817974090576,-6.0350751876831055,1
OneHandOrebaV3_1060_1_grm_std_uni,1,7.000744342803955,-6.609750747680664,1
OneHandOrebaV3_1060_1_grm_std_uni,1,6.831684589385986,-6.476996421813965,1
OneHandOrebaV3_1060_1_grm_std_uni,1,6.170950889587402,-6.2383809089660645,1
OneHandOrebaV3_1060_1_grm_std_uni,1,6.349238395690918,-6.412705898284912,1
OneHandOrebaV3_1060_1_grm_std_uni,1,6.393496990203857,-6.403664588928223,1
OneHandOrebaV3_1060_1_grm_std_uni,1,6.304130554199219,-6.403473854064941,1
OneHandOrebaV3_1060_1_grm_std_uni,1,6.199607849121094,-6.4063520431518555,1
OneHandOrebaV3_1060_1_grm_std_uni,1,5.848575115203857,-6.330127716064453,1
OneHandOrebaV3_1060_1_grm_std_uni,1,2.5052995681762695,-2.135219097137451,1
OneHandOrebaV3_1060_1_grm_std_uni,1,0.4885878264904022,-0.8863259553909302,1
OneHandOrebaV3_1060_1_grm_std_uni,1,2.726602792739868,-2.916995048522949,1
OneHandOrebaV3_1060_1_grm_std_uni,1,4.815036296844482,-4.486224174499512,1
OneHandOrebaV3_1060_1_grm_std_uni,1,5.717925548553467,-5.490645408630371,1
OneHandOrebaV3_1060_1_grm_std_uni,1,6.527247905731201,-6.76011323928833,1
OneHandOrebaV3_1060_1_grm_std_uni,1,6.564878940582275,-6.766626834869385,1
OneHandOrebaV3_1060_1_grm_std_uni,1,6.336752891540527,-6.680641174316406,1
OneHandOrebaV3_1060_1_grm_std_uni,1,6.241121292114258,-6.874649524688721,1
OneHandOrebaV3_1060_1_grm_std_uni,1,6.225500583648682,-7.143517017364502,1
OneHandOrebaV3_1060_1_grm_std_uni,1,6.233171463012695,-7.202882766723633,1
OneHandOrebaV3_1060_1_grm_std_uni,1,6.006932735443115,-7.001077175140381,1
OneHandOrebaV3_1060_1_grm_std_uni,1,5.822436809539795,-6.774618148803711,1
OneHandOrebaV3_1060_1_grm_std_uni,1,5.725526332855225,-6.917830944061279,1
OneHandOrebaV3_1060_1_grm_std_uni,1,5.7892022132873535,-6.8142523765563965,1
OneHandOrebaV3_1060_1_grm_std_uni,1,5.792142868041992,-6.956758499145508,1
OneHandOrebaV3_1060_1_grm_std_uni,1,5.891741752624512,-6.982725620269775,1
OneHandOrebaV3_1060_1_grm_std_uni,2,5.963708877563477,-6.460484027862549,1
OneHandOrebaV3_1060_1_grm_std_uni,2,5.600585460662842,-6.359809875488281,1
OneHandOrebaV3_1060_1_grm_std_uni,2,5.637686729431152,-6.117358207702637,1
OneHandOrebaV3_1060_1_grm_std_uni,2,6.055505752563477,-6.121625900268555,1
OneHandOrebaV3_1060_1_grm_std_uni,2,5.920549392700195,-5.802121639251709,1
OneHandOrebaV3_1060_1_grm_std_uni,2,3.497377634048462,-3.323995351791382,1
OneHandOrebaV3_1060_1_grm_std_uni,2,-1.5494388341903687,3.329580783843994,2
OneHandOrebaV3_1060_1_grm_std_uni,2,-1.2585171461105347,3.1843972206115723,1
OneHandOrebaV3_1060_1_grm_std_uni,2,3.4694864749908447,-2.4971764087677,1
OneHandOrebaV3_1060_1_grm_std_uni,2,5.845697402954102,-6.710512161254883,1
OneHandOrebaV3_1060_1_grm_std_uni,2,5.746030807495117,-6.9891767501831055,1
OneHandOrebaV3_1060_1_grm_std_uni,2,5.543656349182129,-6.939115524291992,1
OneHandOrebaV3_1060_1_grm_std_uni,2,4.994302749633789,-6.544020652770996,1
OneHandOrebaV3_1060_1_grm_std_uni,2,5.120187282562256,-6.311065196990967,1
OneHandOrebaV3_1060_1_grm_std_uni,1,4.872049808502197,-6.2012128829956055,1
OneHandOrebaV3_1060_1_grm_std_uni,1,4.564575672149658,-6.097342014312744,1
OneHandOrebaV3_1060_1_grm_std_uni,1,5.908290863037109,-6.740108966827393,1
OneHandOrebaV3_1060_1_grm_std_uni,1,6.416501045227051,-7.322948455810547,1
OneHandOrebaV3_1060_1_grm_std_uni,1,6.613752365112305,-7.544122219085693,1
OneHandOrebaV3_1060_1_grm_std_uni,1,6.7778239250183105,-7.54729700088501,1
OneHandOrebaV3_1060_1_grm_std_uni,1,6.734411716461182,-7.574038982391357,1
OneHandOrebaV3_1060_1_grm_std_uni,1,6.507448196411133,-7.594288349151611,1
OneHandOrebaV3_1060_1_grm_std_uni,1,6.236208438873291,-7.5040764808654785,1
OneHandOrebaV3_1060_1_grm_std_uni,1,6.101553440093994,-7.4004130363464355,1
OneHandOrebaV3_1060_1_grm_std_uni,1,6.011316299438477,-7.344613075256348,1
OneHandOrebaV3_1060_1_grm_std_uni,1,5.950000286102295,-7.300684928894043,1
OneHandOrebaV3_1060_1_grm_std_uni,1,5.932102680206299,-7.250039577484131,1
OneHandOrebaV3_1060_1_grm_std_uni,1,5.92908239364624,-7.2089738845825195,1
OneHandOrebaV3_1060_1_grm_std_uni,1,5.881691932678223,-7.18773078918457,1
OneHandOrebaV3_1060_1_grm_std_uni,1,5.80981969833374,-7.119631290435791,1
OneHandOrebaV3_1060_1_grm_std_uni,1,5.739620685577393,-7.024982452392578,1
OneHandOrebaV3_1060_1_grm_std_uni,1,5.668216228485107,-6.928048610687256,1
OneHandOrebaV3_1060_1_grm_std_uni,1,5.6311354637146,-6.858719825744629,1
OneHandOrebaV3_1060_1_grm_std_uni,1,5.618532657623291,-6.848276615142822,1
OneHandOrebaV3_1060_1_grm_std_uni,1,5.627275466918945,-6.834748268127441,1
OneHandOrebaV3_1060_1_grm_std_uni,1,5.729487895965576,-6.795286655426025,1
OneHandOrebaV3_1060_1_grm_std_uni,1,5.910588264465332,-6.871313571929932,1
OneHandOrebaV3_1060_1_grm_std_uni,1,6.04058313369751,-7.007920742034912,1
OneHandOrebaV3_1060_1_grm_std_uni,1,6.06015157699585,-7.032106399536133,1
OneHandOrebaV3_1060_1_grm_std_uni,1,5.961299896240234,-6.953140735626221,1
OneHandOrebaV3_1060_1_grm_std_uni,1,5.804425239562988,-6.917776107788086,1
OneHandOrebaV3_1060_1_grm_std_uni,1,5.72573184967041,-6.863040447235107,1
OneHandOrebaV3_1060_1_grm_std_uni,1,5.7065324783325195,-6.688084602355957,1
OneHandOrebaV3_1060_1_grm_std_uni,1,5.629091739654541,-6.140740871429443,1
OneHandOrebaV3_1060_1_grm_std_uni,1,5.685344696044922,-5.849048137664795,1
OneHandOrebaV3_1060_1_grm_std_uni,1,5.503425598144531,-6.145561695098877,1
OneHandOrebaV3_1060_1_grm_std_uni,1,5.11004638671875,-5.985875129699707,1
OneHandOrebaV3_1060_1_grm_std_uni,1,5.101161956787109,-5.55293083190918,1
OneHandOrebaV3_1060_1_grm_std_uni,1,6.191079616546631,-6.548248291015625,1
OneHandOrebaV3_1060_1_grm_std_uni,1,7.471039772033691,-7.482810020446777,1
OneHandOrebaV3_1060_1_grm_std_uni,1,8.113685607910156,-7.98984432220459,1
OneHandOrebaV3_1060_1_grm_std_uni,1,7.7566447257995605,-7.8602166175842285,1
OneHandOrebaV3_1060_1_grm_std_uni,1,7.120665550231934,-7.229720115661621,1
OneHandOrebaV3_1060_1_grm_std_uni,1,7.360044002532959,-7.21401834487915,1
OneHandOrebaV3_1060_1_grm_std_uni,1,7.7482452392578125,-7.6083245277404785,1
OneHandOrebaV3_1060_1_grm_std_uni,1,7.402462959289551,-7.211075305938721,1
OneHandOrebaV3_1060_1_grm_std_uni,1,6.798287391662598,-6.642483711242676,1
OneHandOrebaV3_1060_1_grm_std_uni,1,6.907647132873535,-6.578417778015137,1
OneHandOrebaV3_1060_1_grm_std_uni,1,7.356452941894531,-6.936301231384277,1
OneHandOrebaV3_1060_1_grm_std_uni,1,7.637420177459717,-7.252450466156006,1
OneHandOrebaV3_1060_1_grm_std_uni,1,7.421528339385986,-7.021473407745361,1
OneHandOrebaV3_1060_1_grm_std_uni,1,7.064576148986816,-6.710928440093994,1
OneHandOrebaV3_1060_1_grm_std_uni,1,7.31311559677124,-6.943977355957031,1
OneHandOrebaV3_1060_1_grm_std_uni,1,7.377352714538574,-7.029870510101318,1
OneHandOrebaV3_1060_1_grm_std_uni,1,7.273035049438477,-6.833873271942139,1
OneHandOrebaV3_1060_1_grm_std_uni,1,6.927591800689697,-6.511395454406738,1
OneHandOrebaV3_1060_1_grm_std_uni,1,7.2264885902404785,-6.7989349365234375,1
OneHandOrebaV3_1060_1_grm_std_uni,1,7.114660263061523,-6.783629417419434,1
OneHandOrebaV3_1060_1_grm_std_uni,1,7.081801414489746,-6.87277364730835,1
OneHandOrebaV3_1060_1_grm_std_uni,1,7.292832374572754,-7.1411919593811035,1
OneHandOrebaV3_1060_1_grm_std_uni,1,7.506537914276123,-7.439391136169434,1
OneHandOrebaV3_1060_1_grm_std_uni,1,7.556310653686523,-7.509303092956543,1
OneHandOrebaV3_1060_1_grm_std_uni,1,7.084606170654297,-7.23622465133667,1
OneHandOrebaV3_1060_1_grm_std_uni,1,7.126431465148926,-7.204096794128418,1
OneHandOrebaV3_1060_1_grm_std_uni,1,7.126237392425537,-7.078011989593506,1
OneHandOrebaV3_1060_1_grm_std_uni,1,7.159379005432129,-7.007124900817871,1
OneHandOrebaV3_1060_1_grm_std_uni,1,7.487140655517578,-7.380537509918213,1
OneHandOrebaV3_1060_1_grm_std_uni,1,7.593142032623291,-7.45722770690918,1
OneHandOrebaV3_1060_1_grm_std_uni,1,7.24305534362793,-7.240050315856934,1
OneHandOrebaV3_1060_1_grm_std_uni,1,6.807771682739258,-7.017204761505127,1
OneHandOrebaV3_1060_1_grm_std_uni,1,6.828899383544922,-7.2273054122924805,1
OneHandOrebaV3_1060_1_grm_std_uni,1,6.7262139320373535,-7.122245788574219,1
OneHandOrebaV3_1060_1_grm_std_uni,1,6.209233283996582,-6.535144329071045,1
OneHandOrebaV3_1060_1_grm_std_uni,1,6.6066389083862305,-6.821033477783203,1
OneHandOrebaV3_1060_1_grm_std_uni,2,6.715190410614014,-6.946669578552246,1
OneHandOrebaV3_1060_1_grm_std_uni,2,6.485503196716309,-6.749654769897461,1
OneHandOrebaV3_1060_1_grm_std_uni,2,5.961172103881836,-6.5986833572387695,1
OneHandOrebaV3_1060_1_grm_std_uni,2,5.681185722351074,-6.4217729568481445,1
OneHandOrebaV3_1060_1_grm_std_uni,2,5.508479118347168,-6.3286051750183105,1
OneHandOrebaV3_1060_1_grm_std_uni,2,5.424443244934082,-6.237769603729248,1
OneHandOrebaV3_1060_1_grm_std_uni,2,5.223674297332764,-6.185187339782715,1
OneHandOrebaV3_1060_1_grm_std_uni,2,3.7953929901123047,-4.763550281524658,1
OneHandOrebaV3_1060_1_grm_std_uni,2,-1.6269723176956177,2.2736639976501465,2
OneHandOrebaV3_1060_1_grm_std_uni,2,-1.1090086698532104,2.280973196029663,1
OneHandOrebaV3_1060_1_grm_std_uni,2,3.5761494636535645,-1.9611908197402954,1
OneHandOrebaV3_1060_1_grm_std_uni,2,4.146333694458008,-4.492434978485107,1
OneHandOrebaV3_1060_1_grm_std_uni,2,4.408548355102539,-5.409440040588379,1
OneHandOrebaV3_1060_1_grm_std_uni,2,4.881085395812988,-5.764143943786621,1
OneHandOrebaV3_1060_1_grm_std_uni,1,4.902442932128906,-6.095765113830566,1
OneHandOrebaV3_1060_1_grm_std_uni,1,4.95182991027832,-7.0676069259643555,1
OneHandOrebaV3_1060_1_grm_std_uni,1,6.073576927185059,-7.60310173034668,1
OneHandOrebaV3_1060_1_grm_std_uni,1,6.1495041847229,-7.152735710144043,1
OneHandOrebaV3_1060_1_grm_std_uni,1,5.855108261108398,-6.279082775115967,1
OneHandOrebaV3_1060_1_grm_std_uni,1,5.915187835693359,-6.389601230621338,1
OneHandOrebaV3_1060_1_grm_std_uni,1,5.711278438568115,-6.38185453414917,1
OneHandOrebaV3_1060_1_grm_std_uni,1,5.249119281768799,-5.9801506996154785,1
OneHandOrebaV3_1060_1_grm_std_uni,1,4.925020217895508,-5.591209888458252,1
OneHandOrebaV3_1060_1_grm_std_uni,1,5.122950077056885,-5.641112327575684,1
OneHandOrebaV3_1060_1_grm_std_uni,1,5.2713942527771,-5.723882675170898,1
OneHandOrebaV3_1060_1_grm_std_uni,1,5.430411338806152,-6.098055362701416,1
OneHandOrebaV3_1060_1_grm_std_uni,1,5.961228847503662,-6.470544815063477,1
OneHandOrebaV3_1060_1_grm_std_uni,1,6.768305778503418,-6.9976043701171875,1
OneHandOrebaV3_1060_1_grm_std_uni,1,7.019845485687256,-7.064368724822998,1
OneHandOrebaV3_1060_1_grm_std_uni,1,6.897281169891357,-6.914881229400635,1
OneHandOrebaV3_1060_1_grm_std_uni,1,6.63315486907959,-6.79775333404541,1
OneHandOrebaV3_1060_1_grm_std_uni,1,6.53519344329834,-6.688877582550049,1
OneHandOrebaV3_1060_1_grm_std_uni,1,6.194180965423584,-6.3385701179504395,1
OneHandOrebaV3_1060_1_grm_std_uni,1,6.943941116333008,-7.016640663146973,1
OneHandOrebaV3_1060_1_grm_std_uni,1,7.01310920715332,-7.066982269287109,1
OneHandOrebaV3_1060_1_grm_std_uni,1,6.837056636810303,-6.98622465133667,1
OneHandOrebaV3_1060_1_grm_std_uni,1,7.057058334350586,-7.3375139236450195,1
OneHandOrebaV3_1060_1_grm_std_uni,1,7.2516770362854,-7.673006057739258,1
OneHandOrebaV3_1060_1_grm_std_uni,1,7.107355117797852,-7.465123176574707,1
OneHandOrebaV3_1060_1_grm_std_uni,1,7.215007305145264,-7.486930847167969,1
OneHandOrebaV3_1060_1_grm_std_uni,1,7.153571128845215,-7.51051664352417,1
OneHandOrebaV3_1060_1_grm_std_uni,1,6.9199724197387695,-7.272911071777344,1
OneHandOrebaV3_1060_1_grm_std_uni,1,7.136578559875488,-7.400229454040527,1
OneHandOrebaV3_1060_1_grm_std_uni,1,6.833564758300781,-7.209995746612549,1
OneHandOrebaV3_1060_1_grm_std_uni,1,7.106802463531494,-7.306666374206543,1
OneHandOrebaV3_1060_1_grm_std_uni,1,6.992449760437012,-7.239892959594727,1
OneHandOrebaV3_1060_1_grm_std_uni,1,6.287966251373291,-6.6171698570251465,1
OneHandOrebaV3_1060_1_grm_std_uni,1,6.273027420043945,-6.6995086669921875,1
OneHandOrebaV3_1060_1_grm_std_uni,1,6.569557189941406,-6.971536636352539,1
OneHandOrebaV3_1060_1_grm_std_uni,1,6.491149425506592,-6.996730327606201,1
OneHandOrebaV3_1060_1_grm_std_uni,1,6.481714725494385,-6.823510646820068,1
OneHandOrebaV3_1060_1_grm_std_uni,1,6.445730209350586,-6.791123390197754,1
OneHandOrebaV3_1060_1_grm_std_uni,1,6.053755760192871,-6.305904865264893,1
OneHandOrebaV3_1060_1_grm_std_uni,1,6.47439432144165,-6.6754279136657715,1
OneHandOrebaV3_1060_1_grm_std_uni,1,6.816264629364014,-6.861824989318848,1
OneHandOrebaV3_1060_1_grm_std_uni,1,6.829727649688721,-6.919013500213623,1
OneHandOrebaV3_1060_1_grm_std_uni,1,6.689044952392578,-7.019128799438477,1
OneHandOrebaV3_1060_1_grm_std_uni,1,6.787569999694824,-7.2278594970703125,1
OneHandOrebaV3_1060_1_grm_std_uni,1,6.407398700714111,-7.126974105834961,1
OneHandOrebaV3_1060_1_grm_std_uni,1,6.272933483123779,-6.966990947723389,1
OneHandOrebaV3_1060_1_grm_std_uni,1,6.123613357543945,-6.777543067932129,1
OneHandOrebaV3_1060_1_grm_std_uni,1,6.777933597564697,-7.1722564697265625,1
OneHandOrebaV3_1060_1_grm_std_uni,1,7.27670955657959,-7.483281135559082,1
OneHandOrebaV3_1060_1_grm_std_uni,1,6.807157516479492,-6.990187168121338,1
OneHandOrebaV3_1060_1_grm_std_uni,1,7.056504726409912,-7.245266437530518,1
OneHandOrebaV3_1060_1_grm_std_uni,1,6.866820335388184,-7.130610942840576,1
OneHandOrebaV3_1060_1_grm_std_uni,1,6.2558770179748535,-6.85052490234375,1
OneHandOrebaV3_1060_1_grm_std_uni,1,6.535555839538574,-7.129672527313232,1
OneHandOrebaV3_1060_1_grm_std_uni,1,6.656183242797852,-7.1727423667907715,1
OneHandOrebaV3_1060_1_grm_std_uni,1,6.582849979400635,-7.201078414916992,1
OneHandOrebaV3_1060_1_grm_std_uni,1,6.0098748207092285,-6.702659606933594,1
OneHandOrebaV3_1060_1_grm_std_uni,1,5.983727931976318,-6.471158981323242,1
OneHandOrebaV3_1060_1_grm_std_uni,1,6.0685133934021,-6.50083589553833,1
OneHandOrebaV3_1060_1_grm_std_uni,1,6.108590126037598,-6.683476448059082,1
OneHandOrebaV3_1060_1_grm_std_uni,1,5.7626261711120605,-6.913827896118164,1
OneHandOrebaV3_1060_1_grm_std_uni,1,5.181166172027588,-6.477168083190918,1
OneHandOrebaV3_1060_1_grm_std_uni,1,3.9943199157714844,-5.518887519836426,1
OneHandOrebaV3_1060_1_grm_std_uni,1,2.747375249862671,-3.0723824501037598,1
OneHandOrebaV3_1060_1_grm_std_uni,1,1.4335538148880005,-0.7713330388069153,1
OneHandOrebaV3_1060_1_grm_std_uni,1,3.062753677368164,-2.419565200805664,1
OneHandOrebaV3_1060_1_grm_std_uni,1,4.4794511795043945,-4.2614216804504395,1
OneHandOrebaV3_1060_1_grm_std_uni,1,5.078332424163818,-5.706406116485596,1
OneHandOrebaV3_1060_1_grm_std_uni,1,4.841770648956299,-5.958617210388184,1
OneHandOrebaV3_1060_1_grm_std_uni,1,5.297682285308838,-6.328577995300293,1
OneHandOrebaV3_1060_1_grm_std_uni,1,6.86224365234375,-8.03739070892334,1
OneHandOrebaV3_1060_1_grm_std_uni,1,7.505523681640625,-8.28540325164795,1
OneHandOrebaV3_1060_1_grm_std_uni,1,7.9750142097473145,-8.311551094055176,1
OneHandOrebaV3_1060_1_grm_std_uni,1,7.1568379402160645,-7.556251049041748,1
OneHandOrebaV3_1060_1_grm_std_uni,1,6.702724456787109,-7.298247337341309,1
OneHandOrebaV3_1060_1_grm_std_uni,1,6.463319301605225,-7.142711639404297,1
OneHandOrebaV3_1060_1_grm_std_uni,1,6.3395185470581055,-6.930420398712158,1
OneHandOrebaV3_1060_1_grm_std_uni,1,5.710041522979736,-6.224788188934326,1
OneHandOrebaV3_1060_1_grm_std_uni,2,5.99156379699707,-6.293238162994385,1
OneHandOrebaV3_1060_1_grm_std_uni,2,6.0299973487854,-6.345725059509277,1
OneHandOrebaV3_1060_1_grm_std_uni,2,5.77629280090332,-6.095300674438477,1
OneHandOrebaV3_1060_1_grm_std_uni,2,5.752448081970215,-6.033017158508301,1
OneHandOrebaV3_1060_1_grm_std_uni,2,5.526159763336182,-5.953178882598877,1
OneHandOrebaV3_1060_1_grm_std_uni,2,5.572643756866455,-6.16485071182251,1
OneHandOrebaV3_1060_1_grm_std_uni,2,5.513051509857178,-6.11869478225708,1
OneHandOrebaV3_1060_1_grm_std_uni,2,5.465760707855225,-6.084166526794434,1
OneHandOrebaV3_1060_1_grm_std_uni,2,5.285911560058594,-5.867804527282715,1
OneHandOrebaV3_1060_1_grm_std_uni,2,4.729390621185303,-5.528111934661865,1
OneHandOrebaV3_1060_1_grm_std_uni,2,0.8890866637229919,-1.219022274017334,1
OneHandOrebaV3_1060_1_grm_std_uni,2,-2.4694275856018066,3.3720498085021973,2
OneHandOrebaV3_1060_1_grm_std_uni,2,-1.1272350549697876,2.408837080001831,1
OneHandOrebaV3_1060_1_grm_std_uni,2,4.457034111022949,-3.8575546741485596,1
OneHandOrebaV3_1060_1_grm_std_uni,2,5.886153697967529,-7.174465179443359,1
OneHandOrebaV3_1060_1_grm_std_uni,2,5.160516262054443,-6.71936559677124,1
OneHandOrebaV3_1060_1_grm_std_uni,2,5.362673759460449,-6.786017417907715,1
OneHandOrebaV3_1060_1_grm_std_uni,2,5.239872932434082,-6.603485107421875,1
OneHandOrebaV3_1060_1_grm_std_uni,1,5.0446248054504395,-7.370199680328369,1
OneHandOrebaV3_1060_1_grm_std_uni,1,4.567386627197266,-6.769260883331299,1
OneHandOrebaV3_1060_1_grm_std_uni,1,5.266158103942871,-6.0116095542907715,1
OneHandOrebaV3_1060_1_grm_std_uni,1,6.353981971740723,-6.11513614654541,1
OneHandOrebaV3_1060_1_grm_std_uni,1,6.765225887298584,-6.490753173828125,1
OneHandOrebaV3_1060_1_grm_std_uni,1,6.29677152633667,-5.979302883148193,1
OneHandOrebaV3_1060_1_grm_std_uni,1,6.4551191329956055,-5.97022819519043,1
OneHandOrebaV3_1060_1_grm_std_uni,1,7.263015270233154,-6.893144130706787,1
OneHandOrebaV3_1060_1_grm_std_uni,1,7.8404364585876465,-7.402077674865723,1
OneHandOrebaV3_1060_1_grm_std_uni,1,7.641190528869629,-7.107455730438232,1
OneHandOrebaV3_1060_1_grm_std_uni,1,7.34165096282959,-6.9256815910339355,1
OneHandOrebaV3_1060_1_grm_std_uni,1,6.223500728607178,-6.044905662536621,1
OneHandOrebaV3_1060_1_grm_std_uni,1,5.937031269073486,-6.063607692718506,1
OneHandOrebaV3_1060_1_grm_std_uni,1,6.498782634735107,-6.45962381362915,1
OneHandOrebaV3_1060_1_grm_std_uni,1,6.5470757484436035,-6.060073375701904,1
OneHandOrebaV3_1060_1_grm_std_uni,1,6.542759418487549,-5.9288458824157715,1
OneHandOrebaV3_1060_1_grm_std_uni,1,7.211941242218018,-6.665562152862549,1
OneHandOrebaV3_1060_1_grm_std_uni,1,7.685356140136719,-7.296854019165039,1
OneHandOrebaV3_1060_1_grm_std_uni,1,8.096156120300293,-7.86143159866333,1
OneHandOrebaV3_1060_1_grm_std_uni,1,7.742402076721191,-7.637248516082764,1
OneHandOrebaV3_1060_1_grm_std_uni,1,7.761294841766357,-7.536759376525879,1
OneHandOrebaV3_1060_1_grm_std_uni,1,7.723234176635742,-7.397129058837891,1
OneHandOrebaV3_1060_1_grm_std_uni,1,7.617170333862305,-7.348229885101318,1
OneHandOrebaV3_1060_1_grm_std_uni,1,7.988091945648193,-7.606588840484619,1
OneHandOrebaV3_1060_1_grm_std_uni,1,7.854930877685547,-7.4659576416015625,1
OneHandOrebaV3_1060_1_grm_std_uni,1,7.703736305236816,-7.449115753173828,1
OneHandOrebaV3_1060_1_grm_std_uni,1,7.836862564086914,-7.639090061187744,1
OneHandOrebaV3_1060_1_grm_std_uni,1,7.891631126403809,-7.642117977142334,1
OneHandOrebaV3_1060_1_grm_std_uni,1,7.833538055419922,-7.576485633850098,1
OneHandOrebaV3_1060_1_grm_std_uni,1,7.1956048011779785,-7.251896381378174,1
OneHandOrebaV3_1060_1_grm_std_uni,1,6.807328701019287,-7.093557357788086,1
OneHandOrebaV3_1060_1_grm_std_uni,1,6.98306941986084,-7.525396823883057,1
OneHandOrebaV3_1060_1_grm_std_uni,1,6.687756538391113,-7.2122392654418945,1
OneHandOrebaV3_1060_1_grm_std_uni,1,5.644789218902588,-6.15276575088501,1
OneHandOrebaV3_1060_1_grm_std_uni,1,7.174115180969238,-7.252758502960205,1
OneHandOrebaV3_1060_1_grm_std_uni,1,7.8204569816589355,-7.772552490234375,1
OneHandOrebaV3_1060_1_grm_std_uni,1,7.875771999359131,-7.698661804199219,1
OneHandOrebaV3_1060_1_grm_std_uni,1,7.126564979553223,-7.083919048309326,1
OneHandOrebaV3_1060_1_grm_std_uni,1,6.738622188568115,-6.612360000610352,1
OneHandOrebaV3_1060_1_grm_std_uni,1,6.988476753234863,-6.611156463623047,1
OneHandOrebaV3_1060_1_grm_std_uni,1,7.316720485687256,-7.1106767654418945,1
OneHandOrebaV3_1060_1_grm_std_uni,2,7.758278846740723,-7.488465309143066,1
OneHandOrebaV3_1060_1_grm_std_uni,2,7.480586528778076,-7.010987758636475,1
OneHandOrebaV3_1060_1_grm_std_uni,2,6.864687442779541,-6.424513339996338,1
OneHandOrebaV3_1060_1_grm_std_uni,2,7.051866054534912,-6.623927593231201,1
OneHandOrebaV3_1060_1_grm_std_uni,2,7.09354829788208,-6.481365203857422,1
OneHandOrebaV3_1060_1_grm_std_uni,2,6.349949359893799,-5.970907211303711,1
OneHandOrebaV3_1060_1_grm_std_uni,2,6.469061374664307,-6.293806076049805,1
OneHandOrebaV3_1060_1_grm_std_uni,2,6.234114170074463,-6.343148708343506,1
OneHandOrebaV3_1060_1_grm_std_uni,2,6.0280866622924805,-6.226675987243652,1
OneHandOrebaV3_1060_1_grm_std_uni,2,5.968397617340088,-6.145563125610352,1
OneHandOrebaV3_1060_1_grm_std_uni,2,5.119676113128662,-5.078187942504883,1
OneHandOrebaV3_1060_1_grm_std_uni,2,-0.7031262516975403,2.3848562240600586,2
OneHandOrebaV3_1060_1_grm_std_uni,2,-0.7852736711502075,2.603109836578369,1
OneHandOrebaV3_1060_1_grm_std_uni,2,2.5642755031585693,-1.6202809810638428,1
OneHandOrebaV3_1060_1_grm_std_uni,2,4.988045692443848,-5.925011157989502,1
OneHandOrebaV3_1060_1_grm_std_uni,2,5.207769870758057,-6.838665008544922,1
OneHandOrebaV3_1060_1_grm_std_uni,2,4.543722629547119,-6.458055019378662,1
OneHandOrebaV3_1060_1_grm_std_uni,2,4.798832893371582,-6.3535943031311035,1
OneHandOrebaV3_1060_1_grm_std_uni,2,4.924610614776611,-6.172773361206055,1
OneHandOrebaV3_1060_1_grm_std_uni,1,4.8965301513671875,-6.274145126342773,1
OneHandOrebaV3_1060_1_grm_std_uni,1,5.083483695983887,-6.829753398895264,1
OneHandOrebaV3_1060_1_grm_std_uni,1,5.593490123748779,-6.903663158416748,1
OneHandOrebaV3_1060_1_grm_std_uni,1,6.7503581047058105,-7.378159999847412,1
OneHandOrebaV3_1060_1_grm_std_uni,1,7.404982566833496,-8.148723602294922,1
OneHandOrebaV3_1060_1_grm_std_uni,1,6.8288655281066895,-7.697828769683838,1
OneHandOrebaV3_1060_1_grm_std_uni,1,5.599770545959473,-6.443718433380127,1
OneHandOrebaV3_1060_1_grm_std_uni,1,6.113707542419434,-6.34308385848999,1
OneHandOrebaV3_1060_1_grm_std_uni,1,7.027769088745117,-6.8377227783203125,1
OneHandOrebaV3_1060_1_grm_std_uni,1,7.66610050201416,-7.3485283851623535,1
OneHandOrebaV3_1060_1_grm_std_uni,1,9.032693862915039,-9.350109100341797,1
OneHandOrebaV3_1060_1_grm_std_uni,1,8.814655303955078,-8.831352233886719,1
OneHandOrebaV3_1060_1_grm_std_uni,1,8.53989028930664,-8.348196983337402,1
OneHandOrebaV3_1060_1_grm_std_uni,1,8.322009086608887,-7.930024147033691,1
OneHandOrebaV3_1060_1_grm_std_uni,1,7.458784580230713,-6.9878034591674805,1
OneHandOrebaV3_1060_1_grm_std_uni,1,7.973594665527344,-7.5611443519592285,1
OneHandOrebaV3_1060_1_grm_std_uni,1,7.624721527099609,-7.488206386566162,1
OneHandOrebaV3_1060_1_grm_std_uni,1,7.008286952972412,-7.215788841247559,1
OneHandOrebaV3_1060_1_grm_std_uni,1,7.461032390594482,-7.637811183929443,1
OneHandOrebaV3_1060_1_grm_std_uni,1,6.980848789215088,-7.137966156005859,1
OneHandOrebaV3_1060_1_grm_std_uni,1,7.074458599090576,-6.9729437828063965,1
OneHandOrebaV3_1060_1_grm_std_uni,1,7.22491455078125,-7.067389965057373,1
OneHandOrebaV3_1060_1_grm_std_uni,1,7.53354549407959,-7.335776329040527,1
OneHandOrebaV3_1060_1_grm_std_uni,1,7.599792003631592,-7.328592300415039,1
OneHandOrebaV3_1060_1_grm_std_uni,1,7.1298828125,-6.930079936981201,1
OneHandOrebaV3_1060_1_grm_std_uni,1,7.541089057922363,-7.31903076171875,1
OneHandOrebaV3_1060_1_grm_std_uni,1,7.7939863204956055,-7.528185844421387,1
OneHandOrebaV3_1060_1_grm_std_uni,1,7.645534992218018,-7.4236626625061035,1
OneHandOrebaV3_1060_1_grm_std_uni,1,7.460503101348877,-7.369794845581055,1
OneHandOrebaV3_1060_1_grm_std_uni,1,7.498493194580078,-7.2673211097717285,1
OneHandOrebaV3_1060_1_grm_std_uni,1,6.590902805328369,-6.355297088623047,1
OneHandOrebaV3_1060_1_grm_std_uni,1,7.1204915046691895,-6.885412693023682,1
OneHandOrebaV3_1060_1_grm_std_uni,1,7.592330455780029,-7.240047931671143,1
OneHandOrebaV3_1060_1_grm_std_uni,1,7.568030834197998,-7.183455467224121,1
OneHandOrebaV3_1060_1_grm_std_uni,1,7.2345781326293945,-6.989893913269043,1
OneHandOrebaV3_1060_1_grm_std_uni,1,7.418418884277344,-7.039336204528809,1
OneHandOrebaV3_1060_1_grm_std_uni,1,7.042666912078857,-6.8412652015686035,1
OneHandOrebaV3_1060_1_grm_std_uni,1,7.050539016723633,-7.22747802734375,1
OneHandOrebaV3_1060_1_grm_std_uni,1,6.904999256134033,-7.253161430358887,1
OneHandOrebaV3_1060_1_grm_std_uni,1,6.913976669311523,-7.157391548156738,1
OneHandOrebaV3_1060_1_grm_std_uni,1,6.7078022956848145,-6.709334850311279,1
OneHandOrebaV3_1060_1_grm_std_uni,1,5.6739678382873535,-5.4272990226745605,1
OneHandOrebaV3_1060_1_grm_std_uni,1,5.873282432556152,-5.4836506843566895,1
OneHandOrebaV3_1060_1_grm_std_uni,1,6.09208869934082,-5.6046271324157715,1
OneHandOrebaV3_1060_1_grm_std_uni,1,6.301448345184326,-5.751563549041748,1
OneHandOrebaV3_1060_1_grm_std_uni,1,6.331588268280029,-6.115232944488525,1
OneHandOrebaV3_1060_1_grm_std_uni,1,6.430507659912109,-6.327475547790527,1
OneHandOrebaV3_1060_1_grm_std_uni,1,6.416175842285156,-6.306500434875488,1
OneHandOrebaV3_1060_1_grm_std_uni,1,6.418501853942871,-6.501016139984131,1
OneHandOrebaV3_1060_1_grm_std_uni,1,7.381030559539795,-7.668945789337158,1
OneHandOrebaV3_1060_1_grm_std_uni,1,7.294382572174072,-7.457460880279541,1
OneHandOrebaV3_1060_1_grm_std_uni,1,6.917268753051758,-7.197147846221924,1
OneHandOrebaV3_1060_1_grm_std_uni,1,6.957276821136475,-7.118189334869385,1
OneHandOrebaV3_1060_1_grm_std_uni,1,6.799245357513428,-7.150786876678467,1
OneHandOrebaV3_1060_1_grm_std_uni,1,6.4752655029296875,-7.0241498947143555,1
OneHandOrebaV3_1060_1_grm_std_uni,1,6.551685333251953,-6.867959976196289,1
OneHandOrebaV3_1060_1_grm_std_uni,1,6.777247905731201,-6.767385482788086,1
OneHandOrebaV3_1060_1_grm_std_uni,1,6.707814693450928,-6.8303914070129395,1
OneHandOrebaV3_1060_1_grm_std_uni,1,6.789370536804199,-7.021631240844727,1
OneHandOrebaV3_1060_1_grm_std_uni,1,6.407533168792725,-7.030078411102295,1
OneHandOrebaV3_1060_1_grm_std_uni,1,5.721697807312012,-6.694278717041016,1
OneHandOrebaV3_1060_1_grm_std_uni,1,5.217728614807129,-6.269718170166016,1
OneHandOrebaV3_1060_1_grm_std_uni,1,5.534700393676758,-6.529178142547607,1
OneHandOrebaV3_1060_1_grm_std_uni,1,6.12514066696167,-6.947936058044434,1
OneHandOrebaV3_1060_1_grm_std_uni,1,6.185488224029541,-7.034728050231934,1
OneHandOrebaV3_1060_1_grm_std_uni,1,6.532288551330566,-7.201233863830566,1
OneHandOrebaV3_1060_1_grm_std_uni,1,5.942636013031006,-6.481657028198242,1
OneHandOrebaV3_1060_1_grm_std_uni,1,5.694471836090088,-6.200594425201416,1
OneHandOrebaV3_1060_1_grm_std_uni,1,5.517176628112793,-6.1578216552734375,1
OneHandOrebaV3_1060_1_grm_std_uni,1,5.019155025482178,-5.713918685913086,1
OneHandOrebaV3_1060_1_grm_std_uni,1,5.365450859069824,-6.170508861541748,1
OneHandOrebaV3_1060_1_grm_std_uni,1,4.867921352386475,-6.019589900970459,1
OneHandOrebaV3_1060_1_grm_std_uni,1,4.938739776611328,-5.748262405395508,1
OneHandOrebaV3_1060_1_grm_std_uni,1,6.353521347045898,-6.923459053039551,1
OneHandOrebaV3_1060_1_grm_std_uni,1,6.008110046386719,-6.771897315979004,1
OneHandOrebaV3_1060_1_grm_std_uni,1,6.410617828369141,-6.884854793548584,1
OneHandOrebaV3_1060_1_grm_std_uni,1,6.43637752532959,-6.874242305755615,1
OneHandOrebaV3_1060_1_grm_std_uni,1,6.163135528564453,-6.535470962524414,1
OneHandOrebaV3_1060_1_grm_std_uni,1,6.4814372062683105,-6.852756977081299,1
OneHandOrebaV3_1060_1_grm_std_uni,1,6.435009479522705,-6.539694786071777,1
OneHandOrebaV3_1060_1_grm_std_uni,1,6.1575236320495605,-6.476561069488525,1
OneHandOrebaV3_1060_1_grm_std_uni,1,6.143903732299805,-6.504325866699219,1
OneHandOrebaV3_1060_1_grm_std_uni,1,6.124138832092285,-6.531350612640381,1
OneHandOrebaV3_1060_1_grm_std_uni,1,6.062102317810059,-6.7258758544921875,1
OneHandOrebaV3_1060_1_grm_std_uni,1,6.160250186920166,-6.648817539215088,1
OneHandOrebaV3_1060_1_grm_std_uni,1,6.133820533752441,-6.7896223068237305,1
OneHandOrebaV3_1060_1_grm_std_uni,1,5.794789791107178,-6.666673183441162,1
OneHandOrebaV3_1060_1_grm_std_uni,1,5.70919942855835,-6.6868743896484375,1
OneHandOrebaV3_1060_1_grm_std_uni,1,5.864531993865967,-6.62724494934082,1
OneHandOrebaV3_1060_1_grm_std_uni,1,6.240301609039307,-6.771727561950684,1
OneHandOrebaV3_1060_1_grm_std_uni,1,6.101109981536865,-6.505524158477783,1
OneHandOrebaV3_1060_1_grm_std_uni,1,6.014864921569824,-6.355961322784424,1
OneHandOrebaV3_1060_1_grm_std_uni,1,5.8486223220825195,-6.232300281524658,1
OneHandOrebaV3_1060_1_grm_std_uni,1,6.003089427947998,-6.541114330291748,1
OneHandOrebaV3_1060_1_grm_std_uni,1,6.226076126098633,-6.902109146118164,1
OneHandOrebaV3_1060_1_grm_std_uni,2,6.428935527801514,-7.07552433013916,1
OneHandOrebaV3_1060_1_grm_std_uni,2,6.33791446685791,-7.093246936798096,1
OneHandOrebaV3_1060_1_grm_std_uni,2,6.306344985961914,-7.1941819190979,1
OneHandOrebaV3_1060_1_grm_std_uni,2,6.108738422393799,-6.851050853729248,1
OneHandOrebaV3_1060_1_grm_std_uni,2,5.80737829208374,-6.32942533493042,1
OneHandOrebaV3_1060_1_grm_std_uni,2,4.914919853210449,-5.388391494750977,1
OneHandOrebaV3_1060_1_grm_std_uni,2,-0.7642828822135925,1.7708253860473633,2
OneHandOrebaV3_1060_1_grm_std_uni,2,-0.8801578879356384,2.502990245819092,1
OneHandOrebaV3_1060_1_grm_std_uni,2,3.2800188064575195,-1.960284948348999,1
OneHandOrebaV3_1060_1_grm_std_uni,2,5.434323310852051,-6.072000026702881,1
OneHandOrebaV3_1060_1_grm_std_uni,2,4.948426246643066,-6.129180908203125,1
OneHandOrebaV3_1060_1_grm_std_uni,2,4.891235828399658,-6.256833553314209,1
OneHandOrebaV3_1060_1_grm_std_uni,2,5.016622066497803,-6.2957658767700195,1
OneHandOrebaV3_1060_1_grm_std_uni,1,5.0201096534729,-6.410152435302734,1
OneHandOrebaV3_1060_1_grm_std_uni,1,5.021827697753906,-6.645319938659668,1
OneHandOrebaV3_1060_1_grm_std_uni,1,5.7879462242126465,-7.201552867889404,1
OneHandOrebaV3_1060_1_grm_std_uni,1,5.909463882446289,-7.230596542358398,1
OneHandOrebaV3_1060_1_grm_std_uni,1,5.632215976715088,-6.610036849975586,1
OneHandOrebaV3_1060_1_grm_std_uni,1,5.608271598815918,-6.392461776733398,1
OneHandOrebaV3_1060_1_grm_std_uni,1,5.568343162536621,-6.282735347747803,1
OneHandOrebaV3_1060_1_grm_std_uni,1,5.373198509216309,-6.294078350067139,1
OneHandOrebaV3_1060_1_grm_std_uni,1,5.145381450653076,-6.478556156158447,1
OneHandOrebaV3_1060_1_grm_std_uni,1,5.0708746910095215,-6.4921555519104,1
OneHandOrebaV3_1060_1_grm_std_uni,1,5.022159099578857,-6.318504810333252,1
OneHandOrebaV3_1060_1_grm_std_uni,1,4.908603668212891,-6.033087253570557,1
OneHandOrebaV3_1060_1_grm_std_uni,1,4.899460792541504,-5.662436485290527,1
OneHandOrebaV3_1060_1_grm_std_uni,1,4.799998760223389,-5.325273036956787,1
OneHandOrebaV3_1060_1_grm_std_uni,1,4.752927780151367,-5.358113765716553,1
OneHandOrebaV3_1060_1_grm_std_uni,1,5.625977993011475,-6.672730922698975,1
OneHandOrebaV3_1060_1_grm_std_uni,1,5.677733421325684,-6.796840190887451,1
OneHandOrebaV3_1060_1_grm_std_uni,1,5.591636657714844,-6.542691230773926,1
OneHandOrebaV3_1060_1_grm_std_uni,1,5.968891620635986,-6.748800277709961,1
OneHandOrebaV3_1060_1_grm_std_uni,1,5.783723831176758,-6.87408971786499,1
OneHandOrebaV3_1060_1_grm_std_uni,1,5.3578200340271,-6.744693279266357,1
OneHandOrebaV3_1060_1_grm_std_uni,1,4.435142993927002,-6.564082145690918,1
OneHandOrebaV3_1060_1_grm_std_uni,1,5.957570552825928,-7.286758899688721,1
OneHandOrebaV3_1060_1_grm_std_uni,1,6.932481288909912,-7.717806339263916,1
OneHandOrebaV3_1060_1_grm_std_uni,1,6.597406387329102,-7.1997971534729,1
OneHandOrebaV3_1060_1_grm_std_uni,1,6.421246528625488,-6.993451118469238,1
OneHandOrebaV3_1060_1_grm_std_uni,1,6.073944568634033,-6.546604156494141,1
OneHandOrebaV3_1060_1_grm_std_uni,1,5.550631046295166,-6.008711338043213,1
OneHandOrebaV3_1060_1_grm_std_uni,1,5.582151889801025,-5.941915035247803,1
OneHandOrebaV3_1060_1_grm_std_uni,1,6.130472183227539,-6.566075801849365,1
OneHandOrebaV3_1060_1_grm_std_uni,1,6.543431282043457,-6.94948148727417,1
OneHandOrebaV3_1060_1_grm_std_uni,1,7.2948832511901855,-7.622514724731445,1
OneHandOrebaV3_1060_1_grm_std_uni,1,7.512337684631348,-7.7281494140625,1
OneHandOrebaV3_1060_1_grm_std_uni,1,7.329311847686768,-7.635937690734863,1
OneHandOrebaV3_1060_1_grm_std_uni,1,7.213278770446777,-7.5659308433532715,1
OneHandOrebaV3_1060_1_grm_std_uni,1,7.390483856201172,-7.608684539794922,1
OneHandOrebaV3_1060_1_grm_std_uni,1,6.869129180908203,-7.155432224273682,1
OneHandOrebaV3_1060_1_grm_std_uni,1,6.650568962097168,-6.949885845184326,1
OneHandOrebaV3_1060_1_grm_std_uni,1,7.134187698364258,-7.175848484039307,1
OneHandOrebaV3_1060_1_grm_std_uni,1,7.526242733001709,-7.353699207305908,1
OneHandOrebaV3_1060_1_grm_std_uni,1,7.142019271850586,-6.965444564819336,1
OneHandOrebaV3_1060_1_grm_std_uni,1,6.909729480743408,-6.755771160125732,1
OneHandOrebaV3_1060_1_grm_std_uni,1,6.899464130401611,-6.845921039581299,1
OneHandOrebaV3_1060_1_grm_std_uni,1,6.987046718597412,-7.029806613922119,1
OneHandOrebaV3_1060_1_grm_std_uni,1,6.930973529815674,-6.977752685546875,1
OneHandOrebaV3_1060_1_grm_std_uni,1,6.62881326675415,-6.6838555335998535,1
OneHandOrebaV3_1060_1_grm_std_uni,1,6.41349983215332,-6.629965305328369,1
OneHandOrebaV3_1060_1_grm_std_uni,1,5.518721580505371,-6.175736904144287,1
OneHandOrebaV3_1060_1_grm_std_uni,1,4.529642581939697,-5.2506866455078125,1
OneHandOrebaV3_1060_1_grm_std_uni,1,3.7334487438201904,-4.403139114379883,1
OneHandOrebaV3_1060_1_grm_std_uni,1,3.138927936553955,-3.245375156402588,1
OneHandOrebaV3_1060_1_grm_std_uni,1,4.081387996673584,-4.812149524688721,1
OneHandOrebaV3_1060_1_grm_std_uni,1,4.937329292297363,-5.75731086730957,1
OneHandOrebaV3_1060_1_grm_std_uni,1,5.8904547691345215,-6.743764877319336,1
OneHandOrebaV3_1060_1_grm_std_uni,1,6.442646026611328,-6.925989627838135,1
OneHandOrebaV3_1060_1_grm_std_uni,1,5.243871688842773,-5.477157115936279,1
OneHandOrebaV3_1060_1_grm_std_uni,1,4.65884256362915,-4.4422287940979,1
OneHandOrebaV3_1060_1_grm_std_uni,1,5.63822078704834,-5.38521146774292,1
OneHandOrebaV3_1060_1_grm_std_uni,1,6.030101776123047,-6.370758056640625,1
OneHandOrebaV3_1060_1_grm_std_uni,1,5.8498687744140625,-6.3157429695129395,1
OneHandOrebaV3_1060_1_grm_std_uni,1,5.269574165344238,-5.455149173736572,1
OneHandOrebaV3_1060_1_grm_std_uni,1,5.361447334289551,-5.220060348510742,1
OneHandOrebaV3_1060_1_grm_std_uni,1,5.103615760803223,-4.85930061340332,1
OneHandOrebaV3_1060_1_grm_std_uni,1,5.031009674072266,-4.88842248916626,1
OneHandOrebaV3_1060_1_grm_std_uni,1,5.409815311431885,-5.411231994628906,1
OneHandOrebaV3_1060_1_grm_std_uni,1,5.8422160148620605,-6.147648334503174,1
OneHandOrebaV3_1060_1_grm_std_uni,1,5.671989917755127,-6.338004112243652,1
OneHandOrebaV3_1060_1_grm_std_uni,1,5.397428512573242,-6.188584327697754,1
OneHandOrebaV3_1060_1_grm_std_uni,1,4.983789443969727,-6.12866735458374,1
OneHandOrebaV3_1060_1_grm_std_uni,1,4.851504802703857,-6.415300369262695,1
OneHandOrebaV3_1060_1_grm_std_uni,1,4.685202598571777,-6.1976399421691895,1
OneHandOrebaV3_1060_1_grm_std_uni,1,4.705801486968994,-6.107604503631592,1
OneHandOrebaV3_1060_1_grm_std_uni,1,4.829458236694336,-6.3915252685546875,1
OneHandOrebaV3_1060_1_grm_std_uni,1,4.939580917358398,-6.588438034057617,1
OneHandOrebaV3_1060_1_grm_std_uni,1,5.477495193481445,-6.6416802406311035,1
OneHandOrebaV3_1060_1_grm_std_uni,1,5.942392349243164,-6.543997287750244,1
OneHandOrebaV3_1060_1_grm_std_uni,1,5.951658248901367,-6.212545394897461,1
OneHandOrebaV3_1060_1_grm_std_uni,1,5.788301944732666,-6.366226673126221,1
OneHandOrebaV3_1060_1_grm_std_uni,1,5.43881893157959,-6.760372638702393,1
OneHandOrebaV3_1060_1_grm_std_uni,1,5.002556800842285,-6.941511154174805,1
OneHandOrebaV3_1060_1_grm_std_uni,1,6.192751884460449,-7.432271480560303,1
OneHandOrebaV3_1060_1_grm_std_uni,1,6.484134197235107,-7.07411003112793,1
OneHandOrebaV3_1060_1_grm_std_uni,1,6.867427825927734,-7.3586626052856445,1
OneHandOrebaV3_1060_1_grm_std_uni,1,6.955629348754883,-7.569818496704102,1
OneHandOrebaV3_1060_1_grm_std_uni,1,6.522645950317383,-7.371912479400635,1
OneHandOrebaV3_1060_1_grm_std_uni,1,5.933436870574951,-6.869937896728516,1
OneHandOrebaV3_1060_1_grm_std_uni,1,6.2753682136535645,-6.759690761566162,1
OneHandOrebaV3_1060_1_grm_std_uni,1,6.39227294921875,-6.537228584289551,1
OneHandOrebaV3_1060_1_grm_std_uni,1,7.080673694610596,-7.226571083068848,1
OneHandOrebaV3_1060_1_grm_std_uni,1,7.892317295074463,-8.1908597946167,1
OneHandOrebaV3_1060_1_grm_std_uni,1,7.475149154663086,-7.746607303619385,1
OneHandOrebaV3_1060_1_grm_std_uni,1,7.59358549118042,-7.6795549392700195,1
OneHandOrebaV3_1060_1_grm_std_uni,1,7.507579326629639,-7.575453758239746,1
OneHandOrebaV3_1060_1_grm_std_uni,1,6.80756139755249,-6.876989841461182,1
OneHandOrebaV3_1060_1_grm_std_uni,1,6.688283443450928,-6.738612651824951,1
OneHandOrebaV3_1060_1_grm_std_uni,1,6.727643013000488,-6.593776702880859,1
OneHandOrebaV3_1060_1_grm_std_uni,1,6.513459205627441,-6.731342315673828,1
OneHandOrebaV3_1060_1_grm_std_uni,1,6.841922760009766,-6.913356781005859,1
OneHandOrebaV3_1060_1_grm_std_uni,1,7.030074119567871,-7.21846866607666,1
OneHandOrebaV3_1060_1_grm_std_uni,1,6.880239963531494,-6.983906269073486,1
OneHandOrebaV3_1060_1_grm_std_uni,1,6.61060905456543,-6.513858318328857,1
OneHandOrebaV3_1060_1_grm_std_uni,1,6.293536186218262,-6.335084438323975,1
OneHandOrebaV3_1060_1_grm_std_uni,1,6.419620990753174,-6.868577003479004,1
OneHandOrebaV3_1060_1_grm_std_uni,1,6.838923931121826,-7.484342575073242,1
OneHandOrebaV3_1060_1_grm_std_uni,1,6.41712760925293,-7.019808292388916,1
OneHandOrebaV3_1060_1_grm_std_uni,1,6.213305473327637,-6.628669738769531,1
OneHandOrebaV3_1060_1_grm_std_uni,1,6.336678981781006,-6.82227087020874,1
OneHandOrebaV3_1060_1_grm_std_uni,1,5.983168125152588,-6.483950614929199,1
OneHandOrebaV3_1060_1_grm_std_uni,1,5.978518962860107,-6.485575199127197,1
OneHandOrebaV3_1060_1_grm_std_uni,1,6.42110538482666,-7.015864372253418,1
OneHandOrebaV3_1060_1_grm_std_uni,1,6.410262584686279,-7.109982013702393,1
OneHandOrebaV3_1060_1_grm_std_uni,1,6.120153427124023,-6.795169830322266,1
OneHandOrebaV3_1060_1_grm_std_uni,1,6.369379997253418,-7.078198432922363,1
OneHandOrebaV3_1060_1_grm_std_uni,1,6.133019924163818,-6.783504962921143,1
OneHandOrebaV3_1060_1_grm_std_uni,1,6.010987281799316,-6.5899128913879395,1
OneHandOrebaV3_1060_1_grm_std_uni,1,6.12967586517334,-6.392442226409912,1
OneHandOrebaV3_1060_1_grm_std_uni,1,6.329543590545654,-6.660974979400635,1
OneHandOrebaV3_1060_1_grm_std_uni,1,6.360848903656006,-6.926098346710205,1
OneHandOrebaV3_1060_1_grm_std_uni,1,6.187748908996582,-7.037624359130859,1
OneHandOrebaV3_1060_1_grm_std_uni,1,6.243336200714111,-7.107291221618652,1
OneHandOrebaV3_1060_1_grm_std_uni,1,6.288143157958984,-7.0418291091918945,1
OneHandOrebaV3_1060_1_grm_std_uni,1,6.140166282653809,-6.814085483551025,1
OneHandOrebaV3_1060_1_grm_std_uni,1,5.613901615142822,-6.577427864074707,1
OneHandOrebaV3_1060_1_grm_std_uni,1,5.949676036834717,-6.658660888671875,1
OneHandOrebaV3_1060_1_grm_std_uni,1,5.959409713745117,-6.513920783996582,1
OneHandOrebaV3_1060_1_grm_std_uni,1,6.0538177490234375,-6.519784927368164,1
OneHandOrebaV3_1060_1_grm_std_uni,1,5.752926826477051,-6.29989767074585,1
OneHandOrebaV3_1060_1_grm_std_uni,1,5.567727088928223,-6.335939884185791,1
OneHandOrebaV3_1060_1_grm_std_uni,1,5.532022476196289,-6.395380973815918,1
OneHandOrebaV3_1060_1_grm_std_uni,1,5.702518939971924,-6.5186262130737305,1
OneHandOrebaV3_1060_1_grm_std_uni,1,5.552887439727783,-6.724522113800049,1
OneHandOrebaV3_1060_1_grm_std_uni,1,5.3930768966674805,-6.624173164367676,1
OneHandOrebaV3_1060_1_grm_std_uni,1,5.310650825500488,-6.512922763824463,1
OneHandOrebaV3_1060_1_grm_std_uni,1,5.120441436767578,-6.253286361694336,1
OneHandOrebaV3_1060_1_grm_std_uni,1,5.182894706726074,-6.172186851501465,1
OneHandOrebaV3_1060_1_grm_std_uni,1,5.594595432281494,-6.490816116333008,1
OneHandOrebaV3_1060_1_grm_std_uni,1,5.527529716491699,-6.555190086364746,1
OneHandOrebaV3_1060_1_grm_std_uni,1,4.957247734069824,-6.131943225860596,1
OneHandOrebaV3_1060_1_grm_std_uni,1,5.1527485847473145,-6.168578147888184,1
OneHandOrebaV3_1060_1_grm_std_uni,2,5.377588748931885,-6.3109660148620605,1
OneHandOrebaV3_1060_1_grm_std_uni,2,5.867000102996826,-6.6595458984375,1
OneHandOrebaV3_1060_1_grm_std_uni,2,5.686739921569824,-6.395394325256348,1
OneHandOrebaV3_1060_1_grm_std_uni,2,5.707337856292725,-6.255499839782715,1
OneHandOrebaV3_1060_1_grm_std_uni,2,4.734187602996826,-5.4753618240356445,1
OneHandOrebaV3_1060_1_grm_std_uni,2,-0.2816389799118042,0.24382485449314117,2
OneHandOrebaV3_1060_1_grm_std_uni,2,-2.0049121379852295,3.1373071670532227,1
OneHandOrebaV3_1060_1_grm_std_uni,2,0.5721434354782104,0.7367223501205444,1
OneHandOrebaV3_1060_1_grm_std_uni,2,5.352107048034668,-5.446368217468262,1
OneHandOrebaV3_1060_1_grm_std_uni,2,5.926191806793213,-7.13441801071167,1
OneHandOrebaV3_1060_1_grm_std_uni,2,5.384995937347412,-6.842430114746094,1
OneHandOrebaV3_1060_1_grm_std_uni,2,5.371329307556152,-6.809613227844238,1
OneHandOrebaV3_1060_1_grm_std_uni,2,5.227570533752441,-6.458529472351074,1
OneHandOrebaV3_1060_1_grm_std_uni,1,5.337795734405518,-6.734012126922607,1
OneHandOrebaV3_1060_1_grm_std_uni,1,5.6361918449401855,-7.4465813636779785,1
OneHandOrebaV3_1060_1_grm_std_uni,1,6.5667853355407715,-7.594799995422363,1
OneHandOrebaV3_1060_1_grm_std_uni,1,5.72937536239624,-6.444890975952148,1
OneHandOrebaV3_1060_1_grm_std_uni,1,6.403141021728516,-7.247493743896484,1
OneHandOrebaV3_1060_1_grm_std_uni,1,6.6429829597473145,-7.571531772613525,1
OneHandOrebaV3_1060_1_grm_std_uni,1,6.898629188537598,-7.680812358856201,1
OneHandOrebaV3_1060_1_grm_std_uni,1,7.070276260375977,-7.936054706573486,1
OneHandOrebaV3_1060_1_grm_std_uni,1,7.605132579803467,-8.6557035446167,1
OneHandOrebaV3_1060_1_grm_std_uni,1,7.600421905517578,-8.582542419433594,1
OneHandOrebaV3_1060_1_grm_std_uni,1,6.584062576293945,-7.045901775360107,1
OneHandOrebaV3_1060_1_grm_std_uni,1,4.919044017791748,-5.226888179779053,1
OneHandOrebaV3_1060_1_grm_std_uni,1,4.886897563934326,-5.215666770935059,1
OneHandOrebaV3_1060_1_grm_std_uni,1,5.1505632400512695,-5.86503791809082,1
OneHandOrebaV3_1060_1_grm_std_uni,1,5.655701160430908,-6.38933801651001,1
OneHandOrebaV3_1060_1_grm_std_uni,1,5.991200923919678,-6.492914199829102,1
OneHandOrebaV3_1060_1_grm_std_uni,1,6.214011192321777,-6.350366115570068,1
OneHandOrebaV3_1060_1_grm_std_uni,1,6.710255146026611,-6.987977027893066,1
OneHandOrebaV3_1060_1_grm_std_uni,1,6.999612331390381,-7.727358341217041,1
OneHandOrebaV3_1060_1_grm_std_uni,1,6.4702959060668945,-6.90657901763916,1
OneHandOrebaV3_1060_1_grm_std_uni,1,6.444317817687988,-6.947378635406494,1
OneHandOrebaV3_1060_1_grm_std_uni,1,6.290530204772949,-6.8890275955200195,1
OneHandOrebaV3_1060_1_grm_std_uni,1,5.638965606689453,-6.350615501403809,1
OneHandOrebaV3_1060_1_grm_std_uni,1,4.593143939971924,-5.110925197601318,1
OneHandOrebaV3_1060_1_grm_std_uni,1,4.323601722717285,-4.792934417724609,1
OneHandOrebaV3_1060_1_grm_std_uni,1,4.475781440734863,-4.916679382324219,1
OneHandOrebaV3_1060_1_grm_std_uni,1,5.229119300842285,-5.433078289031982,1
OneHandOrebaV3_1060_1_grm_std_uni,1,6.1055121421813965,-6.108193874359131,1
OneHandOrebaV3_1060_1_grm_std_uni,1,6.661364555358887,-6.462132930755615,1
OneHandOrebaV3_1060_1_grm_std_uni,1,6.9738922119140625,-6.7268385887146,1
OneHandOrebaV3_1060_1_grm_std_uni,1,6.84685754776001,-6.551820755004883,1
OneHandOrebaV3_1060_1_grm_std_uni,1,6.51934814453125,-6.2639288902282715,1
OneHandOrebaV3_1060_1_grm_std_uni,1,7.307646751403809,-6.998477935791016,1
OneHandOrebaV3_1060_1_grm_std_uni,1,8.092820167541504,-7.87420129776001,1
OneHandOrebaV3_1060_1_grm_std_uni,1,7.841729164123535,-7.587245464324951,1
OneHandOrebaV3_1060_1_grm_std_uni,1,7.694777965545654,-7.43794059753418,1
OneHandOrebaV3_1060_1_grm_std_uni,1,6.32348108291626,-6.85272741317749,1
OneHandOrebaV3_1060_1_grm_std_uni,1,6.608761310577393,-6.957816123962402,1
OneHandOrebaV3_1060_1_grm_std_uni,1,7.115420341491699,-7.153282165527344,1
OneHandOrebaV3_1060_1_grm_std_uni,1,7.633515357971191,-7.593827724456787,1
OneHandOrebaV3_1060_1_grm_std_uni,1,8.027942657470703,-8.017094612121582,1
OneHandOrebaV3_1060_1_grm_std_uni,1,8.000787734985352,-7.997711658477783,1
OneHandOrebaV3_1060_1_grm_std_uni,1,8.187494277954102,-7.971607208251953,1
OneHandOrebaV3_1060_1_grm_std_uni,1,8.119736671447754,-7.889646053314209,1
OneHandOrebaV3_1060_1_grm_std_uni,1,8.08514404296875,-7.86287260055542,1
OneHandOrebaV3_1060_1_grm_std_uni,1,7.793048858642578,-7.649820804595947,1
OneHandOrebaV3_1060_1_grm_std_uni,1,7.572347640991211,-7.6267499923706055,1
OneHandOrebaV3_1060_1_grm_std_uni,1,7.133918762207031,-7.363736152648926,1
OneHandOrebaV3_1060_1_grm_std_uni,1,6.228488445281982,-6.457817554473877,1
OneHandOrebaV3_1060_1_grm_std_uni,1,5.28398323059082,-5.1122145652771,1
OneHandOrebaV3_1060_1_grm_std_uni,1,6.523374080657959,-6.282764911651611,1
OneHandOrebaV3_1060_1_grm_std_uni,2,6.966407299041748,-6.913332462310791,1
OneHandOrebaV3_1060_1_grm_std_uni,2,6.755188941955566,-7.0537519454956055,1
OneHandOrebaV3_1060_1_grm_std_uni,2,6.337674617767334,-6.726293087005615,1
OneHandOrebaV3_1060_1_grm_std_uni,2,5.079117774963379,-5.716598987579346,1
OneHandOrebaV3_1060_1_grm_std_uni,2,5.44490909576416,-5.857551097869873,1
OneHandOrebaV3_1060_1_grm_std_uni,2,4.903204917907715,-5.441329002380371,1
OneHandOrebaV3_1060_1_grm_std_uni,2,4.898508548736572,-5.521379470825195,1
OneHandOrebaV3_1060_1_grm_std_uni,2,4.794046878814697,-5.43873929977417,1
OneHandOrebaV3_1060_1_grm_std_uni,2,4.508228302001953,-5.248140335083008,1
OneHandOrebaV3_1060_1_grm_std_uni,2,3.5197551250457764,-4.503556251525879,1
OneHandOrebaV3_1060_1_grm_std_uni,2,-2.655949354171753,3.7790539264678955,2
OneHandOrebaV3_1060_1_grm_std_uni,2,-2.6796202659606934,4.1118998527526855,1
OneHandOrebaV3_1060_1_grm_std_uni,2,2.225477933883667,-0.8863569498062134,1
OneHandOrebaV3_1060_1_grm_std_uni,2,4.876819133758545,-5.68383264541626,1
OneHandOrebaV3_1060_1_grm_std_uni,2,4.919433116912842,-6.245850563049316,1
OneHandOrebaV3_1060_1_grm_std_uni,2,4.81954288482666,-6.467525482177734,1
OneHandOrebaV3_1060_1_grm_std_uni,2,5.12972354888916,-6.4027180671691895,1
OneHandOrebaV3_1060_1_grm_std_uni,2,4.842040538787842,-6.456654071807861,1
OneHandOrebaV3_1060_1_grm_std_uni,1,4.4078521728515625,-6.62922477722168,1
OneHandOrebaV3_1060_1_grm_std_uni,1,5.599719047546387,-6.76338529586792,1
OneHandOrebaV3_1060_1_grm_std_uni,1,6.487273693084717,-7.034512519836426,1
OneHandOrebaV3_1060_1_grm_std_uni,1,6.63682746887207,-6.762370586395264,1
OneHandOrebaV3_1060_1_grm_std_uni,1,6.379401683807373,-6.316905975341797,1
OneHandOrebaV3_1060_1_grm_std_uni,1,6.054032325744629,-6.042354583740234,1
OneHandOrebaV3_1060_1_grm_std_uni,2,5.37296724319458,-5.998432159423828,1
OneHandOrebaV3_1060_1_grm_std_uni,2,4.821800231933594,-5.449420928955078,1
OneHandOrebaV3_1060_1_grm_std_uni,2,4.660476207733154,-5.354590892791748,1
OneHandOrebaV3_1060_1_grm_std_uni,2,4.605788230895996,-5.484601020812988,1
OneHandOrebaV3_1060_1_grm_std_uni,2,2.952491044998169,-3.7464630603790283,1
OneHandOrebaV3_1060_1_grm_std_uni,2,-2.6782801151275635,3.232867956161499,2
OneHandOrebaV3_1060_1_grm_std_uni,2,-1.9235875606536865,3.117371082305908,1
OneHandOrebaV3_1060_1_grm_std_uni,2,2.8042633533477783,-2.203524351119995,1
OneHandOrebaV3_1060_1_grm_std_uni,2,4.051876544952393,-5.351552963256836,1
OneHandOrebaV3_1060_1_grm_std_uni,2,4.075527191162109,-5.619405746459961,1
OneHandOrebaV3_1060_1_grm_std_uni,2,4.9265947341918945,-6.162471771240234,1
OneHandOrebaV3_1060_1_grm_std_uni,2,4.784878253936768,-6.180123805999756,1
OneHandOrebaV3_1060_1_grm_std_uni,1,4.154698848724365,-6.486955165863037,1
OneHandOrebaV3_1060_1_grm_std_uni,1,5.308335781097412,-7.3116888999938965,1
OneHandOrebaV3_1060_1_grm_std_uni,1,6.236839771270752,-7.259649276733398,1
OneHandOrebaV3_1060_1_grm_std_uni,1,6.894463539123535,-7.44950008392334,1
OneHandOrebaV3_1060_1_grm_std_uni,1,7.06660795211792,-7.44519567489624,1
OneHandOrebaV3_1060_1_grm_std_uni,1,7.269229412078857,-7.571986675262451,1
OneHandOrebaV3_1060_1_grm_std_uni,1,7.292037010192871,-7.694034576416016,1
OneHandOrebaV3_1060_1_grm_std_uni,1,7.563741207122803,-7.960848331451416,1
OneHandOrebaV3_1060_1_grm_std_uni,1,8.037202835083008,-8.467436790466309,1
OneHandOrebaV3_1060_1_grm_std_uni,1,7.80162239074707,-8.2561674118042,1
OneHandOrebaV3_1060_1_grm_std_uni,1,7.997075080871582,-8.411924362182617,1
OneHandOrebaV3_1060_1_grm_std_uni,1,7.811385631561279,-8.137859344482422,1
OneHandOrebaV3_1060_1_grm_std_uni,1,7.603033542633057,-7.917921543121338,1
OneHandOrebaV3_1060_1_grm_std_uni,1,7.592684745788574,-7.947325229644775,1
OneHandOrebaV3_1060_1_grm_std_uni,1,7.335214614868164,-7.723978519439697,1
OneHandOrebaV3_1060_1_grm_std_uni,1,7.086965084075928,-7.34262752532959,1
OneHandOrebaV3_1060_1_grm_std_uni,1,6.806219577789307,-7.088943958282471,1
OneHandOrebaV3_1060_1_grm_std_uni,1,7.1602463722229,-7.145448684692383,1
OneHandOrebaV3_1060_1_grm_std_uni,1,6.875317096710205,-6.765561580657959,1
OneHandOrebaV3_1060_1_grm_std_uni,1,5.818589210510254,-5.612060546875,1
OneHandOrebaV3_1060_1_grm_std_uni,1,5.532053470611572,-5.254996299743652,1
OneHandOrebaV3_1060_1_grm_std_uni,1,5.432663917541504,-5.4659552574157715,1
OneHandOrebaV3_1060_1_grm_std_uni,1,5.941554546356201,-6.1084370613098145,1
OneHandOrebaV3_1060_1_grm_std_uni,1,5.825784206390381,-6.12276554107666,1
OneHandOrebaV3_1060_1_grm_std_uni,1,6.466341018676758,-6.351120471954346,1
OneHandOrebaV3_1060_1_grm_std_uni,1,6.558943748474121,-6.1853742599487305,1
OneHandOrebaV3_1060_1_grm_std_uni,1,6.835838317871094,-6.6373138427734375,1
OneHandOrebaV3_1060_1_grm_std_uni,1,6.7230753898620605,-6.505288124084473,1
OneHandOrebaV3_1060_1_grm_std_uni,1,6.371747970581055,-6.298268795013428,1
OneHandOrebaV3_1060_1_grm_std_uni,1,6.336717128753662,-6.311878681182861,1
OneHandOrebaV3_1060_1_grm_std_uni,1,6.4387712478637695,-6.536917686462402,1
OneHandOrebaV3_1060_1_grm_std_uni,1,5.881373882293701,-6.331138610839844,1
OneHandOrebaV3_1060_1_grm_std_uni,1,4.546884536743164,-5.0615363121032715,1
OneHandOrebaV3_1060_1_grm_std_uni,1,4.349387168884277,-4.2367730140686035,1
OneHandOrebaV3_1060_1_grm_std_uni,1,4.866761207580566,-4.762382984161377,1
OneHandOrebaV3_1060_1_grm_std_uni,1,5.362401485443115,-5.268929958343506,1
OneHandOrebaV3_1060_1_grm_std_uni,1,6.180120944976807,-6.1365790367126465,1
OneHandOrebaV3_1060_1_grm_std_uni,1,6.633223056793213,-6.841801166534424,1
OneHandOrebaV3_1060_1_grm_std_uni,1,6.346139907836914,-6.334746837615967,1
OneHandOrebaV3_1060_1_grm_std_uni,1,5.890364646911621,-5.751115322113037,1
OneHandOrebaV3_1060_1_grm_std_uni,1,6.444930076599121,-6.476248741149902,1
OneHandOrebaV3_1060_1_grm_std_uni,1,6.765110969543457,-7.117079257965088,1
OneHandOrebaV3_1060_1_grm_std_uni,1,6.635416030883789,-7.110012531280518,1
OneHandOrebaV3_1060_1_grm_std_uni,1,6.956222057342529,-7.366034507751465,1
OneHandOrebaV3_1060_1_grm_std_uni,1,6.917869567871094,-7.326235771179199,1
OneHandOrebaV3_1060_1_grm_std_uni,1,6.149277210235596,-6.637167453765869,1
OneHandOrebaV3_1060_1_grm_std_uni,1,6.280252933502197,-6.780515670776367,1
OneHandOrebaV3_1060_1_grm_std_uni,1,6.4693827629089355,-7.066296577453613,1
OneHandOrebaV3_1060_1_grm_std_uni,1,5.993217468261719,-6.797472953796387,1
OneHandOrebaV3_1060_1_grm_std_uni,1,5.836516380310059,-6.437621116638184,1
OneHandOrebaV3_1060_1_grm_std_uni,1,6.556037425994873,-6.640344142913818,1
OneHandOrebaV3_1060_1_grm_std_uni,1,6.564053058624268,-6.395761013031006,1
OneHandOrebaV3_1060_1_grm_std_uni,1,6.878083229064941,-6.724004745483398,1
OneHandOrebaV3_1060_1_grm_std_uni,1,7.409444332122803,-7.455965995788574,1
OneHandOrebaV3_1060_1_grm_std_uni,1,7.233593940734863,-7.112263202667236,1
OneHandOrebaV3_1060_1_grm_std_uni,1,7.081431865692139,-7.066333770751953,1
OneHandOrebaV3_1060_1_grm_std_uni,1,7.063936233520508,-7.066147804260254,1
OneHandOrebaV3_1060_1_grm_std_uni,1,7.160579681396484,-7.34870719909668,1
OneHandOrebaV3_1060_1_grm_std_uni,1,6.7352166175842285,-7.229807376861572,1
OneHandOrebaV3_1060_1_grm_std_uni,1,5.7767510414123535,-5.771083354949951,1
OneHandOrebaV3_1060_1_grm_std_uni,1,5.990145206451416,-5.520787715911865,1
OneHandOrebaV3_1060_1_grm_std_uni,1,6.689413547515869,-6.409777641296387,1
OneHandOrebaV3_1060_1_grm_std_uni,1,7.111462593078613,-7.056371212005615,1
OneHandOrebaV3_1060_1_grm_std_uni,1,6.793303489685059,-6.707929611206055,1
OneHandOrebaV3_1060_1_grm_std_uni,1,6.803835391998291,-6.728719711303711,1
OneHandOrebaV3_1060_1_grm_std_uni,1,6.4894700050354,-6.254912376403809,1
OneHandOrebaV3_1060_1_grm_std_uni,1,7.156937122344971,-6.928753852844238,1
OneHandOrebaV3_1060_1_grm_std_uni,1,7.581610202789307,-7.198877334594727,1
OneHandOrebaV3_1060_1_grm_std_uni,1,7.394835472106934,-7.070096492767334,1
OneHandOrebaV3_1060_1_grm_std_uni,1,7.45325231552124,-7.207273483276367,1
OneHandOrebaV3_1060_1_grm_std_uni,1,7.381565093994141,-7.381214618682861,1
OneHandOrebaV3_1060_1_grm_std_uni,1,7.092434406280518,-7.43862247467041,1
OneHandOrebaV3_1060_1_grm_std_uni,1,5.875105381011963,-6.357873439788818,1
OneHandOrebaV3_1060_1_grm_std_uni,1,4.817348957061768,-4.885043621063232,1
OneHandOrebaV3_1060_1_grm_std_uni,1,6.328464031219482,-6.06177282333374,1
OneHandOrebaV3_1060_1_grm_std_uni,2,6.961902618408203,-6.865576267242432,1
OneHandOrebaV3_1060_1_grm_std_uni,2,7.316897392272949,-7.431388854980469,1
OneHandOrebaV3_1060_1_grm_std_uni,2,6.676833629608154,-6.694622039794922,1
OneHandOrebaV3_1060_1_grm_std_uni,2,6.00502872467041,-5.771980285644531,1
OneHandOrebaV3_1060_1_grm_std_uni,2,6.0519537925720215,-6.018563747406006,1
OneHandOrebaV3_1060_1_grm_std_uni,2,5.971804618835449,-5.959748268127441,1
OneHandOrebaV3_1060_1_grm_std_uni,2,5.673298358917236,-5.736323356628418,1
OneHandOrebaV3_1060_1_grm_std_uni,2,5.252735137939453,-5.483236789703369,1
OneHandOrebaV3_1060_1_grm_std_uni,2,0.04108241945505142,0.5630804896354675,1
OneHandOrebaV3_1060_1_grm_std_uni,2,-2.0233235359191895,3.6724600791931152,2
OneHandOrebaV3_1060_1_grm_std_uni,2,0.5845680236816406,1.2115647792816162,1
OneHandOrebaV3_1060_1_grm_std_uni,2,4.795743942260742,-4.403756141662598,1
OneHandOrebaV3_1060_1_grm_std_uni,2,5.0743632316589355,-6.254804611206055,1
OneHandOrebaV3_1060_1_grm_std_uni,2,5.0764689445495605,-6.480825901031494,1
OneHandOrebaV3_1060_1_grm_std_uni,2,5.1430792808532715,-6.29463005065918,1
OneHandOrebaV3_1060_1_grm_std_uni,2,5.01552677154541,-6.459016799926758,1
OneHandOrebaV3_1060_1_grm_std_uni,1,5.011688232421875,-6.898369312286377,1
OneHandOrebaV3_1060_1_grm_std_uni,1,5.307796001434326,-6.11206579208374,1
OneHandOrebaV3_1060_1_grm_std_uni,1,5.732553482055664,-5.643850803375244,1
OneHandOrebaV3_1060_1_grm_std_uni,1,7.1370649337768555,-7.089915752410889,1
OneHandOrebaV3_1060_1_grm_std_uni,1,8.510376930236816,-8.821946144104004,1
OneHandOrebaV3_1060_1_grm_std_uni,1,8.290201187133789,-8.529964447021484,1
OneHandOrebaV3_1060_1_grm_std_uni,1,7.668327331542969,-8.019769668579102,1
OneHandOrebaV3_1060_1_grm_std_uni,1,8.038055419921875,-8.362025260925293,1
OneHandOrebaV3_1060_1_grm_std_uni,1,8.477380752563477,-8.761804580688477,1
OneHandOrebaV3_1060_1_grm_std_uni,1,8.631230354309082,-8.770246505737305,1
OneHandOrebaV3_1060_1_grm_std_uni,1,8.442863464355469,-8.72899055480957,1
OneHandOrebaV3_1060_1_grm_std_uni,1,6.919492244720459,-7.491086483001709,1
OneHandOrebaV3_1060_1_grm_std_uni,1,7.133050441741943,-6.925726890563965,1
OneHandOrebaV3_1060_1_grm_std_uni,1,8.211716651916504,-7.831015586853027,1
OneHandOrebaV3_1060_1_grm_std_uni,1,8.503534317016602,-8.74947738647461,1
OneHandOrebaV3_1060_1_grm_std_uni,1,8.800453186035156,-9.297760963439941,1
OneHandOrebaV3_1060_1_grm_std_uni,1,8.464974403381348,-8.975147247314453,1
OneHandOrebaV3_1060_1_grm_std_uni,1,8.363518714904785,-7.979053974151611,1
OneHandOrebaV3_1060_1_grm_std_uni,1,8.460607528686523,-8.06467056274414,1
OneHandOrebaV3_1060_1_grm_std_uni,1,7.807264804840088,-7.616800308227539,1
OneHandOrebaV3_1060_1_grm_std_uni,1,7.5343194007873535,-7.5345988273620605,1
OneHandOrebaV3_1060_1_grm_std_uni,1,7.487552165985107,-7.619222640991211,1
OneHandOrebaV3_1060_1_grm_std_uni,1,6.202381610870361,-6.503818035125732,1
OneHandOrebaV3_1060_1_grm_std_uni,1,6.041012763977051,-6.373339653015137,1
OneHandOrebaV3_1060_1_grm_std_uni,1,6.435392379760742,-6.608950138092041,1
OneHandOrebaV3_1060_1_grm_std_uni,1,6.6126580238342285,-6.750815391540527,1
OneHandOrebaV3_1060_1_grm_std_uni,1,5.686905860900879,-5.738317012786865,1
OneHandOrebaV3_1060_1_grm_std_uni,1,5.114421844482422,-4.928531169891357,1
OneHandOrebaV3_1060_1_grm_std_uni,1,6.015488624572754,-5.510525226593018,1
OneHandOrebaV3_1060_1_grm_std_uni,1,6.702677249908447,-6.480958461761475,1
OneHandOrebaV3_1060_1_grm_std_uni,1,7.010713577270508,-7.010318279266357,1
OneHandOrebaV3_1060_1_grm_std_uni,1,7.470695972442627,-7.6682634353637695,1
OneHandOrebaV3_1060_1_grm_std_uni,1,7.165233135223389,-7.7508111000061035,1
OneHandOrebaV3_1060_1_grm_std_uni,1,6.793745994567871,-7.42588472366333,1
OneHandOrebaV3_1060_1_grm_std_uni,1,6.362834453582764,-6.850779056549072,1
OneHandOrebaV3_1060_1_grm_std_uni,1,4.990482330322266,-5.14912748336792,1
OneHandOrebaV3_1060_1_grm_std_uni,1,3.9406931400299072,-4.113452911376953,1
OneHandOrebaV3_1060_1_grm_std_uni,1,5.361137390136719,-5.074942111968994,1
OneHandOrebaV3_1060_1_grm_std_uni,1,6.526706695556641,-6.153743267059326,1
OneHandOrebaV3_1060_1_grm_std_uni,1,7.076209545135498,-6.858625411987305,1
OneHandOrebaV3_1060_1_grm_std_uni,1,7.752016544342041,-7.7523369789123535,1
OneHandOrebaV3_1060_1_grm_std_uni,1,8.147500991821289,-8.053679466247559,1
OneHandOrebaV3_1060_1_grm_std_uni,1,8.304054260253906,-8.142020225524902,1
OneHandOrebaV3_1060_1_grm_std_uni,1,7.861221790313721,-7.719696044921875,1
OneHandOrebaV3_1060_1_grm_std_uni,1,7.407019138336182,-7.292656421661377,1
OneHandOrebaV3_1060_1_grm_std_uni,1,7.1630167961120605,-7.068249225616455,1
OneHandOrebaV3_1060_1_grm_std_uni,1,6.2976908683776855,-6.246773719787598,1
OneHandOrebaV3_1060_1_grm_std_uni,1,6.087112903594971,-6.049973964691162,1
OneHandOrebaV3_1060_1_grm_std_uni,1,6.317426681518555,-6.363645076751709,1
OneHandOrebaV3_1060_1_grm_std_uni,1,5.709655284881592,-5.9946393966674805,1
OneHandOrebaV3_1060_1_grm_std_uni,1,6.091297626495361,-5.983215808868408,1
OneHandOrebaV3_1060_1_grm_std_uni,1,6.766574859619141,-6.6764631271362305,1
OneHandOrebaV3_1060_1_grm_std_uni,1,6.5802459716796875,-6.432136535644531,1
OneHandOrebaV3_1060_1_grm_std_uni,1,6.084933280944824,-5.743783473968506,1
OneHandOrebaV3_1060_1_grm_std_uni,1,5.713751792907715,-5.189535617828369,1
OneHandOrebaV3_1060_1_grm_std_uni,1,5.729109287261963,-4.993618011474609,1
OneHandOrebaV3_1060_1_grm_std_uni,1,5.9254231452941895,-5.590569019317627,1
OneHandOrebaV3_1060_1_grm_std_uni,1,6.226635932922363,-5.8115105628967285,1
OneHandOrebaV3_1060_1_grm_std_uni,1,6.270285129547119,-5.8344011306762695,1
OneHandOrebaV3_1060_1_grm_std_uni,1,6.296143531799316,-6.177374362945557,1
OneHandOrebaV3_1060_1_grm_std_uni,1,5.949052333831787,-6.597836494445801,1
OneHandOrebaV3_1060_1_grm_std_uni,1,5.817742824554443,-6.853691101074219,1
OneHandOrebaV3_1060_1_grm_std_uni,1,5.5400214195251465,-6.581754684448242,1
OneHandOrebaV3_1060_1_grm_std_uni,1,5.560822010040283,-6.257307052612305,1
OneHandOrebaV3_1060_1_grm_std_uni,1,5.444252967834473,-6.081087589263916,1
OneHandOrebaV3_1060_1_grm_std_uni,1,5.179616451263428,-5.814888000488281,1
OneHandOrebaV3_1060_1_grm_std_uni,1,4.869740009307861,-5.550180435180664,1
OneHandOrebaV3_1060_1_grm_std_uni,1,5.428025722503662,-6.022925853729248,1
OneHandOrebaV3_1060_1_grm_std_uni,1,5.475505828857422,-5.985764026641846,1
OneHandOrebaV3_1060_1_grm_std_uni,1,5.841169357299805,-6.4968438148498535,1
OneHandOrebaV3_1060_1_grm_std_uni,1,6.026937484741211,-6.774537086486816,1
OneHandOrebaV3_1060_1_grm_std_uni,1,6.13230037689209,-6.935687065124512,1
OneHandOrebaV3_1060_1_grm_std_uni,1,6.047154903411865,-6.6167778968811035,1
OneHandOrebaV3_1060_1_grm_std_uni,1,6.106501579284668,-6.3616180419921875,1
OneHandOrebaV3_1060_1_grm_std_uni,1,6.445330619812012,-6.554943084716797,1
OneHandOrebaV3_1060_1_grm_std_uni,1,6.459637641906738,-6.6322479248046875,1
OneHandOrebaV3_1060_1_grm_std_uni,1,6.647164344787598,-6.635401248931885,1
OneHandOrebaV3_1060_1_grm_std_uni,1,6.736973285675049,-6.557751655578613,1
OneHandOrebaV3_1060_1_grm_std_uni,1,6.7679219245910645,-6.480404853820801,1
OneHandOrebaV3_1060_1_grm_std_uni,1,7.138051509857178,-6.7558441162109375,1
OneHandOrebaV3_1060_1_grm_std_uni,1,7.091485023498535,-6.730736255645752,1
OneHandOrebaV3_1060_1_grm_std_uni,1,6.516744613647461,-6.240314483642578,1
OneHandOrebaV3_1060_1_grm_std_uni,1,6.5303144454956055,-6.323376178741455,1
OneHandOrebaV3_1060_1_grm_std_uni,1,6.095080852508545,-6.049513339996338,1
OneHandOrebaV3_1060_1_grm_std_uni,1,5.82151985168457,-5.858467102050781,1
OneHandOrebaV3_1060_1_grm_std_uni,1,6.090523719787598,-5.977339744567871,1
OneHandOrebaV3_1060_1_grm_std_uni,1,6.050755977630615,-6.162491798400879,1
OneHandOrebaV3_1060_1_grm_std_uni,1,6.190551280975342,-6.321890354156494,1
OneHandOrebaV3_1060_1_grm_std_uni,1,5.760117053985596,-5.984044551849365,1
OneHandOrebaV3_1060_1_grm_std_uni,1,6.780727863311768,-6.509187698364258,1
OneHandOrebaV3_1060_1_grm_std_uni,1,6.65812349319458,-6.549956321716309,1
OneHandOrebaV3_1060_1_grm_std_uni,2,6.115774631500244,-6.289806842803955,1
OneHandOrebaV3_1060_1_grm_std_uni,2,5.894865989685059,-6.204200267791748,1
OneHandOrebaV3_1060_1_grm_std_uni,2,5.748523712158203,-6.064889430999756,1
OneHandOrebaV3_1060_1_grm_std_uni,2,5.430936813354492,-5.831279754638672,1
OneHandOrebaV3_1060_1_grm_std_uni,2,2.9813952445983887,-3.262634754180908,1
OneHandOrebaV3_1060_1_grm_std_uni,2,-0.5720275044441223,0.8870785236358643,2
OneHandOrebaV3_1060_1_grm_std_uni,2,1.5785260200500488,-0.4462091326713562,1
OneHandOrebaV3_1060_1_grm_std_uni,2,5.20635461807251,-4.424923896789551,1
OneHandOrebaV3_1060_1_grm_std_uni,2,7.282533645629883,-7.178538799285889,1
OneHandOrebaV3_1060_1_grm_std_uni,2,7.350095272064209,-6.834543228149414,1
OneHandOrebaV3_1060_1_grm_std_uni,1,7.342852592468262,-6.351128578186035,1
OneHandOrebaV3_1060_1_grm_std_uni,1,7.358597278594971,-6.239343166351318,1
OneHandOrebaV3_1060_1_grm_std_uni,1,6.996833801269531,-5.923122882843018,1
OneHandOrebaV3_1060_1_grm_std_uni,1,6.609714508056641,-5.5815958976745605,1
OneHandOrebaV3_1060_1_grm_std_uni,1,7.174089431762695,-6.438198566436768,1
OneHandOrebaV3_1060_1_grm_std_uni,1,6.211968898773193,-5.508908271789551,1
OneHandOrebaV3_1060_1_grm_std_uni,1,5.283425331115723,-4.508601665496826,1
OneHandOrebaV3_1060_1_grm_std_uni,1,6.188716411590576,-5.413454055786133,1
OneHandOrebaV3_1060_1_grm_std_uni,1,7.82608699798584,-7.078874588012695,1
OneHandOrebaV3_1060_1_grm_std_uni,1,8.164159774780273,-7.695098876953125,1
OneHandOrebaV3_1060_1_grm_std_uni,1,7.480024814605713,-7.278080940246582,1
OneHandOrebaV3_1060_1_grm_std_uni,1,6.568721294403076,-6.309881210327148,1
OneHandOrebaV3_1060_1_grm_std_uni,1,6.4463019371032715,-5.96347713470459,1
OneHandOrebaV3_1060_1_grm_std_uni,1,6.039605140686035,-5.414579391479492,1
OneHandOrebaV3_1060_1_grm_std_uni,1,7.218682765960693,-6.79153299331665,1
OneHandOrebaV3_1060_1_grm_std_uni,1,7.190489292144775,-6.989011764526367,1
OneHandOrebaV3_1060_1_grm_std_uni,1,6.027308464050293,-6.011361122131348,1
OneHandOrebaV3_1060_1_grm_std_uni,1,5.427694797515869,-5.370239734649658,1
OneHandOrebaV3_1060_1_grm_std_uni,1,5.936931133270264,-5.618575572967529,1
OneHandOrebaV3_1060_1_grm_std_uni,1,5.59052848815918,-5.3858442306518555,1
OneHandOrebaV3_1060_1_grm_std_uni,1,5.389280319213867,-5.01288366317749,1
OneHandOrebaV3_1060_1_grm_std_uni,1,5.922857284545898,-5.183655738830566,1
OneHandOrebaV3_1060_1_grm_std_uni,1,5.915920257568359,-5.327417850494385,1
OneHandOrebaV3_1060_1_grm_std_uni,1,5.30477237701416,-4.93771505355835,1
OneHandOrebaV3_1060_1_grm_std_uni,1,4.26721715927124,-3.862436056137085,1
OneHandOrebaV3_1060_1_grm_std_uni,1,4.324142932891846,-3.870310068130493,1
OneHandOrebaV3_1060_1_grm_std_uni,1,4.166721343994141,-4.322996139526367,1
OneHandOrebaV3_1060_1_grm_std_uni,1,4.126778602600098,-4.862606048583984,1
OneHandOrebaV3_1060_1_grm_std_uni,1,5.000648021697998,-5.422207832336426,1
OneHandOrebaV3_1060_1_grm_std_uni,1,5.759583473205566,-5.939122200012207,1
OneHandOrebaV3_1060_1_grm_std_uni,1,5.811601638793945,-6.043310165405273,1
OneHandOrebaV3_1060_1_grm_std_uni,1,5.770333290100098,-5.922307014465332,1
OneHandOrebaV3_1060_1_grm_std_uni,1,5.845442295074463,-5.815555572509766,1
OneHandOrebaV3_1060_1_grm_std_uni,1,5.913618564605713,-5.960978031158447,1
OneHandOrebaV3_1060_1_grm_std_uni,1,7.117125988006592,-7.177587032318115,1
OneHandOrebaV3_1060_1_grm_std_uni,1,7.588886260986328,-7.588455677032471,1
OneHandOrebaV3_1060_1_grm_std_uni,1,7.488905429840088,-7.557755947113037,1
OneHandOrebaV3_1060_1_grm_std_uni,1,7.295712947845459,-7.516574382781982,1
OneHandOrebaV3_1060_1_grm_std_uni,1,7.19692325592041,-7.339147567749023,1
OneHandOrebaV3_1060_1_grm_std_uni,1,7.161525249481201,-7.299468040466309,1
OneHandOrebaV3_1060_1_grm_std_uni,1,6.489286422729492,-6.567040920257568,1
OneHandOrebaV3_1060_1_grm_std_uni,1,6.250365257263184,-6.259854316711426,1
OneHandOrebaV3_1060_1_grm_std_uni,1,6.7161455154418945,-6.596818923950195,1
OneHandOrebaV3_1060_1_grm_std_uni,1,7.062024116516113,-6.884439468383789,1
OneHandOrebaV3_1060_1_grm_std_uni,1,7.005587100982666,-6.724938869476318,1
OneHandOrebaV3_1060_1_grm_std_uni,1,6.954115390777588,-6.67700719833374,1
OneHandOrebaV3_1060_1_grm_std_uni,1,6.731258869171143,-6.45460844039917,1
OneHandOrebaV3_1060_1_grm_std_uni,1,6.835724830627441,-6.502293109893799,1
OneHandOrebaV3_1060_1_grm_std_uni,1,7.223039627075195,-6.8568291664123535,1
OneHandOrebaV3_1060_1_grm_std_uni,1,7.192800998687744,-6.918180465698242,1
OneHandOrebaV3_1060_1_grm_std_uni,1,7.231518745422363,-6.89846134185791,1
OneHandOrebaV3_1060_1_grm_std_uni,1,7.092639923095703,-6.886814594268799,1
OneHandOrebaV3_1060_1_grm_std_uni,1,6.965540885925293,-6.6250176429748535,1
OneHandOrebaV3_1060_1_grm_std_uni,1,6.3820600509643555,-6.330641746520996,1
OneHandOrebaV3_1060_1_grm_std_uni,1,5.789642333984375,-6.148957252502441,1
OneHandOrebaV3_1060_1_grm_std_uni,1,5.714174270629883,-6.182518005371094,1
OneHandOrebaV3_1060_1_grm_std_uni,2,5.61631441116333,-6.109685897827148,1
OneHandOrebaV3_1060_1_grm_std_uni,2,5.667076110839844,-6.06399393081665,1
OneHandOrebaV3_1060_1_grm_std_uni,2,5.661276817321777,-5.959628582000732,1
OneHandOrebaV3_1060_1_grm_std_uni,2,4.803930282592773,-4.9817280769348145,1
OneHandOrebaV3_1060_1_grm_std_uni,2,-1.3335883617401123,2.893885374069214,2
OneHandOrebaV3_1060_1_grm_std_uni,2,-1.757210373878479,3.305673599243164,1
OneHandOrebaV3_1060_1_grm_std_uni,2,2.7265796661376953,-2.3099663257598877,1
OneHandOrebaV3_1060_1_grm_std_uni,2,5.71066951751709,-6.914982318878174,1
OneHandOrebaV3_1060_1_grm_std_uni,2,5.258993625640869,-6.7560577392578125,1
OneHandOrebaV3_1060_1_grm_std_uni,2,4.783233165740967,-6.502035617828369,1
OneHandOrebaV3_1060_1_grm_std_uni,2,4.982921600341797,-6.392745494842529,1
OneHandOrebaV3_1060_1_grm_std_uni,2,4.620151996612549,-6.273557662963867,1
OneHandOrebaV3_1060_1_grm_std_uni,1,4.744126796722412,-6.246764659881592,1
OneHandOrebaV3_1060_1_grm_std_uni,1,4.848654270172119,-6.182440757751465,1
OneHandOrebaV3_1060_1_grm_std_uni,1,4.909359931945801,-6.613899230957031,1
OneHandOrebaV3_1060_1_grm_std_uni,1,5.056241989135742,-6.710042953491211,1
OneHandOrebaV3_1060_1_grm_std_uni,1,4.721837997436523,-6.465526580810547,1
OneHandOrebaV3_1060_1_grm_std_uni,1,4.774708271026611,-5.986943244934082,1
OneHandOrebaV3_1060_1_grm_std_uni,1,6.001002311706543,-6.889685153961182,1
OneHandOrebaV3_1060_1_grm_std_uni,1,5.279919147491455,-6.0499587059021,1
OneHandOrebaV3_1060_1_grm_std_uni,1,4.756584167480469,-5.687758445739746,1
OneHandOrebaV3_1060_1_grm_std_uni,1,4.057629108428955,-5.019495487213135,1
OneHandOrebaV3_1060_1_grm_std_uni,1,4.048892974853516,-5.153445243835449,1
OneHandOrebaV3_1060_1_grm_std_uni,1,4.133922576904297,-5.139214038848877,1
OneHandOrebaV3_1060_1_grm_std_uni,1,4.24751091003418,-5.281357288360596,1
OneHandOrebaV3_1060_1_grm_std_uni,1,3.9927802085876465,-5.2857184410095215,1
OneHandOrebaV3_1060_1_grm_std_uni,1,3.1346383094787598,-4.079137802124023,1
OneHandOrebaV3_1060_1_grm_std_uni,1,4.593649864196777,-5.374659061431885,1
OneHandOrebaV3_1060_1_grm_std_uni,1,5.37040376663208,-6.083620071411133,1
OneHandOrebaV3_1060_1_grm_std_uni,1,5.352562427520752,-6.061621189117432,1
OneHandOrebaV3_1060_1_grm_std_uni,1,4.6933393478393555,-5.576474666595459,1
OneHandOrebaV3_1060_1_grm_std_uni,1,4.752095699310303,-5.393001556396484,1
OneHandOrebaV3_1060_1_grm_std_uni,1,6.2281646728515625,-6.2789788246154785,1
OneHandOrebaV3_1060_1_grm_std_uni,1,6.982570171356201,-6.84700870513916,1
OneHandOrebaV3_1060_1_grm_std_uni,1,7.388365268707275,-7.519005298614502,1
OneHandOrebaV3_1060_1_grm_std_uni,1,6.240205764770508,-6.546306610107422,1
OneHandOrebaV3_1060_1_grm_std_uni,1,5.655895233154297,-5.929920196533203,1
OneHandOrebaV3_1060_1_grm_std_uni,1,5.323611736297607,-5.82206392288208,1
OneHandOrebaV3_1060_1_grm_std_uni,1,4.941493034362793,-5.067338943481445,1
OneHandOrebaV3_1060_1_grm_std_uni,1,5.542764186859131,-5.444080829620361,1
OneHandOrebaV3_1060_1_grm_std_uni,1,6.112794399261475,-5.892145156860352,1
OneHandOrebaV3_1060_1_grm_std_uni,1,6.211793422698975,-6.0460734367370605,1
OneHandOrebaV3_1060_1_grm_std_uni,1,5.839674949645996,-5.212000846862793,1
OneHandOrebaV3_1060_1_grm_std_uni,1,5.390389919281006,-5.324333190917969,1
OneHandOrebaV3_1060_1_grm_std_uni,1,5.406270503997803,-6.0737996101379395,1
OneHandOrebaV3_1060_1_grm_std_uni,1,5.326267719268799,-6.5718607902526855,1
OneHandOrebaV3_1060_1_grm_std_uni,1,4.952581882476807,-6.983603000640869,1
OneHandOrebaV3_1060_1_grm_std_uni,1,5.055245876312256,-6.858121871948242,1
OneHandOrebaV3_1060_1_grm_std_uni,1,4.905808925628662,-5.408716201782227,1
OneHandOrebaV3_1060_1_grm_std_uni,1,4.8655571937561035,-5.156259536743164,1
OneHandOrebaV3_1060_1_grm_std_uni,1,5.482693195343018,-5.92556095123291,1
OneHandOrebaV3_1060_1_grm_std_uni,1,5.010008335113525,-5.471754550933838,1
OneHandOrebaV3_1060_1_grm_std_uni,1,5.341969013214111,-5.632254600524902,1
OneHandOrebaV3_1060_1_grm_std_uni,1,5.453965663909912,-6.02324104309082,1
OneHandOrebaV3_1060_1_grm_std_uni,1,5.366619110107422,-6.2152838706970215,1
OneHandOrebaV3_1060_1_grm_std_uni,1,5.234487533569336,-6.4025444984436035,1
OneHandOrebaV3_1060_1_grm_std_uni,1,4.9570841789245605,-6.421510219573975,1
OneHandOrebaV3_1060_1_grm_std_uni,1,5.089990615844727,-6.402314186096191,1
OneHandOrebaV3_1060_1_grm_std_uni,1,4.895534038543701,-5.545573711395264,1
OneHandOrebaV3_1060_1_grm_std_uni,1,5.190426349639893,-5.751221656799316,1
OneHandOrebaV3_1060_1_grm_std_uni,1,5.038193225860596,-5.7748703956604,1
OneHandOrebaV3_1060_1_grm_std_uni,1,4.669510364532471,-5.86887264251709,1
OneHandOrebaV3_1060_1_grm_std_uni,1,4.705963134765625,-5.946536064147949,1
OneHandOrebaV3_1060_1_grm_std_uni,1,4.694873332977295,-5.9169111251831055,1
OneHandOrebaV3_1060_1_grm_std_uni,1,4.468496322631836,-6.380209445953369,1
OneHandOrebaV3_1060_1_grm_std_uni,1,4.30918025970459,-6.316873550415039,1
OneHandOrebaV3_1060_1_grm_std_uni,1,4.670536994934082,-6.259018898010254,1
OneHandOrebaV3_1060_1_grm_std_uni,1,6.047021865844727,-6.44130277633667,1
OneHandOrebaV3_1060_1_grm_std_uni,1,6.145407676696777,-6.791443824768066,1
OneHandOrebaV3_1060_1_grm_std_uni,1,3.98881459236145,-4.524835586547852,1
OneHandOrebaV3_1060_1_grm_std_uni,1,4.079889297485352,-4.039246559143066,1
OneHandOrebaV3_1060_1_grm_std_uni,1,5.14426326751709,-5.158780574798584,1
OneHandOrebaV3_1060_1_grm_std_uni,1,5.2141642570495605,-6.304208278656006,1
OneHandOrebaV3_1060_1_grm_std_uni,1,5.130878925323486,-6.602717876434326,1
OneHandOrebaV3_1060_1_grm_std_uni,1,5.608266830444336,-7.238818645477295,1
OneHandOrebaV3_1060_1_grm_std_uni,1,6.8801679611206055,-7.882213592529297,1
OneHandOrebaV3_1060_1_grm_std_uni,1,7.1199140548706055,-7.715034484863281,1
OneHandOrebaV3_1060_1_grm_std_uni,1,5.9018635749816895,-6.540231227874756,1
OneHandOrebaV3_1060_1_grm_std_uni,1,4.972349166870117,-5.651566982269287,1
OneHandOrebaV3_1060_1_grm_std_uni,1,5.506385326385498,-6.243800163269043,1
OneHandOrebaV3_1060_1_grm_std_uni,1,5.670702934265137,-6.590227127075195,1
OneHandOrebaV3_1060_1_grm_std_uni,1,5.142873764038086,-6.376084804534912,1
OneHandOrebaV3_1060_1_grm_std_uni,1,1.4470326900482178,-2.0571463108062744,1
OneHandOrebaV3_1060_1_grm_std_uni,1,-0.3667266070842743,1.0587300062179565,2
OneHandOrebaV3_1060_1_grm_std_uni,1,1.7843284606933594,-0.02224898897111416,1
OneHandOrebaV3_1060_1_grm_std_uni,1,4.357511043548584,-3.024843692779541,1
OneHandOrebaV3_1060_1_grm_std_uni,1,6.173112869262695,-6.013564109802246,1
OneHandOrebaV3_1060_1_grm_std_uni,1,6.270191192626953,-6.6940789222717285,1
OneHandOrebaV3_1060_1_grm_std_uni,1,5.729496479034424,-6.97800350189209,1
OneHandOrebaV3_1060_1_grm_std_uni,1,5.592912673950195,-6.663306713104248,1
OneHandOrebaV3_1060_1_grm_std_uni,1,5.41959810256958,-6.384171485900879,1
OneHandOrebaV3_1060_1_grm_std_uni,1,5.7088847160339355,-6.3653059005737305,1
OneHandOrebaV3_1060_1_grm_std_uni,1,5.734923362731934,-6.332110404968262,1
OneHandOrebaV3_1060_1_grm_std_uni,1,5.698765277862549,-6.495968341827393,1
OneHandOrebaV3_1060_1_grm_std_uni,1,5.784158229827881,-6.715509414672852,1
OneHandOrebaV3_1060_1_grm_std_uni,1,5.559263229370117,-5.7812628746032715,1
OneHandOrebaV3_1060_1_grm_std_uni,1,5.82318115234375,-5.3612213134765625,1
OneHandOrebaV3_1060_1_grm_std_uni,1,5.864265441894531,-5.944955348968506,1
OneHandOrebaV3_1060_1_grm_std_uni,1,5.943448543548584,-6.235051155090332,1
OneHandOrebaV3_1060_1_grm_std_uni,1,5.695323944091797,-6.769209861755371,1
OneHandOrebaV3_1060_1_grm_std_uni,1,5.51807975769043,-6.777423858642578,1
OneHandOrebaV3_1060_1_grm_std_uni,1,5.177541732788086,-6.474477767944336,1
OneHandOrebaV3_1060_1_grm_std_uni,1,4.864559650421143,-6.268469333648682,1
OneHandOrebaV3_1060_1_grm_std_uni,1,5.080390930175781,-5.872745037078857,1
OneHandOrebaV3_1060_1_grm_std_uni,1,4.999876976013184,-5.494100570678711,1
OneHandOrebaV3_1060_1_grm_std_uni,1,4.755842685699463,-5.238255500793457,1
OneHandOrebaV3_1060_1_grm_std_uni,1,4.982513427734375,-5.690513610839844,1
OneHandOrebaV3_1060_1_grm_std_uni,1,5.621557712554932,-6.406092166900635,1
OneHandOrebaV3_1060_1_grm_std_uni,1,6.4001970291137695,-7.0728254318237305,1
OneHandOrebaV3_1060_1_grm_std_uni,1,6.771061420440674,-7.213237285614014,1
OneHandOrebaV3_1060_1_grm_std_uni,1,6.721043586730957,-6.898024082183838,1
OneHandOrebaV3_1060_1_grm_std_uni,1,6.600607872009277,-6.677614688873291,1
OneHandOrebaV3_1060_1_grm_std_uni,1,6.508138179779053,-6.632699966430664,1
OneHandOrebaV3_1060_1_grm_std_uni,1,6.67995548248291,-6.8091511726379395,1
OneHandOrebaV3_1060_1_grm_std_uni,1,6.421365737915039,-6.4130096435546875,1
OneHandOrebaV3_1060_1_grm_std_uni,1,5.123642444610596,-4.965226173400879,1
OneHandOrebaV3_1060_1_grm_std_uni,1,5.854392051696777,-5.4891276359558105,1
OneHandOrebaV3_1060_1_grm_std_uni,1,6.584782600402832,-6.421152114868164,1
OneHandOrebaV3_1060_1_grm_std_uni,1,7.238955497741699,-7.763829231262207,1
OneHandOrebaV3_1060_1_grm_std_uni,1,7.15248441696167,-7.467648029327393,1
OneHandOrebaV3_1060_1_grm_std_uni,1,6.868276119232178,-6.883756637573242,1
OneHandOrebaV3_1060_1_grm_std_uni,1,6.723547458648682,-6.865368843078613,1
OneHandOrebaV3_1060_1_grm_std_uni,1,6.576792240142822,-6.915130138397217,1
OneHandOrebaV3_1060_1_grm_std_uni,1,6.472686767578125,-6.659496784210205,1
OneHandOrebaV3_1060_1_grm_std_uni,1,6.487509727478027,-6.424012660980225,1
OneHandOrebaV3_1060_1_grm_std_uni,1,5.5546464920043945,-5.458868026733398,1
OneHandOrebaV3_1060_1_grm_std_uni,1,4.82548189163208,-5.010332107543945,1
OneHandOrebaV3_1060_1_grm_std_uni,1,4.675498962402344,-4.985090255737305,1
OneHandOrebaV3_1060_1_grm_std_uni,1,5.316625595092773,-5.5179762840271,1
OneHandOrebaV3_1060_1_grm_std_uni,1,6.187849998474121,-6.04054069519043,1
OneHandOrebaV3_1060_1_grm_std_uni,1,6.3828935623168945,-6.425199508666992,1
OneHandOrebaV3_1060_1_grm_std_uni,1,7.108639717102051,-7.348196983337402,1
OneHandOrebaV3_1060_1_grm_std_uni,1,6.916344165802002,-7.285018444061279,1
OneHandOrebaV3_1060_1_grm_std_uni,1,6.079472064971924,-6.7533721923828125,1
OneHandOrebaV3_1060_1_grm_std_uni,1,5.812387466430664,-6.031132221221924,1
OneHandOrebaV3_1060_1_grm_std_uni,1,5.349379062652588,-5.287411212921143,1
OneHandOrebaV3_1060_1_grm_std_uni,1,4.728675842285156,-4.653643608093262,1
OneHandOrebaV3_1060_1_grm_std_uni,1,4.528899192810059,-4.645355224609375,1
OneHandOrebaV3_1060_1_grm_std_uni,1,5.249350070953369,-5.467376708984375,1
OneHandOrebaV3_1060_1_grm_std_uni,1,5.264949321746826,-5.674751281738281,1
OneHandOrebaV3_1060_1_grm_std_uni,2,4.438980579376221,-5.418604850769043,1
OneHandOrebaV3_1060_1_grm_std_uni,2,4.224380970001221,-5.342947959899902,1
OneHandOrebaV3_1060_1_grm_std_uni,2,4.283131122589111,-5.589801788330078,1
OneHandOrebaV3_1060_1_grm_std_uni,2,4.247025966644287,-5.726816654205322,1
OneHandOrebaV3_1060_1_grm_std_uni,2,3.9524309635162354,-5.311223983764648,1
OneHandOrebaV3_1060_1_grm_std_uni,2,2.3131773471832275,-3.6101396083831787,1
OneHandOrebaV3_1060_1_grm_std_uni,2,-2.62742018699646,3.3168249130249023,2
OneHandOrebaV3_1060_1_grm_std_uni,2,-2.020190477371216,3.6286516189575195,1
OneHandOrebaV3_1060_1_grm_std_uni,2,3.5266621112823486,-3.0723154544830322,1
OneHandOrebaV3_1060_1_grm_std_uni,2,5.527482986450195,-6.401996612548828,1
OneHandOrebaV3_1060_1_grm_std_uni,2,4.7166619300842285,-6.228506088256836,1
OneHandOrebaV3_1060_1_grm_std_uni,2,4.965544700622559,-6.496619701385498,1
OneHandOrebaV3_1060_1_grm_std_uni,2,4.7292256355285645,-6.149508953094482,1
OneHandOrebaV3_1060_1_grm_std_uni,1,4.616582870483398,-5.889989852905273,1
OneHandOrebaV3_1060_1_grm_std_uni,1,4.971502304077148,-6.132496356964111,1
OneHandOrebaV3_1060_1_grm_std_uni,1,5.145419597625732,-6.4925103187561035,1
OneHandOrebaV3_1060_1_grm_std_uni,1,4.502148628234863,-6.591364860534668,1
OneHandOrebaV3_1060_1_grm_std_uni,1,4.4587297439575195,-6.633904933929443,1
OneHandOrebaV3_1060_1_grm_std_uni,1,4.037688255310059,-5.31848669052124,1
OneHandOrebaV3_1060_1_grm_std_uni,1,4.149852275848389,-5.118688583374023,1
OneHandOrebaV3_1060_1_grm_std_uni,1,4.694255828857422,-4.82160758972168,1
OneHandOrebaV3_1060_1_grm_std_uni,1,5.977743625640869,-5.810726642608643,1
OneHandOrebaV3_1060_1_grm_std_uni,1,6.941670894622803,-6.62964391708374,1
OneHandOrebaV3_1060_1_grm_std_uni,1,7.118640899658203,-6.936201572418213,1
OneHandOrebaV3_1060_1_grm_std_uni,1,6.165708065032959,-5.7168989181518555,1
OneHandOrebaV3_1060_1_grm_std_uni,1,4.844162464141846,-4.3145856857299805,1
OneHandOrebaV3_1060_1_grm_std_uni,1,5.300058841705322,-5.583517551422119,1
OneHandOrebaV3_1060_1_grm_std_uni,1,5.430376052856445,-6.579710483551025,1
OneHandOrebaV3_1060_1_grm_std_uni,1,5.133767127990723,-6.541463851928711,1
OneHandOrebaV3_1060_1_grm_std_uni,1,5.026174068450928,-6.379088401794434,1
OneHandOrebaV3_1060_1_grm_std_uni,1,5.039371490478516,-6.302490711212158,1
OneHandOrebaV3_1060_1_grm_std_uni,1,5.237345218658447,-6.242845058441162,1
OneHandOrebaV3_1060_1_grm_std_uni,1,5.511216163635254,-6.542455673217773,1
OneHandOrebaV3_1060_1_grm_std_uni,1,5.294666767120361,-6.674860954284668,1
OneHandOrebaV3_1060_1_grm_std_uni,1,5.154466152191162,-6.79902982711792,1
OneHandOrebaV3_1060_1_grm_std_uni,1,5.447680950164795,-7.471753120422363,1
OneHandOrebaV3_1060_1_grm_std_uni,1,5.849738121032715,-6.758469581604004,1
OneHandOrebaV3_1060_1_grm_std_uni,1,4.687361717224121,-4.880685329437256,1
OneHandOrebaV3_1060_1_grm_std_uni,1,6.432043075561523,-6.334251403808594,1
OneHandOrebaV3_1060_1_grm_std_uni,1,7.1374945640563965,-7.418126583099365,1
OneHandOrebaV3_1060_1_grm_std_uni,1,8.311891555786133,-9.126288414001465,1
OneHandOrebaV3_1060_1_grm_std_uni,1,8.629707336425781,-9.36384391784668,1
OneHandOrebaV3_1060_1_grm_std_uni,1,8.53557014465332,-8.997138977050781,1
OneHandOrebaV3_1060_1_grm_std_uni,1,8.541488647460938,-8.65308666229248,1
OneHandOrebaV3_1060_1_grm_std_uni,1,8.486701011657715,-8.576777458190918,1
OneHandOrebaV3_1060_1_grm_std_uni,1,7.808571815490723,-7.904675483703613,1
OneHandOrebaV3_1060_1_grm_std_uni,1,6.774260520935059,-6.778110504150391,1
OneHandOrebaV3_1060_1_grm_std_uni,1,6.845168113708496,-6.92097806930542,1
OneHandOrebaV3_1060_1_grm_std_uni,1,7.5406813621521,-7.612451076507568,1
OneHandOrebaV3_1060_1_grm_std_uni,1,6.827286243438721,-7.017729759216309,1
OneHandOrebaV3_1060_1_grm_std_uni,1,5.739006042480469,-5.551203727722168,1
OneHandOrebaV3_1060_1_grm_std_uni,1,5.5737714767456055,-5.435918807983398,1
OneHandOrebaV3_1060_1_grm_std_uni,1,5.550196647644043,-5.860593318939209,1
OneHandOrebaV3_1060_1_grm_std_uni,1,5.559722423553467,-5.860202789306641,1
OneHandOrebaV3_1060_1_grm_std_uni,1,5.475537300109863,-5.81671667098999,1
OneHandOrebaV3_1060_1_grm_std_uni,1,5.552395343780518,-5.977661609649658,1
OneHandOrebaV3_1060_1_grm_std_uni,1,5.89822244644165,-6.263876914978027,1
OneHandOrebaV3_1060_1_grm_std_uni,1,5.864402770996094,-6.124826431274414,1
OneHandOrebaV3_1060_1_grm_std_uni,2,5.461831092834473,-5.909587383270264,1
OneHandOrebaV3_1060_1_grm_std_uni,2,5.485862731933594,-6.02659797668457,1
OneHandOrebaV3_1060_1_grm_std_uni,2,4.7667717933654785,-5.402904033660889,1
OneHandOrebaV3_1060_1_grm_std_uni,2,0.12391101568937302,0.2337302565574646,2
OneHandOrebaV3_1060_1_grm_std_uni,2,-1.8495570421218872,3.422060251235962,1
OneHandOrebaV3_1060_1_grm_std_uni,2,1.7138210535049438,0.21093781292438507,1
OneHandOrebaV3_1060_1_grm_std_uni,2,5.508494853973389,-6.071417331695557,1
OneHandOrebaV3_1060_1_grm_std_uni,2,5.267445087432861,-6.512528896331787,1
OneHandOrebaV3_1060_1_grm_std_uni,2,4.932806015014648,-6.476459503173828,1
OneHandOrebaV3_1060_1_grm_std_uni,2,4.857202053070068,-6.441659927368164,1
OneHandOrebaV3_1060_1_grm_std_uni,1,3.9006762504577637,-5.9735026359558105,1
OneHandOrebaV3_1060_1_grm_std_uni,1,3.963446617126465,-5.304314613342285,1
OneHandOrebaV3_1060_1_grm_std_uni,1,6.021389007568359,-6.5270771980285645,1
OneHandOrebaV3_1060_1_grm_std_uni,1,7.582935810089111,-7.755739212036133,1
OneHandOrebaV3_1060_1_grm_std_uni,1,8.766131401062012,-8.842413902282715,1
OneHandOrebaV3_1060_1_grm_std_uni,1,9.011038780212402,-9.001338958740234,1
OneHandOrebaV3_1060_1_grm_std_uni,1,8.736989974975586,-8.824328422546387,1
OneHandOrebaV3_1060_1_grm_std_uni,1,8.217841148376465,-8.540639877319336,1
OneHandOrebaV3_1060_1_grm_std_uni,1,8.140151977539062,-8.194957733154297,1
OneHandOrebaV3_1060_1_grm_std_uni,1,8.050483703613281,-8.197574615478516,1
OneHandOrebaV3_1060_1_grm_std_uni,1,7.702119827270508,-7.92556095123291,1
OneHandOrebaV3_1060_1_grm_std_uni,1,7.38569974899292,-7.49833345413208,1
OneHandOrebaV3_1060_1_grm_std_uni,1,7.320204257965088,-7.287221431732178,1
OneHandOrebaV3_1060_1_grm_std_uni,1,7.042985439300537,-6.973451137542725,1
OneHandOrebaV3_1060_1_grm_std_uni,1,6.192261219024658,-6.306639194488525,1
OneHandOrebaV3_1060_1_grm_std_uni,1,5.991099834442139,-6.304365158081055,1
OneHandOrebaV3_1060_1_grm_std_uni,1,6.201609134674072,-6.399831771850586,1
OneHandOrebaV3_1060_1_grm_std_uni,1,6.475910186767578,-6.444602012634277,1
OneHandOrebaV3_1060_1_grm_std_uni,1,6.270066738128662,-6.109595775604248,1
OneHandOrebaV3_1060_1_grm_std_uni,1,6.607707977294922,-6.445428848266602,1
OneHandOrebaV3_1060_1_grm_std_uni,1,7.16391134262085,-7.063202857971191,1
OneHandOrebaV3_1060_1_grm_std_uni,1,7.133465766906738,-6.935257434844971,1
OneHandOrebaV3_1060_1_grm_std_uni,1,6.656967639923096,-6.498915195465088,1
OneHandOrebaV3_1060_1_grm_std_uni,1,6.241303443908691,-6.178097724914551,1
OneHandOrebaV3_1060_1_grm_std_uni,1,6.573768138885498,-6.449795246124268,1
OneHandOrebaV3_1060_1_grm_std_uni,1,7.033700466156006,-6.782978057861328,1
OneHandOrebaV3_1060_1_grm_std_uni,1,6.950007915496826,-6.596174716949463,1
OneHandOrebaV3_1060_1_grm_std_uni,1,6.664496898651123,-6.278193950653076,1
OneHandOrebaV3_1060_1_grm_std_uni,1,6.714369773864746,-6.378190994262695,1
OneHandOrebaV3_1060_1_grm_std_uni,1,6.526545524597168,-6.147918224334717,1
OneHandOrebaV3_1060_1_grm_std_uni,1,6.7566118240356445,-6.321083068847656,1
OneHandOrebaV3_1060_1_grm_std_uni,1,6.0520758628845215,-5.640371799468994,1
OneHandOrebaV3_1060_1_grm_std_uni,1,6.535668849945068,-6.260222434997559,1
OneHandOrebaV3_1060_1_grm_std_uni,1,6.201426982879639,-5.868300914764404,1
OneHandOrebaV3_1060_1_grm_std_uni,1,6.27287483215332,-6.089527130126953,1
OneHandOrebaV3_1060_1_grm_std_uni,1,5.591799736022949,-5.746154308319092,1
OneHandOrebaV3_1060_1_grm_std_uni,1,5.608895778656006,-6.004878520965576,1
OneHandOrebaV3_1060_1_grm_std_uni,2,5.898808002471924,-6.176713943481445,1
OneHandOrebaV3_1060_1_grm_std_uni,2,5.288836479187012,-5.671083927154541,1
OneHandOrebaV3_1060_1_grm_std_uni,2,5.02163028717041,-5.576233386993408,1
OneHandOrebaV3_1060_1_grm_std_uni,2,4.626213550567627,-5.353383541107178,1
OneHandOrebaV3_1060_1_grm_std_uni,2,2.6635217666625977,-3.152204751968384,1
OneHandOrebaV3_1060_1_grm_std_uni,2,-2.4033708572387695,3.56667423248291,2
OneHandOrebaV3_1060_1_grm_std_uni,2,-2.4984147548675537,3.805293560028076,1
OneHandOrebaV3_1060_1_grm_std_uni,2,1.2008635997772217,-0.33793386816978455,1
OneHandOrebaV3_1060_1_grm_std_uni,2,5.52770471572876,-6.588719844818115,1
OneHandOrebaV3_1060_1_grm_std_uni,2,5.795734405517578,-7.234209060668945,1
OneHandOrebaV3_1060_1_grm_std_uni,2,5.0286102294921875,-6.864206314086914,1
OneHandOrebaV3_1060_1_grm_std_uni,2,4.546998977661133,-6.313218116760254,1
OneHandOrebaV3_1060_1_grm_std_uni,2,4.820744037628174,-6.300502300262451,1
OneHandOrebaV3_1060_1_grm_std_uni,2,5.026302337646484,-6.3227667808532715,1
OneHandOrebaV3_1060_1_grm_std_uni,1,5.079034805297852,-6.558544158935547,1
OneHandOrebaV3_1060_1_grm_std_uni,1,5.392804145812988,-7.594049453735352,1
OneHandOrebaV3_1060_1_grm_std_uni,1,7.217045783996582,-8.795814514160156,1
OneHandOrebaV3_1060_1_grm_std_uni,1,7.512491703033447,-8.47376823425293,1
OneHandOrebaV3_1060_1_grm_std_uni,1,7.539028167724609,-8.275753021240234,1
OneHandOrebaV3_1060_1_grm_std_uni,1,7.318241119384766,-8.079071044921875,1
OneHandOrebaV3_1060_1_grm_std_uni,1,6.784833908081055,-7.262562274932861,1
OneHandOrebaV3_1060_1_grm_std_uni,1,7.083136081695557,-7.302360534667969,1
OneHandOrebaV3_1060_1_grm_std_uni,1,7.25836181640625,-7.305213928222656,1
OneHandOrebaV3_1060_1_grm_std_uni,1,6.923229217529297,-7.049483299255371,1
OneHandOrebaV3_1060_1_grm_std_uni,1,6.753656387329102,-6.916964530944824,1
OneHandOrebaV3_1060_1_grm_std_uni,1,7.76296854019165,-7.9401774406433105,1
OneHandOrebaV3_1060_1_grm_std_uni,1,7.900322914123535,-7.981064796447754,1
OneHandOrebaV3_1060_1_grm_std_uni,1,7.615444660186768,-7.593595027923584,1
OneHandOrebaV3_1060_1_grm_std_uni,1,7.171721458435059,-7.20750093460083,1
OneHandOrebaV3_1060_1_grm_std_uni,1,6.529904365539551,-6.444585800170898,1
OneHandOrebaV3_1060_1_grm_std_uni,1,6.096643924713135,-6.078332424163818,1
OneHandOrebaV3_1060_1_grm_std_uni,1,5.641444206237793,-5.604072093963623,1
OneHandOrebaV3_1060_1_grm_std_uni,1,5.402205467224121,-5.403985977172852,1
OneHandOrebaV3_1060_1_grm_std_uni,1,5.576141357421875,-5.726036548614502,1
OneHandOrebaV3_1060_1_grm_std_uni,1,6.186440944671631,-6.399728775024414,1
OneHandOrebaV3_1060_1_grm_std_uni,1,6.597221374511719,-6.921622276306152,1
OneHandOrebaV3_1060_1_grm_std_uni,1,6.845254898071289,-7.133272647857666,1
OneHandOrebaV3_1060_1_grm_std_uni,1,6.593863010406494,-6.705237865447998,1
OneHandOrebaV3_1060_1_grm_std_uni,1,5.825133323669434,-6.4032487869262695,1
OneHandOrebaV3_1060_1_grm_std_uni,1,5.460399150848389,-6.2474493980407715,1
OneHandOrebaV3_1060_1_grm_std_uni,1,4.246481418609619,-5.574344158172607,1
OneHandOrebaV3_1060_1_grm_std_uni,1,0.47791144251823425,-1.4674413204193115,1
OneHandOrebaV3_1060_1_grm_std_uni,1,0.22550536692142487,-0.9525531530380249,1
OneHandOrebaV3_1060_1_grm_std_uni,1,4.115045547485352,-4.277785778045654,1
OneHandOrebaV3_1060_1_grm_std_uni,1,6.069437026977539,-6.641464710235596,1
OneHandOrebaV3_1060_1_grm_std_uni,1,6.532350540161133,-7.08746337890625,1
OneHandOrebaV3_1060_1_grm_std_uni,1,6.465641021728516,-6.955768585205078,1
OneHandOrebaV3_1060_1_grm_std_uni,1,6.354541301727295,-6.799924850463867,1
OneHandOrebaV3_1060_1_grm_std_uni,1,6.2853240966796875,-6.832862377166748,1
OneHandOrebaV3_1060_1_grm_std_uni,1,6.178645133972168,-6.8704729080200195,1
OneHandOrebaV3_1060_1_grm_std_uni,1,6.077042579650879,-6.817183971405029,1
OneHandOrebaV3_1060_1_grm_std_uni,1,6.099563121795654,-6.759368419647217,1
OneHandOrebaV3_1060_1_grm_std_uni,1,6.0564284324646,-6.653685092926025,1
OneHandOrebaV3_1060_1_grm_std_uni,1,5.942633628845215,-6.536761283874512,1
OneHandOrebaV3_1060_1_grm_std_uni,1,6.026558876037598,-6.566281318664551,1
OneHandOrebaV3_1060_1_grm_std_uni,1,6.030276298522949,-6.485432147979736,1
OneHandOrebaV3_1060_1_grm_std_uni,1,6.200922012329102,-6.674038887023926,1
OneHandOrebaV3_1060_1_grm_std_uni,1,6.470530986785889,-7.020131587982178,1
OneHandOrebaV3_1060_1_grm_std_uni,1,7.342689514160156,-8.061384201049805,1
OneHandOrebaV3_1060_1_grm_std_uni,1,8.002971649169922,-8.60812759399414,1
OneHandOrebaV3_1060_1_grm_std_uni,1,8.289676666259766,-8.751588821411133,1
OneHandOrebaV3_1060_1_grm_std_uni,1,7.453676223754883,-7.817885398864746,1
OneHandOrebaV3_1060_1_grm_std_uni,1,6.247277736663818,-7.015483856201172,1
OneHandOrebaV3_1060_1_grm_std_uni,1,6.147391319274902,-6.4698405265808105,1
OneHandOrebaV3_1060_1_grm_std_uni,1,6.090201377868652,-6.24369478225708,1
OneHandOrebaV3_1060_1_grm_std_uni,2,6.088344097137451,-6.253961086273193,1
OneHandOrebaV3_1060_1_grm_std_uni,2,5.982130527496338,-6.0886101722717285,1
OneHandOrebaV3_1060_1_grm_std_uni,2,5.919579982757568,-6.079181671142578,1
OneHandOrebaV3_1060_1_grm_std_uni,2,5.6323442459106445,-5.877292633056641,1
OneHandOrebaV3_1060_1_grm_std_uni,2,4.602157115936279,-4.883388519287109,1
OneHandOrebaV3_1060_1_grm_std_uni,2,-0.6817201375961304,2.249070167541504,1
OneHandOrebaV3_1060_1_grm_std_uni,2,-2.4445605278015137,4.236105442047119,2
OneHandOrebaV3_1060_1_grm_std_uni,2,-0.7585641741752625,2.455198287963867,1
OneHandOrebaV3_1060_1_grm_std_uni,2,3.882385730743408,-3.202209234237671,1
OneHandOrebaV3_1060_1_grm_std_uni,2,5.56430721282959,-6.660830497741699,1
OneHandOrebaV3_1060_1_grm_std_uni,2,5.355029582977295,-6.859119415283203,1
OneHandOrebaV3_1060_1_grm_std_uni,2,4.795754909515381,-6.399482727050781,1
OneHandOrebaV3_1060_1_grm_std_uni,2,4.912918567657471,-6.334414958953857,1
OneHandOrebaV3_1060_1_grm_std_uni,2,4.7870941162109375,-6.175811767578125,1
OneHandOrebaV3_1060_1_grm_std_uni,1,4.711235046386719,-6.37559175491333,1
OneHandOrebaV3_1060_1_grm_std_uni,1,5.333380222320557,-6.978431701660156,1
OneHandOrebaV3_1060_1_grm_std_uni,1,5.7493791580200195,-6.94990348815918,1
OneHandOrebaV3_1060_1_grm_std_uni,1,6.786938667297363,-7.690069675445557,1
OneHandOrebaV3_1060_1_grm_std_uni,1,8.480854988098145,-9.064013481140137,1
OneHandOrebaV3_1060_1_grm_std_uni,1,8.576003074645996,-8.941524505615234,1
OneHandOrebaV3_1060_1_grm_std_uni,1,8.042033195495605,-8.178547859191895,1
OneHandOrebaV3_1060_1_grm_std_uni,1,7.99664831161499,-8.012028694152832,1
OneHandOrebaV3_1060_1_grm_std_uni,1,7.442558288574219,-7.387122631072998,1
OneHandOrebaV3_1060_1_grm_std_uni,1,6.972241401672363,-7.046972751617432,1
OneHandOrebaV3_1060_1_grm_std_uni,1,7.305975914001465,-7.2720770835876465,1
OneHandOrebaV3_1060_1_grm_std_uni,1,7.730161190032959,-7.692576885223389,1
OneHandOrebaV3_1060_1_grm_std_uni,1,7.463700294494629,-7.405986785888672,1
OneHandOrebaV3_1060_1_grm_std_uni,1,7.023805618286133,-6.944215297698975,1
OneHandOrebaV3_1060_1_grm_std_uni,1,6.713389873504639,-6.9800639152526855,1
OneHandOrebaV3_1060_1_grm_std_uni,1,6.820103168487549,-7.147740840911865,1
OneHandOrebaV3_1060_1_grm_std_uni,1,7.050846099853516,-7.021453857421875,1
OneHandOrebaV3_1060_1_grm_std_uni,1,7.285831451416016,-7.170021057128906,1
OneHandOrebaV3_1060_1_grm_std_uni,1,7.777355670928955,-7.795231819152832,1
OneHandOrebaV3_1060_1_grm_std_uni,1,7.888827323913574,-7.929131984710693,1
OneHandOrebaV3_1060_1_grm_std_uni,2,7.176495552062988,-6.9048237800598145,1
OneHandOrebaV3_1060_1_grm_std_uni,2,6.548753261566162,-6.369028568267822,1
OneHandOrebaV3_1060_1_grm_std_uni,2,6.409427642822266,-6.340422630310059,1
OneHandOrebaV3_1060_1_grm_std_uni,2,6.385916709899902,-6.2183403968811035,1
OneHandOrebaV3_1060_1_grm_std_uni,2,6.232144832611084,-5.882802486419678,1
OneHandOrebaV3_1060_1_grm_std_uni,2,6.302619934082031,-6.183899402618408,1
OneHandOrebaV3_1060_1_grm_std_uni,2,5.832748889923096,-6.167542934417725,1
OneHandOrebaV3_1060_1_grm_std_uni,2,3.8971407413482666,-4.609610080718994,1
OneHandOrebaV3_1060_1_grm_std_uni,2,1.3081495761871338,-1.4929524660110474,1
OneHandOrebaV3_1060_1_grm_std_uni,2,1.1114829778671265,-0.9334207773208618,1
OneHandOrebaV3_1060_1_grm_std_uni,2,2.6192638874053955,-2.2647275924682617,1
OneHandOrebaV3_1060_1_grm_std_uni,2,4.913603782653809,-5.359473705291748,1
OneHandOrebaV3_1060_1_grm_std_uni,2,5.189805507659912,-6.046641826629639,1
OneHandOrebaV3_1060_1_grm_std_uni,2,4.534008502960205,-5.7669477462768555,1
OneHandOrebaV3_1060_1_grm_std_uni,2,3.4826395511627197,-4.11253023147583,1
OneHandOrebaV3_1060_1_grm_std_uni,1,4.548931121826172,-4.116353511810303,1
OneHandOrebaV3_1060_1_grm_std_uni,1,4.4751362800598145,-4.010456085205078,1
OneHandOrebaV3_1060_1_grm_std_uni,1,3.9839529991149902,-4.314620494842529,1
OneHandOrebaV3_1060_1_grm_std_uni,1,4.2816996574401855,-4.609073638916016,1
OneHandOrebaV3_1060_1_grm_std_uni,1,6.494445323944092,-6.005690574645996,1
OneHandOrebaV3_1060_1_grm_std_uni,1,8.091055870056152,-7.524946212768555,1
OneHandOrebaV3_1060_1_grm_std_uni,1,8.523573875427246,-7.7881550788879395,1
OneHandOrebaV3_1060_1_grm_std_uni,1,8.803513526916504,-8.153663635253906,1
OneHandOrebaV3_1060_1_grm_std_uni,1,8.701427459716797,-8.227477073669434,1
OneHandOrebaV3_1060_1_grm_std_uni,1,8.361522674560547,-8.073722839355469,1
OneHandOrebaV3_1060_1_grm_std_uni,1,7.9026641845703125,-7.80153226852417,1
OneHandOrebaV3_1060_1_grm_std_uni,1,7.523162364959717,-7.583796977996826,1
OneHandOrebaV3_1060_1_grm_std_uni,1,7.246310234069824,-7.291258811950684,1
OneHandOrebaV3_1060_1_grm_std_uni,1,6.425782203674316,-6.437328338623047,1
OneHandOrebaV3_1060_1_grm_std_uni,1,6.676802635192871,-6.733692169189453,1
OneHandOrebaV3_1060_1_grm_std_uni,1,6.647666931152344,-6.927445888519287,1
OneHandOrebaV3_1060_1_grm_std_uni,1,6.285486221313477,-6.7558135986328125,1
OneHandOrebaV3_1060_1_grm_std_uni,1,5.439376354217529,-5.3022308349609375,1
OneHandOrebaV3_1060_1_grm_std_uni,1,4.69053316116333,-4.192306041717529,1
OneHandOrebaV3_1060_1_grm_std_uni,1,5.619751930236816,-4.7805280685424805,1
OneHandOrebaV3_1060_1_grm_std_uni,1,6.447474956512451,-5.633266925811768,1
OneHandOrebaV3_1060_1_grm_std_uni,1,7.045733451843262,-6.4689741134643555,1
OneHandOrebaV3_1060_1_grm_std_uni,1,6.732391834259033,-5.993974208831787,1
OneHandOrebaV3_1060_1_grm_std_uni,1,6.188373565673828,-5.482005596160889,1
OneHandOrebaV3_1060_1_grm_std_uni,1,5.981153964996338,-5.378339767456055,1
OneHandOrebaV3_1060_1_grm_std_uni,1,5.965401649475098,-5.262390613555908,1
OneHandOrebaV3_1060_1_grm_std_uni,1,6.1097869873046875,-5.6023101806640625,1
OneHandOrebaV3_1060_1_grm_std_uni,1,6.923795223236084,-6.4774861335754395,1
OneHandOrebaV3_1060_1_grm_std_uni,1,6.595927715301514,-6.014804363250732,1
OneHandOrebaV3_1060_1_grm_std_uni,1,7.41657018661499,-6.900999546051025,1
OneHandOrebaV3_1060_1_grm_std_uni,1,7.044700622558594,-6.807486534118652,1
OneHandOrebaV3_1060_1_grm_std_uni,1,7.19830846786499,-6.945294380187988,1
OneHandOrebaV3_1060_1_grm_std_uni,1,6.0741095542907715,-5.750570297241211,1
OneHandOrebaV3_1060_1_grm_std_uni,1,6.817994117736816,-6.115004062652588,1
OneHandOrebaV3_1060_1_grm_std_uni,1,7.3859944343566895,-6.697885036468506,1
OneHandOrebaV3_1060_1_grm_std_uni,1,7.413761615753174,-6.752979278564453,1
OneHandOrebaV3_1060_1_grm_std_uni,1,6.9939799308776855,-6.4097418785095215,1
OneHandOrebaV3_1060_1_grm_std_uni,1,6.235105991363525,-5.585995674133301,1
OneHandOrebaV3_1060_1_grm_std_uni,1,6.937872409820557,-6.401571273803711,1
OneHandOrebaV3_1060_1_grm_std_uni,1,7.075533866882324,-6.500176429748535,1
OneHandOrebaV3_1060_1_grm_std_uni,1,7.170897483825684,-6.540200710296631,1
OneHandOrebaV3_1060_1_grm_std_uni,1,7.250648498535156,-6.50619649887085,1
OneHandOrebaV3_1060_1_grm_std_uni,1,7.2517828941345215,-6.353585720062256,1
OneHandOrebaV3_1060_1_grm_std_uni,1,6.996504783630371,-6.397865295410156,1
OneHandOrebaV3_1060_1_grm_std_uni,1,6.821026802062988,-6.526007175445557,1
OneHandOrebaV3_1060_1_grm_std_uni,1,5.783977508544922,-5.771973133087158,1
OneHandOrebaV3_1060_1_grm_std_uni,2,5.84661865234375,-6.093929767608643,1
OneHandOrebaV3_1060_1_grm_std_uni,2,5.88247537612915,-6.101080894470215,1
OneHandOrebaV3_1060_1_grm_std_uni,2,5.748084545135498,-6.0483903884887695,1
OneHandOrebaV3_1060_1_grm_std_uni,2,5.609066486358643,-5.971043586730957,1
OneHandOrebaV3_1060_1_grm_std_uni,2,5.385165214538574,-5.8216471672058105,1
OneHandOrebaV3_1060_1_grm_std_uni,2,4.594596862792969,-5.411156177520752,1
OneHandOrebaV3_1060_1_grm_std_uni,2,-0.2431589961051941,0.11919446289539337,1
OneHandOrebaV3_1060_1_grm_std_uni,2,-2.624420166015625,3.8348097801208496,2
OneHandOrebaV3_1060_1_grm_std_uni,2,0.28392574191093445,0.7840877175331116,1
OneHandOrebaV3_1060_1_grm_std_uni,2,5.305832862854004,-5.994451522827148,1
OneHandOrebaV3_1060_1_grm_std_uni,2,5.1998772621154785,-6.593320369720459,1
OneHandOrebaV3_1060_1_grm_std_uni,2,4.401984214782715,-6.087456226348877,1
OneHandOrebaV3_1060_1_grm_std_uni,2,4.708016395568848,-6.241671085357666,1
OneHandOrebaV3_1060_1_grm_std_uni,2,5.024843692779541,-6.369892597198486,1
OneHandOrebaV3_1060_1_grm_std_uni,1,4.933319091796875,-6.568833351135254,1
OneHandOrebaV3_1060_1_grm_std_uni,1,4.890730857849121,-7.043974876403809,1
OneHandOrebaV3_1060_1_grm_std_uni,1,7.099387168884277,-8.56195068359375,1
OneHandOrebaV3_1060_1_grm_std_uni,1,7.86419677734375,-8.84642219543457,1
OneHandOrebaV3_1060_1_grm_std_uni,1,7.611068248748779,-8.619599342346191,1
OneHandOrebaV3_1060_1_grm_std_uni,1,7.31514310836792,-8.109450340270996,1
OneHandOrebaV3_1060_1_grm_std_uni,1,7.623244285583496,-8.094736099243164,1
OneHandOrebaV3_1060_1_grm_std_uni,1,7.67089319229126,-8.08974838256836,1
OneHandOrebaV3_1060_1_grm_std_uni,1,7.3525710105896,-7.848250389099121,1
OneHandOrebaV3_1060_1_grm_std_uni,1,7.8326640129089355,-8.428231239318848,1
OneHandOrebaV3_1060_1_grm_std_uni,1,7.696716785430908,-8.070732116699219,1
OneHandOrebaV3_1060_1_grm_std_uni,1,7.480221271514893,-7.789289951324463,1
OneHandOrebaV3_1060_1_grm_std_uni,1,7.55233907699585,-7.663330554962158,1
OneHandOrebaV3_1060_1_grm_std_uni,1,7.2761688232421875,-7.276764392852783,1
OneHandOrebaV3_1060_1_grm_std_uni,1,6.880934238433838,-6.96527099609375,1
OneHandOrebaV3_1060_1_grm_std_uni,1,7.286220073699951,-7.079761028289795,1
OneHandOrebaV3_1060_1_grm_std_uni,1,7.112199783325195,-7.078634262084961,1
OneHandOrebaV3_1060_1_grm_std_uni,1,6.943935871124268,-6.790899753570557,1
OneHandOrebaV3_1060_1_grm_std_uni,1,6.931472301483154,-6.76542854309082,1
OneHandOrebaV3_1060_1_grm_std_uni,1,6.937170028686523,-6.812819957733154,1
OneHandOrebaV3_1060_1_grm_std_uni,1,6.873208045959473,-6.857971668243408,1
OneHandOrebaV3_1060_1_grm_std_uni,1,6.877065181732178,-6.730589389801025,1
OneHandOrebaV3_1060_1_grm_std_uni,1,6.924568176269531,-6.71917724609375,1
OneHandOrebaV3_1060_1_grm_std_uni,1,6.941732406616211,-6.629186153411865,1
OneHandOrebaV3_1060_1_grm_std_uni,1,6.836079120635986,-6.8658905029296875,1
OneHandOrebaV3_1060_1_grm_std_uni,1,6.989489555358887,-6.946197509765625,1
OneHandOrebaV3_1060_1_grm_std_uni,1,6.87739372253418,-6.584903717041016,1
OneHandOrebaV3_1060_1_grm_std_uni,1,6.628904342651367,-6.55762243270874,1
OneHandOrebaV3_1060_1_grm_std_uni,1,6.612873554229736,-6.363029479980469,1
OneHandOrebaV3_1060_1_grm_std_uni,1,6.597455978393555,-6.203502655029297,1
OneHandOrebaV3_1060_1_grm_std_uni,1,6.406610488891602,-6.033336639404297,1
OneHandOrebaV3_1060_1_grm_std_uni,1,5.782854080200195,-5.277657508850098,1
OneHandOrebaV3_1060_1_grm_std_uni,1,5.646827697753906,-4.918360233306885,1
OneHandOrebaV3_1060_1_grm_std_uni,1,5.695881366729736,-5.0026469230651855,1
OneHandOrebaV3_1060_1_grm_std_uni,1,5.264034748077393,-4.639703750610352,1
OneHandOrebaV3_1060_1_grm_std_uni,1,5.760606288909912,-5.111440181732178,1
OneHandOrebaV3_1060_1_grm_std_uni,1,6.02012300491333,-5.213479995727539,1
OneHandOrebaV3_1060_1_grm_std_uni,1,6.089919567108154,-5.52067232131958,1
OneHandOrebaV3_1060_1_grm_std_uni,1,6.797750949859619,-6.128514289855957,1
OneHandOrebaV3_1060_1_grm_std_uni,1,7.268263339996338,-6.531722545623779,1
OneHandOrebaV3_1060_1_grm_std_uni,1,6.736310958862305,-6.322853088378906,1
OneHandOrebaV3_1060_1_grm_std_uni,1,6.4910454750061035,-5.995080947875977,1
OneHandOrebaV3_1060_1_grm_std_uni,1,6.611083507537842,-5.936289310455322,1
OneHandOrebaV3_1060_1_grm_std_uni,1,7.245916366577148,-6.420780658721924,1
OneHandOrebaV3_1060_1_grm_std_uni,1,7.279138565063477,-6.410803318023682,1
OneHandOrebaV3_1060_1_grm_std_uni,1,6.854702949523926,-6.264578819274902,1
OneHandOrebaV3_1060_1_grm_std_uni,1,6.3277363777160645,-5.875100612640381,1
OneHandOrebaV3_1060_1_grm_std_uni,1,5.740823745727539,-5.32603645324707,1
OneHandOrebaV3_1060_1_grm_std_uni,1,6.688183784484863,-6.540473937988281,1
OneHandOrebaV3_1060_1_grm_std_uni,1,6.239840507507324,-6.6693034172058105,1
OneHandOrebaV3_1060_1_grm_std_uni,1,4.6758713722229,-4.903472423553467,1
OneHandOrebaV3_1060_1_grm_std_uni,1,5.886085510253906,-5.52886962890625,1
OneHandOrebaV3_1060_1_grm_std_uni,1,6.518558502197266,-6.2511749267578125,1
OneHandOrebaV3_1060_1_grm_std_uni,1,7.198604106903076,-7.415774822235107,1
OneHandOrebaV3_1060_1_grm_std_uni,1,6.9320268630981445,-7.246427059173584,1
OneHandOrebaV3_1060_1_grm_std_uni,1,6.27603816986084,-6.729318141937256,1
OneHandOrebaV3_1060_1_grm_std_uni,1,5.913228988647461,-6.070040702819824,1
OneHandOrebaV3_1060_1_grm_std_uni,2,6.093291759490967,-6.164165019989014,1
OneHandOrebaV3_1060_1_grm_std_uni,2,6.198505401611328,-6.19677209854126,1
OneHandOrebaV3_1060_1_grm_std_uni,2,6.307302951812744,-6.2005696296691895,1
OneHandOrebaV3_1060_1_grm_std_uni,2,6.074450492858887,-5.975185871124268,1
OneHandOrebaV3_1060_1_grm_std_uni,2,3.3402984142303467,-3.0882163047790527,1
OneHandOrebaV3_1060_1_grm_std_uni,2,-1.6250206232070923,3.708254814147949,2
OneHandOrebaV3_1060_1_grm_std_uni,2,-1.1747157573699951,3.1765646934509277,1
OneHandOrebaV3_1060_1_grm_std_uni,2,3.4970624446868896,-3.1417016983032227,1
OneHandOrebaV3_1060_1_grm_std_uni,2,5.779514312744141,-7.268221855163574,1
OneHandOrebaV3_1060_1_grm_std_uni,2,5.247674465179443,-7.098355770111084,1
OneHandOrebaV3_1060_1_grm_std_uni,2,4.547625541687012,-6.488316059112549,1
OneHandOrebaV3_1060_1_grm_std_uni,2,4.982416152954102,-6.557109355926514,1
OneHandOrebaV3_1060_1_grm_std_uni,1,5.111116409301758,-6.463123321533203,1
OneHandOrebaV3_1060_1_grm_std_uni,1,5.12520694732666,-6.9997453689575195,1
OneHandOrebaV3_1060_1_grm_std_uni,1,5.498989105224609,-6.866418361663818,1
OneHandOrebaV3_1060_1_grm_std_uni,1,5.59574031829834,-6.396340847015381,1
OneHandOrebaV3_1060_1_grm_std_uni,1,6.768526554107666,-7.177079200744629,1
OneHandOrebaV3_1060_1_grm_std_uni,1,6.793597221374512,-6.895136833190918,1
OneHandOrebaV3_1060_1_grm_std_uni,1,7.92379093170166,-7.708238124847412,1
OneHandOrebaV3_1060_1_grm_std_uni,1,8.408965110778809,-8.289422988891602,1
OneHandOrebaV3_1060_1_grm_std_uni,1,7.708203315734863,-7.741008758544922,1
OneHandOrebaV3_1060_1_grm_std_uni,1,7.236958980560303,-7.231430530548096,1
OneHandOrebaV3_1060_1_grm_std_uni,1,6.625135898590088,-6.875776290893555,1
OneHandOrebaV3_1060_1_grm_std_uni,1,5.4449262619018555,-5.276994705200195,1
OneHandOrebaV3_1060_1_grm_std_uni,1,4.390749454498291,-4.258742332458496,1
OneHandOrebaV3_1060_1_grm_std_uni,1,5.447242736816406,-4.892745018005371,1
OneHandOrebaV3_1060_1_grm_std_uni,1,6.3136749267578125,-5.686227798461914,1
OneHandOrebaV3_1060_1_grm_std_uni,1,6.782076358795166,-6.264820098876953,1
OneHandOrebaV3_1060_1_grm_std_uni,1,7.274675369262695,-6.937958240509033,1
OneHandOrebaV3_1060_1_grm_std_uni,1,7.711824417114258,-7.545806884765625,1
OneHandOrebaV3_1060_1_grm_std_uni,1,7.287456512451172,-7.34683084487915,1
OneHandOrebaV3_1060_1_grm_std_uni,1,6.718149662017822,-6.628547191619873,1
OneHandOrebaV3_1060_1_grm_std_uni,1,6.4056220054626465,-6.170324325561523,1
OneHandOrebaV3_1060_1_grm_std_uni,1,6.4843244552612305,-6.285719394683838,1
OneHandOrebaV3_1060_1_grm_std_uni,1,6.712085247039795,-6.769061088562012,1
OneHandOrebaV3_1060_1_grm_std_uni,1,6.515985012054443,-6.5161919593811035,1
OneHandOrebaV3_1060_1_grm_std_uni,1,6.702206611633301,-6.910971164703369,1
OneHandOrebaV3_1060_1_grm_std_uni,1,6.47125244140625,-6.876038551330566,1
OneHandOrebaV3_1060_1_grm_std_uni,1,5.9878315925598145,-6.208376884460449,1
OneHandOrebaV3_1060_1_grm_std_uni,1,5.994636058807373,-5.871791362762451,1
OneHandOrebaV3_1060_1_grm_std_uni,1,6.012305736541748,-5.7354607582092285,1
OneHandOrebaV3_1060_1_grm_std_uni,1,6.208780288696289,-5.818068504333496,1
OneHandOrebaV3_1060_1_grm_std_uni,1,6.393958568572998,-5.875761985778809,1
OneHandOrebaV3_1060_1_grm_std_uni,1,5.122185230255127,-4.914083003997803,1
OneHandOrebaV3_1060_1_grm_std_uni,1,4.4067583084106445,-3.8629589080810547,1
OneHandOrebaV3_1060_1_grm_std_uni,1,3.0980911254882812,-2.1555325984954834,1
OneHandOrebaV3_1060_1_grm_std_uni,1,3.6597952842712402,-3.1879875659942627,1
OneHandOrebaV3_1060_1_grm_std_uni,1,4.838686943054199,-5.003800392150879,1
OneHandOrebaV3_1060_1_grm_std_uni,1,4.839900493621826,-5.146420478820801,1
OneHandOrebaV3_1060_1_grm_std_uni,1,5.150823593139648,-5.9911651611328125,1
OneHandOrebaV3_1060_1_grm_std_uni,1,5.0573015213012695,-6.3402485847473145,1
OneHandOrebaV3_1060_1_grm_std_uni,1,4.2926788330078125,-6.156447410583496,1
OneHandOrebaV3_1060_1_grm_std_uni,1,4.637765884399414,-5.839603900909424,1
OneHandOrebaV3_1060_1_grm_std_uni,1,4.7797369956970215,-5.760982513427734,1
OneHandOrebaV3_1060_1_grm_std_uni,1,4.925979137420654,-6.245587348937988,1
OneHandOrebaV3_1060_1_grm_std_uni,1,4.887913227081299,-6.078167915344238,1
OneHandOrebaV3_1060_1_grm_std_uni,1,5.37733268737793,-6.122718811035156,1
OneHandOrebaV3_1060_1_grm_std_uni,1,4.891881465911865,-5.5193305015563965,1
OneHandOrebaV3_1060_1_grm_std_uni,1,4.029098033905029,-4.921154499053955,1
OneHandOrebaV3_1060_1_grm_std_uni,1,3.3134896755218506,-4.252244472503662,1
OneHandOrebaV3_1060_1_grm_std_uni,1,3.4138641357421875,-4.601822376251221,1
OneHandOrebaV3_1060_1_grm_std_uni,1,3.2798819541931152,-3.999829053878784,1
OneHandOrebaV3_1060_1_grm_std_uni,1,5.162842750549316,-5.99772310256958,1
OneHandOrebaV3_1060_1_grm_std_uni,1,5.111479759216309,-6.150899887084961,1
OneHandOrebaV3_1060_1_grm_std_uni,1,4.72634220123291,-6.063552379608154,1
OneHandOrebaV3_1060_1_grm_std_uni,1,4.7268195152282715,-5.912879943847656,1
OneHandOrebaV3_1060_1_grm_std_uni,1,5.009483337402344,-5.76969575881958,1
OneHandOrebaV3_1060_1_grm_std_uni,1,5.381265163421631,-6.226589679718018,1
OneHandOrebaV3_1060_1_grm_std_uni,1,5.120464324951172,-6.440608978271484,1
OneHandOrebaV3_1060_1_grm_std_uni,1,4.8512187004089355,-6.524377346038818,1
OneHandOrebaV3_1060_1_grm_std_uni,1,4.326961040496826,-6.599872589111328,1
OneHandOrebaV3_1060_1_grm_std_uni,1,4.8307952880859375,-6.466172695159912,1
OneHandOrebaV3_1060_1_grm_std_uni,1,5.137410640716553,-6.0342607498168945,1
OneHandOrebaV3_1060_1_grm_std_uni,1,5.000743865966797,-5.780908107757568,1
OneHandOrebaV3_1060_1_grm_std_uni,1,4.871988773345947,-5.485960006713867,1
OneHandOrebaV3_1060_1_grm_std_uni,1,5.321417808532715,-5.954834461212158,1
OneHandOrebaV3_1060_1_grm_std_uni,1,5.383516311645508,-5.815796375274658,1
OneHandOrebaV3_1060_1_grm_std_uni,1,5.372851371765137,-5.733402729034424,1
OneHandOrebaV3_1060_1_grm_std_uni,1,5.321941375732422,-5.777013778686523,1
OneHandOrebaV3_1060_1_grm_std_uni,1,5.200189113616943,-5.2562971115112305,1
OneHandOrebaV3_1060_1_grm_std_uni,1,5.211956024169922,-4.937504768371582,1
OneHandOrebaV3_1060_1_grm_std_uni,1,4.549839973449707,-4.070557594299316,1
OneHandOrebaV3_1060_1_grm_std_uni,1,4.86837911605835,-4.32511043548584,1
OneHandOrebaV3_1060_1_grm_std_uni,1,5.043445587158203,-5.363607406616211,1
OneHandOrebaV3_1060_1_grm_std_uni,1,4.874382019042969,-5.733872413635254,1
OneHandOrebaV3_1060_1_grm_std_uni,1,4.6254754066467285,-6.163597106933594,1
OneHandOrebaV3_1060_1_grm_std_uni,1,4.828436374664307,-6.235038757324219,1
OneHandOrebaV3_1060_1_grm_std_uni,1,5.936659336090088,-6.833985328674316,1
OneHandOrebaV3_1060_1_grm_std_uni,1,6.662078857421875,-7.044916152954102,1
OneHandOrebaV3_1060_1_grm_std_uni,1,6.628668785095215,-7.173306941986084,1
OneHandOrebaV3_1060_1_grm_std_uni,1,6.173731803894043,-6.928306579589844,1
OneHandOrebaV3_1060_1_grm_std_uni,1,3.8869259357452393,-4.33362340927124,1
OneHandOrebaV3_1060_1_grm_std_uni,1,5.119926452636719,-5.128176212310791,1
OneHandOrebaV3_1060_1_grm_std_uni,1,5.401757717132568,-5.948807239532471,1
OneHandOrebaV3_1060_1_grm_std_uni,1,5.232107162475586,-6.355805397033691,1
OneHandOrebaV3_1060_1_grm_std_uni,1,5.073773384094238,-6.236183166503906,1
OneHandOrebaV3_1060_1_grm_std_uni,1,5.482909679412842,-6.077929973602295,1
OneHandOrebaV3_1060_1_grm_std_uni,1,5.413343906402588,-6.213231563568115,1
OneHandOrebaV3_1060_1_grm_std_uni,1,5.139531135559082,-6.02520751953125,1
OneHandOrebaV3_1060_1_grm_std_uni,1,5.277515888214111,-6.087592124938965,1
OneHandOrebaV3_1060_1_grm_std_uni,1,5.147436618804932,-5.816887378692627,1
OneHandOrebaV3_1060_1_grm_std_uni,1,5.046299934387207,-6.006644248962402,1
OneHandOrebaV3_1060_1_grm_std_uni,1,5.111820220947266,-6.1221699714660645,1
OneHandOrebaV3_1060_1_grm_std_uni,1,4.864612579345703,-6.139484882354736,1
OneHandOrebaV3_1060_1_grm_std_uni,1,4.510897159576416,-6.021004676818848,1
OneHandOrebaV3_1060_1_grm_std_uni,1,4.316475868225098,-5.851452350616455,1
OneHandOrebaV3_1060_1_grm_std_uni,1,4.316667556762695,-5.626905918121338,1
OneHandOrebaV3_1060_1_grm_std_uni,1,4.526683807373047,-5.663848876953125,1
OneHandOrebaV3_1060_1_grm_std_uni,1,4.683485507965088,-5.889951705932617,1
OneHandOrebaV3_1060_1_grm_std_uni,1,4.583049774169922,-5.964508056640625,1
OneHandOrebaV3_1060_1_grm_std_uni,1,4.651690483093262,-6.251694679260254,1
OneHandOrebaV3_1060_1_grm_std_uni,1,4.5602593421936035,-6.431826114654541,1
OneHandOrebaV3_1060_1_grm_std_uni,1,4.652242183685303,-6.328192710876465,1
OneHandOrebaV3_1060_1_grm_std_uni,1,5.903982162475586,-6.861929416656494,1
OneHandOrebaV3_1060_1_grm_std_uni,1,6.323731899261475,-6.851681232452393,1
OneHandOrebaV3_1060_1_grm_std_uni,1,6.722926616668701,-7.110136032104492,1
OneHandOrebaV3_1060_1_grm_std_uni,1,6.934819221496582,-7.366064548492432,1
OneHandOrebaV3_1060_1_grm_std_uni,1,6.190045356750488,-6.574195384979248,1
OneHandOrebaV3_1060_1_grm_std_uni,1,4.280771255493164,-4.534008026123047,1
OneHandOrebaV3_1060_1_grm_std_uni,1,4.663942813873291,-5.575174808502197,1
OneHandOrebaV3_1060_1_grm_std_uni,1,4.7503533363342285,-6.248530864715576,1
OneHandOrebaV3_1060_1_grm_std_uni,1,4.803314208984375,-6.397580623626709,1
OneHandOrebaV3_1060_1_grm_std_uni,1,4.684364318847656,-6.282230377197266,1
OneHandOrebaV3_1060_1_grm_std_uni,1,4.4959611892700195,-6.045563220977783,1
OneHandOrebaV3_1060_1_grm_std_uni,1,4.469533920288086,-5.948675632476807,1
OneHandOrebaV3_1060_1_grm_std_uni,1,4.415957927703857,-6.098739147186279,1
OneHandOrebaV3_1060_1_grm_std_uni,1,4.488264083862305,-6.412966251373291,1
OneHandOrebaV3_1060_1_grm_std_uni,1,4.47033166885376,-6.703665733337402,1
OneHandOrebaV3_1060_1_grm_std_uni,1,4.822813510894775,-6.989030838012695,1
OneHandOrebaV3_1060_1_grm_std_uni,1,6.641937732696533,-7.384860992431641,1
OneHandOrebaV3_1060_1_grm_std_uni,1,6.221935272216797,-6.672334671020508,1
OneHandOrebaV3_1060_1_grm_std_uni,1,5.983866214752197,-6.176950454711914,1
OneHandOrebaV3_1060_1_grm_std_uni,1,6.980045318603516,-7.296028137207031,1
OneHandOrebaV3_1060_1_grm_std_uni,1,7.690260410308838,-8.136799812316895,1
OneHandOrebaV3_1060_1_grm_std_uni,1,7.662857532501221,-8.075542449951172,1
OneHandOrebaV3_1060_1_grm_std_uni,1,7.644528388977051,-8.017387390136719,1
OneHandOrebaV3_1060_1_grm_std_uni,1,7.274143218994141,-7.707179546356201,1
OneHandOrebaV3_1060_1_grm_std_uni,1,6.885917663574219,-7.3511223793029785,1
OneHandOrebaV3_1060_1_grm_std_uni,1,6.00704288482666,-6.444631099700928,1
OneHandOrebaV3_1060_1_grm_std_uni,1,5.049198627471924,-5.581040382385254,1
OneHandOrebaV3_1060_1_grm_std_uni,1,3.970794916152954,-5.06830358505249,1
OneHandOrebaV3_1060_1_grm_std_uni,1,4.145570278167725,-5.22998571395874,1
OneHandOrebaV3_1060_1_grm_std_uni,1,4.254418849945068,-4.799252510070801,1
OneHandOrebaV3_1060_1_grm_std_uni,1,3.964907646179199,-4.070600986480713,1
OneHandOrebaV3_1060_1_grm_std_uni,1,5.312089920043945,-5.5082197189331055,1
OneHandOrebaV3_1060_1_grm_std_uni,1,5.431256294250488,-6.428987503051758,1
OneHandOrebaV3_1060_1_grm_std_uni,1,5.225426197052002,-7.0461554527282715,1
OneHandOrebaV3_1060_1_grm_std_uni,1,4.838186740875244,-6.837155342102051,1
OneHandOrebaV3_1060_1_grm_std_uni,1,5.253144264221191,-6.869032382965088,1
OneHandOrebaV3_1060_1_grm_std_uni,1,3.380803346633911,-4.663447856903076,1
OneHandOrebaV3_1060_1_grm_std_uni,1,3.5263559818267822,-4.097343921661377,1
OneHandOrebaV3_1060_1_grm_std_uni,1,5.023558616638184,-5.2679572105407715,1
OneHandOrebaV3_1060_1_grm_std_uni,1,5.370867729187012,-5.830052852630615,1
OneHandOrebaV3_1060_1_grm_std_uni,1,5.717679500579834,-6.552062511444092,1
OneHandOrebaV3_1060_1_grm_std_uni,1,5.3036274909973145,-6.681290626525879,1
OneHandOrebaV3_1060_1_grm_std_uni,1,4.874749183654785,-6.813199996948242,1
OneHandOrebaV3_1060_1_grm_std_uni,1,5.060953617095947,-6.956335067749023,1
OneHandOrebaV3_1060_1_grm_std_uni,1,5.872885227203369,-7.169693946838379,1
OneHandOrebaV3_1060_1_grm_std_uni,1,6.317018985748291,-6.8072404861450195,1
OneHandOrebaV3_1060_1_grm_std_uni,1,6.4048662185668945,-6.495213031768799,1
OneHandOrebaV3_1060_1_grm_std_uni,1,6.032564163208008,-6.250256061553955,1
OneHandOrebaV3_1060_1_grm_std_uni,1,5.683758735656738,-6.693849563598633,1
OneHandOrebaV3_1060_1_grm_std_uni,1,5.482546806335449,-6.582101345062256,1
OneHandOrebaV3_1060_1_grm_std_uni,1,5.657806396484375,-6.673844337463379,1
OneHandOrebaV3_1060_1_grm_std_uni,1,5.8147149085998535,-6.928976535797119,1
OneHandOrebaV3_1060_1_grm_std_uni,1,6.209117412567139,-6.861591339111328,1
OneHandOrebaV3_1060_1_grm_std_uni,1,6.2707648277282715,-6.374209880828857,1
OneHandOrebaV3_1060_1_grm_std_uni,1,6.265427112579346,-6.056155204772949,1
OneHandOrebaV3_1060_1_grm_std_uni,1,5.788784980773926,-6.163546562194824,1
OneHandOrebaV3_1060_1_grm_std_uni,1,5.617718696594238,-6.572962284088135,1
OneHandOrebaV3_1060_1_grm_std_uni,1,5.440565586090088,-6.582578659057617,1
OneHandOrebaV3_1060_1_grm_std_uni,1,5.262956619262695,-6.544685363769531,1
OneHandOrebaV3_1060_1_grm_std_uni,1,5.231453895568848,-6.53049898147583,1
OneHandOrebaV3_1060_1_grm_std_uni,1,5.093170642852783,-6.50944185256958,1
OneHandOrebaV3_1060_1_grm_std_uni,1,5.068920612335205,-6.552508354187012,1
OneHandOrebaV3_1060_1_grm_std_uni,1,5.128627300262451,-6.587900638580322,1
OneHandOrebaV3_1060_1_grm_std_uni,1,5.268729209899902,-6.544322967529297,1
OneHandOrebaV3_1060_1_grm_std_uni,1,5.476505279541016,-6.622337341308594,1
OneHandOrebaV3_1060_1_grm_std_uni,1,5.728298187255859,-6.526354789733887,1
OneHandOrebaV3_1060_1_grm_std_uni,1,5.871510028839111,-6.573693752288818,1
OneHandOrebaV3_1060_1_grm_std_uni,1,5.89861536026001,-6.642595291137695,1
OneHandOrebaV3_1060_1_grm_std_uni,1,5.910305976867676,-6.7302937507629395,1
OneHandOrebaV3_1060_1_grm_std_uni,1,5.75069522857666,-6.7820844650268555,1
OneHandOrebaV3_1060_1_grm_std_uni,1,5.792361736297607,-6.827836990356445,1
OneHandOrebaV3_1060_1_grm_std_uni,1,5.736260890960693,-6.164748668670654,1
OneHandOrebaV3_1060_1_grm_std_uni,1,5.356932640075684,-5.754709243774414,1
OneHandOrebaV3_1060_1_grm_std_uni,1,4.518811225891113,-5.660745620727539,1
OneHandOrebaV3_1060_1_grm_std_uni,1,3.7580134868621826,-5.239691734313965,1
OneHandOrebaV3_1060_1_grm_std_uni,1,4.462393760681152,-5.920777797698975,1
OneHandOrebaV3_1060_1_grm_std_uni,1,4.373714923858643,-6.069058895111084,1
OneHandOrebaV3_1060_1_grm_std_uni,1,4.286397457122803,-6.125614166259766,1
OneHandOrebaV3_1060_1_grm_std_uni,1,4.517125606536865,-6.131846904754639,1
OneHandOrebaV3_1060_1_grm_std_uni,1,4.675586700439453,-6.195936679840088,1
OneHandOrebaV3_1060_1_grm_std_uni,1,5.03090763092041,-6.47972297668457,1
OneHandOrebaV3_1060_1_grm_std_uni,1,4.934030055999756,-5.062910556793213,1
OneHandOrebaV3_1060_1_grm_std_uni,1,4.104485034942627,-4.224358081817627,1
OneHandOrebaV3_1060_1_grm_std_uni,1,4.107207298278809,-5.193568229675293,1
OneHandOrebaV3_1060_1_grm_std_uni,1,4.439366817474365,-5.698890686035156,1
OneHandOrebaV3_1060_1_grm_std_uni,1,4.471348762512207,-5.897109508514404,1
OneHandOrebaV3_1060_1_grm_std_uni,1,4.438988208770752,-6.065612316131592,1
OneHandOrebaV3_1060_1_grm_std_uni,1,4.5453996658325195,-6.314302444458008,1
OneHandOrebaV3_1060_1_grm_std_uni,1,4.6628546714782715,-6.475362777709961,1
OneHandOrebaV3_1060_1_grm_std_uni,1,4.872753143310547,-6.250016689300537,1
OneHandOrebaV3_1060_1_grm_std_uni,1,5.710824966430664,-5.982949733734131,1
OneHandOrebaV3_1060_1_grm_std_uni,1,5.3988494873046875,-5.629454135894775,1
OneHandOrebaV3_1060_1_grm_std_uni,1,5.236443996429443,-5.603139400482178,1
OneHandOrebaV3_1060_1_grm_std_uni,1,4.023317337036133,-5.48912239074707,1
OneHandOrebaV3_1060_1_grm_std_uni,1,4.60056734085083,-6.036444187164307,1
OneHandOrebaV3_1060_1_grm_std_uni,1,4.4783806800842285,-5.944554805755615,1
OneHandOrebaV3_1060_1_grm_std_uni,1,4.415708065032959,-6.115059852600098,1
OneHandOrebaV3_1060_1_grm_std_uni,1,4.465948581695557,-6.227622985839844,1
OneHandOrebaV3_1060_1_grm_std_uni,1,4.620190143585205,-6.2742133140563965,1
OneHandOrebaV3_1060_1_grm_std_uni,1,5.823866367340088,-6.825160980224609,1
OneHandOrebaV3_1060_1_grm_std_uni,1,6.226978778839111,-6.581758499145508,1
OneHandOrebaV3_1060_1_grm_std_uni,1,5.963319778442383,-6.2026686668396,1
OneHandOrebaV3_1060_1_grm_std_uni,1,5.39349365234375,-5.668416500091553,1
OneHandOrebaV3_1060_1_grm_std_uni,1,3.9007408618927,-4.268413543701172,1
OneHandOrebaV3_1060_1_grm_std_uni,1,3.449967622756958,-3.5323641300201416,1
OneHandOrebaV3_1060_1_grm_std_uni,1,3.931121826171875,-4.216646194458008,1
OneHandOrebaV3_1060_1_grm_std_uni,1,4.717823505401611,-5.27421236038208,1
OneHandOrebaV3_1060_1_grm_std_uni,1,4.69856071472168,-5.697817325592041,1
OneHandOrebaV3_1060_1_grm_std_uni,1,4.381911277770996,-5.715374946594238,1
OneHandOrebaV3_1060_1_grm_std_uni,1,4.128241539001465,-5.288481712341309,1
OneHandOrebaV3_1060_1_grm_std_uni,1,4.181471347808838,-5.172797203063965,1
OneHandOrebaV3_1060_1_grm_std_uni,1,4.10487699508667,-5.768931865692139,1
OneHandOrebaV3_1060_1_grm_std_uni,1,3.7846415042877197,-5.831172466278076,1
OneHandOrebaV3_1060_1_grm_std_uni,1,3.5440633296966553,-5.0448198318481445,1
OneHandOrebaV3_1060_1_grm_std_uni,1,3.587103843688965,-4.414614200592041,1
OneHandOrebaV3_1060_1_grm_std_uni,1,3.7744100093841553,-5.108861923217773,1
OneHandOrebaV3_1060_1_grm_std_uni,1,3.856663227081299,-5.0430378913879395,1
OneHandOrebaV3_1060_1_grm_std_uni,1,3.4978630542755127,-5.290623664855957,1
OneHandOrebaV3_1060_1_grm_std_uni,1,3.78987193107605,-5.6020612716674805,1
OneHandOrebaV3_1060_1_grm_std_uni,1,4.203643798828125,-5.839838981628418,1
OneHandOrebaV3_1060_1_grm_std_uni,1,3.8319478034973145,-5.470571041107178,1
OneHandOrebaV3_1060_1_grm_std_uni,1,4.111810684204102,-4.815246105194092,1
OneHandOrebaV3_1060_1_grm_std_uni,1,5.78877592086792,-4.930553913116455,1
OneHandOrebaV3_1060_1_grm_std_uni,1,6.7647013664245605,-6.465954303741455,1
OneHandOrebaV3_1060_1_grm_std_uni,1,7.574156284332275,-7.695383548736572,1
OneHandOrebaV3_1060_1_grm_std_uni,1,6.61415958404541,-6.896767616271973,1
OneHandOrebaV3_1060_1_grm_std_uni,1,5.801499843597412,-6.006261348724365,1
OneHandOrebaV3_1060_1_grm_std_uni,1,4.589078903198242,-4.543828010559082,1
OneHandOrebaV3_1060_1_grm_std_uni,1,4.553245544433594,-5.001285076141357,1
OneHandOrebaV3_1060_1_grm_std_uni,1,6.076752662658691,-7.018526077270508,1
OneHandOrebaV3_1060_1_grm_std_uni,1,5.295586109161377,-5.487228870391846,1
OneHandOrebaV3_1060_1_grm_std_uni,1,5.549084663391113,-5.258875846862793,1
OneHandOrebaV3_1060_1_grm_std_uni,1,5.107141494750977,-5.236283302307129,1
OneHandOrebaV3_1060_1_grm_std_uni,1,5.301413536071777,-5.990655899047852,1
OneHandOrebaV3_1060_1_grm_std_uni,1,5.118804454803467,-5.965720176696777,1
OneHandOrebaV3_1060_1_grm_std_uni,1,4.799041748046875,-5.691456317901611,1
OneHandOrebaV3_1060_1_grm_std_uni,1,4.474324703216553,-5.499821186065674,1
OneHandOrebaV3_1060_1_grm_std_uni,1,4.332979679107666,-5.582067012786865,1
OneHandOrebaV3_1060_1_grm_std_uni,1,4.26186466217041,-5.827223300933838,1
OneHandOrebaV3_1060_1_grm_std_uni,1,4.3688130378723145,-5.993239879608154,1
OneHandOrebaV3_1060_1_grm_std_uni,1,4.606456756591797,-6.1895856857299805,1
OneHandOrebaV3_1060_1_grm_std_uni,1,4.662776470184326,-6.585655689239502,1
OneHandOrebaV3_1060_1_grm_std_uni,1,4.860632419586182,-6.673435211181641,1
OneHandOrebaV3_1060_1_grm_std_uni,1,5.581299781799316,-6.557993412017822,1
OneHandOrebaV3_1060_1_grm_std_uni,1,6.2218828201293945,-6.700340747833252,1
OneHandOrebaV3_1060_1_grm_std_uni,1,6.32227087020874,-6.51470422744751,1
OneHandOrebaV3_1060_1_grm_std_uni,1,6.974556922912598,-7.008321285247803,1
OneHandOrebaV3_1060_1_grm_std_uni,1,7.092146396636963,-7.276113033294678,1
OneHandOrebaV3_1060_1_grm_std_uni,1,6.764641761779785,-6.833800792694092,1
OneHandOrebaV3_1060_1_grm_std_uni,1,6.302740573883057,-6.191482067108154,1
OneHandOrebaV3_1060_1_grm_std_uni,1,5.53541898727417,-6.392077445983887,1
OneHandOrebaV3_1060_1_grm_std_uni,1,5.684251308441162,-6.646612167358398,1
OneHandOrebaV3_1060_1_grm_std_uni,1,6.149648666381836,-7.127321720123291,1
OneHandOrebaV3_1060_1_grm_std_uni,1,6.876779079437256,-7.857285976409912,1
OneHandOrebaV3_1060_1_grm_std_uni,1,7.170459747314453,-8.010436058044434,1
OneHandOrebaV3_1060_1_grm_std_uni,1,7.100159645080566,-7.598299026489258,1
OneHandOrebaV3_1060_1_grm_std_uni,1,6.873664855957031,-7.215206623077393,1
OneHandOrebaV3_1060_1_grm_std_uni,1,6.331173419952393,-6.560493469238281,1
OneHandOrebaV3_1060_1_grm_std_uni,1,6.735926151275635,-6.995820999145508,1
OneHandOrebaV3_1060_1_grm_std_uni,1,7.592691898345947,-7.882742881774902,1
OneHandOrebaV3_1060_1_grm_std_uni,1,7.205999374389648,-7.377467155456543,1
OneHandOrebaV3_1060_1_grm_std_uni,1,6.440025329589844,-6.660080909729004,1
OneHandOrebaV3_1060_1_grm_std_uni,1,6.753930568695068,-6.82088565826416,1
OneHandOrebaV3_1060_1_grm_std_uni,1,6.655351161956787,-6.791187763214111,1
OneHandOrebaV3_1060_1_grm_std_uni,1,5.407801151275635,-5.345498085021973,1
OneHandOrebaV3_1060_1_grm_std_uni,1,6.062345504760742,-5.712412357330322,1
OneHandOrebaV3_1060_1_grm_std_uni,1,6.80811071395874,-6.514528751373291,1
OneHandOrebaV3_1060_1_grm_std_uni,1,7.122202396392822,-6.970836639404297,1
OneHandOrebaV3_1060_1_grm_std_uni,1,6.829214096069336,-6.699153423309326,1
OneHandOrebaV3_1060_1_grm_std_uni,1,6.612538814544678,-6.510206699371338,1
OneHandOrebaV3_1060_1_grm_std_uni,1,7.442201137542725,-7.1511759757995605,1
OneHandOrebaV3_1060_1_grm_std_uni,1,7.497833251953125,-7.053529262542725,1
OneHandOrebaV3_1060_1_grm_std_uni,1,6.879270076751709,-6.565752983093262,1
OneHandOrebaV3_1060_1_grm_std_uni,1,7.702785015106201,-7.450112819671631,1
OneHandOrebaV3_1060_1_grm_std_uni,1,7.1583757400512695,-6.993131160736084,1
OneHandOrebaV3_1060_1_grm_std_uni,1,6.377181053161621,-6.127965927124023,1
OneHandOrebaV3_1060_1_grm_std_uni,1,6.4906792640686035,-6.28865909576416,1
OneHandOrebaV3_1060_1_grm_std_uni,1,6.871295928955078,-6.630412578582764,1
OneHandOrebaV3_1060_1_grm_std_uni,1,5.726531982421875,-5.1168131828308105,1
OneHandOrebaV3_1060_1_grm_std_uni,1,4.936598300933838,-4.21378755569458,1
OneHandOrebaV3_1060_1_grm_std_uni,1,4.849135875701904,-5.0357136726379395,1
OneHandOrebaV3_1060_1_grm_std_uni,1,5.714921951293945,-6.442439079284668,1
OneHandOrebaV3_1060_1_grm_std_uni,1,5.802514553070068,-6.746335983276367,1
OneHandOrebaV3_1060_1_grm_std_uni,1,5.405490875244141,-6.890758037567139,1
OneHandOrebaV3_1060_1_grm_std_uni,1,5.145088195800781,-6.528061866760254,1
OneHandOrebaV3_1060_1_grm_std_uni,1,3.8422937393188477,-4.328150749206543,1
OneHandOrebaV3_1060_1_grm_std_uni,1,4.718167304992676,-5.217962741851807,1
OneHandOrebaV3_1060_1_grm_std_uni,1,5.076324939727783,-6.162373065948486,1
OneHandOrebaV3_1060_1_grm_std_uni,1,5.169524669647217,-6.530196189880371,1
OneHandOrebaV3_1060_1_grm_std_uni,1,5.222114086151123,-6.746631145477295,1
OneHandOrebaV3_1060_1_grm_std_uni,1,5.074975967407227,-6.905238628387451,1
OneHandOrebaV3_1060_1_grm_std_uni,1,5.632899761199951,-7.4694719314575195,1
OneHandOrebaV3_1060_1_grm_std_uni,1,6.214376926422119,-7.037848949432373,1
OneHandOrebaV3_1060_1_grm_std_uni,1,6.476685523986816,-7.023311138153076,1
OneHandOrebaV3_1060_1_grm_std_uni,1,7.256411552429199,-7.9636006355285645,1
OneHandOrebaV3_1060_1_grm_std_uni,1,7.229296684265137,-8.065361976623535,1
OneHandOrebaV3_1060_1_grm_std_uni,1,6.486508369445801,-7.412998199462891,1
OneHandOrebaV3_1060_1_grm_std_uni,1,6.306330680847168,-7.291819095611572,1
OneHandOrebaV3_1060_1_grm_std_uni,1,7.3651838302612305,-8.182596206665039,1
OneHandOrebaV3_1060_1_grm_std_uni,1,7.236485481262207,-8.027416229248047,1
OneHandOrebaV3_1060_1_grm_std_uni,1,6.8859782218933105,-7.80928373336792,1
OneHandOrebaV3_1060_1_grm_std_uni,1,5.899893760681152,-6.653176307678223,1
OneHandOrebaV3_1060_1_grm_std_uni,1,6.248592376708984,-6.423975467681885,1
OneHandOrebaV3_1060_1_grm_std_uni,1,6.852520942687988,-7.011120796203613,1
OneHandOrebaV3_1060_1_grm_std_uni,1,7.304870128631592,-7.576725006103516,1
OneHandOrebaV3_1060_1_grm_std_uni,1,7.319563388824463,-7.578824996948242,1
OneHandOrebaV3_1060_1_grm_std_uni,1,7.404378414154053,-7.607793807983398,1
OneHandOrebaV3_1060_1_grm_std_uni,1,6.905176162719727,-7.3482255935668945,1
OneHandOrebaV3_1060_1_grm_std_uni,1,5.552396774291992,-6.172730922698975,1
OneHandOrebaV3_1060_1_grm_std_uni,1,4.028044700622559,-4.20574951171875,1
OneHandOrebaV3_1060_1_grm_std_uni,1,4.541078090667725,-4.254598617553711,1
OneHandOrebaV3_1060_1_grm_std_uni,1,5.025895595550537,-5.1558709144592285,1
OneHandOrebaV3_1060_1_grm_std_uni,1,4.704505920410156,-6.105469703674316,1
OneHandOrebaV3_1060_1_grm_std_uni,1,5.28327751159668,-7.1925177574157715,1
OneHandOrebaV3_1060_1_grm_std_uni,1,5.224249362945557,-6.883386611938477,1
OneHandOrebaV3_1060_1_grm_std_uni,1,5.205811023712158,-6.530318260192871,1
OneHandOrebaV3_1060_1_grm_std_uni,1,6.178792953491211,-7.3540496826171875,1
OneHandOrebaV3_1060_1_grm_std_uni,1,7.019631862640381,-7.6929450035095215,1
OneHandOrebaV3_1060_1_grm_std_uni,1,7.544355869293213,-8.033914566040039,1
OneHandOrebaV3_1060_1_grm_std_uni,1,7.565091133117676,-7.941851615905762,1
OneHandOrebaV3_1060_1_grm_std_uni,1,6.813537120819092,-7.168359279632568,1
OneHandOrebaV3_1060_1_grm_std_uni,1,5.975823402404785,-6.597375869750977,1
OneHandOrebaV3_1060_1_grm_std_uni,1,6.025671005249023,-6.583523750305176,1
OneHandOrebaV3_1060_1_grm_std_uni,1,5.767256259918213,-6.655063629150391,1
OneHandOrebaV3_1060_1_grm_std_uni,1,5.71317195892334,-6.697565078735352,1
OneHandOrebaV3_1060_1_grm_std_uni,1,5.624874114990234,-6.9332356452941895,1
OneHandOrebaV3_1060_1_grm_std_uni,1,5.578821659088135,-6.813169002532959,1
OneHandOrebaV3_1060_1_grm_std_uni,1,5.670644760131836,-6.7705864906311035,1
OneHandOrebaV3_1060_1_grm_std_uni,1,5.999772548675537,-6.690568923950195,1
OneHandOrebaV3_1060_1_grm_std_uni,1,5.967930793762207,-6.659748077392578,1
OneHandOrebaV3_1060_1_grm_std_uni,1,5.913131237030029,-6.499289035797119,1
OneHandOrebaV3_1060_1_grm_std_uni,1,5.788721084594727,-6.643839359283447,1
OneHandOrebaV3_1060_1_grm_std_uni,1,5.806997776031494,-6.755913734436035,1
OneHandOrebaV3_1060_1_grm_std_uni,1,5.987607002258301,-6.9245524406433105,1
OneHandOrebaV3_1060_1_grm_std_uni,1,6.108742713928223,-6.903012275695801,1
OneHandOrebaV3_1060_1_grm_std_uni,1,6.127951622009277,-6.958063125610352,1
OneHandOrebaV3_1060_1_grm_std_uni,1,6.476813793182373,-7.066226959228516,1
OneHandOrebaV3_1060_1_grm_std_uni,1,6.6206135749816895,-6.725174427032471,1
OneHandOrebaV3_1060_1_grm_std_uni,1,6.388856887817383,-6.564175128936768,1
OneHandOrebaV3_1060_1_grm_std_uni,1,5.620143890380859,-6.268998622894287,1
OneHandOrebaV3_1060_1_grm_std_uni,1,5.254666328430176,-6.151233196258545,1
OneHandOrebaV3_1060_1_grm_std_uni,1,5.215431213378906,-6.065662860870361,1
OneHandOrebaV3_1060_1_grm_std_uni,1,5.0780863761901855,-6.209403038024902,1
OneHandOrebaV3_1060_1_grm_std_uni,1,5.123352527618408,-6.182620525360107,1
OneHandOrebaV3_1060_1_grm_std_uni,1,5.581269264221191,-6.575765609741211,1
OneHandOrebaV3_1060_1_grm_std_uni,1,5.578674793243408,-6.73049259185791,1
OneHandOrebaV3_1060_1_grm_std_uni,1,5.522262096405029,-6.5742692947387695,1
OneHandOrebaV3_1060_1_grm_std_uni,1,5.554827690124512,-6.667283535003662,1
OneHandOrebaV3_1060_1_grm_std_uni,1,5.394096374511719,-6.743127346038818,1
OneHandOrebaV3_1060_1_grm_std_uni,1,5.090438365936279,-6.50607442855835,1
OneHandOrebaV3_1060_1_grm_std_uni,1,5.215724468231201,-6.391421794891357,1
OneHandOrebaV3_1060_1_grm_std_uni,1,5.244950771331787,-6.303403377532959,1
OneHandOrebaV3_1060_1_grm_std_uni,1,5.2089524269104,-6.536715030670166,1
OneHandOrebaV3_1060_1_grm_std_uni,1,4.858200550079346,-6.164474010467529,1
OneHandOrebaV3_1060_1_grm_std_uni,1,4.639212608337402,-5.900660037994385,1
OneHandOrebaV3_1060_1_grm_std_uni,1,4.480352401733398,-5.74537467956543,1
OneHandOrebaV3_1060_1_grm_std_uni,1,4.6295576095581055,-5.899631500244141,1
OneHandOrebaV3_1060_1_grm_std_uni,1,4.65022611618042,-5.879173755645752,1
OneHandOrebaV3_1060_1_grm_std_uni,1,4.239455223083496,-5.60355806350708,1
OneHandOrebaV3_1060_1_grm_std_uni,1,4.220635414123535,-5.59356689453125,1
OneHandOrebaV3_1060_1_grm_std_uni,1,4.191512584686279,-5.656591415405273,1
OneHandOrebaV3_1060_1_grm_std_uni,1,4.305011749267578,-5.655014991760254,1
OneHandOrebaV3_1060_1_grm_std_uni,1,4.67888069152832,-5.743903160095215,1
OneHandOrebaV3_1060_1_grm_std_uni,1,4.712981700897217,-5.713958740234375,1
OneHandOrebaV3_1060_1_grm_std_uni,1,4.660187244415283,-5.9644975662231445,1
OneHandOrebaV3_1060_1_grm_std_uni,1,4.808107852935791,-6.254549980163574,1
OneHandOrebaV3_1060_1_grm_std_uni,1,4.90006685256958,-6.377292156219482,1
OneHandOrebaV3_1060_1_grm_std_uni,1,5.756618499755859,-6.482242584228516,1
OneHandOrebaV3_1060_1_grm_std_uni,1,5.923553466796875,-6.326350212097168,1
OneHandOrebaV3_1060_1_grm_std_uni,1,5.449305057525635,-6.199711799621582,1
OneHandOrebaV3_1060_1_grm_std_uni,1,5.003839015960693,-6.332029342651367,1
OneHandOrebaV3_1060_1_grm_std_uni,1,5.030749797821045,-6.403205871582031,1
OneHandOrebaV3_1060_1_grm_std_uni,1,5.151000499725342,-6.397523880004883,1
OneHandOrebaV3_1060_1_grm_std_uni,1,5.108928203582764,-6.595789432525635,1
OneHandOrebaV3_1060_1_grm_std_uni,1,5.045157432556152,-6.540607929229736,1
OneHandOrebaV3_1060_1_grm_std_uni,1,5.191212177276611,-6.323259353637695,1
OneHandOrebaV3_1060_1_grm_std_uni,1,4.864549160003662,-5.808192253112793,1
OneHandOrebaV3_1060_1_grm_std_uni,1,4.624142169952393,-5.306568145751953,1
OneHandOrebaV3_1060_1_grm_std_uni,1,4.365139484405518,-4.537380695343018,1
OneHandOrebaV3_1060_1_grm_std_uni,1,4.291070938110352,-4.581741809844971,1
OneHandOrebaV3_1060_1_grm_std_uni,1,4.786489963531494,-5.693418502807617,1
OneHandOrebaV3_1060_1_grm_std_uni,1,4.82517147064209,-5.861649513244629,1
OneHandOrebaV3_1060_1_grm_std_uni,1,5.9548797607421875,-7.0378193855285645,1
OneHandOrebaV3_1060_1_grm_std_uni,1,7.050912380218506,-7.679800510406494,1
OneHandOrebaV3_1060_1_grm_std_uni,1,6.878543853759766,-7.411303520202637,1
OneHandOrebaV3_1060_1_grm_std_uni,1,6.619035243988037,-7.189967632293701,1
OneHandOrebaV3_1060_1_grm_std_uni,1,6.26000452041626,-7.211363792419434,1
OneHandOrebaV3_1060_1_grm_std_uni,1,6.411960124969482,-7.6592888832092285,1
OneHandOrebaV3_1060_1_grm_std_uni,1,6.946694850921631,-7.90941858291626,1
OneHandOrebaV3_1060_1_grm_std_uni,1,6.926385402679443,-7.443129539489746,1
OneHandOrebaV3_1060_1_grm_std_uni,1,6.994791030883789,-7.440126419067383,1
OneHandOrebaV3_1060_1_grm_std_uni,1,6.431746006011963,-6.783175945281982,1
OneHandOrebaV3_1060_1_grm_std_uni,1,6.295841217041016,-6.210815906524658,1
OneHandOrebaV3_1060_1_grm_std_uni,1,6.490114688873291,-6.515594482421875,1
OneHandOrebaV3_1060_1_grm_std_uni,1,6.202571868896484,-6.31825590133667,1
OneHandOrebaV3_1060_1_grm_std_uni,1,6.239169597625732,-6.502111911773682,1
OneHandOrebaV3_1060_1_grm_std_uni,1,6.391276836395264,-6.6288628578186035,1
OneHandOrebaV3_1060_1_grm_std_uni,1,6.565849304199219,-6.62500524520874,1
OneHandOrebaV3_1060_1_grm_std_uni,1,5.857371807098389,-5.971064567565918,1
OneHandOrebaV3_1060_1_grm_std_uni,1,5.634613037109375,-5.590154647827148,1
OneHandOrebaV3_1060_1_grm_std_uni,1,6.1522135734558105,-6.00825834274292,1
OneHandOrebaV3_1060_1_grm_std_uni,1,6.952964782714844,-6.790921211242676,1
OneHandOrebaV3_1060_1_grm_std_uni,1,7.4371514320373535,-7.245126247406006,1
OneHandOrebaV3_1060_1_grm_std_uni,1,7.538002967834473,-7.647818088531494,1
OneHandOrebaV3_1060_1_grm_std_uni,1,7.048150062561035,-6.961476802825928,1
OneHandOrebaV3_1060_1_grm_std_uni,1,6.591643810272217,-6.464330673217773,1
OneHandOrebaV3_1060_1_grm_std_uni,1,6.647841930389404,-6.557716369628906,1
OneHandOrebaV3_1060_1_grm_std_uni,1,6.149712562561035,-5.8857808113098145,1
OneHandOrebaV3_1060_1_grm_std_uni,1,6.068698883056641,-5.679548263549805,1
OneHandOrebaV3_1060_1_grm_std_uni,1,5.641232967376709,-5.263735771179199,1
OneHandOrebaV3_1060_1_grm_std_uni,1,4.542679786682129,-4.310233116149902,1
OneHandOrebaV3_1060_1_grm_std_uni,1,3.999061107635498,-4.402265548706055,1
OneHandOrebaV3_1060_1_grm_std_uni,1,4.149166107177734,-4.361128807067871,1
OneHandOrebaV3_1060_1_grm_std_uni,1,5.078284740447998,-5.558755397796631,1
OneHandOrebaV3_1060_1_grm_std_uni,1,5.44007682800293,-6.413244247436523,1
OneHandOrebaV3_1060_1_grm_std_uni,1,5.402537822723389,-6.709794521331787,1
OneHandOrebaV3_1060_1_grm_std_uni,1,5.1745171546936035,-6.846839904785156,1
OneHandOrebaV3_1060_1_grm_std_uni,1,4.83411979675293,-7.043213844299316,1
OneHandOrebaV3_1060_1_grm_std_uni,1,5.403144836425781,-6.927762031555176,1
OneHandOrebaV3_1060_1_grm_std_uni,1,4.931333541870117,-5.439365386962891,1
OneHandOrebaV3_1060_1_grm_std_uni,1,6.477689743041992,-7.086067199707031,1
OneHandOrebaV3_1060_1_grm_std_uni,1,7.9252495765686035,-8.880224227905273,1
OneHandOrebaV3_1060_1_grm_std_uni,1,8.42361831665039,-9.318486213684082,1
OneHandOrebaV3_1060_1_grm_std_uni,1,7.893591403961182,-8.09644889831543,1
OneHandOrebaV3_1060_1_grm_std_uni,1,5.893851280212402,-6.0124077796936035,1
OneHandOrebaV3_1060_1_grm_std_uni,1,4.538428783416748,-4.669711112976074,1
OneHandOrebaV3_1060_1_grm_std_uni,1,4.405419826507568,-5.449647903442383,1
OneHandOrebaV3_1060_1_grm_std_uni,1,3.8815906047821045,-5.5105485916137695,1
OneHandOrebaV3_1060_1_grm_std_uni,1,3.4683914184570312,-5.424457550048828,1
OneHandOrebaV3_1060_1_grm_std_uni,1,3.5173585414886475,-5.49446439743042,1
OneHandOrebaV3_1060_1_grm_std_uni,1,3.6987485885620117,-5.517701625823975,1
OneHandOrebaV3_1060_1_grm_std_uni,1,3.7365334033966064,-5.570718765258789,1
OneHandOrebaV3_1060_1_grm_std_uni,1,4.071817874908447,-5.910515308380127,1
OneHandOrebaV3_1060_1_grm_std_uni,1,4.330118656158447,-6.208943843841553,1
OneHandOrebaV3_1060_1_grm_std_uni,1,4.144107341766357,-6.2583909034729,1
OneHandOrebaV3_1060_1_grm_std_uni,1,5.254706382751465,-6.999521732330322,1
OneHandOrebaV3_1060_1_grm_std_uni,1,6.330410003662109,-6.911071300506592,1
OneHandOrebaV3_1060_1_grm_std_uni,1,6.57765531539917,-6.940975666046143,1
OneHandOrebaV3_1060_1_grm_std_uni,1,6.961273193359375,-7.119945049285889,1
OneHandOrebaV3_1060_1_grm_std_uni,1,6.418160438537598,-6.827232837677002,1
OneHandOrebaV3_1060_1_grm_std_uni,1,5.383803367614746,-6.222036838531494,1
OneHandOrebaV3_1060_1_grm_std_uni,1,4.709216117858887,-5.768228530883789,1
OneHandOrebaV3_1060_1_grm_std_uni,1,4.374956130981445,-5.315412521362305,1
OneHandOrebaV3_1060_1_grm_std_uni,1,4.347724914550781,-5.291479110717773,1
OneHandOrebaV3_1060_1_grm_std_uni,1,4.06982421875,-5.298899173736572,1
OneHandOrebaV3_1060_1_grm_std_uni,1,4.740363121032715,-5.482959747314453,1
OneHandOrebaV3_1060_1_grm_std_uni,1,4.541847229003906,-4.573173999786377,1
OneHandOrebaV3_1060_1_grm_std_uni,1,5.116269111633301,-4.738509178161621,1
OneHandOrebaV3_1060_1_grm_std_uni,1,5.916966438293457,-5.276561260223389,1
OneHandOrebaV3_1060_1_grm_std_uni,1,6.225981712341309,-5.6921844482421875,1
OneHandOrebaV3_1060_1_grm_std_uni,1,5.9184250831604,-5.5633416175842285,1
OneHandOrebaV3_1060_1_grm_std_uni,1,6.255085468292236,-5.889455318450928,1
OneHandOrebaV3_1060_1_grm_std_uni,1,6.974645614624023,-6.414436340332031,1
OneHandOrebaV3_1060_1_grm_std_uni,1,6.674716949462891,-6.248995304107666,1
OneHandOrebaV3_1060_1_grm_std_uni,1,6.375532150268555,-5.985959529876709,1
OneHandOrebaV3_1060_1_grm_std_uni,1,7.1009087562561035,-6.5733513832092285,1
OneHandOrebaV3_1060_1_grm_std_uni,1,6.802801132202148,-6.431515216827393,1
OneHandOrebaV3_1060_1_grm_std_uni,1,6.703172206878662,-6.564698696136475,1
OneHandOrebaV3_1060_1_grm_std_uni,1,6.859821319580078,-6.99316930770874,1
OneHandOrebaV3_1060_1_grm_std_uni,1,5.774102210998535,-6.243743896484375,1
OneHandOrebaV3_1060_1_grm_std_uni,2,4.665950298309326,-5.569315433502197,1
OneHandOrebaV3_1060_1_grm_std_uni,2,5.254946708679199,-6.03746223449707,1
OneHandOrebaV3_1060_1_grm_std_uni,2,5.501363754272461,-6.351554870605469,1
OneHandOrebaV3_1060_1_grm_std_uni,2,4.319136142730713,-5.142376899719238,1
OneHandOrebaV3_1060_1_grm_std_uni,2,2.6573805809020996,-3.44293475151062,1
OneHandOrebaV3_1060_1_grm_std_uni,2,3.0666236877441406,-4.01654577255249,1
OneHandOrebaV3_1060_1_grm_std_uni,2,4.737157344818115,-6.0033111572265625,1
OneHandOrebaV3_1060_1_grm_std_uni,2,5.3484883308410645,-6.474331855773926,1
OneHandOrebaV3_1060_1_grm_std_uni,2,5.523744106292725,-6.4169087409973145,1
OneHandOrebaV3_1060_1_grm_std_uni,2,5.310886859893799,-6.125911712646484,1
OneHandOrebaV3_1060_1_grm_std_uni,2,5.176302909851074,-5.9322919845581055,1
OneHandOrebaV3_1060_1_grm_std_uni,2,4.678684234619141,-5.205676555633545,1
OneHandOrebaV3_1060_1_grm_std_uni,2,3.8698346614837646,-4.121309280395508,1
OneHandOrebaV3_1060_1_grm_std_uni,2,4.189579486846924,-4.269193172454834,1
OneHandOrebaV3_1060_1_grm_std_uni,2,4.4359612464904785,-5.200963497161865,1
OneHandOrebaV3_1060_1_grm_std_uni,2,4.2429704666137695,-5.3764166831970215,1
OneHandOrebaV3_1060_1_grm_std_uni,2,2.7980594635009766,-3.792492389678955,1
OneHandOrebaV3_1060_1_grm_std_uni,2,2.8921756744384766,-3.0141735076904297,1
OneHandOrebaV3_1060_1_grm_std_uni,2,4.233559608459473,-4.242239952087402,1
OneHandOrebaV3_1060_1_grm_std_uni,1,5.03769063949585,-5.0345234870910645,1
OneHandOrebaV3_1060_1_grm_std_uni,1,4.951959609985352,-4.907886505126953,1
OneHandOrebaV3_1060_1_grm_std_uni,1,4.625607967376709,-4.958776473999023,1
OneHandOrebaV3_1060_1_grm_std_uni,1,4.420055866241455,-5.61178731918335,1
OneHandOrebaV3_1060_1_grm_std_uni,1,4.929871082305908,-5.927633762359619,1
OneHandOrebaV3_1060_1_grm_std_uni,1,4.416329860687256,-5.5693888664245605,1
OneHandOrebaV3_1060_1_grm_std_uni,1,4.1269941329956055,-5.303286552429199,1
OneHandOrebaV3_1060_1_grm_std_uni,1,3.9911720752716064,-5.483279228210449,1
OneHandOrebaV3_1060_1_grm_std_uni,1,4.021195888519287,-5.548879623413086,1
OneHandOrebaV3_1060_1_grm_std_uni,1,4.233245849609375,-5.617870330810547,1
OneHandOrebaV3_1060_1_grm_std_uni,1,4.156925678253174,-5.646469593048096,1
OneHandOrebaV3_1060_1_grm_std_uni,1,4.025773048400879,-5.181790351867676,1
OneHandOrebaV3_1060_1_grm_std_uni,1,3.6690566539764404,-5.173556327819824,1
OneHandOrebaV3_1060_1_grm_std_uni,1,4.078597545623779,-5.73508882522583,1
OneHandOrebaV3_1060_1_grm_std_uni,1,4.092592716217041,-5.57149600982666,1
OneHandOrebaV3_1060_1_grm_std_uni,1,4.393478870391846,-5.700215816497803,1
OneHandOrebaV3_1060_1_grm_std_uni,1,4.777591705322266,-5.983342170715332,1
OneHandOrebaV3_1060_1_grm_std_uni,1,4.782705783843994,-5.970912456512451,1
OneHandOrebaV3_1060_1_grm_std_uni,1,4.879029273986816,-6.1320109367370605,1
OneHandOrebaV3_1060_1_grm_std_uni,1,5.016523361206055,-6.269802570343018,1
OneHandOrebaV3_1060_1_grm_std_uni,1,4.927302837371826,-6.569518566131592,1
OneHandOrebaV3_1060_1_grm_std_uni,1,5.205862998962402,-6.984552383422852,1
OneHandOrebaV3_1060_1_grm_std_uni,1,5.251565933227539,-6.693188667297363,1
OneHandOrebaV3_1060_1_grm_std_uni,1,4.831512451171875,-6.080095291137695,1
OneHandOrebaV3_1060_1_grm_std_uni,1,4.740658283233643,-5.8376970291137695,1
OneHandOrebaV3_1060_1_grm_std_uni,1,4.841993808746338,-5.905882835388184,1
OneHandOrebaV3_1060_1_grm_std_uni,1,4.714074611663818,-5.534772872924805,1
OneHandOrebaV3_1060_1_grm_std_uni,1,4.787681579589844,-5.471247673034668,1
OneHandOrebaV3_1060_1_grm_std_uni,1,4.789555549621582,-5.408212184906006,1
OneHandOrebaV3_1060_1_grm_std_uni,1,4.919131278991699,-5.789757251739502,1
OneHandOrebaV3_1060_1_grm_std_uni,1,5.4615960121154785,-6.271071434020996,1
OneHandOrebaV3_1060_1_grm_std_uni,1,5.1915717124938965,-6.342853546142578,1
OneHandOrebaV3_1060_1_grm_std_uni,1,4.4689812660217285,-6.2739787101745605,1
OneHandOrebaV3_1060_1_grm_std_uni,1,4.059555530548096,-5.413360118865967,1
OneHandOrebaV3_1060_1_grm_std_uni,1,3.593557834625244,-4.922863006591797,1
OneHandOrebaV3_1060_1_grm_std_uni,1,3.7138776779174805,-4.67641544342041,1
OneHandOrebaV3_1060_1_grm_std_uni,1,4.083557605743408,-5.496129512786865,1
OneHandOrebaV3_1060_1_grm_std_uni,1,4.3292622566223145,-5.888382911682129,1
OneHandOrebaV3_1060_1_grm_std_uni,1,4.502396106719971,-6.175318717956543,1
OneHandOrebaV3_1060_1_grm_std_uni,1,4.231720924377441,-6.082503318786621,1
OneHandOrebaV3_1060_1_grm_std_uni,1,4.56097936630249,-5.734647750854492,1
OneHandOrebaV3_1060_1_grm_std_uni,1,4.324563503265381,-3.8746378421783447,1
OneHandOrebaV3_1060_1_grm_std_uni,1,4.474420547485352,-4.642363548278809,1
OneHandOrebaV3_1060_1_grm_std_uni,1,3.05847430229187,-3.9069671630859375,1
OneHandOrebaV3_1060_1_grm_std_uni,1,3.8609108924865723,-4.69053840637207,1
OneHandOrebaV3_1060_1_grm_std_uni,1,4.821556091308594,-6.0522894859313965,1
OneHandOrebaV3_1060_1_grm_std_uni,1,4.691210746765137,-5.998104572296143,1
OneHandOrebaV3_1060_1_grm_std_uni,1,4.92850923538208,-6.167017936706543,1
OneHandOrebaV3_1060_1_grm_std_uni,1,5.058282375335693,-6.1905598640441895,1
OneHandOrebaV3_1060_1_grm_std_uni,1,4.703395366668701,-5.738698959350586,1
OneHandOrebaV3_1060_1_grm_std_uni,1,5.082269191741943,-6.069929122924805,1
OneHandOrebaV3_1060_1_grm_std_uni,1,4.438884258270264,-5.675518035888672,1
OneHandOrebaV3_1060_1_grm_std_uni,1,4.684096336364746,-6.063929557800293,1
OneHandOrebaV3_1060_1_grm_std_uni,1,4.917776584625244,-6.2156524658203125,1
OneHandOrebaV3_1060_1_grm_std_uni,1,4.600831985473633,-6.255766868591309,1
OneHandOrebaV3_1060_1_grm_std_uni,1,5.012819290161133,-6.5128889083862305,1
OneHandOrebaV3_1060_1_grm_std_uni,1,5.260514259338379,-6.269265174865723,1
OneHandOrebaV3_1060_1_grm_std_uni,1,4.839672088623047,-5.547642707824707,1
OneHandOrebaV3_1060_1_grm_std_uni,1,4.731246471405029,-5.1657891273498535,1
OneHandOrebaV3_1060_1_grm_std_uni,1,4.951298236846924,-6.155913829803467,1
OneHandOrebaV3_1060_1_grm_std_uni,1,5.1323747634887695,-6.336421966552734,1
OneHandOrebaV3_1060_1_grm_std_uni,1,5.0477375984191895,-6.494997024536133,1
OneHandOrebaV3_1060_1_grm_std_uni,1,4.756730556488037,-6.826536655426025,1
OneHandOrebaV3_1060_1_grm_std_uni,1,4.201261043548584,-6.469388961791992,1
OneHandOrebaV3_1060_1_grm_std_uni,1,4.566533088684082,-5.943934917449951,1
OneHandOrebaV3_1060_1_grm_std_uni,1,5.304352283477783,-5.926848411560059,1
OneHandOrebaV3_1060_1_grm_std_uni,1,5.435295581817627,-6.05519437789917,1
OneHandOrebaV3_1060_1_grm_std_uni,1,5.237176895141602,-5.648102760314941,1
OneHandOrebaV3_1060_1_grm_std_uni,1,5.543919086456299,-5.630192279815674,1
OneHandOrebaV3_1060_1_grm_std_uni,1,6.243296146392822,-6.243446350097656,1
OneHandOrebaV3_1060_1_grm_std_uni,1,6.498586177825928,-6.587170124053955,1
OneHandOrebaV3_1060_1_grm_std_uni,1,7.296177864074707,-7.543924808502197,1
OneHandOrebaV3_1060_1_grm_std_uni,1,7.268493175506592,-7.300736427307129,1
OneHandOrebaV3_1060_1_grm_std_uni,1,6.811911582946777,-6.978078842163086,1
OneHandOrebaV3_1060_1_grm_std_uni,1,6.390244483947754,-6.833069801330566,1
OneHandOrebaV3_1060_1_grm_std_uni,1,5.736148357391357,-6.498331546783447,1
OneHandOrebaV3_1060_1_grm_std_uni,1,4.625596523284912,-5.594931602478027,1
OneHandOrebaV3_1060_1_grm_std_uni,1,5.302893161773682,-6.086102485656738,1
OneHandOrebaV3_1060_1_grm_std_uni,1,5.42987060546875,-6.32173490524292,1
OneHandOrebaV3_1060_1_grm_std_uni,1,6.346320152282715,-6.951693058013916,1
OneHandOrebaV3_1060_1_grm_std_uni,1,7.008913040161133,-7.2601141929626465,1
OneHandOrebaV3_1060_1_grm_std_uni,1,7.014831066131592,-7.154043674468994,1
OneHandOrebaV3_1060_1_grm_std_uni,1,6.200750350952148,-6.78878927230835,1
OneHandOrebaV3_1060_1_grm_std_uni,1,5.963098526000977,-6.670140743255615,1
OneHandOrebaV3_1060_1_grm_std_uni,1,4.684446811676025,-5.271039009094238,1
OneHandOrebaV3_1060_1_grm_std_uni,1,4.753093719482422,-5.461428165435791,1
OneHandOrebaV3_1060_1_grm_std_uni,1,5.599884033203125,-6.6060991287231445,1
OneHandOrebaV3_1060_1_grm_std_uni,1,5.981412887573242,-6.80322265625,1
OneHandOrebaV3_1060_1_grm_std_uni,1,5.914965629577637,-6.662532329559326,1
OneHandOrebaV3_1060_1_grm_std_uni,1,5.73093843460083,-6.470404148101807,1
OneHandOrebaV3_1060_1_grm_std_uni,1,5.72385835647583,-6.473938941955566,1
OneHandOrebaV3_1060_1_grm_std_uni,1,5.634793758392334,-6.367033958435059,1
OneHandOrebaV3_1060_1_grm_std_uni,1,6.2663493156433105,-6.9266276359558105,1
OneHandOrebaV3_1060_1_grm_std_uni,1,4.989964008331299,-5.149473190307617,1
OneHandOrebaV3_1060_1_grm_std_uni,1,5.088871479034424,-5.14233922958374,1
OneHandOrebaV3_1060_1_grm_std_uni,1,5.8630852699279785,-5.6728973388671875,1
OneHandOrebaV3_1060_1_grm_std_uni,1,4.916306495666504,-4.8449625968933105,1
OneHandOrebaV3_1060_1_grm_std_uni,1,4.840288162231445,-4.779841423034668,1
OneHandOrebaV3_1060_1_grm_std_uni,1,5.601175308227539,-5.450186729431152,1
OneHandOrebaV3_1060_1_grm_std_uni,1,5.742072582244873,-5.6235527992248535,1
OneHandOrebaV3_1060_1_grm_std_uni,1,6.056342601776123,-6.279139995574951,1
OneHandOrebaV3_1060_1_grm_std_uni,1,5.4460344314575195,-5.6525373458862305,1
OneHandOrebaV3_1060_1_grm_std_uni,1,5.183745384216309,-4.730992317199707,1
OneHandOrebaV3_1060_1_grm_std_uni,1,5.603748321533203,-4.806488513946533,1
OneHandOrebaV3_1060_1_grm_std_uni,1,6.155393123626709,-5.7068376541137695,1
OneHandOrebaV3_1060_1_grm_std_uni,1,6.595505714416504,-6.460789680480957,1
OneHandOrebaV3_1060_1_grm_std_uni,1,6.574603080749512,-6.573816776275635,1
OneHandOrebaV3_1060_1_grm_std_uni,1,6.669602870941162,-6.587174892425537,1
OneHandOrebaV3_1060_1_grm_std_uni,1,6.779416084289551,-6.453579902648926,1
OneHandOrebaV3_1060_1_grm_std_uni,1,6.72248649597168,-6.36478328704834,1
OneHandOrebaV3_1060_1_grm_std_uni,1,6.67996883392334,-6.320096969604492,1
OneHandOrebaV3_1060_1_grm_std_uni,1,6.444850921630859,-6.011907577514648,1
OneHandOrebaV3_1060_1_grm_std_uni,2,5.884817600250244,-5.532290935516357,1
OneHandOrebaV3_1060_1_grm_std_uni,2,5.765491962432861,-5.459097385406494,1
OneHandOrebaV3_1060_1_grm_std_uni,2,5.921655654907227,-5.485659599304199,1
OneHandOrebaV3_1060_1_grm_std_uni,2,6.2644124031066895,-5.675075054168701,1
OneHandOrebaV3_1060_1_grm_std_uni,2,6.676846504211426,-6.177659511566162,1
OneHandOrebaV3_1060_1_grm_std_uni,2,6.728635787963867,-6.308706760406494,1
OneHandOrebaV3_1060_1_grm_std_uni,2,6.334554195404053,-6.253970623016357,1
OneHandOrebaV3_1060_1_grm_std_uni,2,5.670094966888428,-5.904726982116699,1
OneHandOrebaV3_1060_1_grm_std_uni,2,5.7224955558776855,-5.884781837463379,1
OneHandOrebaV3_1060_1_grm_std_uni,2,5.823775768280029,-5.86544132232666,1
OneHandOrebaV3_1060_1_grm_std_uni,2,5.424753189086914,-5.25398063659668,1
OneHandOrebaV3_1060_1_grm_std_uni,2,4.367875099182129,-4.141020774841309,1
OneHandOrebaV3_1060_1_grm_std_uni,2,3.5289294719696045,-3.4852263927459717,1
OneHandOrebaV3_1060_1_grm_std_uni,2,4.501120090484619,-4.508089065551758,1
OneHandOrebaV3_1060_1_grm_std_uni,2,4.993026256561279,-5.077658653259277,1
OneHandOrebaV3_1060_1_grm_std_uni,2,5.436805248260498,-5.763050556182861,1
OneHandOrebaV3_1060_1_grm_std_uni,2,5.538241863250732,-5.820261478424072,1
OneHandOrebaV3_1060_1_grm_std_uni,2,4.162901401519775,-3.3389275074005127,1
OneHandOrebaV3_1060_1_grm_std_uni,2,1.3171242475509644,-0.5910961031913757,1
OneHandOrebaV3_1060_1_grm_std_uni,2,1.71210777759552,-1.3393408060073853,1
OneHandOrebaV3_1060_1_grm_std_uni,2,3.7861146926879883,-4.091704368591309,1
OneHandOrebaV3_1060_1_grm_std_uni,2,4.702269554138184,-5.04068660736084,1
OneHandOrebaV3_1060_1_grm_std_uni,2,4.768153190612793,-4.9713311195373535,1
OneHandOrebaV3_1060_1_grm_std_uni,2,5.210623264312744,-5.370034694671631,1
OneHandOrebaV3_1060_1_grm_std_uni,2,5.188536643981934,-5.819829940795898,1
OneHandOrebaV3_1060_1_grm_std_uni,1,5.545600891113281,-6.443526268005371,1
OneHandOrebaV3_1060_1_grm_std_uni,1,6.655572891235352,-7.804914474487305,1
OneHandOrebaV3_1060_1_grm_std_uni,1,8.127714157104492,-9.138999938964844,1
OneHandOrebaV3_1060_1_grm_std_uni,1,8.405196189880371,-8.668776512145996,1
OneHandOrebaV3_1060_1_grm_std_uni,1,8.26633358001709,-8.46117877960205,1
OneHandOrebaV3_1060_1_grm_std_uni,1,7.695709705352783,-8.060685157775879,1
OneHandOrebaV3_1060_1_grm_std_uni,1,7.197713375091553,-7.461270332336426,1
OneHandOrebaV3_1060_1_grm_std_uni,1,6.758811950683594,-7.082063674926758,1
OneHandOrebaV3_1060_1_grm_std_uni,1,6.215274810791016,-6.0414323806762695,1
OneHandOrebaV3_1060_1_grm_std_uni,1,5.593087673187256,-5.79909086227417,1
OneHandOrebaV3_1060_1_grm_std_uni,1,5.409252643585205,-6.109793186187744,1
OneHandOrebaV3_1060_1_grm_std_uni,1,5.48496675491333,-6.220978736877441,1
OneHandOrebaV3_1060_1_grm_std_uni,1,5.581733703613281,-5.87519645690918,1
OneHandOrebaV3_1060_1_grm_std_uni,1,6.22719144821167,-5.431941986083984,1
OneHandOrebaV3_1060_1_grm_std_uni,1,6.339175224304199,-6.478234767913818,1
OneHandOrebaV3_1060_1_grm_std_uni,1,7.770885467529297,-8.111250877380371,1
OneHandOrebaV3_1060_1_grm_std_uni,1,9.058289527893066,-9.517497062683105,1
OneHandOrebaV3_1060_1_grm_std_uni,1,9.234180450439453,-9.648598670959473,1
OneHandOrebaV3_1060_1_grm_std_uni,1,9.051961898803711,-9.130380630493164,1
OneHandOrebaV3_1060_1_grm_std_uni,1,8.218408584594727,-8.281699180603027,1
OneHandOrebaV3_1060_1_grm_std_uni,1,7.666588306427002,-7.7476630210876465,1
OneHandOrebaV3_1060_1_grm_std_uni,1,7.256608963012695,-7.470444679260254,1
OneHandOrebaV3_1060_1_grm_std_uni,1,6.3684492111206055,-6.654998779296875,1
OneHandOrebaV3_1060_1_grm_std_uni,1,5.550212860107422,-5.957576751708984,1
OneHandOrebaV3_1060_1_grm_std_uni,1,5.778087615966797,-5.916207790374756,1
OneHandOrebaV3_1060_1_grm_std_uni,1,5.378900527954102,-5.680172920227051,1
OneHandOrebaV3_1060_1_grm_std_uni,1,5.0042595863342285,-6.0248870849609375,1
OneHandOrebaV3_1060_1_grm_std_uni,1,5.020747184753418,-6.325136184692383,1
OneHandOrebaV3_1060_1_grm_std_uni,1,5.33565092086792,-6.827239990234375,1
OneHandOrebaV3_1060_1_grm_std_uni,1,5.31120491027832,-6.855381488800049,1
OneHandOrebaV3_1060_1_grm_std_uni,1,5.169989109039307,-6.81224250793457,1
OneHandOrebaV3_1060_1_grm_std_uni,1,5.04060173034668,-6.802044868469238,1
OneHandOrebaV3_1060_1_grm_std_uni,1,4.973875522613525,-6.756000995635986,1
OneHandOrebaV3_1060_1_grm_std_uni,1,4.938818454742432,-6.69809103012085,1
OneHandOrebaV3_1060_1_grm_std_uni,1,4.8901495933532715,-6.578947067260742,1
OneHandOrebaV3_1060_1_grm_std_uni,1,4.857996940612793,-6.502449989318848,1
OneHandOrebaV3_1060_1_grm_std_uni,1,4.834914207458496,-6.472749710083008,1
OneHandOrebaV3_1060_1_grm_std_uni,1,4.821172714233398,-6.4535346031188965,1
OneHandOrebaV3_1060_1_grm_std_uni,1,4.821987628936768,-6.45637321472168,1
OneHandOrebaV3_1060_1_grm_std_uni,1,4.826072692871094,-6.456178188323975,1
OneHandOrebaV3_1060_1_grm_std_uni,1,4.834049224853516,-6.4627766609191895,1
OneHandOrebaV3_1060_1_grm_std_uni,1,4.819611549377441,-6.43239688873291,1
OneHandOrebaV3_1060_1_grm_std_uni,1,4.832655906677246,-6.439000606536865,1
OneHandOrebaV3_1060_1_grm_std_uni,1,4.823883533477783,-6.412888526916504,1
OneHandOrebaV3_1060_1_grm_std_uni,1,4.829674243927002,-6.390181541442871,1
OneHandOrebaV3_1060_1_grm_std_uni,1,4.832660675048828,-6.338791370391846,1
OneHandOrebaV3_1060_1_grm_std_uni,1,4.825054168701172,-6.309009075164795,1
OneHandOrebaV3_1060_1_grm_std_uni,1,4.827939510345459,-6.32666015625,1
OneHandOrebaV3_1060_1_grm_std_uni,1,4.829226016998291,-6.328470230102539,1
OneHandOrebaV3_1060_1_grm_std_uni,1,4.838016033172607,-6.314957618713379,1
OneHandOrebaV3_1060_1_grm_std_uni,1,4.850276470184326,-6.268560409545898,1
OneHandOrebaV3_1060_1_grm_std_uni,1,4.847401142120361,-6.2577223777771,1
OneHandOrebaV3_1060_1_grm_std_uni,1,4.87420129776001,-6.286111354827881,1
OneHandOrebaV3_1060_1_grm_std_uni,1,4.871560096740723,-6.254762172698975,1
OneHandOrebaV3_1060_1_grm_std_uni,1,4.85921049118042,-6.22127628326416,1
OneHandOrebaV3_1060_1_grm_std_uni,1,4.934665679931641,-6.209928512573242,1
OneHandOrebaV3_1060_1_grm_std_uni,1,4.956994533538818,-6.103784084320068,1
OneHandOrebaV3_1060_1_grm_std_uni,1,4.9475178718566895,-6.050642490386963,1
OneHandOrebaV3_1060_1_grm_std_uni,1,4.985688209533691,-6.05661678314209,1
OneHandOrebaV3_1060_1_grm_std_uni,1,4.882988929748535,-6.05301570892334,1
OneHandOrebaV3_1060_1_grm_std_uni,1,4.898212909698486,-6.158409118652344,1
OneHandOrebaV3_1060_1_grm_std_uni,1,4.903833389282227,-6.185098648071289,1
OneHandOrebaV3_1060_1_grm_std_uni,1,4.822110652923584,-6.153459548950195,1
OneHandOrebaV3_1060_1_grm_std_uni,1,4.864448547363281,-6.178180694580078,1
OneHandOrebaV3_1060_1_grm_std_uni,1,4.856852054595947,-6.105726718902588,1
OneHandOrebaV3_1060_1_grm_std_uni,1,4.840681552886963,-6.09710693359375,1
OneHandOrebaV3_1060_1_grm_std_uni,1,4.876842975616455,-6.144929885864258,1
OneHandOrebaV3_1060_1_grm_std_uni,1,4.856533050537109,-6.116560459136963,1
OneHandOrebaV3_1060_1_grm_std_uni,1,4.868102550506592,-6.139364719390869,1
OneHandOrebaV3_1060_1_grm_std_uni,1,4.879096984863281,-6.112850189208984,1
OneHandOrebaV3_1060_1_grm_std_uni,1,4.881564617156982,-6.087304592132568,1
OneHandOrebaV3_1060_1_grm_std_uni,1,4.881761074066162,-6.073705196380615,1
OneHandOrebaV3_1060_1_grm_std_uni,1,4.866450786590576,-6.032495975494385,1
OneHandOrebaV3_1060_1_grm_std_uni,1,4.889418125152588,-6.028079509735107,1
OneHandOrebaV3_1060_1_grm_std_uni,1,4.898558139801025,-6.02809476852417,1
OneHandOrebaV3_1060_1_grm_std_uni,1,4.93242883682251,-6.056628704071045,1
OneHandOrebaV3_1060_1_grm_std_uni,1,4.917932033538818,-6.0380449295043945,1
OneHandOrebaV3_1060_1_grm_std_uni,1,4.938840389251709,-6.058910369873047,1
OneHandOrebaV3_1060_1_grm_std_uni,1,4.947786331176758,-6.063594818115234,1
OneHandOrebaV3_1060_1_grm_std_uni,1,4.939217567443848,-6.052640914916992,1
OneHandOrebaV3_1060_1_grm_std_uni,1,4.951157569885254,-6.056477069854736,1
OneHandOrebaV3_1060_1_grm_std_uni,1,4.954646110534668,-6.044769763946533,1
OneHandOrebaV3_1060_1_grm_std_uni,1,4.962290287017822,-6.01939582824707,1
OneHandOrebaV3_1060_1_grm_std_uni,1,4.97101354598999,-6.007954120635986,1
OneHandOrebaV3_1060_1_grm_std_uni,1,4.980601787567139,-6.0099778175354,1
OneHandOrebaV3_1060_1_grm_std_uni,1,4.979985237121582,-5.994348526000977,1
OneHandOrebaV3_1060_1_grm_std_uni,1,5.004188537597656,-6.001095294952393,1
OneHandOrebaV3_1060_1_grm_std_uni,1,5.0237555503845215,-6.0192341804504395,1
OneHandOrebaV3_1060_1_grm_std_uni,1,5.0321784019470215,-6.034614562988281,1
OneHandOrebaV3_1060_1_grm_std_uni,1,5.046778202056885,-6.049071788787842,1
OneHandOrebaV3_1060_1_grm_std_uni,1,5.040909767150879,-6.037888050079346,1
OneHandOrebaV3_1060_1_grm_std_uni,1,5.038614749908447,-6.028909683227539,1
OneHandOrebaV3_1060_1_grm_std_uni,1,5.0278544425964355,-6.022890567779541,1
OneHandOrebaV3_1060_1_grm_std_uni,1,5.034064292907715,-6.034175872802734,1
OneHandOrebaV3_1060_1_grm_std_uni,1,5.0357747077941895,-6.034477233886719,1
OneHandOrebaV3_1060_1_grm_std_uni,1,5.041346549987793,-6.028746604919434,1
OneHandOrebaV3_1060_1_grm_std_uni,1,5.036242961883545,-6.021727561950684,1
OneHandOrebaV3_1060_1_grm_std_uni,1,5.0312700271606445,-6.0267558097839355,1
OneHandOrebaV3_1060_1_grm_std_uni,1,5.041658878326416,-6.0397233963012695,1
OneHandOrebaV3_1060_1_grm_std_uni,1,5.036482810974121,-6.02960729598999,1
OneHandOrebaV3_1060_1_grm_std_uni,1,5.045852184295654,-6.027804374694824,1
OneHandOrebaV3_1060_1_grm_std_uni,1,5.054523468017578,-6.010992527008057,1
OneHandOrebaV3_1060_1_grm_std_uni,1,5.048713684082031,-5.981476783752441,1
OneHandOrebaV3_1060_1_grm_std_uni,1,5.052371978759766,-5.983330726623535,1
OneHandOrebaV3_1060_1_grm_std_uni,1,5.048992156982422,-6.026344299316406,1
OneHandOrebaV3_1060_1_grm_std_uni,1,5.052453994750977,-6.061457633972168,1
OneHandOrebaV3_1060_1_grm_std_uni,1,5.064334392547607,-6.031146049499512,1
OneHandOrebaV3_1060_1_grm_std_uni,1,5.080256938934326,-5.977422714233398,1
OneHandOrebaV3_1060_1_grm_std_uni,1,5.136581897735596,-5.977964401245117,1
OneHandOrebaV3_1060_1_grm_std_uni,1,5.096519947052002,-5.852090358734131,1
OneHandOrebaV3_1060_1_grm_std_uni,1,5.105617523193359,-5.926734924316406,1
OneHandOrebaV3_1060_1_grm_std_uni,1,5.180770397186279,-6.013355731964111,1
OneHandOrebaV3_1060_1_grm_std_uni,1,5.112426280975342,-5.852985858917236,1
OneHandOrebaV3_1060_1_grm_std_uni,1,5.107608318328857,-5.803551197052002,1
OneHandOrebaV3_1060_1_grm_std_uni,1,5.183012962341309,-5.810980796813965,1
OneHandOrebaV3_1060_1_grm_std_uni,1,4.952051162719727,-5.397260665893555,1
OneHandOrebaV3_1060_1_grm_std_uni,1,4.637746334075928,-4.820988655090332,1
OneHandOrebaV3_1060_1_grm_std_uni,1,5.637103080749512,-5.890902996063232,1
OneHandOrebaV3_1060_1_grm_std_uni,1,6.813290119171143,-6.535318374633789,1
OneHandOrebaV3_1060_1_grm_std_uni,1,7.084214210510254,-6.866319179534912,1
OneHandOrebaV3_1060_1_grm_std_uni,1,6.926487922668457,-7.035243511199951,1
OneHandOrebaV3_1060_1_grm_std_uni,1,5.502182960510254,-5.9335222244262695,1
OneHandOrebaV3_1060_1_grm_std_uni,1,5.747289657592773,-6.157953262329102,1
OneHandOrebaV3_1060_1_grm_std_uni,1,5.921663284301758,-6.268068790435791,1
OneHandOrebaV3_1060_1_grm_std_uni,1,5.705862522125244,-6.348896503448486,1
OneHandOrebaV3_1060_1_grm_std_uni,1,5.08160924911499,-6.0223917961120605,1
OneHandOrebaV3_1060_1_grm_std_uni,1,3.691662073135376,-4.206649303436279,1
OneHandOrebaV3_1060_1_grm_std_uni,1,4.814447402954102,-4.934940814971924,1
OneHandOrebaV3_1060_1_grm_std_uni,1,6.4601826667785645,-6.589216709136963,1
OneHandOrebaV3_1060_1_grm_std_uni,1,6.514381408691406,-6.788431167602539,1
OneHandOrebaV3_1060_1_grm_std_uni,1,5.878115177154541,-6.2893500328063965,1
OneHandOrebaV3_1060_1_grm_std_uni,1,5.840095043182373,-6.184556484222412,1
OneHandOrebaV3_1060_1_grm_std_uni,1,5.493013381958008,-5.987874507904053,1
OneHandOrebaV3_1060_1_grm_std_uni,1,5.400223731994629,-5.855574607849121,1
OneHandOrebaV3_1060_1_grm_std_uni,1,4.491830825805664,-4.709859848022461,1
OneHandOrebaV3_1060_1_grm_std_uni,1,3.6309075355529785,-3.6562535762786865,1
OneHandOrebaV3_1060_1_grm_std_uni,1,4.037747383117676,-4.141911029815674,1
OneHandOrebaV3_1060_1_grm_std_uni,1,4.816754341125488,-4.7988200187683105,1
OneHandOrebaV3_1060_1_grm_std_uni,1,5.028861045837402,-4.7272257804870605,1
OneHandOrebaV3_1060_1_grm_std_uni,1,5.24268102645874,-5.043908596038818,1
OneHandOrebaV3_1060_1_grm_std_uni,1,5.781947612762451,-5.60338020324707,1
OneHandOrebaV3_1060_1_grm_std_uni,1,6.38798713684082,-5.797458648681641,1
OneHandOrebaV3_1060_1_grm_std_uni,1,6.122895240783691,-5.708540916442871,1
OneHandOrebaV3_1060_1_grm_std_uni,1,5.766632080078125,-5.587660312652588,1
OneHandOrebaV3_1060_1_grm_std_uni,1,5.736030101776123,-5.607946872711182,1
OneHandOrebaV3_1060_1_grm_std_uni,1,5.353332996368408,-5.256198406219482,1
OneHandOrebaV3_1060_1_grm_std_uni,1,5.878230094909668,-5.800446033477783,1
OneHandOrebaV3_1060_1_grm_std_uni,1,5.8735575675964355,-5.612368583679199,1
OneHandOrebaV3_1060_1_grm_std_uni,1,4.978499412536621,-4.542473316192627,1
OneHandOrebaV3_1060_1_grm_std_uni,1,5.180924892425537,-4.763571739196777,1
OneHandOrebaV3_1060_1_grm_std_uni,1,5.298679351806641,-5.132646560668945,1
OneHandOrebaV3_1060_1_grm_std_uni,1,5.180697441101074,-5.306859493255615,1
OneHandOrebaV3_1060_1_grm_std_uni,1,5.156116485595703,-5.101475715637207,1
OneHandOrebaV3_1060_1_grm_std_uni,1,4.976522445678711,-4.795631408691406,1
OneHandOrebaV3_1060_1_grm_std_uni,1,4.903087139129639,-4.973808288574219,1
OneHandOrebaV3_1060_1_grm_std_uni,1,4.9899797439575195,-5.595678329467773,1
OneHandOrebaV3_1060_1_grm_std_uni,1,5.1114068031311035,-5.798750877380371,1
OneHandOrebaV3_1060_1_grm_std_uni,1,5.320305824279785,-5.750889778137207,1
OneHandOrebaV3_1060_1_grm_std_uni,1,5.460688591003418,-5.50286865234375,1
OneHandOrebaV3_1060_1_grm_std_uni,1,4.390990257263184,-4.175052642822266,1
OneHandOrebaV3_1060_1_grm_std_uni,1,4.48696756362915,-4.126906394958496,1
OneHandOrebaV3_1060_1_grm_std_uni,1,5.160933017730713,-4.808898448944092,1
OneHandOrebaV3_1060_1_grm_std_uni,1,4.462314605712891,-4.204113960266113,1
OneHandOrebaV3_1060_1_grm_std_uni,1,2.1799356937408447,-2.068574905395508,1
OneHandOrebaV3_1060_1_grm_std_uni,1,2.1126489639282227,-2.1922976970672607,1
OneHandOrebaV3_1060_1_grm_std_uni,1,3.463827610015869,-3.9179775714874268,1
OneHandOrebaV3_1060_1_grm_std_uni,1,4.235219955444336,-4.859418869018555,1
OneHandOrebaV3_1060_1_grm_std_uni,1,4.558375358581543,-5.732492923736572,1
OneHandOrebaV3_1060_1_grm_std_uni,1,4.326694011688232,-5.89809513092041,1
OneHandOrebaV3_1060_1_grm_std_uni,1,4.494436264038086,-6.332395553588867,1
OneHandOrebaV3_1060_1_grm_std_uni,1,4.457402229309082,-6.41326379776001,1
OneHandOrebaV3_1060_1_grm_std_uni,1,4.3661603927612305,-6.339601993560791,1
OneHandOrebaV3_1060_1_grm_std_uni,1,4.403781890869141,-6.282804489135742,1
OneHandOrebaV3_1060_1_grm_std_uni,1,4.382719039916992,-6.18521785736084,1
OneHandOrebaV3_1060_1_grm_std_uni,1,4.299282550811768,-6.043751239776611,1
OneHandOrebaV3_1060_1_grm_std_uni,1,4.2660136222839355,-5.931711673736572,1
OneHandOrebaV3_1060_1_grm_std_uni,1,4.2853288650512695,-5.918956279754639,1
OneHandOrebaV3_1060_1_grm_std_uni,1,4.296886920928955,-5.946681022644043,1
OneHandOrebaV3_1060_1_grm_std_uni,1,4.295953750610352,-5.950235366821289,1
OneHandOrebaV3_1060_1_grm_std_uni,1,4.3325958251953125,-5.973730087280273,1
OneHandOrebaV3_1060_1_grm_std_uni,1,4.3393425941467285,-5.937471866607666,1
OneHandOrebaV3_1060_1_grm_std_uni,1,4.358235836029053,-5.928661823272705,1
OneHandOrebaV3_1060_1_grm_std_uni,1,4.363804817199707,-5.918792247772217,1
OneHandOrebaV3_1060_1_grm_std_uni,1,4.394283771514893,-5.939685821533203,1
OneHandOrebaV3_1060_1_grm_std_uni,1,4.462010383605957,-5.959470272064209,1
OneHandOrebaV3_1060_1_grm_std_uni,1,4.542097091674805,-5.927678108215332,1
OneHandOrebaV3_1060_1_grm_std_uni,1,4.604084491729736,-5.904550552368164,1
OneHandOrebaV3_1060_1_grm_std_uni,1,4.590854167938232,-5.787351131439209,1
OneHandOrebaV3_1060_1_grm_std_uni,1,4.672949314117432,-5.850040912628174,1
OneHandOrebaV3_1060_1_grm_std_uni,1,4.768233776092529,-5.904163837432861,1
OneHandOrebaV3_1060_1_grm_std_uni,1,4.542482376098633,-5.474146366119385,1
OneHandOrebaV3_1060_1_grm_std_uni,1,4.11720609664917,-4.9908552169799805,1
OneHandOrebaV3_1060_1_grm_std_uni,1,4.104194641113281,-5.122985363006592,1
OneHandOrebaV3_1060_1_grm_std_uni,1,4.127141952514648,-5.1782989501953125,1
OneHandOrebaV3_1060_1_grm_std_uni,1,4.197373867034912,-5.056455612182617,1
OneHandOrebaV3_1060_1_grm_std_uni,1,4.952873706817627,-5.760395526885986,1
OneHandOrebaV3_1060_1_grm_std_uni,1,3.790879964828491,-4.633182048797607,1
OneHandOrebaV3_1060_1_grm_std_uni,1,2.9753239154815674,-4.171440601348877,1
OneHandOrebaV3_1060_1_grm_std_uni,1,4.1442461013793945,-5.188107967376709,1
OneHandOrebaV3_1060_1_grm_std_uni,1,4.655741214752197,-5.578638553619385,1
OneHandOrebaV3_1060_1_grm_std_uni,1,4.92048978805542,-5.963808059692383,1
OneHandOrebaV3_1060_1_grm_std_uni,1,5.2068586349487305,-6.090395450592041,1
OneHandOrebaV3_1060_1_grm_std_uni,1,4.5948967933654785,-5.3772711753845215,1
OneHandOrebaV3_1060_1_grm_std_uni,1,5.395627975463867,-6.048421382904053,1
OneHandOrebaV3_1060_1_grm_std_uni,1,5.9208292961120605,-6.3741350173950195,1
OneHandOrebaV3_1060_1_grm_std_uni,1,5.883772850036621,-6.248508453369141,1
OneHandOrebaV3_1060_1_grm_std_uni,1,4.305395126342773,-4.762486457824707,1
OneHandOrebaV3_1060_1_grm_std_uni,1,4.279927730560303,-5.239651679992676,1
OneHandOrebaV3_1060_1_grm_std_uni,1,4.903112888336182,-6.1330084800720215,1
OneHandOrebaV3_1060_1_grm_std_uni,1,5.2210164070129395,-6.659203052520752,1
OneHandOrebaV3_1060_1_grm_std_uni,1,5.259095191955566,-7.0644917488098145,1
OneHandOrebaV3_1060_1_grm_std_uni,1,5.33980131149292,-7.189850330352783,1
OneHandOrebaV3_1060_1_grm_std_uni,1,5.331976413726807,-6.74245548248291,1
OneHandOrebaV3_1060_1_grm_std_uni,1,5.262467384338379,-6.479659557342529,1
OneHandOrebaV3_1060_1_grm_std_uni,1,4.941719055175781,-6.176437854766846,1
OneHandOrebaV3_1060_1_grm_std_uni,1,4.544191837310791,-5.870528221130371,1
OneHandOrebaV3_1060_1_grm_std_uni,1,4.81596040725708,-6.307147026062012,1
OneHandOrebaV3_1060_1_grm_std_uni,1,4.9968342781066895,-6.743758678436279,1
OneHandOrebaV3_1060_1_grm_std_uni,1,5.038490295410156,-6.825811386108398,1
OneHandOrebaV3_1060_1_grm_std_uni,1,4.84537410736084,-6.44071102142334,1
OneHandOrebaV3_1060_1_grm_std_uni,1,4.7169694900512695,-6.30983304977417,1
OneHandOrebaV3_1060_1_grm_std_uni,1,4.837868690490723,-6.438465595245361,1
OneHandOrebaV3_1060_1_grm_std_uni,1,4.925474166870117,-6.44929313659668,1
OneHandOrebaV3_1060_1_grm_std_uni,1,5.009268283843994,-6.485486030578613,1
OneHandOrebaV3_1060_1_grm_std_uni,1,4.999953746795654,-6.363765716552734,1
OneHandOrebaV3_1060_1_grm_std_uni,1,5.022788047790527,-6.217893123626709,1
OneHandOrebaV3_1060_1_grm_std_uni,1,4.804632186889648,-5.94743013381958,1
OneHandOrebaV3_1060_1_grm_std_uni,1,4.308589458465576,-5.146897315979004,1
OneHandOrebaV3_1060_1_grm_std_uni,1,3.3721916675567627,-4.1224541664123535,1
OneHandOrebaV3_1060_1_grm_std_uni,1,2.3278088569641113,-2.944688558578491,1
OneHandOrebaV3_1060_1_grm_std_uni,1,3.4111385345458984,-4.241451740264893,1
OneHandOrebaV3_1060_1_grm_std_uni,1,5.167413711547852,-5.790872097015381,1
OneHandOrebaV3_1060_1_grm_std_uni,1,5.718389987945557,-6.953958511352539,1
OneHandOrebaV3_1060_1_grm_std_uni,1,5.533609867095947,-7.075768947601318,1
OneHandOrebaV3_1060_1_grm_std_uni,1,5.281088352203369,-6.750782489776611,1
OneHandOrebaV3_1060_1_grm_std_uni,1,5.259878158569336,-6.6812357902526855,1
OneHandOrebaV3_1060_1_grm_std_uni,1,5.200663089752197,-6.535937786102295,1
OneHandOrebaV3_1060_1_grm_std_uni,1,5.074200630187988,-6.3430938720703125,1
OneHandOrebaV3_1060_1_grm_std_uni,1,4.943259239196777,-6.229032039642334,1
OneHandOrebaV3_1060_1_grm_std_uni,1,4.89586877822876,-6.234107494354248,1
OneHandOrebaV3_1060_1_grm_std_uni,1,4.955322742462158,-6.3148579597473145,1
OneHandOrebaV3_1060_1_grm_std_uni,1,4.988643646240234,-6.31477165222168,1
OneHandOrebaV3_1060_1_grm_std_uni,1,4.955327033996582,-6.2659807205200195,1
OneHandOrebaV3_1060_1_grm_std_uni,1,4.920007705688477,-6.226069450378418,1
OneHandOrebaV3_1060_1_grm_std_uni,1,4.866229057312012,-6.1974358558654785,1
OneHandOrebaV3_1060_1_grm_std_uni,1,4.833639144897461,-6.1598286628723145,1
OneHandOrebaV3_1060_1_grm_std_uni,1,4.8442487716674805,-6.174551486968994,1
OneHandOrebaV3_1060_1_grm_std_uni,1,4.8631696701049805,-6.193630218505859,1
OneHandOrebaV3_1060_1_grm_std_uni,1,4.879793643951416,-6.198056221008301,1
OneHandOrebaV3_1060_1_grm_std_uni,1,4.823910236358643,-6.0876994132995605,1
OneHandOrebaV3_1060_1_grm_std_uni,1,4.78886604309082,-5.959361553192139,1
OneHandOrebaV3_1060_1_grm_std_uni,1,4.88104772567749,-5.785489559173584,1
OneHandOrebaV3_1060_1_grm_std_uni,1,4.208333492279053,-4.830905437469482,1
OneHandOrebaV3_1060_1_grm_std_uni,1,3.849008083343506,-4.392435550689697,1
OneHandOrebaV3_1060_1_grm_std_uni,1,5.04835844039917,-5.557281017303467,1
OneHandOrebaV3_1060_1_grm_std_uni,1,6.474216461181641,-6.432808876037598,1
OneHandOrebaV3_1060_1_grm_std_uni,1,6.313990592956543,-6.474090576171875,1
OneHandOrebaV3_1060_1_grm_std_uni,1,6.816835880279541,-7.049172401428223,1
OneHandOrebaV3_1060_1_grm_std_uni,1,6.717243194580078,-6.963103771209717,1
OneHandOrebaV3_1060_1_grm_std_uni,1,6.728334903717041,-7.129567623138428,1
OneHandOrebaV3_1060_1_grm_std_uni,1,6.760571479797363,-7.113781929016113,1
OneHandOrebaV3_1060_1_grm_std_uni,1,5.400530815124512,-5.996496200561523,1
OneHandOrebaV3_1060_1_grm_std_uni,1,6.117350101470947,-6.462123394012451,1
OneHandOrebaV3_1060_1_grm_std_uni,2,6.279234886169434,-6.786209583282471,1
OneHandOrebaV3_1060_1_grm_std_uni,2,6.109028339385986,-6.856706142425537,1
OneHandOrebaV3_1060_1_grm_std_uni,2,5.78936243057251,-6.412410736083984,1
OneHandOrebaV3_1060_1_grm_std_uni,2,5.493516445159912,-6.256554126739502,1
OneHandOrebaV3_1060_1_grm_std_uni,2,5.428096294403076,-6.302743434906006,1
OneHandOrebaV3_1060_1_grm_std_uni,2,5.539743423461914,-6.2980475425720215,1
OneHandOrebaV3_1060_1_grm_std_uni,2,5.694622039794922,-6.185848236083984,1
OneHandOrebaV3_1060_1_grm_std_uni,2,5.7486748695373535,-6.100021839141846,1
OneHandOrebaV3_1060_1_grm_std_uni,2,5.659476280212402,-6.026427745819092,1
OneHandOrebaV3_1060_1_grm_std_uni,2,5.405728340148926,-5.940451145172119,1
OneHandOrebaV3_1060_1_grm_std_uni,2,4.646533012390137,-5.539076805114746,1
OneHandOrebaV3_1060_1_grm_std_uni,2,0.40417900681495667,-1.159517526626587,1
OneHandOrebaV3_1060_1_grm_std_uni,2,-1.7873114347457886,1.871746301651001,1
OneHandOrebaV3_1060_1_grm_std_uni,2,-1.9472315311431885,3.206575632095337,2
OneHandOrebaV3_1060_1_grm_std_uni,2,-0.48075956106185913,1.5536054372787476,1
OneHandOrebaV3_1060_1_grm_std_uni,2,4.446533679962158,-4.005934715270996,1
OneHandOrebaV3_1060_1_grm_std_uni,2,6.034631729125977,-6.792591094970703,1
OneHandOrebaV3_1060_1_grm_std_uni,2,5.38462495803833,-6.616656303405762,1
OneHandOrebaV3_1060_1_grm_std_uni,2,5.345293045043945,-6.523547649383545,1
OneHandOrebaV3_1060_1_grm_std_uni,2,5.334480285644531,-6.578409194946289,1
OneHandOrebaV3_1060_1_grm_std_uni,2,5.254348278045654,-6.479994297027588,1
OneHandOrebaV3_1060_1_grm_std_uni,1,4.499988079071045,-6.096557140350342,1
OneHandOrebaV3_1060_1_grm_std_uni,1,3.8945534229278564,-5.259286880493164,1
OneHandOrebaV3_1060_1_grm_std_uni,1,5.015390872955322,-5.719028472900391,1
OneHandOrebaV3_1060_1_grm_std_uni,1,5.913804054260254,-6.238000392913818,1
OneHandOrebaV3_1060_1_grm_std_uni,1,6.467228412628174,-6.619871139526367,1
OneHandOrebaV3_1060_1_grm_std_uni,1,7.386898040771484,-7.23691987991333,1
OneHandOrebaV3_1060_1_grm_std_uni,1,8.514975547790527,-8.543033599853516,1
OneHandOrebaV3_1060_1_grm_std_uni,1,8.773784637451172,-8.746752738952637,1
OneHandOrebaV3_1060_1_grm_std_uni,1,8.347040176391602,-8.189594268798828,1
OneHandOrebaV3_1060_1_grm_std_uni,1,7.73199462890625,-7.720306873321533,1
OneHandOrebaV3_1060_1_grm_std_uni,1,6.676060676574707,-7.186502456665039,1
OneHandOrebaV3_1060_1_grm_std_uni,1,4.732265949249268,-5.265534400939941,1
OneHandOrebaV3_1060_1_grm_std_uni,1,3.869379758834839,-4.471538066864014,1
OneHandOrebaV3_1060_1_grm_std_uni,1,4.775073528289795,-5.436154365539551,1
OneHandOrebaV3_1060_1_grm_std_uni,1,5.7267045974731445,-6.379230499267578,1
OneHandOrebaV3_1060_1_grm_std_uni,1,5.899569511413574,-7.006972312927246,1
OneHandOrebaV3_1060_1_grm_std_uni,1,5.585791110992432,-7.1927876472473145,1
OneHandOrebaV3_1060_1_grm_std_uni,1,5.3684844970703125,-7.224549293518066,1
OneHandOrebaV3_1060_1_grm_std_uni,1,5.262781143188477,-7.059062480926514,1
OneHandOrebaV3_1060_1_grm_std_uni,1,5.200695037841797,-6.899163246154785,1
OneHandOrebaV3_1060_1_grm_std_uni,1,5.167323112487793,-6.791917324066162,1
OneHandOrebaV3_1060_1_grm_std_uni,1,5.2033562660217285,-6.42944860458374,1
OneHandOrebaV3_1060_1_grm_std_uni,1,5.1782426834106445,-6.212325096130371,1
OneHandOrebaV3_1060_1_grm_std_uni,1,5.040033340454102,-6.018905162811279,1
OneHandOrebaV3_1060_1_grm_std_uni,1,4.795336723327637,-5.601312160491943,1
OneHandOrebaV3_1060_1_grm_std_uni,1,4.897386074066162,-5.560404300689697,1
OneHandOrebaV3_1060_1_grm_std_uni,1,4.719327926635742,-5.299407005310059,1
OneHandOrebaV3_1060_1_grm_std_uni,1,4.870762825012207,-5.492802619934082,1
OneHandOrebaV3_1060_1_grm_std_uni,1,4.991954803466797,-5.643484592437744,1
OneHandOrebaV3_1060_1_grm_std_uni,1,4.836238384246826,-5.691816329956055,1
OneHandOrebaV3_1060_1_grm_std_uni,1,4.474327564239502,-5.781552791595459,1
OneHandOrebaV3_1060_1_grm_std_uni,1,4.865638256072998,-6.615788459777832,1
OneHandOrebaV3_1060_1_grm_std_uni,1,5.2646989822387695,-7.009780406951904,1
OneHandOrebaV3_1060_1_grm_std_uni,1,5.299483299255371,-6.87015962600708,1
OneHandOrebaV3_1060_1_grm_std_uni,1,5.301443576812744,-6.696598052978516,1
OneHandOrebaV3_1060_1_grm_std_uni,1,5.17612361907959,-6.390648365020752,1
OneHandOrebaV3_1060_1_grm_std_uni,1,5.074929714202881,-6.2658843994140625,1
OneHandOrebaV3_1060_1_grm_std_uni,1,4.90092134475708,-6.091499328613281,1
OneHandOrebaV3_1060_1_grm_std_uni,1,4.718259334564209,-5.835433483123779,1
OneHandOrebaV3_1060_1_grm_std_uni,1,4.8358306884765625,-5.893302917480469,1
OneHandOrebaV3_1060_1_grm_std_uni,1,5.139147758483887,-6.388524532318115,1
OneHandOrebaV3_1060_1_grm_std_uni,1,5.006629467010498,-6.287602424621582,1
OneHandOrebaV3_1060_1_grm_std_uni,1,4.605774879455566,-5.658002853393555,1
OneHandOrebaV3_1060_1_grm_std_uni,1,4.241818904876709,-5.098324298858643,1
OneHandOrebaV3_1060_1_grm_std_uni,1,4.001601696014404,-4.772001266479492,1
OneHandOrebaV3_1060_1_grm_std_uni,1,3.8068127632141113,-4.512472152709961,1
OneHandOrebaV3_1060_1_grm_std_uni,1,3.9281630516052246,-4.557118892669678,1
OneHandOrebaV3_1060_1_grm_std_uni,1,3.509326219558716,-4.13040828704834,1
OneHandOrebaV3_1060_1_grm_std_uni,1,3.290905237197876,-3.9339020252227783,1
OneHandOrebaV3_1060_1_grm_std_uni,1,3.3288350105285645,-4.026185512542725,1
OneHandOrebaV3_1060_1_grm_std_uni,1,3.141616106033325,-3.841564178466797,1
OneHandOrebaV3_1060_1_grm_std_uni,1,3.964531421661377,-4.739449977874756,1
OneHandOrebaV3_1060_1_grm_std_uni,1,3.870515823364258,-4.475198745727539,1
OneHandOrebaV3_1060_1_grm_std_uni,1,3.5424256324768066,-4.081201076507568,1
OneHandOrebaV3_1060_1_grm_std_uni,1,3.053043842315674,-3.9258670806884766,1
OneHandOrebaV3_1060_1_grm_std_uni,1,3.3694019317626953,-4.268694877624512,1
OneHandOrebaV3_1060_1_grm_std_uni,1,3.374389410018921,-4.10701322555542,1
OneHandOrebaV3_1060_1_grm_std_uni,1,3.2226693630218506,-4.111659526824951,1
OneHandOrebaV3_1060_1_grm_std_uni,1,2.793544054031372,-3.7279622554779053,1
OneHandOrebaV3_1060_1_grm_std_uni,1,1.08372163772583,-1.7704731225967407,1
OneHandOrebaV3_1060_1_grm_std_uni,1,-0.14288488030433655,-0.8978211879730225,1
OneHandOrebaV3_1060_1_grm_std_uni,1,1.602974534034729,-2.737668991088867,1
OneHandOrebaV3_1060_1_grm_std_uni,1,3.7336575984954834,-4.684638023376465,1
OneHandOrebaV3_1060_1_grm_std_uni,1,4.694387435913086,-5.586535930633545,1
OneHandOrebaV3_1060_1_grm_std_uni,1,5.090749263763428,-5.701622486114502,1
OneHandOrebaV3_1060_1_grm_std_uni,1,4.964526176452637,-5.424497604370117,1
OneHandOrebaV3_1060_1_grm_std_uni,1,4.578807353973389,-5.519523620605469,1
OneHandOrebaV3_1060_1_grm_std_uni,1,4.177582263946533,-5.743295669555664,1
OneHandOrebaV3_1060_1_grm_std_uni,1,4.3001203536987305,-6.144622325897217,1
OneHandOrebaV3_1060_1_grm_std_uni,1,4.460300922393799,-6.396184921264648,1
OneHandOrebaV3_1060_1_grm_std_uni,1,4.561905860900879,-6.423083782196045,1
OneHandOrebaV3_1060_1_grm_std_uni,1,4.544069766998291,-6.25598669052124,1
OneHandOrebaV3_1060_1_grm_std_uni,1,4.479384422302246,-6.080510139465332,1
OneHandOrebaV3_1060_1_grm_std_uni,1,4.449758052825928,-6.049577236175537,1
OneHandOrebaV3_1060_1_grm_std_uni,1,4.4460906982421875,-6.059441566467285,1
OneHandOrebaV3_1060_1_grm_std_uni,1,4.429750919342041,-6.0011491775512695,1
OneHandOrebaV3_1060_1_grm_std_uni,1,4.416835784912109,-5.921435832977295,1
OneHandOrebaV3_1060_1_grm_std_uni,1,4.440922737121582,-5.897917747497559,1
OneHandOrebaV3_1060_1_grm_std_uni,1,4.467257976531982,-5.914774417877197,1
OneHandOrebaV3_1060_1_grm_std_uni,1,4.469805717468262,-5.945161819458008,1
OneHandOrebaV3_1060_1_grm_std_uni,1,4.513366222381592,-6.004594326019287,1
OneHandOrebaV3_1060_1_grm_std_uni,1,4.51583194732666,-5.956884860992432,1
OneHandOrebaV3_1060_1_grm_std_uni,1,4.5260820388793945,-5.90915060043335,1
OneHandOrebaV3_1060_1_grm_std_uni,1,4.55384635925293,-5.930909156799316,1
OneHandOrebaV3_1060_1_grm_std_uni,1,4.556612014770508,-5.935100555419922,1
OneHandOrebaV3_1060_1_grm_std_uni,1,4.586880207061768,-5.94425630569458,1
OneHandOrebaV3_1060_1_grm_std_uni,1,4.633383750915527,-5.919347763061523,1
OneHandOrebaV3_1060_1_grm_std_uni,1,4.676948547363281,-5.882421493530273,1
OneHandOrebaV3_1060_1_grm_std_uni,1,4.706843852996826,-5.784547328948975,1
OneHandOrebaV3_1060_1_grm_std_uni,1,4.700040817260742,-5.606655120849609,1
OneHandOrebaV3_1060_1_grm_std_uni,1,4.612429618835449,-5.355170726776123,1
OneHandOrebaV3_1060_1_grm_std_uni,1,4.331453800201416,-4.986959934234619,1
OneHandOrebaV3_1060_1_grm_std_uni,1,3.8922886848449707,-4.591917514801025,1
OneHandOrebaV3_1060_1_grm_std_uni,1,3.886378049850464,-4.657291412353516,1
OneHandOrebaV3_1060_1_grm_std_uni,1,5.216905117034912,-5.568718910217285,1
OneHandOrebaV3_1060_1_grm_std_uni,1,6.493142127990723,-6.300418853759766,1
OneHandOrebaV3_1060_1_grm_std_uni,1,6.857669353485107,-6.501819133758545,1
OneHandOrebaV3_1060_1_grm_std_uni,1,6.852789402008057,-6.5863938331604,1
OneHandOrebaV3_1060_1_grm_std_uni,1,6.324673175811768,-6.172412395477295,1
OneHandOrebaV3_1060_1_grm_std_uni,1,6.548998832702637,-6.508798599243164,1
OneHandOrebaV3_1060_1_grm_std_uni,1,6.6096391677856445,-6.678139686584473,1
OneHandOrebaV3_1060_1_grm_std_uni,1,6.459183692932129,-6.683100700378418,1
OneHandOrebaV3_1060_1_grm_std_uni,1,6.372386932373047,-6.353116035461426,1
OneHandOrebaV3_1060_1_grm_std_uni,2,6.511821269989014,-6.318841934204102,1
OneHandOrebaV3_1060_1_grm_std_uni,2,6.28413724899292,-6.164495944976807,1
OneHandOrebaV3_1060_1_grm_std_uni,2,6.049456596374512,-6.068750381469727,1
OneHandOrebaV3_1060_1_grm_std_uni,2,5.858906269073486,-6.041544437408447,1
OneHandOrebaV3_1060_1_grm_std_uni,2,5.724038600921631,-6.0588250160217285,1
OneHandOrebaV3_1060_1_grm_std_uni,2,5.732534885406494,-6.119594573974609,1
OneHandOrebaV3_1060_1_grm_std_uni,2,5.447653770446777,-5.79472017288208,1
OneHandOrebaV3_1060_1_grm_std_uni,2,0.9813637137413025,-0.3804660737514496,1
OneHandOrebaV3_1060_1_grm_std_uni,2,-1.367158055305481,2.8648934364318848,2
OneHandOrebaV3_1060_1_grm_std_uni,2,2.196493148803711,-1.074938416481018,1
OneHandOrebaV3_1060_1_grm_std_uni,2,5.512925624847412,-6.230398178100586,1
OneHandOrebaV3_1060_1_grm_std_uni,2,5.37089729309082,-6.620697498321533,1
OneHandOrebaV3_1060_1_grm_std_uni,2,4.91787052154541,-6.082276344299316,1
OneHandOrebaV3_1060_1_grm_std_uni,2,4.570591926574707,-6.079177379608154,1
OneHandOrebaV3_1060_1_grm_std_uni,2,4.877597808837891,-6.23569393157959,1
OneHandOrebaV3_1060_1_grm_std_uni,2,4.925962448120117,-6.364128589630127,1
OneHandOrebaV3_1060_1_grm_std_uni,1,4.528745174407959,-6.3080153465271,1
OneHandOrebaV3_1060_1_grm_std_uni,1,5.251028060913086,-6.375154972076416,1
OneHandOrebaV3_1060_1_grm_std_uni,1,6.405473232269287,-6.840051651000977,1
OneHandOrebaV3_1060_1_grm_std_uni,1,6.560125350952148,-6.951692581176758,1
OneHandOrebaV3_1060_1_grm_std_uni,1,6.4256205558776855,-6.934778690338135,1
OneHandOrebaV3_1060_1_grm_std_uni,1,6.11185884475708,-6.502693176269531,1
OneHandOrebaV3_1060_1_grm_std_uni,1,6.3151960372924805,-6.605804443359375,1
OneHandOrebaV3_1060_1_grm_std_uni,1,6.573949813842773,-6.898258209228516,1
OneHandOrebaV3_1060_1_grm_std_uni,1,6.550817012786865,-6.713945388793945,1
OneHandOrebaV3_1060_1_grm_std_uni,1,6.267350196838379,-6.432347774505615,1
OneHandOrebaV3_1060_1_grm_std_uni,1,6.205869197845459,-6.728634834289551,1
OneHandOrebaV3_1060_1_grm_std_uni,1,6.205860137939453,-6.951542854309082,1
OneHandOrebaV3_1060_1_grm_std_uni,1,6.13752555847168,-6.8513288497924805,1
OneHandOrebaV3_1060_1_grm_std_uni,1,5.696071624755859,-6.270622730255127,1
OneHandOrebaV3_1060_1_grm_std_uni,1,5.4018235206604,-5.895962238311768,1
OneHandOrebaV3_1060_1_grm_std_uni,1,5.743978500366211,-5.983292102813721,1
OneHandOrebaV3_1060_1_grm_std_uni,1,7.353639602661133,-7.403151512145996,1
OneHandOrebaV3_1060_1_grm_std_uni,1,8.420106887817383,-8.24103832244873,1
OneHandOrebaV3_1060_1_grm_std_uni,1,8.155413627624512,-7.90009069442749,1
OneHandOrebaV3_1060_1_grm_std_uni,1,7.142177104949951,-7.030967712402344,1
OneHandOrebaV3_1060_1_grm_std_uni,1,5.803036212921143,-5.727712154388428,1
OneHandOrebaV3_1060_1_grm_std_uni,1,5.964592456817627,-5.9712653160095215,1
OneHandOrebaV3_1060_1_grm_std_uni,1,6.320351600646973,-6.549675941467285,1
OneHandOrebaV3_1060_1_grm_std_uni,1,5.335594654083252,-6.050008773803711,1
OneHandOrebaV3_1060_1_grm_std_uni,1,3.28273344039917,-3.9645793437957764,1
OneHandOrebaV3_1060_1_grm_std_uni,1,2.9231088161468506,-3.06632661819458,1
OneHandOrebaV3_1060_1_grm_std_uni,1,3.652066469192505,-2.9766218662261963,1
OneHandOrebaV3_1060_1_grm_std_uni,1,4.779067039489746,-4.589879035949707,1
OneHandOrebaV3_1060_1_grm_std_uni,1,5.183808326721191,-5.680208683013916,1
OneHandOrebaV3_1060_1_grm_std_uni,1,3.846498966217041,-4.305395603179932,1
OneHandOrebaV3_1060_1_grm_std_uni,1,4.264596939086914,-4.845249652862549,1
OneHandOrebaV3_1060_1_grm_std_uni,1,5.074904918670654,-6.137739181518555,1
OneHandOrebaV3_1060_1_grm_std_uni,1,5.496235370635986,-6.75919771194458,1
OneHandOrebaV3_1060_1_grm_std_uni,1,5.598970890045166,-7.000537395477295,1
OneHandOrebaV3_1060_1_grm_std_uni,1,5.40045690536499,-6.889209270477295,1
OneHandOrebaV3_1060_1_grm_std_uni,1,5.18017053604126,-6.908670902252197,1
OneHandOrebaV3_1060_1_grm_std_uni,1,5.089036464691162,-6.951711177825928,1
OneHandOrebaV3_1060_1_grm_std_uni,1,4.932051181793213,-6.6736836433410645,1
OneHandOrebaV3_1060_1_grm_std_uni,1,4.799649238586426,-6.500187873840332,1
OneHandOrebaV3_1060_1_grm_std_uni,1,4.711675643920898,-6.387460708618164,1
OneHandOrebaV3_1060_1_grm_std_uni,1,4.643762111663818,-6.384039878845215,1
OneHandOrebaV3_1060_1_grm_std_uni,1,4.68254280090332,-6.354297637939453,1
OneHandOrebaV3_1060_1_grm_std_uni,1,4.7000274658203125,-6.377591133117676,1
OneHandOrebaV3_1060_1_grm_std_uni,1,4.699726581573486,-6.39525842666626,1
OneHandOrebaV3_1060_1_grm_std_uni,1,4.694262504577637,-6.419564247131348,1
OneHandOrebaV3_1060_1_grm_std_uni,1,4.732102394104004,-6.332862854003906,1
OneHandOrebaV3_1060_1_grm_std_uni,1,4.816812515258789,-6.317139625549316,1
OneHandOrebaV3_1060_1_grm_std_uni,1,4.824623107910156,-6.212785243988037,1
OneHandOrebaV3_1060_1_grm_std_uni,1,4.491829872131348,-5.743590354919434,1
OneHandOrebaV3_1060_1_grm_std_uni,1,4.606752395629883,-5.7503132820129395,1
OneHandOrebaV3_1060_1_grm_std_uni,1,4.430135726928711,-5.772971153259277,1
OneHandOrebaV3_1060_1_grm_std_uni,1,4.188863754272461,-5.521941184997559,1
OneHandOrebaV3_1060_1_grm_std_uni,1,4.564725875854492,-5.7719621658325195,1
OneHandOrebaV3_1060_1_grm_std_uni,1,5.107143402099609,-6.1927385330200195,1
OneHandOrebaV3_1060_1_grm_std_uni,1,5.04679012298584,-6.025245666503906,1
OneHandOrebaV3_1060_1_grm_std_uni,1,5.302448272705078,-6.116830825805664,1
OneHandOrebaV3_1060_1_grm_std_uni,1,6.22440242767334,-6.5587334632873535,1
OneHandOrebaV3_1060_1_grm_std_uni,1,6.151704788208008,-6.157720565795898,1
OneHandOrebaV3_1060_1_grm_std_uni,1,6.245344161987305,-6.074024200439453,1
OneHandOrebaV3_1060_1_grm_std_uni,1,6.208796977996826,-6.398463726043701,1
OneHandOrebaV3_1060_1_grm_std_uni,1,5.933421611785889,-5.964426517486572,1
OneHandOrebaV3_1060_1_grm_std_uni,1,5.2720417976379395,-5.0399861335754395,1
OneHandOrebaV3_1060_1_grm_std_uni,1,4.905125141143799,-4.472977638244629,1
OneHandOrebaV3_1060_1_grm_std_uni,1,5.203678607940674,-5.347711086273193,1
OneHandOrebaV3_1060_1_grm_std_uni,1,4.991341590881348,-6.110769748687744,1
OneHandOrebaV3_1060_1_grm_std_uni,1,5.430578708648682,-6.5739970207214355,1
OneHandOrebaV3_1060_1_grm_std_uni,1,6.635454177856445,-7.411337852478027,1
OneHandOrebaV3_1060_1_grm_std_uni,1,7.7567620277404785,-8.22482681274414,1
OneHandOrebaV3_1060_1_grm_std_uni,1,8.423783302307129,-8.85363483428955,1
OneHandOrebaV3_1060_1_grm_std_uni,1,8.91927433013916,-8.934301376342773,1
OneHandOrebaV3_1060_1_grm_std_uni,1,8.748208999633789,-8.567386627197266,1
OneHandOrebaV3_1060_1_grm_std_uni,1,8.360283851623535,-8.235886573791504,1
OneHandOrebaV3_1060_1_grm_std_uni,1,7.784666061401367,-7.420052528381348,1
OneHandOrebaV3_1060_1_grm_std_uni,2,7.455837726593018,-6.957294940948486,1
OneHandOrebaV3_1060_1_grm_std_uni,2,7.24533224105835,-6.777465343475342,1
OneHandOrebaV3_1060_1_grm_std_uni,2,7.013487815856934,-6.685927867889404,1
OneHandOrebaV3_1060_1_grm_std_uni,2,6.500396728515625,-6.533553123474121,1
OneHandOrebaV3_1060_1_grm_std_uni,2,1.1456284523010254,-1.933797836303711,1
OneHandOrebaV3_1060_1_grm_std_uni,2,2.2447457313537598,-1.6301826238632202,1
OneHandOrebaV3_1060_1_grm_std_uni,2,5.2722578048706055,-5.659042835235596,1
OneHandOrebaV3_1060_1_grm_std_uni,2,4.78563928604126,-5.368224620819092,1
OneHandOrebaV3_1060_1_grm_std_uni,2,5.081395149230957,-5.925391674041748,1
OneHandOrebaV3_1060_1_grm_std_uni,2,4.538366317749023,-5.946393013000488,1
OneHandOrebaV3_1060_1_grm_std_uni,1,4.036167621612549,-4.9840569496154785,1
OneHandOrebaV3_1060_1_grm_std_uni,1,4.374066352844238,-5.008659362792969,1
OneHandOrebaV3_1060_1_grm_std_uni,1,4.5920281410217285,-5.317374229431152,1
OneHandOrebaV3_1060_1_grm_std_uni,1,4.079973220825195,-4.973088264465332,1
OneHandOrebaV3_1060_1_grm_std_uni,1,4.966949462890625,-5.974260330200195,1
OneHandOrebaV3_1060_1_grm_std_uni,1,4.826229572296143,-5.960195541381836,1
OneHandOrebaV3_1060_1_grm_std_uni,1,4.706918716430664,-5.935378551483154,1
OneHandOrebaV3_1060_1_grm_std_uni,1,4.636312007904053,-6.047813415527344,1
OneHandOrebaV3_1060_1_grm_std_uni,1,4.173980712890625,-5.652777671813965,1
OneHandOrebaV3_1060_1_grm_std_uni,1,4.479976654052734,-5.770428657531738,1
OneHandOrebaV3_1060_1_grm_std_uni,1,4.810416221618652,-6.050819396972656,1
OneHandOrebaV3_1060_1_grm_std_uni,1,5.029698371887207,-6.360391139984131,1
OneHandOrebaV3_1060_1_grm_std_uni,1,4.811009883880615,-6.376160621643066,1
OneHandOrebaV3_1060_1_grm_std_uni,1,5.918199062347412,-6.720311164855957,1
OneHandOrebaV3_1060_1_grm_std_uni,1,6.220067501068115,-6.752224445343018,1
OneHandOrebaV3_1060_1_grm_std_uni,1,5.8425140380859375,-6.4654998779296875,1
OneHandOrebaV3_1060_1_grm_std_uni,1,5.655689716339111,-6.160099506378174,1
OneHandOrebaV3_1060_1_grm_std_uni,1,5.72631311416626,-6.26737117767334,1
OneHandOrebaV3_1060_1_grm_std_uni,1,3.460552930831909,-4.331319808959961,1
OneHandOrebaV3_1060_1_grm_std_uni,1,-0.23558974266052246,0.4332658350467682,2
OneHandOrebaV3_1060_1_grm_std_uni,1,2.1420493125915527,-0.5412689447402954,1
OneHandOrebaV3_1060_1_grm_std_uni,1,5.541684150695801,-5.396698474884033,1
OneHandOrebaV3_1060_1_grm_std_uni,1,5.215117454528809,-5.976711273193359,1
OneHandOrebaV3_1060_1_grm_std_uni,1,5.124329090118408,-6.209666728973389,1
OneHandOrebaV3_1060_1_grm_std_uni,1,5.087679386138916,-6.0965657234191895,1
OneHandOrebaV3_1060_1_grm_std_uni,1,5.104030132293701,-6.4157633781433105,1
OneHandOrebaV3_1060_1_grm_std_uni,1,5.16517972946167,-7.324416160583496,1
OneHandOrebaV3_1060_1_grm_std_uni,1,6.335850238800049,-7.636852264404297,1
OneHandOrebaV3_1060_1_grm_std_uni,1,6.0755391120910645,-6.840640544891357,1
OneHandOrebaV3_1060_1_grm_std_uni,1,6.498203277587891,-7.15917444229126,1
OneHandOrebaV3_1060_1_grm_std_uni,1,6.423254013061523,-7.175911903381348,1
OneHandOrebaV3_1060_1_grm_std_uni,1,5.921626567840576,-6.661411285400391,1
OneHandOrebaV3_1060_1_grm_std_uni,1,4.604570388793945,-5.009980201721191,1
OneHandOrebaV3_1060_1_grm_std_uni,1,5.009720802307129,-5.050429821014404,1
OneHandOrebaV3_1060_1_grm_std_uni,1,5.499382972717285,-5.30343770980835,1
OneHandOrebaV3_1060_1_grm_std_uni,1,5.787635326385498,-5.351863861083984,1
OneHandOrebaV3_1060_1_grm_std_uni,1,6.13742208480835,-5.832787990570068,1
OneHandOrebaV3_1060_1_grm_std_uni,1,6.537414073944092,-6.610119342803955,1
OneHandOrebaV3_1060_1_grm_std_uni,1,7.001345157623291,-7.1781086921691895,1
OneHandOrebaV3_1060_1_grm_std_uni,1,6.625836372375488,-6.894410610198975,1
OneHandOrebaV3_1060_1_grm_std_uni,1,6.522617816925049,-6.883598804473877,1
OneHandOrebaV3_1060_1_grm_std_uni,1,6.3462138175964355,-6.5720319747924805,1
OneHandOrebaV3_1060_1_grm_std_uni,1,5.2769012451171875,-6.070111274719238,1
OneHandOrebaV3_1060_1_grm_std_uni,1,4.421814441680908,-5.414841651916504,1
OneHandOrebaV3_1060_1_grm_std_uni,1,4.858302593231201,-5.47332763671875,1
OneHandOrebaV3_1060_1_grm_std_uni,1,5.4354963302612305,-5.696929454803467,1
OneHandOrebaV3_1060_1_grm_std_uni,1,5.512954235076904,-5.7341179847717285,1
OneHandOrebaV3_1060_1_grm_std_uni,1,5.312160015106201,-5.410090446472168,1
OneHandOrebaV3_1060_1_grm_std_uni,1,5.659120559692383,-5.15184211730957,1
OneHandOrebaV3_1060_1_grm_std_uni,1,5.230718612670898,-4.818981170654297,1
OneHandOrebaV3_1060_1_grm_std_uni,1,5.102041244506836,-5.58750057220459,1
OneHandOrebaV3_1060_1_grm_std_uni,1,4.7643256187438965,-5.459934234619141,1
OneHandOrebaV3_1060_1_grm_std_uni,1,5.315907001495361,-5.438856601715088,1
OneHandOrebaV3_1060_1_grm_std_uni,1,4.826165199279785,-4.849742889404297,1
OneHandOrebaV3_1060_1_grm_std_uni,1,4.931163311004639,-5.205674648284912,1
OneHandOrebaV3_1060_1_grm_std_uni,1,5.238951206207275,-6.080561637878418,1
OneHandOrebaV3_1060_1_grm_std_uni,1,5.643483638763428,-6.552709102630615,1
OneHandOrebaV3_1060_1_grm_std_uni,1,5.602827548980713,-6.839428424835205,1
OneHandOrebaV3_1060_1_grm_std_uni,1,6.095205307006836,-7.042669773101807,1
OneHandOrebaV3_1060_1_grm_std_uni,1,7.0112409591674805,-7.368004322052002,1
OneHandOrebaV3_1060_1_grm_std_uni,1,7.373385906219482,-7.72503662109375,1
OneHandOrebaV3_1060_1_grm_std_uni,1,7.790585041046143,-8.16556167602539,1
OneHandOrebaV3_1060_1_grm_std_uni,1,7.403174877166748,-7.6096272468566895,1
OneHandOrebaV3_1060_1_grm_std_uni,1,6.3725762367248535,-6.724827766418457,1
OneHandOrebaV3_1060_1_grm_std_uni,1,7.447211265563965,-7.783726692199707,1
OneHandOrebaV3_1060_1_grm_std_uni,1,7.381717205047607,-7.8942413330078125,1
OneHandOrebaV3_1060_1_grm_std_uni,1,7.251167297363281,-7.758335590362549,1
OneHandOrebaV3_1060_1_grm_std_uni,1,6.767318248748779,-7.0899858474731445,1
OneHandOrebaV3_1060_1_grm_std_uni,1,6.881923675537109,-7.191307067871094,1
OneHandOrebaV3_1060_1_grm_std_uni,1,7.504025936126709,-7.728457450866699,1
OneHandOrebaV3_1060_1_grm_std_uni,1,7.081553936004639,-7.1930975914001465,1
OneHandOrebaV3_1060_1_grm_std_uni,1,7.492915153503418,-7.563357353210449,1
OneHandOrebaV3_1060_1_grm_std_uni,1,7.487516403198242,-7.992072105407715,1
OneHandOrebaV3_1060_1_grm_std_uni,1,6.408707141876221,-7.060044765472412,1
OneHandOrebaV3_1060_1_grm_std_uni,1,7.243748188018799,-7.498717784881592,1
OneHandOrebaV3_1060_1_grm_std_uni,1,7.877933502197266,-7.762965679168701,1
OneHandOrebaV3_1060_1_grm_std_uni,1,7.8253912925720215,-7.755622386932373,1
OneHandOrebaV3_1060_1_grm_std_uni,1,7.534045219421387,-7.545382499694824,1
OneHandOrebaV3_1060_1_grm_std_uni,1,6.788619518280029,-7.055629730224609,1
OneHandOrebaV3_1060_1_grm_std_uni,1,6.275078296661377,-6.768407344818115,1
OneHandOrebaV3_1060_1_grm_std_uni,1,6.031277656555176,-6.759555816650391,1
OneHandOrebaV3_1060_1_grm_std_uni,1,5.234218597412109,-6.007907867431641,1
OneHandOrebaV3_1060_1_grm_std_uni,1,3.9138333797454834,-4.315829753875732,1
OneHandOrebaV3_1060_1_grm_std_uni,1,3.758297920227051,-3.831041097640991,1
OneHandOrebaV3_1060_1_grm_std_uni,1,4.539700984954834,-4.672383785247803,1
OneHandOrebaV3_1060_1_grm_std_uni,1,5.149103164672852,-5.2981696128845215,1
OneHandOrebaV3_1060_1_grm_std_uni,1,5.369243621826172,-5.907313346862793,1
OneHandOrebaV3_1060_1_grm_std_uni,1,6.05174446105957,-6.664170742034912,1
OneHandOrebaV3_1060_1_grm_std_uni,1,6.972148895263672,-7.116370677947998,1
OneHandOrebaV3_1060_1_grm_std_uni,1,7.193395614624023,-7.226528167724609,1
OneHandOrebaV3_1060_1_grm_std_uni,1,6.876204013824463,-6.863162517547607,1
OneHandOrebaV3_1060_1_grm_std_uni,1,6.844737529754639,-6.8253068923950195,1
OneHandOrebaV3_1060_1_grm_std_uni,1,6.118481636047363,-6.423905849456787,1
OneHandOrebaV3_1060_1_grm_std_uni,1,6.807373046875,-6.896353244781494,1
OneHandOrebaV3_1060_1_grm_std_uni,1,7.40165901184082,-7.152426719665527,1
OneHandOrebaV3_1060_1_grm_std_uni,1,6.661320209503174,-6.902888774871826,1
OneHandOrebaV3_1060_1_grm_std_uni,1,6.819350242614746,-7.178527355194092,1
OneHandOrebaV3_1060_1_grm_std_uni,1,6.652542591094971,-7.066274166107178,1
OneHandOrebaV3_1060_1_grm_std_uni,1,6.955628871917725,-7.132150173187256,1
OneHandOrebaV3_1060_1_grm_std_uni,1,6.866506576538086,-7.041113376617432,1
OneHandOrebaV3_1060_1_grm_std_uni,1,6.8310699462890625,-6.988952159881592,1
OneHandOrebaV3_1060_1_grm_std_uni,1,7.010260105133057,-6.827571392059326,1
OneHandOrebaV3_1060_1_grm_std_uni,1,7.146416664123535,-6.863542079925537,1
OneHandOrebaV3_1060_1_grm_std_uni,1,6.856122970581055,-6.697902679443359,1
OneHandOrebaV3_1060_1_grm_std_uni,1,5.9407572746276855,-5.631943225860596,1
OneHandOrebaV3_1060_1_grm_std_uni,1,5.416240692138672,-5.01983118057251,1
OneHandOrebaV3_1060_1_grm_std_uni,1,6.338395595550537,-5.862679481506348,1
OneHandOrebaV3_1060_1_grm_std_uni,1,6.945661544799805,-6.5568318367004395,1
OneHandOrebaV3_1060_1_grm_std_uni,1,6.809495449066162,-6.472938537597656,1
OneHandOrebaV3_1060_1_grm_std_uni,1,6.5187458992004395,-6.640793800354004,1
OneHandOrebaV3_1060_1_grm_std_uni,1,6.001054286956787,-6.463772773742676,1
OneHandOrebaV3_1060_1_grm_std_uni,1,4.804596424102783,-5.760379314422607,1
OneHandOrebaV3_1060_1_grm_std_uni,1,3.8450329303741455,-4.608617305755615,1
OneHandOrebaV3_1060_1_grm_std_uni,1,4.418344020843506,-5.489659309387207,1
OneHandOrebaV3_1060_1_grm_std_uni,1,3.9600367546081543,-5.354397773742676,1
OneHandOrebaV3_1060_1_grm_std_uni,1,3.3113670349121094,-5.363476276397705,1
OneHandOrebaV3_1060_1_grm_std_uni,1,2.9298527240753174,-4.848880290985107,1
OneHandOrebaV3_1060_1_grm_std_uni,1,2.6602025032043457,-3.840704917907715,1
OneHandOrebaV3_1060_1_grm_std_uni,1,3.607419013977051,-4.638623237609863,1
OneHandOrebaV3_1060_1_grm_std_uni,1,4.025515079498291,-4.943748474121094,1
OneHandOrebaV3_1060_1_grm_std_uni,1,3.6665961742401123,-4.2302727699279785,1
OneHandOrebaV3_1060_1_grm_std_uni,1,2.9535763263702393,-2.4365227222442627,1
OneHandOrebaV3_1060_1_grm_std_uni,1,2.569671392440796,-1.4697649478912354,1
OneHandOrebaV3_1060_1_grm_std_uni,1,3.502692222595215,-2.346876859664917,1
OneHandOrebaV3_1060_1_grm_std_uni,1,3.6737561225891113,-3.3889994621276855,1
OneHandOrebaV3_1060_1_grm_std_uni,1,5.3030524253845215,-5.782020568847656,1
OneHandOrebaV3_1060_1_grm_std_uni,1,5.376594543457031,-6.243514060974121,1
OneHandOrebaV3_1060_1_grm_std_uni,1,5.209633827209473,-6.311567306518555,1
OneHandOrebaV3_1060_1_grm_std_uni,1,4.545165061950684,-6.342287063598633,1
OneHandOrebaV3_1060_1_grm_std_uni,1,5.391452789306641,-6.570496559143066,1
OneHandOrebaV3_1060_1_grm_std_uni,1,5.448957920074463,-6.091883182525635,1
OneHandOrebaV3_1060_1_grm_std_uni,1,6.708669662475586,-6.980009078979492,1
OneHandOrebaV3_1060_1_grm_std_uni,1,7.454056739807129,-7.2821125984191895,1
OneHandOrebaV3_1060_1_grm_std_uni,1,8.171486854553223,-8.060674667358398,1
OneHandOrebaV3_1060_1_grm_std_uni,1,7.79598331451416,-7.53329610824585,1
OneHandOrebaV3_1060_1_grm_std_uni,1,7.768085956573486,-7.683581352233887,1
OneHandOrebaV3_1060_1_grm_std_uni,1,6.8229780197143555,-6.866204261779785,1
OneHandOrebaV3_1060_1_grm_std_uni,1,5.642975807189941,-5.435118675231934,1
OneHandOrebaV3_1060_1_grm_std_uni,1,5.078795433044434,-4.686835289001465,1
OneHandOrebaV3_1060_1_grm_std_uni,1,5.604517936706543,-5.503213405609131,1
OneHandOrebaV3_1060_1_grm_std_uni,1,5.911508560180664,-6.743095397949219,1
OneHandOrebaV3_1060_1_grm_std_uni,1,6.184077262878418,-7.209610462188721,1
OneHandOrebaV3_1060_1_grm_std_uni,1,6.0995025634765625,-7.40777063369751,1
OneHandOrebaV3_1060_1_grm_std_uni,1,6.375908374786377,-7.266289234161377,1
OneHandOrebaV3_1060_1_grm_std_uni,1,6.533194541931152,-7.322122573852539,1
OneHandOrebaV3_1060_1_grm_std_uni,1,5.651192665100098,-6.421653747558594,1
OneHandOrebaV3_1060_1_grm_std_uni,1,5.430545330047607,-5.721684455871582,1
OneHandOrebaV3_1060_1_grm_std_uni,1,5.303312301635742,-5.281351566314697,1
OneHandOrebaV3_1060_1_grm_std_uni,1,5.223550319671631,-5.222462177276611,1
OneHandOrebaV3_1060_1_grm_std_uni,1,5.514313220977783,-5.637201309204102,1
OneHandOrebaV3_1060_1_grm_std_uni,1,5.34320592880249,-5.791949272155762,1
OneHandOrebaV3_1060_1_grm_std_uni,1,5.240736484527588,-5.845605373382568,1
OneHandOrebaV3_1060_1_grm_std_uni,1,5.970889568328857,-6.434875965118408,1
OneHandOrebaV3_1060_1_grm_std_uni,1,7.282128810882568,-7.439868450164795,1
OneHandOrebaV3_1060_1_grm_std_uni,1,7.822322845458984,-7.970360279083252,1
OneHandOrebaV3_1060_1_grm_std_uni,1,6.440009117126465,-6.635838508605957,1
OneHandOrebaV3_1060_1_grm_std_uni,2,4.986456394195557,-5.529391288757324,1
OneHandOrebaV3_1060_1_grm_std_uni,2,4.897980690002441,-5.5398101806640625,1
OneHandOrebaV3_1060_1_grm_std_uni,2,4.95457649230957,-5.71045446395874,1
OneHandOrebaV3_1060_1_grm_std_uni,2,4.948922634124756,-5.721659183502197,1
OneHandOrebaV3_1060_1_grm_std_uni,2,4.888056755065918,-5.617848873138428,1
OneHandOrebaV3_1060_1_grm_std_uni,2,4.774162292480469,-5.4761176109313965,1
OneHandOrebaV3_1060_1_grm_std_uni,2,4.563666820526123,-5.36631441116333,1
OneHandOrebaV3_1060_1_grm_std_uni,2,2.625314235687256,-3.280863046646118,1
OneHandOrebaV3_1060_1_grm_std_uni,2,-1.801815390586853,3.2205753326416016,2
OneHandOrebaV3_1060_1_grm_std_uni,2,-1.0633931159973145,1.1340209245681763,1
OneHandOrebaV3_1060_1_grm_std_uni,2,3.1432268619537354,-2.939470052719116,1
OneHandOrebaV3_1060_1_grm_std_uni,2,5.6213836669921875,-6.259510040283203,1
OneHandOrebaV3_1060_1_grm_std_uni,2,6.70360803604126,-7.038296699523926,1
OneHandOrebaV3_1060_1_grm_std_uni,2,7.227964878082275,-7.33799409866333,1
OneHandOrebaV3_1060_1_grm_std_uni,2,7.290611743927002,-7.336988925933838,1
OneHandOrebaV3_1060_1_grm_std_uni,2,6.852249622344971,-7.081343650817871,1
OneHandOrebaV3_1060_1_grm_std_uni,2,6.502917766571045,-6.992856979370117,1
OneHandOrebaV3_1060_1_grm_std_uni,2,6.473868370056152,-6.995898246765137,1
OneHandOrebaV3_1060_1_grm_std_uni,2,6.530536651611328,-6.946239948272705,1
OneHandOrebaV3_1060_1_grm_std_uni,2,6.50944709777832,-6.880102157592773,1
OneHandOrebaV3_1060_1_grm_std_uni,2,6.3387064933776855,-6.8308515548706055,1
OneHandOrebaV3_1060_1_grm_std_uni,2,6.1484551429748535,-6.8084869384765625,1
OneHandOrebaV3_1060_1_grm_std_uni,2,6.094261646270752,-6.794558048248291,1
OneHandOrebaV3_1060_1_grm_std_uni,2,6.079018592834473,-6.7576446533203125,1
OneHandOrebaV3_1060_1_grm_std_uni,2,6.099413871765137,-6.769007205963135,1
OneHandOrebaV3_1060_1_grm_std_uni,2,6.1147236824035645,-6.818014621734619,1
OneHandOrebaV3_1060_1_grm_std_uni,2,6.099395275115967,-6.786978244781494,1
OneHandOrebaV3_1060_1_grm_std_uni,2,6.071331024169922,-6.588158130645752,1
OneHandOrebaV3_1060_1_grm_std_uni,2,6.070195198059082,-6.276782035827637,1
OneHandOrebaV3_1060_1_grm_std_uni,2,6.102599143981934,-6.270431041717529,1
OneHandOrebaV3_1060_1_grm_std_uni,2,6.43140172958374,-6.50167179107666,1
OneHandOrebaV3_1060_1_grm_std_uni,2,6.008176803588867,-6.174785614013672,1
OneHandOrebaV3_1060_1_grm_std_uni,2,5.293798923492432,-5.139692306518555,1
OneHandOrebaV3_1060_1_grm_std_uni,2,4.522834300994873,-3.955378770828247,1
OneHandOrebaV3_1060_1_grm_std_uni,2,4.356955528259277,-4.246258735656738,1
OneHandOrebaV3_1060_1_grm_std_uni,2,4.825662136077881,-5.387665748596191,1
OneHandOrebaV3_1060_1_grm_std_uni,2,4.579610824584961,-5.296861171722412,1
OneHandOrebaV3_1060_1_grm_std_uni,2,3.1684744358062744,-3.7090260982513428,1
OneHandOrebaV3_1060_1_grm_std_uni,2,2.2203474044799805,-2.5778486728668213,1
OneHandOrebaV3_1060_1_grm_std_uni,2,3.777740478515625,-3.3324713706970215,1
OneHandOrebaV3_1060_1_grm_std_uni,2,4.410377502441406,-4.563983917236328,1
OneHandOrebaV3_1060_1_grm_std_uni,2,5.826344966888428,-6.727447986602783,1
OneHandOrebaV3_1060_1_grm_std_uni,2,5.9392409324646,-7.024220943450928,1
OneHandOrebaV3_1060_1_grm_std_uni,2,5.830658435821533,-7.041909694671631,1
OneHandOrebaV3_1060_1_grm_std_uni,2,5.367571830749512,-6.859818458557129,1
OneHandOrebaV3_1060_1_grm_std_uni,1,5.232285499572754,-6.2935872077941895,1
OneHandOrebaV3_1060_1_grm_std_uni,1,5.84015417098999,-6.480665683746338,1
OneHandOrebaV3_1060_1_grm_std_uni,1,5.932749271392822,-6.433263778686523,1
OneHandOrebaV3_1060_1_grm_std_uni,2,5.846974849700928,-6.166800498962402,1
OneHandOrebaV3_1060_1_grm_std_uni,2,5.700507640838623,-5.9956440925598145,1
OneHandOrebaV3_1060_1_grm_std_uni,2,5.355312347412109,-5.779677867889404,1
OneHandOrebaV3_1060_1_grm_std_uni,2,5.003713607788086,-5.432443618774414,1
OneHandOrebaV3_1060_1_grm_std_uni,2,3.833427667617798,-4.135309219360352,1
OneHandOrebaV3_1060_1_grm_std_uni,2,-1.2571732997894287,1.7553147077560425,2
OneHandOrebaV3_1060_1_grm_std_uni,2,-1.9683120250701904,2.5626754760742188,1
OneHandOrebaV3_1060_1_grm_std_uni,2,1.3461133241653442,-1.2519618272781372,1
OneHandOrebaV3_1060_1_grm_std_uni,2,4.602469444274902,-5.235705852508545,1
OneHandOrebaV3_1060_1_grm_std_uni,2,6.601132869720459,-7.037134170532227,1
OneHandOrebaV3_1060_1_grm_std_uni,2,7.419641971588135,-7.460596561431885,1
OneHandOrebaV3_1060_1_grm_std_uni,2,7.675295352935791,-7.524149417877197,1
OneHandOrebaV3_1060_1_grm_std_uni,2,7.678984642028809,-7.505643367767334,1
OneHandOrebaV3_1060_1_grm_std_uni,2,7.522265911102295,-7.441549301147461,1
OneHandOrebaV3_1060_1_grm_std_uni,2,7.248420715332031,-7.328220844268799,1
OneHandOrebaV3_1060_1_grm_std_uni,2,7.020804405212402,-7.263909339904785,1
OneHandOrebaV3_1060_1_grm_std_uni,2,6.800904273986816,-7.272384166717529,1
OneHandOrebaV3_1060_1_grm_std_uni,2,6.584108352661133,-7.23478364944458,1
OneHandOrebaV3_1060_1_grm_std_uni,2,6.476986885070801,-7.196287631988525,1
OneHandOrebaV3_1060_1_grm_std_uni,2,6.45487117767334,-7.175400733947754,1
OneHandOrebaV3_1060_1_grm_std_uni,2,6.397643566131592,-7.112828731536865,1
OneHandOrebaV3_1060_1_grm_std_uni,2,6.338471412658691,-7.049886226654053,1
OneHandOrebaV3_1060_1_grm_std_uni,2,6.266993522644043,-6.932053565979004,1
OneHandOrebaV3_1060_1_grm_std_uni,2,6.31853723526001,-6.939953804016113,1
OneHandOrebaV3_1060_1_grm_std_uni,2,6.373990058898926,-6.9798054695129395,1
OneHandOrebaV3_1060_1_grm_std_uni,2,6.3898138999938965,-6.9115376472473145,1
OneHandOrebaV3_1060_1_grm_std_uni,2,6.623854160308838,-7.0455498695373535,1
OneHandOrebaV3_1060_1_grm_std_uni,2,6.750194072723389,-7.081548690795898,1
OneHandOrebaV3_1060_1_grm_std_uni,2,6.884253978729248,-7.05623197555542,1
OneHandOrebaV3_1060_1_grm_std_uni,2,7.17747163772583,-7.096051216125488,1
OneHandOrebaV3_1060_1_grm_std_uni,2,7.741755962371826,-7.577513217926025,1
OneHandOrebaV3_1060_1_grm_std_uni,2,7.867120265960693,-7.738783359527588,1
OneHandOrebaV3_1060_1_grm_std_uni,2,8.04529857635498,-7.5799479484558105,1
OneHandOrebaV3_1060_1_grm_std_uni,2,7.110776901245117,-6.3483147621154785,1
OneHandOrebaV3_1060_1_grm_std_uni,2,6.125087738037109,-5.261091232299805,1
OneHandOrebaV3_1060_1_grm_std_uni,2,4.148430347442627,-3.015918731689453,1
OneHandOrebaV3_1060_1_grm_std_uni,2,2.8396413326263428,-1.5839754343032837,1
OneHandOrebaV3_1060_1_grm_std_uni,2,2.8954217433929443,-1.861164927482605,1
OneHandOrebaV3_1060_1_grm_std_uni,2,4.465704917907715,-4.479170799255371,1
OneHandOrebaV3_1060_1_grm_std_uni,2,5.325461387634277,-6.180252552032471,1
OneHandOrebaV3_1060_1_grm_std_uni,2,5.173283100128174,-6.262716293334961,1
OneHandOrebaV3_1060_1_grm_std_uni,2,5.217781066894531,-6.410764217376709,1
OneHandOrebaV3_1060_1_grm_std_uni,2,4.982605934143066,-6.161457538604736,1
OneHandOrebaV3_1060_1_grm_std_uni,2,5.070270538330078,-6.4475603103637695,1
OneHandOrebaV3_1060_1_grm_std_uni,2,5.051498889923096,-6.168731212615967,1
OneHandOrebaV3_1060_1_grm_std_uni,1,4.651908874511719,-5.09560489654541,1
OneHandOrebaV3_1060_1_grm_std_uni,1,5.800271034240723,-5.821805000305176,1
OneHandOrebaV3_1060_1_grm_std_uni,1,5.812577724456787,-6.157755374908447,1
OneHandOrebaV3_1060_1_grm_std_uni,1,5.048585891723633,-5.826056003570557,1
OneHandOrebaV3_1060_1_grm_std_uni,1,5.457419395446777,-6.63499641418457,1
OneHandOrebaV3_1060_1_grm_std_uni,1,5.42996072769165,-6.458454608917236,1
