OneHandOreba_1016_1_grm_std_uni,1,1.6144022941589355,-2.2625973224639893,1
OneHandOreba_1016_1_grm_std_uni,1,3.292412519454956,-3.6520776748657227,1
OneHandOreba_1016_1_grm_std_uni,1,3.699211359024048,-4.082785129547119,1
OneHandOreba_1016_1_grm_std_uni,1,3.798783540725708,-3.7342782020568848,1
OneHandOreba_1016_1_grm_std_uni,1,2.7722280025482178,-2.6038477420806885,1
OneHandOreba_1016_1_grm_std_uni,1,2.3923499584198,-2.217305898666382,1
OneHandOreba_1016_1_grm_std_uni,1,2.3220722675323486,-2.6901793479919434,1
OneHandOreba_1016_1_grm_std_uni,1,3.102240562438965,-3.7711093425750732,1
OneHandOreba_1016_1_grm_std_uni,1,4.010503768920898,-4.465590476989746,1
OneHandOreba_1016_1_grm_std_uni,1,4.367885112762451,-4.662225246429443,1
OneHandOreba_1016_1_grm_std_uni,1,4.551003932952881,-4.824213027954102,1
OneHandOreba_1016_1_grm_std_uni,1,4.509090423583984,-4.823472023010254,1
OneHandOreba_1016_1_grm_std_uni,1,4.54990816116333,-4.9329938888549805,1
OneHandOreba_1016_1_grm_std_uni,1,4.376219272613525,-4.624969959259033,1
OneHandOreba_1016_1_grm_std_uni,1,4.626371383666992,-4.6609721183776855,1
OneHandOreba_1016_1_grm_std_uni,1,4.760519027709961,-4.572365760803223,1
OneHandOreba_1016_1_grm_std_uni,1,5.635730266571045,-5.571301460266113,1
OneHandOreba_1016_1_grm_std_uni,1,5.854530334472656,-6.1503729820251465,1
OneHandOreba_1016_1_grm_std_uni,1,6.086958885192871,-6.1562371253967285,1
OneHandOreba_1016_1_grm_std_uni,1,5.989234924316406,-5.821435928344727,1
OneHandOreba_1016_1_grm_std_uni,1,5.722492218017578,-5.318093299865723,1
OneHandOreba_1016_1_grm_std_uni,1,5.378040790557861,-4.907589912414551,1
OneHandOreba_1016_1_grm_std_uni,1,4.899322509765625,-4.4996442794799805,1
OneHandOreba_1016_1_grm_std_uni,1,4.964000225067139,-4.744744300842285,1
OneHandOreba_1016_1_grm_std_uni,1,4.824081897735596,-4.664282321929932,1
OneHandOreba_1016_1_grm_std_uni,1,4.897207260131836,-4.3605265617370605,1
OneHandOreba_1016_1_grm_std_uni,1,4.899804592132568,-4.135927677154541,1
OneHandOreba_1016_1_grm_std_uni,1,3.7424814701080322,-4.2280473709106445,1
OneHandOreba_1016_1_grm_std_uni,1,3.3527393341064453,-3.862698793411255,1
OneHandOreba_1016_1_grm_std_uni,1,3.759899616241455,-4.335775852203369,1
OneHandOreba_1016_1_grm_std_uni,1,4.080957412719727,-4.878978729248047,1
OneHandOreba_1016_1_grm_std_uni,1,4.122800350189209,-4.977075576782227,1
OneHandOreba_1016_1_grm_std_uni,1,4.3252410888671875,-5.132366180419922,1
OneHandOreba_1016_1_grm_std_uni,1,4.381087779998779,-5.09062385559082,1
OneHandOreba_1016_1_grm_std_uni,1,4.037397384643555,-4.228645324707031,1
OneHandOreba_1016_1_grm_std_uni,1,4.159601211547852,-4.013014316558838,1
OneHandOreba_1016_1_grm_std_uni,1,5.058415412902832,-5.085713863372803,1
OneHandOreba_1016_1_grm_std_uni,1,5.68238639831543,-5.5001115798950195,1
OneHandOreba_1016_1_grm_std_uni,1,6.088536739349365,-5.454294681549072,1
OneHandOreba_1016_1_grm_std_uni,1,5.754390716552734,-5.287741661071777,1
OneHandOreba_1016_1_grm_std_uni,1,5.184049129486084,-4.964184761047363,1
OneHandOreba_1016_1_grm_std_uni,1,5.168868064880371,-4.741528511047363,1
OneHandOreba_1016_1_grm_std_uni,1,5.460904121398926,-4.951380252838135,1
OneHandOreba_1016_1_grm_std_uni,1,5.327872276306152,-4.593145370483398,1
OneHandOreba_1016_1_grm_std_uni,1,4.940210342407227,-4.186634540557861,1
OneHandOreba_1016_1_grm_std_uni,1,4.830179214477539,-4.509104251861572,1
OneHandOreba_1016_1_grm_std_uni,1,4.877289772033691,-5.135885715484619,1
OneHandOreba_1016_1_grm_std_uni,1,5.692731857299805,-5.7447357177734375,1
OneHandOreba_1016_1_grm_std_uni,1,6.2112908363342285,-6.442871570587158,1
OneHandOreba_1016_1_grm_std_uni,1,6.28727912902832,-6.834555625915527,1
OneHandOreba_1016_1_grm_std_uni,1,6.017808437347412,-6.337496280670166,1
OneHandOreba_1016_1_grm_std_uni,1,5.849271297454834,-5.8659868240356445,1
OneHandOreba_1016_1_grm_std_uni,1,6.5244059562683105,-6.835679531097412,1
OneHandOreba_1016_1_grm_std_uni,1,6.934917449951172,-7.609961986541748,1
OneHandOreba_1016_1_grm_std_uni,1,6.686785697937012,-7.155291557312012,1
OneHandOreba_1016_1_grm_std_uni,1,5.989487171173096,-6.166130542755127,1
OneHandOreba_1016_1_grm_std_uni,1,5.673361778259277,-5.72779655456543,1
OneHandOreba_1016_1_grm_std_uni,1,6.32712459564209,-5.974257469177246,1
OneHandOreba_1016_1_grm_std_uni,1,5.842187404632568,-5.563535213470459,1
OneHandOreba_1016_1_grm_std_uni,1,5.408426761627197,-5.039943218231201,1
OneHandOreba_1016_1_grm_std_uni,1,5.606226921081543,-5.002514839172363,1
OneHandOreba_1016_1_grm_std_uni,1,5.671684741973877,-4.993111610412598,1
OneHandOreba_1016_1_grm_std_uni,1,5.255115985870361,-4.764098644256592,1
OneHandOreba_1016_1_grm_std_uni,1,4.960752487182617,-4.373758792877197,1
OneHandOreba_1016_1_grm_std_uni,1,4.958188056945801,-4.425888538360596,1
OneHandOreba_1016_1_grm_std_uni,1,5.157222270965576,-4.761295318603516,1
OneHandOreba_1016_1_grm_std_uni,1,5.434369087219238,-4.870245456695557,1
OneHandOreba_1016_1_grm_std_uni,1,5.430569171905518,-4.676868915557861,1
OneHandOreba_1016_1_grm_std_uni,1,5.14405632019043,-4.352457523345947,1
OneHandOreba_1016_1_grm_std_uni,1,5.342493057250977,-4.657881736755371,1
OneHandOreba_1016_1_grm_std_uni,1,5.603623867034912,-5.134955883026123,1
OneHandOreba_1016_1_grm_std_uni,1,5.670678615570068,-5.7450971603393555,1
OneHandOreba_1016_1_grm_std_uni,1,6.6044745445251465,-6.608763694763184,1
OneHandOreba_1016_1_grm_std_uni,1,6.485899925231934,-6.160922527313232,1
OneHandOreba_1016_1_grm_std_uni,1,5.953103065490723,-5.387969017028809,1
OneHandOreba_1016_1_grm_std_uni,1,5.557214260101318,-4.8018083572387695,1
OneHandOreba_1016_1_grm_std_uni,1,5.042351722717285,-4.361353397369385,1
OneHandOreba_1016_1_grm_std_uni,1,4.563679218292236,-4.19566535949707,1
OneHandOreba_1016_1_grm_std_uni,1,4.384100437164307,-4.112154483795166,1
OneHandOreba_1016_1_grm_std_uni,1,4.5142412185668945,-4.433281898498535,1
OneHandOreba_1016_1_grm_std_uni,1,5.21908712387085,-5.3026018142700195,1
OneHandOreba_1016_1_grm_std_uni,1,5.066451549530029,-5.214021682739258,1
OneHandOreba_1016_1_grm_std_uni,1,5.097589492797852,-5.283958911895752,1
OneHandOreba_1016_1_grm_std_uni,1,5.102107524871826,-5.22437858581543,1
OneHandOreba_1016_1_grm_std_uni,1,5.15297269821167,-5.432122707366943,1
OneHandOreba_1016_1_grm_std_uni,1,5.182146072387695,-5.997766971588135,1
OneHandOreba_1016_1_grm_std_uni,1,5.063238620758057,-5.933687686920166,1
OneHandOreba_1016_1_grm_std_uni,1,4.870643138885498,-5.467523097991943,1
OneHandOreba_1016_1_grm_std_uni,1,4.7076096534729,-4.796411037445068,1
OneHandOreba_1016_1_grm_std_uni,1,4.195495128631592,-3.993941068649292,1
OneHandOreba_1016_1_grm_std_uni,1,5.025215148925781,-4.811655044555664,1
OneHandOreba_1016_1_grm_std_uni,1,5.026919364929199,-4.769008159637451,1
OneHandOreba_1016_1_grm_std_uni,1,4.708171367645264,-4.240857124328613,1
OneHandOreba_1016_1_grm_std_uni,1,4.984749794006348,-4.653470516204834,1
OneHandOreba_1016_1_grm_std_uni,1,4.9647722244262695,-4.628081798553467,1
OneHandOreba_1016_1_grm_std_uni,1,4.579477310180664,-4.332850933074951,1
OneHandOreba_1016_1_grm_std_uni,1,4.808527946472168,-4.348932266235352,1
OneHandOreba_1016_1_grm_std_uni,1,5.029170513153076,-4.530505657196045,1
OneHandOreba_1016_1_grm_std_uni,1,5.318951606750488,-4.702550888061523,1
OneHandOreba_1016_1_grm_std_uni,1,5.804358005523682,-5.133659839630127,1
OneHandOreba_1016_1_grm_std_uni,1,5.657573223114014,-4.927940368652344,1
OneHandOreba_1016_1_grm_std_uni,1,4.820490837097168,-4.053903579711914,1
OneHandOreba_1016_1_grm_std_uni,1,4.336810111999512,-3.6706717014312744,1
OneHandOreba_1016_1_grm_std_uni,1,4.65183162689209,-4.3378987312316895,1
OneHandOreba_1016_1_grm_std_uni,1,4.734436988830566,-4.733687400817871,1
OneHandOreba_1016_1_grm_std_uni,1,4.5865607261657715,-4.555351257324219,1
OneHandOreba_1016_1_grm_std_uni,1,4.513731479644775,-4.501441478729248,1
OneHandOreba_1016_1_grm_std_uni,1,4.516078948974609,-4.790520191192627,1
OneHandOreba_1016_1_grm_std_uni,1,4.542987823486328,-4.724853038787842,1
OneHandOreba_1016_1_grm_std_uni,1,4.723294258117676,-5.114501953125,1
OneHandOreba_1016_1_grm_std_uni,1,4.967992305755615,-5.193239212036133,1
OneHandOreba_1016_1_grm_std_uni,1,6.365658283233643,-7.126758575439453,1
OneHandOreba_1016_1_grm_std_uni,1,7.0704345703125,-7.882837772369385,1
OneHandOreba_1016_1_grm_std_uni,1,6.847862243652344,-7.738992214202881,1
OneHandOreba_1016_1_grm_std_uni,1,5.935996055603027,-6.963212966918945,1
OneHandOreba_1016_1_grm_std_uni,1,6.6838812828063965,-7.2177910804748535,1
OneHandOreba_1016_1_grm_std_uni,1,5.667304992675781,-5.234359264373779,1
OneHandOreba_1016_1_grm_std_uni,1,5.245301723480225,-4.67219352722168,1
OneHandOreba_1016_1_grm_std_uni,1,4.916571140289307,-4.742236137390137,1
OneHandOreba_1016_1_grm_std_uni,1,5.162867069244385,-5.317944526672363,1
OneHandOreba_1016_1_grm_std_uni,1,4.807092189788818,-5.351840019226074,1
OneHandOreba_1016_1_grm_std_uni,1,5.221251010894775,-6.1196722984313965,1
OneHandOreba_1016_1_grm_std_uni,1,5.131297588348389,-5.5025739669799805,1
OneHandOreba_1016_1_grm_std_uni,1,5.501446723937988,-4.935025691986084,1
OneHandOreba_1016_1_grm_std_uni,1,5.479372501373291,-5.283956050872803,1
OneHandOreba_1016_1_grm_std_uni,1,5.236477851867676,-5.222057819366455,1
OneHandOreba_1016_1_grm_std_uni,1,5.353752613067627,-4.93260383605957,1
OneHandOreba_1016_1_grm_std_uni,1,5.504748821258545,-4.957535266876221,1
OneHandOreba_1016_1_grm_std_uni,1,5.477149963378906,-4.815762996673584,1
OneHandOreba_1016_1_grm_std_uni,1,5.306697845458984,-4.81617546081543,1
OneHandOreba_1016_1_grm_std_uni,1,5.496752738952637,-4.856446743011475,1
OneHandOreba_1016_1_grm_std_uni,1,5.196351528167725,-5.026694297790527,1
OneHandOreba_1016_1_grm_std_uni,1,5.035259246826172,-5.2251200675964355,1
OneHandOreba_1016_1_grm_std_uni,1,5.099480152130127,-5.351565361022949,1
OneHandOreba_1016_1_grm_std_uni,1,5.099005222320557,-5.104481220245361,1
OneHandOreba_1016_1_grm_std_uni,1,5.451032638549805,-4.787374496459961,1
OneHandOreba_1016_1_grm_std_uni,1,5.305851459503174,-4.608025074005127,1
OneHandOreba_1016_1_grm_std_uni,1,5.2983269691467285,-4.600603103637695,1
OneHandOreba_1016_1_grm_std_uni,1,5.04402494430542,-4.522359371185303,1
OneHandOreba_1016_1_grm_std_uni,1,4.222215175628662,-3.744633436203003,1
OneHandOreba_1016_1_grm_std_uni,1,4.734291076660156,-4.115246772766113,1
OneHandOreba_1016_1_grm_std_uni,1,5.337314605712891,-4.520632266998291,1
OneHandOreba_1016_1_grm_std_uni,1,5.486677646636963,-4.693514347076416,1
OneHandOreba_1016_1_grm_std_uni,1,5.650365829467773,-4.8100762367248535,1
OneHandOreba_1016_1_grm_std_uni,1,6.229236602783203,-5.845241069793701,1
OneHandOreba_1016_1_grm_std_uni,1,6.082018852233887,-5.768999099731445,1
OneHandOreba_1016_1_grm_std_uni,1,5.765019416809082,-5.255887031555176,1
OneHandOreba_1016_1_grm_std_uni,1,4.96148157119751,-4.335684776306152,1
OneHandOreba_1016_1_grm_std_uni,1,4.511685371398926,-3.7160184383392334,1
OneHandOreba_1016_1_grm_std_uni,1,5.749954700469971,-5.573086261749268,1
OneHandOreba_1016_1_grm_std_uni,1,5.970858097076416,-6.166328430175781,1
OneHandOreba_1016_1_grm_std_uni,1,5.360850811004639,-5.291518211364746,1
OneHandOreba_1016_1_grm_std_uni,1,5.294703006744385,-4.913752555847168,1
OneHandOreba_1016_1_grm_std_uni,1,6.014547348022461,-5.91603946685791,1
OneHandOreba_1016_1_grm_std_uni,1,5.797366619110107,-5.952714443206787,1
OneHandOreba_1016_1_grm_std_uni,1,5.730974197387695,-5.730230331420898,1
OneHandOreba_1016_1_grm_std_uni,1,4.628940582275391,-3.8861072063446045,1
OneHandOreba_1016_1_grm_std_uni,1,3.6654303073883057,-3.0813651084899902,1
OneHandOreba_1016_1_grm_std_uni,1,4.471102714538574,-4.16028356552124,1
OneHandOreba_1016_1_grm_std_uni,1,4.94636344909668,-4.722990989685059,1
OneHandOreba_1016_1_grm_std_uni,1,4.849811553955078,-4.433186054229736,1
OneHandOreba_1016_1_grm_std_uni,1,3.7988979816436768,-3.3401083946228027,1
OneHandOreba_1016_1_grm_std_uni,1,4.2163472175598145,-4.184085369110107,1
OneHandOreba_1016_1_grm_std_uni,1,4.677733898162842,-4.569699764251709,1
OneHandOreba_1016_1_grm_std_uni,1,5.310521125793457,-4.810064792633057,1
OneHandOreba_1016_1_grm_std_uni,1,5.449960708618164,-4.995995044708252,1
OneHandOreba_1016_1_grm_std_uni,1,5.283670902252197,-4.905707836151123,1
OneHandOreba_1016_1_grm_std_uni,1,5.147645950317383,-4.661197662353516,1
OneHandOreba_1016_1_grm_std_uni,1,5.875363826751709,-5.327619552612305,1
OneHandOreba_1016_1_grm_std_uni,1,6.490907192230225,-5.913762092590332,1
OneHandOreba_1016_1_grm_std_uni,1,6.624371528625488,-6.464206218719482,1
OneHandOreba_1016_1_grm_std_uni,1,5.738649368286133,-5.403899669647217,1
OneHandOreba_1016_1_grm_std_uni,1,5.774704456329346,-5.370304107666016,1
OneHandOreba_1016_1_grm_std_uni,1,6.074495792388916,-5.661101341247559,1
OneHandOreba_1016_1_grm_std_uni,1,6.082943916320801,-5.593161106109619,1
OneHandOreba_1016_1_grm_std_uni,1,5.207784175872803,-4.548373699188232,1
OneHandOreba_1016_1_grm_std_uni,1,5.0675835609436035,-4.49966287612915,1
OneHandOreba_1016_1_grm_std_uni,1,4.623348712921143,-4.034470081329346,1
OneHandOreba_1016_1_grm_std_uni,1,4.5683088302612305,-4.38055944442749,1
OneHandOreba_1016_1_grm_std_uni,1,4.895488262176514,-4.3594651222229,1
OneHandOreba_1016_1_grm_std_uni,1,4.7813544273376465,-3.78401517868042,1
OneHandOreba_1016_1_grm_std_uni,1,5.10439395904541,-4.601503372192383,1
OneHandOreba_1016_1_grm_std_uni,1,5.405557155609131,-4.975678443908691,1
OneHandOreba_1016_1_grm_std_uni,1,5.662714004516602,-5.557712078094482,1
OneHandOreba_1016_1_grm_std_uni,1,5.975591659545898,-5.764491558074951,1
OneHandOreba_1016_1_grm_std_uni,1,6.459615230560303,-6.6557297706604,1
OneHandOreba_1016_1_grm_std_uni,1,6.859689235687256,-7.166591167449951,1
OneHandOreba_1016_1_grm_std_uni,1,6.661116123199463,-7.048844814300537,1
OneHandOreba_1016_1_grm_std_uni,1,6.047191143035889,-6.314870357513428,1
OneHandOreba_1016_1_grm_std_uni,1,6.369632244110107,-5.903337001800537,1
OneHandOreba_1016_1_grm_std_uni,1,6.105192184448242,-5.089897632598877,1
OneHandOreba_1016_1_grm_std_uni,1,6.16932487487793,-5.858356952667236,1
OneHandOreba_1016_1_grm_std_uni,1,5.8492560386657715,-5.685152053833008,1
OneHandOreba_1016_1_grm_std_uni,1,5.20476770401001,-4.698705673217773,1
OneHandOreba_1016_1_grm_std_uni,1,5.294858455657959,-4.9077582359313965,1
OneHandOreba_1016_1_grm_std_uni,1,4.890883922576904,-4.882676124572754,1
OneHandOreba_1016_1_grm_std_uni,1,5.242649078369141,-5.307404041290283,1
OneHandOreba_1016_1_grm_std_uni,1,5.604437351226807,-5.6410675048828125,1
OneHandOreba_1016_1_grm_std_uni,1,5.396286964416504,-5.4885478019714355,1
OneHandOreba_1016_1_grm_std_uni,1,3.8855111598968506,-4.201322078704834,1
OneHandOreba_1016_1_grm_std_uni,1,3.442972421646118,-2.5438501834869385,1
OneHandOreba_1016_1_grm_std_uni,1,3.5630500316619873,-2.980897903442383,1
OneHandOreba_1016_1_grm_std_uni,1,5.110278129577637,-4.62813138961792,1
OneHandOreba_1016_1_grm_std_uni,1,5.8919172286987305,-5.6417236328125,1
OneHandOreba_1016_1_grm_std_uni,1,6.165538311004639,-5.867780685424805,1
OneHandOreba_1016_1_grm_std_uni,1,6.551663398742676,-6.374897480010986,1
OneHandOreba_1016_1_grm_std_uni,1,5.542175769805908,-5.379339694976807,1
OneHandOreba_1016_1_grm_std_uni,1,4.096207618713379,-4.272705554962158,1
OneHandOreba_1016_1_grm_std_uni,1,4.8457536697387695,-5.544407367706299,1
OneHandOreba_1016_1_grm_std_uni,1,5.07979679107666,-5.689460754394531,1
OneHandOreba_1016_1_grm_std_uni,1,3.5628395080566406,-3.937173843383789,1
OneHandOreba_1016_1_grm_std_uni,1,4.017934322357178,-4.332785129547119,1
OneHandOreba_1016_1_grm_std_uni,1,4.195529937744141,-4.473886489868164,1
OneHandOreba_1016_1_grm_std_uni,1,4.321086883544922,-5.193179130554199,1
OneHandOreba_1016_1_grm_std_uni,1,4.73784875869751,-5.615592002868652,1
OneHandOreba_1016_1_grm_std_uni,1,4.792778968811035,-5.6631035804748535,1
OneHandOreba_1016_1_grm_std_uni,1,4.715443134307861,-5.4578022956848145,1
OneHandOreba_1016_1_grm_std_uni,1,4.309675693511963,-5.004233360290527,1
OneHandOreba_1016_1_grm_std_uni,1,2.0405735969543457,-2.9727437496185303,1
OneHandOreba_1016_1_grm_std_uni,1,1.1340510845184326,-1.839450478553772,1
OneHandOreba_1016_1_grm_std_uni,1,2.9995172023773193,-3.7477362155914307,1
OneHandOreba_1016_1_grm_std_uni,1,4.481468200683594,-5.394003868103027,1
OneHandOreba_1016_1_grm_std_uni,1,4.8135905265808105,-5.697338104248047,1
OneHandOreba_1016_1_grm_std_uni,1,4.809724807739258,-5.615794658660889,1
OneHandOreba_1016_1_grm_std_uni,1,4.566583156585693,-5.276462554931641,1
OneHandOreba_1016_1_grm_std_uni,1,4.293783187866211,-4.953536033630371,1
OneHandOreba_1016_1_grm_std_uni,1,4.402850151062012,-5.181841850280762,1
OneHandOreba_1016_1_grm_std_uni,1,4.329797267913818,-5.182023525238037,1
OneHandOreba_1016_1_grm_std_uni,2,4.258282661437988,-5.005326747894287,1
OneHandOreba_1016_1_grm_std_uni,2,4.382952690124512,-5.152406215667725,1
OneHandOreba_1016_1_grm_std_uni,2,4.4517598152160645,-5.224164962768555,1
OneHandOreba_1016_1_grm_std_uni,2,4.425665855407715,-5.171847820281982,1
OneHandOreba_1016_1_grm_std_uni,2,4.3318705558776855,-5.077599048614502,1
OneHandOreba_1016_1_grm_std_uni,2,4.324517726898193,-5.068770408630371,1
OneHandOreba_1016_1_grm_std_uni,2,4.356286525726318,-5.1141839027404785,1
OneHandOreba_1016_1_grm_std_uni,2,4.286875247955322,-5.037722110748291,1
OneHandOreba_1016_1_grm_std_uni,2,4.179320812225342,-4.926220893859863,1
OneHandOreba_1016_1_grm_std_uni,2,4.156864166259766,-4.922728061676025,1
OneHandOreba_1016_1_grm_std_uni,2,4.189985275268555,-4.989369869232178,1
OneHandOreba_1016_1_grm_std_uni,2,4.2292866706848145,-5.028173446655273,1
OneHandOreba_1016_1_grm_std_uni,2,4.247147083282471,-5.047561168670654,1
OneHandOreba_1016_1_grm_std_uni,2,4.199580669403076,-4.998223781585693,1
OneHandOreba_1016_1_grm_std_uni,2,4.059271335601807,-4.839372634887695,1
OneHandOreba_1016_1_grm_std_uni,2,4.083748817443848,-4.870456218719482,1
OneHandOreba_1016_1_grm_std_uni,1,4.237370491027832,-5.078763008117676,1
OneHandOreba_1016_1_grm_std_uni,1,4.081580638885498,-4.938989162445068,1
OneHandOreba_1016_1_grm_std_uni,1,3.953211784362793,-4.799875259399414,1
OneHandOreba_1016_1_grm_std_uni,1,3.9708688259124756,-4.829699993133545,1
OneHandOreba_1016_1_grm_std_uni,1,4.000682353973389,-4.8832688331604,1
OneHandOreba_1016_1_grm_std_uni,1,4.035982608795166,-4.932433128356934,1
OneHandOreba_1016_1_grm_std_uni,1,4.060639381408691,-4.95267915725708,1
OneHandOreba_1016_1_grm_std_uni,1,4.151695251464844,-5.070209503173828,1
OneHandOreba_1016_1_grm_std_uni,1,4.104424953460693,-5.033573150634766,1
OneHandOreba_1016_1_grm_std_uni,1,3.876314878463745,-4.859842777252197,1
OneHandOreba_1016_1_grm_std_uni,1,3.5618889331817627,-4.4913201332092285,1
OneHandOreba_1016_1_grm_std_uni,1,3.383352518081665,-4.302182197570801,1
OneHandOreba_1016_1_grm_std_uni,1,3.647256374359131,-4.626408100128174,1
OneHandOreba_1016_1_grm_std_uni,1,3.9186513423919678,-4.887200832366943,1
OneHandOreba_1016_1_grm_std_uni,1,4.0346455574035645,-4.961274147033691,1
OneHandOreba_1016_1_grm_std_uni,1,4.118670463562012,-5.04829216003418,1
OneHandOreba_1016_1_grm_std_uni,1,3.9369289875030518,-4.863767623901367,1
OneHandOreba_1016_1_grm_std_uni,1,3.712141752243042,-4.577122688293457,1
OneHandOreba_1016_1_grm_std_uni,1,3.6718037128448486,-4.521653175354004,1
OneHandOreba_1016_1_grm_std_uni,1,3.967808961868286,-4.880992412567139,1
OneHandOreba_1016_1_grm_std_uni,1,3.8979291915893555,-4.842738628387451,1
OneHandOreba_1016_1_grm_std_uni,1,3.791335344314575,-4.741958141326904,1
OneHandOreba_1016_1_grm_std_uni,1,3.7463998794555664,-4.719785690307617,1
OneHandOreba_1016_1_grm_std_uni,1,3.729738712310791,-4.671520233154297,1
OneHandOreba_1016_1_grm_std_uni,1,3.711820125579834,-4.654075622558594,1
OneHandOreba_1016_1_grm_std_uni,1,3.6721818447113037,-4.629868984222412,1
OneHandOreba_1016_1_grm_std_uni,1,3.471355438232422,-4.430214881896973,1
OneHandOreba_1016_1_grm_std_uni,1,2.6768622398376465,-3.7118914127349854,1
OneHandOreba_1016_1_grm_std_uni,1,1.9777506589889526,-3.535250425338745,1
OneHandOreba_1016_1_grm_std_uni,1,2.6733686923980713,-4.286923408508301,1
OneHandOreba_1016_1_grm_std_uni,1,3.589395523071289,-4.482071399688721,1
OneHandOreba_1016_1_grm_std_uni,1,5.309381484985352,-5.77429723739624,1
OneHandOreba_1016_1_grm_std_uni,1,5.918399810791016,-6.2439470291137695,1
OneHandOreba_1016_1_grm_std_uni,1,5.814088821411133,-6.256302356719971,1
OneHandOreba_1016_1_grm_std_uni,1,5.219310283660889,-5.462419509887695,1
OneHandOreba_1016_1_grm_std_uni,1,4.907440185546875,-4.860424518585205,1
OneHandOreba_1016_1_grm_std_uni,1,4.258177280426025,-3.765265464782715,1
OneHandOreba_1016_1_grm_std_uni,1,3.656416416168213,-3.4363038539886475,1
OneHandOreba_1016_1_grm_std_uni,1,4.005090713500977,-3.69189715385437,1
OneHandOreba_1016_1_grm_std_uni,1,4.040281772613525,-3.787388563156128,1
OneHandOreba_1016_1_grm_std_uni,1,3.3866686820983887,-3.40265154838562,1
OneHandOreba_1016_1_grm_std_uni,1,3.5353682041168213,-3.5810444355010986,1
OneHandOreba_1016_1_grm_std_uni,1,2.686063528060913,-2.490666389465332,1
OneHandOreba_1016_1_grm_std_uni,1,3.27583384513855,-3.3970425128936768,1
OneHandOreba_1016_1_grm_std_uni,1,3.649258852005005,-3.639993667602539,1
OneHandOreba_1016_1_grm_std_uni,1,3.807729721069336,-3.0852010250091553,1
OneHandOreba_1016_1_grm_std_uni,1,3.2396230697631836,-2.3791356086730957,1
OneHandOreba_1016_1_grm_std_uni,1,2.9858946800231934,-2.390218734741211,1
OneHandOreba_1016_1_grm_std_uni,1,3.562223434448242,-2.8563671112060547,1
OneHandOreba_1016_1_grm_std_uni,1,4.274639129638672,-3.3024682998657227,1
OneHandOreba_1016_1_grm_std_uni,1,4.828778266906738,-3.7019710540771484,1
OneHandOreba_1016_1_grm_std_uni,1,4.720320224761963,-3.9434618949890137,1
OneHandOreba_1016_1_grm_std_uni,1,5.317657947540283,-4.955196857452393,1
OneHandOreba_1016_1_grm_std_uni,1,6.536639213562012,-6.33526611328125,1
OneHandOreba_1016_1_grm_std_uni,1,6.493431568145752,-6.32541036605835,1
OneHandOreba_1016_1_grm_std_uni,1,5.382038116455078,-4.846832752227783,1
OneHandOreba_1016_1_grm_std_uni,1,4.681340217590332,-4.144714832305908,1
OneHandOreba_1016_1_grm_std_uni,1,4.228605270385742,-4.2364091873168945,1
OneHandOreba_1016_1_grm_std_uni,1,3.9408113956451416,-4.4871087074279785,1
OneHandOreba_1016_1_grm_std_uni,1,3.9182398319244385,-4.1950788497924805,1
OneHandOreba_1016_1_grm_std_uni,1,4.6639790534973145,-5.188787937164307,1
OneHandOreba_1016_1_grm_std_uni,1,4.655572891235352,-5.253575801849365,1
OneHandOreba_1016_1_grm_std_uni,1,4.5620222091674805,-5.1290602684021,1
OneHandOreba_1016_1_grm_std_uni,1,4.697518348693848,-5.324019432067871,1
OneHandOreba_1016_1_grm_std_uni,1,4.930403232574463,-5.706346035003662,1
OneHandOreba_1016_1_grm_std_uni,1,4.8866095542907715,-5.602665901184082,1
OneHandOreba_1016_1_grm_std_uni,1,4.444553852081299,-5.075822830200195,1
OneHandOreba_1016_1_grm_std_uni,1,4.502827167510986,-5.097198963165283,1
OneHandOreba_1016_1_grm_std_uni,1,4.703911781311035,-5.203601837158203,1
OneHandOreba_1016_1_grm_std_uni,1,5.167304515838623,-5.645362377166748,1
OneHandOreba_1016_1_grm_std_uni,1,4.5944719314575195,-5.073127746582031,1
OneHandOreba_1016_1_grm_std_uni,1,5.0528178215026855,-5.532079219818115,1
OneHandOreba_1016_1_grm_std_uni,1,5.379781723022461,-5.826185703277588,1
OneHandOreba_1016_1_grm_std_uni,1,5.245730876922607,-5.670894145965576,1
OneHandOreba_1016_1_grm_std_uni,1,5.835169315338135,-6.523419380187988,1
OneHandOreba_1016_1_grm_std_uni,1,6.486250877380371,-6.96237325668335,1
OneHandOreba_1016_1_grm_std_uni,1,6.105877876281738,-6.069013595581055,1
OneHandOreba_1016_1_grm_std_uni,1,3.75710129737854,-3.130418300628662,1
OneHandOreba_1016_1_grm_std_uni,1,3.435929298400879,-2.683032512664795,1
OneHandOreba_1016_1_grm_std_uni,1,4.209936618804932,-4.085883617401123,1
OneHandOreba_1016_1_grm_std_uni,1,4.7776103019714355,-4.565829753875732,1
OneHandOreba_1016_1_grm_std_uni,1,5.827769756317139,-5.56416130065918,1
OneHandOreba_1016_1_grm_std_uni,1,6.696173667907715,-7.159790992736816,1
OneHandOreba_1016_1_grm_std_uni,1,6.888628959655762,-7.78559684753418,1
OneHandOreba_1016_1_grm_std_uni,1,6.99656867980957,-7.595749378204346,1
OneHandOreba_1016_1_grm_std_uni,1,6.300926208496094,-6.495288372039795,1
OneHandOreba_1016_1_grm_std_uni,1,5.568844795227051,-5.385017395019531,1
OneHandOreba_1016_1_grm_std_uni,1,5.273897171020508,-5.22661018371582,1
OneHandOreba_1016_1_grm_std_uni,1,5.537917613983154,-5.59455680847168,1
OneHandOreba_1016_1_grm_std_uni,1,5.180299758911133,-5.385993480682373,1
OneHandOreba_1016_1_grm_std_uni,1,5.080926418304443,-5.737848281860352,1
OneHandOreba_1016_1_grm_std_uni,1,5.607372760772705,-6.287695407867432,1
OneHandOreba_1016_1_grm_std_uni,1,6.292740345001221,-6.628827095031738,1
OneHandOreba_1016_1_grm_std_uni,1,6.631067276000977,-6.822874546051025,1
OneHandOreba_1016_1_grm_std_uni,1,6.447206020355225,-6.582652568817139,1
OneHandOreba_1016_1_grm_std_uni,1,6.287777900695801,-6.4168524742126465,1
OneHandOreba_1016_1_grm_std_uni,1,6.332460403442383,-6.224014759063721,1
OneHandOreba_1016_1_grm_std_uni,1,6.681735992431641,-6.587025165557861,1
OneHandOreba_1016_1_grm_std_uni,1,6.6016106605529785,-6.196134567260742,1
OneHandOreba_1016_1_grm_std_uni,1,4.629669666290283,-3.733206033706665,1
OneHandOreba_1016_1_grm_std_uni,1,3.9395482540130615,-3.45744252204895,1
OneHandOreba_1016_1_grm_std_uni,1,2.9470913410186768,-2.663031578063965,1
OneHandOreba_1016_1_grm_std_uni,1,1.3426480293273926,-0.8993911147117615,1
OneHandOreba_1016_1_grm_std_uni,1,1.2063336372375488,-0.909044086933136,1
OneHandOreba_1016_1_grm_std_uni,1,3.294631242752075,-3.351454734802246,1
OneHandOreba_1016_1_grm_std_uni,1,3.658931016921997,-4.068792819976807,1
OneHandOreba_1016_1_grm_std_uni,1,4.666547775268555,-5.325446128845215,1
OneHandOreba_1016_1_grm_std_uni,1,5.169102668762207,-6.192602157592773,1
OneHandOreba_1016_1_grm_std_uni,1,5.2583417892456055,-6.279266357421875,1
OneHandOreba_1016_1_grm_std_uni,1,5.270424842834473,-6.2636871337890625,1
OneHandOreba_1016_1_grm_std_uni,1,5.281296730041504,-6.077319145202637,1
OneHandOreba_1016_1_grm_std_uni,1,5.058291912078857,-5.638103485107422,1
OneHandOreba_1016_1_grm_std_uni,1,5.183952331542969,-5.602746486663818,1
OneHandOreba_1016_1_grm_std_uni,1,5.500213623046875,-5.905951976776123,1
OneHandOreba_1016_1_grm_std_uni,1,5.5081377029418945,-5.676077842712402,1
OneHandOreba_1016_1_grm_std_uni,1,5.50499153137207,-5.534353733062744,1
OneHandOreba_1016_1_grm_std_uni,1,5.5280866622924805,-5.44593620300293,1
OneHandOreba_1016_1_grm_std_uni,1,5.140244007110596,-4.991331100463867,1
OneHandOreba_1016_1_grm_std_uni,1,5.585204601287842,-5.439209938049316,1
OneHandOreba_1016_1_grm_std_uni,1,6.536916732788086,-6.4984002113342285,1
OneHandOreba_1016_1_grm_std_uni,1,6.524991989135742,-6.335665702819824,1
OneHandOreba_1016_1_grm_std_uni,1,6.267223358154297,-6.236310958862305,1
OneHandOreba_1016_1_grm_std_uni,1,6.773139953613281,-6.68634033203125,1
OneHandOreba_1016_1_grm_std_uni,1,6.882780075073242,-6.531673431396484,1
OneHandOreba_1016_1_grm_std_uni,1,6.240383148193359,-5.6782379150390625,1
OneHandOreba_1016_1_grm_std_uni,1,5.560703277587891,-4.833383083343506,1
OneHandOreba_1016_1_grm_std_uni,1,5.025063991546631,-4.327822685241699,1
OneHandOreba_1016_1_grm_std_uni,1,3.491844892501831,-2.7452428340911865,1
OneHandOreba_1016_1_grm_std_uni,1,3.1460790634155273,-3.0749199390411377,1
OneHandOreba_1016_1_grm_std_uni,1,3.4284729957580566,-3.314872980117798,1
OneHandOreba_1016_1_grm_std_uni,1,4.144441604614258,-3.4158072471618652,1
OneHandOreba_1016_1_grm_std_uni,1,4.9069952964782715,-4.574281692504883,1
OneHandOreba_1016_1_grm_std_uni,1,5.856323719024658,-6.187459945678711,1
OneHandOreba_1016_1_grm_std_uni,1,6.512770175933838,-7.048652648925781,1
OneHandOreba_1016_1_grm_std_uni,1,6.50762414932251,-7.070309638977051,1
OneHandOreba_1016_1_grm_std_uni,1,5.332302093505859,-5.9759202003479,1
OneHandOreba_1016_1_grm_std_uni,1,4.786202430725098,-5.85015869140625,1
OneHandOreba_1016_1_grm_std_uni,1,4.2152204513549805,-5.2700276374816895,1
OneHandOreba_1016_1_grm_std_uni,1,4.0542192459106445,-5.246243953704834,1
OneHandOreba_1016_1_grm_std_uni,1,4.300913333892822,-5.4388580322265625,1
OneHandOreba_1016_1_grm_std_uni,1,4.57546854019165,-5.463558673858643,1
OneHandOreba_1016_1_grm_std_uni,1,5.014196872711182,-5.916088581085205,1
OneHandOreba_1016_1_grm_std_uni,1,4.991285800933838,-5.795934200286865,1
OneHandOreba_1016_1_grm_std_uni,1,3.9190540313720703,-4.582795143127441,1
OneHandOreba_1016_1_grm_std_uni,1,3.9843661785125732,-4.584573268890381,1
OneHandOreba_1016_1_grm_std_uni,1,4.499078273773193,-5.202053546905518,1
OneHandOreba_1016_1_grm_std_uni,1,4.296554088592529,-5.1198248863220215,1
OneHandOreba_1016_1_grm_std_uni,1,3.6915202140808105,-4.562978267669678,1
OneHandOreba_1016_1_grm_std_uni,1,3.2437474727630615,-4.03474760055542,1
OneHandOreba_1016_1_grm_std_uni,1,3.080148696899414,-3.4694786071777344,1
OneHandOreba_1016_1_grm_std_uni,1,3.4146437644958496,-3.526587724685669,1
OneHandOreba_1016_1_grm_std_uni,1,4.183972358703613,-4.019932270050049,1
OneHandOreba_1016_1_grm_std_uni,1,4.856873512268066,-4.6143317222595215,1
OneHandOreba_1016_1_grm_std_uni,1,5.68806791305542,-5.522100925445557,1
OneHandOreba_1016_1_grm_std_uni,1,5.892248630523682,-5.363921165466309,1
OneHandOreba_1016_1_grm_std_uni,1,6.404910564422607,-6.394608020782471,1
OneHandOreba_1016_1_grm_std_uni,1,6.279736042022705,-6.478629112243652,1
OneHandOreba_1016_1_grm_std_uni,1,4.088916778564453,-3.5207178592681885,1
OneHandOreba_1016_1_grm_std_uni,1,4.011661052703857,-3.417056083679199,1
OneHandOreba_1016_1_grm_std_uni,1,4.610180854797363,-4.211211204528809,1
OneHandOreba_1016_1_grm_std_uni,1,4.326277256011963,-3.9569101333618164,1
OneHandOreba_1016_1_grm_std_uni,1,4.411623954772949,-4.268898010253906,1
OneHandOreba_1016_1_grm_std_uni,1,4.641050815582275,-4.644913196563721,1
OneHandOreba_1016_1_grm_std_uni,1,4.7027997970581055,-4.660394668579102,1
OneHandOreba_1016_1_grm_std_uni,1,4.434781551361084,-3.946136236190796,1
OneHandOreba_1016_1_grm_std_uni,1,2.9566292762756348,-1.6805438995361328,1
OneHandOreba_1016_1_grm_std_uni,1,2.2157559394836426,-0.5100529789924622,1
OneHandOreba_1016_1_grm_std_uni,1,2.389007806777954,-1.3198572397232056,1
OneHandOreba_1016_1_grm_std_uni,1,3.2790143489837646,-3.3253543376922607,1
OneHandOreba_1016_1_grm_std_uni,1,4.680994510650635,-5.177306175231934,1
OneHandOreba_1016_1_grm_std_uni,1,5.615110397338867,-6.500771999359131,1
OneHandOreba_1016_1_grm_std_uni,1,5.723126411437988,-6.740203380584717,1
OneHandOreba_1016_1_grm_std_uni,1,5.750916004180908,-6.759424686431885,1
OneHandOreba_1016_1_grm_std_uni,1,5.327413558959961,-6.993649482727051,1
OneHandOreba_1016_1_grm_std_uni,1,5.128079414367676,-7.117826461791992,1
OneHandOreba_1016_1_grm_std_uni,1,4.972169399261475,-7.0876784324646,1
OneHandOreba_1016_1_grm_std_uni,1,4.752645015716553,-6.879673004150391,1
OneHandOreba_1016_1_grm_std_uni,1,4.576642036437988,-6.5433244705200195,1
OneHandOreba_1016_1_grm_std_uni,1,4.58906364440918,-6.397590637207031,1
OneHandOreba_1016_1_grm_std_uni,1,4.65988826751709,-6.3239288330078125,1
OneHandOreba_1016_1_grm_std_uni,2,4.669878959655762,-6.205341339111328,1
OneHandOreba_1016_1_grm_std_uni,2,4.5680131912231445,-5.9798665046691895,1
OneHandOreba_1016_1_grm_std_uni,2,4.529534339904785,-5.9568963050842285,1
OneHandOreba_1016_1_grm_std_uni,2,4.51457405090332,-6.018702507019043,1
OneHandOreba_1016_1_grm_std_uni,2,4.303406715393066,-5.816856861114502,1
OneHandOreba_1016_1_grm_std_uni,2,4.109071254730225,-5.562850475311279,1
OneHandOreba_1016_1_grm_std_uni,2,4.168006896972656,-5.588435173034668,1
OneHandOreba_1016_1_grm_std_uni,2,4.085587024688721,-5.452526569366455,1
OneHandOreba_1016_1_grm_std_uni,2,4.014340400695801,-5.307131290435791,1
OneHandOreba_1016_1_grm_std_uni,2,4.248172760009766,-5.466521739959717,1
OneHandOreba_1016_1_grm_std_uni,2,4.108335018157959,-5.2552900314331055,1
OneHandOreba_1016_1_grm_std_uni,2,3.7724859714508057,-4.762188911437988,1
OneHandOreba_1016_1_grm_std_uni,2,3.283642530441284,-4.00624942779541,1
OneHandOreba_1016_1_grm_std_uni,2,3.6754705905914307,-4.287985801696777,1
OneHandOreba_1016_1_grm_std_uni,1,3.5982484817504883,-4.484287261962891,1
OneHandOreba_1016_1_grm_std_uni,1,3.6268410682678223,-4.617090702056885,1
OneHandOreba_1016_1_grm_std_uni,1,4.138886451721191,-4.81555700302124,1
OneHandOreba_1016_1_grm_std_uni,1,3.9713921546936035,-4.566440582275391,1
OneHandOreba_1016_1_grm_std_uni,1,4.7933244705200195,-5.089964389801025,1
OneHandOreba_1016_1_grm_std_uni,1,5.377105236053467,-5.661842346191406,1
OneHandOreba_1016_1_grm_std_uni,1,4.967668056488037,-5.151448726654053,1
OneHandOreba_1016_1_grm_std_uni,1,4.927211284637451,-5.794626235961914,1
OneHandOreba_1016_1_grm_std_uni,1,4.87362813949585,-5.9508490562438965,1
OneHandOreba_1016_1_grm_std_uni,1,4.685096740722656,-5.8798041343688965,1
OneHandOreba_1016_1_grm_std_uni,1,4.63389778137207,-6.052884101867676,1
OneHandOreba_1016_1_grm_std_uni,1,4.784945964813232,-6.098316192626953,1
OneHandOreba_1016_1_grm_std_uni,1,4.899969100952148,-6.247218608856201,1
OneHandOreba_1016_1_grm_std_uni,1,4.818370819091797,-6.173702239990234,1
OneHandOreba_1016_1_grm_std_uni,1,4.69137716293335,-5.777688980102539,1
OneHandOreba_1016_1_grm_std_uni,1,5.34989070892334,-6.621429443359375,1
OneHandOreba_1016_1_grm_std_uni,1,6.241063594818115,-7.467619895935059,1
OneHandOreba_1016_1_grm_std_uni,1,5.711629390716553,-6.880370616912842,1
OneHandOreba_1016_1_grm_std_uni,1,5.149474620819092,-6.160308361053467,1
OneHandOreba_1016_1_grm_std_uni,1,4.932165145874023,-5.864225387573242,1
OneHandOreba_1016_1_grm_std_uni,1,5.647991180419922,-6.329583644866943,1
OneHandOreba_1016_1_grm_std_uni,1,5.244640827178955,-5.836743354797363,1
OneHandOreba_1016_1_grm_std_uni,1,5.506277084350586,-6.135164260864258,1
OneHandOreba_1016_1_grm_std_uni,1,5.522702217102051,-5.970277786254883,1
OneHandOreba_1016_1_grm_std_uni,1,4.8412981033325195,-5.114778518676758,1
OneHandOreba_1016_1_grm_std_uni,1,4.956199645996094,-5.301928997039795,1
OneHandOreba_1016_1_grm_std_uni,1,4.4707722663879395,-4.82789945602417,1
OneHandOreba_1016_1_grm_std_uni,1,4.038697719573975,-4.53106164932251,1
OneHandOreba_1016_1_grm_std_uni,1,4.488285541534424,-5.255017280578613,1
OneHandOreba_1016_1_grm_std_uni,1,4.623624324798584,-5.188541412353516,1
OneHandOreba_1016_1_grm_std_uni,1,4.643343925476074,-5.246097564697266,1
OneHandOreba_1016_1_grm_std_uni,1,5.181509494781494,-5.6537699699401855,1
OneHandOreba_1016_1_grm_std_uni,1,5.660026550292969,-5.876126289367676,1
OneHandOreba_1016_1_grm_std_uni,1,5.572312355041504,-5.648360252380371,1
OneHandOreba_1016_1_grm_std_uni,1,5.525084972381592,-5.4923529624938965,1
OneHandOreba_1016_1_grm_std_uni,1,5.637208938598633,-5.195119380950928,1
OneHandOreba_1016_1_grm_std_uni,1,5.7325263023376465,-4.923645973205566,1
OneHandOreba_1016_1_grm_std_uni,1,5.235702037811279,-4.572598457336426,1
OneHandOreba_1016_1_grm_std_uni,1,5.029132843017578,-4.7269487380981445,1
OneHandOreba_1016_1_grm_std_uni,1,5.027458667755127,-4.626603603363037,1
OneHandOreba_1016_1_grm_std_uni,1,5.05797004699707,-4.596866130828857,1
OneHandOreba_1016_1_grm_std_uni,1,5.021326541900635,-4.627948760986328,1
OneHandOreba_1016_1_grm_std_uni,1,4.788226127624512,-4.52506685256958,1
OneHandOreba_1016_1_grm_std_uni,1,5.620462894439697,-5.765165328979492,1
OneHandOreba_1016_1_grm_std_uni,1,6.477616310119629,-6.818958759307861,1
OneHandOreba_1016_1_grm_std_uni,1,5.695065498352051,-6.147731304168701,1
OneHandOreba_1016_1_grm_std_uni,1,5.730543613433838,-5.622236251831055,1
OneHandOreba_1016_1_grm_std_uni,1,5.843714237213135,-5.2628173828125,1
OneHandOreba_1016_1_grm_std_uni,1,5.693352222442627,-5.263474464416504,1
OneHandOreba_1016_1_grm_std_uni,1,4.687861919403076,-4.3991851806640625,1
OneHandOreba_1016_1_grm_std_uni,1,4.5344743728637695,-4.2563652992248535,1
OneHandOreba_1016_1_grm_std_uni,1,5.292905807495117,-5.080021858215332,1
OneHandOreba_1016_1_grm_std_uni,1,5.610018730163574,-5.594965934753418,1
OneHandOreba_1016_1_grm_std_uni,1,5.502058506011963,-5.227169036865234,1
OneHandOreba_1016_1_grm_std_uni,1,5.827261447906494,-5.262232303619385,1
OneHandOreba_1016_1_grm_std_uni,1,5.739766597747803,-5.353888988494873,1
OneHandOreba_1016_1_grm_std_uni,1,5.893391132354736,-6.059056758880615,1
OneHandOreba_1016_1_grm_std_uni,1,5.886617183685303,-6.629175662994385,1
OneHandOreba_1016_1_grm_std_uni,1,5.654178619384766,-6.767855167388916,1
OneHandOreba_1016_1_grm_std_uni,1,5.356995582580566,-6.5858917236328125,1
OneHandOreba_1016_1_grm_std_uni,1,6.325963020324707,-7.342315673828125,1
OneHandOreba_1016_1_grm_std_uni,1,6.504100322723389,-6.6272759437561035,1
OneHandOreba_1016_1_grm_std_uni,1,5.283833026885986,-4.846303462982178,1
OneHandOreba_1016_1_grm_std_uni,1,4.543327808380127,-4.463865280151367,1
OneHandOreba_1016_1_grm_std_uni,1,4.969821453094482,-4.906917095184326,1
OneHandOreba_1016_1_grm_std_uni,1,5.339001655578613,-5.291759490966797,1
OneHandOreba_1016_1_grm_std_uni,1,5.139560699462891,-4.707364082336426,1
OneHandOreba_1016_1_grm_std_uni,1,5.2671589851379395,-4.623162269592285,1
OneHandOreba_1016_1_grm_std_uni,1,5.007883071899414,-4.513243675231934,1
OneHandOreba_1016_1_grm_std_uni,1,5.233404159545898,-4.674346923828125,1
OneHandOreba_1016_1_grm_std_uni,1,5.751250267028809,-4.773463249206543,1
OneHandOreba_1016_1_grm_std_uni,1,5.153506755828857,-4.341361999511719,1
OneHandOreba_1016_1_grm_std_uni,1,4.850437641143799,-4.265589714050293,1
OneHandOreba_1016_1_grm_std_uni,1,5.498555660247803,-5.164704322814941,1
OneHandOreba_1016_1_grm_std_uni,1,5.438632488250732,-5.295053482055664,1
OneHandOreba_1016_1_grm_std_uni,1,5.296233654022217,-5.0305399894714355,1
OneHandOreba_1016_1_grm_std_uni,1,4.936345100402832,-4.446560859680176,1
OneHandOreba_1016_1_grm_std_uni,1,4.883294582366943,-4.167795181274414,1
OneHandOreba_1016_1_grm_std_uni,1,5.151252269744873,-4.459712028503418,1
OneHandOreba_1016_1_grm_std_uni,1,5.3289794921875,-4.887234210968018,1
OneHandOreba_1016_1_grm_std_uni,1,5.541463375091553,-4.752291202545166,1
OneHandOreba_1016_1_grm_std_uni,1,5.97452974319458,-5.551652908325195,1
OneHandOreba_1016_1_grm_std_uni,1,6.1206793785095215,-5.404341220855713,1
OneHandOreba_1016_1_grm_std_uni,1,4.620365142822266,-3.7495133876800537,1
OneHandOreba_1016_1_grm_std_uni,1,5.441018104553223,-4.601767063140869,1
OneHandOreba_1016_1_grm_std_uni,1,5.696523666381836,-5.03212833404541,1
OneHandOreba_1016_1_grm_std_uni,1,5.496516704559326,-4.620080947875977,1
OneHandOreba_1016_1_grm_std_uni,1,5.240087032318115,-3.9825122356414795,1
OneHandOreba_1016_1_grm_std_uni,1,4.860386371612549,-4.082765579223633,1
OneHandOreba_1016_1_grm_std_uni,1,4.589022636413574,-4.212613105773926,1
OneHandOreba_1016_1_grm_std_uni,1,4.825752258300781,-4.787082195281982,1
OneHandOreba_1016_1_grm_std_uni,1,4.966236114501953,-4.584300518035889,1
OneHandOreba_1016_1_grm_std_uni,1,5.015612602233887,-4.669053554534912,1
OneHandOreba_1016_1_grm_std_uni,1,4.955111980438232,-4.993889808654785,1
OneHandOreba_1016_1_grm_std_uni,1,5.451210021972656,-6.0056610107421875,1
OneHandOreba_1016_1_grm_std_uni,1,5.765856742858887,-6.736444473266602,1
OneHandOreba_1016_1_grm_std_uni,1,5.400822639465332,-6.630997180938721,1
OneHandOreba_1016_1_grm_std_uni,1,4.841632843017578,-5.6222004890441895,1
OneHandOreba_1016_1_grm_std_uni,1,4.287685394287109,-4.354572296142578,1
OneHandOreba_1016_1_grm_std_uni,1,3.8772902488708496,-4.114476680755615,1
OneHandOreba_1016_1_grm_std_uni,1,4.559699535369873,-4.948812007904053,1
OneHandOreba_1016_1_grm_std_uni,1,4.986291885375977,-5.644983291625977,1
OneHandOreba_1016_1_grm_std_uni,1,5.135457515716553,-5.9218668937683105,1
OneHandOreba_1016_1_grm_std_uni,1,4.395364761352539,-4.780549049377441,1
OneHandOreba_1016_1_grm_std_uni,1,5.096426486968994,-5.926941871643066,1
OneHandOreba_1016_1_grm_std_uni,1,5.408239841461182,-6.502770900726318,1
OneHandOreba_1016_1_grm_std_uni,1,5.886885643005371,-7.2130937576293945,1
OneHandOreba_1016_1_grm_std_uni,1,6.53466272354126,-7.907041072845459,1
OneHandOreba_1016_1_grm_std_uni,1,6.931397438049316,-7.999350547790527,1
OneHandOreba_1016_1_grm_std_uni,1,7.240699291229248,-8.359146118164062,1
OneHandOreba_1016_1_grm_std_uni,1,6.808777809143066,-7.571812629699707,1
OneHandOreba_1016_1_grm_std_uni,1,6.3353400230407715,-6.871886730194092,1
OneHandOreba_1016_1_grm_std_uni,1,5.932223796844482,-6.244696617126465,1
OneHandOreba_1016_1_grm_std_uni,1,6.388012886047363,-6.433079719543457,1
OneHandOreba_1016_1_grm_std_uni,1,6.449413299560547,-6.70281457901001,1
OneHandOreba_1016_1_grm_std_uni,1,6.390993118286133,-6.319700717926025,1
OneHandOreba_1016_1_grm_std_uni,1,6.512979030609131,-6.330951690673828,1
OneHandOreba_1016_1_grm_std_uni,1,6.078616619110107,-5.789431571960449,1
OneHandOreba_1016_1_grm_std_uni,1,5.439940929412842,-5.138671398162842,1
OneHandOreba_1016_1_grm_std_uni,1,5.626510143280029,-5.332824230194092,1
OneHandOreba_1016_1_grm_std_uni,1,5.275213718414307,-5.267369270324707,1
OneHandOreba_1016_1_grm_std_uni,1,5.505531311035156,-5.289519786834717,1
OneHandOreba_1016_1_grm_std_uni,1,5.818480014801025,-5.514586448669434,1
OneHandOreba_1016_1_grm_std_uni,1,6.162694931030273,-5.68668794631958,1
OneHandOreba_1016_1_grm_std_uni,1,5.68867826461792,-5.491636753082275,1
OneHandOreba_1016_1_grm_std_uni,1,5.1496076583862305,-4.623391151428223,1
OneHandOreba_1016_1_grm_std_uni,1,5.252246379852295,-4.371825218200684,1
OneHandOreba_1016_1_grm_std_uni,1,4.756786823272705,-4.177391052246094,1
OneHandOreba_1016_1_grm_std_uni,1,4.406172752380371,-4.433348655700684,1
OneHandOreba_1016_1_grm_std_uni,1,4.620151042938232,-4.678066253662109,1
OneHandOreba_1016_1_grm_std_uni,1,4.914627552032471,-4.82656192779541,1
OneHandOreba_1016_1_grm_std_uni,1,5.452635288238525,-5.499974250793457,1
OneHandOreba_1016_1_grm_std_uni,1,5.2915849685668945,-5.138734817504883,1
OneHandOreba_1016_1_grm_std_uni,1,5.32507848739624,-5.088490962982178,1
OneHandOreba_1016_1_grm_std_uni,1,5.291928768157959,-4.750206470489502,1
OneHandOreba_1016_1_grm_std_uni,1,4.740140438079834,-4.352334022521973,1
OneHandOreba_1016_1_grm_std_uni,1,4.594459056854248,-4.528396129608154,1
OneHandOreba_1016_1_grm_std_uni,1,4.81546688079834,-5.048742771148682,1
OneHandOreba_1016_1_grm_std_uni,1,4.771228313446045,-4.972530841827393,1
OneHandOreba_1016_1_grm_std_uni,1,4.409030914306641,-4.4480719566345215,1
OneHandOreba_1016_1_grm_std_uni,1,4.473910331726074,-4.681558132171631,1
OneHandOreba_1016_1_grm_std_uni,1,5.276406288146973,-6.227867126464844,1
OneHandOreba_1016_1_grm_std_uni,1,5.560563087463379,-6.83251953125,1
OneHandOreba_1016_1_grm_std_uni,1,5.75594425201416,-7.009735107421875,1
OneHandOreba_1016_1_grm_std_uni,1,6.062000274658203,-7.1876091957092285,1
OneHandOreba_1016_1_grm_std_uni,1,6.705777645111084,-7.659419536590576,1
OneHandOreba_1016_1_grm_std_uni,1,6.894745349884033,-7.579429626464844,1
OneHandOreba_1016_1_grm_std_uni,1,6.076472759246826,-6.72194242477417,1
OneHandOreba_1016_1_grm_std_uni,1,6.408511638641357,-6.943683624267578,1
OneHandOreba_1016_1_grm_std_uni,1,6.109985828399658,-6.320394039154053,1
OneHandOreba_1016_1_grm_std_uni,1,6.22719144821167,-6.5885162353515625,1
OneHandOreba_1016_1_grm_std_uni,1,6.417643070220947,-6.628555774688721,1
OneHandOreba_1016_1_grm_std_uni,1,6.104180335998535,-6.408092021942139,1
OneHandOreba_1016_1_grm_std_uni,1,6.332446575164795,-6.679436206817627,1
OneHandOreba_1016_1_grm_std_uni,1,6.182052135467529,-6.413744926452637,1
OneHandOreba_1016_1_grm_std_uni,1,5.946288585662842,-6.109519958496094,1
OneHandOreba_1016_1_grm_std_uni,1,5.332971096038818,-5.6637163162231445,1
OneHandOreba_1016_1_grm_std_uni,1,4.072391033172607,-4.2860589027404785,1
OneHandOreba_1016_1_grm_std_uni,1,3.844478130340576,-3.5727243423461914,1
OneHandOreba_1016_1_grm_std_uni,1,3.4643537998199463,-3.652498960494995,1
OneHandOreba_1016_1_grm_std_uni,1,3.1933186054229736,-3.610031843185425,1
OneHandOreba_1016_1_grm_std_uni,1,3.064743757247925,-3.4124860763549805,1
OneHandOreba_1016_1_grm_std_uni,1,1.8507014513015747,-1.8381532430648804,1
OneHandOreba_1016_1_grm_std_uni,1,0.6921098232269287,-0.46089497208595276,1
OneHandOreba_1016_1_grm_std_uni,1,3.3673949241638184,-3.6897947788238525,1
OneHandOreba_1016_1_grm_std_uni,1,5.166797637939453,-5.530730247497559,1
OneHandOreba_1016_1_grm_std_uni,1,5.957859039306641,-6.10672664642334,1
OneHandOreba_1016_1_grm_std_uni,1,6.636624336242676,-6.848310470581055,1
OneHandOreba_1016_1_grm_std_uni,1,5.755476474761963,-6.162725925445557,1
OneHandOreba_1016_1_grm_std_uni,1,4.242201328277588,-4.715514183044434,1
OneHandOreba_1016_1_grm_std_uni,1,3.7090234756469727,-4.114394664764404,1
OneHandOreba_1016_1_grm_std_uni,1,4.188691139221191,-4.819788932800293,1
OneHandOreba_1016_1_grm_std_uni,1,5.1333327293396,-6.071059703826904,1
OneHandOreba_1016_1_grm_std_uni,1,5.650364398956299,-6.3160552978515625,1
OneHandOreba_1016_1_grm_std_uni,1,6.157221794128418,-6.6428446769714355,1
OneHandOreba_1016_1_grm_std_uni,1,5.917185306549072,-6.506247043609619,1
OneHandOreba_1016_1_grm_std_uni,1,6.1023664474487305,-6.662862777709961,1
OneHandOreba_1016_1_grm_std_uni,1,5.243141174316406,-5.570540904998779,1
OneHandOreba_1016_1_grm_std_uni,1,4.060911655426025,-4.597009658813477,1
OneHandOreba_1016_1_grm_std_uni,1,2.9361014366149902,-2.8303513526916504,1
OneHandOreba_1016_1_grm_std_uni,1,3.0476279258728027,-2.4468131065368652,1
OneHandOreba_1016_1_grm_std_uni,1,4.412236213684082,-4.004662990570068,1
OneHandOreba_1016_1_grm_std_uni,2,4.925293922424316,-4.338624000549316,1
OneHandOreba_1016_1_grm_std_uni,2,5.375350475311279,-4.812043190002441,1
OneHandOreba_1016_1_grm_std_uni,2,5.438133716583252,-5.507574558258057,1
OneHandOreba_1016_1_grm_std_uni,2,4.558581829071045,-4.805382251739502,1
OneHandOreba_1016_1_grm_std_uni,2,4.668034553527832,-5.163080215454102,1
OneHandOreba_1016_1_grm_std_uni,2,4.956613540649414,-5.695755958557129,1
OneHandOreba_1016_1_grm_std_uni,2,4.801677703857422,-5.605191707611084,1
OneHandOreba_1016_1_grm_std_uni,2,4.642246723175049,-5.4237284660339355,1
OneHandOreba_1016_1_grm_std_uni,2,4.449296951293945,-5.122735500335693,1
OneHandOreba_1016_1_grm_std_uni,2,4.377685070037842,-4.985064506530762,1
OneHandOreba_1016_1_grm_std_uni,2,4.428619384765625,-5.073801040649414,1
OneHandOreba_1016_1_grm_std_uni,2,4.411228656768799,-5.051222324371338,1
OneHandOreba_1016_1_grm_std_uni,2,4.328217029571533,-4.941412448883057,1
OneHandOreba_1016_1_grm_std_uni,2,4.3097991943359375,-4.939874649047852,1
OneHandOreba_1016_1_grm_std_uni,2,4.203896999359131,-4.8154191970825195,1
OneHandOreba_1016_1_grm_std_uni,2,4.217461109161377,-4.831714153289795,1
OneHandOreba_1016_1_grm_std_uni,2,4.336767196655273,-5.020810127258301,1
OneHandOreba_1016_1_grm_std_uni,2,4.195870876312256,-4.940948486328125,1
OneHandOreba_1016_1_grm_std_uni,2,3.0793817043304443,-3.8886468410491943,1
OneHandOreba_1016_1_grm_std_uni,2,1.9845529794692993,-2.5955395698547363,1
OneHandOreba_1016_1_grm_std_uni,2,2.64483380317688,-3.021174907684326,1
OneHandOreba_1016_1_grm_std_uni,2,3.215074062347412,-3.438730239868164,1
OneHandOreba_1016_1_grm_std_uni,2,3.2017483711242676,-3.358860492706299,1
OneHandOreba_1016_1_grm_std_uni,1,2.597755193710327,-2.6964569091796875,1
OneHandOreba_1016_1_grm_std_uni,1,2.7919821739196777,-2.9231948852539062,1
OneHandOreba_1016_1_grm_std_uni,1,3.2692229747772217,-3.412569522857666,1
OneHandOreba_1016_1_grm_std_uni,1,4.062920570373535,-4.3386406898498535,1
OneHandOreba_1016_1_grm_std_uni,1,4.152320384979248,-4.6305952072143555,1
OneHandOreba_1016_1_grm_std_uni,1,3.7397868633270264,-4.429057598114014,1
OneHandOreba_1016_1_grm_std_uni,1,3.4857285022735596,-4.150373935699463,1
OneHandOreba_1016_1_grm_std_uni,1,3.52274489402771,-4.181319236755371,1
OneHandOreba_1016_1_grm_std_uni,1,3.760619640350342,-4.564184188842773,1
OneHandOreba_1016_1_grm_std_uni,1,4.023921489715576,-4.882503032684326,1
OneHandOreba_1016_1_grm_std_uni,1,4.063527584075928,-4.962574481964111,1
OneHandOreba_1016_1_grm_std_uni,1,3.6212830543518066,-4.413530349731445,1
OneHandOreba_1016_1_grm_std_uni,1,2.7488362789154053,-3.697253704071045,1
OneHandOreba_1016_1_grm_std_uni,1,3.466118574142456,-4.395010948181152,1
OneHandOreba_1016_1_grm_std_uni,1,4.04758882522583,-4.923391342163086,1
OneHandOreba_1016_1_grm_std_uni,1,4.105422496795654,-4.991041660308838,1
OneHandOreba_1016_1_grm_std_uni,1,4.265333652496338,-5.105270862579346,1
OneHandOreba_1016_1_grm_std_uni,1,4.217520236968994,-5.058109283447266,1
OneHandOreba_1016_1_grm_std_uni,1,4.1563005447387695,-5.039525508880615,1
OneHandOreba_1016_1_grm_std_uni,1,4.121658802032471,-5.050839900970459,1
OneHandOreba_1016_1_grm_std_uni,1,4.1042866706848145,-5.042316436767578,1
OneHandOreba_1016_1_grm_std_uni,1,4.026546955108643,-4.967139720916748,1
OneHandOreba_1016_1_grm_std_uni,1,4.051828861236572,-4.991034984588623,1
OneHandOreba_1016_1_grm_std_uni,1,4.058619022369385,-5.022294521331787,1
OneHandOreba_1016_1_grm_std_uni,1,4.0002031326293945,-4.957272052764893,1
OneHandOreba_1016_1_grm_std_uni,1,4.019521236419678,-4.997361660003662,1
OneHandOreba_1016_1_grm_std_uni,1,3.9513325691223145,-4.889311790466309,1
OneHandOreba_1016_1_grm_std_uni,1,3.774517774581909,-4.683346271514893,1
OneHandOreba_1016_1_grm_std_uni,1,3.7005648612976074,-4.621838569641113,1
OneHandOreba_1016_1_grm_std_uni,1,3.888606071472168,-4.829545974731445,1
OneHandOreba_1016_1_grm_std_uni,1,4.057971954345703,-5.031157970428467,1
OneHandOreba_1016_1_grm_std_uni,1,4.091540813446045,-5.120594024658203,1
OneHandOreba_1016_1_grm_std_uni,1,3.94320011138916,-4.939785003662109,1
OneHandOreba_1016_1_grm_std_uni,1,3.718914747238159,-4.683318138122559,1
OneHandOreba_1016_1_grm_std_uni,1,3.0326526165008545,-3.993720531463623,1
OneHandOreba_1016_1_grm_std_uni,1,1.5421009063720703,-2.714627504348755,1
OneHandOreba_1016_1_grm_std_uni,1,1.753885269165039,-3.076667547225952,1
OneHandOreba_1016_1_grm_std_uni,1,2.633030414581299,-3.902076244354248,1
OneHandOreba_1016_1_grm_std_uni,1,3.1349587440490723,-3.8859596252441406,1
OneHandOreba_1016_1_grm_std_uni,1,4.1223039627075195,-4.583253383636475,1
OneHandOreba_1016_1_grm_std_uni,1,4.551945686340332,-4.788114070892334,1
OneHandOreba_1016_1_grm_std_uni,1,3.960362195968628,-3.619863986968994,1
OneHandOreba_1016_1_grm_std_uni,1,4.345308780670166,-4.606786727905273,1
OneHandOreba_1016_1_grm_std_uni,1,4.773590087890625,-6.089497089385986,1
OneHandOreba_1016_1_grm_std_uni,1,4.900758743286133,-6.466070175170898,1
OneHandOreba_1016_1_grm_std_uni,1,4.906801223754883,-6.498895168304443,1
OneHandOreba_1016_1_grm_std_uni,1,4.632750511169434,-5.791995525360107,1
OneHandOreba_1016_1_grm_std_uni,1,4.313939571380615,-5.281806945800781,1
OneHandOreba_1016_1_grm_std_uni,1,5.281966686248779,-6.448227405548096,1
OneHandOreba_1016_1_grm_std_uni,1,4.84191370010376,-6.102095127105713,1
OneHandOreba_1016_1_grm_std_uni,1,4.856440544128418,-6.053484916687012,1
OneHandOreba_1016_1_grm_std_uni,1,5.7569580078125,-6.666210651397705,1
OneHandOreba_1016_1_grm_std_uni,1,5.952237606048584,-6.4888081550598145,1
OneHandOreba_1016_1_grm_std_uni,1,5.528395175933838,-6.130483150482178,1
OneHandOreba_1016_1_grm_std_uni,1,5.54953145980835,-6.412082195281982,1
OneHandOreba_1016_1_grm_std_uni,1,5.254129409790039,-6.060937404632568,1
OneHandOreba_1016_1_grm_std_uni,1,5.097467422485352,-5.594302177429199,1
OneHandOreba_1016_1_grm_std_uni,1,5.303057670593262,-5.954709053039551,1
OneHandOreba_1016_1_grm_std_uni,1,5.932376384735107,-6.676630020141602,1
OneHandOreba_1016_1_grm_std_uni,1,5.511612892150879,-5.50252628326416,1
OneHandOreba_1016_1_grm_std_uni,1,4.5437798500061035,-4.367465019226074,1
OneHandOreba_1016_1_grm_std_uni,1,5.62141752243042,-5.545550346374512,1
OneHandOreba_1016_1_grm_std_uni,1,5.637139320373535,-5.048324108123779,1
OneHandOreba_1016_1_grm_std_uni,1,5.093357563018799,-4.501694202423096,1
OneHandOreba_1016_1_grm_std_uni,1,5.487061023712158,-4.909422397613525,1
OneHandOreba_1016_1_grm_std_uni,1,4.907078266143799,-4.2871785163879395,1
OneHandOreba_1016_1_grm_std_uni,1,3.795598030090332,-3.0731112957000732,1
OneHandOreba_1016_1_grm_std_uni,1,4.874807834625244,-4.366698741912842,1
OneHandOreba_1016_1_grm_std_uni,1,5.885513782501221,-6.493141174316406,1
OneHandOreba_1016_1_grm_std_uni,1,5.276733875274658,-5.292741298675537,1
OneHandOreba_1016_1_grm_std_uni,1,4.566804885864258,-4.558906555175781,1
OneHandOreba_1016_1_grm_std_uni,1,4.365056991577148,-4.557522296905518,1
OneHandOreba_1016_1_grm_std_uni,1,4.301577091217041,-4.627078056335449,1
OneHandOreba_1016_1_grm_std_uni,1,4.089974880218506,-4.652044296264648,1
OneHandOreba_1016_1_grm_std_uni,1,3.6139609813690186,-4.5052924156188965,1
OneHandOreba_1016_1_grm_std_uni,1,3.9670684337615967,-4.921469688415527,1
OneHandOreba_1016_1_grm_std_uni,1,4.506895065307617,-5.597946643829346,1
OneHandOreba_1016_1_grm_std_uni,1,4.222460746765137,-5.238320350646973,1
OneHandOreba_1016_1_grm_std_uni,1,3.8840372562408447,-4.286655902862549,1
OneHandOreba_1016_1_grm_std_uni,1,3.9482247829437256,-3.836181640625,1
OneHandOreba_1016_1_grm_std_uni,1,3.1068668365478516,-3.1613361835479736,1
OneHandOreba_1016_1_grm_std_uni,1,3.565364360809326,-4.009548187255859,1
OneHandOreba_1016_1_grm_std_uni,1,4.232846260070801,-4.670764446258545,1
OneHandOreba_1016_1_grm_std_uni,1,4.0703582763671875,-4.697761058807373,1
OneHandOreba_1016_1_grm_std_uni,2,4.021090507507324,-4.6410322189331055,1
OneHandOreba_1016_1_grm_std_uni,2,3.8978519439697266,-4.0210161209106445,1
OneHandOreba_1016_1_grm_std_uni,2,3.522270441055298,-3.7272419929504395,1
OneHandOreba_1016_1_grm_std_uni,2,3.3754239082336426,-3.576657295227051,1
OneHandOreba_1016_1_grm_std_uni,2,2.786940813064575,-2.7407846450805664,1
OneHandOreba_1016_1_grm_std_uni,2,2.6215298175811768,-2.7219269275665283,1
OneHandOreba_1016_1_grm_std_uni,2,3.1357364654541016,-3.2592904567718506,1
OneHandOreba_1016_1_grm_std_uni,2,3.2285354137420654,-3.4246904850006104,1
OneHandOreba_1016_1_grm_std_uni,2,2.709564208984375,-2.9771111011505127,1
OneHandOreba_1016_1_grm_std_uni,2,0.4418655037879944,0.2612352669239044,1
OneHandOreba_1016_1_grm_std_uni,2,-0.7258654832839966,1.4160228967666626,2
OneHandOreba_1016_1_grm_std_uni,2,-0.3189770579338074,0.944739580154419,1
OneHandOreba_1016_1_grm_std_uni,2,3.055255889892578,-3.1298389434814453,1
OneHandOreba_1016_1_grm_std_uni,2,4.437620162963867,-5.545790195465088,1
OneHandOreba_1016_1_grm_std_uni,2,4.284979343414307,-5.857358932495117,1
OneHandOreba_1016_1_grm_std_uni,2,3.949580669403076,-5.499955177307129,1
OneHandOreba_1016_1_grm_std_uni,2,3.708761692047119,-5.103985786437988,1
OneHandOreba_1016_1_grm_std_uni,2,3.6524786949157715,-5.112519264221191,1
OneHandOreba_1016_1_grm_std_uni,2,3.8373148441314697,-5.361800670623779,1
OneHandOreba_1016_1_grm_std_uni,2,4.067067623138428,-5.75018835067749,1
OneHandOreba_1016_1_grm_std_uni,2,4.310776233673096,-5.843502998352051,1
OneHandOreba_1016_1_grm_std_uni,2,4.503910064697266,-5.870937824249268,1
OneHandOreba_1016_1_grm_std_uni,2,4.723593711853027,-6.047224998474121,1
OneHandOreba_1016_1_grm_std_uni,2,5.17563533782959,-6.548896789550781,1
OneHandOreba_1016_1_grm_std_uni,2,6.046735763549805,-7.081852912902832,1
OneHandOreba_1016_1_grm_std_uni,2,6.294640064239502,-7.34741735458374,1
OneHandOreba_1016_1_grm_std_uni,2,6.312071800231934,-7.1402668952941895,1
OneHandOreba_1016_1_grm_std_uni,2,3.9343559741973877,-4.451581001281738,1
OneHandOreba_1016_1_grm_std_uni,2,3.128079414367676,-3.3109772205352783,1
OneHandOreba_1016_1_grm_std_uni,2,5.069117546081543,-5.008598804473877,1
OneHandOreba_1016_1_grm_std_uni,2,6.072472095489502,-5.914982318878174,1
OneHandOreba_1016_1_grm_std_uni,2,6.3119587898254395,-6.287161827087402,1
OneHandOreba_1016_1_grm_std_uni,2,6.2172393798828125,-6.180912494659424,1
OneHandOreba_1016_1_grm_std_uni,2,5.040767192840576,-5.13820219039917,1
OneHandOreba_1016_1_grm_std_uni,2,4.758690357208252,-4.72789192199707,1
OneHandOreba_1016_1_grm_std_uni,2,5.141909122467041,-4.857558250427246,1
OneHandOreba_1016_1_grm_std_uni,2,4.157650947570801,-3.7850582599639893,1
OneHandOreba_1016_1_grm_std_uni,1,3.1969408988952637,-3.1057329177856445,1
OneHandOreba_1016_1_grm_std_uni,1,3.746880292892456,-4.021565914154053,1
OneHandOreba_1016_1_grm_std_uni,1,3.8724331855773926,-4.349975109100342,1
OneHandOreba_1016_1_grm_std_uni,1,4.055909633636475,-4.522390365600586,1
OneHandOreba_1016_1_grm_std_uni,1,4.258527755737305,-4.878307342529297,1
OneHandOreba_1016_1_grm_std_uni,1,4.137465953826904,-4.934779167175293,1
OneHandOreba_1016_1_grm_std_uni,1,4.144669532775879,-4.746488094329834,1
OneHandOreba_1016_1_grm_std_uni,1,4.446869373321533,-4.8733229637146,1
OneHandOreba_1016_1_grm_std_uni,1,4.243165493011475,-4.4576005935668945,1
OneHandOreba_1016_1_grm_std_uni,1,5.116244316101074,-5.378286838531494,1
OneHandOreba_1016_1_grm_std_uni,1,5.025202751159668,-5.019330978393555,1
OneHandOreba_1016_1_grm_std_uni,1,4.407240390777588,-4.188878059387207,1
OneHandOreba_1016_1_grm_std_uni,1,5.2215776443481445,-5.207748889923096,1
OneHandOreba_1016_1_grm_std_uni,1,5.585648536682129,-5.341470241546631,1
OneHandOreba_1016_1_grm_std_uni,1,5.361747741699219,-4.825102806091309,1
OneHandOreba_1016_1_grm_std_uni,1,5.464582920074463,-4.8401384353637695,1
OneHandOreba_1016_1_grm_std_uni,1,5.073131084442139,-4.786280632019043,1
OneHandOreba_1016_1_grm_std_uni,1,4.786838054656982,-4.555784702301025,1
OneHandOreba_1016_1_grm_std_uni,1,4.484066009521484,-4.123747825622559,1
OneHandOreba_1016_1_grm_std_uni,1,4.646172523498535,-4.149717330932617,1
OneHandOreba_1016_1_grm_std_uni,1,4.892431259155273,-4.503215789794922,1
OneHandOreba_1016_1_grm_std_uni,1,4.8396830558776855,-4.441984176635742,1
OneHandOreba_1016_1_grm_std_uni,1,4.724604606628418,-4.420632839202881,1
OneHandOreba_1016_1_grm_std_uni,1,4.794527530670166,-4.838210582733154,1
OneHandOreba_1016_1_grm_std_uni,1,5.086777687072754,-4.675337791442871,1
OneHandOreba_1016_1_grm_std_uni,1,5.396592617034912,-4.788669586181641,1
OneHandOreba_1016_1_grm_std_uni,1,6.044075965881348,-5.212510585784912,1
OneHandOreba_1016_1_grm_std_uni,1,5.407075881958008,-4.70721960067749,1
OneHandOreba_1016_1_grm_std_uni,1,5.62108850479126,-5.259865760803223,1
OneHandOreba_1016_1_grm_std_uni,1,6.450650215148926,-6.375229835510254,1
OneHandOreba_1016_1_grm_std_uni,1,5.868660926818848,-5.6013407707214355,1
OneHandOreba_1016_1_grm_std_uni,1,5.096464157104492,-4.687496662139893,1
OneHandOreba_1016_1_grm_std_uni,1,4.828124523162842,-4.132630825042725,1
OneHandOreba_1016_1_grm_std_uni,1,4.867918491363525,-4.181437969207764,1
OneHandOreba_1016_1_grm_std_uni,1,4.483006954193115,-3.7933402061462402,1
OneHandOreba_1016_1_grm_std_uni,1,5.259171962738037,-4.8174238204956055,1
OneHandOreba_1016_1_grm_std_uni,1,5.842604160308838,-5.483497142791748,1
OneHandOreba_1016_1_grm_std_uni,1,5.780758380889893,-5.518603801727295,1
OneHandOreba_1016_1_grm_std_uni,1,5.817212104797363,-5.8529839515686035,1
OneHandOreba_1016_1_grm_std_uni,1,5.990142822265625,-5.872059345245361,1
OneHandOreba_1016_1_grm_std_uni,1,4.965531349182129,-4.337930202484131,1
OneHandOreba_1016_1_grm_std_uni,1,3.262199878692627,-2.5239598751068115,1
OneHandOreba_1016_1_grm_std_uni,1,3.6261634826660156,-3.0390679836273193,1
OneHandOreba_1016_1_grm_std_uni,1,4.362362384796143,-3.826411485671997,1
OneHandOreba_1016_1_grm_std_uni,1,4.404738903045654,-4.118300437927246,1
OneHandOreba_1016_1_grm_std_uni,1,3.986847400665283,-4.094914436340332,1
OneHandOreba_1016_1_grm_std_uni,1,4.201815128326416,-4.300323486328125,1
OneHandOreba_1016_1_grm_std_uni,1,4.900177001953125,-5.30735445022583,1
OneHandOreba_1016_1_grm_std_uni,1,5.159903526306152,-5.734084129333496,1
OneHandOreba_1016_1_grm_std_uni,1,5.33949089050293,-5.656010627746582,1
OneHandOreba_1016_1_grm_std_uni,1,4.830463886260986,-5.094814777374268,1
OneHandOreba_1016_1_grm_std_uni,1,5.121741771697998,-5.182784557342529,1
OneHandOreba_1016_1_grm_std_uni,1,5.039521217346191,-4.739163398742676,1
OneHandOreba_1016_1_grm_std_uni,1,5.147352695465088,-4.72292947769165,1
OneHandOreba_1016_1_grm_std_uni,1,5.306614875793457,-5.253602027893066,1
OneHandOreba_1016_1_grm_std_uni,1,5.879239082336426,-5.9312872886657715,1
OneHandOreba_1016_1_grm_std_uni,1,5.237436771392822,-5.230013847351074,1
OneHandOreba_1016_1_grm_std_uni,1,5.478328227996826,-5.549583435058594,1
OneHandOreba_1016_1_grm_std_uni,1,6.694730281829834,-6.92340612411499,1
OneHandOreba_1016_1_grm_std_uni,1,6.061679363250732,-5.619754314422607,1
OneHandOreba_1016_1_grm_std_uni,1,4.852776527404785,-4.276752471923828,1
OneHandOreba_1016_1_grm_std_uni,1,4.923271179199219,-4.705622673034668,1
OneHandOreba_1016_1_grm_std_uni,1,5.52801513671875,-5.3417510986328125,1
OneHandOreba_1016_1_grm_std_uni,1,6.180471897125244,-5.849152565002441,1
OneHandOreba_1016_1_grm_std_uni,1,6.174672603607178,-5.60335636138916,1
OneHandOreba_1016_1_grm_std_uni,1,5.400964260101318,-5.092358112335205,1
OneHandOreba_1016_1_grm_std_uni,1,5.811476230621338,-5.775110244750977,1
OneHandOreba_1016_1_grm_std_uni,1,6.467719078063965,-6.4004435539245605,1
OneHandOreba_1016_1_grm_std_uni,2,6.765426158905029,-6.8209686279296875,1
OneHandOreba_1016_1_grm_std_uni,2,6.00724458694458,-6.092398643493652,1
OneHandOreba_1016_1_grm_std_uni,2,5.448287487030029,-5.256161689758301,1
OneHandOreba_1016_1_grm_std_uni,2,3.256011724472046,-3.273137092590332,1
OneHandOreba_1016_1_grm_std_uni,2,3.1333670616149902,-3.4298179149627686,1
OneHandOreba_1016_1_grm_std_uni,2,3.7032039165496826,-4.463718891143799,1
OneHandOreba_1016_1_grm_std_uni,2,4.085024833679199,-5.173499584197998,1
OneHandOreba_1016_1_grm_std_uni,2,4.250202178955078,-5.401726722717285,1
OneHandOreba_1016_1_grm_std_uni,2,4.240295886993408,-5.392488479614258,1
OneHandOreba_1016_1_grm_std_uni,2,4.316974639892578,-5.484682559967041,1
OneHandOreba_1016_1_grm_std_uni,2,4.3240556716918945,-5.541113376617432,1
OneHandOreba_1016_1_grm_std_uni,2,4.197777271270752,-5.412113189697266,1
OneHandOreba_1016_1_grm_std_uni,2,4.092067241668701,-5.3911542892456055,1
OneHandOreba_1016_1_grm_std_uni,2,4.265348434448242,-5.635932922363281,1
OneHandOreba_1016_1_grm_std_uni,2,4.096014976501465,-5.412370204925537,1
OneHandOreba_1016_1_grm_std_uni,2,4.120965480804443,-5.388415336608887,1
OneHandOreba_1016_1_grm_std_uni,1,4.381426811218262,-5.690840721130371,1
OneHandOreba_1016_1_grm_std_uni,1,4.364837169647217,-5.661442756652832,1
OneHandOreba_1016_1_grm_std_uni,1,4.3769402503967285,-5.635947227478027,1
OneHandOreba_1016_1_grm_std_uni,1,4.234655857086182,-5.536990165710449,1
OneHandOreba_1016_1_grm_std_uni,1,3.793109178543091,-5.1462721824646,1
OneHandOreba_1016_1_grm_std_uni,1,3.406761646270752,-4.8627119064331055,1
OneHandOreba_1016_1_grm_std_uni,1,3.8920271396636963,-5.216620445251465,1
OneHandOreba_1016_1_grm_std_uni,1,3.3904809951782227,-4.586400985717773,1
OneHandOreba_1016_1_grm_std_uni,1,2.8594789505004883,-4.183028221130371,1
OneHandOreba_1016_1_grm_std_uni,1,3.70373272895813,-4.951668739318848,1
OneHandOreba_1016_1_grm_std_uni,1,4.098789215087891,-5.191870212554932,1
OneHandOreba_1016_1_grm_std_uni,1,3.8411500453948975,-4.910182476043701,1
OneHandOreba_1016_1_grm_std_uni,1,3.4587457180023193,-4.664623737335205,1
OneHandOreba_1016_1_grm_std_uni,1,2.8025155067443848,-3.8392410278320312,1
OneHandOreba_1016_1_grm_std_uni,1,1.820264458656311,-2.6048731803894043,1
OneHandOreba_1016_1_grm_std_uni,1,2.58998966217041,-3.253275156021118,1
OneHandOreba_1016_1_grm_std_uni,1,3.78178071975708,-4.449897289276123,1
OneHandOreba_1016_1_grm_std_uni,1,3.9021923542022705,-4.560695171356201,1
OneHandOreba_1016_1_grm_std_uni,1,3.4366700649261475,-4.061563491821289,1
OneHandOreba_1016_1_grm_std_uni,1,3.0506763458251953,-4.011230945587158,1
OneHandOreba_1016_1_grm_std_uni,1,1.8439193964004517,-2.796947956085205,1
OneHandOreba_1016_1_grm_std_uni,1,1.8836243152618408,-2.947896957397461,1
OneHandOreba_1016_1_grm_std_uni,1,3.703580617904663,-4.2720561027526855,1
OneHandOreba_1016_1_grm_std_uni,1,4.62154483795166,-4.674985408782959,1
OneHandOreba_1016_1_grm_std_uni,1,4.514525890350342,-4.209585666656494,1
OneHandOreba_1016_1_grm_std_uni,1,4.4935431480407715,-4.222129821777344,1
OneHandOreba_1016_1_grm_std_uni,1,4.640511512756348,-4.350795269012451,1
OneHandOreba_1016_1_grm_std_uni,1,5.352668762207031,-5.001667499542236,1
OneHandOreba_1016_1_grm_std_uni,1,5.832414150238037,-5.975520133972168,1
OneHandOreba_1016_1_grm_std_uni,1,6.324561595916748,-6.8322834968566895,1
OneHandOreba_1016_1_grm_std_uni,1,6.037747383117676,-6.72908353805542,1
OneHandOreba_1016_1_grm_std_uni,1,6.004796504974365,-7.037306785583496,1
OneHandOreba_1016_1_grm_std_uni,1,6.274402618408203,-7.167941570281982,1
OneHandOreba_1016_1_grm_std_uni,1,5.276098251342773,-6.0062994956970215,1
OneHandOreba_1016_1_grm_std_uni,1,5.412895202636719,-5.7493414878845215,1
OneHandOreba_1016_1_grm_std_uni,1,4.368356227874756,-4.421770095825195,1
OneHandOreba_1016_1_grm_std_uni,1,4.749497413635254,-4.511312484741211,1
OneHandOreba_1016_1_grm_std_uni,1,5.032534122467041,-4.968574047088623,1
OneHandOreba_1016_1_grm_std_uni,1,4.717784404754639,-4.836674213409424,1
OneHandOreba_1016_1_grm_std_uni,1,4.749516010284424,-5.006721019744873,1
OneHandOreba_1016_1_grm_std_uni,1,4.193997859954834,-4.584447383880615,1
OneHandOreba_1016_1_grm_std_uni,1,3.8970236778259277,-4.232080936431885,1
OneHandOreba_1016_1_grm_std_uni,1,3.7234909534454346,-3.6554884910583496,1
OneHandOreba_1016_1_grm_std_uni,1,4.346982002258301,-4.20127010345459,1
OneHandOreba_1016_1_grm_std_uni,1,4.271378517150879,-3.6600892543792725,1
OneHandOreba_1016_1_grm_std_uni,1,4.244401454925537,-3.684938907623291,1
OneHandOreba_1016_1_grm_std_uni,1,4.249995708465576,-3.7938072681427,1
OneHandOreba_1016_1_grm_std_uni,1,3.6997647285461426,-3.123473644256592,1
OneHandOreba_1016_1_grm_std_uni,1,3.1562306880950928,-2.516125202178955,1
OneHandOreba_1016_1_grm_std_uni,1,4.610006809234619,-4.159000396728516,1
OneHandOreba_1016_1_grm_std_uni,1,5.254604816436768,-5.073202133178711,1
OneHandOreba_1016_1_grm_std_uni,1,5.808899402618408,-5.785943508148193,1
OneHandOreba_1016_1_grm_std_uni,1,6.321637153625488,-6.142219066619873,1
OneHandOreba_1016_1_grm_std_uni,1,6.472848415374756,-6.415561676025391,1
OneHandOreba_1016_1_grm_std_uni,1,5.741127967834473,-5.8536858558654785,1
OneHandOreba_1016_1_grm_std_uni,1,4.458776473999023,-4.703351974487305,1
OneHandOreba_1016_1_grm_std_uni,1,4.209585189819336,-4.3152079582214355,1
OneHandOreba_1016_1_grm_std_uni,1,3.7898826599121094,-4.117414474487305,1
OneHandOreba_1016_1_grm_std_uni,1,4.385043621063232,-5.454922199249268,1
OneHandOreba_1016_1_grm_std_uni,1,4.545900821685791,-5.792843341827393,1
OneHandOreba_1016_1_grm_std_uni,1,4.627026557922363,-5.8144001960754395,1
OneHandOreba_1016_1_grm_std_uni,1,4.75007963180542,-5.879974365234375,1
OneHandOreba_1016_1_grm_std_uni,1,4.927199363708496,-6.04296350479126,1
OneHandOreba_1016_1_grm_std_uni,1,4.9967193603515625,-6.031291961669922,1
OneHandOreba_1016_1_grm_std_uni,1,5.122195720672607,-5.856705188751221,1
OneHandOreba_1016_1_grm_std_uni,1,4.743518829345703,-5.179932594299316,1
OneHandOreba_1016_1_grm_std_uni,1,5.118808746337891,-5.597785472869873,1
OneHandOreba_1016_1_grm_std_uni,1,5.6621623039245605,-6.117509365081787,1
OneHandOreba_1016_1_grm_std_uni,1,5.5129289627075195,-5.590073108673096,1
OneHandOreba_1016_1_grm_std_uni,1,5.454713344573975,-5.540404796600342,1
OneHandOreba_1016_1_grm_std_uni,1,5.7967047691345215,-5.712538719177246,1
OneHandOreba_1016_1_grm_std_uni,1,5.880178451538086,-5.429121971130371,1
OneHandOreba_1016_1_grm_std_uni,1,4.822527885437012,-4.393754959106445,1
OneHandOreba_1016_1_grm_std_uni,1,4.629441261291504,-4.450632572174072,1
OneHandOreba_1016_1_grm_std_uni,1,4.575941562652588,-4.752266883850098,1
OneHandOreba_1016_1_grm_std_uni,1,4.785511016845703,-5.01418399810791,1
OneHandOreba_1016_1_grm_std_uni,1,4.715017795562744,-5.099522113800049,1
OneHandOreba_1016_1_grm_std_uni,1,4.600458145141602,-4.984848976135254,1
OneHandOreba_1016_1_grm_std_uni,1,4.722042083740234,-5.17443323135376,1
OneHandOreba_1016_1_grm_std_uni,1,4.8224778175354,-4.9461989402771,1
OneHandOreba_1016_1_grm_std_uni,1,4.856564521789551,-4.585822105407715,1
OneHandOreba_1016_1_grm_std_uni,1,5.064178943634033,-4.1341657638549805,1
OneHandOreba_1016_1_grm_std_uni,1,5.345247745513916,-3.919325351715088,1
OneHandOreba_1016_1_grm_std_uni,1,4.684990882873535,-3.435652494430542,1
OneHandOreba_1016_1_grm_std_uni,1,4.819774150848389,-4.204853534698486,1
OneHandOreba_1016_1_grm_std_uni,1,4.917715549468994,-4.534504413604736,1
OneHandOreba_1016_1_grm_std_uni,1,4.668911457061768,-4.043598651885986,1
OneHandOreba_1016_1_grm_std_uni,1,4.508707523345947,-3.8294854164123535,1
OneHandOreba_1016_1_grm_std_uni,1,4.482388973236084,-3.7673308849334717,1
OneHandOreba_1016_1_grm_std_uni,1,4.402980327606201,-3.79396653175354,1
OneHandOreba_1016_1_grm_std_uni,1,4.9414567947387695,-4.550765514373779,1
OneHandOreba_1016_1_grm_std_uni,1,5.142320156097412,-4.851070404052734,1
OneHandOreba_1016_1_grm_std_uni,1,4.9877753257751465,-4.617802619934082,1
OneHandOreba_1016_1_grm_std_uni,1,4.938374042510986,-4.2622222900390625,1
OneHandOreba_1016_1_grm_std_uni,1,5.5177788734436035,-5.144472122192383,1
OneHandOreba_1016_1_grm_std_uni,1,6.1958088874816895,-6.063621997833252,1
OneHandOreba_1016_1_grm_std_uni,1,6.645392894744873,-6.93240213394165,1
OneHandOreba_1016_1_grm_std_uni,1,7.2258219718933105,-7.620624542236328,1
OneHandOreba_1016_1_grm_std_uni,1,6.945662498474121,-7.268775463104248,1
OneHandOreba_1016_1_grm_std_uni,1,5.054988384246826,-4.677403926849365,1
OneHandOreba_1016_1_grm_std_uni,1,4.675375461578369,-4.4385271072387695,1
OneHandOreba_1016_1_grm_std_uni,1,5.924383163452148,-5.724066734313965,1
OneHandOreba_1016_1_grm_std_uni,1,5.878895282745361,-5.497395038604736,1
OneHandOreba_1016_1_grm_std_uni,1,5.269643306732178,-4.790167808532715,1
OneHandOreba_1016_1_grm_std_uni,1,5.759964466094971,-5.317084789276123,1
OneHandOreba_1016_1_grm_std_uni,1,5.419134140014648,-4.862297534942627,1
OneHandOreba_1016_1_grm_std_uni,1,3.408904552459717,-2.51249623298645,1
OneHandOreba_1016_1_grm_std_uni,1,3.8193752765655518,-3.2159597873687744,1
OneHandOreba_1016_1_grm_std_uni,1,5.584375858306885,-5.381111145019531,1
OneHandOreba_1016_1_grm_std_uni,1,6.069435119628906,-5.692160606384277,1
OneHandOreba_1016_1_grm_std_uni,1,6.181488990783691,-6.13599157333374,1
OneHandOreba_1016_1_grm_std_uni,1,6.419610023498535,-6.108610153198242,1
OneHandOreba_1016_1_grm_std_uni,1,6.398665428161621,-6.171459674835205,1
OneHandOreba_1016_1_grm_std_uni,1,6.4129133224487305,-6.337151527404785,1
OneHandOreba_1016_1_grm_std_uni,1,6.5547285079956055,-6.9671220779418945,1
OneHandOreba_1016_1_grm_std_uni,1,6.3947672843933105,-6.764410972595215,1
OneHandOreba_1016_1_grm_std_uni,1,5.632527828216553,-5.997902870178223,1
OneHandOreba_1016_1_grm_std_uni,1,5.494760513305664,-5.726227760314941,1
OneHandOreba_1016_1_grm_std_uni,1,5.2003679275512695,-4.877679824829102,1
OneHandOreba_1016_1_grm_std_uni,1,4.336643218994141,-3.5584607124328613,1
OneHandOreba_1016_1_grm_std_uni,1,3.5153121948242188,-2.6253788471221924,1
OneHandOreba_1016_1_grm_std_uni,1,3.1721410751342773,-2.403085470199585,1
OneHandOreba_1016_1_grm_std_uni,1,4.357956886291504,-4.4555253982543945,1
OneHandOreba_1016_1_grm_std_uni,1,4.369872570037842,-4.835445404052734,1
OneHandOreba_1016_1_grm_std_uni,1,4.513248443603516,-5.36838436126709,1
OneHandOreba_1016_1_grm_std_uni,2,4.590928077697754,-5.582547664642334,1
OneHandOreba_1016_1_grm_std_uni,2,4.56525182723999,-5.490012168884277,1
OneHandOreba_1016_1_grm_std_uni,2,4.5228376388549805,-5.397708415985107,1
OneHandOreba_1016_1_grm_std_uni,2,4.453651428222656,-5.282521724700928,1
OneHandOreba_1016_1_grm_std_uni,2,4.347364902496338,-5.104544162750244,1
OneHandOreba_1016_1_grm_std_uni,2,4.280936241149902,-5.046599864959717,1
OneHandOreba_1016_1_grm_std_uni,2,4.264890193939209,-5.07246732711792,1
OneHandOreba_1016_1_grm_std_uni,2,4.338798999786377,-5.203008651733398,1
OneHandOreba_1016_1_grm_std_uni,2,4.389538288116455,-5.290177345275879,1
OneHandOreba_1016_1_grm_std_uni,2,4.415619373321533,-5.331725120544434,1
OneHandOreba_1016_1_grm_std_uni,2,4.615543365478516,-5.49249792098999,1
OneHandOreba_1016_1_grm_std_uni,2,4.557856559753418,-5.452322959899902,1
OneHandOreba_1016_1_grm_std_uni,2,2.9985060691833496,-3.9048619270324707,1
OneHandOreba_1016_1_grm_std_uni,2,1.8246715068817139,-1.9649224281311035,1
OneHandOreba_1016_1_grm_std_uni,2,2.539074659347534,-3.4103472232818604,1
OneHandOreba_1016_1_grm_std_uni,1,3.0363032817840576,-3.724172830581665,1
OneHandOreba_1016_1_grm_std_uni,1,3.1128547191619873,-3.335021734237671,1
OneHandOreba_1016_1_grm_std_uni,1,4.0435919761657715,-4.662979602813721,1
OneHandOreba_1016_1_grm_std_uni,1,5.082869529724121,-5.789153099060059,1
OneHandOreba_1016_1_grm_std_uni,1,5.561712741851807,-6.091557502746582,1
OneHandOreba_1016_1_grm_std_uni,1,5.018469333648682,-5.927835941314697,1
OneHandOreba_1016_1_grm_std_uni,1,5.002140998840332,-5.988069534301758,1
OneHandOreba_1016_1_grm_std_uni,1,5.232970237731934,-6.316140651702881,1
OneHandOreba_1016_1_grm_std_uni,1,5.3788533210754395,-6.574461460113525,1
OneHandOreba_1016_1_grm_std_uni,1,5.373607635498047,-6.373648166656494,1
OneHandOreba_1016_1_grm_std_uni,1,5.464913368225098,-6.09776496887207,1
OneHandOreba_1016_1_grm_std_uni,1,6.132139205932617,-6.466817855834961,1
OneHandOreba_1016_1_grm_std_uni,1,7.061086654663086,-7.220134735107422,1
OneHandOreba_1016_1_grm_std_uni,1,6.800610542297363,-6.5281291007995605,1
OneHandOreba_1016_1_grm_std_uni,1,6.71653938293457,-6.232769966125488,1
OneHandOreba_1016_1_grm_std_uni,1,6.562862873077393,-5.924456596374512,1
OneHandOreba_1016_1_grm_std_uni,1,6.380131244659424,-5.569733619689941,1
OneHandOreba_1016_1_grm_std_uni,1,5.9212646484375,-5.209407806396484,1
OneHandOreba_1016_1_grm_std_uni,1,5.30316162109375,-4.479207992553711,1
OneHandOreba_1016_1_grm_std_uni,1,5.252442836761475,-4.522300720214844,1
OneHandOreba_1016_1_grm_std_uni,1,5.095866680145264,-4.456833839416504,1
OneHandOreba_1016_1_grm_std_uni,1,5.032536506652832,-4.812535762786865,1
OneHandOreba_1016_1_grm_std_uni,1,5.197102069854736,-4.7756547927856445,1
OneHandOreba_1016_1_grm_std_uni,1,4.982476711273193,-4.299732685089111,1
OneHandOreba_1016_1_grm_std_uni,1,4.472692012786865,-3.934138298034668,1
OneHandOreba_1016_1_grm_std_uni,1,4.636159896850586,-4.906495094299316,1
OneHandOreba_1016_1_grm_std_uni,1,5.10008430480957,-5.3487348556518555,1
OneHandOreba_1016_1_grm_std_uni,1,4.9550275802612305,-5.052055358886719,1
OneHandOreba_1016_1_grm_std_uni,1,4.472750663757324,-4.569499969482422,1
OneHandOreba_1016_1_grm_std_uni,1,5.678393840789795,-6.368760585784912,1
OneHandOreba_1016_1_grm_std_uni,1,6.33777379989624,-7.566323280334473,1
OneHandOreba_1016_1_grm_std_uni,1,7.185857772827148,-8.036049842834473,1
OneHandOreba_1016_1_grm_std_uni,1,7.0782623291015625,-7.885359287261963,1
OneHandOreba_1016_1_grm_std_uni,1,6.7491841316223145,-7.2976508140563965,1
OneHandOreba_1016_1_grm_std_uni,1,6.660886764526367,-7.301297664642334,1
OneHandOreba_1016_1_grm_std_uni,1,7.071506977081299,-7.942493438720703,1
OneHandOreba_1016_1_grm_std_uni,1,6.56541633605957,-7.4586663246154785,1
OneHandOreba_1016_1_grm_std_uni,1,6.122774124145508,-7.0510053634643555,1
OneHandOreba_1016_1_grm_std_uni,1,3.9901084899902344,-4.399056911468506,1
OneHandOreba_1016_1_grm_std_uni,1,3.9336092472076416,-4.38980770111084,1
OneHandOreba_1016_1_grm_std_uni,1,4.995296955108643,-5.479463577270508,1
OneHandOreba_1016_1_grm_std_uni,1,5.950904369354248,-5.872627258300781,1
OneHandOreba_1016_1_grm_std_uni,1,6.267028331756592,-6.28482723236084,1
OneHandOreba_1016_1_grm_std_uni,1,6.491374969482422,-6.341972827911377,1
OneHandOreba_1016_1_grm_std_uni,1,6.112869739532471,-5.728660583496094,1
OneHandOreba_1016_1_grm_std_uni,1,5.196563720703125,-5.229565143585205,1
OneHandOreba_1016_1_grm_std_uni,1,4.556679725646973,-4.805131912231445,1
OneHandOreba_1016_1_grm_std_uni,1,4.721651077270508,-4.5117082595825195,1
OneHandOreba_1016_1_grm_std_uni,1,4.502708435058594,-3.8269402980804443,1
OneHandOreba_1016_1_grm_std_uni,1,5.060451507568359,-4.592754364013672,1
OneHandOreba_1016_1_grm_std_uni,1,5.422451019287109,-5.468938827514648,1
OneHandOreba_1016_1_grm_std_uni,1,5.119359493255615,-4.853672504425049,1
OneHandOreba_1016_1_grm_std_uni,1,4.955774784088135,-4.411806106567383,1
OneHandOreba_1016_1_grm_std_uni,1,4.4276204109191895,-3.847341775894165,1
OneHandOreba_1016_1_grm_std_uni,1,4.658387184143066,-4.772424221038818,1
OneHandOreba_1016_1_grm_std_uni,1,5.107044219970703,-4.925267219543457,1
OneHandOreba_1016_1_grm_std_uni,1,5.311559200286865,-4.758579730987549,1
OneHandOreba_1016_1_grm_std_uni,1,5.391180992126465,-5.137903213500977,1
OneHandOreba_1016_1_grm_std_uni,1,4.82688045501709,-4.7921953201293945,1
OneHandOreba_1016_1_grm_std_uni,1,4.431543350219727,-4.029415130615234,1
OneHandOreba_1016_1_grm_std_uni,1,4.605007171630859,-3.8660709857940674,1
OneHandOreba_1016_1_grm_std_uni,1,4.194392204284668,-3.227411985397339,1
OneHandOreba_1016_1_grm_std_uni,1,4.083465576171875,-3.300215244293213,1
OneHandOreba_1016_1_grm_std_uni,2,4.089631080627441,-3.4867429733276367,1
OneHandOreba_1016_1_grm_std_uni,2,3.453298330307007,-2.7671024799346924,1
OneHandOreba_1016_1_grm_std_uni,2,3.6093430519104004,-3.007908582687378,1
OneHandOreba_1016_1_grm_std_uni,2,4.208642482757568,-4.057100772857666,1
OneHandOreba_1016_1_grm_std_uni,2,4.469109058380127,-4.615328311920166,1
OneHandOreba_1016_1_grm_std_uni,2,4.600369930267334,-5.1642231941223145,1
OneHandOreba_1016_1_grm_std_uni,2,4.615516662597656,-5.438167095184326,1
OneHandOreba_1016_1_grm_std_uni,2,4.586209297180176,-5.372156620025635,1
OneHandOreba_1016_1_grm_std_uni,2,4.508373737335205,-5.209198951721191,1
OneHandOreba_1016_1_grm_std_uni,2,4.410547256469727,-5.022314548492432,1
OneHandOreba_1016_1_grm_std_uni,2,4.377974987030029,-5.022068023681641,1
OneHandOreba_1016_1_grm_std_uni,2,4.396075248718262,-5.0246357917785645,1
OneHandOreba_1016_1_grm_std_uni,2,4.3117594718933105,-4.930843830108643,1
OneHandOreba_1016_1_grm_std_uni,2,4.225511074066162,-4.882663726806641,1
OneHandOreba_1016_1_grm_std_uni,2,4.127758502960205,-4.836684226989746,1
OneHandOreba_1016_1_grm_std_uni,2,4.142232418060303,-4.8683295249938965,1
OneHandOreba_1016_1_grm_std_uni,2,4.138730525970459,-4.906464576721191,1
OneHandOreba_1016_1_grm_std_uni,2,4.175160884857178,-4.962255954742432,1
OneHandOreba_1016_1_grm_std_uni,2,4.284948825836182,-5.0658063888549805,1
OneHandOreba_1016_1_grm_std_uni,2,4.358606815338135,-5.11290168762207,1
OneHandOreba_1016_1_grm_std_uni,2,4.460935592651367,-5.262184143066406,1
OneHandOreba_1016_1_grm_std_uni,1,4.557183265686035,-5.353435516357422,1
OneHandOreba_1016_1_grm_std_uni,1,4.370485782623291,-5.026167392730713,1
OneHandOreba_1016_1_grm_std_uni,1,2.942655563354492,-3.754833936691284,1
OneHandOreba_1016_1_grm_std_uni,1,2.3699522018432617,-2.8315625190734863,1
OneHandOreba_1016_1_grm_std_uni,1,3.861558437347412,-4.459444046020508,1
OneHandOreba_1016_1_grm_std_uni,1,4.893550872802734,-5.007267475128174,1
OneHandOreba_1016_1_grm_std_uni,1,4.190400123596191,-4.042361736297607,1
OneHandOreba_1016_1_grm_std_uni,1,3.4335193634033203,-2.9704878330230713,1
OneHandOreba_1016_1_grm_std_uni,1,3.5620312690734863,-2.9059765338897705,1
OneHandOreba_1016_1_grm_std_uni,1,3.627763032913208,-3.0799741744995117,1
OneHandOreba_1016_1_grm_std_uni,1,2.419199228286743,-2.1408839225769043,1
OneHandOreba_1016_1_grm_std_uni,1,1.6960355043411255,-1.603123426437378,1
OneHandOreba_1016_1_grm_std_uni,1,2.918802499771118,-3.0257551670074463,1
OneHandOreba_1016_1_grm_std_uni,1,3.982478380203247,-4.557845115661621,1
OneHandOreba_1016_1_grm_std_uni,1,4.410722732543945,-5.335074424743652,1
OneHandOreba_1016_1_grm_std_uni,1,4.382358074188232,-5.434332370758057,1
OneHandOreba_1016_1_grm_std_uni,1,4.296239852905273,-5.293316841125488,1
OneHandOreba_1016_1_grm_std_uni,1,4.399228572845459,-5.447178363800049,1
OneHandOreba_1016_1_grm_std_uni,1,4.368011951446533,-5.393326282501221,1
OneHandOreba_1016_1_grm_std_uni,1,4.052558422088623,-4.816019535064697,1
OneHandOreba_1016_1_grm_std_uni,1,3.957981824874878,-4.491528034210205,1
OneHandOreba_1016_1_grm_std_uni,1,2.9963538646698,-3.281480312347412,1
OneHandOreba_1016_1_grm_std_uni,1,3.298501968383789,-3.495180130004883,1
OneHandOreba_1016_1_grm_std_uni,1,4.425157070159912,-4.276980876922607,1
OneHandOreba_1016_1_grm_std_uni,1,4.114891052246094,-3.9069206714630127,1
OneHandOreba_1016_1_grm_std_uni,1,4.404080867767334,-4.25540828704834,1
OneHandOreba_1016_1_grm_std_uni,1,4.685845851898193,-4.776493549346924,1
OneHandOreba_1016_1_grm_std_uni,1,4.993697166442871,-4.980002403259277,1
OneHandOreba_1016_1_grm_std_uni,1,4.719268798828125,-4.634319305419922,1
OneHandOreba_1016_1_grm_std_uni,1,5.081881999969482,-5.003696441650391,1
OneHandOreba_1016_1_grm_std_uni,1,5.575774192810059,-5.201813697814941,1
OneHandOreba_1016_1_grm_std_uni,1,4.450908660888672,-4.55185079574585,1
OneHandOreba_1016_1_grm_std_uni,1,4.058314323425293,-4.255186080932617,1
OneHandOreba_1016_1_grm_std_uni,1,5.371634006500244,-5.982466697692871,1
OneHandOreba_1016_1_grm_std_uni,1,5.7113471031188965,-6.19549560546875,1
OneHandOreba_1016_1_grm_std_uni,1,5.640497207641602,-5.911272048950195,1
OneHandOreba_1016_1_grm_std_uni,1,6.150534152984619,-6.448236465454102,1
OneHandOreba_1016_1_grm_std_uni,1,5.99346923828125,-5.991792678833008,1
OneHandOreba_1016_1_grm_std_uni,1,4.9416184425354,-4.910737037658691,1
OneHandOreba_1016_1_grm_std_uni,1,4.6607866287231445,-3.9904468059539795,1
OneHandOreba_1016_1_grm_std_uni,1,4.632590293884277,-4.244677543640137,1
OneHandOreba_1016_1_grm_std_uni,1,4.605364799499512,-4.362965106964111,1
OneHandOreba_1016_1_grm_std_uni,1,4.762109279632568,-4.77435827255249,1
OneHandOreba_1016_1_grm_std_uni,1,4.846229076385498,-4.768111705780029,1
OneHandOreba_1016_1_grm_std_uni,1,5.095287799835205,-5.008337020874023,1
OneHandOreba_1016_1_grm_std_uni,1,5.160874843597412,-5.136330604553223,1
OneHandOreba_1016_1_grm_std_uni,1,5.600032329559326,-5.73660135269165,1
OneHandOreba_1016_1_grm_std_uni,1,5.96076774597168,-6.180520534515381,1
OneHandOreba_1016_1_grm_std_uni,1,6.307485103607178,-6.685606956481934,1
OneHandOreba_1016_1_grm_std_uni,1,6.724761009216309,-6.939528942108154,1
OneHandOreba_1016_1_grm_std_uni,1,6.090579032897949,-5.924715995788574,1
OneHandOreba_1016_1_grm_std_uni,1,4.072539806365967,-3.106511354446411,1
OneHandOreba_1016_1_grm_std_uni,1,3.251936912536621,-3.335272789001465,1
OneHandOreba_1016_1_grm_std_uni,1,4.017922401428223,-4.048281192779541,1
OneHandOreba_1016_1_grm_std_uni,1,5.331172943115234,-5.528314590454102,1
OneHandOreba_1016_1_grm_std_uni,1,5.779791831970215,-6.191073894500732,1
OneHandOreba_1016_1_grm_std_uni,1,5.997024059295654,-5.671620845794678,1
OneHandOreba_1016_1_grm_std_uni,1,5.825736045837402,-5.172951698303223,1
OneHandOreba_1016_1_grm_std_uni,1,5.224224090576172,-4.939016342163086,1
OneHandOreba_1016_1_grm_std_uni,1,5.069167613983154,-4.540330410003662,1
OneHandOreba_1016_1_grm_std_uni,1,4.369644641876221,-3.7939000129699707,1
OneHandOreba_1016_1_grm_std_uni,1,4.935513496398926,-4.903280735015869,1
OneHandOreba_1016_1_grm_std_uni,1,4.979081153869629,-5.040268421173096,1
OneHandOreba_1016_1_grm_std_uni,1,5.1650495529174805,-4.982672214508057,1
OneHandOreba_1016_1_grm_std_uni,1,5.117064476013184,-4.270934104919434,1
OneHandOreba_1016_1_grm_std_uni,1,4.844954967498779,-3.853750705718994,1
OneHandOreba_1016_1_grm_std_uni,1,4.710037708282471,-4.090169906616211,1
OneHandOreba_1016_1_grm_std_uni,1,4.216694355010986,-3.7769079208374023,1
OneHandOreba_1016_1_grm_std_uni,1,4.300818920135498,-3.914989471435547,1
OneHandOreba_1016_1_grm_std_uni,1,4.490777969360352,-4.119436740875244,1
OneHandOreba_1016_1_grm_std_uni,1,4.748960494995117,-4.331005096435547,1
OneHandOreba_1016_1_grm_std_uni,1,4.7415266036987305,-4.200906753540039,1
OneHandOreba_1016_1_grm_std_uni,1,4.486736297607422,-3.822131633758545,1
OneHandOreba_1016_1_grm_std_uni,1,4.667253017425537,-4.068899631500244,1
OneHandOreba_1016_1_grm_std_uni,1,4.589466094970703,-4.24547815322876,1
OneHandOreba_1016_1_grm_std_uni,1,4.872860431671143,-4.756278038024902,1
OneHandOreba_1016_1_grm_std_uni,1,4.386751174926758,-4.170258045196533,1
OneHandOreba_1016_1_grm_std_uni,1,4.70291805267334,-4.269553184509277,1
OneHandOreba_1016_1_grm_std_uni,1,5.0807108879089355,-4.715380668640137,1
OneHandOreba_1016_1_grm_std_uni,1,5.197486400604248,-4.87122917175293,1
OneHandOreba_1016_1_grm_std_uni,1,5.370826721191406,-5.2039313316345215,1
OneHandOreba_1016_1_grm_std_uni,1,5.556462287902832,-5.162214279174805,1
OneHandOreba_1016_1_grm_std_uni,1,5.6716461181640625,-5.4887614250183105,1
OneHandOreba_1016_1_grm_std_uni,1,6.1019511222839355,-6.0716094970703125,1
OneHandOreba_1016_1_grm_std_uni,1,6.139636993408203,-6.120756149291992,1
OneHandOreba_1016_1_grm_std_uni,1,6.095424175262451,-5.709836006164551,1
OneHandOreba_1016_1_grm_std_uni,1,5.682577610015869,-5.398553848266602,1
OneHandOreba_1016_1_grm_std_uni,1,5.028745651245117,-4.557921409606934,1
OneHandOreba_1016_1_grm_std_uni,1,5.564193248748779,-5.391112804412842,1
OneHandOreba_1016_1_grm_std_uni,1,5.672911167144775,-5.265313148498535,1
OneHandOreba_1016_1_grm_std_uni,1,5.153300762176514,-4.523462772369385,1
OneHandOreba_1016_1_grm_std_uni,1,4.993110179901123,-4.514889717102051,1
OneHandOreba_1016_1_grm_std_uni,1,5.287338733673096,-4.458760738372803,1
OneHandOreba_1016_1_grm_std_uni,1,5.040368556976318,-4.408806800842285,1
OneHandOreba_1016_1_grm_std_uni,1,5.087721824645996,-4.760615825653076,1
OneHandOreba_1016_1_grm_std_uni,1,5.133669853210449,-4.785478115081787,1
OneHandOreba_1016_1_grm_std_uni,1,5.072105884552002,-4.521486759185791,1
OneHandOreba_1016_1_grm_std_uni,1,5.4353413581848145,-4.940906524658203,1
OneHandOreba_1016_1_grm_std_uni,1,5.275395393371582,-4.9574079513549805,1
OneHandOreba_1016_1_grm_std_uni,1,5.87410831451416,-5.5300188064575195,1
OneHandOreba_1016_1_grm_std_uni,1,5.533153057098389,-5.513948440551758,1
OneHandOreba_1016_1_grm_std_uni,1,5.760796070098877,-5.749556064605713,1
OneHandOreba_1016_1_grm_std_uni,1,6.307307243347168,-6.084927082061768,1
OneHandOreba_1016_1_grm_std_uni,1,5.526241779327393,-4.970975399017334,1
OneHandOreba_1016_1_grm_std_uni,1,5.1316399574279785,-4.472820281982422,1
OneHandOreba_1016_1_grm_std_uni,1,5.261425971984863,-4.68046760559082,1
OneHandOreba_1016_1_grm_std_uni,1,6.282164573669434,-6.2492356300354,1
OneHandOreba_1016_1_grm_std_uni,1,6.880168437957764,-6.807295799255371,1
OneHandOreba_1016_1_grm_std_uni,1,6.714269161224365,-7.131033897399902,1
OneHandOreba_1016_1_grm_std_uni,1,6.769464015960693,-6.8949408531188965,1
OneHandOreba_1016_1_grm_std_uni,1,6.242225170135498,-6.002490043640137,1
OneHandOreba_1016_1_grm_std_uni,1,6.504754543304443,-6.607458114624023,1
OneHandOreba_1016_1_grm_std_uni,1,6.9537224769592285,-6.936194896697998,1
OneHandOreba_1016_1_grm_std_uni,1,6.995438098907471,-7.278846263885498,1
OneHandOreba_1016_1_grm_std_uni,2,5.646419525146484,-5.85196590423584,1
OneHandOreba_1016_1_grm_std_uni,2,4.005805015563965,-3.781158447265625,1
OneHandOreba_1016_1_grm_std_uni,2,3.4793760776519775,-3.0547947883605957,1
OneHandOreba_1016_1_grm_std_uni,2,4.708965301513672,-4.378115653991699,1
OneHandOreba_1016_1_grm_std_uni,2,3.1958680152893066,-2.7754762172698975,1
OneHandOreba_1016_1_grm_std_uni,2,3.224137306213379,-3.593533754348755,1
OneHandOreba_1016_1_grm_std_uni,2,4.242837905883789,-5.045657157897949,1
OneHandOreba_1016_1_grm_std_uni,2,4.451382160186768,-5.43381929397583,1
OneHandOreba_1016_1_grm_std_uni,2,4.358061790466309,-5.325874328613281,1
OneHandOreba_1016_1_grm_std_uni,2,4.343587875366211,-5.304973125457764,1
OneHandOreba_1016_1_grm_std_uni,2,4.320518970489502,-5.237832069396973,1
OneHandOreba_1016_1_grm_std_uni,2,4.2308454513549805,-5.134161949157715,1
OneHandOreba_1016_1_grm_std_uni,2,4.314501762390137,-5.305390357971191,1
OneHandOreba_1016_1_grm_std_uni,2,4.059939384460449,-5.053968906402588,1
OneHandOreba_1016_1_grm_std_uni,2,2.569009304046631,-3.537684917449951,1
OneHandOreba_1016_1_grm_std_uni,2,2.09208083152771,-2.5532445907592773,1
OneHandOreba_1016_1_grm_std_uni,2,3.2369608879089355,-3.2372055053710938,1
OneHandOreba_1016_1_grm_std_uni,2,4.142995834350586,-4.21171760559082,1
OneHandOreba_1016_1_grm_std_uni,1,3.793139696121216,-3.479928493499756,1
OneHandOreba_1016_1_grm_std_uni,1,4.169222831726074,-3.3669979572296143,1
OneHandOreba_1016_1_grm_std_uni,1,4.4021477699279785,-3.701737642288208,1
OneHandOreba_1016_1_grm_std_uni,1,5.197729587554932,-4.939196586608887,1
OneHandOreba_1016_1_grm_std_uni,1,6.1880316734313965,-6.152677536010742,1
OneHandOreba_1016_1_grm_std_uni,1,5.966284275054932,-5.910828590393066,1
OneHandOreba_1016_1_grm_std_uni,1,5.589836120605469,-5.4896626472473145,1
OneHandOreba_1016_1_grm_std_uni,1,5.993173122406006,-5.827635288238525,1
OneHandOreba_1016_1_grm_std_uni,1,6.167118072509766,-6.295681953430176,1
OneHandOreba_1016_1_grm_std_uni,1,6.454460144042969,-6.632258415222168,1
OneHandOreba_1016_1_grm_std_uni,1,6.7250542640686035,-6.907760143280029,1
OneHandOreba_1016_1_grm_std_uni,1,6.186756134033203,-6.330223560333252,1
OneHandOreba_1016_1_grm_std_uni,1,5.672409534454346,-5.682647705078125,1
OneHandOreba_1016_1_grm_std_uni,1,5.533432960510254,-5.751891613006592,1
OneHandOreba_1016_1_grm_std_uni,1,5.7147393226623535,-5.959898471832275,1
OneHandOreba_1016_1_grm_std_uni,1,6.155608654022217,-6.637705326080322,1
OneHandOreba_1016_1_grm_std_uni,1,5.743885517120361,-5.612321376800537,1
OneHandOreba_1016_1_grm_std_uni,1,5.3782734870910645,-5.067467212677002,1
OneHandOreba_1016_1_grm_std_uni,1,5.612429141998291,-5.039120197296143,1
OneHandOreba_1016_1_grm_std_uni,1,4.915939807891846,-4.260741710662842,1
OneHandOreba_1016_1_grm_std_uni,1,4.640815734863281,-3.8580031394958496,1
OneHandOreba_1016_1_grm_std_uni,1,4.622509002685547,-3.654630184173584,1
OneHandOreba_1016_1_grm_std_uni,1,4.562192440032959,-3.928772211074829,1
OneHandOreba_1016_1_grm_std_uni,1,4.064452171325684,-4.116731643676758,1
OneHandOreba_1016_1_grm_std_uni,1,4.667850494384766,-5.006119728088379,1
OneHandOreba_1016_1_grm_std_uni,1,4.2945122718811035,-4.3732991218566895,1
OneHandOreba_1016_1_grm_std_uni,1,4.2263007164001465,-4.365382194519043,1
OneHandOreba_1016_1_grm_std_uni,1,4.985203742980957,-5.174313068389893,1
OneHandOreba_1016_1_grm_std_uni,1,5.866523742675781,-6.088115215301514,1
OneHandOreba_1016_1_grm_std_uni,1,6.743070125579834,-6.853908061981201,1
OneHandOreba_1016_1_grm_std_uni,1,7.341925144195557,-7.692306995391846,1
OneHandOreba_1016_1_grm_std_uni,1,6.464849472045898,-6.8062238693237305,1
OneHandOreba_1016_1_grm_std_uni,1,6.1160125732421875,-6.584972858428955,1
OneHandOreba_1016_1_grm_std_uni,1,6.336160659790039,-6.6690521240234375,1
OneHandOreba_1016_1_grm_std_uni,1,7.208469867706299,-7.492424488067627,1
OneHandOreba_1016_1_grm_std_uni,1,6.9673638343811035,-7.376708507537842,1
OneHandOreba_1016_1_grm_std_uni,1,5.769690036773682,-5.925417423248291,1
OneHandOreba_1016_1_grm_std_uni,1,4.90661096572876,-4.713929176330566,1
OneHandOreba_1016_1_grm_std_uni,1,4.4450459480285645,-3.846278429031372,1
OneHandOreba_1016_1_grm_std_uni,1,4.948733806610107,-4.619237422943115,1
OneHandOreba_1016_1_grm_std_uni,1,5.624938488006592,-5.6938066482543945,1
OneHandOreba_1016_1_grm_std_uni,1,5.8456130027771,-5.650050640106201,1
OneHandOreba_1016_1_grm_std_uni,1,5.122023105621338,-5.284249305725098,1
OneHandOreba_1016_1_grm_std_uni,1,5.218117713928223,-5.830218315124512,1
OneHandOreba_1016_1_grm_std_uni,1,5.178635120391846,-5.984187602996826,1
OneHandOreba_1016_1_grm_std_uni,1,4.468382358551025,-5.2991251945495605,1
OneHandOreba_1016_1_grm_std_uni,1,3.8867008686065674,-4.869936466217041,1
OneHandOreba_1016_1_grm_std_uni,1,4.0128068923950195,-4.95746374130249,1
OneHandOreba_1016_1_grm_std_uni,1,4.149279594421387,-4.912702560424805,1
OneHandOreba_1016_1_grm_std_uni,1,3.7995128631591797,-4.611500263214111,1
OneHandOreba_1016_1_grm_std_uni,1,3.5651042461395264,-4.4010910987854,1
OneHandOreba_1016_1_grm_std_uni,1,2.985553741455078,-3.8099846839904785,1
OneHandOreba_1016_1_grm_std_uni,1,3.1640772819519043,-4.081464767456055,1
OneHandOreba_1016_1_grm_std_uni,1,3.494377851486206,-4.363912582397461,1
OneHandOreba_1016_1_grm_std_uni,1,3.318997383117676,-4.11383581161499,1
OneHandOreba_1016_1_grm_std_uni,1,3.655350923538208,-4.602663993835449,1
OneHandOreba_1016_1_grm_std_uni,1,3.996497631072998,-5.100856304168701,1
OneHandOreba_1016_1_grm_std_uni,1,4.053462505340576,-5.188787460327148,1
OneHandOreba_1016_1_grm_std_uni,1,4.000628471374512,-5.121617317199707,1
OneHandOreba_1016_1_grm_std_uni,1,3.9760594367980957,-5.076130390167236,1
OneHandOreba_1016_1_grm_std_uni,2,3.9496047496795654,-5.055576324462891,1
OneHandOreba_1016_1_grm_std_uni,2,3.984656810760498,-5.065948486328125,1
OneHandOreba_1016_1_grm_std_uni,2,4.043652534484863,-5.13560676574707,1
OneHandOreba_1016_1_grm_std_uni,2,3.981889009475708,-5.064489841461182,1
OneHandOreba_1016_1_grm_std_uni,2,3.819077491760254,-4.850341320037842,1
OneHandOreba_1016_1_grm_std_uni,2,3.7925548553466797,-4.817852973937988,1
OneHandOreba_1016_1_grm_std_uni,2,3.999555826187134,-5.11954402923584,1
OneHandOreba_1016_1_grm_std_uni,2,4.0336594581604,-5.184630870819092,1
OneHandOreba_1016_1_grm_std_uni,2,3.852810859680176,-4.9522809982299805,1
OneHandOreba_1016_1_grm_std_uni,2,3.743328332901001,-4.804213047027588,1
OneHandOreba_1016_1_grm_std_uni,2,3.7565906047821045,-4.798378944396973,1
OneHandOreba_1016_1_grm_std_uni,2,3.72640323638916,-4.793360710144043,1
OneHandOreba_1016_1_grm_std_uni,2,3.615462303161621,-4.653751373291016,1
OneHandOreba_1016_1_grm_std_uni,2,3.5650851726531982,-4.621378421783447,1
OneHandOreba_1016_1_grm_std_uni,2,3.6052167415618896,-4.715895175933838,1
OneHandOreba_1016_1_grm_std_uni,2,3.5468709468841553,-4.683426856994629,1
OneHandOreba_1016_1_grm_std_uni,1,3.221571445465088,-4.307868003845215,1
OneHandOreba_1016_1_grm_std_uni,1,3.059042453765869,-4.083469867706299,1
OneHandOreba_1016_1_grm_std_uni,1,3.3634352684020996,-4.484781265258789,1
OneHandOreba_1016_1_grm_std_uni,1,3.3801093101501465,-4.562411308288574,1
OneHandOreba_1016_1_grm_std_uni,1,2.809187412261963,-3.9325714111328125,1
OneHandOreba_1016_1_grm_std_uni,1,2.58681058883667,-3.562110662460327,1
OneHandOreba_1016_1_grm_std_uni,1,3.1147983074188232,-4.14595890045166,1
OneHandOreba_1016_1_grm_std_uni,1,3.435546398162842,-4.5474042892456055,1
OneHandOreba_1016_1_grm_std_uni,1,4.176438808441162,-5.25918436050415,1
OneHandOreba_1016_1_grm_std_uni,1,4.1706929206848145,-5.181635856628418,1
OneHandOreba_1016_1_grm_std_uni,1,3.866987943649292,-4.792921543121338,1
OneHandOreba_1016_1_grm_std_uni,1,3.916881561279297,-4.832661151885986,1
OneHandOreba_1016_1_grm_std_uni,1,3.9790215492248535,-4.953095436096191,1
OneHandOreba_1016_1_grm_std_uni,1,3.8034000396728516,-4.739452362060547,1
OneHandOreba_1016_1_grm_std_uni,1,3.7040863037109375,-4.6320953369140625,1
OneHandOreba_1016_1_grm_std_uni,1,3.6961069107055664,-4.6469011306762695,1
OneHandOreba_1016_1_grm_std_uni,1,3.702345132827759,-4.639288425445557,1
OneHandOreba_1016_1_grm_std_uni,1,3.7474796772003174,-4.681268692016602,1
OneHandOreba_1016_1_grm_std_uni,1,3.828162908554077,-4.802755832672119,1
OneHandOreba_1016_1_grm_std_uni,1,3.8645129203796387,-4.876286029815674,1
OneHandOreba_1016_1_grm_std_uni,1,3.6916611194610596,-4.702195167541504,1
OneHandOreba_1016_1_grm_std_uni,1,3.212615489959717,-4.341360569000244,1
OneHandOreba_1016_1_grm_std_uni,1,3.062329053878784,-4.15340518951416,1
OneHandOreba_1016_1_grm_std_uni,1,3.206674098968506,-4.029676914215088,1
OneHandOreba_1016_1_grm_std_uni,1,3.602064371109009,-4.275407791137695,1
OneHandOreba_1016_1_grm_std_uni,1,3.920135736465454,-4.522453308105469,1
OneHandOreba_1016_1_grm_std_uni,1,3.975882053375244,-4.510076522827148,1
OneHandOreba_1016_1_grm_std_uni,1,3.896848678588867,-4.407834529876709,1
OneHandOreba_1016_1_grm_std_uni,1,3.8881537914276123,-4.437221527099609,1
OneHandOreba_1016_1_grm_std_uni,1,4.12362003326416,-4.754145622253418,1
OneHandOreba_1016_1_grm_std_uni,1,4.187560081481934,-4.822906494140625,1
OneHandOreba_1016_1_grm_std_uni,1,4.0992255210876465,-4.699930191040039,1
OneHandOreba_1016_1_grm_std_uni,1,4.115794658660889,-4.726933479309082,1
OneHandOreba_1016_1_grm_std_uni,1,4.091947078704834,-4.700246334075928,1
OneHandOreba_1016_1_grm_std_uni,1,3.9789109230041504,-4.588270664215088,1
OneHandOreba_1016_1_grm_std_uni,1,3.4466328620910645,-4.080802917480469,1
OneHandOreba_1016_1_grm_std_uni,1,0.7167811989784241,-1.6596015691757202,1
OneHandOreba_1016_1_grm_std_uni,1,1.1883982419967651,-2.2491860389709473,1
OneHandOreba_1016_1_grm_std_uni,1,3.2373642921447754,-3.5696346759796143,1
OneHandOreba_1016_1_grm_std_uni,1,4.709431171417236,-4.7744646072387695,1
OneHandOreba_1016_1_grm_std_uni,1,4.5679426193237305,-4.227015495300293,1
OneHandOreba_1016_1_grm_std_uni,1,4.527841567993164,-3.8801233768463135,1
OneHandOreba_1016_1_grm_std_uni,1,4.8681864738464355,-4.130842208862305,1
OneHandOreba_1016_1_grm_std_uni,1,5.2233171463012695,-4.363051414489746,1
OneHandOreba_1016_1_grm_std_uni,1,5.5316290855407715,-4.7248125076293945,1
OneHandOreba_1016_1_grm_std_uni,1,6.021205902099609,-5.43510627746582,1
OneHandOreba_1016_1_grm_std_uni,1,6.212525844573975,-5.5532002449035645,1
OneHandOreba_1016_1_grm_std_uni,1,5.44789457321167,-4.386687755584717,1
OneHandOreba_1016_1_grm_std_uni,1,5.1046624183654785,-4.300255298614502,1
OneHandOreba_1016_1_grm_std_uni,1,5.62081241607666,-4.888645172119141,1
OneHandOreba_1016_1_grm_std_uni,1,5.367252826690674,-4.937784671783447,1
OneHandOreba_1016_1_grm_std_uni,1,5.124396324157715,-5.275176525115967,1
OneHandOreba_1016_1_grm_std_uni,1,5.376288890838623,-5.789831638336182,1
OneHandOreba_1016_1_grm_std_uni,1,5.651817798614502,-5.606156349182129,1
OneHandOreba_1016_1_grm_std_uni,1,5.755434036254883,-5.505661487579346,1
OneHandOreba_1016_1_grm_std_uni,1,5.0597147941589355,-4.696646213531494,1
OneHandOreba_1016_1_grm_std_uni,1,4.917784214019775,-4.365978240966797,1
OneHandOreba_1016_1_grm_std_uni,1,4.979603290557861,-4.4686994552612305,1
OneHandOreba_1016_1_grm_std_uni,1,4.389096260070801,-3.358469247817993,1
OneHandOreba_1016_1_grm_std_uni,1,4.256875514984131,-3.4732205867767334,1
OneHandOreba_1016_1_grm_std_uni,1,4.479567527770996,-4.335699558258057,1
OneHandOreba_1016_1_grm_std_uni,1,4.45953369140625,-4.608150005340576,1
OneHandOreba_1016_1_grm_std_uni,1,4.652133464813232,-4.890763759613037,1
OneHandOreba_1016_1_grm_std_uni,1,4.92669677734375,-5.32253885269165,1
OneHandOreba_1016_1_grm_std_uni,1,5.157597541809082,-5.452138900756836,1
OneHandOreba_1016_1_grm_std_uni,1,5.218765735626221,-4.987755298614502,1
OneHandOreba_1016_1_grm_std_uni,1,5.291841506958008,-4.750964641571045,1
OneHandOreba_1016_1_grm_std_uni,1,5.443929672241211,-4.872543811798096,1
OneHandOreba_1016_1_grm_std_uni,1,5.613434791564941,-5.316383361816406,1
OneHandOreba_1016_1_grm_std_uni,1,5.740856170654297,-5.177468776702881,1
OneHandOreba_1016_1_grm_std_uni,1,5.837491989135742,-5.287608623504639,1
OneHandOreba_1016_1_grm_std_uni,1,5.003529071807861,-4.709800720214844,1
OneHandOreba_1016_1_grm_std_uni,1,4.037212371826172,-3.840407133102417,1
OneHandOreba_1016_1_grm_std_uni,1,4.495626449584961,-4.324944972991943,1
OneHandOreba_1016_1_grm_std_uni,1,4.690736770629883,-4.827563285827637,1
OneHandOreba_1016_1_grm_std_uni,1,4.711141586303711,-4.963653564453125,1
OneHandOreba_1016_1_grm_std_uni,1,4.61985969543457,-4.756807327270508,1
OneHandOreba_1016_1_grm_std_uni,1,4.631490707397461,-4.498283386230469,1
OneHandOreba_1016_1_grm_std_uni,1,4.790892601013184,-4.723506450653076,1
OneHandOreba_1016_1_grm_std_uni,1,4.971462726593018,-5.122028827667236,1
OneHandOreba_1016_1_grm_std_uni,1,4.831490516662598,-4.972705841064453,1
OneHandOreba_1016_1_grm_std_uni,1,4.8516082763671875,-4.915561199188232,1
OneHandOreba_1016_1_grm_std_uni,1,5.414242267608643,-5.179450035095215,1
OneHandOreba_1016_1_grm_std_uni,1,6.015283584594727,-5.845093727111816,1
OneHandOreba_1016_1_grm_std_uni,1,6.607255935668945,-6.827040195465088,1
OneHandOreba_1016_1_grm_std_uni,1,6.710331916809082,-7.0472092628479,1
OneHandOreba_1016_1_grm_std_uni,1,6.6271653175354,-6.865439414978027,1
OneHandOreba_1016_1_grm_std_uni,1,7.127231597900391,-7.377495765686035,1
OneHandOreba_1016_1_grm_std_uni,1,5.4471306800842285,-5.412780284881592,1
OneHandOreba_1016_1_grm_std_uni,1,4.890563011169434,-5.001680374145508,1
OneHandOreba_1016_1_grm_std_uni,1,5.0192389488220215,-5.43537712097168,1
OneHandOreba_1016_1_grm_std_uni,1,4.898833751678467,-5.1205735206604,1
OneHandOreba_1016_1_grm_std_uni,1,4.440200328826904,-4.624087810516357,1
OneHandOreba_1016_1_grm_std_uni,1,3.9529340267181396,-4.346521854400635,1
OneHandOreba_1016_1_grm_std_uni,1,4.201210021972656,-4.496219635009766,1
OneHandOreba_1016_1_grm_std_uni,1,5.300347805023193,-5.194422245025635,1
OneHandOreba_1016_1_grm_std_uni,1,5.710923194885254,-5.240061283111572,1
OneHandOreba_1016_1_grm_std_uni,1,4.747382164001465,-4.142746925354004,1
OneHandOreba_1016_1_grm_std_uni,1,5.193279266357422,-4.838627338409424,1
OneHandOreba_1016_1_grm_std_uni,1,4.711135387420654,-4.117191314697266,1
OneHandOreba_1016_1_grm_std_uni,1,4.678682327270508,-4.06248664855957,1
OneHandOreba_1016_1_grm_std_uni,1,5.390876293182373,-5.066977500915527,1
OneHandOreba_1016_1_grm_std_uni,1,4.644937992095947,-3.828040599822998,1
OneHandOreba_1016_1_grm_std_uni,1,4.713586807250977,-3.8130648136138916,1
OneHandOreba_1016_1_grm_std_uni,1,5.1505608558654785,-4.22370719909668,1
OneHandOreba_1016_1_grm_std_uni,1,5.690047264099121,-4.858750343322754,1
OneHandOreba_1016_1_grm_std_uni,1,5.720968246459961,-5.326564311981201,1
OneHandOreba_1016_1_grm_std_uni,1,5.513897895812988,-5.602491855621338,1
OneHandOreba_1016_1_grm_std_uni,1,5.536082744598389,-5.159610748291016,1
OneHandOreba_1016_1_grm_std_uni,1,5.216166019439697,-4.9509711265563965,1
OneHandOreba_1016_1_grm_std_uni,1,5.3618974685668945,-4.9236979484558105,1
OneHandOreba_1016_1_grm_std_uni,1,4.267204761505127,-3.7564468383789062,1
OneHandOreba_1016_1_grm_std_uni,1,5.289856910705566,-4.698452949523926,1
OneHandOreba_1016_1_grm_std_uni,1,6.1244025230407715,-5.760961532592773,1
OneHandOreba_1016_1_grm_std_uni,1,6.910185813903809,-6.5677714347839355,1
OneHandOreba_1016_1_grm_std_uni,1,6.891604900360107,-6.050312042236328,1
OneHandOreba_1016_1_grm_std_uni,1,6.480912208557129,-5.748240947723389,1
OneHandOreba_1016_1_grm_std_uni,1,6.6584248542785645,-5.990331172943115,1
OneHandOreba_1016_1_grm_std_uni,1,6.820983409881592,-6.497884750366211,1
OneHandOreba_1016_1_grm_std_uni,1,6.913088798522949,-6.929679870605469,1
OneHandOreba_1016_1_grm_std_uni,1,6.635159015655518,-6.681258201599121,1
OneHandOreba_1016_1_grm_std_uni,1,5.930574893951416,-6.190018653869629,1
OneHandOreba_1016_1_grm_std_uni,1,6.337198734283447,-6.325023174285889,1
OneHandOreba_1016_1_grm_std_uni,1,5.999197483062744,-5.770663261413574,1
OneHandOreba_1016_1_grm_std_uni,1,5.273745059967041,-4.5756306648254395,1
OneHandOreba_1016_1_grm_std_uni,1,3.9803426265716553,-3.407611608505249,1
OneHandOreba_1016_1_grm_std_uni,1,4.907574653625488,-4.99128532409668,1
OneHandOreba_1016_1_grm_std_uni,1,4.404618263244629,-4.433416366577148,1
OneHandOreba_1016_1_grm_std_uni,1,3.1017301082611084,-3.5805985927581787,1
OneHandOreba_1016_1_grm_std_uni,1,2.7433254718780518,-3.3168344497680664,1
OneHandOreba_1016_1_grm_std_uni,1,2.8485615253448486,-3.4102160930633545,1
OneHandOreba_1016_1_grm_std_uni,1,3.831350088119507,-4.364856719970703,1
OneHandOreba_1016_1_grm_std_uni,1,3.994138479232788,-4.5173115730285645,1
OneHandOreba_1016_1_grm_std_uni,1,3.832270383834839,-4.231957912445068,1
OneHandOreba_1016_1_grm_std_uni,1,3.643522262573242,-3.935612201690674,1
OneHandOreba_1016_1_grm_std_uni,1,3.7341434955596924,-4.149916648864746,1
OneHandOreba_1016_1_grm_std_uni,1,3.8465335369110107,-4.299059867858887,1
OneHandOreba_1016_1_grm_std_uni,1,4.1438164710998535,-4.685947418212891,1
OneHandOreba_1016_1_grm_std_uni,1,4.167261600494385,-4.745692729949951,1
OneHandOreba_1016_1_grm_std_uni,1,4.099575042724609,-4.658414363861084,1
OneHandOreba_1016_1_grm_std_uni,1,4.046549320220947,-4.629751205444336,1
OneHandOreba_1016_1_grm_std_uni,1,4.055539608001709,-4.648637771606445,1
OneHandOreba_1016_1_grm_std_uni,1,4.057114124298096,-4.645664215087891,1
OneHandOreba_1016_1_grm_std_uni,2,4.0265679359436035,-4.615899562835693,1
OneHandOreba_1016_1_grm_std_uni,2,3.919426202774048,-4.530848026275635,1
OneHandOreba_1016_1_grm_std_uni,2,3.8287301063537598,-4.472666263580322,1
OneHandOreba_1016_1_grm_std_uni,2,3.781162738800049,-4.440390586853027,1
OneHandOreba_1016_1_grm_std_uni,2,3.8962321281433105,-4.607217788696289,1
OneHandOreba_1016_1_grm_std_uni,2,4.053386688232422,-4.797976493835449,1
OneHandOreba_1016_1_grm_std_uni,2,4.098815441131592,-4.850565433502197,1
OneHandOreba_1016_1_grm_std_uni,2,4.0655388832092285,-4.834426403045654,1
OneHandOreba_1016_1_grm_std_uni,2,3.9992265701293945,-4.782195568084717,1
OneHandOreba_1016_1_grm_std_uni,2,3.8998517990112305,-4.726410388946533,1
OneHandOreba_1016_1_grm_std_uni,2,3.907343626022339,-4.849340915679932,1
OneHandOreba_1016_1_grm_std_uni,2,4.049343109130859,-5.016116142272949,1
OneHandOreba_1016_1_grm_std_uni,2,4.039945602416992,-4.951279163360596,1
OneHandOreba_1016_1_grm_std_uni,2,4.05502462387085,-4.962204933166504,1
OneHandOreba_1016_1_grm_std_uni,2,4.130925178527832,-4.974499225616455,1
OneHandOreba_1016_1_grm_std_uni,2,4.006973743438721,-4.7800164222717285,1
OneHandOreba_1016_1_grm_std_uni,1,3.963761568069458,-4.670589447021484,1
OneHandOreba_1016_1_grm_std_uni,1,4.184004306793213,-4.971865177154541,1
OneHandOreba_1016_1_grm_std_uni,1,4.0152177810668945,-4.734931945800781,1
OneHandOreba_1016_1_grm_std_uni,1,3.900243043899536,-4.563345909118652,1
OneHandOreba_1016_1_grm_std_uni,1,4.0394392013549805,-4.764910697937012,1
OneHandOreba_1016_1_grm_std_uni,1,3.9820187091827393,-4.757047653198242,1
OneHandOreba_1016_1_grm_std_uni,1,3.48576283454895,-4.293822288513184,1
OneHandOreba_1016_1_grm_std_uni,1,2.9984238147735596,-4.239011287689209,1
OneHandOreba_1016_1_grm_std_uni,1,3.120640754699707,-4.438135147094727,1
OneHandOreba_1016_1_grm_std_uni,1,2.814281940460205,-4.084842205047607,1
OneHandOreba_1016_1_grm_std_uni,1,1.2242673635482788,-2.495612144470215,1
OneHandOreba_1016_1_grm_std_uni,1,1.2369916439056396,-1.9643089771270752,1
OneHandOreba_1016_1_grm_std_uni,1,2.2624571323394775,-2.8372457027435303,1
OneHandOreba_1016_1_grm_std_uni,1,3.6181466579437256,-4.150686264038086,1
OneHandOreba_1016_1_grm_std_uni,1,3.5956804752349854,-3.7131316661834717,1
OneHandOreba_1016_1_grm_std_uni,1,3.977013111114502,-4.052692890167236,1
OneHandOreba_1016_1_grm_std_uni,1,4.11094856262207,-4.276040554046631,1
OneHandOreba_1016_1_grm_std_uni,1,3.774665117263794,-3.792051076889038,1
OneHandOreba_1016_1_grm_std_uni,1,3.1848087310791016,-3.3173484802246094,1
OneHandOreba_1016_1_grm_std_uni,1,3.2373716831207275,-3.8762478828430176,1
OneHandOreba_1016_1_grm_std_uni,1,3.3239471912384033,-3.84348726272583,1
OneHandOreba_1016_1_grm_std_uni,1,2.835432767868042,-3.2076570987701416,1
OneHandOreba_1016_1_grm_std_uni,1,2.7170300483703613,-3.170865535736084,1
OneHandOreba_1016_1_grm_std_uni,1,3.4316582679748535,-3.7350032329559326,1
OneHandOreba_1016_1_grm_std_uni,1,3.692756414413452,-4.277842998504639,1
OneHandOreba_1016_1_grm_std_uni,1,3.1155905723571777,-3.731079578399658,1
OneHandOreba_1016_1_grm_std_uni,1,1.0435144901275635,-1.0453728437423706,1
OneHandOreba_1016_1_grm_std_uni,1,1.706180453300476,-1.3207305669784546,1
OneHandOreba_1016_1_grm_std_uni,1,4.25273323059082,-5.091195106506348,1
OneHandOreba_1016_1_grm_std_uni,1,5.375078201293945,-6.2439680099487305,1
OneHandOreba_1016_1_grm_std_uni,1,5.5664191246032715,-6.458903789520264,1
OneHandOreba_1016_1_grm_std_uni,1,5.450775146484375,-6.148641109466553,1
OneHandOreba_1016_1_grm_std_uni,1,5.353102207183838,-5.883598327636719,1
OneHandOreba_1016_1_grm_std_uni,1,5.293484687805176,-5.759807109832764,1
OneHandOreba_1016_1_grm_std_uni,1,5.740752696990967,-5.9711079597473145,1
OneHandOreba_1016_1_grm_std_uni,1,5.500493049621582,-5.657436847686768,1
OneHandOreba_1016_1_grm_std_uni,1,4.422266483306885,-5.065822124481201,1
OneHandOreba_1016_1_grm_std_uni,2,4.0461225509643555,-4.810708522796631,1
OneHandOreba_1016_1_grm_std_uni,2,4.104591369628906,-4.7799224853515625,1
OneHandOreba_1016_1_grm_std_uni,2,3.7205843925476074,-4.524389266967773,1
OneHandOreba_1016_1_grm_std_uni,2,3.025486469268799,-3.4045650959014893,1
OneHandOreba_1016_1_grm_std_uni,2,2.1793761253356934,-2.217984914779663,1
OneHandOreba_1016_1_grm_std_uni,2,2.957894802093506,-2.7973899841308594,1
OneHandOreba_1016_1_grm_std_uni,2,3.589017152786255,-4.270199298858643,1
OneHandOreba_1016_1_grm_std_uni,2,3.793264627456665,-4.513552665710449,1
OneHandOreba_1016_1_grm_std_uni,2,2.4798779487609863,-2.611727237701416,1
OneHandOreba_1016_1_grm_std_uni,2,2.2725658416748047,-1.584129810333252,1
OneHandOreba_1016_1_grm_std_uni,2,4.8573808670043945,-5.151894569396973,1
OneHandOreba_1016_1_grm_std_uni,2,6.802967548370361,-7.680041313171387,1
OneHandOreba_1016_1_grm_std_uni,2,7.26475715637207,-8.316030502319336,1
OneHandOreba_1016_1_grm_std_uni,2,7.148926734924316,-8.552714347839355,1
OneHandOreba_1016_1_grm_std_uni,2,6.734455108642578,-8.265620231628418,1
OneHandOreba_1016_1_grm_std_uni,2,6.03269100189209,-7.577444553375244,1
OneHandOreba_1016_1_grm_std_uni,2,5.573580265045166,-7.094167709350586,1
OneHandOreba_1016_1_grm_std_uni,2,4.831877708435059,-6.247208118438721,1
OneHandOreba_1016_1_grm_std_uni,2,5.015890121459961,-6.363527774810791,1
OneHandOreba_1016_1_grm_std_uni,2,5.1407976150512695,-6.249940872192383,1
OneHandOreba_1016_1_grm_std_uni,2,4.680880546569824,-5.787831783294678,1
OneHandOreba_1016_1_grm_std_uni,2,4.385866641998291,-5.537281513214111,1
OneHandOreba_1016_1_grm_std_uni,2,4.731561660766602,-5.947185516357422,1
OneHandOreba_1016_1_grm_std_uni,2,5.237799167633057,-6.243401527404785,1
OneHandOreba_1016_1_grm_std_uni,2,5.565998554229736,-6.705893516540527,1
OneHandOreba_1016_1_grm_std_uni,2,5.507320880889893,-6.800467014312744,1
OneHandOreba_1016_1_grm_std_uni,2,5.140511989593506,-6.180690765380859,1
OneHandOreba_1016_1_grm_std_uni,2,3.401641607284546,-3.643561363220215,1
OneHandOreba_1016_1_grm_std_uni,2,2.850890636444092,-2.661184310913086,1
OneHandOreba_1016_1_grm_std_uni,2,4.936111927032471,-4.700684070587158,1
OneHandOreba_1016_1_grm_std_uni,2,5.552632808685303,-5.686593055725098,1
OneHandOreba_1016_1_grm_std_uni,2,5.7262468338012695,-5.925650119781494,1
OneHandOreba_1016_1_grm_std_uni,2,5.713558673858643,-5.922088623046875,1
OneHandOreba_1016_1_grm_std_uni,2,5.614052772521973,-6.03106164932251,1
OneHandOreba_1016_1_grm_std_uni,2,5.346374988555908,-5.619993686676025,1
OneHandOreba_1016_1_grm_std_uni,2,4.528098106384277,-4.433935642242432,1
OneHandOreba_1016_1_grm_std_uni,2,4.189091682434082,-3.9219167232513428,1
OneHandOreba_1016_1_grm_std_uni,2,3.502413272857666,-3.574601650238037,1
OneHandOreba_1016_1_grm_std_uni,1,3.6678595542907715,-3.8510868549346924,1
OneHandOreba_1016_1_grm_std_uni,1,4.082295894622803,-4.52461051940918,1
OneHandOreba_1016_1_grm_std_uni,1,4.2425007820129395,-4.9401044845581055,1
OneHandOreba_1016_1_grm_std_uni,1,4.615419864654541,-5.2924909591674805,1
OneHandOreba_1016_1_grm_std_uni,1,4.947141647338867,-5.437954902648926,1
OneHandOreba_1016_1_grm_std_uni,1,5.0754804611206055,-5.31662130355835,1
OneHandOreba_1016_1_grm_std_uni,1,5.162156105041504,-5.023895740509033,1
OneHandOreba_1016_1_grm_std_uni,1,5.170161724090576,-4.912375450134277,1
OneHandOreba_1016_1_grm_std_uni,1,5.656526565551758,-5.5857253074646,1
OneHandOreba_1016_1_grm_std_uni,1,4.968846321105957,-4.9213948249816895,1
OneHandOreba_1016_1_grm_std_uni,1,3.470205783843994,-3.5889644622802734,1
OneHandOreba_1016_1_grm_std_uni,1,4.358514785766602,-4.63573694229126,1
OneHandOreba_1016_1_grm_std_uni,1,5.277987480163574,-5.442884922027588,1
OneHandOreba_1016_1_grm_std_uni,1,5.309072017669678,-5.319157123565674,1
OneHandOreba_1016_1_grm_std_uni,1,5.17568302154541,-4.724525451660156,1
OneHandOreba_1016_1_grm_std_uni,1,5.122201919555664,-3.9506025314331055,1
OneHandOreba_1016_1_grm_std_uni,1,4.491570472717285,-3.110542058944702,1
OneHandOreba_1016_1_grm_std_uni,1,3.4285635948181152,-1.9784921407699585,1
OneHandOreba_1016_1_grm_std_uni,1,3.6278083324432373,-2.4687936305999756,1
OneHandOreba_1016_1_grm_std_uni,1,3.6458706855773926,-2.6654868125915527,1
OneHandOreba_1016_1_grm_std_uni,1,4.304404258728027,-3.852797746658325,1
OneHandOreba_1016_1_grm_std_uni,1,4.6414618492126465,-4.57701301574707,1
OneHandOreba_1016_1_grm_std_uni,1,4.6901044845581055,-4.644579887390137,1
OneHandOreba_1016_1_grm_std_uni,1,4.882388114929199,-4.566379070281982,1
OneHandOreba_1016_1_grm_std_uni,1,4.669191837310791,-4.080791473388672,1
OneHandOreba_1016_1_grm_std_uni,1,4.073735237121582,-3.7639060020446777,1
OneHandOreba_1016_1_grm_std_uni,1,4.370846748352051,-3.9388222694396973,1
OneHandOreba_1016_1_grm_std_uni,1,4.345851898193359,-3.8502321243286133,1
OneHandOreba_1016_1_grm_std_uni,1,5.012941360473633,-4.6444172859191895,1
OneHandOreba_1016_1_grm_std_uni,1,5.647679805755615,-5.631966590881348,1
OneHandOreba_1016_1_grm_std_uni,1,5.619673728942871,-5.428187847137451,1
OneHandOreba_1016_1_grm_std_uni,1,5.432053089141846,-5.013954162597656,1
OneHandOreba_1016_1_grm_std_uni,1,5.384552478790283,-4.852680206298828,1
OneHandOreba_1016_1_grm_std_uni,1,5.561759948730469,-4.884523391723633,1
OneHandOreba_1016_1_grm_std_uni,1,5.438940048217773,-4.700318336486816,1
OneHandOreba_1016_1_grm_std_uni,1,5.044745445251465,-4.376590251922607,1
OneHandOreba_1016_1_grm_std_uni,1,5.307374000549316,-4.597239971160889,1
OneHandOreba_1016_1_grm_std_uni,1,5.291464805603027,-4.647904872894287,1
OneHandOreba_1016_1_grm_std_uni,1,5.4424967765808105,-4.8360443115234375,1
OneHandOreba_1016_1_grm_std_uni,1,5.633969783782959,-5.04842472076416,1
OneHandOreba_1016_1_grm_std_uni,1,5.7442731857299805,-5.339847564697266,1
OneHandOreba_1016_1_grm_std_uni,1,5.8101420402526855,-5.133281707763672,1
OneHandOreba_1016_1_grm_std_uni,1,6.005511283874512,-5.1884660720825195,1
OneHandOreba_1016_1_grm_std_uni,1,5.636857509613037,-5.090531826019287,1
OneHandOreba_1016_1_grm_std_uni,1,5.539330959320068,-5.207903861999512,1
OneHandOreba_1016_1_grm_std_uni,1,5.684756755828857,-5.54573917388916,1
OneHandOreba_1016_1_grm_std_uni,1,5.068399429321289,-4.917713642120361,1
OneHandOreba_1016_1_grm_std_uni,1,5.375227451324463,-4.9684977531433105,1
OneHandOreba_1016_1_grm_std_uni,1,5.510313987731934,-4.820737361907959,1
OneHandOreba_1016_1_grm_std_uni,1,5.455522060394287,-4.818032741546631,1
OneHandOreba_1016_1_grm_std_uni,1,5.22125244140625,-4.66030216217041,1
OneHandOreba_1016_1_grm_std_uni,1,4.070882797241211,-3.4604315757751465,1
OneHandOreba_1016_1_grm_std_uni,1,4.2334113121032715,-3.7549309730529785,1
OneHandOreba_1016_1_grm_std_uni,1,4.240988254547119,-3.3639445304870605,1
OneHandOreba_1016_1_grm_std_uni,1,5.139473915100098,-4.429854869842529,1
OneHandOreba_1016_1_grm_std_uni,2,3.81931471824646,-3.391117572784424,1
OneHandOreba_1016_1_grm_std_uni,2,4.4056077003479,-4.852400779724121,1
OneHandOreba_1016_1_grm_std_uni,2,4.630610942840576,-5.237377643585205,1
OneHandOreba_1016_1_grm_std_uni,2,4.450764179229736,-5.093569755554199,1
OneHandOreba_1016_1_grm_std_uni,2,4.359386444091797,-4.987721920013428,1
OneHandOreba_1016_1_grm_std_uni,2,4.236331939697266,-4.834682941436768,1
OneHandOreba_1016_1_grm_std_uni,2,4.204583168029785,-4.79520845413208,1
OneHandOreba_1016_1_grm_std_uni,2,4.183337211608887,-4.777210712432861,1
OneHandOreba_1016_1_grm_std_uni,2,4.193692684173584,-4.833444118499756,1
OneHandOreba_1016_1_grm_std_uni,2,4.1900315284729,-4.88666296005249,1
OneHandOreba_1016_1_grm_std_uni,2,4.144757270812988,-4.925121784210205,1
OneHandOreba_1016_1_grm_std_uni,2,4.138583660125732,-4.937803745269775,1
OneHandOreba_1016_1_grm_std_uni,2,4.329793453216553,-5.193777084350586,1
OneHandOreba_1016_1_grm_std_uni,2,4.450620174407959,-5.403645038604736,1
OneHandOreba_1016_1_grm_std_uni,2,4.3846755027771,-5.285922050476074,1
OneHandOreba_1016_1_grm_std_uni,2,3.634700298309326,-4.345611095428467,1
OneHandOreba_1016_1_grm_std_uni,2,3.6584889888763428,-3.999110460281372,1
OneHandOreba_1016_1_grm_std_uni,2,4.4769439697265625,-4.810299396514893,1
OneHandOreba_1016_1_grm_std_uni,2,5.832831382751465,-5.933051586151123,1
OneHandOreba_1016_1_grm_std_uni,2,5.735895156860352,-5.376282691955566,1
OneHandOreba_1016_1_grm_std_uni,1,6.303205966949463,-5.809379577636719,1
OneHandOreba_1016_1_grm_std_uni,1,6.549554824829102,-5.812859535217285,1
OneHandOreba_1016_1_grm_std_uni,1,5.54081392288208,-4.455641746520996,1
OneHandOreba_1016_1_grm_std_uni,1,5.226480007171631,-3.876793146133423,1
OneHandOreba_1016_1_grm_std_uni,1,5.0996880531311035,-4.001640319824219,1
OneHandOreba_1016_1_grm_std_uni,1,4.977046012878418,-4.032382011413574,1
OneHandOreba_1016_1_grm_std_uni,1,5.424565315246582,-4.5746870040893555,1
OneHandOreba_1016_1_grm_std_uni,1,5.581414699554443,-4.570956707000732,1
OneHandOreba_1016_1_grm_std_uni,1,5.73613977432251,-4.651723384857178,1
OneHandOreba_1016_1_grm_std_uni,1,6.124841690063477,-5.2203850746154785,1
OneHandOreba_1016_1_grm_std_uni,1,5.881787300109863,-5.158518314361572,1
OneHandOreba_1016_1_grm_std_uni,1,5.297433376312256,-4.464693546295166,1
OneHandOreba_1016_1_grm_std_uni,1,4.995983123779297,-4.403237342834473,1
OneHandOreba_1016_1_grm_std_uni,1,5.10675573348999,-4.368640899658203,1
OneHandOreba_1016_1_grm_std_uni,1,4.910460472106934,-4.4689106941223145,1
OneHandOreba_1016_1_grm_std_uni,1,5.460765838623047,-5.6226983070373535,1
OneHandOreba_1016_1_grm_std_uni,1,6.039114952087402,-6.438132286071777,1
OneHandOreba_1016_1_grm_std_uni,1,5.101146221160889,-5.289470672607422,1
OneHandOreba_1016_1_grm_std_uni,1,3.7812256813049316,-4.001509189605713,1
OneHandOreba_1016_1_grm_std_uni,1,3.816025495529175,-3.9091837406158447,1
OneHandOreba_1016_1_grm_std_uni,1,4.2132391929626465,-4.57813024520874,1
OneHandOreba_1016_1_grm_std_uni,1,4.488200664520264,-5.0552215576171875,1
OneHandOreba_1016_1_grm_std_uni,1,4.604553699493408,-5.077908039093018,1
OneHandOreba_1016_1_grm_std_uni,1,4.8407793045043945,-4.789752960205078,1
OneHandOreba_1016_1_grm_std_uni,1,6.36088752746582,-6.622267723083496,1
OneHandOreba_1016_1_grm_std_uni,1,6.151115417480469,-6.012591361999512,1
OneHandOreba_1016_1_grm_std_uni,1,5.294020175933838,-4.843290328979492,1
OneHandOreba_1016_1_grm_std_uni,1,5.432187557220459,-5.031442165374756,1
OneHandOreba_1016_1_grm_std_uni,1,4.9504594802856445,-4.679623126983643,1
OneHandOreba_1016_1_grm_std_uni,1,4.866885185241699,-4.444354057312012,1
OneHandOreba_1016_1_grm_std_uni,1,4.761950969696045,-4.29066801071167,1
OneHandOreba_1016_1_grm_std_uni,1,4.710792541503906,-4.643630027770996,1
OneHandOreba_1016_1_grm_std_uni,1,4.572606563568115,-4.712122917175293,1
OneHandOreba_1016_1_grm_std_uni,1,4.046928882598877,-4.082923412322998,1
OneHandOreba_1016_1_grm_std_uni,1,4.44614839553833,-4.443966388702393,1
OneHandOreba_1016_1_grm_std_uni,1,5.509676933288574,-5.427783489227295,1
OneHandOreba_1016_1_grm_std_uni,1,5.8122358322143555,-5.537049293518066,1
OneHandOreba_1016_1_grm_std_uni,1,5.638314247131348,-5.7242431640625,1
OneHandOreba_1016_1_grm_std_uni,1,5.89888334274292,-6.423529148101807,1
OneHandOreba_1016_1_grm_std_uni,1,6.642494201660156,-7.341878414154053,1
OneHandOreba_1016_1_grm_std_uni,1,7.302134037017822,-7.582367420196533,1
OneHandOreba_1016_1_grm_std_uni,1,6.864138126373291,-6.525935649871826,1
OneHandOreba_1016_1_grm_std_uni,1,6.791279315948486,-6.581512928009033,1
OneHandOreba_1016_1_grm_std_uni,1,6.924800872802734,-6.5716552734375,1
OneHandOreba_1016_1_grm_std_uni,1,6.714395999908447,-6.226871490478516,1
OneHandOreba_1016_1_grm_std_uni,1,6.187171459197998,-5.675597190856934,1
OneHandOreba_1016_1_grm_std_uni,1,6.12921142578125,-5.7228522300720215,1
OneHandOreba_1016_1_grm_std_uni,1,5.924044132232666,-5.550779342651367,1
OneHandOreba_1016_1_grm_std_uni,1,5.953106880187988,-5.826382637023926,1
OneHandOreba_1016_1_grm_std_uni,1,6.260089874267578,-6.027126312255859,1
OneHandOreba_1016_1_grm_std_uni,1,6.614253044128418,-6.466622829437256,1
OneHandOreba_1016_1_grm_std_uni,1,6.126114368438721,-5.872400760650635,1
OneHandOreba_1016_1_grm_std_uni,1,6.159434795379639,-6.204322814941406,1
OneHandOreba_1016_1_grm_std_uni,1,5.874325275421143,-5.975810527801514,1
OneHandOreba_1016_1_grm_std_uni,1,5.352867126464844,-5.070562839508057,1
OneHandOreba_1016_1_grm_std_uni,1,5.383534908294678,-5.14459753036499,1
OneHandOreba_1016_1_grm_std_uni,1,4.599337577819824,-4.119347095489502,1
OneHandOreba_1016_1_grm_std_uni,1,4.393650531768799,-3.7989695072174072,1
OneHandOreba_1016_1_grm_std_uni,1,4.267090797424316,-3.847611427307129,1
OneHandOreba_1016_1_grm_std_uni,1,4.806279182434082,-4.329726696014404,1
OneHandOreba_1016_1_grm_std_uni,1,6.068445205688477,-5.689009666442871,1
OneHandOreba_1016_1_grm_std_uni,1,5.893332004547119,-5.651296615600586,1
OneHandOreba_1016_1_grm_std_uni,1,5.206748008728027,-4.819339752197266,1
OneHandOreba_1016_1_grm_std_uni,1,4.062115669250488,-3.11586594581604,1
OneHandOreba_1016_1_grm_std_uni,1,4.9589362144470215,-4.309041976928711,1
OneHandOreba_1016_1_grm_std_uni,1,4.8043437004089355,-4.4906229972839355,1
OneHandOreba_1016_1_grm_std_uni,1,5.376640319824219,-5.207638263702393,1
OneHandOreba_1016_1_grm_std_uni,1,4.3652448654174805,-3.688647508621216,1
OneHandOreba_1016_1_grm_std_uni,2,2.207390546798706,-1.5424950122833252,1
OneHandOreba_1016_1_grm_std_uni,2,2.7694740295410156,-3.0672554969787598,1
OneHandOreba_1016_1_grm_std_uni,2,3.711968421936035,-4.4802727699279785,1
OneHandOreba_1016_1_grm_std_uni,2,3.9835376739501953,-4.816803932189941,1
OneHandOreba_1016_1_grm_std_uni,2,3.8692026138305664,-4.635579586029053,1
OneHandOreba_1016_1_grm_std_uni,2,3.9422008991241455,-4.743487358093262,1
OneHandOreba_1016_1_grm_std_uni,2,4.087368011474609,-4.985604763031006,1
OneHandOreba_1016_1_grm_std_uni,2,4.014512538909912,-4.943263053894043,1
OneHandOreba_1016_1_grm_std_uni,2,4.041171550750732,-5.016086578369141,1
OneHandOreba_1016_1_grm_std_uni,2,4.1824469566345215,-5.231003284454346,1
OneHandOreba_1016_1_grm_std_uni,2,3.918701171875,-5.032987594604492,1
OneHandOreba_1016_1_grm_std_uni,2,3.2135229110717773,-4.236882209777832,1
OneHandOreba_1016_1_grm_std_uni,2,3.185009479522705,-4.145059585571289,1
OneHandOreba_1016_1_grm_std_uni,2,3.724139451980591,-4.5163493156433105,1
OneHandOreba_1016_1_grm_std_uni,2,3.993353843688965,-4.802530765533447,1
OneHandOreba_1016_1_grm_std_uni,2,3.976191997528076,-4.878382205963135,1
OneHandOreba_1016_1_grm_std_uni,1,4.0278801918029785,-4.955482006072998,1
OneHandOreba_1016_1_grm_std_uni,1,4.250458240509033,-5.109251022338867,1
OneHandOreba_1016_1_grm_std_uni,1,3.985384702682495,-4.807713508605957,1
OneHandOreba_1016_1_grm_std_uni,1,4.291427135467529,-5.150393486022949,1
OneHandOreba_1016_1_grm_std_uni,1,4.389723777770996,-5.209228515625,1
OneHandOreba_1016_1_grm_std_uni,1,4.241814613342285,-5.033846855163574,1
OneHandOreba_1016_1_grm_std_uni,1,4.09407377243042,-4.878304481506348,1
OneHandOreba_1016_1_grm_std_uni,1,4.054872512817383,-4.828545093536377,1
OneHandOreba_1016_1_grm_std_uni,1,4.139934062957764,-4.92926025390625,1
OneHandOreba_1016_1_grm_std_uni,1,4.287209987640381,-5.152422904968262,1
OneHandOreba_1016_1_grm_std_uni,1,4.3823347091674805,-5.222627639770508,1
OneHandOreba_1016_1_grm_std_uni,1,4.310515403747559,-5.091310024261475,1
OneHandOreba_1016_1_grm_std_uni,1,3.9928953647613525,-4.704012870788574,1
OneHandOreba_1016_1_grm_std_uni,1,3.7641282081604004,-4.497446060180664,1
OneHandOreba_1016_1_grm_std_uni,1,3.9068078994750977,-4.72320032119751,1
OneHandOreba_1016_1_grm_std_uni,1,3.5829694271087646,-4.306179523468018,1
OneHandOreba_1016_1_grm_std_uni,1,0.98224937915802,-1.9144961833953857,1
OneHandOreba_1016_1_grm_std_uni,1,0.640104353427887,-1.3576053380966187,1
OneHandOreba_1016_1_grm_std_uni,1,2.905932664871216,-3.212109088897705,1
OneHandOreba_1016_1_grm_std_uni,1,4.30215311050415,-4.254799842834473,1
OneHandOreba_1016_1_grm_std_uni,1,5.100080966949463,-4.794663429260254,1
OneHandOreba_1016_1_grm_std_uni,1,5.438363075256348,-5.310056686401367,1
OneHandOreba_1016_1_grm_std_uni,1,5.0877685546875,-4.6236572265625,1
OneHandOreba_1016_1_grm_std_uni,1,4.669232368469238,-3.9401204586029053,1
OneHandOreba_1016_1_grm_std_uni,1,4.742689609527588,-3.7567710876464844,1
OneHandOreba_1016_1_grm_std_uni,1,4.175285816192627,-3.5897912979125977,1
OneHandOreba_1016_1_grm_std_uni,1,4.717414855957031,-4.310238838195801,1
OneHandOreba_1016_1_grm_std_uni,1,4.2878828048706055,-4.024756908416748,1
OneHandOreba_1016_1_grm_std_uni,1,4.154691219329834,-4.419516563415527,1
OneHandOreba_1016_1_grm_std_uni,1,4.592253684997559,-5.54881477355957,1
OneHandOreba_1016_1_grm_std_uni,1,4.733431339263916,-5.8803391456604,1
OneHandOreba_1016_1_grm_std_uni,1,5.126904487609863,-6.0929999351501465,1
OneHandOreba_1016_1_grm_std_uni,1,6.1900410652160645,-6.979201793670654,1
OneHandOreba_1016_1_grm_std_uni,1,7.121236801147461,-7.473108291625977,1
OneHandOreba_1016_1_grm_std_uni,1,7.228334903717041,-7.691966533660889,1
OneHandOreba_1016_1_grm_std_uni,1,6.7031097412109375,-7.142449378967285,1
OneHandOreba_1016_1_grm_std_uni,1,6.393477439880371,-6.367040157318115,1
OneHandOreba_1016_1_grm_std_uni,1,3.996262311935425,-3.1216962337493896,1
OneHandOreba_1016_1_grm_std_uni,1,4.904973983764648,-4.55601692199707,1
OneHandOreba_1016_1_grm_std_uni,1,5.814694881439209,-5.815578460693359,1
OneHandOreba_1016_1_grm_std_uni,1,6.185978889465332,-6.2438836097717285,1
OneHandOreba_1016_1_grm_std_uni,1,6.8402791023254395,-7.089366436004639,1
OneHandOreba_1016_1_grm_std_uni,1,6.9463958740234375,-7.348654270172119,1
OneHandOreba_1016_1_grm_std_uni,1,6.627524375915527,-6.791274547576904,1
OneHandOreba_1016_1_grm_std_uni,1,6.293466567993164,-6.795376300811768,1
OneHandOreba_1016_1_grm_std_uni,1,6.352941036224365,-7.0608415603637695,1
OneHandOreba_1016_1_grm_std_uni,1,5.91544246673584,-6.560355186462402,1
OneHandOreba_1016_1_grm_std_uni,1,6.224993705749512,-6.877876281738281,1
OneHandOreba_1016_1_grm_std_uni,1,6.868240833282471,-7.219892501831055,1
OneHandOreba_1016_1_grm_std_uni,1,6.190615177154541,-6.46927547454834,1
OneHandOreba_1016_1_grm_std_uni,1,6.006448745727539,-6.289440631866455,1
OneHandOreba_1016_1_grm_std_uni,1,6.232500076293945,-6.469726085662842,1
OneHandOreba_1016_1_grm_std_uni,1,5.427366256713867,-5.717400074005127,1
OneHandOreba_1016_1_grm_std_uni,1,4.22303581237793,-4.567380905151367,1
OneHandOreba_1016_1_grm_std_uni,1,3.7288811206817627,-4.181792736053467,1
OneHandOreba_1016_1_grm_std_uni,1,3.642653465270996,-4.1276535987854,1
OneHandOreba_1016_1_grm_std_uni,1,4.065321445465088,-4.519250869750977,1
OneHandOreba_1016_1_grm_std_uni,2,4.167083263397217,-4.664083003997803,1
OneHandOreba_1016_1_grm_std_uni,2,4.18623161315918,-4.665111064910889,1
OneHandOreba_1016_1_grm_std_uni,2,4.2092156410217285,-4.758244514465332,1
OneHandOreba_1016_1_grm_std_uni,2,4.4096832275390625,-5.077184677124023,1
OneHandOreba_1016_1_grm_std_uni,2,4.478642463684082,-5.1331987380981445,1
OneHandOreba_1016_1_grm_std_uni,2,4.284854412078857,-4.810114860534668,1
OneHandOreba_1016_1_grm_std_uni,2,3.9737884998321533,-4.42928409576416,1
OneHandOreba_1016_1_grm_std_uni,2,3.7987709045410156,-4.345395565032959,1
OneHandOreba_1016_1_grm_std_uni,2,4.050205230712891,-4.619809150695801,1
OneHandOreba_1016_1_grm_std_uni,2,4.16257381439209,-4.688742160797119,1
OneHandOreba_1016_1_grm_std_uni,2,4.197314739227295,-4.6822710037231445,1
OneHandOreba_1016_1_grm_std_uni,2,4.166920185089111,-4.6123046875,1
OneHandOreba_1016_1_grm_std_uni,2,4.1327009201049805,-4.6067399978637695,1
OneHandOreba_1016_1_grm_std_uni,2,4.106527805328369,-4.640308856964111,1
OneHandOreba_1016_1_grm_std_uni,2,4.065292835235596,-4.668830871582031,1
OneHandOreba_1016_1_grm_std_uni,2,3.739471197128296,-4.376260280609131,1
OneHandOreba_1016_1_grm_std_uni,2,3.554243564605713,-4.249505519866943,1
OneHandOreba_1016_1_grm_std_uni,2,3.532909631729126,-4.3591694831848145,1
OneHandOreba_1016_1_grm_std_uni,2,2.9447944164276123,-3.6495602130889893,1
OneHandOreba_1016_1_grm_std_uni,2,1.8225009441375732,-2.216461181640625,1
OneHandOreba_1016_1_grm_std_uni,2,1.7851572036743164,-1.9670459032058716,1
OneHandOreba_1016_1_grm_std_uni,2,2.791910409927368,-2.9019737243652344,1
OneHandOreba_1016_1_grm_std_uni,2,3.1861412525177,-3.003206729888916,1
OneHandOreba_1016_1_grm_std_uni,1,2.9463858604431152,-2.894533395767212,1
OneHandOreba_1016_1_grm_std_uni,1,3.1427924633026123,-3.1973016262054443,1
OneHandOreba_1016_1_grm_std_uni,1,3.981407403945923,-4.280864238739014,1
OneHandOreba_1016_1_grm_std_uni,1,4.2940192222595215,-4.724046230316162,1
OneHandOreba_1016_1_grm_std_uni,1,4.369459629058838,-5.011099815368652,1
OneHandOreba_1016_1_grm_std_uni,1,4.309727191925049,-5.116837978363037,1
OneHandOreba_1016_1_grm_std_uni,1,4.23239278793335,-5.107954502105713,1
OneHandOreba_1016_1_grm_std_uni,1,4.095726490020752,-4.89821195602417,1
OneHandOreba_1016_1_grm_std_uni,1,3.976260185241699,-4.728268623352051,1
OneHandOreba_1016_1_grm_std_uni,1,4.152062892913818,-4.955684185028076,1
OneHandOreba_1016_1_grm_std_uni,1,4.147920608520508,-4.974087238311768,1
OneHandOreba_1016_1_grm_std_uni,1,4.119750499725342,-4.930253505706787,1
OneHandOreba_1016_1_grm_std_uni,1,4.195478439331055,-5.004154682159424,1
OneHandOreba_1016_1_grm_std_uni,1,4.125382900238037,-4.887460708618164,1
OneHandOreba_1016_1_grm_std_uni,1,4.026046276092529,-4.839194297790527,1
OneHandOreba_1016_1_grm_std_uni,1,3.8248748779296875,-4.734531402587891,1
OneHandOreba_1016_1_grm_std_uni,1,3.7442262172698975,-4.6741743087768555,1
OneHandOreba_1016_1_grm_std_uni,1,3.7925589084625244,-4.682671070098877,1
OneHandOreba_1016_1_grm_std_uni,1,3.104679584503174,-3.908759117126465,1
OneHandOreba_1016_1_grm_std_uni,1,3.1911323070526123,-4.0228271484375,1
OneHandOreba_1016_1_grm_std_uni,1,4.027359485626221,-4.824819087982178,1
OneHandOreba_1016_1_grm_std_uni,1,4.034294605255127,-4.696418762207031,1
OneHandOreba_1016_1_grm_std_uni,1,3.3295912742614746,-4.1793107986450195,1
OneHandOreba_1016_1_grm_std_uni,1,3.4393508434295654,-4.230202674865723,1
OneHandOreba_1016_1_grm_std_uni,1,3.507826089859009,-4.289705276489258,1
OneHandOreba_1016_1_grm_std_uni,1,2.8902664184570312,-3.5698254108428955,1
OneHandOreba_1016_1_grm_std_uni,1,2.7957592010498047,-3.5396294593811035,1
OneHandOreba_1016_1_grm_std_uni,1,3.5777435302734375,-4.2802910804748535,1
OneHandOreba_1016_1_grm_std_uni,1,3.5723350048065186,-4.261023044586182,1
OneHandOreba_1016_1_grm_std_uni,1,3.110017776489258,-3.7263901233673096,1
OneHandOreba_1016_1_grm_std_uni,1,3.0558626651763916,-3.466153860092163,1
OneHandOreba_1016_1_grm_std_uni,1,1.8665783405303955,-2.287895679473877,1
OneHandOreba_1016_1_grm_std_uni,1,1.8291196823120117,-2.8663442134857178,1
OneHandOreba_1016_1_grm_std_uni,1,2.916861057281494,-4.062234878540039,1
OneHandOreba_1016_1_grm_std_uni,1,4.359389305114746,-4.980876445770264,1
OneHandOreba_1016_1_grm_std_uni,1,4.518015384674072,-4.315855979919434,1
OneHandOreba_1016_1_grm_std_uni,1,4.139636993408203,-3.293452501296997,1
OneHandOreba_1016_1_grm_std_uni,1,4.338014125823975,-3.727243423461914,1
OneHandOreba_1016_1_grm_std_uni,1,4.4101338386535645,-3.640061855316162,1
OneHandOreba_1016_1_grm_std_uni,1,5.5439863204956055,-5.037082672119141,1
OneHandOreba_1016_1_grm_std_uni,1,5.611425876617432,-5.640129089355469,1
OneHandOreba_1016_1_grm_std_uni,1,6.164395809173584,-5.992749214172363,1
OneHandOreba_1016_1_grm_std_uni,1,6.158199787139893,-5.6363844871521,1
OneHandOreba_1016_1_grm_std_uni,1,4.2386908531188965,-4.095715045928955,1
OneHandOreba_1016_1_grm_std_uni,1,2.9146811962127686,-2.7731282711029053,1
OneHandOreba_1016_1_grm_std_uni,1,4.2413105964660645,-4.374391555786133,1
OneHandOreba_1016_1_grm_std_uni,1,4.574685573577881,-4.971933841705322,1
OneHandOreba_1016_1_grm_std_uni,1,4.779885292053223,-5.3946099281311035,1
OneHandOreba_1016_1_grm_std_uni,1,3.8146936893463135,-3.567081928253174,1
OneHandOreba_1016_1_grm_std_uni,1,2.7751176357269287,-2.570161819458008,1
OneHandOreba_1016_1_grm_std_uni,1,2.7987327575683594,-3.247133255004883,1
OneHandOreba_1016_1_grm_std_uni,1,3.4647669792175293,-4.65524959564209,1
OneHandOreba_1016_1_grm_std_uni,1,3.975083112716675,-5.544710636138916,1
OneHandOreba_1016_1_grm_std_uni,1,4.303101539611816,-5.740511417388916,1
OneHandOreba_1016_1_grm_std_uni,1,4.641202449798584,-6.003983020782471,1
OneHandOreba_1016_1_grm_std_uni,1,4.927489757537842,-5.920409679412842,1
OneHandOreba_1016_1_grm_std_uni,1,4.937511444091797,-6.017818450927734,1
OneHandOreba_1016_1_grm_std_uni,1,4.717377662658691,-5.769036293029785,1
OneHandOreba_1016_1_grm_std_uni,1,4.7228899002075195,-5.656377792358398,1
OneHandOreba_1016_1_grm_std_uni,1,5.314834117889404,-6.487903594970703,1
OneHandOreba_1016_1_grm_std_uni,1,4.9228363037109375,-6.0008039474487305,1
OneHandOreba_1016_1_grm_std_uni,1,4.608678817749023,-5.694839000701904,1
OneHandOreba_1016_1_grm_std_uni,1,5.248622894287109,-6.083004474639893,1
OneHandOreba_1016_1_grm_std_uni,1,5.780791282653809,-5.898571968078613,1
OneHandOreba_1016_1_grm_std_uni,1,5.769351959228516,-5.790580749511719,1
OneHandOreba_1016_1_grm_std_uni,1,4.859563827514648,-4.380762577056885,1
OneHandOreba_1016_1_grm_std_uni,1,4.118440628051758,-3.652735948562622,1
OneHandOreba_1016_1_grm_std_uni,1,4.503100395202637,-4.17968225479126,1
OneHandOreba_1016_1_grm_std_uni,1,4.468198776245117,-4.338057518005371,1
OneHandOreba_1016_1_grm_std_uni,1,4.757411003112793,-4.66340970993042,1
OneHandOreba_1016_1_grm_std_uni,1,4.757229328155518,-4.444760799407959,1
OneHandOreba_1016_1_grm_std_uni,1,5.249858856201172,-4.989314556121826,1
OneHandOreba_1016_1_grm_std_uni,1,6.031078338623047,-6.02415657043457,1
OneHandOreba_1016_1_grm_std_uni,1,5.607069969177246,-5.951111793518066,1
OneHandOreba_1016_1_grm_std_uni,1,5.3696513175964355,-6.317605018615723,1
OneHandOreba_1016_1_grm_std_uni,1,6.053948879241943,-6.814799785614014,1
OneHandOreba_1016_1_grm_std_uni,1,6.078566551208496,-6.483617782592773,1
OneHandOreba_1016_1_grm_std_uni,1,5.973804950714111,-5.814777374267578,1
OneHandOreba_1016_1_grm_std_uni,1,6.039783954620361,-5.762590408325195,1
OneHandOreba_1016_1_grm_std_uni,1,6.045408725738525,-5.845232963562012,1
OneHandOreba_1016_1_grm_std_uni,1,6.405576229095459,-6.120030403137207,1
OneHandOreba_1016_1_grm_std_uni,1,6.008341312408447,-5.687880992889404,1
OneHandOreba_1016_1_grm_std_uni,1,5.7257208824157715,-5.107601642608643,1
OneHandOreba_1016_1_grm_std_uni,1,5.568678855895996,-5.0194878578186035,1
OneHandOreba_1016_1_grm_std_uni,1,4.521478176116943,-4.155308246612549,1
OneHandOreba_1016_1_grm_std_uni,1,4.239762783050537,-4.0699028968811035,1
OneHandOreba_1016_1_grm_std_uni,1,4.95530366897583,-4.817677974700928,1
OneHandOreba_1016_1_grm_std_uni,1,5.0839715003967285,-4.798272609710693,1
OneHandOreba_1016_1_grm_std_uni,1,4.850447654724121,-4.229231834411621,1
OneHandOreba_1016_1_grm_std_uni,1,5.518832206726074,-4.866954803466797,1
OneHandOreba_1016_1_grm_std_uni,1,5.44302225112915,-5.1538848876953125,1
OneHandOreba_1016_1_grm_std_uni,1,5.163386821746826,-5.050819396972656,1
OneHandOreba_1016_1_grm_std_uni,1,4.782459259033203,-4.4224090576171875,1
OneHandOreba_1016_1_grm_std_uni,1,4.829953193664551,-4.369762897491455,1
OneHandOreba_1016_1_grm_std_uni,1,5.5791335105896,-5.449052333831787,1
OneHandOreba_1016_1_grm_std_uni,1,5.638803958892822,-5.634826183319092,1
OneHandOreba_1016_1_grm_std_uni,1,5.443380832672119,-5.15766716003418,1
OneHandOreba_1016_1_grm_std_uni,1,5.189810752868652,-4.758255481719971,1
OneHandOreba_1016_1_grm_std_uni,1,3.827977180480957,-2.9235827922821045,1
OneHandOreba_1016_1_grm_std_uni,2,4.167571067810059,-3.5664353370666504,1
OneHandOreba_1016_1_grm_std_uni,2,5.18454122543335,-4.581987380981445,1
OneHandOreba_1016_1_grm_std_uni,2,5.331970691680908,-4.696929931640625,1
OneHandOreba_1016_1_grm_std_uni,2,3.558990955352783,-3.158087730407715,1
OneHandOreba_1016_1_grm_std_uni,2,4.011857032775879,-4.762905597686768,1
OneHandOreba_1016_1_grm_std_uni,2,4.517216682434082,-5.2988810539245605,1
OneHandOreba_1016_1_grm_std_uni,2,4.439273834228516,-5.112273693084717,1
OneHandOreba_1016_1_grm_std_uni,2,4.068598747253418,-4.609967231750488,1
OneHandOreba_1016_1_grm_std_uni,2,3.6454954147338867,-4.2032694816589355,1
OneHandOreba_1016_1_grm_std_uni,2,3.7798802852630615,-4.411221027374268,1
OneHandOreba_1016_1_grm_std_uni,2,3.932358741760254,-4.5910725593566895,1
OneHandOreba_1016_1_grm_std_uni,2,3.8233139514923096,-4.583502769470215,1
OneHandOreba_1016_1_grm_std_uni,2,2.866623878479004,-3.6384928226470947,1
OneHandOreba_1016_1_grm_std_uni,2,1.5925394296646118,-1.9118858575820923,1
OneHandOreba_1016_1_grm_std_uni,2,1.8252220153808594,-1.8080705404281616,1
OneHandOreba_1016_1_grm_std_uni,2,2.266963005065918,-2.1755340099334717,1
OneHandOreba_1016_1_grm_std_uni,2,2.945779800415039,-3.012084484100342,1
OneHandOreba_1016_1_grm_std_uni,2,3.5408122539520264,-3.8344173431396484,1
OneHandOreba_1016_1_grm_std_uni,2,4.190480709075928,-4.592204570770264,1
OneHandOreba_1016_1_grm_std_uni,2,4.80822229385376,-5.417817115783691,1
OneHandOreba_1016_1_grm_std_uni,1,4.96572732925415,-5.728617191314697,1
OneHandOreba_1016_1_grm_std_uni,1,4.803265571594238,-5.561520099639893,1
OneHandOreba_1016_1_grm_std_uni,1,4.222630500793457,-4.921143531799316,1
OneHandOreba_1016_1_grm_std_uni,1,2.019118309020996,-2.594857692718506,1
OneHandOreba_1016_1_grm_std_uni,1,2.306544542312622,-2.6322951316833496,1
OneHandOreba_1016_1_grm_std_uni,1,4.10443115234375,-4.266388416290283,1
OneHandOreba_1016_1_grm_std_uni,1,4.909359455108643,-5.029402256011963,1
OneHandOreba_1016_1_grm_std_uni,1,5.031396389007568,-4.747002124786377,1
OneHandOreba_1016_1_grm_std_uni,1,5.187020301818848,-4.812788009643555,1
OneHandOreba_1016_1_grm_std_uni,1,5.534984588623047,-5.211437702178955,1
OneHandOreba_1016_1_grm_std_uni,1,5.863363265991211,-5.414181709289551,1
OneHandOreba_1016_1_grm_std_uni,1,6.038519859313965,-5.258053779602051,1
OneHandOreba_1016_1_grm_std_uni,1,4.778651714324951,-4.4700798988342285,1
OneHandOreba_1016_1_grm_std_uni,1,4.465884685516357,-4.376142501831055,1
OneHandOreba_1016_1_grm_std_uni,1,4.609243869781494,-4.843991279602051,1
OneHandOreba_1016_1_grm_std_uni,1,4.630661487579346,-5.057263374328613,1
OneHandOreba_1016_1_grm_std_uni,1,4.588335037231445,-5.18635892868042,1
OneHandOreba_1016_1_grm_std_uni,1,4.30402946472168,-4.702095031738281,1
OneHandOreba_1016_1_grm_std_uni,1,4.36083459854126,-4.76775598526001,1
OneHandOreba_1016_1_grm_std_uni,1,4.515594005584717,-4.762701511383057,1
OneHandOreba_1016_1_grm_std_uni,1,4.806062698364258,-5.132907390594482,1
OneHandOreba_1016_1_grm_std_uni,1,4.612746238708496,-4.980515480041504,1
OneHandOreba_1016_1_grm_std_uni,1,4.278237342834473,-4.395305633544922,1
OneHandOreba_1016_1_grm_std_uni,1,4.390626430511475,-4.438732147216797,1
OneHandOreba_1016_1_grm_std_uni,1,4.695462226867676,-4.548829555511475,1
OneHandOreba_1016_1_grm_std_uni,1,4.865725517272949,-4.912829399108887,1
OneHandOreba_1016_1_grm_std_uni,1,5.651802062988281,-5.840465068817139,1
OneHandOreba_1016_1_grm_std_uni,1,5.554566860198975,-5.482183933258057,1
OneHandOreba_1016_1_grm_std_uni,1,5.718747138977051,-5.566986083984375,1
OneHandOreba_1016_1_grm_std_uni,1,5.774388790130615,-5.418684482574463,1
OneHandOreba_1016_1_grm_std_uni,1,5.493384838104248,-4.994072437286377,1
OneHandOreba_1016_1_grm_std_uni,1,4.919051170349121,-4.048409461975098,1
OneHandOreba_1016_1_grm_std_uni,1,4.3922905921936035,-3.4841644763946533,1
OneHandOreba_1016_1_grm_std_uni,1,4.590254306793213,-4.39146089553833,1
OneHandOreba_1016_1_grm_std_uni,1,5.542149066925049,-5.507911682128906,1
OneHandOreba_1016_1_grm_std_uni,1,6.254693031311035,-6.218542575836182,1
OneHandOreba_1016_1_grm_std_uni,1,5.61646842956543,-5.070871829986572,1
OneHandOreba_1016_1_grm_std_uni,1,5.626274108886719,-5.612026691436768,1
OneHandOreba_1016_1_grm_std_uni,1,6.429208278656006,-6.922119617462158,1
OneHandOreba_1016_1_grm_std_uni,1,6.299785614013672,-7.069892406463623,1
OneHandOreba_1016_1_grm_std_uni,1,6.51694393157959,-7.246029853820801,1
OneHandOreba_1016_1_grm_std_uni,1,6.894194602966309,-7.390145778656006,1
OneHandOreba_1016_1_grm_std_uni,1,6.563311576843262,-7.033166408538818,1
OneHandOreba_1016_1_grm_std_uni,1,5.4612884521484375,-6.019106388092041,1
OneHandOreba_1016_1_grm_std_uni,1,5.978049278259277,-6.241485595703125,1
OneHandOreba_1016_1_grm_std_uni,2,5.404897689819336,-5.401423454284668,1
OneHandOreba_1016_1_grm_std_uni,2,4.650691032409668,-4.104187488555908,1
OneHandOreba_1016_1_grm_std_uni,2,3.8722970485687256,-3.290898561477661,1
OneHandOreba_1016_1_grm_std_uni,2,4.316300868988037,-4.084531307220459,1
OneHandOreba_1016_1_grm_std_uni,2,3.7613120079040527,-3.5181283950805664,1
OneHandOreba_1016_1_grm_std_uni,2,3.6846635341644287,-4.06551456451416,1
OneHandOreba_1016_1_grm_std_uni,2,3.8093671798706055,-4.411253929138184,1
OneHandOreba_1016_1_grm_std_uni,2,4.2621564865112305,-5.169668674468994,1
OneHandOreba_1016_1_grm_std_uni,2,4.487046241760254,-5.459186553955078,1
OneHandOreba_1016_1_grm_std_uni,2,4.46312141418457,-5.3198933601379395,1
OneHandOreba_1016_1_grm_std_uni,2,4.387657165527344,-5.163048267364502,1
OneHandOreba_1016_1_grm_std_uni,2,4.314767837524414,-5.082314968109131,1
OneHandOreba_1016_1_grm_std_uni,2,4.218408584594727,-5.0033698081970215,1
OneHandOreba_1016_1_grm_std_uni,2,4.185721397399902,-4.997896671295166,1
OneHandOreba_1016_1_grm_std_uni,2,4.206119537353516,-5.062833309173584,1
OneHandOreba_1016_1_grm_std_uni,2,4.166633129119873,-5.073158264160156,1
OneHandOreba_1016_1_grm_std_uni,2,4.091996669769287,-5.024771690368652,1
OneHandOreba_1016_1_grm_std_uni,2,4.142088413238525,-5.116426944732666,1
OneHandOreba_1016_1_grm_std_uni,2,3.9782676696777344,-5.038721561431885,1
OneHandOreba_1016_1_grm_std_uni,2,2.991027355194092,-4.124236106872559,1
OneHandOreba_1016_1_grm_std_uni,2,2.4879589080810547,-3.332270622253418,1
OneHandOreba_1016_1_grm_std_uni,2,3.123223066329956,-3.6824607849121094,1
OneHandOreba_1016_1_grm_std_uni,2,3.7240238189697266,-4.315205097198486,1
OneHandOreba_1016_1_grm_std_uni,2,4.113475799560547,-4.86579704284668,1
OneHandOreba_1016_1_grm_std_uni,2,4.168569564819336,-5.027295112609863,1
OneHandOreba_1016_1_grm_std_uni,1,4.227177619934082,-5.14561128616333,1
OneHandOreba_1016_1_grm_std_uni,1,4.219451427459717,-5.139778137207031,1
OneHandOreba_1016_1_grm_std_uni,1,4.182774543762207,-5.1073503494262695,1
OneHandOreba_1016_1_grm_std_uni,1,4.159563064575195,-5.152496814727783,1
OneHandOreba_1016_1_grm_std_uni,1,4.025746822357178,-4.9244208335876465,1
OneHandOreba_1016_1_grm_std_uni,1,4.077475070953369,-4.986499786376953,1
OneHandOreba_1016_1_grm_std_uni,1,4.035930156707764,-4.956589698791504,1
OneHandOreba_1016_1_grm_std_uni,1,4.033416271209717,-4.939852237701416,1
OneHandOreba_1016_1_grm_std_uni,1,4.133667945861816,-5.090797424316406,1
OneHandOreba_1016_1_grm_std_uni,1,4.095093250274658,-5.074930667877197,1
OneHandOreba_1016_1_grm_std_uni,1,4.013185977935791,-5.0008134841918945,1
OneHandOreba_1016_1_grm_std_uni,1,4.032276153564453,-5.030155658721924,1
OneHandOreba_1016_1_grm_std_uni,1,4.015568733215332,-5.048760890960693,1
OneHandOreba_1016_1_grm_std_uni,1,3.9435949325561523,-5.005896091461182,1
OneHandOreba_1016_1_grm_std_uni,1,3.9999938011169434,-5.063609600067139,1
OneHandOreba_1016_1_grm_std_uni,1,4.052305698394775,-5.149816036224365,1
OneHandOreba_1016_1_grm_std_uni,1,3.8641154766082764,-4.906103134155273,1
OneHandOreba_1016_1_grm_std_uni,1,3.889901638031006,-4.93716287612915,1
OneHandOreba_1016_1_grm_std_uni,1,3.9518179893493652,-5.020873069763184,1
OneHandOreba_1016_1_grm_std_uni,1,3.937321662902832,-5.014008045196533,1
OneHandOreba_1016_1_grm_std_uni,1,3.8877079486846924,-4.965194225311279,1
OneHandOreba_1016_1_grm_std_uni,1,3.7477197647094727,-4.814274311065674,1
OneHandOreba_1016_1_grm_std_uni,1,3.7680909633636475,-4.859023094177246,1
OneHandOreba_1016_1_grm_std_uni,1,3.8372795581817627,-4.908481597900391,1
OneHandOreba_1016_1_grm_std_uni,1,3.9168076515197754,-4.985328197479248,1
OneHandOreba_1016_1_grm_std_uni,1,3.9363298416137695,-5.00357723236084,1
OneHandOreba_1016_1_grm_std_uni,1,3.8556969165802,-4.926276206970215,1
OneHandOreba_1016_1_grm_std_uni,1,3.6948275566101074,-4.716660022735596,1
OneHandOreba_1016_1_grm_std_uni,1,3.9771311283111572,-5.05953311920166,1
OneHandOreba_1016_1_grm_std_uni,1,4.124544620513916,-5.234034061431885,1
OneHandOreba_1016_1_grm_std_uni,1,3.6765291690826416,-4.845972537994385,1
OneHandOreba_1016_1_grm_std_uni,1,2.8748137950897217,-4.077937602996826,1
OneHandOreba_1016_1_grm_std_uni,1,0.8857889771461487,-2.3079710006713867,1
OneHandOreba_1016_1_grm_std_uni,1,0.538608729839325,-1.7289851903915405,1
OneHandOreba_1016_1_grm_std_uni,1,2.347106695175171,-2.829706907272339,1
OneHandOreba_1016_1_grm_std_uni,1,4.495321273803711,-4.4218430519104,1
OneHandOreba_1016_1_grm_std_uni,1,4.870412826538086,-4.273334503173828,1
OneHandOreba_1016_1_grm_std_uni,1,3.45573353767395,-2.4278056621551514,1
OneHandOreba_1016_1_grm_std_uni,1,3.469395160675049,-2.3865482807159424,1
OneHandOreba_1016_1_grm_std_uni,1,4.965887546539307,-4.256479263305664,1
OneHandOreba_1016_1_grm_std_uni,1,5.681731700897217,-5.05652379989624,1
OneHandOreba_1016_1_grm_std_uni,1,6.055453300476074,-5.229591369628906,1
OneHandOreba_1016_1_grm_std_uni,1,5.681413173675537,-4.75178861618042,1
OneHandOreba_1016_1_grm_std_uni,1,4.466116428375244,-4.052855968475342,1
OneHandOreba_1016_1_grm_std_uni,1,3.826350688934326,-3.5226616859436035,1
OneHandOreba_1016_1_grm_std_uni,1,4.1281514167785645,-4.15169095993042,1
OneHandOreba_1016_1_grm_std_uni,1,4.646674156188965,-4.897759914398193,1
OneHandOreba_1016_1_grm_std_uni,1,4.680610656738281,-4.770813465118408,1
OneHandOreba_1016_1_grm_std_uni,1,4.4473958015441895,-4.565808296203613,1
OneHandOreba_1016_1_grm_std_uni,1,4.460529327392578,-4.565937519073486,1
OneHandOreba_1016_1_grm_std_uni,1,4.881423473358154,-5.082333564758301,1
OneHandOreba_1016_1_grm_std_uni,1,4.874545574188232,-5.138778209686279,1
OneHandOreba_1016_1_grm_std_uni,1,4.831871032714844,-4.864796161651611,1
OneHandOreba_1016_1_grm_std_uni,1,4.71009635925293,-4.539979934692383,1
OneHandOreba_1016_1_grm_std_uni,1,4.743029594421387,-4.629035472869873,1
OneHandOreba_1016_1_grm_std_uni,1,4.888622760772705,-5.083032608032227,1
OneHandOreba_1016_1_grm_std_uni,1,4.785356044769287,-4.876202583312988,1
OneHandOreba_1016_1_grm_std_uni,1,5.186961650848389,-5.139155387878418,1
OneHandOreba_1016_1_grm_std_uni,1,5.291670799255371,-5.40057897567749,1
OneHandOreba_1016_1_grm_std_uni,1,5.373246669769287,-5.5638041496276855,1
OneHandOreba_1016_1_grm_std_uni,1,5.398128986358643,-5.372073173522949,1
OneHandOreba_1016_1_grm_std_uni,1,5.605504512786865,-5.273357391357422,1
OneHandOreba_1016_1_grm_std_uni,1,4.633570194244385,-4.087798595428467,1
OneHandOreba_1016_1_grm_std_uni,1,4.1053996086120605,-4.043754577636719,1
OneHandOreba_1016_1_grm_std_uni,1,4.6193647384643555,-4.5535993576049805,1
OneHandOreba_1016_1_grm_std_uni,1,4.711006164550781,-4.836398124694824,1
OneHandOreba_1016_1_grm_std_uni,1,4.2533063888549805,-4.52764892578125,1
OneHandOreba_1016_1_grm_std_uni,1,3.855846881866455,-4.211141109466553,1
OneHandOreba_1016_1_grm_std_uni,1,3.6972594261169434,-4.099457740783691,1
OneHandOreba_1016_1_grm_std_uni,1,3.8870348930358887,-4.490383148193359,1
OneHandOreba_1016_1_grm_std_uni,1,4.249288082122803,-5.320013999938965,1
OneHandOreba_1016_1_grm_std_uni,1,4.395866870880127,-5.2586870193481445,1
OneHandOreba_1016_1_grm_std_uni,1,4.690952777862549,-5.1137895584106445,1
OneHandOreba_1016_1_grm_std_uni,1,5.0860090255737305,-5.139017105102539,1
OneHandOreba_1016_1_grm_std_uni,1,4.728015899658203,-4.737835884094238,1
OneHandOreba_1016_1_grm_std_uni,1,4.48726749420166,-4.484015464782715,1
OneHandOreba_1016_1_grm_std_uni,1,4.843883514404297,-4.793941974639893,1
OneHandOreba_1016_1_grm_std_uni,1,4.794373512268066,-4.512270450592041,1
OneHandOreba_1016_1_grm_std_uni,1,4.926453590393066,-4.252589225769043,1
OneHandOreba_1016_1_grm_std_uni,1,5.527027606964111,-4.897106170654297,1
OneHandOreba_1016_1_grm_std_uni,1,5.8491668701171875,-5.6770453453063965,1
OneHandOreba_1016_1_grm_std_uni,1,6.058347702026367,-5.951718330383301,1
OneHandOreba_1016_1_grm_std_uni,1,5.303218841552734,-4.668611526489258,1
OneHandOreba_1016_1_grm_std_uni,1,4.597867488861084,-4.189362049102783,1
OneHandOreba_1016_1_grm_std_uni,1,4.868817329406738,-4.745449066162109,1
OneHandOreba_1016_1_grm_std_uni,1,4.916751861572266,-4.7274017333984375,1
OneHandOreba_1016_1_grm_std_uni,1,4.404193878173828,-4.386122226715088,1
OneHandOreba_1016_1_grm_std_uni,1,4.4077348709106445,-4.700641632080078,1
OneHandOreba_1016_1_grm_std_uni,1,4.580048561096191,-4.719083786010742,1
OneHandOreba_1016_1_grm_std_uni,1,4.577033042907715,-4.772211074829102,1
OneHandOreba_1016_1_grm_std_uni,1,4.860647201538086,-4.650537014007568,1
OneHandOreba_1016_1_grm_std_uni,1,4.979339122772217,-4.457248687744141,1
OneHandOreba_1016_1_grm_std_uni,1,5.059483051300049,-4.397630214691162,1
OneHandOreba_1016_1_grm_std_uni,1,4.766084671020508,-4.27036190032959,1
OneHandOreba_1016_1_grm_std_uni,1,4.792349815368652,-4.1941304206848145,1
OneHandOreba_1016_1_grm_std_uni,1,5.289555072784424,-4.679436206817627,1
OneHandOreba_1016_1_grm_std_uni,1,5.159949779510498,-4.502377986907959,1
OneHandOreba_1016_1_grm_std_uni,1,4.895817279815674,-4.289371013641357,1
OneHandOreba_1016_1_grm_std_uni,1,5.789242744445801,-5.38816499710083,1
OneHandOreba_1016_1_grm_std_uni,1,6.1028547286987305,-5.8550639152526855,1
OneHandOreba_1016_1_grm_std_uni,1,6.176272869110107,-6.243809223175049,1
OneHandOreba_1016_1_grm_std_uni,1,5.942635536193848,-5.367653846740723,1
OneHandOreba_1016_1_grm_std_uni,1,5.610574245452881,-5.183052062988281,1
OneHandOreba_1016_1_grm_std_uni,1,5.816137790679932,-5.347966194152832,1
OneHandOreba_1016_1_grm_std_uni,1,5.607730388641357,-4.77530574798584,1
OneHandOreba_1016_1_grm_std_uni,1,5.698161602020264,-4.912084102630615,1
OneHandOreba_1016_1_grm_std_uni,1,6.150312423706055,-5.861480712890625,1
OneHandOreba_1016_1_grm_std_uni,1,6.034216403961182,-5.537431716918945,1
OneHandOreba_1016_1_grm_std_uni,1,5.426939487457275,-4.76289176940918,1
OneHandOreba_1016_1_grm_std_uni,1,4.6269211769104,-3.7136263847351074,1
OneHandOreba_1016_1_grm_std_uni,1,3.8371787071228027,-2.8697495460510254,1
OneHandOreba_1016_1_grm_std_uni,1,4.280947208404541,-3.543623685836792,1
OneHandOreba_1016_1_grm_std_uni,1,4.965975761413574,-4.583252429962158,1
OneHandOreba_1016_1_grm_std_uni,1,5.5024189949035645,-5.030422210693359,1
OneHandOreba_1016_1_grm_std_uni,1,5.54585599899292,-5.370730400085449,1
OneHandOreba_1016_1_grm_std_uni,1,5.606062412261963,-5.089003086090088,1
OneHandOreba_1016_1_grm_std_uni,1,4.699004650115967,-4.332149982452393,1
OneHandOreba_1016_1_grm_std_uni,1,4.138969421386719,-3.883004665374756,1
OneHandOreba_1016_1_grm_std_uni,1,4.813408851623535,-4.79517126083374,1
OneHandOreba_1016_1_grm_std_uni,1,4.7444634437561035,-4.634555816650391,1
OneHandOreba_1016_1_grm_std_uni,1,4.984066009521484,-4.472499370574951,1
OneHandOreba_1016_1_grm_std_uni,1,4.7390618324279785,-4.529404163360596,1
OneHandOreba_1016_1_grm_std_uni,1,4.0388641357421875,-3.9888150691986084,1
OneHandOreba_1016_1_grm_std_uni,1,3.332059860229492,-3.689858913421631,1
OneHandOreba_1016_1_grm_std_uni,1,3.467050552368164,-3.5041942596435547,1
OneHandOreba_1016_1_grm_std_uni,1,3.4270074367523193,-3.271617889404297,1
OneHandOreba_1016_1_grm_std_uni,1,4.506228446960449,-4.805908679962158,1
OneHandOreba_1016_1_grm_std_uni,1,4.295426368713379,-5.066718101501465,1
OneHandOreba_1016_1_grm_std_uni,1,2.6174442768096924,-3.339226722717285,1
OneHandOreba_1016_1_grm_std_uni,1,3.990147113800049,-4.24884557723999,1
OneHandOreba_1016_1_grm_std_uni,1,4.622385025024414,-4.5865254402160645,1
OneHandOreba_1016_1_grm_std_uni,1,5.484243869781494,-5.535938739776611,1
OneHandOreba_1016_1_grm_std_uni,1,6.669941425323486,-7.13015079498291,1
OneHandOreba_1016_1_grm_std_uni,1,6.659011363983154,-6.6742167472839355,1
OneHandOreba_1016_1_grm_std_uni,1,5.7956953048706055,-5.4336442947387695,1
OneHandOreba_1016_1_grm_std_uni,1,4.518697738647461,-3.779395580291748,1
OneHandOreba_1016_1_grm_std_uni,1,4.615326404571533,-3.6046078205108643,1
OneHandOreba_1016_1_grm_std_uni,1,4.792334079742432,-4.127167224884033,1
OneHandOreba_1016_1_grm_std_uni,1,5.037664890289307,-4.583499908447266,1
OneHandOreba_1016_1_grm_std_uni,1,5.314113140106201,-5.1300458908081055,1
OneHandOreba_1016_1_grm_std_uni,1,5.339093208312988,-4.905643939971924,1
OneHandOreba_1016_1_grm_std_uni,1,5.363748550415039,-4.805339336395264,1
OneHandOreba_1016_1_grm_std_uni,1,5.0475053787231445,-4.541008949279785,1
OneHandOreba_1016_1_grm_std_uni,1,4.682570934295654,-4.4973530769348145,1
OneHandOreba_1016_1_grm_std_uni,1,4.609781265258789,-4.579272270202637,1
OneHandOreba_1016_1_grm_std_uni,1,4.5777482986450195,-4.4092888832092285,1
OneHandOreba_1016_1_grm_std_uni,1,4.698001861572266,-4.772459030151367,1
OneHandOreba_1016_1_grm_std_uni,1,5.060164451599121,-5.027770519256592,1
OneHandOreba_1016_1_grm_std_uni,1,5.179251670837402,-5.0240302085876465,1
OneHandOreba_1016_1_grm_std_uni,1,5.187862396240234,-4.923609733581543,1
OneHandOreba_1016_1_grm_std_uni,1,5.845433235168457,-5.470355033874512,1
OneHandOreba_1016_1_grm_std_uni,1,5.9854865074157715,-5.381870269775391,1
OneHandOreba_1016_1_grm_std_uni,1,6.07265567779541,-5.940889358520508,1
OneHandOreba_1016_1_grm_std_uni,1,5.9181742668151855,-5.530224323272705,1
OneHandOreba_1016_1_grm_std_uni,1,5.552268981933594,-5.019130706787109,1
OneHandOreba_1016_1_grm_std_uni,1,5.847815036773682,-5.786101818084717,1
OneHandOreba_1016_1_grm_std_uni,1,5.543951034545898,-5.534689903259277,1
OneHandOreba_1016_1_grm_std_uni,1,5.200982570648193,-4.906179904937744,1
OneHandOreba_1016_1_grm_std_uni,2,5.565535545349121,-4.876150131225586,1
OneHandOreba_1016_1_grm_std_uni,2,4.337628364562988,-3.524022340774536,1
OneHandOreba_1016_1_grm_std_uni,2,3.2495946884155273,-2.451838731765747,1
OneHandOreba_1016_1_grm_std_uni,2,3.422910690307617,-2.8740408420562744,1
OneHandOreba_1016_1_grm_std_uni,2,3.36614990234375,-3.310506582260132,1
OneHandOreba_1016_1_grm_std_uni,2,4.009806156158447,-4.458596229553223,1
OneHandOreba_1016_1_grm_std_uni,2,4.183669090270996,-4.772755146026611,1
OneHandOreba_1016_1_grm_std_uni,2,3.9728620052337646,-4.466786861419678,1
OneHandOreba_1016_1_grm_std_uni,2,3.8578367233276367,-4.355020046234131,1
OneHandOreba_1016_1_grm_std_uni,2,3.972578763961792,-4.523745536804199,1
OneHandOreba_1016_1_grm_std_uni,2,4.033270835876465,-4.690124034881592,1
OneHandOreba_1016_1_grm_std_uni,2,4.137392520904541,-4.850618839263916,1
OneHandOreba_1016_1_grm_std_uni,2,4.160852909088135,-4.882155895233154,1
OneHandOreba_1016_1_grm_std_uni,2,3.9981656074523926,-4.731545925140381,1
OneHandOreba_1016_1_grm_std_uni,2,3.6130473613739014,-4.3329997062683105,1
OneHandOreba_1016_1_grm_std_uni,2,2.7456374168395996,-3.400873899459839,1
OneHandOreba_1016_1_grm_std_uni,2,2.8996450901031494,-3.3841545581817627,1
OneHandOreba_1016_1_grm_std_uni,2,3.89778733253479,-4.309787273406982,1
OneHandOreba_1016_1_grm_std_uni,2,4.249342918395996,-4.74131441116333,1
OneHandOreba_1016_1_grm_std_uni,1,4.151646137237549,-4.609100341796875,1
OneHandOreba_1016_1_grm_std_uni,1,3.6658897399902344,-4.224479675292969,1
OneHandOreba_1016_1_grm_std_uni,1,3.56548810005188,-4.189460754394531,1
OneHandOreba_1016_1_grm_std_uni,1,3.7226340770721436,-4.248990058898926,1
OneHandOreba_1016_1_grm_std_uni,1,4.213837146759033,-4.791162490844727,1
OneHandOreba_1016_1_grm_std_uni,1,4.342085838317871,-4.964689254760742,1
OneHandOreba_1016_1_grm_std_uni,1,4.239749431610107,-4.7678327560424805,1
OneHandOreba_1016_1_grm_std_uni,1,3.976771831512451,-4.324646949768066,1
OneHandOreba_1016_1_grm_std_uni,1,3.8984577655792236,-4.271215915679932,1
OneHandOreba_1016_1_grm_std_uni,1,3.9903290271759033,-4.371261119842529,1
OneHandOreba_1016_1_grm_std_uni,2,3.8558707237243652,-4.093390464782715,1
OneHandOreba_1016_1_grm_std_uni,2,3.7364439964294434,-3.9723949432373047,1
OneHandOreba_1016_1_grm_std_uni,2,3.7857391834259033,-4.00055456161499,1
OneHandOreba_1016_1_grm_std_uni,2,3.925906181335449,-4.200631618499756,1
OneHandOreba_1016_1_grm_std_uni,2,3.9893767833709717,-4.308906555175781,1
OneHandOreba_1016_1_grm_std_uni,2,4.117482662200928,-4.487046718597412,1
OneHandOreba_1016_1_grm_std_uni,2,4.180105209350586,-4.548107147216797,1
OneHandOreba_1016_1_grm_std_uni,2,4.0984787940979,-4.450138568878174,1
OneHandOreba_1016_1_grm_std_uni,2,4.067192554473877,-4.372408390045166,1
OneHandOreba_1016_1_grm_std_uni,2,4.033901214599609,-4.345649242401123,1
OneHandOreba_1016_1_grm_std_uni,2,3.9416725635528564,-4.250456809997559,1
OneHandOreba_1016_1_grm_std_uni,2,3.8871073722839355,-4.226611614227295,1
OneHandOreba_1016_1_grm_std_uni,2,3.852083444595337,-4.263946056365967,1
OneHandOreba_1016_1_grm_std_uni,2,2.730546236038208,-3.281874895095825,1
OneHandOreba_1016_1_grm_std_uni,2,1.1836917400360107,-2.4538254737854004,1
OneHandOreba_1016_1_grm_std_uni,2,2.172745943069458,-3.9010937213897705,1
OneHandOreba_1016_1_grm_std_uni,2,3.216629981994629,-4.046601295471191,1
OneHandOreba_1016_1_grm_std_uni,1,4.134494304656982,-4.216800212860107,1
OneHandOreba_1016_1_grm_std_uni,1,4.668217658996582,-4.713146209716797,1
OneHandOreba_1016_1_grm_std_uni,1,6.006309986114502,-6.061737537384033,1
OneHandOreba_1016_1_grm_std_uni,1,6.472054958343506,-6.893517971038818,1
OneHandOreba_1016_1_grm_std_uni,1,6.122611999511719,-6.482169151306152,1
OneHandOreba_1016_1_grm_std_uni,1,6.60194206237793,-6.85404634475708,1
OneHandOreba_1016_1_grm_std_uni,1,6.940512180328369,-7.235574722290039,1
OneHandOreba_1016_1_grm_std_uni,1,6.765315055847168,-6.811222076416016,1
OneHandOreba_1016_1_grm_std_uni,1,5.690999984741211,-5.805666923522949,1
OneHandOreba_1016_1_grm_std_uni,1,5.085721492767334,-5.4892659187316895,1
OneHandOreba_1016_1_grm_std_uni,1,4.4027533531188965,-4.9683332443237305,1
OneHandOreba_1016_1_grm_std_uni,1,4.328123092651367,-5.0285964012146,1
OneHandOreba_1016_1_grm_std_uni,1,4.538157939910889,-5.228887557983398,1
OneHandOreba_1016_1_grm_std_uni,1,4.544355392456055,-4.74262809753418,1
OneHandOreba_1016_1_grm_std_uni,1,3.7878170013427734,-3.719449758529663,1
OneHandOreba_1016_1_grm_std_uni,1,4.534369945526123,-4.831579685211182,1
OneHandOreba_1016_1_grm_std_uni,1,4.324893951416016,-5.044796943664551,1
OneHandOreba_1016_1_grm_std_uni,1,4.320820331573486,-4.959404468536377,1
OneHandOreba_1016_1_grm_std_uni,1,4.655467987060547,-5.39489221572876,1
OneHandOreba_1016_1_grm_std_uni,1,4.6933369636535645,-5.459460735321045,1
OneHandOreba_1016_1_grm_std_uni,1,4.418363571166992,-5.171063423156738,1
OneHandOreba_1016_1_grm_std_uni,1,4.396544933319092,-5.173887252807617,1
OneHandOreba_1016_1_grm_std_uni,1,4.623733043670654,-5.4780402183532715,1
OneHandOreba_1016_1_grm_std_uni,1,4.76271390914917,-5.666264057159424,1
OneHandOreba_1016_1_grm_std_uni,1,4.755438804626465,-5.606189250946045,1
OneHandOreba_1016_1_grm_std_uni,1,4.523413181304932,-5.2947916984558105,1
OneHandOreba_1016_1_grm_std_uni,1,4.463742256164551,-5.260228633880615,1
OneHandOreba_1016_1_grm_std_uni,1,4.538503646850586,-5.3548126220703125,1
OneHandOreba_1016_1_grm_std_uni,1,4.5896782875061035,-5.4515485763549805,1
OneHandOreba_1016_1_grm_std_uni,1,4.823728561401367,-5.778289318084717,1
OneHandOreba_1016_1_grm_std_uni,1,4.9205522537231445,-5.898804187774658,1
OneHandOreba_1016_1_grm_std_uni,1,4.891301155090332,-5.894881725311279,1
OneHandOreba_1016_1_grm_std_uni,1,4.638425350189209,-5.7153472900390625,1
OneHandOreba_1016_1_grm_std_uni,1,4.4579668045043945,-5.62567138671875,1
OneHandOreba_1016_1_grm_std_uni,1,4.083665370941162,-5.178929328918457,1
OneHandOreba_1016_1_grm_std_uni,1,3.943925142288208,-4.919983863830566,1
OneHandOreba_1016_1_grm_std_uni,1,4.318421363830566,-5.186226844787598,1
OneHandOreba_1016_1_grm_std_uni,1,4.250732898712158,-5.137929439544678,1
OneHandOreba_1016_1_grm_std_uni,1,3.8955914974212646,-4.723881721496582,1
OneHandOreba_1016_1_grm_std_uni,1,3.9179117679595947,-4.8780741691589355,1
OneHandOreba_1016_1_grm_std_uni,1,4.345500469207764,-5.316064357757568,1
OneHandOreba_1016_1_grm_std_uni,1,4.288817882537842,-5.096959590911865,1
OneHandOreba_1016_1_grm_std_uni,1,2.8794126510620117,-3.444889545440674,1
OneHandOreba_1016_1_grm_std_uni,1,2.5493381023406982,-2.8961997032165527,1
OneHandOreba_1016_1_grm_std_uni,1,3.817744255065918,-4.239762783050537,1
OneHandOreba_1016_1_grm_std_uni,1,5.128551483154297,-5.349495887756348,1
OneHandOreba_1016_1_grm_std_uni,1,6.407286643981934,-6.563085556030273,1
OneHandOreba_1016_1_grm_std_uni,1,7.02415657043457,-7.289576053619385,1
OneHandOreba_1016_1_grm_std_uni,1,6.508336067199707,-6.716811180114746,1
OneHandOreba_1016_1_grm_std_uni,1,5.905059337615967,-5.820857524871826,1
OneHandOreba_1016_1_grm_std_uni,2,5.2582807540893555,-4.833250999450684,1
OneHandOreba_1016_1_grm_std_uni,2,5.150813102722168,-4.754095077514648,1
OneHandOreba_1016_1_grm_std_uni,2,5.415390491485596,-5.184113502502441,1
OneHandOreba_1016_1_grm_std_uni,2,4.169159412384033,-3.8749935626983643,1
OneHandOreba_1016_1_grm_std_uni,2,4.207284927368164,-4.5027360916137695,1
OneHandOreba_1016_1_grm_std_uni,2,4.818147659301758,-5.639837265014648,1
OneHandOreba_1016_1_grm_std_uni,2,4.60582160949707,-5.443470001220703,1
OneHandOreba_1016_1_grm_std_uni,2,4.480545520782471,-5.198098182678223,1
OneHandOreba_1016_1_grm_std_uni,2,4.481777191162109,-5.157462120056152,1
OneHandOreba_1016_1_grm_std_uni,2,4.342093467712402,-4.974469184875488,1
OneHandOreba_1016_1_grm_std_uni,2,4.223522663116455,-4.832268238067627,1
OneHandOreba_1016_1_grm_std_uni,2,4.286582946777344,-4.967704772949219,1
OneHandOreba_1016_1_grm_std_uni,2,4.27070426940918,-4.982964038848877,1
OneHandOreba_1016_1_grm_std_uni,2,4.213631629943848,-4.92860221862793,1
OneHandOreba_1016_1_grm_std_uni,2,4.219487190246582,-4.988783359527588,1
OneHandOreba_1016_1_grm_std_uni,2,4.340064525604248,-5.219433307647705,1
OneHandOreba_1016_1_grm_std_uni,2,3.6633167266845703,-4.619166851043701,1
OneHandOreba_1016_1_grm_std_uni,2,2.5819101333618164,-3.310434579849243,1
OneHandOreba_1016_1_grm_std_uni,2,3.1105926036834717,-3.651480197906494,1
OneHandOreba_1016_1_grm_std_uni,2,3.561800718307495,-3.9959139823913574,1
OneHandOreba_1016_1_grm_std_uni,2,3.90588116645813,-4.186456680297852,1
OneHandOreba_1016_1_grm_std_uni,2,3.9527008533477783,-4.211217880249023,1
OneHandOreba_1016_1_grm_std_uni,2,4.3042802810668945,-4.783176422119141,1
OneHandOreba_1016_1_grm_std_uni,1,4.527963638305664,-5.181979656219482,1
OneHandOreba_1016_1_grm_std_uni,1,4.137805938720703,-4.82686710357666,1
OneHandOreba_1016_1_grm_std_uni,1,4.291745662689209,-5.073066234588623,1
OneHandOreba_1016_1_grm_std_uni,1,4.506028175354004,-5.371951580047607,1
OneHandOreba_1016_1_grm_std_uni,1,4.3770575523376465,-5.290733814239502,1
OneHandOreba_1016_1_grm_std_uni,1,4.263698577880859,-5.220046043395996,1
OneHandOreba_1016_1_grm_std_uni,1,4.1507391929626465,-5.104264736175537,1
OneHandOreba_1016_1_grm_std_uni,1,4.099416255950928,-5.0475921630859375,1
OneHandOreba_1016_1_grm_std_uni,1,4.083159923553467,-5.079691410064697,1
OneHandOreba_1016_1_grm_std_uni,1,4.049633979797363,-5.053293228149414,1
OneHandOreba_1016_1_grm_std_uni,1,4.070803165435791,-5.085638999938965,1
OneHandOreba_1016_1_grm_std_uni,1,4.0414252281188965,-5.059574127197266,1
OneHandOreba_1016_1_grm_std_uni,1,4.0174455642700195,-5.003785610198975,1
OneHandOreba_1016_1_grm_std_uni,1,3.936789035797119,-4.912492752075195,1
OneHandOreba_1016_1_grm_std_uni,1,3.8939383029937744,-4.87622594833374,1
OneHandOreba_1016_1_grm_std_uni,1,3.9550018310546875,-4.94692850112915,1
OneHandOreba_1016_1_grm_std_uni,1,4.018002510070801,-5.040645599365234,1
OneHandOreba_1016_1_grm_std_uni,1,3.960541248321533,-4.998220443725586,1
OneHandOreba_1016_1_grm_std_uni,1,3.941659927368164,-4.991359233856201,1
OneHandOreba_1016_1_grm_std_uni,1,3.9405789375305176,-5.00167179107666,1
OneHandOreba_1016_1_grm_std_uni,1,3.9393436908721924,-4.998286724090576,1
OneHandOreba_1016_1_grm_std_uni,1,3.9645214080810547,-5.002540111541748,1
OneHandOreba_1016_1_grm_std_uni,1,3.96311092376709,-4.951953887939453,1
OneHandOreba_1016_1_grm_std_uni,1,4.072911262512207,-5.093858242034912,1
OneHandOreba_1016_1_grm_std_uni,1,3.9386634826660156,-5.036054611206055,1
OneHandOreba_1016_1_grm_std_uni,1,3.7923319339752197,-5.0349907875061035,1
OneHandOreba_1016_1_grm_std_uni,1,3.445838212966919,-4.457922458648682,1
OneHandOreba_1016_1_grm_std_uni,1,3.537710189819336,-4.410342216491699,1
OneHandOreba_1016_1_grm_std_uni,1,4.151534557342529,-4.970947742462158,1
OneHandOreba_1016_1_grm_std_uni,1,4.357122421264648,-5.148489952087402,1
OneHandOreba_1016_1_grm_std_uni,1,4.315664768218994,-5.119410514831543,1
OneHandOreba_1016_1_grm_std_uni,1,4.196940898895264,-5.006053924560547,1
OneHandOreba_1016_1_grm_std_uni,1,4.224612236022949,-5.009663105010986,1
OneHandOreba_1016_1_grm_std_uni,1,4.201129913330078,-5.025089740753174,1
OneHandOreba_1016_1_grm_std_uni,1,4.261440753936768,-5.042032241821289,1
OneHandOreba_1016_1_grm_std_uni,1,4.077871322631836,-4.842468738555908,1
OneHandOreba_1016_1_grm_std_uni,1,3.3895671367645264,-4.445933818817139,1
OneHandOreba_1016_1_grm_std_uni,1,1.9777910709381104,-3.0332679748535156,1
OneHandOreba_1016_1_grm_std_uni,1,1.3798338174819946,-2.1847574710845947,1
OneHandOreba_1016_1_grm_std_uni,1,2.1576011180877686,-2.9803898334503174,1
OneHandOreba_1016_1_grm_std_uni,1,2.478377342224121,-3.0897765159606934,1
OneHandOreba_1016_1_grm_std_uni,1,3.1225051879882812,-3.644378662109375,1
OneHandOreba_1016_1_grm_std_uni,1,3.455706834793091,-3.982025384902954,1
OneHandOreba_1016_1_grm_std_uni,1,3.1461660861968994,-3.4500834941864014,1
OneHandOreba_1016_1_grm_std_uni,1,3.466636896133423,-3.967066764831543,1
OneHandOreba_1016_1_grm_std_uni,1,3.8450284004211426,-4.554123878479004,1
OneHandOreba_1016_1_grm_std_uni,1,3.8834068775177,-4.377025127410889,1
OneHandOreba_1016_1_grm_std_uni,1,4.26627254486084,-4.622010707855225,1
OneHandOreba_1016_1_grm_std_uni,1,4.133443355560303,-4.8899664878845215,1
OneHandOreba_1016_1_grm_std_uni,1,4.003756999969482,-4.625024318695068,1
OneHandOreba_1016_1_grm_std_uni,1,4.609357833862305,-5.039606094360352,1
OneHandOreba_1016_1_grm_std_uni,1,4.672739028930664,-5.02524471282959,1
OneHandOreba_1016_1_grm_std_uni,1,4.197111129760742,-4.856997013092041,1
OneHandOreba_1016_1_grm_std_uni,1,2.8257110118865967,-3.42476749420166,1
OneHandOreba_1016_1_grm_std_uni,1,0.3537507653236389,-0.4293675422668457,1
OneHandOreba_1016_1_grm_std_uni,1,-0.7094205617904663,1.0746527910232544,1
OneHandOreba_1016_1_grm_std_uni,1,-0.7234770059585571,1.3695861101150513,2
OneHandOreba_1016_1_grm_std_uni,1,0.12901052832603455,0.9312024712562561,1
OneHandOreba_1016_1_grm_std_uni,1,1.9802968502044678,-1.0453517436981201,1
OneHandOreba_1016_1_grm_std_uni,1,4.296961307525635,-3.7274041175842285,1
OneHandOreba_1016_1_grm_std_uni,1,5.388331413269043,-4.900473117828369,1
OneHandOreba_1016_1_grm_std_uni,1,6.280747890472412,-6.2093305587768555,1
OneHandOreba_1016_1_grm_std_uni,1,5.723828315734863,-5.589950084686279,1
OneHandOreba_1016_1_grm_std_uni,1,4.874693870544434,-4.497354030609131,1
OneHandOreba_1016_1_grm_std_uni,1,5.383945465087891,-5.141073703765869,1
OneHandOreba_1016_1_grm_std_uni,1,5.695680141448975,-5.480249881744385,1
OneHandOreba_1016_1_grm_std_uni,1,5.85192346572876,-5.613439559936523,1
OneHandOreba_1016_1_grm_std_uni,1,5.863561630249023,-5.664421081542969,1
OneHandOreba_1016_1_grm_std_uni,1,4.597618103027344,-3.8904190063476562,1
OneHandOreba_1016_1_grm_std_uni,1,4.855536937713623,-4.5620036125183105,1
OneHandOreba_1016_1_grm_std_uni,1,5.994750022888184,-5.872204780578613,1
OneHandOreba_1016_1_grm_std_uni,1,5.175275802612305,-4.748873710632324,1
OneHandOreba_1016_1_grm_std_uni,1,5.113685131072998,-4.951347827911377,1
OneHandOreba_1016_1_grm_std_uni,1,5.661704063415527,-5.720263957977295,1
OneHandOreba_1016_1_grm_std_uni,1,5.263931751251221,-4.666625022888184,1
OneHandOreba_1016_1_grm_std_uni,1,5.308189392089844,-4.477663516998291,1
OneHandOreba_1016_1_grm_std_uni,1,4.342889308929443,-3.836996555328369,1
OneHandOreba_1016_1_grm_std_uni,1,4.57050085067749,-4.333868026733398,1
OneHandOreba_1016_1_grm_std_uni,1,4.757425308227539,-4.531442642211914,1
OneHandOreba_1016_1_grm_std_uni,1,4.906963348388672,-4.8672380447387695,1
OneHandOreba_1016_1_grm_std_uni,1,5.456689357757568,-4.9297099113464355,1
OneHandOreba_1016_1_grm_std_uni,1,5.6866135597229,-4.917084217071533,1
OneHandOreba_1016_1_grm_std_uni,1,5.710733890533447,-5.277143955230713,1
OneHandOreba_1016_1_grm_std_uni,1,6.357215404510498,-6.275568008422852,1
OneHandOreba_1016_1_grm_std_uni,1,6.685281276702881,-6.471099853515625,1
OneHandOreba_1016_1_grm_std_uni,1,5.6775665283203125,-5.911728858947754,1
OneHandOreba_1016_1_grm_std_uni,1,5.352860450744629,-5.417611598968506,1
OneHandOreba_1016_1_grm_std_uni,1,5.9288787841796875,-5.305837631225586,1
OneHandOreba_1016_1_grm_std_uni,1,5.295092582702637,-4.8077545166015625,1
OneHandOreba_1016_1_grm_std_uni,1,5.465514659881592,-5.076948642730713,1
OneHandOreba_1016_1_grm_std_uni,1,5.566856861114502,-5.503030776977539,1
OneHandOreba_1016_1_grm_std_uni,1,6.048041820526123,-6.523033618927002,1
OneHandOreba_1016_1_grm_std_uni,1,6.127252578735352,-6.693591594696045,1
OneHandOreba_1016_1_grm_std_uni,1,5.362656593322754,-5.607161998748779,1
OneHandOreba_1016_1_grm_std_uni,1,4.536264896392822,-4.512349605560303,1
OneHandOreba_1016_1_grm_std_uni,1,5.300281047821045,-5.586897373199463,1
OneHandOreba_1016_1_grm_std_uni,1,4.902832508087158,-4.978456974029541,1
OneHandOreba_1016_1_grm_std_uni,1,4.731926441192627,-4.696773052215576,1
OneHandOreba_1016_1_grm_std_uni,1,5.041158199310303,-5.183310031890869,1
OneHandOreba_1016_1_grm_std_uni,1,5.198467254638672,-5.531935214996338,1
OneHandOreba_1016_1_grm_std_uni,1,5.834837913513184,-6.2969746589660645,1
OneHandOreba_1016_1_grm_std_uni,1,5.9028754234313965,-6.25683069229126,1
OneHandOreba_1016_1_grm_std_uni,1,5.25622034072876,-5.500150203704834,1
OneHandOreba_1016_1_grm_std_uni,1,4.893545627593994,-4.848251819610596,1
OneHandOreba_1016_1_grm_std_uni,1,5.2361040115356445,-4.98034143447876,1
OneHandOreba_1016_1_grm_std_uni,1,6.060554027557373,-5.936261177062988,1
OneHandOreba_1016_1_grm_std_uni,1,6.04787540435791,-6.351999282836914,1
OneHandOreba_1016_1_grm_std_uni,1,5.323019504547119,-5.656777381896973,1
OneHandOreba_1016_1_grm_std_uni,1,3.894420623779297,-4.377700328826904,1
OneHandOreba_1016_1_grm_std_uni,1,3.6049270629882812,-4.124324321746826,1
OneHandOreba_1016_1_grm_std_uni,1,3.5240917205810547,-4.226605415344238,1
OneHandOreba_1016_1_grm_std_uni,1,3.6605405807495117,-4.581665515899658,1
OneHandOreba_1016_1_grm_std_uni,1,3.78825306892395,-4.716067314147949,1
OneHandOreba_1016_1_grm_std_uni,2,3.8041255474090576,-4.767597675323486,1
OneHandOreba_1016_1_grm_std_uni,2,3.773299217224121,-4.761734485626221,1
OneHandOreba_1016_1_grm_std_uni,2,3.8265202045440674,-4.880992412567139,1
OneHandOreba_1016_1_grm_std_uni,2,3.894118070602417,-5.055678844451904,1
OneHandOreba_1016_1_grm_std_uni,2,3.922823905944824,-5.141706943511963,1
OneHandOreba_1016_1_grm_std_uni,2,3.9151370525360107,-5.161802768707275,1
OneHandOreba_1016_1_grm_std_uni,2,3.96958589553833,-5.2661871910095215,1
OneHandOreba_1016_1_grm_std_uni,2,3.9701614379882812,-5.301596641540527,1
OneHandOreba_1016_1_grm_std_uni,2,3.882737874984741,-5.181369304656982,1
OneHandOreba_1016_1_grm_std_uni,2,3.7021002769470215,-4.9427385330200195,1
OneHandOreba_1016_1_grm_std_uni,2,3.730313301086426,-4.985876083374023,1
OneHandOreba_1016_1_grm_std_uni,2,3.7540204524993896,-5.025457859039307,1
OneHandOreba_1016_1_grm_std_uni,1,3.771888256072998,-5.0336127281188965,1
OneHandOreba_1016_1_grm_std_uni,1,3.823101043701172,-5.12457275390625,1
OneHandOreba_1016_1_grm_std_uni,1,3.819628953933716,-5.122652530670166,1
OneHandOreba_1016_1_grm_std_uni,1,3.765110731124878,-5.046595096588135,1
OneHandOreba_1016_1_grm_std_uni,1,3.7856762409210205,-5.061067581176758,1
OneHandOreba_1016_1_grm_std_uni,1,3.806279420852661,-5.092082977294922,1
OneHandOreba_1016_1_grm_std_uni,1,4.036478519439697,-5.316877365112305,1
OneHandOreba_1016_1_grm_std_uni,1,4.018397331237793,-5.2498979568481445,1
OneHandOreba_1016_1_grm_std_uni,1,3.779350757598877,-4.979450225830078,1
OneHandOreba_1016_1_grm_std_uni,1,3.896390438079834,-5.111025333404541,1
OneHandOreba_1016_1_grm_std_uni,1,3.712982177734375,-4.928192138671875,1
OneHandOreba_1016_1_grm_std_uni,1,3.7709250450134277,-4.9158477783203125,1
OneHandOreba_1016_1_grm_std_uni,1,3.9723031520843506,-5.123292922973633,1
OneHandOreba_1016_1_grm_std_uni,1,3.1858835220336914,-4.314627647399902,1
OneHandOreba_1016_1_grm_std_uni,1,1.0904262065887451,-2.397566556930542,1
OneHandOreba_1016_1_grm_std_uni,1,0.42332932353019714,-1.4278842210769653,1
OneHandOreba_1016_1_grm_std_uni,1,1.7862647771835327,-2.642007350921631,1
OneHandOreba_1016_1_grm_std_uni,1,3.8409507274627686,-3.788637161254883,1
OneHandOreba_1016_1_grm_std_uni,1,5.014890193939209,-4.80613374710083,1
OneHandOreba_1016_1_grm_std_uni,1,5.33349084854126,-5.0824103355407715,1
OneHandOreba_1016_1_grm_std_uni,1,5.752554893493652,-5.373865604400635,1
OneHandOreba_1016_1_grm_std_uni,1,6.117086410522461,-5.642123699188232,1
OneHandOreba_1016_1_grm_std_uni,1,5.768563270568848,-5.276693344116211,1
OneHandOreba_1016_1_grm_std_uni,1,5.1383538246154785,-4.3080291748046875,1
OneHandOreba_1016_1_grm_std_uni,1,5.391268730163574,-4.604187488555908,1
OneHandOreba_1016_1_grm_std_uni,1,6.450314521789551,-6.391568183898926,1
OneHandOreba_1016_1_grm_std_uni,1,4.920414924621582,-5.347933292388916,1
OneHandOreba_1016_1_grm_std_uni,1,4.159027576446533,-4.635511875152588,1
OneHandOreba_1016_1_grm_std_uni,1,4.321593284606934,-4.98565673828125,1
OneHandOreba_1016_1_grm_std_uni,1,4.851804733276367,-5.3227643966674805,1
OneHandOreba_1016_1_grm_std_uni,1,4.584240913391113,-4.959102630615234,1
OneHandOreba_1016_1_grm_std_uni,1,4.795403480529785,-5.509973526000977,1
OneHandOreba_1016_1_grm_std_uni,1,4.508051872253418,-5.3950300216674805,1
OneHandOreba_1016_1_grm_std_uni,1,3.626054286956787,-4.3079352378845215,1
OneHandOreba_1016_1_grm_std_uni,1,2.909379482269287,-3.5238471031188965,1
OneHandOreba_1016_1_grm_std_uni,1,2.4634339809417725,-2.5862135887145996,1
OneHandOreba_1016_1_grm_std_uni,1,2.493889808654785,-2.119544506072998,1
OneHandOreba_1016_1_grm_std_uni,1,3.2422430515289307,-3.0366618633270264,1
OneHandOreba_1016_1_grm_std_uni,1,3.8414289951324463,-4.159013271331787,1
OneHandOreba_1016_1_grm_std_uni,1,3.9639813899993896,-4.631681442260742,1
OneHandOreba_1016_1_grm_std_uni,1,3.847790241241455,-4.643605709075928,1
OneHandOreba_1016_1_grm_std_uni,1,3.9012022018432617,-4.808786392211914,1
OneHandOreba_1016_1_grm_std_uni,1,3.881063222885132,-4.840874195098877,1
OneHandOreba_1016_1_grm_std_uni,1,3.32633638381958,-4.3371992111206055,1
OneHandOreba_1016_1_grm_std_uni,1,1.9575669765472412,-3.0697824954986572,1
OneHandOreba_1016_1_grm_std_uni,1,2.2510569095611572,-3.278212070465088,1
OneHandOreba_1016_1_grm_std_uni,1,2.9568634033203125,-3.72067928314209,1
OneHandOreba_1016_1_grm_std_uni,1,4.037805557250977,-4.356322288513184,1
OneHandOreba_1016_1_grm_std_uni,1,4.87687349319458,-4.905688762664795,1
OneHandOreba_1016_1_grm_std_uni,1,4.200431823730469,-4.2313690185546875,1
OneHandOreba_1016_1_grm_std_uni,1,3.8561339378356934,-3.85033917427063,1
OneHandOreba_1016_1_grm_std_uni,1,4.412270545959473,-4.775493621826172,1
OneHandOreba_1016_1_grm_std_uni,1,4.525206089019775,-4.901238441467285,1
OneHandOreba_1016_1_grm_std_uni,1,4.354231357574463,-4.684762001037598,1
OneHandOreba_1016_1_grm_std_uni,1,3.9798216819763184,-4.228071212768555,1
OneHandOreba_1016_1_grm_std_uni,1,3.617685079574585,-3.743406295776367,1
OneHandOreba_1016_1_grm_std_uni,1,3.2124011516571045,-3.7233543395996094,1
OneHandOreba_1016_1_grm_std_uni,1,2.863954544067383,-3.5855348110198975,1
OneHandOreba_1016_1_grm_std_uni,1,1.9774421453475952,-2.389357805252075,1
OneHandOreba_1016_1_grm_std_uni,1,1.5843619108200073,-1.6307610273361206,1
OneHandOreba_1016_1_grm_std_uni,1,2.615232467651367,-2.7905514240264893,1
OneHandOreba_1016_1_grm_std_uni,1,3.5720531940460205,-3.4380416870117188,1
OneHandOreba_1016_1_grm_std_uni,1,3.9128472805023193,-3.7995452880859375,1
OneHandOreba_1016_1_grm_std_uni,1,3.767568349838257,-3.4002740383148193,1
OneHandOreba_1016_1_grm_std_uni,1,4.026371479034424,-3.4213972091674805,1
OneHandOreba_1016_1_grm_std_uni,1,4.060133934020996,-3.050121307373047,1
OneHandOreba_1016_1_grm_std_uni,1,5.375589370727539,-4.532930374145508,1
OneHandOreba_1016_1_grm_std_uni,1,6.075527191162109,-5.4707207679748535,1
OneHandOreba_1016_1_grm_std_uni,1,5.625545501708984,-4.964101791381836,1
OneHandOreba_1016_1_grm_std_uni,1,5.534880638122559,-4.7168707847595215,1
OneHandOreba_1016_1_grm_std_uni,1,6.057823657989502,-5.707690238952637,1
OneHandOreba_1016_1_grm_std_uni,1,6.780376434326172,-6.640772342681885,1
OneHandOreba_1016_1_grm_std_uni,1,6.470345497131348,-5.924798965454102,1
OneHandOreba_1016_1_grm_std_uni,1,5.458472728729248,-4.630995273590088,1
OneHandOreba_1016_1_grm_std_uni,1,3.965181827545166,-3.9125733375549316,1
OneHandOreba_1016_1_grm_std_uni,1,4.058108806610107,-4.345077991485596,1
OneHandOreba_1016_1_grm_std_uni,1,4.3667778968811035,-4.580665111541748,1
OneHandOreba_1016_1_grm_std_uni,1,4.925349235534668,-5.39954948425293,1
OneHandOreba_1016_1_grm_std_uni,1,4.940605163574219,-5.4942402839660645,1
OneHandOreba_1016_1_grm_std_uni,1,4.913282871246338,-5.255122184753418,1
OneHandOreba_1016_1_grm_std_uni,1,4.910143852233887,-4.9724602699279785,1
OneHandOreba_1016_1_grm_std_uni,1,5.834099769592285,-5.924769401550293,1
OneHandOreba_1016_1_grm_std_uni,1,5.837446689605713,-5.932623386383057,1
OneHandOreba_1016_1_grm_std_uni,1,5.987206935882568,-6.267857551574707,1
OneHandOreba_1016_1_grm_std_uni,1,6.48037052154541,-6.849944114685059,1
OneHandOreba_1016_1_grm_std_uni,1,6.408987522125244,-6.435882091522217,1
OneHandOreba_1016_1_grm_std_uni,1,6.654464244842529,-7.040920257568359,1
OneHandOreba_1016_1_grm_std_uni,1,6.586546897888184,-6.965951442718506,1
OneHandOreba_1016_1_grm_std_uni,1,6.939547538757324,-7.517380714416504,1
OneHandOreba_1016_1_grm_std_uni,1,6.76742696762085,-7.436345100402832,1
OneHandOreba_1016_1_grm_std_uni,1,5.791778564453125,-6.748523712158203,1
OneHandOreba_1016_1_grm_std_uni,1,5.3782148361206055,-6.010598182678223,1
OneHandOreba_1016_1_grm_std_uni,1,5.547628402709961,-6.064046382904053,1
OneHandOreba_1016_1_grm_std_uni,1,5.8298869132995605,-6.2534871101379395,1
OneHandOreba_1016_1_grm_std_uni,1,6.229893684387207,-6.784658432006836,1
OneHandOreba_1016_1_grm_std_uni,1,5.786617279052734,-6.288835525512695,1
OneHandOreba_1016_1_grm_std_uni,1,5.02455472946167,-5.323603630065918,1
OneHandOreba_1016_1_grm_std_uni,1,5.002499580383301,-4.920015335083008,1
OneHandOreba_1016_1_grm_std_uni,1,5.553319454193115,-5.188315391540527,1
OneHandOreba_1016_1_grm_std_uni,1,6.135591983795166,-6.0055437088012695,1
OneHandOreba_1016_1_grm_std_uni,1,6.341179847717285,-6.026129722595215,1
OneHandOreba_1016_1_grm_std_uni,1,5.030032157897949,-4.599850654602051,1
OneHandOreba_1016_1_grm_std_uni,1,5.3314528465271,-4.87162971496582,1
OneHandOreba_1016_1_grm_std_uni,1,4.6376752853393555,-4.375396728515625,1
OneHandOreba_1016_1_grm_std_uni,1,4.519710540771484,-4.3148956298828125,1
OneHandOreba_1016_1_grm_std_uni,1,5.104658126831055,-4.977046966552734,1
OneHandOreba_1016_1_grm_std_uni,1,6.325297832489014,-6.725536823272705,1
OneHandOreba_1016_1_grm_std_uni,1,6.281431198120117,-6.314774513244629,1
OneHandOreba_1016_1_grm_std_uni,1,6.17534065246582,-6.3356523513793945,1
OneHandOreba_1016_1_grm_std_uni,1,6.616962432861328,-6.467757225036621,1
OneHandOreba_1016_1_grm_std_uni,1,6.398772716522217,-6.144680023193359,1
OneHandOreba_1016_1_grm_std_uni,1,5.873295783996582,-5.416600227355957,1
OneHandOreba_1016_1_grm_std_uni,1,5.720778942108154,-5.144659042358398,1
OneHandOreba_1016_1_grm_std_uni,1,5.661069393157959,-5.159999370574951,1
OneHandOreba_1016_1_grm_std_uni,1,5.802536487579346,-5.350910663604736,1
OneHandOreba_1016_1_grm_std_uni,1,5.819411277770996,-5.375763416290283,1
OneHandOreba_1016_1_grm_std_uni,1,6.009315490722656,-5.803584098815918,1
OneHandOreba_1016_1_grm_std_uni,1,6.1905131340026855,-6.2070794105529785,1
OneHandOreba_1016_1_grm_std_uni,1,6.30790376663208,-6.163357734680176,1
OneHandOreba_1016_1_grm_std_uni,1,6.365435600280762,-6.297141075134277,1
OneHandOreba_1016_1_grm_std_uni,1,6.345585346221924,-6.4082465171813965,1
OneHandOreba_1016_1_grm_std_uni,1,6.2657270431518555,-6.043057441711426,1
OneHandOreba_1016_1_grm_std_uni,1,5.9044270515441895,-5.3091535568237305,1
OneHandOreba_1016_1_grm_std_uni,1,4.604747295379639,-4.09796667098999,1
OneHandOreba_1016_1_grm_std_uni,1,4.744947910308838,-4.151520252227783,1
OneHandOreba_1016_1_grm_std_uni,1,5.537239074707031,-5.436246395111084,1
OneHandOreba_1016_1_grm_std_uni,1,5.297674655914307,-5.573459625244141,1
OneHandOreba_1016_1_grm_std_uni,1,5.179644584655762,-5.246356964111328,1
OneHandOreba_1016_1_grm_std_uni,1,5.413957595825195,-5.407744884490967,1
OneHandOreba_1016_1_grm_std_uni,1,4.659759998321533,-4.936542510986328,1
OneHandOreba_1016_1_grm_std_uni,1,4.795148849487305,-5.298758506774902,1
OneHandOreba_1016_1_grm_std_uni,1,4.876741886138916,-5.529201984405518,1
OneHandOreba_1016_1_grm_std_uni,1,5.194669246673584,-5.811986923217773,1
OneHandOreba_1016_1_grm_std_uni,1,5.746053695678711,-6.2408246994018555,1
OneHandOreba_1016_1_grm_std_uni,1,6.326435089111328,-6.520857810974121,1
OneHandOreba_1016_1_grm_std_uni,1,6.42076301574707,-6.504945278167725,1
OneHandOreba_1016_1_grm_std_uni,1,6.330422878265381,-6.214189052581787,1
OneHandOreba_1016_1_grm_std_uni,1,5.963372230529785,-5.8592376708984375,1
OneHandOreba_1016_1_grm_std_uni,1,5.7126922607421875,-5.662593841552734,1
OneHandOreba_1016_1_grm_std_uni,1,5.513152122497559,-4.805461406707764,1
OneHandOreba_1016_1_grm_std_uni,1,5.370527744293213,-4.462887287139893,1
OneHandOreba_1016_1_grm_std_uni,1,4.898963451385498,-4.4457478523254395,1
OneHandOreba_1016_1_grm_std_uni,1,4.81630277633667,-4.693665504455566,1
OneHandOreba_1016_1_grm_std_uni,1,4.802371025085449,-4.832364082336426,1
OneHandOreba_1016_1_grm_std_uni,1,4.781895160675049,-4.805271625518799,1
OneHandOreba_1016_1_grm_std_uni,1,5.2915358543396,-5.180798053741455,1
OneHandOreba_1016_1_grm_std_uni,1,5.561266899108887,-5.198726177215576,1
OneHandOreba_1016_1_grm_std_uni,1,5.1986165046691895,-4.797791957855225,1
OneHandOreba_1016_1_grm_std_uni,1,5.418264865875244,-5.105034828186035,1
OneHandOreba_1016_1_grm_std_uni,1,5.343048095703125,-4.92625617980957,1
OneHandOreba_1016_1_grm_std_uni,1,5.2619123458862305,-4.7184295654296875,1
OneHandOreba_1016_1_grm_std_uni,1,5.213955402374268,-4.764350414276123,1
OneHandOreba_1016_1_grm_std_uni,1,5.19135046005249,-4.909000873565674,1
OneHandOreba_1016_1_grm_std_uni,1,4.69881010055542,-4.624282360076904,1
OneHandOreba_1016_1_grm_std_uni,1,4.605406761169434,-4.6243977546691895,1
OneHandOreba_1016_1_grm_std_uni,1,4.7733025550842285,-4.931454658508301,1
OneHandOreba_1016_1_grm_std_uni,1,4.788565158843994,-4.794045925140381,1
OneHandOreba_1016_1_grm_std_uni,1,4.471318244934082,-4.51882266998291,1
OneHandOreba_1016_1_grm_std_uni,1,4.59315299987793,-4.937939643859863,1
OneHandOreba_1016_1_grm_std_uni,1,5.0428876876831055,-5.493485450744629,1
OneHandOreba_1016_1_grm_std_uni,1,5.4502363204956055,-5.555114269256592,1
OneHandOreba_1016_1_grm_std_uni,1,5.833000183105469,-5.928853988647461,1
OneHandOreba_1016_1_grm_std_uni,1,5.7118988037109375,-5.371151447296143,1
OneHandOreba_1016_1_grm_std_uni,1,5.0633320808410645,-4.755899906158447,1
OneHandOreba_1016_1_grm_std_uni,1,4.425013065338135,-4.299302577972412,1
OneHandOreba_1016_1_grm_std_uni,1,4.779839992523193,-4.8014068603515625,1
OneHandOreba_1016_1_grm_std_uni,1,4.909088134765625,-5.2742228507995605,1
OneHandOreba_1016_1_grm_std_uni,1,5.056286811828613,-5.237205982208252,1
OneHandOreba_1016_1_grm_std_uni,1,4.7989182472229,-4.756366729736328,1
OneHandOreba_1016_1_grm_std_uni,1,4.706625938415527,-4.489773750305176,1
OneHandOreba_1016_1_grm_std_uni,1,5.914675235748291,-6.101387023925781,1
OneHandOreba_1016_1_grm_std_uni,1,6.15309476852417,-5.879490852355957,1
OneHandOreba_1016_1_grm_std_uni,1,5.901132106781006,-5.341363906860352,1
OneHandOreba_1016_1_grm_std_uni,1,5.651158809661865,-5.143423557281494,1
OneHandOreba_1016_1_grm_std_uni,1,6.380457401275635,-6.1598029136657715,1
OneHandOreba_1016_1_grm_std_uni,1,6.3688273429870605,-6.263436794281006,1
OneHandOreba_1016_1_grm_std_uni,1,6.579009532928467,-6.660342216491699,1
OneHandOreba_1016_1_grm_std_uni,1,6.536190032958984,-6.469151020050049,1
OneHandOreba_1016_1_grm_std_uni,1,6.381278991699219,-6.075659275054932,1
OneHandOreba_1016_1_grm_std_uni,1,6.653328895568848,-6.504276752471924,1
OneHandOreba_1016_1_grm_std_uni,1,6.186024188995361,-5.800521373748779,1
OneHandOreba_1016_1_grm_std_uni,1,6.025600433349609,-5.512572288513184,1
OneHandOreba_1016_1_grm_std_uni,1,6.403278827667236,-5.805983066558838,1
OneHandOreba_1016_1_grm_std_uni,1,6.535726070404053,-6.001685619354248,1
OneHandOreba_1016_1_grm_std_uni,1,6.305123805999756,-5.509239673614502,1
OneHandOreba_1016_1_grm_std_uni,1,5.551974296569824,-4.708405017852783,1
OneHandOreba_1016_1_grm_std_uni,1,4.963684558868408,-4.223119735717773,1
OneHandOreba_1016_1_grm_std_uni,1,5.131987571716309,-4.391085147857666,1
OneHandOreba_1016_1_grm_std_uni,1,4.951446533203125,-4.364704132080078,1
OneHandOreba_1016_1_grm_std_uni,1,4.189329147338867,-3.792665719985962,1
OneHandOreba_1016_1_grm_std_uni,1,4.683640003204346,-4.764023303985596,1
OneHandOreba_1016_1_grm_std_uni,1,5.13817834854126,-4.950353145599365,1
OneHandOreba_1016_1_grm_std_uni,1,5.815281867980957,-5.580184459686279,1
OneHandOreba_1016_1_grm_std_uni,1,6.015745639801025,-5.791635513305664,1
OneHandOreba_1016_1_grm_std_uni,1,5.743234634399414,-5.274938106536865,1
OneHandOreba_1016_1_grm_std_uni,1,5.411398887634277,-4.89125394821167,1
OneHandOreba_1016_1_grm_std_uni,1,4.553513050079346,-3.428596019744873,1
OneHandOreba_1016_1_grm_std_uni,1,4.228219985961914,-2.9236738681793213,1
OneHandOreba_1016_1_grm_std_uni,1,4.825479507446289,-4.402235507965088,1
OneHandOreba_1016_1_grm_std_uni,1,4.891830921173096,-4.81113862991333,1
OneHandOreba_1016_1_grm_std_uni,2,5.067755222320557,-4.708605766296387,1
OneHandOreba_1016_1_grm_std_uni,2,5.50830078125,-5.456457138061523,1
OneHandOreba_1016_1_grm_std_uni,2,6.064517021179199,-6.894861698150635,1
OneHandOreba_1016_1_grm_std_uni,2,5.722253799438477,-6.928637504577637,1
OneHandOreba_1016_1_grm_std_uni,2,4.571994781494141,-5.736051082611084,1
OneHandOreba_1016_1_grm_std_uni,2,4.13915491104126,-5.490006923675537,1
OneHandOreba_1016_1_grm_std_uni,2,3.9565317630767822,-5.3573198318481445,1
OneHandOreba_1016_1_grm_std_uni,2,4.041386127471924,-5.47629976272583,1
OneHandOreba_1016_1_grm_std_uni,2,4.141416549682617,-5.453469753265381,1
OneHandOreba_1016_1_grm_std_uni,2,4.30274772644043,-5.540227890014648,1
OneHandOreba_1016_1_grm_std_uni,2,4.4434967041015625,-5.684259414672852,1
OneHandOreba_1016_1_grm_std_uni,2,4.52776575088501,-5.794748783111572,1
OneHandOreba_1016_1_grm_std_uni,2,4.639970302581787,-5.890161991119385,1
OneHandOreba_1016_1_grm_std_uni,2,4.718569278717041,-5.918534755706787,1
OneHandOreba_1016_1_grm_std_uni,2,4.508655071258545,-5.7144036293029785,1
OneHandOreba_1016_1_grm_std_uni,2,4.400156497955322,-5.452290058135986,1
OneHandOreba_1016_1_grm_std_uni,2,4.521169662475586,-5.445018291473389,1
OneHandOreba_1016_1_grm_std_uni,2,4.6061906814575195,-5.5074357986450195,1
OneHandOreba_1016_1_grm_std_uni,1,4.508439540863037,-5.428212642669678,1
OneHandOreba_1016_1_grm_std_uni,1,3.839914321899414,-4.788938522338867,1
OneHandOreba_1016_1_grm_std_uni,1,3.1251871585845947,-4.216192722320557,1
OneHandOreba_1016_1_grm_std_uni,1,2.8476717472076416,-3.904802083969116,1
OneHandOreba_1016_1_grm_std_uni,1,3.1272976398468018,-4.2667317390441895,1
OneHandOreba_1016_1_grm_std_uni,1,1.8824589252471924,-2.7791855335235596,1
OneHandOreba_1016_1_grm_std_uni,1,-0.30179062485694885,0.38190051913261414,2
OneHandOreba_1016_1_grm_std_uni,1,1.558736801147461,-1.1949313879013062,1
OneHandOreba_1016_1_grm_std_uni,1,3.0459165573120117,-2.3675947189331055,1
OneHandOreba_1016_1_grm_std_uni,1,4.047253608703613,-3.655404567718506,1
OneHandOreba_1016_1_grm_std_uni,1,4.3232598304748535,-4.280547618865967,1
OneHandOreba_1016_1_grm_std_uni,1,3.5858359336853027,-2.85892391204834,1
OneHandOreba_1016_1_grm_std_uni,1,2.9826109409332275,-1.7495722770690918,1
OneHandOreba_1016_1_grm_std_uni,1,4.258560657501221,-4.125744819641113,1
OneHandOreba_1016_1_grm_std_uni,1,5.267397880554199,-5.587512969970703,1
OneHandOreba_1016_1_grm_std_uni,1,5.909664154052734,-6.125221252441406,1
OneHandOreba_1016_1_grm_std_uni,1,5.602316379547119,-5.912352085113525,1
OneHandOreba_1016_1_grm_std_uni,1,5.401712894439697,-5.2536821365356445,1
OneHandOreba_1016_1_grm_std_uni,1,5.91784143447876,-5.713595867156982,1
OneHandOreba_1016_1_grm_std_uni,1,5.482720851898193,-5.098452091217041,1
OneHandOreba_1016_1_grm_std_uni,1,4.862948894500732,-4.087361812591553,1
OneHandOreba_1016_1_grm_std_uni,1,4.652882099151611,-4.042259216308594,1
OneHandOreba_1016_1_grm_std_uni,1,4.609616756439209,-4.008515357971191,1
OneHandOreba_1016_1_grm_std_uni,1,5.105210304260254,-4.572249889373779,1
OneHandOreba_1016_1_grm_std_uni,1,5.239352226257324,-4.7561421394348145,1
OneHandOreba_1016_1_grm_std_uni,1,5.3710808753967285,-4.8633012771606445,1
OneHandOreba_1016_1_grm_std_uni,1,5.242351531982422,-4.9789509773254395,1
OneHandOreba_1016_1_grm_std_uni,1,4.831250190734863,-4.363181114196777,1
OneHandOreba_1016_1_grm_std_uni,1,4.729955196380615,-4.232418537139893,1
OneHandOreba_1016_1_grm_std_uni,1,4.487863063812256,-4.394131183624268,1
OneHandOreba_1016_1_grm_std_uni,1,4.722594738006592,-4.829596996307373,1
OneHandOreba_1016_1_grm_std_uni,1,4.634208679199219,-4.637932300567627,1
OneHandOreba_1016_1_grm_std_uni,1,4.199978828430176,-4.34307861328125,1
OneHandOreba_1016_1_grm_std_uni,1,5.229851245880127,-5.338082313537598,1
OneHandOreba_1016_1_grm_std_uni,1,5.65779447555542,-6.078033447265625,1
OneHandOreba_1016_1_grm_std_uni,1,5.520010948181152,-5.889898777008057,1
OneHandOreba_1016_1_grm_std_uni,1,5.233638763427734,-5.779770374298096,1
OneHandOreba_1016_1_grm_std_uni,1,4.224390029907227,-4.391607284545898,1
OneHandOreba_1016_1_grm_std_uni,1,3.7920777797698975,-3.3732128143310547,1
OneHandOreba_1016_1_grm_std_uni,1,4.755374431610107,-4.394599914550781,1
OneHandOreba_1016_1_grm_std_uni,1,5.190528869628906,-5.073794364929199,1
OneHandOreba_1016_1_grm_std_uni,1,5.376026630401611,-5.481866359710693,1
OneHandOreba_1016_1_grm_std_uni,1,5.973371982574463,-6.1791157722473145,1
OneHandOreba_1016_1_grm_std_uni,1,5.926973819732666,-6.069274425506592,1
OneHandOreba_1016_1_grm_std_uni,1,5.963733673095703,-6.024081707000732,1
OneHandOreba_1016_1_grm_std_uni,1,4.505549430847168,-4.34963321685791,1
OneHandOreba_1016_1_grm_std_uni,1,3.8463661670684814,-3.4850995540618896,1
OneHandOreba_1016_1_grm_std_uni,1,4.746321678161621,-4.444117069244385,1
OneHandOreba_1016_1_grm_std_uni,1,4.47183895111084,-4.0497870445251465,1
OneHandOreba_1016_1_grm_std_uni,1,3.6208152770996094,-3.636793851852417,1
OneHandOreba_1016_1_grm_std_uni,1,3.9665658473968506,-3.7538139820098877,1
OneHandOreba_1016_1_grm_std_uni,1,4.919346332550049,-4.761078357696533,1
OneHandOreba_1016_1_grm_std_uni,1,4.742795467376709,-4.726236343383789,1
OneHandOreba_1016_1_grm_std_uni,1,5.307711601257324,-4.970783710479736,1
OneHandOreba_1016_1_grm_std_uni,1,5.547537803649902,-5.34198522567749,1
OneHandOreba_1016_1_grm_std_uni,1,5.264440536499023,-5.473540782928467,1
OneHandOreba_1016_1_grm_std_uni,1,4.916978359222412,-4.6239237785339355,1
OneHandOreba_1016_1_grm_std_uni,1,4.176801681518555,-4.207576274871826,1
OneHandOreba_1016_1_grm_std_uni,1,5.051597595214844,-5.286267280578613,1
OneHandOreba_1016_1_grm_std_uni,1,5.017693042755127,-5.614562034606934,1
OneHandOreba_1016_1_grm_std_uni,1,5.101800441741943,-5.616061210632324,1
OneHandOreba_1016_1_grm_std_uni,1,4.695965766906738,-5.507689952850342,1
OneHandOreba_1016_1_grm_std_uni,1,5.706081867218018,-6.7320170402526855,1
OneHandOreba_1016_1_grm_std_uni,1,5.570625305175781,-6.5419840812683105,1
OneHandOreba_1016_1_grm_std_uni,1,2.5636179447174072,-2.872401237487793,1
OneHandOreba_1016_1_grm_std_uni,1,3.0981099605560303,-3.4462711811065674,1
OneHandOreba_1016_1_grm_std_uni,1,5.022313594818115,-5.564339637756348,1
OneHandOreba_1016_1_grm_std_uni,1,4.494229793548584,-4.756985187530518,1
OneHandOreba_1016_1_grm_std_uni,1,4.445115089416504,-4.627408504486084,1
OneHandOreba_1016_1_grm_std_uni,1,4.639423847198486,-5.097328186035156,1
OneHandOreba_1016_1_grm_std_uni,1,4.845586776733398,-5.4818291664123535,1
OneHandOreba_1016_1_grm_std_uni,1,4.397650241851807,-4.97821044921875,1
OneHandOreba_1016_1_grm_std_uni,1,3.7442359924316406,-3.951535701751709,1
OneHandOreba_1016_1_grm_std_uni,1,4.175021171569824,-4.226922512054443,1
OneHandOreba_1016_1_grm_std_uni,1,4.163156509399414,-4.343142509460449,1
OneHandOreba_1016_1_grm_std_uni,1,4.251863956451416,-4.474459171295166,1
OneHandOreba_1016_1_grm_std_uni,1,4.258248329162598,-4.826461315155029,1
OneHandOreba_1016_1_grm_std_uni,1,4.161719799041748,-5.0539984703063965,1
OneHandOreba_1016_1_grm_std_uni,1,4.305532932281494,-5.251755237579346,1
OneHandOreba_1016_1_grm_std_uni,1,4.9619140625,-6.035192966461182,1
OneHandOreba_1016_1_grm_std_uni,1,5.631674766540527,-6.872851848602295,1
OneHandOreba_1016_1_grm_std_uni,1,5.979410171508789,-7.2253265380859375,1
OneHandOreba_1016_1_grm_std_uni,1,5.669861316680908,-6.90720272064209,1
OneHandOreba_1016_1_grm_std_uni,1,5.057535648345947,-5.996303081512451,1
OneHandOreba_1016_1_grm_std_uni,1,4.80692720413208,-5.536962985992432,1
OneHandOreba_1016_1_grm_std_uni,1,4.6774516105651855,-5.49392557144165,1
OneHandOreba_1016_1_grm_std_uni,1,2.779686450958252,-3.252251625061035,1
OneHandOreba_1016_1_grm_std_uni,1,-1.5642236471176147,2.6939871311187744,2
OneHandOreba_1016_1_grm_std_uni,1,-0.9869465827941895,2.4680614471435547,1
OneHandOreba_1016_1_grm_std_uni,1,2.2099483013153076,-2.71223783493042,1
OneHandOreba_1016_1_grm_std_uni,1,4.05961275100708,-4.684633255004883,1
OneHandOreba_1016_1_grm_std_uni,1,4.996110439300537,-5.627429485321045,1
OneHandOreba_1016_1_grm_std_uni,1,4.724514484405518,-5.947009563446045,1
OneHandOreba_1016_1_grm_std_uni,1,4.9106645584106445,-6.2890825271606445,1
OneHandOreba_1016_1_grm_std_uni,1,4.932612895965576,-6.617142677307129,1
OneHandOreba_1016_1_grm_std_uni,1,4.9506096839904785,-6.703054428100586,1
OneHandOreba_1016_1_grm_std_uni,1,4.969044208526611,-6.715871810913086,1
OneHandOreba_1016_1_grm_std_uni,1,5.018638610839844,-6.672937870025635,1
OneHandOreba_1016_1_grm_std_uni,1,5.154223442077637,-6.490147590637207,1
OneHandOreba_1016_1_grm_std_uni,1,5.1798601150512695,-6.285511493682861,1
OneHandOreba_1016_1_grm_std_uni,1,4.809425354003906,-5.43283224105835,1
OneHandOreba_1016_1_grm_std_uni,1,4.461139678955078,-4.401534557342529,1
OneHandOreba_1016_1_grm_std_uni,1,4.306003093719482,-4.24517297744751,1
OneHandOreba_1016_1_grm_std_uni,1,4.107897758483887,-4.395775318145752,1
OneHandOreba_1016_1_grm_std_uni,1,4.609078407287598,-5.085315227508545,1
OneHandOreba_1016_1_grm_std_uni,1,4.897854804992676,-5.47496223449707,1
OneHandOreba_1016_1_grm_std_uni,1,5.224716663360596,-5.548587799072266,1
OneHandOreba_1016_1_grm_std_uni,1,5.241514682769775,-5.358287334442139,1
OneHandOreba_1016_1_grm_std_uni,1,5.641824245452881,-5.704643726348877,1
OneHandOreba_1016_1_grm_std_uni,1,6.2449140548706055,-6.350297927856445,1
OneHandOreba_1016_1_grm_std_uni,1,6.632937908172607,-7.234221458435059,1
OneHandOreba_1016_1_grm_std_uni,1,6.555358409881592,-7.323060512542725,1
OneHandOreba_1016_1_grm_std_uni,1,6.628032207489014,-7.384227752685547,1
OneHandOreba_1016_1_grm_std_uni,1,6.746078968048096,-7.0676093101501465,1
OneHandOreba_1016_1_grm_std_uni,1,5.899880886077881,-5.840567588806152,1
OneHandOreba_1016_1_grm_std_uni,1,4.847853183746338,-4.7169671058654785,1
OneHandOreba_1016_1_grm_std_uni,1,5.314513683319092,-5.099186897277832,1
OneHandOreba_1016_1_grm_std_uni,1,5.813994407653809,-5.75765323638916,1
OneHandOreba_1016_1_grm_std_uni,1,5.768876552581787,-5.9154510498046875,1
OneHandOreba_1016_1_grm_std_uni,1,4.983966827392578,-5.3626389503479,1
OneHandOreba_1016_1_grm_std_uni,1,4.423970699310303,-4.857094764709473,1
OneHandOreba_1016_1_grm_std_uni,1,4.980689525604248,-5.987766742706299,1
OneHandOreba_1016_1_grm_std_uni,1,5.878583908081055,-6.832510948181152,1
OneHandOreba_1016_1_grm_std_uni,1,6.007628917694092,-6.591715335845947,1
OneHandOreba_1016_1_grm_std_uni,1,6.468693256378174,-7.010997772216797,1
OneHandOreba_1016_1_grm_std_uni,1,6.5545806884765625,-6.904436111450195,1
OneHandOreba_1016_1_grm_std_uni,1,6.843149185180664,-7.278660774230957,1
OneHandOreba_1016_1_grm_std_uni,1,6.473145961761475,-6.932198524475098,1
OneHandOreba_1016_1_grm_std_uni,1,5.776308059692383,-6.580788612365723,1
OneHandOreba_1016_1_grm_std_uni,1,5.423670291900635,-5.983792304992676,1
OneHandOreba_1016_1_grm_std_uni,1,6.060146331787109,-6.592345714569092,1
OneHandOreba_1016_1_grm_std_uni,1,6.639521598815918,-7.266661167144775,1
OneHandOreba_1016_1_grm_std_uni,1,6.214132308959961,-7.022179126739502,1
OneHandOreba_1016_1_grm_std_uni,1,5.719234466552734,-6.264134407043457,1
OneHandOreba_1016_1_grm_std_uni,1,5.446871757507324,-5.768356800079346,1
OneHandOreba_1016_1_grm_std_uni,1,6.600488185882568,-6.919584274291992,1
OneHandOreba_1016_1_grm_std_uni,1,6.789740085601807,-7.452463626861572,1
OneHandOreba_1016_1_grm_std_uni,1,6.846833229064941,-7.479328155517578,1
OneHandOreba_1016_1_grm_std_uni,1,6.075331211090088,-6.557277202606201,1
OneHandOreba_1016_1_grm_std_uni,1,4.84935188293457,-5.089592933654785,1
OneHandOreba_1016_1_grm_std_uni,1,5.0458574295043945,-5.413884162902832,1
OneHandOreba_1016_1_grm_std_uni,1,4.238262176513672,-3.975398302078247,1
OneHandOreba_1016_1_grm_std_uni,1,4.019772529602051,-3.516364812850952,1
OneHandOreba_1016_1_grm_std_uni,1,3.6804745197296143,-3.4101486206054688,1
OneHandOreba_1016_1_grm_std_uni,1,4.966731071472168,-5.168840408325195,1
OneHandOreba_1016_1_grm_std_uni,1,5.432847499847412,-5.25169038772583,1
OneHandOreba_1016_1_grm_std_uni,1,5.795790672302246,-5.44094705581665,1
OneHandOreba_1016_1_grm_std_uni,1,6.368416786193848,-5.901933670043945,1
OneHandOreba_1016_1_grm_std_uni,1,5.767150402069092,-5.345643520355225,1
OneHandOreba_1016_1_grm_std_uni,1,4.819960117340088,-4.706111431121826,1
OneHandOreba_1016_1_grm_std_uni,1,4.4189252853393555,-4.474921703338623,1
OneHandOreba_1016_1_grm_std_uni,1,3.4970154762268066,-3.0996198654174805,1
OneHandOreba_1016_1_grm_std_uni,1,2.9629244804382324,-2.5314435958862305,1
OneHandOreba_1016_1_grm_std_uni,1,3.1965203285217285,-3.346541166305542,1
OneHandOreba_1016_1_grm_std_uni,1,4.041493892669678,-4.321406841278076,1
OneHandOreba_1016_1_grm_std_uni,1,4.639200210571289,-4.8566436767578125,1
OneHandOreba_1016_1_grm_std_uni,1,4.791959285736084,-4.785181045532227,1
OneHandOreba_1016_1_grm_std_uni,1,4.244020938873291,-4.263187408447266,1
OneHandOreba_1016_1_grm_std_uni,1,4.548202991485596,-4.555583477020264,1
OneHandOreba_1016_1_grm_std_uni,1,5.576061248779297,-5.577418327331543,1
OneHandOreba_1016_1_grm_std_uni,1,5.460914134979248,-5.60628080368042,1
OneHandOreba_1016_1_grm_std_uni,1,4.464960098266602,-4.832760810852051,1
OneHandOreba_1016_1_grm_std_uni,1,4.073598861694336,-4.5400190353393555,1
OneHandOreba_1016_1_grm_std_uni,1,4.165256500244141,-4.678576469421387,1
OneHandOreba_1016_1_grm_std_uni,1,4.398502349853516,-4.858373641967773,1
OneHandOreba_1016_1_grm_std_uni,1,4.075562953948975,-4.280879974365234,1
OneHandOreba_1016_1_grm_std_uni,1,3.7373509407043457,-3.674532413482666,1
OneHandOreba_1016_1_grm_std_uni,1,4.378056526184082,-4.5850067138671875,1
OneHandOreba_1016_1_grm_std_uni,1,4.257442474365234,-4.4632134437561035,1
OneHandOreba_1016_1_grm_std_uni,1,3.8668179512023926,-3.8625760078430176,1
OneHandOreba_1016_1_grm_std_uni,1,3.7305784225463867,-3.764700174331665,1
OneHandOreba_1016_1_grm_std_uni,1,3.968825101852417,-4.270468711853027,1
OneHandOreba_1016_1_grm_std_uni,1,2.8462154865264893,-2.9151687622070312,1
OneHandOreba_1016_1_grm_std_uni,1,2.1953277587890625,-2.1688694953918457,1
OneHandOreba_1016_1_grm_std_uni,1,2.246098756790161,-2.100923776626587,1
OneHandOreba_1016_1_grm_std_uni,1,1.9165059328079224,-1.4489336013793945,1
OneHandOreba_1016_1_grm_std_uni,1,3.117656946182251,-3.0043344497680664,1
OneHandOreba_1016_1_grm_std_uni,1,4.880825996398926,-5.299219131469727,1
OneHandOreba_1016_1_grm_std_uni,1,4.89778470993042,-5.771443843841553,1
OneHandOreba_1016_1_grm_std_uni,1,4.613926887512207,-5.506733417510986,1
OneHandOreba_1016_1_grm_std_uni,1,4.435226917266846,-5.253179550170898,1
OneHandOreba_1016_1_grm_std_uni,1,4.324736595153809,-4.628590106964111,1
OneHandOreba_1016_1_grm_std_uni,1,4.238918304443359,-4.32302188873291,1
OneHandOreba_1016_1_grm_std_uni,1,4.542242050170898,-4.554422378540039,1
OneHandOreba_1016_1_grm_std_uni,1,4.721642971038818,-4.714151382446289,1
OneHandOreba_1016_1_grm_std_uni,1,4.399991989135742,-4.592778205871582,1
OneHandOreba_1016_1_grm_std_uni,2,4.002161026000977,-4.724348068237305,1
OneHandOreba_1016_1_grm_std_uni,2,3.975131034851074,-4.847238063812256,1
OneHandOreba_1016_1_grm_std_uni,2,4.302617073059082,-5.164280414581299,1
OneHandOreba_1016_1_grm_std_uni,2,4.28379487991333,-5.05120849609375,1
OneHandOreba_1016_1_grm_std_uni,2,4.036251544952393,-4.734592437744141,1
OneHandOreba_1016_1_grm_std_uni,2,3.548241138458252,-4.352365016937256,1
OneHandOreba_1016_1_grm_std_uni,2,3.759352684020996,-4.393096923828125,1
OneHandOreba_1016_1_grm_std_uni,2,3.9706385135650635,-4.395418643951416,1
OneHandOreba_1016_1_grm_std_uni,2,4.244853496551514,-4.728419780731201,1
OneHandOreba_1016_1_grm_std_uni,2,4.317289352416992,-4.762341499328613,1
OneHandOreba_1016_1_grm_std_uni,2,4.388036727905273,-4.7876482009887695,1
OneHandOreba_1016_1_grm_std_uni,2,4.554052829742432,-4.97111177444458,1
OneHandOreba_1016_1_grm_std_uni,2,3.382314443588257,-3.8142666816711426,1
OneHandOreba_1016_1_grm_std_uni,2,2.295137882232666,-2.236039161682129,1
OneHandOreba_1016_1_grm_std_uni,2,2.577484130859375,-2.8194351196289062,1
OneHandOreba_1016_1_grm_std_uni,2,3.8893628120422363,-4.1587395668029785,1
OneHandOreba_1016_1_grm_std_uni,1,4.7973504066467285,-5.052219867706299,1
OneHandOreba_1016_1_grm_std_uni,1,4.7187371253967285,-4.733417987823486,1
OneHandOreba_1016_1_grm_std_uni,1,4.370257377624512,-4.316253662109375,1
OneHandOreba_1016_1_grm_std_uni,1,4.788529872894287,-5.080160617828369,1
OneHandOreba_1016_1_grm_std_uni,1,5.233474254608154,-5.527012825012207,1
OneHandOreba_1016_1_grm_std_uni,1,5.672671794891357,-5.840986251831055,1
OneHandOreba_1016_1_grm_std_uni,1,5.913204193115234,-6.236701488494873,1
OneHandOreba_1016_1_grm_std_uni,1,6.8588643074035645,-7.246819019317627,1
OneHandOreba_1016_1_grm_std_uni,1,6.32863187789917,-6.032309532165527,1
OneHandOreba_1016_1_grm_std_uni,1,5.736937522888184,-5.069671154022217,1
OneHandOreba_1016_1_grm_std_uni,1,5.502182483673096,-4.803400993347168,1
OneHandOreba_1016_1_grm_std_uni,1,5.583802700042725,-5.185503005981445,1
OneHandOreba_1016_1_grm_std_uni,1,5.222412109375,-4.691632270812988,1
OneHandOreba_1016_1_grm_std_uni,1,4.682322025299072,-4.467584609985352,1
OneHandOreba_1016_1_grm_std_uni,1,4.831943988800049,-4.596914768218994,1
OneHandOreba_1016_1_grm_std_uni,1,5.10391902923584,-4.864706039428711,1
OneHandOreba_1016_1_grm_std_uni,1,5.215408802032471,-5.035433292388916,1
OneHandOreba_1016_1_grm_std_uni,1,5.54125452041626,-4.982789516448975,1
OneHandOreba_1016_1_grm_std_uni,1,5.066994667053223,-4.146101474761963,1
OneHandOreba_1016_1_grm_std_uni,1,5.009315490722656,-3.818359375,1
OneHandOreba_1016_1_grm_std_uni,1,5.50034761428833,-4.704527378082275,1
OneHandOreba_1016_1_grm_std_uni,1,5.673025608062744,-5.0484418869018555,1
OneHandOreba_1016_1_grm_std_uni,1,5.423425197601318,-4.616809844970703,1
OneHandOreba_1016_1_grm_std_uni,1,5.730283737182617,-5.464268207550049,1
OneHandOreba_1016_1_grm_std_uni,1,5.868805408477783,-5.546091079711914,1
OneHandOreba_1016_1_grm_std_uni,1,5.719684600830078,-5.219250679016113,1
OneHandOreba_1016_1_grm_std_uni,1,4.639881134033203,-4.3672027587890625,1
OneHandOreba_1016_1_grm_std_uni,1,4.799699783325195,-5.096765041351318,1
OneHandOreba_1016_1_grm_std_uni,1,5.010794162750244,-5.148114204406738,1
OneHandOreba_1016_1_grm_std_uni,1,5.298701763153076,-4.975681304931641,1
OneHandOreba_1016_1_grm_std_uni,1,4.92518424987793,-4.246631622314453,1
OneHandOreba_1016_1_grm_std_uni,1,4.498106479644775,-3.838705062866211,1
OneHandOreba_1016_1_grm_std_uni,1,4.581235885620117,-4.204987525939941,1
OneHandOreba_1016_1_grm_std_uni,1,5.125871181488037,-4.487947463989258,1
OneHandOreba_1016_1_grm_std_uni,1,5.3570709228515625,-4.5743727684021,1
OneHandOreba_1016_1_grm_std_uni,1,5.335512638092041,-4.543018341064453,1
OneHandOreba_1016_1_grm_std_uni,1,4.945586681365967,-4.485870361328125,1
OneHandOreba_1016_1_grm_std_uni,1,5.247802734375,-4.765875816345215,1
OneHandOreba_1016_1_grm_std_uni,1,5.806921482086182,-5.661709308624268,1
OneHandOreba_1016_1_grm_std_uni,1,6.217559814453125,-6.550736904144287,1
OneHandOreba_1016_1_grm_std_uni,1,6.244400501251221,-6.50759220123291,1
OneHandOreba_1016_1_grm_std_uni,1,6.078107833862305,-6.355697154998779,1
OneHandOreba_1016_1_grm_std_uni,1,6.463693618774414,-6.594063758850098,1
OneHandOreba_1016_1_grm_std_uni,1,5.604989528656006,-5.1894707679748535,1
OneHandOreba_1016_1_grm_std_uni,1,4.364109039306641,-3.8427510261535645,1
OneHandOreba_1016_1_grm_std_uni,1,4.743406772613525,-4.022430419921875,1
OneHandOreba_1016_1_grm_std_uni,1,5.322625160217285,-4.653748035430908,1
OneHandOreba_1016_1_grm_std_uni,1,5.520447731018066,-5.107940673828125,1
OneHandOreba_1016_1_grm_std_uni,1,5.7596659660339355,-5.173771381378174,1
OneHandOreba_1016_1_grm_std_uni,1,5.718875408172607,-5.488792896270752,1
OneHandOreba_1016_1_grm_std_uni,1,6.218078136444092,-6.297313690185547,1
OneHandOreba_1016_1_grm_std_uni,1,5.44902229309082,-5.706320762634277,1
OneHandOreba_1016_1_grm_std_uni,1,5.493185520172119,-5.664143085479736,1
OneHandOreba_1016_1_grm_std_uni,1,5.201150894165039,-5.286360740661621,1
OneHandOreba_1016_1_grm_std_uni,1,5.776970386505127,-5.684684753417969,1
OneHandOreba_1016_1_grm_std_uni,1,5.42218017578125,-5.0257062911987305,1
OneHandOreba_1016_1_grm_std_uni,1,4.797505855560303,-4.105575084686279,1
OneHandOreba_1016_1_grm_std_uni,1,3.8108198642730713,-2.971416473388672,1
OneHandOreba_1016_1_grm_std_uni,2,4.6302490234375,-3.659923791885376,1
OneHandOreba_1016_1_grm_std_uni,2,5.172077178955078,-4.484500408172607,1
OneHandOreba_1016_1_grm_std_uni,2,5.202411651611328,-4.472100257873535,1
OneHandOreba_1016_1_grm_std_uni,2,3.0816659927368164,-2.713925361633301,1
OneHandOreba_1016_1_grm_std_uni,2,3.985574960708618,-4.539432525634766,1
OneHandOreba_1016_1_grm_std_uni,2,4.473268032073975,-5.133122444152832,1
OneHandOreba_1016_1_grm_std_uni,2,4.392516136169434,-5.057977676391602,1
OneHandOreba_1016_1_grm_std_uni,2,4.252060890197754,-4.938288688659668,1
OneHandOreba_1016_1_grm_std_uni,2,4.183937072753906,-4.911788463592529,1
OneHandOreba_1016_1_grm_std_uni,2,4.105016708374023,-4.855790138244629,1
OneHandOreba_1016_1_grm_std_uni,2,4.0771942138671875,-4.829042434692383,1
OneHandOreba_1016_1_grm_std_uni,2,4.088935375213623,-4.958853721618652,1
OneHandOreba_1016_1_grm_std_uni,2,3.96077823638916,-4.919081687927246,1
OneHandOreba_1016_1_grm_std_uni,2,2.4012489318847656,-3.2455129623413086,1
OneHandOreba_1016_1_grm_std_uni,2,1.2785942554473877,-1.7228028774261475,1
OneHandOreba_1016_1_grm_std_uni,2,1.9014179706573486,-2.2225921154022217,1
OneHandOreba_1016_1_grm_std_uni,2,2.7624149322509766,-2.9203574657440186,1
OneHandOreba_1016_1_grm_std_uni,1,3.5089223384857178,-3.7516980171203613,1
OneHandOreba_1016_1_grm_std_uni,1,3.858346700668335,-4.314342975616455,1
OneHandOreba_1016_1_grm_std_uni,1,4.362524509429932,-4.972479343414307,1
OneHandOreba_1016_1_grm_std_uni,1,4.5677409172058105,-5.386678695678711,1
OneHandOreba_1016_1_grm_std_uni,1,4.601210594177246,-5.499030590057373,1
OneHandOreba_1016_1_grm_std_uni,1,4.415903568267822,-5.346551895141602,1
OneHandOreba_1016_1_grm_std_uni,1,4.219222545623779,-5.12033224105835,1
OneHandOreba_1016_1_grm_std_uni,1,4.178212642669678,-5.120842456817627,1
OneHandOreba_1016_1_grm_std_uni,1,4.17153263092041,-5.150507926940918,1
OneHandOreba_1016_1_grm_std_uni,1,4.191769599914551,-5.177528381347656,1
OneHandOreba_1016_1_grm_std_uni,1,4.23584508895874,-5.238474369049072,1
OneHandOreba_1016_1_grm_std_uni,1,4.149515151977539,-5.157789707183838,1
OneHandOreba_1016_1_grm_std_uni,1,4.118231296539307,-5.116766929626465,1
OneHandOreba_1016_1_grm_std_uni,1,4.140742778778076,-5.163294792175293,1
OneHandOreba_1016_1_grm_std_uni,1,4.082428455352783,-5.0623016357421875,1
OneHandOreba_1016_1_grm_std_uni,1,4.075210094451904,-5.070870399475098,1
OneHandOreba_1016_1_grm_std_uni,1,4.086184978485107,-5.102022171020508,1
OneHandOreba_1016_1_grm_std_uni,1,4.116564750671387,-5.129646301269531,1
OneHandOreba_1016_1_grm_std_uni,1,4.051510810852051,-5.0799407958984375,1
OneHandOreba_1016_1_grm_std_uni,1,3.98319935798645,-5.008867263793945,1
OneHandOreba_1016_1_grm_std_uni,1,3.934736967086792,-4.960015296936035,1
OneHandOreba_1016_1_grm_std_uni,1,4.010769367218018,-5.003013610839844,1
OneHandOreba_1016_1_grm_std_uni,1,4.0068464279174805,-5.017879486083984,1
OneHandOreba_1016_1_grm_std_uni,1,4.066795825958252,-5.10494327545166,1
OneHandOreba_1016_1_grm_std_uni,1,4.144882678985596,-5.178055286407471,1
OneHandOreba_1016_1_grm_std_uni,1,4.24177885055542,-5.272701263427734,1
OneHandOreba_1016_1_grm_std_uni,1,4.307364463806152,-5.310756683349609,1
OneHandOreba_1016_1_grm_std_uni,1,4.22300910949707,-5.046459674835205,1
OneHandOreba_1016_1_grm_std_uni,1,3.9864540100097656,-4.565207481384277,1
OneHandOreba_1016_1_grm_std_uni,1,3.8006246089935303,-4.215489864349365,1
OneHandOreba_1016_1_grm_std_uni,1,3.8115718364715576,-4.2192792892456055,1
OneHandOreba_1016_1_grm_std_uni,1,2.885188579559326,-3.3511526584625244,1
OneHandOreba_1016_1_grm_std_uni,1,0.9977369904518127,-1.2553305625915527,1
OneHandOreba_1016_1_grm_std_uni,1,1.9182790517807007,-2.467397689819336,1
OneHandOreba_1016_1_grm_std_uni,1,3.618664503097534,-3.7083873748779297,1
OneHandOreba_1016_1_grm_std_uni,1,3.875279426574707,-3.8061912059783936,1
OneHandOreba_1016_1_grm_std_uni,1,3.4751152992248535,-3.458782196044922,1
OneHandOreba_1016_1_grm_std_uni,1,3.6190829277038574,-3.3516266345977783,1
OneHandOreba_1016_1_grm_std_uni,1,4.398538112640381,-4.171643257141113,1
OneHandOreba_1016_1_grm_std_uni,1,4.8050150871276855,-4.290520668029785,1
OneHandOreba_1016_1_grm_std_uni,1,5.232666015625,-4.590327262878418,1
OneHandOreba_1016_1_grm_std_uni,1,5.035806655883789,-4.168296813964844,1
OneHandOreba_1016_1_grm_std_uni,1,4.550967216491699,-3.6574795246124268,1
OneHandOreba_1016_1_grm_std_uni,1,4.938182353973389,-4.473567962646484,1
OneHandOreba_1016_1_grm_std_uni,1,5.032315731048584,-4.386077880859375,1
OneHandOreba_1016_1_grm_std_uni,1,5.561871528625488,-4.996781349182129,1
OneHandOreba_1016_1_grm_std_uni,1,5.5561842918396,-4.769065856933594,1
OneHandOreba_1016_1_grm_std_uni,1,4.962442874908447,-4.013265132904053,1
OneHandOreba_1016_1_grm_std_uni,1,4.260982990264893,-3.3840091228485107,1
OneHandOreba_1016_1_grm_std_uni,1,5.508620738983154,-5.2080278396606445,1
OneHandOreba_1016_1_grm_std_uni,1,6.25797700881958,-6.1668195724487305,1
OneHandOreba_1016_1_grm_std_uni,1,6.4247145652771,-6.33256196975708,1
OneHandOreba_1016_1_grm_std_uni,1,6.707785606384277,-7.191235065460205,1
OneHandOreba_1016_1_grm_std_uni,1,6.2072296142578125,-6.921048164367676,1
OneHandOreba_1016_1_grm_std_uni,1,6.051338195800781,-7.112235069274902,1
OneHandOreba_1016_1_grm_std_uni,1,5.899807453155518,-6.789851188659668,1
OneHandOreba_1016_1_grm_std_uni,1,6.471302032470703,-6.858476161956787,1
OneHandOreba_1016_1_grm_std_uni,1,6.539296627044678,-6.942313194274902,1
OneHandOreba_1016_1_grm_std_uni,1,6.489081859588623,-6.893734455108643,1
OneHandOreba_1016_1_grm_std_uni,1,6.549869537353516,-7.144547939300537,1
OneHandOreba_1016_1_grm_std_uni,1,7.115968704223633,-7.623713493347168,1
OneHandOreba_1016_1_grm_std_uni,1,6.515029430389404,-6.898124694824219,1
OneHandOreba_1016_1_grm_std_uni,1,5.669990062713623,-5.938649654388428,1
OneHandOreba_1016_1_grm_std_uni,1,4.989833831787109,-4.742237567901611,1
OneHandOreba_1016_1_grm_std_uni,1,5.159461975097656,-4.707380771636963,1
OneHandOreba_1016_1_grm_std_uni,1,5.817205429077148,-5.447714805603027,1
OneHandOreba_1016_1_grm_std_uni,1,5.925459384918213,-5.713124752044678,1
OneHandOreba_1016_1_grm_std_uni,1,5.397552013397217,-5.123160362243652,1
OneHandOreba_1016_1_grm_std_uni,1,4.916194438934326,-4.537961006164551,1
OneHandOreba_1016_1_grm_std_uni,2,5.4653472900390625,-5.368551254272461,1
OneHandOreba_1016_1_grm_std_uni,2,5.932672500610352,-5.7883195877075195,1
OneHandOreba_1016_1_grm_std_uni,2,5.532106399536133,-5.862087249755859,1
OneHandOreba_1016_1_grm_std_uni,2,4.747811794281006,-5.396930694580078,1
OneHandOreba_1016_1_grm_std_uni,2,4.142857074737549,-4.824629783630371,1
OneHandOreba_1016_1_grm_std_uni,2,4.062789440155029,-4.764286994934082,1
OneHandOreba_1016_1_grm_std_uni,2,4.147593021392822,-4.689030170440674,1
OneHandOreba_1016_1_grm_std_uni,2,4.225207328796387,-4.8616533279418945,1
OneHandOreba_1016_1_grm_std_uni,2,4.170804023742676,-4.896506309509277,1
OneHandOreba_1016_1_grm_std_uni,2,4.034803867340088,-4.770664691925049,1
OneHandOreba_1016_1_grm_std_uni,2,4.110042095184326,-4.883057594299316,1
OneHandOreba_1016_1_grm_std_uni,2,4.306847095489502,-5.1002044677734375,1
OneHandOreba_1016_1_grm_std_uni,2,4.417252063751221,-5.202503204345703,1
OneHandOreba_1016_1_grm_std_uni,2,4.176098346710205,-4.911439418792725,1
OneHandOreba_1016_1_grm_std_uni,2,3.189018487930298,-3.797245502471924,1
OneHandOreba_1016_1_grm_std_uni,2,2.9342758655548096,-3.308633327484131,1
OneHandOreba_1016_1_grm_std_uni,2,1.4997870922088623,-1.0225495100021362,1
OneHandOreba_1016_1_grm_std_uni,2,1.3865952491760254,-1.1831074953079224,1
OneHandOreba_1016_1_grm_std_uni,1,3.094724416732788,-3.2609667778015137,1
OneHandOreba_1016_1_grm_std_uni,1,4.714326858520508,-4.7929301261901855,1
OneHandOreba_1016_1_grm_std_uni,1,4.7912983894348145,-4.99635648727417,1
OneHandOreba_1016_1_grm_std_uni,1,3.7370693683624268,-3.830315113067627,1
OneHandOreba_1016_1_grm_std_uni,1,4.663443565368652,-4.455764293670654,1
OneHandOreba_1016_1_grm_std_uni,1,6.090578079223633,-5.89680290222168,1
OneHandOreba_1016_1_grm_std_uni,1,6.942898750305176,-7.079574108123779,1
OneHandOreba_1016_1_grm_std_uni,1,7.053823947906494,-6.914610385894775,1
OneHandOreba_1016_1_grm_std_uni,1,6.710394382476807,-6.8297529220581055,1
OneHandOreba_1016_1_grm_std_uni,1,7.048271179199219,-7.31199312210083,1
OneHandOreba_1016_1_grm_std_uni,1,7.282651901245117,-7.6208815574646,1
OneHandOreba_1016_1_grm_std_uni,1,7.227335453033447,-7.473954677581787,1
OneHandOreba_1016_1_grm_std_uni,1,6.855770111083984,-7.2832159996032715,1
OneHandOreba_1016_1_grm_std_uni,1,6.7474446296691895,-6.706812858581543,1
OneHandOreba_1016_1_grm_std_uni,1,6.383657455444336,-5.832350730895996,1
OneHandOreba_1016_1_grm_std_uni,1,4.894944190979004,-4.759524345397949,1
OneHandOreba_1016_1_grm_std_uni,1,4.513599395751953,-4.59024715423584,1
OneHandOreba_1016_1_grm_std_uni,1,4.692113399505615,-4.856632709503174,1
OneHandOreba_1016_1_grm_std_uni,1,4.610596179962158,-4.790748119354248,1
OneHandOreba_1016_1_grm_std_uni,1,4.391773700714111,-4.791543483734131,1
OneHandOreba_1016_1_grm_std_uni,1,4.492642402648926,-4.952151775360107,1
OneHandOreba_1016_1_grm_std_uni,1,4.822259426116943,-5.319985866546631,1
OneHandOreba_1016_1_grm_std_uni,1,4.937116622924805,-5.274083137512207,1
OneHandOreba_1016_1_grm_std_uni,1,5.400709629058838,-5.39401388168335,1
OneHandOreba_1016_1_grm_std_uni,1,6.3829522132873535,-6.386305332183838,1
OneHandOreba_1016_1_grm_std_uni,1,5.991694927215576,-5.367934226989746,1
OneHandOreba_1016_1_grm_std_uni,1,5.209104061126709,-4.738170146942139,1
OneHandOreba_1016_1_grm_std_uni,1,4.949501037597656,-4.702820301055908,1
OneHandOreba_1016_1_grm_std_uni,1,5.38578987121582,-5.216922760009766,1
OneHandOreba_1016_1_grm_std_uni,1,5.461297512054443,-5.1108927726745605,1
OneHandOreba_1016_1_grm_std_uni,1,5.736909866333008,-5.446082592010498,1
OneHandOreba_1016_1_grm_std_uni,1,5.9591875076293945,-5.9453654289245605,1
OneHandOreba_1016_1_grm_std_uni,1,6.30398416519165,-6.381208419799805,1
OneHandOreba_1016_1_grm_std_uni,1,5.891786575317383,-6.031049728393555,1
OneHandOreba_1016_1_grm_std_uni,1,5.773103713989258,-5.587745189666748,1
OneHandOreba_1016_1_grm_std_uni,1,5.681356906890869,-4.973539352416992,1
OneHandOreba_1016_1_grm_std_uni,1,4.861659526824951,-4.316341400146484,1
OneHandOreba_1016_1_grm_std_uni,1,5.06825065612793,-4.710477828979492,1
OneHandOreba_1016_1_grm_std_uni,1,4.880999565124512,-4.639233112335205,1
OneHandOreba_1016_1_grm_std_uni,1,4.807587146759033,-4.444169998168945,1
OneHandOreba_1016_1_grm_std_uni,1,4.307659149169922,-3.782810926437378,1
OneHandOreba_1016_1_grm_std_uni,1,5.0301737785339355,-4.532740116119385,1
OneHandOreba_1016_1_grm_std_uni,1,5.578923225402832,-5.486178874969482,1
OneHandOreba_1016_1_grm_std_uni,1,6.268706321716309,-6.477180004119873,1
OneHandOreba_1016_1_grm_std_uni,1,6.130241394042969,-5.699619293212891,1
OneHandOreba_1016_1_grm_std_uni,1,5.641901016235352,-5.363636493682861,1
OneHandOreba_1016_1_grm_std_uni,1,5.065401077270508,-5.026740550994873,1
OneHandOreba_1016_1_grm_std_uni,1,5.115323066711426,-5.074321269989014,1
OneHandOreba_1016_1_grm_std_uni,1,5.366030693054199,-5.205737113952637,1
OneHandOreba_1016_1_grm_std_uni,1,4.942574977874756,-4.675005912780762,1
OneHandOreba_1016_1_grm_std_uni,1,5.26815128326416,-4.979930400848389,1
OneHandOreba_1016_1_grm_std_uni,1,6.081649303436279,-5.959856986999512,1
OneHandOreba_1016_1_grm_std_uni,1,5.827791690826416,-5.6738762855529785,1
OneHandOreba_1016_1_grm_std_uni,1,5.722909927368164,-5.299932956695557,1
OneHandOreba_1016_1_grm_std_uni,1,5.801142692565918,-5.45544958114624,1
OneHandOreba_1016_1_grm_std_uni,1,6.297994613647461,-6.221522808074951,1
OneHandOreba_1016_1_grm_std_uni,1,6.48283576965332,-6.721507549285889,1
OneHandOreba_1016_1_grm_std_uni,1,6.133422374725342,-6.449832916259766,1
OneHandOreba_1016_1_grm_std_uni,1,6.137826442718506,-6.490246295928955,1
OneHandOreba_1016_1_grm_std_uni,1,6.278534412384033,-6.358558654785156,1
OneHandOreba_1016_1_grm_std_uni,1,5.776623249053955,-5.447969436645508,1
OneHandOreba_1016_1_grm_std_uni,1,5.189303874969482,-4.984241962432861,1
OneHandOreba_1016_1_grm_std_uni,1,5.676385402679443,-5.411233901977539,1
OneHandOreba_1016_1_grm_std_uni,1,6.133376121520996,-6.117501735687256,1
OneHandOreba_1016_1_grm_std_uni,1,6.582073211669922,-6.767725467681885,1
OneHandOreba_1016_1_grm_std_uni,1,5.353392124176025,-5.239349365234375,1
OneHandOreba_1016_1_grm_std_uni,1,4.425775527954102,-4.119455814361572,1
OneHandOreba_1016_1_grm_std_uni,2,5.318169593811035,-4.969315052032471,1
OneHandOreba_1016_1_grm_std_uni,2,5.4710259437561035,-5.847316265106201,1
OneHandOreba_1016_1_grm_std_uni,2,5.111400604248047,-5.8870368003845215,1
OneHandOreba_1016_1_grm_std_uni,2,4.900424480438232,-6.317657470703125,1
OneHandOreba_1016_1_grm_std_uni,2,4.888951301574707,-6.586447715759277,1
OneHandOreba_1016_1_grm_std_uni,2,4.707732677459717,-6.371322154998779,1
OneHandOreba_1016_1_grm_std_uni,2,4.67704439163208,-6.219184398651123,1
OneHandOreba_1016_1_grm_std_uni,2,4.681820869445801,-6.169595241546631,1
OneHandOreba_1016_1_grm_std_uni,2,4.647782325744629,-6.126636981964111,1
OneHandOreba_1016_1_grm_std_uni,2,4.73269510269165,-6.217071533203125,1
OneHandOreba_1016_1_grm_std_uni,2,4.827025890350342,-6.339278697967529,1
OneHandOreba_1016_1_grm_std_uni,2,4.928419589996338,-6.4817304611206055,1
OneHandOreba_1016_1_grm_std_uni,2,4.963465213775635,-6.435723781585693,1
OneHandOreba_1016_1_grm_std_uni,2,5.0375285148620605,-6.50980806350708,1
OneHandOreba_1016_1_grm_std_uni,2,5.352912902832031,-6.744870185852051,1
OneHandOreba_1016_1_grm_std_uni,2,3.7913355827331543,-4.868964672088623,1
OneHandOreba_1016_1_grm_std_uni,2,1.499072790145874,-2.088230609893799,1
OneHandOreba_1016_1_grm_std_uni,1,3.4363937377929688,-4.2078471183776855,1
OneHandOreba_1016_1_grm_std_uni,1,5.6700334548950195,-6.187759876251221,1
OneHandOreba_1016_1_grm_std_uni,1,5.237799167633057,-5.710089683532715,1
OneHandOreba_1016_1_grm_std_uni,1,4.888641357421875,-5.385763168334961,1
OneHandOreba_1016_1_grm_std_uni,1,4.918396949768066,-5.745731353759766,1
OneHandOreba_1016_1_grm_std_uni,1,4.579070568084717,-5.55102014541626,1
OneHandOreba_1016_1_grm_std_uni,1,4.363068580627441,-5.383264064788818,1
OneHandOreba_1016_1_grm_std_uni,1,4.364126205444336,-5.421926975250244,1
OneHandOreba_1016_1_grm_std_uni,1,4.540748596191406,-5.694762706756592,1
OneHandOreba_1016_1_grm_std_uni,1,4.478724002838135,-5.581871509552002,1
OneHandOreba_1016_1_grm_std_uni,1,4.36794900894165,-5.4798712730407715,1
OneHandOreba_1016_1_grm_std_uni,1,4.307600975036621,-5.396761417388916,1
OneHandOreba_1016_1_grm_std_uni,1,4.3050947189331055,-5.400618553161621,1
OneHandOreba_1016_1_grm_std_uni,1,4.296507835388184,-5.388725757598877,1
OneHandOreba_1016_1_grm_std_uni,1,4.249908447265625,-5.329354763031006,1
OneHandOreba_1016_1_grm_std_uni,1,4.2541937828063965,-5.348957538604736,1
OneHandOreba_1016_1_grm_std_uni,1,4.235491752624512,-5.352261543273926,1
OneHandOreba_1016_1_grm_std_uni,1,4.285987854003906,-5.420965671539307,1
OneHandOreba_1016_1_grm_std_uni,1,4.271413803100586,-5.415750026702881,1
OneHandOreba_1016_1_grm_std_uni,1,4.2508649826049805,-5.372854709625244,1
OneHandOreba_1016_1_grm_std_uni,1,4.232232093811035,-5.335249423980713,1
OneHandOreba_1016_1_grm_std_uni,1,4.272110462188721,-5.41582727432251,1
OneHandOreba_1016_1_grm_std_uni,1,4.264741897583008,-5.429128646850586,1
OneHandOreba_1016_1_grm_std_uni,1,4.275516986846924,-5.415229320526123,1
OneHandOreba_1016_1_grm_std_uni,1,4.080624580383301,-5.239229679107666,1
OneHandOreba_1016_1_grm_std_uni,1,2.498126268386841,-3.897372007369995,1
OneHandOreba_1016_1_grm_std_uni,1,0.8755841851234436,-1.9590129852294922,1
OneHandOreba_1016_1_grm_std_uni,1,2.4631948471069336,-3.1962857246398926,1
OneHandOreba_1016_1_grm_std_uni,1,4.031298637390137,-4.8447723388671875,1
OneHandOreba_1016_1_grm_std_uni,1,4.253472805023193,-4.978757858276367,1
OneHandOreba_1016_1_grm_std_uni,1,4.531956195831299,-5.383219242095947,1
OneHandOreba_1016_1_grm_std_uni,1,5.352607250213623,-6.065160274505615,1
OneHandOreba_1016_1_grm_std_uni,1,5.398922443389893,-5.667192459106445,1
OneHandOreba_1016_1_grm_std_uni,1,3.9473507404327393,-4.177968502044678,1
OneHandOreba_1016_1_grm_std_uni,1,4.388850212097168,-5.385873317718506,1
OneHandOreba_1016_1_grm_std_uni,1,4.276934623718262,-5.015535354614258,1
OneHandOreba_1016_1_grm_std_uni,1,3.813596248626709,-4.3548359870910645,1
OneHandOreba_1016_1_grm_std_uni,1,3.8653810024261475,-4.422358989715576,1
OneHandOreba_1016_1_grm_std_uni,2,2.933014154434204,-3.8463780879974365,1
OneHandOreba_1016_1_grm_std_uni,2,2.482635736465454,-3.0398800373077393,1
OneHandOreba_1016_1_grm_std_uni,2,-0.3067817687988281,1.2910856008529663,1
OneHandOreba_1016_1_grm_std_uni,2,-1.9859212636947632,3.4487783908843994,2
OneHandOreba_1016_1_grm_std_uni,2,0.21380580961704254,0.4654347002506256,1
OneHandOreba_1016_1_grm_std_uni,2,1.7008905410766602,-1.4111320972442627,1
OneHandOreba_1016_1_grm_std_uni,2,3.092825412750244,-3.3640570640563965,1
OneHandOreba_1016_1_grm_std_uni,2,5.184806823730469,-6.035982608795166,1
OneHandOreba_1016_1_grm_std_uni,2,5.767920970916748,-6.689879417419434,1
OneHandOreba_1016_1_grm_std_uni,2,5.657118320465088,-6.602468013763428,1
OneHandOreba_1016_1_grm_std_uni,2,6.096837520599365,-7.168528079986572,1
OneHandOreba_1016_1_grm_std_uni,2,6.663602828979492,-7.442268371582031,1
OneHandOreba_1016_1_grm_std_uni,2,6.470185279846191,-7.394056797027588,1
OneHandOreba_1016_1_grm_std_uni,1,6.433143138885498,-7.000570774078369,1
OneHandOreba_1016_1_grm_std_uni,1,6.718808650970459,-6.867603778839111,1
OneHandOreba_1016_1_grm_std_uni,1,6.316972255706787,-6.272247791290283,1
OneHandOreba_1016_1_grm_std_uni,1,6.120849609375,-6.171507835388184,1
OneHandOreba_1016_1_grm_std_uni,1,6.633677959442139,-6.782156467437744,1
OneHandOreba_1016_1_grm_std_uni,1,6.535004138946533,-6.456508636474609,1
OneHandOreba_1016_1_grm_std_uni,1,6.308966159820557,-6.520705699920654,1
OneHandOreba_1016_1_grm_std_uni,1,6.700721740722656,-6.830716609954834,1
OneHandOreba_1016_1_grm_std_uni,1,5.9244489669799805,-5.378541469573975,1
OneHandOreba_1016_1_grm_std_uni,1,4.956203460693359,-4.664996147155762,1
OneHandOreba_1016_1_grm_std_uni,1,4.6908135414123535,-4.511233329772949,1
OneHandOreba_1016_1_grm_std_uni,1,5.0181145668029785,-4.799600601196289,1
OneHandOreba_1016_1_grm_std_uni,1,5.283391952514648,-5.0738525390625,1
OneHandOreba_1016_1_grm_std_uni,1,5.091509819030762,-4.787098407745361,1
OneHandOreba_1016_1_grm_std_uni,1,4.938419818878174,-4.490389347076416,1
OneHandOreba_1016_1_grm_std_uni,1,4.72570276260376,-4.3063740730285645,1
OneHandOreba_1016_1_grm_std_uni,1,4.671157360076904,-4.377856731414795,1
OneHandOreba_1016_1_grm_std_uni,1,4.589322566986084,-4.362734794616699,1
OneHandOreba_1016_1_grm_std_uni,1,4.296118259429932,-4.2357025146484375,1
OneHandOreba_1016_1_grm_std_uni,1,4.612588405609131,-4.574047088623047,1
OneHandOreba_1016_1_grm_std_uni,1,4.656620979309082,-4.7596235275268555,1
OneHandOreba_1016_1_grm_std_uni,1,4.440583229064941,-4.519864082336426,1
OneHandOreba_1016_1_grm_std_uni,1,4.445274829864502,-4.661468029022217,1
OneHandOreba_1016_1_grm_std_uni,1,4.789542198181152,-5.2449469566345215,1
OneHandOreba_1016_1_grm_std_uni,1,3.5057764053344727,-3.9180989265441895,1
OneHandOreba_1016_1_grm_std_uni,1,3.7578256130218506,-4.050948619842529,1
OneHandOreba_1016_1_grm_std_uni,1,4.272861480712891,-4.397401332855225,1
OneHandOreba_1016_1_grm_std_uni,1,4.473458766937256,-4.611021995544434,1
OneHandOreba_1016_1_grm_std_uni,1,4.789967060089111,-5.081523418426514,1
OneHandOreba_1016_1_grm_std_uni,1,4.836228847503662,-5.2669219970703125,1
OneHandOreba_1016_1_grm_std_uni,1,4.653306484222412,-4.845611572265625,1
OneHandOreba_1016_1_grm_std_uni,1,4.590641975402832,-4.6952948570251465,1
OneHandOreba_1016_1_grm_std_uni,1,4.615069389343262,-4.789318084716797,1
OneHandOreba_1016_1_grm_std_uni,1,4.791156768798828,-4.779054164886475,1
OneHandOreba_1016_1_grm_std_uni,1,4.7318854331970215,-4.358485698699951,1
OneHandOreba_1016_1_grm_std_uni,1,4.588339805603027,-3.8350117206573486,1
OneHandOreba_1016_1_grm_std_uni,1,4.72992467880249,-3.845111608505249,1
OneHandOreba_1016_1_grm_std_uni,1,4.768023490905762,-4.027285575866699,1
OneHandOreba_1016_1_grm_std_uni,1,4.764175891876221,-3.970029830932617,1
OneHandOreba_1016_1_grm_std_uni,1,3.9740521907806396,-3.038534164428711,1
OneHandOreba_1016_1_grm_std_uni,1,5.186783313751221,-5.088863849639893,1
OneHandOreba_1016_1_grm_std_uni,1,5.615622043609619,-5.923372745513916,1
OneHandOreba_1016_1_grm_std_uni,1,6.046666622161865,-6.284194469451904,1
OneHandOreba_1016_1_grm_std_uni,1,6.26541805267334,-5.902905464172363,1
OneHandOreba_1016_1_grm_std_uni,1,5.767101764678955,-5.3002777099609375,1
OneHandOreba_1016_1_grm_std_uni,1,5.854271411895752,-5.322814464569092,1
OneHandOreba_1016_1_grm_std_uni,1,5.536492824554443,-4.961558818817139,1
OneHandOreba_1016_1_grm_std_uni,1,5.338388919830322,-4.910511493682861,1
OneHandOreba_1016_1_grm_std_uni,1,5.294026851654053,-4.817647457122803,1
OneHandOreba_1016_1_grm_std_uni,1,5.113001346588135,-4.619986534118652,1
OneHandOreba_1016_1_grm_std_uni,1,4.904000282287598,-4.611990928649902,1
OneHandOreba_1016_1_grm_std_uni,1,4.802854061126709,-4.564005374908447,1
OneHandOreba_1016_1_grm_std_uni,1,4.269419193267822,-4.195296764373779,1
OneHandOreba_1016_1_grm_std_uni,1,4.805354595184326,-4.675836086273193,1
OneHandOreba_1016_1_grm_std_uni,1,4.864253997802734,-4.880587100982666,1
OneHandOreba_1016_1_grm_std_uni,1,4.790886878967285,-4.6153364181518555,1
OneHandOreba_1016_1_grm_std_uni,1,5.33290433883667,-5.219158172607422,1
OneHandOreba_1016_1_grm_std_uni,1,5.46483039855957,-5.219690322875977,1
OneHandOreba_1016_1_grm_std_uni,1,5.974087238311768,-5.966385364532471,1
OneHandOreba_1016_1_grm_std_uni,1,6.658967018127441,-7.133130073547363,1
OneHandOreba_1016_1_grm_std_uni,1,6.255809307098389,-6.593285083770752,1
OneHandOreba_1016_1_grm_std_uni,1,6.056980133056641,-5.614073276519775,1
OneHandOreba_1016_1_grm_std_uni,1,5.556495189666748,-5.0231804847717285,1
OneHandOreba_1016_1_grm_std_uni,1,5.438442230224609,-5.178976058959961,1
OneHandOreba_1016_1_grm_std_uni,1,5.207878589630127,-4.934105396270752,1
OneHandOreba_1016_1_grm_std_uni,1,5.120718479156494,-4.7893524169921875,1
OneHandOreba_1016_1_grm_std_uni,1,5.383917331695557,-4.943101406097412,1
OneHandOreba_1016_1_grm_std_uni,1,4.8162102699279785,-4.442022800445557,1
OneHandOreba_1016_1_grm_std_uni,1,4.606279373168945,-4.235697269439697,1
OneHandOreba_1016_1_grm_std_uni,1,4.293389797210693,-3.775989294052124,1
OneHandOreba_1016_1_grm_std_uni,1,4.259524822235107,-3.8939785957336426,1
OneHandOreba_1016_1_grm_std_uni,1,4.865537166595459,-4.541046619415283,1
OneHandOreba_1016_1_grm_std_uni,1,5.526139736175537,-5.813741683959961,1
OneHandOreba_1016_1_grm_std_uni,1,6.701697826385498,-6.909544467926025,1
OneHandOreba_1016_1_grm_std_uni,1,6.722568988800049,-6.752575874328613,1
OneHandOreba_1016_1_grm_std_uni,1,5.707015514373779,-5.9068522453308105,1
OneHandOreba_1016_1_grm_std_uni,1,6.475771903991699,-6.485199928283691,1
OneHandOreba_1016_1_grm_std_uni,1,6.342299938201904,-6.01719331741333,1
OneHandOreba_1016_1_grm_std_uni,1,6.89405632019043,-6.655653953552246,1
OneHandOreba_1016_1_grm_std_uni,1,6.334977626800537,-5.853930950164795,1
OneHandOreba_1016_1_grm_std_uni,1,5.35325813293457,-4.724404335021973,1
OneHandOreba_1016_1_grm_std_uni,1,5.093542098999023,-4.54034948348999,1
OneHandOreba_1016_1_grm_std_uni,1,5.382608413696289,-4.996454238891602,1
OneHandOreba_1016_1_grm_std_uni,1,5.936883449554443,-5.626491069793701,1
OneHandOreba_1016_1_grm_std_uni,1,6.506320476531982,-6.587486267089844,1
OneHandOreba_1016_1_grm_std_uni,1,6.528787612915039,-6.677243709564209,1
OneHandOreba_1016_1_grm_std_uni,1,6.155674457550049,-6.302534580230713,1
OneHandOreba_1016_1_grm_std_uni,1,6.4286017417907715,-6.435062408447266,1
OneHandOreba_1016_1_grm_std_uni,1,6.269904613494873,-6.255997657775879,1
OneHandOreba_1016_1_grm_std_uni,1,5.899841785430908,-5.61189079284668,1
OneHandOreba_1016_1_grm_std_uni,1,5.883888244628906,-5.624152183532715,1
OneHandOreba_1016_1_grm_std_uni,2,5.670760631561279,-5.487560272216797,1
OneHandOreba_1016_1_grm_std_uni,2,3.8991334438323975,-4.0103983879089355,1
OneHandOreba_1016_1_grm_std_uni,2,4.095097541809082,-5.272743225097656,1
OneHandOreba_1016_1_grm_std_uni,2,4.047806739807129,-5.125099182128906,1
OneHandOreba_1016_1_grm_std_uni,2,4.174592971801758,-5.0168023109436035,1
OneHandOreba_1016_1_grm_std_uni,2,4.163601875305176,-4.748700141906738,1
OneHandOreba_1016_1_grm_std_uni,2,4.005674839019775,-4.525419235229492,1
OneHandOreba_1016_1_grm_std_uni,2,3.819153070449829,-4.330017566680908,1
OneHandOreba_1016_1_grm_std_uni,2,3.8989882469177246,-4.48007869720459,1
OneHandOreba_1016_1_grm_std_uni,2,4.216511249542236,-4.957067489624023,1
OneHandOreba_1016_1_grm_std_uni,2,4.519940376281738,-5.332703590393066,1
OneHandOreba_1016_1_grm_std_uni,2,4.133842468261719,-5.047114372253418,1
OneHandOreba_1016_1_grm_std_uni,2,2.760171413421631,-3.957461357116699,1
OneHandOreba_1016_1_grm_std_uni,2,3.4807801246643066,-4.841201305389404,1
OneHandOreba_1016_1_grm_std_uni,2,4.6986002922058105,-5.658398151397705,1
OneHandOreba_1016_1_grm_std_uni,2,4.579199314117432,-4.858766555786133,1
OneHandOreba_1016_1_grm_std_uni,1,3.172826051712036,-3.0877246856689453,1
OneHandOreba_1016_1_grm_std_uni,1,3.681196451187134,-3.391669988632202,1
OneHandOreba_1016_1_grm_std_uni,1,4.538007736206055,-4.764333248138428,1
OneHandOreba_1016_1_grm_std_uni,1,4.769496440887451,-5.441693305969238,1
OneHandOreba_1016_1_grm_std_uni,1,4.5595383644104,-5.525561332702637,1
OneHandOreba_1016_1_grm_std_uni,1,4.511415958404541,-5.537386894226074,1
OneHandOreba_1016_1_grm_std_uni,1,4.450249671936035,-5.490907192230225,1
OneHandOreba_1016_1_grm_std_uni,1,4.470758438110352,-5.522859573364258,1
OneHandOreba_1016_1_grm_std_uni,1,4.398133754730225,-5.502742767333984,1
OneHandOreba_1016_1_grm_std_uni,1,4.320523738861084,-5.424457550048828,1
OneHandOreba_1016_1_grm_std_uni,1,4.313213348388672,-5.4034833908081055,1
OneHandOreba_1016_1_grm_std_uni,1,4.307115077972412,-5.3900675773620605,1
OneHandOreba_1016_1_grm_std_uni,1,4.240453243255615,-5.310367584228516,1
OneHandOreba_1016_1_grm_std_uni,1,4.206991672515869,-5.259566783905029,1
OneHandOreba_1016_1_grm_std_uni,1,4.216782093048096,-5.2890095710754395,1
OneHandOreba_1016_1_grm_std_uni,1,4.175043106079102,-5.221274375915527,1
OneHandOreba_1016_1_grm_std_uni,1,4.184945583343506,-5.218696594238281,1
OneHandOreba_1016_1_grm_std_uni,1,4.2623701095581055,-5.350595474243164,1
OneHandOreba_1016_1_grm_std_uni,1,4.21476411819458,-5.276062488555908,1
OneHandOreba_1016_1_grm_std_uni,1,4.112320423126221,-5.171299934387207,1
OneHandOreba_1016_1_grm_std_uni,1,4.2019782066345215,-5.271841526031494,1
OneHandOreba_1016_1_grm_std_uni,1,4.387789249420166,-5.469455718994141,1
OneHandOreba_1016_1_grm_std_uni,1,4.378132343292236,-5.446741580963135,1
OneHandOreba_1016_1_grm_std_uni,1,4.096017837524414,-5.221219539642334,1
OneHandOreba_1016_1_grm_std_uni,1,4.374763488769531,-5.3001909255981445,1
OneHandOreba_1016_1_grm_std_uni,1,4.511909484863281,-5.301534175872803,1
OneHandOreba_1016_1_grm_std_uni,1,5.335503101348877,-6.038145065307617,1
OneHandOreba_1016_1_grm_std_uni,1,5.342199802398682,-5.961508750915527,1
OneHandOreba_1016_1_grm_std_uni,1,6.089771747589111,-6.736351490020752,1
OneHandOreba_1016_1_grm_std_uni,1,6.060281276702881,-6.825660705566406,1
OneHandOreba_1016_1_grm_std_uni,1,5.268126964569092,-6.1483001708984375,1
OneHandOreba_1016_1_grm_std_uni,1,4.365649223327637,-4.603729724884033,1
OneHandOreba_1016_1_grm_std_uni,1,3.0148134231567383,-2.587655782699585,1
OneHandOreba_1016_1_grm_std_uni,1,3.9162628650665283,-3.162883758544922,1
OneHandOreba_1016_1_grm_std_uni,1,5.404672622680664,-4.464545726776123,1
OneHandOreba_1016_1_grm_std_uni,1,6.1301751136779785,-5.303102970123291,1
OneHandOreba_1016_1_grm_std_uni,1,5.601817607879639,-4.955874919891357,1
OneHandOreba_1016_1_grm_std_uni,1,4.921222686767578,-4.007964134216309,1
OneHandOreba_1016_1_grm_std_uni,1,4.422478675842285,-3.441310405731201,1
OneHandOreba_1016_1_grm_std_uni,1,4.004502296447754,-3.36072039604187,1
OneHandOreba_1016_1_grm_std_uni,1,4.118284225463867,-4.14224100112915,1
OneHandOreba_1016_1_grm_std_uni,1,3.9351258277893066,-3.7182319164276123,1
OneHandOreba_1016_1_grm_std_uni,1,4.139139652252197,-3.9373879432678223,1
OneHandOreba_1016_1_grm_std_uni,1,4.553167819976807,-4.48257303237915,1
OneHandOreba_1016_1_grm_std_uni,1,4.331955432891846,-4.425637722015381,1
OneHandOreba_1016_1_grm_std_uni,1,4.010936737060547,-4.228435039520264,1
OneHandOreba_1016_1_grm_std_uni,1,4.064559459686279,-4.227846622467041,1
OneHandOreba_1016_1_grm_std_uni,1,4.6850905418396,-5.222932815551758,1
OneHandOreba_1016_1_grm_std_uni,1,4.73476505279541,-5.474195957183838,1
OneHandOreba_1016_1_grm_std_uni,1,4.755776882171631,-5.105219841003418,1
OneHandOreba_1016_1_grm_std_uni,1,4.469117164611816,-4.436288356781006,1
OneHandOreba_1016_1_grm_std_uni,1,4.80463981628418,-4.773569583892822,1
OneHandOreba_1016_1_grm_std_uni,1,4.951376438140869,-4.8688764572143555,1
OneHandOreba_1016_1_grm_std_uni,1,5.070842266082764,-4.852237224578857,1
OneHandOreba_1016_1_grm_std_uni,1,5.061878204345703,-4.739408016204834,1
OneHandOreba_1016_1_grm_std_uni,1,5.019331932067871,-4.407689094543457,1
OneHandOreba_1016_1_grm_std_uni,1,4.6028265953063965,-4.142904281616211,1
OneHandOreba_1016_1_grm_std_uni,1,4.529874801635742,-4.393342018127441,1
OneHandOreba_1016_1_grm_std_uni,1,4.82930850982666,-4.83869743347168,1
OneHandOreba_1016_1_grm_std_uni,1,4.820516586303711,-5.040218353271484,1
OneHandOreba_1016_1_grm_std_uni,1,4.330069541931152,-4.5884857177734375,1
OneHandOreba_1016_1_grm_std_uni,1,4.582880020141602,-4.759574890136719,1
OneHandOreba_1016_1_grm_std_uni,1,4.271094799041748,-4.686776161193848,1
OneHandOreba_1016_1_grm_std_uni,1,4.278878688812256,-4.530075550079346,1
OneHandOreba_1016_1_grm_std_uni,1,4.393314838409424,-4.686985015869141,1
OneHandOreba_1016_1_grm_std_uni,1,4.6299872398376465,-5.045252323150635,1
OneHandOreba_1016_1_grm_std_uni,1,4.510349273681641,-4.904354095458984,1
OneHandOreba_1016_1_grm_std_uni,1,4.189652919769287,-4.475839138031006,1
OneHandOreba_1016_1_grm_std_uni,1,4.480448246002197,-4.868524074554443,1
OneHandOreba_1016_1_grm_std_uni,1,4.646670341491699,-4.987135410308838,1
OneHandOreba_1016_1_grm_std_uni,1,4.504022598266602,-4.817139625549316,1
OneHandOreba_1016_1_grm_std_uni,1,5.340163230895996,-5.669238090515137,1
OneHandOreba_1016_1_grm_std_uni,1,5.864718914031982,-6.183678150177002,1
OneHandOreba_1016_1_grm_std_uni,1,5.912744522094727,-5.8140177726745605,1
OneHandOreba_1016_1_grm_std_uni,1,5.792263984680176,-5.755038261413574,1
OneHandOreba_1016_1_grm_std_uni,1,5.895936965942383,-5.8536272048950195,1
OneHandOreba_1016_1_grm_std_uni,1,4.9875054359436035,-4.830929756164551,1
OneHandOreba_1016_1_grm_std_uni,1,5.076885223388672,-4.980963230133057,1
OneHandOreba_1016_1_grm_std_uni,1,4.9708662033081055,-4.567695140838623,1
OneHandOreba_1016_1_grm_std_uni,1,4.804982662200928,-4.272523403167725,1
OneHandOreba_1016_1_grm_std_uni,1,4.138470649719238,-3.495558023452759,1
OneHandOreba_1016_1_grm_std_uni,1,4.456950664520264,-4.091976165771484,1
OneHandOreba_1016_1_grm_std_uni,1,5.386059284210205,-5.053688049316406,1
OneHandOreba_1016_1_grm_std_uni,1,5.546119213104248,-5.372768878936768,1
OneHandOreba_1016_1_grm_std_uni,1,5.802731037139893,-5.412262916564941,1
OneHandOreba_1016_1_grm_std_uni,1,5.361497402191162,-4.848470211029053,1
OneHandOreba_1016_1_grm_std_uni,1,5.327780723571777,-4.806244850158691,1
OneHandOreba_1016_1_grm_std_uni,1,5.264018535614014,-5.020302772521973,1
OneHandOreba_1016_1_grm_std_uni,1,4.429699420928955,-3.931819438934326,1
OneHandOreba_1016_1_grm_std_uni,1,4.805394649505615,-4.662863731384277,1
OneHandOreba_1016_1_grm_std_uni,1,5.417726993560791,-5.396884918212891,1
OneHandOreba_1016_1_grm_std_uni,1,4.642047882080078,-4.080892086029053,1
OneHandOreba_1016_1_grm_std_uni,1,5.7198486328125,-5.536098957061768,1
OneHandOreba_1016_1_grm_std_uni,1,6.4417595863342285,-6.541157245635986,1
OneHandOreba_1016_1_grm_std_uni,1,6.610054969787598,-6.753737449645996,1
OneHandOreba_1016_1_grm_std_uni,1,6.351202487945557,-6.877259254455566,1
OneHandOreba_1016_1_grm_std_uni,1,4.9578857421875,-5.620367050170898,1
OneHandOreba_1016_1_grm_std_uni,1,4.271013259887695,-4.69075345993042,1
OneHandOreba_1016_1_grm_std_uni,1,4.672762393951416,-5.06705379486084,1
OneHandOreba_1016_1_grm_std_uni,1,5.579857349395752,-5.92932653427124,1
OneHandOreba_1016_1_grm_std_uni,1,5.366626262664795,-5.76262903213501,1
OneHandOreba_1016_1_grm_std_uni,1,4.640317440032959,-5.020544528961182,1
OneHandOreba_1016_1_grm_std_uni,1,3.8425943851470947,-4.1612019538879395,1
OneHandOreba_1016_1_grm_std_uni,1,3.201559543609619,-3.247393846511841,1
OneHandOreba_1016_1_grm_std_uni,1,2.836669445037842,-2.559525489807129,1
OneHandOreba_1016_1_grm_std_uni,2,2.891390562057495,-2.1024389266967773,1
OneHandOreba_1016_1_grm_std_uni,2,3.963870048522949,-3.736438035964966,1
OneHandOreba_1016_1_grm_std_uni,2,4.761706829071045,-5.439533233642578,1
OneHandOreba_1016_1_grm_std_uni,2,4.746984958648682,-5.566229343414307,1
OneHandOreba_1016_1_grm_std_uni,2,4.6888322830200195,-5.496534824371338,1
OneHandOreba_1016_1_grm_std_uni,2,4.5933756828308105,-5.410749912261963,1
OneHandOreba_1016_1_grm_std_uni,2,4.532945156097412,-5.406018257141113,1
OneHandOreba_1016_1_grm_std_uni,2,4.548909664154053,-5.46004056930542,1
OneHandOreba_1016_1_grm_std_uni,2,4.458327293395996,-5.402681350708008,1
OneHandOreba_1016_1_grm_std_uni,2,4.323903560638428,-5.314489364624023,1
OneHandOreba_1016_1_grm_std_uni,2,3.893801689147949,-4.831333637237549,1
OneHandOreba_1016_1_grm_std_uni,2,3.4397735595703125,-4.055349826812744,1
OneHandOreba_1016_1_grm_std_uni,2,3.0713632106781006,-3.1568353176116943,1
OneHandOreba_1016_1_grm_std_uni,2,2.9045963287353516,-2.7299602031707764,1
OneHandOreba_1016_1_grm_std_uni,2,3.7691397666931152,-3.6994004249572754,1
OneHandOreba_1016_1_grm_std_uni,2,2.876582622528076,-2.2034404277801514,1
OneHandOreba_1016_1_grm_std_uni,2,2.0262463092803955,-1.486430287361145,1
OneHandOreba_1016_1_grm_std_uni,2,1.7492913007736206,-1.3629976511001587,1
OneHandOreba_1016_1_grm_std_uni,1,2.730498790740967,-3.0205554962158203,1
OneHandOreba_1016_1_grm_std_uni,1,4.080082893371582,-4.804250240325928,1
OneHandOreba_1016_1_grm_std_uni,1,4.4149861335754395,-5.152310848236084,1
OneHandOreba_1016_1_grm_std_uni,1,4.333195686340332,-5.092137336730957,1
OneHandOreba_1016_1_grm_std_uni,1,4.258408546447754,-5.060395240783691,1
OneHandOreba_1016_1_grm_std_uni,1,4.324411869049072,-5.15802526473999,1
OneHandOreba_1016_1_grm_std_uni,1,4.250789642333984,-5.064833641052246,1
OneHandOreba_1016_1_grm_std_uni,1,4.0821380615234375,-4.880821228027344,1
OneHandOreba_1016_1_grm_std_uni,1,4.078803539276123,-4.908236026763916,1
OneHandOreba_1016_1_grm_std_uni,1,4.2333598136901855,-5.128212928771973,1
OneHandOreba_1016_1_grm_std_uni,1,4.18820858001709,-5.091433048248291,1
OneHandOreba_1016_1_grm_std_uni,1,4.039282321929932,-4.913148880004883,1
OneHandOreba_1016_1_grm_std_uni,1,4.0004472732543945,-4.851741313934326,1
OneHandOreba_1016_1_grm_std_uni,1,3.9589555263519287,-4.79130744934082,1
OneHandOreba_1016_1_grm_std_uni,1,3.9125149250030518,-4.772181987762451,1
OneHandOreba_1016_1_grm_std_uni,1,3.9864137172698975,-4.866700649261475,1
OneHandOreba_1016_1_grm_std_uni,1,3.972036361694336,-4.848419666290283,1
OneHandOreba_1016_1_grm_std_uni,1,3.9865355491638184,-4.904330730438232,1
OneHandOreba_1016_1_grm_std_uni,1,4.038997173309326,-4.9876861572265625,1
OneHandOreba_1016_1_grm_std_uni,1,4.065140724182129,-5.033094882965088,1
OneHandOreba_1016_1_grm_std_uni,1,3.973015546798706,-4.937512397766113,1
OneHandOreba_1016_1_grm_std_uni,1,3.932474136352539,-4.876445293426514,1
OneHandOreba_1016_1_grm_std_uni,1,3.8521618843078613,-4.7699809074401855,1
OneHandOreba_1016_1_grm_std_uni,1,3.927260637283325,-4.872063159942627,1
OneHandOreba_1016_1_grm_std_uni,1,3.9651777744293213,-4.870165824890137,1
OneHandOreba_1016_1_grm_std_uni,1,3.8186283111572266,-4.701611518859863,1
OneHandOreba_1016_1_grm_std_uni,1,3.8626744747161865,-4.805719375610352,1
OneHandOreba_1016_1_grm_std_uni,1,4.076102256774902,-5.066788673400879,1
OneHandOreba_1016_1_grm_std_uni,1,4.065864086151123,-5.027768611907959,1
OneHandOreba_1016_1_grm_std_uni,1,4.016217231750488,-4.955765247344971,1
OneHandOreba_1016_1_grm_std_uni,1,3.9385592937469482,-4.90723991394043,1
OneHandOreba_1016_1_grm_std_uni,1,3.8748579025268555,-4.8370747566223145,1
OneHandOreba_1016_1_grm_std_uni,1,3.842221260070801,-4.818989276885986,1
OneHandOreba_1016_1_grm_std_uni,1,3.842989683151245,-4.782721519470215,1
OneHandOreba_1016_1_grm_std_uni,1,3.8222663402557373,-4.793597221374512,1
OneHandOreba_1016_1_grm_std_uni,1,3.816664695739746,-4.778875827789307,1
OneHandOreba_1016_1_grm_std_uni,1,3.8055524826049805,-4.798165321350098,1
OneHandOreba_1016_1_grm_std_uni,1,3.8115994930267334,-4.809117794036865,1
OneHandOreba_1016_1_grm_std_uni,1,3.6907060146331787,-4.665099143981934,1
OneHandOreba_1016_1_grm_std_uni,1,3.6528117656707764,-4.631011962890625,1
OneHandOreba_1016_1_grm_std_uni,1,3.6647119522094727,-4.660645961761475,1
OneHandOreba_1016_1_grm_std_uni,1,3.70961594581604,-4.720386028289795,1
OneHandOreba_1016_1_grm_std_uni,1,3.7409932613372803,-4.741879940032959,1
OneHandOreba_1016_1_grm_std_uni,1,3.5194501876831055,-4.440411567687988,1
OneHandOreba_1016_1_grm_std_uni,1,3.16676664352417,-4.134858131408691,1
OneHandOreba_1016_1_grm_std_uni,1,3.565077781677246,-4.661871910095215,1
OneHandOreba_1016_1_grm_std_uni,1,3.526211977005005,-4.566808700561523,1
OneHandOreba_1016_1_grm_std_uni,1,3.5247271060943604,-4.434944152832031,1
OneHandOreba_1016_1_grm_std_uni,1,4.056183338165283,-4.9123005867004395,1
OneHandOreba_1016_1_grm_std_uni,1,4.2611470222473145,-5.128814220428467,1
OneHandOreba_1016_1_grm_std_uni,1,4.227053165435791,-5.068379878997803,1
OneHandOreba_1016_1_grm_std_uni,1,3.922736883163452,-4.796584129333496,1
OneHandOreba_1016_1_grm_std_uni,1,3.5917961597442627,-4.501021385192871,1
OneHandOreba_1016_1_grm_std_uni,1,2.196636438369751,-3.500288486480713,1
OneHandOreba_1016_1_grm_std_uni,1,1.7825645208358765,-3.176790714263916,1
OneHandOreba_1016_1_grm_std_uni,1,2.81803560256958,-3.848787307739258,1
OneHandOreba_1016_1_grm_std_uni,1,3.878688097000122,-4.458245754241943,1
OneHandOreba_1016_1_grm_std_uni,1,3.7861337661743164,-3.852545976638794,1
OneHandOreba_1016_1_grm_std_uni,1,3.6933650970458984,-3.8278512954711914,1
OneHandOreba_1016_1_grm_std_uni,1,4.07701301574707,-4.12367582321167,1
OneHandOreba_1016_1_grm_std_uni,1,4.664867877960205,-4.150984287261963,1
OneHandOreba_1016_1_grm_std_uni,1,4.615805625915527,-3.7677369117736816,1
OneHandOreba_1016_1_grm_std_uni,1,4.404415607452393,-3.7154910564422607,1
OneHandOreba_1016_1_grm_std_uni,1,4.6655778884887695,-4.28476619720459,1
OneHandOreba_1016_1_grm_std_uni,1,4.825937747955322,-4.046367645263672,1
OneHandOreba_1016_1_grm_std_uni,1,5.126461029052734,-4.473744869232178,1
OneHandOreba_1016_1_grm_std_uni,1,5.446029186248779,-5.0621562004089355,1
OneHandOreba_1016_1_grm_std_uni,1,5.7224884033203125,-5.2381463050842285,1
OneHandOreba_1016_1_grm_std_uni,1,6.003450393676758,-5.26954460144043,1
OneHandOreba_1016_1_grm_std_uni,1,5.98178768157959,-5.109547138214111,1
OneHandOreba_1016_1_grm_std_uni,1,5.5413947105407715,-4.6864848136901855,1
OneHandOreba_1016_1_grm_std_uni,1,5.773998737335205,-4.977947235107422,1
OneHandOreba_1016_1_grm_std_uni,1,6.238504409790039,-6.0915327072143555,1
OneHandOreba_1016_1_grm_std_uni,1,6.651105880737305,-6.995329856872559,1
OneHandOreba_1016_1_grm_std_uni,1,5.920506954193115,-6.842790126800537,1
OneHandOreba_1016_1_grm_std_uni,1,5.774084568023682,-6.518765449523926,1
OneHandOreba_1016_1_grm_std_uni,1,6.275008678436279,-6.632164001464844,1
OneHandOreba_1016_1_grm_std_uni,1,6.352156639099121,-6.327999114990234,1
OneHandOreba_1016_1_grm_std_uni,1,5.930332660675049,-6.147730350494385,1
OneHandOreba_1016_1_grm_std_uni,1,2.5663206577301025,-2.5430262088775635,1
OneHandOreba_1016_1_grm_std_uni,1,2.3999886512756348,-2.5113167762756348,1
OneHandOreba_1016_1_grm_std_uni,2,3.5290212631225586,-3.1228861808776855,1
OneHandOreba_1016_1_grm_std_uni,2,4.262983322143555,-3.742386817932129,1
OneHandOreba_1016_1_grm_std_uni,2,3.8130857944488525,-3.6859748363494873,1
OneHandOreba_1016_1_grm_std_uni,2,3.9986276626586914,-4.321388244628906,1
OneHandOreba_1016_1_grm_std_uni,2,4.405667304992676,-5.04580545425415,1
OneHandOreba_1016_1_grm_std_uni,2,4.269930362701416,-5.083454132080078,1
OneHandOreba_1016_1_grm_std_uni,2,4.022575855255127,-4.784219264984131,1
OneHandOreba_1016_1_grm_std_uni,2,3.7899985313415527,-4.5053486824035645,1
OneHandOreba_1016_1_grm_std_uni,2,4.081061840057373,-4.869033336639404,1
OneHandOreba_1016_1_grm_std_uni,2,4.268950939178467,-5.177280426025391,1
OneHandOreba_1016_1_grm_std_uni,2,4.140061855316162,-4.982891082763672,1
OneHandOreba_1016_1_grm_std_uni,2,3.235201358795166,-4.008141040802002,1
OneHandOreba_1016_1_grm_std_uni,2,2.868906021118164,-3.5009355545043945,1
OneHandOreba_1016_1_grm_std_uni,2,3.794783115386963,-4.338621616363525,1
OneHandOreba_1016_1_grm_std_uni,2,4.607357978820801,-4.696029186248779,1
OneHandOreba_1016_1_grm_std_uni,2,5.644487380981445,-5.961204528808594,1
OneHandOreba_1016_1_grm_std_uni,1,6.261638641357422,-6.640040874481201,1
OneHandOreba_1016_1_grm_std_uni,1,6.179640293121338,-6.909688472747803,1
OneHandOreba_1016_1_grm_std_uni,1,6.047538757324219,-6.698821544647217,1
OneHandOreba_1016_1_grm_std_uni,1,5.419533729553223,-5.535960674285889,1
OneHandOreba_1016_1_grm_std_uni,2,4.369617938995361,-4.805717468261719,1
OneHandOreba_1016_1_grm_std_uni,2,4.021307945251465,-4.590754985809326,1
OneHandOreba_1016_1_grm_std_uni,2,3.0243330001831055,-3.559941530227661,1
OneHandOreba_1016_1_grm_std_uni,2,-1.112356185913086,1.6349425315856934,1
OneHandOreba_1016_1_grm_std_uni,2,-2.0129892826080322,3.225545644760132,2
OneHandOreba_1016_1_grm_std_uni,2,0.16394439339637756,1.7819174528121948,1
OneHandOreba_1016_1_grm_std_uni,2,2.5764832496643066,-1.2579677104949951,1
OneHandOreba_1016_1_grm_std_uni,2,3.2508556842803955,-2.523449420928955,1
OneHandOreba_1016_1_grm_std_uni,2,4.214105606079102,-3.974442720413208,1
OneHandOreba_1016_1_grm_std_uni,2,5.092475891113281,-5.1242594718933105,1
OneHandOreba_1016_1_grm_std_uni,2,5.9336771965026855,-6.2426629066467285,1
OneHandOreba_1016_1_grm_std_uni,2,6.318652153015137,-6.595656394958496,1
OneHandOreba_1016_1_grm_std_uni,2,6.3835859298706055,-6.25147819519043,1
OneHandOreba_1016_1_grm_std_uni,2,6.675055503845215,-6.067187786102295,1
OneHandOreba_1016_1_grm_std_uni,2,6.921021938323975,-6.870562553405762,1
OneHandOreba_1016_1_grm_std_uni,1,7.240254878997803,-7.6709723472595215,1
OneHandOreba_1016_1_grm_std_uni,1,6.9542951583862305,-7.235546588897705,1
OneHandOreba_1016_1_grm_std_uni,1,5.878169059753418,-6.1573262214660645,1
OneHandOreba_1016_1_grm_std_uni,1,5.406638145446777,-6.08689546585083,1
OneHandOreba_1016_1_grm_std_uni,1,3.7744386196136475,-4.663354396820068,1
OneHandOreba_1016_1_grm_std_uni,1,4.349498748779297,-5.486732006072998,1
OneHandOreba_1016_1_grm_std_uni,1,4.756430149078369,-6.0150065422058105,1
OneHandOreba_1016_1_grm_std_uni,1,4.802132606506348,-5.88098669052124,1
OneHandOreba_1016_1_grm_std_uni,1,4.717796325683594,-5.647500991821289,1
OneHandOreba_1016_1_grm_std_uni,1,4.757437229156494,-5.620414733886719,1
OneHandOreba_1016_1_grm_std_uni,1,4.795584678649902,-5.6790900230407715,1
OneHandOreba_1016_1_grm_std_uni,1,4.788351058959961,-5.680352210998535,1
OneHandOreba_1016_1_grm_std_uni,1,4.7792792320251465,-5.693692207336426,1
OneHandOreba_1016_1_grm_std_uni,1,4.941952705383301,-5.901504039764404,1
OneHandOreba_1016_1_grm_std_uni,1,4.94404935836792,-5.89758825302124,1
OneHandOreba_1016_1_grm_std_uni,1,4.837914943695068,-5.841401100158691,1
OneHandOreba_1016_1_grm_std_uni,1,4.340399265289307,-5.414301872253418,1
OneHandOreba_1016_1_grm_std_uni,1,4.402050495147705,-5.264129638671875,1
OneHandOreba_1016_1_grm_std_uni,1,4.653466701507568,-5.3200531005859375,1
OneHandOreba_1016_1_grm_std_uni,1,4.803071975708008,-5.534299373626709,1
OneHandOreba_1016_1_grm_std_uni,1,4.628906726837158,-5.276434898376465,1
OneHandOreba_1016_1_grm_std_uni,1,4.147510051727295,-4.9083452224731445,1
OneHandOreba_1016_1_grm_std_uni,1,4.077485084533691,-4.8996357917785645,1
OneHandOreba_1016_1_grm_std_uni,1,3.998190402984619,-4.616855621337891,1
OneHandOreba_1016_1_grm_std_uni,1,4.323071479797363,-4.882379531860352,1
OneHandOreba_1016_1_grm_std_uni,1,4.361682891845703,-4.869672775268555,1
OneHandOreba_1016_1_grm_std_uni,2,4.523913383483887,-5.1000542640686035,1
OneHandOreba_1016_1_grm_std_uni,2,4.465404987335205,-5.065088272094727,1
OneHandOreba_1016_1_grm_std_uni,2,4.337217330932617,-4.898948669433594,1
OneHandOreba_1016_1_grm_std_uni,2,4.359422206878662,-4.920669078826904,1
OneHandOreba_1016_1_grm_std_uni,2,4.435244083404541,-5.034785747528076,1
OneHandOreba_1016_1_grm_std_uni,2,4.308628559112549,-4.896127223968506,1
OneHandOreba_1016_1_grm_std_uni,2,4.200554370880127,-4.769370079040527,1
OneHandOreba_1016_1_grm_std_uni,2,4.1915388107299805,-4.8166656494140625,1
OneHandOreba_1016_1_grm_std_uni,2,4.183364391326904,-4.841638088226318,1
OneHandOreba_1016_1_grm_std_uni,2,4.2029571533203125,-4.899258136749268,1
OneHandOreba_1016_1_grm_std_uni,2,4.113706111907959,-4.79455041885376,1
OneHandOreba_1016_1_grm_std_uni,2,3.9548847675323486,-4.624821186065674,1
OneHandOreba_1016_1_grm_std_uni,2,3.945174217224121,-4.651355266571045,1
OneHandOreba_1016_1_grm_std_uni,2,3.955902338027954,-4.6979756355285645,1
OneHandOreba_1016_1_grm_std_uni,1,3.8715460300445557,-4.622391700744629,1
OneHandOreba_1016_1_grm_std_uni,1,3.839388370513916,-4.6058197021484375,1
OneHandOreba_1016_1_grm_std_uni,1,3.836510419845581,-4.629156112670898,1
OneHandOreba_1016_1_grm_std_uni,1,3.821624517440796,-4.6144819259643555,1
OneHandOreba_1016_1_grm_std_uni,1,3.8217146396636963,-4.619041442871094,1
OneHandOreba_1016_1_grm_std_uni,1,3.6568262577056885,-4.4428324699401855,1
OneHandOreba_1016_1_grm_std_uni,1,3.5430147647857666,-4.326491832733154,1
OneHandOreba_1016_1_grm_std_uni,1,3.5630319118499756,-4.391280651092529,1
OneHandOreba_1016_1_grm_std_uni,1,3.393933057785034,-4.242316722869873,1
OneHandOreba_1016_1_grm_std_uni,1,3.6888558864593506,-4.5378828048706055,1
OneHandOreba_1016_1_grm_std_uni,1,3.9510128498077393,-4.815038681030273,1
OneHandOreba_1016_1_grm_std_uni,1,3.9773972034454346,-4.84355354309082,1
OneHandOreba_1016_1_grm_std_uni,1,3.965801477432251,-4.843958377838135,1
OneHandOreba_1016_1_grm_std_uni,1,4.034048557281494,-4.916245937347412,1
OneHandOreba_1016_1_grm_std_uni,1,4.079445838928223,-4.879719257354736,1
OneHandOreba_1016_1_grm_std_uni,1,4.021774768829346,-4.710031032562256,1
OneHandOreba_1016_1_grm_std_uni,1,3.8175947666168213,-4.484742641448975,1
OneHandOreba_1016_1_grm_std_uni,1,3.921504020690918,-4.592466354370117,1
OneHandOreba_1016_1_grm_std_uni,1,3.8174290657043457,-4.434773921966553,1
OneHandOreba_1016_1_grm_std_uni,1,3.7371692657470703,-4.353237628936768,1
OneHandOreba_1016_1_grm_std_uni,1,3.719658851623535,-4.400954246520996,1
OneHandOreba_1016_1_grm_std_uni,1,3.404156446456909,-4.228145599365234,1
OneHandOreba_1016_1_grm_std_uni,1,1.768030047416687,-2.75068736076355,1
OneHandOreba_1016_1_grm_std_uni,1,1.3367215394973755,-2.3247053623199463,1
OneHandOreba_1016_1_grm_std_uni,1,2.708592414855957,-3.315901279449463,1
OneHandOreba_1016_1_grm_std_uni,1,2.4252355098724365,-2.4128577709198,1
OneHandOreba_1016_1_grm_std_uni,1,1.6189242601394653,-1.389187216758728,1
OneHandOreba_1016_1_grm_std_uni,1,2.919142246246338,-3.0157370567321777,1
OneHandOreba_1016_1_grm_std_uni,1,4.0075883865356445,-4.53017520904541,1
OneHandOreba_1016_1_grm_std_uni,1,4.255695819854736,-4.966177463531494,1
OneHandOreba_1016_1_grm_std_uni,1,4.431508541107178,-5.186813831329346,1
OneHandOreba_1016_1_grm_std_uni,1,4.447620391845703,-5.243141174316406,1
OneHandOreba_1016_1_grm_std_uni,1,4.311580657958984,-5.125658988952637,1
OneHandOreba_1016_1_grm_std_uni,1,4.075998306274414,-4.871647357940674,1
OneHandOreba_1016_1_grm_std_uni,2,4.019914150238037,-4.872843265533447,1
OneHandOreba_1016_1_grm_std_uni,2,4.206419467926025,-5.107058525085449,1
OneHandOreba_1016_1_grm_std_uni,2,4.149362087249756,-5.05471658706665,1
OneHandOreba_1016_1_grm_std_uni,2,4.139548301696777,-5.010221481323242,1
OneHandOreba_1016_1_grm_std_uni,2,4.114320278167725,-4.999804496765137,1
OneHandOreba_1016_1_grm_std_uni,2,4.077691555023193,-4.948622226715088,1
OneHandOreba_1016_1_grm_std_uni,2,4.065097332000732,-4.951897621154785,1
OneHandOreba_1016_1_grm_std_uni,2,4.159432411193848,-5.019535541534424,1
OneHandOreba_1016_1_grm_std_uni,2,4.082239627838135,-4.949792861938477,1
OneHandOreba_1016_1_grm_std_uni,2,3.8808255195617676,-4.723967552185059,1
OneHandOreba_1016_1_grm_std_uni,2,3.7259089946746826,-4.6462626457214355,1
OneHandOreba_1016_1_grm_std_uni,2,4.190297603607178,-5.062868118286133,1
OneHandOreba_1016_1_grm_std_uni,2,4.228628158569336,-5.115232944488525,1
OneHandOreba_1016_1_grm_std_uni,2,4.122983455657959,-5.032192230224609,1
OneHandOreba_1016_1_grm_std_uni,2,4.025157451629639,-4.9804768562316895,1
OneHandOreba_1016_1_grm_std_uni,2,3.9506404399871826,-4.975420951843262,1
OneHandOreba_1016_1_grm_std_uni,2,4.082470417022705,-5.105966567993164,1
OneHandOreba_1016_1_grm_std_uni,2,4.154098987579346,-5.185299873352051,1
OneHandOreba_1016_1_grm_std_uni,2,4.027767181396484,-5.0591888427734375,1
OneHandOreba_1016_1_grm_std_uni,2,3.8840787410736084,-4.896129608154297,1
OneHandOreba_1016_1_grm_std_uni,2,3.9032371044158936,-4.951659679412842,1
OneHandOreba_1016_1_grm_std_uni,2,4.143805503845215,-5.168200492858887,1
OneHandOreba_1016_1_grm_std_uni,2,4.207261085510254,-5.173168659210205,1
OneHandOreba_1016_1_grm_std_uni,1,4.153592586517334,-5.119051456451416,1
OneHandOreba_1016_1_grm_std_uni,1,4.025960445404053,-5.006493091583252,1
OneHandOreba_1016_1_grm_std_uni,1,3.9550023078918457,-4.955681324005127,1
OneHandOreba_1016_1_grm_std_uni,1,3.989901065826416,-5.019759654998779,1
OneHandOreba_1016_1_grm_std_uni,1,4.001432418823242,-5.045245170593262,1
OneHandOreba_1016_1_grm_std_uni,1,3.895953893661499,-4.909587383270264,1
OneHandOreba_1016_1_grm_std_uni,2,3.840890407562256,-4.8812055587768555,1
OneHandOreba_1016_1_grm_std_uni,2,3.8327603340148926,-4.863331317901611,1
OneHandOreba_1016_1_grm_std_uni,2,3.908494710922241,-4.957424163818359,1
OneHandOreba_1016_1_grm_std_uni,2,3.7952682971954346,-4.858272552490234,1
OneHandOreba_1016_1_grm_std_uni,2,3.682612657546997,-4.742899417877197,1
OneHandOreba_1016_1_grm_std_uni,2,3.789255142211914,-4.892225742340088,1
OneHandOreba_1016_1_grm_std_uni,2,3.7390708923339844,-4.84847354888916,1
OneHandOreba_1016_1_grm_std_uni,2,3.6419334411621094,-4.728501796722412,1
OneHandOreba_1016_1_grm_std_uni,2,3.599929094314575,-4.691539287567139,1
OneHandOreba_1016_1_grm_std_uni,2,3.591397762298584,-4.6993913650512695,1
OneHandOreba_1016_1_grm_std_uni,2,3.6054067611694336,-4.732747554779053,1
OneHandOreba_1016_1_grm_std_uni,2,3.6127681732177734,-4.7553277015686035,1
OneHandOreba_1016_1_grm_std_uni,2,3.5909392833709717,-4.729262828826904,1
OneHandOreba_1016_1_grm_std_uni,2,3.574530601501465,-4.726214408874512,1
OneHandOreba_1016_1_grm_std_uni,2,3.531679630279541,-4.657369136810303,1
OneHandOreba_1016_1_grm_std_uni,2,3.474735736846924,-4.56593132019043,1
OneHandOreba_1016_1_grm_std_uni,2,3.476875066757202,-4.577521324157715,1
OneHandOreba_1016_1_grm_std_uni,2,3.5635509490966797,-4.714244365692139,1
OneHandOreba_1016_1_grm_std_uni,2,3.663633108139038,-4.809520244598389,1
OneHandOreba_1016_1_grm_std_uni,2,3.631235361099243,-4.7621660232543945,1
OneHandOreba_1016_1_grm_std_uni,2,3.632683277130127,-4.77445650100708,1
OneHandOreba_1016_1_grm_std_uni,2,3.686099052429199,-4.828294277191162,1
OneHandOreba_1016_1_grm_std_uni,2,3.6552655696868896,-4.804594039916992,1
OneHandOreba_1016_1_grm_std_uni,2,3.5086874961853027,-4.627046585083008,1
OneHandOreba_1016_1_grm_std_uni,2,3.4916789531707764,-4.6199798583984375,1
OneHandOreba_1016_1_grm_std_uni,2,3.766979932785034,-4.941433429718018,1
OneHandOreba_1016_1_grm_std_uni,2,3.7968173027038574,-4.922425270080566,1
OneHandOreba_1016_1_grm_std_uni,2,3.6484100818634033,-4.701013565063477,1
OneHandOreba_1016_1_grm_std_uni,2,3.3427159786224365,-4.444517612457275,1
OneHandOreba_1016_1_grm_std_uni,2,2.9110257625579834,-4.000606536865234,1
OneHandOreba_1016_1_grm_std_uni,1,3.187082290649414,-4.212438106536865,1
OneHandOreba_1016_1_grm_std_uni,1,3.3962454795837402,-4.384297847747803,1
OneHandOreba_1016_1_grm_std_uni,1,2.984462261199951,-3.860790252685547,1
OneHandOreba_1016_1_grm_std_uni,1,2.697713613510132,-3.551933765411377,1
OneHandOreba_1016_1_grm_std_uni,1,1.1082664728164673,-2.2653799057006836,1
OneHandOreba_1016_1_grm_std_uni,1,-0.07161109149456024,-0.8587625026702881,1
OneHandOreba_1016_1_grm_std_uni,1,1.6255056858062744,-2.657701015472412,1
OneHandOreba_1016_1_grm_std_uni,1,3.5909907817840576,-3.826965808868408,1
OneHandOreba_1016_1_grm_std_uni,1,4.132938385009766,-4.32856559753418,1
OneHandOreba_1016_1_grm_std_uni,1,4.15098237991333,-4.384459018707275,1
OneHandOreba_1016_1_grm_std_uni,1,4.370765686035156,-4.664360046386719,1
OneHandOreba_1016_1_grm_std_uni,1,4.515881061553955,-4.974822044372559,1
OneHandOreba_1016_1_grm_std_uni,1,3.946350336074829,-4.296581745147705,1
OneHandOreba_1016_1_grm_std_uni,1,3.1002020835876465,-3.7112584114074707,1
OneHandOreba_1016_1_grm_std_uni,1,2.7516212463378906,-3.4174087047576904,1
OneHandOreba_1016_1_grm_std_uni,1,4.1669535636901855,-4.337287425994873,1
OneHandOreba_1016_1_grm_std_uni,1,4.7580976486206055,-4.972665309906006,1
OneHandOreba_1016_1_grm_std_uni,1,5.137615203857422,-4.802148342132568,1
OneHandOreba_1016_1_grm_std_uni,1,5.280707836151123,-4.987354755401611,1
OneHandOreba_1016_1_grm_std_uni,1,4.327273368835449,-3.9242234230041504,1
OneHandOreba_1016_1_grm_std_uni,1,3.7789807319641113,-3.7698988914489746,1
OneHandOreba_1016_1_grm_std_uni,1,4.785238265991211,-4.58094596862793,1
OneHandOreba_1016_1_grm_std_uni,1,3.988832473754883,-4.215878486633301,1
OneHandOreba_1016_1_grm_std_uni,1,4.911083221435547,-6.411281585693359,1
OneHandOreba_1016_1_grm_std_uni,1,5.008756160736084,-7.011992454528809,1
OneHandOreba_1016_1_grm_std_uni,1,4.965925216674805,-7.071743488311768,1
OneHandOreba_1016_1_grm_std_uni,1,5.328756332397461,-7.268744468688965,1
OneHandOreba_1016_1_grm_std_uni,1,6.306105613708496,-8.185141563415527,1
OneHandOreba_1016_1_grm_std_uni,1,5.272181034088135,-6.906004428863525,1
OneHandOreba_1016_1_grm_std_uni,1,2.493194580078125,-4.310792446136475,1
OneHandOreba_1016_1_grm_std_uni,1,1.9386428594589233,-3.347923994064331,1
OneHandOreba_1016_1_grm_std_uni,1,3.7403743267059326,-4.5282721519470215,1
OneHandOreba_1016_1_grm_std_uni,1,3.951596975326538,-4.499526023864746,1
OneHandOreba_1016_1_grm_std_uni,1,3.98974347114563,-4.407341480255127,1
OneHandOreba_1016_1_grm_std_uni,1,4.530399799346924,-5.215387344360352,1
OneHandOreba_1016_1_grm_std_uni,1,4.036030292510986,-4.894710540771484,1
OneHandOreba_1016_1_grm_std_uni,1,3.3965446949005127,-4.336150646209717,1
OneHandOreba_1016_1_grm_std_uni,1,3.6947059631347656,-4.448488712310791,1
OneHandOreba_1016_1_grm_std_uni,1,4.4832234382629395,-4.850172519683838,1
OneHandOreba_1016_1_grm_std_uni,1,5.122231483459473,-5.334990501403809,1
OneHandOreba_1016_1_grm_std_uni,1,5.132511138916016,-5.210484981536865,1
OneHandOreba_1016_1_grm_std_uni,1,4.795003414154053,-4.931731224060059,1
OneHandOreba_1016_1_grm_std_uni,1,4.967679500579834,-4.977590084075928,1
OneHandOreba_1016_1_grm_std_uni,1,4.844705581665039,-4.843711853027344,1
OneHandOreba_1016_1_grm_std_uni,1,4.616372585296631,-4.69244384765625,1
OneHandOreba_1016_1_grm_std_uni,1,4.300684452056885,-4.3859100341796875,1
OneHandOreba_1016_1_grm_std_uni,1,3.696305513381958,-4.018398284912109,1
OneHandOreba_1016_1_grm_std_uni,1,3.607628345489502,-3.869483232498169,1
OneHandOreba_1016_1_grm_std_uni,1,3.6933252811431885,-4.035652160644531,1
OneHandOreba_1016_1_grm_std_uni,1,3.760042905807495,-4.234936714172363,1
OneHandOreba_1016_1_grm_std_uni,1,3.490342140197754,-4.069692611694336,1
OneHandOreba_1016_1_grm_std_uni,1,3.7448554039001465,-4.687382221221924,1
OneHandOreba_1016_1_grm_std_uni,1,3.309786319732666,-4.546468734741211,1
OneHandOreba_1016_1_grm_std_uni,1,3.144012928009033,-4.341231346130371,1
OneHandOreba_1016_1_grm_std_uni,1,2.8308823108673096,-3.5437610149383545,1
OneHandOreba_1016_1_grm_std_uni,1,2.6607863903045654,-3.118497848510742,1
OneHandOreba_1016_1_grm_std_uni,1,3.6177093982696533,-4.151576519012451,1
OneHandOreba_1016_1_grm_std_uni,1,3.929837703704834,-4.4603590965271,1
OneHandOreba_1016_1_grm_std_uni,1,3.4122273921966553,-3.9617433547973633,1
OneHandOreba_1016_1_grm_std_uni,1,4.161407947540283,-4.799316883087158,1
OneHandOreba_1016_1_grm_std_uni,1,4.97974967956543,-5.52347469329834,1
OneHandOreba_1016_1_grm_std_uni,1,5.382901668548584,-5.715803623199463,1
OneHandOreba_1016_1_grm_std_uni,1,5.402402400970459,-5.602400779724121,1
OneHandOreba_1016_1_grm_std_uni,1,5.428983688354492,-5.213292121887207,1
OneHandOreba_1016_1_grm_std_uni,1,5.194454193115234,-4.68238639831543,1
OneHandOreba_1016_1_grm_std_uni,1,4.839515686035156,-4.414250373840332,1
OneHandOreba_1016_1_grm_std_uni,1,4.293333053588867,-4.294207572937012,1
OneHandOreba_1016_1_grm_std_uni,1,3.3137035369873047,-3.5049169063568115,1
OneHandOreba_1016_1_grm_std_uni,1,2.7842226028442383,-3.2541441917419434,1
OneHandOreba_1016_1_grm_std_uni,1,3.261647939682007,-3.7558937072753906,1
OneHandOreba_1016_1_grm_std_uni,1,4.16294002532959,-4.48099422454834,1
OneHandOreba_1016_1_grm_std_uni,1,4.066885471343994,-4.35007381439209,1
OneHandOreba_1016_1_grm_std_uni,1,4.030252933502197,-4.540587425231934,1
OneHandOreba_1016_1_grm_std_uni,1,3.885204553604126,-4.3922247886657715,1
OneHandOreba_1016_1_grm_std_uni,1,4.0606160163879395,-4.8677167892456055,1
OneHandOreba_1016_1_grm_std_uni,1,3.6313538551330566,-4.746901988983154,1
OneHandOreba_1016_1_grm_std_uni,1,3.7889819145202637,-4.962554931640625,1
OneHandOreba_1016_1_grm_std_uni,1,3.9016306400299072,-4.764543533325195,1
OneHandOreba_1016_1_grm_std_uni,1,3.6323981285095215,-4.280785083770752,1
OneHandOreba_1016_1_grm_std_uni,1,3.226776123046875,-3.697673797607422,1
OneHandOreba_1016_1_grm_std_uni,1,3.396286964416504,-3.7592415809631348,1
OneHandOreba_1016_1_grm_std_uni,1,3.995020627975464,-4.585614204406738,1
OneHandOreba_1016_1_grm_std_uni,1,4.721651554107666,-5.143163204193115,1
OneHandOreba_1016_1_grm_std_uni,1,4.652891159057617,-4.370551586151123,1
OneHandOreba_1016_1_grm_std_uni,1,5.441359996795654,-5.269189834594727,1
OneHandOreba_1016_1_grm_std_uni,1,6.509170055389404,-6.9782514572143555,1
OneHandOreba_1016_1_grm_std_uni,1,6.269019603729248,-6.427717208862305,1
OneHandOreba_1016_1_grm_std_uni,1,4.748439788818359,-5.038619518280029,1
OneHandOreba_1016_1_grm_std_uni,2,4.416055679321289,-4.589633941650391,1
OneHandOreba_1016_1_grm_std_uni,2,4.748259544372559,-4.847642421722412,1
OneHandOreba_1016_1_grm_std_uni,2,4.507753372192383,-4.9296875,1
OneHandOreba_1016_1_grm_std_uni,2,4.5237579345703125,-5.071125507354736,1
OneHandOreba_1016_1_grm_std_uni,2,4.69687557220459,-5.104254245758057,1
OneHandOreba_1016_1_grm_std_uni,2,4.6368327140808105,-4.899608135223389,1
OneHandOreba_1016_1_grm_std_uni,2,5.604258060455322,-5.844498157501221,1
OneHandOreba_1016_1_grm_std_uni,2,6.476701259613037,-6.7586989402771,1
OneHandOreba_1016_1_grm_std_uni,2,7.0577826499938965,-7.046611309051514,1
OneHandOreba_1016_1_grm_std_uni,2,6.689792633056641,-7.167588233947754,1
OneHandOreba_1016_1_grm_std_uni,2,5.78146505355835,-6.251656532287598,1
OneHandOreba_1016_1_grm_std_uni,2,5.67880392074585,-5.875072479248047,1
OneHandOreba_1016_1_grm_std_uni,1,4.210581302642822,-4.625532627105713,1
OneHandOreba_1016_1_grm_std_uni,1,3.796584367752075,-4.7594475746154785,1
OneHandOreba_1016_1_grm_std_uni,1,4.096205711364746,-5.359824180603027,1
OneHandOreba_1016_1_grm_std_uni,1,4.448929786682129,-5.523896217346191,1
OneHandOreba_1016_1_grm_std_uni,1,4.4383225440979,-5.471255779266357,1
OneHandOreba_1016_1_grm_std_uni,1,4.296398162841797,-5.1605377197265625,1
OneHandOreba_1016_1_grm_std_uni,1,3.872258186340332,-4.743521213531494,1
OneHandOreba_1016_1_grm_std_uni,1,3.7359859943389893,-4.51166296005249,1
OneHandOreba_1016_1_grm_std_uni,1,4.111608028411865,-4.837217330932617,1
OneHandOreba_1016_1_grm_std_uni,1,4.2655839920043945,-4.93160343170166,1
OneHandOreba_1016_1_grm_std_uni,1,4.3707098960876465,-4.978501796722412,1
OneHandOreba_1016_1_grm_std_uni,1,4.4104695320129395,-4.925660610198975,1
OneHandOreba_1016_1_grm_std_uni,1,4.495357036590576,-4.966087341308594,1
OneHandOreba_1016_1_grm_std_uni,1,4.475506782531738,-4.96485710144043,1
OneHandOreba_1016_1_grm_std_uni,1,4.414426326751709,-4.871884822845459,1
OneHandOreba_1016_1_grm_std_uni,1,4.346616744995117,-4.761445045471191,1
OneHandOreba_1016_1_grm_std_uni,1,4.286845684051514,-4.6342997550964355,1
OneHandOreba_1016_1_grm_std_uni,1,4.336288928985596,-4.791925430297852,1
OneHandOreba_1016_1_grm_std_uni,1,3.872587203979492,-4.334172248840332,1
OneHandOreba_1016_1_grm_std_uni,1,2.270122528076172,-2.7531347274780273,1
OneHandOreba_1016_1_grm_std_uni,1,2.457698345184326,-2.9626824855804443,1
OneHandOreba_1016_1_grm_std_uni,1,3.221447706222534,-3.8439979553222656,1
OneHandOreba_1016_1_grm_std_uni,1,4.015323638916016,-4.648482322692871,1
OneHandOreba_1016_1_grm_std_uni,1,4.278794765472412,-4.930679798126221,1
OneHandOreba_1016_1_grm_std_uni,1,4.721906661987305,-5.141195774078369,1
OneHandOreba_1016_1_grm_std_uni,1,4.899657726287842,-5.199850559234619,1
OneHandOreba_1016_1_grm_std_uni,1,5.173163414001465,-5.5805983543396,1
OneHandOreba_1016_1_grm_std_uni,1,5.38693380355835,-5.62939977645874,1
OneHandOreba_1016_1_grm_std_uni,1,5.189602375030518,-4.927584171295166,1
OneHandOreba_1016_1_grm_std_uni,1,5.223555564880371,-4.750054836273193,1
OneHandOreba_1016_1_grm_std_uni,1,4.658607006072998,-3.8917417526245117,1
OneHandOreba_1016_1_grm_std_uni,1,4.115773677825928,-2.858389377593994,1
OneHandOreba_1016_1_grm_std_uni,1,4.050468444824219,-2.9095709323883057,1
OneHandOreba_1016_1_grm_std_uni,1,4.825618743896484,-3.942335844039917,1
OneHandOreba_1016_1_grm_std_uni,1,5.384830474853516,-5.181905269622803,1
OneHandOreba_1016_1_grm_std_uni,1,4.935673236846924,-4.76443338394165,1
OneHandOreba_1016_1_grm_std_uni,1,4.654820442199707,-5.080657958984375,1
OneHandOreba_1016_1_grm_std_uni,1,4.380471706390381,-5.11234712600708,1
OneHandOreba_1016_1_grm_std_uni,1,4.324314117431641,-5.12623929977417,1
OneHandOreba_1016_1_grm_std_uni,1,4.402648448944092,-5.256954669952393,1
OneHandOreba_1016_1_grm_std_uni,1,4.617942810058594,-5.583216190338135,1
OneHandOreba_1016_1_grm_std_uni,1,4.456304550170898,-5.363301753997803,1
OneHandOreba_1016_1_grm_std_uni,1,2.8271210193634033,-3.5005528926849365,1
OneHandOreba_1016_1_grm_std_uni,1,3.262618064880371,-3.4623591899871826,1
OneHandOreba_1016_1_grm_std_uni,1,3.827695608139038,-3.9606621265411377,1
OneHandOreba_1016_1_grm_std_uni,1,4.229330062866211,-4.393022060394287,1
OneHandOreba_1016_1_grm_std_uni,1,4.57558536529541,-4.833927631378174,1
OneHandOreba_1016_1_grm_std_uni,1,4.592020034790039,-5.046231269836426,1
OneHandOreba_1016_1_grm_std_uni,1,4.595304012298584,-4.652238368988037,1
OneHandOreba_1016_1_grm_std_uni,1,4.219114780426025,-3.9579594135284424,1
OneHandOreba_1016_1_grm_std_uni,1,4.113003730773926,-4.287545204162598,1
OneHandOreba_1016_1_grm_std_uni,1,4.489726543426514,-4.504709243774414,1
OneHandOreba_1016_1_grm_std_uni,1,4.551394462585449,-4.55974817276001,1
OneHandOreba_1016_1_grm_std_uni,1,4.7303056716918945,-4.975134372711182,1
OneHandOreba_1016_1_grm_std_uni,1,4.2569146156311035,-4.403427600860596,1
OneHandOreba_1016_1_grm_std_uni,1,4.270371913909912,-4.203447341918945,1
OneHandOreba_1016_1_grm_std_uni,1,4.935124397277832,-5.191851615905762,1
OneHandOreba_1016_1_grm_std_uni,1,4.891005039215088,-5.521579742431641,1
OneHandOreba_1016_1_grm_std_uni,1,4.999465465545654,-5.751547336578369,1
OneHandOreba_1016_1_grm_std_uni,1,4.929666042327881,-5.601500988006592,1
OneHandOreba_1016_1_grm_std_uni,1,3.7043142318725586,-4.508090496063232,1
OneHandOreba_1016_1_grm_std_uni,1,4.049518585205078,-4.556407928466797,1
OneHandOreba_1016_1_grm_std_uni,1,4.057934284210205,-4.4202117919921875,1
OneHandOreba_1016_1_grm_std_uni,1,4.130959510803223,-4.633615493774414,1
OneHandOreba_1016_1_grm_std_uni,1,4.265645980834961,-4.978814601898193,1
OneHandOreba_1016_1_grm_std_uni,1,3.212092399597168,-4.069418907165527,1
OneHandOreba_1016_1_grm_std_uni,1,3.0870141983032227,-3.6716599464416504,1
OneHandOreba_1016_1_grm_std_uni,1,2.835519790649414,-3.349574089050293,1
OneHandOreba_1016_1_grm_std_uni,1,3.7443480491638184,-4.020081996917725,1
OneHandOreba_1016_1_grm_std_uni,1,3.9333713054656982,-4.25862979888916,1
OneHandOreba_1016_1_grm_std_uni,1,4.055922508239746,-4.547245502471924,1
OneHandOreba_1016_1_grm_std_uni,1,3.977374792098999,-4.842330455780029,1
OneHandOreba_1016_1_grm_std_uni,1,3.514737129211426,-4.561182498931885,1
OneHandOreba_1016_1_grm_std_uni,1,3.297475814819336,-4.50846004486084,1
OneHandOreba_1016_1_grm_std_uni,1,3.363894462585449,-4.466346263885498,1
OneHandOreba_1016_1_grm_std_uni,1,3.556492567062378,-4.248546600341797,1
OneHandOreba_1016_1_grm_std_uni,1,3.888705253601074,-3.9885475635528564,1
OneHandOreba_1016_1_grm_std_uni,1,4.562071800231934,-4.398540496826172,1
OneHandOreba_1016_1_grm_std_uni,1,4.597474098205566,-4.715149879455566,1
OneHandOreba_1016_1_grm_std_uni,1,4.079261302947998,-4.120871067047119,1
OneHandOreba_1016_1_grm_std_uni,1,3.8415417671203613,-4.021793842315674,1
OneHandOreba_1016_1_grm_std_uni,1,4.271162033081055,-4.602161407470703,1
OneHandOreba_1016_1_grm_std_uni,1,4.449698448181152,-4.90196418762207,1
OneHandOreba_1016_1_grm_std_uni,1,4.06898832321167,-4.481581687927246,1
OneHandOreba_1016_1_grm_std_uni,1,4.199501037597656,-4.71146297454834,1
OneHandOreba_1016_1_grm_std_uni,1,4.802223205566406,-5.423651695251465,1
OneHandOreba_1016_1_grm_std_uni,1,4.192727088928223,-4.766943454742432,1
OneHandOreba_1016_1_grm_std_uni,1,4.511765956878662,-4.866550445556641,1
OneHandOreba_1016_1_grm_std_uni,1,4.75309944152832,-4.8483452796936035,1
OneHandOreba_1016_1_grm_std_uni,1,4.484039783477783,-4.709527015686035,1
OneHandOreba_1016_1_grm_std_uni,1,4.8771491050720215,-5.58867883682251,1
OneHandOreba_1016_1_grm_std_uni,1,4.999663829803467,-5.796844005584717,1
OneHandOreba_1016_1_grm_std_uni,1,5.069927215576172,-5.98229455947876,1
OneHandOreba_1016_1_grm_std_uni,1,5.230008602142334,-6.548271179199219,1
OneHandOreba_1016_1_grm_std_uni,1,5.555800437927246,-7.096090316772461,1
OneHandOreba_1016_1_grm_std_uni,1,5.313804626464844,-7.231523036956787,1
OneHandOreba_1016_1_grm_std_uni,1,5.235079288482666,-7.004274845123291,1
OneHandOreba_1016_1_grm_std_uni,1,4.866166114807129,-6.549524307250977,1
OneHandOreba_1016_1_grm_std_uni,1,4.984496116638184,-6.4047722816467285,1
OneHandOreba_1016_1_grm_std_uni,1,5.284487247467041,-6.109345436096191,1
OneHandOreba_1016_1_grm_std_uni,1,5.268660545349121,-6.232053279876709,1
OneHandOreba_1016_1_grm_std_uni,1,4.917539119720459,-5.320501327514648,1
OneHandOreba_1016_1_grm_std_uni,1,5.145930290222168,-5.083391189575195,1
OneHandOreba_1016_1_grm_std_uni,1,5.0902557373046875,-4.647944927215576,1
OneHandOreba_1016_1_grm_std_uni,1,4.958115577697754,-4.16601037979126,1
OneHandOreba_1016_1_grm_std_uni,1,4.45292854309082,-4.0535359382629395,1
OneHandOreba_1016_1_grm_std_uni,1,4.541398525238037,-4.468364715576172,1
OneHandOreba_1016_1_grm_std_uni,1,4.6367106437683105,-4.720152378082275,1
OneHandOreba_1016_1_grm_std_uni,1,4.582456588745117,-4.541855335235596,1
OneHandOreba_1016_1_grm_std_uni,1,4.3610734939575195,-4.444691181182861,1
OneHandOreba_1016_1_grm_std_uni,1,4.536129951477051,-4.8443603515625,1
OneHandOreba_1016_1_grm_std_uni,1,4.506392478942871,-5.0162200927734375,1
OneHandOreba_1016_1_grm_std_uni,1,4.1576828956604,-4.623062610626221,1
OneHandOreba_1016_1_grm_std_uni,1,4.0355544090271,-4.483511447906494,1
OneHandOreba_1016_1_grm_std_uni,1,4.385807037353516,-4.841649532318115,1
OneHandOreba_1016_1_grm_std_uni,1,4.524229526519775,-4.894647598266602,1
OneHandOreba_1016_1_grm_std_uni,1,4.198870658874512,-4.708866596221924,1
OneHandOreba_1016_1_grm_std_uni,1,4.621411323547363,-5.017734527587891,1
OneHandOreba_1016_1_grm_std_uni,1,4.900885105133057,-5.271630764007568,1
OneHandOreba_1016_1_grm_std_uni,1,4.801624774932861,-5.011028289794922,1
OneHandOreba_1016_1_grm_std_uni,1,4.721914768218994,-4.861680030822754,1
OneHandOreba_1016_1_grm_std_uni,1,4.607251167297363,-4.546829700469971,1
OneHandOreba_1016_1_grm_std_uni,1,4.51271390914917,-4.5750322341918945,1
OneHandOreba_1016_1_grm_std_uni,1,4.45707368850708,-4.629547119140625,1
OneHandOreba_1016_1_grm_std_uni,1,4.225562572479248,-4.519870758056641,1
OneHandOreba_1016_1_grm_std_uni,1,4.309722423553467,-4.5553812980651855,1
OneHandOreba_1016_1_grm_std_uni,1,4.475465774536133,-4.787318229675293,1
OneHandOreba_1016_1_grm_std_uni,1,4.420919895172119,-4.763131141662598,1
OneHandOreba_1016_1_grm_std_uni,1,4.448609828948975,-4.7494330406188965,1
OneHandOreba_1016_1_grm_std_uni,1,4.591044902801514,-4.795066833496094,1
OneHandOreba_1016_1_grm_std_uni,1,4.636930465698242,-5.001262664794922,1
OneHandOreba_1016_1_grm_std_uni,1,4.526939392089844,-4.8133368492126465,1
OneHandOreba_1016_1_grm_std_uni,1,4.471428871154785,-4.369985103607178,1
OneHandOreba_1016_1_grm_std_uni,1,3.759986400604248,-4.166698932647705,1
OneHandOreba_1016_1_grm_std_uni,1,5.027495861053467,-4.811764717102051,1
OneHandOreba_1016_1_grm_std_uni,1,5.322837829589844,-5.196856498718262,1
OneHandOreba_1016_1_grm_std_uni,1,5.00348424911499,-5.056379795074463,1
OneHandOreba_1016_1_grm_std_uni,1,4.841508865356445,-5.107864856719971,1
OneHandOreba_1016_1_grm_std_uni,1,4.453084468841553,-4.66963005065918,1
OneHandOreba_1016_1_grm_std_uni,1,4.345203876495361,-4.579289436340332,1
OneHandOreba_1016_1_grm_std_uni,1,4.454073905944824,-4.8307271003723145,1
OneHandOreba_1016_1_grm_std_uni,1,4.596080780029297,-4.9697418212890625,1
OneHandOreba_1016_1_grm_std_uni,1,4.383329391479492,-4.77676248550415,1
OneHandOreba_1016_1_grm_std_uni,1,4.336305618286133,-4.7197418212890625,1
OneHandOreba_1016_1_grm_std_uni,1,4.688190937042236,-5.099395751953125,1
OneHandOreba_1016_1_grm_std_uni,1,4.5752692222595215,-4.830377101898193,1
OneHandOreba_1016_1_grm_std_uni,1,4.322415351867676,-4.345671653747559,1
OneHandOreba_1016_1_grm_std_uni,1,4.385705471038818,-4.418318271636963,1
OneHandOreba_1016_1_grm_std_uni,1,4.586630344390869,-4.502192974090576,1
OneHandOreba_1016_1_grm_std_uni,1,4.207468509674072,-4.095367431640625,1
OneHandOreba_1016_1_grm_std_uni,1,4.383162975311279,-4.473945617675781,1
OneHandOreba_1016_1_grm_std_uni,1,4.458518981933594,-4.5903401374816895,1
OneHandOreba_1016_1_grm_std_uni,1,4.341733932495117,-4.571008205413818,1
OneHandOreba_1016_1_grm_std_uni,1,4.2740302085876465,-4.498802185058594,1
OneHandOreba_1016_1_grm_std_uni,1,4.470736026763916,-4.636338710784912,1
OneHandOreba_1016_1_grm_std_uni,1,4.105805397033691,-4.292388916015625,1
OneHandOreba_1016_1_grm_std_uni,1,4.17277193069458,-4.172599792480469,1
OneHandOreba_1016_1_grm_std_uni,1,4.400760650634766,-4.496185302734375,1
OneHandOreba_1016_1_grm_std_uni,1,4.060150146484375,-4.1336188316345215,1
OneHandOreba_1016_1_grm_std_uni,1,4.179755210876465,-4.176487445831299,1
OneHandOreba_1016_1_grm_std_uni,1,4.020492076873779,-3.9638755321502686,1
OneHandOreba_1016_1_grm_std_uni,1,3.9153354167938232,-3.8933258056640625,1
OneHandOreba_1016_1_grm_std_uni,1,4.103132724761963,-3.962158679962158,1
OneHandOreba_1016_1_grm_std_uni,1,4.246224880218506,-4.068243026733398,1
OneHandOreba_1016_1_grm_std_uni,1,4.009221076965332,-3.8964200019836426,1
OneHandOreba_1016_1_grm_std_uni,1,4.15469217300415,-4.039229869842529,1
OneHandOreba_1016_1_grm_std_uni,1,4.413549423217773,-4.338351726531982,1
OneHandOreba_1016_1_grm_std_uni,1,4.192763328552246,-4.057732105255127,1
OneHandOreba_1016_1_grm_std_uni,1,4.130556583404541,-3.8276023864746094,1
OneHandOreba_1016_1_grm_std_uni,1,4.222622394561768,-3.971543550491333,1
OneHandOreba_1016_1_grm_std_uni,1,4.296160697937012,-4.083663463592529,1
OneHandOreba_1016_1_grm_std_uni,1,4.142238140106201,-3.9257094860076904,1
OneHandOreba_1016_1_grm_std_uni,1,3.8556199073791504,-3.8265960216522217,1
OneHandOreba_1016_1_grm_std_uni,1,4.124939441680908,-4.087876796722412,1
OneHandOreba_1016_1_grm_std_uni,1,4.441828727722168,-4.507195949554443,1
OneHandOreba_1016_1_grm_std_uni,1,4.102492809295654,-4.234620571136475,1
OneHandOreba_1016_1_grm_std_uni,1,4.241393089294434,-4.196203231811523,1
OneHandOreba_1016_1_grm_std_uni,1,4.175989627838135,-4.022274494171143,1
OneHandOreba_1016_1_grm_std_uni,1,4.077838897705078,-3.87212872505188,1
OneHandOreba_1016_1_grm_std_uni,1,4.11027717590332,-3.954087495803833,1
OneHandOreba_1016_1_grm_std_uni,1,4.433712005615234,-4.443611145019531,1
OneHandOreba_1016_1_grm_std_uni,1,4.223474025726318,-4.018956184387207,1
OneHandOreba_1016_1_grm_std_uni,1,3.977856159210205,-3.731541156768799,1
OneHandOreba_1016_1_grm_std_uni,1,4.463031768798828,-4.240023136138916,1
OneHandOreba_1016_1_grm_std_uni,1,4.652919292449951,-4.237882614135742,1
OneHandOreba_1016_1_grm_std_uni,1,4.406820774078369,-3.6534242630004883,1
OneHandOreba_1016_1_grm_std_uni,1,4.578492164611816,-3.8126182556152344,1
OneHandOreba_1016_1_grm_std_uni,1,4.598029613494873,-4.167234420776367,1
OneHandOreba_1016_1_grm_std_uni,1,4.5638508796691895,-4.303463935852051,1
OneHandOreba_1016_1_grm_std_uni,1,3.9771413803100586,-3.8535125255584717,1
OneHandOreba_1016_1_grm_std_uni,1,2.6218760013580322,-2.738964796066284,1
OneHandOreba_1016_1_grm_std_uni,1,3.951646566390991,-4.187000274658203,1
OneHandOreba_1016_1_grm_std_uni,1,5.016354560852051,-5.335937976837158,1
OneHandOreba_1016_1_grm_std_uni,1,5.33859920501709,-5.588630199432373,1
OneHandOreba_1016_1_grm_std_uni,1,5.0517578125,-5.168183326721191,1
OneHandOreba_1016_1_grm_std_uni,1,5.906483173370361,-5.897975444793701,1
OneHandOreba_1016_1_grm_std_uni,1,6.627556324005127,-6.92917537689209,1
OneHandOreba_1016_1_grm_std_uni,1,6.524957656860352,-6.875606536865234,1
OneHandOreba_1016_1_grm_std_uni,1,7.224836349487305,-7.7981696128845215,1
OneHandOreba_1016_1_grm_std_uni,1,7.197190284729004,-8.038679122924805,1
OneHandOreba_1016_1_grm_std_uni,1,6.3810319900512695,-7.223581314086914,1
OneHandOreba_1016_1_grm_std_uni,1,6.556087970733643,-7.198550224304199,1
OneHandOreba_1016_1_grm_std_uni,1,6.202356338500977,-6.236518383026123,1
OneHandOreba_1016_1_grm_std_uni,1,5.568974018096924,-5.487049579620361,1
OneHandOreba_1016_1_grm_std_uni,1,4.121941566467285,-4.321823596954346,1
OneHandOreba_1016_1_grm_std_uni,1,4.057188510894775,-4.535947799682617,1
OneHandOreba_1016_1_grm_std_uni,1,4.11620569229126,-4.583232879638672,1
OneHandOreba_1016_1_grm_std_uni,1,4.35172700881958,-4.800780296325684,1
OneHandOreba_1016_1_grm_std_uni,1,4.009572505950928,-4.503993034362793,1
OneHandOreba_1016_1_grm_std_uni,1,2.171205759048462,-2.4046590328216553,1
OneHandOreba_1016_1_grm_std_uni,1,1.471778154373169,-1.110807180404663,1
OneHandOreba_1016_1_grm_std_uni,1,3.583894729614258,-3.1949400901794434,1
OneHandOreba_1016_1_grm_std_uni,1,5.747578144073486,-6.2270684242248535,1
OneHandOreba_1016_1_grm_std_uni,1,6.6421074867248535,-7.466292858123779,1
OneHandOreba_1016_1_grm_std_uni,1,6.731991291046143,-7.5378737449646,1
OneHandOreba_1016_1_grm_std_uni,1,6.256956100463867,-6.248872756958008,1
OneHandOreba_1016_1_grm_std_uni,1,6.164310932159424,-5.8643798828125,1
OneHandOreba_1016_1_grm_std_uni,1,5.317690849304199,-5.300459861755371,1
OneHandOreba_1016_1_grm_std_uni,1,5.291174411773682,-5.186600685119629,1
OneHandOreba_1016_1_grm_std_uni,1,5.553072929382324,-4.908751964569092,1
OneHandOreba_1016_1_grm_std_uni,1,5.954113483428955,-5.0598273277282715,1
OneHandOreba_1016_1_grm_std_uni,1,5.959644317626953,-5.347866535186768,1
OneHandOreba_1016_1_grm_std_uni,1,6.081491947174072,-5.878859519958496,1
OneHandOreba_1016_1_grm_std_uni,1,6.082052230834961,-5.876943111419678,1
OneHandOreba_1016_1_grm_std_uni,1,5.80989933013916,-5.183882236480713,1
OneHandOreba_1016_1_grm_std_uni,1,5.055883884429932,-4.955893516540527,1
OneHandOreba_1016_1_grm_std_uni,1,3.9066436290740967,-4.070141792297363,1
OneHandOreba_1016_1_grm_std_uni,1,4.050902843475342,-4.584461212158203,1
OneHandOreba_1016_1_grm_std_uni,1,3.6913342475891113,-4.219899654388428,1
OneHandOreba_1016_1_grm_std_uni,1,3.470958709716797,-3.876443862915039,1
OneHandOreba_1016_1_grm_std_uni,1,3.5484204292297363,-3.962104320526123,1
OneHandOreba_1016_1_grm_std_uni,1,3.513061046600342,-4.4666972160339355,1
OneHandOreba_1016_1_grm_std_uni,1,2.9766831398010254,-4.079953193664551,1
OneHandOreba_1016_1_grm_std_uni,1,3.160709857940674,-4.039936065673828,1
OneHandOreba_1016_1_grm_std_uni,1,4.751553535461426,-5.578506946563721,1
OneHandOreba_1016_1_grm_std_uni,1,5.014888763427734,-5.662109851837158,1
OneHandOreba_1016_1_grm_std_uni,1,4.726773262023926,-5.265028476715088,1
OneHandOreba_1016_1_grm_std_uni,1,4.966711521148682,-5.4029622077941895,1
OneHandOreba_1016_1_grm_std_uni,1,5.123043537139893,-5.541872024536133,1
OneHandOreba_1016_1_grm_std_uni,1,5.228311061859131,-5.265385627746582,1
OneHandOreba_1016_1_grm_std_uni,1,5.847686767578125,-5.713911533355713,1
OneHandOreba_1016_1_grm_std_uni,1,6.92294979095459,-7.302773475646973,1
OneHandOreba_1016_1_grm_std_uni,1,7.314438343048096,-7.844512462615967,1
OneHandOreba_1016_1_grm_std_uni,1,7.07708215713501,-7.822381973266602,1
OneHandOreba_1016_1_grm_std_uni,1,6.437105178833008,-7.453652381896973,1
OneHandOreba_1016_1_grm_std_uni,1,5.976109504699707,-6.862268447875977,1
OneHandOreba_1016_1_grm_std_uni,1,5.586673259735107,-6.283748626708984,1
OneHandOreba_1016_1_grm_std_uni,1,5.6792521476745605,-6.399599552154541,1
OneHandOreba_1016_1_grm_std_uni,1,5.528331756591797,-6.310040473937988,1
OneHandOreba_1016_1_grm_std_uni,1,3.0521607398986816,-3.586496114730835,1
OneHandOreba_1016_1_grm_std_uni,1,1.2445544004440308,-1.611498475074768,1
OneHandOreba_1016_1_grm_std_uni,1,2.593121290206909,-2.5544798374176025,1
OneHandOreba_1016_1_grm_std_uni,1,3.968266487121582,-4.335158348083496,1
OneHandOreba_1016_1_grm_std_uni,1,3.9776358604431152,-4.064606666564941,1
OneHandOreba_1016_1_grm_std_uni,1,3.7009170055389404,-3.239313840866089,1
OneHandOreba_1016_1_grm_std_uni,1,4.8756103515625,-4.682953834533691,1
OneHandOreba_1016_1_grm_std_uni,1,5.098129749298096,-4.983517646789551,1
OneHandOreba_1016_1_grm_std_uni,1,4.942030906677246,-4.8965606689453125,1
OneHandOreba_1016_1_grm_std_uni,1,4.483231544494629,-4.421260833740234,1
OneHandOreba_1016_1_grm_std_uni,1,3.7303357124328613,-3.170034408569336,1
OneHandOreba_1016_1_grm_std_uni,1,3.399714708328247,-2.9944539070129395,1
OneHandOreba_1016_1_grm_std_uni,1,3.556426525115967,-3.022200584411621,1
OneHandOreba_1016_1_grm_std_uni,1,4.144376754760742,-3.612311601638794,1
OneHandOreba_1016_1_grm_std_uni,1,4.836795330047607,-4.601205825805664,1
OneHandOreba_1016_1_grm_std_uni,1,4.983643054962158,-5.07497501373291,1
OneHandOreba_1016_1_grm_std_uni,1,4.299863338470459,-4.5320611000061035,1
OneHandOreba_1016_1_grm_std_uni,1,3.8761796951293945,-4.239620208740234,1
OneHandOreba_1016_1_grm_std_uni,1,3.6116244792938232,-4.1013946533203125,1
OneHandOreba_1016_1_grm_std_uni,2,4.153573513031006,-4.800909042358398,1
OneHandOreba_1016_1_grm_std_uni,2,3.999748468399048,-5.044882774353027,1
OneHandOreba_1016_1_grm_std_uni,2,3.1538922786712646,-4.013477802276611,1
OneHandOreba_1016_1_grm_std_uni,2,3.9419469833374023,-4.096358776092529,1
OneHandOreba_1016_1_grm_std_uni,2,4.629124641418457,-4.571458339691162,1
OneHandOreba_1016_1_grm_std_uni,2,4.5496931076049805,-5.092136859893799,1
OneHandOreba_1016_1_grm_std_uni,2,3.872192859649658,-4.510639190673828,1
OneHandOreba_1016_1_grm_std_uni,2,4.475318908691406,-5.645102024078369,1
OneHandOreba_1016_1_grm_std_uni,2,5.084725379943848,-6.155632495880127,1
OneHandOreba_1016_1_grm_std_uni,2,4.915560245513916,-5.630650997161865,1
OneHandOreba_1016_1_grm_std_uni,2,4.874462604522705,-5.582797527313232,1
OneHandOreba_1016_1_grm_std_uni,2,5.476999759674072,-6.0466837882995605,1
OneHandOreba_1016_1_grm_std_uni,2,5.195110321044922,-5.600436210632324,1
OneHandOreba_1016_1_grm_std_uni,2,5.33694314956665,-5.650245666503906,1
OneHandOreba_1016_1_grm_std_uni,2,5.6232380867004395,-5.728124141693115,1
OneHandOreba_1016_1_grm_std_uni,2,5.477060317993164,-5.0979390144348145,1
OneHandOreba_1016_1_grm_std_uni,1,5.386305332183838,-4.8159499168396,1
OneHandOreba_1016_1_grm_std_uni,1,5.60318660736084,-5.173196792602539,1
OneHandOreba_1016_1_grm_std_uni,1,6.215915679931641,-6.263733863830566,1
OneHandOreba_1016_1_grm_std_uni,1,6.467153072357178,-6.626010417938232,1
OneHandOreba_1016_1_grm_std_uni,1,6.976224422454834,-7.061046600341797,1
OneHandOreba_1016_1_grm_std_uni,1,7.019705295562744,-6.949455738067627,1
OneHandOreba_1016_1_grm_std_uni,1,7.071686744689941,-7.082400798797607,1
OneHandOreba_1016_1_grm_std_uni,1,7.0990214347839355,-7.696521282196045,1
OneHandOreba_1016_1_grm_std_uni,1,6.391646862030029,-7.202596664428711,1
OneHandOreba_1016_1_grm_std_uni,1,5.24635124206543,-5.803871154785156,1
OneHandOreba_1016_1_grm_std_uni,1,3.6654176712036133,-3.9588096141815186,1
OneHandOreba_1016_1_grm_std_uni,1,3.4249613285064697,-3.861638069152832,1
OneHandOreba_1016_1_grm_std_uni,1,3.87313175201416,-4.4937849044799805,1
OneHandOreba_1016_1_grm_std_uni,1,4.314484119415283,-5.199229717254639,1
OneHandOreba_1016_1_grm_std_uni,1,4.162173748016357,-5.083808898925781,1
OneHandOreba_1016_1_grm_std_uni,1,4.018357276916504,-4.958042621612549,1
OneHandOreba_1016_1_grm_std_uni,1,4.17618989944458,-5.137880802154541,1
OneHandOreba_1016_1_grm_std_uni,1,4.033755779266357,-4.888729572296143,1
OneHandOreba_1016_1_grm_std_uni,1,3.9152097702026367,-4.72196102142334,1
OneHandOreba_1016_1_grm_std_uni,1,3.794973850250244,-4.447948932647705,1
OneHandOreba_1016_1_grm_std_uni,1,4.107780933380127,-4.8672919273376465,1
OneHandOreba_1016_1_grm_std_uni,1,4.271027565002441,-5.024025917053223,1
OneHandOreba_1016_1_grm_std_uni,2,4.328372001647949,-5.050360202789307,1
OneHandOreba_1016_1_grm_std_uni,2,4.250949382781982,-4.894533157348633,1
OneHandOreba_1016_1_grm_std_uni,2,4.1266679763793945,-4.703756809234619,1
OneHandOreba_1016_1_grm_std_uni,2,4.155414581298828,-4.695775508880615,1
OneHandOreba_1016_1_grm_std_uni,2,4.336180686950684,-4.932162284851074,1
OneHandOreba_1016_1_grm_std_uni,2,4.229893684387207,-4.753725051879883,1
OneHandOreba_1016_1_grm_std_uni,2,4.147979259490967,-4.57043981552124,1
OneHandOreba_1016_1_grm_std_uni,2,4.172355651855469,-4.589324474334717,1
OneHandOreba_1016_1_grm_std_uni,2,4.210574150085449,-4.617244720458984,1
OneHandOreba_1016_1_grm_std_uni,2,4.107497692108154,-4.4634599685668945,1
OneHandOreba_1016_1_grm_std_uni,2,3.970522403717041,-4.289909839630127,1
OneHandOreba_1016_1_grm_std_uni,2,4.03178596496582,-4.382742404937744,1
OneHandOreba_1016_1_grm_std_uni,2,4.196225643157959,-4.5986247062683105,1
OneHandOreba_1016_1_grm_std_uni,2,4.206539630889893,-4.599017143249512,1
OneHandOreba_1016_1_grm_std_uni,2,4.256984233856201,-4.667088985443115,1
OneHandOreba_1016_1_grm_std_uni,2,4.14158821105957,-4.527784824371338,1
OneHandOreba_1016_1_grm_std_uni,2,3.9167046546936035,-4.246776103973389,1
OneHandOreba_1016_1_grm_std_uni,2,3.9505112171173096,-4.334216594696045,1
OneHandOreba_1016_1_grm_std_uni,2,4.089908599853516,-4.519283294677734,1
OneHandOreba_1016_1_grm_std_uni,2,4.0477070808410645,-4.466188430786133,1
OneHandOreba_1016_1_grm_std_uni,2,4.038825035095215,-4.512392520904541,1
OneHandOreba_1016_1_grm_std_uni,2,4.054993629455566,-4.490909576416016,1
OneHandOreba_1016_1_grm_std_uni,2,3.994187355041504,-4.50891637802124,1
OneHandOreba_1016_1_grm_std_uni,2,3.817256450653076,-4.438653469085693,1
OneHandOreba_1016_1_grm_std_uni,2,3.1352837085723877,-3.9713926315307617,1
OneHandOreba_1016_1_grm_std_uni,2,2.86918044090271,-3.7325854301452637,1
OneHandOreba_1016_1_grm_std_uni,2,2.8220396041870117,-3.804265022277832,1
OneHandOreba_1016_1_grm_std_uni,2,1.764767050743103,-2.5703928470611572,1
OneHandOreba_1016_1_grm_std_uni,2,2.075606107711792,-2.6535115242004395,1
OneHandOreba_1016_1_grm_std_uni,2,2.9664103984832764,-3.492460250854492,1
OneHandOreba_1016_1_grm_std_uni,2,3.374844551086426,-3.9258744716644287,1
OneHandOreba_1016_1_grm_std_uni,2,3.56894588470459,-4.129221439361572,1
OneHandOreba_1016_1_grm_std_uni,2,3.9731082916259766,-4.458119869232178,1
OneHandOreba_1016_1_grm_std_uni,2,4.134450912475586,-4.610078811645508,1
OneHandOreba_1016_1_grm_std_uni,2,4.266775608062744,-4.761555194854736,1
OneHandOreba_1016_1_grm_std_uni,2,4.149433612823486,-4.600646495819092,1
OneHandOreba_1016_1_grm_std_uni,2,3.9753174781799316,-4.217267036437988,1
OneHandOreba_1016_1_grm_std_uni,2,4.00808048248291,-4.292073726654053,1
OneHandOreba_1016_1_grm_std_uni,2,4.144535541534424,-4.486635684967041,1
OneHandOreba_1016_1_grm_std_uni,2,4.242904186248779,-4.530176639556885,1
OneHandOreba_1016_1_grm_std_uni,2,4.137639999389648,-4.430662155151367,1
OneHandOreba_1016_1_grm_std_uni,2,4.2821125984191895,-4.557178020477295,1
OneHandOreba_1016_1_grm_std_uni,2,4.224811553955078,-4.488218784332275,1
OneHandOreba_1016_1_grm_std_uni,2,4.193652629852295,-4.543910503387451,1
OneHandOreba_1016_1_grm_std_uni,2,3.902728796005249,-4.291419506072998,1
OneHandOreba_1016_1_grm_std_uni,2,3.8491055965423584,-4.141311168670654,1
OneHandOreba_1016_1_grm_std_uni,1,3.7860524654388428,-3.9866859912872314,1
OneHandOreba_1016_1_grm_std_uni,1,3.854792594909668,-4.010253429412842,1
OneHandOreba_1016_1_grm_std_uni,1,3.80755352973938,-4.0438737869262695,1
OneHandOreba_1016_1_grm_std_uni,1,2.254878282546997,-2.524766206741333,1
OneHandOreba_1016_1_grm_std_uni,1,2.2319672107696533,-2.457233190536499,1
OneHandOreba_1016_1_grm_std_uni,1,3.3452486991882324,-3.6617937088012695,1
OneHandOreba_1016_1_grm_std_uni,1,3.658466100692749,-3.786454677581787,1
OneHandOreba_1016_1_grm_std_uni,1,3.6140952110290527,-3.560730457305908,1
OneHandOreba_1016_1_grm_std_uni,1,3.7253332138061523,-3.838773727416992,1
OneHandOreba_1016_1_grm_std_uni,1,4.131804466247559,-4.329262733459473,1
OneHandOreba_1016_1_grm_std_uni,1,4.143090724945068,-4.311341762542725,1
OneHandOreba_1016_1_grm_std_uni,1,4.2289137840271,-4.318819999694824,1
OneHandOreba_1016_1_grm_std_uni,1,4.123851776123047,-4.224377632141113,1
OneHandOreba_1016_1_grm_std_uni,1,3.7977261543273926,-3.8794240951538086,1
OneHandOreba_1016_1_grm_std_uni,1,4.0548176765441895,-4.273937702178955,1
OneHandOreba_1016_1_grm_std_uni,1,4.044184684753418,-4.209621429443359,1
OneHandOreba_1016_1_grm_std_uni,1,3.743241548538208,-3.7857553958892822,1
OneHandOreba_1016_1_grm_std_uni,1,3.8674817085266113,-4.083575248718262,1
OneHandOreba_1016_1_grm_std_uni,1,4.184487342834473,-4.477365970611572,1
OneHandOreba_1016_1_grm_std_uni,1,4.212317943572998,-4.465754985809326,1
OneHandOreba_1016_1_grm_std_uni,1,4.275252819061279,-4.51790189743042,1
OneHandOreba_1016_1_grm_std_uni,1,4.254906177520752,-4.398990154266357,1
OneHandOreba_1016_1_grm_std_uni,1,3.8524134159088135,-4.047919273376465,1
OneHandOreba_1016_1_grm_std_uni,1,3.9333832263946533,-4.414121627807617,1
OneHandOreba_1016_1_grm_std_uni,1,3.632021903991699,-4.09188175201416,1
OneHandOreba_1016_1_grm_std_uni,1,3.3878588676452637,-3.644895553588867,1
OneHandOreba_1016_1_grm_std_uni,1,3.6335957050323486,-3.9123125076293945,1
OneHandOreba_1016_1_grm_std_uni,1,4.098637580871582,-4.381531238555908,1
OneHandOreba_1016_1_grm_std_uni,1,4.163977146148682,-4.359112739562988,1
OneHandOreba_1016_1_grm_std_uni,1,4.143322467803955,-4.349188804626465,1
OneHandOreba_1016_1_grm_std_uni,1,4.165955543518066,-4.439426898956299,1
OneHandOreba_1016_1_grm_std_uni,1,4.025524616241455,-4.260705947875977,1
OneHandOreba_1016_1_grm_std_uni,1,3.877152681350708,-4.1732869148254395,1
OneHandOreba_1016_1_grm_std_uni,1,3.885091543197632,-4.151731491088867,1
OneHandOreba_1016_1_grm_std_uni,1,4.042423248291016,-4.327145099639893,1
OneHandOreba_1016_1_grm_std_uni,1,4.145802021026611,-4.441255569458008,1
OneHandOreba_1016_1_grm_std_uni,1,4.2081403732299805,-4.5018744468688965,1
OneHandOreba_1016_1_grm_std_uni,1,4.210832595825195,-4.504658222198486,1
OneHandOreba_1016_1_grm_std_uni,1,4.239559173583984,-4.582335948944092,1
OneHandOreba_1016_1_grm_std_uni,1,4.179445266723633,-4.419401168823242,1
OneHandOreba_1016_1_grm_std_uni,1,3.9053170680999756,-4.114537715911865,1
OneHandOreba_1016_1_grm_std_uni,1,3.8089261054992676,-4.07343864440918,1
OneHandOreba_1016_1_grm_std_uni,1,4.04782247543335,-4.274820804595947,1
OneHandOreba_1016_1_grm_std_uni,1,4.0160746574401855,-4.164020538330078,1
OneHandOreba_1016_1_grm_std_uni,1,3.9244158267974854,-4.054924011230469,1
OneHandOreba_1016_1_grm_std_uni,1,4.112730026245117,-4.345449447631836,1
OneHandOreba_1016_1_grm_std_uni,1,4.148362159729004,-4.3564629554748535,1
OneHandOreba_1016_1_grm_std_uni,1,4.085518836975098,-4.2772321701049805,1
OneHandOreba_1016_1_grm_std_uni,1,4.104543209075928,-4.329154014587402,1
OneHandOreba_1016_1_grm_std_uni,1,4.133671283721924,-4.427127361297607,1
OneHandOreba_1016_1_grm_std_uni,1,4.260428428649902,-4.633194923400879,1
OneHandOreba_1016_1_grm_std_uni,1,4.285508632659912,-4.687001705169678,1
OneHandOreba_1016_1_grm_std_uni,1,3.935934066772461,-4.368310451507568,1
OneHandOreba_1016_1_grm_std_uni,1,3.056246519088745,-3.569373846054077,1
OneHandOreba_1016_1_grm_std_uni,1,3.8478894233703613,-4.3557562828063965,1
OneHandOreba_1016_1_grm_std_uni,1,4.057827949523926,-4.5725483894348145,1
OneHandOreba_1016_1_grm_std_uni,1,3.5726680755615234,-4.163447380065918,1
OneHandOreba_1016_1_grm_std_uni,1,2.9533300399780273,-3.812734365463257,1
OneHandOreba_1016_1_grm_std_uni,1,3.8177273273468018,-5.279657363891602,1
OneHandOreba_1016_1_grm_std_uni,1,4.4500274658203125,-5.975424766540527,1
OneHandOreba_1016_1_grm_std_uni,1,4.274496555328369,-5.702948570251465,1
OneHandOreba_1016_1_grm_std_uni,1,4.101887226104736,-5.254141330718994,1
OneHandOreba_1016_1_grm_std_uni,1,4.316479206085205,-5.430334568023682,1
OneHandOreba_1016_1_grm_std_uni,1,4.285274028778076,-5.2708740234375,1
OneHandOreba_1016_1_grm_std_uni,1,3.7434189319610596,-4.735601902008057,1
OneHandOreba_1016_1_grm_std_uni,1,2.4068422317504883,-3.044140100479126,1
OneHandOreba_1016_1_grm_std_uni,1,0.4354209899902344,-0.48329466581344604,1
OneHandOreba_1016_1_grm_std_uni,1,1.6851370334625244,-2.1235594749450684,1
OneHandOreba_1016_1_grm_std_uni,1,3.1710121631622314,-2.974348783493042,1
OneHandOreba_1016_1_grm_std_uni,1,3.4029200077056885,-3.4191296100616455,1
OneHandOreba_1016_1_grm_std_uni,1,4.495504379272461,-4.539486408233643,1
OneHandOreba_1016_1_grm_std_uni,1,4.70647668838501,-4.692774772644043,1
OneHandOreba_1016_1_grm_std_uni,1,3.9120147228240967,-4.135091781616211,1
OneHandOreba_1016_1_grm_std_uni,1,3.2437167167663574,-3.6680643558502197,1
OneHandOreba_1016_1_grm_std_uni,1,3.7428781986236572,-4.293074607849121,1
OneHandOreba_1016_1_grm_std_uni,1,3.7685914039611816,-4.262171268463135,1
OneHandOreba_1016_1_grm_std_uni,1,3.630232572555542,-4.0749921798706055,1
OneHandOreba_1016_1_grm_std_uni,1,3.424239158630371,-4.042192459106445,1
OneHandOreba_1016_1_grm_std_uni,1,4.329267978668213,-4.860164642333984,1
OneHandOreba_1016_1_grm_std_uni,1,5.205420017242432,-5.568356513977051,1
OneHandOreba_1016_1_grm_std_uni,1,4.771671295166016,-5.318562984466553,1
OneHandOreba_1016_1_grm_std_uni,1,4.867437839508057,-5.384128093719482,1
OneHandOreba_1016_1_grm_std_uni,1,5.363570690155029,-6.248047351837158,1
OneHandOreba_1016_1_grm_std_uni,1,6.028274059295654,-6.829614639282227,1
OneHandOreba_1016_1_grm_std_uni,1,6.672138214111328,-7.5117506980896,1
OneHandOreba_1016_1_grm_std_uni,1,6.809448719024658,-7.575506210327148,1
OneHandOreba_1016_1_grm_std_uni,1,6.125321388244629,-6.837869644165039,1
OneHandOreba_1016_1_grm_std_uni,1,6.236860752105713,-6.913698196411133,1
OneHandOreba_1016_1_grm_std_uni,1,6.401414394378662,-6.626665115356445,1
OneHandOreba_1016_1_grm_std_uni,1,5.947807788848877,-6.187195301055908,1
OneHandOreba_1016_1_grm_std_uni,1,6.322009086608887,-6.809837818145752,1
OneHandOreba_1016_1_grm_std_uni,1,5.688663482666016,-6.344480991363525,1
OneHandOreba_1016_1_grm_std_uni,1,5.55750036239624,-6.28997802734375,1
OneHandOreba_1016_1_grm_std_uni,1,5.284493923187256,-6.145025253295898,1
OneHandOreba_1016_1_grm_std_uni,1,5.575074672698975,-6.299185752868652,1
OneHandOreba_1016_1_grm_std_uni,1,5.370260238647461,-6.100442409515381,1
OneHandOreba_1016_1_grm_std_uni,1,4.267850875854492,-4.872558116912842,1
OneHandOreba_1016_1_grm_std_uni,1,4.770787715911865,-5.858011722564697,1
OneHandOreba_1016_1_grm_std_uni,1,5.400755882263184,-6.4544677734375,1
OneHandOreba_1016_1_grm_std_uni,1,5.482910633087158,-6.4612202644348145,1
OneHandOreba_1016_1_grm_std_uni,1,5.4747819900512695,-6.443981170654297,1
OneHandOreba_1016_1_grm_std_uni,1,5.165919780731201,-5.822536945343018,1
OneHandOreba_1016_1_grm_std_uni,1,4.591180801391602,-5.278831481933594,1
OneHandOreba_1016_1_grm_std_uni,1,4.090848445892334,-4.965303421020508,1
OneHandOreba_1016_1_grm_std_uni,1,4.4872236251831055,-5.461796283721924,1
OneHandOreba_1016_1_grm_std_uni,1,5.610269546508789,-6.36510705947876,1
OneHandOreba_1016_1_grm_std_uni,1,5.8751678466796875,-6.517678260803223,1
OneHandOreba_1016_1_grm_std_uni,1,5.5336408615112305,-6.268312931060791,1
OneHandOreba_1016_1_grm_std_uni,1,5.113375663757324,-5.770168304443359,1
OneHandOreba_1016_1_grm_std_uni,1,5.0649495124816895,-5.748266220092773,1
OneHandOreba_1016_1_grm_std_uni,1,5.364524841308594,-6.086548328399658,1
OneHandOreba_1016_1_grm_std_uni,1,5.850009918212891,-6.263332366943359,1
OneHandOreba_1016_1_grm_std_uni,1,6.10159969329834,-6.298097610473633,1
OneHandOreba_1016_1_grm_std_uni,1,6.025021076202393,-6.283132076263428,1
OneHandOreba_1016_1_grm_std_uni,1,5.840237617492676,-6.383352279663086,1
OneHandOreba_1016_1_grm_std_uni,1,5.282617568969727,-5.915066719055176,1
OneHandOreba_1016_1_grm_std_uni,1,4.9093780517578125,-5.580038547515869,1
OneHandOreba_1016_1_grm_std_uni,1,4.520809173583984,-4.782507419586182,1
OneHandOreba_1016_1_grm_std_uni,1,4.524202346801758,-4.393908977508545,1
OneHandOreba_1016_1_grm_std_uni,1,4.869141578674316,-4.835143089294434,1
OneHandOreba_1016_1_grm_std_uni,1,4.743181228637695,-5.216063499450684,1
OneHandOreba_1016_1_grm_std_uni,1,4.489547252655029,-4.958802700042725,1
OneHandOreba_1016_1_grm_std_uni,1,4.402182579040527,-4.948619365692139,1
OneHandOreba_1016_1_grm_std_uni,1,4.707255840301514,-5.475142002105713,1
OneHandOreba_1016_1_grm_std_uni,1,5.332436561584473,-5.934798240661621,1
OneHandOreba_1016_1_grm_std_uni,1,6.011157512664795,-6.475016117095947,1
OneHandOreba_1016_1_grm_std_uni,1,6.157539367675781,-6.433236598968506,1
OneHandOreba_1016_1_grm_std_uni,1,6.178325653076172,-6.516385078430176,1
OneHandOreba_1016_1_grm_std_uni,2,6.1374335289001465,-6.85884428024292,1
OneHandOreba_1016_1_grm_std_uni,2,5.57810115814209,-6.498435020446777,1
OneHandOreba_1016_1_grm_std_uni,2,5.289340972900391,-6.0574951171875,1
OneHandOreba_1016_1_grm_std_uni,2,4.978658199310303,-5.766988754272461,1
OneHandOreba_1016_1_grm_std_uni,2,4.859166145324707,-5.678250312805176,1
OneHandOreba_1016_1_grm_std_uni,2,4.558724880218506,-5.222877502441406,1
OneHandOreba_1016_1_grm_std_uni,2,3.041102409362793,-2.79492449760437,1
OneHandOreba_1016_1_grm_std_uni,2,2.2911367416381836,-1.5702615976333618,1
OneHandOreba_1016_1_grm_std_uni,2,2.9144678115844727,-2.269155502319336,1
OneHandOreba_1016_1_grm_std_uni,2,3.9464550018310547,-4.102490425109863,1
OneHandOreba_1016_1_grm_std_uni,2,4.280096530914307,-5.214047431945801,1
OneHandOreba_1016_1_grm_std_uni,2,2.4023520946502686,-2.645991086959839,1
OneHandOreba_1016_1_grm_std_uni,2,0.24123863875865936,0.6427793502807617,2
OneHandOreba_1016_1_grm_std_uni,2,-0.601405680179596,3.3372550010681152,1
OneHandOreba_1016_1_grm_std_uni,2,2.4969868659973145,-1.4841595888137817,1
OneHandOreba_1016_1_grm_std_uni,2,4.159124374389648,-4.912438869476318,1
OneHandOreba_1016_1_grm_std_uni,2,5.016983985900879,-5.872952461242676,1
OneHandOreba_1016_1_grm_std_uni,2,5.3212785720825195,-6.125385761260986,1
OneHandOreba_1016_1_grm_std_uni,2,4.998106479644775,-5.850534915924072,1
OneHandOreba_1016_1_grm_std_uni,2,5.016360282897949,-5.7728142738342285,1
OneHandOreba_1016_1_grm_std_uni,2,5.3514838218688965,-6.069890022277832,1
OneHandOreba_1016_1_grm_std_uni,2,5.693623065948486,-6.5287322998046875,1
OneHandOreba_1016_1_grm_std_uni,2,5.1543378829956055,-5.702327728271484,1
OneHandOreba_1016_1_grm_std_uni,1,5.1121954917907715,-6.005765914916992,1
OneHandOreba_1016_1_grm_std_uni,1,5.778062343597412,-6.627877712249756,1
OneHandOreba_1016_1_grm_std_uni,1,5.99228048324585,-7.097743034362793,1
OneHandOreba_1016_1_grm_std_uni,1,6.1755805015563965,-7.4053263664245605,1
OneHandOreba_1016_1_grm_std_uni,1,6.461241722106934,-7.486657619476318,1
OneHandOreba_1016_1_grm_std_uni,1,6.906911373138428,-7.718001365661621,1
OneHandOreba_1016_1_grm_std_uni,1,6.988016605377197,-7.736248016357422,1
OneHandOreba_1016_1_grm_std_uni,1,6.477182388305664,-7.369458198547363,1
OneHandOreba_1016_1_grm_std_uni,1,6.3580474853515625,-7.068907260894775,1
OneHandOreba_1016_1_grm_std_uni,1,6.083725929260254,-6.3723673820495605,1
OneHandOreba_1016_1_grm_std_uni,1,5.966423034667969,-6.338775634765625,1
OneHandOreba_1016_1_grm_std_uni,1,5.28113317489624,-5.810897350311279,1
OneHandOreba_1016_1_grm_std_uni,1,4.665117263793945,-5.239284992218018,1
OneHandOreba_1016_1_grm_std_uni,1,4.670592784881592,-5.036807537078857,1
OneHandOreba_1016_1_grm_std_uni,1,4.093127727508545,-3.7012102603912354,1
OneHandOreba_1016_1_grm_std_uni,1,4.1794819831848145,-3.7328898906707764,1
OneHandOreba_1016_1_grm_std_uni,1,5.676374912261963,-5.32407283782959,1
OneHandOreba_1016_1_grm_std_uni,1,6.501748561859131,-6.504105567932129,1
OneHandOreba_1016_1_grm_std_uni,1,6.794083118438721,-6.806807041168213,1
OneHandOreba_1016_1_grm_std_uni,1,7.381424427032471,-7.514832496643066,1
OneHandOreba_1016_1_grm_std_uni,1,7.427618980407715,-7.667832374572754,1
OneHandOreba_1016_1_grm_std_uni,1,6.840230464935303,-7.059887409210205,1
OneHandOreba_1016_1_grm_std_uni,1,6.899903297424316,-7.313706398010254,1
OneHandOreba_1016_1_grm_std_uni,1,7.153872489929199,-7.5013275146484375,1
OneHandOreba_1016_1_grm_std_uni,1,6.702089786529541,-7.081306457519531,1
OneHandOreba_1016_1_grm_std_uni,1,6.125877857208252,-6.506002426147461,1
OneHandOreba_1016_1_grm_std_uni,1,6.243696689605713,-6.295742988586426,1
OneHandOreba_1016_1_grm_std_uni,1,6.495665550231934,-6.534423828125,1
OneHandOreba_1016_1_grm_std_uni,1,6.63444185256958,-7.216616153717041,1
OneHandOreba_1016_1_grm_std_uni,1,6.3291401863098145,-7.182261943817139,1
OneHandOreba_1016_1_grm_std_uni,1,5.324833869934082,-6.4526753425598145,1
OneHandOreba_1016_1_grm_std_uni,1,3.819873094558716,-5.032089710235596,1
OneHandOreba_1016_1_grm_std_uni,1,3.6108999252319336,-4.902158737182617,1
OneHandOreba_1016_1_grm_std_uni,1,3.8965506553649902,-4.943556785583496,1
OneHandOreba_1016_1_grm_std_uni,1,4.280628204345703,-5.099564552307129,1
OneHandOreba_1016_1_grm_std_uni,1,4.416464805603027,-5.160135746002197,1
OneHandOreba_1016_1_grm_std_uni,1,4.4133830070495605,-5.107935905456543,1
OneHandOreba_1016_1_grm_std_uni,1,4.3616437911987305,-5.024923324584961,1
OneHandOreba_1016_1_grm_std_uni,1,4.365477561950684,-5.0068888664245605,1
OneHandOreba_1016_1_grm_std_uni,1,4.287958145141602,-4.897373199462891,1
OneHandOreba_1016_1_grm_std_uni,1,4.18293571472168,-4.7999420166015625,1
OneHandOreba_1016_1_grm_std_uni,1,4.214193344116211,-4.879556179046631,1
OneHandOreba_1016_1_grm_std_uni,1,4.225649833679199,-4.905152320861816,1
OneHandOreba_1016_1_grm_std_uni,1,4.205724239349365,-4.908375263214111,1
OneHandOreba_1016_1_grm_std_uni,1,4.246725082397461,-4.977817535400391,1
OneHandOreba_1016_1_grm_std_uni,1,4.210971832275391,-4.9130706787109375,1
OneHandOreba_1016_1_grm_std_uni,1,4.188753128051758,-4.870476722717285,1
OneHandOreba_1016_1_grm_std_uni,1,4.237345218658447,-4.9278459548950195,1
OneHandOreba_1016_1_grm_std_uni,1,4.176401138305664,-4.843941688537598,1
OneHandOreba_1016_1_grm_std_uni,1,4.022914886474609,-4.691333770751953,1
OneHandOreba_1016_1_grm_std_uni,1,3.8655242919921875,-4.520457744598389,1
OneHandOreba_1016_1_grm_std_uni,1,3.8493432998657227,-4.536155700683594,1
OneHandOreba_1016_1_grm_std_uni,1,3.970198631286621,-4.74281120300293,1
OneHandOreba_1016_1_grm_std_uni,1,4.018265247344971,-4.827765464782715,1
OneHandOreba_1016_1_grm_std_uni,1,3.975247383117676,-4.791289329528809,1
OneHandOreba_1016_1_grm_std_uni,1,3.981597423553467,-4.862283229827881,1
OneHandOreba_1016_1_grm_std_uni,1,4.315707683563232,-5.284316062927246,1
OneHandOreba_1016_1_grm_std_uni,1,4.226312637329102,-5.13762092590332,1
OneHandOreba_1016_1_grm_std_uni,1,4.2581095695495605,-5.084216117858887,1
OneHandOreba_1016_1_grm_std_uni,1,4.013806343078613,-4.862967491149902,1
OneHandOreba_1016_1_grm_std_uni,1,3.4793646335601807,-4.124006271362305,1
OneHandOreba_1016_1_grm_std_uni,1,3.390984058380127,-3.7062747478485107,1
OneHandOreba_1016_1_grm_std_uni,1,3.956881046295166,-4.476485252380371,1
OneHandOreba_1016_1_grm_std_uni,1,3.8351738452911377,-4.202843189239502,1
OneHandOreba_1016_1_grm_std_uni,1,4.239962577819824,-4.732296466827393,1
OneHandOreba_1016_1_grm_std_uni,1,4.568410873413086,-5.202880859375,1
OneHandOreba_1016_1_grm_std_uni,1,4.49867582321167,-5.145447731018066,1
OneHandOreba_1016_1_grm_std_uni,1,4.4546098709106445,-5.045614719390869,1
OneHandOreba_1016_1_grm_std_uni,1,4.494410991668701,-5.084108352661133,1
OneHandOreba_1016_1_grm_std_uni,1,4.587897300720215,-5.19366979598999,1
OneHandOreba_1016_1_grm_std_uni,1,4.492901802062988,-5.054052829742432,1
OneHandOreba_1016_1_grm_std_uni,1,4.427174091339111,-5.00531530380249,1
OneHandOreba_1016_1_grm_std_uni,1,4.43796968460083,-5.07158088684082,1
OneHandOreba_1016_1_grm_std_uni,1,4.30125617980957,-4.9862380027771,1
OneHandOreba_1016_1_grm_std_uni,1,4.048727035522461,-4.966124534606934,1
OneHandOreba_1016_1_grm_std_uni,1,3.499074935913086,-4.802189350128174,1
OneHandOreba_1016_1_grm_std_uni,1,3.5273020267486572,-4.514392375946045,1
OneHandOreba_1016_1_grm_std_uni,1,4.462696075439453,-4.749887466430664,1
OneHandOreba_1016_1_grm_std_uni,1,3.3873696327209473,-3.3170320987701416,1
OneHandOreba_1016_1_grm_std_uni,1,3.6214184761047363,-3.5175065994262695,1
OneHandOreba_1016_1_grm_std_uni,1,5.137767314910889,-5.2836995124816895,1
OneHandOreba_1016_1_grm_std_uni,1,6.25731086730957,-6.142959117889404,1
OneHandOreba_1016_1_grm_std_uni,1,6.716667652130127,-6.0717453956604,1
OneHandOreba_1016_1_grm_std_uni,1,6.401909351348877,-5.887795925140381,1
OneHandOreba_1016_1_grm_std_uni,1,6.647156715393066,-6.721258640289307,1
OneHandOreba_1016_1_grm_std_uni,1,6.9978814125061035,-7.20357608795166,1
OneHandOreba_1016_1_grm_std_uni,1,6.268154621124268,-6.546370029449463,1
OneHandOreba_1016_1_grm_std_uni,1,5.317358016967773,-5.994741916656494,1
OneHandOreba_1016_1_grm_std_uni,1,5.796233177185059,-6.701444149017334,1
OneHandOreba_1016_1_grm_std_uni,1,6.170823574066162,-6.743156433105469,1
OneHandOreba_1016_1_grm_std_uni,1,5.788581848144531,-6.3773603439331055,1
OneHandOreba_1016_1_grm_std_uni,1,6.020905017852783,-6.353816032409668,1
OneHandOreba_1016_1_grm_std_uni,1,6.0508527755737305,-6.1444878578186035,1
OneHandOreba_1016_1_grm_std_uni,1,5.551407814025879,-5.7910542488098145,1
OneHandOreba_1016_1_grm_std_uni,1,4.406785488128662,-4.593837738037109,1
OneHandOreba_1016_1_grm_std_uni,1,4.133382320404053,-4.706123352050781,1
OneHandOreba_1016_1_grm_std_uni,1,3.4404520988464355,-3.9470314979553223,1
OneHandOreba_1016_1_grm_std_uni,1,2.3394689559936523,-2.022669553756714,1
OneHandOreba_1016_1_grm_std_uni,1,3.244004964828491,-2.894913911819458,1
OneHandOreba_1016_1_grm_std_uni,1,4.486988067626953,-4.378350734710693,1
OneHandOreba_1016_1_grm_std_uni,1,4.739404201507568,-5.083496570587158,1
OneHandOreba_1016_1_grm_std_uni,1,4.745426654815674,-5.3633246421813965,1
OneHandOreba_1016_1_grm_std_uni,1,4.574810028076172,-5.190456867218018,1
OneHandOreba_1016_1_grm_std_uni,1,4.409577369689941,-4.7240424156188965,1
OneHandOreba_1016_1_grm_std_uni,1,4.531785488128662,-4.954176425933838,1
OneHandOreba_1016_1_grm_std_uni,1,4.6778717041015625,-5.253990650177002,1
OneHandOreba_1016_1_grm_std_uni,1,4.641245365142822,-5.17477560043335,1
OneHandOreba_1016_1_grm_std_uni,1,4.610410213470459,-5.06089973449707,1
OneHandOreba_1016_1_grm_std_uni,1,5.496397495269775,-5.777622222900391,1
OneHandOreba_1016_1_grm_std_uni,1,5.789538383483887,-5.762886047363281,1
OneHandOreba_1016_1_grm_std_uni,1,5.435675144195557,-5.164119243621826,1
OneHandOreba_1016_1_grm_std_uni,1,5.7165632247924805,-5.754175186157227,1
OneHandOreba_1016_1_grm_std_uni,1,5.749255180358887,-5.789945602416992,1
OneHandOreba_1016_1_grm_std_uni,1,5.898048400878906,-6.0875349044799805,1
OneHandOreba_1016_1_grm_std_uni,1,6.485486030578613,-6.509739875793457,1
OneHandOreba_1016_1_grm_std_uni,1,6.718967437744141,-6.569328784942627,1
OneHandOreba_1016_1_grm_std_uni,1,6.19969367980957,-6.578512191772461,1
OneHandOreba_1016_1_grm_std_uni,1,5.741812229156494,-6.455304145812988,1
OneHandOreba_1016_1_grm_std_uni,1,5.08241081237793,-6.042576789855957,1
OneHandOreba_1016_1_grm_std_uni,1,4.6827850341796875,-4.872994422912598,1
OneHandOreba_1016_1_grm_std_uni,1,4.1101155281066895,-4.44631290435791,1
OneHandOreba_1016_1_grm_std_uni,2,3.8381924629211426,-3.8405003547668457,1
OneHandOreba_1016_1_grm_std_uni,2,3.1147491931915283,-3.598125696182251,1
OneHandOreba_1016_1_grm_std_uni,2,3.2683422565460205,-3.7607598304748535,1
OneHandOreba_1016_1_grm_std_uni,2,3.1431329250335693,-3.551025867462158,1
OneHandOreba_1016_1_grm_std_uni,2,0.3976915180683136,0.3814578056335449,1
OneHandOreba_1016_1_grm_std_uni,2,-0.17739681899547577,1.3753176927566528,2
OneHandOreba_1016_1_grm_std_uni,2,0.2978961765766144,1.2525197267532349,1
OneHandOreba_1016_1_grm_std_uni,2,2.6895952224731445,-1.6327866315841675,1
OneHandOreba_1016_1_grm_std_uni,2,3.8275256156921387,-3.7674202919006348,1
OneHandOreba_1016_1_grm_std_uni,2,3.9376087188720703,-4.329831123352051,1
OneHandOreba_1016_1_grm_std_uni,2,2.2791521549224854,-1.989235758781433,1
OneHandOreba_1016_1_grm_std_uni,2,0.9885647296905518,0.2389310598373413,1
OneHandOreba_1016_1_grm_std_uni,2,1.8158260583877563,-0.2406369298696518,1
OneHandOreba_1016_1_grm_std_uni,2,3.7210943698883057,-4.48606014251709,1
OneHandOreba_1016_1_grm_std_uni,2,4.742593288421631,-5.658899307250977,1
OneHandOreba_1016_1_grm_std_uni,2,5.154416084289551,-5.973608016967773,1
OneHandOreba_1016_1_grm_std_uni,2,5.006580829620361,-5.923641681671143,1
OneHandOreba_1016_1_grm_std_uni,1,5.053686618804932,-5.861112594604492,1
OneHandOreba_1016_1_grm_std_uni,1,5.4421586990356445,-5.946335315704346,1
OneHandOreba_1016_1_grm_std_uni,1,5.560359477996826,-5.84545373916626,1
OneHandOreba_1016_1_grm_std_uni,1,6.563383102416992,-7.100395679473877,1
OneHandOreba_1016_1_grm_std_uni,1,6.752641677856445,-8.070852279663086,1
OneHandOreba_1016_1_grm_std_uni,1,6.804378509521484,-7.995192050933838,1
OneHandOreba_1016_1_grm_std_uni,1,6.6586012840271,-7.955723285675049,1
OneHandOreba_1016_1_grm_std_uni,1,6.118468761444092,-7.290874004364014,1
OneHandOreba_1016_1_grm_std_uni,1,4.2853498458862305,-5.244018077850342,1
OneHandOreba_1016_1_grm_std_uni,2,3.2789883613586426,-4.004279613494873,1
OneHandOreba_1016_1_grm_std_uni,2,3.5280747413635254,-4.395331382751465,1
OneHandOreba_1016_1_grm_std_uni,2,4.29062032699585,-4.905943393707275,1
OneHandOreba_1016_1_grm_std_uni,2,4.798184871673584,-5.3489813804626465,1
OneHandOreba_1016_1_grm_std_uni,2,4.480679035186768,-5.312067985534668,1
OneHandOreba_1016_1_grm_std_uni,2,3.9945549964904785,-4.612603664398193,1
OneHandOreba_1016_1_grm_std_uni,2,3.7097835540771484,-4.3714728355407715,1
OneHandOreba_1016_1_grm_std_uni,2,3.6994659900665283,-4.288890361785889,1
OneHandOreba_1016_1_grm_std_uni,2,4.06513786315918,-4.559562683105469,1
OneHandOreba_1016_1_grm_std_uni,2,3.7668182849884033,-4.490245819091797,1
OneHandOreba_1016_1_grm_std_uni,2,3.6275644302368164,-4.424495697021484,1
OneHandOreba_1016_1_grm_std_uni,2,4.294610500335693,-5.003922939300537,1
OneHandOreba_1016_1_grm_std_uni,1,4.086986541748047,-4.985173225402832,1
OneHandOreba_1016_1_grm_std_uni,1,2.8357834815979004,-3.7839088439941406,1
OneHandOreba_1016_1_grm_std_uni,1,2.9189391136169434,-3.6483449935913086,1
OneHandOreba_1016_1_grm_std_uni,1,2.8445205688476562,-3.5266036987304688,1
OneHandOreba_1016_1_grm_std_uni,1,2.9840030670166016,-3.2060775756835938,1
OneHandOreba_1016_1_grm_std_uni,1,3.6581878662109375,-4.146963119506836,1
OneHandOreba_1016_1_grm_std_uni,1,4.441558837890625,-4.7046284675598145,1
OneHandOreba_1016_1_grm_std_uni,1,4.979745388031006,-5.342474460601807,1
OneHandOreba_1016_1_grm_std_uni,1,5.257234573364258,-5.2584686279296875,1
OneHandOreba_1016_1_grm_std_uni,1,5.681320667266846,-5.862247943878174,1
OneHandOreba_1016_1_grm_std_uni,1,6.391208648681641,-6.868247032165527,1
OneHandOreba_1016_1_grm_std_uni,1,6.4092512130737305,-6.596529483795166,1
OneHandOreba_1016_1_grm_std_uni,1,5.064235210418701,-4.808581352233887,1
OneHandOreba_1016_1_grm_std_uni,1,3.7353591918945312,-4.090768337249756,1
OneHandOreba_1016_1_grm_std_uni,1,3.9303884506225586,-4.344855785369873,1
OneHandOreba_1016_1_grm_std_uni,1,3.9979920387268066,-4.631651401519775,1
OneHandOreba_1016_1_grm_std_uni,1,3.8571858406066895,-4.8517889976501465,1
OneHandOreba_1016_1_grm_std_uni,1,4.074245452880859,-5.087203025817871,1
OneHandOreba_1016_1_grm_std_uni,1,4.169306755065918,-5.12045955657959,1
OneHandOreba_1016_1_grm_std_uni,1,3.969144821166992,-4.710371017456055,1
OneHandOreba_1016_1_grm_std_uni,1,3.6214213371276855,-4.259180545806885,1
OneHandOreba_1016_1_grm_std_uni,1,3.661748170852661,-4.053313732147217,1
OneHandOreba_1016_1_grm_std_uni,1,3.4594814777374268,-4.097312927246094,1
OneHandOreba_1016_1_grm_std_uni,1,3.225675582885742,-3.9503610134124756,1
OneHandOreba_1016_1_grm_std_uni,1,3.4889869689941406,-4.443130016326904,1
OneHandOreba_1016_1_grm_std_uni,1,4.001223087310791,-4.854543685913086,1
OneHandOreba_1016_1_grm_std_uni,1,3.7093136310577393,-4.111750602722168,1
OneHandOreba_1016_1_grm_std_uni,1,2.8817131519317627,-3.288233995437622,1
OneHandOreba_1016_1_grm_std_uni,1,3.8828811645507812,-4.124630451202393,1
OneHandOreba_1016_1_grm_std_uni,1,4.239414691925049,-4.727367401123047,1
OneHandOreba_1016_1_grm_std_uni,1,4.413665771484375,-5.195239067077637,1
OneHandOreba_1016_1_grm_std_uni,1,5.103603363037109,-5.716285228729248,1
OneHandOreba_1016_1_grm_std_uni,1,5.245737552642822,-5.833174705505371,1
OneHandOreba_1016_1_grm_std_uni,1,5.3340840339660645,-5.854651927947998,1
OneHandOreba_1016_1_grm_std_uni,1,5.707339763641357,-6.256299018859863,1
OneHandOreba_1016_1_grm_std_uni,1,5.684693813323975,-6.354213237762451,1
OneHandOreba_1016_1_grm_std_uni,1,5.091611862182617,-5.962170124053955,1
OneHandOreba_1016_1_grm_std_uni,1,4.51865816116333,-5.715664386749268,1
OneHandOreba_1016_1_grm_std_uni,1,3.9855666160583496,-5.317105770111084,1
OneHandOreba_1016_1_grm_std_uni,1,4.4906005859375,-6.069029808044434,1
OneHandOreba_1016_1_grm_std_uni,1,4.807785987854004,-6.740887641906738,1
OneHandOreba_1016_1_grm_std_uni,1,4.669611930847168,-6.654113292694092,1
OneHandOreba_1016_1_grm_std_uni,1,4.570229530334473,-6.4221601486206055,1
OneHandOreba_1016_1_grm_std_uni,1,4.4389424324035645,-6.25925874710083,1
OneHandOreba_1016_1_grm_std_uni,1,4.169157028198242,-5.835005760192871,1
OneHandOreba_1016_1_grm_std_uni,1,3.9618704319000244,-5.513673305511475,1
OneHandOreba_1016_1_grm_std_uni,1,4.326483249664307,-5.818238735198975,1
OneHandOreba_1016_1_grm_std_uni,1,4.423179626464844,-5.825148582458496,1
OneHandOreba_1016_1_grm_std_uni,1,4.357072830200195,-5.693251132965088,1
OneHandOreba_1016_1_grm_std_uni,1,4.2554216384887695,-5.556332111358643,1
OneHandOreba_1016_1_grm_std_uni,1,4.119433403015137,-5.392995834350586,1
OneHandOreba_1016_1_grm_std_uni,1,4.068058967590332,-5.308006763458252,1
OneHandOreba_1016_1_grm_std_uni,1,4.068967342376709,-5.356594562530518,1
OneHandOreba_1016_1_grm_std_uni,1,4.010745048522949,-5.290260314941406,1
OneHandOreba_1016_1_grm_std_uni,1,3.9295427799224854,-5.1305012702941895,1
OneHandOreba_1016_1_grm_std_uni,1,4.046176910400391,-5.277430057525635,1
OneHandOreba_1016_1_grm_std_uni,1,4.106953144073486,-5.290169715881348,1
OneHandOreba_1016_1_grm_std_uni,1,4.262423992156982,-5.497001647949219,1
OneHandOreba_1016_1_grm_std_uni,1,4.268449306488037,-5.508749961853027,1
OneHandOreba_1016_1_grm_std_uni,1,4.1043829917907715,-5.285426139831543,1
OneHandOreba_1016_1_grm_std_uni,1,3.9154393672943115,-5.080162048339844,1
OneHandOreba_1016_1_grm_std_uni,1,3.9292685985565186,-5.112735271453857,1
OneHandOreba_1016_1_grm_std_uni,1,3.914728879928589,-5.089670658111572,1
OneHandOreba_1016_1_grm_std_uni,1,3.855923891067505,-4.990177631378174,1
OneHandOreba_1016_1_grm_std_uni,1,3.8449785709381104,-4.934953212738037,1
OneHandOreba_1016_1_grm_std_uni,1,3.8419318199157715,-4.907796859741211,1
OneHandOreba_1016_1_grm_std_uni,1,3.78279709815979,-4.806761264801025,1
OneHandOreba_1016_1_grm_std_uni,1,3.7357420921325684,-4.717771053314209,1
OneHandOreba_1016_1_grm_std_uni,1,3.7409842014312744,-4.707416534423828,1
OneHandOreba_1016_1_grm_std_uni,1,3.737001419067383,-4.705776214599609,1
OneHandOreba_1016_1_grm_std_uni,1,3.776214599609375,-4.7452802658081055,1
OneHandOreba_1016_1_grm_std_uni,1,3.7620391845703125,-4.738829135894775,1
OneHandOreba_1016_1_grm_std_uni,1,3.747814893722534,-4.715890407562256,1
OneHandOreba_1016_1_grm_std_uni,1,3.7106170654296875,-4.687338829040527,1
OneHandOreba_1016_1_grm_std_uni,1,3.7194557189941406,-4.683323860168457,1
OneHandOreba_1016_1_grm_std_uni,1,3.7563095092773438,-4.724349021911621,1
OneHandOreba_1016_1_grm_std_uni,1,3.748504638671875,-4.691442489624023,1
OneHandOreba_1016_1_grm_std_uni,1,3.8429698944091797,-4.79439115524292,1
OneHandOreba_1016_1_grm_std_uni,1,3.7714004516601562,-4.791930675506592,1
OneHandOreba_1016_1_grm_std_uni,1,3.538330078125,-4.565781116485596,1
OneHandOreba_1016_1_grm_std_uni,1,3.520033597946167,-4.613323211669922,1
OneHandOreba_1016_1_grm_std_uni,1,3.846780300140381,-5.115904331207275,1
OneHandOreba_1016_1_grm_std_uni,1,3.807377576828003,-5.0170063972473145,1
OneHandOreba_1016_1_grm_std_uni,1,3.7959280014038086,-4.9990668296813965,1
OneHandOreba_1016_1_grm_std_uni,1,3.862818717956543,-5.129693031311035,1
OneHandOreba_1016_1_grm_std_uni,1,3.9004547595977783,-5.168994426727295,1
OneHandOreba_1016_1_grm_std_uni,1,3.710442543029785,-4.853567123413086,1
OneHandOreba_1016_1_grm_std_uni,1,3.9791781902313232,-5.414786338806152,1
OneHandOreba_1016_1_grm_std_uni,1,4.383621692657471,-6.168337821960449,1
OneHandOreba_1016_1_grm_std_uni,1,4.230536937713623,-5.6869916915893555,1
OneHandOreba_1016_1_grm_std_uni,1,4.184763431549072,-5.338515758514404,1
OneHandOreba_1016_1_grm_std_uni,1,4.284792900085449,-5.140438079833984,1
OneHandOreba_1016_1_grm_std_uni,1,4.876336097717285,-5.692727565765381,1
OneHandOreba_1016_1_grm_std_uni,1,4.922980308532715,-5.847813129425049,1
OneHandOreba_1016_1_grm_std_uni,1,4.722889423370361,-5.562108516693115,1
OneHandOreba_1016_1_grm_std_uni,1,5.353558540344238,-6.013966083526611,1
OneHandOreba_1016_1_grm_std_uni,1,5.884164333343506,-6.289201736450195,1
OneHandOreba_1016_1_grm_std_uni,1,5.833641529083252,-6.263149261474609,1
OneHandOreba_1016_1_grm_std_uni,1,5.629488468170166,-6.13217306137085,1
OneHandOreba_1016_1_grm_std_uni,1,5.4781880378723145,-6.106115818023682,1
OneHandOreba_1016_1_grm_std_uni,1,5.449614524841309,-6.0844502449035645,1
OneHandOreba_1016_1_grm_std_uni,1,5.638848304748535,-6.4403815269470215,1
OneHandOreba_1016_1_grm_std_uni,1,5.400693416595459,-6.0652899742126465,1
OneHandOreba_1016_1_grm_std_uni,1,5.052664756774902,-5.4803266525268555,1
OneHandOreba_1016_1_grm_std_uni,1,4.50923490524292,-4.541075706481934,1
OneHandOreba_1016_1_grm_std_uni,2,4.432042121887207,-4.3309807777404785,1
OneHandOreba_1016_1_grm_std_uni,2,4.092926979064941,-4.382676601409912,1
OneHandOreba_1016_1_grm_std_uni,2,3.7160139083862305,-4.409912586212158,1
OneHandOreba_1016_1_grm_std_uni,2,3.3942325115203857,-4.327845096588135,1
OneHandOreba_1016_1_grm_std_uni,2,3.133136034011841,-4.105402946472168,1
OneHandOreba_1016_1_grm_std_uni,2,1.873679757118225,-2.6122992038726807,1
OneHandOreba_1016_1_grm_std_uni,2,0.21085742115974426,0.23037585616111755,2
OneHandOreba_1016_1_grm_std_uni,2,1.3932890892028809,-1.0313013792037964,1
OneHandOreba_1016_1_grm_std_uni,2,1.8277075290679932,-1.8016338348388672,1
OneHandOreba_1016_1_grm_std_uni,2,1.761845350265503,-1.5626890659332275,1
OneHandOreba_1016_1_grm_std_uni,2,2.4875376224517822,-2.118941307067871,1
OneHandOreba_1016_1_grm_std_uni,2,2.4066660404205322,-2.301076889038086,1
OneHandOreba_1016_1_grm_std_uni,2,2.583716630935669,-2.6939094066619873,1
OneHandOreba_1016_1_grm_std_uni,2,3.2908055782318115,-3.446855068206787,1
OneHandOreba_1016_1_grm_std_uni,2,3.9544711112976074,-4.166379451751709,1
OneHandOreba_1016_1_grm_std_uni,2,4.032314300537109,-4.636580944061279,1
OneHandOreba_1016_1_grm_std_uni,2,3.7520651817321777,-4.535528182983398,1
OneHandOreba_1016_1_grm_std_uni,2,3.728212594985962,-4.341594696044922,1
OneHandOreba_1016_1_grm_std_uni,2,3.6799561977386475,-3.7441329956054688,1
OneHandOreba_1016_1_grm_std_uni,2,3.441734790802002,-3.4704580307006836,1
OneHandOreba_1016_1_grm_std_uni,2,3.346843957901001,-2.822026252746582,1
OneHandOreba_1016_1_grm_std_uni,2,2.475903272628784,-1.364837646484375,1
OneHandOreba_1016_1_grm_std_uni,2,2.3526926040649414,-2.0636422634124756,1
OneHandOreba_1016_1_grm_std_uni,2,3.0052366256713867,-3.3239660263061523,1
OneHandOreba_1016_1_grm_std_uni,2,3.8153295516967773,-3.962172269821167,1
OneHandOreba_1016_1_grm_std_uni,1,4.03503942489624,-4.072649955749512,1
OneHandOreba_1016_1_grm_std_uni,1,4.879850387573242,-5.326850414276123,1
OneHandOreba_1016_1_grm_std_uni,1,5.318338394165039,-5.942777156829834,1
OneHandOreba_1016_1_grm_std_uni,1,4.965934753417969,-5.921457767486572,1
OneHandOreba_1016_1_grm_std_uni,1,4.517919540405273,-5.421280860900879,1
OneHandOreba_1016_1_grm_std_uni,1,4.390865325927734,-5.556645393371582,1
OneHandOreba_1016_1_grm_std_uni,1,4.365676403045654,-5.77875280380249,1
OneHandOreba_1016_1_grm_std_uni,1,4.620662212371826,-6.059179306030273,1
OneHandOreba_1016_1_grm_std_uni,1,4.999911308288574,-6.283558368682861,1
OneHandOreba_1016_1_grm_std_uni,1,5.1421332359313965,-6.340150833129883,1
OneHandOreba_1016_1_grm_std_uni,1,5.126833915710449,-6.235995769500732,1
OneHandOreba_1016_1_grm_std_uni,1,5.044604301452637,-6.023370742797852,1
OneHandOreba_1016_1_grm_std_uni,1,4.990014553070068,-5.967032432556152,1
OneHandOreba_1016_1_grm_std_uni,1,4.912652969360352,-5.957588195800781,1
OneHandOreba_1016_1_grm_std_uni,1,4.871930122375488,-5.928379535675049,1
OneHandOreba_1016_1_grm_std_uni,1,4.909844875335693,-5.938350677490234,1
OneHandOreba_1016_1_grm_std_uni,1,4.926823616027832,-5.901098251342773,1
OneHandOreba_1016_1_grm_std_uni,1,4.925618648529053,-5.864866256713867,1
OneHandOreba_1016_1_grm_std_uni,1,4.909984588623047,-5.780411720275879,1
OneHandOreba_1016_1_grm_std_uni,1,4.8839430809021,-5.7435150146484375,1
OneHandOreba_1016_1_grm_std_uni,1,4.883084297180176,-5.687072277069092,1
OneHandOreba_1016_1_grm_std_uni,1,4.86417818069458,-5.601466178894043,1
OneHandOreba_1016_1_grm_std_uni,1,4.823050498962402,-5.547905445098877,1
OneHandOreba_1016_1_grm_std_uni,1,4.779636383056641,-5.433055400848389,1
OneHandOreba_1016_1_grm_std_uni,1,4.71565580368042,-5.295665740966797,1
OneHandOreba_1016_1_grm_std_uni,1,4.647841930389404,-5.116641044616699,1
OneHandOreba_1016_1_grm_std_uni,1,4.5613203048706055,-4.934247970581055,1
OneHandOreba_1016_1_grm_std_uni,1,4.520570755004883,-4.880522727966309,1
OneHandOreba_1016_1_grm_std_uni,1,4.539161205291748,-4.944577217102051,1
OneHandOreba_1016_1_grm_std_uni,1,4.497879505157471,-4.82779598236084,1
OneHandOreba_1016_1_grm_std_uni,1,4.452049255371094,-4.719386100769043,1
OneHandOreba_1016_1_grm_std_uni,1,4.3107075691223145,-4.547645568847656,1
OneHandOreba_1016_1_grm_std_uni,1,4.233863353729248,-4.36857271194458,1
OneHandOreba_1016_1_grm_std_uni,1,4.3054914474487305,-4.499441146850586,1
OneHandOreba_1016_1_grm_std_uni,1,3.8385722637176514,-4.156742095947266,1
OneHandOreba_1016_1_grm_std_uni,1,2.8529319763183594,-3.2474894523620605,1
OneHandOreba_1016_1_grm_std_uni,1,2.137636184692383,-1.5634664297103882,1
OneHandOreba_1016_1_grm_std_uni,1,3.3157167434692383,-2.8101205825805664,1
OneHandOreba_1016_1_grm_std_uni,1,4.496044158935547,-4.042279243469238,1
OneHandOreba_1016_1_grm_std_uni,1,4.992499351501465,-4.5224289894104,1
OneHandOreba_1016_1_grm_std_uni,1,5.168399810791016,-5.109971046447754,1
OneHandOreba_1016_1_grm_std_uni,1,4.550861358642578,-4.7336201667785645,1
OneHandOreba_1016_1_grm_std_uni,1,2.1171605587005615,-1.5229170322418213,1
OneHandOreba_1016_1_grm_std_uni,1,2.462102174758911,-2.3683459758758545,1
OneHandOreba_1016_1_grm_std_uni,1,3.892961025238037,-4.305508136749268,1
OneHandOreba_1016_1_grm_std_uni,1,4.3153076171875,-4.609569549560547,1
OneHandOreba_1016_1_grm_std_uni,1,4.4543304443359375,-4.752246379852295,1
OneHandOreba_1016_1_grm_std_uni,1,4.48990535736084,-4.830203533172607,1
OneHandOreba_1016_1_grm_std_uni,1,4.48137092590332,-4.870512008666992,1
OneHandOreba_1016_1_grm_std_uni,1,4.649558067321777,-4.981262683868408,1
OneHandOreba_1016_1_grm_std_uni,1,4.687423229217529,-4.923667907714844,1
OneHandOreba_1016_1_grm_std_uni,1,4.596828460693359,-5.048189640045166,1
OneHandOreba_1016_1_grm_std_uni,1,4.361928462982178,-4.91519021987915,1
OneHandOreba_1016_1_grm_std_uni,1,4.107179164886475,-4.768531799316406,1
OneHandOreba_1016_1_grm_std_uni,1,4.094457626342773,-4.860811233520508,1
OneHandOreba_1016_1_grm_std_uni,1,4.148000717163086,-4.921532154083252,1
OneHandOreba_1016_1_grm_std_uni,1,4.239514350891113,-4.894837856292725,1
OneHandOreba_1016_1_grm_std_uni,1,4.165342807769775,-4.833754062652588,1
OneHandOreba_1016_1_grm_std_uni,1,4.024056434631348,-4.820775508880615,1
OneHandOreba_1016_1_grm_std_uni,1,3.974794387817383,-4.810277938842773,1
OneHandOreba_1016_1_grm_std_uni,1,3.973262071609497,-4.800643444061279,1
OneHandOreba_1016_1_grm_std_uni,1,4.112877368927002,-4.9116411209106445,1
OneHandOreba_1016_1_grm_std_uni,1,4.274079322814941,-4.985824108123779,1
OneHandOreba_1016_1_grm_std_uni,1,4.187417030334473,-4.752770900726318,1
OneHandOreba_1016_1_grm_std_uni,1,4.652239799499512,-5.237816333770752,1
OneHandOreba_1016_1_grm_std_uni,1,5.323517799377441,-5.997385025024414,1
OneHandOreba_1016_1_grm_std_uni,2,5.272716045379639,-5.911808013916016,1
OneHandOreba_1016_1_grm_std_uni,2,4.89999532699585,-5.5458879470825195,1
OneHandOreba_1016_1_grm_std_uni,2,4.532431125640869,-5.260601997375488,1
OneHandOreba_1016_1_grm_std_uni,2,4.42818021774292,-5.252717018127441,1
OneHandOreba_1016_1_grm_std_uni,2,3.930211305618286,-4.732724666595459,1
OneHandOreba_1016_1_grm_std_uni,2,1.2396516799926758,-0.8798108696937561,1
OneHandOreba_1016_1_grm_std_uni,2,-1.3252167701721191,2.404879570007324,2
OneHandOreba_1016_1_grm_std_uni,2,-0.766072690486908,2.0563340187072754,1
OneHandOreba_1016_1_grm_std_uni,2,0.6597256064414978,-0.11235035955905914,1
OneHandOreba_1016_1_grm_std_uni,2,1.9579776525497437,-1.7875096797943115,1
OneHandOreba_1016_1_grm_std_uni,2,3.077382802963257,-3.301015615463257,1
OneHandOreba_1016_1_grm_std_uni,2,3.807689666748047,-4.271361351013184,1
OneHandOreba_1016_1_grm_std_uni,2,3.9814841747283936,-4.618348121643066,1
OneHandOreba_1016_1_grm_std_uni,2,3.9559285640716553,-4.585988521575928,1
OneHandOreba_1016_1_grm_std_uni,2,3.9075045585632324,-4.163356781005859,1
OneHandOreba_1016_1_grm_std_uni,2,4.272773742675781,-4.110622882843018,1
OneHandOreba_1016_1_grm_std_uni,2,4.34153413772583,-3.848966121673584,1
OneHandOreba_1016_1_grm_std_uni,2,4.583522796630859,-4.0836100578308105,1
OneHandOreba_1016_1_grm_std_uni,2,5.398202896118164,-5.163389205932617,1
OneHandOreba_1016_1_grm_std_uni,2,5.966052055358887,-6.0525712966918945,1
OneHandOreba_1016_1_grm_std_uni,2,4.898792266845703,-4.971118927001953,1
OneHandOreba_1016_1_grm_std_uni,2,4.5549702644348145,-4.666769981384277,1
OneHandOreba_1016_1_grm_std_uni,1,5.103316307067871,-5.3424482345581055,1
OneHandOreba_1016_1_grm_std_uni,1,4.782321929931641,-4.817690372467041,1
OneHandOreba_1016_1_grm_std_uni,1,4.1801276206970215,-4.866518974304199,1
OneHandOreba_1016_1_grm_std_uni,1,4.187266826629639,-5.044923782348633,1
OneHandOreba_1016_1_grm_std_uni,1,4.143945217132568,-4.980432987213135,1
OneHandOreba_1016_1_grm_std_uni,1,4.286126613616943,-5.12662935256958,1
OneHandOreba_1016_1_grm_std_uni,1,4.565037250518799,-5.227043151855469,1
OneHandOreba_1016_1_grm_std_uni,1,4.690703392028809,-5.216475486755371,1
OneHandOreba_1016_1_grm_std_uni,1,4.739933490753174,-5.221665859222412,1
OneHandOreba_1016_1_grm_std_uni,1,4.675668716430664,-5.102194309234619,1
OneHandOreba_1016_1_grm_std_uni,1,4.681800842285156,-5.1095356941223145,1
OneHandOreba_1016_1_grm_std_uni,1,4.6912384033203125,-5.087645053863525,1
OneHandOreba_1016_1_grm_std_uni,1,4.692366123199463,-5.0210490226745605,1
OneHandOreba_1016_1_grm_std_uni,1,4.702986240386963,-4.9804463386535645,1
OneHandOreba_1016_1_grm_std_uni,1,4.6852335929870605,-4.915836334228516,1
OneHandOreba_1016_1_grm_std_uni,1,4.674911022186279,-4.918069362640381,1
OneHandOreba_1016_1_grm_std_uni,1,4.669964790344238,-4.945932388305664,1
OneHandOreba_1016_1_grm_std_uni,1,4.684721946716309,-5.000704765319824,1
OneHandOreba_1016_1_grm_std_uni,1,4.687124252319336,-4.967238903045654,1
OneHandOreba_1016_1_grm_std_uni,1,4.668824672698975,-4.927333354949951,1
OneHandOreba_1016_1_grm_std_uni,1,4.653931617736816,-4.878911972045898,1
OneHandOreba_1016_1_grm_std_uni,1,4.629882335662842,-4.834386825561523,1
OneHandOreba_1016_1_grm_std_uni,1,4.618887424468994,-4.859557628631592,1
OneHandOreba_1016_1_grm_std_uni,1,4.604544162750244,-4.847306728363037,1
OneHandOreba_1016_1_grm_std_uni,1,4.637416362762451,-4.876711368560791,1
OneHandOreba_1016_1_grm_std_uni,1,4.586339473724365,-4.809035301208496,1
OneHandOreba_1016_1_grm_std_uni,1,4.575131416320801,-4.7918877601623535,1
OneHandOreba_1016_1_grm_std_uni,1,4.541460037231445,-4.72805643081665,1
OneHandOreba_1016_1_grm_std_uni,1,4.543078422546387,-4.714407444000244,1
OneHandOreba_1016_1_grm_std_uni,1,4.609282970428467,-4.826519966125488,1
OneHandOreba_1016_1_grm_std_uni,1,4.674720287322998,-4.947022438049316,1
OneHandOreba_1016_1_grm_std_uni,1,4.46620512008667,-4.717966556549072,1
OneHandOreba_1016_1_grm_std_uni,1,3.857917308807373,-3.8772764205932617,1
OneHandOreba_1016_1_grm_std_uni,1,4.097650527954102,-3.764307737350464,1
OneHandOreba_1016_1_grm_std_uni,1,5.21336030960083,-4.354421138763428,1
OneHandOreba_1016_1_grm_std_uni,1,4.717478275299072,-4.0660481452941895,1
OneHandOreba_1016_1_grm_std_uni,1,4.389598846435547,-4.124203205108643,1
OneHandOreba_1016_1_grm_std_uni,1,4.465054988861084,-4.568777084350586,1
OneHandOreba_1016_1_grm_std_uni,1,4.830695629119873,-5.4087748527526855,1
OneHandOreba_1016_1_grm_std_uni,1,4.873506546020508,-5.312002658843994,1
OneHandOreba_1016_1_grm_std_uni,1,4.7874956130981445,-4.993246078491211,1
OneHandOreba_1016_1_grm_std_uni,1,4.588226795196533,-4.683666706085205,1
OneHandOreba_1016_1_grm_std_uni,1,4.635446548461914,-4.756712913513184,1
OneHandOreba_1016_1_grm_std_uni,1,4.769187927246094,-5.0212297439575195,1
OneHandOreba_1016_1_grm_std_uni,1,4.575663089752197,-4.854079723358154,1
OneHandOreba_1016_1_grm_std_uni,1,3.9386560916900635,-4.292529106140137,1
OneHandOreba_1016_1_grm_std_uni,1,2.9360389709472656,-3.2099690437316895,1
OneHandOreba_1016_1_grm_std_uni,1,3.432288885116577,-3.1138086318969727,1
OneHandOreba_1016_1_grm_std_uni,1,4.947968482971191,-4.450282573699951,1
OneHandOreba_1016_1_grm_std_uni,1,4.939870357513428,-4.427483558654785,1
OneHandOreba_1016_1_grm_std_uni,1,4.095266342163086,-3.8813045024871826,1
OneHandOreba_1016_1_grm_std_uni,1,3.9742391109466553,-4.0912699699401855,1
OneHandOreba_1016_1_grm_std_uni,1,4.347947120666504,-4.868243217468262,1
OneHandOreba_1016_1_grm_std_uni,1,4.63927698135376,-5.255115509033203,1
OneHandOreba_1016_1_grm_std_uni,1,4.810403347015381,-5.235923767089844,1
OneHandOreba_1016_1_grm_std_uni,1,4.846547603607178,-5.05733585357666,1
OneHandOreba_1016_1_grm_std_uni,1,4.766785621643066,-5.053045272827148,1
OneHandOreba_1016_1_grm_std_uni,1,4.753296375274658,-5.15863037109375,1
OneHandOreba_1016_1_grm_std_uni,1,4.708215236663818,-5.082671642303467,1
OneHandOreba_1016_1_grm_std_uni,1,4.706103324890137,-5.056009769439697,1
OneHandOreba_1016_1_grm_std_uni,1,4.726729869842529,-5.041805267333984,1
OneHandOreba_1016_1_grm_std_uni,1,4.728649616241455,-4.973114013671875,1
OneHandOreba_1016_1_grm_std_uni,1,4.7177734375,-4.9088921546936035,1
OneHandOreba_1016_1_grm_std_uni,1,4.661646366119385,-4.880910396575928,1
OneHandOreba_1016_1_grm_std_uni,1,4.6016082763671875,-4.829115867614746,1
OneHandOreba_1016_1_grm_std_uni,1,4.583014011383057,-4.7770795822143555,1
OneHandOreba_1016_1_grm_std_uni,1,4.5506272315979,-4.7327446937561035,1
OneHandOreba_1016_1_grm_std_uni,1,4.532547473907471,-4.763632297515869,1
OneHandOreba_1016_1_grm_std_uni,1,4.52166223526001,-4.741694450378418,1
OneHandOreba_1016_1_grm_std_uni,1,4.485246181488037,-4.637115955352783,1
OneHandOreba_1016_1_grm_std_uni,1,4.509611129760742,-4.652226448059082,1
OneHandOreba_1016_1_grm_std_uni,1,4.475551605224609,-4.6758341789245605,1
OneHandOreba_1016_1_grm_std_uni,1,4.596379280090332,-4.824611663818359,1
OneHandOreba_1016_1_grm_std_uni,1,4.797913074493408,-4.999650955200195,1
OneHandOreba_1016_1_grm_std_uni,1,4.850368976593018,-4.981338977813721,1
OneHandOreba_1016_1_grm_std_uni,1,3.9345171451568604,-3.946599006652832,1
OneHandOreba_1016_1_grm_std_uni,1,2.96588134765625,-3.0583558082580566,1
OneHandOreba_1016_1_grm_std_uni,1,3.0604991912841797,-2.635880947113037,1
OneHandOreba_1016_1_grm_std_uni,1,3.7944576740264893,-3.6361377239227295,1
OneHandOreba_1016_1_grm_std_uni,1,4.3651556968688965,-4.395686149597168,1
OneHandOreba_1016_1_grm_std_uni,1,4.5726823806762695,-4.349684238433838,1
OneHandOreba_1016_1_grm_std_uni,1,4.5973968505859375,-4.238193988800049,1
OneHandOreba_1016_1_grm_std_uni,1,5.235952854156494,-5.123789310455322,1
OneHandOreba_1016_1_grm_std_uni,1,5.040646553039551,-5.501984596252441,1
OneHandOreba_1016_1_grm_std_uni,1,4.4456257820129395,-4.921877861022949,1
OneHandOreba_1016_1_grm_std_uni,1,4.1499857902526855,-4.289228916168213,1
OneHandOreba_1016_1_grm_std_uni,1,3.8723299503326416,-3.5048489570617676,1
OneHandOreba_1016_1_grm_std_uni,1,4.207968235015869,-4.025619029998779,1
OneHandOreba_1016_1_grm_std_uni,1,5.475172519683838,-5.517210483551025,1
OneHandOreba_1016_1_grm_std_uni,1,6.259531021118164,-6.285962104797363,1
OneHandOreba_1016_1_grm_std_uni,1,6.091432571411133,-6.209004878997803,1
OneHandOreba_1016_1_grm_std_uni,1,5.548406600952148,-6.07681941986084,1
OneHandOreba_1016_1_grm_std_uni,1,5.12177038192749,-6.067147254943848,1
OneHandOreba_1016_1_grm_std_uni,1,4.006701469421387,-4.6233906745910645,1
OneHandOreba_1016_1_grm_std_uni,2,1.2539846897125244,-1.3416303396224976,1
OneHandOreba_1016_1_grm_std_uni,2,0.9497981071472168,-0.7923266291618347,1
OneHandOreba_1016_1_grm_std_uni,2,2.3420019149780273,-2.0189249515533447,1
OneHandOreba_1016_1_grm_std_uni,2,3.7500321865081787,-3.326720952987671,1
OneHandOreba_1016_1_grm_std_uni,2,3.633164882659912,-3.2939422130584717,1
OneHandOreba_1016_1_grm_std_uni,2,1.917223334312439,-1.4676814079284668,1
OneHandOreba_1016_1_grm_std_uni,2,1.5479488372802734,-0.9555114507675171,1
OneHandOreba_1016_1_grm_std_uni,2,3.1230878829956055,-3.0490283966064453,1
OneHandOreba_1016_1_grm_std_uni,2,4.7319416999816895,-5.316561698913574,1
OneHandOreba_1016_1_grm_std_uni,2,4.954498767852783,-5.842443943023682,1
OneHandOreba_1016_1_grm_std_uni,2,4.838031768798828,-5.713141918182373,1
OneHandOreba_1016_1_grm_std_uni,2,4.868340015411377,-5.6640944480896,1
OneHandOreba_1016_1_grm_std_uni,2,5.3252105712890625,-6.019349098205566,1
OneHandOreba_1016_1_grm_std_uni,2,5.351142406463623,-5.942818641662598,1
OneHandOreba_1016_1_grm_std_uni,2,3.705188274383545,-4.286335468292236,1
OneHandOreba_1016_1_grm_std_uni,2,2.6787121295928955,-2.9424376487731934,1
OneHandOreba_1016_1_grm_std_uni,2,3.789116144180298,-3.6067514419555664,1
OneHandOreba_1016_1_grm_std_uni,2,5.072201728820801,-5.551580429077148,1
OneHandOreba_1016_1_grm_std_uni,2,5.184108257293701,-6.067256927490234,1
OneHandOreba_1016_1_grm_std_uni,2,5.060873031616211,-6.091262340545654,1
OneHandOreba_1016_1_grm_std_uni,2,5.012965202331543,-6.056217193603516,1
OneHandOreba_1016_1_grm_std_uni,1,4.811863899230957,-5.917142868041992,1
OneHandOreba_1016_1_grm_std_uni,1,4.601083755493164,-5.687658309936523,1
OneHandOreba_1016_1_grm_std_uni,1,4.457458972930908,-5.554392337799072,1
OneHandOreba_1016_1_grm_std_uni,1,4.473543643951416,-5.447180271148682,1
OneHandOreba_1016_1_grm_std_uni,1,4.520105361938477,-5.37446928024292,1
OneHandOreba_1016_1_grm_std_uni,1,4.394099712371826,-4.953849792480469,1
OneHandOreba_1016_1_grm_std_uni,1,4.525397300720215,-5.308682918548584,1
OneHandOreba_1016_1_grm_std_uni,1,5.710344314575195,-6.739559650421143,1
OneHandOreba_1016_1_grm_std_uni,1,5.862827777862549,-6.799134731292725,1
OneHandOreba_1016_1_grm_std_uni,2,5.767365455627441,-6.673201560974121,1
OneHandOreba_1016_1_grm_std_uni,2,4.8815789222717285,-5.597363471984863,1
OneHandOreba_1016_1_grm_std_uni,2,3.569962739944458,-4.41282320022583,1
OneHandOreba_1016_1_grm_std_uni,2,2.52243971824646,-3.5815820693969727,1
OneHandOreba_1016_1_grm_std_uni,2,1.9569436311721802,-3.2896840572357178,1
OneHandOreba_1016_1_grm_std_uni,2,1.5713648796081543,-2.6575844287872314,1
OneHandOreba_1016_1_grm_std_uni,2,2.979116916656494,-3.7893829345703125,1
OneHandOreba_1016_1_grm_std_uni,2,3.99086332321167,-4.495004653930664,1
OneHandOreba_1016_1_grm_std_uni,2,4.168210029602051,-4.572652816772461,1
OneHandOreba_1016_1_grm_std_uni,2,4.507528781890869,-5.035344123840332,1
OneHandOreba_1016_1_grm_std_uni,2,4.878835201263428,-5.4162445068359375,1
OneHandOreba_1016_1_grm_std_uni,2,4.777659893035889,-5.256507873535156,1
OneHandOreba_1016_1_grm_std_uni,2,4.644638538360596,-4.98477840423584,1
OneHandOreba_1016_1_grm_std_uni,2,4.078642845153809,-4.453498840332031,1
OneHandOreba_1016_1_grm_std_uni,2,3.13948130607605,-3.4390652179718018,1
OneHandOreba_1016_1_grm_std_uni,2,4.179567337036133,-4.127038955688477,1
OneHandOreba_1016_1_grm_std_uni,2,4.482835292816162,-4.349769115447998,1
OneHandOreba_1016_1_grm_std_uni,2,5.044919967651367,-4.979634761810303,1
OneHandOreba_1016_1_grm_std_uni,2,6.085973262786865,-5.702792167663574,1
OneHandOreba_1016_1_grm_std_uni,2,5.956743240356445,-5.9972310066223145,1
OneHandOreba_1016_1_grm_std_uni,1,5.61289119720459,-6.063608169555664,1
OneHandOreba_1016_1_grm_std_uni,1,5.279322624206543,-5.77622127532959,1
OneHandOreba_1016_1_grm_std_uni,1,5.1608123779296875,-5.539677143096924,1
OneHandOreba_1016_1_grm_std_uni,1,5.067229747772217,-5.155660152435303,1
OneHandOreba_1016_1_grm_std_uni,1,4.218311786651611,-4.478928089141846,1
OneHandOreba_1016_1_grm_std_uni,1,4.101415157318115,-4.13155460357666,1
OneHandOreba_1016_1_grm_std_uni,1,3.6365528106689453,-3.6287155151367188,1
OneHandOreba_1016_1_grm_std_uni,1,3.769660711288452,-3.752471685409546,1
OneHandOreba_1016_1_grm_std_uni,1,3.829326868057251,-3.868934154510498,1
OneHandOreba_1016_1_grm_std_uni,1,4.191765785217285,-4.360090255737305,1
OneHandOreba_1016_1_grm_std_uni,1,4.179961204528809,-4.335248947143555,1
OneHandOreba_1016_1_grm_std_uni,1,3.6021711826324463,-3.4801769256591797,1
OneHandOreba_1016_1_grm_std_uni,1,4.0566086769104,-4.271469593048096,1
OneHandOreba_1016_1_grm_std_uni,1,4.942107677459717,-4.79593563079834,1
OneHandOreba_1016_1_grm_std_uni,1,6.102206707000732,-5.464048862457275,1
OneHandOreba_1016_1_grm_std_uni,1,6.479496479034424,-5.970359802246094,1
OneHandOreba_1016_1_grm_std_uni,1,6.793777942657471,-6.498129844665527,1
OneHandOreba_1016_1_grm_std_uni,1,6.438357353210449,-6.471049785614014,1
OneHandOreba_1016_1_grm_std_uni,1,5.357080936431885,-5.197890281677246,1
OneHandOreba_1016_1_grm_std_uni,1,4.413476943969727,-3.764869213104248,1
OneHandOreba_1016_1_grm_std_uni,1,4.106753826141357,-3.2277991771698,1
OneHandOreba_1016_1_grm_std_uni,1,4.5896196365356445,-3.984941005706787,1
OneHandOreba_1016_1_grm_std_uni,1,4.768988609313965,-4.065544605255127,1
OneHandOreba_1016_1_grm_std_uni,1,4.9458537101745605,-4.648618221282959,1
OneHandOreba_1016_1_grm_std_uni,1,5.181504249572754,-4.986502170562744,1
OneHandOreba_1016_1_grm_std_uni,1,5.393231391906738,-5.311493396759033,1
OneHandOreba_1016_1_grm_std_uni,1,6.033510208129883,-6.113439559936523,1
OneHandOreba_1016_1_grm_std_uni,1,5.913813591003418,-6.332067012786865,1
OneHandOreba_1016_1_grm_std_uni,1,5.334333896636963,-5.926257133483887,1
OneHandOreba_1016_1_grm_std_uni,1,4.916922092437744,-5.38002872467041,1
OneHandOreba_1016_1_grm_std_uni,1,4.919694423675537,-5.73183012008667,1
OneHandOreba_1016_1_grm_std_uni,1,4.634373188018799,-5.615230083465576,1
OneHandOreba_1016_1_grm_std_uni,1,4.093418121337891,-4.959540843963623,1
OneHandOreba_1016_1_grm_std_uni,1,3.613142251968384,-4.262077808380127,1
OneHandOreba_1016_1_grm_std_uni,1,2.9768471717834473,-3.656144618988037,1
OneHandOreba_1016_1_grm_std_uni,1,2.7791614532470703,-3.1846351623535156,1
OneHandOreba_1016_1_grm_std_uni,1,3.1065943241119385,-3.441903591156006,1
OneHandOreba_1016_1_grm_std_uni,1,3.6134512424468994,-3.896484613418579,1
OneHandOreba_1016_1_grm_std_uni,1,5.037421703338623,-5.087318420410156,1
OneHandOreba_1016_1_grm_std_uni,1,6.284083843231201,-6.251078128814697,1
OneHandOreba_1016_1_grm_std_uni,1,6.54552698135376,-6.4856343269348145,1
OneHandOreba_1016_1_grm_std_uni,1,6.063762664794922,-6.026523113250732,1
OneHandOreba_1016_1_grm_std_uni,1,5.846831321716309,-5.812370777130127,1
OneHandOreba_1016_1_grm_std_uni,1,6.279868125915527,-6.095895290374756,1
OneHandOreba_1016_1_grm_std_uni,1,6.641198635101318,-6.43618106842041,1
OneHandOreba_1016_1_grm_std_uni,1,6.267186164855957,-5.7139434814453125,1
OneHandOreba_1016_1_grm_std_uni,1,5.043200492858887,-4.47967529296875,1
OneHandOreba_1016_1_grm_std_uni,1,6.062855243682861,-5.91801643371582,1
OneHandOreba_1016_1_grm_std_uni,1,6.567512035369873,-6.590717792510986,1
OneHandOreba_1016_1_grm_std_uni,1,5.740852355957031,-5.987579822540283,1
OneHandOreba_1016_1_grm_std_uni,1,5.435341835021973,-5.282435894012451,1
OneHandOreba_1016_1_grm_std_uni,1,5.5892653465271,-5.298291206359863,1
OneHandOreba_1016_1_grm_std_uni,1,4.539242267608643,-4.184957504272461,1
OneHandOreba_1016_1_grm_std_uni,1,3.548037052154541,-3.5391974449157715,1
OneHandOreba_1016_1_grm_std_uni,1,3.6310908794403076,-3.770505905151367,1
OneHandOreba_1016_1_grm_std_uni,1,3.742487668991089,-3.8770148754119873,1
OneHandOreba_1016_1_grm_std_uni,1,3.6294147968292236,-3.7081174850463867,1
OneHandOreba_1016_1_grm_std_uni,1,3.712388038635254,-3.9066829681396484,1
OneHandOreba_1016_1_grm_std_uni,1,3.9237515926361084,-4.0952839851379395,1
OneHandOreba_1016_1_grm_std_uni,1,4.169857978820801,-4.3526458740234375,1
OneHandOreba_1016_1_grm_std_uni,1,4.343993663787842,-4.521993637084961,1
OneHandOreba_1016_1_grm_std_uni,1,4.4207763671875,-4.606721878051758,1
OneHandOreba_1016_1_grm_std_uni,1,4.486924171447754,-4.676491737365723,1
OneHandOreba_1016_1_grm_std_uni,1,4.467759132385254,-4.615416049957275,1
OneHandOreba_1016_1_grm_std_uni,1,4.447032928466797,-4.558614253997803,1
OneHandOreba_1016_1_grm_std_uni,1,4.395638942718506,-4.4271240234375,1
OneHandOreba_1016_1_grm_std_uni,1,4.387861728668213,-4.421644687652588,1
OneHandOreba_1016_1_grm_std_uni,1,4.422672748565674,-4.49999475479126,1
OneHandOreba_1016_1_grm_std_uni,1,4.443192481994629,-4.567637920379639,1
OneHandOreba_1016_1_grm_std_uni,1,4.435981273651123,-4.6096110343933105,1
OneHandOreba_1016_1_grm_std_uni,1,4.4905171394348145,-4.682875633239746,1
OneHandOreba_1016_1_grm_std_uni,1,4.163699626922607,-4.369058609008789,1
OneHandOreba_1016_1_grm_std_uni,1,2.9399254322052,-3.081544876098633,1
OneHandOreba_1016_1_grm_std_uni,1,1.6317418813705444,-0.9192661643028259,1
OneHandOreba_1016_1_grm_std_uni,1,3.053260564804077,-3.279402494430542,1
OneHandOreba_1016_1_grm_std_uni,1,5.443863868713379,-5.638955116271973,1
OneHandOreba_1016_1_grm_std_uni,1,6.386669158935547,-6.252999305725098,1
OneHandOreba_1016_1_grm_std_uni,1,6.553097724914551,-6.561555862426758,1
OneHandOreba_1016_1_grm_std_uni,1,6.058361053466797,-6.268100738525391,1
OneHandOreba_1016_1_grm_std_uni,1,6.08650541305542,-6.3118696212768555,1
OneHandOreba_1016_1_grm_std_uni,2,6.009288311004639,-6.336363792419434,1
OneHandOreba_1016_1_grm_std_uni,2,4.916136741638184,-5.656848907470703,1
OneHandOreba_1016_1_grm_std_uni,2,3.271169424057007,-3.657683849334717,1
OneHandOreba_1016_1_grm_std_uni,2,2.7555601596832275,-2.8061296939849854,1
OneHandOreba_1016_1_grm_std_uni,2,1.9407755136489868,-2.268958330154419,1
OneHandOreba_1016_1_grm_std_uni,2,3.1481101512908936,-3.5644922256469727,1
OneHandOreba_1016_1_grm_std_uni,2,3.829817533493042,-4.514399528503418,1
OneHandOreba_1016_1_grm_std_uni,2,4.428260803222656,-5.241257190704346,1
OneHandOreba_1016_1_grm_std_uni,2,4.542896747589111,-5.263664722442627,1
OneHandOreba_1016_1_grm_std_uni,2,4.56661319732666,-5.005889892578125,1
OneHandOreba_1016_1_grm_std_uni,2,4.621813774108887,-4.5025105476379395,1
OneHandOreba_1016_1_grm_std_uni,2,4.6212158203125,-4.225618362426758,1
OneHandOreba_1016_1_grm_std_uni,2,4.530824661254883,-4.383506774902344,1
OneHandOreba_1016_1_grm_std_uni,2,4.122760772705078,-4.339605808258057,1
OneHandOreba_1016_1_grm_std_uni,2,4.302416801452637,-4.588112831115723,1
OneHandOreba_1016_1_grm_std_uni,2,3.6310765743255615,-3.8343775272369385,1
OneHandOreba_1016_1_grm_std_uni,1,3.528960704803467,-3.7888102531433105,1
OneHandOreba_1016_1_grm_std_uni,1,3.995591163635254,-4.233287811279297,1
OneHandOreba_1016_1_grm_std_uni,1,4.175428867340088,-4.511354923248291,1
OneHandOreba_1016_1_grm_std_uni,1,4.111125946044922,-4.4588727951049805,1
OneHandOreba_1016_1_grm_std_uni,1,3.9875011444091797,-4.2672648429870605,1
OneHandOreba_1016_1_grm_std_uni,1,3.8569717407226562,-4.1362528800964355,1
OneHandOreba_1016_1_grm_std_uni,1,3.786761999130249,-4.08028507232666,1
OneHandOreba_1016_1_grm_std_uni,1,3.7680349349975586,-4.117034912109375,1
OneHandOreba_1016_1_grm_std_uni,1,3.8352389335632324,-4.229400157928467,1
OneHandOreba_1016_1_grm_std_uni,1,3.5157530307769775,-3.8398189544677734,1
OneHandOreba_1016_1_grm_std_uni,1,1.6403965950012207,-2.03035831451416,1
OneHandOreba_1016_1_grm_std_uni,1,1.2290825843811035,-1.5762662887573242,1
OneHandOreba_1016_1_grm_std_uni,1,2.9459900856018066,-3.1872198581695557,1
OneHandOreba_1016_1_grm_std_uni,1,4.2496232986450195,-4.832018852233887,1
OneHandOreba_1016_1_grm_std_uni,1,4.688153266906738,-5.26688814163208,1
OneHandOreba_1016_1_grm_std_uni,1,4.515296936035156,-5.065860271453857,1
OneHandOreba_1016_1_grm_std_uni,1,4.321181297302246,-4.780327796936035,1
OneHandOreba_1016_1_grm_std_uni,1,4.108098030090332,-4.55754280090332,1
OneHandOreba_1016_1_grm_std_uni,1,3.9594640731811523,-4.418905735015869,1
OneHandOreba_1016_1_grm_std_uni,1,3.8706107139587402,-4.368090629577637,1
OneHandOreba_1016_1_grm_std_uni,1,3.7849202156066895,-4.317241191864014,1
OneHandOreba_1016_1_grm_std_uni,1,3.697214365005493,-4.232629776000977,1
OneHandOreba_1016_1_grm_std_uni,1,3.589277505874634,-4.146819114685059,1
OneHandOreba_1016_1_grm_std_uni,1,3.5074868202209473,-4.056582927703857,1
OneHandOreba_1016_1_grm_std_uni,1,3.4184913635253906,-3.9785122871398926,1
OneHandOreba_1016_1_grm_std_uni,1,3.332737684249878,-3.8868000507354736,1
OneHandOreba_1016_1_grm_std_uni,1,3.2466042041778564,-3.8088266849517822,1
OneHandOreba_1016_1_grm_std_uni,1,3.206453800201416,-3.7971251010894775,1
OneHandOreba_1016_1_grm_std_uni,1,3.1966495513916016,-3.8258891105651855,1
OneHandOreba_1016_1_grm_std_uni,1,3.157331705093384,-3.792367458343506,1
OneHandOreba_1016_1_grm_std_uni,1,3.129547595977783,-3.786698818206787,1
OneHandOreba_1016_1_grm_std_uni,1,3.138136863708496,-3.8172168731689453,1
OneHandOreba_1016_1_grm_std_uni,1,3.1430678367614746,-3.8423731327056885,1
OneHandOreba_1016_1_grm_std_uni,1,3.081021547317505,-3.747230291366577,1
OneHandOreba_1016_1_grm_std_uni,1,2.9567339420318604,-3.5772597789764404,1
OneHandOreba_1016_1_grm_std_uni,1,2.8529598712921143,-3.474090814590454,1
OneHandOreba_1016_1_grm_std_uni,1,2.773074150085449,-3.410443067550659,1
OneHandOreba_1016_1_grm_std_uni,1,2.7955594062805176,-3.467453718185425,1
OneHandOreba_1016_1_grm_std_uni,1,2.8080976009368896,-3.5105652809143066,1
OneHandOreba_1016_1_grm_std_uni,1,2.790257692337036,-3.513157367706299,1
OneHandOreba_1016_1_grm_std_uni,1,2.7804250717163086,-3.53678822517395,1
OneHandOreba_1016_1_grm_std_uni,1,2.7957751750946045,-3.5807061195373535,1
OneHandOreba_1016_1_grm_std_uni,1,2.787541389465332,-3.5865468978881836,1
OneHandOreba_1016_1_grm_std_uni,1,2.7716946601867676,-3.601349353790283,1
OneHandOreba_1016_1_grm_std_uni,1,2.7424120903015137,-3.5843007564544678,1
OneHandOreba_1016_1_grm_std_uni,1,2.7037532329559326,-3.551164388656616,1
OneHandOreba_1016_1_grm_std_uni,1,2.6364991664886475,-3.482487440109253,1
OneHandOreba_1016_1_grm_std_uni,1,2.5761001110076904,-3.419102191925049,1
OneHandOreba_1016_1_grm_std_uni,1,2.5161619186401367,-3.3768551349639893,1
OneHandOreba_1016_1_grm_std_uni,1,2.5197649002075195,-3.4141674041748047,1
OneHandOreba_1016_1_grm_std_uni,1,2.573748826980591,-3.4970993995666504,1
OneHandOreba_1016_1_grm_std_uni,1,2.570868730545044,-3.5082345008850098,1
OneHandOreba_1016_1_grm_std_uni,1,2.537825584411621,-3.491422176361084,1
OneHandOreba_1016_1_grm_std_uni,1,2.5141167640686035,-3.449537754058838,1
OneHandOreba_1016_1_grm_std_uni,1,2.4800798892974854,-3.4292452335357666,1
OneHandOreba_1016_1_grm_std_uni,1,2.4151039123535156,-3.3691110610961914,1
OneHandOreba_1016_1_grm_std_uni,1,2.4940335750579834,-3.4736452102661133,1
OneHandOreba_1016_1_grm_std_uni,1,2.535334348678589,-3.520010471343994,1
OneHandOreba_1016_1_grm_std_uni,1,2.4732611179351807,-3.4395036697387695,1
OneHandOreba_1016_1_grm_std_uni,1,2.4139270782470703,-3.397994041442871,1
OneHandOreba_1016_1_grm_std_uni,1,2.4103002548217773,-3.4107043743133545,1
OneHandOreba_1016_1_grm_std_uni,1,2.5215554237365723,-3.5617480278015137,1
OneHandOreba_1016_1_grm_std_uni,1,2.571242094039917,-3.6055917739868164,1
OneHandOreba_1016_1_grm_std_uni,1,2.5246665477752686,-3.5756161212921143,1
OneHandOreba_1016_1_grm_std_uni,1,2.4496145248413086,-3.4886064529418945,1
OneHandOreba_1016_1_grm_std_uni,1,2.4306726455688477,-3.4644391536712646,1
OneHandOreba_1016_1_grm_std_uni,1,2.4495177268981934,-3.4883944988250732,1
OneHandOreba_1016_1_grm_std_uni,1,2.433730363845825,-3.4609315395355225,1
OneHandOreba_1016_1_grm_std_uni,1,2.376636505126953,-3.379647731781006,1
OneHandOreba_1016_1_grm_std_uni,1,2.3723068237304688,-3.363877534866333,1
OneHandOreba_1016_1_grm_std_uni,1,2.347163200378418,-3.3396060466766357,1
OneHandOreba_1016_1_grm_std_uni,1,2.3212811946868896,-3.309032917022705,1
OneHandOreba_1016_1_grm_std_uni,1,2.390103578567505,-3.41283917427063,1
OneHandOreba_1016_1_grm_std_uni,1,2.419874906539917,-3.462852954864502,1
OneHandOreba_1016_1_grm_std_uni,1,2.4027137756347656,-3.4688563346862793,1
OneHandOreba_1016_1_grm_std_uni,1,2.4916961193084717,-3.6712839603424072,1
OneHandOreba_1016_1_grm_std_uni,1,2.3200998306274414,-3.5638320446014404,1
OneHandOreba_1016_1_grm_std_uni,1,1.4859610795974731,-2.8184263706207275,1
OneHandOreba_1016_1_grm_std_uni,1,2.095216989517212,-3.5649750232696533,1
OneHandOreba_1016_1_grm_std_uni,1,2.9782848358154297,-3.7102115154266357,1
OneHandOreba_1016_1_grm_std_uni,1,3.6209824085235596,-3.66805100440979,1
OneHandOreba_1016_1_grm_std_uni,1,3.966125011444092,-3.765132188796997,1
OneHandOreba_1016_1_grm_std_uni,1,3.8267366886138916,-3.28551983833313,1
OneHandOreba_1016_1_grm_std_uni,1,3.8385491371154785,-3.5056443214416504,1
OneHandOreba_1016_1_grm_std_uni,1,5.489218711853027,-5.020448684692383,1
OneHandOreba_1016_1_grm_std_uni,1,6.831676959991455,-6.7951202392578125,1
OneHandOreba_1016_1_grm_std_uni,1,6.94814395904541,-7.041703224182129,1
OneHandOreba_1016_1_grm_std_uni,1,6.063502311706543,-6.423022270202637,1
OneHandOreba_1016_1_grm_std_uni,1,4.855229377746582,-5.006668567657471,1
OneHandOreba_1016_1_grm_std_uni,1,5.229872703552246,-5.125352382659912,1
OneHandOreba_1016_1_grm_std_uni,1,5.5815911293029785,-5.8148579597473145,1
OneHandOreba_1016_1_grm_std_uni,1,5.295718669891357,-5.869696617126465,1
OneHandOreba_1016_1_grm_std_uni,1,4.432775974273682,-4.688231945037842,1
OneHandOreba_1016_1_grm_std_uni,1,4.173147678375244,-4.381537437438965,1
OneHandOreba_1016_1_grm_std_uni,1,4.402252197265625,-4.415189743041992,1
OneHandOreba_1016_1_grm_std_uni,1,4.034555912017822,-4.048810005187988,1
OneHandOreba_1016_1_grm_std_uni,2,3.3060190677642822,-3.7449450492858887,1
OneHandOreba_1016_1_grm_std_uni,2,2.7715260982513428,-3.0701451301574707,1
OneHandOreba_1016_1_grm_std_uni,2,4.160679340362549,-4.211483955383301,1
OneHandOreba_1016_1_grm_std_uni,2,5.029654026031494,-4.747300624847412,1
OneHandOreba_1016_1_grm_std_uni,2,5.054664134979248,-4.520707607269287,1
OneHandOreba_1016_1_grm_std_uni,2,4.49742317199707,-3.904841661453247,1
OneHandOreba_1016_1_grm_std_uni,2,3.518484592437744,-3.109380006790161,1
OneHandOreba_1016_1_grm_std_uni,2,2.733180284500122,-2.9643568992614746,1
OneHandOreba_1016_1_grm_std_uni,2,3.2345805168151855,-3.356180191040039,1
OneHandOreba_1016_1_grm_std_uni,2,3.764836549758911,-3.9341306686401367,1
OneHandOreba_1016_1_grm_std_uni,2,4.230682373046875,-4.555593967437744,1
OneHandOreba_1016_1_grm_std_uni,1,4.637186527252197,-4.518539905548096,1
OneHandOreba_1016_1_grm_std_uni,1,3.520568609237671,-2.5934031009674072,1
OneHandOreba_1016_1_grm_std_uni,1,3.297584056854248,-2.7645065784454346,1
OneHandOreba_1016_1_grm_std_uni,1,4.201577663421631,-4.299952507019043,1
OneHandOreba_1016_1_grm_std_uni,1,4.65830659866333,-5.576614856719971,1
OneHandOreba_1016_1_grm_std_uni,1,4.634651184082031,-5.836826801300049,1
OneHandOreba_1016_1_grm_std_uni,1,4.48909330368042,-5.683863162994385,1
OneHandOreba_1016_1_grm_std_uni,1,4.303150177001953,-5.462863445281982,1
OneHandOreba_1016_1_grm_std_uni,1,4.087637901306152,-5.212629318237305,1
OneHandOreba_1016_1_grm_std_uni,1,4.117427349090576,-5.282524108886719,1
OneHandOreba_1016_1_grm_std_uni,1,4.1118011474609375,-5.287304401397705,1
OneHandOreba_1016_1_grm_std_uni,1,4.0264410972595215,-5.138004779815674,1
OneHandOreba_1016_1_grm_std_uni,1,3.9416589736938477,-5.040652751922607,1
OneHandOreba_1016_1_grm_std_uni,1,3.908987522125244,-5.025322914123535,1
OneHandOreba_1016_1_grm_std_uni,1,3.8756587505340576,-4.99001932144165,1
OneHandOreba_1016_1_grm_std_uni,1,3.798671007156372,-4.891495704650879,1
OneHandOreba_1016_1_grm_std_uni,1,3.713416576385498,-4.758140563964844,1
OneHandOreba_1016_1_grm_std_uni,1,3.6336402893066406,-4.650279998779297,1
OneHandOreba_1016_1_grm_std_uni,1,3.613739013671875,-4.618490219116211,1
OneHandOreba_1016_1_grm_std_uni,1,3.6207218170166016,-4.671745777130127,1
OneHandOreba_1016_1_grm_std_uni,1,3.635678291320801,-4.676534652709961,1
OneHandOreba_1016_1_grm_std_uni,1,3.5898444652557373,-4.629849910736084,1
OneHandOreba_1016_1_grm_std_uni,1,3.4960501194000244,-4.48668098449707,1
OneHandOreba_1016_1_grm_std_uni,1,3.41058611869812,-4.412365913391113,1
OneHandOreba_1016_1_grm_std_uni,1,3.363433361053467,-4.368881702423096,1
OneHandOreba_1016_1_grm_std_uni,1,3.3747122287750244,-4.430209159851074,1
OneHandOreba_1016_1_grm_std_uni,1,3.311244487762451,-4.372421741485596,1
OneHandOreba_1016_1_grm_std_uni,1,3.2236595153808594,-4.294111251831055,1
OneHandOreba_1016_1_grm_std_uni,1,3.147754669189453,-4.200803279876709,1
OneHandOreba_1016_1_grm_std_uni,1,3.079746961593628,-4.122410297393799,1
OneHandOreba_1016_1_grm_std_uni,1,2.9962329864501953,-4.009991645812988,1
OneHandOreba_1016_1_grm_std_uni,1,2.9558801651000977,-3.9669833183288574,1
OneHandOreba_1016_1_grm_std_uni,1,2.9216415882110596,-3.9296114444732666,1
OneHandOreba_1016_1_grm_std_uni,1,2.9504573345184326,-3.9527952671051025,1
OneHandOreba_1016_1_grm_std_uni,1,2.9411447048187256,-3.939211845397949,1
OneHandOreba_1016_1_grm_std_uni,1,2.8966143131256104,-3.9013357162475586,1
OneHandOreba_1016_1_grm_std_uni,1,2.889028310775757,-3.912738800048828,1
OneHandOreba_1016_1_grm_std_uni,1,2.8589131832122803,-3.853013277053833,1
OneHandOreba_1016_1_grm_std_uni,1,2.8443193435668945,-3.847358226776123,1
OneHandOreba_1016_1_grm_std_uni,1,2.843919038772583,-3.8073062896728516,1
OneHandOreba_1016_1_grm_std_uni,1,2.8523824214935303,-3.822305917739868,1
OneHandOreba_1016_1_grm_std_uni,1,2.916469097137451,-3.90639328956604,1
OneHandOreba_1016_1_grm_std_uni,1,2.9931020736694336,-4.032578468322754,1
OneHandOreba_1016_1_grm_std_uni,1,2.9248697757720947,-3.891608953475952,1
OneHandOreba_1016_1_grm_std_uni,1,2.6656947135925293,-3.559399127960205,1
OneHandOreba_1016_1_grm_std_uni,1,2.9180123805999756,-3.8613979816436768,1
OneHandOreba_1016_1_grm_std_uni,1,3.1338605880737305,-4.164901256561279,1
OneHandOreba_1016_1_grm_std_uni,1,3.010993003845215,-3.9981324672698975,1
OneHandOreba_1016_1_grm_std_uni,1,2.8922669887542725,-3.844902515411377,1
OneHandOreba_1016_1_grm_std_uni,1,2.880038022994995,-3.8357391357421875,1
OneHandOreba_1016_1_grm_std_uni,1,2.8939261436462402,-3.8468751907348633,1
OneHandOreba_1016_1_grm_std_uni,1,2.8667795658111572,-3.836088180541992,1
OneHandOreba_1016_1_grm_std_uni,1,2.7974112033843994,-3.702277660369873,1
OneHandOreba_1016_1_grm_std_uni,1,2.637784004211426,-3.45843505859375,1
OneHandOreba_1016_1_grm_std_uni,1,2.8929247856140137,-3.7826497554779053,1
OneHandOreba_1016_1_grm_std_uni,1,3.020270347595215,-3.99806809425354,1
OneHandOreba_1016_1_grm_std_uni,1,3.014181613922119,-4.027411460876465,1
OneHandOreba_1016_1_grm_std_uni,1,3.095568895339966,-4.178597927093506,1
OneHandOreba_1016_1_grm_std_uni,1,3.1400043964385986,-4.224079608917236,1
OneHandOreba_1016_1_grm_std_uni,1,2.9072909355163574,-3.9796907901763916,1
OneHandOreba_1016_1_grm_std_uni,1,2.687793016433716,-3.8722851276397705,1
OneHandOreba_1016_1_grm_std_uni,1,2.837594509124756,-4.053813934326172,1
OneHandOreba_1016_1_grm_std_uni,1,2.9939873218536377,-4.180749893188477,1
OneHandOreba_1016_1_grm_std_uni,1,2.9558541774749756,-4.107396602630615,1
OneHandOreba_1016_1_grm_std_uni,1,2.7491328716278076,-3.8437654972076416,1
OneHandOreba_1016_1_grm_std_uni,1,2.6120362281799316,-3.6406569480895996,1
OneHandOreba_1016_1_grm_std_uni,1,2.696263551712036,-3.774109363555908,1
OneHandOreba_1016_1_grm_std_uni,1,2.768346071243286,-3.818571090698242,1
OneHandOreba_1016_1_grm_std_uni,1,2.7820892333984375,-3.786005973815918,1
OneHandOreba_1016_1_grm_std_uni,1,2.7554876804351807,-3.7338201999664307,1
OneHandOreba_1016_1_grm_std_uni,1,2.6930289268493652,-3.6378822326660156,1
OneHandOreba_1016_1_grm_std_uni,1,2.6311707496643066,-3.5209877490997314,1
OneHandOreba_1016_1_grm_std_uni,1,2.700589179992676,-3.5823166370391846,1
OneHandOreba_1016_1_grm_std_uni,1,2.8395514488220215,-3.733647584915161,1
OneHandOreba_1016_1_grm_std_uni,1,2.8008792400360107,-3.675830602645874,1
OneHandOreba_1016_1_grm_std_uni,1,2.701871633529663,-3.5467686653137207,1
OneHandOreba_1016_1_grm_std_uni,1,2.6532771587371826,-3.4731428623199463,1
OneHandOreba_1016_1_grm_std_uni,1,2.6540591716766357,-3.456695795059204,1
OneHandOreba_1016_1_grm_std_uni,1,2.637935161590576,-3.4320197105407715,1
OneHandOreba_1016_1_grm_std_uni,1,2.582953929901123,-3.3781187534332275,1
OneHandOreba_1016_1_grm_std_uni,1,2.5810554027557373,-3.382580518722534,1
OneHandOreba_1016_1_grm_std_uni,1,2.5958476066589355,-3.4069833755493164,1
OneHandOreba_1016_1_grm_std_uni,1,2.558098554611206,-3.3648128509521484,1
OneHandOreba_1016_1_grm_std_uni,1,2.5213747024536133,-3.328113555908203,1
OneHandOreba_1016_1_grm_std_uni,1,2.473208427429199,-3.2808375358581543,1
OneHandOreba_1016_1_grm_std_uni,1,2.429659605026245,-3.254275321960449,1
OneHandOreba_1016_1_grm_std_uni,1,2.3883280754089355,-3.219857931137085,1
OneHandOreba_1016_1_grm_std_uni,1,2.391432285308838,-3.246497869491577,1
OneHandOreba_1016_1_grm_std_uni,1,2.3373496532440186,-3.1950933933258057,1
OneHandOreba_1016_1_grm_std_uni,1,2.2718639373779297,-3.149096965789795,1
OneHandOreba_1016_1_grm_std_uni,1,2.290996551513672,-3.1653692722320557,1
OneHandOreba_1016_1_grm_std_uni,1,2.3418872356414795,-3.249511241912842,1
OneHandOreba_1016_1_grm_std_uni,1,2.3763251304626465,-3.3044278621673584,1
OneHandOreba_1016_1_grm_std_uni,1,2.3808186054229736,-3.318446159362793,1
OneHandOreba_1016_1_grm_std_uni,1,2.4663100242614746,-3.439903497695923,1
OneHandOreba_1016_1_grm_std_uni,1,2.520205497741699,-3.524688959121704,1
OneHandOreba_1016_1_grm_std_uni,1,2.4662530422210693,-3.396996259689331,1
OneHandOreba_1016_1_grm_std_uni,1,2.4448130130767822,-3.405045986175537,1
OneHandOreba_1016_1_grm_std_uni,1,2.3857510089874268,-3.3502960205078125,1
OneHandOreba_1016_1_grm_std_uni,1,2.4155397415161133,-3.3901238441467285,1
OneHandOreba_1016_1_grm_std_uni,1,2.443894386291504,-3.4121060371398926,1
OneHandOreba_1016_1_grm_std_uni,1,2.47526216506958,-3.531590700149536,1
OneHandOreba_1016_1_grm_std_uni,1,2.287166118621826,-3.37835955619812,1
OneHandOreba_1016_1_grm_std_uni,1,-0.19747394323349,-0.9116650223731995,1
OneHandOreba_1016_1_grm_std_uni,1,-1.4803608655929565,0.7396893501281738,2
OneHandOreba_1016_1_grm_std_uni,1,1.5904524326324463,-2.8130664825439453,1
OneHandOreba_1016_1_grm_std_uni,1,4.702784538269043,-5.000751972198486,1
OneHandOreba_1016_1_grm_std_uni,1,5.848357677459717,-5.875056266784668,1
OneHandOreba_1016_1_grm_std_uni,1,6.0519795417785645,-6.529676914215088,1
OneHandOreba_1016_1_grm_std_uni,1,5.412350654602051,-5.950678825378418,1
OneHandOreba_1016_1_grm_std_uni,1,4.902652740478516,-5.665775775909424,1
OneHandOreba_1016_1_grm_std_uni,1,4.831070423126221,-5.583232402801514,1
OneHandOreba_1016_1_grm_std_uni,1,4.7085371017456055,-5.532630920410156,1
OneHandOreba_1016_1_grm_std_uni,1,4.671257019042969,-5.504169940948486,1
OneHandOreba_1016_1_grm_std_uni,1,4.683618068695068,-5.444225311279297,1
OneHandOreba_1016_1_grm_std_uni,1,5.058507442474365,-5.864175796508789,1
OneHandOreba_1016_1_grm_std_uni,1,5.741654872894287,-6.23520565032959,1
OneHandOreba_1016_1_grm_std_uni,1,5.987342834472656,-6.174777984619141,1
OneHandOreba_1016_1_grm_std_uni,1,5.259071350097656,-5.4962897300720215,1
OneHandOreba_1016_1_grm_std_uni,1,4.396275520324707,-4.640717029571533,1
OneHandOreba_1016_1_grm_std_uni,1,4.271023273468018,-4.31366491317749,1
OneHandOreba_1016_1_grm_std_uni,1,4.254148006439209,-4.109547138214111,1
OneHandOreba_1016_1_grm_std_uni,1,4.344156265258789,-4.1217427253723145,1
OneHandOreba_1016_1_grm_std_uni,1,4.749382019042969,-4.9259748458862305,1
OneHandOreba_1016_1_grm_std_uni,1,4.5073981285095215,-5.026871681213379,1
OneHandOreba_1016_1_grm_std_uni,1,4.359181880950928,-5.1606292724609375,1
OneHandOreba_1016_1_grm_std_uni,1,4.182285308837891,-4.848579406738281,1
OneHandOreba_1016_1_grm_std_uni,1,3.076105833053589,-3.3526642322540283,1
OneHandOreba_1016_1_grm_std_uni,1,2.3648552894592285,-2.652459144592285,1
OneHandOreba_1016_1_grm_std_uni,1,1.7521361112594604,-2.276339530944824,1
OneHandOreba_1016_1_grm_std_uni,1,1.4152296781539917,-1.3233414888381958,1
OneHandOreba_1016_1_grm_std_uni,1,1.2996681928634644,-0.1878267228603363,1
OneHandOreba_1016_1_grm_std_uni,1,1.8584328889846802,-0.7505027055740356,1
OneHandOreba_1016_1_grm_std_uni,2,2.6951732635498047,-2.4330456256866455,1
OneHandOreba_1016_1_grm_std_uni,2,3.558756113052368,-3.8717010021209717,1
OneHandOreba_1016_1_grm_std_uni,2,4.579914093017578,-5.478087902069092,1
OneHandOreba_1016_1_grm_std_uni,2,5.430727958679199,-6.480031490325928,1
OneHandOreba_1016_1_grm_std_uni,2,5.462620258331299,-6.923407077789307,1
OneHandOreba_1016_1_grm_std_uni,2,5.634072303771973,-7.26447057723999,1
OneHandOreba_1016_1_grm_std_uni,2,5.690675735473633,-7.307437419891357,1
OneHandOreba_1016_1_grm_std_uni,2,5.844859600067139,-7.380610466003418,1
OneHandOreba_1016_1_grm_std_uni,2,5.7764177322387695,-7.314725399017334,1
OneHandOreba_1016_1_grm_std_uni,2,5.448801517486572,-6.913438320159912,1
OneHandOreba_1016_1_grm_std_uni,2,4.582291126251221,-5.71642541885376,1
OneHandOreba_1016_1_grm_std_uni,2,3.9522452354431152,-4.983456611633301,1
OneHandOreba_1016_1_grm_std_uni,2,4.295481204986572,-5.366166591644287,1
OneHandOreba_1016_1_grm_std_uni,2,4.647388458251953,-5.673760414123535,1
OneHandOreba_1016_1_grm_std_uni,2,4.839924335479736,-5.878178119659424,1
OneHandOreba_1016_1_grm_std_uni,2,4.905534267425537,-5.934763431549072,1
OneHandOreba_1016_1_grm_std_uni,2,4.916752815246582,-5.884904384613037,1
OneHandOreba_1016_1_grm_std_uni,2,4.756895065307617,-5.566714763641357,1
OneHandOreba_1016_1_grm_std_uni,2,4.491737365722656,-5.131868362426758,1
OneHandOreba_1016_1_grm_std_uni,2,5.039845943450928,-5.568262100219727,1
OneHandOreba_1016_1_grm_std_uni,2,5.265326499938965,-5.610650539398193,1
OneHandOreba_1016_1_grm_std_uni,2,4.3881025314331055,-4.850903511047363,1
OneHandOreba_1016_1_grm_std_uni,2,3.8954808712005615,-4.561054229736328,1
OneHandOreba_1016_1_grm_std_uni,2,3.4861347675323486,-4.148616313934326,1
OneHandOreba_1016_1_grm_std_uni,2,1.9691271781921387,-2.218168020248413,1
OneHandOreba_1016_1_grm_std_uni,2,2.723355770111084,-3.5355820655822754,1
OneHandOreba_1016_1_grm_std_uni,2,3.410059690475464,-4.715669631958008,1
OneHandOreba_1016_1_grm_std_uni,2,3.5260605812072754,-4.821176528930664,1
OneHandOreba_1016_1_grm_std_uni,1,3.984487295150757,-5.315657615661621,1
OneHandOreba_1016_1_grm_std_uni,1,4.189310073852539,-5.590893745422363,1
OneHandOreba_1016_1_grm_std_uni,1,4.188031196594238,-5.662815570831299,1
OneHandOreba_1016_1_grm_std_uni,1,4.167898178100586,-5.657059192657471,1
OneHandOreba_1016_1_grm_std_uni,1,4.113471984863281,-5.605863094329834,1
OneHandOreba_1016_1_grm_std_uni,1,4.104281902313232,-5.577624320983887,1
OneHandOreba_1016_1_grm_std_uni,1,4.059573173522949,-5.5358076095581055,1
OneHandOreba_1016_1_grm_std_uni,1,3.9369490146636963,-5.319750785827637,1
OneHandOreba_1016_1_grm_std_uni,1,3.865574836730957,-5.196051120758057,1
OneHandOreba_1016_1_grm_std_uni,1,3.8551580905914307,-5.179615020751953,1
OneHandOreba_1016_1_grm_std_uni,1,3.7809340953826904,-5.041901111602783,1
OneHandOreba_1016_1_grm_std_uni,1,3.7518084049224854,-4.983376502990723,1
OneHandOreba_1016_1_grm_std_uni,1,3.6960816383361816,-4.881828308105469,1
OneHandOreba_1016_1_grm_std_uni,1,3.658597707748413,-4.8031907081604,1
OneHandOreba_1016_1_grm_std_uni,1,3.678938627243042,-4.846895694732666,1
OneHandOreba_1016_1_grm_std_uni,1,3.640875816345215,-4.793493747711182,1
OneHandOreba_1016_1_grm_std_uni,1,3.5637168884277344,-4.678637504577637,1
OneHandOreba_1016_1_grm_std_uni,1,3.527167797088623,-4.62127161026001,1
OneHandOreba_1016_1_grm_std_uni,1,3.535068988800049,-4.649333953857422,1
OneHandOreba_1016_1_grm_std_uni,1,3.5367305278778076,-4.652579307556152,1
OneHandOreba_1016_1_grm_std_uni,1,3.4695687294006348,-4.526530742645264,1
OneHandOreba_1016_1_grm_std_uni,1,3.435420274734497,-4.485287189483643,1
OneHandOreba_1016_1_grm_std_uni,1,3.448016405105591,-4.50122594833374,1
OneHandOreba_1016_1_grm_std_uni,1,3.3994126319885254,-4.425975322723389,1
OneHandOreba_1016_1_grm_std_uni,1,3.3807785511016846,-4.413605690002441,1
OneHandOreba_1016_1_grm_std_uni,1,3.37412166595459,-4.42020845413208,1
OneHandOreba_1016_1_grm_std_uni,1,3.322270393371582,-4.354426383972168,1
OneHandOreba_1016_1_grm_std_uni,1,3.2572813034057617,-4.256424427032471,1
OneHandOreba_1016_1_grm_std_uni,1,3.215364694595337,-4.2074737548828125,1
OneHandOreba_1016_1_grm_std_uni,1,3.2599239349365234,-4.296274662017822,1
OneHandOreba_1016_1_grm_std_uni,1,3.2538132667541504,-4.295248985290527,1
OneHandOreba_1016_1_grm_std_uni,1,3.233285665512085,-4.265720844268799,1
OneHandOreba_1016_1_grm_std_uni,1,3.2435169219970703,-4.310441017150879,1
OneHandOreba_1016_1_grm_std_uni,1,3.2743120193481445,-4.366726875305176,1
OneHandOreba_1016_1_grm_std_uni,1,3.3720550537109375,-4.435714244842529,1
OneHandOreba_1016_1_grm_std_uni,1,3.4792065620422363,-4.444808006286621,1
OneHandOreba_1016_1_grm_std_uni,1,3.663843870162964,-4.554783344268799,1
OneHandOreba_1016_1_grm_std_uni,1,3.5314290523529053,-4.536647319793701,1
OneHandOreba_1016_1_grm_std_uni,1,2.5004355907440186,-3.2915217876434326,1
OneHandOreba_1016_1_grm_std_uni,1,3.2025105953216553,-3.582303762435913,1
OneHandOreba_1016_1_grm_std_uni,1,3.585050344467163,-3.9793777465820312,1
OneHandOreba_1016_1_grm_std_uni,1,3.5806641578674316,-4.053247451782227,1
OneHandOreba_1016_1_grm_std_uni,1,3.6766819953918457,-3.9732980728149414,1
OneHandOreba_1016_1_grm_std_uni,1,2.4925644397735596,-1.857600212097168,1
OneHandOreba_1016_1_grm_std_uni,1,2.921725273132324,-2.2782812118530273,1
OneHandOreba_1016_1_grm_std_uni,1,2.8358821868896484,-2.661371946334839,1
OneHandOreba_1016_1_grm_std_uni,1,2.5311994552612305,-2.7183663845062256,1
OneHandOreba_1016_1_grm_std_uni,1,3.4420249462127686,-3.8821823596954346,1
OneHandOreba_1016_1_grm_std_uni,1,4.3789472579956055,-4.664021015167236,1
OneHandOreba_1016_1_grm_std_uni,1,4.632623672485352,-4.867424964904785,1
OneHandOreba_1016_1_grm_std_uni,1,4.6448516845703125,-4.852388858795166,1
OneHandOreba_1016_1_grm_std_uni,1,5.1266021728515625,-5.314306259155273,1
OneHandOreba_1016_1_grm_std_uni,1,5.3491997718811035,-5.399238109588623,1
OneHandOreba_1016_1_grm_std_uni,1,5.275420188903809,-5.295604705810547,1
OneHandOreba_1016_1_grm_std_uni,1,4.511691570281982,-4.508895397186279,1
OneHandOreba_1016_1_grm_std_uni,1,2.001260280609131,-1.5378227233886719,1
OneHandOreba_1016_1_grm_std_uni,1,1.270950436592102,-0.24770429730415344,1
OneHandOreba_1016_1_grm_std_uni,1,4.5030670166015625,-4.546982765197754,1
OneHandOreba_1016_1_grm_std_uni,1,6.190894603729248,-6.78223991394043,1
OneHandOreba_1016_1_grm_std_uni,1,6.768975734710693,-7.093738079071045,1
OneHandOreba_1016_1_grm_std_uni,1,6.46919059753418,-6.838402271270752,1
OneHandOreba_1016_1_grm_std_uni,1,6.7008233070373535,-7.5371270179748535,1
OneHandOreba_1016_1_grm_std_uni,1,6.490523338317871,-7.001973628997803,1
OneHandOreba_1016_1_grm_std_uni,1,5.375202655792236,-5.8306145668029785,1
OneHandOreba_1016_1_grm_std_uni,1,4.446271896362305,-4.978653430938721,1
OneHandOreba_1016_1_grm_std_uni,1,4.123046875,-4.662265777587891,1
OneHandOreba_1016_1_grm_std_uni,1,4.480425834655762,-4.874645233154297,1
OneHandOreba_1016_1_grm_std_uni,1,4.814469337463379,-5.214349269866943,1
OneHandOreba_1016_1_grm_std_uni,1,4.756321430206299,-4.695230484008789,1
OneHandOreba_1016_1_grm_std_uni,1,5.531038761138916,-5.792783737182617,1
OneHandOreba_1016_1_grm_std_uni,1,6.017033100128174,-6.204922676086426,1
OneHandOreba_1016_1_grm_std_uni,1,5.993287563323975,-5.6516313552856445,1
OneHandOreba_1016_1_grm_std_uni,1,5.8324971199035645,-5.460844993591309,1
OneHandOreba_1016_1_grm_std_uni,1,5.565234184265137,-5.397650718688965,1
OneHandOreba_1016_1_grm_std_uni,1,5.620420932769775,-5.575334548950195,1
OneHandOreba_1016_1_grm_std_uni,1,5.3002142906188965,-5.0212321281433105,1
OneHandOreba_1016_1_grm_std_uni,1,5.009774684906006,-4.596459865570068,1
OneHandOreba_1016_1_grm_std_uni,1,5.191900730133057,-4.596462726593018,1
OneHandOreba_1016_1_grm_std_uni,1,5.308831691741943,-5.01801872253418,1
OneHandOreba_1016_1_grm_std_uni,1,5.7235612869262695,-5.568078517913818,1
OneHandOreba_1016_1_grm_std_uni,1,6.006430149078369,-6.159492492675781,1
OneHandOreba_1016_1_grm_std_uni,1,4.3202009201049805,-4.61565637588501,1
OneHandOreba_1016_1_grm_std_uni,1,5.0334248542785645,-5.9085774421691895,1
OneHandOreba_1016_1_grm_std_uni,1,5.328840732574463,-6.76785135269165,1
OneHandOreba_1016_1_grm_std_uni,1,5.445771217346191,-6.734767436981201,1
OneHandOreba_1016_1_grm_std_uni,1,5.374587059020996,-6.280641078948975,1
OneHandOreba_1016_1_grm_std_uni,1,4.274650573730469,-4.758186340332031,1
OneHandOreba_1016_1_grm_std_uni,1,4.875149726867676,-5.444652557373047,1
OneHandOreba_1016_1_grm_std_uni,1,5.558819770812988,-6.426472187042236,1
OneHandOreba_1016_1_grm_std_uni,1,5.619832992553711,-6.5963826179504395,1
OneHandOreba_1016_1_grm_std_uni,1,5.28734827041626,-6.36900520324707,1
OneHandOreba_1016_1_grm_std_uni,1,5.107308387756348,-6.246382236480713,1
OneHandOreba_1016_1_grm_std_uni,1,5.0194902420043945,-6.167473793029785,1
OneHandOreba_1016_1_grm_std_uni,1,5.054347038269043,-6.104946613311768,1
OneHandOreba_1016_1_grm_std_uni,1,4.97993803024292,-5.974541187286377,1
OneHandOreba_1016_1_grm_std_uni,1,4.731571674346924,-5.685837268829346,1
OneHandOreba_1016_1_grm_std_uni,1,5.243644714355469,-6.225959300994873,1
OneHandOreba_1016_1_grm_std_uni,1,5.449784755706787,-6.351381301879883,1
OneHandOreba_1016_1_grm_std_uni,1,4.915565013885498,-5.863893032073975,1
OneHandOreba_1016_1_grm_std_uni,1,5.204721927642822,-6.215023040771484,1
OneHandOreba_1016_1_grm_std_uni,1,4.950626373291016,-5.865920066833496,1
OneHandOreba_1016_1_grm_std_uni,1,4.798758029937744,-5.830272674560547,1
OneHandOreba_1016_1_grm_std_uni,1,5.004721164703369,-6.026090621948242,1
OneHandOreba_1016_1_grm_std_uni,1,5.0747809410095215,-5.964706897735596,1
OneHandOreba_1016_1_grm_std_uni,1,4.740284442901611,-5.603911399841309,1
OneHandOreba_1016_1_grm_std_uni,1,4.358476638793945,-5.252424240112305,1
OneHandOreba_1016_1_grm_std_uni,1,4.534707069396973,-5.411230087280273,1
OneHandOreba_1016_1_grm_std_uni,1,4.247712135314941,-5.249021530151367,1
OneHandOreba_1016_1_grm_std_uni,1,2.6893181800842285,-3.5649425983428955,1
OneHandOreba_1016_1_grm_std_uni,1,2.8199265003204346,-3.586103916168213,1
OneHandOreba_1016_1_grm_std_uni,1,3.593489408493042,-4.333807945251465,1
OneHandOreba_1016_1_grm_std_uni,1,4.081819534301758,-4.728337287902832,1
OneHandOreba_1016_1_grm_std_uni,1,4.379973411560059,-5.1252121925354,1
OneHandOreba_1016_1_grm_std_uni,1,4.25834846496582,-4.961031913757324,1
OneHandOreba_1016_1_grm_std_uni,1,4.053473949432373,-4.813582420349121,1
OneHandOreba_1016_1_grm_std_uni,1,3.9823617935180664,-4.830932140350342,1
OneHandOreba_1016_1_grm_std_uni,1,3.796053886413574,-4.57315731048584,1
OneHandOreba_1016_1_grm_std_uni,1,3.746378183364868,-4.653654098510742,1
OneHandOreba_1016_1_grm_std_uni,1,3.641287088394165,-4.604017734527588,1
OneHandOreba_1016_1_grm_std_uni,1,3.8024990558624268,-4.42024564743042,1
OneHandOreba_1016_1_grm_std_uni,1,4.967217445373535,-5.772756099700928,1
OneHandOreba_1016_1_grm_std_uni,1,5.454693794250488,-6.202616214752197,1
OneHandOreba_1016_1_grm_std_uni,1,5.522040843963623,-6.2411932945251465,1
OneHandOreba_1016_1_grm_std_uni,1,5.220304489135742,-6.089546203613281,1
OneHandOreba_1016_1_grm_std_uni,1,4.9737396240234375,-5.605396747589111,1
OneHandOreba_1016_1_grm_std_uni,1,5.026036262512207,-5.499239921569824,1
OneHandOreba_1016_1_grm_std_uni,1,4.784726619720459,-5.357852935791016,1
OneHandOreba_1016_1_grm_std_uni,1,4.8581085205078125,-5.397782802581787,1
OneHandOreba_1016_1_grm_std_uni,1,5.139035224914551,-5.389854431152344,1
OneHandOreba_1016_1_grm_std_uni,1,4.484442234039307,-4.565536975860596,1
OneHandOreba_1016_1_grm_std_uni,1,4.093176364898682,-3.977578639984131,1
OneHandOreba_1016_1_grm_std_uni,1,3.4908881187438965,-3.490414619445801,1
OneHandOreba_1016_1_grm_std_uni,1,3.0930566787719727,-3.202458620071411,1
OneHandOreba_1016_1_grm_std_uni,1,2.532231330871582,-2.691164255142212,1
OneHandOreba_1016_1_grm_std_uni,1,3.243907928466797,-3.6591756343841553,1
OneHandOreba_1016_1_grm_std_uni,1,3.7041664123535156,-3.81474232673645,1
OneHandOreba_1016_1_grm_std_uni,1,2.878387928009033,-2.6178438663482666,1
OneHandOreba_1016_1_grm_std_uni,1,0.21712473034858704,0.7987497448921204,2
OneHandOreba_1016_1_grm_std_uni,1,1.1525017023086548,-0.551085352897644,1
OneHandOreba_1016_1_grm_std_uni,1,3.5852344036102295,-3.7666194438934326,1
OneHandOreba_1016_1_grm_std_uni,1,5.215353965759277,-5.1592936515808105,1
OneHandOreba_1016_1_grm_std_uni,1,5.865124225616455,-6.152512073516846,1
OneHandOreba_1016_1_grm_std_uni,1,6.341859817504883,-6.4062910079956055,1
OneHandOreba_1016_1_grm_std_uni,1,6.516470432281494,-6.648373603820801,1
OneHandOreba_1016_1_grm_std_uni,1,6.342412948608398,-6.421695232391357,1
OneHandOreba_1016_1_grm_std_uni,1,6.180622577667236,-5.589395999908447,1
OneHandOreba_1016_1_grm_std_uni,1,5.997209548950195,-5.457942008972168,1
OneHandOreba_1016_1_grm_std_uni,1,6.069591045379639,-5.549374580383301,1
OneHandOreba_1016_1_grm_std_uni,1,6.340668678283691,-5.911375999450684,1
OneHandOreba_1016_1_grm_std_uni,1,6.270330905914307,-6.016478061676025,1
OneHandOreba_1016_1_grm_std_uni,1,6.121538162231445,-5.783234119415283,1
OneHandOreba_1016_1_grm_std_uni,1,6.268227577209473,-6.057825088500977,1
OneHandOreba_1016_1_grm_std_uni,1,6.876887798309326,-7.0788254737854,1
OneHandOreba_1016_1_grm_std_uni,1,7.213223457336426,-7.503472328186035,1
OneHandOreba_1016_1_grm_std_uni,1,7.016242980957031,-7.524089336395264,1
OneHandOreba_1016_1_grm_std_uni,1,6.960700035095215,-7.73617696762085,1
OneHandOreba_1016_1_grm_std_uni,1,7.005950927734375,-7.847338676452637,1
OneHandOreba_1016_1_grm_std_uni,1,6.485294342041016,-7.4912943840026855,1
OneHandOreba_1016_1_grm_std_uni,1,5.570425987243652,-6.368349552154541,1
OneHandOreba_1016_1_grm_std_uni,1,4.379284858703613,-4.87031364440918,1
OneHandOreba_1016_1_grm_std_uni,1,3.8406875133514404,-4.092726230621338,1
OneHandOreba_1016_1_grm_std_uni,1,4.417206287384033,-4.320555686950684,1
OneHandOreba_1016_1_grm_std_uni,1,5.4025654792785645,-4.840580463409424,1
OneHandOreba_1016_1_grm_std_uni,1,5.7209858894348145,-5.383090496063232,1
OneHandOreba_1016_1_grm_std_uni,1,6.252530097961426,-5.999035358428955,1
OneHandOreba_1016_1_grm_std_uni,1,5.757613658905029,-5.472558975219727,1
OneHandOreba_1016_1_grm_std_uni,1,5.35398530960083,-5.387867450714111,1
OneHandOreba_1016_1_grm_std_uni,1,5.358141899108887,-5.976284980773926,1
OneHandOreba_1016_1_grm_std_uni,1,5.068777084350586,-6.140647888183594,1
OneHandOreba_1016_1_grm_std_uni,1,4.937225341796875,-6.094812870025635,1
OneHandOreba_1016_1_grm_std_uni,1,4.937747001647949,-6.0499701499938965,1
OneHandOreba_1016_1_grm_std_uni,1,4.936615943908691,-5.857375621795654,1
OneHandOreba_1016_1_grm_std_uni,1,4.691926002502441,-5.249568939208984,1
OneHandOreba_1016_1_grm_std_uni,1,4.310497760772705,-4.209071636199951,1
OneHandOreba_1016_1_grm_std_uni,1,4.82637357711792,-4.710805892944336,1
OneHandOreba_1016_1_grm_std_uni,1,5.299015045166016,-5.315216064453125,1
OneHandOreba_1016_1_grm_std_uni,1,5.583828449249268,-5.8115386962890625,1
OneHandOreba_1016_1_grm_std_uni,1,4.610361099243164,-5.204997539520264,1
OneHandOreba_1016_1_grm_std_uni,1,3.4194769859313965,-3.838477849960327,1
OneHandOreba_1016_1_grm_std_uni,1,3.15667462348938,-3.257596015930176,1
OneHandOreba_1016_1_grm_std_uni,1,4.359899997711182,-3.980985164642334,1
OneHandOreba_1016_1_grm_std_uni,1,5.3429646492004395,-5.190182209014893,1
OneHandOreba_1016_1_grm_std_uni,1,6.24284029006958,-6.840556621551514,1
OneHandOreba_1016_1_grm_std_uni,1,5.882800579071045,-6.342105865478516,1
OneHandOreba_1016_1_grm_std_uni,1,6.24092960357666,-6.970771312713623,1
OneHandOreba_1016_1_grm_std_uni,1,4.794260025024414,-5.9486589431762695,1
OneHandOreba_1016_1_grm_std_uni,1,4.276355266571045,-5.562099456787109,1
OneHandOreba_1016_1_grm_std_uni,1,4.304784297943115,-5.3551459312438965,1
OneHandOreba_1016_1_grm_std_uni,1,4.474512100219727,-5.153003692626953,1
OneHandOreba_1016_1_grm_std_uni,1,5.018791675567627,-5.369915962219238,1
OneHandOreba_1016_1_grm_std_uni,1,5.05177640914917,-5.299593448638916,1
OneHandOreba_1016_1_grm_std_uni,1,5.1483259201049805,-5.984280109405518,1
OneHandOreba_1016_1_grm_std_uni,2,4.755983829498291,-5.451942443847656,1
OneHandOreba_1016_1_grm_std_uni,2,3.9185831546783447,-4.5110554695129395,1
OneHandOreba_1016_1_grm_std_uni,2,3.3159353733062744,-3.8652970790863037,1
OneHandOreba_1016_1_grm_std_uni,2,3.1244516372680664,-3.634995460510254,1
OneHandOreba_1016_1_grm_std_uni,2,2.8722774982452393,-3.863208532333374,1
OneHandOreba_1016_1_grm_std_uni,2,3.0434625148773193,-4.2602081298828125,1
OneHandOreba_1016_1_grm_std_uni,2,3.448796272277832,-4.761285305023193,1
OneHandOreba_1016_1_grm_std_uni,2,3.733077049255371,-4.880032062530518,1
OneHandOreba_1016_1_grm_std_uni,2,1.2866488695144653,-1.5170238018035889,1
OneHandOreba_1016_1_grm_std_uni,2,-1.3766635656356812,2.5890181064605713,1
OneHandOreba_1016_1_grm_std_uni,2,-1.7297861576080322,3.565680980682373,2
OneHandOreba_1016_1_grm_std_uni,2,-0.6668516397476196,1.5911279916763306,1
OneHandOreba_1016_1_grm_std_uni,2,1.4102809429168701,-1.0501962900161743,1
OneHandOreba_1016_1_grm_std_uni,2,2.603980541229248,-2.828995704650879,1
OneHandOreba_1016_1_grm_std_uni,2,3.714353084564209,-4.246645927429199,1
OneHandOreba_1016_1_grm_std_uni,2,4.6309814453125,-5.177099227905273,1
OneHandOreba_1016_1_grm_std_uni,2,5.482093811035156,-6.085579872131348,1
OneHandOreba_1016_1_grm_std_uni,2,5.216924667358398,-6.132237434387207,1
OneHandOreba_1016_1_grm_std_uni,2,5.252376556396484,-6.216976642608643,1
OneHandOreba_1016_1_grm_std_uni,2,5.909573554992676,-6.901327610015869,1
OneHandOreba_1016_1_grm_std_uni,2,6.439864635467529,-7.3486151695251465,1
OneHandOreba_1016_1_grm_std_uni,2,6.69106388092041,-7.371828079223633,1
OneHandOreba_1016_1_grm_std_uni,2,5.562231063842773,-5.8785319328308105,1
OneHandOreba_1016_1_grm_std_uni,1,4.914897918701172,-5.058141231536865,1
OneHandOreba_1016_1_grm_std_uni,2,3.915088653564453,-4.39474630355835,1
OneHandOreba_1016_1_grm_std_uni,2,0.9870449900627136,-1.5801435708999634,1
OneHandOreba_1016_1_grm_std_uni,2,1.339835286140442,-2.0245683193206787,1
OneHandOreba_1016_1_grm_std_uni,2,2.5872414112091064,-3.5831470489501953,1
OneHandOreba_1016_1_grm_std_uni,2,3.528505563735962,-4.779270648956299,1
OneHandOreba_1016_1_grm_std_uni,2,4.457564830780029,-5.821382522583008,1
OneHandOreba_1016_1_grm_std_uni,2,5.053699970245361,-6.0403852462768555,1
OneHandOreba_1016_1_grm_std_uni,2,5.206573486328125,-5.704836368560791,1
OneHandOreba_1016_1_grm_std_uni,2,5.24306058883667,-5.3794426918029785,1
OneHandOreba_1016_1_grm_std_uni,2,4.562305450439453,-5.008985996246338,1
OneHandOreba_1016_1_grm_std_uni,2,4.160609245300293,-4.900205135345459,1
OneHandOreba_1016_1_grm_std_uni,2,3.8315298557281494,-4.6441216468811035,1
OneHandOreba_1016_1_grm_std_uni,1,3.5116612911224365,-4.353992462158203,1
OneHandOreba_1016_1_grm_std_uni,1,4.932297706604004,-5.772359848022461,1
OneHandOreba_1016_1_grm_std_uni,1,6.304936408996582,-7.248500347137451,1
OneHandOreba_1016_1_grm_std_uni,1,6.972127914428711,-7.707266807556152,1
OneHandOreba_1016_1_grm_std_uni,1,6.267396926879883,-7.372539520263672,1
OneHandOreba_1016_1_grm_std_uni,1,5.261784553527832,-6.729122638702393,1
OneHandOreba_1016_1_grm_std_uni,1,4.543100357055664,-5.980445861816406,1
OneHandOreba_1016_1_grm_std_uni,1,5.090239524841309,-6.616511821746826,1
OneHandOreba_1016_1_grm_std_uni,1,5.910528182983398,-7.127244472503662,1
OneHandOreba_1016_1_grm_std_uni,1,6.2005205154418945,-7.179088592529297,1
OneHandOreba_1016_1_grm_std_uni,1,6.4849700927734375,-7.1389007568359375,1
OneHandOreba_1016_1_grm_std_uni,1,6.202831745147705,-6.618042469024658,1
OneHandOreba_1016_1_grm_std_uni,1,6.268414497375488,-6.318619728088379,1
OneHandOreba_1016_1_grm_std_uni,1,6.075412750244141,-5.93851375579834,1
OneHandOreba_1016_1_grm_std_uni,1,6.310212135314941,-6.400972366333008,1
OneHandOreba_1016_1_grm_std_uni,1,6.547168731689453,-6.729615211486816,1
OneHandOreba_1016_1_grm_std_uni,1,6.4110236167907715,-6.951700210571289,1
OneHandOreba_1016_1_grm_std_uni,1,6.04665470123291,-6.965512752532959,1
OneHandOreba_1016_1_grm_std_uni,1,5.932095050811768,-6.995358943939209,1
OneHandOreba_1016_1_grm_std_uni,1,6.052820205688477,-6.787182807922363,1
OneHandOreba_1016_1_grm_std_uni,1,6.009791851043701,-6.467121124267578,1
OneHandOreba_1016_1_grm_std_uni,1,5.828332424163818,-5.752353668212891,1
OneHandOreba_1016_1_grm_std_uni,1,5.277886867523193,-4.761612415313721,1
OneHandOreba_1016_1_grm_std_uni,1,3.5935964584350586,-2.906130075454712,1
OneHandOreba_1016_1_grm_std_uni,1,3.799546718597412,-3.318608045578003,1
OneHandOreba_1016_1_grm_std_uni,1,5.290536403656006,-5.0185699462890625,1
OneHandOreba_1016_1_grm_std_uni,1,5.936650276184082,-5.884761810302734,1
OneHandOreba_1016_1_grm_std_uni,1,6.077756881713867,-6.0622639656066895,1
OneHandOreba_1016_1_grm_std_uni,1,6.534912586212158,-6.862024307250977,1
OneHandOreba_1016_1_grm_std_uni,1,6.876845836639404,-7.644888401031494,1
OneHandOreba_1016_1_grm_std_uni,1,6.822497844696045,-7.383990287780762,1
OneHandOreba_1016_1_grm_std_uni,1,6.641648292541504,-7.1403422355651855,1
OneHandOreba_1016_1_grm_std_uni,1,6.565550327301025,-7.023509502410889,1
OneHandOreba_1016_1_grm_std_uni,1,6.388126373291016,-6.61822509765625,1
OneHandOreba_1016_1_grm_std_uni,1,6.515142440795898,-6.9402666091918945,1
OneHandOreba_1016_1_grm_std_uni,1,6.4387030601501465,-6.999189853668213,1
OneHandOreba_1016_1_grm_std_uni,1,6.417887210845947,-7.158507347106934,1
OneHandOreba_1016_1_grm_std_uni,1,6.212141990661621,-6.766179084777832,1
OneHandOreba_1016_1_grm_std_uni,1,5.241137504577637,-5.902616500854492,1
OneHandOreba_1016_1_grm_std_uni,1,4.505364418029785,-5.067942142486572,1
OneHandOreba_1016_1_grm_std_uni,2,4.377923011779785,-5.221480369567871,1
OneHandOreba_1016_1_grm_std_uni,2,4.8585429191589355,-5.918513774871826,1
OneHandOreba_1016_1_grm_std_uni,2,4.996805667877197,-5.854445457458496,1
OneHandOreba_1016_1_grm_std_uni,2,4.931362152099609,-5.885838508605957,1
OneHandOreba_1016_1_grm_std_uni,2,4.742218017578125,-5.86738395690918,1
OneHandOreba_1016_1_grm_std_uni,2,4.6011199951171875,-5.726572513580322,1
OneHandOreba_1016_1_grm_std_uni,2,4.587495803833008,-5.629469394683838,1
OneHandOreba_1016_1_grm_std_uni,2,4.335415840148926,-5.326265811920166,1
OneHandOreba_1016_1_grm_std_uni,2,4.0405354499816895,-5.074877738952637,1
OneHandOreba_1016_1_grm_std_uni,2,3.1623010635375977,-4.237353801727295,1
OneHandOreba_1016_1_grm_std_uni,2,0.6345486640930176,-0.8250282406806946,1
OneHandOreba_1016_1_grm_std_uni,2,-0.8253185153007507,1.4474056959152222,1
OneHandOreba_1016_1_grm_std_uni,2,-1.173397183418274,2.765197515487671,2
OneHandOreba_1016_1_grm_std_uni,2,-0.5861085057258606,2.1476194858551025,1
OneHandOreba_1016_1_grm_std_uni,2,1.0012767314910889,-0.15990136563777924,1
OneHandOreba_1016_1_grm_std_uni,2,3.6506590843200684,-3.4189236164093018,1
OneHandOreba_1016_1_grm_std_uni,2,5.144625663757324,-5.516282081604004,1
OneHandOreba_1016_1_grm_std_uni,2,5.217113494873047,-6.603670120239258,1
OneHandOreba_1016_1_grm_std_uni,2,4.801506042480469,-6.613770961761475,1
OneHandOreba_1016_1_grm_std_uni,2,5.104517459869385,-6.699629783630371,1
OneHandOreba_1016_1_grm_std_uni,2,5.660015106201172,-6.753540515899658,1
OneHandOreba_1016_1_grm_std_uni,2,5.178938865661621,-5.802692413330078,1
OneHandOreba_1016_1_grm_std_uni,2,5.686224937438965,-6.51071834564209,1
OneHandOreba_1016_1_grm_std_uni,2,5.102945327758789,-6.611725807189941,1
OneHandOreba_1016_1_grm_std_uni,2,4.915830612182617,-6.338957786560059,1
OneHandOreba_1016_1_grm_std_uni,2,5.5638556480407715,-6.728431701660156,1
OneHandOreba_1016_1_grm_std_uni,1,5.123992443084717,-5.845493316650391,1
OneHandOreba_1016_1_grm_std_uni,1,4.433284282684326,-5.007856845855713,1
OneHandOreba_1016_1_grm_std_uni,1,5.765532493591309,-6.370211601257324,1
OneHandOreba_1016_1_grm_std_uni,1,6.699530601501465,-7.340876579284668,1
OneHandOreba_1016_1_grm_std_uni,1,6.783695697784424,-7.378142833709717,1
OneHandOreba_1016_1_grm_std_uni,1,5.1527204513549805,-5.368985652923584,1
OneHandOreba_1016_1_grm_std_uni,1,3.174816846847534,-3.11149525642395,1
OneHandOreba_1016_1_grm_std_uni,1,3.9900693893432617,-4.210759162902832,1
OneHandOreba_1016_1_grm_std_uni,1,4.970952987670898,-5.483038425445557,1
OneHandOreba_1016_1_grm_std_uni,1,4.952439785003662,-5.4302239418029785,1
OneHandOreba_1016_1_grm_std_uni,1,4.883172035217285,-4.993567943572998,1
OneHandOreba_1016_1_grm_std_uni,1,5.053566932678223,-4.991808891296387,1
OneHandOreba_1016_1_grm_std_uni,1,5.68671989440918,-5.447384834289551,1
OneHandOreba_1016_1_grm_std_uni,1,6.763171672821045,-6.672129154205322,1
OneHandOreba_1016_1_grm_std_uni,1,7.085866928100586,-7.093911647796631,1
OneHandOreba_1016_1_grm_std_uni,1,6.958562850952148,-6.633011341094971,1
OneHandOreba_1016_1_grm_std_uni,1,6.636386394500732,-6.357214450836182,1
OneHandOreba_1016_1_grm_std_uni,1,6.575124740600586,-6.31746768951416,1
OneHandOreba_1016_1_grm_std_uni,1,6.575398921966553,-6.425184726715088,1
OneHandOreba_1016_1_grm_std_uni,1,6.688604354858398,-6.754053115844727,1
OneHandOreba_1016_1_grm_std_uni,1,6.511702537536621,-6.714005947113037,1
OneHandOreba_1016_1_grm_std_uni,1,5.716376304626465,-5.9810357093811035,1
OneHandOreba_1016_1_grm_std_uni,1,5.217005729675293,-5.6307477951049805,1
OneHandOreba_1016_1_grm_std_uni,1,4.9656782150268555,-5.540031909942627,1
OneHandOreba_1016_1_grm_std_uni,1,4.581750869750977,-5.144284248352051,1
OneHandOreba_1016_1_grm_std_uni,1,4.032009124755859,-4.555927276611328,1
OneHandOreba_1016_1_grm_std_uni,1,3.8358306884765625,-4.404652118682861,1
OneHandOreba_1016_1_grm_std_uni,1,3.6624770164489746,-4.105432510375977,1
OneHandOreba_1016_1_grm_std_uni,1,3.57283091545105,-3.928039073944092,1
OneHandOreba_1016_1_grm_std_uni,1,3.602071523666382,-4.164788246154785,1
OneHandOreba_1016_1_grm_std_uni,1,4.15361213684082,-4.994298934936523,1
OneHandOreba_1016_1_grm_std_uni,1,4.466461181640625,-5.593395233154297,1
OneHandOreba_1016_1_grm_std_uni,2,4.454258441925049,-5.570402145385742,1
OneHandOreba_1016_1_grm_std_uni,2,4.57058572769165,-5.6136345863342285,1
OneHandOreba_1016_1_grm_std_uni,2,4.756666660308838,-5.7650041580200195,1
OneHandOreba_1016_1_grm_std_uni,2,4.8043742179870605,-5.770060062408447,1
OneHandOreba_1016_1_grm_std_uni,2,4.708911418914795,-5.634415149688721,1
OneHandOreba_1016_1_grm_std_uni,2,4.500004291534424,-5.484331130981445,1
OneHandOreba_1016_1_grm_std_uni,2,2.6450397968292236,-3.298201322555542,1
OneHandOreba_1016_1_grm_std_uni,2,-0.4417233467102051,0.7114577889442444,1
OneHandOreba_1016_1_grm_std_uni,2,-1.4828068017959595,3.0054759979248047,2
OneHandOreba_1016_1_grm_std_uni,2,-0.9393273591995239,2.299570083618164,1
OneHandOreba_1016_1_grm_std_uni,2,-0.15078620612621307,1.2042477130889893,1
OneHandOreba_1016_1_grm_std_uni,2,1.1477290391921997,-0.20038653910160065,1
OneHandOreba_1016_1_grm_std_uni,2,2.7816286087036133,-2.766953468322754,1
OneHandOreba_1016_1_grm_std_uni,2,4.0445685386657715,-4.640917778015137,1
OneHandOreba_1016_1_grm_std_uni,2,4.666079998016357,-5.692112445831299,1
OneHandOreba_1016_1_grm_std_uni,2,4.768402099609375,-6.3579020500183105,1
OneHandOreba_1016_1_grm_std_uni,2,4.585275650024414,-6.334258079528809,1
OneHandOreba_1016_1_grm_std_uni,2,4.96270751953125,-6.764915466308594,1
OneHandOreba_1016_1_grm_std_uni,2,5.54604959487915,-6.792891979217529,1
OneHandOreba_1016_1_grm_std_uni,2,5.806210041046143,-6.806975841522217,1
OneHandOreba_1016_1_grm_std_uni,2,6.2599639892578125,-7.073753356933594,1
OneHandOreba_1016_1_grm_std_uni,2,6.35926628112793,-6.8679375648498535,1
OneHandOreba_1016_1_grm_std_uni,2,6.13400411605835,-6.330981731414795,1
OneHandOreba_1016_1_grm_std_uni,1,6.1417412757873535,-6.5090532302856445,1
OneHandOreba_1016_1_grm_std_uni,1,5.7197346687316895,-6.173079490661621,1
OneHandOreba_1016_1_grm_std_uni,1,4.976908206939697,-5.616199016571045,1
OneHandOreba_1016_1_grm_std_uni,1,5.2872724533081055,-5.54411506652832,1
OneHandOreba_1016_1_grm_std_uni,1,5.2829694747924805,-5.696012020111084,1
OneHandOreba_1016_1_grm_std_uni,1,4.591992378234863,-5.348598480224609,1
OneHandOreba_1016_1_grm_std_uni,1,4.09681510925293,-4.766372203826904,1
OneHandOreba_1016_1_grm_std_uni,1,4.0043792724609375,-4.6927666664123535,1
OneHandOreba_1016_1_grm_std_uni,1,4.2964396476745605,-4.956650257110596,1
OneHandOreba_1016_1_grm_std_uni,1,4.607195854187012,-5.199486255645752,1
OneHandOreba_1016_1_grm_std_uni,1,4.730023384094238,-5.353604793548584,1
OneHandOreba_1016_1_grm_std_uni,1,4.471762657165527,-4.972876071929932,1
OneHandOreba_1016_1_grm_std_uni,1,4.210766792297363,-4.26578950881958,1
OneHandOreba_1016_1_grm_std_uni,1,3.7737672328948975,-3.288572072982788,1
OneHandOreba_1016_1_grm_std_uni,1,3.7558212280273438,-2.919370174407959,1
OneHandOreba_1016_1_grm_std_uni,1,4.136722564697266,-3.1814258098602295,1
OneHandOreba_1016_1_grm_std_uni,1,4.4634833335876465,-3.6002376079559326,1
OneHandOreba_1016_1_grm_std_uni,1,4.8967437744140625,-4.150033950805664,1
OneHandOreba_1016_1_grm_std_uni,1,5.177574634552002,-4.375185966491699,1
OneHandOreba_1016_1_grm_std_uni,1,4.987462997436523,-4.071415424346924,1
OneHandOreba_1016_1_grm_std_uni,1,4.8443403244018555,-3.8318657875061035,1
OneHandOreba_1016_1_grm_std_uni,1,4.910141944885254,-3.813693046569824,1
OneHandOreba_1016_1_grm_std_uni,1,5.556875228881836,-4.516249656677246,1
OneHandOreba_1016_1_grm_std_uni,1,6.175115585327148,-5.1937055587768555,1
OneHandOreba_1016_1_grm_std_uni,1,6.0049824714660645,-5.0374064445495605,1
OneHandOreba_1016_1_grm_std_uni,1,5.926793575286865,-4.846057891845703,1
OneHandOreba_1016_1_grm_std_uni,1,6.470399856567383,-5.6327362060546875,1
OneHandOreba_1016_1_grm_std_uni,1,6.90464448928833,-6.257454872131348,1
OneHandOreba_1016_1_grm_std_uni,1,6.754674434661865,-6.132664203643799,1
OneHandOreba_1016_1_grm_std_uni,1,6.846612453460693,-6.2054123878479,1
OneHandOreba_1016_1_grm_std_uni,1,6.703856468200684,-6.177709102630615,1
OneHandOreba_1016_1_grm_std_uni,1,6.392242431640625,-5.970654487609863,1
OneHandOreba_1016_1_grm_std_uni,1,6.2546000480651855,-5.912876605987549,1
OneHandOreba_1016_1_grm_std_uni,1,6.476095676422119,-6.118183612823486,1
OneHandOreba_1016_1_grm_std_uni,1,6.59284782409668,-6.154534816741943,1
OneHandOreba_1016_1_grm_std_uni,1,6.105702877044678,-5.547454833984375,1
OneHandOreba_1016_1_grm_std_uni,1,5.833178520202637,-5.348268508911133,1
OneHandOreba_1016_1_grm_std_uni,1,5.703846454620361,-5.314641952514648,1
OneHandOreba_1016_1_grm_std_uni,1,5.46038293838501,-5.37878942489624,1
OneHandOreba_1016_1_grm_std_uni,1,5.078159332275391,-4.894379138946533,1
OneHandOreba_1016_1_grm_std_uni,1,4.909491062164307,-5.337789058685303,1
OneHandOreba_1016_1_grm_std_uni,1,5.2340474128723145,-5.860803604125977,1
OneHandOreba_1016_1_grm_std_uni,2,5.2372145652771,-5.568248271942139,1
OneHandOreba_1016_1_grm_std_uni,2,5.001935005187988,-5.399177551269531,1
OneHandOreba_1016_1_grm_std_uni,2,4.778643608093262,-5.2186174392700195,1
OneHandOreba_1016_1_grm_std_uni,2,4.751830101013184,-5.1708550453186035,1
OneHandOreba_1016_1_grm_std_uni,2,4.501224517822266,-4.907607555389404,1
OneHandOreba_1016_1_grm_std_uni,2,3.8275623321533203,-4.247007369995117,1
OneHandOreba_1016_1_grm_std_uni,2,2.5196025371551514,-2.407348155975342,1
OneHandOreba_1016_1_grm_std_uni,2,-0.8167098760604858,2.4304096698760986,1
OneHandOreba_1016_1_grm_std_uni,2,-2.3518640995025635,4.413619518280029,2
OneHandOreba_1016_1_grm_std_uni,2,-1.5202391147613525,3.720025062561035,1
OneHandOreba_1016_1_grm_std_uni,2,0.9406813979148865,-0.0994681566953659,1
OneHandOreba_1016_1_grm_std_uni,2,3.7343995571136475,-3.417464017868042,1
OneHandOreba_1016_1_grm_std_uni,2,3.9115254878997803,-3.92035174369812,1
OneHandOreba_1016_1_grm_std_uni,2,4.145135402679443,-3.757420063018799,1
OneHandOreba_1016_1_grm_std_uni,2,4.60221529006958,-4.264813423156738,1
OneHandOreba_1016_1_grm_std_uni,2,4.750248432159424,-5.228499889373779,1
OneHandOreba_1016_1_grm_std_uni,2,5.489968299865723,-6.153365135192871,1
OneHandOreba_1016_1_grm_std_uni,2,6.041789531707764,-6.8789167404174805,1
OneHandOreba_1016_1_grm_std_uni,2,5.836634159088135,-6.999114036560059,1
OneHandOreba_1016_1_grm_std_uni,2,4.626261234283447,-5.865121841430664,1
OneHandOreba_1016_1_grm_std_uni,2,4.654816150665283,-5.706810474395752,1
OneHandOreba_1016_1_grm_std_uni,1,4.549012184143066,-5.5173468589782715,1
OneHandOreba_1016_1_grm_std_uni,1,4.575993537902832,-5.580447196960449,1
OneHandOreba_1016_1_grm_std_uni,1,4.73178243637085,-5.787583827972412,1
OneHandOreba_1016_1_grm_std_uni,1,4.7501654624938965,-5.9537811279296875,1
OneHandOreba_1016_1_grm_std_uni,1,4.782937526702881,-6.045919895172119,1
OneHandOreba_1016_1_grm_std_uni,1,4.857297420501709,-6.106773376464844,1
OneHandOreba_1016_1_grm_std_uni,1,4.864150524139404,-6.088719367980957,1
OneHandOreba_1016_1_grm_std_uni,1,4.891713619232178,-6.121585369110107,1
OneHandOreba_1016_1_grm_std_uni,1,4.8454060554504395,-5.997231483459473,1
OneHandOreba_1016_1_grm_std_uni,1,4.821670055389404,-5.850551128387451,1
OneHandOreba_1016_1_grm_std_uni,1,4.79482889175415,-5.693435192108154,1
OneHandOreba_1016_1_grm_std_uni,1,4.79554557800293,-5.580651760101318,1
OneHandOreba_1016_1_grm_std_uni,1,4.776670932769775,-5.594984531402588,1
OneHandOreba_1016_1_grm_std_uni,1,4.793466567993164,-5.586864471435547,1
OneHandOreba_1016_1_grm_std_uni,1,4.737526893615723,-5.417899131774902,1
OneHandOreba_1016_1_grm_std_uni,1,4.161044120788574,-4.483244895935059,1
OneHandOreba_1016_1_grm_std_uni,1,2.9396839141845703,-2.820814371109009,1
OneHandOreba_1016_1_grm_std_uni,1,3.987529993057251,-3.9365828037261963,1
OneHandOreba_1016_1_grm_std_uni,1,5.629787921905518,-5.304922103881836,1
OneHandOreba_1016_1_grm_std_uni,1,6.257224082946777,-6.006045341491699,1
OneHandOreba_1016_1_grm_std_uni,1,6.376058578491211,-6.123239517211914,1
OneHandOreba_1016_1_grm_std_uni,1,6.309873104095459,-6.032313823699951,1
OneHandOreba_1016_1_grm_std_uni,1,6.28621768951416,-6.110286235809326,1
OneHandOreba_1016_1_grm_std_uni,1,6.344262599945068,-6.143750190734863,1
OneHandOreba_1016_1_grm_std_uni,1,6.27341890335083,-6.2519211769104,1
OneHandOreba_1016_1_grm_std_uni,1,6.419280529022217,-6.226795673370361,1
OneHandOreba_1016_1_grm_std_uni,1,6.506629467010498,-5.804697513580322,1
OneHandOreba_1016_1_grm_std_uni,1,6.036985874176025,-5.092113494873047,1
OneHandOreba_1016_1_grm_std_uni,1,5.757978916168213,-4.98042631149292,1
OneHandOreba_1016_1_grm_std_uni,1,5.80288553237915,-5.492702007293701,1
OneHandOreba_1016_1_grm_std_uni,1,5.681464672088623,-5.095992565155029,1
OneHandOreba_1016_1_grm_std_uni,1,6.098748207092285,-5.548923969268799,1
OneHandOreba_1016_1_grm_std_uni,1,6.358965873718262,-6.072319507598877,1
OneHandOreba_1016_1_grm_std_uni,1,6.671370983123779,-6.366306304931641,1
OneHandOreba_1016_1_grm_std_uni,1,6.621608734130859,-6.214175701141357,1
OneHandOreba_1016_1_grm_std_uni,1,6.4055562019348145,-6.15447473526001,1
OneHandOreba_1016_1_grm_std_uni,1,6.205263614654541,-6.158510684967041,1
OneHandOreba_1016_1_grm_std_uni,1,6.270618915557861,-6.263384819030762,1
OneHandOreba_1016_1_grm_std_uni,1,6.030341148376465,-5.909029483795166,1
OneHandOreba_1016_1_grm_std_uni,1,5.47244930267334,-5.549612522125244,1
OneHandOreba_1016_1_grm_std_uni,1,5.353311061859131,-5.7345733642578125,1
OneHandOreba_1016_1_grm_std_uni,1,5.161306381225586,-5.6100263595581055,1
OneHandOreba_1016_1_grm_std_uni,2,5.058359622955322,-5.410516262054443,1
OneHandOreba_1016_1_grm_std_uni,2,4.897665977478027,-5.409767150878906,1
OneHandOreba_1016_1_grm_std_uni,2,4.776566028594971,-5.333583354949951,1
OneHandOreba_1016_1_grm_std_uni,2,4.635509490966797,-5.233057498931885,1
OneHandOreba_1016_1_grm_std_uni,2,4.2482380867004395,-4.951153755187988,1
OneHandOreba_1016_1_grm_std_uni,2,3.703982353210449,-4.428740978240967,1
OneHandOreba_1016_1_grm_std_uni,2,2.7999300956726074,-3.3746652603149414,1
OneHandOreba_1016_1_grm_std_uni,2,-0.4987519085407257,1.5508445501327515,1
OneHandOreba_1016_1_grm_std_uni,2,-2.024061441421509,3.882232904434204,2
OneHandOreba_1016_1_grm_std_uni,2,-0.9133812785148621,2.714980125427246,1
OneHandOreba_1016_1_grm_std_uni,2,0.31524983048439026,0.8387963175773621,1
OneHandOreba_1016_1_grm_std_uni,2,1.1537821292877197,0.00939929112792015,1
OneHandOreba_1016_1_grm_std_uni,2,2.2124640941619873,-1.8690202236175537,1
OneHandOreba_1016_1_grm_std_uni,2,3.4671685695648193,-3.8192310333251953,1
OneHandOreba_1016_1_grm_std_uni,2,5.241358757019043,-5.698453903198242,1
OneHandOreba_1016_1_grm_std_uni,2,5.140687942504883,-5.964993953704834,1
OneHandOreba_1016_1_grm_std_uni,2,4.229767799377441,-5.152396202087402,1
OneHandOreba_1016_1_grm_std_uni,2,3.978895425796509,-5.046184539794922,1
OneHandOreba_1016_1_grm_std_uni,2,4.1601409912109375,-4.798460006713867,1
OneHandOreba_1016_1_grm_std_uni,2,4.084527492523193,-4.359847545623779,1
OneHandOreba_1016_1_grm_std_uni,1,4.72868013381958,-5.400016784667969,1
OneHandOreba_1016_1_grm_std_uni,1,6.100678443908691,-6.757302761077881,1
OneHandOreba_1016_1_grm_std_uni,1,6.800422668457031,-7.756474494934082,1
OneHandOreba_1016_1_grm_std_uni,1,7.1129679679870605,-7.997068405151367,1
OneHandOreba_1016_1_grm_std_uni,1,7.318114757537842,-8.158490180969238,1
OneHandOreba_1016_1_grm_std_uni,1,7.465254306793213,-8.438703536987305,1
OneHandOreba_1016_1_grm_std_uni,1,7.638127326965332,-8.800881385803223,1
OneHandOreba_1016_1_grm_std_uni,1,7.330779075622559,-8.630935668945312,1
OneHandOreba_1016_1_grm_std_uni,1,6.438136577606201,-7.69051456451416,1
OneHandOreba_1016_1_grm_std_uni,1,6.267553806304932,-7.302040100097656,1
OneHandOreba_1016_1_grm_std_uni,1,6.819415092468262,-7.6725029945373535,1
OneHandOreba_1016_1_grm_std_uni,1,6.987107753753662,-7.8680830001831055,1
OneHandOreba_1016_1_grm_std_uni,1,6.622068405151367,-7.490528583526611,1
OneHandOreba_1016_1_grm_std_uni,1,5.8651580810546875,-6.714498996734619,1
OneHandOreba_1016_1_grm_std_uni,1,5.785008907318115,-6.84203577041626,1
OneHandOreba_1016_1_grm_std_uni,1,5.680145263671875,-6.641273021697998,1
OneHandOreba_1016_1_grm_std_uni,1,4.993019104003906,-5.963868618011475,1
OneHandOreba_1016_1_grm_std_uni,1,4.905571937561035,-5.659477710723877,1
OneHandOreba_1016_1_grm_std_uni,1,5.261569023132324,-5.7176079750061035,1
OneHandOreba_1016_1_grm_std_uni,1,6.182361602783203,-6.5051445960998535,1
OneHandOreba_1016_1_grm_std_uni,1,6.449627876281738,-6.673800945281982,1
OneHandOreba_1016_1_grm_std_uni,1,5.910236358642578,-6.45422887802124,1
OneHandOreba_1016_1_grm_std_uni,1,5.853562355041504,-6.483798503875732,1
OneHandOreba_1016_1_grm_std_uni,1,6.328801155090332,-6.963537216186523,1
OneHandOreba_1016_1_grm_std_uni,1,6.095273494720459,-6.654492378234863,1
OneHandOreba_1016_1_grm_std_uni,1,5.62677526473999,-6.343532562255859,1
OneHandOreba_1016_1_grm_std_uni,1,5.320622444152832,-5.969423770904541,1
OneHandOreba_1016_1_grm_std_uni,1,4.931434154510498,-5.378718852996826,1
OneHandOreba_1016_1_grm_std_uni,1,5.1629743576049805,-5.271043300628662,1
OneHandOreba_1016_1_grm_std_uni,1,5.605435371398926,-5.730445384979248,1
OneHandOreba_1016_1_grm_std_uni,1,5.913694381713867,-5.905452728271484,1
OneHandOreba_1016_1_grm_std_uni,1,5.835127353668213,-5.746021747589111,1
OneHandOreba_1016_1_grm_std_uni,1,6.178504943847656,-6.32365083694458,1
OneHandOreba_1016_1_grm_std_uni,1,6.38761043548584,-6.6645073890686035,1
OneHandOreba_1016_1_grm_std_uni,1,6.417561054229736,-6.707607269287109,1
OneHandOreba_1016_1_grm_std_uni,1,6.4623823165893555,-6.929356098175049,1
OneHandOreba_1016_1_grm_std_uni,1,6.581499099731445,-7.244068622589111,1
OneHandOreba_1016_1_grm_std_uni,1,6.417334079742432,-6.974737644195557,1
OneHandOreba_1016_1_grm_std_uni,1,5.200592517852783,-5.945603370666504,1
OneHandOreba_1016_1_grm_std_uni,1,4.468507289886475,-5.389209270477295,1
OneHandOreba_1016_1_grm_std_uni,1,4.8252129554748535,-5.849428176879883,1
OneHandOreba_1016_1_grm_std_uni,1,4.8846588134765625,-5.717443466186523,1
OneHandOreba_1016_1_grm_std_uni,1,4.725632667541504,-5.470348834991455,1
OneHandOreba_1016_1_grm_std_uni,1,4.6186203956604,-5.836548805236816,1
OneHandOreba_1016_1_grm_std_uni,1,4.397232532501221,-5.5992584228515625,1
OneHandOreba_1016_1_grm_std_uni,1,4.751418113708496,-5.551896572113037,1
OneHandOreba_1016_1_grm_std_uni,2,4.859488487243652,-5.556802749633789,1
OneHandOreba_1016_1_grm_std_uni,2,4.815640449523926,-5.555016994476318,1
OneHandOreba_1016_1_grm_std_uni,2,4.587893486022949,-5.356202125549316,1
OneHandOreba_1016_1_grm_std_uni,2,4.029576301574707,-5.024804592132568,1
OneHandOreba_1016_1_grm_std_uni,2,2.5083084106445312,-3.8446602821350098,1
OneHandOreba_1016_1_grm_std_uni,2,1.2571308612823486,-2.432063341140747,1
OneHandOreba_1016_1_grm_std_uni,2,0.7135559320449829,-1.2380242347717285,1
OneHandOreba_1016_1_grm_std_uni,2,1.3444911241531372,-1.0092434883117676,1
OneHandOreba_1016_1_grm_std_uni,2,1.311349868774414,-0.9357303380966187,1
OneHandOreba_1016_1_grm_std_uni,2,1.0348116159439087,-0.29288551211357117,2
OneHandOreba_1016_1_grm_std_uni,2,1.6849247217178345,-0.9453315734863281,1
OneHandOreba_1016_1_grm_std_uni,2,2.538362979888916,-2.154362201690674,1
OneHandOreba_1016_1_grm_std_uni,2,3.8174374103546143,-3.739919662475586,1
OneHandOreba_1016_1_grm_std_uni,2,4.628695487976074,-4.395623207092285,1
OneHandOreba_1016_1_grm_std_uni,2,4.648308753967285,-4.692206859588623,1
OneHandOreba_1016_1_grm_std_uni,2,3.34902024269104,-3.3127896785736084,1
OneHandOreba_1016_1_grm_std_uni,2,2.426281452178955,-2.2241435050964355,1
OneHandOreba_1016_1_grm_std_uni,2,4.144198894500732,-4.265270233154297,1
OneHandOreba_1016_1_grm_std_uni,2,4.890066623687744,-5.251901149749756,1
OneHandOreba_1016_1_grm_std_uni,2,4.99963903427124,-5.586598873138428,1
OneHandOreba_1016_1_grm_std_uni,1,4.9126458168029785,-5.567484378814697,1
OneHandOreba_1016_1_grm_std_uni,1,4.840930461883545,-5.557117938995361,1
OneHandOreba_1016_1_grm_std_uni,1,4.738252639770508,-5.476243019104004,1
OneHandOreba_1016_1_grm_std_uni,1,4.421938419342041,-5.088755130767822,1
OneHandOreba_1016_1_grm_std_uni,1,4.113046646118164,-4.4890828132629395,1
OneHandOreba_1016_1_grm_std_uni,1,3.959070920944214,-4.0037360191345215,1
OneHandOreba_1016_1_grm_std_uni,1,4.561548709869385,-4.830780982971191,1
OneHandOreba_1016_1_grm_std_uni,1,4.9391045570373535,-5.538109302520752,1
OneHandOreba_1016_1_grm_std_uni,1,4.933507919311523,-5.752303123474121,1
OneHandOreba_1016_1_grm_std_uni,1,4.810395240783691,-5.6755452156066895,1
OneHandOreba_1016_1_grm_std_uni,1,4.75071382522583,-5.5294904708862305,1
OneHandOreba_1016_1_grm_std_uni,1,4.747140407562256,-5.435853004455566,1
OneHandOreba_1016_1_grm_std_uni,1,4.8942646980285645,-5.554068088531494,1
OneHandOreba_1016_1_grm_std_uni,1,4.875224590301514,-5.474298000335693,1
OneHandOreba_1016_1_grm_std_uni,1,4.955312252044678,-5.5426177978515625,1
OneHandOreba_1016_1_grm_std_uni,1,4.888819217681885,-5.451074123382568,1
OneHandOreba_1016_1_grm_std_uni,1,4.405400276184082,-4.796830177307129,1
OneHandOreba_1016_1_grm_std_uni,1,3.4710919857025146,-3.5461385250091553,1
OneHandOreba_1016_1_grm_std_uni,1,3.4584507942199707,-3.4188177585601807,1
OneHandOreba_1016_1_grm_std_uni,1,4.492554664611816,-4.2257914543151855,1
OneHandOreba_1016_1_grm_std_uni,1,4.890206813812256,-4.504185199737549,1
OneHandOreba_1016_1_grm_std_uni,1,3.9284250736236572,-3.715808391571045,1
OneHandOreba_1016_1_grm_std_uni,1,4.385917663574219,-4.389835357666016,1
OneHandOreba_1016_1_grm_std_uni,1,5.017119884490967,-5.236869812011719,1
OneHandOreba_1016_1_grm_std_uni,1,4.81946325302124,-5.127254962921143,1
OneHandOreba_1016_1_grm_std_uni,1,4.15732479095459,-4.163334846496582,1
OneHandOreba_1016_1_grm_std_uni,1,3.3711023330688477,-3.0138285160064697,1
OneHandOreba_1016_1_grm_std_uni,1,3.600128173828125,-2.9822497367858887,1
OneHandOreba_1016_1_grm_std_uni,1,4.138797760009766,-3.8540937900543213,1
OneHandOreba_1016_1_grm_std_uni,1,4.203275203704834,-4.286804676055908,1
OneHandOreba_1016_1_grm_std_uni,1,4.297198295593262,-4.642078399658203,1
OneHandOreba_1016_1_grm_std_uni,1,3.9780502319335938,-3.794006586074829,1
OneHandOreba_1016_1_grm_std_uni,1,4.664459705352783,-4.0966010093688965,1
OneHandOreba_1016_1_grm_std_uni,1,5.694722652435303,-5.225091457366943,1
OneHandOreba_1016_1_grm_std_uni,1,6.309179306030273,-6.159185886383057,1
OneHandOreba_1016_1_grm_std_uni,1,6.380423545837402,-6.23584508895874,1
OneHandOreba_1016_1_grm_std_uni,1,6.088686466217041,-5.688183784484863,1
OneHandOreba_1016_1_grm_std_uni,1,6.148098468780518,-5.681178569793701,1
OneHandOreba_1016_1_grm_std_uni,1,6.017642974853516,-5.384317398071289,1
OneHandOreba_1016_1_grm_std_uni,1,5.829327583312988,-4.779425621032715,1
OneHandOreba_1016_1_grm_std_uni,1,5.8902716636657715,-5.411393642425537,1
OneHandOreba_1016_1_grm_std_uni,1,6.13008451461792,-5.794870376586914,1
OneHandOreba_1016_1_grm_std_uni,1,5.919894218444824,-4.9805989265441895,1
OneHandOreba_1016_1_grm_std_uni,1,6.1482744216918945,-5.370448589324951,1
OneHandOreba_1016_1_grm_std_uni,1,5.841853618621826,-5.0787672996521,1
OneHandOreba_1016_1_grm_std_uni,1,5.544727802276611,-4.66521692276001,1
OneHandOreba_1016_1_grm_std_uni,1,5.97003698348999,-5.414999485015869,1
OneHandOreba_1016_1_grm_std_uni,1,5.849086761474609,-5.160015106201172,1
OneHandOreba_1016_1_grm_std_uni,1,5.480152130126953,-4.805427551269531,1
OneHandOreba_1016_1_grm_std_uni,1,5.686092376708984,-5.255993366241455,1
OneHandOreba_1016_1_grm_std_uni,1,6.304546356201172,-6.05708646774292,1
OneHandOreba_1016_1_grm_std_uni,1,7.01323938369751,-6.887662887573242,1
OneHandOreba_1016_1_grm_std_uni,1,7.175919055938721,-7.218910217285156,1
OneHandOreba_1016_1_grm_std_uni,1,6.7984771728515625,-6.827873229980469,1
OneHandOreba_1016_1_grm_std_uni,1,6.4362263679504395,-6.498152732849121,1
OneHandOreba_1016_1_grm_std_uni,1,6.297379016876221,-6.227858066558838,1
OneHandOreba_1016_1_grm_std_uni,1,6.536573886871338,-6.267276287078857,1
OneHandOreba_1016_1_grm_std_uni,1,6.231724262237549,-6.292450904846191,1
OneHandOreba_1016_1_grm_std_uni,1,5.551098346710205,-6.162001132965088,1
OneHandOreba_1016_1_grm_std_uni,2,5.055150985717773,-5.569483757019043,1
OneHandOreba_1016_1_grm_std_uni,2,5.177845001220703,-5.6557745933532715,1
OneHandOreba_1016_1_grm_std_uni,2,5.264257907867432,-5.7186055183410645,1
OneHandOreba_1016_1_grm_std_uni,2,5.127988815307617,-5.80893611907959,1
OneHandOreba_1016_1_grm_std_uni,2,4.59282112121582,-5.586153507232666,1
OneHandOreba_1016_1_grm_std_uni,2,3.549051523208618,-4.535309791564941,1
OneHandOreba_1016_1_grm_std_uni,2,1.824222207069397,-2.7513511180877686,1
OneHandOreba_1016_1_grm_std_uni,2,0.9136624336242676,-2.004753828048706,1
OneHandOreba_1016_1_grm_std_uni,2,0.45764198899269104,-1.486953616142273,1
OneHandOreba_1016_1_grm_std_uni,2,-0.013647839426994324,-1.0578515529632568,2
OneHandOreba_1016_1_grm_std_uni,2,0.2671281695365906,-0.5252703428268433,1
OneHandOreba_1016_1_grm_std_uni,2,0.924506664276123,-0.6016953587532043,1
OneHandOreba_1016_1_grm_std_uni,2,1.0944900512695312,-0.7131708264350891,1
OneHandOreba_1016_1_grm_std_uni,2,1.3944790363311768,-1.2164828777313232,1
OneHandOreba_1016_1_grm_std_uni,2,1.9254261255264282,-1.9677410125732422,1
OneHandOreba_1016_1_grm_std_uni,2,2.6985692977905273,-3.1020045280456543,1
OneHandOreba_1016_1_grm_std_uni,2,3.0484719276428223,-3.1257927417755127,1
OneHandOreba_1016_1_grm_std_uni,2,3.3073291778564453,-3.402296543121338,1
OneHandOreba_1016_1_grm_std_uni,2,3.833010196685791,-3.694545269012451,1
OneHandOreba_1016_1_grm_std_uni,2,4.270512580871582,-4.281177043914795,1
OneHandOreba_1016_1_grm_std_uni,2,3.9258780479431152,-3.841951608657837,1
OneHandOreba_1016_1_grm_std_uni,2,4.313725471496582,-4.371700286865234,1
OneHandOreba_1016_1_grm_std_uni,2,5.568965435028076,-5.411060333251953,1
OneHandOreba_1016_1_grm_std_uni,2,6.126898288726807,-6.1230268478393555,1
OneHandOreba_1016_1_grm_std_uni,2,6.526910781860352,-6.723203182220459,1
OneHandOreba_1016_1_grm_std_uni,1,6.464937210083008,-7.008758544921875,1
OneHandOreba_1016_1_grm_std_uni,1,6.585006237030029,-7.2932353019714355,1
OneHandOreba_1016_1_grm_std_uni,1,6.717215538024902,-7.147218227386475,1
OneHandOreba_1016_1_grm_std_uni,1,6.525838851928711,-6.579894542694092,1
OneHandOreba_1016_1_grm_std_uni,1,6.038886547088623,-5.685728549957275,1
OneHandOreba_1016_1_grm_std_uni,1,6.110848426818848,-5.971466541290283,1
OneHandOreba_1016_1_grm_std_uni,1,6.362485885620117,-6.278615474700928,1
OneHandOreba_1016_1_grm_std_uni,1,6.326877117156982,-6.437368869781494,1
OneHandOreba_1016_1_grm_std_uni,1,5.662356376647949,-5.889369010925293,1
OneHandOreba_1016_1_grm_std_uni,1,4.881920337677002,-4.9244489669799805,1
OneHandOreba_1016_1_grm_std_uni,1,2.93630051612854,-2.6433157920837402,1
OneHandOreba_1016_1_grm_std_uni,1,2.3022620677948,-1.9353203773498535,1
OneHandOreba_1016_1_grm_std_uni,1,4.22247838973999,-4.533668518066406,1
OneHandOreba_1016_1_grm_std_uni,1,4.708105087280273,-5.465035438537598,1
OneHandOreba_1016_1_grm_std_uni,1,4.625377655029297,-5.331270217895508,1
OneHandOreba_1016_1_grm_std_uni,1,4.392604351043701,-5.013429164886475,1
OneHandOreba_1016_1_grm_std_uni,1,4.27817440032959,-4.8726701736450195,1
OneHandOreba_1016_1_grm_std_uni,1,4.2509589195251465,-4.851101398468018,1
OneHandOreba_1016_1_grm_std_uni,1,4.270084857940674,-4.923668384552002,1
OneHandOreba_1016_1_grm_std_uni,1,4.251174449920654,-4.897858619689941,1
OneHandOreba_1016_1_grm_std_uni,1,4.3328962326049805,-5.016193866729736,1
OneHandOreba_1016_1_grm_std_uni,1,4.392706394195557,-5.0703654289245605,1
OneHandOreba_1016_1_grm_std_uni,1,4.344508171081543,-4.9241838455200195,1
OneHandOreba_1016_1_grm_std_uni,1,4.533071517944336,-5.167974472045898,1
OneHandOreba_1016_1_grm_std_uni,1,4.622893333435059,-5.227981090545654,1
OneHandOreba_1016_1_grm_std_uni,1,4.587014198303223,-5.09676456451416,1
OneHandOreba_1016_1_grm_std_uni,1,4.34448766708374,-4.7049336433410645,1
OneHandOreba_1016_1_grm_std_uni,1,4.384334087371826,-4.674582481384277,1
OneHandOreba_1016_1_grm_std_uni,1,4.8477606773376465,-5.0737152099609375,1
OneHandOreba_1016_1_grm_std_uni,1,4.702659606933594,-4.920828819274902,1
OneHandOreba_1016_1_grm_std_uni,1,4.8518147468566895,-5.172101974487305,1
OneHandOreba_1016_1_grm_std_uni,1,5.324321269989014,-5.345487117767334,1
OneHandOreba_1016_1_grm_std_uni,1,6.0329084396362305,-5.878721714019775,1
OneHandOreba_1016_1_grm_std_uni,1,6.557320594787598,-6.193089008331299,1
OneHandOreba_1016_1_grm_std_uni,1,6.323716163635254,-5.862320423126221,1
OneHandOreba_1016_1_grm_std_uni,1,6.18558406829834,-5.546781063079834,1
OneHandOreba_1016_1_grm_std_uni,1,6.268513202667236,-5.766439914703369,1
OneHandOreba_1016_1_grm_std_uni,1,5.888260841369629,-5.246249675750732,1
OneHandOreba_1016_1_grm_std_uni,1,5.743326187133789,-5.052457332611084,1
OneHandOreba_1016_1_grm_std_uni,1,6.2644944190979,-5.869050025939941,1
OneHandOreba_1016_1_grm_std_uni,1,5.932398796081543,-5.346045970916748,1
OneHandOreba_1016_1_grm_std_uni,1,4.120711803436279,-3.286896228790283,1
OneHandOreba_1016_1_grm_std_uni,1,4.676255702972412,-4.388575553894043,1
OneHandOreba_1016_1_grm_std_uni,1,4.8644866943359375,-4.8500471115112305,1
OneHandOreba_1016_1_grm_std_uni,1,5.27850341796875,-5.503358840942383,1
OneHandOreba_1016_1_grm_std_uni,1,5.392360210418701,-5.609087944030762,1
OneHandOreba_1016_1_grm_std_uni,1,4.838923454284668,-5.028074741363525,1
OneHandOreba_1016_1_grm_std_uni,1,2.827219009399414,-2.819152593612671,1
OneHandOreba_1016_1_grm_std_uni,1,2.5060203075408936,-2.075031042098999,1
OneHandOreba_1016_1_grm_std_uni,1,4.75618314743042,-4.517978668212891,1
OneHandOreba_1016_1_grm_std_uni,1,5.349396228790283,-5.202613830566406,1
OneHandOreba_1016_1_grm_std_uni,1,5.432515621185303,-5.38834810256958,1
OneHandOreba_1016_1_grm_std_uni,1,5.283508777618408,-5.246476173400879,1
OneHandOreba_1016_1_grm_std_uni,1,5.075801849365234,-5.121683120727539,1
OneHandOreba_1016_1_grm_std_uni,1,4.7562479972839355,-4.565163612365723,1
OneHandOreba_1016_1_grm_std_uni,1,5.662545204162598,-4.985654354095459,1
OneHandOreba_1016_1_grm_std_uni,1,5.457510471343994,-5.041988372802734,1
OneHandOreba_1016_1_grm_std_uni,1,5.447473526000977,-4.82258415222168,1
OneHandOreba_1016_1_grm_std_uni,1,5.182236671447754,-4.688821315765381,1
OneHandOreba_1016_1_grm_std_uni,1,4.754424095153809,-4.279494285583496,1
OneHandOreba_1016_1_grm_std_uni,1,4.993404865264893,-4.639186382293701,1
OneHandOreba_1016_1_grm_std_uni,1,5.686479091644287,-5.255246639251709,1
OneHandOreba_1016_1_grm_std_uni,1,5.9712138175964355,-5.3995208740234375,1
OneHandOreba_1016_1_grm_std_uni,1,6.402001857757568,-6.246491432189941,1
OneHandOreba_1016_1_grm_std_uni,1,6.842552185058594,-7.005446434020996,1
OneHandOreba_1016_1_grm_std_uni,1,6.835429668426514,-6.325254917144775,1
OneHandOreba_1016_1_grm_std_uni,1,6.739783763885498,-6.421614646911621,1
OneHandOreba_1016_1_grm_std_uni,1,6.800256252288818,-6.580042839050293,1
OneHandOreba_1016_1_grm_std_uni,1,6.253473281860352,-5.928971767425537,1
OneHandOreba_1016_1_grm_std_uni,1,6.713376522064209,-6.950630187988281,1
OneHandOreba_1016_1_grm_std_uni,1,6.7872209548950195,-6.721711158752441,1
OneHandOreba_1016_1_grm_std_uni,1,5.633635997772217,-5.219769477844238,1
OneHandOreba_1016_1_grm_std_uni,1,6.217713356018066,-6.206803798675537,1
OneHandOreba_1016_1_grm_std_uni,1,6.2099785804748535,-5.6991496086120605,1
OneHandOreba_1016_1_grm_std_uni,1,5.898261070251465,-5.458035945892334,1
OneHandOreba_1016_1_grm_std_uni,1,6.150241374969482,-5.8872151374816895,1
OneHandOreba_1016_1_grm_std_uni,1,5.704390525817871,-5.003863334655762,1
OneHandOreba_1016_1_grm_std_uni,1,5.678061485290527,-5.205446243286133,1
OneHandOreba_1016_1_grm_std_uni,1,5.898195266723633,-5.5447516441345215,1
OneHandOreba_1016_1_grm_std_uni,1,6.292476654052734,-6.074046611785889,1
OneHandOreba_1016_1_grm_std_uni,1,6.868004322052002,-6.760926246643066,1
OneHandOreba_1016_1_grm_std_uni,1,6.801287651062012,-7.037516117095947,1
OneHandOreba_1016_1_grm_std_uni,2,6.840418338775635,-7.1908464431762695,1
OneHandOreba_1016_1_grm_std_uni,2,6.480599403381348,-6.890311241149902,1
OneHandOreba_1016_1_grm_std_uni,2,5.2116546630859375,-5.521980285644531,1
OneHandOreba_1016_1_grm_std_uni,2,5.387956619262695,-5.905157566070557,1
OneHandOreba_1016_1_grm_std_uni,2,4.519543170928955,-5.570611000061035,1
OneHandOreba_1016_1_grm_std_uni,2,2.174029588699341,-3.196831226348877,1
OneHandOreba_1016_1_grm_std_uni,2,-1.344102144241333,1.5540472269058228,1
OneHandOreba_1016_1_grm_std_uni,2,-1.486569881439209,3.178905963897705,2
OneHandOreba_1016_1_grm_std_uni,2,0.5368973016738892,0.47456473112106323,1
OneHandOreba_1016_1_grm_std_uni,2,2.991525888442993,-2.4596643447875977,1
OneHandOreba_1016_1_grm_std_uni,2,3.9074032306671143,-3.9787700176239014,1
OneHandOreba_1016_1_grm_std_uni,2,4.670170307159424,-4.56960916519165,1
OneHandOreba_1016_1_grm_std_uni,2,5.109298229217529,-5.200504302978516,1
OneHandOreba_1016_1_grm_std_uni,2,5.170285701751709,-5.587981700897217,1
OneHandOreba_1016_1_grm_std_uni,2,5.995527267456055,-6.365371227264404,1
OneHandOreba_1016_1_grm_std_uni,2,6.526944160461426,-6.806260108947754,1
OneHandOreba_1016_1_grm_std_uni,2,6.925219535827637,-7.012100696563721,1
OneHandOreba_1016_1_grm_std_uni,1,6.965167045593262,-7.582762718200684,1
OneHandOreba_1016_1_grm_std_uni,1,7.018251419067383,-7.761228084564209,1
OneHandOreba_1016_1_grm_std_uni,1,7.097530364990234,-7.872694969177246,1
OneHandOreba_1016_1_grm_std_uni,1,7.1024956703186035,-7.777790069580078,1
OneHandOreba_1016_1_grm_std_uni,1,7.174615383148193,-7.631216049194336,1
OneHandOreba_1016_1_grm_std_uni,1,7.255550861358643,-7.5367231369018555,1
OneHandOreba_1016_1_grm_std_uni,1,7.816773891448975,-8.384729385375977,1
OneHandOreba_1016_1_grm_std_uni,1,7.746152877807617,-7.933078289031982,1
OneHandOreba_1016_1_grm_std_uni,1,7.256841659545898,-7.788236141204834,1
OneHandOreba_1016_1_grm_std_uni,1,7.288146495819092,-7.921284198760986,1
OneHandOreba_1016_1_grm_std_uni,1,7.106493949890137,-7.689932346343994,1
OneHandOreba_1016_1_grm_std_uni,1,5.987954616546631,-6.7401251792907715,1
OneHandOreba_1016_1_grm_std_uni,1,4.858503341674805,-6.02839994430542,1
OneHandOreba_1016_1_grm_std_uni,1,4.885339736938477,-6.086288928985596,1
OneHandOreba_1016_1_grm_std_uni,1,5.5474700927734375,-6.382530689239502,1
OneHandOreba_1016_1_grm_std_uni,1,5.975467681884766,-6.474114418029785,1
OneHandOreba_1016_1_grm_std_uni,1,6.317349433898926,-6.541573524475098,1
OneHandOreba_1016_1_grm_std_uni,1,6.288166522979736,-6.328845977783203,1
OneHandOreba_1016_1_grm_std_uni,2,5.613671779632568,-6.133094310760498,1
OneHandOreba_1016_1_grm_std_uni,2,5.211355686187744,-5.781522274017334,1
OneHandOreba_1016_1_grm_std_uni,2,5.61652946472168,-6.091391563415527,1
OneHandOreba_1016_1_grm_std_uni,2,6.113143444061279,-6.58142614364624,1
OneHandOreba_1016_1_grm_std_uni,2,4.950237274169922,-5.468616008758545,1
OneHandOreba_1016_1_grm_std_uni,2,2.061392068862915,-2.482248067855835,1
OneHandOreba_1016_1_grm_std_uni,2,0.6959630250930786,-0.29398810863494873,1
OneHandOreba_1016_1_grm_std_uni,2,0.655044436454773,-0.023905185982584953,1
OneHandOreba_1016_1_grm_std_uni,2,2.3841915130615234,-1.730952501296997,1
OneHandOreba_1016_1_grm_std_uni,2,3.41292142868042,-3.306553602218628,1
OneHandOreba_1016_1_grm_std_uni,2,4.1680426597595215,-4.1141839027404785,1
OneHandOreba_1016_1_grm_std_uni,2,4.826533794403076,-4.86332893371582,1
OneHandOreba_1016_1_grm_std_uni,2,5.093557357788086,-5.377772808074951,1
OneHandOreba_1016_1_grm_std_uni,2,5.996356010437012,-6.097740173339844,1
OneHandOreba_1016_1_grm_std_uni,2,6.156405925750732,-6.143991470336914,1
OneHandOreba_1016_1_grm_std_uni,2,5.904561996459961,-5.784282207489014,1
OneHandOreba_1016_1_grm_std_uni,2,6.451658725738525,-6.060084819793701,1
OneHandOreba_1016_1_grm_std_uni,1,6.722093105316162,-6.5186567306518555,1
OneHandOreba_1016_1_grm_std_uni,1,6.486599922180176,-6.325113773345947,1
OneHandOreba_1016_1_grm_std_uni,2,6.256030559539795,-6.125226020812988,1
OneHandOreba_1016_1_grm_std_uni,2,6.354972839355469,-6.48590087890625,1
OneHandOreba_1016_1_grm_std_uni,2,6.629212856292725,-6.942316055297852,1
OneHandOreba_1016_1_grm_std_uni,2,6.507821083068848,-6.804691791534424,1
OneHandOreba_1016_1_grm_std_uni,2,6.116416931152344,-6.580638885498047,1
OneHandOreba_1016_1_grm_std_uni,2,5.906383991241455,-6.393060207366943,1
OneHandOreba_1016_1_grm_std_uni,2,5.955330848693848,-6.3630051612854,1
OneHandOreba_1016_1_grm_std_uni,2,6.0127434730529785,-6.445180892944336,1
OneHandOreba_1016_1_grm_std_uni,2,5.564257621765137,-6.1584153175354,1
OneHandOreba_1016_1_grm_std_uni,2,3.2480084896087646,-3.379215717315674,1
OneHandOreba_1016_1_grm_std_uni,2,2.7031922340393066,-1.9118088483810425,1
OneHandOreba_1016_1_grm_std_uni,2,1.7520928382873535,-0.7774184346199036,1
OneHandOreba_1016_1_grm_std_uni,2,2.408982038497925,-1.9932371377944946,1
OneHandOreba_1016_1_grm_std_uni,2,3.6251893043518066,-4.221285343170166,1
OneHandOreba_1016_1_grm_std_uni,2,4.212131023406982,-5.097496509552002,1
OneHandOreba_1016_1_grm_std_uni,2,5.062554359436035,-5.9346022605896,1
OneHandOreba_1016_1_grm_std_uni,2,5.350207328796387,-6.376547336578369,1
OneHandOreba_1016_1_grm_std_uni,1,5.500010013580322,-6.649535655975342,1
OneHandOreba_1016_1_grm_std_uni,1,6.350043773651123,-7.490408897399902,1
OneHandOreba_1016_1_grm_std_uni,1,6.88169527053833,-7.863607883453369,1
OneHandOreba_1016_1_grm_std_uni,1,7.161497592926025,-8.224745750427246,1
OneHandOreba_1016_1_grm_std_uni,1,7.074492454528809,-8.369843482971191,1
OneHandOreba_1016_1_grm_std_uni,1,6.92333459854126,-8.353681564331055,1
OneHandOreba_1016_1_grm_std_uni,1,6.951776027679443,-7.866316318511963,1
OneHandOreba_1016_1_grm_std_uni,1,6.941918849945068,-7.459934234619141,1
OneHandOreba_1016_1_grm_std_uni,1,6.887187957763672,-7.228392601013184,1
OneHandOreba_1016_1_grm_std_uni,1,6.725796222686768,-7.114261627197266,1
OneHandOreba_1016_1_grm_std_uni,1,6.611472129821777,-7.172534465789795,1
OneHandOreba_1016_1_grm_std_uni,1,6.428337097167969,-7.347306251525879,1
OneHandOreba_1016_1_grm_std_uni,1,6.3769049644470215,-6.804959774017334,1
OneHandOreba_1016_1_grm_std_uni,1,5.480668067932129,-5.504654884338379,1
OneHandOreba_1016_1_grm_std_uni,1,4.467658996582031,-3.9910426139831543,1
OneHandOreba_1016_1_grm_std_uni,1,4.878536224365234,-4.695587635040283,1
OneHandOreba_1016_1_grm_std_uni,1,5.547907829284668,-5.508199214935303,1
OneHandOreba_1016_1_grm_std_uni,1,5.994194030761719,-5.768815994262695,1
OneHandOreba_1016_1_grm_std_uni,1,6.091456890106201,-5.75724458694458,1
OneHandOreba_1016_1_grm_std_uni,1,5.601283550262451,-5.334120750427246,1
OneHandOreba_1016_1_grm_std_uni,1,5.8497161865234375,-6.177175045013428,1
OneHandOreba_1016_1_grm_std_uni,1,6.220765113830566,-7.028768062591553,1
OneHandOreba_1016_1_grm_std_uni,1,6.240757942199707,-7.5162353515625,1
OneHandOreba_1016_1_grm_std_uni,1,6.103456497192383,-7.279098033905029,1
OneHandOreba_1016_1_grm_std_uni,1,5.877627372741699,-7.100514888763428,1
OneHandOreba_1016_1_grm_std_uni,1,4.65386438369751,-5.71055269241333,1
OneHandOreba_1016_1_grm_std_uni,1,4.142179489135742,-5.106581687927246,1
OneHandOreba_1016_1_grm_std_uni,1,4.025625228881836,-5.294907569885254,1
OneHandOreba_1016_1_grm_std_uni,1,4.140613079071045,-5.7510833740234375,1
OneHandOreba_1016_1_grm_std_uni,1,4.1739325523376465,-5.789047718048096,1
OneHandOreba_1016_1_grm_std_uni,1,3.987427234649658,-5.519077777862549,1
OneHandOreba_1016_1_grm_std_uni,1,4.769521236419678,-6.594933986663818,1
OneHandOreba_1016_1_grm_std_uni,1,5.0305399894714355,-6.766615867614746,1
OneHandOreba_1016_1_grm_std_uni,1,4.336539268493652,-6.063290596008301,1
OneHandOreba_1016_1_grm_std_uni,1,3.9515037536621094,-5.5947089195251465,1
OneHandOreba_1016_1_grm_std_uni,1,3.7293314933776855,-5.21583366394043,1
OneHandOreba_1016_1_grm_std_uni,1,3.47963285446167,-4.839925289154053,1
OneHandOreba_1016_1_grm_std_uni,1,3.0049192905426025,-4.403403282165527,1
OneHandOreba_1016_1_grm_std_uni,1,3.704597234725952,-4.722300052642822,1
OneHandOreba_1016_1_grm_std_uni,1,3.64156436920166,-4.275728702545166,1
OneHandOreba_1016_1_grm_std_uni,1,3.2364213466644287,-3.7212347984313965,1
OneHandOreba_1016_1_grm_std_uni,1,2.9878249168395996,-3.3099365234375,1
OneHandOreba_1016_1_grm_std_uni,1,3.8782336711883545,-4.513226509094238,1
OneHandOreba_1016_1_grm_std_uni,1,3.6556782722473145,-4.508715629577637,1
OneHandOreba_1016_1_grm_std_uni,1,4.255802631378174,-4.941900253295898,1
OneHandOreba_1016_1_grm_std_uni,1,4.184103012084961,-4.8327412605285645,1
OneHandOreba_1016_1_grm_std_uni,1,4.490543842315674,-5.253234386444092,1
OneHandOreba_1016_1_grm_std_uni,1,5.002854347229004,-5.836637496948242,1
OneHandOreba_1016_1_grm_std_uni,1,5.0537590980529785,-5.5368571281433105,1
OneHandOreba_1016_1_grm_std_uni,1,5.170549392700195,-5.3655829429626465,1
OneHandOreba_1016_1_grm_std_uni,1,5.719110488891602,-5.881219387054443,1
OneHandOreba_1016_1_grm_std_uni,1,5.2615509033203125,-6.001755237579346,1
OneHandOreba_1016_1_grm_std_uni,1,4.826923370361328,-5.307801723480225,1
OneHandOreba_1016_1_grm_std_uni,1,3.6316165924072266,-4.209625720977783,1
OneHandOreba_1016_1_grm_std_uni,1,3.297858238220215,-4.105180263519287,1
OneHandOreba_1016_1_grm_std_uni,1,2.411842107772827,-3.497673273086548,1
OneHandOreba_1016_1_grm_std_uni,1,2.704056739807129,-3.3230783939361572,1
OneHandOreba_1016_1_grm_std_uni,1,3.6902458667755127,-4.2633867263793945,1
OneHandOreba_1016_1_grm_std_uni,1,3.7875630855560303,-4.604968547821045,1
OneHandOreba_1016_1_grm_std_uni,1,3.850405693054199,-4.840572357177734,1
OneHandOreba_1016_1_grm_std_uni,1,4.531364440917969,-4.967124938964844,1
OneHandOreba_1016_1_grm_std_uni,1,5.021382808685303,-5.596412181854248,1
OneHandOreba_1016_1_grm_std_uni,1,5.366204261779785,-6.08793306350708,1
OneHandOreba_1016_1_grm_std_uni,1,5.829870223999023,-6.801608085632324,1
OneHandOreba_1016_1_grm_std_uni,1,6.410166263580322,-7.20081901550293,1
OneHandOreba_1016_1_grm_std_uni,1,6.604723930358887,-7.03483247756958,1
OneHandOreba_1016_1_grm_std_uni,1,6.598412990570068,-6.424100875854492,1
OneHandOreba_1016_1_grm_std_uni,1,6.426198482513428,-6.309083938598633,1
OneHandOreba_1016_1_grm_std_uni,1,5.821783065795898,-5.5981903076171875,1
OneHandOreba_1016_1_grm_std_uni,1,5.175561904907227,-4.392866611480713,1
OneHandOreba_1016_1_grm_std_uni,1,4.929505825042725,-4.051922798156738,1
OneHandOreba_1016_1_grm_std_uni,1,4.847470283508301,-4.420808792114258,1
OneHandOreba_1016_1_grm_std_uni,1,4.948207378387451,-4.601433277130127,1
OneHandOreba_1016_1_grm_std_uni,1,4.984154224395752,-4.7472758293151855,1
OneHandOreba_1016_1_grm_std_uni,1,5.484548568725586,-4.978407382965088,1
OneHandOreba_1016_1_grm_std_uni,1,5.11923885345459,-4.685637474060059,1
OneHandOreba_1016_1_grm_std_uni,1,4.864358425140381,-4.484832763671875,1
OneHandOreba_1016_1_grm_std_uni,1,4.957187652587891,-4.440464973449707,1
OneHandOreba_1016_1_grm_std_uni,1,4.929297924041748,-4.186812877655029,1
OneHandOreba_1016_1_grm_std_uni,1,4.698692798614502,-4.073251247406006,1
OneHandOreba_1016_1_grm_std_uni,1,3.2725236415863037,-2.7608096599578857,1
OneHandOreba_1016_1_grm_std_uni,1,2.648094415664673,-2.5530474185943604,1
OneHandOreba_1016_1_grm_std_uni,1,3.7881953716278076,-4.014986038208008,1
OneHandOreba_1016_1_grm_std_uni,1,5.233814239501953,-5.776828289031982,1
OneHandOreba_1016_1_grm_std_uni,1,6.045505046844482,-6.855524063110352,1
OneHandOreba_1016_1_grm_std_uni,1,6.454423904418945,-7.071105003356934,1
OneHandOreba_1016_1_grm_std_uni,1,5.656265735626221,-5.96364164352417,1
OneHandOreba_1016_1_grm_std_uni,1,5.2663893699646,-5.5725202560424805,1
OneHandOreba_1016_1_grm_std_uni,1,5.626483917236328,-6.119441509246826,1
OneHandOreba_1016_1_grm_std_uni,1,6.81968355178833,-6.977236270904541,1
OneHandOreba_1016_1_grm_std_uni,1,7.039554595947266,-7.275690078735352,1
OneHandOreba_1016_1_grm_std_uni,1,6.923233509063721,-6.776642799377441,1
OneHandOreba_1016_1_grm_std_uni,1,6.788377285003662,-6.181015491485596,1
OneHandOreba_1016_1_grm_std_uni,1,6.5679707527160645,-6.151738166809082,1
OneHandOreba_1016_1_grm_std_uni,1,6.367412567138672,-6.035223960876465,1
OneHandOreba_1016_1_grm_std_uni,1,6.215484142303467,-5.723340034484863,1
OneHandOreba_1016_1_grm_std_uni,1,6.019356727600098,-5.274560928344727,1
OneHandOreba_1016_1_grm_std_uni,1,6.040637969970703,-5.44999361038208,1
OneHandOreba_1016_1_grm_std_uni,1,6.186593055725098,-5.2093119621276855,1
OneHandOreba_1016_1_grm_std_uni,1,6.025458812713623,-5.127518653869629,1
OneHandOreba_1016_1_grm_std_uni,1,5.576951503753662,-4.711062908172607,1
OneHandOreba_1016_1_grm_std_uni,1,5.461628437042236,-4.8557939529418945,1
OneHandOreba_1016_1_grm_std_uni,1,5.374382972717285,-4.7312726974487305,1
OneHandOreba_1016_1_grm_std_uni,1,5.09218168258667,-4.693381309509277,1
OneHandOreba_1016_1_grm_std_uni,1,4.9396820068359375,-4.6222243309021,1
OneHandOreba_1016_1_grm_std_uni,1,4.8473381996154785,-4.499171257019043,1
OneHandOreba_1016_1_grm_std_uni,1,4.771041393280029,-4.495215892791748,1
OneHandOreba_1016_1_grm_std_uni,1,5.431962966918945,-4.841113567352295,1
OneHandOreba_1016_1_grm_std_uni,1,6.068580150604248,-5.806824684143066,1
OneHandOreba_1016_1_grm_std_uni,1,6.501666069030762,-6.3970746994018555,1
OneHandOreba_1016_1_grm_std_uni,1,6.375087738037109,-6.226809501647949,1
OneHandOreba_1016_1_grm_std_uni,1,6.347165584564209,-6.3815531730651855,1
OneHandOreba_1016_1_grm_std_uni,1,5.708938121795654,-5.366832256317139,1
OneHandOreba_1016_1_grm_std_uni,1,4.189148426055908,-4.133538246154785,1
OneHandOreba_1016_1_grm_std_uni,1,4.064929008483887,-4.504050254821777,1
OneHandOreba_1016_1_grm_std_uni,1,4.415710926055908,-4.934198379516602,1
OneHandOreba_1016_1_grm_std_uni,1,4.549881458282471,-4.875010013580322,1
OneHandOreba_1016_1_grm_std_uni,1,5.017881393432617,-5.372842788696289,1
OneHandOreba_1016_1_grm_std_uni,1,5.972228050231934,-6.086668491363525,1
OneHandOreba_1016_1_grm_std_uni,1,6.20115852355957,-6.259462356567383,1
OneHandOreba_1016_1_grm_std_uni,1,6.236873149871826,-6.284951686859131,1
OneHandOreba_1016_1_grm_std_uni,1,6.447049617767334,-5.961394786834717,1
OneHandOreba_1016_1_grm_std_uni,1,6.312417507171631,-6.148062229156494,1
OneHandOreba_1016_1_grm_std_uni,1,5.466833591461182,-5.303712368011475,1
OneHandOreba_1016_1_grm_std_uni,1,5.766978740692139,-5.334165096282959,1
OneHandOreba_1016_1_grm_std_uni,1,5.7675018310546875,-5.278958797454834,1
OneHandOreba_1016_1_grm_std_uni,1,6.295709609985352,-5.991814136505127,1
OneHandOreba_1016_1_grm_std_uni,1,6.386002063751221,-6.306119918823242,1
OneHandOreba_1016_1_grm_std_uni,1,5.661070346832275,-5.349200248718262,1
OneHandOreba_1016_1_grm_std_uni,1,5.117852687835693,-4.90670108795166,1
OneHandOreba_1016_1_grm_std_uni,1,5.080168724060059,-4.8709492683410645,1
OneHandOreba_1016_1_grm_std_uni,1,4.827583312988281,-4.634008407592773,1
OneHandOreba_1016_1_grm_std_uni,1,4.13316535949707,-4.145693302154541,1
OneHandOreba_1016_1_grm_std_uni,1,3.783377170562744,-4.050728797912598,1
OneHandOreba_1016_1_grm_std_uni,1,3.7337892055511475,-4.01529598236084,1
OneHandOreba_1016_1_grm_std_uni,2,3.1577820777893066,-3.475189447402954,1
OneHandOreba_1016_1_grm_std_uni,2,1.8415603637695312,-1.5017191171646118,1
OneHandOreba_1016_1_grm_std_uni,2,1.976091742515564,-1.4842524528503418,1
OneHandOreba_1016_1_grm_std_uni,2,2.3216207027435303,-2.2249181270599365,1
OneHandOreba_1016_1_grm_std_uni,2,2.6485421657562256,-3.3380730152130127,1
OneHandOreba_1016_1_grm_std_uni,2,3.21234393119812,-3.552698850631714,1
OneHandOreba_1016_1_grm_std_uni,2,3.6216301918029785,-4.167876243591309,1
OneHandOreba_1016_1_grm_std_uni,2,4.420589447021484,-5.293046951293945,1
OneHandOreba_1016_1_grm_std_uni,2,4.977746963500977,-6.291251182556152,1
OneHandOreba_1016_1_grm_std_uni,2,5.136852741241455,-6.372546195983887,1
OneHandOreba_1016_1_grm_std_uni,2,5.1525654792785645,-6.602008819580078,1
OneHandOreba_1016_1_grm_std_uni,2,5.179274559020996,-7.017501354217529,1
OneHandOreba_1016_1_grm_std_uni,2,5.239797592163086,-7.073057174682617,1
OneHandOreba_1016_1_grm_std_uni,2,5.114923000335693,-6.944429874420166,1
OneHandOreba_1016_1_grm_std_uni,2,5.012279510498047,-6.760164737701416,1
OneHandOreba_1016_1_grm_std_uni,2,4.839738368988037,-6.529282093048096,1
OneHandOreba_1016_1_grm_std_uni,2,4.765404224395752,-6.4502482414245605,1
OneHandOreba_1016_1_grm_std_uni,2,4.754354476928711,-6.429250240325928,1
OneHandOreba_1016_1_grm_std_uni,2,4.798513889312744,-6.413182258605957,1
OneHandOreba_1016_1_grm_std_uni,2,4.788817405700684,-6.360732078552246,1
OneHandOreba_1016_1_grm_std_uni,2,4.831347465515137,-6.404531955718994,1
OneHandOreba_1016_1_grm_std_uni,2,4.840029716491699,-6.3772759437561035,1
OneHandOreba_1016_1_grm_std_uni,2,4.85490608215332,-6.373751163482666,1
OneHandOreba_1016_1_grm_std_uni,2,4.8984246253967285,-6.431529521942139,1
OneHandOreba_1016_1_grm_std_uni,2,4.925213813781738,-6.459600448608398,1
OneHandOreba_1016_1_grm_std_uni,2,4.957386493682861,-6.466521263122559,1
OneHandOreba_1016_1_grm_std_uni,2,5.167892932891846,-6.7149858474731445,1
OneHandOreba_1016_1_grm_std_uni,2,5.498706340789795,-7.046489715576172,1
OneHandOreba_1016_1_grm_std_uni,2,5.729673862457275,-7.165397644042969,1
OneHandOreba_1016_1_grm_std_uni,2,5.741941452026367,-6.932124614715576,1
OneHandOreba_1016_1_grm_std_uni,2,5.337532997131348,-6.507723331451416,1
OneHandOreba_1016_1_grm_std_uni,2,4.476208209991455,-5.724843978881836,1
OneHandOreba_1016_1_grm_std_uni,2,3.7618634700775146,-5.025187015533447,1
OneHandOreba_1016_1_grm_std_uni,2,3.6088366508483887,-4.857101917266846,1
OneHandOreba_1016_1_grm_std_uni,1,3.592778205871582,-4.916743755340576,1
OneHandOreba_1016_1_grm_std_uni,1,3.3690290451049805,-4.782929420471191,1
OneHandOreba_1016_1_grm_std_uni,1,2.976896286010742,-4.0955657958984375,1
OneHandOreba_1016_1_grm_std_uni,1,4.0350661277771,-5.13126277923584,1
OneHandOreba_1016_1_grm_std_uni,1,4.280755996704102,-5.427921772003174,1
OneHandOreba_1016_1_grm_std_uni,1,4.2249555587768555,-5.362572193145752,1
OneHandOreba_1016_1_grm_std_uni,1,4.145849227905273,-5.218390941619873,1
OneHandOreba_1016_1_grm_std_uni,1,4.13042688369751,-5.186297416687012,1
OneHandOreba_1016_1_grm_std_uni,1,4.105076789855957,-5.07778263092041,1
OneHandOreba_1016_1_grm_std_uni,1,4.098647594451904,-5.061595439910889,1
OneHandOreba_1016_1_grm_std_uni,1,4.0263543128967285,-4.957095623016357,1
OneHandOreba_1016_1_grm_std_uni,1,3.945876121520996,-4.840618133544922,1
OneHandOreba_1016_1_grm_std_uni,1,3.9351274967193604,-4.796539306640625,1
OneHandOreba_1016_1_grm_std_uni,1,3.8685245513916016,-4.669869422912598,1
OneHandOreba_1016_1_grm_std_uni,1,3.8359718322753906,-4.596922397613525,1
OneHandOreba_1016_1_grm_std_uni,1,3.8440301418304443,-4.576420783996582,1
OneHandOreba_1016_1_grm_std_uni,1,3.8625218868255615,-4.602007865905762,1
OneHandOreba_1016_1_grm_std_uni,1,3.878770589828491,-4.62336540222168,1
OneHandOreba_1016_1_grm_std_uni,1,3.8208980560302734,-4.50303840637207,1
OneHandOreba_1016_1_grm_std_uni,1,3.7681734561920166,-4.435518264770508,1
OneHandOreba_1016_1_grm_std_uni,1,3.8620567321777344,-4.5015788078308105,1
OneHandOreba_1016_1_grm_std_uni,1,3.8782246112823486,-4.468438148498535,1
OneHandOreba_1016_1_grm_std_uni,1,3.826016664505005,-4.382551670074463,1
OneHandOreba_1016_1_grm_std_uni,1,3.7904036045074463,-4.300531387329102,1
OneHandOreba_1016_1_grm_std_uni,1,3.781032085418701,-4.277370452880859,1
OneHandOreba_1016_1_grm_std_uni,1,3.7467894554138184,-4.220089912414551,1
OneHandOreba_1016_1_grm_std_uni,1,3.7042388916015625,-4.162405014038086,1
OneHandOreba_1016_1_grm_std_uni,1,3.7107856273651123,-4.1818718910217285,1
OneHandOreba_1016_1_grm_std_uni,1,3.6903347969055176,-4.128781795501709,1
OneHandOreba_1016_1_grm_std_uni,1,3.7021324634552,-4.144437313079834,1
OneHandOreba_1016_1_grm_std_uni,1,3.813096046447754,-4.299933910369873,1
OneHandOreba_1016_1_grm_std_uni,1,3.872586488723755,-4.311369895935059,1
OneHandOreba_1016_1_grm_std_uni,1,3.7559571266174316,-4.141598224639893,1
OneHandOreba_1016_1_grm_std_uni,1,3.70536208152771,-4.0851969718933105,1
OneHandOreba_1016_1_grm_std_uni,1,3.8130416870117188,-4.167326927185059,1
OneHandOreba_1016_1_grm_std_uni,1,3.4576194286346436,-4.094078063964844,1
OneHandOreba_1016_1_grm_std_uni,1,1.5263043642044067,-2.0410072803497314,1
OneHandOreba_1016_1_grm_std_uni,1,2.3806300163269043,-2.554715156555176,1
OneHandOreba_1016_1_grm_std_uni,1,3.9625184535980225,-3.9932329654693604,1
OneHandOreba_1016_1_grm_std_uni,1,4.270883560180664,-4.386178016662598,1
OneHandOreba_1016_1_grm_std_uni,1,4.338636875152588,-4.600091457366943,1
OneHandOreba_1016_1_grm_std_uni,1,4.326523303985596,-4.575386047363281,1
OneHandOreba_1016_1_grm_std_uni,1,4.362241744995117,-4.504083156585693,1
OneHandOreba_1016_1_grm_std_uni,1,4.109618663787842,-4.156345367431641,1
OneHandOreba_1016_1_grm_std_uni,1,3.6155383586883545,-3.5375969409942627,1
OneHandOreba_1016_1_grm_std_uni,1,4.079748630523682,-4.1464457511901855,1
OneHandOreba_1016_1_grm_std_uni,1,4.203730583190918,-4.358664512634277,1
OneHandOreba_1016_1_grm_std_uni,1,4.132328033447266,-4.2122063636779785,1
OneHandOreba_1016_1_grm_std_uni,1,4.034906387329102,-4.167313575744629,1
OneHandOreba_1016_1_grm_std_uni,1,4.15388298034668,-4.296628952026367,1
OneHandOreba_1016_1_grm_std_uni,1,4.068544864654541,-4.191293239593506,1
OneHandOreba_1016_1_grm_std_uni,1,3.950702667236328,-4.026785850524902,1
OneHandOreba_1016_1_grm_std_uni,1,3.8529348373413086,-3.9532978534698486,1
OneHandOreba_1016_1_grm_std_uni,1,3.7160966396331787,-3.8165123462677,1
OneHandOreba_1016_1_grm_std_uni,1,3.723942756652832,-3.9088451862335205,1
OneHandOreba_1016_1_grm_std_uni,1,3.773977518081665,-4.015742778778076,1
OneHandOreba_1016_1_grm_std_uni,1,3.7171311378479004,-3.9071192741394043,1
OneHandOreba_1016_1_grm_std_uni,1,3.7455074787139893,-3.985354423522949,1
OneHandOreba_1016_1_grm_std_uni,1,3.6824467182159424,-3.9361627101898193,1
OneHandOreba_1016_1_grm_std_uni,1,3.5984199047088623,-3.815678834915161,1
OneHandOreba_1016_1_grm_std_uni,1,3.5762033462524414,-3.7988126277923584,1
OneHandOreba_1016_1_grm_std_uni,1,3.5603697299957275,-3.811274766921997,1
OneHandOreba_1016_1_grm_std_uni,1,3.5198214054107666,-3.7828640937805176,1
OneHandOreba_1016_1_grm_std_uni,1,3.4550466537475586,-3.7037551403045654,1
OneHandOreba_1016_1_grm_std_uni,1,3.423764944076538,-3.6741650104522705,1
OneHandOreba_1016_1_grm_std_uni,1,3.4189693927764893,-3.695962429046631,1
OneHandOreba_1016_1_grm_std_uni,1,3.5005125999450684,-3.842350959777832,1
OneHandOreba_1016_1_grm_std_uni,1,3.654343366622925,-4.016404628753662,1
OneHandOreba_1016_1_grm_std_uni,1,3.7761175632476807,-4.117862224578857,1
OneHandOreba_1016_1_grm_std_uni,1,3.7297158241271973,-3.94803786277771,1
OneHandOreba_1016_1_grm_std_uni,1,3.5411932468414307,-4.036405563354492,1
OneHandOreba_1016_1_grm_std_uni,1,3.543755531311035,-4.8419270515441895,1
OneHandOreba_1016_1_grm_std_uni,1,3.434523344039917,-4.4579243659973145,1
OneHandOreba_1016_1_grm_std_uni,1,2.1828951835632324,-2.9827330112457275,1
OneHandOreba_1016_1_grm_std_uni,1,3.345139265060425,-3.9321510791778564,1
OneHandOreba_1016_1_grm_std_uni,1,3.7090752124786377,-4.267996788024902,1
OneHandOreba_1016_1_grm_std_uni,1,3.7173476219177246,-4.240127086639404,1
OneHandOreba_1016_1_grm_std_uni,1,3.8102612495422363,-4.39097785949707,1
OneHandOreba_1016_1_grm_std_uni,1,3.8175926208496094,-4.389462471008301,1
OneHandOreba_1016_1_grm_std_uni,1,3.8150126934051514,-4.427614688873291,1
OneHandOreba_1016_1_grm_std_uni,1,3.629075527191162,-4.4457316398620605,1
OneHandOreba_1016_1_grm_std_uni,1,3.6400461196899414,-4.518521308898926,1
OneHandOreba_1016_1_grm_std_uni,1,2.389629602432251,-2.8263330459594727,1
OneHandOreba_1016_1_grm_std_uni,1,2.9862632751464844,-3.6067051887512207,1
OneHandOreba_1016_1_grm_std_uni,1,3.772620439529419,-4.367165565490723,1
OneHandOreba_1016_1_grm_std_uni,1,5.041626930236816,-5.478174209594727,1
OneHandOreba_1016_1_grm_std_uni,1,5.378175735473633,-5.337544918060303,1
OneHandOreba_1016_1_grm_std_uni,1,5.252152919769287,-5.049123764038086,1
OneHandOreba_1016_1_grm_std_uni,1,4.95839262008667,-4.764164924621582,1
OneHandOreba_1016_1_grm_std_uni,1,4.959085464477539,-4.61986780166626,1
OneHandOreba_1016_1_grm_std_uni,1,5.261251449584961,-4.883641719818115,1
OneHandOreba_1016_1_grm_std_uni,1,5.94200325012207,-5.78727388381958,1
OneHandOreba_1016_1_grm_std_uni,1,6.702357769012451,-7.404922008514404,1
OneHandOreba_1016_1_grm_std_uni,1,6.578921794891357,-7.208838939666748,1
OneHandOreba_1016_1_grm_std_uni,1,6.002514839172363,-6.799774169921875,1
OneHandOreba_1016_1_grm_std_uni,1,6.390138626098633,-7.07090425491333,1
OneHandOreba_1016_1_grm_std_uni,1,6.770967483520508,-6.85952091217041,1
OneHandOreba_1016_1_grm_std_uni,1,6.83256196975708,-6.750145435333252,1
OneHandOreba_1016_1_grm_std_uni,1,6.806074619293213,-7.038529396057129,1
OneHandOreba_1016_1_grm_std_uni,1,6.0794878005981445,-6.489058971405029,1
OneHandOreba_1016_1_grm_std_uni,1,5.118237018585205,-5.759361743927002,1
OneHandOreba_1016_1_grm_std_uni,1,3.834301233291626,-4.281286239624023,1
OneHandOreba_1016_1_grm_std_uni,1,4.002870559692383,-4.765957355499268,1
OneHandOreba_1016_1_grm_std_uni,1,4.537956237792969,-5.260790824890137,1
OneHandOreba_1016_1_grm_std_uni,1,4.392200946807861,-4.994561672210693,1
OneHandOreba_1016_1_grm_std_uni,1,4.267725467681885,-4.885561466217041,1
OneHandOreba_1016_1_grm_std_uni,1,4.3204345703125,-4.956049919128418,1
OneHandOreba_1016_1_grm_std_uni,1,4.334937572479248,-4.996274948120117,1
OneHandOreba_1016_1_grm_std_uni,1,4.334681510925293,-5.044703006744385,1
OneHandOreba_1016_1_grm_std_uni,1,4.5497355461120605,-5.359978199005127,1
OneHandOreba_1016_1_grm_std_uni,1,4.384959697723389,-5.105244159698486,1
OneHandOreba_1016_1_grm_std_uni,1,4.241419792175293,-4.715615749359131,1
OneHandOreba_1016_1_grm_std_uni,1,5.196866512298584,-5.48020076751709,1
OneHandOreba_1016_1_grm_std_uni,1,5.177472114562988,-5.1637468338012695,1
OneHandOreba_1016_1_grm_std_uni,1,5.5713324546813965,-5.842691898345947,1
OneHandOreba_1016_1_grm_std_uni,1,5.927516460418701,-6.347059726715088,1
OneHandOreba_1016_1_grm_std_uni,1,4.5292649269104,-4.572574615478516,1
OneHandOreba_1016_1_grm_std_uni,1,3.811659097671509,-3.770136594772339,1
OneHandOreba_1016_1_grm_std_uni,1,3.7063791751861572,-3.6615021228790283,1
OneHandOreba_1016_1_grm_std_uni,1,2.5357799530029297,-2.649871826171875,1
OneHandOreba_1016_1_grm_std_uni,1,2.1957786083221436,-2.4290077686309814,1
OneHandOreba_1016_1_grm_std_uni,2,2.3278441429138184,-2.8964755535125732,1
OneHandOreba_1016_1_grm_std_uni,2,2.976516008377075,-3.6231889724731445,1
OneHandOreba_1016_1_grm_std_uni,2,3.7707314491271973,-4.500476837158203,1
OneHandOreba_1016_1_grm_std_uni,2,4.948952674865723,-5.507579803466797,1
OneHandOreba_1016_1_grm_std_uni,2,5.871758937835693,-6.376399517059326,1
OneHandOreba_1016_1_grm_std_uni,2,6.359233379364014,-6.901500701904297,1
OneHandOreba_1016_1_grm_std_uni,2,6.507687091827393,-7.051464557647705,1
OneHandOreba_1016_1_grm_std_uni,2,5.818095684051514,-6.685436725616455,1
OneHandOreba_1016_1_grm_std_uni,2,4.4552321434021,-5.589805603027344,1
OneHandOreba_1016_1_grm_std_uni,2,3.7797815799713135,-4.905279159545898,1
OneHandOreba_1016_1_grm_std_uni,2,3.9011688232421875,-5.038576126098633,1
OneHandOreba_1016_1_grm_std_uni,2,4.128312110900879,-5.198596000671387,1
OneHandOreba_1016_1_grm_std_uni,2,4.442746639251709,-5.365850925445557,1
OneHandOreba_1016_1_grm_std_uni,2,4.670057773590088,-5.47865629196167,1
OneHandOreba_1016_1_grm_std_uni,2,4.666577339172363,-5.334493160247803,1
OneHandOreba_1016_1_grm_std_uni,2,4.569700241088867,-5.141288757324219,1
OneHandOreba_1016_1_grm_std_uni,2,4.637701988220215,-5.1920976638793945,1
OneHandOreba_1016_1_grm_std_uni,2,4.642341136932373,-5.152627944946289,1
OneHandOreba_1016_1_grm_std_uni,2,4.577332496643066,-5.146806716918945,1
OneHandOreba_1016_1_grm_std_uni,2,4.546942234039307,-5.127681255340576,1
OneHandOreba_1016_1_grm_std_uni,2,4.556725978851318,-5.2275543212890625,1
OneHandOreba_1016_1_grm_std_uni,2,4.69012975692749,-5.425013065338135,1
OneHandOreba_1016_1_grm_std_uni,2,5.4451003074646,-6.065827369689941,1
OneHandOreba_1016_1_grm_std_uni,2,5.983846187591553,-6.100948810577393,1
OneHandOreba_1016_1_grm_std_uni,2,5.816493511199951,-5.565995216369629,1
OneHandOreba_1016_1_grm_std_uni,2,5.988129615783691,-6.060882568359375,1
OneHandOreba_1016_1_grm_std_uni,2,5.788563251495361,-6.332645416259766,1
OneHandOreba_1016_1_grm_std_uni,2,5.294865131378174,-5.88692569732666,1
OneHandOreba_1016_1_grm_std_uni,2,4.299829959869385,-5.067495822906494,1
OneHandOreba_1016_1_grm_std_uni,1,3.667050838470459,-4.831124782562256,1
OneHandOreba_1016_1_grm_std_uni,1,3.5869338512420654,-4.851157188415527,1
OneHandOreba_1016_1_grm_std_uni,1,3.837006092071533,-4.425682067871094,1
OneHandOreba_1016_1_grm_std_uni,1,4.982429027557373,-5.367667198181152,1
OneHandOreba_1016_1_grm_std_uni,1,6.262569427490234,-6.548341751098633,1
OneHandOreba_1016_1_grm_std_uni,1,6.129833221435547,-6.755380153656006,1
OneHandOreba_1016_1_grm_std_uni,1,4.761595249176025,-5.747256278991699,1
OneHandOreba_1016_1_grm_std_uni,1,3.297729969024658,-4.262748718261719,1
OneHandOreba_1016_1_grm_std_uni,1,3.4800901412963867,-4.420190334320068,1
OneHandOreba_1016_1_grm_std_uni,1,3.7567670345306396,-4.653192043304443,1
OneHandOreba_1016_1_grm_std_uni,1,3.400097370147705,-4.176383018493652,1
OneHandOreba_1016_1_grm_std_uni,1,2.9904136657714844,-3.8770334720611572,1
OneHandOreba_1016_1_grm_std_uni,1,3.4466936588287354,-4.2813920974731445,1
OneHandOreba_1016_1_grm_std_uni,1,4.130509853363037,-4.812537670135498,1
OneHandOreba_1016_1_grm_std_uni,1,4.434328556060791,-5.015322685241699,1
OneHandOreba_1016_1_grm_std_uni,1,4.47169828414917,-4.916720390319824,1
OneHandOreba_1016_1_grm_std_uni,1,4.396693229675293,-4.781743049621582,1
OneHandOreba_1016_1_grm_std_uni,1,4.242716312408447,-4.550563335418701,1
OneHandOreba_1016_1_grm_std_uni,1,4.09347677230835,-4.393764972686768,1
OneHandOreba_1016_1_grm_std_uni,1,3.965226650238037,-4.258414268493652,1
OneHandOreba_1016_1_grm_std_uni,1,3.8908183574676514,-4.229619026184082,1
OneHandOreba_1016_1_grm_std_uni,1,3.821946144104004,-4.202986240386963,1
OneHandOreba_1016_1_grm_std_uni,1,3.759605646133423,-4.176996231079102,1
OneHandOreba_1016_1_grm_std_uni,1,3.8178839683532715,-4.311889171600342,1
OneHandOreba_1016_1_grm_std_uni,1,4.1472601890563965,-4.719934940338135,1
OneHandOreba_1016_1_grm_std_uni,1,4.242079257965088,-4.771940231323242,1
OneHandOreba_1016_1_grm_std_uni,1,3.862811803817749,-4.569348335266113,1
OneHandOreba_1016_1_grm_std_uni,1,4.037942886352539,-4.861723899841309,1
OneHandOreba_1016_1_grm_std_uni,1,4.467569351196289,-5.141475677490234,1
OneHandOreba_1016_1_grm_std_uni,1,4.258975028991699,-4.836629390716553,1
OneHandOreba_1016_1_grm_std_uni,1,3.7519705295562744,-4.190741539001465,1
OneHandOreba_1016_1_grm_std_uni,1,3.602813482284546,-3.852717638015747,1
OneHandOreba_1016_1_grm_std_uni,1,4.079391956329346,-4.2602362632751465,1
OneHandOreba_1016_1_grm_std_uni,1,4.262189865112305,-4.357015132904053,1
OneHandOreba_1016_1_grm_std_uni,1,4.238621711730957,-4.256763458251953,1
OneHandOreba_1016_1_grm_std_uni,1,4.283533573150635,-4.307224273681641,1
OneHandOreba_1016_1_grm_std_uni,1,4.285565376281738,-4.2982988357543945,1
OneHandOreba_1016_1_grm_std_uni,1,4.171914100646973,-4.175577163696289,1
OneHandOreba_1016_1_grm_std_uni,1,4.183456897735596,-4.274364948272705,1
OneHandOreba_1016_1_grm_std_uni,1,4.201385021209717,-4.2905168533325195,1
OneHandOreba_1016_1_grm_std_uni,1,4.059051513671875,-4.112887382507324,1
OneHandOreba_1016_1_grm_std_uni,1,3.865103244781494,-3.95304536819458,1
OneHandOreba_1016_1_grm_std_uni,1,3.995108127593994,-4.186050891876221,1
OneHandOreba_1016_1_grm_std_uni,1,4.149824619293213,-4.436980247497559,1
OneHandOreba_1016_1_grm_std_uni,1,3.724863052368164,-4.177978038787842,1
OneHandOreba_1016_1_grm_std_uni,1,2.905949115753174,-3.2795238494873047,1
OneHandOreba_1016_1_grm_std_uni,1,2.9231808185577393,-3.633420467376709,1
OneHandOreba_1016_1_grm_std_uni,1,4.11569881439209,-4.406728744506836,1
OneHandOreba_1016_1_grm_std_uni,1,4.7050323486328125,-4.789633750915527,1
OneHandOreba_1016_1_grm_std_uni,1,4.839052677154541,-4.870141983032227,1
OneHandOreba_1016_1_grm_std_uni,1,4.854639053344727,-4.842737197875977,1
OneHandOreba_1016_1_grm_std_uni,1,4.296772003173828,-4.0943779945373535,1
OneHandOreba_1016_1_grm_std_uni,1,5.815162658691406,-5.569737434387207,1
OneHandOreba_1016_1_grm_std_uni,1,5.600831508636475,-5.497480392456055,1
OneHandOreba_1016_1_grm_std_uni,1,4.807358741760254,-4.393287658691406,1
OneHandOreba_1016_1_grm_std_uni,1,5.13434362411499,-4.816344261169434,1
OneHandOreba_1016_1_grm_std_uni,1,5.153149604797363,-5.085014820098877,1
OneHandOreba_1016_1_grm_std_uni,1,5.767965316772461,-5.835550785064697,1
OneHandOreba_1016_1_grm_std_uni,1,4.535252571105957,-5.467497825622559,1
OneHandOreba_1016_1_grm_std_uni,1,4.433410167694092,-5.375113487243652,1
OneHandOreba_1016_1_grm_std_uni,1,4.4473652839660645,-5.549356937408447,1
OneHandOreba_1016_1_grm_std_uni,1,4.377928733825684,-5.559600830078125,1
OneHandOreba_1016_1_grm_std_uni,1,4.3628249168396,-5.564941883087158,1
OneHandOreba_1016_1_grm_std_uni,1,4.3699631690979,-5.543966293334961,1
OneHandOreba_1016_1_grm_std_uni,1,4.537356376647949,-5.769642353057861,1
OneHandOreba_1016_1_grm_std_uni,1,4.578470230102539,-5.848306655883789,1
OneHandOreba_1016_1_grm_std_uni,1,4.693914890289307,-5.986278057098389,1
OneHandOreba_1016_1_grm_std_uni,1,4.8651556968688965,-6.1885905265808105,1
OneHandOreba_1016_1_grm_std_uni,1,4.998555660247803,-6.3169121742248535,1
OneHandOreba_1016_1_grm_std_uni,1,4.996675968170166,-6.2741289138793945,1
OneHandOreba_1016_1_grm_std_uni,1,5.206180095672607,-6.334822177886963,1
OneHandOreba_1016_1_grm_std_uni,1,5.125828742980957,-6.042911052703857,1
OneHandOreba_1016_1_grm_std_uni,1,4.417853355407715,-5.11972188949585,1
OneHandOreba_1016_1_grm_std_uni,1,4.482387065887451,-5.040626049041748,1
OneHandOreba_1016_1_grm_std_uni,1,4.596242904663086,-5.148828029632568,1
OneHandOreba_1016_1_grm_std_uni,1,4.743757724761963,-5.459305286407471,1
OneHandOreba_1016_1_grm_std_uni,1,4.897059440612793,-5.768754959106445,1
OneHandOreba_1016_1_grm_std_uni,1,5.046506881713867,-6.017975807189941,1
OneHandOreba_1016_1_grm_std_uni,1,4.9778852462768555,-5.5283989906311035,1
OneHandOreba_1016_1_grm_std_uni,1,5.1252970695495605,-5.4541778564453125,1
OneHandOreba_1016_1_grm_std_uni,1,5.280281066894531,-5.233379364013672,1
OneHandOreba_1016_1_grm_std_uni,1,4.681840419769287,-4.584031105041504,1
OneHandOreba_1016_1_grm_std_uni,1,4.902729034423828,-5.032245635986328,1
OneHandOreba_1016_1_grm_std_uni,1,4.953579902648926,-4.9705376625061035,1
OneHandOreba_1016_1_grm_std_uni,1,4.838077545166016,-4.870948314666748,1
OneHandOreba_1016_1_grm_std_uni,1,4.587769508361816,-4.8980393409729,1
