OREBA-DIS_1012_1_grm_std_uni,1,3.893397569656372,-3.547835111618042,1
OREBA-DIS_1012_1_grm_std_uni,1,4.02186918258667,-3.795124053955078,1
OREBA-DIS_1012_1_grm_std_uni,1,4.149038791656494,-3.6726176738739014,1
OREBA-DIS_1012_1_grm_std_uni,1,4.480255603790283,-3.9586386680603027,1
OREBA-DIS_1012_1_grm_std_uni,1,4.474383354187012,-4.012094020843506,1
OREBA-DIS_1012_1_grm_std_uni,1,4.467428207397461,-3.6865007877349854,1
OREBA-DIS_1012_1_grm_std_uni,1,4.566644191741943,-3.627519130706787,1
OREBA-DIS_1012_1_grm_std_uni,1,4.943342685699463,-3.890263795852661,1
OREBA-DIS_1012_1_grm_std_uni,1,4.989476680755615,-3.2281453609466553,1
OREBA-DIS_1012_1_grm_std_uni,1,4.536070823669434,-2.901621103286743,1
OREBA-DIS_1012_1_grm_std_uni,1,4.571813583374023,-3.2109758853912354,1
OREBA-DIS_1012_1_grm_std_uni,1,5.216728687286377,-4.037618637084961,1
OREBA-DIS_1012_1_grm_std_uni,1,5.546396255493164,-5.353734493255615,1
OREBA-DIS_1012_1_grm_std_uni,1,5.642737865447998,-5.397280693054199,1
OREBA-DIS_1012_1_grm_std_uni,1,4.533200263977051,-4.762112140655518,1
OREBA-DIS_1012_1_grm_std_uni,1,4.257634162902832,-4.506644248962402,1
OREBA-DIS_1012_1_grm_std_uni,1,4.913582801818848,-4.744263172149658,1
OREBA-DIS_1012_1_grm_std_uni,1,5.5300493240356445,-5.033031463623047,1
OREBA-DIS_1012_1_grm_std_uni,1,5.662505149841309,-4.351632595062256,1
OREBA-DIS_1012_1_grm_std_uni,1,5.220759391784668,-2.667936086654663,1
OREBA-DIS_1012_1_grm_std_uni,1,4.877207279205322,-2.299779176712036,1
OREBA-DIS_1012_1_grm_std_uni,1,5.274643421173096,-2.9710099697113037,1
OREBA-DIS_1012_1_grm_std_uni,1,5.79500150680542,-3.29740309715271,1
OREBA-DIS_1012_1_grm_std_uni,1,6.370364665985107,-3.5849826335906982,1
OREBA-DIS_1012_1_grm_std_uni,1,6.4706501960754395,-4.027312278747559,1
OREBA-DIS_1012_1_grm_std_uni,1,6.5497307777404785,-4.493918418884277,1
OREBA-DIS_1012_1_grm_std_uni,1,7.570796966552734,-5.726510047912598,1
OREBA-DIS_1012_1_grm_std_uni,1,7.3542585372924805,-5.346981048583984,1
OREBA-DIS_1012_1_grm_std_uni,1,6.807743072509766,-4.835086345672607,1
OREBA-DIS_1012_1_grm_std_uni,1,7.27116584777832,-5.313501358032227,1
OREBA-DIS_1012_1_grm_std_uni,1,7.585659980773926,-5.034459590911865,1
OREBA-DIS_1012_1_grm_std_uni,1,6.610076904296875,-4.748714447021484,1
OREBA-DIS_1012_1_grm_std_uni,1,6.591584205627441,-5.368460655212402,1
OREBA-DIS_1012_1_grm_std_uni,1,6.317942142486572,-4.637256622314453,1
OREBA-DIS_1012_1_grm_std_uni,1,6.697139739990234,-4.680927753448486,1
OREBA-DIS_1012_1_grm_std_uni,1,6.318296432495117,-4.523431777954102,1
OREBA-DIS_1012_1_grm_std_uni,1,6.423712253570557,-3.9538261890411377,1
OREBA-DIS_1012_1_grm_std_uni,1,6.464766025543213,-3.0098066329956055,1
OREBA-DIS_1012_1_grm_std_uni,1,6.696484565734863,-3.187361717224121,1
OREBA-DIS_1012_1_grm_std_uni,1,6.888317108154297,-3.7000889778137207,1
OREBA-DIS_1012_1_grm_std_uni,1,7.131961822509766,-4.717470645904541,1
OREBA-DIS_1012_1_grm_std_uni,1,7.408455848693848,-5.074306488037109,1
OREBA-DIS_1012_1_grm_std_uni,1,7.5632123947143555,-4.728808403015137,1
OREBA-DIS_1012_1_grm_std_uni,1,7.491553783416748,-4.804378509521484,1
OREBA-DIS_1012_1_grm_std_uni,1,7.159743785858154,-5.12177038192749,1
OREBA-DIS_1012_1_grm_std_uni,1,6.8818464279174805,-5.446140289306641,1
OREBA-DIS_1012_1_grm_std_uni,1,6.874505043029785,-5.86575984954834,1
OREBA-DIS_1012_1_grm_std_uni,1,7.023923873901367,-6.206014633178711,1
OREBA-DIS_1012_1_grm_std_uni,1,6.9626569747924805,-5.912961483001709,1
OREBA-DIS_1012_1_grm_std_uni,1,7.019373893737793,-5.713939189910889,1
OREBA-DIS_1012_1_grm_std_uni,1,7.320733547210693,-5.476349353790283,1
OREBA-DIS_1012_1_grm_std_uni,1,7.476940631866455,-5.383852005004883,1
OREBA-DIS_1012_1_grm_std_uni,1,6.76462459564209,-4.876856803894043,1
OREBA-DIS_1012_1_grm_std_uni,1,6.637075901031494,-4.983972549438477,1
OREBA-DIS_1012_1_grm_std_uni,1,6.391646385192871,-5.240984916687012,1
OREBA-DIS_1012_1_grm_std_uni,1,6.944130897521973,-5.3998026847839355,1
OREBA-DIS_1012_1_grm_std_uni,1,7.101150035858154,-5.626206874847412,1
OREBA-DIS_1012_1_grm_std_uni,1,6.888229846954346,-5.358020305633545,1
OREBA-DIS_1012_1_grm_std_uni,1,6.83189058303833,-6.294917583465576,1
OREBA-DIS_1012_1_grm_std_uni,1,7.343249797821045,-6.699613094329834,1
OREBA-DIS_1012_1_grm_std_uni,1,7.071518898010254,-6.211564064025879,1
OREBA-DIS_1012_1_grm_std_uni,1,6.418426513671875,-5.086124420166016,1
OREBA-DIS_1012_1_grm_std_uni,1,5.551260471343994,-4.6666364669799805,1
OREBA-DIS_1012_1_grm_std_uni,1,5.394275665283203,-4.439878940582275,1
OREBA-DIS_1012_1_grm_std_uni,1,5.085278034210205,-4.171792984008789,1
OREBA-DIS_1012_1_grm_std_uni,1,4.6198954582214355,-3.9066131114959717,1
OREBA-DIS_1012_1_grm_std_uni,1,3.8288183212280273,-3.9285593032836914,1
OREBA-DIS_1012_1_grm_std_uni,1,4.680473327636719,-4.316349983215332,1
OREBA-DIS_1012_1_grm_std_uni,1,4.8363518714904785,-4.1310811042785645,1
OREBA-DIS_1012_1_grm_std_uni,1,3.69350528717041,-3.7758381366729736,1
OREBA-DIS_1012_1_grm_std_uni,1,4.609331130981445,-4.833924293518066,1
OREBA-DIS_1012_1_grm_std_uni,1,5.843326091766357,-5.253796577453613,1
OREBA-DIS_1012_1_grm_std_uni,1,6.037717342376709,-5.0403008460998535,1
OREBA-DIS_1012_1_grm_std_uni,1,6.048304557800293,-4.555673599243164,1
OREBA-DIS_1012_1_grm_std_uni,1,6.6934661865234375,-4.614678859710693,1
OREBA-DIS_1012_1_grm_std_uni,1,6.63761043548584,-3.990586280822754,1
OREBA-DIS_1012_1_grm_std_uni,1,6.416738510131836,-4.455497741699219,1
OREBA-DIS_1012_1_grm_std_uni,1,5.735946178436279,-5.63486385345459,1
OREBA-DIS_1012_1_grm_std_uni,1,5.294425964355469,-4.778258800506592,1
OREBA-DIS_1012_1_grm_std_uni,1,5.770408630371094,-4.535176753997803,1
OREBA-DIS_1012_1_grm_std_uni,1,5.804183006286621,-4.572871208190918,1
OREBA-DIS_1012_1_grm_std_uni,1,5.965745449066162,-4.134875297546387,1
OREBA-DIS_1012_1_grm_std_uni,1,5.832484722137451,-3.584656000137329,1
OREBA-DIS_1012_1_grm_std_uni,1,5.937969207763672,-3.3921802043914795,1
OREBA-DIS_1012_1_grm_std_uni,1,6.655413627624512,-4.164411544799805,1
OREBA-DIS_1012_1_grm_std_uni,1,7.230966567993164,-5.123553276062012,1
OREBA-DIS_1012_1_grm_std_uni,1,7.633235931396484,-5.442039966583252,1
OREBA-DIS_1012_1_grm_std_uni,1,7.022843837738037,-4.965449810028076,1
OREBA-DIS_1012_1_grm_std_uni,1,4.765161991119385,-4.059937953948975,1
OREBA-DIS_1012_1_grm_std_uni,1,4.8225226402282715,-4.16062593460083,1
OREBA-DIS_1012_1_grm_std_uni,1,4.83201265335083,-3.3661980628967285,1
OREBA-DIS_1012_1_grm_std_uni,1,5.655475616455078,-3.4287033081054688,1
OREBA-DIS_1012_1_grm_std_uni,1,5.709320068359375,-3.2841975688934326,1
OREBA-DIS_1012_1_grm_std_uni,1,6.377436637878418,-3.384206533432007,1
OREBA-DIS_1012_1_grm_std_uni,1,6.445225238800049,-3.72873854637146,1
OREBA-DIS_1012_1_grm_std_uni,1,6.624064922332764,-4.010954856872559,1
OREBA-DIS_1012_1_grm_std_uni,1,6.980192184448242,-4.277724742889404,1
OREBA-DIS_1012_1_grm_std_uni,1,7.223722457885742,-4.716794967651367,1
OREBA-DIS_1012_1_grm_std_uni,1,6.67535400390625,-4.732397079467773,1
OREBA-DIS_1012_1_grm_std_uni,1,6.432534694671631,-4.631809234619141,1
OREBA-DIS_1012_1_grm_std_uni,1,6.628913402557373,-4.885432720184326,1
OREBA-DIS_1012_1_grm_std_uni,1,6.52712345123291,-4.833014965057373,1
OREBA-DIS_1012_1_grm_std_uni,1,6.720940113067627,-4.918490886688232,1
OREBA-DIS_1012_1_grm_std_uni,1,5.925571918487549,-4.612105369567871,1
OREBA-DIS_1012_1_grm_std_uni,1,6.080248832702637,-4.922123908996582,1
OREBA-DIS_1012_1_grm_std_uni,1,5.679008483886719,-4.999179840087891,1
OREBA-DIS_1012_1_grm_std_uni,1,5.435393810272217,-4.916007041931152,1
OREBA-DIS_1012_1_grm_std_uni,1,5.939704418182373,-5.2780842781066895,1
OREBA-DIS_1012_1_grm_std_uni,1,6.799988746643066,-5.61798620223999,1
OREBA-DIS_1012_1_grm_std_uni,1,6.453071117401123,-5.343569278717041,1
OREBA-DIS_1012_1_grm_std_uni,1,6.121903896331787,-4.8823113441467285,1
OREBA-DIS_1012_1_grm_std_uni,1,6.437875270843506,-4.886082649230957,1
OREBA-DIS_1012_1_grm_std_uni,1,6.628744602203369,-4.456081867218018,1
OREBA-DIS_1012_1_grm_std_uni,1,6.480310440063477,-4.421623229980469,1
OREBA-DIS_1012_1_grm_std_uni,1,6.135383605957031,-4.491459846496582,1
OREBA-DIS_1012_1_grm_std_uni,1,6.429525852203369,-4.563116073608398,1
OREBA-DIS_1012_1_grm_std_uni,1,7.031124114990234,-4.900919437408447,1
OREBA-DIS_1012_1_grm_std_uni,1,6.760539531707764,-4.570009231567383,1
OREBA-DIS_1012_1_grm_std_uni,1,6.858476638793945,-5.012796401977539,1
OREBA-DIS_1012_1_grm_std_uni,1,6.590481758117676,-4.909564018249512,1
OREBA-DIS_1012_1_grm_std_uni,1,5.708994388580322,-4.126126289367676,1
OREBA-DIS_1012_1_grm_std_uni,1,5.57029390335083,-3.8437042236328125,1
OREBA-DIS_1012_1_grm_std_uni,1,6.480485439300537,-4.173817157745361,1
OREBA-DIS_1012_1_grm_std_uni,1,7.705350399017334,-5.350144863128662,1
OREBA-DIS_1012_1_grm_std_uni,1,7.610401630401611,-5.624427795410156,1
OREBA-DIS_1012_1_grm_std_uni,1,6.78701114654541,-5.218687057495117,1
OREBA-DIS_1012_1_grm_std_uni,1,6.295926094055176,-4.77607536315918,1
OREBA-DIS_1012_1_grm_std_uni,1,6.087192058563232,-4.795790672302246,1
OREBA-DIS_1012_1_grm_std_uni,1,5.863415241241455,-4.9931559562683105,1
OREBA-DIS_1012_1_grm_std_uni,1,5.290308475494385,-4.672968864440918,1
OREBA-DIS_1012_1_grm_std_uni,1,5.902763366699219,-5.723522663116455,1
OREBA-DIS_1012_1_grm_std_uni,1,6.419488430023193,-6.549210548400879,1
OREBA-DIS_1012_1_grm_std_uni,1,6.552242755889893,-6.26544713973999,1
OREBA-DIS_1012_1_grm_std_uni,1,6.0251007080078125,-5.201675891876221,1
OREBA-DIS_1012_1_grm_std_uni,1,5.3772759437561035,-4.157303333282471,1
OREBA-DIS_1012_1_grm_std_uni,1,5.5300092697143555,-4.3451361656188965,1
OREBA-DIS_1012_1_grm_std_uni,1,5.81141996383667,-4.5687150955200195,1
OREBA-DIS_1012_1_grm_std_uni,1,6.113548755645752,-4.8405232429504395,1
OREBA-DIS_1012_1_grm_std_uni,1,6.075869560241699,-4.769655704498291,1
OREBA-DIS_1012_1_grm_std_uni,1,5.813627243041992,-4.774573802947998,1
OREBA-DIS_1012_1_grm_std_uni,1,5.486597061157227,-4.754156589508057,1
OREBA-DIS_1012_1_grm_std_uni,1,4.858325004577637,-3.999847173690796,1
OREBA-DIS_1012_1_grm_std_uni,1,5.428218841552734,-4.064382553100586,1
OREBA-DIS_1012_1_grm_std_uni,1,6.139235973358154,-4.40462589263916,1
OREBA-DIS_1012_1_grm_std_uni,1,6.190696716308594,-4.3794636726379395,1
OREBA-DIS_1012_1_grm_std_uni,1,5.32535982131958,-3.525829553604126,1
OREBA-DIS_1012_1_grm_std_uni,1,5.244171142578125,-3.7214601039886475,1
OREBA-DIS_1012_1_grm_std_uni,1,6.313223838806152,-4.488869667053223,1
OREBA-DIS_1012_1_grm_std_uni,1,6.399858474731445,-4.709609031677246,1
OREBA-DIS_1012_1_grm_std_uni,1,6.471933364868164,-5.249346733093262,1
OREBA-DIS_1012_1_grm_std_uni,1,6.369460105895996,-5.35630464553833,1
OREBA-DIS_1012_1_grm_std_uni,1,6.408918857574463,-5.762771129608154,1
OREBA-DIS_1012_1_grm_std_uni,1,6.623708248138428,-6.661571025848389,1
OREBA-DIS_1012_1_grm_std_uni,1,6.550834655761719,-6.945995330810547,1
OREBA-DIS_1012_1_grm_std_uni,1,5.676084041595459,-6.149254322052002,1
OREBA-DIS_1012_1_grm_std_uni,1,5.476394176483154,-4.90416145324707,1
OREBA-DIS_1012_1_grm_std_uni,1,5.21144962310791,-3.27372407913208,1
OREBA-DIS_1012_1_grm_std_uni,1,6.299750328063965,-4.064627170562744,1
OREBA-DIS_1012_1_grm_std_uni,1,6.723127841949463,-4.4431328773498535,1
OREBA-DIS_1012_1_grm_std_uni,1,7.193948268890381,-5.25629186630249,1
OREBA-DIS_1012_1_grm_std_uni,1,7.399992942810059,-5.965061664581299,1
OREBA-DIS_1012_1_grm_std_uni,1,6.291523456573486,-4.725001335144043,1
OREBA-DIS_1012_1_grm_std_uni,1,5.958906650543213,-4.2174391746521,1
OREBA-DIS_1012_1_grm_std_uni,1,6.408868789672852,-5.092182159423828,1
OREBA-DIS_1012_1_grm_std_uni,1,6.974818229675293,-6.302520751953125,1
OREBA-DIS_1012_1_grm_std_uni,1,6.94399356842041,-6.680521011352539,1
OREBA-DIS_1012_1_grm_std_uni,1,6.895606517791748,-6.7661051750183105,1
OREBA-DIS_1012_1_grm_std_uni,1,7.0061821937561035,-6.569027423858643,1
OREBA-DIS_1012_1_grm_std_uni,1,6.854045391082764,-6.301649570465088,1
OREBA-DIS_1012_1_grm_std_uni,1,6.9153313636779785,-6.0585174560546875,1
OREBA-DIS_1012_1_grm_std_uni,1,6.135926246643066,-5.174835205078125,1
OREBA-DIS_1012_1_grm_std_uni,1,5.490212440490723,-4.290271759033203,1
OREBA-DIS_1012_1_grm_std_uni,1,5.787930488586426,-3.8204433917999268,1
OREBA-DIS_1012_1_grm_std_uni,1,6.335017204284668,-4.128949165344238,1
OREBA-DIS_1012_1_grm_std_uni,1,6.2266058921813965,-4.591635704040527,1
OREBA-DIS_1012_1_grm_std_uni,1,6.187903881072998,-4.6707048416137695,1
OREBA-DIS_1012_1_grm_std_uni,1,5.930975437164307,-4.322401523590088,1
OREBA-DIS_1012_1_grm_std_uni,1,6.433706760406494,-4.456350803375244,1
OREBA-DIS_1012_1_grm_std_uni,1,5.749146938323975,-4.0448784828186035,1
OREBA-DIS_1012_1_grm_std_uni,1,5.277469158172607,-3.533449411392212,1
OREBA-DIS_1012_1_grm_std_uni,1,5.316169738769531,-3.292583465576172,1
OREBA-DIS_1012_1_grm_std_uni,1,5.100522994995117,-3.107311487197876,1
OREBA-DIS_1012_1_grm_std_uni,1,5.351986885070801,-3.704948902130127,1
OREBA-DIS_1012_1_grm_std_uni,1,5.394277095794678,-4.0028204917907715,1
OREBA-DIS_1012_1_grm_std_uni,1,5.5794267654418945,-4.074844837188721,1
OREBA-DIS_1012_1_grm_std_uni,1,5.876216411590576,-4.51179313659668,1
OREBA-DIS_1012_1_grm_std_uni,1,6.0092692375183105,-4.929220676422119,1
OREBA-DIS_1012_1_grm_std_uni,1,5.701714992523193,-5.318748950958252,1
OREBA-DIS_1012_1_grm_std_uni,1,5.370226860046387,-5.585899829864502,1
OREBA-DIS_1012_1_grm_std_uni,1,4.396795272827148,-4.905250072479248,1
OREBA-DIS_1012_1_grm_std_uni,1,4.192679405212402,-4.635547637939453,1
OREBA-DIS_1012_1_grm_std_uni,1,3.9835572242736816,-3.4457647800445557,1
OREBA-DIS_1012_1_grm_std_uni,1,4.051161289215088,-2.673671007156372,1
OREBA-DIS_1012_1_grm_std_uni,1,4.706537246704102,-3.1910319328308105,1
OREBA-DIS_1012_1_grm_std_uni,1,5.685290813446045,-3.614362955093384,1
OREBA-DIS_1012_1_grm_std_uni,1,6.315269470214844,-4.217348575592041,1
OREBA-DIS_1012_1_grm_std_uni,1,6.96502685546875,-5.475519180297852,1
OREBA-DIS_1012_1_grm_std_uni,1,7.433617115020752,-6.356902599334717,1
OREBA-DIS_1012_1_grm_std_uni,1,6.919229507446289,-5.817317962646484,1
OREBA-DIS_1012_1_grm_std_uni,1,6.7329583168029785,-5.898865222930908,1
OREBA-DIS_1012_1_grm_std_uni,1,6.496835231781006,-6.478690147399902,1
OREBA-DIS_1012_1_grm_std_uni,1,6.531773567199707,-6.626438617706299,1
OREBA-DIS_1012_1_grm_std_uni,1,5.995142936706543,-5.984210968017578,1
OREBA-DIS_1012_1_grm_std_uni,1,5.707836627960205,-5.673247814178467,1
OREBA-DIS_1012_1_grm_std_uni,1,6.538094997406006,-5.501317977905273,1
OREBA-DIS_1012_1_grm_std_uni,1,7.484748363494873,-4.565014839172363,1
OREBA-DIS_1012_1_grm_std_uni,1,7.965617656707764,-4.569643974304199,1
OREBA-DIS_1012_1_grm_std_uni,1,7.6576433181762695,-4.820772647857666,1
OREBA-DIS_1012_1_grm_std_uni,1,7.046030044555664,-5.727754592895508,1
OREBA-DIS_1012_1_grm_std_uni,1,6.877254486083984,-5.915615081787109,1
OREBA-DIS_1012_1_grm_std_uni,1,6.318724632263184,-5.630888938903809,1
OREBA-DIS_1012_1_grm_std_uni,1,7.056856155395508,-6.141979217529297,1
OREBA-DIS_1012_1_grm_std_uni,1,7.560251712799072,-6.187899589538574,1
OREBA-DIS_1012_1_grm_std_uni,1,7.396246910095215,-6.15413761138916,1
OREBA-DIS_1012_1_grm_std_uni,1,7.135857105255127,-5.931260585784912,1
OREBA-DIS_1012_1_grm_std_uni,1,6.954687595367432,-5.481815814971924,1
OREBA-DIS_1012_1_grm_std_uni,1,6.994845867156982,-5.57043981552124,1
OREBA-DIS_1012_1_grm_std_uni,1,6.594752788543701,-5.402259349822998,1
OREBA-DIS_1012_1_grm_std_uni,1,5.459686279296875,-4.6019134521484375,1
OREBA-DIS_1012_1_grm_std_uni,1,5.689085483551025,-3.896052837371826,1
OREBA-DIS_1012_1_grm_std_uni,1,6.33132791519165,-3.3251793384552,1
OREBA-DIS_1012_1_grm_std_uni,1,6.332781791687012,-3.152026653289795,1
OREBA-DIS_1012_1_grm_std_uni,1,7.368950366973877,-4.327550888061523,1
OREBA-DIS_1012_1_grm_std_uni,1,7.577511787414551,-5.4421706199646,1
OREBA-DIS_1012_1_grm_std_uni,1,7.220508098602295,-5.344280242919922,1
OREBA-DIS_1012_1_grm_std_uni,1,6.734097480773926,-4.689966678619385,1
OREBA-DIS_1012_1_grm_std_uni,1,6.87825870513916,-4.666783332824707,1
OREBA-DIS_1012_1_grm_std_uni,1,7.31771183013916,-4.968777656555176,1
OREBA-DIS_1012_1_grm_std_uni,1,6.657694339752197,-4.844071388244629,1
OREBA-DIS_1012_1_grm_std_uni,1,6.96362829208374,-5.132513999938965,1
OREBA-DIS_1012_1_grm_std_uni,1,6.964132785797119,-5.6250128746032715,1
OREBA-DIS_1012_1_grm_std_uni,1,5.740543365478516,-5.450222015380859,1
OREBA-DIS_1012_1_grm_std_uni,1,4.6000261306762695,-5.720247745513916,1
OREBA-DIS_1012_1_grm_std_uni,1,5.069293022155762,-6.213921546936035,1
OREBA-DIS_1012_1_grm_std_uni,1,5.5169172286987305,-6.285358428955078,1
OREBA-DIS_1012_1_grm_std_uni,1,5.573187351226807,-5.662199020385742,1
OREBA-DIS_1012_1_grm_std_uni,1,5.086656093597412,-3.897416114807129,1
OREBA-DIS_1012_1_grm_std_uni,1,5.516846656799316,-4.074061393737793,1
OREBA-DIS_1012_1_grm_std_uni,1,5.90556526184082,-5.157202243804932,1
OREBA-DIS_1012_1_grm_std_uni,1,6.2227678298950195,-5.6995463371276855,1
OREBA-DIS_1012_1_grm_std_uni,1,6.314822196960449,-5.617157936096191,1
OREBA-DIS_1012_1_grm_std_uni,1,6.119080066680908,-5.609920501708984,1
OREBA-DIS_1012_1_grm_std_uni,1,5.5907440185546875,-5.549710750579834,1
OREBA-DIS_1012_1_grm_std_uni,1,5.004984378814697,-5.328977108001709,1
OREBA-DIS_1012_1_grm_std_uni,1,4.553856372833252,-5.418432712554932,1
OREBA-DIS_1012_1_grm_std_uni,1,4.408504486083984,-5.274237155914307,1
OREBA-DIS_1012_1_grm_std_uni,1,4.748318672180176,-5.3097944259643555,1
OREBA-DIS_1012_1_grm_std_uni,1,4.711645603179932,-5.229477405548096,1
OREBA-DIS_1012_1_grm_std_uni,1,4.711702346801758,-4.979796886444092,1
OREBA-DIS_1012_1_grm_std_uni,1,4.817768573760986,-4.901975631713867,1
OREBA-DIS_1012_1_grm_std_uni,1,4.853923320770264,-5.023195266723633,1
OREBA-DIS_1012_1_grm_std_uni,1,4.77895975112915,-5.114753723144531,1
OREBA-DIS_1012_1_grm_std_uni,1,5.01438045501709,-5.292039394378662,1
OREBA-DIS_1012_1_grm_std_uni,1,4.487069129943848,-4.976897716522217,1
OREBA-DIS_1012_1_grm_std_uni,1,4.02714729309082,-4.493416786193848,1
OREBA-DIS_1012_1_grm_std_uni,1,4.456430912017822,-4.680071830749512,1
OREBA-DIS_1012_1_grm_std_uni,1,4.037966251373291,-2.521362781524658,1
OREBA-DIS_1012_1_grm_std_uni,1,4.122506141662598,-1.6926628351211548,1
OREBA-DIS_1012_1_grm_std_uni,1,5.09887170791626,-2.6271982192993164,1
OREBA-DIS_1012_1_grm_std_uni,1,4.503605842590332,-2.9427709579467773,1
OREBA-DIS_1012_1_grm_std_uni,1,4.606598377227783,-3.794398307800293,1
OREBA-DIS_1012_1_grm_std_uni,1,4.525177001953125,-4.0668864250183105,1
OREBA-DIS_1012_1_grm_std_uni,1,4.756941318511963,-4.6122283935546875,1
OREBA-DIS_1012_1_grm_std_uni,1,4.786837577819824,-4.786773681640625,1
OREBA-DIS_1012_1_grm_std_uni,1,4.263000011444092,-4.31473445892334,1
OREBA-DIS_1012_1_grm_std_uni,1,4.399557590484619,-4.3445634841918945,1
OREBA-DIS_1012_1_grm_std_uni,1,4.7312164306640625,-4.617807865142822,1
OREBA-DIS_1012_1_grm_std_uni,1,5.006781101226807,-4.760244369506836,1
OREBA-DIS_1012_1_grm_std_uni,1,4.859286785125732,-4.599127292633057,1
OREBA-DIS_1012_1_grm_std_uni,1,4.274422645568848,-3.472167730331421,1
OREBA-DIS_1012_1_grm_std_uni,1,3.0686981678009033,-2.4598400592803955,1
OREBA-DIS_1012_1_grm_std_uni,1,2.4981369972229004,-1.9660673141479492,1
OREBA-DIS_1012_1_grm_std_uni,1,4.502415657043457,-3.128655433654785,1
OREBA-DIS_1012_1_grm_std_uni,1,5.605070114135742,-4.465142726898193,1
OREBA-DIS_1012_1_grm_std_uni,1,6.105719566345215,-5.148326873779297,1
OREBA-DIS_1012_1_grm_std_uni,1,4.816000938415527,-4.666950702667236,1
OREBA-DIS_1012_1_grm_std_uni,1,4.584796905517578,-4.9189348220825195,1
OREBA-DIS_1012_1_grm_std_uni,1,4.103799819946289,-4.220325946807861,1
OREBA-DIS_1012_1_grm_std_uni,1,4.176958084106445,-2.970365047454834,1
OREBA-DIS_1012_1_grm_std_uni,1,4.546151638031006,-2.6349563598632812,1
OREBA-DIS_1012_1_grm_std_uni,1,5.469562530517578,-2.724109649658203,1
OREBA-DIS_1012_1_grm_std_uni,1,5.721810340881348,-3.823883056640625,1
OREBA-DIS_1012_1_grm_std_uni,1,6.057395935058594,-5.121640205383301,1
OREBA-DIS_1012_1_grm_std_uni,1,6.124990463256836,-5.761297702789307,1
OREBA-DIS_1012_1_grm_std_uni,1,6.6036248207092285,-6.1908392906188965,1
OREBA-DIS_1012_1_grm_std_uni,1,6.143281936645508,-5.360421180725098,1
OREBA-DIS_1012_1_grm_std_uni,1,6.433145046234131,-4.845520973205566,1
OREBA-DIS_1012_1_grm_std_uni,1,6.848713397979736,-5.081747055053711,1
OREBA-DIS_1012_1_grm_std_uni,1,6.705350875854492,-4.846962928771973,1
OREBA-DIS_1012_1_grm_std_uni,1,6.33730411529541,-4.332794666290283,1
OREBA-DIS_1012_1_grm_std_uni,1,6.219461441040039,-3.9776813983917236,1
OREBA-DIS_1012_1_grm_std_uni,1,6.406681060791016,-4.494752407073975,1
OREBA-DIS_1012_1_grm_std_uni,1,6.746731758117676,-5.040619850158691,1
OREBA-DIS_1012_1_grm_std_uni,1,7.221585750579834,-5.297662734985352,1
OREBA-DIS_1012_1_grm_std_uni,1,6.5814337730407715,-5.294450283050537,1
OREBA-DIS_1012_1_grm_std_uni,1,5.21343994140625,-4.856410503387451,1
OREBA-DIS_1012_1_grm_std_uni,1,4.4619340896606445,-3.5713443756103516,1
OREBA-DIS_1012_1_grm_std_uni,1,4.373281478881836,-3.1741650104522705,1
OREBA-DIS_1012_1_grm_std_uni,1,4.8096489906311035,-3.354743003845215,1
OREBA-DIS_1012_1_grm_std_uni,1,5.590942859649658,-4.107075214385986,1
OREBA-DIS_1012_1_grm_std_uni,1,5.555653095245361,-4.403249740600586,1
OREBA-DIS_1012_1_grm_std_uni,1,4.78645133972168,-3.512395143508911,1
OREBA-DIS_1012_1_grm_std_uni,1,3.475675106048584,-2.0202367305755615,1
OREBA-DIS_1012_1_grm_std_uni,1,4.347976207733154,-2.4568731784820557,1
OREBA-DIS_1012_1_grm_std_uni,1,5.452191352844238,-2.673736333847046,1
OREBA-DIS_1012_1_grm_std_uni,1,5.225582122802734,-2.8656249046325684,1
OREBA-DIS_1012_1_grm_std_uni,1,6.0098466873168945,-4.366917610168457,1
OREBA-DIS_1012_1_grm_std_uni,1,6.882055282592773,-4.729701042175293,1
OREBA-DIS_1012_1_grm_std_uni,1,6.647279739379883,-4.359310626983643,1
OREBA-DIS_1012_1_grm_std_uni,1,6.427618026733398,-4.288314342498779,1
OREBA-DIS_1012_1_grm_std_uni,1,6.870954513549805,-5.1900634765625,1
OREBA-DIS_1012_1_grm_std_uni,1,7.187340259552002,-4.674727439880371,1
OREBA-DIS_1012_1_grm_std_uni,1,7.3788933753967285,-4.264307498931885,1
OREBA-DIS_1012_1_grm_std_uni,1,7.702123165130615,-4.704301357269287,1
OREBA-DIS_1012_1_grm_std_uni,1,7.256389141082764,-5.770793437957764,1
OREBA-DIS_1012_1_grm_std_uni,1,6.872197151184082,-5.705843925476074,1
OREBA-DIS_1012_1_grm_std_uni,1,6.980892658233643,-5.365527629852295,1
OREBA-DIS_1012_1_grm_std_uni,1,6.633825778961182,-4.918980598449707,1
OREBA-DIS_1012_1_grm_std_uni,1,5.797944068908691,-4.842048168182373,1
OREBA-DIS_1012_1_grm_std_uni,1,5.597513675689697,-5.083356857299805,1
OREBA-DIS_1012_1_grm_std_uni,1,5.277536869049072,-5.16135835647583,1
OREBA-DIS_1012_1_grm_std_uni,1,5.431830883026123,-5.0334153175354,1
OREBA-DIS_1012_1_grm_std_uni,1,5.308182239532471,-4.948678493499756,1
OREBA-DIS_1012_1_grm_std_uni,1,6.084632873535156,-5.17570161819458,1
OREBA-DIS_1012_1_grm_std_uni,1,6.358161926269531,-5.181980133056641,1
OREBA-DIS_1012_1_grm_std_uni,1,6.720254898071289,-5.704283237457275,1
OREBA-DIS_1012_1_grm_std_uni,1,6.514151573181152,-5.186158657073975,1
OREBA-DIS_1012_1_grm_std_uni,1,6.146994590759277,-4.80109167098999,1
OREBA-DIS_1012_1_grm_std_uni,1,6.538185119628906,-4.926862716674805,1
OREBA-DIS_1012_1_grm_std_uni,1,7.363422870635986,-5.433238983154297,1
OREBA-DIS_1012_1_grm_std_uni,1,7.241920471191406,-5.105991840362549,1
OREBA-DIS_1012_1_grm_std_uni,1,6.552596092224121,-5.1540141105651855,1
OREBA-DIS_1012_1_grm_std_uni,1,6.193528652191162,-5.110243797302246,1
OREBA-DIS_1012_1_grm_std_uni,1,6.2574543952941895,-4.966274738311768,1
OREBA-DIS_1012_1_grm_std_uni,1,5.670285224914551,-4.803890705108643,1
OREBA-DIS_1012_1_grm_std_uni,1,5.096512317657471,-4.48637056350708,1
OREBA-DIS_1012_1_grm_std_uni,1,4.623816013336182,-3.9677908420562744,1
OREBA-DIS_1012_1_grm_std_uni,1,5.007342338562012,-3.8773915767669678,1
OREBA-DIS_1012_1_grm_std_uni,1,5.307222366333008,-3.259951591491699,1
OREBA-DIS_1012_1_grm_std_uni,1,6.247679233551025,-3.212012767791748,1
OREBA-DIS_1012_1_grm_std_uni,1,6.771937370300293,-3.6381611824035645,1
OREBA-DIS_1012_1_grm_std_uni,1,7.164011478424072,-4.694029331207275,1
OREBA-DIS_1012_1_grm_std_uni,1,6.803327560424805,-3.9357316493988037,1
OREBA-DIS_1012_1_grm_std_uni,1,6.048032760620117,-3.3057124614715576,1
OREBA-DIS_1012_1_grm_std_uni,1,6.022439956665039,-3.9106664657592773,1
OREBA-DIS_1012_1_grm_std_uni,1,6.303769111633301,-4.769876956939697,1
OREBA-DIS_1012_1_grm_std_uni,1,6.46947717666626,-5.205426216125488,1
OREBA-DIS_1012_1_grm_std_uni,1,6.757256507873535,-5.185367107391357,1
OREBA-DIS_1012_1_grm_std_uni,1,6.263894081115723,-4.20607852935791,1
OREBA-DIS_1012_1_grm_std_uni,1,5.774169921875,-3.8224809169769287,1
OREBA-DIS_1012_1_grm_std_uni,1,6.08751916885376,-3.5420477390289307,1
OREBA-DIS_1012_1_grm_std_uni,1,6.703373432159424,-3.9152567386627197,1
OREBA-DIS_1012_1_grm_std_uni,1,7.084076881408691,-4.018457889556885,1
OREBA-DIS_1012_1_grm_std_uni,1,7.961059093475342,-4.2982401847839355,1
OREBA-DIS_1012_1_grm_std_uni,1,7.624041557312012,-4.02259635925293,1
OREBA-DIS_1012_1_grm_std_uni,1,7.35659646987915,-4.47021484375,1
OREBA-DIS_1012_1_grm_std_uni,1,7.323976039886475,-4.754372596740723,1
OREBA-DIS_1012_1_grm_std_uni,1,7.199113368988037,-4.557606220245361,1
OREBA-DIS_1012_1_grm_std_uni,1,7.711204528808594,-4.289394378662109,1
OREBA-DIS_1012_1_grm_std_uni,1,7.6169023513793945,-4.232708930969238,1
OREBA-DIS_1012_1_grm_std_uni,1,8.202926635742188,-5.110428333282471,1
OREBA-DIS_1012_1_grm_std_uni,1,8.10728645324707,-5.4697489738464355,1
OREBA-DIS_1012_1_grm_std_uni,1,7.634012222290039,-4.533320903778076,1
OREBA-DIS_1012_1_grm_std_uni,1,7.613962650299072,-4.08160924911499,1
OREBA-DIS_1012_1_grm_std_uni,1,7.787537097930908,-3.990051507949829,1
OREBA-DIS_1012_1_grm_std_uni,1,7.994889259338379,-4.258543014526367,1
OREBA-DIS_1012_1_grm_std_uni,1,8.216097831726074,-4.6114678382873535,1
OREBA-DIS_1012_1_grm_std_uni,1,8.148977279663086,-4.968336582183838,1
OREBA-DIS_1012_1_grm_std_uni,1,8.09721565246582,-5.048379898071289,1
OREBA-DIS_1012_1_grm_std_uni,1,7.753308296203613,-5.33667516708374,1
OREBA-DIS_1012_1_grm_std_uni,1,7.558622360229492,-4.759375095367432,1
OREBA-DIS_1012_1_grm_std_uni,1,6.583906173706055,-3.481297254562378,1
OREBA-DIS_1012_1_grm_std_uni,1,6.81036376953125,-3.7023637294769287,1
OREBA-DIS_1012_1_grm_std_uni,1,7.274202823638916,-4.069244384765625,1
OREBA-DIS_1012_1_grm_std_uni,1,6.834675312042236,-4.150001049041748,1
OREBA-DIS_1012_1_grm_std_uni,1,6.363149642944336,-3.7760536670684814,1
OREBA-DIS_1012_1_grm_std_uni,1,6.738956928253174,-4.170990467071533,1
OREBA-DIS_1012_1_grm_std_uni,1,7.0904340744018555,-4.668333053588867,1
OREBA-DIS_1012_1_grm_std_uni,1,6.59390926361084,-4.703091621398926,1
OREBA-DIS_1012_1_grm_std_uni,1,6.158508777618408,-4.9191670417785645,1
OREBA-DIS_1012_1_grm_std_uni,1,6.030814170837402,-5.1430983543396,1
OREBA-DIS_1012_1_grm_std_uni,1,6.304084300994873,-5.622280120849609,1
OREBA-DIS_1012_1_grm_std_uni,1,6.254746437072754,-5.853648662567139,1
OREBA-DIS_1012_1_grm_std_uni,1,6.13925838470459,-5.884308815002441,1
OREBA-DIS_1012_1_grm_std_uni,1,5.577737808227539,-5.672882080078125,1
OREBA-DIS_1012_1_grm_std_uni,1,5.087769031524658,-5.6049723625183105,1
OREBA-DIS_1012_1_grm_std_uni,1,5.218559741973877,-5.688230991363525,1
OREBA-DIS_1012_1_grm_std_uni,1,5.121599197387695,-5.553187370300293,1
OREBA-DIS_1012_1_grm_std_uni,1,5.0427350997924805,-5.593591213226318,1
OREBA-DIS_1012_1_grm_std_uni,1,4.893893718719482,-5.639050483703613,1
OREBA-DIS_1012_1_grm_std_uni,1,4.842818260192871,-5.626001834869385,1
OREBA-DIS_1012_1_grm_std_uni,1,5.006969928741455,-5.410458564758301,1
OREBA-DIS_1012_1_grm_std_uni,1,5.302740097045898,-5.51936674118042,1
OREBA-DIS_1012_1_grm_std_uni,1,5.175983428955078,-5.186295032501221,1
OREBA-DIS_1012_1_grm_std_uni,1,5.075716495513916,-5.275562763214111,1
OREBA-DIS_1012_1_grm_std_uni,1,4.975094795227051,-5.351304054260254,1
OREBA-DIS_1012_1_grm_std_uni,1,5.035621166229248,-5.239617824554443,1
OREBA-DIS_1012_1_grm_std_uni,1,5.337216377258301,-5.313068866729736,1
OREBA-DIS_1012_1_grm_std_uni,1,5.49135160446167,-5.466805458068848,1
OREBA-DIS_1012_1_grm_std_uni,1,5.076050281524658,-5.520524501800537,1
OREBA-DIS_1012_1_grm_std_uni,1,4.316255569458008,-5.520817756652832,1
OREBA-DIS_1012_1_grm_std_uni,1,3.5844521522521973,-5.287660598754883,1
OREBA-DIS_1012_1_grm_std_uni,1,3.892179250717163,-5.411718845367432,1
OREBA-DIS_1012_1_grm_std_uni,1,5.1303181648254395,-6.092320919036865,1
OREBA-DIS_1012_1_grm_std_uni,1,5.750871181488037,-6.230075359344482,1
OREBA-DIS_1012_1_grm_std_uni,1,5.165555000305176,-4.915182590484619,1
OREBA-DIS_1012_1_grm_std_uni,1,4.955183029174805,-5.004191875457764,1
OREBA-DIS_1012_1_grm_std_uni,1,4.883313179016113,-5.046667575836182,1
OREBA-DIS_1012_1_grm_std_uni,1,4.725421905517578,-4.583045482635498,1
OREBA-DIS_1012_1_grm_std_uni,1,4.463438987731934,-4.196032524108887,1
OREBA-DIS_1012_1_grm_std_uni,1,4.228871822357178,-3.9762561321258545,1
OREBA-DIS_1012_1_grm_std_uni,1,4.630452632904053,-4.454225540161133,1
OREBA-DIS_1012_1_grm_std_uni,1,5.510032653808594,-5.291245460510254,1
OREBA-DIS_1012_1_grm_std_uni,1,5.4050726890563965,-5.3916544914245605,1
OREBA-DIS_1012_1_grm_std_uni,1,5.553420066833496,-5.655837535858154,1
OREBA-DIS_1012_1_grm_std_uni,1,5.1877970695495605,-5.036952495574951,1
OREBA-DIS_1012_1_grm_std_uni,1,4.448056697845459,-4.2206501960754395,1
OREBA-DIS_1012_1_grm_std_uni,1,4.447458744049072,-4.080230712890625,1
OREBA-DIS_1012_1_grm_std_uni,1,4.851290225982666,-4.186230182647705,1
OREBA-DIS_1012_1_grm_std_uni,1,5.5068359375,-4.869180202484131,1
OREBA-DIS_1012_1_grm_std_uni,1,5.5341410636901855,-4.957281589508057,1
OREBA-DIS_1012_1_grm_std_uni,1,4.7303876876831055,-4.162268161773682,1
OREBA-DIS_1012_1_grm_std_uni,1,4.511371612548828,-3.7204244136810303,1
OREBA-DIS_1012_1_grm_std_uni,1,4.719366073608398,-3.776916265487671,1
OREBA-DIS_1012_1_grm_std_uni,1,5.149443626403809,-4.388850688934326,1
OREBA-DIS_1012_1_grm_std_uni,1,5.751806735992432,-4.810340881347656,1
OREBA-DIS_1012_1_grm_std_uni,1,6.2962517738342285,-4.213057041168213,1
OREBA-DIS_1012_1_grm_std_uni,1,6.898042678833008,-4.337783336639404,1
OREBA-DIS_1012_1_grm_std_uni,1,6.959920406341553,-4.826688766479492,1
OREBA-DIS_1012_1_grm_std_uni,1,7.573275089263916,-5.610162734985352,1
OREBA-DIS_1012_1_grm_std_uni,1,7.566725730895996,-5.422565937042236,1
OREBA-DIS_1012_1_grm_std_uni,1,7.644254207611084,-5.1258368492126465,1
OREBA-DIS_1012_1_grm_std_uni,1,7.403916358947754,-4.95552396774292,1
OREBA-DIS_1012_1_grm_std_uni,1,7.4953203201293945,-5.136697769165039,1
OREBA-DIS_1012_1_grm_std_uni,1,7.314476013183594,-4.928065776824951,1
OREBA-DIS_1012_1_grm_std_uni,1,6.953850746154785,-4.642889022827148,1
OREBA-DIS_1012_1_grm_std_uni,1,6.2571940422058105,-4.6084208488464355,1
OREBA-DIS_1012_1_grm_std_uni,1,6.1057634353637695,-4.667726516723633,1
OREBA-DIS_1012_1_grm_std_uni,1,6.124337196350098,-4.580461025238037,1
OREBA-DIS_1012_1_grm_std_uni,1,6.157847881317139,-4.5036492347717285,1
OREBA-DIS_1012_1_grm_std_uni,1,4.473237991333008,-3.9110734462738037,1
OREBA-DIS_1012_1_grm_std_uni,1,4.851091384887695,-3.9004669189453125,1
OREBA-DIS_1012_1_grm_std_uni,1,5.447662830352783,-3.37801194190979,1
OREBA-DIS_1012_1_grm_std_uni,1,5.722251892089844,-3.122838020324707,1
OREBA-DIS_1012_1_grm_std_uni,1,6.450733661651611,-3.9841043949127197,1
OREBA-DIS_1012_1_grm_std_uni,1,7.042075157165527,-4.555547714233398,1
OREBA-DIS_1012_1_grm_std_uni,1,6.830921173095703,-4.257907867431641,1
OREBA-DIS_1012_1_grm_std_uni,1,6.5447564125061035,-4.36745023727417,1
OREBA-DIS_1012_1_grm_std_uni,1,5.076907634735107,-3.770047187805176,1
OREBA-DIS_1012_1_grm_std_uni,1,4.483781337738037,-3.6032967567443848,1
OREBA-DIS_1012_1_grm_std_uni,1,4.74845027923584,-3.5058789253234863,1
OREBA-DIS_1012_1_grm_std_uni,1,4.850320816040039,-3.72609281539917,1
OREBA-DIS_1012_1_grm_std_uni,1,5.046684741973877,-4.547442436218262,1
OREBA-DIS_1012_1_grm_std_uni,1,4.70717191696167,-4.819783687591553,1
OREBA-DIS_1012_1_grm_std_uni,1,4.272113800048828,-5.048986911773682,1
OREBA-DIS_1012_1_grm_std_uni,1,4.264349937438965,-5.43117094039917,1
OREBA-DIS_1012_1_grm_std_uni,1,3.822258949279785,-5.2398810386657715,1
OREBA-DIS_1012_1_grm_std_uni,1,3.5311715602874756,-4.8196187019348145,1
OREBA-DIS_1012_1_grm_std_uni,1,3.9044246673583984,-5.190271854400635,1
OREBA-DIS_1012_1_grm_std_uni,1,4.276005268096924,-5.546831130981445,1
OREBA-DIS_1012_1_grm_std_uni,1,4.32098388671875,-5.668868541717529,1
OREBA-DIS_1012_1_grm_std_uni,1,4.554060935974121,-5.821879863739014,1
OREBA-DIS_1012_1_grm_std_uni,1,4.620821952819824,-5.9229936599731445,1
OREBA-DIS_1012_1_grm_std_uni,1,4.726182460784912,-6.036808967590332,1
OREBA-DIS_1012_1_grm_std_uni,1,5.062377452850342,-6.2084784507751465,1
OREBA-DIS_1012_1_grm_std_uni,1,5.428685188293457,-6.77754020690918,1
OREBA-DIS_1012_1_grm_std_uni,1,5.18607759475708,-6.334896564483643,1
OREBA-DIS_1012_1_grm_std_uni,1,4.6618547439575195,-5.237673282623291,1
OREBA-DIS_1012_1_grm_std_uni,1,5.011786460876465,-4.985404968261719,1
OREBA-DIS_1012_1_grm_std_uni,1,5.952383518218994,-6.141592502593994,1
OREBA-DIS_1012_1_grm_std_uni,1,6.256826400756836,-6.565427303314209,1
OREBA-DIS_1012_1_grm_std_uni,1,4.662408351898193,-5.602691650390625,1
OREBA-DIS_1012_1_grm_std_uni,1,2.928889036178589,-3.1851584911346436,1
OREBA-DIS_1012_1_grm_std_uni,1,2.19366717338562,-2.0436484813690186,1
OREBA-DIS_1012_1_grm_std_uni,1,3.213707685470581,-2.7383859157562256,1
OREBA-DIS_1012_1_grm_std_uni,1,4.069076061248779,-4.703907012939453,1
OREBA-DIS_1012_1_grm_std_uni,1,4.89769172668457,-5.381076812744141,1
OREBA-DIS_1012_1_grm_std_uni,1,4.589543342590332,-5.093761920928955,1
OREBA-DIS_1012_1_grm_std_uni,1,4.40155553817749,-4.1437668800354,1
OREBA-DIS_1012_1_grm_std_uni,1,5.472625255584717,-5.507242202758789,1
OREBA-DIS_1012_1_grm_std_uni,1,5.995197772979736,-6.279354572296143,1
OREBA-DIS_1012_1_grm_std_uni,1,6.370821952819824,-6.676018714904785,1
OREBA-DIS_1012_1_grm_std_uni,1,6.9916534423828125,-6.631802082061768,1
OREBA-DIS_1012_1_grm_std_uni,1,6.332512378692627,-5.6869306564331055,1
OREBA-DIS_1012_1_grm_std_uni,1,5.285036087036133,-4.6677727699279785,1
OREBA-DIS_1012_1_grm_std_uni,1,4.520030975341797,-4.318603992462158,1
OREBA-DIS_1012_1_grm_std_uni,1,3.7845778465270996,-3.2896087169647217,1
OREBA-DIS_1012_1_grm_std_uni,1,3.4873383045196533,-3.102789878845215,1
OREBA-DIS_1012_1_grm_std_uni,1,4.159909725189209,-3.7917919158935547,1
OREBA-DIS_1012_1_grm_std_uni,1,4.353277206420898,-4.161490440368652,1
OREBA-DIS_1012_1_grm_std_uni,1,4.536604881286621,-3.6897943019866943,1
OREBA-DIS_1012_1_grm_std_uni,1,5.250372886657715,-3.726414680480957,1
OREBA-DIS_1012_1_grm_std_uni,1,5.689044952392578,-3.9173693656921387,1
OREBA-DIS_1012_1_grm_std_uni,1,6.13844633102417,-3.9517388343811035,1
OREBA-DIS_1012_1_grm_std_uni,1,6.458362102508545,-4.1387739181518555,1
OREBA-DIS_1012_1_grm_std_uni,1,6.782961845397949,-4.769583225250244,1
OREBA-DIS_1012_1_grm_std_uni,1,6.930840015411377,-4.523158550262451,1
OREBA-DIS_1012_1_grm_std_uni,1,6.501180648803711,-3.929152250289917,1
OREBA-DIS_1012_1_grm_std_uni,1,6.043105602264404,-3.8174965381622314,1
OREBA-DIS_1012_1_grm_std_uni,1,6.28806734085083,-3.792308807373047,1
OREBA-DIS_1012_1_grm_std_uni,1,6.318784713745117,-3.0384774208068848,1
OREBA-DIS_1012_1_grm_std_uni,1,6.80824613571167,-2.724799633026123,1
OREBA-DIS_1012_1_grm_std_uni,1,7.637325286865234,-4.057822227478027,1
OREBA-DIS_1012_1_grm_std_uni,1,6.515968322753906,-3.683206796646118,1
OREBA-DIS_1012_1_grm_std_uni,1,6.246997833251953,-3.2426512241363525,1
OREBA-DIS_1012_1_grm_std_uni,1,5.8332719802856445,-2.7114672660827637,1
OREBA-DIS_1012_1_grm_std_uni,1,5.600065231323242,-3.4744060039520264,1
OREBA-DIS_1012_1_grm_std_uni,1,5.76987361907959,-4.624789237976074,1
OREBA-DIS_1012_1_grm_std_uni,1,5.824298858642578,-5.299731254577637,1
OREBA-DIS_1012_1_grm_std_uni,1,6.201498031616211,-6.067274570465088,1
OREBA-DIS_1012_1_grm_std_uni,1,7.391570091247559,-6.912490367889404,1
OREBA-DIS_1012_1_grm_std_uni,1,6.642599582672119,-6.176973819732666,1
OREBA-DIS_1012_1_grm_std_uni,1,6.536495685577393,-5.531207084655762,1
OREBA-DIS_1012_1_grm_std_uni,1,6.762999057769775,-5.193805694580078,1
OREBA-DIS_1012_1_grm_std_uni,2,6.21371603012085,-4.694080829620361,1
OREBA-DIS_1012_1_grm_std_uni,2,5.823628902435303,-4.84904670715332,1
OREBA-DIS_1012_1_grm_std_uni,2,5.6713690757751465,-4.704074859619141,1
OREBA-DIS_1012_1_grm_std_uni,2,6.106430530548096,-5.453725814819336,1
OREBA-DIS_1012_1_grm_std_uni,2,6.76018762588501,-6.297124862670898,1
OREBA-DIS_1012_1_grm_std_uni,2,7.0485358238220215,-6.365333557128906,1
OREBA-DIS_1012_1_grm_std_uni,2,7.168773174285889,-6.482771396636963,1
OREBA-DIS_1012_1_grm_std_uni,2,7.298351287841797,-6.869214057922363,1
OREBA-DIS_1012_1_grm_std_uni,2,7.599368572235107,-7.252072334289551,1
OREBA-DIS_1012_1_grm_std_uni,2,7.695302486419678,-7.461788654327393,1
OREBA-DIS_1012_1_grm_std_uni,2,7.2711567878723145,-7.35332727432251,1
OREBA-DIS_1012_1_grm_std_uni,2,5.726430892944336,-6.707450866699219,1
OREBA-DIS_1012_1_grm_std_uni,2,0.5354816317558289,-1.5730842351913452,1
OREBA-DIS_1012_1_grm_std_uni,2,-3.431820869445801,2.5792884826660156,2
OREBA-DIS_1012_1_grm_std_uni,2,-2.0039215087890625,0.359251469373703,1
OREBA-DIS_1012_1_grm_std_uni,2,5.515897750854492,-6.264281272888184,1
OREBA-DIS_1012_1_grm_std_uni,2,7.632694721221924,-7.9663872718811035,1
OREBA-DIS_1012_1_grm_std_uni,2,7.729225158691406,-8.22536563873291,1
OREBA-DIS_1012_1_grm_std_uni,1,8.122211456298828,-8.084236145019531,1
OREBA-DIS_1012_1_grm_std_uni,1,8.791252136230469,-8.207447052001953,1
OREBA-DIS_1012_1_grm_std_uni,1,9.234614372253418,-9.168197631835938,1
OREBA-DIS_1012_1_grm_std_uni,1,8.966331481933594,-9.244239807128906,1
OREBA-DIS_1012_1_grm_std_uni,1,8.31243896484375,-8.881253242492676,1
OREBA-DIS_1012_1_grm_std_uni,1,7.976504325866699,-8.621679306030273,1
OREBA-DIS_1012_1_grm_std_uni,1,7.852174282073975,-8.6122465133667,1
OREBA-DIS_1012_1_grm_std_uni,1,7.6858415603637695,-8.732419967651367,1
OREBA-DIS_1012_1_grm_std_uni,1,7.694014072418213,-8.993367195129395,1
OREBA-DIS_1012_1_grm_std_uni,1,7.625053882598877,-9.075508117675781,1
OREBA-DIS_1012_1_grm_std_uni,1,7.614846229553223,-9.263851165771484,1
OREBA-DIS_1012_1_grm_std_uni,1,7.288069725036621,-9.133417129516602,1
OREBA-DIS_1012_1_grm_std_uni,1,7.343172073364258,-8.978761672973633,1
OREBA-DIS_1012_1_grm_std_uni,1,7.479780673980713,-8.84919261932373,1
OREBA-DIS_1012_1_grm_std_uni,1,7.513599395751953,-8.99360179901123,1
OREBA-DIS_1012_1_grm_std_uni,1,7.018537521362305,-8.589365005493164,1
OREBA-DIS_1012_1_grm_std_uni,1,6.479367733001709,-8.211846351623535,1
OREBA-DIS_1012_1_grm_std_uni,1,5.867648601531982,-7.7730512619018555,1
OREBA-DIS_1012_1_grm_std_uni,1,5.967036247253418,-7.755043983459473,1
OREBA-DIS_1012_1_grm_std_uni,1,5.959138870239258,-7.741844177246094,1
OREBA-DIS_1012_1_grm_std_uni,1,6.056653022766113,-7.886982440948486,1
OREBA-DIS_1012_1_grm_std_uni,1,6.31120491027832,-8.204075813293457,1
OREBA-DIS_1012_1_grm_std_uni,1,6.262478828430176,-8.173842430114746,1
OREBA-DIS_1012_1_grm_std_uni,1,6.235260009765625,-8.159036636352539,1
OREBA-DIS_1012_1_grm_std_uni,1,6.309826850891113,-8.365047454833984,1
OREBA-DIS_1012_1_grm_std_uni,1,6.105149745941162,-8.267355918884277,1
OREBA-DIS_1012_1_grm_std_uni,1,5.803778648376465,-8.000261306762695,1
OREBA-DIS_1012_1_grm_std_uni,1,5.641410827636719,-7.7684149742126465,1
OREBA-DIS_1012_1_grm_std_uni,1,5.649333953857422,-7.603038311004639,1
OREBA-DIS_1012_1_grm_std_uni,1,5.492582321166992,-7.3183393478393555,1
OREBA-DIS_1012_1_grm_std_uni,1,5.202706336975098,-7.091099739074707,1
OREBA-DIS_1012_1_grm_std_uni,1,5.145196914672852,-6.962493896484375,1
OREBA-DIS_1012_1_grm_std_uni,1,5.360424041748047,-7.1656494140625,1
OREBA-DIS_1012_1_grm_std_uni,1,5.408874988555908,-7.171091556549072,1
OREBA-DIS_1012_1_grm_std_uni,1,5.441683292388916,-7.168721675872803,1
OREBA-DIS_1012_1_grm_std_uni,1,5.646823883056641,-7.133786678314209,1
OREBA-DIS_1012_1_grm_std_uni,1,5.257161617279053,-6.921960830688477,1
OREBA-DIS_1012_1_grm_std_uni,1,4.920032501220703,-6.765832901000977,1
OREBA-DIS_1012_1_grm_std_uni,1,5.018651962280273,-6.461136817932129,1
OREBA-DIS_1012_1_grm_std_uni,1,5.325499534606934,-5.654758930206299,1
OREBA-DIS_1012_1_grm_std_uni,1,5.435207366943359,-5.535527229309082,1
OREBA-DIS_1012_1_grm_std_uni,1,4.974499702453613,-4.7462544441223145,1
OREBA-DIS_1012_1_grm_std_uni,1,4.088255882263184,-3.852918863296509,1
OREBA-DIS_1012_1_grm_std_uni,1,4.036958694458008,-3.4739134311676025,1
OREBA-DIS_1012_1_grm_std_uni,1,4.953357219696045,-4.54639196395874,1
OREBA-DIS_1012_1_grm_std_uni,1,5.5038228034973145,-5.9389848709106445,1
OREBA-DIS_1012_1_grm_std_uni,1,5.590953826904297,-6.342040061950684,1
OREBA-DIS_1012_1_grm_std_uni,1,5.100693702697754,-5.873200416564941,1
OREBA-DIS_1012_1_grm_std_uni,1,5.039008140563965,-5.923708438873291,1
OREBA-DIS_1012_1_grm_std_uni,1,5.1483330726623535,-6.040726184844971,1
OREBA-DIS_1012_1_grm_std_uni,1,5.314416885375977,-6.123682022094727,1
OREBA-DIS_1012_1_grm_std_uni,1,5.25579833984375,-6.046779155731201,1
OREBA-DIS_1012_1_grm_std_uni,1,5.639395236968994,-6.264048099517822,1
OREBA-DIS_1012_1_grm_std_uni,1,5.464203834533691,-6.364513874053955,1
OREBA-DIS_1012_1_grm_std_uni,1,5.150364398956299,-6.172881126403809,1
OREBA-DIS_1012_1_grm_std_uni,1,4.480236530303955,-5.203958988189697,1
OREBA-DIS_1012_1_grm_std_uni,1,4.1289496421813965,-4.175522804260254,1
OREBA-DIS_1012_1_grm_std_uni,1,4.256608486175537,-3.982468843460083,1
OREBA-DIS_1012_1_grm_std_uni,1,4.545004844665527,-3.950063705444336,1
OREBA-DIS_1012_1_grm_std_uni,1,4.8926920890808105,-4.440744400024414,1
OREBA-DIS_1012_1_grm_std_uni,1,4.598058223724365,-4.515162944793701,1
OREBA-DIS_1012_1_grm_std_uni,1,3.6251981258392334,-4.199761390686035,1
OREBA-DIS_1012_1_grm_std_uni,1,2.6651611328125,-3.5938825607299805,1
OREBA-DIS_1012_1_grm_std_uni,1,3.057487964630127,-4.15158224105835,1
OREBA-DIS_1012_1_grm_std_uni,1,3.7841410636901855,-4.956307411193848,1
OREBA-DIS_1012_1_grm_std_uni,1,3.6969921588897705,-4.508040428161621,1
OREBA-DIS_1012_1_grm_std_uni,1,3.4054784774780273,-4.4985175132751465,1
OREBA-DIS_1012_1_grm_std_uni,1,2.8354763984680176,-4.144361972808838,1
OREBA-DIS_1012_1_grm_std_uni,1,2.9632296562194824,-4.073510646820068,1
OREBA-DIS_1012_1_grm_std_uni,1,3.38785719871521,-4.126984119415283,1
OREBA-DIS_1012_1_grm_std_uni,1,3.925905227661133,-4.8278608322143555,1
OREBA-DIS_1012_1_grm_std_uni,1,4.2828803062438965,-5.363473415374756,1
OREBA-DIS_1012_1_grm_std_uni,1,4.401012897491455,-5.665541648864746,1
OREBA-DIS_1012_1_grm_std_uni,1,4.104432582855225,-5.478947162628174,1
OREBA-DIS_1012_1_grm_std_uni,1,3.298497438430786,-4.681515216827393,1
OREBA-DIS_1012_1_grm_std_uni,1,2.53224778175354,-3.613823890686035,1
OREBA-DIS_1012_1_grm_std_uni,1,3.1571097373962402,-4.024806022644043,1
OREBA-DIS_1012_1_grm_std_uni,1,4.435582160949707,-5.075980186462402,1
OREBA-DIS_1012_1_grm_std_uni,1,4.927042007446289,-5.351869106292725,1
OREBA-DIS_1012_1_grm_std_uni,1,5.287361145019531,-5.361623764038086,1
OREBA-DIS_1012_1_grm_std_uni,1,5.525267124176025,-5.332394599914551,1
OREBA-DIS_1012_1_grm_std_uni,1,5.031655311584473,-4.573604106903076,1
OREBA-DIS_1012_1_grm_std_uni,1,4.514922142028809,-4.361003398895264,1
OREBA-DIS_1012_1_grm_std_uni,1,5.0394697189331055,-4.866636753082275,1
OREBA-DIS_1012_1_grm_std_uni,1,4.9380693435668945,-4.54087495803833,1
OREBA-DIS_1012_1_grm_std_uni,1,5.195315361022949,-4.5396223068237305,1
OREBA-DIS_1012_1_grm_std_uni,1,5.0633344650268555,-4.4968953132629395,1
OREBA-DIS_1012_1_grm_std_uni,1,5.501875877380371,-4.665090084075928,1
OREBA-DIS_1012_1_grm_std_uni,1,5.549464225769043,-4.489223003387451,1
OREBA-DIS_1012_1_grm_std_uni,1,5.472592830657959,-4.075894832611084,1
OREBA-DIS_1012_1_grm_std_uni,1,5.960711479187012,-4.552663326263428,1
OREBA-DIS_1012_1_grm_std_uni,1,5.7493743896484375,-4.3935065269470215,1
OREBA-DIS_1012_1_grm_std_uni,1,5.912569522857666,-4.261386871337891,1
OREBA-DIS_1012_1_grm_std_uni,1,5.931863307952881,-4.37978982925415,1
OREBA-DIS_1012_1_grm_std_uni,1,6.60396146774292,-4.555758953094482,1
OREBA-DIS_1012_1_grm_std_uni,1,6.99080753326416,-4.6750030517578125,1
OREBA-DIS_1012_1_grm_std_uni,1,7.063004016876221,-4.604949474334717,1
OREBA-DIS_1012_1_grm_std_uni,1,6.867419719696045,-4.785011291503906,1
OREBA-DIS_1012_1_grm_std_uni,1,6.55644416809082,-4.98792839050293,1
OREBA-DIS_1012_1_grm_std_uni,1,6.295265197753906,-4.73705530166626,1
OREBA-DIS_1012_1_grm_std_uni,1,6.51386833190918,-4.491318225860596,1
OREBA-DIS_1012_1_grm_std_uni,1,6.847469806671143,-4.468632221221924,1
OREBA-DIS_1012_1_grm_std_uni,1,6.821393013000488,-4.655072212219238,1
OREBA-DIS_1012_1_grm_std_uni,1,7.320005416870117,-4.836490631103516,1
OREBA-DIS_1012_1_grm_std_uni,1,7.287670135498047,-4.749975681304932,1
OREBA-DIS_1012_1_grm_std_uni,1,6.703945636749268,-4.180666923522949,1
OREBA-DIS_1012_1_grm_std_uni,1,7.047800064086914,-4.598796367645264,1
OREBA-DIS_1012_1_grm_std_uni,1,7.049916744232178,-4.90451192855835,1
OREBA-DIS_1012_1_grm_std_uni,1,6.830249309539795,-4.9358296394348145,1
OREBA-DIS_1012_1_grm_std_uni,1,6.831631183624268,-4.9512104988098145,1
OREBA-DIS_1012_1_grm_std_uni,1,6.829415798187256,-5.197153091430664,1
OREBA-DIS_1012_1_grm_std_uni,1,7.147106647491455,-5.377831935882568,1
OREBA-DIS_1012_1_grm_std_uni,1,7.128503799438477,-5.077588081359863,1
OREBA-DIS_1012_1_grm_std_uni,1,6.874274730682373,-4.882249355316162,1
OREBA-DIS_1012_1_grm_std_uni,1,6.658629894256592,-4.103479385375977,1
OREBA-DIS_1012_1_grm_std_uni,1,5.943201065063477,-4.377413272857666,1
OREBA-DIS_1012_1_grm_std_uni,1,5.971067428588867,-3.710871934890747,1
OREBA-DIS_1012_1_grm_std_uni,1,6.193735599517822,-3.6766393184661865,1
OREBA-DIS_1012_1_grm_std_uni,1,6.205731391906738,-3.983166217803955,1
OREBA-DIS_1012_1_grm_std_uni,1,6.313166618347168,-4.573347091674805,1
OREBA-DIS_1012_1_grm_std_uni,1,6.434508800506592,-5.177892208099365,1
OREBA-DIS_1012_1_grm_std_uni,1,5.991214275360107,-4.935708522796631,1
OREBA-DIS_1012_1_grm_std_uni,1,4.993767738342285,-4.134881019592285,1
OREBA-DIS_1012_1_grm_std_uni,1,4.51933479309082,-4.035466194152832,1
OREBA-DIS_1012_1_grm_std_uni,1,4.562225818634033,-4.480256080627441,1
OREBA-DIS_1012_1_grm_std_uni,1,4.858595848083496,-5.168131351470947,1
OREBA-DIS_1012_1_grm_std_uni,1,4.844930648803711,-5.391845703125,1
OREBA-DIS_1012_1_grm_std_uni,1,5.202652454376221,-5.791961193084717,1
OREBA-DIS_1012_1_grm_std_uni,1,6.074026107788086,-6.117808818817139,1
OREBA-DIS_1012_1_grm_std_uni,1,6.304851055145264,-6.338779449462891,1
OREBA-DIS_1012_1_grm_std_uni,1,6.10878849029541,-6.30373477935791,1
OREBA-DIS_1012_1_grm_std_uni,1,5.984286308288574,-6.306301116943359,1
OREBA-DIS_1012_1_grm_std_uni,1,6.350240230560303,-6.550976276397705,1
OREBA-DIS_1012_1_grm_std_uni,1,6.181901454925537,-6.4541544914245605,1
OREBA-DIS_1012_1_grm_std_uni,1,6.070572376251221,-6.098048686981201,1
OREBA-DIS_1012_1_grm_std_uni,1,6.2209296226501465,-6.275473117828369,1
OREBA-DIS_1012_1_grm_std_uni,1,6.851624965667725,-6.739066123962402,1
OREBA-DIS_1012_1_grm_std_uni,1,6.592618465423584,-6.523904323577881,1
OREBA-DIS_1012_1_grm_std_uni,1,5.909616470336914,-5.266552448272705,1
OREBA-DIS_1012_1_grm_std_uni,1,4.729716777801514,-4.672721862792969,1
OREBA-DIS_1012_1_grm_std_uni,1,4.7855401039123535,-4.670392990112305,1
OREBA-DIS_1012_1_grm_std_uni,1,5.293467044830322,-4.567348003387451,1
OREBA-DIS_1012_1_grm_std_uni,1,5.473627090454102,-3.973219871520996,1
OREBA-DIS_1012_1_grm_std_uni,1,5.84047794342041,-4.548999309539795,1
OREBA-DIS_1012_1_grm_std_uni,1,5.781570911407471,-4.609286785125732,1
OREBA-DIS_1012_1_grm_std_uni,1,5.053697109222412,-4.230616569519043,1
OREBA-DIS_1012_1_grm_std_uni,1,4.534275054931641,-3.908799886703491,1
OREBA-DIS_1012_1_grm_std_uni,1,4.969574451446533,-4.438213348388672,1
OREBA-DIS_1012_1_grm_std_uni,1,6.095754146575928,-5.134927272796631,1
OREBA-DIS_1012_1_grm_std_uni,1,6.082658290863037,-4.828977584838867,1
OREBA-DIS_1012_1_grm_std_uni,1,5.955381870269775,-4.6122260093688965,1
OREBA-DIS_1012_1_grm_std_uni,1,5.522469520568848,-4.252727508544922,1
OREBA-DIS_1012_1_grm_std_uni,1,5.104442596435547,-3.545193672180176,1
OREBA-DIS_1012_1_grm_std_uni,1,5.6448259353637695,-3.959765911102295,1
OREBA-DIS_1012_1_grm_std_uni,1,5.884817123413086,-4.672494411468506,1
OREBA-DIS_1012_1_grm_std_uni,1,5.585901737213135,-4.528495788574219,1
OREBA-DIS_1012_1_grm_std_uni,1,5.341096878051758,-4.2968878746032715,1
OREBA-DIS_1012_1_grm_std_uni,1,5.615433692932129,-4.458820343017578,1
OREBA-DIS_1012_1_grm_std_uni,1,5.766383647918701,-4.785760402679443,1
OREBA-DIS_1012_1_grm_std_uni,1,5.928682804107666,-5.220303535461426,1
OREBA-DIS_1012_1_grm_std_uni,1,6.420042514801025,-5.655059337615967,1
OREBA-DIS_1012_1_grm_std_uni,1,5.695226669311523,-4.633951187133789,1
OREBA-DIS_1012_1_grm_std_uni,1,4.946075916290283,-3.3824961185455322,1
OREBA-DIS_1012_1_grm_std_uni,1,5.914706707000732,-4.953410625457764,1
OREBA-DIS_1012_1_grm_std_uni,1,6.171175003051758,-5.397496700286865,1
OREBA-DIS_1012_1_grm_std_uni,1,5.9282917976379395,-5.597304344177246,1
OREBA-DIS_1012_1_grm_std_uni,1,5.8775458335876465,-5.485583782196045,1
OREBA-DIS_1012_1_grm_std_uni,1,6.355171203613281,-6.014288425445557,1
OREBA-DIS_1012_1_grm_std_uni,1,6.474677085876465,-5.608955383300781,1
OREBA-DIS_1012_1_grm_std_uni,1,6.021977424621582,-4.988421440124512,1
OREBA-DIS_1012_1_grm_std_uni,1,5.543035984039307,-4.198131561279297,1
OREBA-DIS_1012_1_grm_std_uni,1,5.861196041107178,-4.510125637054443,1
OREBA-DIS_1012_1_grm_std_uni,1,6.733822822570801,-4.92156457901001,1
OREBA-DIS_1012_1_grm_std_uni,1,7.007061004638672,-4.753699779510498,1
OREBA-DIS_1012_1_grm_std_uni,1,5.52939510345459,-4.56782341003418,1
OREBA-DIS_1012_1_grm_std_uni,1,5.728627681732178,-4.841346263885498,1
OREBA-DIS_1012_1_grm_std_uni,1,6.284703254699707,-5.304337501525879,1
OREBA-DIS_1012_1_grm_std_uni,1,5.993045806884766,-4.386063575744629,1
OREBA-DIS_1012_1_grm_std_uni,1,6.888916969299316,-4.727911949157715,1
OREBA-DIS_1012_1_grm_std_uni,1,6.601625442504883,-4.409750461578369,1
OREBA-DIS_1012_1_grm_std_uni,1,6.894423961639404,-4.7750349044799805,1
OREBA-DIS_1012_1_grm_std_uni,1,7.560495853424072,-4.9969072341918945,1
OREBA-DIS_1012_1_grm_std_uni,1,7.342442989349365,-3.9663426876068115,1
OREBA-DIS_1012_1_grm_std_uni,1,7.788031578063965,-4.255593299865723,1
OREBA-DIS_1012_1_grm_std_uni,1,7.786027908325195,-4.580359935760498,1
OREBA-DIS_1012_1_grm_std_uni,1,7.262267112731934,-4.209522247314453,1
OREBA-DIS_1012_1_grm_std_uni,1,7.622629642486572,-4.059230327606201,1
OREBA-DIS_1012_1_grm_std_uni,1,7.727852821350098,-4.0083842277526855,1
OREBA-DIS_1012_1_grm_std_uni,1,7.541543960571289,-3.9716644287109375,1
OREBA-DIS_1012_1_grm_std_uni,1,7.6343488693237305,-4.664097309112549,1
OREBA-DIS_1012_1_grm_std_uni,1,7.725731372833252,-4.951838970184326,1
OREBA-DIS_1012_1_grm_std_uni,1,7.743683338165283,-4.903130531311035,1
OREBA-DIS_1012_1_grm_std_uni,1,8.013411521911621,-5.4599223136901855,1
OREBA-DIS_1012_1_grm_std_uni,1,8.088232040405273,-5.395204544067383,1
OREBA-DIS_1012_1_grm_std_uni,1,7.9701972007751465,-4.717399597167969,1
OREBA-DIS_1012_1_grm_std_uni,1,7.228203296661377,-3.786785364151001,1
OREBA-DIS_1012_1_grm_std_uni,1,6.918771743774414,-3.671726703643799,1
OREBA-DIS_1012_1_grm_std_uni,1,7.351124286651611,-4.29332160949707,1
OREBA-DIS_1012_1_grm_std_uni,1,7.085171222686768,-4.352507591247559,1
OREBA-DIS_1012_1_grm_std_uni,1,6.760416030883789,-3.9560000896453857,1
OREBA-DIS_1012_1_grm_std_uni,1,6.611204624176025,-4.172915935516357,1
OREBA-DIS_1012_1_grm_std_uni,1,6.319267749786377,-4.3077192306518555,1
OREBA-DIS_1012_1_grm_std_uni,1,5.844813346862793,-4.393736839294434,1
OREBA-DIS_1012_1_grm_std_uni,1,5.254763126373291,-4.414902687072754,1
OREBA-DIS_1012_1_grm_std_uni,1,4.995167255401611,-4.69181489944458,1
OREBA-DIS_1012_1_grm_std_uni,1,4.79641580581665,-5.299468040466309,1
OREBA-DIS_1012_1_grm_std_uni,1,4.592501163482666,-5.524898529052734,1
OREBA-DIS_1012_1_grm_std_uni,1,4.572276592254639,-5.626071929931641,1
OREBA-DIS_1012_1_grm_std_uni,1,4.401879787445068,-5.583771228790283,1
OREBA-DIS_1012_1_grm_std_uni,1,4.593753337860107,-5.620052337646484,1
OREBA-DIS_1012_1_grm_std_uni,1,4.92608642578125,-5.743234157562256,1
OREBA-DIS_1012_1_grm_std_uni,1,5.0435261726379395,-5.582006454467773,1
OREBA-DIS_1012_1_grm_std_uni,1,5.678511142730713,-5.822448253631592,1
OREBA-DIS_1012_1_grm_std_uni,1,6.14316463470459,-6.0133843421936035,1
OREBA-DIS_1012_1_grm_std_uni,1,5.294589519500732,-5.470942974090576,1
OREBA-DIS_1012_1_grm_std_uni,1,4.26698637008667,-4.97025728225708,1
OREBA-DIS_1012_1_grm_std_uni,1,3.61387300491333,-4.441930294036865,1
OREBA-DIS_1012_1_grm_std_uni,1,3.3558881282806396,-3.58571195602417,1
OREBA-DIS_1012_1_grm_std_uni,1,3.716892719268799,-2.523864984512329,1
OREBA-DIS_1012_1_grm_std_uni,1,3.897207736968994,-2.07802414894104,1
OREBA-DIS_1012_1_grm_std_uni,1,5.290492057800293,-2.4888803958892822,1
OREBA-DIS_1012_1_grm_std_uni,1,5.140406608581543,-3.1352624893188477,1
OREBA-DIS_1012_1_grm_std_uni,1,4.866929054260254,-2.9087586402893066,1
OREBA-DIS_1012_1_grm_std_uni,1,5.288486003875732,-3.212207078933716,1
OREBA-DIS_1012_1_grm_std_uni,1,5.64004373550415,-3.6844358444213867,1
OREBA-DIS_1012_1_grm_std_uni,1,5.772510051727295,-4.41253662109375,1
OREBA-DIS_1012_1_grm_std_uni,1,6.544562816619873,-5.393723964691162,1
OREBA-DIS_1012_1_grm_std_uni,1,6.586273670196533,-5.412290573120117,1
OREBA-DIS_1012_1_grm_std_uni,1,6.757175922393799,-5.945732116699219,1
OREBA-DIS_1012_1_grm_std_uni,1,6.326643466949463,-6.156400680541992,1
OREBA-DIS_1012_1_grm_std_uni,1,5.2113518714904785,-5.573240756988525,1
OREBA-DIS_1012_1_grm_std_uni,1,4.1522536277771,-4.215615749359131,1
OREBA-DIS_1012_1_grm_std_uni,1,3.611515522003174,-3.728742837905884,1
OREBA-DIS_1012_1_grm_std_uni,1,4.8181610107421875,-4.019757270812988,1
OREBA-DIS_1012_1_grm_std_uni,1,5.853511333465576,-4.795339584350586,1
OREBA-DIS_1012_1_grm_std_uni,1,5.5668768882751465,-4.3333516120910645,1
OREBA-DIS_1012_1_grm_std_uni,1,5.264904022216797,-4.037158489227295,1
OREBA-DIS_1012_1_grm_std_uni,1,5.367321968078613,-4.615097999572754,1
OREBA-DIS_1012_1_grm_std_uni,1,5.406692981719971,-4.9048542976379395,1
OREBA-DIS_1012_1_grm_std_uni,1,5.184520244598389,-4.935620307922363,1
OREBA-DIS_1012_1_grm_std_uni,1,4.9194464683532715,-5.073575973510742,1
OREBA-DIS_1012_1_grm_std_uni,1,4.593103885650635,-5.456618309020996,1
OREBA-DIS_1012_1_grm_std_uni,1,4.285487174987793,-5.78683614730835,1
OREBA-DIS_1012_1_grm_std_uni,1,3.601611614227295,-5.613919258117676,1
OREBA-DIS_1012_1_grm_std_uni,1,3.946589946746826,-5.4251203536987305,1
OREBA-DIS_1012_1_grm_std_uni,1,3.9669606685638428,-5.106822967529297,1
OREBA-DIS_1012_1_grm_std_uni,1,4.061854839324951,-4.677433967590332,1
OREBA-DIS_1012_1_grm_std_uni,1,4.401921272277832,-4.41483736038208,1
OREBA-DIS_1012_1_grm_std_uni,1,4.4466552734375,-3.5229995250701904,1
OREBA-DIS_1012_1_grm_std_uni,1,5.163222312927246,-3.710405111312866,1
OREBA-DIS_1012_1_grm_std_uni,1,5.565414905548096,-4.274580955505371,1
OREBA-DIS_1012_1_grm_std_uni,1,5.716891288757324,-5.067444324493408,1
OREBA-DIS_1012_1_grm_std_uni,1,5.414708614349365,-5.29667329788208,1
OREBA-DIS_1012_1_grm_std_uni,1,5.366313457489014,-5.274152755737305,1
OREBA-DIS_1012_1_grm_std_uni,1,5.383925437927246,-5.050884246826172,1
OREBA-DIS_1012_1_grm_std_uni,1,5.388417720794678,-4.8135271072387695,1
OREBA-DIS_1012_1_grm_std_uni,1,5.511592864990234,-5.019062042236328,1
OREBA-DIS_1012_1_grm_std_uni,1,5.544676303863525,-5.052888870239258,1
OREBA-DIS_1012_1_grm_std_uni,1,5.764219760894775,-4.9901204109191895,1
OREBA-DIS_1012_1_grm_std_uni,1,6.256650447845459,-5.394472599029541,1
OREBA-DIS_1012_1_grm_std_uni,1,6.635327339172363,-5.795612812042236,1
OREBA-DIS_1012_1_grm_std_uni,1,6.491396903991699,-5.498354911804199,1
OREBA-DIS_1012_1_grm_std_uni,1,6.294261455535889,-5.450150012969971,1
OREBA-DIS_1012_1_grm_std_uni,1,5.507200241088867,-4.891799449920654,1
OREBA-DIS_1012_1_grm_std_uni,1,4.949922561645508,-4.929301738739014,1
OREBA-DIS_1012_1_grm_std_uni,1,5.868555068969727,-5.385899066925049,1
OREBA-DIS_1012_1_grm_std_uni,1,5.761043548583984,-5.487731456756592,1
OREBA-DIS_1012_1_grm_std_uni,1,5.203946113586426,-5.177756309509277,1
OREBA-DIS_1012_1_grm_std_uni,1,4.923922538757324,-4.879135608673096,1
OREBA-DIS_1012_1_grm_std_uni,1,4.015566825866699,-3.7897794246673584,1
OREBA-DIS_1012_1_grm_std_uni,1,4.073306560516357,-3.5321805477142334,1
OREBA-DIS_1012_1_grm_std_uni,1,4.678484916687012,-3.591050148010254,1
OREBA-DIS_1012_1_grm_std_uni,1,4.762388229370117,-3.0596566200256348,1
OREBA-DIS_1012_1_grm_std_uni,1,5.359849452972412,-3.3389015197753906,1
OREBA-DIS_1012_1_grm_std_uni,1,5.927185535430908,-3.805819034576416,1
OREBA-DIS_1012_1_grm_std_uni,1,6.343410491943359,-4.3453803062438965,1
OREBA-DIS_1012_1_grm_std_uni,1,6.844705581665039,-4.993890762329102,1
OREBA-DIS_1012_1_grm_std_uni,1,6.710521697998047,-4.939792156219482,1
OREBA-DIS_1012_1_grm_std_uni,1,6.416109085083008,-4.649323463439941,1
OREBA-DIS_1012_1_grm_std_uni,1,6.897006034851074,-5.263474464416504,1
OREBA-DIS_1012_1_grm_std_uni,1,6.906647682189941,-5.579124450683594,1
OREBA-DIS_1012_1_grm_std_uni,1,6.573920726776123,-5.407491207122803,1
OREBA-DIS_1012_1_grm_std_uni,1,6.319154262542725,-5.46823787689209,1
OREBA-DIS_1012_1_grm_std_uni,1,6.0036420822143555,-5.5940046310424805,1
OREBA-DIS_1012_1_grm_std_uni,1,5.583408355712891,-5.40220308303833,1
OREBA-DIS_1012_1_grm_std_uni,1,5.239748001098633,-5.114871501922607,1
OREBA-DIS_1012_1_grm_std_uni,1,4.86400842666626,-4.943573951721191,1
OREBA-DIS_1012_1_grm_std_uni,1,4.24370813369751,-4.548198699951172,1
OREBA-DIS_1012_1_grm_std_uni,1,4.05906867980957,-4.691015720367432,1
OREBA-DIS_1012_1_grm_std_uni,1,4.2379841804504395,-5.208200931549072,1
OREBA-DIS_1012_1_grm_std_uni,1,4.117084980010986,-4.98375129699707,1
OREBA-DIS_1012_1_grm_std_uni,1,4.295273303985596,-4.986453056335449,1
OREBA-DIS_1012_1_grm_std_uni,1,5.038706302642822,-5.561004638671875,1
OREBA-DIS_1012_1_grm_std_uni,1,5.287148475646973,-5.639175891876221,1
OREBA-DIS_1012_1_grm_std_uni,1,5.309774875640869,-5.785089015960693,1
OREBA-DIS_1012_1_grm_std_uni,1,5.112784385681152,-5.935576915740967,1
OREBA-DIS_1012_1_grm_std_uni,1,4.384933948516846,-5.35626220703125,1
OREBA-DIS_1012_1_grm_std_uni,1,3.749626636505127,-4.277709007263184,1
OREBA-DIS_1012_1_grm_std_uni,1,3.320119857788086,-3.8739588260650635,1
OREBA-DIS_1012_1_grm_std_uni,1,3.3126046657562256,-3.7229418754577637,1
OREBA-DIS_1012_1_grm_std_uni,1,3.6138510704040527,-4.045605182647705,1
OREBA-DIS_1012_1_grm_std_uni,1,4.8773345947265625,-5.5752434730529785,1
OREBA-DIS_1012_1_grm_std_uni,1,5.226013660430908,-6.160592079162598,1
OREBA-DIS_1012_1_grm_std_uni,1,5.226941108703613,-6.0780744552612305,1
OREBA-DIS_1012_1_grm_std_uni,1,5.184192657470703,-5.850770473480225,1
OREBA-DIS_1012_1_grm_std_uni,1,5.6945319175720215,-5.948503494262695,1
OREBA-DIS_1012_1_grm_std_uni,1,5.538178443908691,-5.870681285858154,1
OREBA-DIS_1012_1_grm_std_uni,1,5.010745048522949,-5.94115686416626,1
OREBA-DIS_1012_1_grm_std_uni,1,4.270085334777832,-5.599442958831787,1
OREBA-DIS_1012_1_grm_std_uni,1,4.043663501739502,-5.36480712890625,1
OREBA-DIS_1012_1_grm_std_uni,1,3.867882013320923,-5.27772331237793,1
OREBA-DIS_1012_1_grm_std_uni,1,3.667308807373047,-5.271156311035156,1
OREBA-DIS_1012_1_grm_std_uni,1,3.5306031703948975,-5.2588210105896,1
OREBA-DIS_1012_1_grm_std_uni,1,3.5027763843536377,-5.245366096496582,1
OREBA-DIS_1012_1_grm_std_uni,1,3.4350500106811523,-5.197006702423096,1
OREBA-DIS_1012_1_grm_std_uni,1,3.446326494216919,-5.329680442810059,1
OREBA-DIS_1012_1_grm_std_uni,1,3.170079469680786,-5.223435878753662,1
OREBA-DIS_1012_1_grm_std_uni,1,2.975022792816162,-5.049388408660889,1
OREBA-DIS_1012_1_grm_std_uni,1,3.064610719680786,-5.1938090324401855,1
OREBA-DIS_1012_1_grm_std_uni,1,2.877321243286133,-5.234296798706055,1
OREBA-DIS_1012_1_grm_std_uni,1,3.300703763961792,-5.233820915222168,1
OREBA-DIS_1012_1_grm_std_uni,1,3.0188207626342773,-4.604996204376221,1
OREBA-DIS_1012_1_grm_std_uni,1,3.526179313659668,-4.373149871826172,1
OREBA-DIS_1012_1_grm_std_uni,1,4.308050155639648,-4.674482345581055,1
OREBA-DIS_1012_1_grm_std_uni,1,4.164539337158203,-4.350469589233398,1
OREBA-DIS_1012_1_grm_std_uni,1,3.565107822418213,-3.2593719959259033,1
OREBA-DIS_1012_1_grm_std_uni,1,3.8484294414520264,-2.9803671836853027,1
OREBA-DIS_1012_1_grm_std_uni,1,4.713449478149414,-3.3101401329040527,1
OREBA-DIS_1012_1_grm_std_uni,1,5.38651180267334,-3.5335922241210938,1
OREBA-DIS_1012_1_grm_std_uni,1,5.725369930267334,-3.963995933532715,1
OREBA-DIS_1012_1_grm_std_uni,1,6.148126602172852,-4.206428527832031,1
OREBA-DIS_1012_1_grm_std_uni,1,6.45169734954834,-4.3307108879089355,1
OREBA-DIS_1012_1_grm_std_uni,1,6.883617401123047,-4.940709114074707,1
OREBA-DIS_1012_1_grm_std_uni,1,6.674503326416016,-5.09318733215332,1
OREBA-DIS_1012_1_grm_std_uni,1,6.676464557647705,-5.356725215911865,1
OREBA-DIS_1012_1_grm_std_uni,1,6.227640628814697,-4.656252861022949,1
OREBA-DIS_1012_1_grm_std_uni,1,6.305853366851807,-4.372508525848389,1
OREBA-DIS_1012_1_grm_std_uni,1,6.772996425628662,-4.11165714263916,1
OREBA-DIS_1012_1_grm_std_uni,1,6.959811687469482,-4.283328056335449,1
OREBA-DIS_1012_1_grm_std_uni,1,7.262162685394287,-4.516824722290039,1
OREBA-DIS_1012_1_grm_std_uni,1,7.303219795227051,-4.511391639709473,1
OREBA-DIS_1012_1_grm_std_uni,1,6.886373043060303,-4.188116550445557,1
OREBA-DIS_1012_1_grm_std_uni,1,6.825996398925781,-4.294328689575195,1
OREBA-DIS_1012_1_grm_std_uni,1,6.912196159362793,-4.739779949188232,1
OREBA-DIS_1012_1_grm_std_uni,1,6.888437747955322,-4.674428939819336,1
OREBA-DIS_1012_1_grm_std_uni,1,6.842472553253174,-4.975718975067139,1
OREBA-DIS_1012_1_grm_std_uni,1,6.4059319496154785,-4.764913082122803,1
OREBA-DIS_1012_1_grm_std_uni,1,7.161235809326172,-5.035811901092529,1
OREBA-DIS_1012_1_grm_std_uni,1,7.243867874145508,-4.524900913238525,1
OREBA-DIS_1012_1_grm_std_uni,1,6.762660980224609,-4.816283226013184,1
OREBA-DIS_1012_1_grm_std_uni,1,6.579869747161865,-4.9111175537109375,1
OREBA-DIS_1012_1_grm_std_uni,1,6.985327243804932,-4.932669639587402,1
OREBA-DIS_1012_1_grm_std_uni,1,7.082080841064453,-4.987781047821045,1
OREBA-DIS_1012_1_grm_std_uni,1,7.044939041137695,-5.187292575836182,1
OREBA-DIS_1012_1_grm_std_uni,1,7.12793493270874,-5.168646812438965,1
OREBA-DIS_1012_1_grm_std_uni,1,7.187629222869873,-4.892316818237305,1
OREBA-DIS_1012_1_grm_std_uni,1,7.173945426940918,-4.809145450592041,1
OREBA-DIS_1012_1_grm_std_uni,1,6.856740951538086,-5.02296781539917,1
OREBA-DIS_1012_1_grm_std_uni,1,6.396392822265625,-5.1281208992004395,1
OREBA-DIS_1012_1_grm_std_uni,1,6.280018329620361,-5.391539096832275,1
OREBA-DIS_1012_1_grm_std_uni,1,5.715716361999512,-5.35267448425293,1
OREBA-DIS_1012_1_grm_std_uni,1,5.078108310699463,-5.100127696990967,1
OREBA-DIS_1012_1_grm_std_uni,1,4.696927547454834,-4.706645488739014,1
OREBA-DIS_1012_1_grm_std_uni,1,4.660929203033447,-4.825157642364502,1
OREBA-DIS_1012_1_grm_std_uni,1,3.9019956588745117,-4.570522785186768,1
OREBA-DIS_1012_1_grm_std_uni,1,3.889037847518921,-4.172959327697754,1
OREBA-DIS_1012_1_grm_std_uni,1,3.6549272537231445,-4.149827480316162,1
OREBA-DIS_1012_1_grm_std_uni,1,3.411545515060425,-4.305451393127441,1
OREBA-DIS_1012_1_grm_std_uni,1,3.4944119453430176,-4.159035682678223,1
OREBA-DIS_1012_1_grm_std_uni,1,4.761242389678955,-4.797791004180908,1
OREBA-DIS_1012_1_grm_std_uni,1,5.541114807128906,-5.764014720916748,1
OREBA-DIS_1012_1_grm_std_uni,1,5.167783737182617,-5.954236030578613,1
OREBA-DIS_1012_1_grm_std_uni,1,4.232588768005371,-4.962602615356445,1
OREBA-DIS_1012_1_grm_std_uni,1,3.5898947715759277,-4.114207744598389,1
OREBA-DIS_1012_1_grm_std_uni,1,3.660069227218628,-4.411823272705078,1
OREBA-DIS_1012_1_grm_std_uni,1,3.7303659915924072,-4.376130104064941,1
OREBA-DIS_1012_1_grm_std_uni,1,3.8254411220550537,-4.30309534072876,1
OREBA-DIS_1012_1_grm_std_uni,1,3.851924419403076,-4.619757175445557,1
OREBA-DIS_1012_1_grm_std_uni,1,4.497455596923828,-5.283137798309326,1
OREBA-DIS_1012_1_grm_std_uni,1,4.997583866119385,-5.241951942443848,1
OREBA-DIS_1012_1_grm_std_uni,1,4.9054059982299805,-4.281200408935547,1
OREBA-DIS_1012_1_grm_std_uni,1,4.689114570617676,-3.555588483810425,1
OREBA-DIS_1012_1_grm_std_uni,1,5.226107120513916,-3.991943120956421,1
OREBA-DIS_1012_1_grm_std_uni,1,5.5373125076293945,-4.876556873321533,1
OREBA-DIS_1012_1_grm_std_uni,1,4.855111122131348,-5.150948524475098,1
OREBA-DIS_1012_1_grm_std_uni,1,4.194557189941406,-5.3263840675354,1
OREBA-DIS_1012_1_grm_std_uni,1,4.207954406738281,-5.732788562774658,1
OREBA-DIS_1012_1_grm_std_uni,1,4.11980676651001,-5.6788859367370605,1
OREBA-DIS_1012_1_grm_std_uni,1,4.923524856567383,-6.192744731903076,1
OREBA-DIS_1012_1_grm_std_uni,1,5.014568328857422,-6.188296794891357,1
OREBA-DIS_1012_1_grm_std_uni,1,3.9021084308624268,-4.730793476104736,1
OREBA-DIS_1012_1_grm_std_uni,1,3.0178067684173584,-3.538616180419922,1
OREBA-DIS_1012_1_grm_std_uni,1,4.096182823181152,-3.4548985958099365,1
OREBA-DIS_1012_1_grm_std_uni,1,5.601035118103027,-4.282875061035156,1
OREBA-DIS_1012_1_grm_std_uni,1,5.902572154998779,-4.810776710510254,1
OREBA-DIS_1012_1_grm_std_uni,1,5.856816291809082,-5.371870994567871,1
OREBA-DIS_1012_1_grm_std_uni,1,5.409595489501953,-5.511806964874268,1
OREBA-DIS_1012_1_grm_std_uni,1,5.282421112060547,-5.473205089569092,1
OREBA-DIS_1012_1_grm_std_uni,1,4.245478630065918,-4.588708400726318,1
OREBA-DIS_1012_1_grm_std_uni,1,4.647839546203613,-4.280752182006836,1
OREBA-DIS_1012_1_grm_std_uni,1,4.799326419830322,-3.8636832237243652,1
OREBA-DIS_1012_1_grm_std_uni,1,4.506836891174316,-3.375671625137329,1
OREBA-DIS_1012_1_grm_std_uni,1,4.620238780975342,-3.299476385116577,1
OREBA-DIS_1012_1_grm_std_uni,1,5.378442764282227,-3.4688029289245605,1
OREBA-DIS_1012_1_grm_std_uni,1,4.878276348114014,-2.53914475440979,1
OREBA-DIS_1012_1_grm_std_uni,1,4.994232654571533,-3.358769178390503,1
OREBA-DIS_1012_1_grm_std_uni,1,4.848886013031006,-3.955199718475342,1
OREBA-DIS_1012_1_grm_std_uni,1,4.939461708068848,-3.3612558841705322,1
OREBA-DIS_1012_1_grm_std_uni,1,5.049485683441162,-2.766874074935913,1
OREBA-DIS_1012_1_grm_std_uni,1,5.210195541381836,-2.5920894145965576,1
OREBA-DIS_1012_1_grm_std_uni,1,5.572245121002197,-3.1226823329925537,1
OREBA-DIS_1012_1_grm_std_uni,1,5.667243480682373,-3.58965802192688,1
OREBA-DIS_1012_1_grm_std_uni,1,5.2889580726623535,-4.090956211090088,1
OREBA-DIS_1012_1_grm_std_uni,1,5.304823875427246,-4.127277374267578,1
OREBA-DIS_1012_1_grm_std_uni,1,4.887944221496582,-3.4285709857940674,1
OREBA-DIS_1012_1_grm_std_uni,1,4.415138244628906,-2.497354745864868,1
OREBA-DIS_1012_1_grm_std_uni,1,4.041347026824951,-1.9392262697219849,1
OREBA-DIS_1012_1_grm_std_uni,1,4.899082660675049,-2.815458297729492,1
OREBA-DIS_1012_1_grm_std_uni,1,4.6411542892456055,-3.2733240127563477,1
OREBA-DIS_1012_1_grm_std_uni,1,5.123403549194336,-4.111674785614014,1
OREBA-DIS_1012_1_grm_std_uni,1,5.471251964569092,-4.584506511688232,1
OREBA-DIS_1012_1_grm_std_uni,1,5.167017936706543,-5.09351110458374,1
OREBA-DIS_1012_1_grm_std_uni,1,5.2948102951049805,-4.856133937835693,1
OREBA-DIS_1012_1_grm_std_uni,1,6.000235080718994,-4.4032697677612305,1
OREBA-DIS_1012_1_grm_std_uni,1,6.423591136932373,-3.4415013790130615,1
OREBA-DIS_1012_1_grm_std_uni,1,7.198622703552246,-4.265890121459961,1
OREBA-DIS_1012_1_grm_std_uni,1,7.477769374847412,-4.638775825500488,1
OREBA-DIS_1012_1_grm_std_uni,1,7.12888240814209,-4.307281970977783,1
OREBA-DIS_1012_1_grm_std_uni,1,7.405492305755615,-4.0063982009887695,1
OREBA-DIS_1012_1_grm_std_uni,1,7.618387699127197,-4.088025093078613,1
OREBA-DIS_1012_1_grm_std_uni,1,7.192199230194092,-3.508422613143921,1
OREBA-DIS_1012_1_grm_std_uni,1,6.656412124633789,-3.0621862411499023,1
OREBA-DIS_1012_1_grm_std_uni,1,6.263979911804199,-2.9633731842041016,1
OREBA-DIS_1012_1_grm_std_uni,1,7.080153465270996,-3.821011781692505,1
OREBA-DIS_1012_1_grm_std_uni,1,7.029778480529785,-4.062464714050293,1
OREBA-DIS_1012_1_grm_std_uni,1,7.160823822021484,-4.793457984924316,1
OREBA-DIS_1012_1_grm_std_uni,1,6.947634220123291,-5.427274703979492,1
OREBA-DIS_1012_1_grm_std_uni,1,6.988577842712402,-5.972902297973633,1
OREBA-DIS_1012_1_grm_std_uni,1,6.692375183105469,-5.760686874389648,1
OREBA-DIS_1012_1_grm_std_uni,1,5.900651931762695,-5.4632368087768555,1
OREBA-DIS_1012_1_grm_std_uni,1,5.288166046142578,-5.549149036407471,1
OREBA-DIS_1012_1_grm_std_uni,1,5.300673484802246,-6.052375316619873,1
OREBA-DIS_1012_1_grm_std_uni,1,5.141544342041016,-6.52146053314209,1
OREBA-DIS_1012_1_grm_std_uni,1,4.651745796203613,-6.615154266357422,1
OREBA-DIS_1012_1_grm_std_uni,1,4.34205436706543,-6.434160232543945,1
OREBA-DIS_1012_1_grm_std_uni,1,4.140171527862549,-6.060057163238525,1
OREBA-DIS_1012_1_grm_std_uni,1,3.911405563354492,-5.607636451721191,1
OREBA-DIS_1012_1_grm_std_uni,1,3.9478158950805664,-5.39359712600708,1
OREBA-DIS_1012_1_grm_std_uni,1,3.8385379314422607,-5.376051425933838,1
OREBA-DIS_1012_1_grm_std_uni,1,3.491288900375366,-5.230212688446045,1
OREBA-DIS_1012_1_grm_std_uni,1,3.264590263366699,-4.868690490722656,1
OREBA-DIS_1012_1_grm_std_uni,1,4.027466773986816,-5.488297462463379,1
OREBA-DIS_1012_1_grm_std_uni,1,4.468506336212158,-5.987583160400391,1
OREBA-DIS_1012_1_grm_std_uni,1,4.501953601837158,-6.314115047454834,1
OREBA-DIS_1012_1_grm_std_uni,1,4.324666976928711,-5.969920635223389,1
OREBA-DIS_1012_1_grm_std_uni,1,3.793799638748169,-5.183832168579102,1
OREBA-DIS_1012_1_grm_std_uni,1,3.7551400661468506,-5.320411205291748,1
OREBA-DIS_1012_1_grm_std_uni,1,4.692277431488037,-6.448566913604736,1
OREBA-DIS_1012_1_grm_std_uni,1,4.879457473754883,-6.923178672790527,1
OREBA-DIS_1012_1_grm_std_uni,1,4.646094799041748,-6.8283185958862305,1
OREBA-DIS_1012_1_grm_std_uni,1,4.67781400680542,-6.786782264709473,1
OREBA-DIS_1012_1_grm_std_uni,1,4.7272162437438965,-6.74536657333374,1
OREBA-DIS_1012_1_grm_std_uni,1,4.753439903259277,-6.731044292449951,1
OREBA-DIS_1012_1_grm_std_uni,1,4.702611446380615,-6.518406391143799,1
OREBA-DIS_1012_1_grm_std_uni,1,4.575605392456055,-6.269978046417236,1
OREBA-DIS_1012_1_grm_std_uni,1,4.626877307891846,-6.268970012664795,1
OREBA-DIS_1012_1_grm_std_uni,1,4.667680740356445,-6.324531078338623,1
OREBA-DIS_1012_1_grm_std_uni,1,4.7105937004089355,-6.494205474853516,1
OREBA-DIS_1012_1_grm_std_uni,1,4.67953634262085,-6.6033172607421875,1
OREBA-DIS_1012_1_grm_std_uni,1,4.659454345703125,-6.658641338348389,1
OREBA-DIS_1012_1_grm_std_uni,1,4.64459228515625,-6.664053440093994,1
OREBA-DIS_1012_1_grm_std_uni,1,4.592692852020264,-6.551614284515381,1
OREBA-DIS_1012_1_grm_std_uni,1,4.598110198974609,-6.424522399902344,1
OREBA-DIS_1012_1_grm_std_uni,1,4.602852821350098,-6.2821197509765625,1
OREBA-DIS_1012_1_grm_std_uni,1,4.644620895385742,-6.273064613342285,1
OREBA-DIS_1012_1_grm_std_uni,1,4.719899654388428,-6.379511833190918,1
OREBA-DIS_1012_1_grm_std_uni,1,4.681264877319336,-6.219393730163574,1
OREBA-DIS_1012_1_grm_std_uni,1,4.642085552215576,-6.163119792938232,1
OREBA-DIS_1012_1_grm_std_uni,1,4.666782855987549,-6.281688213348389,1
OREBA-DIS_1012_1_grm_std_uni,1,4.657700061798096,-6.364309787750244,1
OREBA-DIS_1012_1_grm_std_uni,1,4.610800266265869,-6.260448455810547,1
OREBA-DIS_1012_1_grm_std_uni,1,4.492018222808838,-6.1185832023620605,1
OREBA-DIS_1012_1_grm_std_uni,1,4.387169361114502,-6.002575874328613,1
OREBA-DIS_1012_1_grm_std_uni,1,4.3731865882873535,-5.945591449737549,1
OREBA-DIS_1012_1_grm_std_uni,1,4.487253189086914,-6.07908821105957,1
OREBA-DIS_1012_1_grm_std_uni,1,4.579115390777588,-6.190558433532715,1
OREBA-DIS_1012_1_grm_std_uni,1,4.548519134521484,-6.142446994781494,1
OREBA-DIS_1012_1_grm_std_uni,1,4.618786811828613,-6.2552900314331055,1
OREBA-DIS_1012_1_grm_std_uni,1,4.686379909515381,-6.354953765869141,1
OREBA-DIS_1012_1_grm_std_uni,1,4.576858997344971,-6.481734275817871,1
OREBA-DIS_1012_1_grm_std_uni,1,4.530738830566406,-6.4304351806640625,1
OREBA-DIS_1012_1_grm_std_uni,1,4.548920631408691,-6.316164970397949,1
OREBA-DIS_1012_1_grm_std_uni,1,4.553556442260742,-6.278175354003906,1
OREBA-DIS_1012_1_grm_std_uni,1,4.55911111831665,-6.252982139587402,1
OREBA-DIS_1012_1_grm_std_uni,1,4.560955047607422,-6.200674057006836,1
OREBA-DIS_1012_1_grm_std_uni,1,4.48569917678833,-6.072742938995361,1
OREBA-DIS_1012_1_grm_std_uni,1,4.344481468200684,-6.01823091506958,1
OREBA-DIS_1012_1_grm_std_uni,1,4.370306015014648,-5.996976852416992,1
OREBA-DIS_1012_1_grm_std_uni,1,4.569642066955566,-6.291004180908203,1
OREBA-DIS_1012_1_grm_std_uni,1,4.620791912078857,-6.448644161224365,1
OREBA-DIS_1012_1_grm_std_uni,1,4.499809741973877,-6.317286014556885,1
OREBA-DIS_1012_1_grm_std_uni,1,4.387629508972168,-6.2037353515625,1
OREBA-DIS_1012_1_grm_std_uni,1,4.0724639892578125,-5.986821174621582,1
OREBA-DIS_1012_1_grm_std_uni,1,3.339801073074341,-5.215016841888428,1
OREBA-DIS_1012_1_grm_std_uni,1,3.172778367996216,-4.561213493347168,1
OREBA-DIS_1012_1_grm_std_uni,2,3.7998907566070557,-4.989858150482178,1
OREBA-DIS_1012_1_grm_std_uni,2,4.329517841339111,-5.470136642456055,1
OREBA-DIS_1012_1_grm_std_uni,2,5.036446571350098,-5.913061141967773,1
OREBA-DIS_1012_1_grm_std_uni,2,5.79600191116333,-6.513223171234131,1
OREBA-DIS_1012_1_grm_std_uni,2,6.202980995178223,-7.0212273597717285,1
OREBA-DIS_1012_1_grm_std_uni,2,5.99613618850708,-6.556151390075684,1
OREBA-DIS_1012_1_grm_std_uni,2,5.276325225830078,-5.55183744430542,1
OREBA-DIS_1012_1_grm_std_uni,2,5.5298333168029785,-5.372597694396973,1
OREBA-DIS_1012_1_grm_std_uni,2,6.200958251953125,-6.294108867645264,1
OREBA-DIS_1012_1_grm_std_uni,2,6.460809230804443,-6.554719924926758,1
OREBA-DIS_1012_1_grm_std_uni,2,6.155618667602539,-6.369155406951904,1
OREBA-DIS_1012_1_grm_std_uni,2,6.126694202423096,-6.249388694763184,1
OREBA-DIS_1012_1_grm_std_uni,2,6.392806529998779,-6.68973445892334,1
OREBA-DIS_1012_1_grm_std_uni,2,6.715063571929932,-7.226603031158447,1
OREBA-DIS_1012_1_grm_std_uni,2,6.641459941864014,-7.397517204284668,1
OREBA-DIS_1012_1_grm_std_uni,2,6.494853496551514,-7.4961419105529785,1
OREBA-DIS_1012_1_grm_std_uni,2,4.297114849090576,-6.186110496520996,1
OREBA-DIS_1012_1_grm_std_uni,2,-0.8488421440124512,-0.08104901760816574,2
OREBA-DIS_1012_1_grm_std_uni,2,-4.001960754394531,3.0918004512786865,1
OREBA-DIS_1012_1_grm_std_uni,2,-0.25238633155822754,-1.713568925857544,1
OREBA-DIS_1012_1_grm_std_uni,2,6.332176685333252,-7.253877639770508,1
OREBA-DIS_1012_1_grm_std_uni,2,7.748678684234619,-8.16568660736084,1
OREBA-DIS_1012_1_grm_std_uni,2,7.829113006591797,-8.406142234802246,1
OREBA-DIS_1012_1_grm_std_uni,2,7.683801174163818,-8.72752571105957,1
OREBA-DIS_1012_1_grm_std_uni,1,8.50090217590332,-9.813501358032227,1
OREBA-DIS_1012_1_grm_std_uni,1,8.662277221679688,-9.803903579711914,1
OREBA-DIS_1012_1_grm_std_uni,1,8.081608772277832,-9.220937728881836,1
OREBA-DIS_1012_1_grm_std_uni,1,7.397873878479004,-8.867130279541016,1
OREBA-DIS_1012_1_grm_std_uni,1,7.081732749938965,-8.713504791259766,1
OREBA-DIS_1012_1_grm_std_uni,1,6.665346145629883,-8.739912986755371,1
OREBA-DIS_1012_1_grm_std_uni,1,6.280954360961914,-8.755204200744629,1
OREBA-DIS_1012_1_grm_std_uni,1,6.741182804107666,-9.150750160217285,1
OREBA-DIS_1012_1_grm_std_uni,1,6.824748992919922,-9.297451972961426,1
OREBA-DIS_1012_1_grm_std_uni,1,6.866885185241699,-9.173819541931152,1
OREBA-DIS_1012_1_grm_std_uni,1,6.444230556488037,-8.830615997314453,1
OREBA-DIS_1012_1_grm_std_uni,1,5.749799728393555,-7.496275424957275,1
OREBA-DIS_1012_1_grm_std_uni,1,5.52176570892334,-6.669881343841553,1
OREBA-DIS_1012_1_grm_std_uni,1,6.354881286621094,-7.506592750549316,1
OREBA-DIS_1012_1_grm_std_uni,1,6.67661714553833,-7.921811580657959,1
OREBA-DIS_1012_1_grm_std_uni,1,6.122908115386963,-7.779369354248047,1
OREBA-DIS_1012_1_grm_std_uni,1,5.2831268310546875,-7.324880123138428,1
OREBA-DIS_1012_1_grm_std_uni,1,4.970811367034912,-7.338717937469482,1
OREBA-DIS_1012_1_grm_std_uni,1,4.98195743560791,-7.3051018714904785,1
OREBA-DIS_1012_1_grm_std_uni,1,5.04455041885376,-7.20216178894043,1
OREBA-DIS_1012_1_grm_std_uni,1,4.701909065246582,-6.623608112335205,1
OREBA-DIS_1012_1_grm_std_uni,1,5.3881402015686035,-7.317935466766357,1
OREBA-DIS_1012_1_grm_std_uni,1,6.089826583862305,-7.791680812835693,1
OREBA-DIS_1012_1_grm_std_uni,1,5.141964912414551,-6.6331987380981445,1
OREBA-DIS_1012_1_grm_std_uni,1,3.915133476257324,-5.715515613555908,1
OREBA-DIS_1012_1_grm_std_uni,1,4.138727188110352,-5.201674938201904,1
OREBA-DIS_1012_1_grm_std_uni,1,4.516108989715576,-4.93825101852417,1
OREBA-DIS_1012_1_grm_std_uni,1,4.495633602142334,-4.302341461181641,1
OREBA-DIS_1012_1_grm_std_uni,1,5.494962215423584,-4.096481800079346,1
OREBA-DIS_1012_1_grm_std_uni,1,7.171411991119385,-4.380887031555176,1
OREBA-DIS_1012_1_grm_std_uni,1,7.9875807762146,-5.279207229614258,1
OREBA-DIS_1012_1_grm_std_uni,1,7.683725833892822,-5.305322647094727,1
OREBA-DIS_1012_1_grm_std_uni,1,7.402829647064209,-5.691227436065674,1
OREBA-DIS_1012_1_grm_std_uni,1,7.933708190917969,-6.168802738189697,1
OREBA-DIS_1012_1_grm_std_uni,1,7.918859481811523,-6.072049617767334,1
OREBA-DIS_1012_1_grm_std_uni,1,7.958529949188232,-6.1169328689575195,1
OREBA-DIS_1012_1_grm_std_uni,1,7.655826091766357,-5.536411285400391,1
OREBA-DIS_1012_1_grm_std_uni,1,7.348850727081299,-5.073522090911865,1
OREBA-DIS_1012_1_grm_std_uni,1,7.3797526359558105,-4.801726341247559,1
OREBA-DIS_1012_1_grm_std_uni,1,7.467288017272949,-4.626992225646973,1
OREBA-DIS_1012_1_grm_std_uni,1,7.544679641723633,-4.637598514556885,1
OREBA-DIS_1012_1_grm_std_uni,1,7.652760982513428,-5.047966957092285,1
OREBA-DIS_1012_1_grm_std_uni,1,6.837344169616699,-5.160554885864258,1
OREBA-DIS_1012_1_grm_std_uni,1,6.383075714111328,-5.284989356994629,1
OREBA-DIS_1012_1_grm_std_uni,1,6.823683738708496,-5.188454627990723,1
OREBA-DIS_1012_1_grm_std_uni,1,7.029749393463135,-4.893843173980713,1
OREBA-DIS_1012_1_grm_std_uni,1,7.133946895599365,-4.946136951446533,1
OREBA-DIS_1012_1_grm_std_uni,1,7.747743129730225,-5.562327861785889,1
OREBA-DIS_1012_1_grm_std_uni,1,7.1994242668151855,-5.1454901695251465,1
OREBA-DIS_1012_1_grm_std_uni,1,6.384853363037109,-4.675072193145752,1
OREBA-DIS_1012_1_grm_std_uni,1,5.638978004455566,-4.394241809844971,1
OREBA-DIS_1012_1_grm_std_uni,1,4.912497043609619,-4.149100303649902,1
OREBA-DIS_1012_1_grm_std_uni,1,5.019640922546387,-4.092349052429199,1
OREBA-DIS_1012_1_grm_std_uni,1,5.455888271331787,-4.241246223449707,1
OREBA-DIS_1012_1_grm_std_uni,1,5.987502574920654,-5.214052677154541,1
OREBA-DIS_1012_1_grm_std_uni,1,7.177243709564209,-5.964770793914795,1
OREBA-DIS_1012_1_grm_std_uni,1,7.23660135269165,-6.596256732940674,1
OREBA-DIS_1012_1_grm_std_uni,1,7.3039045333862305,-6.786653518676758,1
OREBA-DIS_1012_1_grm_std_uni,1,6.861591339111328,-6.192885398864746,1
OREBA-DIS_1012_1_grm_std_uni,1,5.605545997619629,-4.924504280090332,1
OREBA-DIS_1012_1_grm_std_uni,1,5.406681060791016,-4.527042865753174,1
OREBA-DIS_1012_1_grm_std_uni,1,5.727116107940674,-4.667817115783691,1
OREBA-DIS_1012_1_grm_std_uni,1,5.854424953460693,-4.292194366455078,1
OREBA-DIS_1012_1_grm_std_uni,1,5.698055744171143,-3.968690872192383,1
OREBA-DIS_1012_1_grm_std_uni,1,6.263915538787842,-4.228119850158691,1
OREBA-DIS_1012_1_grm_std_uni,1,6.212554454803467,-3.720520496368408,1
OREBA-DIS_1012_1_grm_std_uni,1,6.4193315505981445,-3.231323003768921,1
OREBA-DIS_1012_1_grm_std_uni,1,7.010097503662109,-4.17254638671875,1
OREBA-DIS_1012_1_grm_std_uni,1,7.048503875732422,-4.475348949432373,1
OREBA-DIS_1012_1_grm_std_uni,1,7.551441192626953,-5.81606912612915,1
OREBA-DIS_1012_1_grm_std_uni,1,7.297770977020264,-5.792716979980469,1
OREBA-DIS_1012_1_grm_std_uni,1,6.686971187591553,-5.623284339904785,1
OREBA-DIS_1012_1_grm_std_uni,1,6.571337699890137,-5.839755535125732,1
OREBA-DIS_1012_1_grm_std_uni,1,5.92501974105835,-5.334191799163818,1
OREBA-DIS_1012_1_grm_std_uni,1,5.501923561096191,-5.011203289031982,1
OREBA-DIS_1012_1_grm_std_uni,1,4.832061290740967,-4.692261219024658,1
OREBA-DIS_1012_1_grm_std_uni,1,5.179071426391602,-4.064263343811035,1
OREBA-DIS_1012_1_grm_std_uni,1,5.3163371086120605,-4.199349880218506,1
OREBA-DIS_1012_1_grm_std_uni,1,5.760495185852051,-5.191214084625244,1
OREBA-DIS_1012_1_grm_std_uni,1,5.81906270980835,-5.860292911529541,1
OREBA-DIS_1012_1_grm_std_uni,1,5.574630260467529,-5.842957973480225,1
OREBA-DIS_1012_1_grm_std_uni,1,5.708105564117432,-6.011813163757324,1
OREBA-DIS_1012_1_grm_std_uni,1,5.079423427581787,-5.745150089263916,1
OREBA-DIS_1012_1_grm_std_uni,1,4.563412666320801,-4.816169738769531,1
OREBA-DIS_1012_1_grm_std_uni,1,4.094602108001709,-4.0815229415893555,1
OREBA-DIS_1012_1_grm_std_uni,1,4.02299690246582,-3.6805965900421143,1
OREBA-DIS_1012_1_grm_std_uni,1,4.995656490325928,-4.227688312530518,1
OREBA-DIS_1012_1_grm_std_uni,1,5.630109786987305,-4.269412994384766,1
OREBA-DIS_1012_1_grm_std_uni,1,5.765148162841797,-4.343672752380371,1
OREBA-DIS_1012_1_grm_std_uni,1,5.186946392059326,-4.0305609703063965,1
OREBA-DIS_1012_1_grm_std_uni,1,5.519893646240234,-4.249235153198242,1
OREBA-DIS_1012_1_grm_std_uni,1,5.587133407592773,-4.023155689239502,1
OREBA-DIS_1012_1_grm_std_uni,1,5.462433815002441,-3.399087905883789,1
OREBA-DIS_1012_1_grm_std_uni,1,5.83423376083374,-3.7485525608062744,1
OREBA-DIS_1012_1_grm_std_uni,1,5.161218166351318,-3.9482381343841553,1
OREBA-DIS_1012_1_grm_std_uni,1,4.728607654571533,-4.730099678039551,1
OREBA-DIS_1012_1_grm_std_uni,1,4.131830215454102,-4.480318069458008,1
OREBA-DIS_1012_1_grm_std_uni,1,3.9300310611724854,-3.5987696647644043,1
OREBA-DIS_1012_1_grm_std_uni,2,5.075768947601318,-4.303132057189941,1
OREBA-DIS_1012_1_grm_std_uni,2,5.776799201965332,-4.777935028076172,1
OREBA-DIS_1012_1_grm_std_uni,2,5.698376655578613,-4.622608184814453,1
OREBA-DIS_1012_1_grm_std_uni,2,5.277576923370361,-4.403839588165283,1
OREBA-DIS_1012_1_grm_std_uni,2,5.9000654220581055,-5.054454803466797,1
OREBA-DIS_1012_1_grm_std_uni,2,5.8696370124816895,-5.099153995513916,1
OREBA-DIS_1012_1_grm_std_uni,2,6.283931732177734,-5.947470188140869,1
OREBA-DIS_1012_1_grm_std_uni,2,6.655991554260254,-6.474132061004639,1
OREBA-DIS_1012_1_grm_std_uni,2,7.265857219696045,-7.003557205200195,1
OREBA-DIS_1012_1_grm_std_uni,2,6.863259315490723,-7.218110084533691,1
OREBA-DIS_1012_1_grm_std_uni,2,5.579622745513916,-6.448239803314209,1
OREBA-DIS_1012_1_grm_std_uni,2,1.7236661911010742,-3.213846206665039,1
OREBA-DIS_1012_1_grm_std_uni,2,-2.5607168674468994,2.1220180988311768,2
OREBA-DIS_1012_1_grm_std_uni,2,-3.4040675163269043,2.6839544773101807,1
OREBA-DIS_1012_1_grm_std_uni,2,2.557945966720581,-3.8757684230804443,1
OREBA-DIS_1012_1_grm_std_uni,2,7.085572242736816,-7.595146179199219,1
OREBA-DIS_1012_1_grm_std_uni,2,8.442436218261719,-8.52059268951416,1
OREBA-DIS_1012_1_grm_std_uni,2,8.233235359191895,-8.473756790161133,1
OREBA-DIS_1012_1_grm_std_uni,2,8.307779312133789,-8.059381484985352,1
OREBA-DIS_1012_1_grm_std_uni,1,8.91100788116455,-8.525959014892578,1
OREBA-DIS_1012_1_grm_std_uni,1,9.64431381225586,-9.752144813537598,1
OREBA-DIS_1012_1_grm_std_uni,1,9.421545028686523,-10.133378028869629,1
OREBA-DIS_1012_1_grm_std_uni,1,9.607399940490723,-9.908379554748535,1
OREBA-DIS_1012_1_grm_std_uni,1,9.544862747192383,-9.650775909423828,1
OREBA-DIS_1012_1_grm_std_uni,1,9.499239921569824,-9.489322662353516,1
OREBA-DIS_1012_1_grm_std_uni,1,9.964115142822266,-10.109587669372559,1
OREBA-DIS_1012_1_grm_std_uni,1,9.446731567382812,-9.358457565307617,1
OREBA-DIS_1012_1_grm_std_uni,1,8.99279499053955,-8.43556022644043,1
OREBA-DIS_1012_1_grm_std_uni,1,8.994629859924316,-8.381796836853027,1
OREBA-DIS_1012_1_grm_std_uni,1,8.921303749084473,-8.34926986694336,1
OREBA-DIS_1012_1_grm_std_uni,1,7.667750835418701,-7.5634942054748535,1
OREBA-DIS_1012_1_grm_std_uni,1,6.184454917907715,-6.695338726043701,1
OREBA-DIS_1012_1_grm_std_uni,1,5.287353992462158,-5.612570285797119,1
OREBA-DIS_1012_1_grm_std_uni,1,5.343926429748535,-5.475741863250732,1
OREBA-DIS_1012_1_grm_std_uni,1,5.340025424957275,-4.669690132141113,1
OREBA-DIS_1012_1_grm_std_uni,1,5.21242094039917,-3.8092381954193115,1
OREBA-DIS_1012_1_grm_std_uni,1,2.9642245769500732,-0.7998682260513306,1
OREBA-DIS_1012_1_grm_std_uni,1,2.1302075386047363,-1.1206436157226562,1
OREBA-DIS_1012_1_grm_std_uni,1,1.7009568214416504,-0.3650219440460205,1
OREBA-DIS_1012_1_grm_std_uni,1,3.031745672225952,-2.3694753646850586,1
OREBA-DIS_1012_1_grm_std_uni,1,4.593588829040527,-4.777212619781494,1
OREBA-DIS_1012_1_grm_std_uni,1,6.514986038208008,-6.746967315673828,1
OREBA-DIS_1012_1_grm_std_uni,1,6.588581562042236,-6.740236282348633,1
OREBA-DIS_1012_1_grm_std_uni,1,7.147747993469238,-6.868780136108398,1
OREBA-DIS_1012_1_grm_std_uni,1,7.133941650390625,-7.010834217071533,1
OREBA-DIS_1012_1_grm_std_uni,1,6.110762596130371,-7.137775897979736,1
OREBA-DIS_1012_1_grm_std_uni,1,6.4041876792907715,-7.20195198059082,1
OREBA-DIS_1012_1_grm_std_uni,1,5.914602756500244,-6.477745532989502,1
OREBA-DIS_1012_1_grm_std_uni,1,5.52284574508667,-6.539572238922119,1
OREBA-DIS_1012_1_grm_std_uni,2,5.881865978240967,-6.258669853210449,1
OREBA-DIS_1012_1_grm_std_uni,2,6.184054374694824,-6.327093124389648,1
OREBA-DIS_1012_1_grm_std_uni,2,6.456961631774902,-6.207718372344971,1
OREBA-DIS_1012_1_grm_std_uni,2,6.930822372436523,-6.214719772338867,1
OREBA-DIS_1012_1_grm_std_uni,2,7.28981876373291,-6.25554895401001,1
OREBA-DIS_1012_1_grm_std_uni,2,7.264743328094482,-6.344919681549072,1
OREBA-DIS_1012_1_grm_std_uni,2,7.204884052276611,-6.631501197814941,1
OREBA-DIS_1012_1_grm_std_uni,2,6.943936347961426,-6.836902141571045,1
OREBA-DIS_1012_1_grm_std_uni,2,6.338286876678467,-6.9490461349487305,1
OREBA-DIS_1012_1_grm_std_uni,2,5.5490546226501465,-6.623415470123291,1
OREBA-DIS_1012_1_grm_std_uni,2,5.184080600738525,-6.4412336349487305,1
OREBA-DIS_1012_1_grm_std_uni,2,5.097170829772949,-6.216176509857178,1
OREBA-DIS_1012_1_grm_std_uni,2,4.693727493286133,-5.612188816070557,1
OREBA-DIS_1012_1_grm_std_uni,2,4.049675941467285,-4.595335483551025,1
OREBA-DIS_1012_1_grm_std_uni,2,4.108503341674805,-4.169003963470459,1
OREBA-DIS_1012_1_grm_std_uni,2,4.858307838439941,-4.961390018463135,1
OREBA-DIS_1012_1_grm_std_uni,2,5.562232971191406,-5.931396007537842,1
OREBA-DIS_1012_1_grm_std_uni,2,5.766809940338135,-6.360095024108887,1
OREBA-DIS_1012_1_grm_std_uni,2,5.762235641479492,-6.433133125305176,1
OREBA-DIS_1012_1_grm_std_uni,2,5.53135871887207,-6.2562031745910645,1
OREBA-DIS_1012_1_grm_std_uni,2,4.896282196044922,-5.728053092956543,1
OREBA-DIS_1012_1_grm_std_uni,2,4.390336990356445,-5.295648097991943,1
OREBA-DIS_1012_1_grm_std_uni,2,4.244154453277588,-5.235190391540527,1
OREBA-DIS_1012_1_grm_std_uni,2,4.194962501525879,-5.169775485992432,1
OREBA-DIS_1012_1_grm_std_uni,2,3.9482293128967285,-5.015820503234863,1
OREBA-DIS_1012_1_grm_std_uni,2,3.645939588546753,-4.934269428253174,1
OREBA-DIS_1012_1_grm_std_uni,2,3.601930856704712,-5.044112205505371,1
OREBA-DIS_1012_1_grm_std_uni,2,3.757838487625122,-5.263243675231934,1
OREBA-DIS_1012_1_grm_std_uni,2,3.9750611782073975,-5.463319301605225,1
OREBA-DIS_1012_1_grm_std_uni,2,3.8784592151641846,-5.43197774887085,1
OREBA-DIS_1012_1_grm_std_uni,2,3.6997365951538086,-5.340398788452148,1
OREBA-DIS_1012_1_grm_std_uni,2,3.5448625087738037,-5.277347564697266,1
OREBA-DIS_1012_1_grm_std_uni,2,3.471283197402954,-5.234400749206543,1
OREBA-DIS_1012_1_grm_std_uni,2,3.2381958961486816,-5.060006141662598,1
OREBA-DIS_1012_1_grm_std_uni,2,2.780273914337158,-4.696917533874512,1
OREBA-DIS_1012_1_grm_std_uni,2,2.1002345085144043,-3.9141128063201904,1
OREBA-DIS_1012_1_grm_std_uni,2,1.451731562614441,-3.322072744369507,1
OREBA-DIS_1012_1_grm_std_uni,2,1.0766044855117798,-2.8820252418518066,1
OREBA-DIS_1012_1_grm_std_uni,2,2.3967652320861816,-3.852886915206909,1
OREBA-DIS_1012_1_grm_std_uni,2,2.830305576324463,-3.645099639892578,1
OREBA-DIS_1012_1_grm_std_uni,2,2.0083305835723877,-2.1504597663879395,1
OREBA-DIS_1012_1_grm_std_uni,2,0.6492319107055664,-0.6437340378761292,1
OREBA-DIS_1012_1_grm_std_uni,2,2.1208412647247314,-2.321235418319702,1
OREBA-DIS_1012_1_grm_std_uni,2,3.9354639053344727,-5.253231525421143,1
OREBA-DIS_1012_1_grm_std_uni,2,4.598002910614014,-5.809764385223389,1
OREBA-DIS_1012_1_grm_std_uni,2,3.7696659564971924,-5.3271484375,1
OREBA-DIS_1012_1_grm_std_uni,2,4.371307849884033,-5.34419059753418,1
OREBA-DIS_1012_1_grm_std_uni,2,5.196016311645508,-6.542725563049316,1
OREBA-DIS_1012_1_grm_std_uni,2,6.406235218048096,-7.727415084838867,1
OREBA-DIS_1012_1_grm_std_uni,2,6.990574359893799,-8.363086700439453,1
OREBA-DIS_1012_1_grm_std_uni,2,7.1662397384643555,-8.481607437133789,1
OREBA-DIS_1012_1_grm_std_uni,2,7.379671096801758,-9.057589530944824,1
OREBA-DIS_1012_1_grm_std_uni,2,6.789636611938477,-9.113097190856934,1
OREBA-DIS_1012_1_grm_std_uni,2,6.739107608795166,-9.142903327941895,1
OREBA-DIS_1012_1_grm_std_uni,2,6.77554178237915,-9.189366340637207,1
OREBA-DIS_1012_1_grm_std_uni,2,6.686218738555908,-9.055068016052246,1
OREBA-DIS_1012_1_grm_std_uni,2,6.593626499176025,-9.054998397827148,1
OREBA-DIS_1012_1_grm_std_uni,2,5.711294651031494,-8.317434310913086,1
OREBA-DIS_1012_1_grm_std_uni,1,4.541914463043213,-6.875420093536377,1
OREBA-DIS_1012_1_grm_std_uni,1,3.9215807914733887,-5.42913293838501,1
OREBA-DIS_1012_1_grm_std_uni,1,3.5465128421783447,-4.614523887634277,1
OREBA-DIS_1012_1_grm_std_uni,1,4.151632785797119,-4.785955429077148,1
OREBA-DIS_1012_1_grm_std_uni,1,5.150937080383301,-4.781124591827393,1
OREBA-DIS_1012_1_grm_std_uni,1,6.140204906463623,-4.882728576660156,1
OREBA-DIS_1012_1_grm_std_uni,1,6.808399677276611,-5.16594123840332,1
OREBA-DIS_1012_1_grm_std_uni,1,7.201783180236816,-5.454987525939941,1
OREBA-DIS_1012_1_grm_std_uni,1,8.531325340270996,-6.872954368591309,1
OREBA-DIS_1012_1_grm_std_uni,1,8.936692237854004,-6.928778171539307,1
OREBA-DIS_1012_1_grm_std_uni,1,8.417274475097656,-6.318930149078369,1
OREBA-DIS_1012_1_grm_std_uni,1,8.619819641113281,-6.3580121994018555,1
OREBA-DIS_1012_1_grm_std_uni,1,8.258293151855469,-6.415994644165039,1
OREBA-DIS_1012_1_grm_std_uni,1,7.717360973358154,-6.430326461791992,1
OREBA-DIS_1012_1_grm_std_uni,1,6.483219623565674,-5.719322204589844,1
OREBA-DIS_1012_1_grm_std_uni,1,6.507956027984619,-5.7291765213012695,1
OREBA-DIS_1012_1_grm_std_uni,1,7.162310600280762,-4.801939964294434,1
OREBA-DIS_1012_1_grm_std_uni,1,7.321712970733643,-4.358462810516357,1
OREBA-DIS_1012_1_grm_std_uni,1,7.302412986755371,-4.516944408416748,1
OREBA-DIS_1012_1_grm_std_uni,1,7.600554466247559,-5.775895595550537,1
OREBA-DIS_1012_1_grm_std_uni,1,6.730514049530029,-5.652905464172363,1
OREBA-DIS_1012_1_grm_std_uni,1,5.800493240356445,-4.101134777069092,1
OREBA-DIS_1012_1_grm_std_uni,1,6.143270492553711,-3.369502305984497,1
OREBA-DIS_1012_1_grm_std_uni,1,6.509753227233887,-3.9499409198760986,1
OREBA-DIS_1012_1_grm_std_uni,1,7.177226543426514,-4.340504169464111,1
OREBA-DIS_1012_1_grm_std_uni,1,6.794014930725098,-4.541738033294678,1
OREBA-DIS_1012_1_grm_std_uni,1,7.074678421020508,-5.543261528015137,1
OREBA-DIS_1012_1_grm_std_uni,1,6.80393648147583,-5.194345951080322,1
OREBA-DIS_1012_1_grm_std_uni,1,6.9706339836120605,-5.064961910247803,1
OREBA-DIS_1012_1_grm_std_uni,1,7.43828821182251,-5.768896102905273,1
OREBA-DIS_1012_1_grm_std_uni,1,7.478621482849121,-6.31654167175293,1
OREBA-DIS_1012_1_grm_std_uni,1,6.67346715927124,-5.5001349449157715,1
OREBA-DIS_1012_1_grm_std_uni,1,5.672016143798828,-4.463382720947266,1
OREBA-DIS_1012_1_grm_std_uni,1,4.91231632232666,-3.2763705253601074,1
OREBA-DIS_1012_1_grm_std_uni,1,5.591017723083496,-4.012362003326416,1
OREBA-DIS_1012_1_grm_std_uni,1,6.49048376083374,-4.781306743621826,1
OREBA-DIS_1012_1_grm_std_uni,1,6.777194499969482,-4.943169593811035,1
OREBA-DIS_1012_1_grm_std_uni,1,6.485435485839844,-4.64448356628418,1
OREBA-DIS_1012_1_grm_std_uni,1,5.630136013031006,-4.034453868865967,1
OREBA-DIS_1012_1_grm_std_uni,1,6.941615104675293,-5.1674041748046875,1
OREBA-DIS_1012_1_grm_std_uni,1,7.061926364898682,-5.047025680541992,1
OREBA-DIS_1012_1_grm_std_uni,1,6.540031433105469,-4.231166362762451,1
OREBA-DIS_1012_1_grm_std_uni,1,6.336733341217041,-4.006429672241211,1
OREBA-DIS_1012_1_grm_std_uni,1,5.4950270652771,-3.600198268890381,1
OREBA-DIS_1012_1_grm_std_uni,1,5.858933925628662,-3.8465921878814697,1
OREBA-DIS_1012_1_grm_std_uni,1,6.523042678833008,-4.860899925231934,1
OREBA-DIS_1012_1_grm_std_uni,1,6.540498733520508,-5.3389410972595215,1
OREBA-DIS_1012_1_grm_std_uni,1,6.394201755523682,-5.227538585662842,1
OREBA-DIS_1012_1_grm_std_uni,1,5.953039169311523,-4.869988441467285,1
OREBA-DIS_1012_1_grm_std_uni,1,5.2253522872924805,-4.767738342285156,1
OREBA-DIS_1012_1_grm_std_uni,1,4.7183966636657715,-5.319423675537109,1
OREBA-DIS_1012_1_grm_std_uni,1,4.577902793884277,-5.737651348114014,1
OREBA-DIS_1012_1_grm_std_uni,1,4.3290815353393555,-5.846719741821289,1
OREBA-DIS_1012_1_grm_std_uni,1,3.9879584312438965,-5.692010402679443,1
OREBA-DIS_1012_1_grm_std_uni,1,3.933518648147583,-5.61768913269043,1
OREBA-DIS_1012_1_grm_std_uni,1,3.623867988586426,-5.476105213165283,1
OREBA-DIS_1012_1_grm_std_uni,1,3.6552388668060303,-5.44125509262085,1
OREBA-DIS_1012_1_grm_std_uni,1,3.757185697555542,-5.583010673522949,1
OREBA-DIS_1012_1_grm_std_uni,1,4.036467552185059,-5.967358589172363,1
OREBA-DIS_1012_1_grm_std_uni,1,4.158782005310059,-6.217648506164551,1
OREBA-DIS_1012_1_grm_std_uni,1,3.711566686630249,-5.046543121337891,1
OREBA-DIS_1012_1_grm_std_uni,1,3.6869382858276367,-4.368415832519531,1
OREBA-DIS_1012_1_grm_std_uni,1,4.481639862060547,-4.944815635681152,1
OREBA-DIS_1012_1_grm_std_uni,1,6.165348529815674,-6.626678466796875,1
OREBA-DIS_1012_1_grm_std_uni,1,6.195670127868652,-6.101687431335449,1
OREBA-DIS_1012_1_grm_std_uni,1,6.676395893096924,-6.057723045349121,1
OREBA-DIS_1012_1_grm_std_uni,1,6.707022190093994,-6.033946990966797,1
OREBA-DIS_1012_1_grm_std_uni,1,6.391804218292236,-6.185877323150635,1
OREBA-DIS_1012_1_grm_std_uni,2,6.658228874206543,-5.896186828613281,1
OREBA-DIS_1012_1_grm_std_uni,2,6.077664375305176,-5.045365810394287,1
OREBA-DIS_1012_1_grm_std_uni,2,5.911444664001465,-5.307328224182129,1
OREBA-DIS_1012_1_grm_std_uni,2,5.3952789306640625,-5.003529071807861,1
OREBA-DIS_1012_1_grm_std_uni,2,4.854928493499756,-4.522684574127197,1
OREBA-DIS_1012_1_grm_std_uni,2,5.890512943267822,-5.154897689819336,1
OREBA-DIS_1012_1_grm_std_uni,2,6.261073589324951,-6.1346330642700195,1
OREBA-DIS_1012_1_grm_std_uni,2,6.495736598968506,-6.725144863128662,1
OREBA-DIS_1012_1_grm_std_uni,2,6.915798664093018,-6.914235591888428,1
OREBA-DIS_1012_1_grm_std_uni,2,6.750161170959473,-7.250198841094971,1
OREBA-DIS_1012_1_grm_std_uni,2,2.694748878479004,-4.349454402923584,1
OREBA-DIS_1012_1_grm_std_uni,2,-1.4327014684677124,1.1080912351608276,2
OREBA-DIS_1012_1_grm_std_uni,2,-2.615379810333252,1.4131776094436646,1
OREBA-DIS_1012_1_grm_std_uni,2,3.868239164352417,-5.245031833648682,1
OREBA-DIS_1012_1_grm_std_uni,2,7.5006818771362305,-8.086853981018066,1
OREBA-DIS_1012_1_grm_std_uni,2,7.845108985900879,-8.51906967163086,1
OREBA-DIS_1012_1_grm_std_uni,2,8.157051086425781,-8.602360725402832,1
OREBA-DIS_1012_1_grm_std_uni,1,8.803735733032227,-9.301180839538574,1
OREBA-DIS_1012_1_grm_std_uni,1,8.966200828552246,-9.336201667785645,1
OREBA-DIS_1012_1_grm_std_uni,1,8.612611770629883,-9.03969955444336,1
OREBA-DIS_1012_1_grm_std_uni,1,8.596192359924316,-8.722599029541016,1
OREBA-DIS_1012_1_grm_std_uni,1,8.580227851867676,-8.639421463012695,1
OREBA-DIS_1012_1_grm_std_uni,1,9.062965393066406,-8.624345779418945,1
OREBA-DIS_1012_1_grm_std_uni,1,9.673139572143555,-8.736516952514648,1
OREBA-DIS_1012_1_grm_std_uni,1,9.819695472717285,-8.84780216217041,1
OREBA-DIS_1012_1_grm_std_uni,1,9.374963760375977,-8.588150024414062,1
OREBA-DIS_1012_1_grm_std_uni,1,8.64223861694336,-8.607867240905762,1
OREBA-DIS_1012_1_grm_std_uni,1,8.169160842895508,-7.8889923095703125,1
OREBA-DIS_1012_1_grm_std_uni,1,7.610265254974365,-7.2671661376953125,1
OREBA-DIS_1012_1_grm_std_uni,1,7.493831157684326,-7.41964054107666,1
OREBA-DIS_1012_1_grm_std_uni,1,8.03034782409668,-7.378522872924805,1
OREBA-DIS_1012_1_grm_std_uni,1,8.747743606567383,-7.520744800567627,1
OREBA-DIS_1012_1_grm_std_uni,1,8.389092445373535,-6.896810054779053,1
OREBA-DIS_1012_1_grm_std_uni,1,8.254546165466309,-6.566117763519287,1
OREBA-DIS_1012_1_grm_std_uni,1,8.515308380126953,-6.744612693786621,1
OREBA-DIS_1012_1_grm_std_uni,1,8.654349327087402,-7.098008632659912,1
OREBA-DIS_1012_1_grm_std_uni,1,8.57938289642334,-7.002108573913574,1
OREBA-DIS_1012_1_grm_std_uni,1,8.578828811645508,-7.391672611236572,1
OREBA-DIS_1012_1_grm_std_uni,1,8.434130668640137,-7.314822196960449,1
OREBA-DIS_1012_1_grm_std_uni,1,8.443408012390137,-7.214820384979248,1
OREBA-DIS_1012_1_grm_std_uni,1,8.067401885986328,-5.81812858581543,1
OREBA-DIS_1012_1_grm_std_uni,1,8.615721702575684,-5.871822834014893,1
OREBA-DIS_1012_1_grm_std_uni,1,8.302241325378418,-5.106154441833496,1
OREBA-DIS_1012_1_grm_std_uni,1,8.429388999938965,-5.458854675292969,1
OREBA-DIS_1012_1_grm_std_uni,1,8.218832969665527,-5.3845534324646,1
OREBA-DIS_1012_1_grm_std_uni,1,8.411223411560059,-5.207146167755127,1
OREBA-DIS_1012_1_grm_std_uni,1,8.868525505065918,-5.36384391784668,1
OREBA-DIS_1012_1_grm_std_uni,1,8.77936840057373,-5.379181385040283,1
OREBA-DIS_1012_1_grm_std_uni,1,8.870121002197266,-5.664457321166992,1
OREBA-DIS_1012_1_grm_std_uni,1,9.179682731628418,-5.701215744018555,1
OREBA-DIS_1012_1_grm_std_uni,1,9.24324893951416,-5.645917892456055,1
OREBA-DIS_1012_1_grm_std_uni,1,8.91821002960205,-5.940455436706543,1
OREBA-DIS_1012_1_grm_std_uni,1,8.152026176452637,-5.317892551422119,1
OREBA-DIS_1012_1_grm_std_uni,1,7.46469259262085,-4.726349830627441,1
OREBA-DIS_1012_1_grm_std_uni,1,7.116536617279053,-4.697437286376953,1
OREBA-DIS_1012_1_grm_std_uni,1,6.57665491104126,-4.26423454284668,1
OREBA-DIS_1012_1_grm_std_uni,1,6.514037609100342,-4.555368423461914,1
OREBA-DIS_1012_1_grm_std_uni,1,6.398062705993652,-4.359972953796387,1
OREBA-DIS_1012_1_grm_std_uni,1,6.491605281829834,-4.241215229034424,1
OREBA-DIS_1012_1_grm_std_uni,1,7.012343406677246,-4.750438213348389,1
OREBA-DIS_1012_1_grm_std_uni,1,6.798652172088623,-4.577820301055908,1
OREBA-DIS_1012_1_grm_std_uni,1,6.575140953063965,-4.5727667808532715,1
OREBA-DIS_1012_1_grm_std_uni,1,5.6775922775268555,-4.368804454803467,1
OREBA-DIS_1012_1_grm_std_uni,1,5.732279300689697,-4.0751872062683105,1
OREBA-DIS_1012_1_grm_std_uni,1,5.752952575683594,-3.946319580078125,1
OREBA-DIS_1012_1_grm_std_uni,1,6.135947227478027,-4.180405616760254,1
OREBA-DIS_1012_1_grm_std_uni,1,6.551194190979004,-4.687083721160889,1
OREBA-DIS_1012_1_grm_std_uni,1,6.430217266082764,-5.281766891479492,1
OREBA-DIS_1012_1_grm_std_uni,1,6.3949713706970215,-5.565716743469238,1
OREBA-DIS_1012_1_grm_std_uni,1,6.4477314949035645,-5.313176155090332,1
OREBA-DIS_1012_1_grm_std_uni,1,7.177524566650391,-4.891834259033203,1
OREBA-DIS_1012_1_grm_std_uni,1,7.427573204040527,-4.382369041442871,1
OREBA-DIS_1012_1_grm_std_uni,1,7.350153923034668,-4.5575947761535645,1
OREBA-DIS_1012_1_grm_std_uni,1,6.74454927444458,-4.635218620300293,1
OREBA-DIS_1012_1_grm_std_uni,1,6.383032321929932,-3.745637893676758,1
OREBA-DIS_1012_1_grm_std_uni,1,5.81492805480957,-3.0272295475006104,1
OREBA-DIS_1012_1_grm_std_uni,1,6.49625301361084,-4.037635803222656,1
OREBA-DIS_1012_1_grm_std_uni,1,6.644813537597656,-5.117742538452148,1
OREBA-DIS_1012_1_grm_std_uni,1,6.474978446960449,-5.0384416580200195,1
OREBA-DIS_1012_1_grm_std_uni,1,5.911619186401367,-4.255993843078613,1
OREBA-DIS_1012_1_grm_std_uni,1,6.89788818359375,-5.629014492034912,1
OREBA-DIS_1012_1_grm_std_uni,1,7.34401273727417,-5.689586162567139,1
OREBA-DIS_1012_1_grm_std_uni,1,7.3823652267456055,-5.067819595336914,1
OREBA-DIS_1012_1_grm_std_uni,1,7.666259288787842,-4.4595818519592285,1
OREBA-DIS_1012_1_grm_std_uni,1,7.321659088134766,-4.433974266052246,1
OREBA-DIS_1012_1_grm_std_uni,1,6.2231879234313965,-4.738014221191406,1
OREBA-DIS_1012_1_grm_std_uni,1,6.312005043029785,-4.792252540588379,1
OREBA-DIS_1012_1_grm_std_uni,1,6.432036876678467,-5.068824768066406,1
OREBA-DIS_1012_1_grm_std_uni,1,6.073424816131592,-5.415771007537842,1
OREBA-DIS_1012_1_grm_std_uni,1,5.48486328125,-5.134064197540283,1
OREBA-DIS_1012_1_grm_std_uni,1,5.669488430023193,-5.3533430099487305,1
OREBA-DIS_1012_1_grm_std_uni,1,6.066396236419678,-6.179565906524658,1
OREBA-DIS_1012_1_grm_std_uni,1,6.450266361236572,-6.759624481201172,1
OREBA-DIS_1012_1_grm_std_uni,1,6.635381698608398,-6.802058696746826,1
OREBA-DIS_1012_1_grm_std_uni,1,6.153961658477783,-6.425475597381592,1
OREBA-DIS_1012_1_grm_std_uni,1,6.580100059509277,-6.548253536224365,1
OREBA-DIS_1012_1_grm_std_uni,1,6.24720573425293,-6.055723190307617,1
OREBA-DIS_1012_1_grm_std_uni,1,6.527052879333496,-6.078042030334473,1
OREBA-DIS_1012_1_grm_std_uni,1,6.9710917472839355,-6.310031414031982,1
OREBA-DIS_1012_1_grm_std_uni,1,6.566091060638428,-6.123403072357178,1
OREBA-DIS_1012_1_grm_std_uni,1,6.487204074859619,-6.259498119354248,1
OREBA-DIS_1012_1_grm_std_uni,1,6.737736701965332,-5.8237433433532715,1
OREBA-DIS_1012_1_grm_std_uni,1,6.6948981285095215,-5.893425941467285,1
OREBA-DIS_1012_1_grm_std_uni,1,6.728245735168457,-5.7825727462768555,1
OREBA-DIS_1012_1_grm_std_uni,1,6.1252851486206055,-5.359631538391113,1
OREBA-DIS_1012_1_grm_std_uni,1,6.139204978942871,-5.451972961425781,1
OREBA-DIS_1012_1_grm_std_uni,1,6.491130828857422,-6.184776782989502,1
OREBA-DIS_1012_1_grm_std_uni,1,6.441248416900635,-6.5749406814575195,1
OREBA-DIS_1012_1_grm_std_uni,1,6.160008907318115,-6.376087665557861,1
OREBA-DIS_1012_1_grm_std_uni,1,5.554396152496338,-5.845759391784668,1
OREBA-DIS_1012_1_grm_std_uni,1,5.243607997894287,-5.541941165924072,1
OREBA-DIS_1012_1_grm_std_uni,1,4.485105037689209,-4.588545799255371,1
OREBA-DIS_1012_1_grm_std_uni,1,3.461235523223877,-3.518664836883545,1
OREBA-DIS_1012_1_grm_std_uni,1,3.741913318634033,-3.746798515319824,1
OREBA-DIS_1012_1_grm_std_uni,1,4.91790771484375,-4.346215724945068,1
OREBA-DIS_1012_1_grm_std_uni,1,5.7846999168396,-5.124526023864746,1
OREBA-DIS_1012_1_grm_std_uni,1,5.801685333251953,-5.670003414154053,1
OREBA-DIS_1012_1_grm_std_uni,1,5.796865463256836,-5.963842391967773,1
OREBA-DIS_1012_1_grm_std_uni,1,5.69059419631958,-5.821362495422363,1
OREBA-DIS_1012_1_grm_std_uni,1,6.040122032165527,-5.9670610427856445,1
OREBA-DIS_1012_1_grm_std_uni,1,5.492271423339844,-5.07004976272583,1
OREBA-DIS_1012_1_grm_std_uni,1,4.808416366577148,-4.979506969451904,1
OREBA-DIS_1012_1_grm_std_uni,1,4.866435527801514,-5.447301387786865,1
OREBA-DIS_1012_1_grm_std_uni,1,4.503166675567627,-5.098908424377441,1
OREBA-DIS_1012_1_grm_std_uni,1,4.660027980804443,-5.178255558013916,1
OREBA-DIS_1012_1_grm_std_uni,1,5.063945770263672,-5.032418727874756,1
OREBA-DIS_1012_1_grm_std_uni,1,5.1100172996521,-4.197283744812012,1
OREBA-DIS_1012_1_grm_std_uni,1,4.825802803039551,-2.9800233840942383,1
OREBA-DIS_1012_1_grm_std_uni,1,5.289009094238281,-3.041144371032715,1
OREBA-DIS_1012_1_grm_std_uni,1,5.926586151123047,-4.016730308532715,1
OREBA-DIS_1012_1_grm_std_uni,1,5.7491278648376465,-4.563318729400635,1
OREBA-DIS_1012_1_grm_std_uni,2,4.861244201660156,-4.242476940155029,1
OREBA-DIS_1012_1_grm_std_uni,2,4.85678768157959,-4.555775165557861,1
OREBA-DIS_1012_1_grm_std_uni,2,4.212936878204346,-3.67867112159729,1
OREBA-DIS_1012_1_grm_std_uni,2,4.0746660232543945,-3.5301122665405273,1
OREBA-DIS_1012_1_grm_std_uni,2,4.707318305969238,-3.949105739593506,1
OREBA-DIS_1012_1_grm_std_uni,2,5.45993185043335,-4.607848644256592,1
OREBA-DIS_1012_1_grm_std_uni,2,5.755339622497559,-4.985879421234131,1
OREBA-DIS_1012_1_grm_std_uni,2,6.4926276206970215,-5.6552886962890625,1
OREBA-DIS_1012_1_grm_std_uni,2,6.945788383483887,-6.061997413635254,1
OREBA-DIS_1012_1_grm_std_uni,2,3.5356833934783936,-4.465519428253174,1
OREBA-DIS_1012_1_grm_std_uni,2,-2.4069859981536865,1.6664354801177979,2
OREBA-DIS_1012_1_grm_std_uni,2,-3.2922310829162598,2.697364091873169,1
OREBA-DIS_1012_1_grm_std_uni,2,2.932443857192993,-4.1320600509643555,1
OREBA-DIS_1012_1_grm_std_uni,2,7.211266040802002,-7.463377952575684,1
OREBA-DIS_1012_1_grm_std_uni,2,8.209461212158203,-7.952276706695557,1
OREBA-DIS_1012_1_grm_std_uni,2,8.011547088623047,-7.884032726287842,1
OREBA-DIS_1012_1_grm_std_uni,2,7.7158708572387695,-7.56011438369751,1
OREBA-DIS_1012_1_grm_std_uni,1,8.174568176269531,-8.794196128845215,1
OREBA-DIS_1012_1_grm_std_uni,1,8.714191436767578,-8.971695899963379,1
OREBA-DIS_1012_1_grm_std_uni,1,8.566722869873047,-8.511691093444824,1
OREBA-DIS_1012_1_grm_std_uni,1,8.09915542602539,-8.381452560424805,1
OREBA-DIS_1012_1_grm_std_uni,1,8.031644821166992,-8.462779998779297,1
OREBA-DIS_1012_1_grm_std_uni,1,8.17888069152832,-8.644999504089355,1
OREBA-DIS_1012_1_grm_std_uni,1,7.620242595672607,-8.606878280639648,1
OREBA-DIS_1012_1_grm_std_uni,1,6.508697986602783,-8.185754776000977,1
OREBA-DIS_1012_1_grm_std_uni,1,6.025781154632568,-8.321127891540527,1
OREBA-DIS_1012_1_grm_std_uni,1,6.124149322509766,-8.439987182617188,1
OREBA-DIS_1012_1_grm_std_uni,1,6.924464225769043,-8.561826705932617,1
OREBA-DIS_1012_1_grm_std_uni,1,7.1188063621521,-8.56966781616211,1
OREBA-DIS_1012_1_grm_std_uni,1,6.703107833862305,-7.342767715454102,1
OREBA-DIS_1012_1_grm_std_uni,1,7.318338871002197,-7.022348403930664,1
OREBA-DIS_1012_1_grm_std_uni,1,7.714878559112549,-6.841982841491699,1
OREBA-DIS_1012_1_grm_std_uni,1,7.528261184692383,-6.309354305267334,1
OREBA-DIS_1012_1_grm_std_uni,1,7.266872406005859,-6.171163082122803,1
OREBA-DIS_1012_1_grm_std_uni,1,7.281256198883057,-5.842075347900391,1
OREBA-DIS_1012_1_grm_std_uni,1,7.473992824554443,-5.1722235679626465,1
OREBA-DIS_1012_1_grm_std_uni,1,7.446712017059326,-4.640371322631836,1
OREBA-DIS_1012_1_grm_std_uni,1,7.5069708824157715,-4.53032922744751,1
OREBA-DIS_1012_1_grm_std_uni,1,8.041160583496094,-5.240659713745117,1
OREBA-DIS_1012_1_grm_std_uni,1,8.345756530761719,-5.7430806159973145,1
OREBA-DIS_1012_1_grm_std_uni,1,8.036112785339355,-6.102960109710693,1
OREBA-DIS_1012_1_grm_std_uni,1,7.570689678192139,-5.707973480224609,1
OREBA-DIS_1012_1_grm_std_uni,1,6.58441686630249,-4.834698677062988,1
OREBA-DIS_1012_1_grm_std_uni,1,5.987101078033447,-4.567813873291016,1
OREBA-DIS_1012_1_grm_std_uni,1,5.131687641143799,-3.8225858211517334,1
OREBA-DIS_1012_1_grm_std_uni,1,4.877908706665039,-3.0659615993499756,1
OREBA-DIS_1012_1_grm_std_uni,1,6.11074686050415,-4.025667667388916,1
OREBA-DIS_1012_1_grm_std_uni,1,6.111711502075195,-3.836120367050171,1
OREBA-DIS_1012_1_grm_std_uni,1,6.143110275268555,-3.3437037467956543,1
OREBA-DIS_1012_1_grm_std_uni,1,7.004120349884033,-3.2373411655426025,1
OREBA-DIS_1012_1_grm_std_uni,1,7.416000843048096,-3.557908535003662,1
OREBA-DIS_1012_1_grm_std_uni,1,7.147609710693359,-4.256918430328369,1
OREBA-DIS_1012_1_grm_std_uni,1,7.250173568725586,-5.2525739669799805,1
OREBA-DIS_1012_1_grm_std_uni,1,7.598799705505371,-6.0870041847229,1
OREBA-DIS_1012_1_grm_std_uni,1,6.910927772521973,-5.692625522613525,1
OREBA-DIS_1012_1_grm_std_uni,1,5.902022838592529,-4.6001505851745605,1
OREBA-DIS_1012_1_grm_std_uni,1,7.2783074378967285,-4.451220512390137,1
OREBA-DIS_1012_1_grm_std_uni,1,7.8818254470825195,-4.26458215713501,1
OREBA-DIS_1012_1_grm_std_uni,1,7.909262180328369,-4.473556041717529,1
OREBA-DIS_1012_1_grm_std_uni,1,7.740549564361572,-4.7597551345825195,1
OREBA-DIS_1012_1_grm_std_uni,1,7.873941421508789,-5.397841930389404,1
OREBA-DIS_1012_1_grm_std_uni,1,7.375095844268799,-5.317042827606201,1
OREBA-DIS_1012_1_grm_std_uni,1,7.214390277862549,-4.766171455383301,1
OREBA-DIS_1012_1_grm_std_uni,1,6.694389343261719,-3.826240062713623,1
OREBA-DIS_1012_1_grm_std_uni,1,6.175454139709473,-2.88563871383667,1
OREBA-DIS_1012_1_grm_std_uni,1,6.094176292419434,-3.5977911949157715,1
OREBA-DIS_1012_1_grm_std_uni,2,5.849698543548584,-3.928375244140625,1
OREBA-DIS_1012_1_grm_std_uni,2,5.914063930511475,-4.205291748046875,1
OREBA-DIS_1012_1_grm_std_uni,2,6.042491912841797,-4.533370494842529,1
OREBA-DIS_1012_1_grm_std_uni,2,6.6008100509643555,-4.609236717224121,1
OREBA-DIS_1012_1_grm_std_uni,2,6.945340156555176,-4.8284478187561035,1
OREBA-DIS_1012_1_grm_std_uni,2,6.868678092956543,-4.9178690910339355,1
OREBA-DIS_1012_1_grm_std_uni,2,6.865508079528809,-5.028167247772217,1
OREBA-DIS_1012_1_grm_std_uni,2,6.926392078399658,-5.395043849945068,1
OREBA-DIS_1012_1_grm_std_uni,2,7.411486625671387,-6.086661338806152,1
OREBA-DIS_1012_1_grm_std_uni,2,2.0388426780700684,-2.2316954135894775,1
OREBA-DIS_1012_1_grm_std_uni,2,-2.117082357406616,2.1741204261779785,2
OREBA-DIS_1012_1_grm_std_uni,2,0.007741641253232956,-0.587133526802063,1
OREBA-DIS_1012_1_grm_std_uni,2,5.691542148590088,-5.497420310974121,1
OREBA-DIS_1012_1_grm_std_uni,2,8.116162300109863,-7.5628838539123535,1
OREBA-DIS_1012_1_grm_std_uni,2,8.39697265625,-7.677382469177246,1
OREBA-DIS_1012_1_grm_std_uni,2,8.577364921569824,-7.737991809844971,1
OREBA-DIS_1012_1_grm_std_uni,2,8.81363582611084,-7.97566032409668,1
OREBA-DIS_1012_1_grm_std_uni,2,9.3494234085083,-8.578234672546387,1
OREBA-DIS_1012_1_grm_std_uni,1,9.550448417663574,-8.99842643737793,1
OREBA-DIS_1012_1_grm_std_uni,1,9.344732284545898,-8.790701866149902,1
OREBA-DIS_1012_1_grm_std_uni,1,9.430109977722168,-9.217877388000488,1
OREBA-DIS_1012_1_grm_std_uni,1,9.379332542419434,-9.43620491027832,1
OREBA-DIS_1012_1_grm_std_uni,1,8.664669036865234,-9.597086906433105,1
OREBA-DIS_1012_1_grm_std_uni,1,7.802463531494141,-9.507024765014648,1
OREBA-DIS_1012_1_grm_std_uni,1,6.539374828338623,-8.832392692565918,1
OREBA-DIS_1012_1_grm_std_uni,1,6.437125205993652,-8.768671035766602,1
OREBA-DIS_1012_1_grm_std_uni,1,6.677151679992676,-8.68035888671875,1
OREBA-DIS_1012_1_grm_std_uni,1,7.408453464508057,-8.91380500793457,1
OREBA-DIS_1012_1_grm_std_uni,1,7.5381855964660645,-8.944823265075684,1
OREBA-DIS_1012_1_grm_std_uni,1,7.099084854125977,-8.899101257324219,1
OREBA-DIS_1012_1_grm_std_uni,1,7.003129005432129,-9.191932678222656,1
OREBA-DIS_1012_1_grm_std_uni,1,6.455803871154785,-8.877013206481934,1
OREBA-DIS_1012_1_grm_std_uni,1,6.194180965423584,-8.581734657287598,1
OREBA-DIS_1012_1_grm_std_uni,1,5.708293437957764,-7.913008213043213,1
OREBA-DIS_1012_1_grm_std_uni,1,5.611055850982666,-7.874432563781738,1
OREBA-DIS_1012_1_grm_std_uni,1,5.504510402679443,-7.728088855743408,1
OREBA-DIS_1012_1_grm_std_uni,1,5.056314945220947,-6.834673881530762,1
OREBA-DIS_1012_1_grm_std_uni,1,5.2381911277771,-6.775230407714844,1
OREBA-DIS_1012_1_grm_std_uni,1,5.881821155548096,-7.2410888671875,1
OREBA-DIS_1012_1_grm_std_uni,1,6.2773213386535645,-7.535929203033447,1
OREBA-DIS_1012_1_grm_std_uni,1,5.588184833526611,-7.151722431182861,1
OREBA-DIS_1012_1_grm_std_uni,1,5.393253326416016,-7.066864490509033,1
OREBA-DIS_1012_1_grm_std_uni,1,5.779392719268799,-7.435811519622803,1
OREBA-DIS_1012_1_grm_std_uni,1,5.881765365600586,-7.59215784072876,1
OREBA-DIS_1012_1_grm_std_uni,1,5.335913181304932,-7.450640678405762,1
OREBA-DIS_1012_1_grm_std_uni,1,4.946466445922852,-7.174424648284912,1
OREBA-DIS_1012_1_grm_std_uni,1,4.8766350746154785,-6.9623188972473145,1
OREBA-DIS_1012_1_grm_std_uni,1,4.786192893981934,-6.930086135864258,1
OREBA-DIS_1012_1_grm_std_uni,1,4.720837116241455,-6.724526882171631,1
OREBA-DIS_1012_1_grm_std_uni,1,4.8315019607543945,-6.591324806213379,1
OREBA-DIS_1012_1_grm_std_uni,1,4.709897994995117,-6.183609962463379,1
OREBA-DIS_1012_1_grm_std_uni,1,4.205996990203857,-5.2722907066345215,1
OREBA-DIS_1012_1_grm_std_uni,1,4.626862525939941,-5.633018970489502,1
OREBA-DIS_1012_1_grm_std_uni,1,4.351766109466553,-5.501580238342285,1
OREBA-DIS_1012_1_grm_std_uni,1,5.293263912200928,-5.9775166511535645,1
OREBA-DIS_1012_1_grm_std_uni,1,6.251570224761963,-6.500373840332031,1
OREBA-DIS_1012_1_grm_std_uni,1,6.25208854675293,-6.295291900634766,1
OREBA-DIS_1012_1_grm_std_uni,1,5.835864543914795,-5.585123538970947,1
OREBA-DIS_1012_1_grm_std_uni,1,5.916225433349609,-5.570778846740723,1
OREBA-DIS_1012_1_grm_std_uni,1,6.142210483551025,-5.3751444816589355,1
OREBA-DIS_1012_1_grm_std_uni,1,6.818538665771484,-5.994718551635742,1
OREBA-DIS_1012_1_grm_std_uni,1,6.507395267486572,-5.725646495819092,1
OREBA-DIS_1012_1_grm_std_uni,1,6.2150559425354,-5.388696670532227,1
OREBA-DIS_1012_1_grm_std_uni,1,6.376153469085693,-5.700161933898926,1
OREBA-DIS_1012_1_grm_std_uni,1,6.223685264587402,-5.580024719238281,1
OREBA-DIS_1012_1_grm_std_uni,1,6.147642612457275,-5.659453868865967,1
OREBA-DIS_1012_1_grm_std_uni,1,6.060512542724609,-5.753608226776123,1
OREBA-DIS_1012_1_grm_std_uni,1,6.461284637451172,-6.258344650268555,1
OREBA-DIS_1012_1_grm_std_uni,1,6.598493576049805,-6.429696559906006,1
OREBA-DIS_1012_1_grm_std_uni,1,6.082312107086182,-6.205006122589111,1
OREBA-DIS_1012_1_grm_std_uni,1,6.213394641876221,-6.3766374588012695,1
OREBA-DIS_1012_1_grm_std_uni,1,5.674649238586426,-5.796917915344238,1
OREBA-DIS_1012_1_grm_std_uni,1,4.640928745269775,-4.856861114501953,1
OREBA-DIS_1012_1_grm_std_uni,1,3.6953258514404297,-4.010439395904541,1
OREBA-DIS_1012_1_grm_std_uni,1,3.1801397800445557,-3.391390562057495,1
OREBA-DIS_1012_1_grm_std_uni,1,3.473973512649536,-3.3899986743927,1
OREBA-DIS_1012_1_grm_std_uni,1,4.079305171966553,-3.659350872039795,1
OREBA-DIS_1012_1_grm_std_uni,1,4.605569362640381,-4.032965660095215,1
OREBA-DIS_1012_1_grm_std_uni,1,4.93673038482666,-4.574732780456543,1
OREBA-DIS_1012_1_grm_std_uni,1,5.135044097900391,-4.837852954864502,1
OREBA-DIS_1012_1_grm_std_uni,1,4.288137912750244,-4.661546230316162,1
OREBA-DIS_1012_1_grm_std_uni,1,3.5725419521331787,-4.1714677810668945,1
OREBA-DIS_1012_1_grm_std_uni,1,3.2467422485351562,-3.316784143447876,1
OREBA-DIS_1012_1_grm_std_uni,1,3.7610931396484375,-3.3479418754577637,1
OREBA-DIS_1012_1_grm_std_uni,1,5.880166053771973,-4.6226630210876465,1
OREBA-DIS_1012_1_grm_std_uni,1,6.480728626251221,-5.222590923309326,1
OREBA-DIS_1012_1_grm_std_uni,1,6.006616115570068,-3.882139205932617,1
OREBA-DIS_1012_1_grm_std_uni,1,6.300136566162109,-3.914597749710083,1
OREBA-DIS_1012_1_grm_std_uni,1,6.664804935455322,-3.421704053878784,1
OREBA-DIS_1012_1_grm_std_uni,1,6.84689474105835,-3.544415235519409,1
OREBA-DIS_1012_1_grm_std_uni,1,7.121559143066406,-3.320672035217285,1
OREBA-DIS_1012_1_grm_std_uni,1,7.086269378662109,-2.9146909713745117,1
OREBA-DIS_1012_1_grm_std_uni,1,7.166909694671631,-3.4381165504455566,1
OREBA-DIS_1012_1_grm_std_uni,1,6.771862030029297,-3.121919631958008,1
OREBA-DIS_1012_1_grm_std_uni,1,6.101746559143066,-3.4347474575042725,1
OREBA-DIS_1012_1_grm_std_uni,1,6.181748390197754,-4.253422737121582,1
OREBA-DIS_1012_1_grm_std_uni,1,6.424945831298828,-4.925356388092041,1
OREBA-DIS_1012_1_grm_std_uni,1,6.008912086486816,-5.276955604553223,1
OREBA-DIS_1012_1_grm_std_uni,1,6.755458831787109,-5.940618991851807,1
OREBA-DIS_1012_1_grm_std_uni,1,7.358330249786377,-6.655536651611328,1
OREBA-DIS_1012_1_grm_std_uni,1,7.410001754760742,-6.5986456871032715,1
OREBA-DIS_1012_1_grm_std_uni,1,6.911864757537842,-6.373315811157227,1
OREBA-DIS_1012_1_grm_std_uni,1,5.486976146697998,-5.5210442543029785,1
OREBA-DIS_1012_1_grm_std_uni,1,4.550740718841553,-4.629749774932861,1
OREBA-DIS_1012_1_grm_std_uni,1,4.898434638977051,-5.409584045410156,1
OREBA-DIS_1012_1_grm_std_uni,1,5.131709098815918,-5.995968818664551,1
OREBA-DIS_1012_1_grm_std_uni,1,5.7304840087890625,-6.543979644775391,1
OREBA-DIS_1012_1_grm_std_uni,1,6.008370399475098,-6.573790073394775,1
OREBA-DIS_1012_1_grm_std_uni,1,5.167229175567627,-6.118742942810059,1
OREBA-DIS_1012_1_grm_std_uni,1,3.5605337619781494,-4.97377347946167,1
OREBA-DIS_1012_1_grm_std_uni,1,3.199625253677368,-4.834488868713379,1
OREBA-DIS_1012_1_grm_std_uni,1,3.656498670578003,-5.245388031005859,1
OREBA-DIS_1012_1_grm_std_uni,1,3.839643955230713,-5.550562381744385,1
OREBA-DIS_1012_1_grm_std_uni,1,4.370434761047363,-6.064281940460205,1
OREBA-DIS_1012_1_grm_std_uni,1,4.937456130981445,-6.427974224090576,1
OREBA-DIS_1012_1_grm_std_uni,1,5.216925144195557,-6.516575813293457,1
OREBA-DIS_1012_1_grm_std_uni,1,5.759884357452393,-6.635565280914307,1
OREBA-DIS_1012_1_grm_std_uni,1,5.3720808029174805,-6.579431533813477,1
OREBA-DIS_1012_1_grm_std_uni,1,4.0718865394592285,-5.664231300354004,1
OREBA-DIS_1012_1_grm_std_uni,1,3.1060798168182373,-4.904786586761475,1
OREBA-DIS_1012_1_grm_std_uni,1,3.6426239013671875,-5.425272464752197,1
OREBA-DIS_1012_1_grm_std_uni,1,3.8785972595214844,-5.63338565826416,1
OREBA-DIS_1012_1_grm_std_uni,1,3.79528546333313,-5.559767723083496,1
OREBA-DIS_1012_1_grm_std_uni,1,3.8695685863494873,-5.555018901824951,1
OREBA-DIS_1012_1_grm_std_uni,1,4.21302604675293,-5.811843395233154,1
OREBA-DIS_1012_1_grm_std_uni,1,4.595137119293213,-6.239100456237793,1
OREBA-DIS_1012_1_grm_std_uni,1,4.775354862213135,-6.416662216186523,1
OREBA-DIS_1012_1_grm_std_uni,1,4.833211898803711,-6.519492149353027,1
OREBA-DIS_1012_1_grm_std_uni,1,4.563326835632324,-6.380198001861572,1
OREBA-DIS_1012_1_grm_std_uni,1,4.237329483032227,-6.0049357414245605,1
OREBA-DIS_1012_1_grm_std_uni,1,4.4062323570251465,-6.0319952964782715,1
OREBA-DIS_1012_1_grm_std_uni,1,4.734799385070801,-6.155378341674805,1
OREBA-DIS_1012_1_grm_std_uni,1,4.68616247177124,-6.069962501525879,1
OREBA-DIS_1012_1_grm_std_uni,1,4.502228736877441,-6.022414684295654,1
OREBA-DIS_1012_1_grm_std_uni,1,4.403252124786377,-6.014906406402588,1
OREBA-DIS_1012_1_grm_std_uni,1,4.163926124572754,-5.976649761199951,1
OREBA-DIS_1012_1_grm_std_uni,1,4.005182266235352,-5.927587509155273,1
OREBA-DIS_1012_1_grm_std_uni,1,3.871352195739746,-5.892848014831543,1
OREBA-DIS_1012_1_grm_std_uni,1,3.835360288619995,-5.937755584716797,1
OREBA-DIS_1012_1_grm_std_uni,1,3.7989280223846436,-5.960849761962891,1
OREBA-DIS_1012_1_grm_std_uni,1,3.9271576404571533,-6.0248188972473145,1
OREBA-DIS_1012_1_grm_std_uni,1,3.9463229179382324,-6.087652683258057,1
OREBA-DIS_1012_1_grm_std_uni,1,4.01214075088501,-6.1246538162231445,1
OREBA-DIS_1012_1_grm_std_uni,1,4.047194480895996,-6.136332035064697,1
OREBA-DIS_1012_1_grm_std_uni,1,3.984285831451416,-6.092324256896973,1
OREBA-DIS_1012_1_grm_std_uni,1,3.9541690349578857,-6.054368495941162,1
OREBA-DIS_1012_1_grm_std_uni,1,3.9693641662597656,-6.100094318389893,1
OREBA-DIS_1012_1_grm_std_uni,1,3.9336438179016113,-6.071094989776611,1
OREBA-DIS_1012_1_grm_std_uni,1,3.839705467224121,-5.970989227294922,1
OREBA-DIS_1012_1_grm_std_uni,1,3.8690974712371826,-5.938846111297607,1
OREBA-DIS_1012_1_grm_std_uni,1,3.864685297012329,-6.094118595123291,1
OREBA-DIS_1012_1_grm_std_uni,1,3.938941240310669,-6.094069004058838,1
OREBA-DIS_1012_1_grm_std_uni,1,3.8960952758789062,-6.073188781738281,1
OREBA-DIS_1012_1_grm_std_uni,1,3.8457937240600586,-6.0085673332214355,1
OREBA-DIS_1012_1_grm_std_uni,1,3.8904526233673096,-6.0136003494262695,1
OREBA-DIS_1012_1_grm_std_uni,1,3.8246634006500244,-5.925670623779297,1
OREBA-DIS_1012_1_grm_std_uni,1,3.767110824584961,-6.009716510772705,1
OREBA-DIS_1012_1_grm_std_uni,1,3.7280189990997314,-6.19438362121582,1
OREBA-DIS_1012_1_grm_std_uni,1,3.922639846801758,-6.380924224853516,1
OREBA-DIS_1012_1_grm_std_uni,1,3.9659786224365234,-6.385594844818115,1
OREBA-DIS_1012_1_grm_std_uni,1,4.023929119110107,-6.528317928314209,1
OREBA-DIS_1012_1_grm_std_uni,1,4.276136875152588,-6.581659317016602,1
OREBA-DIS_1012_1_grm_std_uni,1,3.3740670680999756,-5.72554874420166,1
OREBA-DIS_1012_1_grm_std_uni,1,3.7244229316711426,-5.948617458343506,1
OREBA-DIS_1012_1_grm_std_uni,1,4.2563347816467285,-6.128701686859131,1
OREBA-DIS_1012_1_grm_std_uni,1,5.371322154998779,-6.876669406890869,1
OREBA-DIS_1012_1_grm_std_uni,1,5.572726249694824,-6.2110371589660645,1
OREBA-DIS_1012_1_grm_std_uni,1,5.121372699737549,-4.77050256729126,1
OREBA-DIS_1012_1_grm_std_uni,1,5.372448921203613,-4.623464584350586,1
OREBA-DIS_1012_1_grm_std_uni,1,6.082958221435547,-5.028024673461914,1
OREBA-DIS_1012_1_grm_std_uni,1,6.44232702255249,-4.89701509475708,1
OREBA-DIS_1012_1_grm_std_uni,1,6.8361077308654785,-5.032276153564453,1
OREBA-DIS_1012_1_grm_std_uni,1,6.97144079208374,-4.9053754806518555,1
OREBA-DIS_1012_1_grm_std_uni,1,7.216579914093018,-4.462429523468018,1
OREBA-DIS_1012_1_grm_std_uni,1,7.250093460083008,-4.275566101074219,1
OREBA-DIS_1012_1_grm_std_uni,1,7.687922477722168,-5.174617290496826,1
OREBA-DIS_1012_1_grm_std_uni,1,7.405178546905518,-5.404721736907959,1
OREBA-DIS_1012_1_grm_std_uni,1,7.198709011077881,-5.603029251098633,1
OREBA-DIS_1012_1_grm_std_uni,1,7.8335394859313965,-6.332155227661133,1
OREBA-DIS_1012_1_grm_std_uni,1,7.599265098571777,-6.621359348297119,1
OREBA-DIS_1012_1_grm_std_uni,1,7.38812255859375,-6.645280361175537,1
OREBA-DIS_1012_1_grm_std_uni,1,7.019110202789307,-6.426242351531982,1
OREBA-DIS_1012_1_grm_std_uni,1,7.073413848876953,-6.374403476715088,1
OREBA-DIS_1012_1_grm_std_uni,1,6.927778720855713,-6.255997657775879,1
OREBA-DIS_1012_1_grm_std_uni,1,6.535658359527588,-5.852077960968018,1
OREBA-DIS_1012_1_grm_std_uni,1,6.644262313842773,-5.7370686531066895,1
OREBA-DIS_1012_1_grm_std_uni,1,7.355081558227539,-6.408671855926514,1
OREBA-DIS_1012_1_grm_std_uni,1,7.852433681488037,-6.6963019371032715,1
OREBA-DIS_1012_1_grm_std_uni,1,7.590755939483643,-6.24974250793457,1
OREBA-DIS_1012_1_grm_std_uni,1,6.526700019836426,-5.27460241317749,1
OREBA-DIS_1012_1_grm_std_uni,1,5.689030647277832,-4.477591514587402,1
OREBA-DIS_1012_1_grm_std_uni,1,5.521151065826416,-3.9070231914520264,1
OREBA-DIS_1012_1_grm_std_uni,1,5.693541049957275,-4.161795139312744,1
OREBA-DIS_1012_1_grm_std_uni,1,5.6127519607543945,-4.045013904571533,1
OREBA-DIS_1012_1_grm_std_uni,1,5.537569522857666,-3.8853163719177246,1
OREBA-DIS_1012_1_grm_std_uni,1,5.695788383483887,-4.1818413734436035,1
OREBA-DIS_1012_1_grm_std_uni,1,6.307608604431152,-4.467115879058838,1
OREBA-DIS_1012_1_grm_std_uni,1,6.51260232925415,-4.440621376037598,1
OREBA-DIS_1012_1_grm_std_uni,1,6.323447227478027,-4.164928913116455,1
OREBA-DIS_1012_1_grm_std_uni,1,5.591521263122559,-3.6106150150299072,1
OREBA-DIS_1012_1_grm_std_uni,1,5.489917278289795,-3.516385555267334,1
OREBA-DIS_1012_1_grm_std_uni,1,5.263017654418945,-3.098942518234253,1
OREBA-DIS_1012_1_grm_std_uni,1,6.176394939422607,-4.060507774353027,1
OREBA-DIS_1012_1_grm_std_uni,1,6.768273830413818,-4.946603775024414,1
OREBA-DIS_1012_1_grm_std_uni,1,6.376135349273682,-4.550328254699707,1
OREBA-DIS_1012_1_grm_std_uni,1,5.782199382781982,-4.251910209655762,1
OREBA-DIS_1012_1_grm_std_uni,1,5.396604537963867,-3.6270132064819336,1
OREBA-DIS_1012_1_grm_std_uni,1,5.917703151702881,-3.9259140491485596,1
OREBA-DIS_1012_1_grm_std_uni,1,5.814471244812012,-4.166767120361328,1
OREBA-DIS_1012_1_grm_std_uni,1,5.970425128936768,-4.2950639724731445,1
OREBA-DIS_1012_1_grm_std_uni,1,6.059902667999268,-4.319650173187256,1
OREBA-DIS_1012_1_grm_std_uni,1,6.388535022735596,-4.4463982582092285,1
OREBA-DIS_1012_1_grm_std_uni,1,6.837947845458984,-4.832873344421387,1
OREBA-DIS_1012_1_grm_std_uni,1,6.604477405548096,-4.813912391662598,1
OREBA-DIS_1012_1_grm_std_uni,1,6.328959941864014,-4.534092426300049,1
OREBA-DIS_1012_1_grm_std_uni,1,6.364344120025635,-4.392092227935791,1
OREBA-DIS_1012_1_grm_std_uni,1,6.5429463386535645,-4.320457935333252,1
OREBA-DIS_1012_1_grm_std_uni,1,6.718245029449463,-4.083095550537109,1
OREBA-DIS_1012_1_grm_std_uni,1,7.138922214508057,-3.7717251777648926,1
OREBA-DIS_1012_1_grm_std_uni,1,6.85374116897583,-3.4664454460144043,1
OREBA-DIS_1012_1_grm_std_uni,1,6.5130510330200195,-4.217864990234375,1
OREBA-DIS_1012_1_grm_std_uni,1,6.363649845123291,-4.3361077308654785,1
OREBA-DIS_1012_1_grm_std_uni,1,6.446634769439697,-3.7716383934020996,1
OREBA-DIS_1012_1_grm_std_uni,1,6.767653465270996,-2.8359789848327637,1
OREBA-DIS_1012_1_grm_std_uni,1,7.246880054473877,-3.229905366897583,1
OREBA-DIS_1012_1_grm_std_uni,1,7.560425758361816,-4.261309623718262,1
OREBA-DIS_1012_1_grm_std_uni,1,7.05143404006958,-4.569273471832275,1
OREBA-DIS_1012_1_grm_std_uni,1,6.663597583770752,-3.9493181705474854,1
OREBA-DIS_1012_1_grm_std_uni,1,7.171681880950928,-4.747446060180664,1
OREBA-DIS_1012_1_grm_std_uni,1,7.111521244049072,-4.3044328689575195,1
OREBA-DIS_1012_1_grm_std_uni,1,6.775982856750488,-4.0762128829956055,1
OREBA-DIS_1012_1_grm_std_uni,1,6.869819164276123,-4.141417026519775,1
OREBA-DIS_1012_1_grm_std_uni,1,7.3213725090026855,-4.131856918334961,1
OREBA-DIS_1012_1_grm_std_uni,1,7.251599311828613,-4.535696506500244,1
OREBA-DIS_1012_1_grm_std_uni,1,7.455954074859619,-4.7476325035095215,1
OREBA-DIS_1012_1_grm_std_uni,1,7.851195812225342,-5.236667633056641,1
OREBA-DIS_1012_1_grm_std_uni,1,7.1346049308776855,-4.199403285980225,1
OREBA-DIS_1012_1_grm_std_uni,1,6.554109573364258,-3.79276704788208,1
OREBA-DIS_1012_1_grm_std_uni,1,6.864055156707764,-4.523594379425049,1
OREBA-DIS_1012_1_grm_std_uni,1,6.20482873916626,-4.832334041595459,1
OREBA-DIS_1012_1_grm_std_uni,1,5.322022438049316,-4.373173713684082,1
OREBA-DIS_1012_1_grm_std_uni,2,5.155282497406006,-4.10042142868042,1
OREBA-DIS_1012_1_grm_std_uni,2,6.575953006744385,-5.0255327224731445,1
OREBA-DIS_1012_1_grm_std_uni,2,6.87026834487915,-5.115511894226074,1
OREBA-DIS_1012_1_grm_std_uni,2,7.043127059936523,-5.24544620513916,1
OREBA-DIS_1012_1_grm_std_uni,2,7.216850280761719,-5.827514171600342,1
OREBA-DIS_1012_1_grm_std_uni,2,7.495926856994629,-6.430495262145996,1
OREBA-DIS_1012_1_grm_std_uni,2,1.140356183052063,-2.1140151023864746,1
OREBA-DIS_1012_1_grm_std_uni,2,-2.611034393310547,2.643479824066162,2
OREBA-DIS_1012_1_grm_std_uni,2,-0.46939122676849365,-1.009142279624939,1
OREBA-DIS_1012_1_grm_std_uni,2,6.218905925750732,-7.069799423217773,1
OREBA-DIS_1012_1_grm_std_uni,2,8.188375473022461,-7.933028221130371,1
OREBA-DIS_1012_1_grm_std_uni,2,8.476171493530273,-7.8836236000061035,1
OREBA-DIS_1012_1_grm_std_uni,2,9.256312370300293,-7.454626083374023,1
OREBA-DIS_1012_1_grm_std_uni,2,9.551508903503418,-7.93889045715332,1
OREBA-DIS_1012_1_grm_std_uni,1,9.71875,-8.160707473754883,1
OREBA-DIS_1012_1_grm_std_uni,1,9.526363372802734,-8.699922561645508,1
OREBA-DIS_1012_1_grm_std_uni,1,9.227729797363281,-8.986706733703613,1
OREBA-DIS_1012_1_grm_std_uni,1,8.663239479064941,-8.787298202514648,1
OREBA-DIS_1012_1_grm_std_uni,1,8.279359817504883,-8.579364776611328,1
OREBA-DIS_1012_1_grm_std_uni,1,7.889989376068115,-8.594707489013672,1
OREBA-DIS_1012_1_grm_std_uni,1,7.518672466278076,-8.374189376831055,1
OREBA-DIS_1012_1_grm_std_uni,1,7.298455715179443,-8.447452545166016,1
OREBA-DIS_1012_1_grm_std_uni,1,6.797140598297119,-8.344491004943848,1
OREBA-DIS_1012_1_grm_std_uni,1,6.879046440124512,-8.585719108581543,1
OREBA-DIS_1012_1_grm_std_uni,1,6.5496416091918945,-8.184893608093262,1
OREBA-DIS_1012_1_grm_std_uni,1,6.391427040100098,-7.968781471252441,1
OREBA-DIS_1012_1_grm_std_uni,1,6.350959777832031,-7.7350568771362305,1
OREBA-DIS_1012_1_grm_std_uni,1,6.373154640197754,-7.629594326019287,1
OREBA-DIS_1012_1_grm_std_uni,1,6.232989311218262,-7.421008586883545,1
OREBA-DIS_1012_1_grm_std_uni,1,6.234368801116943,-7.374475002288818,1
OREBA-DIS_1012_1_grm_std_uni,1,6.198070049285889,-7.324739933013916,1
OREBA-DIS_1012_1_grm_std_uni,1,6.121711254119873,-7.232975959777832,1
OREBA-DIS_1012_1_grm_std_uni,1,6.040094375610352,-7.148799896240234,1
OREBA-DIS_1012_1_grm_std_uni,1,5.943924427032471,-7.101846218109131,1
OREBA-DIS_1012_1_grm_std_uni,1,5.848928928375244,-7.050402641296387,1
OREBA-DIS_1012_1_grm_std_uni,1,5.787383556365967,-6.859368801116943,1
OREBA-DIS_1012_1_grm_std_uni,1,5.961805820465088,-6.706019401550293,1
OREBA-DIS_1012_1_grm_std_uni,1,5.942719459533691,-6.990260124206543,1
OREBA-DIS_1012_1_grm_std_uni,1,5.834540367126465,-7.173122882843018,1
OREBA-DIS_1012_1_grm_std_uni,1,5.658522129058838,-7.211803913116455,1
OREBA-DIS_1012_1_grm_std_uni,1,5.192715644836426,-6.805899143218994,1
OREBA-DIS_1012_1_grm_std_uni,1,4.755494117736816,-6.383961200714111,1
OREBA-DIS_1012_1_grm_std_uni,1,4.675518035888672,-6.269122123718262,1
OREBA-DIS_1012_1_grm_std_uni,1,4.583179950714111,-6.215132236480713,1
OREBA-DIS_1012_1_grm_std_uni,1,4.687219619750977,-6.381979465484619,1
OREBA-DIS_1012_1_grm_std_uni,1,4.950290679931641,-6.634800434112549,1
OREBA-DIS_1012_1_grm_std_uni,1,4.950579643249512,-6.655327796936035,1
OREBA-DIS_1012_1_grm_std_uni,1,4.880439281463623,-6.586091995239258,1
OREBA-DIS_1012_1_grm_std_uni,1,4.853837966918945,-6.58721923828125,1
OREBA-DIS_1012_1_grm_std_uni,1,4.874013423919678,-6.56837272644043,1
OREBA-DIS_1012_1_grm_std_uni,1,4.9460906982421875,-6.498925685882568,1
OREBA-DIS_1012_1_grm_std_uni,1,4.952672481536865,-6.482266902923584,1
OREBA-DIS_1012_1_grm_std_uni,1,4.992508411407471,-6.589629650115967,1
OREBA-DIS_1012_1_grm_std_uni,1,5.035222053527832,-6.614936351776123,1
OREBA-DIS_1012_1_grm_std_uni,1,4.960091590881348,-6.507691860198975,1
OREBA-DIS_1012_1_grm_std_uni,1,4.913589954376221,-6.3918776512146,1
OREBA-DIS_1012_1_grm_std_uni,1,4.941129684448242,-6.4075026512146,1
OREBA-DIS_1012_1_grm_std_uni,1,4.964267730712891,-6.422140121459961,1
OREBA-DIS_1012_1_grm_std_uni,1,4.95768928527832,-6.416882514953613,1
OREBA-DIS_1012_1_grm_std_uni,1,4.8312153816223145,-6.3068671226501465,1
OREBA-DIS_1012_1_grm_std_uni,1,4.622893810272217,-6.231074333190918,1
OREBA-DIS_1012_1_grm_std_uni,1,4.503871917724609,-6.385849475860596,1
OREBA-DIS_1012_1_grm_std_uni,1,4.219088077545166,-6.1068596839904785,1
OREBA-DIS_1012_1_grm_std_uni,1,3.8798067569732666,-5.809753894805908,1
OREBA-DIS_1012_1_grm_std_uni,1,3.963460922241211,-5.6653733253479,1
OREBA-DIS_1012_1_grm_std_uni,1,4.259545803070068,-5.927066802978516,1
OREBA-DIS_1012_1_grm_std_uni,1,4.573354721069336,-6.368690490722656,1
OREBA-DIS_1012_1_grm_std_uni,1,4.458906650543213,-6.068931579589844,1
OREBA-DIS_1012_1_grm_std_uni,1,4.503073215484619,-6.386688232421875,1
OREBA-DIS_1012_1_grm_std_uni,1,4.95271635055542,-6.710736274719238,1
OREBA-DIS_1012_1_grm_std_uni,1,4.866047382354736,-6.406229019165039,1
OREBA-DIS_1012_1_grm_std_uni,1,5.530008316040039,-6.701643466949463,1
OREBA-DIS_1012_1_grm_std_uni,1,5.90039587020874,-6.544504165649414,1
OREBA-DIS_1012_1_grm_std_uni,1,5.374204158782959,-5.872460842132568,1
OREBA-DIS_1012_1_grm_std_uni,1,4.693233966827393,-5.225582122802734,1
OREBA-DIS_1012_1_grm_std_uni,1,4.006467819213867,-4.113986968994141,1
OREBA-DIS_1012_1_grm_std_uni,1,4.642695426940918,-4.122917652130127,1
OREBA-DIS_1012_1_grm_std_uni,1,4.96555233001709,-4.430034637451172,1
OREBA-DIS_1012_1_grm_std_uni,1,5.364625930786133,-4.972538471221924,1
OREBA-DIS_1012_1_grm_std_uni,1,5.2957048416137695,-5.18105411529541,1
OREBA-DIS_1012_1_grm_std_uni,1,5.346991062164307,-5.242016315460205,1
OREBA-DIS_1012_1_grm_std_uni,1,5.657284736633301,-5.514176368713379,1
OREBA-DIS_1012_1_grm_std_uni,1,5.377859115600586,-5.203220844268799,1
OREBA-DIS_1012_1_grm_std_uni,1,5.386335849761963,-4.763202667236328,1
OREBA-DIS_1012_1_grm_std_uni,1,5.099764823913574,-4.127182960510254,1
OREBA-DIS_1012_1_grm_std_uni,1,6.209183692932129,-5.109891891479492,1
OREBA-DIS_1012_1_grm_std_uni,1,6.330284118652344,-5.190310478210449,1
OREBA-DIS_1012_1_grm_std_uni,1,5.784907817840576,-4.8244781494140625,1
OREBA-DIS_1012_1_grm_std_uni,1,5.277914047241211,-5.287510871887207,1
OREBA-DIS_1012_1_grm_std_uni,1,5.618618011474609,-4.982158184051514,1
OREBA-DIS_1012_1_grm_std_uni,1,6.541197299957275,-4.7779741287231445,1
OREBA-DIS_1012_1_grm_std_uni,1,6.34196662902832,-4.443564414978027,1
OREBA-DIS_1012_1_grm_std_uni,1,6.176873207092285,-4.789663314819336,1
OREBA-DIS_1012_1_grm_std_uni,1,5.00889778137207,-4.4152116775512695,1
OREBA-DIS_1012_1_grm_std_uni,1,5.526514530181885,-5.132119178771973,1
OREBA-DIS_1012_1_grm_std_uni,1,5.460760593414307,-4.877054691314697,1
OREBA-DIS_1012_1_grm_std_uni,1,4.457116603851318,-4.098190784454346,1
OREBA-DIS_1012_1_grm_std_uni,1,4.837586402893066,-4.841673374176025,1
OREBA-DIS_1012_1_grm_std_uni,1,5.036032199859619,-4.964337348937988,1
OREBA-DIS_1012_1_grm_std_uni,1,4.795016765594482,-4.562570571899414,1
OREBA-DIS_1012_1_grm_std_uni,2,5.430169582366943,-4.580939292907715,1
OREBA-DIS_1012_1_grm_std_uni,2,5.711682319641113,-5.06355094909668,1
OREBA-DIS_1012_1_grm_std_uni,2,5.8193488121032715,-4.903366565704346,1
OREBA-DIS_1012_1_grm_std_uni,2,6.078519344329834,-5.341728687286377,1
OREBA-DIS_1012_1_grm_std_uni,2,5.794806003570557,-5.360391139984131,1
OREBA-DIS_1012_1_grm_std_uni,2,6.16968297958374,-6.052968978881836,1
OREBA-DIS_1012_1_grm_std_uni,2,6.557577610015869,-6.720741271972656,1
OREBA-DIS_1012_1_grm_std_uni,2,0.2128986120223999,-1.3103132247924805,1
OREBA-DIS_1012_1_grm_std_uni,2,-1.8286453485488892,0.33184635639190674,2
OREBA-DIS_1012_1_grm_std_uni,2,2.5231189727783203,-3.6537599563598633,1
OREBA-DIS_1012_1_grm_std_uni,2,6.6474175453186035,-7.54142951965332,1
OREBA-DIS_1012_1_grm_std_uni,2,7.824785232543945,-7.985123157501221,1
OREBA-DIS_1012_1_grm_std_uni,2,8.584157943725586,-8.35445499420166,1
OREBA-DIS_1012_1_grm_std_uni,2,8.773442268371582,-9.057391166687012,1
OREBA-DIS_1012_1_grm_std_uni,1,9.552153587341309,-9.569045066833496,1
OREBA-DIS_1012_1_grm_std_uni,1,8.904801368713379,-9.610918045043945,1
OREBA-DIS_1012_1_grm_std_uni,1,8.641212463378906,-10.180781364440918,1
OREBA-DIS_1012_1_grm_std_uni,1,8.225763320922852,-10.237516403198242,1
OREBA-DIS_1012_1_grm_std_uni,1,7.625497817993164,-9.980192184448242,1
OREBA-DIS_1012_1_grm_std_uni,1,7.422991752624512,-9.423633575439453,1
OREBA-DIS_1012_1_grm_std_uni,1,7.2856974601745605,-9.227303504943848,1
OREBA-DIS_1012_1_grm_std_uni,1,6.808342456817627,-8.450732231140137,1
OREBA-DIS_1012_1_grm_std_uni,1,7.217100143432617,-8.8486909866333,1
OREBA-DIS_1012_1_grm_std_uni,1,6.7777838706970215,-8.526865005493164,1
OREBA-DIS_1012_1_grm_std_uni,1,6.237704753875732,-6.95817756652832,1
OREBA-DIS_1012_1_grm_std_uni,1,6.756741523742676,-6.126917362213135,1
OREBA-DIS_1012_1_grm_std_uni,1,7.214679718017578,-5.62845516204834,1
OREBA-DIS_1012_1_grm_std_uni,1,7.780348777770996,-5.944896221160889,1
OREBA-DIS_1012_1_grm_std_uni,1,8.429200172424316,-6.073026657104492,1
OREBA-DIS_1012_1_grm_std_uni,1,8.54570198059082,-5.919551372528076,1
OREBA-DIS_1012_1_grm_std_uni,1,8.558969497680664,-6.366576194763184,1
OREBA-DIS_1012_1_grm_std_uni,1,7.962347984313965,-6.002737045288086,1
OREBA-DIS_1012_1_grm_std_uni,1,8.332115173339844,-6.174225807189941,1
OREBA-DIS_1012_1_grm_std_uni,1,8.221390724182129,-5.981159687042236,1
OREBA-DIS_1012_1_grm_std_uni,1,7.901599884033203,-5.246420383453369,1
OREBA-DIS_1012_1_grm_std_uni,1,8.417890548706055,-5.837866306304932,1
OREBA-DIS_1012_1_grm_std_uni,1,7.786797046661377,-5.741070747375488,1
OREBA-DIS_1012_1_grm_std_uni,1,7.308309555053711,-5.022103786468506,1
OREBA-DIS_1012_1_grm_std_uni,1,8.253393173217773,-6.279214859008789,1
OREBA-DIS_1012_1_grm_std_uni,1,7.535302639007568,-6.166684150695801,1
OREBA-DIS_1012_1_grm_std_uni,1,7.5129780769348145,-5.938220977783203,1
OREBA-DIS_1012_1_grm_std_uni,1,7.515296936035156,-6.053987503051758,1
OREBA-DIS_1012_1_grm_std_uni,1,7.1201372146606445,-6.24784517288208,1
OREBA-DIS_1012_1_grm_std_uni,1,7.453750133514404,-6.026403427124023,1
OREBA-DIS_1012_1_grm_std_uni,1,6.526152610778809,-4.920497417449951,1
OREBA-DIS_1012_1_grm_std_uni,1,5.851986408233643,-4.51309061050415,1
OREBA-DIS_1012_1_grm_std_uni,1,5.4307122230529785,-3.7040112018585205,1
OREBA-DIS_1012_1_grm_std_uni,1,5.669734477996826,-2.9572322368621826,1
OREBA-DIS_1012_1_grm_std_uni,1,6.836637020111084,-4.269033908843994,1
OREBA-DIS_1012_1_grm_std_uni,1,6.872493267059326,-5.174492835998535,1
OREBA-DIS_1012_1_grm_std_uni,1,6.922699451446533,-5.699984550476074,1
OREBA-DIS_1012_1_grm_std_uni,1,6.9647111892700195,-5.175671577453613,1
OREBA-DIS_1012_1_grm_std_uni,1,7.04160737991333,-4.880548000335693,1
OREBA-DIS_1012_1_grm_std_uni,1,7.771050453186035,-6.0906662940979,1
OREBA-DIS_1012_1_grm_std_uni,1,8.549467086791992,-6.860842704772949,1
OREBA-DIS_1012_1_grm_std_uni,1,8.090229034423828,-6.980024814605713,1
OREBA-DIS_1012_1_grm_std_uni,1,7.553741931915283,-6.631540298461914,1
OREBA-DIS_1012_1_grm_std_uni,1,7.14161491394043,-6.710709571838379,1
OREBA-DIS_1012_1_grm_std_uni,1,6.491109848022461,-6.643340110778809,1
OREBA-DIS_1012_1_grm_std_uni,1,6.258742809295654,-6.647194862365723,1
OREBA-DIS_1012_1_grm_std_uni,1,6.141229629516602,-6.646864891052246,1
OREBA-DIS_1012_1_grm_std_uni,1,6.6830339431762695,-6.707623481750488,1
OREBA-DIS_1012_1_grm_std_uni,1,6.234416961669922,-6.2947492599487305,1
OREBA-DIS_1012_1_grm_std_uni,1,6.051441669464111,-6.3017258644104,1
OREBA-DIS_1012_1_grm_std_uni,1,5.63351583480835,-6.081939220428467,1
OREBA-DIS_1012_1_grm_std_uni,1,5.132304668426514,-6.092353820800781,1
OREBA-DIS_1012_1_grm_std_uni,1,4.728029251098633,-6.047553062438965,1
OREBA-DIS_1012_1_grm_std_uni,1,4.938732147216797,-6.202343940734863,1
OREBA-DIS_1012_1_grm_std_uni,1,5.154694557189941,-6.582117557525635,1
OREBA-DIS_1012_1_grm_std_uni,1,4.820333480834961,-7.09364652633667,1
OREBA-DIS_1012_1_grm_std_uni,1,4.640108108520508,-6.538100242614746,1
OREBA-DIS_1012_1_grm_std_uni,1,3.5141584873199463,-5.21852445602417,1
OREBA-DIS_1012_1_grm_std_uni,1,3.112705945968628,-4.128342628479004,1
OREBA-DIS_1012_1_grm_std_uni,1,3.8333301544189453,-4.168272018432617,1
OREBA-DIS_1012_1_grm_std_uni,1,4.298744201660156,-4.150485992431641,1
OREBA-DIS_1012_1_grm_std_uni,1,3.662140130996704,-3.7610769271850586,1
OREBA-DIS_1012_1_grm_std_uni,1,4.923886775970459,-4.086501598358154,1
OREBA-DIS_1012_1_grm_std_uni,1,5.461175441741943,-3.6951117515563965,1
OREBA-DIS_1012_1_grm_std_uni,1,5.476044654846191,-3.4883873462677,1
OREBA-DIS_1012_1_grm_std_uni,1,5.456439018249512,-3.4524447917938232,1
OREBA-DIS_1012_1_grm_std_uni,1,5.047523498535156,-3.4147534370422363,1
OREBA-DIS_1012_1_grm_std_uni,1,4.920458793640137,-3.1376230716705322,1
OREBA-DIS_1012_1_grm_std_uni,1,4.749483585357666,-2.8510265350341797,1
OREBA-DIS_1012_1_grm_std_uni,1,4.6678361892700195,-4.358479976654053,1
OREBA-DIS_1012_1_grm_std_uni,1,4.933493614196777,-4.967024803161621,1
OREBA-DIS_1012_1_grm_std_uni,1,4.741332530975342,-5.134947776794434,1
OREBA-DIS_1012_1_grm_std_uni,1,4.494711875915527,-4.619091987609863,1
OREBA-DIS_1012_1_grm_std_uni,1,3.5837035179138184,-3.3694424629211426,1
OREBA-DIS_1012_1_grm_std_uni,1,4.327676773071289,-2.8164405822753906,1
OREBA-DIS_1012_1_grm_std_uni,1,5.122765064239502,-3.5399913787841797,1
OREBA-DIS_1012_1_grm_std_uni,1,6.226825714111328,-5.498172760009766,1
OREBA-DIS_1012_1_grm_std_uni,1,7.123581886291504,-6.8211669921875,1
OREBA-DIS_1012_1_grm_std_uni,1,6.686796188354492,-6.938604354858398,1
OREBA-DIS_1012_1_grm_std_uni,1,6.215817928314209,-6.7259521484375,1
OREBA-DIS_1012_1_grm_std_uni,1,6.187577247619629,-6.865921974182129,1
OREBA-DIS_1012_1_grm_std_uni,1,5.965367317199707,-6.747994899749756,1
OREBA-DIS_1012_1_grm_std_uni,1,5.572597980499268,-6.280872821807861,1
OREBA-DIS_1012_1_grm_std_uni,1,5.367320537567139,-6.064458847045898,1
OREBA-DIS_1012_1_grm_std_uni,1,5.090845108032227,-5.742629051208496,1
OREBA-DIS_1012_1_grm_std_uni,1,4.67874813079834,-5.31190299987793,1
OREBA-DIS_1012_1_grm_std_uni,1,5.225158214569092,-5.810070037841797,1
OREBA-DIS_1012_1_grm_std_uni,1,5.268006324768066,-5.478418350219727,1
OREBA-DIS_1012_1_grm_std_uni,1,4.261061668395996,-4.223520755767822,1
OREBA-DIS_1012_1_grm_std_uni,1,5.14051628112793,-3.7336807250976562,1
OREBA-DIS_1012_1_grm_std_uni,1,5.443559646606445,-4.137000560760498,1
OREBA-DIS_1012_1_grm_std_uni,1,5.140100002288818,-3.878744602203369,1
OREBA-DIS_1012_1_grm_std_uni,1,6.023290634155273,-4.368531227111816,1
OREBA-DIS_1012_1_grm_std_uni,1,6.565979957580566,-4.474880695343018,1
OREBA-DIS_1012_1_grm_std_uni,1,6.116177558898926,-4.062877178192139,1
OREBA-DIS_1012_1_grm_std_uni,1,5.63985538482666,-3.5468904972076416,1
OREBA-DIS_1012_1_grm_std_uni,1,5.9595866203308105,-3.3814284801483154,1
OREBA-DIS_1012_1_grm_std_uni,1,6.046319484710693,-3.2529103755950928,1
OREBA-DIS_1012_1_grm_std_uni,1,6.673624038696289,-3.8162505626678467,1
OREBA-DIS_1012_1_grm_std_uni,1,6.484997749328613,-4.143244743347168,1
OREBA-DIS_1012_1_grm_std_uni,1,6.317217826843262,-4.471075534820557,1
OREBA-DIS_1012_1_grm_std_uni,1,6.427389621734619,-4.491761207580566,1
OREBA-DIS_1012_1_grm_std_uni,1,6.7374653816223145,-4.304089546203613,1
OREBA-DIS_1012_1_grm_std_uni,1,7.516602039337158,-5.054604530334473,1
OREBA-DIS_1012_1_grm_std_uni,1,7.474452495574951,-5.231757640838623,1
OREBA-DIS_1012_1_grm_std_uni,1,7.219853401184082,-4.9334635734558105,1
OREBA-DIS_1012_1_grm_std_uni,1,6.693162441253662,-4.628994464874268,1
OREBA-DIS_1012_1_grm_std_uni,1,6.302757740020752,-4.49535608291626,1
OREBA-DIS_1012_1_grm_std_uni,1,6.396401405334473,-4.671345233917236,1
OREBA-DIS_1012_1_grm_std_uni,1,6.632688999176025,-4.6649956703186035,1
OREBA-DIS_1012_1_grm_std_uni,1,6.321226596832275,-4.412202835083008,1
OREBA-DIS_1012_1_grm_std_uni,1,5.602575778961182,-3.8620481491088867,1
OREBA-DIS_1012_1_grm_std_uni,1,5.792004585266113,-4.124116897583008,1
OREBA-DIS_1012_1_grm_std_uni,1,6.261389255523682,-4.033789157867432,1
OREBA-DIS_1012_1_grm_std_uni,1,5.993916034698486,-3.7128143310546875,1
OREBA-DIS_1012_1_grm_std_uni,1,6.129031658172607,-3.4464566707611084,1
OREBA-DIS_1012_1_grm_std_uni,1,6.376393795013428,-3.829192876815796,1
OREBA-DIS_1012_1_grm_std_uni,1,5.778392314910889,-3.428636312484741,1
OREBA-DIS_1012_1_grm_std_uni,1,6.1009440422058105,-3.523279905319214,1
OREBA-DIS_1012_1_grm_std_uni,1,6.0629777908325195,-3.6058030128479004,1
OREBA-DIS_1012_1_grm_std_uni,1,6.013699531555176,-3.7819197177886963,1
OREBA-DIS_1012_1_grm_std_uni,1,6.050910472869873,-3.746321678161621,1
OREBA-DIS_1012_1_grm_std_uni,2,5.802749156951904,-3.444331645965576,1
OREBA-DIS_1012_1_grm_std_uni,2,4.673346519470215,-2.9488320350646973,1
OREBA-DIS_1012_1_grm_std_uni,2,3.730726957321167,-2.9632179737091064,1
OREBA-DIS_1012_1_grm_std_uni,2,4.126779556274414,-3.2985596656799316,1
OREBA-DIS_1012_1_grm_std_uni,2,5.236697196960449,-4.119821071624756,1
OREBA-DIS_1012_1_grm_std_uni,2,5.582671165466309,-4.1487603187561035,1
OREBA-DIS_1012_1_grm_std_uni,2,5.78466796875,-4.604687690734863,1
OREBA-DIS_1012_1_grm_std_uni,2,6.370183944702148,-5.627157211303711,1
OREBA-DIS_1012_1_grm_std_uni,2,6.937996864318848,-6.59584379196167,1
OREBA-DIS_1012_1_grm_std_uni,2,6.5762858390808105,-6.947937488555908,1
OREBA-DIS_1012_1_grm_std_uni,2,4.976406097412109,-5.972291946411133,1
OREBA-DIS_1012_1_grm_std_uni,2,2.460458278656006,-3.680844783782959,1
OREBA-DIS_1012_1_grm_std_uni,2,-0.12247364968061447,-0.692721962928772,2
OREBA-DIS_1012_1_grm_std_uni,2,0.022969387471675873,-1.2039655447006226,1
OREBA-DIS_1012_1_grm_std_uni,2,2.325516939163208,-3.0095577239990234,1
OREBA-DIS_1012_1_grm_std_uni,2,3.2473108768463135,-2.6305699348449707,1
OREBA-DIS_1012_1_grm_std_uni,2,3.8920841217041016,-2.340536117553711,1
OREBA-DIS_1012_1_grm_std_uni,2,4.379866123199463,-3.2861788272857666,1
OREBA-DIS_1012_1_grm_std_uni,2,6.0205888748168945,-5.003977298736572,1
OREBA-DIS_1012_1_grm_std_uni,2,6.230772972106934,-5.17585563659668,1
OREBA-DIS_1012_1_grm_std_uni,1,6.320407390594482,-5.450033187866211,1
OREBA-DIS_1012_1_grm_std_uni,1,6.709055423736572,-5.759856224060059,1
OREBA-DIS_1012_1_grm_std_uni,1,6.714881420135498,-5.7182536125183105,1
OREBA-DIS_1012_1_grm_std_uni,1,6.888311386108398,-6.00238037109375,1
OREBA-DIS_1012_1_grm_std_uni,1,6.884156703948975,-6.017168045043945,1
OREBA-DIS_1012_1_grm_std_uni,1,6.695892333984375,-5.887400150299072,1
OREBA-DIS_1012_1_grm_std_uni,1,6.791200160980225,-5.870046615600586,1
OREBA-DIS_1012_1_grm_std_uni,1,6.521450519561768,-5.729891777038574,1
OREBA-DIS_1012_1_grm_std_uni,1,6.568627834320068,-5.895636081695557,1
OREBA-DIS_1012_1_grm_std_uni,1,7.057008266448975,-6.169438362121582,1
OREBA-DIS_1012_1_grm_std_uni,1,7.061549186706543,-6.094066143035889,1
OREBA-DIS_1012_1_grm_std_uni,1,6.844892978668213,-5.885756969451904,1
OREBA-DIS_1012_1_grm_std_uni,1,6.480404853820801,-5.897321701049805,1
OREBA-DIS_1012_1_grm_std_uni,1,6.412371635437012,-6.0630035400390625,1
OREBA-DIS_1012_1_grm_std_uni,1,6.434963226318359,-5.940371513366699,1
OREBA-DIS_1012_1_grm_std_uni,1,6.244879722595215,-5.879268646240234,1
OREBA-DIS_1012_1_grm_std_uni,1,5.876577854156494,-5.64815092086792,1
OREBA-DIS_1012_1_grm_std_uni,1,5.702958583831787,-6.162176609039307,1
OREBA-DIS_1012_1_grm_std_uni,1,5.237802982330322,-6.52350378036499,1
OREBA-DIS_1012_1_grm_std_uni,1,4.617980003356934,-6.194628715515137,1
OREBA-DIS_1012_1_grm_std_uni,1,4.437592506408691,-6.160950660705566,1
OREBA-DIS_1012_1_grm_std_uni,1,4.282500267028809,-6.208056926727295,1
OREBA-DIS_1012_1_grm_std_uni,1,4.29192590713501,-6.141656875610352,1
OREBA-DIS_1012_1_grm_std_uni,1,4.250229358673096,-6.33006477355957,1
OREBA-DIS_1012_1_grm_std_uni,1,4.043158054351807,-6.496198654174805,1
OREBA-DIS_1012_1_grm_std_uni,1,3.9201221466064453,-6.126106262207031,1
OREBA-DIS_1012_1_grm_std_uni,1,3.299945116043091,-5.290371894836426,1
OREBA-DIS_1012_1_grm_std_uni,1,2.8014676570892334,-3.9153172969818115,1
OREBA-DIS_1012_1_grm_std_uni,1,2.9002928733825684,-3.4008798599243164,1
OREBA-DIS_1012_1_grm_std_uni,1,3.859419822692871,-4.003204822540283,1
OREBA-DIS_1012_1_grm_std_uni,1,4.20517110824585,-3.913482904434204,1
OREBA-DIS_1012_1_grm_std_uni,1,4.5182647705078125,-3.343841791152954,1
OREBA-DIS_1012_1_grm_std_uni,1,6.081538200378418,-4.055245876312256,1
OREBA-DIS_1012_1_grm_std_uni,1,5.815446853637695,-4.378770351409912,1
OREBA-DIS_1012_1_grm_std_uni,1,6.777916431427002,-4.903859615325928,1
OREBA-DIS_1012_1_grm_std_uni,1,6.674942493438721,-5.010800838470459,1
OREBA-DIS_1012_1_grm_std_uni,1,7.832458972930908,-5.648436069488525,1
OREBA-DIS_1012_1_grm_std_uni,1,7.438640594482422,-5.54440450668335,1
OREBA-DIS_1012_1_grm_std_uni,1,7.5313897132873535,-5.6332879066467285,1
OREBA-DIS_1012_1_grm_std_uni,1,7.478993892669678,-5.851292133331299,1
OREBA-DIS_1012_1_grm_std_uni,1,6.6883392333984375,-5.489960670471191,1
OREBA-DIS_1012_1_grm_std_uni,1,6.105915069580078,-6.109780788421631,1
OREBA-DIS_1012_1_grm_std_uni,1,5.340935230255127,-6.076091289520264,1
OREBA-DIS_1012_1_grm_std_uni,1,4.855614185333252,-5.92159366607666,1
OREBA-DIS_1012_1_grm_std_uni,1,4.4621968269348145,-5.6348114013671875,1
OREBA-DIS_1012_1_grm_std_uni,1,4.346620559692383,-5.515869617462158,1
OREBA-DIS_1012_1_grm_std_uni,1,4.213252544403076,-5.285215377807617,1
OREBA-DIS_1012_1_grm_std_uni,1,4.109707355499268,-5.030851364135742,1
OREBA-DIS_1012_1_grm_std_uni,1,4.048384666442871,-5.002265930175781,1
OREBA-DIS_1012_1_grm_std_uni,1,4.1592535972595215,-5.235220909118652,1
OREBA-DIS_1012_1_grm_std_uni,1,4.200429439544678,-5.347209453582764,1
OREBA-DIS_1012_1_grm_std_uni,1,4.258342266082764,-5.406280517578125,1
OREBA-DIS_1012_1_grm_std_uni,1,4.298044681549072,-5.460441589355469,1
OREBA-DIS_1012_1_grm_std_uni,1,4.467089653015137,-5.743043899536133,1
OREBA-DIS_1012_1_grm_std_uni,1,4.4040913581848145,-5.647696495056152,1
OREBA-DIS_1012_1_grm_std_uni,1,4.493846893310547,-5.579568862915039,1
OREBA-DIS_1012_1_grm_std_uni,1,4.55330753326416,-5.322232246398926,1
OREBA-DIS_1012_1_grm_std_uni,1,5.137462139129639,-5.758986473083496,1
OREBA-DIS_1012_1_grm_std_uni,1,5.1084442138671875,-5.400397300720215,1
OREBA-DIS_1012_1_grm_std_uni,1,4.852459907531738,-5.064947605133057,1
OREBA-DIS_1012_1_grm_std_uni,1,4.4969635009765625,-5.472337245941162,1
OREBA-DIS_1012_1_grm_std_uni,1,4.5428314208984375,-6.302271842956543,1
OREBA-DIS_1012_1_grm_std_uni,1,4.448798179626465,-6.485906600952148,1
OREBA-DIS_1012_1_grm_std_uni,1,3.939317464828491,-6.058875560760498,1
OREBA-DIS_1012_1_grm_std_uni,1,3.730649709701538,-5.88386344909668,1
OREBA-DIS_1012_1_grm_std_uni,1,3.7621028423309326,-5.958289623260498,1
OREBA-DIS_1012_1_grm_std_uni,1,4.113038063049316,-6.2584638595581055,1
OREBA-DIS_1012_1_grm_std_uni,1,2.689929723739624,-4.555134296417236,1
OREBA-DIS_1012_1_grm_std_uni,1,1.1365731954574585,-2.2608470916748047,1
OREBA-DIS_1012_1_grm_std_uni,1,1.4470051527023315,-1.1806007623672485,1
OREBA-DIS_1012_1_grm_std_uni,1,2.3135550022125244,-2.8076117038726807,1
OREBA-DIS_1012_1_grm_std_uni,1,4.990063190460205,-5.295617580413818,1
OREBA-DIS_1012_1_grm_std_uni,1,5.797926425933838,-7.228302478790283,1
OREBA-DIS_1012_1_grm_std_uni,1,6.930088043212891,-8.154062271118164,1
OREBA-DIS_1012_1_grm_std_uni,1,6.728997230529785,-7.200815677642822,1
OREBA-DIS_1012_1_grm_std_uni,1,6.745367527008057,-7.34208345413208,1
OREBA-DIS_1012_1_grm_std_uni,1,7.285498142242432,-7.556125640869141,1
OREBA-DIS_1012_1_grm_std_uni,1,6.7574896812438965,-7.3383307456970215,1
OREBA-DIS_1012_1_grm_std_uni,1,6.88751220703125,-7.39421272277832,1
OREBA-DIS_1012_1_grm_std_uni,1,7.225587368011475,-7.633863925933838,1
OREBA-DIS_1012_1_grm_std_uni,1,6.966580390930176,-7.464756011962891,1
OREBA-DIS_1012_1_grm_std_uni,1,6.222403049468994,-6.613787651062012,1
OREBA-DIS_1012_1_grm_std_uni,1,5.7792487144470215,-6.873547077178955,1
OREBA-DIS_1012_1_grm_std_uni,1,5.925307750701904,-7.582866191864014,1
OREBA-DIS_1012_1_grm_std_uni,1,5.8432722091674805,-7.384403705596924,1
OREBA-DIS_1012_1_grm_std_uni,1,5.024268627166748,-5.694981575012207,1
OREBA-DIS_1012_1_grm_std_uni,1,5.67739725112915,-5.446474552154541,1
OREBA-DIS_1012_1_grm_std_uni,1,6.220494747161865,-6.2649359703063965,1
OREBA-DIS_1012_1_grm_std_uni,1,6.179686546325684,-6.867501258850098,1
OREBA-DIS_1012_1_grm_std_uni,1,5.792535305023193,-7.138868808746338,1
OREBA-DIS_1012_1_grm_std_uni,1,5.645018577575684,-7.330939292907715,1
OREBA-DIS_1012_1_grm_std_uni,1,5.58622932434082,-7.2344889640808105,1
OREBA-DIS_1012_1_grm_std_uni,1,5.377547740936279,-6.821352005004883,1
OREBA-DIS_1012_1_grm_std_uni,1,5.530806064605713,-6.962567329406738,1
OREBA-DIS_1012_1_grm_std_uni,1,5.294308185577393,-6.780787944793701,1
OREBA-DIS_1012_1_grm_std_uni,1,5.169946193695068,-6.790195941925049,1
OREBA-DIS_1012_1_grm_std_uni,1,4.2420196533203125,-5.578304290771484,1
OREBA-DIS_1012_1_grm_std_uni,1,3.116659164428711,-4.067784786224365,1
OREBA-DIS_1012_1_grm_std_uni,1,3.5319058895111084,-4.207756519317627,1
OREBA-DIS_1012_1_grm_std_uni,1,4.4687275886535645,-4.914295196533203,1
OREBA-DIS_1012_1_grm_std_uni,1,5.466081619262695,-6.075761318206787,1
OREBA-DIS_1012_1_grm_std_uni,1,5.453187942504883,-6.308785438537598,1
OREBA-DIS_1012_1_grm_std_uni,1,5.300307273864746,-6.231083393096924,1
OREBA-DIS_1012_1_grm_std_uni,1,5.272285461425781,-6.099897861480713,1
OREBA-DIS_1012_1_grm_std_uni,1,4.47973108291626,-5.409573554992676,1
OREBA-DIS_1012_1_grm_std_uni,1,3.201077461242676,-4.107900142669678,1
OREBA-DIS_1012_1_grm_std_uni,1,4.0484538078308105,-5.0717034339904785,1
OREBA-DIS_1012_1_grm_std_uni,1,4.871540546417236,-5.825323581695557,1
OREBA-DIS_1012_1_grm_std_uni,1,5.110995769500732,-6.006826877593994,1
OREBA-DIS_1012_1_grm_std_uni,1,4.732449531555176,-5.6039509773254395,1
OREBA-DIS_1012_1_grm_std_uni,1,3.7529587745666504,-4.342820167541504,1
OREBA-DIS_1012_1_grm_std_uni,1,3.8332717418670654,-4.2037763595581055,1
OREBA-DIS_1012_1_grm_std_uni,1,4.311422348022461,-4.514435768127441,1
OREBA-DIS_1012_1_grm_std_uni,1,4.356629371643066,-4.286880970001221,1
OREBA-DIS_1012_1_grm_std_uni,1,4.169322490692139,-4.017185211181641,1
OREBA-DIS_1012_1_grm_std_uni,1,4.517343044281006,-4.562090873718262,1
OREBA-DIS_1012_1_grm_std_uni,1,5.018135070800781,-5.112437725067139,1
OREBA-DIS_1012_1_grm_std_uni,1,5.010558605194092,-5.085653305053711,1
OREBA-DIS_1012_1_grm_std_uni,1,4.491430759429932,-4.412677764892578,1
OREBA-DIS_1012_1_grm_std_uni,1,4.365628719329834,-4.434327602386475,1
OREBA-DIS_1012_1_grm_std_uni,1,3.5175251960754395,-4.109954833984375,1
OREBA-DIS_1012_1_grm_std_uni,1,3.7666819095611572,-4.009099960327148,1
OREBA-DIS_1012_1_grm_std_uni,1,4.355037212371826,-4.459782123565674,1
OREBA-DIS_1012_1_grm_std_uni,1,4.548411846160889,-4.09496545791626,1
OREBA-DIS_1012_1_grm_std_uni,1,4.5214009284973145,-4.120369911193848,1
OREBA-DIS_1012_1_grm_std_uni,1,4.293921947479248,-4.299365997314453,1
OREBA-DIS_1012_1_grm_std_uni,1,4.548923492431641,-4.184662818908691,1
OREBA-DIS_1012_1_grm_std_uni,1,4.582042217254639,-3.722365617752075,1
OREBA-DIS_1012_1_grm_std_uni,1,5.696694850921631,-4.98197603225708,1
OREBA-DIS_1012_1_grm_std_uni,1,5.1944899559021,-4.685190677642822,1
OREBA-DIS_1012_1_grm_std_uni,1,4.579327583312988,-4.680253028869629,1
OREBA-DIS_1012_1_grm_std_uni,1,4.7960205078125,-4.445407390594482,1
OREBA-DIS_1012_1_grm_std_uni,1,5.750403881072998,-4.477850437164307,1
OREBA-DIS_1012_1_grm_std_uni,1,5.758133411407471,-3.743474006652832,1
OREBA-DIS_1012_1_grm_std_uni,1,6.807317733764648,-5.407741069793701,1
OREBA-DIS_1012_1_grm_std_uni,1,7.626393795013428,-5.887486457824707,1
OREBA-DIS_1012_1_grm_std_uni,1,6.747856616973877,-5.312826633453369,1
OREBA-DIS_1012_1_grm_std_uni,1,6.6660685539245605,-5.234185218811035,1
OREBA-DIS_1012_1_grm_std_uni,1,6.726158618927002,-4.977884769439697,1
OREBA-DIS_1012_1_grm_std_uni,1,6.528384685516357,-4.133298397064209,1
OREBA-DIS_1012_1_grm_std_uni,1,7.337160587310791,-4.081897258758545,1
OREBA-DIS_1012_1_grm_std_uni,1,7.329558849334717,-3.6091713905334473,1
OREBA-DIS_1012_1_grm_std_uni,1,7.683981895446777,-3.6162407398223877,1
OREBA-DIS_1012_1_grm_std_uni,1,8.130842208862305,-4.258092880249023,1
OREBA-DIS_1012_1_grm_std_uni,1,7.55432653427124,-3.9852006435394287,1
OREBA-DIS_1012_1_grm_std_uni,1,6.649141311645508,-3.295989990234375,1
OREBA-DIS_1012_1_grm_std_uni,1,6.141409397125244,-2.883394956588745,1
OREBA-DIS_1012_1_grm_std_uni,1,5.899744987487793,-2.932574510574341,1
OREBA-DIS_1012_1_grm_std_uni,1,5.398168563842773,-2.904259443283081,1
OREBA-DIS_1012_1_grm_std_uni,1,4.4026570320129395,-2.4483702182769775,1
OREBA-DIS_1012_1_grm_std_uni,1,4.479048728942871,-2.7724618911743164,1
OREBA-DIS_1012_1_grm_std_uni,1,5.179173469543457,-3.0987446308135986,1
OREBA-DIS_1012_1_grm_std_uni,1,6.060011386871338,-3.8191802501678467,1
OREBA-DIS_1012_1_grm_std_uni,1,7.039936065673828,-4.773551940917969,1
OREBA-DIS_1012_1_grm_std_uni,1,7.304190158843994,-5.2143120765686035,1
OREBA-DIS_1012_1_grm_std_uni,1,7.200350284576416,-5.185277938842773,1
OREBA-DIS_1012_1_grm_std_uni,1,7.128279685974121,-5.1865973472595215,1
OREBA-DIS_1012_1_grm_std_uni,1,7.4626359939575195,-5.4120025634765625,1
OREBA-DIS_1012_1_grm_std_uni,1,7.012077331542969,-5.658633232116699,1
OREBA-DIS_1012_1_grm_std_uni,1,6.832597732543945,-6.324228763580322,1
OREBA-DIS_1012_1_grm_std_uni,1,7.014895439147949,-7.50612211227417,1
OREBA-DIS_1012_1_grm_std_uni,1,6.01179313659668,-7.1856584548950195,1
OREBA-DIS_1012_1_grm_std_uni,1,4.836430549621582,-5.710268020629883,1
OREBA-DIS_1012_1_grm_std_uni,2,4.410663604736328,-4.6714277267456055,1
OREBA-DIS_1012_1_grm_std_uni,2,5.826467990875244,-6.146089553833008,1
OREBA-DIS_1012_1_grm_std_uni,2,5.683097839355469,-6.122128963470459,1
OREBA-DIS_1012_1_grm_std_uni,2,6.071925163269043,-6.53480863571167,1
OREBA-DIS_1012_1_grm_std_uni,2,6.568388938903809,-6.843853950500488,1
OREBA-DIS_1012_1_grm_std_uni,2,2.067267894744873,-3.3231468200683594,1
OREBA-DIS_1012_1_grm_std_uni,2,-2.053865909576416,1.091628074645996,2
OREBA-DIS_1012_1_grm_std_uni,2,0.3740655481815338,-1.132503867149353,1
OREBA-DIS_1012_1_grm_std_uni,2,5.780009746551514,-6.138713359832764,1
OREBA-DIS_1012_1_grm_std_uni,1,7.662896633148193,-8.3330078125,1
OREBA-DIS_1012_1_grm_std_uni,1,9.335541725158691,-9.559183120727539,1
OREBA-DIS_1012_1_grm_std_uni,1,10.2571439743042,-9.974411964416504,1
OREBA-DIS_1012_1_grm_std_uni,1,9.402201652526855,-8.892122268676758,1
OREBA-DIS_1012_1_grm_std_uni,1,8.764435768127441,-8.486516952514648,1
OREBA-DIS_1012_1_grm_std_uni,1,8.067777633666992,-8.696966171264648,1
OREBA-DIS_1012_1_grm_std_uni,1,7.829411029815674,-8.978650093078613,1
OREBA-DIS_1012_1_grm_std_uni,1,8.003982543945312,-8.735329627990723,1
OREBA-DIS_1012_1_grm_std_uni,1,8.228839874267578,-8.713698387145996,1
OREBA-DIS_1012_1_grm_std_uni,1,7.758373260498047,-8.69869327545166,1
OREBA-DIS_1012_1_grm_std_uni,1,7.500118255615234,-9.051815032958984,1
OREBA-DIS_1012_1_grm_std_uni,1,7.337175369262695,-9.405472755432129,1
OREBA-DIS_1012_1_grm_std_uni,1,6.6113786697387695,-9.01064395904541,1
OREBA-DIS_1012_1_grm_std_uni,1,6.17678165435791,-8.507211685180664,1
OREBA-DIS_1012_1_grm_std_uni,1,5.98187255859375,-8.228354454040527,1
OREBA-DIS_1012_1_grm_std_uni,1,5.62935733795166,-7.914212226867676,1
OREBA-DIS_1012_1_grm_std_uni,1,5.483400821685791,-7.8742289543151855,1
OREBA-DIS_1012_1_grm_std_uni,1,5.405076503753662,-7.83806037902832,1
OREBA-DIS_1012_1_grm_std_uni,1,5.425882816314697,-7.917552947998047,1
OREBA-DIS_1012_1_grm_std_uni,1,5.697952747344971,-8.282800674438477,1
OREBA-DIS_1012_1_grm_std_uni,1,5.769264221191406,-8.391996383666992,1
OREBA-DIS_1012_1_grm_std_uni,1,5.506649494171143,-8.165722846984863,1
OREBA-DIS_1012_1_grm_std_uni,1,5.1911396980285645,-7.839065074920654,1
OREBA-DIS_1012_1_grm_std_uni,1,4.980309963226318,-7.528653621673584,1
OREBA-DIS_1012_1_grm_std_uni,1,4.925357341766357,-7.2779927253723145,1
OREBA-DIS_1012_1_grm_std_uni,1,4.818722248077393,-7.19476842880249,1
OREBA-DIS_1012_1_grm_std_uni,1,4.648540496826172,-7.067037105560303,1
OREBA-DIS_1012_1_grm_std_uni,1,4.572666168212891,-6.947434902191162,1
OREBA-DIS_1012_1_grm_std_uni,1,4.538885593414307,-6.87984037399292,1
OREBA-DIS_1012_1_grm_std_uni,1,4.613622665405273,-6.859348297119141,1
OREBA-DIS_1012_1_grm_std_uni,1,4.952281951904297,-6.952897548675537,1
OREBA-DIS_1012_1_grm_std_uni,1,5.521252155303955,-7.368197441101074,1
OREBA-DIS_1012_1_grm_std_uni,1,5.985372543334961,-8.085410118103027,1
OREBA-DIS_1012_1_grm_std_uni,1,5.528800010681152,-7.957122802734375,1
OREBA-DIS_1012_1_grm_std_uni,1,5.260980606079102,-7.756021976470947,1
OREBA-DIS_1012_1_grm_std_uni,1,5.247013092041016,-7.953517913818359,1
OREBA-DIS_1012_1_grm_std_uni,1,5.295765399932861,-7.605074405670166,1
OREBA-DIS_1012_1_grm_std_uni,1,5.187014579772949,-6.9547224044799805,1
OREBA-DIS_1012_1_grm_std_uni,1,5.099117279052734,-6.650269985198975,1
OREBA-DIS_1012_1_grm_std_uni,1,4.860886573791504,-6.299797534942627,1
OREBA-DIS_1012_1_grm_std_uni,1,4.606203556060791,-5.736265182495117,1
OREBA-DIS_1012_1_grm_std_uni,1,4.3552069664001465,-5.435717582702637,1
OREBA-DIS_1012_1_grm_std_uni,1,4.567426681518555,-5.201264381408691,1
OREBA-DIS_1012_1_grm_std_uni,1,4.028306484222412,-4.528213977813721,1
OREBA-DIS_1012_1_grm_std_uni,1,4.268670082092285,-2.9494972229003906,1
OREBA-DIS_1012_1_grm_std_uni,1,5.050544261932373,-3.16298770904541,1
OREBA-DIS_1012_1_grm_std_uni,1,5.790459632873535,-4.086422443389893,1
OREBA-DIS_1012_1_grm_std_uni,1,6.536792278289795,-4.871762752532959,1
OREBA-DIS_1012_1_grm_std_uni,1,6.264105796813965,-4.317629814147949,1
OREBA-DIS_1012_1_grm_std_uni,1,5.930274963378906,-3.808746337890625,1
OREBA-DIS_1012_1_grm_std_uni,1,5.885980129241943,-3.008559226989746,1
OREBA-DIS_1012_1_grm_std_uni,1,5.355194091796875,-2.3771445751190186,1
OREBA-DIS_1012_1_grm_std_uni,1,5.379218101501465,-2.2876884937286377,1
OREBA-DIS_1012_1_grm_std_uni,1,4.155496597290039,-2.667067050933838,1
OREBA-DIS_1012_1_grm_std_uni,1,3.9113757610321045,-3.5856971740722656,1
OREBA-DIS_1012_1_grm_std_uni,1,5.031283855438232,-5.467219829559326,1
OREBA-DIS_1012_1_grm_std_uni,1,5.910304069519043,-6.437791347503662,1
OREBA-DIS_1012_1_grm_std_uni,1,5.08413028717041,-5.717105865478516,1
OREBA-DIS_1012_1_grm_std_uni,1,2.724111318588257,-3.1974523067474365,1
OREBA-DIS_1012_1_grm_std_uni,1,0.9874316453933716,-1.544052004814148,1
OREBA-DIS_1012_1_grm_std_uni,1,2.4839162826538086,-1.2150883674621582,1
OREBA-DIS_1012_1_grm_std_uni,1,4.3358683586120605,-2.1714556217193604,1
OREBA-DIS_1012_1_grm_std_uni,1,4.9742255210876465,-2.9732320308685303,1
OREBA-DIS_1012_1_grm_std_uni,1,5.55908203125,-3.5297789573669434,1
OREBA-DIS_1012_1_grm_std_uni,1,6.174870491027832,-3.878983974456787,1
OREBA-DIS_1012_1_grm_std_uni,1,6.918113708496094,-4.946128845214844,1
OREBA-DIS_1012_1_grm_std_uni,1,6.35798454284668,-4.548630237579346,1
OREBA-DIS_1012_1_grm_std_uni,1,5.895291805267334,-4.584423542022705,1
OREBA-DIS_1012_1_grm_std_uni,1,5.679807662963867,-4.7470316886901855,1
OREBA-DIS_1012_1_grm_std_uni,1,5.442589282989502,-4.504206657409668,1
OREBA-DIS_1012_1_grm_std_uni,1,4.856586933135986,-3.361299753189087,1
OREBA-DIS_1012_1_grm_std_uni,1,5.34722900390625,-3.3943369388580322,1
OREBA-DIS_1012_1_grm_std_uni,1,6.037723541259766,-3.3790953159332275,1
OREBA-DIS_1012_1_grm_std_uni,1,6.158390045166016,-3.283257007598877,1
OREBA-DIS_1012_1_grm_std_uni,1,5.820209503173828,-2.69804048538208,1
OREBA-DIS_1012_1_grm_std_uni,1,5.972549915313721,-3.252441644668579,1
OREBA-DIS_1012_1_grm_std_uni,1,5.758335113525391,-3.612673759460449,1
OREBA-DIS_1012_1_grm_std_uni,1,6.052379131317139,-4.3865485191345215,1
OREBA-DIS_1012_1_grm_std_uni,1,5.5992045402526855,-3.9701526165008545,1
OREBA-DIS_1012_1_grm_std_uni,1,5.604675769805908,-3.985809803009033,1
OREBA-DIS_1012_1_grm_std_uni,1,5.590660572052002,-3.6452176570892334,1
OREBA-DIS_1012_1_grm_std_uni,1,5.546243667602539,-3.3170182704925537,1
OREBA-DIS_1012_1_grm_std_uni,1,5.710140705108643,-3.511488676071167,1
OREBA-DIS_1012_1_grm_std_uni,1,5.649975776672363,-2.9427082538604736,1
OREBA-DIS_1012_1_grm_std_uni,1,5.961592197418213,-3.6335883140563965,1
OREBA-DIS_1012_1_grm_std_uni,1,6.9614105224609375,-5.03083610534668,1
OREBA-DIS_1012_1_grm_std_uni,1,7.044929027557373,-4.988216400146484,1
OREBA-DIS_1012_1_grm_std_uni,1,6.8720197677612305,-4.267770767211914,1
OREBA-DIS_1012_1_grm_std_uni,1,7.179365158081055,-4.115074634552002,1
OREBA-DIS_1012_1_grm_std_uni,1,7.309196949005127,-4.305434226989746,1
OREBA-DIS_1012_1_grm_std_uni,1,7.449395179748535,-5.096044063568115,1
OREBA-DIS_1012_1_grm_std_uni,1,7.969651222229004,-5.812581539154053,1
OREBA-DIS_1012_1_grm_std_uni,1,8.491508483886719,-6.404591083526611,1
OREBA-DIS_1012_1_grm_std_uni,1,8.046270370483398,-6.308681011199951,1
OREBA-DIS_1012_1_grm_std_uni,1,7.174744606018066,-6.17668342590332,1
OREBA-DIS_1012_1_grm_std_uni,1,6.3930840492248535,-5.510130405426025,1
OREBA-DIS_1012_1_grm_std_uni,1,5.967522144317627,-5.212155342102051,1
OREBA-DIS_1012_1_grm_std_uni,1,6.401042938232422,-4.8667521476745605,1
OREBA-DIS_1012_1_grm_std_uni,1,6.8943352699279785,-3.6331913471221924,1
OREBA-DIS_1012_1_grm_std_uni,1,7.253271102905273,-3.4346868991851807,1
OREBA-DIS_1012_1_grm_std_uni,1,7.04376220703125,-3.708958625793457,1
OREBA-DIS_1012_1_grm_std_uni,1,6.425318717956543,-3.895611047744751,1
OREBA-DIS_1012_1_grm_std_uni,1,6.687293529510498,-3.7369182109832764,1
OREBA-DIS_1012_1_grm_std_uni,1,6.966850280761719,-3.350107192993164,1
OREBA-DIS_1012_1_grm_std_uni,1,7.397438049316406,-3.2630248069763184,1
OREBA-DIS_1012_1_grm_std_uni,1,7.405488967895508,-3.6227972507476807,1
OREBA-DIS_1012_1_grm_std_uni,1,7.557065010070801,-5.22849702835083,1
OREBA-DIS_1012_1_grm_std_uni,1,7.403384208679199,-5.530814170837402,1
OREBA-DIS_1012_1_grm_std_uni,1,7.460391521453857,-5.625972747802734,1
OREBA-DIS_1012_1_grm_std_uni,1,6.780771255493164,-5.005249977111816,1
OREBA-DIS_1012_1_grm_std_uni,1,6.6636223793029785,-4.661144256591797,1
OREBA-DIS_1012_1_grm_std_uni,1,6.344588279724121,-4.4136433601379395,1
OREBA-DIS_1012_1_grm_std_uni,1,6.217434406280518,-4.5725812911987305,1
OREBA-DIS_1012_1_grm_std_uni,1,6.256084442138672,-4.834389686584473,1
OREBA-DIS_1012_1_grm_std_uni,1,6.608968734741211,-4.905551433563232,1
OREBA-DIS_1012_1_grm_std_uni,1,6.879187107086182,-5.292287349700928,1
OREBA-DIS_1012_1_grm_std_uni,1,6.532313346862793,-5.625552654266357,1
OREBA-DIS_1012_1_grm_std_uni,1,5.852599620819092,-5.175388813018799,1
OREBA-DIS_1012_1_grm_std_uni,1,5.490072250366211,-5.197981357574463,1
OREBA-DIS_1012_1_grm_std_uni,1,5.214975833892822,-4.469773292541504,1
OREBA-DIS_1012_1_grm_std_uni,1,5.1182756423950195,-4.191027641296387,1
OREBA-DIS_1012_1_grm_std_uni,1,5.415363311767578,-3.5101065635681152,1
OREBA-DIS_1012_1_grm_std_uni,1,5.862196922302246,-2.8285164833068848,1
OREBA-DIS_1012_1_grm_std_uni,1,7.21348237991333,-3.6852641105651855,1
OREBA-DIS_1012_1_grm_std_uni,1,7.4464616775512695,-4.087873458862305,1
OREBA-DIS_1012_1_grm_std_uni,1,7.171926498413086,-4.691547870635986,1
OREBA-DIS_1012_1_grm_std_uni,1,7.0143723487854,-4.979771137237549,1
OREBA-DIS_1012_1_grm_std_uni,1,6.999955654144287,-5.0624098777771,1
OREBA-DIS_1012_1_grm_std_uni,1,6.983561992645264,-4.846961498260498,1
OREBA-DIS_1012_1_grm_std_uni,1,6.933983325958252,-4.712644577026367,1
OREBA-DIS_1012_1_grm_std_uni,1,7.025020599365234,-4.964062690734863,1
OREBA-DIS_1012_1_grm_std_uni,1,6.975919246673584,-5.194989204406738,1
OREBA-DIS_1012_1_grm_std_uni,1,6.463078022003174,-4.748286724090576,1
OREBA-DIS_1012_1_grm_std_uni,1,6.068305492401123,-4.774821758270264,1
OREBA-DIS_1012_1_grm_std_uni,1,6.267810344696045,-4.74087381362915,1
OREBA-DIS_1012_1_grm_std_uni,1,6.688292503356934,-4.476757049560547,1
OREBA-DIS_1012_1_grm_std_uni,1,6.678404331207275,-4.278627395629883,1
OREBA-DIS_1012_1_grm_std_uni,1,6.233373165130615,-4.097174644470215,1
OREBA-DIS_1012_1_grm_std_uni,1,5.943220615386963,-4.18570613861084,1
OREBA-DIS_1012_1_grm_std_uni,1,6.8330841064453125,-4.647923946380615,1
OREBA-DIS_1012_1_grm_std_uni,1,6.450126647949219,-4.444620609283447,1
OREBA-DIS_1012_1_grm_std_uni,1,6.106988430023193,-4.527151107788086,1
OREBA-DIS_1012_1_grm_std_uni,1,6.020699501037598,-4.970801830291748,1
OREBA-DIS_1012_1_grm_std_uni,1,6.148584365844727,-5.453115940093994,1
OREBA-DIS_1012_1_grm_std_uni,1,6.323230266571045,-5.788610458374023,1
OREBA-DIS_1012_1_grm_std_uni,1,6.353822231292725,-5.744978904724121,1
OREBA-DIS_1012_1_grm_std_uni,1,6.947375774383545,-5.68632173538208,1
OREBA-DIS_1012_1_grm_std_uni,1,6.7905802726745605,-4.840672969818115,1
OREBA-DIS_1012_1_grm_std_uni,1,7.342365264892578,-5.103725910186768,1
OREBA-DIS_1012_1_grm_std_uni,1,7.297275543212891,-5.323277950286865,1
OREBA-DIS_1012_1_grm_std_uni,1,6.631476402282715,-5.284314155578613,1
OREBA-DIS_1012_1_grm_std_uni,1,5.976500034332275,-4.974694728851318,1
OREBA-DIS_1012_1_grm_std_uni,1,5.821950435638428,-4.90956449508667,1
OREBA-DIS_1012_1_grm_std_uni,1,5.781923294067383,-4.294890880584717,1
OREBA-DIS_1012_1_grm_std_uni,1,6.463523864746094,-4.369694709777832,1
OREBA-DIS_1012_1_grm_std_uni,1,6.014467239379883,-4.5155229568481445,1
OREBA-DIS_1012_1_grm_std_uni,1,6.249937534332275,-4.802966117858887,1
OREBA-DIS_1012_1_grm_std_uni,1,6.128763198852539,-4.567030429840088,1
OREBA-DIS_1012_1_grm_std_uni,1,5.8738694190979,-4.778184413909912,1
OREBA-DIS_1012_1_grm_std_uni,1,5.849172115325928,-4.361613750457764,1
OREBA-DIS_1012_1_grm_std_uni,1,5.672098159790039,-3.2883172035217285,1
OREBA-DIS_1012_1_grm_std_uni,1,5.581013202667236,-3.2086637020111084,1
OREBA-DIS_1012_1_grm_std_uni,1,5.497178077697754,-3.335611581802368,1
OREBA-DIS_1012_1_grm_std_uni,1,6.305789470672607,-3.605405330657959,1
OREBA-DIS_1012_1_grm_std_uni,1,7.021002769470215,-3.761566638946533,1
OREBA-DIS_1012_1_grm_std_uni,1,7.622145175933838,-3.6025311946868896,1
OREBA-DIS_1012_1_grm_std_uni,1,8.068038940429688,-3.9078919887542725,1
OREBA-DIS_1012_1_grm_std_uni,1,7.732297897338867,-3.761296510696411,1
OREBA-DIS_1012_1_grm_std_uni,1,7.316431999206543,-4.321080684661865,1
OREBA-DIS_1012_1_grm_std_uni,1,7.513839244842529,-4.793983459472656,1
OREBA-DIS_1012_1_grm_std_uni,1,7.486261367797852,-4.571478843688965,1
OREBA-DIS_1012_1_grm_std_uni,1,7.686100006103516,-4.359949111938477,1
OREBA-DIS_1012_1_grm_std_uni,1,7.492797374725342,-4.112298488616943,1
OREBA-DIS_1012_1_grm_std_uni,1,7.658604621887207,-4.308166027069092,1
OREBA-DIS_1012_1_grm_std_uni,1,6.986008167266846,-4.262833118438721,1
OREBA-DIS_1012_1_grm_std_uni,1,6.927299499511719,-4.574795722961426,1
OREBA-DIS_1012_1_grm_std_uni,1,6.710770606994629,-4.287848949432373,1
OREBA-DIS_1012_1_grm_std_uni,1,7.0728631019592285,-4.6222968101501465,1
OREBA-DIS_1012_1_grm_std_uni,1,7.9013214111328125,-5.917810440063477,1
OREBA-DIS_1012_1_grm_std_uni,1,7.7961745262146,-6.327834606170654,1
OREBA-DIS_1012_1_grm_std_uni,1,7.486192226409912,-6.040608882904053,1
OREBA-DIS_1012_1_grm_std_uni,1,6.708456993103027,-5.664369106292725,1
OREBA-DIS_1012_1_grm_std_uni,1,6.490817070007324,-5.420165538787842,1
OREBA-DIS_1012_1_grm_std_uni,1,6.236794471740723,-5.107209205627441,1
OREBA-DIS_1012_1_grm_std_uni,1,6.4776458740234375,-4.879023551940918,1
OREBA-DIS_1012_1_grm_std_uni,1,6.749232769012451,-4.721039295196533,1
OREBA-DIS_1012_1_grm_std_uni,1,6.356982231140137,-4.2606587409973145,1
OREBA-DIS_1012_1_grm_std_uni,1,5.538632392883301,-3.790391445159912,1
OREBA-DIS_1012_1_grm_std_uni,1,5.863128185272217,-3.957850217819214,1
OREBA-DIS_1012_1_grm_std_uni,1,6.189005374908447,-4.1668314933776855,1
OREBA-DIS_1012_1_grm_std_uni,1,6.4978508949279785,-4.147652626037598,1
OREBA-DIS_1012_1_grm_std_uni,1,7.0538129806518555,-4.683901786804199,1
OREBA-DIS_1012_1_grm_std_uni,1,6.697490692138672,-4.593959331512451,1
OREBA-DIS_1012_1_grm_std_uni,1,6.106188774108887,-3.993812084197998,1
OREBA-DIS_1012_1_grm_std_uni,1,5.446353435516357,-3.374098777770996,1
OREBA-DIS_1012_1_grm_std_uni,1,5.462611198425293,-3.2582755088806152,1
OREBA-DIS_1012_1_grm_std_uni,1,6.849216461181641,-4.447209358215332,1
OREBA-DIS_1012_1_grm_std_uni,1,7.0993804931640625,-4.879263401031494,1
OREBA-DIS_1012_1_grm_std_uni,1,6.0566582679748535,-4.300689220428467,1
OREBA-DIS_1012_1_grm_std_uni,1,5.304625511169434,-4.4446916580200195,1
OREBA-DIS_1012_1_grm_std_uni,1,5.396448135375977,-5.0599141120910645,1
OREBA-DIS_1012_1_grm_std_uni,1,5.703674793243408,-5.524925708770752,1
OREBA-DIS_1012_1_grm_std_uni,1,4.748158931732178,-5.251324653625488,1
OREBA-DIS_1012_1_grm_std_uni,1,4.891817569732666,-5.747700214385986,1
OREBA-DIS_1012_1_grm_std_uni,1,4.5310468673706055,-6.028748989105225,1
OREBA-DIS_1012_1_grm_std_uni,1,4.096006393432617,-6.296571731567383,1
OREBA-DIS_1012_1_grm_std_uni,1,3.9501736164093018,-6.309797763824463,1
OREBA-DIS_1012_1_grm_std_uni,1,3.592170238494873,-6.058549880981445,1
OREBA-DIS_1012_1_grm_std_uni,1,3.459822416305542,-5.614777088165283,1
OREBA-DIS_1012_1_grm_std_uni,1,2.891892910003662,-4.955792427062988,1
OREBA-DIS_1012_1_grm_std_uni,1,2.0434277057647705,-4.173266887664795,1
OREBA-DIS_1012_1_grm_std_uni,1,2.4960429668426514,-4.181910037994385,1
OREBA-DIS_1012_1_grm_std_uni,1,3.340306043624878,-4.841221332550049,1
OREBA-DIS_1012_1_grm_std_uni,1,3.864562749862671,-5.7286057472229,1
OREBA-DIS_1012_1_grm_std_uni,1,3.8550875186920166,-6.129031181335449,1
OREBA-DIS_1012_1_grm_std_uni,1,3.045616865158081,-5.525312900543213,1
OREBA-DIS_1012_1_grm_std_uni,1,1.7029210329055786,-4.304896354675293,1
OREBA-DIS_1012_1_grm_std_uni,1,0.9153363108634949,-3.5852248668670654,1
OREBA-DIS_1012_1_grm_std_uni,1,2.549402952194214,-4.039344310760498,1
OREBA-DIS_1012_1_grm_std_uni,1,2.7842931747436523,-4.384674549102783,1
OREBA-DIS_1012_1_grm_std_uni,1,3.7969613075256348,-5.239719390869141,1
OREBA-DIS_1012_1_grm_std_uni,1,4.247446537017822,-5.793526649475098,1
OREBA-DIS_1012_1_grm_std_uni,1,4.33027458190918,-5.877653121948242,1
OREBA-DIS_1012_1_grm_std_uni,1,4.405151844024658,-5.970310211181641,1
OREBA-DIS_1012_1_grm_std_uni,1,4.350085735321045,-6.262038230895996,1
OREBA-DIS_1012_1_grm_std_uni,1,3.86331844329834,-6.054972171783447,1
OREBA-DIS_1012_1_grm_std_uni,1,3.5237059593200684,-5.629813194274902,1
OREBA-DIS_1012_1_grm_std_uni,1,3.585428476333618,-5.524929523468018,1
OREBA-DIS_1012_1_grm_std_uni,1,3.7738027572631836,-5.429573059082031,1
OREBA-DIS_1012_1_grm_std_uni,1,3.844649076461792,-5.350003719329834,1
OREBA-DIS_1012_1_grm_std_uni,1,3.8578553199768066,-5.304378509521484,1
OREBA-DIS_1012_1_grm_std_uni,1,3.747814178466797,-5.089685916900635,1
OREBA-DIS_1012_1_grm_std_uni,1,3.6581408977508545,-4.921514511108398,1
OREBA-DIS_1012_1_grm_std_uni,1,3.5677902698516846,-4.914782524108887,1
OREBA-DIS_1012_1_grm_std_uni,1,3.5919697284698486,-4.985731601715088,1
OREBA-DIS_1012_1_grm_std_uni,1,3.67096209526062,-5.052696228027344,1
OREBA-DIS_1012_1_grm_std_uni,1,3.6687583923339844,-5.040750980377197,1
OREBA-DIS_1012_1_grm_std_uni,1,3.6791701316833496,-4.922779560089111,1
OREBA-DIS_1012_1_grm_std_uni,1,3.366393804550171,-4.844363212585449,1
OREBA-DIS_1012_1_grm_std_uni,1,2.924520492553711,-4.908326148986816,1
OREBA-DIS_1012_1_grm_std_uni,1,3.5364866256713867,-5.583957195281982,1
OREBA-DIS_1012_1_grm_std_uni,1,3.641526222229004,-5.029901027679443,1
OREBA-DIS_1012_1_grm_std_uni,1,4.305548191070557,-5.042527675628662,1
OREBA-DIS_1012_1_grm_std_uni,1,3.880528211593628,-4.677604675292969,1
OREBA-DIS_1012_1_grm_std_uni,1,3.617276430130005,-4.573702812194824,1
OREBA-DIS_1012_1_grm_std_uni,1,3.857102155685425,-5.519853115081787,1
OREBA-DIS_1012_1_grm_std_uni,1,4.147660255432129,-5.7719316482543945,1
OREBA-DIS_1012_1_grm_std_uni,1,4.320508003234863,-5.425903797149658,1
OREBA-DIS_1012_1_grm_std_uni,1,3.4158148765563965,-3.7299089431762695,1
OREBA-DIS_1012_1_grm_std_uni,1,2.6874661445617676,-2.6295650005340576,1
OREBA-DIS_1012_1_grm_std_uni,1,2.825458526611328,-2.3342370986938477,1
OREBA-DIS_1012_1_grm_std_uni,1,3.811737537384033,-2.6477198600769043,1
OREBA-DIS_1012_1_grm_std_uni,1,4.185242652893066,-2.7741341590881348,1
OREBA-DIS_1012_1_grm_std_uni,1,3.9291977882385254,-2.4576025009155273,1
OREBA-DIS_1012_1_grm_std_uni,1,4.465380668640137,-3.175722122192383,1
OREBA-DIS_1012_1_grm_std_uni,1,5.435141086578369,-3.8268308639526367,1
OREBA-DIS_1012_1_grm_std_uni,1,5.836183071136475,-4.0594635009765625,1
OREBA-DIS_1012_1_grm_std_uni,1,5.692474365234375,-3.9751553535461426,1
OREBA-DIS_1012_1_grm_std_uni,1,5.4961700439453125,-4.133509635925293,1
OREBA-DIS_1012_1_grm_std_uni,1,5.006534099578857,-4.231231212615967,1
OREBA-DIS_1012_1_grm_std_uni,1,4.761133670806885,-4.021861553192139,1
OREBA-DIS_1012_1_grm_std_uni,1,4.754393100738525,-3.803333044052124,1
OREBA-DIS_1012_1_grm_std_uni,1,5.16869592666626,-3.94012451171875,1
OREBA-DIS_1012_1_grm_std_uni,1,5.822486877441406,-4.4311113357543945,1
OREBA-DIS_1012_1_grm_std_uni,1,5.899507999420166,-4.212960720062256,1
OREBA-DIS_1012_1_grm_std_uni,1,5.223400592803955,-3.5929415225982666,1
OREBA-DIS_1012_1_grm_std_uni,1,5.097368240356445,-3.489215612411499,1
OREBA-DIS_1012_1_grm_std_uni,1,5.693312168121338,-4.007152080535889,1
OREBA-DIS_1012_1_grm_std_uni,1,4.578426837921143,-3.409627914428711,1
OREBA-DIS_1012_1_grm_std_uni,1,5.144599437713623,-4.360031604766846,1
OREBA-DIS_1012_1_grm_std_uni,1,5.50290584564209,-4.961158275604248,1
OREBA-DIS_1012_1_grm_std_uni,2,5.6821441650390625,-4.99178409576416,1
OREBA-DIS_1012_1_grm_std_uni,2,5.978389263153076,-5.5278143882751465,1
OREBA-DIS_1012_1_grm_std_uni,2,6.733855247497559,-6.180563449859619,1
OREBA-DIS_1012_1_grm_std_uni,2,7.683651447296143,-7.142683506011963,1
OREBA-DIS_1012_1_grm_std_uni,2,5.543508529663086,-6.921767711639404,1
OREBA-DIS_1012_1_grm_std_uni,2,-0.3068472445011139,-1.4590052366256714,1
OREBA-DIS_1012_1_grm_std_uni,2,-3.997666835784912,3.021698474884033,2
OREBA-DIS_1012_1_grm_std_uni,2,-3.006910800933838,2.095435380935669,1
OREBA-DIS_1012_1_grm_std_uni,2,5.08254337310791,-6.21407413482666,1
OREBA-DIS_1012_1_grm_std_uni,2,6.97555685043335,-8.22905158996582,1
OREBA-DIS_1012_1_grm_std_uni,2,7.770501136779785,-8.49787712097168,1
OREBA-DIS_1012_1_grm_std_uni,2,8.482446670532227,-8.845686912536621,1
OREBA-DIS_1012_1_grm_std_uni,2,9.709735870361328,-9.572036743164062,1
OREBA-DIS_1012_1_grm_std_uni,1,9.125045776367188,-9.022089004516602,1
OREBA-DIS_1012_1_grm_std_uni,1,8.92510986328125,-8.547476768493652,1
OREBA-DIS_1012_1_grm_std_uni,1,9.063318252563477,-8.82375431060791,1
OREBA-DIS_1012_1_grm_std_uni,1,8.235447883605957,-8.898640632629395,1
OREBA-DIS_1012_1_grm_std_uni,1,7.606144905090332,-8.865118980407715,1
OREBA-DIS_1012_1_grm_std_uni,1,7.499812126159668,-9.197993278503418,1
OREBA-DIS_1012_1_grm_std_uni,1,7.67154598236084,-9.195412635803223,1
OREBA-DIS_1012_1_grm_std_uni,1,7.715674877166748,-9.359166145324707,1
OREBA-DIS_1012_1_grm_std_uni,1,7.297344207763672,-8.917269706726074,1
OREBA-DIS_1012_1_grm_std_uni,1,7.06232213973999,-8.879412651062012,1
OREBA-DIS_1012_1_grm_std_uni,1,6.892679691314697,-8.545504570007324,1
OREBA-DIS_1012_1_grm_std_uni,1,6.980137348175049,-8.533631324768066,1
OREBA-DIS_1012_1_grm_std_uni,1,7.077836990356445,-8.520796775817871,1
OREBA-DIS_1012_1_grm_std_uni,1,7.107051372528076,-8.50839900970459,1
OREBA-DIS_1012_1_grm_std_uni,1,6.7976789474487305,-8.256429672241211,1
OREBA-DIS_1012_1_grm_std_uni,1,6.410467624664307,-8.036070823669434,1
OREBA-DIS_1012_1_grm_std_uni,1,6.401526927947998,-8.189486503601074,1
OREBA-DIS_1012_1_grm_std_uni,1,6.376986026763916,-8.121986389160156,1
OREBA-DIS_1012_1_grm_std_uni,1,6.365494251251221,-8.028297424316406,1
OREBA-DIS_1012_1_grm_std_uni,1,6.337491989135742,-7.891019821166992,1
OREBA-DIS_1012_1_grm_std_uni,1,6.1983723640441895,-7.624148845672607,1
OREBA-DIS_1012_1_grm_std_uni,1,6.061779975891113,-7.3591766357421875,1
OREBA-DIS_1012_1_grm_std_uni,1,5.983831405639648,-7.210522174835205,1
OREBA-DIS_1012_1_grm_std_uni,1,5.916788101196289,-7.212989330291748,1
OREBA-DIS_1012_1_grm_std_uni,1,5.860299587249756,-7.219870090484619,1
OREBA-DIS_1012_1_grm_std_uni,1,5.780664443969727,-7.120494365692139,1
OREBA-DIS_1012_1_grm_std_uni,1,5.741802215576172,-7.111348628997803,1
OREBA-DIS_1012_1_grm_std_uni,1,5.705338954925537,-7.112313747406006,1
OREBA-DIS_1012_1_grm_std_uni,1,5.658599853515625,-7.081193447113037,1
OREBA-DIS_1012_1_grm_std_uni,1,5.640549659729004,-7.055360317230225,1
OREBA-DIS_1012_1_grm_std_uni,1,5.594136714935303,-6.9838128089904785,1
OREBA-DIS_1012_1_grm_std_uni,1,5.506595611572266,-6.8588762283325195,1
OREBA-DIS_1012_1_grm_std_uni,1,5.471042156219482,-6.817078113555908,1
OREBA-DIS_1012_1_grm_std_uni,1,5.407175540924072,-6.748660087585449,1
OREBA-DIS_1012_1_grm_std_uni,1,5.3403000831604,-6.629326343536377,1
OREBA-DIS_1012_1_grm_std_uni,1,5.296778202056885,-6.6504058837890625,1
OREBA-DIS_1012_1_grm_std_uni,1,5.277151107788086,-6.669996738433838,1
OREBA-DIS_1012_1_grm_std_uni,1,5.26791524887085,-6.647144317626953,1
OREBA-DIS_1012_1_grm_std_uni,1,5.22093391418457,-6.566805362701416,1
OREBA-DIS_1012_1_grm_std_uni,1,5.200439453125,-6.595787048339844,1
OREBA-DIS_1012_1_grm_std_uni,1,5.203500747680664,-6.5641326904296875,1
OREBA-DIS_1012_1_grm_std_uni,1,5.2075629234313965,-6.564682960510254,1
OREBA-DIS_1012_1_grm_std_uni,1,5.1993489265441895,-6.545088291168213,1
OREBA-DIS_1012_1_grm_std_uni,1,5.168932914733887,-6.532680034637451,1
OREBA-DIS_1012_1_grm_std_uni,1,5.1386284828186035,-6.499560356140137,1
OREBA-DIS_1012_1_grm_std_uni,1,5.117609977722168,-6.515720367431641,1
OREBA-DIS_1012_1_grm_std_uni,1,5.093202114105225,-6.578204154968262,1
OREBA-DIS_1012_1_grm_std_uni,1,5.058955192565918,-6.662322998046875,1
OREBA-DIS_1012_1_grm_std_uni,1,4.801501750946045,-6.502050876617432,1
OREBA-DIS_1012_1_grm_std_uni,1,4.603292465209961,-6.417932987213135,1
OREBA-DIS_1012_1_grm_std_uni,1,4.873561382293701,-6.832028388977051,1
OREBA-DIS_1012_1_grm_std_uni,1,4.955846309661865,-6.922735214233398,1
OREBA-DIS_1012_1_grm_std_uni,1,4.516050815582275,-6.3707804679870605,1
OREBA-DIS_1012_1_grm_std_uni,1,4.543356895446777,-6.760800838470459,1
OREBA-DIS_1012_1_grm_std_uni,1,5.22188138961792,-7.499695301055908,1
OREBA-DIS_1012_1_grm_std_uni,1,5.6946611404418945,-7.614231109619141,1
OREBA-DIS_1012_1_grm_std_uni,1,5.3528876304626465,-7.111130714416504,1
OREBA-DIS_1012_1_grm_std_uni,1,4.601828575134277,-6.374803066253662,1
OREBA-DIS_1012_1_grm_std_uni,1,3.381065845489502,-4.95827579498291,1
OREBA-DIS_1012_1_grm_std_uni,1,2.3906166553497314,-3.3703293800354004,1
OREBA-DIS_1012_1_grm_std_uni,1,2.247486114501953,-2.7515056133270264,1
OREBA-DIS_1012_1_grm_std_uni,1,3.1042861938476562,-2.5648465156555176,1
OREBA-DIS_1012_1_grm_std_uni,1,4.475690841674805,-3.0981383323669434,1
OREBA-DIS_1012_1_grm_std_uni,1,5.2553815841674805,-4.1558380126953125,1
OREBA-DIS_1012_1_grm_std_uni,1,6.264705657958984,-5.386887550354004,1
OREBA-DIS_1012_1_grm_std_uni,1,5.788715362548828,-5.275965690612793,1
OREBA-DIS_1012_1_grm_std_uni,1,5.625041961669922,-5.356306076049805,1
OREBA-DIS_1012_1_grm_std_uni,1,5.601471900939941,-5.221522808074951,1
OREBA-DIS_1012_1_grm_std_uni,1,5.322829723358154,-4.832706451416016,1
OREBA-DIS_1012_1_grm_std_uni,1,5.970676898956299,-5.170133113861084,1
OREBA-DIS_1012_1_grm_std_uni,1,6.788137912750244,-5.008566856384277,1
OREBA-DIS_1012_1_grm_std_uni,1,6.212276458740234,-4.650564193725586,1
OREBA-DIS_1012_1_grm_std_uni,1,5.579411506652832,-4.4338812828063965,1
OREBA-DIS_1012_1_grm_std_uni,1,6.301037311553955,-4.989233493804932,1
OREBA-DIS_1012_1_grm_std_uni,1,5.993519306182861,-4.619842052459717,1
OREBA-DIS_1012_1_grm_std_uni,1,6.162412166595459,-4.890048503875732,1
OREBA-DIS_1012_1_grm_std_uni,1,6.262138366699219,-5.395427703857422,1
OREBA-DIS_1012_1_grm_std_uni,1,6.010204315185547,-5.064905643463135,1
OREBA-DIS_1012_1_grm_std_uni,1,6.220693588256836,-5.372808456420898,1
OREBA-DIS_1012_1_grm_std_uni,2,6.287985801696777,-5.412849426269531,1
OREBA-DIS_1012_1_grm_std_uni,2,6.187539577484131,-5.571903705596924,1
OREBA-DIS_1012_1_grm_std_uni,2,6.1848673820495605,-5.882577419281006,1
OREBA-DIS_1012_1_grm_std_uni,2,6.378279685974121,-6.275956630706787,1
OREBA-DIS_1012_1_grm_std_uni,2,6.856712341308594,-7.087917804718018,1
OREBA-DIS_1012_1_grm_std_uni,2,7.494077682495117,-7.591095447540283,1
OREBA-DIS_1012_1_grm_std_uni,2,7.522862434387207,-7.582278251647949,1
OREBA-DIS_1012_1_grm_std_uni,2,1.4724417924880981,-3.037292957305908,1
OREBA-DIS_1012_1_grm_std_uni,2,-2.9020047187805176,2.226393461227417,2
OREBA-DIS_1012_1_grm_std_uni,2,-0.4995577335357666,-0.54984050989151,1
OREBA-DIS_1012_1_grm_std_uni,2,4.916839122772217,-5.725217819213867,1
OREBA-DIS_1012_1_grm_std_uni,2,7.764406204223633,-7.462197780609131,1
OREBA-DIS_1012_1_grm_std_uni,2,8.467162132263184,-6.9178690910339355,1
OREBA-DIS_1012_1_grm_std_uni,2,8.30803108215332,-6.433813095092773,1
OREBA-DIS_1012_1_grm_std_uni,2,8.262222290039062,-6.242042064666748,1
OREBA-DIS_1012_1_grm_std_uni,1,8.65371322631836,-6.30303430557251,1
OREBA-DIS_1012_1_grm_std_uni,1,9.653515815734863,-7.201877117156982,1
OREBA-DIS_1012_1_grm_std_uni,1,9.105003356933594,-7.749502182006836,1
OREBA-DIS_1012_1_grm_std_uni,1,7.699038505554199,-7.687640190124512,1
OREBA-DIS_1012_1_grm_std_uni,1,7.163147449493408,-7.803560733795166,1
OREBA-DIS_1012_1_grm_std_uni,1,6.588855266571045,-7.790925979614258,1
OREBA-DIS_1012_1_grm_std_uni,1,6.540015697479248,-7.727499961853027,1
OREBA-DIS_1012_1_grm_std_uni,1,6.4065351486206055,-7.483151435852051,1
OREBA-DIS_1012_1_grm_std_uni,1,6.303112506866455,-7.280750751495361,1
OREBA-DIS_1012_1_grm_std_uni,1,6.256234645843506,-7.212905406951904,1
OREBA-DIS_1012_1_grm_std_uni,1,6.123477935791016,-7.043819904327393,1
OREBA-DIS_1012_1_grm_std_uni,1,6.09201717376709,-6.9139885902404785,1
OREBA-DIS_1012_1_grm_std_uni,1,6.179767608642578,-7.0009284019470215,1
OREBA-DIS_1012_1_grm_std_uni,1,6.4987382888793945,-7.503780364990234,1
OREBA-DIS_1012_1_grm_std_uni,1,6.789013385772705,-7.969960689544678,1
OREBA-DIS_1012_1_grm_std_uni,1,6.1674113273620605,-7.476326942443848,1
OREBA-DIS_1012_1_grm_std_uni,1,4.831851959228516,-5.818471908569336,1
OREBA-DIS_1012_1_grm_std_uni,1,4.399955749511719,-4.88523006439209,1
OREBA-DIS_1012_1_grm_std_uni,1,4.340652942657471,-5.381219863891602,1
OREBA-DIS_1012_1_grm_std_uni,1,4.363958835601807,-6.51658821105957,1
OREBA-DIS_1012_1_grm_std_uni,1,4.148040294647217,-6.923857688903809,1
OREBA-DIS_1012_1_grm_std_uni,1,3.222062826156616,-5.681086540222168,1
OREBA-DIS_1012_1_grm_std_uni,1,3.1890695095062256,-4.680359363555908,1
OREBA-DIS_1012_1_grm_std_uni,1,4.131689071655273,-4.673429012298584,1
OREBA-DIS_1012_1_grm_std_uni,1,5.052659034729004,-5.258699893951416,1
OREBA-DIS_1012_1_grm_std_uni,1,5.5498456954956055,-6.12106466293335,1
OREBA-DIS_1012_1_grm_std_uni,1,4.969778537750244,-6.812793254852295,1
OREBA-DIS_1012_1_grm_std_uni,1,5.292586803436279,-7.111546039581299,1
OREBA-DIS_1012_1_grm_std_uni,1,5.295098781585693,-6.5284576416015625,1
OREBA-DIS_1012_1_grm_std_uni,1,4.858981132507324,-5.654385566711426,1
OREBA-DIS_1012_1_grm_std_uni,1,5.331202983856201,-5.467541694641113,1
OREBA-DIS_1012_1_grm_std_uni,1,6.280829429626465,-5.439344882965088,1
OREBA-DIS_1012_1_grm_std_uni,1,5.8504109382629395,-4.630630970001221,1
OREBA-DIS_1012_1_grm_std_uni,1,5.778695583343506,-4.718747615814209,1
OREBA-DIS_1012_1_grm_std_uni,1,6.3787031173706055,-5.192691802978516,1
OREBA-DIS_1012_1_grm_std_uni,1,6.584415912628174,-4.639657497406006,1
OREBA-DIS_1012_1_grm_std_uni,1,6.968803405761719,-4.691840171813965,1
OREBA-DIS_1012_1_grm_std_uni,1,7.115986347198486,-4.739616870880127,1
OREBA-DIS_1012_1_grm_std_uni,1,6.914978504180908,-4.396664619445801,1
OREBA-DIS_1012_1_grm_std_uni,1,7.753681659698486,-4.943842887878418,1
OREBA-DIS_1012_1_grm_std_uni,1,7.495283126831055,-4.919513702392578,1
OREBA-DIS_1012_1_grm_std_uni,1,7.458578109741211,-4.975114822387695,1
OREBA-DIS_1012_1_grm_std_uni,1,7.3381171226501465,-4.7396745681762695,1
OREBA-DIS_1012_1_grm_std_uni,1,6.353994846343994,-4.692341327667236,1
OREBA-DIS_1012_1_grm_std_uni,1,6.118456840515137,-4.877013683319092,1
OREBA-DIS_1012_1_grm_std_uni,1,5.831520080566406,-4.004689693450928,1
OREBA-DIS_1012_1_grm_std_uni,1,5.24307918548584,-2.987292766571045,1
OREBA-DIS_1012_1_grm_std_uni,1,5.259215831756592,-2.4347610473632812,1
OREBA-DIS_1012_1_grm_std_uni,1,5.733447551727295,-2.144760847091675,1
OREBA-DIS_1012_1_grm_std_uni,1,5.952023983001709,-1.6631335020065308,1
OREBA-DIS_1012_1_grm_std_uni,1,6.044150352478027,-1.7670226097106934,1
OREBA-DIS_1012_1_grm_std_uni,1,5.985166549682617,-2.8026652336120605,1
OREBA-DIS_1012_1_grm_std_uni,1,6.735540866851807,-3.732131242752075,1
OREBA-DIS_1012_1_grm_std_uni,1,7.180087566375732,-4.325753211975098,1
OREBA-DIS_1012_1_grm_std_uni,1,7.410180568695068,-4.641116619110107,1
OREBA-DIS_1012_1_grm_std_uni,1,7.580700874328613,-5.118900775909424,1
OREBA-DIS_1012_1_grm_std_uni,1,7.229146957397461,-5.247583866119385,1
OREBA-DIS_1012_1_grm_std_uni,1,6.892889022827148,-4.90918493270874,1
OREBA-DIS_1012_1_grm_std_uni,1,6.757871627807617,-4.61505126953125,1
OREBA-DIS_1012_1_grm_std_uni,1,6.257265090942383,-4.190110683441162,1
OREBA-DIS_1012_1_grm_std_uni,1,6.373176097869873,-4.463996887207031,1
OREBA-DIS_1012_1_grm_std_uni,1,6.814980506896973,-4.89177942276001,1
OREBA-DIS_1012_1_grm_std_uni,1,6.670501708984375,-4.892491817474365,1
OREBA-DIS_1012_1_grm_std_uni,1,6.439785003662109,-4.623864650726318,1
OREBA-DIS_1012_1_grm_std_uni,1,6.209163665771484,-4.468676567077637,1
OREBA-DIS_1012_1_grm_std_uni,1,5.905549049377441,-4.6263275146484375,1
OREBA-DIS_1012_1_grm_std_uni,1,5.815920829772949,-4.486743927001953,1
OREBA-DIS_1012_1_grm_std_uni,1,6.654992580413818,-4.425563812255859,1
OREBA-DIS_1012_1_grm_std_uni,1,7.147667407989502,-4.266395092010498,1
OREBA-DIS_1012_1_grm_std_uni,1,7.1215739250183105,-4.405502796173096,1
OREBA-DIS_1012_1_grm_std_uni,1,6.607313632965088,-4.1158528327941895,1
OREBA-DIS_1012_1_grm_std_uni,1,6.530250072479248,-4.0724778175354,1
OREBA-DIS_1012_1_grm_std_uni,1,6.231941223144531,-3.7871856689453125,1
OREBA-DIS_1012_1_grm_std_uni,1,5.952110290527344,-3.6178836822509766,1
OREBA-DIS_1012_1_grm_std_uni,1,5.6136860847473145,-3.9985272884368896,1
OREBA-DIS_1012_1_grm_std_uni,1,5.910284042358398,-4.1008477210998535,1
OREBA-DIS_1012_1_grm_std_uni,1,6.099157810211182,-4.179410934448242,1
OREBA-DIS_1012_1_grm_std_uni,1,5.91478157043457,-3.563246726989746,1
OREBA-DIS_1012_1_grm_std_uni,1,6.051523208618164,-3.6921072006225586,1
OREBA-DIS_1012_1_grm_std_uni,1,6.4657392501831055,-4.102181911468506,1
OREBA-DIS_1012_1_grm_std_uni,1,5.929957389831543,-4.055613994598389,1
OREBA-DIS_1012_1_grm_std_uni,1,5.370174884796143,-3.912951946258545,1
OREBA-DIS_1012_1_grm_std_uni,1,5.20099401473999,-4.094310283660889,1
OREBA-DIS_1012_1_grm_std_uni,1,5.2570905685424805,-4.627813816070557,1
OREBA-DIS_1012_1_grm_std_uni,1,4.860206604003906,-4.400514602661133,1
OREBA-DIS_1012_1_grm_std_uni,1,4.950138092041016,-4.830923557281494,1
OREBA-DIS_1012_1_grm_std_uni,1,4.730981826782227,-5.302889347076416,1
OREBA-DIS_1012_1_grm_std_uni,1,3.9616575241088867,-5.231673240661621,1
OREBA-DIS_1012_1_grm_std_uni,1,4.109954833984375,-5.640720844268799,1
OREBA-DIS_1012_1_grm_std_uni,1,4.0850043296813965,-5.5923614501953125,1
OREBA-DIS_1012_1_grm_std_uni,1,4.514857769012451,-6.041961193084717,1
OREBA-DIS_1012_1_grm_std_uni,1,4.754884243011475,-6.127179145812988,1
OREBA-DIS_1012_1_grm_std_uni,1,4.64157772064209,-5.786752700805664,1
OREBA-DIS_1012_1_grm_std_uni,1,5.225498199462891,-6.120418071746826,1
OREBA-DIS_1012_1_grm_std_uni,1,5.761002063751221,-6.741120338439941,1
OREBA-DIS_1012_1_grm_std_uni,1,5.00172758102417,-6.745717525482178,1
OREBA-DIS_1012_1_grm_std_uni,1,2.5435895919799805,-4.143680095672607,1
OREBA-DIS_1012_1_grm_std_uni,1,3.0466806888580322,-3.811694860458374,1
OREBA-DIS_1012_1_grm_std_uni,1,3.620640993118286,-4.173379421234131,1
OREBA-DIS_1012_1_grm_std_uni,1,4.649975776672363,-5.312349796295166,1
OREBA-DIS_1012_1_grm_std_uni,1,5.919816493988037,-5.221419811248779,1
OREBA-DIS_1012_1_grm_std_uni,1,5.266565322875977,-3.3784492015838623,1
OREBA-DIS_1012_1_grm_std_uni,1,5.228240489959717,-3.5347025394439697,1
OREBA-DIS_1012_1_grm_std_uni,1,5.147630214691162,-3.949711322784424,1
OREBA-DIS_1012_1_grm_std_uni,1,3.3667187690734863,-3.2187509536743164,1
OREBA-DIS_1012_1_grm_std_uni,1,4.032340049743652,-3.729362964630127,1
OREBA-DIS_1012_1_grm_std_uni,1,5.383239269256592,-4.8290605545043945,1
OREBA-DIS_1012_1_grm_std_uni,1,6.204448223114014,-5.464168548583984,1
OREBA-DIS_1012_1_grm_std_uni,1,6.701157093048096,-5.711188793182373,1
OREBA-DIS_1012_1_grm_std_uni,1,5.832301139831543,-5.5281877517700195,1
OREBA-DIS_1012_1_grm_std_uni,1,3.872744083404541,-4.0528669357299805,1
OREBA-DIS_1012_1_grm_std_uni,1,1.6777673959732056,-1.9136241674423218,1
OREBA-DIS_1012_1_grm_std_uni,1,2.189789056777954,-2.581625461578369,1
OREBA-DIS_1012_1_grm_std_uni,1,4.387600421905518,-5.56736946105957,1
OREBA-DIS_1012_1_grm_std_uni,1,5.885311603546143,-7.385539531707764,1
OREBA-DIS_1012_1_grm_std_uni,1,6.929352760314941,-8.131195068359375,1
OREBA-DIS_1012_1_grm_std_uni,1,7.114690780639648,-8.145230293273926,1
OREBA-DIS_1012_1_grm_std_uni,1,6.768085956573486,-8.085542678833008,1
OREBA-DIS_1012_1_grm_std_uni,1,6.9890971183776855,-8.31367301940918,1
OREBA-DIS_1012_1_grm_std_uni,1,7.003471374511719,-8.7838134765625,1
OREBA-DIS_1012_1_grm_std_uni,1,7.936854839324951,-9.553308486938477,1
OREBA-DIS_1012_1_grm_std_uni,1,8.168511390686035,-9.68428897857666,1
OREBA-DIS_1012_1_grm_std_uni,1,8.822409629821777,-9.9452543258667,1
OREBA-DIS_1012_1_grm_std_uni,1,8.862899780273438,-9.887014389038086,1
OREBA-DIS_1012_1_grm_std_uni,1,8.897316932678223,-9.893620491027832,1
OREBA-DIS_1012_1_grm_std_uni,1,9.048362731933594,-10.126717567443848,1
OREBA-DIS_1012_1_grm_std_uni,1,9.15416431427002,-10.347172737121582,1
OREBA-DIS_1012_1_grm_std_uni,1,9.602123260498047,-10.436334609985352,1
OREBA-DIS_1012_1_grm_std_uni,1,9.382569313049316,-10.318489074707031,1
OREBA-DIS_1012_1_grm_std_uni,1,8.136919021606445,-9.559269905090332,1
OREBA-DIS_1012_1_grm_std_uni,1,7.291810035705566,-8.519073486328125,1
OREBA-DIS_1012_1_grm_std_uni,1,7.555446624755859,-8.260573387145996,1
OREBA-DIS_1012_1_grm_std_uni,2,8.178547859191895,-8.446529388427734,1
OREBA-DIS_1012_1_grm_std_uni,2,8.360167503356934,-8.320018768310547,1
OREBA-DIS_1012_1_grm_std_uni,2,7.809012413024902,-7.228268146514893,1
OREBA-DIS_1012_1_grm_std_uni,2,7.323805332183838,-6.861915588378906,1
OREBA-DIS_1012_1_grm_std_uni,2,7.447859287261963,-7.371261119842529,1
OREBA-DIS_1012_1_grm_std_uni,2,7.792437553405762,-7.802436351776123,1
OREBA-DIS_1012_1_grm_std_uni,2,7.874208450317383,-7.6962504386901855,1
OREBA-DIS_1012_1_grm_std_uni,2,7.695133209228516,-7.831421375274658,1
OREBA-DIS_1012_1_grm_std_uni,2,7.800416469573975,-8.233630180358887,1
OREBA-DIS_1012_1_grm_std_uni,2,5.762832164764404,-7.294450283050537,1
OREBA-DIS_1012_1_grm_std_uni,2,0.5718199610710144,-1.7294979095458984,1
OREBA-DIS_1012_1_grm_std_uni,2,-0.6119600534439087,0.038901232182979584,1
OREBA-DIS_1012_1_grm_std_uni,2,3.61757493019104,-3.9869918823242188,1
OREBA-DIS_1012_1_grm_std_uni,2,6.489238262176514,-7.0494160652160645,1
OREBA-DIS_1012_1_grm_std_uni,2,7.0746002197265625,-8.024995803833008,1
OREBA-DIS_1012_1_grm_std_uni,2,7.652223587036133,-9.015664100646973,1
OREBA-DIS_1012_1_grm_std_uni,1,7.832068920135498,-9.629300117492676,1
OREBA-DIS_1012_1_grm_std_uni,1,7.936374187469482,-9.483569145202637,1
OREBA-DIS_1012_1_grm_std_uni,1,8.941901206970215,-9.454418182373047,1
OREBA-DIS_1012_1_grm_std_uni,1,9.523999214172363,-9.425909042358398,1
OREBA-DIS_1012_1_grm_std_uni,1,9.734703063964844,-9.436680793762207,1
OREBA-DIS_1012_1_grm_std_uni,1,9.616774559020996,-9.409536361694336,1
OREBA-DIS_1012_1_grm_std_uni,1,9.443022727966309,-8.999414443969727,1
OREBA-DIS_1012_1_grm_std_uni,1,9.350013732910156,-8.912744522094727,1
OREBA-DIS_1012_1_grm_std_uni,1,9.310221672058105,-9.21821403503418,1
OREBA-DIS_1012_1_grm_std_uni,1,9.020345687866211,-9.1345853805542,1
OREBA-DIS_1012_1_grm_std_uni,1,8.870332717895508,-8.963532447814941,1
OREBA-DIS_1012_1_grm_std_uni,1,8.610700607299805,-8.405158042907715,1
OREBA-DIS_1012_1_grm_std_uni,1,8.089545249938965,-7.152050018310547,1
OREBA-DIS_1012_1_grm_std_uni,1,7.701602935791016,-6.047154426574707,1
OREBA-DIS_1012_1_grm_std_uni,1,7.422116756439209,-5.8581743240356445,1
OREBA-DIS_1012_1_grm_std_uni,1,7.070652008056641,-5.644294738769531,1
OREBA-DIS_1012_1_grm_std_uni,1,7.470881938934326,-5.808738708496094,1
OREBA-DIS_1012_1_grm_std_uni,1,8.031068801879883,-5.830935955047607,1
OREBA-DIS_1012_1_grm_std_uni,1,7.696290493011475,-5.3728837966918945,1
OREBA-DIS_1012_1_grm_std_uni,1,7.5739426612854,-6.244398593902588,1
OREBA-DIS_1012_1_grm_std_uni,1,7.160558223724365,-6.6142964363098145,1
OREBA-DIS_1012_1_grm_std_uni,1,6.773836612701416,-6.2484612464904785,1
OREBA-DIS_1012_1_grm_std_uni,1,6.442672252655029,-5.66889762878418,1
OREBA-DIS_1012_1_grm_std_uni,1,6.926994800567627,-5.4874467849731445,1
OREBA-DIS_1012_1_grm_std_uni,1,7.168083190917969,-5.678267955780029,1
OREBA-DIS_1012_1_grm_std_uni,1,6.920773506164551,-5.6367082595825195,1
OREBA-DIS_1012_1_grm_std_uni,1,6.675703525543213,-5.590276718139648,1
OREBA-DIS_1012_1_grm_std_uni,1,6.960299015045166,-5.730093002319336,1
OREBA-DIS_1012_1_grm_std_uni,1,7.096697807312012,-5.751128196716309,1
OREBA-DIS_1012_1_grm_std_uni,1,7.12838888168335,-5.7900166511535645,1
OREBA-DIS_1012_1_grm_std_uni,1,6.913968563079834,-5.70852518081665,1
OREBA-DIS_1012_1_grm_std_uni,1,6.68126916885376,-5.935009479522705,1
OREBA-DIS_1012_1_grm_std_uni,1,6.87157678604126,-6.234871864318848,1
OREBA-DIS_1012_1_grm_std_uni,1,6.272921562194824,-5.904526710510254,1
OREBA-DIS_1012_1_grm_std_uni,1,5.67610502243042,-5.420975208282471,1
OREBA-DIS_1012_1_grm_std_uni,1,6.133306503295898,-5.645552635192871,1
OREBA-DIS_1012_1_grm_std_uni,1,6.674034595489502,-5.798484802246094,1
OREBA-DIS_1012_1_grm_std_uni,1,6.703096389770508,-5.873711109161377,1
OREBA-DIS_1012_1_grm_std_uni,1,6.651187896728516,-5.896905899047852,1
OREBA-DIS_1012_1_grm_std_uni,1,6.497917652130127,-5.1937761306762695,1
OREBA-DIS_1012_1_grm_std_uni,1,6.61921501159668,-4.346651077270508,1
OREBA-DIS_1012_1_grm_std_uni,1,6.897464752197266,-4.562962055206299,1
OREBA-DIS_1012_1_grm_std_uni,1,6.798666000366211,-4.291167259216309,1
OREBA-DIS_1012_1_grm_std_uni,1,6.577809810638428,-4.1861748695373535,1
OREBA-DIS_1012_1_grm_std_uni,1,7.021260738372803,-4.390939712524414,1
OREBA-DIS_1012_1_grm_std_uni,1,6.99480676651001,-5.2257771492004395,1
OREBA-DIS_1012_1_grm_std_uni,1,6.558151721954346,-5.924424171447754,1
OREBA-DIS_1012_1_grm_std_uni,1,6.359738349914551,-6.116261959075928,1
OREBA-DIS_1012_1_grm_std_uni,1,7.21367883682251,-7.080987930297852,1
OREBA-DIS_1012_1_grm_std_uni,1,7.7737321853637695,-7.08055305480957,1
OREBA-DIS_1012_1_grm_std_uni,1,7.6887335777282715,-6.748128890991211,1
OREBA-DIS_1012_1_grm_std_uni,1,7.397820949554443,-6.2920122146606445,1
OREBA-DIS_1012_1_grm_std_uni,1,6.865449905395508,-6.112860202789307,1
OREBA-DIS_1012_1_grm_std_uni,1,5.890419960021973,-5.378843307495117,1
OREBA-DIS_1012_1_grm_std_uni,1,5.442607402801514,-4.6112494468688965,1
OREBA-DIS_1012_1_grm_std_uni,1,4.783852577209473,-4.080224514007568,1
OREBA-DIS_1012_1_grm_std_uni,1,4.190884113311768,-3.5391194820404053,1
OREBA-DIS_1012_1_grm_std_uni,1,4.550009727478027,-3.6846213340759277,1
OREBA-DIS_1012_1_grm_std_uni,1,5.711108684539795,-4.4618611335754395,1
OREBA-DIS_1012_1_grm_std_uni,1,5.690524578094482,-4.147251129150391,1
OREBA-DIS_1012_1_grm_std_uni,1,5.260758399963379,-3.5377120971679688,1
OREBA-DIS_1012_1_grm_std_uni,1,5.474820613861084,-3.5164051055908203,1
OREBA-DIS_1012_1_grm_std_uni,1,5.665775775909424,-3.151419162750244,1
OREBA-DIS_1012_1_grm_std_uni,1,5.843261241912842,-3.7909066677093506,1
OREBA-DIS_1012_1_grm_std_uni,1,5.580697536468506,-3.7408287525177,1
OREBA-DIS_1012_1_grm_std_uni,1,5.609570503234863,-3.8086211681365967,1
OREBA-DIS_1012_1_grm_std_uni,1,5.9469709396362305,-4.169553756713867,1
OREBA-DIS_1012_1_grm_std_uni,1,7.008293628692627,-4.753761291503906,1
OREBA-DIS_1012_1_grm_std_uni,1,7.214193820953369,-4.872019290924072,1
OREBA-DIS_1012_1_grm_std_uni,1,7.072498321533203,-4.718841552734375,1
OREBA-DIS_1012_1_grm_std_uni,1,7.0308966636657715,-4.811923503875732,1
OREBA-DIS_1012_1_grm_std_uni,1,6.933011054992676,-4.757213592529297,1
OREBA-DIS_1012_1_grm_std_uni,1,6.624973773956299,-4.7346391677856445,1
OREBA-DIS_1012_1_grm_std_uni,1,6.419995307922363,-4.238450050354004,1
OREBA-DIS_1012_1_grm_std_uni,1,5.928257465362549,-3.9145774841308594,1
OREBA-DIS_1012_1_grm_std_uni,1,6.221194744110107,-4.173261642456055,1
OREBA-DIS_1012_1_grm_std_uni,1,6.342535972595215,-4.399708271026611,1
OREBA-DIS_1012_1_grm_std_uni,1,6.12914514541626,-4.382112503051758,1
OREBA-DIS_1012_1_grm_std_uni,1,5.940203666687012,-4.411646842956543,1
OREBA-DIS_1012_1_grm_std_uni,1,5.924625396728516,-4.553949356079102,1
OREBA-DIS_1012_1_grm_std_uni,1,6.446396827697754,-4.559292793273926,1
OREBA-DIS_1012_1_grm_std_uni,1,6.623640060424805,-4.191098213195801,1
OREBA-DIS_1012_1_grm_std_uni,1,5.7090163230896,-2.942784547805786,1
OREBA-DIS_1012_1_grm_std_uni,1,4.974352836608887,-3.076633930206299,1
OREBA-DIS_1012_1_grm_std_uni,1,5.105581283569336,-3.481043577194214,1
OREBA-DIS_1012_1_grm_std_uni,1,5.725339412689209,-4.045566558837891,1
OREBA-DIS_1012_1_grm_std_uni,1,5.868541240692139,-4.580441951751709,1
OREBA-DIS_1012_1_grm_std_uni,1,6.563551902770996,-5.231710433959961,1
OREBA-DIS_1012_1_grm_std_uni,1,6.909712791442871,-5.742244243621826,1
OREBA-DIS_1012_1_grm_std_uni,1,5.821220874786377,-5.436934947967529,1
OREBA-DIS_1012_1_grm_std_uni,1,3.502744674682617,-3.4456684589385986,1
OREBA-DIS_1012_1_grm_std_uni,1,2.0194504261016846,-1.7241194248199463,1
OREBA-DIS_1012_1_grm_std_uni,1,1.6595722436904907,-0.9611665606498718,1
OREBA-DIS_1012_1_grm_std_uni,1,3.288442373275757,-1.6359506845474243,1
OREBA-DIS_1012_1_grm_std_uni,1,5.247810363769531,-3.1310598850250244,1
OREBA-DIS_1012_1_grm_std_uni,1,6.648651599884033,-3.7347350120544434,1
OREBA-DIS_1012_1_grm_std_uni,1,7.567983627319336,-3.815185070037842,1
OREBA-DIS_1012_1_grm_std_uni,1,7.782919883728027,-3.850144147872925,1
OREBA-DIS_1012_1_grm_std_uni,1,7.1000823974609375,-3.517585277557373,1
OREBA-DIS_1012_1_grm_std_uni,1,6.463894844055176,-3.5513217449188232,1
OREBA-DIS_1012_1_grm_std_uni,1,6.307272434234619,-4.39667272567749,1
OREBA-DIS_1012_1_grm_std_uni,1,5.527301788330078,-4.7171831130981445,1
OREBA-DIS_1012_1_grm_std_uni,2,6.429868221282959,-5.390768527984619,1
OREBA-DIS_1012_1_grm_std_uni,2,6.610060691833496,-5.361356735229492,1
OREBA-DIS_1012_1_grm_std_uni,2,6.730865001678467,-5.789677143096924,1
OREBA-DIS_1012_1_grm_std_uni,2,7.060420036315918,-6.578669548034668,1
OREBA-DIS_1012_1_grm_std_uni,2,4.186836242675781,-4.61122465133667,1
OREBA-DIS_1012_1_grm_std_uni,2,-0.5046671032905579,0.6626564264297485,2
OREBA-DIS_1012_1_grm_std_uni,2,-0.5216111540794373,0.6684918403625488,1
OREBA-DIS_1012_1_grm_std_uni,2,4.997016906738281,-6.234384536743164,1
OREBA-DIS_1012_1_grm_std_uni,2,7.392162799835205,-7.880373001098633,1
OREBA-DIS_1012_1_grm_std_uni,2,8.12562370300293,-7.966383934020996,1
OREBA-DIS_1012_1_grm_std_uni,2,8.66037368774414,-8.011604309082031,1
OREBA-DIS_1012_1_grm_std_uni,1,9.247958183288574,-8.744039535522461,1
OREBA-DIS_1012_1_grm_std_uni,1,9.326911926269531,-9.149626731872559,1
OREBA-DIS_1012_1_grm_std_uni,1,8.593249320983887,-9.051763534545898,1
OREBA-DIS_1012_1_grm_std_uni,1,8.695475578308105,-9.201828956604004,1
OREBA-DIS_1012_1_grm_std_uni,1,8.215577125549316,-9.283367156982422,1
OREBA-DIS_1012_1_grm_std_uni,1,7.958540439605713,-9.562429428100586,1
OREBA-DIS_1012_1_grm_std_uni,1,8.119782447814941,-9.763726234436035,1
OREBA-DIS_1012_1_grm_std_uni,1,8.094724655151367,-9.707389831542969,1
OREBA-DIS_1012_1_grm_std_uni,1,8.015874862670898,-9.502470970153809,1
OREBA-DIS_1012_1_grm_std_uni,1,8.381170272827148,-9.766114234924316,1
OREBA-DIS_1012_1_grm_std_uni,1,8.516748428344727,-9.650846481323242,1
OREBA-DIS_1012_1_grm_std_uni,1,8.648314476013184,-9.699443817138672,1
OREBA-DIS_1012_1_grm_std_uni,1,8.544533729553223,-9.634038925170898,1
OREBA-DIS_1012_1_grm_std_uni,1,7.984164714813232,-9.192837715148926,1
OREBA-DIS_1012_1_grm_std_uni,1,7.8233537673950195,-9.037798881530762,1
OREBA-DIS_1012_1_grm_std_uni,1,7.595719337463379,-9.255380630493164,1
OREBA-DIS_1012_1_grm_std_uni,1,7.393888473510742,-9.364575386047363,1
OREBA-DIS_1012_1_grm_std_uni,1,7.122438430786133,-8.989899635314941,1
OREBA-DIS_1012_1_grm_std_uni,1,6.806607246398926,-8.62877082824707,1
OREBA-DIS_1012_1_grm_std_uni,1,6.695810317993164,-8.277154922485352,1
OREBA-DIS_1012_1_grm_std_uni,1,6.310811519622803,-7.7468719482421875,1
OREBA-DIS_1012_1_grm_std_uni,1,6.099452972412109,-7.460278511047363,1
OREBA-DIS_1012_1_grm_std_uni,1,6.219356060028076,-7.622381687164307,1
OREBA-DIS_1012_1_grm_std_uni,1,6.5389084815979,-7.876443386077881,1
OREBA-DIS_1012_1_grm_std_uni,1,6.642874717712402,-8.095672607421875,1
OREBA-DIS_1012_1_grm_std_uni,1,6.494338035583496,-8.363208770751953,1
OREBA-DIS_1012_1_grm_std_uni,1,6.211878299713135,-8.259485244750977,1
OREBA-DIS_1012_1_grm_std_uni,1,5.916313648223877,-7.888894557952881,1
OREBA-DIS_1012_1_grm_std_uni,1,5.8797149658203125,-7.572535991668701,1
OREBA-DIS_1012_1_grm_std_uni,1,5.907789707183838,-7.401981353759766,1
OREBA-DIS_1012_1_grm_std_uni,1,5.815618515014648,-7.194483757019043,1
OREBA-DIS_1012_1_grm_std_uni,1,5.706993103027344,-6.917764663696289,1
OREBA-DIS_1012_1_grm_std_uni,1,5.660943508148193,-6.784066677093506,1
OREBA-DIS_1012_1_grm_std_uni,1,5.643906593322754,-6.823341369628906,1
OREBA-DIS_1012_1_grm_std_uni,1,5.596203327178955,-6.785333156585693,1
OREBA-DIS_1012_1_grm_std_uni,1,5.544479846954346,-6.690439224243164,1
OREBA-DIS_1012_1_grm_std_uni,1,5.484013080596924,-6.738169193267822,1
OREBA-DIS_1012_1_grm_std_uni,1,5.44197416305542,-6.883160591125488,1
OREBA-DIS_1012_1_grm_std_uni,1,5.3459792137146,-7.05681848526001,1
OREBA-DIS_1012_1_grm_std_uni,1,5.122820854187012,-6.974214553833008,1
OREBA-DIS_1012_1_grm_std_uni,1,4.762605667114258,-6.519937038421631,1
OREBA-DIS_1012_1_grm_std_uni,1,4.71811056137085,-6.288116455078125,1
OREBA-DIS_1012_1_grm_std_uni,1,4.845001697540283,-6.399740695953369,1
OREBA-DIS_1012_1_grm_std_uni,1,5.1026291847229,-6.58660888671875,1
OREBA-DIS_1012_1_grm_std_uni,1,4.9745073318481445,-6.684328079223633,1
OREBA-DIS_1012_1_grm_std_uni,1,4.7881245613098145,-6.516044616699219,1
OREBA-DIS_1012_1_grm_std_uni,1,4.916893005371094,-6.611718654632568,1
OREBA-DIS_1012_1_grm_std_uni,1,5.2240095138549805,-6.946114540100098,1
OREBA-DIS_1012_1_grm_std_uni,1,5.507697105407715,-7.385355472564697,1
OREBA-DIS_1012_1_grm_std_uni,1,5.233453750610352,-7.3705525398254395,1
OREBA-DIS_1012_1_grm_std_uni,1,4.893160343170166,-7.084493160247803,1
OREBA-DIS_1012_1_grm_std_uni,1,4.718540668487549,-6.566671371459961,1
OREBA-DIS_1012_1_grm_std_uni,1,4.2857232093811035,-6.048630714416504,1
OREBA-DIS_1012_1_grm_std_uni,1,4.217237949371338,-5.896853923797607,1
OREBA-DIS_1012_1_grm_std_uni,1,4.739267826080322,-6.374594688415527,1
OREBA-DIS_1012_1_grm_std_uni,1,4.842286109924316,-6.642662525177002,1
OREBA-DIS_1012_1_grm_std_uni,1,4.680923938751221,-6.542313575744629,1
OREBA-DIS_1012_1_grm_std_uni,1,4.540988445281982,-6.297435760498047,1
OREBA-DIS_1012_1_grm_std_uni,1,3.289729595184326,-5.191513538360596,1
OREBA-DIS_1012_1_grm_std_uni,1,3.5713798999786377,-4.8857340812683105,1
OREBA-DIS_1012_1_grm_std_uni,1,3.7576651573181152,-5.059291839599609,1
OREBA-DIS_1012_1_grm_std_uni,1,4.344602108001709,-5.941864490509033,1
OREBA-DIS_1012_1_grm_std_uni,1,4.384050369262695,-6.179255962371826,1
OREBA-DIS_1012_1_grm_std_uni,1,4.178436279296875,-6.2749786376953125,1
OREBA-DIS_1012_1_grm_std_uni,1,3.778491735458374,-5.830975532531738,1
OREBA-DIS_1012_1_grm_std_uni,1,3.50522780418396,-5.835848808288574,1
OREBA-DIS_1012_1_grm_std_uni,1,3.2010319232940674,-5.439295291900635,1
OREBA-DIS_1012_1_grm_std_uni,1,3.1792941093444824,-4.848630428314209,1
OREBA-DIS_1012_1_grm_std_uni,1,3.273242950439453,-4.367724895477295,1
OREBA-DIS_1012_1_grm_std_uni,1,3.7227470874786377,-4.772551536560059,1
OREBA-DIS_1012_1_grm_std_uni,1,2.92651104927063,-4.288172245025635,1
OREBA-DIS_1012_1_grm_std_uni,1,3.7332026958465576,-3.216759204864502,1
OREBA-DIS_1012_1_grm_std_uni,1,4.910703659057617,-3.390052318572998,1
OREBA-DIS_1012_1_grm_std_uni,1,5.4235100746154785,-4.762679100036621,1
OREBA-DIS_1012_1_grm_std_uni,1,6.285101413726807,-5.425654411315918,1
OREBA-DIS_1012_1_grm_std_uni,1,7.395995616912842,-5.720717430114746,1
OREBA-DIS_1012_1_grm_std_uni,1,7.703047752380371,-5.156419277191162,1
OREBA-DIS_1012_1_grm_std_uni,1,7.359740734100342,-4.792267799377441,1
OREBA-DIS_1012_1_grm_std_uni,1,7.699056625366211,-5.751962184906006,1
OREBA-DIS_1012_1_grm_std_uni,1,8.386443138122559,-7.034747123718262,1
OREBA-DIS_1012_1_grm_std_uni,1,8.522189140319824,-7.151970386505127,1
OREBA-DIS_1012_1_grm_std_uni,1,7.691990852355957,-6.302809238433838,1
OREBA-DIS_1012_1_grm_std_uni,1,6.400569915771484,-5.185784339904785,1
OREBA-DIS_1012_1_grm_std_uni,1,5.45655632019043,-5.061258316040039,1
OREBA-DIS_1012_1_grm_std_uni,1,5.907732009887695,-5.1069865226745605,1
OREBA-DIS_1012_1_grm_std_uni,1,6.180929183959961,-4.979233264923096,1
OREBA-DIS_1012_1_grm_std_uni,1,6.39467191696167,-4.863644123077393,1
OREBA-DIS_1012_1_grm_std_uni,1,6.335740089416504,-4.435885906219482,1
OREBA-DIS_1012_1_grm_std_uni,1,5.930948257446289,-4.352482795715332,1
OREBA-DIS_1012_1_grm_std_uni,1,6.612473487854004,-4.97491979598999,1
OREBA-DIS_1012_1_grm_std_uni,1,6.733094692230225,-4.646158695220947,1
OREBA-DIS_1012_1_grm_std_uni,1,6.670320510864258,-4.38114595413208,1
OREBA-DIS_1012_1_grm_std_uni,1,6.296780586242676,-4.085493564605713,1
OREBA-DIS_1012_1_grm_std_uni,1,6.350476264953613,-4.796010494232178,1
OREBA-DIS_1012_1_grm_std_uni,1,6.690065383911133,-4.67641544342041,1
OREBA-DIS_1012_1_grm_std_uni,1,5.9561448097229,-4.698322772979736,1
OREBA-DIS_1012_1_grm_std_uni,1,6.346306324005127,-5.098021507263184,1
OREBA-DIS_1012_1_grm_std_uni,1,6.528107166290283,-4.842700481414795,1
OREBA-DIS_1012_1_grm_std_uni,1,6.264571189880371,-4.8013997077941895,1
OREBA-DIS_1012_1_grm_std_uni,1,6.454207897186279,-5.716072082519531,1
OREBA-DIS_1012_1_grm_std_uni,1,5.869911193847656,-5.365550994873047,1
OREBA-DIS_1012_1_grm_std_uni,1,6.55491304397583,-4.168644905090332,1
OREBA-DIS_1012_1_grm_std_uni,1,7.414859294891357,-3.9158596992492676,1
OREBA-DIS_1012_1_grm_std_uni,1,7.1508283615112305,-3.7768971920013428,1
OREBA-DIS_1012_1_grm_std_uni,1,7.4417924880981445,-4.749786376953125,1
OREBA-DIS_1012_1_grm_std_uni,1,7.271519184112549,-4.921518325805664,1
OREBA-DIS_1012_1_grm_std_uni,1,6.7644853591918945,-5.130621910095215,1
OREBA-DIS_1012_1_grm_std_uni,1,6.597347259521484,-5.084697246551514,1
OREBA-DIS_1012_1_grm_std_uni,1,6.484434604644775,-4.683957576751709,1
OREBA-DIS_1012_1_grm_std_uni,1,6.893779277801514,-4.599817276000977,1
OREBA-DIS_1012_1_grm_std_uni,1,6.9697113037109375,-4.194512844085693,1
OREBA-DIS_1012_1_grm_std_uni,1,7.141541481018066,-4.527789115905762,1
OREBA-DIS_1012_1_grm_std_uni,1,7.5957841873168945,-4.825342655181885,1
OREBA-DIS_1012_1_grm_std_uni,1,7.433395862579346,-4.461154460906982,1
OREBA-DIS_1012_1_grm_std_uni,1,6.910116195678711,-3.9862849712371826,1
OREBA-DIS_1012_1_grm_std_uni,1,6.709402084350586,-4.619616508483887,1
OREBA-DIS_1012_1_grm_std_uni,1,6.475907802581787,-4.875039100646973,1
OREBA-DIS_1012_1_grm_std_uni,2,5.687552452087402,-4.571006774902344,1
OREBA-DIS_1012_1_grm_std_uni,2,5.085294246673584,-4.355866432189941,1
OREBA-DIS_1012_1_grm_std_uni,2,5.941667556762695,-4.95728874206543,1
OREBA-DIS_1012_1_grm_std_uni,2,6.4852375984191895,-5.003111362457275,1
OREBA-DIS_1012_1_grm_std_uni,2,6.527129650115967,-5.143278121948242,1
OREBA-DIS_1012_1_grm_std_uni,2,6.924394607543945,-5.73900032043457,1
OREBA-DIS_1012_1_grm_std_uni,2,7.175730228424072,-6.327375888824463,1
OREBA-DIS_1012_1_grm_std_uni,2,3.278498888015747,-3.3430392742156982,1
OREBA-DIS_1012_1_grm_std_uni,2,-0.6380670070648193,0.6340668201446533,2
OREBA-DIS_1012_1_grm_std_uni,2,1.3071448802947998,-0.7928069829940796,1
OREBA-DIS_1012_1_grm_std_uni,2,4.973719596862793,-4.896200180053711,1
OREBA-DIS_1012_1_grm_std_uni,2,6.382218360900879,-6.403509140014648,1
OREBA-DIS_1012_1_grm_std_uni,2,7.121199607849121,-7.237100124359131,1
OREBA-DIS_1012_1_grm_std_uni,2,7.85212516784668,-8.438737869262695,1
OREBA-DIS_1012_1_grm_std_uni,1,8.1611967086792,-9.166532516479492,1
OREBA-DIS_1012_1_grm_std_uni,1,8.901383399963379,-9.287073135375977,1
OREBA-DIS_1012_1_grm_std_uni,1,9.569991111755371,-9.585112571716309,1
OREBA-DIS_1012_1_grm_std_uni,1,9.20604133605957,-9.45557975769043,1
OREBA-DIS_1012_1_grm_std_uni,1,9.798320770263672,-9.92721176147461,1
OREBA-DIS_1012_1_grm_std_uni,1,9.350133895874023,-9.387340545654297,1
OREBA-DIS_1012_1_grm_std_uni,1,8.653044700622559,-8.795434951782227,1
OREBA-DIS_1012_1_grm_std_uni,1,7.927274703979492,-8.338519096374512,1
OREBA-DIS_1012_1_grm_std_uni,1,7.76057767868042,-7.936400890350342,1
OREBA-DIS_1012_1_grm_std_uni,1,7.848199844360352,-7.812979221343994,1
OREBA-DIS_1012_1_grm_std_uni,1,8.222786903381348,-8.079225540161133,1
OREBA-DIS_1012_1_grm_std_uni,1,7.788609504699707,-7.9070539474487305,1
OREBA-DIS_1012_1_grm_std_uni,1,7.25508451461792,-7.372945308685303,1
OREBA-DIS_1012_1_grm_std_uni,1,6.803160667419434,-6.581840515136719,1
OREBA-DIS_1012_1_grm_std_uni,1,6.662083625793457,-5.875035285949707,1
OREBA-DIS_1012_1_grm_std_uni,1,6.671736717224121,-6.100670337677002,1
OREBA-DIS_1012_1_grm_std_uni,1,7.067368984222412,-6.500789642333984,1
OREBA-DIS_1012_1_grm_std_uni,1,7.458597183227539,-7.480411529541016,1
OREBA-DIS_1012_1_grm_std_uni,1,7.461828231811523,-7.858760833740234,1
OREBA-DIS_1012_1_grm_std_uni,1,7.5750555992126465,-7.622509956359863,1
OREBA-DIS_1012_1_grm_std_uni,1,7.534449577331543,-7.193122386932373,1
OREBA-DIS_1012_1_grm_std_uni,1,7.11690616607666,-6.5760016441345215,1
OREBA-DIS_1012_1_grm_std_uni,1,7.122178077697754,-6.600646495819092,1
OREBA-DIS_1012_1_grm_std_uni,1,6.684818744659424,-6.316519260406494,1
OREBA-DIS_1012_1_grm_std_uni,1,6.291786193847656,-6.202408313751221,1
OREBA-DIS_1012_1_grm_std_uni,1,6.358224391937256,-6.337113380432129,1
OREBA-DIS_1012_1_grm_std_uni,1,6.220873832702637,-6.620922088623047,1
OREBA-DIS_1012_1_grm_std_uni,1,6.317151069641113,-6.865751266479492,1
OREBA-DIS_1012_1_grm_std_uni,1,6.498347282409668,-6.726395130157471,1
OREBA-DIS_1012_1_grm_std_uni,1,5.584100246429443,-5.962014198303223,1
OREBA-DIS_1012_1_grm_std_uni,1,4.744329452514648,-6.488924026489258,1
OREBA-DIS_1012_1_grm_std_uni,2,4.672114372253418,-6.1613593101501465,1
OREBA-DIS_1012_1_grm_std_uni,2,4.259771347045898,-5.5255818367004395,1
OREBA-DIS_1012_1_grm_std_uni,2,5.110774517059326,-5.983026027679443,1
OREBA-DIS_1012_1_grm_std_uni,2,4.936489582061768,-5.783144950866699,1
OREBA-DIS_1012_1_grm_std_uni,2,5.445570945739746,-6.3253912925720215,1
OREBA-DIS_1012_1_grm_std_uni,2,6.277807712554932,-6.763836860656738,1
OREBA-DIS_1012_1_grm_std_uni,2,6.257907390594482,-7.075931549072266,1
OREBA-DIS_1012_1_grm_std_uni,2,0.5377819538116455,-2.3176772594451904,1
OREBA-DIS_1012_1_grm_std_uni,2,-2.032628059387207,1.3293166160583496,2
OREBA-DIS_1012_1_grm_std_uni,2,1.3980071544647217,-1.041999340057373,1
OREBA-DIS_1012_1_grm_std_uni,2,4.266176223754883,-4.038461685180664,1
OREBA-DIS_1012_1_grm_std_uni,2,4.5907158851623535,-4.945888996124268,1
OREBA-DIS_1012_1_grm_std_uni,2,2.5294032096862793,-2.237086534500122,1
OREBA-DIS_1012_1_grm_std_uni,1,3.2504541873931885,-3.0373945236206055,1
OREBA-DIS_1012_1_grm_std_uni,1,5.31555700302124,-4.260679244995117,1
OREBA-DIS_1012_1_grm_std_uni,1,6.393957614898682,-5.093124866485596,1
OREBA-DIS_1012_1_grm_std_uni,1,7.096346378326416,-5.25338077545166,1
OREBA-DIS_1012_1_grm_std_uni,1,8.658143043518066,-6.049694061279297,1
OREBA-DIS_1012_1_grm_std_uni,1,8.635133743286133,-6.638865947723389,1
OREBA-DIS_1012_1_grm_std_uni,1,8.806819915771484,-6.897922039031982,1
OREBA-DIS_1012_1_grm_std_uni,1,8.036808013916016,-6.595699787139893,1
OREBA-DIS_1012_1_grm_std_uni,1,7.631010055541992,-5.801082134246826,1
OREBA-DIS_1012_1_grm_std_uni,1,6.942445278167725,-6.399678707122803,1
OREBA-DIS_1012_1_grm_std_uni,1,7.478333950042725,-7.075436115264893,1
OREBA-DIS_1012_1_grm_std_uni,1,7.5907721519470215,-7.586797714233398,1
OREBA-DIS_1012_1_grm_std_uni,1,7.365160942077637,-7.2876715660095215,1
OREBA-DIS_1012_1_grm_std_uni,1,7.114607810974121,-6.661653518676758,1
OREBA-DIS_1012_1_grm_std_uni,1,7.042118072509766,-6.544995307922363,1
OREBA-DIS_1012_1_grm_std_uni,1,7.38847017288208,-6.952087879180908,1
OREBA-DIS_1012_1_grm_std_uni,1,7.264711380004883,-6.848080158233643,1
OREBA-DIS_1012_1_grm_std_uni,1,7.304898738861084,-7.0424065589904785,1
OREBA-DIS_1012_1_grm_std_uni,1,6.766513824462891,-6.516536712646484,1
OREBA-DIS_1012_1_grm_std_uni,1,5.907251834869385,-5.265861511230469,1
OREBA-DIS_1012_1_grm_std_uni,1,6.487249374389648,-6.12941837310791,1
OREBA-DIS_1012_1_grm_std_uni,1,7.0186991691589355,-6.649885177612305,1
OREBA-DIS_1012_1_grm_std_uni,1,7.35055685043335,-6.7386298179626465,1
OREBA-DIS_1012_1_grm_std_uni,1,7.3147382736206055,-6.771820545196533,1
OREBA-DIS_1012_1_grm_std_uni,1,6.454727649688721,-6.47004508972168,1
OREBA-DIS_1012_1_grm_std_uni,1,6.217220306396484,-6.260027885437012,1
OREBA-DIS_1012_1_grm_std_uni,1,5.412698745727539,-5.285286903381348,1
OREBA-DIS_1012_1_grm_std_uni,1,5.443846702575684,-5.448296546936035,1
OREBA-DIS_1012_1_grm_std_uni,1,4.574419021606445,-4.418196678161621,1
OREBA-DIS_1012_1_grm_std_uni,1,3.8722565174102783,-3.1529502868652344,1
OREBA-DIS_1012_1_grm_std_uni,1,3.840250253677368,-2.4771552085876465,1
OREBA-DIS_1012_1_grm_std_uni,1,5.3142499923706055,-2.2338130474090576,1
OREBA-DIS_1012_1_grm_std_uni,1,6.181468963623047,-3.060077428817749,1
OREBA-DIS_1012_1_grm_std_uni,1,7.292137622833252,-4.201492786407471,1
OREBA-DIS_1012_1_grm_std_uni,1,7.6207170486450195,-5.078105449676514,1
OREBA-DIS_1012_1_grm_std_uni,1,7.829970836639404,-5.848480701446533,1
OREBA-DIS_1012_1_grm_std_uni,1,8.209235191345215,-6.417572021484375,1
OREBA-DIS_1012_1_grm_std_uni,1,7.496343612670898,-6.1685638427734375,1
OREBA-DIS_1012_1_grm_std_uni,1,6.0962233543396,-5.425990581512451,1
OREBA-DIS_1012_1_grm_std_uni,1,5.785013675689697,-5.382142066955566,1
OREBA-DIS_1012_1_grm_std_uni,1,5.808468341827393,-5.527474880218506,1
OREBA-DIS_1012_1_grm_std_uni,1,5.56023645401001,-5.511301040649414,1
OREBA-DIS_1012_1_grm_std_uni,1,5.518244743347168,-5.557208061218262,1
OREBA-DIS_1012_1_grm_std_uni,1,5.566108703613281,-5.539690017700195,1
OREBA-DIS_1012_1_grm_std_uni,1,5.44334602355957,-5.346893310546875,1
OREBA-DIS_1012_1_grm_std_uni,1,5.495362758636475,-5.130581855773926,1
OREBA-DIS_1012_1_grm_std_uni,1,5.541764259338379,-4.753096580505371,1
OREBA-DIS_1012_1_grm_std_uni,1,5.320342540740967,-4.423198699951172,1
OREBA-DIS_1012_1_grm_std_uni,1,5.640674591064453,-4.74024772644043,1
OREBA-DIS_1012_1_grm_std_uni,1,4.817351818084717,-4.7624616622924805,1
OREBA-DIS_1012_1_grm_std_uni,1,2.7855947017669678,-3.1197028160095215,1
OREBA-DIS_1012_1_grm_std_uni,1,3.312272548675537,-1.8713901042938232,1
OREBA-DIS_1012_1_grm_std_uni,1,4.651976585388184,-2.774606704711914,1
OREBA-DIS_1012_1_grm_std_uni,1,5.368396759033203,-3.924166679382324,1
OREBA-DIS_1012_1_grm_std_uni,1,6.661839008331299,-4.6398162841796875,1
OREBA-DIS_1012_1_grm_std_uni,1,7.153262138366699,-4.89711332321167,1
OREBA-DIS_1012_1_grm_std_uni,1,7.682334899902344,-4.245818614959717,1
OREBA-DIS_1012_1_grm_std_uni,1,7.827123641967773,-3.6560487747192383,1
OREBA-DIS_1012_1_grm_std_uni,1,8.026884078979492,-4.1741108894348145,1
OREBA-DIS_1012_1_grm_std_uni,1,7.597564697265625,-4.63574743270874,1
OREBA-DIS_1012_1_grm_std_uni,1,7.995132923126221,-5.752445220947266,1
OREBA-DIS_1012_1_grm_std_uni,1,7.946663856506348,-5.82763147354126,1
OREBA-DIS_1012_1_grm_std_uni,1,7.541001319885254,-5.272164344787598,1
OREBA-DIS_1012_1_grm_std_uni,1,7.313216686248779,-5.476134300231934,1
OREBA-DIS_1012_1_grm_std_uni,1,7.000296115875244,-5.464016437530518,1
OREBA-DIS_1012_1_grm_std_uni,1,6.811933517456055,-5.364771366119385,1
OREBA-DIS_1012_1_grm_std_uni,1,6.436398983001709,-4.662373065948486,1
OREBA-DIS_1012_1_grm_std_uni,1,6.536430358886719,-4.516805648803711,1
OREBA-DIS_1012_1_grm_std_uni,1,6.888215065002441,-4.4632182121276855,1
OREBA-DIS_1012_1_grm_std_uni,1,7.344656467437744,-4.901588439941406,1
OREBA-DIS_1012_1_grm_std_uni,1,7.791549205780029,-5.264524459838867,1
OREBA-DIS_1012_1_grm_std_uni,1,7.923872947692871,-5.389519214630127,1
OREBA-DIS_1012_1_grm_std_uni,1,7.880471229553223,-5.233588695526123,1
OREBA-DIS_1012_1_grm_std_uni,1,7.529417991638184,-5.083251953125,1
OREBA-DIS_1012_1_grm_std_uni,1,7.40284538269043,-4.736289978027344,1
OREBA-DIS_1012_1_grm_std_uni,1,7.507115364074707,-4.618442535400391,1
OREBA-DIS_1012_1_grm_std_uni,1,7.427320957183838,-4.287148952484131,1
OREBA-DIS_1012_1_grm_std_uni,1,7.28451681137085,-4.781569004058838,1
OREBA-DIS_1012_1_grm_std_uni,1,7.789700508117676,-5.214519500732422,1
OREBA-DIS_1012_1_grm_std_uni,1,8.12950611114502,-5.522632598876953,1
OREBA-DIS_1012_1_grm_std_uni,1,7.758944034576416,-5.588809490203857,1
OREBA-DIS_1012_1_grm_std_uni,1,7.462001323699951,-5.562630653381348,1
OREBA-DIS_1012_1_grm_std_uni,1,7.534690856933594,-5.959732532501221,1
OREBA-DIS_1012_1_grm_std_uni,1,6.497226238250732,-5.405533313751221,1
OREBA-DIS_1012_1_grm_std_uni,1,6.214303493499756,-5.71812629699707,1
OREBA-DIS_1012_1_grm_std_uni,1,6.272237777709961,-5.54990291595459,1
OREBA-DIS_1012_1_grm_std_uni,1,6.443261623382568,-5.047194957733154,1
OREBA-DIS_1012_1_grm_std_uni,1,6.851412296295166,-5.384397029876709,1
OREBA-DIS_1012_1_grm_std_uni,1,7.484970569610596,-5.4559760093688965,1
OREBA-DIS_1012_1_grm_std_uni,1,7.269542217254639,-4.694581508636475,1
OREBA-DIS_1012_1_grm_std_uni,1,7.630460262298584,-4.038968086242676,1
OREBA-DIS_1012_1_grm_std_uni,1,8.006485939025879,-4.045845985412598,1
OREBA-DIS_1012_1_grm_std_uni,1,8.23089599609375,-4.695313930511475,1
OREBA-DIS_1012_1_grm_std_uni,1,8.118107795715332,-5.256521701812744,1
OREBA-DIS_1012_1_grm_std_uni,1,8.338461875915527,-5.231282711029053,1
OREBA-DIS_1012_1_grm_std_uni,1,7.928657531738281,-4.245882511138916,1
OREBA-DIS_1012_1_grm_std_uni,1,7.742582321166992,-3.8055429458618164,1
OREBA-DIS_1012_1_grm_std_uni,1,6.5232319831848145,-3.835521697998047,1
OREBA-DIS_1012_1_grm_std_uni,1,6.617182731628418,-4.5870232582092285,1
OREBA-DIS_1012_1_grm_std_uni,2,5.792998790740967,-4.318009376525879,1
OREBA-DIS_1012_1_grm_std_uni,2,5.393711090087891,-4.348406791687012,1
OREBA-DIS_1012_1_grm_std_uni,2,6.398172855377197,-5.20635986328125,1
OREBA-DIS_1012_1_grm_std_uni,2,6.2225494384765625,-4.522342205047607,1
OREBA-DIS_1012_1_grm_std_uni,2,6.671469688415527,-5.08756685256958,1
OREBA-DIS_1012_1_grm_std_uni,2,6.615187168121338,-5.259415149688721,1
OREBA-DIS_1012_1_grm_std_uni,2,6.369719505310059,-5.556933403015137,1
OREBA-DIS_1012_1_grm_std_uni,2,-0.12620306015014648,0.2779593765735626,2
OREBA-DIS_1012_1_grm_std_uni,2,-1.408817172050476,2.06120228767395,1
OREBA-DIS_1012_1_grm_std_uni,2,2.3987491130828857,-1.6737149953842163,1
OREBA-DIS_1012_1_grm_std_uni,2,5.662745475769043,-4.617254734039307,1
OREBA-DIS_1012_1_grm_std_uni,2,5.937618732452393,-5.41306734085083,1
OREBA-DIS_1012_1_grm_std_uni,2,6.2227935791015625,-5.2507548332214355,1
OREBA-DIS_1012_1_grm_std_uni,2,7.024361610412598,-5.134156227111816,1
OREBA-DIS_1012_1_grm_std_uni,2,8.28180980682373,-6.485376834869385,1
OREBA-DIS_1012_1_grm_std_uni,1,8.193853378295898,-6.640448093414307,1
OREBA-DIS_1012_1_grm_std_uni,1,6.202635288238525,-5.737572193145752,1
OREBA-DIS_1012_1_grm_std_uni,1,4.973419189453125,-5.4013824462890625,1
OREBA-DIS_1012_1_grm_std_uni,1,5.18056583404541,-5.814706802368164,1
OREBA-DIS_1012_1_grm_std_uni,1,5.322901248931885,-6.107143878936768,1
OREBA-DIS_1012_1_grm_std_uni,1,5.100448131561279,-6.15789794921875,1
OREBA-DIS_1012_1_grm_std_uni,1,4.604336261749268,-5.979800224304199,1
OREBA-DIS_1012_1_grm_std_uni,1,4.6569037437438965,-6.026160717010498,1
OREBA-DIS_1012_1_grm_std_uni,1,4.833317279815674,-6.374598026275635,1
OREBA-DIS_1012_1_grm_std_uni,1,5.117092609405518,-6.4376091957092285,1
OREBA-DIS_1012_1_grm_std_uni,1,5.312756061553955,-6.444796085357666,1
OREBA-DIS_1012_1_grm_std_uni,1,5.248531341552734,-6.459561347961426,1
OREBA-DIS_1012_1_grm_std_uni,1,5.112560272216797,-6.380494117736816,1
OREBA-DIS_1012_1_grm_std_uni,1,5.08156681060791,-6.3069047927856445,1
OREBA-DIS_1012_1_grm_std_uni,1,5.1678876876831055,-6.332984447479248,1
OREBA-DIS_1012_1_grm_std_uni,1,5.294875621795654,-6.383941173553467,1
OREBA-DIS_1012_1_grm_std_uni,1,5.386862754821777,-6.435439586639404,1
OREBA-DIS_1012_1_grm_std_uni,1,5.401428699493408,-6.449559688568115,1
OREBA-DIS_1012_1_grm_std_uni,1,5.2380690574646,-6.2840166091918945,1
OREBA-DIS_1012_1_grm_std_uni,1,4.99176549911499,-6.095026969909668,1
OREBA-DIS_1012_1_grm_std_uni,1,4.659148216247559,-5.752925872802734,1
OREBA-DIS_1012_1_grm_std_uni,1,4.354834079742432,-5.699358940124512,1
OREBA-DIS_1012_1_grm_std_uni,1,3.9500861167907715,-5.352521896362305,1
OREBA-DIS_1012_1_grm_std_uni,1,3.765357494354248,-5.0087056159973145,1
OREBA-DIS_1012_1_grm_std_uni,1,4.010214328765869,-5.3151469230651855,1
OREBA-DIS_1012_1_grm_std_uni,1,4.634216785430908,-6.15715217590332,1
OREBA-DIS_1012_1_grm_std_uni,1,5.314081192016602,-6.592758655548096,1
OREBA-DIS_1012_1_grm_std_uni,1,4.760080814361572,-6.167734146118164,1
OREBA-DIS_1012_1_grm_std_uni,1,4.968872547149658,-6.472287654876709,1
OREBA-DIS_1012_1_grm_std_uni,1,5.63951301574707,-6.888639450073242,1
OREBA-DIS_1012_1_grm_std_uni,1,5.698150157928467,-7.139733791351318,1
OREBA-DIS_1012_1_grm_std_uni,1,5.362090587615967,-6.884033203125,1
OREBA-DIS_1012_1_grm_std_uni,1,4.7086992263793945,-5.302957534790039,1
OREBA-DIS_1012_1_grm_std_uni,1,4.6358184814453125,-4.486283779144287,1
OREBA-DIS_1012_1_grm_std_uni,1,5.084941387176514,-4.919097900390625,1
OREBA-DIS_1012_1_grm_std_uni,1,6.193168640136719,-5.899674415588379,1
OREBA-DIS_1012_1_grm_std_uni,1,6.915861129760742,-6.717451572418213,1
OREBA-DIS_1012_1_grm_std_uni,1,6.6546406745910645,-6.892082214355469,1
OREBA-DIS_1012_1_grm_std_uni,1,6.833634376525879,-7.13739538192749,1
OREBA-DIS_1012_1_grm_std_uni,1,6.749968528747559,-6.690722942352295,1
OREBA-DIS_1012_1_grm_std_uni,1,5.758693695068359,-5.637461185455322,1
OREBA-DIS_1012_1_grm_std_uni,1,6.2550177574157715,-5.789582252502441,1
OREBA-DIS_1012_1_grm_std_uni,1,7.2342400550842285,-6.35301399230957,1
OREBA-DIS_1012_1_grm_std_uni,1,7.404573917388916,-6.620167255401611,1
OREBA-DIS_1012_1_grm_std_uni,1,6.974430561065674,-6.4144086837768555,1
OREBA-DIS_1012_1_grm_std_uni,1,5.746692180633545,-5.79754114151001,1
OREBA-DIS_1012_1_grm_std_uni,1,4.919462203979492,-4.845901012420654,1
OREBA-DIS_1012_1_grm_std_uni,1,5.304693698883057,-4.599623680114746,1
OREBA-DIS_1012_1_grm_std_uni,1,5.090868949890137,-4.4355549812316895,1
OREBA-DIS_1012_1_grm_std_uni,1,6.0256781578063965,-4.364777088165283,1
OREBA-DIS_1012_1_grm_std_uni,1,6.823827266693115,-4.584784030914307,1
OREBA-DIS_1012_1_grm_std_uni,1,6.517133712768555,-5.112539291381836,1
OREBA-DIS_1012_1_grm_std_uni,1,6.278710842132568,-5.677960395812988,1
OREBA-DIS_1012_1_grm_std_uni,1,5.9624152183532715,-5.82550573348999,1
OREBA-DIS_1012_1_grm_std_uni,1,5.520644187927246,-6.039983749389648,1
OREBA-DIS_1012_1_grm_std_uni,1,5.1984429359436035,-6.112799644470215,1
OREBA-DIS_1012_1_grm_std_uni,1,5.045773029327393,-5.895215034484863,1
OREBA-DIS_1012_1_grm_std_uni,1,4.597834587097168,-5.860977649688721,1
OREBA-DIS_1012_1_grm_std_uni,1,4.004273414611816,-5.0712456703186035,1
OREBA-DIS_1012_1_grm_std_uni,1,3.823615550994873,-4.927424430847168,1
OREBA-DIS_1012_1_grm_std_uni,2,3.080005645751953,-3.9801716804504395,1
OREBA-DIS_1012_1_grm_std_uni,2,2.5787806510925293,-3.085350275039673,1
OREBA-DIS_1012_1_grm_std_uni,2,3.774005651473999,-4.130480766296387,1
OREBA-DIS_1012_1_grm_std_uni,2,4.662588596343994,-4.564060688018799,1
OREBA-DIS_1012_1_grm_std_uni,2,5.241348743438721,-4.9585771560668945,1
OREBA-DIS_1012_1_grm_std_uni,2,5.713785648345947,-5.825818061828613,1
OREBA-DIS_1012_1_grm_std_uni,2,5.74504280090332,-6.24099063873291,1
OREBA-DIS_1012_1_grm_std_uni,2,0.5940895676612854,-1.9469560384750366,1
OREBA-DIS_1012_1_grm_std_uni,2,-2.685560464859009,2.7722723484039307,2
OREBA-DIS_1012_1_grm_std_uni,2,-1.038550853729248,0.6594765782356262,1
OREBA-DIS_1012_1_grm_std_uni,2,3.900944709777832,-3.7120985984802246,1
OREBA-DIS_1012_1_grm_std_uni,2,6.254841327667236,-6.1453142166137695,1
OREBA-DIS_1012_1_grm_std_uni,2,6.580463886260986,-6.34541130065918,1
OREBA-DIS_1012_1_grm_std_uni,2,7.224644184112549,-6.943871974945068,1
OREBA-DIS_1012_1_grm_std_uni,2,7.784979820251465,-7.765180587768555,1
OREBA-DIS_1012_1_grm_std_uni,2,7.091996192932129,-7.113509178161621,1
OREBA-DIS_1012_1_grm_std_uni,1,6.7027459144592285,-6.989531993865967,1
OREBA-DIS_1012_1_grm_std_uni,1,5.931272029876709,-7.1976494789123535,1
OREBA-DIS_1012_1_grm_std_uni,1,5.687405586242676,-7.894392013549805,1
OREBA-DIS_1012_1_grm_std_uni,1,5.589219570159912,-8.0899658203125,1
OREBA-DIS_1012_1_grm_std_uni,1,5.660736083984375,-8.25255012512207,1
OREBA-DIS_1012_1_grm_std_uni,1,5.6895270347595215,-8.320345878601074,1
OREBA-DIS_1012_1_grm_std_uni,1,5.418574333190918,-8.116363525390625,1
OREBA-DIS_1012_1_grm_std_uni,1,5.341626167297363,-8.143621444702148,1
OREBA-DIS_1012_1_grm_std_uni,1,5.446761608123779,-8.222954750061035,1
OREBA-DIS_1012_1_grm_std_uni,1,5.496024131774902,-8.0751371383667,1
OREBA-DIS_1012_1_grm_std_uni,1,5.540355205535889,-7.7984938621521,1
OREBA-DIS_1012_1_grm_std_uni,1,5.586364269256592,-7.424046039581299,1
OREBA-DIS_1012_1_grm_std_uni,1,5.571035385131836,-7.349039554595947,1
OREBA-DIS_1012_1_grm_std_uni,1,5.551033020019531,-7.4162774085998535,1
OREBA-DIS_1012_1_grm_std_uni,1,5.515939235687256,-7.496265888214111,1
OREBA-DIS_1012_1_grm_std_uni,1,5.453223705291748,-7.543576240539551,1
OREBA-DIS_1012_1_grm_std_uni,1,5.309957027435303,-7.535188674926758,1
OREBA-DIS_1012_1_grm_std_uni,1,5.168144226074219,-7.300502300262451,1
OREBA-DIS_1012_1_grm_std_uni,1,5.018463611602783,-7.274772644042969,1
OREBA-DIS_1012_1_grm_std_uni,1,4.834176063537598,-7.289575099945068,1
OREBA-DIS_1012_1_grm_std_uni,1,4.486789226531982,-6.932893753051758,1
OREBA-DIS_1012_1_grm_std_uni,1,4.554415702819824,-6.730611324310303,1
OREBA-DIS_1012_1_grm_std_uni,1,4.741483688354492,-6.792840480804443,1
OREBA-DIS_1012_1_grm_std_uni,1,4.996816158294678,-6.870452880859375,1
OREBA-DIS_1012_1_grm_std_uni,1,4.905777454376221,-6.756076335906982,1
OREBA-DIS_1012_1_grm_std_uni,1,4.458551406860352,-6.422907829284668,1
OREBA-DIS_1012_1_grm_std_uni,1,4.520925045013428,-6.474301338195801,1
OREBA-DIS_1012_1_grm_std_uni,1,4.655744552612305,-6.690789222717285,1
OREBA-DIS_1012_1_grm_std_uni,1,4.47523307800293,-6.444330215454102,1
OREBA-DIS_1012_1_grm_std_uni,1,4.159843444824219,-6.394750595092773,1
OREBA-DIS_1012_1_grm_std_uni,1,4.059844493865967,-6.2748517990112305,1
OREBA-DIS_1012_1_grm_std_uni,1,4.198147296905518,-6.475727558135986,1
OREBA-DIS_1012_1_grm_std_uni,1,4.588901042938232,-6.966524600982666,1
OREBA-DIS_1012_1_grm_std_uni,1,5.129448890686035,-7.558813095092773,1
OREBA-DIS_1012_1_grm_std_uni,1,5.0884175300598145,-7.647154331207275,1
OREBA-DIS_1012_1_grm_std_uni,1,4.708619594573975,-7.406425952911377,1
OREBA-DIS_1012_1_grm_std_uni,1,4.59060001373291,-7.278798580169678,1
OREBA-DIS_1012_1_grm_std_uni,1,4.053858280181885,-6.93777322769165,1
OREBA-DIS_1012_1_grm_std_uni,1,3.5323503017425537,-6.400923252105713,1
OREBA-DIS_1012_1_grm_std_uni,1,3.4093387126922607,-5.5266571044921875,1
OREBA-DIS_1012_1_grm_std_uni,1,3.9637465476989746,-5.701426029205322,1
OREBA-DIS_1012_1_grm_std_uni,1,4.415301322937012,-6.210112571716309,1
OREBA-DIS_1012_1_grm_std_uni,1,4.704052448272705,-6.299798488616943,1
OREBA-DIS_1012_1_grm_std_uni,1,5.040578365325928,-6.77423620223999,1
OREBA-DIS_1012_1_grm_std_uni,1,4.255909442901611,-6.263909816741943,1
OREBA-DIS_1012_1_grm_std_uni,1,3.070810079574585,-4.579052448272705,1
OREBA-DIS_1012_1_grm_std_uni,1,1.9689284563064575,-2.9229743480682373,1
OREBA-DIS_1012_1_grm_std_uni,1,1.7648810148239136,-2.97420334815979,1
OREBA-DIS_1012_1_grm_std_uni,1,2.1225953102111816,-3.503852605819702,1
OREBA-DIS_1012_1_grm_std_uni,1,2.1305668354034424,-3.5081048011779785,1
OREBA-DIS_1012_1_grm_std_uni,1,2.787120819091797,-3.734184503555298,1
OREBA-DIS_1012_1_grm_std_uni,1,4.4189324378967285,-4.518403053283691,1
OREBA-DIS_1012_1_grm_std_uni,1,5.847808837890625,-4.9581804275512695,1
OREBA-DIS_1012_1_grm_std_uni,1,6.453548908233643,-5.028266906738281,1
OREBA-DIS_1012_1_grm_std_uni,1,6.354247570037842,-4.9190473556518555,1
OREBA-DIS_1012_1_grm_std_uni,1,6.385252952575684,-4.241100788116455,1
OREBA-DIS_1012_1_grm_std_uni,1,6.823401927947998,-4.030551433563232,1
OREBA-DIS_1012_1_grm_std_uni,1,7.0115203857421875,-4.3133544921875,1
OREBA-DIS_1012_1_grm_std_uni,1,7.643543720245361,-5.364463806152344,1
OREBA-DIS_1012_1_grm_std_uni,1,7.6039299964904785,-5.834534168243408,1
OREBA-DIS_1012_1_grm_std_uni,1,7.507222652435303,-6.193495273590088,1
OREBA-DIS_1012_1_grm_std_uni,1,7.915042400360107,-6.4825615882873535,1
OREBA-DIS_1012_1_grm_std_uni,1,7.758275508880615,-6.189337253570557,1
OREBA-DIS_1012_1_grm_std_uni,1,6.601343631744385,-5.125272274017334,1
OREBA-DIS_1012_1_grm_std_uni,1,5.671092987060547,-4.322604656219482,1
OREBA-DIS_1012_1_grm_std_uni,1,5.418571472167969,-3.867767572402954,1
OREBA-DIS_1012_1_grm_std_uni,1,6.338932991027832,-4.216029167175293,1
OREBA-DIS_1012_1_grm_std_uni,1,6.808741569519043,-4.794515609741211,1
OREBA-DIS_1012_1_grm_std_uni,1,7.0158538818359375,-5.3405256271362305,1
OREBA-DIS_1012_1_grm_std_uni,1,7.115572452545166,-5.919562816619873,1
OREBA-DIS_1012_1_grm_std_uni,1,7.108880519866943,-6.80048942565918,1
OREBA-DIS_1012_1_grm_std_uni,1,6.605342864990234,-6.886612892150879,1
OREBA-DIS_1012_1_grm_std_uni,1,5.983023166656494,-6.709270477294922,1
OREBA-DIS_1012_1_grm_std_uni,1,5.24041223526001,-5.755627632141113,1
OREBA-DIS_1012_1_grm_std_uni,1,5.035523891448975,-5.4531755447387695,1
OREBA-DIS_1012_1_grm_std_uni,1,4.535164833068848,-4.010458469390869,1
OREBA-DIS_1012_1_grm_std_uni,1,4.96632719039917,-4.016744613647461,1
OREBA-DIS_1012_1_grm_std_uni,1,5.649680137634277,-4.022457599639893,1
OREBA-DIS_1012_1_grm_std_uni,1,5.972925662994385,-3.971994161605835,1
OREBA-DIS_1012_1_grm_std_uni,1,6.506448745727539,-4.435178756713867,1
OREBA-DIS_1012_1_grm_std_uni,1,5.845634937286377,-4.132001876831055,1
OREBA-DIS_1012_1_grm_std_uni,1,5.841773509979248,-4.579562664031982,1
OREBA-DIS_1012_1_grm_std_uni,1,6.1362080574035645,-4.877660751342773,1
OREBA-DIS_1012_1_grm_std_uni,1,6.296237945556641,-5.29102087020874,1
OREBA-DIS_1012_1_grm_std_uni,1,6.229590892791748,-5.160247802734375,1
OREBA-DIS_1012_1_grm_std_uni,1,6.3870086669921875,-5.02829122543335,1
OREBA-DIS_1012_1_grm_std_uni,1,6.748444080352783,-4.874846458435059,1
OREBA-DIS_1012_1_grm_std_uni,1,6.68706750869751,-4.939031600952148,1
OREBA-DIS_1012_1_grm_std_uni,1,7.214167594909668,-5.929442405700684,1
OREBA-DIS_1012_1_grm_std_uni,1,7.388298988342285,-5.708034992218018,1
OREBA-DIS_1012_1_grm_std_uni,1,6.54484748840332,-4.563766002655029,1
OREBA-DIS_1012_1_grm_std_uni,1,6.506685733795166,-4.892711639404297,1
OREBA-DIS_1012_1_grm_std_uni,1,6.857691764831543,-5.25473165512085,1
OREBA-DIS_1012_1_grm_std_uni,1,6.48728609085083,-4.616825580596924,1
OREBA-DIS_1012_1_grm_std_uni,1,5.5462965965271,-3.615126848220825,1
OREBA-DIS_1012_1_grm_std_uni,1,4.603168964385986,-2.8816356658935547,1
OREBA-DIS_1012_1_grm_std_uni,1,4.530969142913818,-3.0793373584747314,1
OREBA-DIS_1012_1_grm_std_uni,2,4.833293437957764,-3.352757453918457,1
OREBA-DIS_1012_1_grm_std_uni,2,5.59950065612793,-3.9368977546691895,1
OREBA-DIS_1012_1_grm_std_uni,2,5.847347259521484,-4.67988395690918,1
OREBA-DIS_1012_1_grm_std_uni,2,5.516924858093262,-4.340476989746094,1
OREBA-DIS_1012_1_grm_std_uni,2,4.329397678375244,-3.198578119277954,1
OREBA-DIS_1012_1_grm_std_uni,2,5.452660083770752,-4.5758161544799805,1
OREBA-DIS_1012_1_grm_std_uni,2,5.439168930053711,-4.297597408294678,1
OREBA-DIS_1012_1_grm_std_uni,2,5.956984996795654,-5.348395824432373,1
OREBA-DIS_1012_1_grm_std_uni,2,6.177547454833984,-5.997156620025635,1
OREBA-DIS_1012_1_grm_std_uni,2,-0.4715671241283417,-0.2758218050003052,2
OREBA-DIS_1012_1_grm_std_uni,2,-3.075684070587158,2.248487710952759,1
OREBA-DIS_1012_1_grm_std_uni,2,0.8978718519210815,-1.9067987203598022,1
OREBA-DIS_1012_1_grm_std_uni,2,6.845904350280762,-6.568153381347656,1
OREBA-DIS_1012_1_grm_std_uni,2,7.577972888946533,-7.502543926239014,1
OREBA-DIS_1012_1_grm_std_uni,2,7.81201696395874,-7.090503215789795,1
OREBA-DIS_1012_1_grm_std_uni,2,8.84077262878418,-7.944014549255371,1
OREBA-DIS_1012_1_grm_std_uni,1,8.869671821594238,-8.725226402282715,1
OREBA-DIS_1012_1_grm_std_uni,1,8.408164024353027,-8.55251693725586,1
OREBA-DIS_1012_1_grm_std_uni,1,7.959253787994385,-8.533818244934082,1
OREBA-DIS_1012_1_grm_std_uni,1,7.585120677947998,-8.749141693115234,1
OREBA-DIS_1012_1_grm_std_uni,1,7.6834306716918945,-9.06603717803955,1
OREBA-DIS_1012_1_grm_std_uni,1,7.928372383117676,-9.190296173095703,1
OREBA-DIS_1012_1_grm_std_uni,1,8.054163932800293,-8.708473205566406,1
OREBA-DIS_1012_1_grm_std_uni,1,7.851827144622803,-8.147016525268555,1
OREBA-DIS_1012_1_grm_std_uni,1,7.689764022827148,-7.960093021392822,1
OREBA-DIS_1012_1_grm_std_uni,1,7.425851821899414,-7.604869365692139,1
OREBA-DIS_1012_1_grm_std_uni,1,7.477802753448486,-7.491345405578613,1
OREBA-DIS_1012_1_grm_std_uni,1,7.502555847167969,-7.519494533538818,1
OREBA-DIS_1012_1_grm_std_uni,1,7.327946662902832,-7.360114097595215,1
OREBA-DIS_1012_1_grm_std_uni,1,6.870573043823242,-6.9376726150512695,1
OREBA-DIS_1012_1_grm_std_uni,1,6.734515190124512,-6.925398826599121,1
OREBA-DIS_1012_1_grm_std_uni,1,6.697938442230225,-7.020181655883789,1
OREBA-DIS_1012_1_grm_std_uni,1,6.5470499992370605,-7.12761116027832,1
OREBA-DIS_1012_1_grm_std_uni,1,6.373308181762695,-7.296080112457275,1
OREBA-DIS_1012_1_grm_std_uni,1,6.08023738861084,-7.375759124755859,1
OREBA-DIS_1012_1_grm_std_uni,1,5.973189353942871,-7.53074312210083,1
OREBA-DIS_1012_1_grm_std_uni,1,5.660342693328857,-7.412814617156982,1
OREBA-DIS_1012_1_grm_std_uni,1,5.37102746963501,-7.150876522064209,1
OREBA-DIS_1012_1_grm_std_uni,1,5.557918548583984,-7.437835693359375,1
OREBA-DIS_1012_1_grm_std_uni,1,5.563736438751221,-7.429286956787109,1
OREBA-DIS_1012_1_grm_std_uni,1,5.56458044052124,-7.361818313598633,1
OREBA-DIS_1012_1_grm_std_uni,1,5.689885139465332,-7.45368766784668,1
OREBA-DIS_1012_1_grm_std_uni,1,5.591613292694092,-7.052268981933594,1
OREBA-DIS_1012_1_grm_std_uni,1,4.738407135009766,-5.682406902313232,1
OREBA-DIS_1012_1_grm_std_uni,1,5.2463274002075195,-5.263825416564941,1
OREBA-DIS_1012_1_grm_std_uni,1,5.966305732727051,-6.370258331298828,1
OREBA-DIS_1012_1_grm_std_uni,1,6.470232009887695,-6.781761169433594,1
OREBA-DIS_1012_1_grm_std_uni,1,5.198437213897705,-6.213436126708984,1
OREBA-DIS_1012_1_grm_std_uni,1,1.6632133722305298,-2.608649253845215,1
OREBA-DIS_1012_1_grm_std_uni,1,0.35640954971313477,-0.9518289566040039,1
OREBA-DIS_1012_1_grm_std_uni,1,2.558419704437256,-3.8599812984466553,1
OREBA-DIS_1012_1_grm_std_uni,1,4.642829418182373,-6.784391403198242,1
OREBA-DIS_1012_1_grm_std_uni,1,5.569098949432373,-7.5768022537231445,1
OREBA-DIS_1012_1_grm_std_uni,1,5.400351524353027,-7.752749919891357,1
OREBA-DIS_1012_1_grm_std_uni,1,5.620909214019775,-7.698340892791748,1
OREBA-DIS_1012_1_grm_std_uni,1,5.611488342285156,-7.500204563140869,1
OREBA-DIS_1012_1_grm_std_uni,1,5.638104438781738,-7.400981426239014,1
OREBA-DIS_1012_1_grm_std_uni,1,5.7485270500183105,-7.292146682739258,1
OREBA-DIS_1012_1_grm_std_uni,1,5.725678443908691,-7.254109859466553,1
OREBA-DIS_1012_1_grm_std_uni,1,5.676530838012695,-7.127601146697998,1
OREBA-DIS_1012_1_grm_std_uni,1,5.6291046142578125,-7.052903652191162,1
OREBA-DIS_1012_1_grm_std_uni,1,5.596368789672852,-6.968756198883057,1
OREBA-DIS_1012_1_grm_std_uni,1,5.547355651855469,-6.898871898651123,1
OREBA-DIS_1012_1_grm_std_uni,1,5.523735046386719,-6.6895294189453125,1
OREBA-DIS_1012_1_grm_std_uni,1,5.2346696853637695,-6.521209239959717,1
OREBA-DIS_1012_1_grm_std_uni,1,4.467843055725098,-6.696508407592773,1
OREBA-DIS_1012_1_grm_std_uni,1,5.318295955657959,-7.526062488555908,1
OREBA-DIS_1012_1_grm_std_uni,1,4.933917045593262,-7.147712707519531,1
OREBA-DIS_1012_1_grm_std_uni,1,4.2653913497924805,-5.581895351409912,1
OREBA-DIS_1012_1_grm_std_uni,1,4.971604824066162,-5.579178810119629,1
OREBA-DIS_1012_1_grm_std_uni,1,5.328038215637207,-5.802998065948486,1
OREBA-DIS_1012_1_grm_std_uni,1,5.009555339813232,-5.52909517288208,1
OREBA-DIS_1012_1_grm_std_uni,1,5.013803005218506,-6.376254081726074,1
OREBA-DIS_1012_1_grm_std_uni,1,5.149874210357666,-7.146335601806641,1
OREBA-DIS_1012_1_grm_std_uni,1,4.993452548980713,-7.423155307769775,1
OREBA-DIS_1012_1_grm_std_uni,1,4.866189479827881,-7.300671577453613,1
OREBA-DIS_1012_1_grm_std_uni,1,5.006450176239014,-7.204519748687744,1
OREBA-DIS_1012_1_grm_std_uni,1,4.761177062988281,-6.354682922363281,1
OREBA-DIS_1012_1_grm_std_uni,1,4.968980312347412,-6.179932117462158,1
OREBA-DIS_1012_1_grm_std_uni,1,5.304400444030762,-6.718286514282227,1
OREBA-DIS_1012_1_grm_std_uni,1,5.225619792938232,-6.883800506591797,1
OREBA-DIS_1012_1_grm_std_uni,1,3.868030548095703,-5.162081241607666,1
OREBA-DIS_1012_1_grm_std_uni,1,3.833876371383667,-4.15946626663208,1
OREBA-DIS_1012_1_grm_std_uni,1,4.681613445281982,-5.699347496032715,1
OREBA-DIS_1012_1_grm_std_uni,1,6.101663589477539,-6.863819122314453,1
OREBA-DIS_1012_1_grm_std_uni,1,6.609836101531982,-7.071413993835449,1
OREBA-DIS_1012_1_grm_std_uni,1,6.070433616638184,-7.074848175048828,1
OREBA-DIS_1012_1_grm_std_uni,1,0.8865010142326355,-2.157358407974243,1
OREBA-DIS_1012_1_grm_std_uni,1,-2.304941415786743,1.6771740913391113,2
OREBA-DIS_1012_1_grm_std_uni,1,1.1701971292495728,-1.9167606830596924,1
OREBA-DIS_1012_1_grm_std_uni,1,5.455672740936279,-6.700967788696289,1
OREBA-DIS_1012_1_grm_std_uni,1,9.095520973205566,-9.362106323242188,1
OREBA-DIS_1012_1_grm_std_uni,1,9.391401290893555,-8.899768829345703,1
OREBA-DIS_1012_1_grm_std_uni,1,8.76377010345459,-8.138394355773926,1
OREBA-DIS_1012_1_grm_std_uni,1,9.881752014160156,-9.519861221313477,1
OREBA-DIS_1012_1_grm_std_uni,1,9.815132141113281,-9.897581100463867,1
OREBA-DIS_1012_1_grm_std_uni,1,9.536917686462402,-10.028339385986328,1
OREBA-DIS_1012_1_grm_std_uni,1,9.5894136428833,-9.905986785888672,1
OREBA-DIS_1012_1_grm_std_uni,1,9.462115287780762,-9.616386413574219,1
OREBA-DIS_1012_1_grm_std_uni,1,9.518121719360352,-9.343770980834961,1
OREBA-DIS_1012_1_grm_std_uni,1,9.505422592163086,-9.259726524353027,1
OREBA-DIS_1012_1_grm_std_uni,1,9.67149829864502,-9.318799018859863,1
OREBA-DIS_1012_1_grm_std_uni,1,9.478285789489746,-9.086782455444336,1
OREBA-DIS_1012_1_grm_std_uni,1,9.406631469726562,-9.260382652282715,1
OREBA-DIS_1012_1_grm_std_uni,1,8.878398895263672,-9.190855979919434,1
OREBA-DIS_1012_1_grm_std_uni,1,8.147137641906738,-8.747529029846191,1
OREBA-DIS_1012_1_grm_std_uni,1,7.5464677810668945,-8.226469039916992,1
OREBA-DIS_1012_1_grm_std_uni,1,5.936413764953613,-6.904632568359375,1
OREBA-DIS_1012_1_grm_std_uni,1,5.770418167114258,-5.691544055938721,1
OREBA-DIS_1012_1_grm_std_uni,1,6.014315605163574,-4.9758806228637695,1
OREBA-DIS_1012_1_grm_std_uni,1,5.099719047546387,-3.9790425300598145,1
OREBA-DIS_1012_1_grm_std_uni,1,5.368221282958984,-4.351304531097412,1
OREBA-DIS_1012_1_grm_std_uni,1,4.327269554138184,-3.9168667793273926,1
OREBA-DIS_1012_1_grm_std_uni,1,4.550256729125977,-5.004151344299316,1
OREBA-DIS_1012_1_grm_std_uni,2,5.6601762771606445,-6.337761878967285,1
OREBA-DIS_1012_1_grm_std_uni,2,5.930821418762207,-6.43892240524292,1
OREBA-DIS_1012_1_grm_std_uni,2,6.156844139099121,-5.401708602905273,1
OREBA-DIS_1012_1_grm_std_uni,2,6.349543571472168,-5.20554780960083,1
OREBA-DIS_1012_1_grm_std_uni,2,6.469310760498047,-5.509197235107422,1
OREBA-DIS_1012_1_grm_std_uni,2,6.348110198974609,-5.726008892059326,1
OREBA-DIS_1012_1_grm_std_uni,2,6.628833770751953,-6.44084358215332,1
OREBA-DIS_1012_1_grm_std_uni,2,6.609348773956299,-6.960110664367676,1
OREBA-DIS_1012_1_grm_std_uni,2,1.4211809635162354,-2.653054714202881,1
OREBA-DIS_1012_1_grm_std_uni,2,-2.101585626602173,1.7625102996826172,2
OREBA-DIS_1012_1_grm_std_uni,2,-0.6538118720054626,-0.6742687821388245,1
OREBA-DIS_1012_1_grm_std_uni,2,5.334902763366699,-6.418212413787842,1
OREBA-DIS_1012_1_grm_std_uni,2,6.942348480224609,-7.785301685333252,1
OREBA-DIS_1012_1_grm_std_uni,2,7.873416900634766,-8.139501571655273,1
OREBA-DIS_1012_1_grm_std_uni,2,8.726456642150879,-7.6102166175842285,1
OREBA-DIS_1012_1_grm_std_uni,1,8.74156379699707,-6.936758995056152,1
OREBA-DIS_1012_1_grm_std_uni,1,9.036433219909668,-6.437063217163086,1
OREBA-DIS_1012_1_grm_std_uni,1,8.510591506958008,-6.5295281410217285,1
OREBA-DIS_1012_1_grm_std_uni,1,8.505949020385742,-6.9447174072265625,1
OREBA-DIS_1012_1_grm_std_uni,1,7.982598781585693,-6.963632583618164,1
OREBA-DIS_1012_1_grm_std_uni,1,7.428884506225586,-6.722594738006592,1
OREBA-DIS_1012_1_grm_std_uni,1,7.528744697570801,-7.028872013092041,1
OREBA-DIS_1012_1_grm_std_uni,1,7.471647262573242,-7.289405345916748,1
OREBA-DIS_1012_1_grm_std_uni,1,7.211620807647705,-7.300942420959473,1
OREBA-DIS_1012_1_grm_std_uni,1,7.090235710144043,-7.410461902618408,1
OREBA-DIS_1012_1_grm_std_uni,1,6.796218395233154,-7.5358171463012695,1
OREBA-DIS_1012_1_grm_std_uni,1,6.218601703643799,-7.292023658752441,1
OREBA-DIS_1012_1_grm_std_uni,1,5.9420270919799805,-7.06434440612793,1
OREBA-DIS_1012_1_grm_std_uni,1,6.081182956695557,-6.957771301269531,1
OREBA-DIS_1012_1_grm_std_uni,1,5.994472503662109,-6.827602863311768,1
OREBA-DIS_1012_1_grm_std_uni,1,5.936324119567871,-6.847672462463379,1
OREBA-DIS_1012_1_grm_std_uni,1,5.839905738830566,-6.777741432189941,1
OREBA-DIS_1012_1_grm_std_uni,1,5.5981268882751465,-6.588174343109131,1
OREBA-DIS_1012_1_grm_std_uni,1,5.383921146392822,-6.425761699676514,1
OREBA-DIS_1012_1_grm_std_uni,1,5.313395023345947,-6.3827314376831055,1
OREBA-DIS_1012_1_grm_std_uni,1,5.348848819732666,-6.45738410949707,1
OREBA-DIS_1012_1_grm_std_uni,1,5.346577167510986,-6.492351531982422,1
OREBA-DIS_1012_1_grm_std_uni,1,5.296907424926758,-6.451909065246582,1
OREBA-DIS_1012_1_grm_std_uni,1,5.282731056213379,-6.458272933959961,1
OREBA-DIS_1012_1_grm_std_uni,1,5.263980388641357,-6.4847798347473145,1
OREBA-DIS_1012_1_grm_std_uni,1,5.127379894256592,-6.437464714050293,1
OREBA-DIS_1012_1_grm_std_uni,1,4.981666564941406,-6.386410236358643,1
OREBA-DIS_1012_1_grm_std_uni,1,4.837965488433838,-6.374030590057373,1
OREBA-DIS_1012_1_grm_std_uni,1,4.706679344177246,-6.366818904876709,1
OREBA-DIS_1012_1_grm_std_uni,1,4.579545021057129,-6.343672275543213,1
OREBA-DIS_1012_1_grm_std_uni,1,4.478017330169678,-6.318074703216553,1
OREBA-DIS_1012_1_grm_std_uni,1,4.3865556716918945,-6.275872230529785,1
OREBA-DIS_1012_1_grm_std_uni,1,4.31691837310791,-6.208000183105469,1
OREBA-DIS_1012_1_grm_std_uni,1,4.272660732269287,-6.1896586418151855,1
OREBA-DIS_1012_1_grm_std_uni,1,4.258663177490234,-6.231867790222168,1
OREBA-DIS_1012_1_grm_std_uni,1,4.268045902252197,-6.253538608551025,1
OREBA-DIS_1012_1_grm_std_uni,1,4.323488712310791,-6.277582168579102,1
OREBA-DIS_1012_1_grm_std_uni,1,4.295848846435547,-6.302548408508301,1
OREBA-DIS_1012_1_grm_std_uni,1,4.272093772888184,-6.283077239990234,1
OREBA-DIS_1012_1_grm_std_uni,1,4.245428562164307,-6.280368804931641,1
OREBA-DIS_1012_1_grm_std_uni,1,4.217925548553467,-6.27999210357666,1
OREBA-DIS_1012_1_grm_std_uni,1,4.1765971183776855,-6.239012241363525,1
OREBA-DIS_1012_1_grm_std_uni,1,4.155515670776367,-6.201099395751953,1
OREBA-DIS_1012_1_grm_std_uni,1,4.135295391082764,-6.199942111968994,1
OREBA-DIS_1012_1_grm_std_uni,1,4.1014018058776855,-6.185935974121094,1
OREBA-DIS_1012_1_grm_std_uni,1,4.093557357788086,-6.175212860107422,1
OREBA-DIS_1012_1_grm_std_uni,1,4.071649551391602,-6.174095630645752,1
OREBA-DIS_1012_1_grm_std_uni,1,4.090080738067627,-6.152168273925781,1
OREBA-DIS_1012_1_grm_std_uni,1,4.035418510437012,-6.149123668670654,1
OREBA-DIS_1012_1_grm_std_uni,1,3.9363224506378174,-6.094040393829346,1
OREBA-DIS_1012_1_grm_std_uni,1,3.7377212047576904,-5.837471008300781,1
OREBA-DIS_1012_1_grm_std_uni,1,3.5420706272125244,-5.688287258148193,1
OREBA-DIS_1012_1_grm_std_uni,1,3.4326915740966797,-5.747530937194824,1
OREBA-DIS_1012_1_grm_std_uni,1,3.4340202808380127,-5.8221755027771,1
OREBA-DIS_1012_1_grm_std_uni,1,3.4100937843322754,-5.899543762207031,1
OREBA-DIS_1012_1_grm_std_uni,1,3.41560435295105,-5.914543151855469,1
OREBA-DIS_1012_1_grm_std_uni,1,3.3789403438568115,-5.841872215270996,1
OREBA-DIS_1012_1_grm_std_uni,1,3.2491326332092285,-5.685971736907959,1
OREBA-DIS_1012_1_grm_std_uni,1,3.1609139442443848,-5.667884349822998,1
OREBA-DIS_1012_1_grm_std_uni,1,3.281562089920044,-5.706892490386963,1
OREBA-DIS_1012_1_grm_std_uni,1,3.375269651412964,-5.760375022888184,1
OREBA-DIS_1012_1_grm_std_uni,1,3.445136785507202,-5.904961109161377,1
OREBA-DIS_1012_1_grm_std_uni,1,3.4520931243896484,-5.854000568389893,1
OREBA-DIS_1012_1_grm_std_uni,1,3.4279348850250244,-5.741621494293213,1
OREBA-DIS_1012_1_grm_std_uni,1,3.4677746295928955,-5.855601787567139,1
OREBA-DIS_1012_1_grm_std_uni,1,3.5196571350097656,-5.849812984466553,1
OREBA-DIS_1012_1_grm_std_uni,1,3.4983439445495605,-5.833062171936035,1
OREBA-DIS_1012_1_grm_std_uni,1,3.4915096759796143,-5.884000778198242,1
OREBA-DIS_1012_1_grm_std_uni,1,3.5494720935821533,-5.820957660675049,1
OREBA-DIS_1012_1_grm_std_uni,1,3.592172384262085,-5.885003089904785,1
OREBA-DIS_1012_1_grm_std_uni,1,3.620927333831787,-5.9073333740234375,1
OREBA-DIS_1012_1_grm_std_uni,1,3.622969388961792,-5.93938684463501,1
OREBA-DIS_1012_1_grm_std_uni,1,3.643038749694824,-5.9193034172058105,1
OREBA-DIS_1012_1_grm_std_uni,1,3.4590206146240234,-5.776895999908447,1
OREBA-DIS_1012_1_grm_std_uni,1,3.3170087337493896,-5.587681770324707,1
OREBA-DIS_1012_1_grm_std_uni,1,3.2299540042877197,-5.554281711578369,1
OREBA-DIS_1012_1_grm_std_uni,1,3.4025280475616455,-5.763988018035889,1
OREBA-DIS_1012_1_grm_std_uni,1,3.499329090118408,-5.844863414764404,1
OREBA-DIS_1012_1_grm_std_uni,1,3.554842710494995,-5.874337196350098,1
OREBA-DIS_1012_1_grm_std_uni,1,3.609682083129883,-5.886595726013184,1
OREBA-DIS_1012_1_grm_std_uni,1,3.6786201000213623,-5.937757968902588,1
OREBA-DIS_1012_1_grm_std_uni,1,3.796299934387207,-6.033688545227051,1
OREBA-DIS_1012_1_grm_std_uni,1,3.8963985443115234,-6.081230640411377,1
OREBA-DIS_1012_1_grm_std_uni,1,3.9203195571899414,-6.094699859619141,1
OREBA-DIS_1012_1_grm_std_uni,1,3.9059929847717285,-6.08143424987793,1
OREBA-DIS_1012_1_grm_std_uni,1,3.868969440460205,-6.016726016998291,1
OREBA-DIS_1012_1_grm_std_uni,1,3.848050832748413,-6.001086711883545,1
OREBA-DIS_1012_1_grm_std_uni,1,3.856933832168579,-6.013985633850098,1
OREBA-DIS_1012_1_grm_std_uni,1,3.885929584503174,-6.062399387359619,1
OREBA-DIS_1012_1_grm_std_uni,1,3.897132635116577,-6.06277322769165,1
OREBA-DIS_1012_1_grm_std_uni,1,3.889099359512329,-6.049594402313232,1
OREBA-DIS_1012_1_grm_std_uni,1,3.8920931816101074,-6.039310455322266,1
OREBA-DIS_1012_1_grm_std_uni,1,3.878473997116089,-6.018598556518555,1
OREBA-DIS_1012_1_grm_std_uni,1,3.7929511070251465,-5.993889331817627,1
OREBA-DIS_1012_1_grm_std_uni,1,3.6948604583740234,-5.959944248199463,1
OREBA-DIS_1012_1_grm_std_uni,1,3.5564892292022705,-5.918437957763672,1
OREBA-DIS_1012_1_grm_std_uni,1,3.40438175201416,-5.825124263763428,1
OREBA-DIS_1012_1_grm_std_uni,1,3.1687703132629395,-5.352816104888916,1
OREBA-DIS_1012_1_grm_std_uni,1,3.1577811241149902,-5.0856614112854,1
OREBA-DIS_1012_1_grm_std_uni,1,3.0742897987365723,-5.339999198913574,1
OREBA-DIS_1012_1_grm_std_uni,1,3.210831642150879,-5.628134727478027,1
OREBA-DIS_1012_1_grm_std_uni,1,3.7690131664276123,-6.367851734161377,1
OREBA-DIS_1012_1_grm_std_uni,1,3.2545430660247803,-6.2007293701171875,1
OREBA-DIS_1012_1_grm_std_uni,1,3.1617259979248047,-6.10423469543457,1
OREBA-DIS_1012_1_grm_std_uni,1,3.738112688064575,-6.106808185577393,1
OREBA-DIS_1012_1_grm_std_uni,1,3.810241937637329,-6.072542190551758,1
OREBA-DIS_1012_1_grm_std_uni,1,3.6667017936706543,-5.938770294189453,1
OREBA-DIS_1012_1_grm_std_uni,1,3.674861431121826,-5.926546096801758,1
OREBA-DIS_1012_1_grm_std_uni,1,3.690176486968994,-5.9501729011535645,1
OREBA-DIS_1012_1_grm_std_uni,1,3.6625287532806396,-5.929371356964111,1
OREBA-DIS_1012_1_grm_std_uni,1,3.7369422912597656,-5.994659900665283,1
OREBA-DIS_1012_1_grm_std_uni,1,4.252645969390869,-6.351571083068848,1
OREBA-DIS_1012_1_grm_std_uni,1,4.911792278289795,-6.961880207061768,1
OREBA-DIS_1012_1_grm_std_uni,1,4.907673358917236,-6.878403663635254,1
OREBA-DIS_1012_1_grm_std_uni,1,4.31687068939209,-5.835577011108398,1
OREBA-DIS_1012_1_grm_std_uni,1,4.403862476348877,-5.402322292327881,1
OREBA-DIS_1012_1_grm_std_uni,1,4.534239768981934,-5.087337970733643,1
OREBA-DIS_1012_1_grm_std_uni,1,4.388570308685303,-4.674254417419434,1
OREBA-DIS_1012_1_grm_std_uni,1,4.283815860748291,-4.896193981170654,1
OREBA-DIS_1012_1_grm_std_uni,1,3.929786443710327,-4.276124000549316,1
OREBA-DIS_1012_1_grm_std_uni,1,3.9587512016296387,-3.4966976642608643,1
OREBA-DIS_1012_1_grm_std_uni,1,4.341060161590576,-3.5754289627075195,1
OREBA-DIS_1012_1_grm_std_uni,1,5.063173770904541,-4.299848556518555,1
OREBA-DIS_1012_1_grm_std_uni,1,5.960443019866943,-4.742964744567871,1
OREBA-DIS_1012_1_grm_std_uni,1,6.704169273376465,-4.98715877532959,1
OREBA-DIS_1012_1_grm_std_uni,1,7.160109519958496,-4.874375343322754,1
OREBA-DIS_1012_1_grm_std_uni,1,7.282633304595947,-4.325368404388428,1
OREBA-DIS_1012_1_grm_std_uni,1,7.290335655212402,-4.094476699829102,1
OREBA-DIS_1012_1_grm_std_uni,1,7.48502254486084,-4.811517238616943,1
OREBA-DIS_1012_1_grm_std_uni,1,6.849287033081055,-4.5738115310668945,1
OREBA-DIS_1012_1_grm_std_uni,1,6.086400508880615,-4.164097785949707,1
OREBA-DIS_1012_1_grm_std_uni,1,6.794977188110352,-5.368166923522949,1
OREBA-DIS_1012_1_grm_std_uni,1,7.231806755065918,-6.600371837615967,1
OREBA-DIS_1012_1_grm_std_uni,1,7.30433988571167,-6.885237693786621,1
OREBA-DIS_1012_1_grm_std_uni,1,7.341965675354004,-6.339107990264893,1
OREBA-DIS_1012_1_grm_std_uni,1,7.435977458953857,-5.720195293426514,1
OREBA-DIS_1012_1_grm_std_uni,1,7.517901420593262,-5.102045059204102,1
OREBA-DIS_1012_1_grm_std_uni,1,7.144891262054443,-4.854985237121582,1
OREBA-DIS_1012_1_grm_std_uni,1,7.5102410316467285,-5.142645835876465,1
OREBA-DIS_1012_1_grm_std_uni,1,7.881251335144043,-5.108592987060547,1
OREBA-DIS_1012_1_grm_std_uni,1,8.12881851196289,-5.641396999359131,1
OREBA-DIS_1012_1_grm_std_uni,1,8.192059516906738,-6.371518611907959,1
OREBA-DIS_1012_1_grm_std_uni,1,8.622420310974121,-6.572576999664307,1
OREBA-DIS_1012_1_grm_std_uni,1,8.816807746887207,-6.117331027984619,1
OREBA-DIS_1012_1_grm_std_uni,1,9.015461921691895,-6.03918981552124,1
OREBA-DIS_1012_1_grm_std_uni,1,9.185884475708008,-6.809203624725342,1
OREBA-DIS_1012_1_grm_std_uni,1,8.484750747680664,-6.369749069213867,1
OREBA-DIS_1012_1_grm_std_uni,1,7.487407207489014,-5.6928253173828125,1
OREBA-DIS_1012_1_grm_std_uni,1,7.654276371002197,-5.908298969268799,1
OREBA-DIS_1012_1_grm_std_uni,1,7.743078231811523,-5.880243301391602,1
OREBA-DIS_1012_1_grm_std_uni,1,7.553867816925049,-6.046384334564209,1
OREBA-DIS_1012_1_grm_std_uni,1,7.020906925201416,-5.398566722869873,1
OREBA-DIS_1012_1_grm_std_uni,1,7.464926242828369,-6.178865909576416,1
OREBA-DIS_1012_1_grm_std_uni,1,7.535014629364014,-6.718899250030518,1
OREBA-DIS_1012_1_grm_std_uni,1,7.266668319702148,-6.517934799194336,1
OREBA-DIS_1012_1_grm_std_uni,1,6.644747734069824,-5.841474533081055,1
OREBA-DIS_1012_1_grm_std_uni,1,6.774542808532715,-5.116532802581787,1
OREBA-DIS_1012_1_grm_std_uni,1,6.906136989593506,-4.4746599197387695,1
OREBA-DIS_1012_1_grm_std_uni,1,5.585302352905273,-3.6753876209259033,1
OREBA-DIS_1012_1_grm_std_uni,1,5.037353038787842,-4.1124091148376465,1
OREBA-DIS_1012_1_grm_std_uni,1,4.280282497406006,-3.648127794265747,1
OREBA-DIS_1012_1_grm_std_uni,2,4.467059135437012,-3.8804304599761963,1
OREBA-DIS_1012_1_grm_std_uni,2,5.475100517272949,-4.849644660949707,1
OREBA-DIS_1012_1_grm_std_uni,2,5.869752883911133,-4.616920471191406,1
OREBA-DIS_1012_1_grm_std_uni,2,5.746682167053223,-3.8388493061065674,1
OREBA-DIS_1012_1_grm_std_uni,2,2.0288479328155518,0.4602743685245514,1
OREBA-DIS_1012_1_grm_std_uni,2,1.7314399480819702,0.9113150835037231,1
OREBA-DIS_1012_1_grm_std_uni,2,4.298489570617676,-2.5999903678894043,1
OREBA-DIS_1012_1_grm_std_uni,2,7.0547404289245605,-6.120179653167725,1
OREBA-DIS_1012_1_grm_std_uni,2,7.211868762969971,-6.933563709259033,1
OREBA-DIS_1012_1_grm_std_uni,1,7.699394226074219,-7.526630878448486,1
OREBA-DIS_1012_1_grm_std_uni,1,7.672709941864014,-8.242826461791992,1
OREBA-DIS_1012_1_grm_std_uni,1,8.437707901000977,-9.075843811035156,1
OREBA-DIS_1012_1_grm_std_uni,1,9.200540542602539,-10.307660102844238,1
OREBA-DIS_1012_1_grm_std_uni,1,9.613171577453613,-10.52561092376709,1
OREBA-DIS_1012_1_grm_std_uni,1,9.335733413696289,-9.879179000854492,1
OREBA-DIS_1012_1_grm_std_uni,1,9.576369285583496,-9.59960651397705,1
OREBA-DIS_1012_1_grm_std_uni,1,10.094841003417969,-10.231989860534668,1
OREBA-DIS_1012_1_grm_std_uni,1,9.612709045410156,-9.892199516296387,1
OREBA-DIS_1012_1_grm_std_uni,1,9.087367057800293,-9.582182884216309,1
OREBA-DIS_1012_1_grm_std_uni,1,8.660089492797852,-9.436944007873535,1
OREBA-DIS_1012_1_grm_std_uni,1,7.3449506759643555,-8.556112289428711,1
OREBA-DIS_1012_1_grm_std_uni,1,6.922575950622559,-7.813785552978516,1
OREBA-DIS_1012_1_grm_std_uni,1,6.679148197174072,-7.1290764808654785,1
OREBA-DIS_1012_1_grm_std_uni,1,6.065725803375244,-6.5668416023254395,1
OREBA-DIS_1012_1_grm_std_uni,1,5.591048717498779,-5.726201057434082,1
OREBA-DIS_1012_1_grm_std_uni,1,4.273193836212158,-3.9688355922698975,1
OREBA-DIS_1012_1_grm_std_uni,1,2.8463134765625,-2.5406343936920166,1
OREBA-DIS_1012_1_grm_std_uni,1,2.529340982437134,-2.3363184928894043,1
OREBA-DIS_1012_1_grm_std_uni,1,2.4231550693511963,-2.23238205909729,1
OREBA-DIS_1012_1_grm_std_uni,1,2.7735495567321777,-2.0758354663848877,1
OREBA-DIS_1012_1_grm_std_uni,1,4.117724418640137,-2.8001041412353516,1
OREBA-DIS_1012_1_grm_std_uni,1,4.717917442321777,-3.211366653442383,1
OREBA-DIS_1012_1_grm_std_uni,1,5.270135879516602,-3.580378293991089,1
OREBA-DIS_1012_1_grm_std_uni,1,5.227672100067139,-3.249727487564087,1
OREBA-DIS_1012_1_grm_std_uni,1,5.011282920837402,-2.755605697631836,1
OREBA-DIS_1012_1_grm_std_uni,1,4.93864631652832,-3.2401022911071777,1
OREBA-DIS_1012_1_grm_std_uni,1,6.053493499755859,-4.441378593444824,1
OREBA-DIS_1012_1_grm_std_uni,1,6.895535945892334,-5.398338794708252,1
OREBA-DIS_1012_1_grm_std_uni,1,7.625732421875,-6.239294528961182,1
OREBA-DIS_1012_1_grm_std_uni,1,7.578549861907959,-6.903085231781006,1
OREBA-DIS_1012_1_grm_std_uni,1,5.985477924346924,-6.610836505889893,1
OREBA-DIS_1012_1_grm_std_uni,1,4.735144138336182,-5.174145698547363,1
OREBA-DIS_1012_1_grm_std_uni,1,4.167243003845215,-4.216141223907471,1
OREBA-DIS_1012_1_grm_std_uni,1,3.9420762062072754,-4.003901481628418,1
OREBA-DIS_1012_1_grm_std_uni,1,4.134491920471191,-4.496189117431641,1
OREBA-DIS_1012_1_grm_std_uni,1,3.9634523391723633,-3.1048591136932373,1
OREBA-DIS_1012_1_grm_std_uni,1,4.397829532623291,-3.3601882457733154,1
OREBA-DIS_1012_1_grm_std_uni,1,4.023836612701416,-3.3908190727233887,1
OREBA-DIS_1012_1_grm_std_uni,1,4.283534049987793,-3.563303232192993,1
OREBA-DIS_1012_1_grm_std_uni,2,4.497365474700928,-3.978572130203247,1
OREBA-DIS_1012_1_grm_std_uni,2,5.1801910400390625,-4.195149898529053,1
OREBA-DIS_1012_1_grm_std_uni,2,6.085394859313965,-5.54669713973999,1
OREBA-DIS_1012_1_grm_std_uni,2,5.984014987945557,-5.555821895599365,1
OREBA-DIS_1012_1_grm_std_uni,2,6.2198591232299805,-5.90135383605957,1
OREBA-DIS_1012_1_grm_std_uni,2,0.7972675561904907,-1.0911542177200317,1
OREBA-DIS_1012_1_grm_std_uni,2,-0.70284503698349,1.0674914121627808,2
OREBA-DIS_1012_1_grm_std_uni,2,1.6223355531692505,-2.2286081314086914,1
OREBA-DIS_1012_1_grm_std_uni,2,5.472206115722656,-5.107634544372559,1
OREBA-DIS_1012_1_grm_std_uni,2,6.634236812591553,-6.169459819793701,1
OREBA-DIS_1012_1_grm_std_uni,2,6.927356719970703,-6.228867053985596,1
OREBA-DIS_1012_1_grm_std_uni,2,7.288331508636475,-6.141230583190918,1
OREBA-DIS_1012_1_grm_std_uni,1,7.68350076675415,-6.380154609680176,1
OREBA-DIS_1012_1_grm_std_uni,1,7.3518829345703125,-5.973851680755615,1
OREBA-DIS_1012_1_grm_std_uni,1,7.419214725494385,-5.042102336883545,1
OREBA-DIS_1012_1_grm_std_uni,1,7.794590950012207,-4.3806071281433105,1
OREBA-DIS_1012_1_grm_std_uni,1,8.55028247833252,-4.54929256439209,1
OREBA-DIS_1012_1_grm_std_uni,1,7.78058385848999,-4.854599475860596,1
OREBA-DIS_1012_1_grm_std_uni,1,7.4879841804504395,-4.591480255126953,1
OREBA-DIS_1012_1_grm_std_uni,1,7.194263458251953,-4.0725789070129395,1
OREBA-DIS_1012_1_grm_std_uni,1,6.829588413238525,-4.438766002655029,1
OREBA-DIS_1012_1_grm_std_uni,1,6.200142860412598,-5.804243564605713,1
OREBA-DIS_1012_1_grm_std_uni,1,5.373107433319092,-6.154825687408447,1
OREBA-DIS_1012_1_grm_std_uni,1,5.178839206695557,-6.008681774139404,1
OREBA-DIS_1012_1_grm_std_uni,1,5.419034004211426,-5.949193000793457,1
OREBA-DIS_1012_1_grm_std_uni,1,5.71187162399292,-6.1022138595581055,1
OREBA-DIS_1012_1_grm_std_uni,1,5.2618632316589355,-5.603066921234131,1
OREBA-DIS_1012_1_grm_std_uni,1,4.872206687927246,-5.183384418487549,1
OREBA-DIS_1012_1_grm_std_uni,1,5.073850154876709,-5.560604572296143,1
OREBA-DIS_1012_1_grm_std_uni,1,5.489442825317383,-6.179539680480957,1
OREBA-DIS_1012_1_grm_std_uni,1,5.342754364013672,-6.124223709106445,1
OREBA-DIS_1012_1_grm_std_uni,1,5.325274467468262,-6.09248685836792,1
OREBA-DIS_1012_1_grm_std_uni,1,5.446009635925293,-6.077788352966309,1
OREBA-DIS_1012_1_grm_std_uni,1,5.669194221496582,-6.054513454437256,1
OREBA-DIS_1012_1_grm_std_uni,1,5.750277519226074,-6.1302337646484375,1
OREBA-DIS_1012_1_grm_std_uni,1,6.056619644165039,-6.532962322235107,1
OREBA-DIS_1012_1_grm_std_uni,1,6.052671909332275,-6.803641319274902,1
OREBA-DIS_1012_1_grm_std_uni,1,5.726007461547852,-7.162149429321289,1
OREBA-DIS_1012_1_grm_std_uni,1,4.648547649383545,-5.932428359985352,1
OREBA-DIS_1012_1_grm_std_uni,1,3.8603601455688477,-4.885276794433594,1
OREBA-DIS_1012_1_grm_std_uni,1,3.8004696369171143,-4.393531799316406,1
OREBA-DIS_1012_1_grm_std_uni,1,4.285387992858887,-4.0325164794921875,1
OREBA-DIS_1012_1_grm_std_uni,1,5.2390336990356445,-4.34161901473999,1
OREBA-DIS_1012_1_grm_std_uni,1,5.068419933319092,-4.419392108917236,1
OREBA-DIS_1012_1_grm_std_uni,1,3.62784743309021,-3.9644200801849365,1
OREBA-DIS_1012_1_grm_std_uni,1,1.6083651781082153,-1.3767173290252686,1
OREBA-DIS_1012_1_grm_std_uni,1,1.1266855001449585,-0.6673276424407959,1
OREBA-DIS_1012_1_grm_std_uni,1,6.183497428894043,-4.8674139976501465,1
OREBA-DIS_1012_1_grm_std_uni,1,6.491268157958984,-5.792515277862549,1
OREBA-DIS_1012_1_grm_std_uni,1,6.601200103759766,-6.1623735427856445,1
OREBA-DIS_1012_1_grm_std_uni,1,7.156088352203369,-5.722576141357422,1
OREBA-DIS_1012_1_grm_std_uni,1,6.703221797943115,-4.620236396789551,1
OREBA-DIS_1012_1_grm_std_uni,1,6.4257941246032715,-4.098413467407227,1
OREBA-DIS_1012_1_grm_std_uni,1,6.427509307861328,-3.692079544067383,1
OREBA-DIS_1012_1_grm_std_uni,1,6.501967906951904,-3.6116292476654053,1
OREBA-DIS_1012_1_grm_std_uni,1,6.430858612060547,-4.047144889831543,1
OREBA-DIS_1012_1_grm_std_uni,1,7.017314434051514,-5.51146125793457,1
OREBA-DIS_1012_1_grm_std_uni,1,7.36184549331665,-6.926575660705566,1
OREBA-DIS_1012_1_grm_std_uni,1,6.652283191680908,-6.952500820159912,1
OREBA-DIS_1012_1_grm_std_uni,1,6.504186153411865,-6.711695671081543,1
OREBA-DIS_1012_1_grm_std_uni,1,6.808720588684082,-6.211123466491699,1
OREBA-DIS_1012_1_grm_std_uni,1,7.873791694641113,-5.578471660614014,1
OREBA-DIS_1012_1_grm_std_uni,1,7.947132587432861,-5.240534782409668,1
OREBA-DIS_1012_1_grm_std_uni,1,7.918691635131836,-5.231452941894531,1
OREBA-DIS_1012_1_grm_std_uni,1,7.426685810089111,-5.116613864898682,1
OREBA-DIS_1012_1_grm_std_uni,1,7.985227108001709,-5.074670791625977,1
OREBA-DIS_1012_1_grm_std_uni,1,8.093283653259277,-4.563625812530518,1
OREBA-DIS_1012_1_grm_std_uni,1,7.626400470733643,-4.57938814163208,1
OREBA-DIS_1012_1_grm_std_uni,1,7.576730728149414,-5.037086009979248,1
OREBA-DIS_1012_1_grm_std_uni,1,7.996342182159424,-5.87155294418335,1
OREBA-DIS_1012_1_grm_std_uni,1,7.920273303985596,-5.1511921882629395,1
OREBA-DIS_1012_1_grm_std_uni,1,8.44244384765625,-5.508413314819336,1
OREBA-DIS_1012_1_grm_std_uni,1,8.142868041992188,-5.63725471496582,1
OREBA-DIS_1012_1_grm_std_uni,1,7.457996368408203,-5.125493049621582,1
OREBA-DIS_1012_1_grm_std_uni,1,7.5762529373168945,-5.654189109802246,1
OREBA-DIS_1012_1_grm_std_uni,1,6.9987945556640625,-5.551801681518555,1
OREBA-DIS_1012_1_grm_std_uni,1,6.6087470054626465,-4.840096473693848,1
OREBA-DIS_1012_1_grm_std_uni,1,6.676454544067383,-4.7576375007629395,1
OREBA-DIS_1012_1_grm_std_uni,1,6.042637825012207,-4.544165134429932,1
OREBA-DIS_1012_1_grm_std_uni,1,5.521826267242432,-4.692846298217773,1
OREBA-DIS_1012_1_grm_std_uni,1,5.91632080078125,-4.838962554931641,1
OREBA-DIS_1012_1_grm_std_uni,1,5.601884841918945,-4.123321533203125,1
OREBA-DIS_1012_1_grm_std_uni,1,5.708471775054932,-4.367729663848877,1
OREBA-DIS_1012_1_grm_std_uni,1,6.464343547821045,-4.9749603271484375,1
OREBA-DIS_1012_1_grm_std_uni,1,5.787534713745117,-4.721693992614746,1
OREBA-DIS_1012_1_grm_std_uni,1,5.757083415985107,-5.2472662925720215,1
OREBA-DIS_1012_1_grm_std_uni,1,4.590367794036865,-5.328902244567871,1
OREBA-DIS_1012_1_grm_std_uni,1,4.285180568695068,-5.198384761810303,1
OREBA-DIS_1012_1_grm_std_uni,1,3.8702313899993896,-4.1905436515808105,1
OREBA-DIS_1012_1_grm_std_uni,1,3.4904346466064453,-2.889275312423706,1
OREBA-DIS_1012_1_grm_std_uni,1,4.495459079742432,-2.406244993209839,1
OREBA-DIS_1012_1_grm_std_uni,1,5.451566696166992,-2.661123752593994,1
OREBA-DIS_1012_1_grm_std_uni,1,5.040644645690918,-1.7037135362625122,1
OREBA-DIS_1012_1_grm_std_uni,1,5.286440849304199,-1.6071643829345703,1
OREBA-DIS_1012_1_grm_std_uni,1,5.979353427886963,-2.594179153442383,1
OREBA-DIS_1012_1_grm_std_uni,1,6.275561809539795,-3.346522808074951,1
OREBA-DIS_1012_1_grm_std_uni,1,6.027613162994385,-3.0728580951690674,1
OREBA-DIS_1012_1_grm_std_uni,1,6.4071831703186035,-3.322356939315796,1
OREBA-DIS_1012_1_grm_std_uni,1,7.021923065185547,-4.301471710205078,1
OREBA-DIS_1012_1_grm_std_uni,1,5.587070941925049,-4.836661338806152,1
OREBA-DIS_1012_1_grm_std_uni,1,3.9709906578063965,-3.6059300899505615,1
OREBA-DIS_1012_1_grm_std_uni,1,4.674732208251953,-3.351743221282959,1
OREBA-DIS_1012_1_grm_std_uni,1,5.485133647918701,-4.11280632019043,1
OREBA-DIS_1012_1_grm_std_uni,1,5.572999954223633,-3.9543118476867676,1
OREBA-DIS_1012_1_grm_std_uni,1,6.014872074127197,-4.507567882537842,1
OREBA-DIS_1012_1_grm_std_uni,1,6.672983169555664,-4.530068874359131,1
OREBA-DIS_1012_1_grm_std_uni,1,5.976151943206787,-5.388486385345459,1
OREBA-DIS_1012_1_grm_std_uni,1,4.89247989654541,-5.653946399688721,1
OREBA-DIS_1012_1_grm_std_uni,1,5.86941385269165,-5.5970964431762695,1
OREBA-DIS_1012_1_grm_std_uni,1,6.360774040222168,-5.1460371017456055,1
OREBA-DIS_1012_1_grm_std_uni,1,6.8110785484313965,-4.80832576751709,1
OREBA-DIS_1012_1_grm_std_uni,1,7.331940174102783,-5.134134292602539,1
OREBA-DIS_1012_1_grm_std_uni,1,7.5127410888671875,-4.979872226715088,1
OREBA-DIS_1012_1_grm_std_uni,1,7.777588844299316,-5.300993919372559,1
OREBA-DIS_1012_1_grm_std_uni,1,8.010294914245605,-5.767279148101807,1
OREBA-DIS_1012_1_grm_std_uni,1,7.174046039581299,-5.42535924911499,1
OREBA-DIS_1012_1_grm_std_uni,1,6.980939865112305,-5.675786972045898,1
OREBA-DIS_1012_1_grm_std_uni,1,7.171822547912598,-5.460853099822998,1
OREBA-DIS_1012_1_grm_std_uni,1,6.959611892700195,-5.106204986572266,1
OREBA-DIS_1012_1_grm_std_uni,1,6.702345848083496,-4.788402080535889,1
OREBA-DIS_1012_1_grm_std_uni,1,7.960042476654053,-5.830041408538818,1
OREBA-DIS_1012_1_grm_std_uni,1,8.37362003326416,-5.841282844543457,1
OREBA-DIS_1012_1_grm_std_uni,1,8.411836624145508,-5.087226867675781,1
OREBA-DIS_1012_1_grm_std_uni,1,8.628947257995605,-5.141262531280518,1
OREBA-DIS_1012_1_grm_std_uni,1,8.718478202819824,-5.477851390838623,1
OREBA-DIS_1012_1_grm_std_uni,1,9.005393981933594,-5.917725563049316,1
OREBA-DIS_1012_1_grm_std_uni,1,8.730647087097168,-6.087749004364014,1
OREBA-DIS_1012_1_grm_std_uni,1,9.013978958129883,-6.933376312255859,1
OREBA-DIS_1012_1_grm_std_uni,1,8.402007102966309,-6.38497257232666,1
OREBA-DIS_1012_1_grm_std_uni,1,7.594286918640137,-5.564116954803467,1
OREBA-DIS_1012_1_grm_std_uni,1,7.280977725982666,-5.5042619705200195,1
OREBA-DIS_1012_1_grm_std_uni,1,6.76763916015625,-4.977716445922852,1
OREBA-DIS_1012_1_grm_std_uni,1,5.547950744628906,-4.3193440437316895,1
OREBA-DIS_1012_1_grm_std_uni,1,5.965632915496826,-4.3298726081848145,1
OREBA-DIS_1012_1_grm_std_uni,1,5.694014549255371,-4.640460968017578,1
OREBA-DIS_1012_1_grm_std_uni,1,5.6519904136657715,-4.728998184204102,1
OREBA-DIS_1012_1_grm_std_uni,1,5.67336368560791,-3.9609665870666504,1
OREBA-DIS_1012_1_grm_std_uni,1,5.953300476074219,-4.6714186668396,1
OREBA-DIS_1012_1_grm_std_uni,1,5.367660045623779,-3.425908088684082,1
OREBA-DIS_1012_1_grm_std_uni,1,5.988219738006592,-3.5859978199005127,1
OREBA-DIS_1012_1_grm_std_uni,1,6.191142559051514,-4.039189338684082,1
OREBA-DIS_1012_1_grm_std_uni,1,6.193630695343018,-4.100468635559082,1
OREBA-DIS_1012_1_grm_std_uni,1,5.859025478363037,-3.1318955421447754,1
OREBA-DIS_1012_1_grm_std_uni,1,4.710757732391357,-2.352696180343628,1
OREBA-DIS_1012_1_grm_std_uni,1,4.799470901489258,-2.974174737930298,1
OREBA-DIS_1012_1_grm_std_uni,1,5.759678363800049,-3.8952763080596924,1
OREBA-DIS_1012_1_grm_std_uni,1,6.056917667388916,-4.56479549407959,1
OREBA-DIS_1012_1_grm_std_uni,1,4.934570789337158,-3.502708911895752,1
OREBA-DIS_1012_1_grm_std_uni,1,4.587099075317383,-3.083765745162964,1
OREBA-DIS_1012_1_grm_std_uni,1,4.500827312469482,-3.068033218383789,1
OREBA-DIS_1012_1_grm_std_uni,1,5.061549663543701,-3.111952066421509,1
OREBA-DIS_1012_1_grm_std_uni,1,5.001739025115967,-3.2754502296447754,1
OREBA-DIS_1012_1_grm_std_uni,1,4.064263343811035,-3.794879674911499,1
OREBA-DIS_1012_1_grm_std_uni,1,4.2932634353637695,-4.428336143493652,1
OREBA-DIS_1012_1_grm_std_uni,1,5.6452507972717285,-4.821929454803467,1
OREBA-DIS_1012_1_grm_std_uni,1,6.244473934173584,-4.234136581420898,1
OREBA-DIS_1012_1_grm_std_uni,1,6.171032905578613,-3.3357958793640137,1
OREBA-DIS_1012_1_grm_std_uni,1,6.599119663238525,-3.132328748703003,1
OREBA-DIS_1012_1_grm_std_uni,1,6.868973731994629,-3.431281089782715,1
OREBA-DIS_1012_1_grm_std_uni,1,6.205092906951904,-4.168381690979004,1
OREBA-DIS_1012_1_grm_std_uni,1,6.456727981567383,-4.510833263397217,1
OREBA-DIS_1012_1_grm_std_uni,1,7.233103275299072,-4.5200347900390625,1
OREBA-DIS_1012_1_grm_std_uni,1,7.2887115478515625,-4.920651912689209,1
OREBA-DIS_1012_1_grm_std_uni,1,6.464783191680908,-4.49992561340332,1
OREBA-DIS_1012_1_grm_std_uni,1,6.813661575317383,-5.330511569976807,1
OREBA-DIS_1012_1_grm_std_uni,1,6.802570343017578,-5.188533782958984,1
OREBA-DIS_1012_1_grm_std_uni,1,6.397521495819092,-4.7697062492370605,1
OREBA-DIS_1012_1_grm_std_uni,1,5.993005752563477,-3.663684129714966,1
OREBA-DIS_1012_1_grm_std_uni,1,6.1738972663879395,-4.331775665283203,1
OREBA-DIS_1012_1_grm_std_uni,1,7.094610214233398,-4.141568183898926,1
OREBA-DIS_1012_1_grm_std_uni,1,6.979398250579834,-3.958489418029785,1
OREBA-DIS_1012_1_grm_std_uni,1,6.88419771194458,-4.642875671386719,1
OREBA-DIS_1012_1_grm_std_uni,1,6.838651180267334,-5.668668270111084,1
OREBA-DIS_1012_1_grm_std_uni,1,6.701403617858887,-5.517625331878662,1
OREBA-DIS_1012_1_grm_std_uni,1,7.085180282592773,-5.181824684143066,1
OREBA-DIS_1012_1_grm_std_uni,1,7.203019618988037,-4.790682315826416,1
OREBA-DIS_1012_1_grm_std_uni,1,6.938958644866943,-4.751874923706055,1
OREBA-DIS_1012_1_grm_std_uni,1,6.518685817718506,-4.807047367095947,1
OREBA-DIS_1012_1_grm_std_uni,1,6.187801837921143,-5.587296485900879,1
OREBA-DIS_1012_1_grm_std_uni,1,6.114546775817871,-5.816504955291748,1
OREBA-DIS_1012_1_grm_std_uni,1,5.820160865783691,-4.73260498046875,1
OREBA-DIS_1012_1_grm_std_uni,1,6.541248321533203,-4.281948566436768,1
OREBA-DIS_1012_1_grm_std_uni,1,7.551407814025879,-4.4616475105285645,1
OREBA-DIS_1012_1_grm_std_uni,1,7.941081523895264,-4.822847843170166,1
OREBA-DIS_1012_1_grm_std_uni,1,8.421870231628418,-5.953335762023926,1
OREBA-DIS_1012_1_grm_std_uni,1,8.223759651184082,-5.6892852783203125,1
OREBA-DIS_1012_1_grm_std_uni,1,6.9914326667785645,-4.680626392364502,1
OREBA-DIS_1012_1_grm_std_uni,1,6.831934452056885,-4.000728607177734,1
OREBA-DIS_1012_1_grm_std_uni,1,6.711470603942871,-3.194880247116089,1
OREBA-DIS_1012_1_grm_std_uni,1,5.924966812133789,-2.7543439865112305,1
OREBA-DIS_1012_1_grm_std_uni,1,5.306211471557617,-2.2005667686462402,1
OREBA-DIS_1012_1_grm_std_uni,1,5.343754768371582,-2.7720563411712646,1
OREBA-DIS_1012_1_grm_std_uni,1,6.5912322998046875,-4.228890419006348,1
OREBA-DIS_1012_1_grm_std_uni,1,7.09566068649292,-5.411356449127197,1
OREBA-DIS_1012_1_grm_std_uni,1,7.613946437835693,-5.241438388824463,1
OREBA-DIS_1012_1_grm_std_uni,1,7.303404331207275,-4.452760696411133,1
OREBA-DIS_1012_1_grm_std_uni,1,7.459774017333984,-4.226423740386963,1
OREBA-DIS_1012_1_grm_std_uni,1,7.8489885330200195,-4.805840015411377,1
OREBA-DIS_1012_1_grm_std_uni,1,7.834680080413818,-4.9184250831604,1
OREBA-DIS_1012_1_grm_std_uni,1,7.6031293869018555,-4.775711536407471,1
OREBA-DIS_1012_1_grm_std_uni,1,7.822469234466553,-4.3945817947387695,1
OREBA-DIS_1012_1_grm_std_uni,1,7.403097152709961,-4.009023666381836,1
OREBA-DIS_1012_1_grm_std_uni,1,7.075855255126953,-4.529663562774658,1
OREBA-DIS_1012_1_grm_std_uni,1,6.217267990112305,-4.152638912200928,1
OREBA-DIS_1012_1_grm_std_uni,1,5.089046001434326,-3.0699622631073,1
OREBA-DIS_1012_1_grm_std_uni,1,5.5976057052612305,-3.837451934814453,1
OREBA-DIS_1012_1_grm_std_uni,1,6.254096031188965,-4.755038738250732,1
OREBA-DIS_1012_1_grm_std_uni,1,6.673735618591309,-4.989288330078125,1
OREBA-DIS_1012_1_grm_std_uni,1,6.785482883453369,-4.892077922821045,1
OREBA-DIS_1012_1_grm_std_uni,1,6.9780731201171875,-5.492197513580322,1
OREBA-DIS_1012_1_grm_std_uni,1,6.1517205238342285,-5.514653205871582,1
OREBA-DIS_1012_1_grm_std_uni,1,5.800457954406738,-5.928546905517578,1
OREBA-DIS_1012_1_grm_std_uni,1,6.160731792449951,-6.165725231170654,1
OREBA-DIS_1012_1_grm_std_uni,1,6.098321437835693,-5.469995498657227,1
OREBA-DIS_1012_1_grm_std_uni,1,6.934561729431152,-4.65341329574585,1
OREBA-DIS_1012_1_grm_std_uni,1,7.4404778480529785,-4.501469135284424,1
OREBA-DIS_1012_1_grm_std_uni,1,7.768821716308594,-4.91414213180542,1
OREBA-DIS_1012_1_grm_std_uni,1,7.765308856964111,-5.473292350769043,1
OREBA-DIS_1012_1_grm_std_uni,1,7.030736446380615,-5.181804180145264,1
OREBA-DIS_1012_1_grm_std_uni,1,6.50651741027832,-4.874787330627441,1
OREBA-DIS_1012_1_grm_std_uni,1,7.393653869628906,-5.903627872467041,1
OREBA-DIS_1012_1_grm_std_uni,1,7.492259502410889,-5.853442192077637,1
OREBA-DIS_1012_1_grm_std_uni,1,7.223211288452148,-5.272209167480469,1
OREBA-DIS_1012_1_grm_std_uni,1,6.161845684051514,-4.665933609008789,1
OREBA-DIS_1012_1_grm_std_uni,1,5.845854759216309,-4.567742824554443,1
OREBA-DIS_1012_1_grm_std_uni,1,5.127225399017334,-3.994128465652466,1
OREBA-DIS_1012_1_grm_std_uni,1,5.258492469787598,-4.093809127807617,1
OREBA-DIS_1012_1_grm_std_uni,1,6.006389617919922,-4.180844783782959,1
OREBA-DIS_1012_1_grm_std_uni,1,6.294891834259033,-4.140626430511475,1
OREBA-DIS_1012_1_grm_std_uni,1,7.273146152496338,-5.281094074249268,1
OREBA-DIS_1012_1_grm_std_uni,1,7.0271124839782715,-5.657792091369629,1
OREBA-DIS_1012_1_grm_std_uni,1,7.142078399658203,-5.424116611480713,1
OREBA-DIS_1012_1_grm_std_uni,1,6.893019199371338,-5.295163154602051,1
OREBA-DIS_1012_1_grm_std_uni,1,7.429365158081055,-5.4192047119140625,1
OREBA-DIS_1012_1_grm_std_uni,1,7.774923324584961,-5.461237907409668,1
OREBA-DIS_1012_1_grm_std_uni,1,7.515475749969482,-5.146387577056885,1
OREBA-DIS_1012_1_grm_std_uni,1,6.518368721008301,-4.961880683898926,1
OREBA-DIS_1012_1_grm_std_uni,1,6.07030725479126,-4.695245742797852,1
OREBA-DIS_1012_1_grm_std_uni,1,5.816640377044678,-4.590713977813721,1
OREBA-DIS_1012_1_grm_std_uni,1,5.661092758178711,-4.703754425048828,1
OREBA-DIS_1012_1_grm_std_uni,1,5.381030082702637,-4.554636001586914,1
OREBA-DIS_1012_1_grm_std_uni,1,5.596697807312012,-4.706952095031738,1
OREBA-DIS_1012_1_grm_std_uni,1,6.072792053222656,-4.944276809692383,1
OREBA-DIS_1012_1_grm_std_uni,1,6.118305206298828,-5.081352233886719,1
OREBA-DIS_1012_1_grm_std_uni,1,5.219478607177734,-4.726876258850098,1
OREBA-DIS_1012_1_grm_std_uni,1,4.613768100738525,-3.7473487854003906,1
OREBA-DIS_1012_1_grm_std_uni,1,4.86622953414917,-3.7903859615325928,1
OREBA-DIS_1012_1_grm_std_uni,1,4.904689788818359,-3.2148962020874023,1
OREBA-DIS_1012_1_grm_std_uni,1,6.1729536056518555,-4.04610538482666,1
OREBA-DIS_1012_1_grm_std_uni,1,6.7716240882873535,-4.570196628570557,1
OREBA-DIS_1012_1_grm_std_uni,1,6.400252819061279,-4.195186138153076,1
OREBA-DIS_1012_1_grm_std_uni,1,5.988815784454346,-3.755803346633911,1
OREBA-DIS_1012_1_grm_std_uni,1,5.440616607666016,-3.4373223781585693,1
OREBA-DIS_1012_1_grm_std_uni,1,4.937893390655518,-3.7503559589385986,1
OREBA-DIS_1012_1_grm_std_uni,1,4.49171781539917,-4.136905193328857,1
OREBA-DIS_1012_1_grm_std_uni,1,4.062976837158203,-3.5612218379974365,1
OREBA-DIS_1012_1_grm_std_uni,1,4.274192810058594,-3.328742265701294,1
OREBA-DIS_1012_1_grm_std_uni,1,4.082642555236816,-3.13779616355896,1
OREBA-DIS_1012_1_grm_std_uni,1,4.1158905029296875,-3.539071798324585,1
OREBA-DIS_1012_1_grm_std_uni,1,5.05625581741333,-4.316681861877441,1
OREBA-DIS_1012_1_grm_std_uni,1,5.944996356964111,-4.237453937530518,1
OREBA-DIS_1012_1_grm_std_uni,1,6.294816970825195,-4.142480850219727,1
OREBA-DIS_1012_1_grm_std_uni,1,6.467023849487305,-4.561837673187256,1
OREBA-DIS_1012_1_grm_std_uni,1,6.439223289489746,-4.925699710845947,1
OREBA-DIS_1012_1_grm_std_uni,1,6.116035461425781,-4.686885833740234,1
OREBA-DIS_1012_1_grm_std_uni,1,7.015152454376221,-4.954111576080322,1
OREBA-DIS_1012_1_grm_std_uni,1,7.150294780731201,-4.648504257202148,1
OREBA-DIS_1012_1_grm_std_uni,1,6.794307708740234,-4.479322910308838,1
OREBA-DIS_1012_1_grm_std_uni,1,6.681160926818848,-4.99827241897583,1
OREBA-DIS_1012_1_grm_std_uni,1,6.052117824554443,-4.411795616149902,1
OREBA-DIS_1012_1_grm_std_uni,1,6.253205299377441,-3.711156129837036,1
OREBA-DIS_1012_1_grm_std_uni,1,7.095582962036133,-3.5550665855407715,1
OREBA-DIS_1012_1_grm_std_uni,1,7.848365306854248,-4.464422702789307,1
OREBA-DIS_1012_1_grm_std_uni,1,7.6964006423950195,-4.678605079650879,1
OREBA-DIS_1012_1_grm_std_uni,1,7.271028518676758,-4.189820766448975,1
OREBA-DIS_1012_1_grm_std_uni,1,6.937371253967285,-3.545933485031128,1
OREBA-DIS_1012_1_grm_std_uni,1,6.885500431060791,-3.244286298751831,1
OREBA-DIS_1012_1_grm_std_uni,1,6.597606182098389,-3.5000178813934326,1
OREBA-DIS_1012_1_grm_std_uni,1,6.5747456550598145,-4.098422527313232,1
OREBA-DIS_1012_1_grm_std_uni,1,6.611159324645996,-4.5293731689453125,1
OREBA-DIS_1012_1_grm_std_uni,1,6.78074836730957,-4.671090126037598,1
OREBA-DIS_1012_1_grm_std_uni,1,6.254110336303711,-4.680681228637695,1
OREBA-DIS_1012_1_grm_std_uni,1,6.814203262329102,-4.80363655090332,1
OREBA-DIS_1012_1_grm_std_uni,1,7.00532341003418,-4.514920711517334,1
OREBA-DIS_1012_1_grm_std_uni,1,7.363869667053223,-4.159808158874512,1
OREBA-DIS_1012_1_grm_std_uni,1,7.101666450500488,-4.310805320739746,1
OREBA-DIS_1012_1_grm_std_uni,1,6.536345481872559,-4.275628566741943,1
OREBA-DIS_1012_1_grm_std_uni,1,6.163339138031006,-3.9613454341888428,1
OREBA-DIS_1012_1_grm_std_uni,1,6.109498977661133,-3.9872524738311768,1
OREBA-DIS_1012_1_grm_std_uni,1,6.478577136993408,-4.604299068450928,1
OREBA-DIS_1012_1_grm_std_uni,1,6.602414131164551,-5.051318645477295,1
OREBA-DIS_1012_1_grm_std_uni,1,6.027683734893799,-4.971194267272949,1
OREBA-DIS_1012_1_grm_std_uni,1,4.997916221618652,-4.043418884277344,1
OREBA-DIS_1012_1_grm_std_uni,1,4.602238178253174,-3.703559637069702,1
OREBA-DIS_1012_1_grm_std_uni,1,4.824366569519043,-4.150671005249023,1
OREBA-DIS_1012_1_grm_std_uni,1,4.787039279937744,-4.593259811401367,1
OREBA-DIS_1012_1_grm_std_uni,1,4.810760498046875,-5.504017353057861,1
OREBA-DIS_1012_1_grm_std_uni,1,5.254703044891357,-5.785367488861084,1
OREBA-DIS_1012_1_grm_std_uni,1,5.527024745941162,-5.490785121917725,1
OREBA-DIS_1012_1_grm_std_uni,1,4.486867427825928,-4.214121341705322,1
OREBA-DIS_1012_1_grm_std_uni,1,4.151238918304443,-3.8586885929107666,1
OREBA-DIS_1012_1_grm_std_uni,1,4.2284722328186035,-3.3639895915985107,1
OREBA-DIS_1012_1_grm_std_uni,1,4.687051773071289,-3.2577362060546875,1
OREBA-DIS_1012_1_grm_std_uni,1,6.608264446258545,-3.627387046813965,1
OREBA-DIS_1012_1_grm_std_uni,1,6.783844470977783,-4.560438632965088,1
OREBA-DIS_1012_1_grm_std_uni,1,6.341415882110596,-4.7715277671813965,1
OREBA-DIS_1012_1_grm_std_uni,1,5.362798690795898,-4.8871564865112305,1
OREBA-DIS_1012_1_grm_std_uni,1,6.058722019195557,-5.3452019691467285,1
OREBA-DIS_1012_1_grm_std_uni,1,6.706840515136719,-5.235686302185059,1
OREBA-DIS_1012_1_grm_std_uni,1,5.486227512359619,-4.220369815826416,1
OREBA-DIS_1012_1_grm_std_uni,1,5.57643461227417,-3.716700553894043,1
OREBA-DIS_1012_1_grm_std_uni,1,5.3550286293029785,-3.8240087032318115,1
OREBA-DIS_1012_1_grm_std_uni,1,5.368887424468994,-4.712090969085693,1
OREBA-DIS_1012_1_grm_std_uni,1,5.4540791511535645,-4.727811813354492,1
OREBA-DIS_1012_1_grm_std_uni,1,6.166011333465576,-4.687350749969482,1
OREBA-DIS_1012_1_grm_std_uni,1,5.833429336547852,-4.519311904907227,1
OREBA-DIS_1012_1_grm_std_uni,1,5.109569072723389,-4.332604885101318,1
OREBA-DIS_1012_1_grm_std_uni,1,4.856114864349365,-3.8288490772247314,1
OREBA-DIS_1012_1_grm_std_uni,1,5.016470432281494,-3.8078083992004395,1
OREBA-DIS_1012_1_grm_std_uni,1,5.98801851272583,-4.226345539093018,1
OREBA-DIS_1012_1_grm_std_uni,1,5.943078994750977,-4.063424110412598,1
OREBA-DIS_1012_1_grm_std_uni,1,5.522159576416016,-3.716895580291748,1
OREBA-DIS_1012_1_grm_std_uni,1,5.248345375061035,-3.7736644744873047,1
OREBA-DIS_1012_1_grm_std_uni,1,6.764272689819336,-3.8441848754882812,1
OREBA-DIS_1012_1_grm_std_uni,1,7.218308448791504,-4.357881546020508,1
OREBA-DIS_1012_1_grm_std_uni,1,6.655201435089111,-4.854379177093506,1
OREBA-DIS_1012_1_grm_std_uni,1,6.955222129821777,-5.626947402954102,1
OREBA-DIS_1012_1_grm_std_uni,1,7.03834867477417,-5.391613960266113,1
OREBA-DIS_1012_1_grm_std_uni,1,7.501237392425537,-4.878894329071045,1
OREBA-DIS_1012_1_grm_std_uni,1,7.287893295288086,-4.49918794631958,1
OREBA-DIS_1012_1_grm_std_uni,1,6.866450309753418,-4.353626251220703,1
OREBA-DIS_1012_1_grm_std_uni,1,7.2908477783203125,-5.333889007568359,1
OREBA-DIS_1012_1_grm_std_uni,1,7.47920560836792,-6.114345550537109,1
OREBA-DIS_1012_1_grm_std_uni,1,6.644735813140869,-5.932826519012451,1
OREBA-DIS_1012_1_grm_std_uni,1,5.820638179779053,-5.071028709411621,1
OREBA-DIS_1012_1_grm_std_uni,1,5.706513404846191,-4.3321757316589355,1
OREBA-DIS_1012_1_grm_std_uni,1,5.865529537200928,-4.622912883758545,1
OREBA-DIS_1012_1_grm_std_uni,1,6.244880199432373,-4.869194984436035,1
OREBA-DIS_1012_1_grm_std_uni,1,6.603789329528809,-4.897093296051025,1
OREBA-DIS_1012_1_grm_std_uni,1,7.0708537101745605,-5.548129558563232,1
OREBA-DIS_1012_1_grm_std_uni,1,6.727071762084961,-5.492974758148193,1
OREBA-DIS_1012_1_grm_std_uni,1,6.50457239151001,-5.130709648132324,1
OREBA-DIS_1012_1_grm_std_uni,1,5.544525623321533,-4.314788341522217,1
OREBA-DIS_1012_1_grm_std_uni,1,6.190655708312988,-4.425530910491943,1
OREBA-DIS_1012_1_grm_std_uni,1,6.284916877746582,-4.220836639404297,1
OREBA-DIS_1012_1_grm_std_uni,1,5.950103759765625,-3.5237088203430176,1
OREBA-DIS_1012_1_grm_std_uni,1,6.09006404876709,-3.523775815963745,1
OREBA-DIS_1012_1_grm_std_uni,1,6.218774318695068,-3.951117753982544,1
OREBA-DIS_1012_1_grm_std_uni,1,6.458917617797852,-4.110462665557861,1
OREBA-DIS_1012_1_grm_std_uni,1,7.0380635261535645,-4.73569393157959,1
OREBA-DIS_1012_1_grm_std_uni,1,7.407415866851807,-6.2229485511779785,1
OREBA-DIS_1012_1_grm_std_uni,1,7.4934916496276855,-6.9042134284973145,1
OREBA-DIS_1012_1_grm_std_uni,1,6.395084857940674,-6.577329635620117,1
OREBA-DIS_1012_1_grm_std_uni,1,5.230254650115967,-5.626593112945557,1
OREBA-DIS_1012_1_grm_std_uni,1,4.416557788848877,-4.625720500946045,1
OREBA-DIS_1012_1_grm_std_uni,1,4.598156929016113,-3.517646312713623,1
OREBA-DIS_1012_1_grm_std_uni,1,5.232689380645752,-3.064761161804199,1
OREBA-DIS_1012_1_grm_std_uni,1,6.349733352661133,-3.478215456008911,1
OREBA-DIS_1012_1_grm_std_uni,1,7.0624589920043945,-3.867999792098999,1
OREBA-DIS_1012_1_grm_std_uni,1,7.360016822814941,-3.932457685470581,1
OREBA-DIS_1012_1_grm_std_uni,1,7.07824182510376,-3.9334464073181152,1
OREBA-DIS_1012_1_grm_std_uni,1,6.764360427856445,-4.007349967956543,1
OREBA-DIS_1012_1_grm_std_uni,1,7.023378849029541,-4.120171546936035,1
OREBA-DIS_1012_1_grm_std_uni,1,6.96797513961792,-4.434466361999512,1
OREBA-DIS_1012_1_grm_std_uni,1,6.465114593505859,-4.726110458374023,1
OREBA-DIS_1012_1_grm_std_uni,1,6.014133930206299,-4.114871025085449,1
OREBA-DIS_1012_1_grm_std_uni,1,5.274203777313232,-3.8496062755584717,1
OREBA-DIS_1012_1_grm_std_uni,1,5.277553081512451,-3.8848588466644287,1
OREBA-DIS_1012_1_grm_std_uni,1,5.6561808586120605,-3.968005657196045,1
OREBA-DIS_1012_1_grm_std_uni,1,5.628020763397217,-3.7538952827453613,1
OREBA-DIS_1012_1_grm_std_uni,1,5.795375347137451,-3.8586950302124023,1
OREBA-DIS_1012_1_grm_std_uni,1,5.179823875427246,-3.7611117362976074,1
OREBA-DIS_1012_1_grm_std_uni,1,5.124952793121338,-3.433925151824951,1
OREBA-DIS_1012_1_grm_std_uni,1,5.550596714019775,-3.25746488571167,1
OREBA-DIS_1012_1_grm_std_uni,1,5.642475128173828,-3.5653111934661865,1
OREBA-DIS_1012_1_grm_std_uni,1,5.566077709197998,-3.9711248874664307,1
OREBA-DIS_1012_1_grm_std_uni,1,5.199109077453613,-3.394625186920166,1
OREBA-DIS_1012_1_grm_std_uni,1,5.052773952484131,-2.569638967514038,1
OREBA-DIS_1012_1_grm_std_uni,1,5.074703216552734,-2.3177921772003174,1
OREBA-DIS_1012_1_grm_std_uni,1,5.2266082763671875,-2.733889102935791,1
OREBA-DIS_1012_1_grm_std_uni,1,5.326533794403076,-2.9675440788269043,1
OREBA-DIS_1012_1_grm_std_uni,1,4.490662097930908,-2.8670387268066406,1
OREBA-DIS_1012_1_grm_std_uni,1,4.142506122589111,-3.6352035999298096,1
OREBA-DIS_1012_1_grm_std_uni,1,3.428534507751465,-3.655439615249634,1
OREBA-DIS_1012_1_grm_std_uni,1,3.1104211807250977,-3.867161512374878,1
OREBA-DIS_1012_1_grm_std_uni,1,3.596992015838623,-4.366158485412598,1
OREBA-DIS_1012_1_grm_std_uni,1,4.330068588256836,-5.160923480987549,1
OREBA-DIS_1012_1_grm_std_uni,1,5.592006683349609,-5.703800201416016,1
OREBA-DIS_1012_1_grm_std_uni,1,5.809905529022217,-5.493884086608887,1
OREBA-DIS_1012_1_grm_std_uni,1,5.478397369384766,-5.105780124664307,1
OREBA-DIS_1012_1_grm_std_uni,1,5.291192054748535,-4.807620048522949,1
OREBA-DIS_1012_1_grm_std_uni,1,5.34469747543335,-5.031667709350586,1
OREBA-DIS_1012_1_grm_std_uni,1,5.178831100463867,-5.142672061920166,1
OREBA-DIS_1012_1_grm_std_uni,1,4.995603561401367,-4.954318046569824,1
OREBA-DIS_1012_1_grm_std_uni,1,4.832077503204346,-4.836406230926514,1
OREBA-DIS_1012_1_grm_std_uni,1,4.793062686920166,-5.0191330909729,1
OREBA-DIS_1012_1_grm_std_uni,1,4.420495510101318,-5.02100944519043,1
OREBA-DIS_1012_1_grm_std_uni,1,4.101423263549805,-4.93838357925415,1
OREBA-DIS_1012_1_grm_std_uni,1,4.265732765197754,-4.8472747802734375,1
OREBA-DIS_1012_1_grm_std_uni,1,4.463394641876221,-4.886157989501953,1
OREBA-DIS_1012_1_grm_std_uni,1,4.086982250213623,-4.818470478057861,1
OREBA-DIS_1012_1_grm_std_uni,1,3.190664052963257,-4.4544572830200195,1
OREBA-DIS_1012_1_grm_std_uni,1,2.8861260414123535,-4.347725868225098,1
OREBA-DIS_1012_1_grm_std_uni,1,3.204653739929199,-4.643964767456055,1
OREBA-DIS_1012_1_grm_std_uni,1,3.3449490070343018,-4.675243377685547,1
OREBA-DIS_1012_1_grm_std_uni,1,3.670738697052002,-4.912555694580078,1
OREBA-DIS_1012_1_grm_std_uni,1,3.9330685138702393,-5.0561699867248535,1
OREBA-DIS_1012_1_grm_std_uni,1,3.933267831802368,-5.1068854331970215,1
OREBA-DIS_1012_1_grm_std_uni,1,4.0125203132629395,-5.117628574371338,1
OREBA-DIS_1012_1_grm_std_uni,1,4.030155658721924,-5.193068504333496,1
OREBA-DIS_1012_1_grm_std_uni,1,3.526510715484619,-4.8952155113220215,1
OREBA-DIS_1012_1_grm_std_uni,1,3.0500783920288086,-4.38084602355957,1
OREBA-DIS_1012_1_grm_std_uni,1,2.1365537643432617,-2.906761646270752,1
OREBA-DIS_1012_1_grm_std_uni,1,2.187124729156494,-2.6827914714813232,1
OREBA-DIS_1012_1_grm_std_uni,1,2.359769821166992,-2.4888980388641357,1
OREBA-DIS_1012_1_grm_std_uni,1,3.0711464881896973,-3.196319580078125,1
OREBA-DIS_1012_1_grm_std_uni,1,4.52341890335083,-5.195362091064453,1
OREBA-DIS_1012_1_grm_std_uni,1,4.297178268432617,-5.536650657653809,1
OREBA-DIS_1012_1_grm_std_uni,1,4.492195129394531,-5.466757297515869,1
OREBA-DIS_1012_1_grm_std_uni,1,4.764068603515625,-5.4304327964782715,1
OREBA-DIS_1012_1_grm_std_uni,1,4.671405792236328,-5.325164318084717,1
OREBA-DIS_1012_1_grm_std_uni,1,4.377900123596191,-4.697327136993408,1
OREBA-DIS_1012_1_grm_std_uni,1,4.152467727661133,-3.2599992752075195,1
OREBA-DIS_1012_1_grm_std_uni,1,4.204493999481201,-2.5819220542907715,1
OREBA-DIS_1012_1_grm_std_uni,1,5.620246887207031,-2.9723856449127197,1
OREBA-DIS_1012_1_grm_std_uni,1,6.904832363128662,-4.185306549072266,1
OREBA-DIS_1012_1_grm_std_uni,1,7.53994083404541,-5.352359294891357,1
OREBA-DIS_1012_1_grm_std_uni,1,7.290858268737793,-5.906750202178955,1
OREBA-DIS_1012_1_grm_std_uni,1,6.7191667556762695,-6.091366767883301,1
OREBA-DIS_1012_1_grm_std_uni,1,6.616707801818848,-5.928304195404053,1
OREBA-DIS_1012_1_grm_std_uni,1,6.749393463134766,-5.960376262664795,1
OREBA-DIS_1012_1_grm_std_uni,1,6.520666599273682,-5.751623630523682,1
OREBA-DIS_1012_1_grm_std_uni,1,5.773989677429199,-5.099260330200195,1
OREBA-DIS_1012_1_grm_std_uni,1,5.209474563598633,-4.533077239990234,1
OREBA-DIS_1012_1_grm_std_uni,1,5.221606731414795,-4.861992835998535,1
OREBA-DIS_1012_1_grm_std_uni,1,5.929433822631836,-5.405302047729492,1
OREBA-DIS_1012_1_grm_std_uni,1,5.534820079803467,-5.0525736808776855,1
OREBA-DIS_1012_1_grm_std_uni,1,5.526190280914307,-4.5569682121276855,1
OREBA-DIS_1012_1_grm_std_uni,1,6.026329517364502,-4.593854904174805,1
OREBA-DIS_1012_1_grm_std_uni,1,6.563532829284668,-5.200795650482178,1
OREBA-DIS_1012_1_grm_std_uni,1,5.764983654022217,-4.66951322555542,1
OREBA-DIS_1012_1_grm_std_uni,1,6.052182674407959,-4.423062801361084,1
OREBA-DIS_1012_1_grm_std_uni,1,5.096502304077148,-3.9626951217651367,1
OREBA-DIS_1012_1_grm_std_uni,1,5.559678554534912,-4.186864852905273,1
OREBA-DIS_1012_1_grm_std_uni,1,6.967735290527344,-4.817439079284668,1
OREBA-DIS_1012_1_grm_std_uni,1,7.155423164367676,-4.464418888092041,1
OREBA-DIS_1012_1_grm_std_uni,1,6.222592830657959,-3.1930644512176514,1
OREBA-DIS_1012_1_grm_std_uni,1,5.781538486480713,-2.694293737411499,1
OREBA-DIS_1012_1_grm_std_uni,1,6.550230979919434,-3.6972665786743164,1
OREBA-DIS_1012_1_grm_std_uni,1,6.862914085388184,-3.2840001583099365,1
OREBA-DIS_1012_1_grm_std_uni,1,6.673890590667725,-3.40462589263916,1
OREBA-DIS_1012_1_grm_std_uni,1,6.979034900665283,-3.6974918842315674,1
OREBA-DIS_1012_1_grm_std_uni,1,7.1037211418151855,-3.3543596267700195,1
OREBA-DIS_1012_1_grm_std_uni,1,6.886176586151123,-3.405128240585327,1
OREBA-DIS_1012_1_grm_std_uni,1,7.213990211486816,-3.5377626419067383,1
OREBA-DIS_1012_1_grm_std_uni,1,7.191629886627197,-3.2495791912078857,1
OREBA-DIS_1012_1_grm_std_uni,1,7.021474838256836,-3.546121120452881,1
OREBA-DIS_1012_1_grm_std_uni,1,7.0616374015808105,-3.6558525562286377,1
OREBA-DIS_1012_1_grm_std_uni,1,6.734656810760498,-3.2990169525146484,1
OREBA-DIS_1012_1_grm_std_uni,1,6.304110050201416,-3.2674760818481445,1
OREBA-DIS_1012_1_grm_std_uni,1,6.786318778991699,-3.8942112922668457,1
OREBA-DIS_1012_1_grm_std_uni,1,6.718071460723877,-3.1485793590545654,1
OREBA-DIS_1012_1_grm_std_uni,1,6.378119468688965,-3.340339422225952,1
OREBA-DIS_1012_1_grm_std_uni,1,6.868400573730469,-4.03364372253418,1
OREBA-DIS_1012_1_grm_std_uni,1,6.810932636260986,-3.5154824256896973,1
OREBA-DIS_1012_1_grm_std_uni,1,6.416329383850098,-3.530724048614502,1
OREBA-DIS_1012_1_grm_std_uni,1,6.755662441253662,-3.8569672107696533,1
OREBA-DIS_1012_1_grm_std_uni,1,6.590888977050781,-2.9556705951690674,1
OREBA-DIS_1012_1_grm_std_uni,1,6.520190715789795,-2.9164042472839355,1
OREBA-DIS_1012_1_grm_std_uni,1,6.807873725891113,-3.7789664268493652,1
OREBA-DIS_1012_1_grm_std_uni,1,7.057825565338135,-3.588118076324463,1
OREBA-DIS_1012_1_grm_std_uni,1,7.080970764160156,-3.805438995361328,1
OREBA-DIS_1012_1_grm_std_uni,1,7.381703853607178,-4.1760993003845215,1
OREBA-DIS_1012_1_grm_std_uni,1,7.214998722076416,-3.8858628273010254,1
OREBA-DIS_1012_1_grm_std_uni,1,6.5660247802734375,-3.0972394943237305,1
OREBA-DIS_1012_1_grm_std_uni,1,7.056080341339111,-3.5917985439300537,1
OREBA-DIS_1012_1_grm_std_uni,1,7.017107009887695,-3.4674746990203857,1
OREBA-DIS_1012_1_grm_std_uni,1,7.0027852058410645,-3.5263166427612305,1
OREBA-DIS_1012_1_grm_std_uni,1,7.339087009429932,-4.0801167488098145,1
OREBA-DIS_1012_1_grm_std_uni,1,6.782474517822266,-3.2026798725128174,1
OREBA-DIS_1012_1_grm_std_uni,1,6.703571319580078,-2.9695217609405518,1
OREBA-DIS_1012_1_grm_std_uni,1,7.074742794036865,-3.768648147583008,1
OREBA-DIS_1012_1_grm_std_uni,1,7.323526382446289,-4.049698829650879,1
OREBA-DIS_1012_1_grm_std_uni,1,6.777614593505859,-3.489335060119629,1
OREBA-DIS_1012_1_grm_std_uni,1,7.377814769744873,-3.609140396118164,1
OREBA-DIS_1012_1_grm_std_uni,1,7.83898401260376,-3.494709014892578,1
OREBA-DIS_1012_1_grm_std_uni,1,7.339469909667969,-3.288142204284668,1
OREBA-DIS_1012_1_grm_std_uni,1,7.442380905151367,-3.5832271575927734,1
OREBA-DIS_1012_1_grm_std_uni,1,8.197084426879883,-3.878948450088501,1
OREBA-DIS_1012_1_grm_std_uni,1,8.522481918334961,-4.145669937133789,1
OREBA-DIS_1012_1_grm_std_uni,1,8.442078590393066,-4.5391764640808105,1
OREBA-DIS_1012_1_grm_std_uni,1,7.392343521118164,-3.901442050933838,1
OREBA-DIS_1012_1_grm_std_uni,1,7.450073719024658,-3.934141159057617,1
OREBA-DIS_1012_1_grm_std_uni,1,7.773303031921387,-4.502641201019287,1
OREBA-DIS_1012_1_grm_std_uni,1,7.770999431610107,-4.9796648025512695,1
OREBA-DIS_1012_1_grm_std_uni,1,6.820098400115967,-5.085899829864502,1
OREBA-DIS_1012_1_grm_std_uni,1,6.104167938232422,-3.9370508193969727,1
OREBA-DIS_1012_1_grm_std_uni,1,6.075137138366699,-2.7860889434814453,1
OREBA-DIS_1012_1_grm_std_uni,1,6.599574565887451,-2.9439854621887207,1
OREBA-DIS_1012_1_grm_std_uni,1,6.836746692657471,-3.9253976345062256,1
OREBA-DIS_1012_1_grm_std_uni,1,6.891171455383301,-3.8982770442962646,1
OREBA-DIS_1012_1_grm_std_uni,1,7.508322238922119,-4.541764259338379,1
OREBA-DIS_1012_1_grm_std_uni,1,7.831753253936768,-5.3537492752075195,1
OREBA-DIS_1012_1_grm_std_uni,1,7.768258571624756,-5.842644691467285,1
OREBA-DIS_1012_1_grm_std_uni,1,7.395069599151611,-6.05265474319458,1
OREBA-DIS_1012_1_grm_std_uni,1,7.343451023101807,-6.502054214477539,1
OREBA-DIS_1012_1_grm_std_uni,1,6.589463710784912,-6.611481666564941,1
OREBA-DIS_1012_1_grm_std_uni,1,6.367406845092773,-6.757750511169434,1
OREBA-DIS_1012_1_grm_std_uni,1,5.931384563446045,-6.96591854095459,1
OREBA-DIS_1012_1_grm_std_uni,1,5.3033061027526855,-6.330903053283691,1
OREBA-DIS_1012_1_grm_std_uni,1,5.039237976074219,-5.671191692352295,1
OREBA-DIS_1012_1_grm_std_uni,1,5.523713111877441,-5.06452751159668,1
OREBA-DIS_1012_1_grm_std_uni,1,6.075758934020996,-4.596758842468262,1
OREBA-DIS_1012_1_grm_std_uni,1,6.207124710083008,-4.187404632568359,1
OREBA-DIS_1012_1_grm_std_uni,1,6.023366451263428,-3.4231603145599365,1
OREBA-DIS_1012_1_grm_std_uni,1,6.087944984436035,-2.651061534881592,1
OREBA-DIS_1012_1_grm_std_uni,1,5.963965892791748,-2.2723405361175537,1
OREBA-DIS_1012_1_grm_std_uni,1,5.065973281860352,-2.343571186065674,1
OREBA-DIS_1012_1_grm_std_uni,1,5.0076704025268555,-2.8264641761779785,1
OREBA-DIS_1012_1_grm_std_uni,1,5.395099639892578,-3.021498441696167,1
OREBA-DIS_1012_1_grm_std_uni,1,5.06634521484375,-2.963883399963379,1
OREBA-DIS_1012_1_grm_std_uni,1,5.0949506759643555,-3.099541425704956,1
OREBA-DIS_1012_1_grm_std_uni,1,5.142758369445801,-3.6116392612457275,1
OREBA-DIS_1012_1_grm_std_uni,1,5.116850852966309,-3.5782463550567627,1
OREBA-DIS_1012_1_grm_std_uni,1,5.287637233734131,-3.4201364517211914,1
OREBA-DIS_1012_1_grm_std_uni,1,6.249843120574951,-3.673797607421875,1
OREBA-DIS_1012_1_grm_std_uni,1,6.946651458740234,-4.138100624084473,1
OREBA-DIS_1012_1_grm_std_uni,1,7.188680171966553,-4.041260719299316,1
OREBA-DIS_1012_1_grm_std_uni,1,7.444883346557617,-4.3424882888793945,1
OREBA-DIS_1012_1_grm_std_uni,1,7.8434906005859375,-4.419671535491943,1
OREBA-DIS_1012_1_grm_std_uni,1,7.7651286125183105,-4.226342678070068,1
OREBA-DIS_1012_1_grm_std_uni,1,7.185193061828613,-3.5330986976623535,1
OREBA-DIS_1012_1_grm_std_uni,1,6.951213359832764,-3.6508736610412598,1
OREBA-DIS_1012_1_grm_std_uni,1,6.413529396057129,-3.901998281478882,1
OREBA-DIS_1012_1_grm_std_uni,1,5.499772071838379,-3.5980186462402344,1
OREBA-DIS_1012_1_grm_std_uni,1,5.461076259613037,-3.8846921920776367,1
OREBA-DIS_1012_1_grm_std_uni,1,5.1204609870910645,-3.6791460514068604,1
OREBA-DIS_1012_1_grm_std_uni,1,4.675053596496582,-2.4501843452453613,1
OREBA-DIS_1012_1_grm_std_uni,1,6.0566511154174805,-2.7737724781036377,1
OREBA-DIS_1012_1_grm_std_uni,1,6.126399993896484,-2.243803024291992,1
OREBA-DIS_1012_1_grm_std_uni,1,6.00614070892334,-3.520564079284668,1
OREBA-DIS_1012_1_grm_std_uni,1,4.380140781402588,-4.31052303314209,1
OREBA-DIS_1012_1_grm_std_uni,1,3.9859981536865234,-5.12810754776001,1
OREBA-DIS_1012_1_grm_std_uni,1,3.3297793865203857,-4.511049747467041,1
OREBA-DIS_1012_1_grm_std_uni,1,2.8112130165100098,-3.8236265182495117,1
OREBA-DIS_1012_1_grm_std_uni,1,2.770026922225952,-3.804033041000366,1
OREBA-DIS_1012_1_grm_std_uni,1,2.7703418731689453,-3.541773796081543,1
OREBA-DIS_1012_1_grm_std_uni,1,2.5302321910858154,-3.433652400970459,1
OREBA-DIS_1012_1_grm_std_uni,1,2.5715391635894775,-3.874281883239746,1
OREBA-DIS_1012_1_grm_std_uni,1,3.1813602447509766,-4.258803367614746,1
OREBA-DIS_1012_1_grm_std_uni,1,4.731375217437744,-4.969326496124268,1
OREBA-DIS_1012_1_grm_std_uni,1,4.315887451171875,-3.7027437686920166,1
OREBA-DIS_1012_1_grm_std_uni,1,4.975594520568848,-3.792102575302124,1
OREBA-DIS_1012_1_grm_std_uni,1,5.4481024742126465,-3.77488374710083,1
OREBA-DIS_1012_1_grm_std_uni,1,5.45236873626709,-4.2166008949279785,1
OREBA-DIS_1012_1_grm_std_uni,1,5.596237659454346,-4.35612154006958,1
OREBA-DIS_1012_1_grm_std_uni,1,5.735827445983887,-3.59086012840271,1
OREBA-DIS_1012_1_grm_std_uni,1,5.372108459472656,-3.1845853328704834,1
OREBA-DIS_1012_1_grm_std_uni,1,5.87096643447876,-3.588279962539673,1
OREBA-DIS_1012_1_grm_std_uni,1,5.7595415115356445,-3.742764949798584,1
OREBA-DIS_1012_1_grm_std_uni,1,5.613419532775879,-4.90043306350708,1
OREBA-DIS_1012_1_grm_std_uni,1,5.870195388793945,-5.461507320404053,1
OREBA-DIS_1012_1_grm_std_uni,1,6.359208106994629,-5.3438639640808105,1
OREBA-DIS_1012_1_grm_std_uni,1,7.120063304901123,-4.88398551940918,1
OREBA-DIS_1012_1_grm_std_uni,1,7.2634053230285645,-4.609655857086182,1
OREBA-DIS_1012_1_grm_std_uni,1,7.491271018981934,-4.974928379058838,1
OREBA-DIS_1012_1_grm_std_uni,1,7.2809953689575195,-5.12372350692749,1
OREBA-DIS_1012_1_grm_std_uni,1,6.707855701446533,-5.382432460784912,1
OREBA-DIS_1012_1_grm_std_uni,1,6.511784553527832,-5.512691974639893,1
OREBA-DIS_1012_1_grm_std_uni,1,5.719503402709961,-5.588346004486084,1
OREBA-DIS_1012_1_grm_std_uni,1,6.713522911071777,-5.480688095092773,1
OREBA-DIS_1012_1_grm_std_uni,1,6.1579060554504395,-5.039760589599609,1
OREBA-DIS_1012_1_grm_std_uni,1,6.766868591308594,-5.171717643737793,1
OREBA-DIS_1012_1_grm_std_uni,1,7.5959954261779785,-6.303544044494629,1
OREBA-DIS_1012_1_grm_std_uni,1,6.945839881896973,-6.303689002990723,1
OREBA-DIS_1012_1_grm_std_uni,1,6.767281532287598,-5.321710109710693,1
OREBA-DIS_1012_1_grm_std_uni,1,7.433196544647217,-5.39805269241333,1
OREBA-DIS_1012_1_grm_std_uni,1,4.017358779907227,-2.9696044921875,1
OREBA-DIS_1012_1_grm_std_uni,1,0.47778671979904175,0.7959842085838318,2
OREBA-DIS_1012_1_grm_std_uni,1,1.4024428129196167,-0.7481649518013,1
OREBA-DIS_1012_1_grm_std_uni,1,4.757211685180664,-5.754274368286133,1
OREBA-DIS_1012_1_grm_std_uni,1,6.184675693511963,-6.66590690612793,1
OREBA-DIS_1012_1_grm_std_uni,1,6.668399810791016,-6.691645622253418,1
OREBA-DIS_1012_1_grm_std_uni,1,6.8995361328125,-6.106564998626709,1
OREBA-DIS_1012_1_grm_std_uni,1,6.2802629470825195,-5.043961048126221,1
OREBA-DIS_1012_1_grm_std_uni,1,5.890826225280762,-4.642225742340088,1
OREBA-DIS_1012_1_grm_std_uni,1,6.7390522956848145,-4.606656551361084,1
OREBA-DIS_1012_1_grm_std_uni,1,6.3242363929748535,-4.363408088684082,1
OREBA-DIS_1012_1_grm_std_uni,1,6.233572483062744,-4.474738597869873,1
OREBA-DIS_1012_1_grm_std_uni,1,6.157894134521484,-4.36608362197876,1
OREBA-DIS_1012_1_grm_std_uni,1,7.094491958618164,-5.027978897094727,1
OREBA-DIS_1012_1_grm_std_uni,1,6.844162940979004,-5.046720027923584,1
OREBA-DIS_1012_1_grm_std_uni,1,6.817432880401611,-5.366089344024658,1
OREBA-DIS_1012_1_grm_std_uni,1,6.458024978637695,-5.5488386154174805,1
OREBA-DIS_1012_1_grm_std_uni,1,6.0796003341674805,-5.736200332641602,1
OREBA-DIS_1012_1_grm_std_uni,1,5.826023101806641,-5.873968601226807,1
OREBA-DIS_1012_1_grm_std_uni,1,6.328139305114746,-6.233293056488037,1
OREBA-DIS_1012_1_grm_std_uni,1,6.731905460357666,-7.021146774291992,1
OREBA-DIS_1012_1_grm_std_uni,1,6.778313636779785,-6.950944900512695,1
OREBA-DIS_1012_1_grm_std_uni,1,7.149394512176514,-6.95538854598999,1
OREBA-DIS_1012_1_grm_std_uni,1,7.2340192794799805,-7.051786422729492,1
OREBA-DIS_1012_1_grm_std_uni,1,6.634698867797852,-7.133051872253418,1
OREBA-DIS_1012_1_grm_std_uni,1,6.109227657318115,-6.164367198944092,1
OREBA-DIS_1012_1_grm_std_uni,1,4.929203510284424,-4.545779228210449,1
OREBA-DIS_1012_1_grm_std_uni,1,4.557359218597412,-3.5385611057281494,1
OREBA-DIS_1012_1_grm_std_uni,1,5.002449989318848,-3.9996676445007324,1
OREBA-DIS_1012_1_grm_std_uni,1,6.038506984710693,-4.760663032531738,1
OREBA-DIS_1012_1_grm_std_uni,1,6.312317848205566,-5.112913131713867,1
OREBA-DIS_1012_1_grm_std_uni,1,5.8913068771362305,-4.9998650550842285,1
OREBA-DIS_1012_1_grm_std_uni,1,4.563731670379639,-3.8785488605499268,1
OREBA-DIS_1012_1_grm_std_uni,1,4.13684606552124,-2.9333457946777344,1
OREBA-DIS_1012_1_grm_std_uni,1,4.337461948394775,-2.6568522453308105,1
OREBA-DIS_1012_1_grm_std_uni,1,5.089662551879883,-3.154560089111328,1
OREBA-DIS_1012_1_grm_std_uni,1,5.703178882598877,-3.442894697189331,1
OREBA-DIS_1012_1_grm_std_uni,1,5.778469085693359,-3.9288060665130615,1
OREBA-DIS_1012_1_grm_std_uni,1,7.127131462097168,-4.958926200866699,1
OREBA-DIS_1012_1_grm_std_uni,1,7.296520709991455,-4.996182441711426,1
OREBA-DIS_1012_1_grm_std_uni,1,7.448985576629639,-5.564963340759277,1
OREBA-DIS_1012_1_grm_std_uni,1,7.7178263664245605,-5.989441394805908,1
OREBA-DIS_1012_1_grm_std_uni,1,5.648009300231934,-4.911946773529053,1
OREBA-DIS_1012_1_grm_std_uni,1,4.497785568237305,-4.924994945526123,1
OREBA-DIS_1012_1_grm_std_uni,1,4.865994453430176,-4.913989543914795,1
OREBA-DIS_1012_1_grm_std_uni,1,5.023230075836182,-4.3125433921813965,1
OREBA-DIS_1012_1_grm_std_uni,1,4.378463268280029,-2.944333791732788,1
OREBA-DIS_1012_1_grm_std_uni,1,5.958792686462402,-3.568054676055908,1
OREBA-DIS_1012_1_grm_std_uni,1,6.888169288635254,-4.176432132720947,1
OREBA-DIS_1012_1_grm_std_uni,1,7.181953430175781,-4.742156982421875,1
OREBA-DIS_1012_1_grm_std_uni,1,6.860230922698975,-5.3556389808654785,1
OREBA-DIS_1012_1_grm_std_uni,1,6.563407897949219,-6.064573764801025,1
OREBA-DIS_1012_1_grm_std_uni,1,5.360970973968506,-5.638399600982666,1
OREBA-DIS_1012_1_grm_std_uni,1,6.350977897644043,-5.352994918823242,1
OREBA-DIS_1012_1_grm_std_uni,1,6.642612457275391,-4.987692356109619,1
OREBA-DIS_1012_1_grm_std_uni,1,5.977095127105713,-4.38576078414917,1
OREBA-DIS_1012_1_grm_std_uni,1,5.813243389129639,-3.515841245651245,1
OREBA-DIS_1012_1_grm_std_uni,1,5.4843034744262695,-3.3933372497558594,1
OREBA-DIS_1012_1_grm_std_uni,1,5.666667938232422,-4.61037015914917,1
OREBA-DIS_1012_1_grm_std_uni,1,6.5844855308532715,-4.678818225860596,1
OREBA-DIS_1012_1_grm_std_uni,1,6.6952080726623535,-4.289451599121094,1
OREBA-DIS_1012_1_grm_std_uni,1,6.530449390411377,-4.662893295288086,1
OREBA-DIS_1012_1_grm_std_uni,1,7.634638786315918,-5.570394515991211,1
OREBA-DIS_1012_1_grm_std_uni,1,7.924973487854004,-6.0855255126953125,1
OREBA-DIS_1012_1_grm_std_uni,1,7.861260890960693,-6.5820794105529785,1
OREBA-DIS_1012_1_grm_std_uni,1,7.694087028503418,-6.759174346923828,1
OREBA-DIS_1012_1_grm_std_uni,1,7.1392822265625,-6.319973945617676,1
OREBA-DIS_1012_1_grm_std_uni,1,6.707422733306885,-6.118149280548096,1
OREBA-DIS_1012_1_grm_std_uni,1,6.541463851928711,-6.415918827056885,1
OREBA-DIS_1012_1_grm_std_uni,1,6.693863868713379,-7.029170513153076,1
OREBA-DIS_1012_1_grm_std_uni,1,6.733853340148926,-7.084935188293457,1
OREBA-DIS_1012_1_grm_std_uni,1,6.085079193115234,-6.839190483093262,1
OREBA-DIS_1012_1_grm_std_uni,1,5.296693325042725,-6.299251079559326,1
OREBA-DIS_1012_1_grm_std_uni,1,5.246007442474365,-6.125279903411865,1
OREBA-DIS_1012_1_grm_std_uni,1,5.236814975738525,-5.542374610900879,1
OREBA-DIS_1012_1_grm_std_uni,1,5.226468563079834,-4.6402692794799805,1
OREBA-DIS_1012_1_grm_std_uni,1,5.337423801422119,-4.57340145111084,1
OREBA-DIS_1012_1_grm_std_uni,1,6.037955284118652,-5.121113300323486,1
OREBA-DIS_1012_1_grm_std_uni,1,7.416107177734375,-6.220095634460449,1
OREBA-DIS_1012_1_grm_std_uni,1,7.160611629486084,-5.800130844116211,1
OREBA-DIS_1012_1_grm_std_uni,1,6.974737167358398,-5.7565999031066895,1
OREBA-DIS_1012_1_grm_std_uni,1,7.096302509307861,-5.466430187225342,1
OREBA-DIS_1012_1_grm_std_uni,1,6.779109001159668,-4.643709659576416,1
OREBA-DIS_1012_1_grm_std_uni,1,7.102967739105225,-4.92031717300415,1
OREBA-DIS_1012_1_grm_std_uni,1,7.262661933898926,-4.865129470825195,1
OREBA-DIS_1012_1_grm_std_uni,1,7.439453125,-4.999708652496338,1
OREBA-DIS_1012_1_grm_std_uni,1,7.37753438949585,-4.663702011108398,1
OREBA-DIS_1012_1_grm_std_uni,1,7.51753568649292,-3.949742317199707,1
OREBA-DIS_1012_1_grm_std_uni,1,7.275834560394287,-3.761176586151123,1
OREBA-DIS_1012_1_grm_std_uni,1,7.129693984985352,-3.417858600616455,1
OREBA-DIS_1012_1_grm_std_uni,1,7.092822551727295,-3.502882957458496,1
OREBA-DIS_1012_1_grm_std_uni,1,8.650190353393555,-6.0653462409973145,1
OREBA-DIS_1012_1_grm_std_uni,1,8.26620864868164,-5.606832027435303,1
OREBA-DIS_1012_1_grm_std_uni,1,8.524242401123047,-5.668000221252441,1
OREBA-DIS_1012_1_grm_std_uni,1,8.590856552124023,-5.898195266723633,1
OREBA-DIS_1012_1_grm_std_uni,1,8.685952186584473,-6.070382118225098,1
OREBA-DIS_1012_1_grm_std_uni,1,8.510193824768066,-5.506854057312012,1
OREBA-DIS_1012_1_grm_std_uni,1,8.068543434143066,-5.058304786682129,1
OREBA-DIS_1012_1_grm_std_uni,1,7.947764873504639,-5.881272792816162,1
OREBA-DIS_1012_1_grm_std_uni,1,8.207823753356934,-6.465258598327637,1
OREBA-DIS_1012_1_grm_std_uni,1,8.072832107543945,-6.45074987411499,1
OREBA-DIS_1012_1_grm_std_uni,1,7.866013050079346,-6.066847324371338,1
OREBA-DIS_1012_1_grm_std_uni,1,7.769081115722656,-5.8484015464782715,1
OREBA-DIS_1012_1_grm_std_uni,1,7.382200717926025,-5.193475246429443,1
OREBA-DIS_1012_1_grm_std_uni,1,6.44708776473999,-5.353853225708008,1
OREBA-DIS_1012_1_grm_std_uni,1,5.63881778717041,-6.1811041831970215,1
OREBA-DIS_1012_1_grm_std_uni,1,4.789008617401123,-5.847952365875244,1
OREBA-DIS_1012_1_grm_std_uni,1,4.048407077789307,-4.838202476501465,1
OREBA-DIS_1012_1_grm_std_uni,1,4.715425968170166,-3.9738237857818604,1
OREBA-DIS_1012_1_grm_std_uni,1,5.867258548736572,-4.234645366668701,1
OREBA-DIS_1012_1_grm_std_uni,1,6.345067501068115,-4.473240375518799,1
OREBA-DIS_1012_1_grm_std_uni,1,7.562898635864258,-4.9823150634765625,1
OREBA-DIS_1012_1_grm_std_uni,1,6.846572399139404,-5.185092449188232,1
OREBA-DIS_1012_1_grm_std_uni,1,5.591825008392334,-5.643442153930664,1
OREBA-DIS_1012_1_grm_std_uni,1,4.236522674560547,-4.950552463531494,1
OREBA-DIS_1012_1_grm_std_uni,1,4.736899375915527,-4.904305934906006,1
OREBA-DIS_1012_1_grm_std_uni,1,3.3804800510406494,-2.262796640396118,1
OREBA-DIS_1012_1_grm_std_uni,1,4.225367546081543,-2.1969308853149414,1
OREBA-DIS_1012_1_grm_std_uni,1,4.7084503173828125,-2.301332712173462,1
OREBA-DIS_1012_1_grm_std_uni,1,4.541392803192139,-2.5677037239074707,1
OREBA-DIS_1012_1_grm_std_uni,1,5.526566505432129,-3.6452877521514893,1
OREBA-DIS_1012_1_grm_std_uni,1,6.767401218414307,-4.804172515869141,1
OREBA-DIS_1012_1_grm_std_uni,1,7.4120564460754395,-5.207943439483643,1
OREBA-DIS_1012_1_grm_std_uni,1,7.083624839782715,-4.940245151519775,1
OREBA-DIS_1012_1_grm_std_uni,1,6.700903415679932,-4.842560291290283,1
OREBA-DIS_1012_1_grm_std_uni,1,7.184864044189453,-4.999693870544434,1
OREBA-DIS_1012_1_grm_std_uni,1,7.868640899658203,-4.117132663726807,1
OREBA-DIS_1012_1_grm_std_uni,1,8.115029335021973,-3.9715020656585693,1
OREBA-DIS_1012_1_grm_std_uni,1,8.32460880279541,-5.167990207672119,1
OREBA-DIS_1012_1_grm_std_uni,1,8.50390625,-5.788844585418701,1
OREBA-DIS_1012_1_grm_std_uni,1,8.468483924865723,-5.798985004425049,1
OREBA-DIS_1012_1_grm_std_uni,1,8.168134689331055,-5.491237640380859,1
OREBA-DIS_1012_1_grm_std_uni,1,8.170653343200684,-5.687835216522217,1
OREBA-DIS_1012_1_grm_std_uni,1,7.608562469482422,-4.899195194244385,1
OREBA-DIS_1012_1_grm_std_uni,1,7.9839606285095215,-4.924193382263184,1
OREBA-DIS_1012_1_grm_std_uni,1,7.91918420791626,-4.641070365905762,1
OREBA-DIS_1012_1_grm_std_uni,1,6.767483711242676,-3.663321018218994,1
OREBA-DIS_1012_1_grm_std_uni,1,5.371581554412842,-3.7567882537841797,1
OREBA-DIS_1012_1_grm_std_uni,1,5.887166976928711,-4.835200786590576,1
OREBA-DIS_1012_1_grm_std_uni,1,6.655693054199219,-5.7180585861206055,1
OREBA-DIS_1012_1_grm_std_uni,1,6.363293170928955,-5.930109977722168,1
OREBA-DIS_1012_1_grm_std_uni,1,6.698647975921631,-6.624195575714111,1
OREBA-DIS_1012_1_grm_std_uni,1,6.549614906311035,-6.214022636413574,1
OREBA-DIS_1012_1_grm_std_uni,1,6.836211204528809,-5.201040744781494,1
OREBA-DIS_1012_1_grm_std_uni,1,6.998583793640137,-4.7637434005737305,1
OREBA-DIS_1012_1_grm_std_uni,1,7.321443557739258,-5.331847667694092,1
OREBA-DIS_1012_1_grm_std_uni,1,7.503831386566162,-5.896864414215088,1
OREBA-DIS_1012_1_grm_std_uni,1,7.333064079284668,-5.750807285308838,1
OREBA-DIS_1012_1_grm_std_uni,1,6.521347522735596,-5.187088489532471,1
OREBA-DIS_1012_1_grm_std_uni,1,5.880833148956299,-5.093648910522461,1
OREBA-DIS_1012_1_grm_std_uni,1,4.8545684814453125,-4.654545783996582,1
OREBA-DIS_1012_1_grm_std_uni,1,5.518914222717285,-4.079948425292969,1
OREBA-DIS_1012_1_grm_std_uni,1,5.723235607147217,-3.7722861766815186,1
OREBA-DIS_1012_1_grm_std_uni,1,5.8571858406066895,-3.704552412033081,1
OREBA-DIS_1012_1_grm_std_uni,1,5.007304668426514,-3.4422426223754883,1
OREBA-DIS_1012_1_grm_std_uni,1,6.203083038330078,-4.209848403930664,1
OREBA-DIS_1012_1_grm_std_uni,1,6.412162780761719,-3.947136163711548,1
OREBA-DIS_1012_1_grm_std_uni,1,6.4799628257751465,-3.5599794387817383,1
OREBA-DIS_1012_1_grm_std_uni,1,6.711329936981201,-4.241388320922852,1
OREBA-DIS_1012_1_grm_std_uni,1,6.533158302307129,-4.677399158477783,1
OREBA-DIS_1012_1_grm_std_uni,1,6.8465094566345215,-5.568629741668701,1
OREBA-DIS_1012_1_grm_std_uni,1,6.584665775299072,-5.780886650085449,1
OREBA-DIS_1012_1_grm_std_uni,1,6.5263237953186035,-5.889824867248535,1
OREBA-DIS_1012_1_grm_std_uni,1,6.558298110961914,-5.232517242431641,1
OREBA-DIS_1012_1_grm_std_uni,1,6.729916572570801,-5.045238494873047,1
OREBA-DIS_1012_1_grm_std_uni,1,6.2500176429748535,-5.0332770347595215,1
OREBA-DIS_1012_1_grm_std_uni,1,5.850528240203857,-5.039600372314453,1
OREBA-DIS_1012_1_grm_std_uni,1,5.737042427062988,-4.94780969619751,1
OREBA-DIS_1012_1_grm_std_uni,1,5.8483476638793945,-4.786523342132568,1
OREBA-DIS_1012_1_grm_std_uni,1,6.210671901702881,-5.124709129333496,1
OREBA-DIS_1012_1_grm_std_uni,1,6.717156887054443,-5.3952717781066895,1
OREBA-DIS_1012_1_grm_std_uni,1,6.586942672729492,-5.4687066078186035,1
OREBA-DIS_1012_1_grm_std_uni,1,6.168309688568115,-5.229573726654053,1
OREBA-DIS_1012_1_grm_std_uni,1,6.012747287750244,-5.325719356536865,1
OREBA-DIS_1012_1_grm_std_uni,1,5.487669467926025,-4.912505626678467,1
OREBA-DIS_1012_1_grm_std_uni,1,5.129481315612793,-4.3768181800842285,1
OREBA-DIS_1012_1_grm_std_uni,1,4.717021942138672,-4.005667209625244,1
OREBA-DIS_1012_1_grm_std_uni,1,4.147884845733643,-3.711989402770996,1
OREBA-DIS_1012_1_grm_std_uni,1,4.911919116973877,-3.747657537460327,1
OREBA-DIS_1012_1_grm_std_uni,1,5.552222728729248,-4.1551008224487305,1
OREBA-DIS_1012_1_grm_std_uni,1,5.986063480377197,-4.408503532409668,1
OREBA-DIS_1012_1_grm_std_uni,1,5.86131477355957,-4.228713035583496,1
OREBA-DIS_1012_1_grm_std_uni,1,6.651021480560303,-4.605136871337891,1
OREBA-DIS_1012_1_grm_std_uni,1,7.151965618133545,-4.759477138519287,1
OREBA-DIS_1012_1_grm_std_uni,1,6.840228080749512,-4.3129377365112305,1
OREBA-DIS_1012_1_grm_std_uni,1,7.1206560134887695,-4.886646747589111,1
OREBA-DIS_1012_1_grm_std_uni,1,6.639394283294678,-4.628100872039795,1
OREBA-DIS_1012_1_grm_std_uni,1,6.407358169555664,-4.59548282623291,1
OREBA-DIS_1012_1_grm_std_uni,1,6.295350551605225,-4.437770366668701,1
OREBA-DIS_1012_1_grm_std_uni,1,6.0399885177612305,-4.117956161499023,1
OREBA-DIS_1012_1_grm_std_uni,1,6.033458709716797,-3.9439141750335693,1
OREBA-DIS_1012_1_grm_std_uni,1,5.884809970855713,-3.6966867446899414,1
OREBA-DIS_1012_1_grm_std_uni,1,5.9838104248046875,-3.7688982486724854,1
OREBA-DIS_1012_1_grm_std_uni,1,6.081703186035156,-3.727128744125366,1
OREBA-DIS_1012_1_grm_std_uni,1,6.179187297821045,-3.6000568866729736,1
OREBA-DIS_1012_1_grm_std_uni,1,6.505405902862549,-3.861276626586914,1
OREBA-DIS_1012_1_grm_std_uni,1,6.395606994628906,-3.799370288848877,1
OREBA-DIS_1012_1_grm_std_uni,1,6.710180759429932,-3.8823862075805664,1
OREBA-DIS_1012_1_grm_std_uni,1,7.087573051452637,-3.369227886199951,1
OREBA-DIS_1012_1_grm_std_uni,1,7.334333896636963,-2.972571611404419,1
OREBA-DIS_1012_1_grm_std_uni,1,7.705477714538574,-3.327300548553467,1
OREBA-DIS_1012_1_grm_std_uni,1,7.681373119354248,-4.019083023071289,1
OREBA-DIS_1012_1_grm_std_uni,1,7.982681751251221,-4.326581001281738,1
OREBA-DIS_1012_1_grm_std_uni,1,7.650482654571533,-4.256462574005127,1
OREBA-DIS_1012_1_grm_std_uni,1,7.277100086212158,-3.9408931732177734,1
OREBA-DIS_1012_1_grm_std_uni,1,7.695655822753906,-4.331490516662598,1
OREBA-DIS_1012_1_grm_std_uni,1,7.776991844177246,-4.526699542999268,1
OREBA-DIS_1012_1_grm_std_uni,1,8.111602783203125,-4.965051174163818,1
OREBA-DIS_1012_1_grm_std_uni,1,7.793401718139648,-4.469444274902344,1
OREBA-DIS_1012_1_grm_std_uni,1,8.34903335571289,-4.66979455947876,1
OREBA-DIS_1012_1_grm_std_uni,1,7.746201515197754,-4.157505035400391,1
OREBA-DIS_1012_1_grm_std_uni,1,8.082426071166992,-4.639873027801514,1
OREBA-DIS_1012_1_grm_std_uni,1,8.187458992004395,-4.678563117980957,1
OREBA-DIS_1012_1_grm_std_uni,1,7.6022820472717285,-3.885044813156128,1
OREBA-DIS_1012_1_grm_std_uni,1,8.125100135803223,-4.320163249969482,1
OREBA-DIS_1012_1_grm_std_uni,1,7.798121929168701,-4.651619911193848,1
OREBA-DIS_1012_1_grm_std_uni,1,7.401888847351074,-4.27943754196167,1
OREBA-DIS_1012_1_grm_std_uni,1,7.806336402893066,-3.8031373023986816,1
OREBA-DIS_1012_1_grm_std_uni,1,7.83329963684082,-3.4906911849975586,1
OREBA-DIS_1012_1_grm_std_uni,1,7.9744768142700195,-3.9968812465667725,1
OREBA-DIS_1012_1_grm_std_uni,1,7.862663269042969,-4.7167582511901855,1
OREBA-DIS_1012_1_grm_std_uni,1,8.298737525939941,-4.871603012084961,1
OREBA-DIS_1012_1_grm_std_uni,1,8.117242813110352,-4.624131679534912,1
OREBA-DIS_1012_1_grm_std_uni,1,7.91347074508667,-4.627708911895752,1
OREBA-DIS_1012_1_grm_std_uni,1,7.568787574768066,-4.371966361999512,1
OREBA-DIS_1012_1_grm_std_uni,1,7.776607990264893,-3.74939227104187,1
OREBA-DIS_1012_1_grm_std_uni,1,7.59541130065918,-3.334984540939331,1
OREBA-DIS_1012_1_grm_std_uni,1,7.840071678161621,-3.6924664974212646,1
OREBA-DIS_1012_1_grm_std_uni,1,7.948348045349121,-4.423825740814209,1
OREBA-DIS_1012_1_grm_std_uni,1,7.934847831726074,-4.604798793792725,1
OREBA-DIS_1012_1_grm_std_uni,1,8.451164245605469,-4.738605499267578,1
OREBA-DIS_1012_1_grm_std_uni,1,8.037869453430176,-4.57981014251709,1
OREBA-DIS_1012_1_grm_std_uni,1,7.928689002990723,-4.26965856552124,1
OREBA-DIS_1012_1_grm_std_uni,1,8.08063793182373,-4.094340801239014,1
OREBA-DIS_1012_1_grm_std_uni,1,8.079326629638672,-3.5936784744262695,1
OREBA-DIS_1012_1_grm_std_uni,1,7.325119972229004,-2.89566969871521,1
OREBA-DIS_1012_1_grm_std_uni,1,6.625479221343994,-3.267512321472168,1
OREBA-DIS_1012_1_grm_std_uni,1,5.880537986755371,-3.8323287963867188,1
OREBA-DIS_1012_1_grm_std_uni,1,6.650302886962891,-4.083816051483154,1
OREBA-DIS_1012_1_grm_std_uni,1,6.573050498962402,-3.46037220954895,1
OREBA-DIS_1012_1_grm_std_uni,1,6.629120826721191,-3.581035614013672,1
OREBA-DIS_1012_1_grm_std_uni,1,7.0020294189453125,-4.328276634216309,1
OREBA-DIS_1012_1_grm_std_uni,1,6.420970916748047,-3.931307792663574,1
OREBA-DIS_1012_1_grm_std_uni,1,7.374444007873535,-4.60689115524292,1
OREBA-DIS_1012_1_grm_std_uni,1,7.408427715301514,-4.370239734649658,1
OREBA-DIS_1012_1_grm_std_uni,1,7.128139972686768,-3.4741814136505127,1
OREBA-DIS_1012_1_grm_std_uni,1,7.969033241271973,-3.7874715328216553,1
OREBA-DIS_1012_1_grm_std_uni,1,7.915868759155273,-4.151516437530518,1
OREBA-DIS_1012_1_grm_std_uni,1,7.336123943328857,-4.732457160949707,1
OREBA-DIS_1012_1_grm_std_uni,1,7.705968379974365,-4.727826118469238,1
OREBA-DIS_1012_1_grm_std_uni,1,7.858950138092041,-4.439087390899658,1
OREBA-DIS_1012_1_grm_std_uni,1,8.072687149047852,-4.556252956390381,1
OREBA-DIS_1012_1_grm_std_uni,1,8.360583305358887,-4.867101669311523,1
OREBA-DIS_1012_1_grm_std_uni,1,8.201882362365723,-4.940788745880127,1
OREBA-DIS_1012_1_grm_std_uni,1,7.855102062225342,-4.9557600021362305,1
OREBA-DIS_1012_1_grm_std_uni,1,7.734433650970459,-4.929635047912598,1
OREBA-DIS_1012_1_grm_std_uni,1,8.057719230651855,-4.968173027038574,1
OREBA-DIS_1012_1_grm_std_uni,1,7.697350978851318,-4.523453712463379,1
OREBA-DIS_1012_1_grm_std_uni,1,7.541775226593018,-4.767765522003174,1
OREBA-DIS_1012_1_grm_std_uni,1,7.528257369995117,-4.974310874938965,1
OREBA-DIS_1012_1_grm_std_uni,1,7.129890441894531,-4.712658405303955,1
OREBA-DIS_1012_1_grm_std_uni,1,7.05560827255249,-4.51418399810791,1
OREBA-DIS_1012_1_grm_std_uni,1,6.71614408493042,-3.899149179458618,1
OREBA-DIS_1012_1_grm_std_uni,1,6.952810287475586,-3.8979592323303223,1
OREBA-DIS_1012_1_grm_std_uni,1,7.323821544647217,-3.6044554710388184,1
OREBA-DIS_1012_1_grm_std_uni,1,7.380904197692871,-3.4003772735595703,1
OREBA-DIS_1012_1_grm_std_uni,1,7.821025371551514,-3.556283712387085,1
OREBA-DIS_1012_1_grm_std_uni,1,7.892256259918213,-4.119688987731934,1
OREBA-DIS_1012_1_grm_std_uni,1,8.056741714477539,-4.220615863800049,1
OREBA-DIS_1012_1_grm_std_uni,1,7.839723587036133,-4.417186737060547,1
OREBA-DIS_1012_1_grm_std_uni,1,7.9868059158325195,-4.61289119720459,1
OREBA-DIS_1012_1_grm_std_uni,1,7.8783159255981445,-4.482511520385742,1
OREBA-DIS_1012_1_grm_std_uni,1,7.491032600402832,-3.459202766418457,1
OREBA-DIS_1012_1_grm_std_uni,1,7.641624927520752,-3.6468746662139893,1
OREBA-DIS_1012_1_grm_std_uni,1,8.14317798614502,-4.505359172821045,1
OREBA-DIS_1012_1_grm_std_uni,1,8.195430755615234,-4.891191482543945,1
OREBA-DIS_1012_1_grm_std_uni,1,8.008971214294434,-4.55281400680542,1
OREBA-DIS_1012_1_grm_std_uni,1,8.044607162475586,-4.289551734924316,1
OREBA-DIS_1012_1_grm_std_uni,1,7.885556697845459,-4.133800506591797,1
OREBA-DIS_1012_1_grm_std_uni,1,7.442747116088867,-4.1513352394104,1
OREBA-DIS_1012_1_grm_std_uni,1,7.011034965515137,-4.365696907043457,1
OREBA-DIS_1012_1_grm_std_uni,1,6.498189926147461,-4.287556171417236,1
OREBA-DIS_1012_1_grm_std_uni,1,6.437892436981201,-4.0393805503845215,1
OREBA-DIS_1012_1_grm_std_uni,1,6.050086975097656,-3.9576339721679688,1
OREBA-DIS_1012_1_grm_std_uni,1,6.643897533416748,-4.543780326843262,1
OREBA-DIS_1012_1_grm_std_uni,1,7.3216376304626465,-5.119869709014893,1
OREBA-DIS_1012_1_grm_std_uni,1,8.217320442199707,-5.773069858551025,1
OREBA-DIS_1012_1_grm_std_uni,1,8.00085163116455,-5.6852803230285645,1
OREBA-DIS_1012_1_grm_std_uni,1,7.173883438110352,-4.764931678771973,1
OREBA-DIS_1012_1_grm_std_uni,1,6.702021598815918,-4.263577461242676,1
OREBA-DIS_1012_1_grm_std_uni,1,7.210719585418701,-4.7322258949279785,1
OREBA-DIS_1012_1_grm_std_uni,1,7.724887371063232,-5.390594959259033,1
OREBA-DIS_1012_1_grm_std_uni,1,7.41659688949585,-4.93933629989624,1
OREBA-DIS_1012_1_grm_std_uni,1,7.191400527954102,-4.457057476043701,1
OREBA-DIS_1012_1_grm_std_uni,1,7.349998474121094,-4.287440299987793,1
OREBA-DIS_1012_1_grm_std_uni,1,7.3357157707214355,-4.04129695892334,1
OREBA-DIS_1012_1_grm_std_uni,1,7.521697044372559,-4.398515701293945,1
OREBA-DIS_1012_1_grm_std_uni,1,7.421640872955322,-3.9987759590148926,1
OREBA-DIS_1012_1_grm_std_uni,1,7.911670207977295,-4.319985389709473,1
OREBA-DIS_1012_1_grm_std_uni,1,7.5153913497924805,-4.650420188903809,1
OREBA-DIS_1012_1_grm_std_uni,1,7.141222953796387,-4.734856605529785,1
OREBA-DIS_1012_1_grm_std_uni,1,6.86198091506958,-4.434746742248535,1
OREBA-DIS_1012_1_grm_std_uni,1,6.250814437866211,-4.009720325469971,1
OREBA-DIS_1012_1_grm_std_uni,1,6.866533279418945,-4.74794864654541,1
OREBA-DIS_1012_1_grm_std_uni,1,6.470236778259277,-4.851809978485107,1
OREBA-DIS_1012_1_grm_std_uni,2,5.979307174682617,-4.937915802001953,1
OREBA-DIS_1012_1_grm_std_uni,2,5.470193862915039,-4.533616065979004,1
OREBA-DIS_1012_1_grm_std_uni,2,4.868725299835205,-3.9420833587646484,1
OREBA-DIS_1012_1_grm_std_uni,2,5.091676712036133,-4.302742958068848,1
OREBA-DIS_1012_1_grm_std_uni,2,5.952247619628906,-5.088961124420166,1
OREBA-DIS_1012_1_grm_std_uni,2,6.078736305236816,-4.979620933532715,1
OREBA-DIS_1012_1_grm_std_uni,2,6.37413215637207,-5.8752031326293945,1
OREBA-DIS_1012_1_grm_std_uni,2,6.392529487609863,-6.26516580581665,1
OREBA-DIS_1012_1_grm_std_uni,2,6.905463695526123,-7.183122634887695,1
OREBA-DIS_1012_1_grm_std_uni,2,7.1698479652404785,-7.596132278442383,1
OREBA-DIS_1012_1_grm_std_uni,2,1.8408474922180176,-2.953948974609375,1
OREBA-DIS_1012_1_grm_std_uni,2,-2.84257173538208,2.2547106742858887,2
OREBA-DIS_1012_1_grm_std_uni,2,-0.9646753668785095,0.08158628642559052,1
OREBA-DIS_1012_1_grm_std_uni,2,3.5074315071105957,-4.4927239418029785,1
OREBA-DIS_1012_1_grm_std_uni,2,5.881439685821533,-7.071587085723877,1
OREBA-DIS_1012_1_grm_std_uni,2,6.838873863220215,-8.096421241760254,1
OREBA-DIS_1012_1_grm_std_uni,1,8.794201850891113,-9.414682388305664,1
OREBA-DIS_1012_1_grm_std_uni,1,8.952471733093262,-9.494607925415039,1
OREBA-DIS_1012_1_grm_std_uni,1,7.960007190704346,-8.49929141998291,1
OREBA-DIS_1012_1_grm_std_uni,1,7.929360389709473,-8.682825088500977,1
OREBA-DIS_1012_1_grm_std_uni,1,7.785709381103516,-9.113504409790039,1
OREBA-DIS_1012_1_grm_std_uni,1,7.914831161499023,-9.63862133026123,1
OREBA-DIS_1012_1_grm_std_uni,1,7.827445030212402,-9.72153091430664,1
OREBA-DIS_1012_1_grm_std_uni,1,7.751627445220947,-9.676224708557129,1
OREBA-DIS_1012_1_grm_std_uni,1,7.726755619049072,-9.79486083984375,1
OREBA-DIS_1012_1_grm_std_uni,1,7.602138042449951,-9.762994766235352,1
OREBA-DIS_1012_1_grm_std_uni,1,7.513936519622803,-9.839425086975098,1
OREBA-DIS_1012_1_grm_std_uni,1,7.348367214202881,-9.696383476257324,1
OREBA-DIS_1012_1_grm_std_uni,1,7.137401580810547,-9.378686904907227,1
OREBA-DIS_1012_1_grm_std_uni,1,6.945808410644531,-9.087095260620117,1
OREBA-DIS_1012_1_grm_std_uni,1,6.8424072265625,-8.859113693237305,1
OREBA-DIS_1012_1_grm_std_uni,1,6.642690181732178,-8.524701118469238,1
OREBA-DIS_1012_1_grm_std_uni,1,6.531434059143066,-8.215405464172363,1
OREBA-DIS_1012_1_grm_std_uni,1,6.692341327667236,-8.505535125732422,1
OREBA-DIS_1012_1_grm_std_uni,1,6.850657939910889,-8.676129341125488,1
OREBA-DIS_1012_1_grm_std_uni,1,6.627481460571289,-8.470677375793457,1
OREBA-DIS_1012_1_grm_std_uni,1,6.459524631500244,-8.532122611999512,1
OREBA-DIS_1012_1_grm_std_uni,1,6.236420154571533,-8.442639350891113,1
OREBA-DIS_1012_1_grm_std_uni,1,6.030142784118652,-8.207797050476074,1
OREBA-DIS_1012_1_grm_std_uni,1,6.040220737457275,-7.928420066833496,1
OREBA-DIS_1012_1_grm_std_uni,1,6.092443466186523,-7.722214698791504,1
OREBA-DIS_1012_1_grm_std_uni,1,6.039813995361328,-7.517712593078613,1
OREBA-DIS_1012_1_grm_std_uni,1,5.831119060516357,-7.399404525756836,1
OREBA-DIS_1012_1_grm_std_uni,1,5.743062973022461,-7.497242450714111,1
OREBA-DIS_1012_1_grm_std_uni,1,5.711672782897949,-7.581359386444092,1
OREBA-DIS_1012_1_grm_std_uni,1,5.72774600982666,-7.675058364868164,1
OREBA-DIS_1012_1_grm_std_uni,1,5.33599328994751,-7.382127285003662,1
OREBA-DIS_1012_1_grm_std_uni,1,5.518054485321045,-7.7104034423828125,1
OREBA-DIS_1012_1_grm_std_uni,1,5.50795316696167,-7.637340545654297,1
OREBA-DIS_1012_1_grm_std_uni,1,5.31152868270874,-7.417182445526123,1
OREBA-DIS_1012_1_grm_std_uni,1,4.954259395599365,-7.234360218048096,1
OREBA-DIS_1012_1_grm_std_uni,1,4.824115753173828,-7.385299205780029,1
OREBA-DIS_1012_1_grm_std_uni,1,4.929542064666748,-7.484900951385498,1
OREBA-DIS_1012_1_grm_std_uni,1,4.7404866218566895,-7.2545952796936035,1
OREBA-DIS_1012_1_grm_std_uni,1,4.342735767364502,-6.536625385284424,1
OREBA-DIS_1012_1_grm_std_uni,1,4.6032280921936035,-6.8350419998168945,1
OREBA-DIS_1012_1_grm_std_uni,1,4.7384772300720215,-7.104029178619385,1
OREBA-DIS_1012_1_grm_std_uni,1,4.603083610534668,-6.9906907081604,1
OREBA-DIS_1012_1_grm_std_uni,1,4.667576313018799,-7.198469638824463,1
OREBA-DIS_1012_1_grm_std_uni,1,4.6499857902526855,-7.071030139923096,1
OREBA-DIS_1012_1_grm_std_uni,1,4.540140151977539,-6.792357444763184,1
OREBA-DIS_1012_1_grm_std_uni,1,4.64116096496582,-6.72653865814209,1
OREBA-DIS_1012_1_grm_std_uni,1,4.519312381744385,-6.487693786621094,1
OREBA-DIS_1012_1_grm_std_uni,1,4.028155326843262,-5.796966552734375,1
OREBA-DIS_1012_1_grm_std_uni,1,4.261864185333252,-5.899208068847656,1
OREBA-DIS_1012_1_grm_std_uni,1,4.703505039215088,-6.443205833435059,1
OREBA-DIS_1012_1_grm_std_uni,1,4.4113030433654785,-6.369027137756348,1
OREBA-DIS_1012_1_grm_std_uni,1,4.343047142028809,-6.397331237792969,1
OREBA-DIS_1012_1_grm_std_uni,1,4.560352325439453,-6.720278739929199,1
OREBA-DIS_1012_1_grm_std_uni,1,4.541601181030273,-6.779801845550537,1
OREBA-DIS_1012_1_grm_std_uni,1,4.472093105316162,-6.694568157196045,1
OREBA-DIS_1012_1_grm_std_uni,1,4.460379600524902,-6.576860427856445,1
OREBA-DIS_1012_1_grm_std_uni,1,4.4602227210998535,-6.5017781257629395,1
OREBA-DIS_1012_1_grm_std_uni,1,4.605607032775879,-6.5079426765441895,1
OREBA-DIS_1012_1_grm_std_uni,1,4.587867259979248,-6.411830425262451,1
OREBA-DIS_1012_1_grm_std_uni,1,4.601046562194824,-6.441562652587891,1
OREBA-DIS_1012_1_grm_std_uni,1,4.6735358238220215,-6.367336273193359,1
OREBA-DIS_1012_1_grm_std_uni,1,4.665402889251709,-6.373902797698975,1
OREBA-DIS_1012_1_grm_std_uni,1,4.634950160980225,-6.296133518218994,1
OREBA-DIS_1012_1_grm_std_uni,1,4.602253437042236,-6.304652214050293,1
OREBA-DIS_1012_1_grm_std_uni,1,4.65358304977417,-6.373768329620361,1
OREBA-DIS_1012_1_grm_std_uni,1,4.672334671020508,-6.2599334716796875,1
OREBA-DIS_1012_1_grm_std_uni,1,4.533831596374512,-6.245323657989502,1
OREBA-DIS_1012_1_grm_std_uni,1,4.591530799865723,-6.272345066070557,1
OREBA-DIS_1012_1_grm_std_uni,1,4.679592609405518,-6.252713680267334,1
OREBA-DIS_1012_1_grm_std_uni,1,4.581204414367676,-6.260367393493652,1
OREBA-DIS_1012_1_grm_std_uni,1,4.466647148132324,-6.199333190917969,1
OREBA-DIS_1012_1_grm_std_uni,1,4.493861675262451,-6.076953411102295,1
OREBA-DIS_1012_1_grm_std_uni,1,4.65205192565918,-6.206587791442871,1
OREBA-DIS_1012_1_grm_std_uni,1,4.740371227264404,-6.291186809539795,1
OREBA-DIS_1012_1_grm_std_uni,1,4.640716075897217,-6.227875709533691,1
OREBA-DIS_1012_1_grm_std_uni,1,4.462502479553223,-6.1121625900268555,1
OREBA-DIS_1012_1_grm_std_uni,1,4.512256622314453,-6.221992492675781,1
OREBA-DIS_1012_1_grm_std_uni,1,4.73105001449585,-6.348412990570068,1
OREBA-DIS_1012_1_grm_std_uni,1,4.789845943450928,-6.451766490936279,1
OREBA-DIS_1012_1_grm_std_uni,1,4.7950897216796875,-6.311586856842041,1
OREBA-DIS_1012_1_grm_std_uni,1,4.752291679382324,-6.246707439422607,1
OREBA-DIS_1012_1_grm_std_uni,1,4.785735130310059,-6.207954406738281,1
OREBA-DIS_1012_1_grm_std_uni,1,4.831803798675537,-6.192709445953369,1
OREBA-DIS_1012_1_grm_std_uni,1,4.8044352531433105,-6.19772481918335,1
OREBA-DIS_1012_1_grm_std_uni,1,4.776515960693359,-6.189919948577881,1
OREBA-DIS_1012_1_grm_std_uni,1,4.839419364929199,-6.250631332397461,1
OREBA-DIS_1012_1_grm_std_uni,1,4.875580310821533,-6.26300048828125,1
OREBA-DIS_1012_1_grm_std_uni,1,4.829185485839844,-6.2089924812316895,1
OREBA-DIS_1012_1_grm_std_uni,1,4.491413593292236,-6.275588512420654,1
OREBA-DIS_1012_1_grm_std_uni,1,4.086564540863037,-6.196132659912109,1
OREBA-DIS_1012_1_grm_std_uni,1,4.275483131408691,-6.158329486846924,1
OREBA-DIS_1012_1_grm_std_uni,1,4.642919063568115,-6.548011302947998,1
OREBA-DIS_1012_1_grm_std_uni,1,4.603886604309082,-6.71505880355835,1
OREBA-DIS_1012_1_grm_std_uni,1,4.333908557891846,-6.5506591796875,1
OREBA-DIS_1012_1_grm_std_uni,1,4.555440902709961,-6.751604080200195,1
OREBA-DIS_1012_1_grm_std_uni,1,4.1805243492126465,-6.50117301940918,1
OREBA-DIS_1012_1_grm_std_uni,1,3.171586513519287,-5.905431747436523,1
OREBA-DIS_1012_1_grm_std_uni,1,2.701948881149292,-5.092011451721191,1
OREBA-DIS_1012_1_grm_std_uni,1,3.021604537963867,-4.801754951477051,1
OREBA-DIS_1012_1_grm_std_uni,1,3.5350441932678223,-5.137235641479492,1
OREBA-DIS_1012_1_grm_std_uni,1,4.060052871704102,-5.905604362487793,1
OREBA-DIS_1012_1_grm_std_uni,1,4.277793884277344,-6.385867595672607,1
OREBA-DIS_1012_1_grm_std_uni,1,4.497528553009033,-6.5201616287231445,1
OREBA-DIS_1012_1_grm_std_uni,1,4.635558605194092,-6.543938159942627,1
OREBA-DIS_1012_1_grm_std_uni,1,4.786715030670166,-6.487905979156494,1
OREBA-DIS_1012_1_grm_std_uni,1,4.85097074508667,-6.438963890075684,1
OREBA-DIS_1012_1_grm_std_uni,1,4.80381965637207,-6.370051383972168,1
OREBA-DIS_1012_1_grm_std_uni,1,4.8397536277771,-6.303119659423828,1
OREBA-DIS_1012_1_grm_std_uni,1,4.910270690917969,-6.3503499031066895,1
OREBA-DIS_1012_1_grm_std_uni,1,4.950769424438477,-6.418703556060791,1
OREBA-DIS_1012_1_grm_std_uni,1,4.89090633392334,-6.386585712432861,1
OREBA-DIS_1012_1_grm_std_uni,1,4.832303524017334,-6.293731689453125,1
OREBA-DIS_1012_1_grm_std_uni,1,4.888927459716797,-6.35491418838501,1
OREBA-DIS_1012_1_grm_std_uni,1,4.928167819976807,-6.398465633392334,1
OREBA-DIS_1012_1_grm_std_uni,1,4.8889851570129395,-6.3326334953308105,1
OREBA-DIS_1012_1_grm_std_uni,1,4.870268821716309,-6.286797523498535,1
OREBA-DIS_1012_1_grm_std_uni,1,4.8890061378479,-6.282001972198486,1
OREBA-DIS_1012_1_grm_std_uni,1,4.858256816864014,-6.336328983306885,1
OREBA-DIS_1012_1_grm_std_uni,1,4.875863075256348,-6.338355541229248,1
OREBA-DIS_1012_1_grm_std_uni,1,4.8305511474609375,-6.29257345199585,1
OREBA-DIS_1012_1_grm_std_uni,1,4.765820026397705,-6.2635579109191895,1
OREBA-DIS_1012_1_grm_std_uni,1,4.8202056884765625,-6.301944732666016,1
OREBA-DIS_1012_1_grm_std_uni,1,4.88222074508667,-6.34619140625,1
OREBA-DIS_1012_1_grm_std_uni,1,4.721570014953613,-6.435413837432861,1
OREBA-DIS_1012_1_grm_std_uni,1,4.16270637512207,-6.526053428649902,1
OREBA-DIS_1012_1_grm_std_uni,1,3.7114295959472656,-6.194878101348877,1
OREBA-DIS_1012_1_grm_std_uni,1,4.006847858428955,-6.105434417724609,1
OREBA-DIS_1012_1_grm_std_uni,1,4.475672245025635,-6.453734397888184,1
OREBA-DIS_1012_1_grm_std_uni,1,4.551088809967041,-6.9660115242004395,1
OREBA-DIS_1012_1_grm_std_uni,1,4.709962844848633,-7.206982135772705,1
OREBA-DIS_1012_1_grm_std_uni,1,4.823668479919434,-7.006618499755859,1
OREBA-DIS_1012_1_grm_std_uni,1,4.562824726104736,-6.5158820152282715,1
OREBA-DIS_1012_1_grm_std_uni,1,4.582769870758057,-6.475721836090088,1
OREBA-DIS_1012_1_grm_std_uni,1,4.682994842529297,-6.593393325805664,1
OREBA-DIS_1012_1_grm_std_uni,1,4.661749362945557,-6.627264976501465,1
OREBA-DIS_1012_1_grm_std_uni,1,4.595852851867676,-6.529219627380371,1
OREBA-DIS_1012_1_grm_std_uni,1,4.572811603546143,-6.389822006225586,1
OREBA-DIS_1012_1_grm_std_uni,1,4.544365406036377,-6.3464484214782715,1
OREBA-DIS_1012_1_grm_std_uni,1,4.50089693069458,-6.347677230834961,1
OREBA-DIS_1012_1_grm_std_uni,1,4.5540056228637695,-6.413677215576172,1
OREBA-DIS_1012_1_grm_std_uni,1,4.540957927703857,-6.415190696716309,1
OREBA-DIS_1012_1_grm_std_uni,1,4.5431809425354,-6.379919052124023,1
OREBA-DIS_1012_1_grm_std_uni,1,4.505315780639648,-6.354915142059326,1
OREBA-DIS_1012_1_grm_std_uni,1,4.505333423614502,-6.343835353851318,1
OREBA-DIS_1012_1_grm_std_uni,1,4.50175666809082,-6.296926975250244,1
OREBA-DIS_1012_1_grm_std_uni,1,4.47526741027832,-6.275736331939697,1
OREBA-DIS_1012_1_grm_std_uni,1,4.457056522369385,-6.235318183898926,1
OREBA-DIS_1012_1_grm_std_uni,1,4.405837535858154,-6.24968147277832,1
OREBA-DIS_1012_1_grm_std_uni,1,4.494122505187988,-6.364365577697754,1
OREBA-DIS_1012_1_grm_std_uni,1,4.493941307067871,-6.457826614379883,1
OREBA-DIS_1012_1_grm_std_uni,1,4.4328203201293945,-6.4046454429626465,1
OREBA-DIS_1012_1_grm_std_uni,1,4.455814361572266,-6.350761890411377,1
OREBA-DIS_1012_1_grm_std_uni,1,4.452364921569824,-6.333989143371582,1
OREBA-DIS_1012_1_grm_std_uni,1,4.433701992034912,-6.152036666870117,1
OREBA-DIS_1012_1_grm_std_uni,1,4.351224899291992,-6.009248733520508,1
OREBA-DIS_1012_1_grm_std_uni,1,4.409417152404785,-6.027774333953857,1
OREBA-DIS_1012_1_grm_std_uni,1,4.3967671394348145,-6.0037336349487305,1
OREBA-DIS_1012_1_grm_std_uni,1,3.621305227279663,-5.548828601837158,1
OREBA-DIS_1012_1_grm_std_uni,1,3.7785110473632812,-5.358187198638916,1
OREBA-DIS_1012_1_grm_std_uni,1,4.291309356689453,-5.881088733673096,1
OREBA-DIS_1012_1_grm_std_uni,1,3.8689475059509277,-6.044048309326172,1
OREBA-DIS_1012_1_grm_std_uni,1,3.80065655708313,-5.9669928550720215,1
OREBA-DIS_1012_1_grm_std_uni,1,4.088492393493652,-5.774195194244385,1
OREBA-DIS_1012_1_grm_std_uni,1,4.822592735290527,-6.350006103515625,1
OREBA-DIS_1012_1_grm_std_uni,1,4.665221214294434,-6.4704484939575195,1
OREBA-DIS_1012_1_grm_std_uni,1,4.489684581756592,-6.47796630859375,1
OREBA-DIS_1012_1_grm_std_uni,1,4.239629745483398,-6.756228923797607,1
OREBA-DIS_1012_1_grm_std_uni,1,3.999067783355713,-6.665689468383789,1
OREBA-DIS_1012_1_grm_std_uni,1,3.4387147426605225,-6.3045973777771,1
OREBA-DIS_1012_1_grm_std_uni,1,2.563420534133911,-5.733007431030273,1
OREBA-DIS_1012_1_grm_std_uni,1,2.5629498958587646,-5.285577774047852,1
OREBA-DIS_1012_1_grm_std_uni,1,2.788825511932373,-4.415290355682373,1
OREBA-DIS_1012_1_grm_std_uni,1,2.847165822982788,-3.5011751651763916,1
OREBA-DIS_1012_1_grm_std_uni,1,2.9120960235595703,-3.854937791824341,1
OREBA-DIS_1012_1_grm_std_uni,1,2.9191973209381104,-3.7392587661743164,1
OREBA-DIS_1012_1_grm_std_uni,1,3.2163097858428955,-3.5714969635009766,1
OREBA-DIS_1012_1_grm_std_uni,1,3.7729082107543945,-4.263275623321533,1
OREBA-DIS_1012_1_grm_std_uni,1,3.6861062049865723,-4.404104232788086,1
OREBA-DIS_1012_1_grm_std_uni,1,3.561880350112915,-4.928167343139648,1
OREBA-DIS_1012_1_grm_std_uni,1,3.7526299953460693,-5.402872085571289,1
OREBA-DIS_1012_1_grm_std_uni,1,4.0235443115234375,-5.832751274108887,1
OREBA-DIS_1012_1_grm_std_uni,1,3.7246644496917725,-5.843923568725586,1
OREBA-DIS_1012_1_grm_std_uni,1,3.3395378589630127,-5.468747138977051,1
OREBA-DIS_1012_1_grm_std_uni,1,3.5648317337036133,-5.547931671142578,1
OREBA-DIS_1012_1_grm_std_uni,1,3.441577911376953,-5.5906901359558105,1
OREBA-DIS_1012_1_grm_std_uni,1,2.80411958694458,-5.00270938873291,1
OREBA-DIS_1012_1_grm_std_uni,1,2.4735562801361084,-4.540056228637695,1
OREBA-DIS_1012_1_grm_std_uni,1,3.0572168827056885,-4.929285049438477,1
OREBA-DIS_1012_1_grm_std_uni,1,4.204130172729492,-5.981905460357666,1
OREBA-DIS_1012_1_grm_std_uni,1,4.739425182342529,-6.709751605987549,1
OREBA-DIS_1012_1_grm_std_uni,1,4.5267558097839355,-6.606688976287842,1
OREBA-DIS_1012_1_grm_std_uni,1,4.052994251251221,-6.191827774047852,1
OREBA-DIS_1012_1_grm_std_uni,1,4.005953788757324,-5.183365821838379,1
OREBA-DIS_1012_1_grm_std_uni,1,5.370270252227783,-6.8302836418151855,1
OREBA-DIS_1012_1_grm_std_uni,1,5.450369358062744,-7.3157782554626465,1
OREBA-DIS_1012_1_grm_std_uni,1,5.407749176025391,-7.541413307189941,1
OREBA-DIS_1012_1_grm_std_uni,1,5.0344767570495605,-6.986330032348633,1
OREBA-DIS_1012_1_grm_std_uni,1,3.7424354553222656,-5.869741439819336,1
OREBA-DIS_1012_1_grm_std_uni,1,3.5494773387908936,-4.317300796508789,1
OREBA-DIS_1012_1_grm_std_uni,1,3.962355136871338,-3.591379404067993,1
OREBA-DIS_1012_1_grm_std_uni,1,4.547550678253174,-3.3501462936401367,1
OREBA-DIS_1012_1_grm_std_uni,1,5.807079315185547,-3.955425500869751,1
OREBA-DIS_1012_1_grm_std_uni,1,6.387718200683594,-4.121515274047852,1
OREBA-DIS_1012_1_grm_std_uni,1,6.624509334564209,-4.0727972984313965,1
OREBA-DIS_1012_1_grm_std_uni,1,7.111807823181152,-4.529538631439209,1
OREBA-DIS_1012_1_grm_std_uni,1,7.544092178344727,-5.234445095062256,1
OREBA-DIS_1012_1_grm_std_uni,1,7.010838508605957,-4.425442695617676,1
OREBA-DIS_1012_1_grm_std_uni,1,6.854912757873535,-4.1991658210754395,1
OREBA-DIS_1012_1_grm_std_uni,1,6.610349655151367,-4.0405097007751465,1
OREBA-DIS_1012_1_grm_std_uni,1,6.561116695404053,-3.9839718341827393,1
OREBA-DIS_1012_1_grm_std_uni,1,6.081478595733643,-4.152584075927734,1
OREBA-DIS_1012_1_grm_std_uni,1,5.207854747772217,-3.6691017150878906,1
OREBA-DIS_1012_1_grm_std_uni,1,5.725817680358887,-4.03287410736084,1
OREBA-DIS_1012_1_grm_std_uni,1,7.292104721069336,-5.072061061859131,1
OREBA-DIS_1012_1_grm_std_uni,1,8.319676399230957,-6.008948802947998,1
OREBA-DIS_1012_1_grm_std_uni,1,7.653922080993652,-6.028288841247559,1
OREBA-DIS_1012_1_grm_std_uni,1,6.485623359680176,-5.386983871459961,1
OREBA-DIS_1012_1_grm_std_uni,1,6.26580810546875,-4.870194435119629,1
OREBA-DIS_1012_1_grm_std_uni,1,6.0213446617126465,-4.190655708312988,1
OREBA-DIS_1012_1_grm_std_uni,1,4.801031589508057,-2.9169468879699707,1
OREBA-DIS_1012_1_grm_std_uni,1,5.019933223724365,-2.3150694370269775,1
OREBA-DIS_1012_1_grm_std_uni,1,6.0476975440979,-3.4466898441314697,1
OREBA-DIS_1012_1_grm_std_uni,1,6.1745924949646,-3.2211556434631348,1
OREBA-DIS_1012_1_grm_std_uni,1,4.947133541107178,-2.3469676971435547,1
OREBA-DIS_1012_1_grm_std_uni,1,3.108635187149048,-1.9780619144439697,1
OREBA-DIS_1012_1_grm_std_uni,1,2.862011194229126,-2.006053924560547,1
OREBA-DIS_1012_1_grm_std_uni,1,3.163841485977173,-1.565612554550171,1
OREBA-DIS_1012_1_grm_std_uni,1,4.057543754577637,-1.5752968788146973,1
OREBA-DIS_1012_1_grm_std_uni,1,4.515682220458984,-2.157831907272339,1
OREBA-DIS_1012_1_grm_std_uni,1,5.15045166015625,-3.1130778789520264,1
OREBA-DIS_1012_1_grm_std_uni,1,5.443765640258789,-3.392040491104126,1
OREBA-DIS_1012_1_grm_std_uni,1,5.5137200355529785,-3.499370813369751,1
OREBA-DIS_1012_1_grm_std_uni,1,7.15712308883667,-4.615151882171631,1
OREBA-DIS_1012_1_grm_std_uni,1,7.51943302154541,-5.218644142150879,1
OREBA-DIS_1012_1_grm_std_uni,1,6.647993087768555,-4.878622055053711,1
OREBA-DIS_1012_1_grm_std_uni,1,6.123682022094727,-4.174516201019287,1
OREBA-DIS_1012_1_grm_std_uni,1,5.279094219207764,-3.245182991027832,1
OREBA-DIS_1012_1_grm_std_uni,1,4.183471202850342,-2.2944352626800537,1
OREBA-DIS_1012_1_grm_std_uni,1,4.459901332855225,-3.0623714923858643,1
OREBA-DIS_1012_1_grm_std_uni,1,5.2039642333984375,-4.468954086303711,1
OREBA-DIS_1012_1_grm_std_uni,1,6.990401744842529,-7.07187032699585,1
OREBA-DIS_1012_1_grm_std_uni,1,6.559422492980957,-7.099358558654785,1
OREBA-DIS_1012_1_grm_std_uni,1,5.9650444984436035,-6.868104457855225,1
OREBA-DIS_1012_1_grm_std_uni,1,5.342682838439941,-6.9205851554870605,1
OREBA-DIS_1012_1_grm_std_uni,1,4.8349223136901855,-6.547491073608398,1
OREBA-DIS_1012_1_grm_std_uni,1,4.819852352142334,-6.6404571533203125,1
OREBA-DIS_1012_1_grm_std_uni,1,4.9550065994262695,-7.179808616638184,1
OREBA-DIS_1012_1_grm_std_uni,1,5.638558387756348,-7.5080342292785645,1
OREBA-DIS_1012_1_grm_std_uni,1,5.224941730499268,-7.334479808807373,1
OREBA-DIS_1012_1_grm_std_uni,1,5.234757423400879,-6.493301868438721,1
OREBA-DIS_1012_1_grm_std_uni,1,4.671250343322754,-5.330691814422607,1
OREBA-DIS_1012_1_grm_std_uni,1,3.844789505004883,-4.3284807205200195,1
OREBA-DIS_1012_1_grm_std_uni,1,2.4553911685943604,-3.20810604095459,1
OREBA-DIS_1012_1_grm_std_uni,1,3.736879825592041,-3.806299924850464,1
OREBA-DIS_1012_1_grm_std_uni,1,5.385932445526123,-6.222104072570801,1
OREBA-DIS_1012_1_grm_std_uni,1,5.565724849700928,-7.087529182434082,1
OREBA-DIS_1012_1_grm_std_uni,1,4.564551830291748,-6.897672176361084,1
OREBA-DIS_1012_1_grm_std_uni,1,4.249752998352051,-6.431375980377197,1
OREBA-DIS_1012_1_grm_std_uni,1,4.517297744750977,-6.510260105133057,1
OREBA-DIS_1012_1_grm_std_uni,1,4.5680928230285645,-6.504394054412842,1
OREBA-DIS_1012_1_grm_std_uni,1,4.527684688568115,-6.471286773681641,1
OREBA-DIS_1012_1_grm_std_uni,1,4.429699897766113,-6.413337707519531,1
OREBA-DIS_1012_1_grm_std_uni,1,4.396866798400879,-6.390464782714844,1
OREBA-DIS_1012_1_grm_std_uni,1,4.21082878112793,-6.243778705596924,1
OREBA-DIS_1012_1_grm_std_uni,1,4.077578067779541,-6.096712589263916,1
OREBA-DIS_1012_1_grm_std_uni,1,4.143143177032471,-6.025840759277344,1
OREBA-DIS_1012_1_grm_std_uni,1,4.279139041900635,-6.171518802642822,1
OREBA-DIS_1012_1_grm_std_uni,1,4.237671852111816,-6.307481288909912,1
OREBA-DIS_1012_1_grm_std_uni,1,3.9395065307617188,-6.1571550369262695,1
OREBA-DIS_1012_1_grm_std_uni,1,3.622417688369751,-5.872806549072266,1
OREBA-DIS_1012_1_grm_std_uni,1,3.8051276206970215,-5.947990417480469,1
OREBA-DIS_1012_1_grm_std_uni,1,4.376734733581543,-6.430842399597168,1
OREBA-DIS_1012_1_grm_std_uni,1,5.374582767486572,-7.051865577697754,1
OREBA-DIS_1012_1_grm_std_uni,1,5.095995903015137,-6.5881028175354,1
OREBA-DIS_1012_1_grm_std_uni,1,3.935272216796875,-5.367482662200928,1
OREBA-DIS_1012_1_grm_std_uni,1,3.202909231185913,-3.7672176361083984,1
OREBA-DIS_1012_1_grm_std_uni,1,3.6844234466552734,-2.917018175125122,1
OREBA-DIS_1012_1_grm_std_uni,1,4.519430637359619,-2.6103177070617676,1
OREBA-DIS_1012_1_grm_std_uni,1,4.86162805557251,-2.291614294052124,1
OREBA-DIS_1012_1_grm_std_uni,1,6.117725372314453,-3.471468448638916,1
OREBA-DIS_1012_1_grm_std_uni,1,5.763616561889648,-4.091797828674316,1
OREBA-DIS_1012_1_grm_std_uni,1,5.091975688934326,-4.367661476135254,1
OREBA-DIS_1012_1_grm_std_uni,1,5.3414154052734375,-4.955883979797363,1
OREBA-DIS_1012_1_grm_std_uni,1,5.63785457611084,-5.246945381164551,1
OREBA-DIS_1012_1_grm_std_uni,2,5.24687385559082,-4.643085479736328,1
OREBA-DIS_1012_1_grm_std_uni,2,5.338125228881836,-4.774097919464111,1
OREBA-DIS_1012_1_grm_std_uni,2,5.9950761795043945,-5.403703689575195,1
OREBA-DIS_1012_1_grm_std_uni,2,6.497044563293457,-5.960203647613525,1
OREBA-DIS_1012_1_grm_std_uni,2,6.24918794631958,-5.414950847625732,1
OREBA-DIS_1012_1_grm_std_uni,2,6.260190963745117,-5.534965991973877,1
OREBA-DIS_1012_1_grm_std_uni,2,6.311614036560059,-5.959072589874268,1
OREBA-DIS_1012_1_grm_std_uni,2,6.391372203826904,-6.364704608917236,1
OREBA-DIS_1012_1_grm_std_uni,2,6.392523765563965,-6.747890949249268,1
OREBA-DIS_1012_1_grm_std_uni,2,6.398822784423828,-6.948551177978516,1
OREBA-DIS_1012_1_grm_std_uni,2,6.256302356719971,-6.854493141174316,1
OREBA-DIS_1012_1_grm_std_uni,2,6.565919876098633,-7.275570392608643,1
OREBA-DIS_1012_1_grm_std_uni,2,6.892235279083252,-7.715022087097168,1
OREBA-DIS_1012_1_grm_std_uni,2,6.727333068847656,-7.5736823081970215,1
OREBA-DIS_1012_1_grm_std_uni,2,6.517955303192139,-7.452083110809326,1
OREBA-DIS_1012_1_grm_std_uni,2,6.24547004699707,-7.13747501373291,1
OREBA-DIS_1012_1_grm_std_uni,2,6.260475158691406,-7.015459060668945,1
OREBA-DIS_1012_1_grm_std_uni,2,6.144681930541992,-6.674166202545166,1
OREBA-DIS_1012_1_grm_std_uni,2,6.0057291984558105,-6.826395511627197,1
OREBA-DIS_1012_1_grm_std_uni,2,5.91820764541626,-7.050123691558838,1
OREBA-DIS_1012_1_grm_std_uni,2,6.035624980926514,-7.182317733764648,1
OREBA-DIS_1012_1_grm_std_uni,2,5.761469841003418,-6.742196083068848,1
OREBA-DIS_1012_1_grm_std_uni,2,4.499788761138916,-6.038110733032227,1
OREBA-DIS_1012_1_grm_std_uni,2,3.47019100189209,-5.353659152984619,1
OREBA-DIS_1012_1_grm_std_uni,2,2.16424560546875,-3.9093542098999023,1
OREBA-DIS_1012_1_grm_std_uni,2,-0.39461925625801086,-1.1630747318267822,1
OREBA-DIS_1012_1_grm_std_uni,2,-1.4012792110443115,0.9937329888343811,2
OREBA-DIS_1012_1_grm_std_uni,2,-0.2544022798538208,-0.23208901286125183,1
OREBA-DIS_1012_1_grm_std_uni,2,4.029748916625977,-4.865889549255371,1
OREBA-DIS_1012_1_grm_std_uni,2,6.463929176330566,-7.387669086456299,1
OREBA-DIS_1012_1_grm_std_uni,2,7.104165077209473,-8.19674301147461,1
OREBA-DIS_1012_1_grm_std_uni,2,7.374227523803711,-8.746932983398438,1
OREBA-DIS_1012_1_grm_std_uni,2,8.10081672668457,-9.220866203308105,1
OREBA-DIS_1012_1_grm_std_uni,2,9.02955436706543,-10.082571983337402,1
OREBA-DIS_1012_1_grm_std_uni,2,9.42329216003418,-10.369929313659668,1
OREBA-DIS_1012_1_grm_std_uni,2,9.2310209274292,-10.086291313171387,1
OREBA-DIS_1012_1_grm_std_uni,1,8.874119758605957,-9.117849349975586,1
OREBA-DIS_1012_1_grm_std_uni,1,8.750920295715332,-8.28791332244873,1
OREBA-DIS_1012_1_grm_std_uni,1,8.462056159973145,-7.924450397491455,1
OREBA-DIS_1012_1_grm_std_uni,1,8.07746696472168,-7.00661563873291,1
OREBA-DIS_1012_1_grm_std_uni,1,8.053159713745117,-6.793135643005371,1
OREBA-DIS_1012_1_grm_std_uni,1,8.406033515930176,-7.157526969909668,1
OREBA-DIS_1012_1_grm_std_uni,1,9.24944019317627,-8.223531723022461,1
OREBA-DIS_1012_1_grm_std_uni,1,8.4976224899292,-7.434751510620117,1
OREBA-DIS_1012_1_grm_std_uni,1,8.85645580291748,-7.834451675415039,1
OREBA-DIS_1012_1_grm_std_uni,1,9.48167896270752,-8.448657035827637,1
OREBA-DIS_1012_1_grm_std_uni,1,9.03499698638916,-7.6481146812438965,1
OREBA-DIS_1012_1_grm_std_uni,1,8.79698371887207,-7.829013824462891,1
OREBA-DIS_1012_1_grm_std_uni,1,8.036030769348145,-7.781240463256836,1
OREBA-DIS_1012_1_grm_std_uni,1,7.422657489776611,-7.699143886566162,1
OREBA-DIS_1012_1_grm_std_uni,1,6.855899810791016,-7.50829553604126,1
OREBA-DIS_1012_1_grm_std_uni,1,6.709219455718994,-7.543928146362305,1
OREBA-DIS_1012_1_grm_std_uni,1,6.5410237312316895,-7.877430438995361,1
OREBA-DIS_1012_1_grm_std_uni,1,6.126022815704346,-7.723810195922852,1
OREBA-DIS_1012_1_grm_std_uni,1,6.024860858917236,-7.606679439544678,1
OREBA-DIS_1012_1_grm_std_uni,1,5.85671854019165,-7.302876949310303,1
OREBA-DIS_1012_1_grm_std_uni,1,5.708275318145752,-7.278161525726318,1
OREBA-DIS_1012_1_grm_std_uni,1,5.684188365936279,-7.317665100097656,1
OREBA-DIS_1012_1_grm_std_uni,1,5.491386413574219,-7.2886199951171875,1
OREBA-DIS_1012_1_grm_std_uni,1,5.175989151000977,-7.167364597320557,1
OREBA-DIS_1012_1_grm_std_uni,1,4.894818305969238,-7.1104326248168945,1
OREBA-DIS_1012_1_grm_std_uni,1,4.7070512771606445,-7.062557220458984,1
OREBA-DIS_1012_1_grm_std_uni,1,4.771891117095947,-7.009422302246094,1
OREBA-DIS_1012_1_grm_std_uni,1,4.911681652069092,-6.886468410491943,1
OREBA-DIS_1012_1_grm_std_uni,1,5.2615814208984375,-6.885848045349121,1
OREBA-DIS_1012_1_grm_std_uni,1,5.867668151855469,-7.613796234130859,1
OREBA-DIS_1012_1_grm_std_uni,1,6.203528881072998,-8.304286003112793,1
OREBA-DIS_1012_1_grm_std_uni,1,5.635748386383057,-7.810375690460205,1
OREBA-DIS_1012_1_grm_std_uni,1,5.063788890838623,-6.715949058532715,1
OREBA-DIS_1012_1_grm_std_uni,1,5.314692497253418,-6.485088348388672,1
OREBA-DIS_1012_1_grm_std_uni,1,5.1227192878723145,-6.002259254455566,1
OREBA-DIS_1012_1_grm_std_uni,1,4.575037002563477,-5.442477226257324,1
OREBA-DIS_1012_1_grm_std_uni,1,4.280740737915039,-5.481808662414551,1
OREBA-DIS_1012_1_grm_std_uni,1,4.567028522491455,-5.8018059730529785,1
OREBA-DIS_1012_1_grm_std_uni,1,4.666311264038086,-5.38850736618042,1
OREBA-DIS_1012_1_grm_std_uni,2,5.4790215492248535,-6.275903701782227,1
OREBA-DIS_1012_1_grm_std_uni,2,5.858719348907471,-6.41920804977417,1
OREBA-DIS_1012_1_grm_std_uni,2,6.210913181304932,-6.208547592163086,1
OREBA-DIS_1012_1_grm_std_uni,2,6.01115083694458,-6.147683620452881,1
OREBA-DIS_1012_1_grm_std_uni,2,6.126955986022949,-6.431669235229492,1
OREBA-DIS_1012_1_grm_std_uni,2,6.296145915985107,-6.560282230377197,1
OREBA-DIS_1012_1_grm_std_uni,2,6.461979866027832,-6.722768306732178,1
OREBA-DIS_1012_1_grm_std_uni,2,6.7719550132751465,-7.186623573303223,1
OREBA-DIS_1012_1_grm_std_uni,2,6.936541557312012,-7.3672871589660645,1
OREBA-DIS_1012_1_grm_std_uni,2,6.36325740814209,-7.119642734527588,1
OREBA-DIS_1012_1_grm_std_uni,2,5.998941898345947,-7.029895782470703,1
OREBA-DIS_1012_1_grm_std_uni,2,5.51006555557251,-6.793975353240967,1
OREBA-DIS_1012_1_grm_std_uni,2,3.7406005859375,-5.344858646392822,1
OREBA-DIS_1012_1_grm_std_uni,2,-0.02095383033156395,-1.5724577903747559,1
OREBA-DIS_1012_1_grm_std_uni,2,-4.419189453125,3.2142162322998047,2
OREBA-DIS_1012_1_grm_std_uni,2,-1.8222227096557617,0.7003613710403442,1
OREBA-DIS_1012_1_grm_std_uni,2,3.9744327068328857,-4.794652462005615,1
OREBA-DIS_1012_1_grm_std_uni,2,7.674191951751709,-7.504809379577637,1
OREBA-DIS_1012_1_grm_std_uni,2,7.346102714538574,-7.875097751617432,1
OREBA-DIS_1012_1_grm_std_uni,2,5.617018222808838,-6.153420448303223,1
OREBA-DIS_1012_1_grm_std_uni,2,4.950990676879883,-4.964354991912842,1
OREBA-DIS_1012_1_grm_std_uni,2,5.47725772857666,-6.352520942687988,1
OREBA-DIS_1012_1_grm_std_uni,2,6.792158603668213,-7.8613104820251465,1
OREBA-DIS_1012_1_grm_std_uni,2,7.0279364585876465,-8.523837089538574,1
OREBA-DIS_1012_1_grm_std_uni,1,8.544723510742188,-9.242602348327637,1
OREBA-DIS_1012_1_grm_std_uni,1,8.957531929016113,-9.19059944152832,1
OREBA-DIS_1012_1_grm_std_uni,1,8.833821296691895,-8.394739151000977,1
OREBA-DIS_1012_1_grm_std_uni,1,8.128793716430664,-7.253177165985107,1
OREBA-DIS_1012_1_grm_std_uni,1,7.56580114364624,-7.438230037689209,1
OREBA-DIS_1012_1_grm_std_uni,1,6.980596542358398,-8.062187194824219,1
OREBA-DIS_1012_1_grm_std_uni,1,6.496311187744141,-8.324626922607422,1
OREBA-DIS_1012_1_grm_std_uni,1,6.690645217895508,-8.714934349060059,1
OREBA-DIS_1012_1_grm_std_uni,1,6.775387763977051,-8.922751426696777,1
OREBA-DIS_1012_1_grm_std_uni,1,6.76699686050415,-8.911518096923828,1
OREBA-DIS_1012_1_grm_std_uni,1,6.510131359100342,-8.518375396728516,1
OREBA-DIS_1012_1_grm_std_uni,1,6.382335186004639,-8.348734855651855,1
OREBA-DIS_1012_1_grm_std_uni,1,6.435308456420898,-8.368513107299805,1
OREBA-DIS_1012_1_grm_std_uni,1,6.388660430908203,-8.359305381774902,1
OREBA-DIS_1012_1_grm_std_uni,1,6.211050987243652,-8.094855308532715,1
OREBA-DIS_1012_1_grm_std_uni,1,6.095940589904785,-7.897640228271484,1
OREBA-DIS_1012_1_grm_std_uni,1,5.967053413391113,-7.8117547035217285,1
OREBA-DIS_1012_1_grm_std_uni,1,5.933935642242432,-7.723119258880615,1
OREBA-DIS_1012_1_grm_std_uni,1,5.90617561340332,-7.574604034423828,1
OREBA-DIS_1012_1_grm_std_uni,1,5.868746280670166,-7.428219795227051,1
OREBA-DIS_1012_1_grm_std_uni,1,5.944404602050781,-7.49191427230835,1
OREBA-DIS_1012_1_grm_std_uni,1,5.993936538696289,-7.609470367431641,1
OREBA-DIS_1012_1_grm_std_uni,1,6.282901763916016,-7.810409069061279,1
OREBA-DIS_1012_1_grm_std_uni,1,6.535233020782471,-8.045443534851074,1
OREBA-DIS_1012_1_grm_std_uni,1,6.050822734832764,-7.563527584075928,1
OREBA-DIS_1012_1_grm_std_uni,1,5.486356735229492,-7.196648597717285,1
OREBA-DIS_1012_1_grm_std_uni,1,4.830583095550537,-6.2426533699035645,1
OREBA-DIS_1012_1_grm_std_uni,1,5.573023796081543,-5.8138813972473145,1
OREBA-DIS_1012_1_grm_std_uni,1,5.3875322341918945,-4.742776870727539,1
OREBA-DIS_1012_1_grm_std_uni,1,4.547144412994385,-3.5456347465515137,1
OREBA-DIS_1012_1_grm_std_uni,1,5.467319011688232,-3.962721347808838,1
OREBA-DIS_1012_1_grm_std_uni,1,6.273520469665527,-4.265275001525879,1
OREBA-DIS_1012_1_grm_std_uni,1,6.578843116760254,-5.147985458374023,1
OREBA-DIS_1012_1_grm_std_uni,1,7.033626556396484,-5.619512557983398,1
OREBA-DIS_1012_1_grm_std_uni,1,8.08139705657959,-6.384817123413086,1
OREBA-DIS_1012_1_grm_std_uni,1,7.581940650939941,-6.316630840301514,1
OREBA-DIS_1012_1_grm_std_uni,1,6.459819316864014,-6.2505364418029785,1
OREBA-DIS_1012_1_grm_std_uni,1,6.095203876495361,-6.203980922698975,1
OREBA-DIS_1012_1_grm_std_uni,1,6.387413501739502,-6.903820037841797,1
OREBA-DIS_1012_1_grm_std_uni,1,6.315058708190918,-7.3028178215026855,1
OREBA-DIS_1012_1_grm_std_uni,1,5.734407901763916,-7.082253932952881,1
OREBA-DIS_1012_1_grm_std_uni,1,5.561100482940674,-6.97592306137085,1
OREBA-DIS_1012_1_grm_std_uni,1,5.178767204284668,-6.53626823425293,1
OREBA-DIS_1012_1_grm_std_uni,1,4.751969814300537,-5.877800941467285,1
OREBA-DIS_1012_1_grm_std_uni,1,4.409111976623535,-5.361431121826172,1
OREBA-DIS_1012_1_grm_std_uni,1,4.528317928314209,-5.507178783416748,1
OREBA-DIS_1012_1_grm_std_uni,1,4.892663955688477,-5.770227432250977,1
OREBA-DIS_1012_1_grm_std_uni,1,4.762367248535156,-5.934198379516602,1
OREBA-DIS_1012_1_grm_std_uni,1,4.260732173919678,-5.997989177703857,1
OREBA-DIS_1012_1_grm_std_uni,1,3.5435731410980225,-5.635538101196289,1
OREBA-DIS_1012_1_grm_std_uni,1,3.2320058345794678,-5.245012283325195,1
OREBA-DIS_1012_1_grm_std_uni,1,3.3078317642211914,-5.180964946746826,1
OREBA-DIS_1012_1_grm_std_uni,1,3.5992510318756104,-5.081843852996826,1
OREBA-DIS_1012_1_grm_std_uni,1,4.031899929046631,-5.5385613441467285,1
OREBA-DIS_1012_1_grm_std_uni,1,4.728394508361816,-5.91256046295166,1
OREBA-DIS_1012_1_grm_std_uni,1,4.916633605957031,-5.997772693634033,1
OREBA-DIS_1012_1_grm_std_uni,1,4.956428527832031,-5.752904415130615,1
OREBA-DIS_1012_1_grm_std_uni,1,4.198750019073486,-4.324717044830322,1
OREBA-DIS_1012_1_grm_std_uni,1,3.7476656436920166,-3.5209848880767822,1
OREBA-DIS_1012_1_grm_std_uni,1,4.540686130523682,-3.8370378017425537,1
OREBA-DIS_1012_1_grm_std_uni,1,4.620578765869141,-3.9780428409576416,1
OREBA-DIS_1012_1_grm_std_uni,1,5.813816547393799,-4.787698268890381,1
OREBA-DIS_1012_1_grm_std_uni,1,6.591348171234131,-5.12263822555542,1
OREBA-DIS_1012_1_grm_std_uni,1,6.819183349609375,-4.965091228485107,1
OREBA-DIS_1012_1_grm_std_uni,1,4.135561943054199,-3.5945510864257812,1
OREBA-DIS_1012_1_grm_std_uni,1,3.4913368225097656,-2.868213176727295,1
OREBA-DIS_1012_1_grm_std_uni,1,4.023295879364014,-2.3970651626586914,1
OREBA-DIS_1012_1_grm_std_uni,1,5.693379878997803,-4.040410995483398,1
OREBA-DIS_1012_1_grm_std_uni,1,6.644915580749512,-5.334742546081543,1
OREBA-DIS_1012_1_grm_std_uni,1,7.026236534118652,-5.203497409820557,1
OREBA-DIS_1012_1_grm_std_uni,1,8.105613708496094,-5.410580635070801,1
OREBA-DIS_1012_1_grm_std_uni,1,8.229387283325195,-5.651007652282715,1
OREBA-DIS_1012_1_grm_std_uni,1,7.365361213684082,-5.699488639831543,1
OREBA-DIS_1012_1_grm_std_uni,1,6.9415364265441895,-5.10606575012207,1
OREBA-DIS_1012_1_grm_std_uni,1,7.390369892120361,-5.4058098793029785,1
OREBA-DIS_1012_1_grm_std_uni,1,6.946087837219238,-5.308481216430664,1
OREBA-DIS_1012_1_grm_std_uni,1,6.990305423736572,-4.826322078704834,1
OREBA-DIS_1012_1_grm_std_uni,1,6.2158203125,-4.228120803833008,1
OREBA-DIS_1012_1_grm_std_uni,1,5.858776092529297,-4.693868160247803,1
OREBA-DIS_1012_1_grm_std_uni,1,5.012110233306885,-5.097726345062256,1
OREBA-DIS_1012_1_grm_std_uni,1,4.810638427734375,-5.563226222991943,1
OREBA-DIS_1012_1_grm_std_uni,1,4.551633834838867,-5.827763557434082,1
OREBA-DIS_1012_1_grm_std_uni,1,4.34194278717041,-6.142370700836182,1
OREBA-DIS_1012_1_grm_std_uni,1,4.014433860778809,-6.545981407165527,1
OREBA-DIS_1012_1_grm_std_uni,1,4.454441070556641,-6.407269477844238,1
OREBA-DIS_1012_1_grm_std_uni,1,4.258464336395264,-5.895362854003906,1
OREBA-DIS_1012_1_grm_std_uni,1,4.270406723022461,-5.380062580108643,1
OREBA-DIS_1012_1_grm_std_uni,1,5.639780521392822,-5.320223808288574,1
OREBA-DIS_1012_1_grm_std_uni,1,5.017513275146484,-4.2172980308532715,1
OREBA-DIS_1012_1_grm_std_uni,1,5.374783039093018,-4.305614471435547,1
OREBA-DIS_1012_1_grm_std_uni,1,6.031613826751709,-3.5970170497894287,1
OREBA-DIS_1012_1_grm_std_uni,1,5.963379383087158,-3.2616841793060303,1
OREBA-DIS_1012_1_grm_std_uni,1,4.813786506652832,-3.098453998565674,1
OREBA-DIS_1012_1_grm_std_uni,1,5.902750015258789,-5.570943832397461,1
OREBA-DIS_1012_1_grm_std_uni,1,5.602105140686035,-6.295773506164551,1
OREBA-DIS_1012_1_grm_std_uni,1,5.607762813568115,-6.39007568359375,1
OREBA-DIS_1012_1_grm_std_uni,1,5.679162502288818,-6.676887035369873,1
OREBA-DIS_1012_1_grm_std_uni,1,5.821306228637695,-6.267782211303711,1
OREBA-DIS_1012_1_grm_std_uni,1,5.293964385986328,-5.5931077003479,1
OREBA-DIS_1012_1_grm_std_uni,1,6.323431491851807,-6.970407485961914,1
OREBA-DIS_1012_1_grm_std_uni,1,6.508218765258789,-7.553613185882568,1
OREBA-DIS_1012_1_grm_std_uni,1,5.688265800476074,-6.916451454162598,1
OREBA-DIS_1012_1_grm_std_uni,1,4.780493259429932,-6.002807140350342,1
OREBA-DIS_1012_1_grm_std_uni,1,3.726245641708374,-4.9812211990356445,1
OREBA-DIS_1012_1_grm_std_uni,1,3.7941691875457764,-4.0658674240112305,1
OREBA-DIS_1012_1_grm_std_uni,1,3.3104543685913086,-2.93009877204895,1
OREBA-DIS_1012_1_grm_std_uni,1,3.9289700984954834,-2.6535751819610596,1
OREBA-DIS_1012_1_grm_std_uni,1,4.608522415161133,-3.033388376235962,1
OREBA-DIS_1012_1_grm_std_uni,1,4.5305047035217285,-3.7728021144866943,1
OREBA-DIS_1012_1_grm_std_uni,1,4.207451820373535,-4.2821574211120605,1
OREBA-DIS_1012_1_grm_std_uni,1,4.32535457611084,-3.987868070602417,1
OREBA-DIS_1012_1_grm_std_uni,1,5.214258193969727,-4.578800201416016,1
OREBA-DIS_1012_1_grm_std_uni,1,5.116415500640869,-4.974227428436279,1
OREBA-DIS_1012_1_grm_std_uni,1,3.6481692790985107,-4.177958965301514,1
OREBA-DIS_1012_1_grm_std_uni,1,2.0704758167266846,-2.471580982208252,1
OREBA-DIS_1012_1_grm_std_uni,1,1.6330865621566772,-2.053715705871582,1
OREBA-DIS_1012_1_grm_std_uni,1,2.552591562271118,-3.33036208152771,1
OREBA-DIS_1012_1_grm_std_uni,1,3.354219913482666,-3.1733028888702393,1
OREBA-DIS_1012_1_grm_std_uni,1,1.2826714515686035,-1.813925862312317,1
OREBA-DIS_1012_1_grm_std_uni,1,-0.04493460804224014,-0.28826072812080383,2
OREBA-DIS_1012_1_grm_std_uni,1,1.375152349472046,-0.1568862944841385,1
OREBA-DIS_1012_1_grm_std_uni,1,4.873758316040039,-4.039800643920898,1
OREBA-DIS_1012_1_grm_std_uni,1,6.222569465637207,-5.6404876708984375,1
OREBA-DIS_1012_1_grm_std_uni,1,6.796923637390137,-6.0118231773376465,1
OREBA-DIS_1012_1_grm_std_uni,1,6.883895397186279,-5.850734233856201,1
OREBA-DIS_1012_1_grm_std_uni,1,7.046746253967285,-5.871423721313477,1
OREBA-DIS_1012_1_grm_std_uni,1,7.427833080291748,-6.56060266494751,1
OREBA-DIS_1012_1_grm_std_uni,1,7.3696112632751465,-6.977871894836426,1
OREBA-DIS_1012_1_grm_std_uni,1,7.520262241363525,-7.302396297454834,1
OREBA-DIS_1012_1_grm_std_uni,1,7.584128379821777,-7.885848522186279,1
OREBA-DIS_1012_1_grm_std_uni,1,6.879823207855225,-7.329296588897705,1
OREBA-DIS_1012_1_grm_std_uni,1,6.19955587387085,-7.094526767730713,1
OREBA-DIS_1012_1_grm_std_uni,1,6.075535297393799,-7.493807315826416,1
OREBA-DIS_1012_1_grm_std_uni,1,5.97793436050415,-7.8620476722717285,1
OREBA-DIS_1012_1_grm_std_uni,1,5.574227809906006,-7.522384166717529,1
OREBA-DIS_1012_1_grm_std_uni,1,5.08992338180542,-7.115181922912598,1
OREBA-DIS_1012_1_grm_std_uni,1,5.1256513595581055,-7.249079704284668,1
OREBA-DIS_1012_1_grm_std_uni,1,5.303994178771973,-7.37080192565918,1
OREBA-DIS_1012_1_grm_std_uni,1,5.27047061920166,-7.201512813568115,1
OREBA-DIS_1012_1_grm_std_uni,1,5.321683883666992,-7.021078109741211,1
OREBA-DIS_1012_1_grm_std_uni,1,5.403966426849365,-6.883787155151367,1
OREBA-DIS_1012_1_grm_std_uni,1,5.402985095977783,-6.861656188964844,1
OREBA-DIS_1012_1_grm_std_uni,1,5.446961879730225,-6.929495811462402,1
OREBA-DIS_1012_1_grm_std_uni,1,5.464035511016846,-6.8973002433776855,1
OREBA-DIS_1012_1_grm_std_uni,1,5.496777057647705,-6.983949661254883,1
OREBA-DIS_1012_1_grm_std_uni,1,5.632118225097656,-7.1252827644348145,1
OREBA-DIS_1012_1_grm_std_uni,1,5.610638618469238,-7.026312351226807,1
OREBA-DIS_1012_1_grm_std_uni,1,5.561818599700928,-6.791647434234619,1
OREBA-DIS_1012_1_grm_std_uni,1,5.5260748863220215,-6.6509318351745605,1
OREBA-DIS_1012_1_grm_std_uni,1,5.227092266082764,-6.575873374938965,1
OREBA-DIS_1012_1_grm_std_uni,1,4.9992289543151855,-6.664663314819336,1
OREBA-DIS_1012_1_grm_std_uni,1,4.974494457244873,-6.83023738861084,1
OREBA-DIS_1012_1_grm_std_uni,1,4.849381446838379,-6.345105171203613,1
OREBA-DIS_1012_1_grm_std_uni,1,5.592580795288086,-5.207394599914551,1
OREBA-DIS_1012_1_grm_std_uni,1,5.629321575164795,-3.9959349632263184,1
OREBA-DIS_1012_1_grm_std_uni,1,6.355186462402344,-3.653888702392578,1
OREBA-DIS_1012_1_grm_std_uni,1,6.511178970336914,-4.411221981048584,1
OREBA-DIS_1012_1_grm_std_uni,1,7.262185096740723,-4.802058219909668,1
OREBA-DIS_1012_1_grm_std_uni,1,7.547909259796143,-6.028600215911865,1
OREBA-DIS_1012_1_grm_std_uni,1,6.9711785316467285,-5.8543243408203125,1
OREBA-DIS_1012_1_grm_std_uni,1,6.848726749420166,-5.930100440979004,1
OREBA-DIS_1012_1_grm_std_uni,1,6.890793323516846,-6.549111843109131,1
OREBA-DIS_1012_1_grm_std_uni,1,6.890729904174805,-7.2308430671691895,1
OREBA-DIS_1012_1_grm_std_uni,1,6.5542073249816895,-7.251712799072266,1
OREBA-DIS_1012_1_grm_std_uni,1,6.232949256896973,-6.787684917449951,1
OREBA-DIS_1012_1_grm_std_uni,1,6.042600154876709,-6.309030532836914,1
OREBA-DIS_1012_1_grm_std_uni,1,6.170330047607422,-6.497440338134766,1
OREBA-DIS_1012_1_grm_std_uni,1,5.9109697341918945,-6.731759548187256,1
OREBA-DIS_1012_1_grm_std_uni,1,5.7419281005859375,-6.697744369506836,1
OREBA-DIS_1012_1_grm_std_uni,1,5.59580659866333,-6.56313419342041,1
OREBA-DIS_1012_1_grm_std_uni,1,5.5113348960876465,-6.539581775665283,1
OREBA-DIS_1012_1_grm_std_uni,1,5.370612621307373,-6.4237213134765625,1
OREBA-DIS_1012_1_grm_std_uni,1,5.3257365226745605,-6.190290451049805,1
OREBA-DIS_1012_1_grm_std_uni,1,4.961845397949219,-5.8983073234558105,1
OREBA-DIS_1012_1_grm_std_uni,1,4.902007579803467,-5.822347640991211,1
OREBA-DIS_1012_1_grm_std_uni,1,5.735706329345703,-6.828650951385498,1
OREBA-DIS_1012_1_grm_std_uni,1,5.914808750152588,-7.651344299316406,1
OREBA-DIS_1012_1_grm_std_uni,1,5.417443752288818,-7.403493881225586,1
OREBA-DIS_1012_1_grm_std_uni,1,4.849435329437256,-6.521303176879883,1
OREBA-DIS_1012_1_grm_std_uni,1,4.072865962982178,-4.911726474761963,1
OREBA-DIS_1012_1_grm_std_uni,1,3.6190524101257324,-3.8007142543792725,1
OREBA-DIS_1012_1_grm_std_uni,1,2.125340223312378,-2.0766680240631104,1
OREBA-DIS_1012_1_grm_std_uni,1,1.5244214534759521,-1.5354704856872559,1
OREBA-DIS_1012_1_grm_std_uni,1,4.556368350982666,-3.26857590675354,1
OREBA-DIS_1012_1_grm_std_uni,1,5.923897743225098,-4.987730979919434,1
OREBA-DIS_1012_1_grm_std_uni,1,7.020595550537109,-5.197868824005127,1
OREBA-DIS_1012_1_grm_std_uni,1,7.787374019622803,-5.402310848236084,1
OREBA-DIS_1012_1_grm_std_uni,1,7.255624771118164,-5.665981292724609,1
OREBA-DIS_1012_1_grm_std_uni,1,8.141873359680176,-6.965636730194092,1
OREBA-DIS_1012_1_grm_std_uni,1,7.439456462860107,-7.020102024078369,1
OREBA-DIS_1012_1_grm_std_uni,1,7.340865612030029,-6.992747783660889,1
OREBA-DIS_1012_1_grm_std_uni,1,8.201544761657715,-6.306657314300537,1
OREBA-DIS_1012_1_grm_std_uni,1,7.962485313415527,-5.245550155639648,1
OREBA-DIS_1012_1_grm_std_uni,1,7.657607555389404,-5.382596969604492,1
OREBA-DIS_1012_1_grm_std_uni,1,7.659711837768555,-6.290431022644043,1
OREBA-DIS_1012_1_grm_std_uni,1,7.195529460906982,-5.920753002166748,1
OREBA-DIS_1012_1_grm_std_uni,1,7.004128932952881,-5.569109916687012,1
OREBA-DIS_1012_1_grm_std_uni,1,7.540966510772705,-5.636192798614502,1
OREBA-DIS_1012_1_grm_std_uni,1,7.648807525634766,-5.131952285766602,1
OREBA-DIS_1012_1_grm_std_uni,1,7.556069374084473,-4.634897708892822,1
OREBA-DIS_1012_1_grm_std_uni,1,7.286518096923828,-4.324978828430176,1
OREBA-DIS_1012_1_grm_std_uni,1,7.415060997009277,-4.207657337188721,1
OREBA-DIS_1012_1_grm_std_uni,1,7.567813396453857,-4.8611369132995605,1
OREBA-DIS_1012_1_grm_std_uni,1,6.71923303604126,-5.332347393035889,1
OREBA-DIS_1012_1_grm_std_uni,1,6.482740879058838,-5.552192687988281,1
OREBA-DIS_1012_1_grm_std_uni,1,6.748623847961426,-5.5037407875061035,1
OREBA-DIS_1012_1_grm_std_uni,1,6.307353973388672,-5.005337238311768,1
OREBA-DIS_1012_1_grm_std_uni,1,6.665831565856934,-5.093926429748535,1
OREBA-DIS_1012_1_grm_std_uni,1,6.398463726043701,-4.637195110321045,1
OREBA-DIS_1012_1_grm_std_uni,1,6.629384994506836,-4.7005743980407715,1
OREBA-DIS_1012_1_grm_std_uni,1,6.8240556716918945,-4.966043472290039,1
OREBA-DIS_1012_1_grm_std_uni,1,6.856398582458496,-4.513577461242676,1
OREBA-DIS_1012_1_grm_std_uni,1,6.764266014099121,-4.0926737785339355,1
OREBA-DIS_1012_1_grm_std_uni,1,6.942676067352295,-4.219797134399414,1
OREBA-DIS_1012_1_grm_std_uni,1,7.12587833404541,-4.9129109382629395,1
OREBA-DIS_1012_1_grm_std_uni,1,6.79628324508667,-5.369597911834717,1
OREBA-DIS_1012_1_grm_std_uni,1,7.362377643585205,-5.602928638458252,1
OREBA-DIS_1012_1_grm_std_uni,1,8.211934089660645,-5.894748687744141,1
OREBA-DIS_1012_1_grm_std_uni,1,7.864022254943848,-5.5435791015625,1
OREBA-DIS_1012_1_grm_std_uni,1,7.9447174072265625,-5.823122501373291,1
OREBA-DIS_1012_1_grm_std_uni,1,7.457564353942871,-5.5750412940979,1
OREBA-DIS_1012_1_grm_std_uni,1,7.525753498077393,-5.633080005645752,1
OREBA-DIS_1012_1_grm_std_uni,1,7.347601890563965,-5.431459903717041,1
OREBA-DIS_1012_1_grm_std_uni,1,6.999835014343262,-5.087018966674805,1
OREBA-DIS_1012_1_grm_std_uni,1,7.008443832397461,-4.775174617767334,1
OREBA-DIS_1012_1_grm_std_uni,1,6.820940971374512,-4.348639965057373,1
OREBA-DIS_1012_1_grm_std_uni,1,6.776401042938232,-4.318177700042725,1
OREBA-DIS_1012_1_grm_std_uni,1,6.456018924713135,-4.052854061126709,1
OREBA-DIS_1012_1_grm_std_uni,1,6.725010395050049,-4.132299900054932,1
OREBA-DIS_1012_1_grm_std_uni,1,6.892552375793457,-4.10158634185791,1
OREBA-DIS_1012_1_grm_std_uni,1,7.357436180114746,-3.9863333702087402,1
OREBA-DIS_1012_1_grm_std_uni,1,7.564094543457031,-3.8451437950134277,1
OREBA-DIS_1012_1_grm_std_uni,1,7.029692649841309,-3.7094860076904297,1
OREBA-DIS_1012_1_grm_std_uni,1,6.583746433258057,-3.419386386871338,1
OREBA-DIS_1012_1_grm_std_uni,1,6.813559532165527,-3.924880027770996,1
OREBA-DIS_1012_1_grm_std_uni,1,6.279171943664551,-4.097434997558594,1
OREBA-DIS_1012_1_grm_std_uni,1,6.899798393249512,-4.768200397491455,1
OREBA-DIS_1012_1_grm_std_uni,1,7.236317157745361,-4.998404502868652,1
OREBA-DIS_1012_1_grm_std_uni,1,6.912454128265381,-4.7475175857543945,1
OREBA-DIS_1012_1_grm_std_uni,1,6.3111677169799805,-4.082982063293457,1
OREBA-DIS_1012_1_grm_std_uni,1,6.391835689544678,-4.066934585571289,1
OREBA-DIS_1012_1_grm_std_uni,1,5.951808452606201,-4.1226348876953125,1
OREBA-DIS_1012_1_grm_std_uni,1,5.562217712402344,-4.865847587585449,1
OREBA-DIS_1012_1_grm_std_uni,1,5.487704753875732,-5.614120960235596,1
OREBA-DIS_1012_1_grm_std_uni,1,5.302011489868164,-6.035471439361572,1
OREBA-DIS_1012_1_grm_std_uni,1,4.9706130027771,-5.9763593673706055,1
OREBA-DIS_1012_1_grm_std_uni,1,4.849933624267578,-5.921309947967529,1
OREBA-DIS_1012_1_grm_std_uni,1,4.780287265777588,-5.948464393615723,1
OREBA-DIS_1012_1_grm_std_uni,1,4.661205291748047,-5.992945194244385,1
OREBA-DIS_1012_1_grm_std_uni,1,4.376654148101807,-5.855953693389893,1
OREBA-DIS_1012_1_grm_std_uni,1,4.253140449523926,-5.679643630981445,1
OREBA-DIS_1012_1_grm_std_uni,1,4.226756572723389,-5.610054969787598,1
OREBA-DIS_1012_1_grm_std_uni,1,4.534705638885498,-5.8687872886657715,1
OREBA-DIS_1012_1_grm_std_uni,1,4.85400915145874,-6.143148899078369,1
OREBA-DIS_1012_1_grm_std_uni,1,4.883580207824707,-6.2336106300354,1
OREBA-DIS_1012_1_grm_std_uni,1,4.928366661071777,-6.294529914855957,1
OREBA-DIS_1012_1_grm_std_uni,1,5.08465576171875,-6.263113498687744,1
OREBA-DIS_1012_1_grm_std_uni,1,5.176846981048584,-6.271617889404297,1
OREBA-DIS_1012_1_grm_std_uni,1,5.133577823638916,-6.140799522399902,1
OREBA-DIS_1012_1_grm_std_uni,1,4.837738513946533,-5.816982746124268,1
OREBA-DIS_1012_1_grm_std_uni,1,4.239076137542725,-5.255799770355225,1
OREBA-DIS_1012_1_grm_std_uni,1,3.5567092895507812,-4.47972297668457,1
OREBA-DIS_1012_1_grm_std_uni,1,3.1755495071411133,-4.0689473152160645,1
OREBA-DIS_1012_1_grm_std_uni,1,3.7129323482513428,-4.565180778503418,1
OREBA-DIS_1012_1_grm_std_uni,1,4.418997287750244,-5.159377098083496,1
OREBA-DIS_1012_1_grm_std_uni,1,4.750258445739746,-5.676884651184082,1
OREBA-DIS_1012_1_grm_std_uni,1,4.893914222717285,-5.842154026031494,1
OREBA-DIS_1012_1_grm_std_uni,1,4.5911946296691895,-5.611603260040283,1
OREBA-DIS_1012_1_grm_std_uni,1,4.102753639221191,-5.032266616821289,1
OREBA-DIS_1012_1_grm_std_uni,1,4.277349948883057,-4.919462203979492,1
OREBA-DIS_1012_1_grm_std_uni,1,4.496450424194336,-5.273053169250488,1
OREBA-DIS_1012_1_grm_std_uni,1,4.519282341003418,-5.469460964202881,1
OREBA-DIS_1012_1_grm_std_uni,1,4.431002140045166,-5.436350345611572,1
OREBA-DIS_1012_1_grm_std_uni,1,4.253620624542236,-5.226984977722168,1
OREBA-DIS_1012_1_grm_std_uni,1,4.031725883483887,-4.807971477508545,1
OREBA-DIS_1012_1_grm_std_uni,1,3.5156447887420654,-4.463254451751709,1
OREBA-DIS_1012_1_grm_std_uni,1,3.3656020164489746,-4.420673847198486,1
OREBA-DIS_1012_1_grm_std_uni,1,3.13010573387146,-4.528499126434326,1
OREBA-DIS_1012_1_grm_std_uni,1,2.82195782661438,-4.0959367752075195,1
OREBA-DIS_1012_1_grm_std_uni,1,3.0045888423919678,-4.069899559020996,1
OREBA-DIS_1012_1_grm_std_uni,1,2.648979663848877,-3.6792349815368652,1
OREBA-DIS_1012_1_grm_std_uni,1,2.6143383979797363,-3.4452602863311768,1
OREBA-DIS_1012_1_grm_std_uni,1,2.9342551231384277,-3.7847917079925537,1
OREBA-DIS_1012_1_grm_std_uni,1,3.588771104812622,-4.616096496582031,1
OREBA-DIS_1012_1_grm_std_uni,1,3.8413045406341553,-4.972456932067871,1
OREBA-DIS_1012_1_grm_std_uni,1,3.821664333343506,-5.353407382965088,1
OREBA-DIS_1012_1_grm_std_uni,1,3.6112136840820312,-5.370693206787109,1
OREBA-DIS_1012_1_grm_std_uni,1,3.4470980167388916,-5.046535491943359,1
OREBA-DIS_1012_1_grm_std_uni,1,3.688122034072876,-4.934618949890137,1
OREBA-DIS_1012_1_grm_std_uni,1,3.838174343109131,-5.19673490524292,1
OREBA-DIS_1012_1_grm_std_uni,1,3.5719990730285645,-5.259788513183594,1
OREBA-DIS_1012_1_grm_std_uni,1,3.568236827850342,-5.045441627502441,1
OREBA-DIS_1012_1_grm_std_uni,1,3.7211813926696777,-4.941901683807373,1
OREBA-DIS_1012_1_grm_std_uni,1,3.8019955158233643,-4.998927116394043,1
OREBA-DIS_1012_1_grm_std_uni,1,3.9832324981689453,-5.083367347717285,1
OREBA-DIS_1012_1_grm_std_uni,1,3.6125292778015137,-4.8043293952941895,1
OREBA-DIS_1012_1_grm_std_uni,1,3.5410542488098145,-4.837845325469971,1
OREBA-DIS_1012_1_grm_std_uni,1,3.749420642852783,-4.9093546867370605,1
OREBA-DIS_1012_1_grm_std_uni,1,3.867428779602051,-4.886422157287598,1
OREBA-DIS_1012_1_grm_std_uni,1,3.6784138679504395,-4.9365692138671875,1
OREBA-DIS_1012_1_grm_std_uni,1,4.560093402862549,-5.810915470123291,1
OREBA-DIS_1012_1_grm_std_uni,1,4.942526340484619,-5.916184902191162,1
OREBA-DIS_1012_1_grm_std_uni,1,4.551746845245361,-5.0676398277282715,1
OREBA-DIS_1012_1_grm_std_uni,1,3.8315162658691406,-4.0683817863464355,1
OREBA-DIS_1012_1_grm_std_uni,1,4.247036457061768,-4.531826496124268,1
OREBA-DIS_1012_1_grm_std_uni,1,4.351548194885254,-4.181289196014404,1
OREBA-DIS_1012_1_grm_std_uni,1,4.080133438110352,-3.9298346042633057,1
OREBA-DIS_1012_1_grm_std_uni,1,4.040802955627441,-3.8984103202819824,1
OREBA-DIS_1012_1_grm_std_uni,1,4.429551124572754,-4.336418628692627,1
OREBA-DIS_1012_1_grm_std_uni,1,3.4863948822021484,-3.598752975463867,1
OREBA-DIS_1012_1_grm_std_uni,1,2.804093599319458,-2.5440125465393066,1
OREBA-DIS_1012_1_grm_std_uni,1,2.8631787300109863,-2.2172322273254395,1
OREBA-DIS_1012_1_grm_std_uni,1,3.865196704864502,-3.7325611114501953,1
OREBA-DIS_1012_1_grm_std_uni,1,4.776432991027832,-5.292024612426758,1
OREBA-DIS_1012_1_grm_std_uni,1,5.124269962310791,-5.8650007247924805,1
OREBA-DIS_1012_1_grm_std_uni,1,5.0514750480651855,-5.685064792633057,1
OREBA-DIS_1012_1_grm_std_uni,1,4.876431941986084,-5.246359348297119,1
OREBA-DIS_1012_1_grm_std_uni,1,4.388565540313721,-4.5322113037109375,1
OREBA-DIS_1012_1_grm_std_uni,1,4.4178466796875,-4.134942531585693,1
OREBA-DIS_1012_1_grm_std_uni,1,4.543935775756836,-4.116927623748779,1
OREBA-DIS_1012_1_grm_std_uni,1,4.230982303619385,-4.113339900970459,1
OREBA-DIS_1012_1_grm_std_uni,1,4.004654884338379,-4.090248107910156,1
OREBA-DIS_1012_1_grm_std_uni,1,3.8925418853759766,-4.1252665519714355,1
OREBA-DIS_1012_1_grm_std_uni,1,3.1155192852020264,-3.637578010559082,1
OREBA-DIS_1012_1_grm_std_uni,1,3.0352187156677246,-3.8317415714263916,1
OREBA-DIS_1012_1_grm_std_uni,1,2.8695685863494873,-3.950371503829956,1
OREBA-DIS_1012_1_grm_std_uni,1,2.6225974559783936,-3.8525519371032715,1
OREBA-DIS_1012_1_grm_std_uni,1,2.346592903137207,-3.734442949295044,1
OREBA-DIS_1012_1_grm_std_uni,1,2.809177875518799,-3.6674392223358154,1
OREBA-DIS_1012_1_grm_std_uni,1,3.2044074535369873,-3.8891680240631104,1
OREBA-DIS_1012_1_grm_std_uni,1,3.550570487976074,-4.534107685089111,1
OREBA-DIS_1012_1_grm_std_uni,1,4.04138708114624,-5.346187591552734,1
OREBA-DIS_1012_1_grm_std_uni,1,4.2372612953186035,-5.703621864318848,1
OREBA-DIS_1012_1_grm_std_uni,1,4.228280544281006,-5.312402248382568,1
OREBA-DIS_1012_1_grm_std_uni,1,4.057188987731934,-4.8526835441589355,1
OREBA-DIS_1012_1_grm_std_uni,1,3.826460123062134,-3.7585840225219727,1
OREBA-DIS_1012_1_grm_std_uni,1,3.8245599269866943,-3.211854934692383,1
OREBA-DIS_1012_1_grm_std_uni,1,5.323526859283447,-4.826038360595703,1
OREBA-DIS_1012_1_grm_std_uni,1,6.020812511444092,-5.821445941925049,1
OREBA-DIS_1012_1_grm_std_uni,1,5.84595251083374,-6.257443428039551,1
OREBA-DIS_1012_1_grm_std_uni,1,5.378281116485596,-6.2333526611328125,1
OREBA-DIS_1012_1_grm_std_uni,1,5.015449047088623,-6.006235599517822,1
OREBA-DIS_1012_1_grm_std_uni,1,4.953047752380371,-5.819632053375244,1
OREBA-DIS_1012_1_grm_std_uni,1,4.948870658874512,-5.978938102722168,1
OREBA-DIS_1012_1_grm_std_uni,1,4.71740198135376,-5.671204090118408,1
OREBA-DIS_1012_1_grm_std_uni,1,4.7421698570251465,-5.741323471069336,1
OREBA-DIS_1012_1_grm_std_uni,1,4.280008316040039,-5.456606388092041,1
OREBA-DIS_1012_1_grm_std_uni,1,3.2540314197540283,-4.539344310760498,1
OREBA-DIS_1012_1_grm_std_uni,1,3.636596918106079,-5.266119480133057,1
OREBA-DIS_1012_1_grm_std_uni,1,4.252077579498291,-5.697399616241455,1
OREBA-DIS_1012_1_grm_std_uni,1,4.508107662200928,-6.038662433624268,1
OREBA-DIS_1012_1_grm_std_uni,1,4.540096282958984,-6.393529415130615,1
OREBA-DIS_1012_1_grm_std_uni,1,4.326638221740723,-6.122230052947998,1
OREBA-DIS_1012_1_grm_std_uni,1,4.338279724121094,-6.073002338409424,1
OREBA-DIS_1012_1_grm_std_uni,1,4.297514915466309,-5.864685535430908,1
OREBA-DIS_1012_1_grm_std_uni,1,4.4226484298706055,-5.72635555267334,1
OREBA-DIS_1012_1_grm_std_uni,1,4.616488933563232,-5.726315021514893,1
OREBA-DIS_1012_1_grm_std_uni,1,4.568224906921387,-5.672005653381348,1
OREBA-DIS_1012_1_grm_std_uni,1,4.262657165527344,-5.400993347167969,1
OREBA-DIS_1012_1_grm_std_uni,1,3.9610705375671387,-5.0897216796875,1
OREBA-DIS_1012_1_grm_std_uni,1,4.367541790008545,-5.502943515777588,1
OREBA-DIS_1012_1_grm_std_uni,1,4.723232269287109,-5.986152648925781,1
OREBA-DIS_1012_1_grm_std_uni,1,4.75791072845459,-6.040711402893066,1
OREBA-DIS_1012_1_grm_std_uni,1,4.67450475692749,-5.939540386199951,1
OREBA-DIS_1012_1_grm_std_uni,1,4.759402275085449,-5.9019880294799805,1
OREBA-DIS_1012_1_grm_std_uni,1,4.7306623458862305,-5.87803840637207,1
OREBA-DIS_1012_1_grm_std_uni,1,4.788260459899902,-5.987359046936035,1
OREBA-DIS_1012_1_grm_std_uni,1,4.984485626220703,-6.132327556610107,1
OREBA-DIS_1012_1_grm_std_uni,1,4.7820024490356445,-6.16999626159668,1
OREBA-DIS_1012_1_grm_std_uni,1,4.151688575744629,-6.158369064331055,1
OREBA-DIS_1012_1_grm_std_uni,1,3.5613062381744385,-5.432028293609619,1
OREBA-DIS_1012_1_grm_std_uni,1,4.766430377960205,-6.025131702423096,1
OREBA-DIS_1012_1_grm_std_uni,1,5.355895042419434,-5.971887588500977,1
OREBA-DIS_1012_1_grm_std_uni,1,5.058465003967285,-5.461852073669434,1
OREBA-DIS_1012_1_grm_std_uni,1,3.9747321605682373,-4.375064849853516,1
OREBA-DIS_1012_1_grm_std_uni,1,2.140302896499634,-2.877791404724121,1
OREBA-DIS_1012_1_grm_std_uni,1,2.604398727416992,-4.093805313110352,1
OREBA-DIS_1012_1_grm_std_uni,1,4.759215831756592,-6.927723407745361,1
OREBA-DIS_1012_1_grm_std_uni,1,6.3853278160095215,-8.204769134521484,1
OREBA-DIS_1012_1_grm_std_uni,1,6.455315589904785,-8.193415641784668,1
OREBA-DIS_1012_1_grm_std_uni,1,5.402464389801025,-7.126379489898682,1
OREBA-DIS_1012_1_grm_std_uni,1,4.528253555297852,-6.47687292098999,1
OREBA-DIS_1012_1_grm_std_uni,1,4.642496109008789,-6.4237189292907715,1
OREBA-DIS_1012_1_grm_std_uni,1,4.962143421173096,-6.6404218673706055,1
OREBA-DIS_1012_1_grm_std_uni,1,4.683969974517822,-6.540471076965332,1
OREBA-DIS_1012_1_grm_std_uni,1,4.669175624847412,-6.613997459411621,1
OREBA-DIS_1012_1_grm_std_uni,1,4.638516426086426,-6.4924445152282715,1
OREBA-DIS_1012_1_grm_std_uni,1,4.004830360412598,-5.995188236236572,1
OREBA-DIS_1012_1_grm_std_uni,1,4.249338626861572,-6.160318851470947,1
OREBA-DIS_1012_1_grm_std_uni,1,4.526167869567871,-6.3618879318237305,1
OREBA-DIS_1012_1_grm_std_uni,1,4.450249671936035,-6.29716682434082,1
OREBA-DIS_1012_1_grm_std_uni,1,4.468682765960693,-6.339720249176025,1
OREBA-DIS_1012_1_grm_std_uni,1,4.737306118011475,-6.445672988891602,1
OREBA-DIS_1012_1_grm_std_uni,1,4.832620143890381,-6.496852874755859,1
OREBA-DIS_1012_1_grm_std_uni,1,4.7886433601379395,-6.427149295806885,1
OREBA-DIS_1012_1_grm_std_uni,1,4.841569900512695,-6.431446075439453,1
OREBA-DIS_1012_1_grm_std_uni,1,4.823960304260254,-6.424694061279297,1
OREBA-DIS_1012_1_grm_std_uni,1,4.9481658935546875,-6.478827476501465,1
OREBA-DIS_1012_1_grm_std_uni,1,5.0121026039123535,-6.533679485321045,1
OREBA-DIS_1012_1_grm_std_uni,1,4.91674280166626,-6.577173709869385,1
OREBA-DIS_1012_1_grm_std_uni,1,4.834436893463135,-6.503365993499756,1
OREBA-DIS_1012_1_grm_std_uni,1,4.813295364379883,-6.30699348449707,1
OREBA-DIS_1012_1_grm_std_uni,1,3.9807116985321045,-6.011533260345459,1
OREBA-DIS_1012_1_grm_std_uni,1,3.780194044113159,-6.041528701782227,1
OREBA-DIS_1012_1_grm_std_uni,1,3.4795491695404053,-4.897766590118408,1
OREBA-DIS_1012_1_grm_std_uni,1,4.3303728103637695,-4.808595180511475,1
OREBA-DIS_1012_1_grm_std_uni,1,5.009341239929199,-5.527548789978027,1
OREBA-DIS_1012_1_grm_std_uni,1,5.400283336639404,-6.022362232208252,1
OREBA-DIS_1012_1_grm_std_uni,1,5.6104865074157715,-6.149599552154541,1
OREBA-DIS_1012_1_grm_std_uni,1,5.49815559387207,-5.889280319213867,1
OREBA-DIS_1012_1_grm_std_uni,1,5.6241230964660645,-6.564957618713379,1
OREBA-DIS_1012_1_grm_std_uni,1,5.500091075897217,-6.893978595733643,1
OREBA-DIS_1012_1_grm_std_uni,1,5.446093559265137,-6.728880405426025,1
OREBA-DIS_1012_1_grm_std_uni,1,4.805336952209473,-6.5509819984436035,1
OREBA-DIS_1012_1_grm_std_uni,1,4.190420627593994,-5.699586391448975,1
OREBA-DIS_1012_1_grm_std_uni,1,3.56756329536438,-4.619161128997803,1
OREBA-DIS_1012_1_grm_std_uni,2,4.746150493621826,-5.1628594398498535,1
OREBA-DIS_1012_1_grm_std_uni,2,5.810537815093994,-6.187936305999756,1
OREBA-DIS_1012_1_grm_std_uni,2,5.901479721069336,-6.481957912445068,1
OREBA-DIS_1012_1_grm_std_uni,2,5.610100746154785,-6.4265241622924805,1
OREBA-DIS_1012_1_grm_std_uni,2,5.485589981079102,-6.407191276550293,1
OREBA-DIS_1012_1_grm_std_uni,2,4.5672078132629395,-5.659152030944824,1
OREBA-DIS_1012_1_grm_std_uni,2,5.139929294586182,-5.9854817390441895,1
OREBA-DIS_1012_1_grm_std_uni,2,5.893239498138428,-6.7942962646484375,1
OREBA-DIS_1012_1_grm_std_uni,2,5.831779479980469,-6.876931190490723,1
OREBA-DIS_1012_1_grm_std_uni,2,4.306987762451172,-5.3314690589904785,1
OREBA-DIS_1012_1_grm_std_uni,2,2.2664506435394287,-3.4265360832214355,1
OREBA-DIS_1012_1_grm_std_uni,2,2.2039763927459717,-3.4296658039093018,1
OREBA-DIS_1012_1_grm_std_uni,2,3.5533437728881836,-3.704660654067993,1
OREBA-DIS_1012_1_grm_std_uni,2,4.974264144897461,-6.506725788116455,1
OREBA-DIS_1012_1_grm_std_uni,2,5.855035781860352,-7.261871337890625,1
OREBA-DIS_1012_1_grm_std_uni,2,6.4592084884643555,-7.740232944488525,1
OREBA-DIS_1012_1_grm_std_uni,2,3.837937831878662,-5.654608726501465,1
OREBA-DIS_1012_1_grm_std_uni,2,-1.6960402727127075,0.25104135274887085,2
OREBA-DIS_1012_1_grm_std_uni,2,-1.9437943696975708,0.12898744642734528,1
OREBA-DIS_1012_1_grm_std_uni,2,3.6146390438079834,-4.725083827972412,1
OREBA-DIS_1012_1_grm_std_uni,2,6.634643077850342,-7.428000450134277,1
OREBA-DIS_1012_1_grm_std_uni,2,7.569631576538086,-8.29000473022461,1
OREBA-DIS_1012_1_grm_std_uni,1,8.0560884475708,-9.074055671691895,1
OREBA-DIS_1012_1_grm_std_uni,1,8.476346015930176,-9.433793067932129,1
OREBA-DIS_1012_1_grm_std_uni,1,9.004633903503418,-10.027544021606445,1
OREBA-DIS_1012_1_grm_std_uni,1,8.291646003723145,-9.46242904663086,1
OREBA-DIS_1012_1_grm_std_uni,1,8.537595748901367,-9.457690238952637,1
OREBA-DIS_1012_1_grm_std_uni,1,9.00653076171875,-9.80682373046875,1
OREBA-DIS_1012_1_grm_std_uni,1,9.00005054473877,-10.079330444335938,1
OREBA-DIS_1012_1_grm_std_uni,1,8.531721115112305,-10.071834564208984,1
OREBA-DIS_1012_1_grm_std_uni,1,7.958415985107422,-9.592987060546875,1
OREBA-DIS_1012_1_grm_std_uni,1,7.783854007720947,-8.775433540344238,1
OREBA-DIS_1012_1_grm_std_uni,1,8.239490509033203,-9.067944526672363,1
OREBA-DIS_1012_1_grm_std_uni,1,8.698184967041016,-9.405773162841797,1
OREBA-DIS_1012_1_grm_std_uni,1,8.788420677185059,-9.548436164855957,1
OREBA-DIS_1012_1_grm_std_uni,1,8.746949195861816,-9.613410949707031,1
OREBA-DIS_1012_1_grm_std_uni,1,8.565265655517578,-9.5064697265625,1
OREBA-DIS_1012_1_grm_std_uni,1,8.50493335723877,-9.5330171585083,1
OREBA-DIS_1012_1_grm_std_uni,1,8.327651023864746,-9.603657722473145,1
OREBA-DIS_1012_1_grm_std_uni,1,8.286772727966309,-9.668740272521973,1
OREBA-DIS_1012_1_grm_std_uni,1,7.349691867828369,-9.168157577514648,1
OREBA-DIS_1012_1_grm_std_uni,1,7.266456604003906,-9.263357162475586,1
OREBA-DIS_1012_1_grm_std_uni,1,6.788725852966309,-8.88520336151123,1
OREBA-DIS_1012_1_grm_std_uni,1,6.471242904663086,-8.444896697998047,1
OREBA-DIS_1012_1_grm_std_uni,1,5.977147579193115,-7.893478870391846,1
OREBA-DIS_1012_1_grm_std_uni,1,5.844392776489258,-7.772036552429199,1
OREBA-DIS_1012_1_grm_std_uni,1,5.813591480255127,-7.844198226928711,1
OREBA-DIS_1012_1_grm_std_uni,1,5.673048973083496,-7.694925308227539,1
OREBA-DIS_1012_1_grm_std_uni,1,5.885232925415039,-7.943813800811768,1
OREBA-DIS_1012_1_grm_std_uni,1,6.1434712409973145,-8.336522102355957,1
OREBA-DIS_1012_1_grm_std_uni,1,6.060970306396484,-8.31430721282959,1
OREBA-DIS_1012_1_grm_std_uni,1,5.942582130432129,-8.250818252563477,1
OREBA-DIS_1012_1_grm_std_uni,1,5.882819175720215,-8.249849319458008,1
OREBA-DIS_1012_1_grm_std_uni,1,5.795408248901367,-8.087508201599121,1
OREBA-DIS_1012_1_grm_std_uni,1,5.8279266357421875,-7.929111003875732,1
OREBA-DIS_1012_1_grm_std_uni,1,5.9567742347717285,-8.032670974731445,1
OREBA-DIS_1012_1_grm_std_uni,1,5.881220817565918,-8.179752349853516,1
OREBA-DIS_1012_1_grm_std_uni,1,5.646355628967285,-8.132492065429688,1
OREBA-DIS_1012_1_grm_std_uni,1,5.174240589141846,-7.894683361053467,1
OREBA-DIS_1012_1_grm_std_uni,1,5.171169757843018,-7.52842903137207,1
OREBA-DIS_1012_1_grm_std_uni,1,5.428343772888184,-7.634724140167236,1
OREBA-DIS_1012_1_grm_std_uni,1,5.44606351852417,-7.741522789001465,1
OREBA-DIS_1012_1_grm_std_uni,1,5.1306867599487305,-7.587641716003418,1
OREBA-DIS_1012_1_grm_std_uni,1,4.932514190673828,-7.352536201477051,1
OREBA-DIS_1012_1_grm_std_uni,1,4.8538432121276855,-7.082089900970459,1
OREBA-DIS_1012_1_grm_std_uni,1,4.797648906707764,-6.888798713684082,1
OREBA-DIS_1012_1_grm_std_uni,1,4.70664119720459,-6.658714294433594,1
OREBA-DIS_1012_1_grm_std_uni,1,4.382101058959961,-6.2340006828308105,1
OREBA-DIS_1012_1_grm_std_uni,1,4.149829387664795,-5.90745735168457,1
OREBA-DIS_1012_1_grm_std_uni,1,4.306802749633789,-6.023468017578125,1
OREBA-DIS_1012_1_grm_std_uni,1,4.284425258636475,-6.294873237609863,1
OREBA-DIS_1012_1_grm_std_uni,1,3.7343268394470215,-6.228431701660156,1
OREBA-DIS_1012_1_grm_std_uni,1,4.001996040344238,-6.551313877105713,1
OREBA-DIS_1012_1_grm_std_uni,1,4.18168830871582,-6.202633380889893,1
OREBA-DIS_1012_1_grm_std_uni,1,4.485160827636719,-6.665217876434326,1
OREBA-DIS_1012_1_grm_std_uni,1,4.7142205238342285,-7.055290699005127,1
OREBA-DIS_1012_1_grm_std_uni,1,3.645345687866211,-6.50002384185791,1
OREBA-DIS_1012_1_grm_std_uni,1,2.9456357955932617,-5.799567222595215,1
OREBA-DIS_1012_1_grm_std_uni,1,2.578505754470825,-5.0706787109375,1
OREBA-DIS_1012_1_grm_std_uni,1,3.061145305633545,-4.324239730834961,1
OREBA-DIS_1012_1_grm_std_uni,1,3.2804229259490967,-3.2231650352478027,1
OREBA-DIS_1012_1_grm_std_uni,1,3.8874151706695557,-3.262481451034546,1
OREBA-DIS_1012_1_grm_std_uni,1,3.6105563640594482,-2.982039451599121,1
OREBA-DIS_1012_1_grm_std_uni,1,3.655302047729492,-2.713080883026123,1
OREBA-DIS_1012_1_grm_std_uni,1,3.6508190631866455,-2.312568426132202,1
OREBA-DIS_1012_1_grm_std_uni,1,4.884600639343262,-3.8515608310699463,1
OREBA-DIS_1012_1_grm_std_uni,1,4.734838485717773,-4.065270900726318,1
OREBA-DIS_1012_1_grm_std_uni,1,4.190227031707764,-3.46440052986145,1
OREBA-DIS_1012_1_grm_std_uni,1,3.6995246410369873,-2.684161424636841,1
OREBA-DIS_1012_1_grm_std_uni,1,3.6478567123413086,-2.4543709754943848,1
OREBA-DIS_1012_1_grm_std_uni,1,4.169766902923584,-3.0404703617095947,1
OREBA-DIS_1012_1_grm_std_uni,1,4.290924072265625,-2.70725679397583,1
OREBA-DIS_1012_1_grm_std_uni,1,4.671868324279785,-3.3298070430755615,1
OREBA-DIS_1012_1_grm_std_uni,1,4.753223896026611,-4.021938800811768,1
OREBA-DIS_1012_1_grm_std_uni,1,4.4791717529296875,-4.5427069664001465,1
OREBA-DIS_1012_1_grm_std_uni,1,4.206984043121338,-4.7374725341796875,1
OREBA-DIS_1012_1_grm_std_uni,1,3.996687412261963,-4.414950370788574,1
OREBA-DIS_1012_1_grm_std_uni,1,3.8108160495758057,-4.558812618255615,1
OREBA-DIS_1012_1_grm_std_uni,1,3.924283981323242,-4.94631814956665,1
OREBA-DIS_1012_1_grm_std_uni,1,3.797837257385254,-5.04787540435791,1
OREBA-DIS_1012_1_grm_std_uni,1,3.5344924926757812,-4.789957046508789,1
OREBA-DIS_1012_1_grm_std_uni,1,3.3643100261688232,-4.530289649963379,1
OREBA-DIS_1012_1_grm_std_uni,1,3.338224411010742,-4.414332389831543,1
OREBA-DIS_1012_1_grm_std_uni,1,3.373145818710327,-4.488523483276367,1
OREBA-DIS_1012_1_grm_std_uni,1,3.3459784984588623,-4.534205436706543,1
OREBA-DIS_1012_1_grm_std_uni,1,3.218405246734619,-4.529085636138916,1
OREBA-DIS_1012_1_grm_std_uni,1,3.3810250759124756,-4.574801445007324,1
OREBA-DIS_1012_1_grm_std_uni,1,3.4647090435028076,-4.556982517242432,1
OREBA-DIS_1012_1_grm_std_uni,1,3.480989456176758,-4.563651084899902,1
OREBA-DIS_1012_1_grm_std_uni,1,3.453683376312256,-4.545648574829102,1
OREBA-DIS_1012_1_grm_std_uni,1,3.3093059062957764,-4.480098247528076,1
OREBA-DIS_1012_1_grm_std_uni,1,3.0745580196380615,-4.456057548522949,1
OREBA-DIS_1012_1_grm_std_uni,1,2.486037015914917,-4.332737445831299,1
OREBA-DIS_1012_1_grm_std_uni,1,2.2865476608276367,-4.205065727233887,1
OREBA-DIS_1012_1_grm_std_uni,1,2.5662572383880615,-3.9486610889434814,1
OREBA-DIS_1012_1_grm_std_uni,1,3.11226749420166,-4.013346195220947,1
OREBA-DIS_1012_1_grm_std_uni,1,3.144634962081909,-3.8613295555114746,1
OREBA-DIS_1012_1_grm_std_uni,1,2.86307692527771,-3.580204963684082,1
OREBA-DIS_1012_1_grm_std_uni,1,3.1262969970703125,-4.237148761749268,1
OREBA-DIS_1012_1_grm_std_uni,1,2.0066919326782227,-3.7348368167877197,1
OREBA-DIS_1012_1_grm_std_uni,1,-0.3141145408153534,-1.5978726148605347,1
OREBA-DIS_1012_1_grm_std_uni,1,-1.1136471033096313,-0.5906592011451721,2
OREBA-DIS_1012_1_grm_std_uni,1,2.9377987384796143,-3.4123966693878174,1
OREBA-DIS_1012_1_grm_std_uni,1,4.974239349365234,-5.150581359863281,1
OREBA-DIS_1012_1_grm_std_uni,1,5.310269832611084,-5.173944473266602,1
OREBA-DIS_1012_1_grm_std_uni,1,5.359253883361816,-5.11525297164917,1
OREBA-DIS_1012_1_grm_std_uni,1,5.450023174285889,-5.610605716705322,1
OREBA-DIS_1012_1_grm_std_uni,1,6.296943664550781,-6.79429817199707,1
OREBA-DIS_1012_1_grm_std_uni,1,7.2091546058654785,-7.834909915924072,1
OREBA-DIS_1012_1_grm_std_uni,1,6.849247932434082,-7.746857166290283,1
OREBA-DIS_1012_1_grm_std_uni,1,6.622417449951172,-7.995093822479248,1
OREBA-DIS_1012_1_grm_std_uni,1,6.692912578582764,-7.838477611541748,1
OREBA-DIS_1012_1_grm_std_uni,1,6.769357204437256,-8.164505004882812,1
OREBA-DIS_1012_1_grm_std_uni,1,6.624619483947754,-8.156383514404297,1
OREBA-DIS_1012_1_grm_std_uni,1,6.053359508514404,-7.51119327545166,1
OREBA-DIS_1012_1_grm_std_uni,1,5.661282062530518,-7.168594837188721,1
OREBA-DIS_1012_1_grm_std_uni,1,5.195245742797852,-6.441763877868652,1
OREBA-DIS_1012_1_grm_std_uni,1,5.2720232009887695,-6.632596969604492,1
OREBA-DIS_1012_1_grm_std_uni,1,5.665363311767578,-6.98779821395874,1
OREBA-DIS_1012_1_grm_std_uni,1,5.962664604187012,-7.582285404205322,1
OREBA-DIS_1012_1_grm_std_uni,1,5.389743328094482,-6.801675796508789,1
OREBA-DIS_1012_1_grm_std_uni,1,5.103263854980469,-6.085947513580322,1
OREBA-DIS_1012_1_grm_std_uni,1,5.316690921783447,-5.824379920959473,1
OREBA-DIS_1012_1_grm_std_uni,1,5.728244304656982,-6.3387885093688965,1
OREBA-DIS_1012_1_grm_std_uni,1,5.655223369598389,-6.563766956329346,1
OREBA-DIS_1012_1_grm_std_uni,1,5.4527363777160645,-6.752615451812744,1
OREBA-DIS_1012_1_grm_std_uni,1,5.41915225982666,-7.010073661804199,1
OREBA-DIS_1012_1_grm_std_uni,1,5.097768783569336,-7.050198554992676,1
OREBA-DIS_1012_1_grm_std_uni,1,4.56257963180542,-6.7125163078308105,1
OREBA-DIS_1012_1_grm_std_uni,1,4.419195652008057,-6.480129718780518,1
OREBA-DIS_1012_1_grm_std_uni,1,4.794412136077881,-6.5375518798828125,1
OREBA-DIS_1012_1_grm_std_uni,1,4.665832996368408,-6.61285924911499,1
OREBA-DIS_1012_1_grm_std_uni,1,4.448111057281494,-6.786099433898926,1
OREBA-DIS_1012_1_grm_std_uni,1,4.353313446044922,-6.800659656524658,1
OREBA-DIS_1012_1_grm_std_uni,1,4.207244873046875,-6.776480197906494,1
OREBA-DIS_1012_1_grm_std_uni,1,3.435669183731079,-5.848130226135254,1
OREBA-DIS_1012_1_grm_std_uni,1,2.9819445610046387,-5.182857036590576,1
OREBA-DIS_1012_1_grm_std_uni,1,3.7258388996124268,-5.919540882110596,1
OREBA-DIS_1012_1_grm_std_uni,1,4.210629463195801,-6.486462116241455,1
OREBA-DIS_1012_1_grm_std_uni,1,4.302886486053467,-6.647383213043213,1
OREBA-DIS_1012_1_grm_std_uni,1,4.223017692565918,-6.224206924438477,1
OREBA-DIS_1012_1_grm_std_uni,1,4.187160015106201,-5.661559104919434,1
OREBA-DIS_1012_1_grm_std_uni,1,4.111284255981445,-5.821988582611084,1
OREBA-DIS_1012_1_grm_std_uni,1,4.825949192047119,-7.1360554695129395,1
OREBA-DIS_1012_1_grm_std_uni,1,4.4717116355896,-6.578073501586914,1
OREBA-DIS_1012_1_grm_std_uni,1,3.5196266174316406,-5.099808692932129,1
OREBA-DIS_1012_1_grm_std_uni,1,3.151146650314331,-3.93243670463562,1
OREBA-DIS_1012_1_grm_std_uni,1,3.43380069732666,-3.324148654937744,1
OREBA-DIS_1012_1_grm_std_uni,1,4.008511543273926,-3.6529741287231445,1
OREBA-DIS_1012_1_grm_std_uni,1,4.178945064544678,-4.495093822479248,1
OREBA-DIS_1012_1_grm_std_uni,1,4.835935115814209,-5.251542568206787,1
OREBA-DIS_1012_1_grm_std_uni,1,5.075557231903076,-5.177082538604736,1
OREBA-DIS_1012_1_grm_std_uni,1,5.376404762268066,-5.49222469329834,1
OREBA-DIS_1012_1_grm_std_uni,1,5.477261543273926,-5.798922061920166,1
OREBA-DIS_1012_1_grm_std_uni,1,5.4676513671875,-6.008662223815918,1
OREBA-DIS_1012_1_grm_std_uni,1,5.359694004058838,-6.275232791900635,1
OREBA-DIS_1012_1_grm_std_uni,1,5.291012287139893,-6.3540754318237305,1
OREBA-DIS_1012_1_grm_std_uni,1,5.3317389488220215,-6.4492082595825195,1
OREBA-DIS_1012_1_grm_std_uni,1,5.352696895599365,-6.065462112426758,1
OREBA-DIS_1012_1_grm_std_uni,1,5.410253047943115,-5.357484340667725,1
OREBA-DIS_1012_1_grm_std_uni,1,4.996883392333984,-4.735260009765625,1
OREBA-DIS_1012_1_grm_std_uni,1,3.858950138092041,-3.9489593505859375,1
OREBA-DIS_1012_1_grm_std_uni,1,3.6786069869995117,-4.455106258392334,1
OREBA-DIS_1012_1_grm_std_uni,1,4.2999982833862305,-5.07405948638916,1
OREBA-DIS_1012_1_grm_std_uni,1,4.654684543609619,-5.325385570526123,1
OREBA-DIS_1012_1_grm_std_uni,1,4.5975189208984375,-5.4063568115234375,1
OREBA-DIS_1012_1_grm_std_uni,1,3.2258799076080322,-4.3000264167785645,1
OREBA-DIS_1012_1_grm_std_uni,1,2.6837751865386963,-3.4607436656951904,1
OREBA-DIS_1012_1_grm_std_uni,1,3.74929141998291,-3.805062770843506,1
OREBA-DIS_1012_1_grm_std_uni,1,4.7837233543396,-4.388277053833008,1
OREBA-DIS_1012_1_grm_std_uni,1,5.295601844787598,-4.829092025756836,1
OREBA-DIS_1012_1_grm_std_uni,1,4.924553871154785,-4.597606658935547,1
OREBA-DIS_1012_1_grm_std_uni,1,4.721063137054443,-4.563776969909668,1
OREBA-DIS_1012_1_grm_std_uni,1,4.009890556335449,-4.235564708709717,1
OREBA-DIS_1012_1_grm_std_uni,1,4.314395427703857,-4.498834609985352,1
OREBA-DIS_1012_1_grm_std_uni,1,5.079939365386963,-4.696689128875732,1
OREBA-DIS_1012_1_grm_std_uni,1,4.743470668792725,-3.960116147994995,1
OREBA-DIS_1012_1_grm_std_uni,1,4.356356620788574,-3.144810438156128,1
OREBA-DIS_1012_1_grm_std_uni,1,4.839531898498535,-3.532277822494507,1
OREBA-DIS_1012_1_grm_std_uni,1,5.372862815856934,-4.283523082733154,1
OREBA-DIS_1012_1_grm_std_uni,1,5.570548057556152,-5.668612480163574,1
OREBA-DIS_1012_1_grm_std_uni,1,4.876920223236084,-5.747963905334473,1
OREBA-DIS_1012_1_grm_std_uni,1,4.079071521759033,-4.5310235023498535,1
OREBA-DIS_1012_1_grm_std_uni,1,3.4928205013275146,-3.007129192352295,1
OREBA-DIS_1012_1_grm_std_uni,1,3.415739059448242,-1.3822085857391357,1
OREBA-DIS_1012_1_grm_std_uni,1,5.0176496505737305,-2.1833043098449707,1
OREBA-DIS_1012_1_grm_std_uni,1,6.097540378570557,-3.215639352798462,1
OREBA-DIS_1012_1_grm_std_uni,1,6.88675594329834,-3.839427947998047,1
OREBA-DIS_1012_1_grm_std_uni,1,7.444045543670654,-4.944718360900879,1
OREBA-DIS_1012_1_grm_std_uni,1,6.925449848175049,-5.113613605499268,1
OREBA-DIS_1012_1_grm_std_uni,1,6.634215831756592,-5.2659502029418945,1
OREBA-DIS_1012_1_grm_std_uni,1,6.619339466094971,-5.381117343902588,1
OREBA-DIS_1012_1_grm_std_uni,1,6.930805683135986,-5.162846088409424,1
OREBA-DIS_1012_1_grm_std_uni,1,6.822432041168213,-5.12592077255249,1
OREBA-DIS_1012_1_grm_std_uni,1,7.014781951904297,-5.087701320648193,1
OREBA-DIS_1012_1_grm_std_uni,1,6.721094608306885,-4.872987270355225,1
OREBA-DIS_1012_1_grm_std_uni,1,7.633670330047607,-5.39918327331543,1
OREBA-DIS_1012_1_grm_std_uni,1,7.744057655334473,-5.5769219398498535,1
OREBA-DIS_1012_1_grm_std_uni,1,7.493169784545898,-5.3680739402771,1
OREBA-DIS_1012_1_grm_std_uni,1,6.91891622543335,-4.8702287673950195,1
OREBA-DIS_1012_1_grm_std_uni,1,6.907938003540039,-4.583921909332275,1
OREBA-DIS_1012_1_grm_std_uni,1,6.894463539123535,-5.1091485023498535,1
OREBA-DIS_1012_1_grm_std_uni,1,6.976341724395752,-5.955748558044434,1
OREBA-DIS_1012_1_grm_std_uni,1,7.2083258628845215,-6.168797492980957,1
OREBA-DIS_1012_1_grm_std_uni,1,7.352446556091309,-5.761786460876465,1
OREBA-DIS_1012_1_grm_std_uni,1,7.151372909545898,-4.732403755187988,1
OREBA-DIS_1012_1_grm_std_uni,1,7.266214847564697,-4.490447998046875,1
OREBA-DIS_1012_1_grm_std_uni,1,7.095403671264648,-4.332736015319824,1
OREBA-DIS_1012_1_grm_std_uni,1,6.990467071533203,-4.557298183441162,1
OREBA-DIS_1012_1_grm_std_uni,1,7.000568389892578,-4.58640193939209,1
OREBA-DIS_1012_1_grm_std_uni,1,6.762481212615967,-4.425234317779541,1
OREBA-DIS_1012_1_grm_std_uni,1,6.317845344543457,-4.3862714767456055,1
OREBA-DIS_1012_1_grm_std_uni,1,5.718619346618652,-4.086630821228027,1
OREBA-DIS_1012_1_grm_std_uni,1,5.005917549133301,-4.073394775390625,1
OREBA-DIS_1012_1_grm_std_uni,1,4.437489032745361,-4.414484977722168,1
OREBA-DIS_1012_1_grm_std_uni,1,4.052615642547607,-4.732260704040527,1
OREBA-DIS_1012_1_grm_std_uni,1,3.6246933937072754,-4.443624973297119,1
OREBA-DIS_1012_1_grm_std_uni,1,3.131544589996338,-4.044577121734619,1
OREBA-DIS_1012_1_grm_std_uni,1,2.975006341934204,-4.170158386230469,1
OREBA-DIS_1012_1_grm_std_uni,1,3.1277780532836914,-4.589081764221191,1
OREBA-DIS_1012_1_grm_std_uni,1,3.2963929176330566,-4.879851818084717,1
OREBA-DIS_1012_1_grm_std_uni,1,3.454970598220825,-5.167321681976318,1
OREBA-DIS_1012_1_grm_std_uni,1,3.76465106010437,-5.380162715911865,1
OREBA-DIS_1012_1_grm_std_uni,1,3.9133646488189697,-5.4774627685546875,1
OREBA-DIS_1012_1_grm_std_uni,1,3.775684118270874,-5.263594627380371,1
OREBA-DIS_1012_1_grm_std_uni,1,3.8072426319122314,-5.514556407928467,1
OREBA-DIS_1012_1_grm_std_uni,1,4.128147125244141,-5.872919082641602,1
OREBA-DIS_1012_1_grm_std_uni,1,3.9067564010620117,-5.900611877441406,1
OREBA-DIS_1012_1_grm_std_uni,1,3.6244120597839355,-5.328068256378174,1
OREBA-DIS_1012_1_grm_std_uni,1,3.625633716583252,-5.00514030456543,1
OREBA-DIS_1012_1_grm_std_uni,1,4.151304721832275,-5.345795631408691,1
OREBA-DIS_1012_1_grm_std_uni,1,3.4467363357543945,-5.061349868774414,1
OREBA-DIS_1012_1_grm_std_uni,1,3.326284885406494,-4.651526927947998,1
OREBA-DIS_1012_1_grm_std_uni,1,3.8793141841888428,-5.187729358673096,1
OREBA-DIS_1012_1_grm_std_uni,1,3.5427424907684326,-5.205794334411621,1
OREBA-DIS_1012_1_grm_std_uni,1,3.8021557331085205,-3.468414068222046,1
OREBA-DIS_1012_1_grm_std_uni,1,4.0333733558654785,-2.5491833686828613,1
OREBA-DIS_1012_1_grm_std_uni,1,4.73972749710083,-2.290703535079956,1
OREBA-DIS_1012_1_grm_std_uni,1,5.999575138092041,-2.754948854446411,1
OREBA-DIS_1012_1_grm_std_uni,1,6.33156681060791,-3.1676061153411865,1
OREBA-DIS_1012_1_grm_std_uni,1,7.477752208709717,-4.620212554931641,1
OREBA-DIS_1012_1_grm_std_uni,1,6.988419532775879,-5.104678153991699,1
OREBA-DIS_1012_1_grm_std_uni,1,6.591131687164307,-5.626608848571777,1
OREBA-DIS_1012_1_grm_std_uni,1,6.120090484619141,-5.842367172241211,1
OREBA-DIS_1012_1_grm_std_uni,1,6.234566688537598,-5.508364200592041,1
OREBA-DIS_1012_1_grm_std_uni,1,6.039875507354736,-4.455589771270752,1
OREBA-DIS_1012_1_grm_std_uni,1,5.205960750579834,-3.789787769317627,1
OREBA-DIS_1012_1_grm_std_uni,1,5.736734867095947,-3.5400173664093018,1
OREBA-DIS_1012_1_grm_std_uni,1,6.578083038330078,-3.6047661304473877,1
OREBA-DIS_1012_1_grm_std_uni,1,6.5094451904296875,-4.048015117645264,1
OREBA-DIS_1012_1_grm_std_uni,1,7.171034336090088,-5.342913627624512,1
OREBA-DIS_1012_1_grm_std_uni,1,7.463287830352783,-5.30142068862915,1
OREBA-DIS_1012_1_grm_std_uni,1,7.154213905334473,-5.0782880783081055,1
OREBA-DIS_1012_1_grm_std_uni,1,7.749728679656982,-5.280662536621094,1
OREBA-DIS_1012_1_grm_std_uni,1,7.848301887512207,-5.129473686218262,1
OREBA-DIS_1012_1_grm_std_uni,1,7.709555625915527,-5.009272575378418,1
OREBA-DIS_1012_1_grm_std_uni,1,7.77506685256958,-5.207917213439941,1
OREBA-DIS_1012_1_grm_std_uni,1,7.769526481628418,-5.688424587249756,1
OREBA-DIS_1012_1_grm_std_uni,1,7.318178653717041,-5.338495254516602,1
OREBA-DIS_1012_1_grm_std_uni,1,7.035690784454346,-5.151430606842041,1
OREBA-DIS_1012_1_grm_std_uni,1,6.318492412567139,-4.769164085388184,1
OREBA-DIS_1012_1_grm_std_uni,1,5.458291530609131,-5.254680156707764,1
OREBA-DIS_1012_1_grm_std_uni,1,5.527268409729004,-5.404596328735352,1
OREBA-DIS_1012_1_grm_std_uni,1,5.303094387054443,-5.639519691467285,1
OREBA-DIS_1012_1_grm_std_uni,1,5.083521366119385,-4.668500900268555,1
OREBA-DIS_1012_1_grm_std_uni,1,5.403675556182861,-4.1020588874816895,1
OREBA-DIS_1012_1_grm_std_uni,1,5.697241306304932,-3.9960684776306152,1
OREBA-DIS_1012_1_grm_std_uni,1,6.566885948181152,-4.178291320800781,1
OREBA-DIS_1012_1_grm_std_uni,1,6.509320259094238,-4.001368522644043,1
OREBA-DIS_1012_1_grm_std_uni,1,5.570086479187012,-3.534212827682495,1
OREBA-DIS_1012_1_grm_std_uni,1,5.108117580413818,-3.687317371368408,1
OREBA-DIS_1012_1_grm_std_uni,1,6.100301265716553,-4.819605350494385,1
OREBA-DIS_1012_1_grm_std_uni,1,5.713674068450928,-4.844949245452881,1
OREBA-DIS_1012_1_grm_std_uni,1,5.3530426025390625,-5.755861282348633,1
OREBA-DIS_1012_1_grm_std_uni,1,5.164172172546387,-5.793588161468506,1
OREBA-DIS_1012_1_grm_std_uni,1,5.793951034545898,-5.596579551696777,1
OREBA-DIS_1012_1_grm_std_uni,1,4.400298595428467,-3.654371738433838,1
OREBA-DIS_1012_1_grm_std_uni,1,2.4010732173919678,-1.5222781896591187,1
OREBA-DIS_1012_1_grm_std_uni,1,1.2921764850616455,-0.6923415660858154,1
OREBA-DIS_1012_1_grm_std_uni,1,2.580388069152832,-1.9088672399520874,1
OREBA-DIS_1012_1_grm_std_uni,1,5.172678470611572,-3.6448841094970703,1
OREBA-DIS_1012_1_grm_std_uni,1,5.086149215698242,-3.3169097900390625,1
OREBA-DIS_1012_1_grm_std_uni,1,5.835827350616455,-3.6729509830474854,1
OREBA-DIS_1012_1_grm_std_uni,1,6.5244140625,-4.074020862579346,1
OREBA-DIS_1012_1_grm_std_uni,1,6.896570682525635,-4.281994819641113,1
OREBA-DIS_1012_1_grm_std_uni,1,7.112483024597168,-3.901538848876953,1
OREBA-DIS_1012_1_grm_std_uni,1,7.470327377319336,-3.9353463649749756,1
OREBA-DIS_1012_1_grm_std_uni,1,7.791436195373535,-4.428177833557129,1
OREBA-DIS_1012_1_grm_std_uni,1,7.901872158050537,-4.849503517150879,1
OREBA-DIS_1012_1_grm_std_uni,1,8.068670272827148,-5.234830379486084,1
OREBA-DIS_1012_1_grm_std_uni,1,7.846246242523193,-4.993148326873779,1
OREBA-DIS_1012_1_grm_std_uni,1,6.904184818267822,-4.462716102600098,1
OREBA-DIS_1012_1_grm_std_uni,2,6.3782639503479,-4.0191650390625,1
OREBA-DIS_1012_1_grm_std_uni,2,6.083702087402344,-3.941197395324707,1
OREBA-DIS_1012_1_grm_std_uni,2,5.51780891418457,-3.771047353744507,1
OREBA-DIS_1012_1_grm_std_uni,2,5.186140537261963,-4.2857441902160645,1
OREBA-DIS_1012_1_grm_std_uni,2,6.147532939910889,-5.006309509277344,1
OREBA-DIS_1012_1_grm_std_uni,2,6.015373706817627,-5.1296563148498535,1
OREBA-DIS_1012_1_grm_std_uni,2,6.301260471343994,-5.049623966217041,1
OREBA-DIS_1012_1_grm_std_uni,2,7.01483154296875,-5.640191555023193,1
OREBA-DIS_1012_1_grm_std_uni,2,7.082358360290527,-5.844905853271484,1
OREBA-DIS_1012_1_grm_std_uni,2,7.003441333770752,-6.008235454559326,1
OREBA-DIS_1012_1_grm_std_uni,2,7.324808597564697,-6.772436618804932,1
OREBA-DIS_1012_1_grm_std_uni,2,7.291515827178955,-6.943446636199951,1
OREBA-DIS_1012_1_grm_std_uni,2,4.946444511413574,-5.52760124206543,1
OREBA-DIS_1012_1_grm_std_uni,2,0.24535135924816132,-1.096411108970642,1
OREBA-DIS_1012_1_grm_std_uni,2,-0.6814444661140442,0.10976748168468475,2
OREBA-DIS_1012_1_grm_std_uni,2,3.597006320953369,-4.702141761779785,1
OREBA-DIS_1012_1_grm_std_uni,2,6.522677898406982,-7.350558757781982,1
OREBA-DIS_1012_1_grm_std_uni,2,7.988400459289551,-8.982524871826172,1
OREBA-DIS_1012_1_grm_std_uni,1,8.20170783996582,-9.251779556274414,1
OREBA-DIS_1012_1_grm_std_uni,1,8.938691139221191,-9.344548225402832,1
OREBA-DIS_1012_1_grm_std_uni,1,8.605626106262207,-8.520332336425781,1
OREBA-DIS_1012_1_grm_std_uni,1,8.375003814697266,-7.84618616104126,1
OREBA-DIS_1012_1_grm_std_uni,1,9.191758155822754,-8.327865600585938,1
OREBA-DIS_1012_1_grm_std_uni,1,9.385552406311035,-8.542464256286621,1
OREBA-DIS_1012_1_grm_std_uni,1,8.949849128723145,-8.212324142456055,1
OREBA-DIS_1012_1_grm_std_uni,1,8.904491424560547,-8.385977745056152,1
OREBA-DIS_1012_1_grm_std_uni,1,8.385122299194336,-8.19857120513916,1
OREBA-DIS_1012_1_grm_std_uni,1,8.331025123596191,-8.378907203674316,1
OREBA-DIS_1012_1_grm_std_uni,1,8.27632999420166,-8.537728309631348,1
OREBA-DIS_1012_1_grm_std_uni,1,8.011714935302734,-8.510787963867188,1
OREBA-DIS_1012_1_grm_std_uni,1,7.022892475128174,-7.573180675506592,1
OREBA-DIS_1012_1_grm_std_uni,1,6.773665428161621,-7.469120025634766,1
OREBA-DIS_1012_1_grm_std_uni,1,6.24233341217041,-7.697640895843506,1
OREBA-DIS_1012_1_grm_std_uni,1,5.843891143798828,-7.868341445922852,1
OREBA-DIS_1012_1_grm_std_uni,1,5.647458553314209,-7.8282036781311035,1
OREBA-DIS_1012_1_grm_std_uni,1,5.796755790710449,-7.704251766204834,1
OREBA-DIS_1012_1_grm_std_uni,1,6.217488765716553,-8.014257431030273,1
OREBA-DIS_1012_1_grm_std_uni,1,6.680295944213867,-8.268476486206055,1
OREBA-DIS_1012_1_grm_std_uni,1,6.904305934906006,-8.299927711486816,1
OREBA-DIS_1012_1_grm_std_uni,1,6.724833011627197,-8.004646301269531,1
OREBA-DIS_1012_1_grm_std_uni,1,7.200195789337158,-7.979217529296875,1
OREBA-DIS_1012_1_grm_std_uni,1,7.30521297454834,-7.88278865814209,1
OREBA-DIS_1012_1_grm_std_uni,1,6.887864112854004,-7.464962482452393,1
OREBA-DIS_1012_1_grm_std_uni,1,6.809986591339111,-7.6478681564331055,1
OREBA-DIS_1012_1_grm_std_uni,1,6.6367669105529785,-7.534377098083496,1
OREBA-DIS_1012_1_grm_std_uni,1,6.528223037719727,-7.5719895362854,1
OREBA-DIS_1012_1_grm_std_uni,1,6.21226692199707,-7.244218826293945,1
OREBA-DIS_1012_1_grm_std_uni,1,4.302225112915039,-5.230563640594482,1
OREBA-DIS_1012_1_grm_std_uni,1,4.039309501647949,-4.657517433166504,1
OREBA-DIS_1012_1_grm_std_uni,1,5.923830986022949,-6.265127182006836,1
OREBA-DIS_1012_1_grm_std_uni,1,6.522813320159912,-7.11592960357666,1
OREBA-DIS_1012_1_grm_std_uni,1,6.3554816246032715,-7.356724739074707,1
OREBA-DIS_1012_1_grm_std_uni,1,5.472810745239258,-6.304898738861084,1
OREBA-DIS_1012_1_grm_std_uni,1,5.101072788238525,-4.747686386108398,1
OREBA-DIS_1012_1_grm_std_uni,1,5.458146095275879,-4.690462589263916,1
OREBA-DIS_1012_1_grm_std_uni,1,5.194545269012451,-5.069108486175537,1
OREBA-DIS_1012_1_grm_std_uni,1,2.9058451652526855,-3.153196096420288,1
OREBA-DIS_1012_1_grm_std_uni,1,1.3112961053848267,-1.6079223155975342,1
OREBA-DIS_1012_1_grm_std_uni,1,1.6300759315490723,-1.8872579336166382,1
OREBA-DIS_1012_1_grm_std_uni,1,4.768787384033203,-3.739109516143799,1
OREBA-DIS_1012_1_grm_std_uni,1,5.749425888061523,-5.050999641418457,1
OREBA-DIS_1012_1_grm_std_uni,1,6.344497203826904,-5.746773719787598,1
OREBA-DIS_1012_1_grm_std_uni,1,6.872323036193848,-6.4906840324401855,1
OREBA-DIS_1012_1_grm_std_uni,1,7.834478855133057,-7.424600601196289,1
OREBA-DIS_1012_1_grm_std_uni,1,7.25088357925415,-7.622416973114014,1
OREBA-DIS_1012_1_grm_std_uni,1,6.316763877868652,-7.267516613006592,1
OREBA-DIS_1012_1_grm_std_uni,1,5.071447372436523,-5.810653209686279,1
OREBA-DIS_1012_1_grm_std_uni,1,5.6526408195495605,-5.38164758682251,1
OREBA-DIS_1012_1_grm_std_uni,1,6.514044284820557,-6.197372913360596,1
OREBA-DIS_1012_1_grm_std_uni,1,6.843360900878906,-6.693817615509033,1
OREBA-DIS_1012_1_grm_std_uni,1,6.065337181091309,-5.796100616455078,1
OREBA-DIS_1012_1_grm_std_uni,1,4.664638519287109,-4.3098015785217285,1
OREBA-DIS_1012_1_grm_std_uni,1,4.880122661590576,-4.2386603355407715,1
OREBA-DIS_1012_1_grm_std_uni,1,5.048616886138916,-4.392685413360596,1
OREBA-DIS_1012_1_grm_std_uni,1,4.976862907409668,-4.530700206756592,1
OREBA-DIS_1012_1_grm_std_uni,1,4.48667573928833,-4.2260918617248535,1
OREBA-DIS_1012_1_grm_std_uni,1,4.857439041137695,-4.468496322631836,1
OREBA-DIS_1012_1_grm_std_uni,1,5.018314361572266,-4.281541347503662,1
OREBA-DIS_1012_1_grm_std_uni,1,5.857809543609619,-3.8921632766723633,1
OREBA-DIS_1012_1_grm_std_uni,1,6.810091018676758,-3.7196152210235596,1
OREBA-DIS_1012_1_grm_std_uni,1,7.175403118133545,-4.406851291656494,1
OREBA-DIS_1012_1_grm_std_uni,1,6.683131694793701,-5.0706329345703125,1
OREBA-DIS_1012_1_grm_std_uni,1,5.919737339019775,-5.7101664543151855,1
OREBA-DIS_1012_1_grm_std_uni,1,4.931432247161865,-5.849393367767334,1
OREBA-DIS_1012_1_grm_std_uni,1,5.01113224029541,-5.421623706817627,1
OREBA-DIS_1012_1_grm_std_uni,1,5.416695594787598,-4.932281017303467,1
OREBA-DIS_1012_1_grm_std_uni,1,6.278700828552246,-4.675041675567627,1
OREBA-DIS_1012_1_grm_std_uni,1,7.00950288772583,-4.7273969650268555,1
OREBA-DIS_1012_1_grm_std_uni,1,7.255117893218994,-4.622232437133789,1
OREBA-DIS_1012_1_grm_std_uni,1,6.240563869476318,-4.381376266479492,1
OREBA-DIS_1012_1_grm_std_uni,1,4.202661991119385,-3.4771296977996826,1
OREBA-DIS_1012_1_grm_std_uni,1,2.1623854637145996,-1.502963900566101,1
OREBA-DIS_1012_1_grm_std_uni,1,2.181288003921509,-1.692269206047058,1
OREBA-DIS_1012_1_grm_std_uni,1,4.345020771026611,-2.6178689002990723,1
OREBA-DIS_1012_1_grm_std_uni,1,6.476526737213135,-3.7745883464813232,1
OREBA-DIS_1012_1_grm_std_uni,1,7.372806072235107,-3.741457939147949,1
OREBA-DIS_1012_1_grm_std_uni,1,7.982622146606445,-4.373569011688232,1
OREBA-DIS_1012_1_grm_std_uni,1,8.020883560180664,-5.33209753036499,1
OREBA-DIS_1012_1_grm_std_uni,1,6.96811580657959,-5.090953350067139,1
OREBA-DIS_1012_1_grm_std_uni,1,6.476850509643555,-5.1414408683776855,1
OREBA-DIS_1012_1_grm_std_uni,1,5.760103702545166,-5.1722002029418945,1
OREBA-DIS_1012_1_grm_std_uni,1,6.089864730834961,-5.836151123046875,1
OREBA-DIS_1012_1_grm_std_uni,1,5.784160137176514,-5.9862236976623535,1
OREBA-DIS_1012_1_grm_std_uni,1,5.667792797088623,-5.814337730407715,1
OREBA-DIS_1012_1_grm_std_uni,1,6.308328628540039,-6.012414455413818,1
OREBA-DIS_1012_1_grm_std_uni,1,6.705473899841309,-5.83187198638916,1
OREBA-DIS_1012_1_grm_std_uni,1,6.54622745513916,-5.632419109344482,1
OREBA-DIS_1012_1_grm_std_uni,1,5.451144695281982,-4.518435001373291,1
OREBA-DIS_1012_1_grm_std_uni,1,5.137693405151367,-4.141651153564453,1
OREBA-DIS_1012_1_grm_std_uni,1,5.568589210510254,-4.0384521484375,1
OREBA-DIS_1012_1_grm_std_uni,1,6.069009304046631,-4.50238561630249,1
OREBA-DIS_1012_1_grm_std_uni,1,5.961700916290283,-5.151876926422119,1
OREBA-DIS_1012_1_grm_std_uni,1,4.963421821594238,-5.050339698791504,1
OREBA-DIS_1012_1_grm_std_uni,1,4.636682987213135,-4.903352737426758,1
OREBA-DIS_1012_1_grm_std_uni,1,4.206725120544434,-4.073729038238525,1
OREBA-DIS_1012_1_grm_std_uni,1,4.250666618347168,-3.9980947971343994,1
OREBA-DIS_1012_1_grm_std_uni,1,4.906459808349609,-3.8314499855041504,1
OREBA-DIS_1012_1_grm_std_uni,1,5.141142845153809,-3.7322118282318115,1
OREBA-DIS_1012_1_grm_std_uni,1,5.656615257263184,-4.157418727874756,1
OREBA-DIS_1012_1_grm_std_uni,1,5.964203357696533,-5.203493595123291,1
OREBA-DIS_1012_1_grm_std_uni,1,4.777599334716797,-4.224292278289795,1
OREBA-DIS_1012_1_grm_std_uni,1,5.209964752197266,-4.039821624755859,1
OREBA-DIS_1012_1_grm_std_uni,1,6.201071262359619,-4.317148208618164,1
OREBA-DIS_1012_1_grm_std_uni,1,5.7700042724609375,-3.69022274017334,1
OREBA-DIS_1012_1_grm_std_uni,1,5.3907999992370605,-3.852797031402588,1
OREBA-DIS_1012_1_grm_std_uni,1,5.868056297302246,-4.204800128936768,1
OREBA-DIS_1012_1_grm_std_uni,1,5.674969673156738,-4.3363142013549805,1
OREBA-DIS_1012_1_grm_std_uni,1,5.431174278259277,-4.306819915771484,1
OREBA-DIS_1012_1_grm_std_uni,1,5.169370651245117,-4.137946128845215,1
OREBA-DIS_1012_1_grm_std_uni,1,5.7431254386901855,-4.5717058181762695,1
OREBA-DIS_1012_1_grm_std_uni,1,5.8181939125061035,-4.088674068450928,1
OREBA-DIS_1012_1_grm_std_uni,1,5.468337059020996,-3.5331616401672363,1
OREBA-DIS_1012_1_grm_std_uni,1,4.652460098266602,-2.264251470565796,1
OREBA-DIS_1012_1_grm_std_uni,1,4.440638542175293,-2.117133378982544,1
OREBA-DIS_1012_1_grm_std_uni,1,3.819911241531372,-1.8916157484054565,1
OREBA-DIS_1012_1_grm_std_uni,1,5.094065189361572,-3.538668632507324,1
OREBA-DIS_1012_1_grm_std_uni,1,5.845770359039307,-4.655735492706299,1
OREBA-DIS_1012_1_grm_std_uni,1,5.313838005065918,-5.228783130645752,1
OREBA-DIS_1012_1_grm_std_uni,1,4.78395938873291,-4.801881313323975,1
OREBA-DIS_1012_1_grm_std_uni,1,5.227849006652832,-4.768608093261719,1
OREBA-DIS_1012_1_grm_std_uni,1,6.237534046173096,-4.477687835693359,1
OREBA-DIS_1012_1_grm_std_uni,1,6.201262474060059,-4.442201614379883,1
OREBA-DIS_1012_1_grm_std_uni,1,6.425693511962891,-4.609548091888428,1
OREBA-DIS_1012_1_grm_std_uni,1,7.024491786956787,-4.017424583435059,1
OREBA-DIS_1012_1_grm_std_uni,1,7.0025200843811035,-3.8064653873443604,1
OREBA-DIS_1012_1_grm_std_uni,1,6.81595516204834,-4.412786483764648,1
OREBA-DIS_1012_1_grm_std_uni,1,7.037858486175537,-4.92402458190918,1
OREBA-DIS_1012_1_grm_std_uni,1,6.374175548553467,-4.538487434387207,1
OREBA-DIS_1012_1_grm_std_uni,1,6.075913906097412,-4.90457820892334,1
OREBA-DIS_1012_1_grm_std_uni,1,6.6649346351623535,-6.323888778686523,1
OREBA-DIS_1012_1_grm_std_uni,1,7.387423038482666,-6.686491966247559,1
OREBA-DIS_1012_1_grm_std_uni,1,6.769924640655518,-6.737615585327148,1
OREBA-DIS_1012_1_grm_std_uni,1,6.6068339347839355,-7.61846399307251,1
OREBA-DIS_1012_1_grm_std_uni,1,6.164346694946289,-7.5799560546875,1
OREBA-DIS_1012_1_grm_std_uni,1,3.538511037826538,-5.40116024017334,1
OREBA-DIS_1012_1_grm_std_uni,1,1.5927070379257202,-3.2717745304107666,1
OREBA-DIS_1012_1_grm_std_uni,1,0.9511921405792236,-1.318724274635315,1
OREBA-DIS_1012_1_grm_std_uni,1,4.819679260253906,-3.650057077407837,1
OREBA-DIS_1012_1_grm_std_uni,1,6.1012187004089355,-5.7900776863098145,1
OREBA-DIS_1012_1_grm_std_uni,1,6.216851234436035,-6.11008882522583,1
OREBA-DIS_1012_1_grm_std_uni,1,6.7337327003479,-5.8352203369140625,1
OREBA-DIS_1012_1_grm_std_uni,1,7.4555511474609375,-7.151862621307373,1
OREBA-DIS_1012_1_grm_std_uni,1,6.8608503341674805,-6.776091575622559,1
OREBA-DIS_1012_1_grm_std_uni,1,6.678964138031006,-6.581315517425537,1
OREBA-DIS_1012_1_grm_std_uni,1,6.048903942108154,-6.413860321044922,1
OREBA-DIS_1012_1_grm_std_uni,1,5.099339962005615,-6.55680513381958,1
OREBA-DIS_1012_1_grm_std_uni,1,4.760494709014893,-6.872220516204834,1
OREBA-DIS_1012_1_grm_std_uni,1,4.5475969314575195,-6.849836826324463,1
OREBA-DIS_1012_1_grm_std_uni,1,4.398136138916016,-6.640171527862549,1
OREBA-DIS_1012_1_grm_std_uni,1,4.340733528137207,-6.5039873123168945,1
OREBA-DIS_1012_1_grm_std_uni,1,4.33549690246582,-6.520522117614746,1
OREBA-DIS_1012_1_grm_std_uni,1,4.3686842918396,-6.500241756439209,1
OREBA-DIS_1012_1_grm_std_uni,1,4.049810409545898,-6.020360946655273,1
OREBA-DIS_1012_1_grm_std_uni,1,4.658794403076172,-6.146453857421875,1
OREBA-DIS_1012_1_grm_std_uni,1,5.120032787322998,-6.753329753875732,1
OREBA-DIS_1012_1_grm_std_uni,1,5.53324556350708,-7.224271297454834,1
OREBA-DIS_1012_1_grm_std_uni,1,4.9846014976501465,-7.079954624176025,1
OREBA-DIS_1012_1_grm_std_uni,1,4.377424716949463,-6.769669532775879,1
OREBA-DIS_1012_1_grm_std_uni,1,4.233521461486816,-6.593866348266602,1
OREBA-DIS_1012_1_grm_std_uni,1,4.205253601074219,-6.486088275909424,1
OREBA-DIS_1012_1_grm_std_uni,1,4.086790084838867,-6.41925048828125,1
OREBA-DIS_1012_1_grm_std_uni,1,3.996091604232788,-6.329958915710449,1
OREBA-DIS_1012_1_grm_std_uni,1,3.8822250366210938,-6.261610984802246,1
OREBA-DIS_1012_1_grm_std_uni,1,3.8358237743377686,-6.197854518890381,1
OREBA-DIS_1012_1_grm_std_uni,1,3.9105894565582275,-6.133242607116699,1
OREBA-DIS_1012_1_grm_std_uni,1,3.997802495956421,-6.267533302307129,1
OREBA-DIS_1012_1_grm_std_uni,1,3.8898427486419678,-6.201591968536377,1
OREBA-DIS_1012_1_grm_std_uni,1,3.910648822784424,-6.252748966217041,1
OREBA-DIS_1012_1_grm_std_uni,1,3.763554096221924,-6.0001606941223145,1
OREBA-DIS_1012_1_grm_std_uni,1,4.128435134887695,-6.20256233215332,1
OREBA-DIS_1012_1_grm_std_uni,1,4.0788350105285645,-6.359259128570557,1
OREBA-DIS_1012_1_grm_std_uni,1,4.082520961761475,-5.899409294128418,1
OREBA-DIS_1012_1_grm_std_uni,1,4.222203731536865,-5.755412578582764,1
OREBA-DIS_1012_1_grm_std_uni,1,4.447793006896973,-6.313860893249512,1
OREBA-DIS_1012_1_grm_std_uni,1,4.714378833770752,-7.114902973175049,1
OREBA-DIS_1012_1_grm_std_uni,1,4.407803058624268,-7.295702934265137,1
OREBA-DIS_1012_1_grm_std_uni,1,4.202824115753174,-7.19071102142334,1
OREBA-DIS_1012_1_grm_std_uni,1,3.9751741886138916,-6.991139888763428,1
OREBA-DIS_1012_1_grm_std_uni,1,3.8892276287078857,-6.7871527671813965,1
OREBA-DIS_1012_1_grm_std_uni,1,3.9935858249664307,-6.884624481201172,1
OREBA-DIS_1012_1_grm_std_uni,1,3.846374273300171,-6.488266468048096,1
OREBA-DIS_1012_1_grm_std_uni,1,3.988205909729004,-6.257707595825195,1
OREBA-DIS_1012_1_grm_std_uni,1,4.192990303039551,-5.84001350402832,1
OREBA-DIS_1012_1_grm_std_uni,1,5.4544596672058105,-6.443342208862305,1
OREBA-DIS_1012_1_grm_std_uni,1,5.582808494567871,-6.806796550750732,1
OREBA-DIS_1012_1_grm_std_uni,1,5.5450439453125,-6.825268745422363,1
OREBA-DIS_1012_1_grm_std_uni,1,5.406408309936523,-6.946048736572266,1
OREBA-DIS_1012_1_grm_std_uni,1,4.516686916351318,-5.922115325927734,1
OREBA-DIS_1012_1_grm_std_uni,1,4.3189616203308105,-5.847414493560791,1
OREBA-DIS_1012_1_grm_std_uni,1,4.491918563842773,-6.014882564544678,1
OREBA-DIS_1012_1_grm_std_uni,1,3.987293243408203,-4.981594085693359,1
OREBA-DIS_1012_1_grm_std_uni,1,3.90213680267334,-3.4438796043395996,1
OREBA-DIS_1012_1_grm_std_uni,1,4.766510963439941,-2.9624524116516113,1
OREBA-DIS_1012_1_grm_std_uni,1,5.8752121925354,-3.1160728931427,1
OREBA-DIS_1012_1_grm_std_uni,1,6.682553768157959,-4.167799949645996,1
OREBA-DIS_1012_1_grm_std_uni,1,5.779592037200928,-4.385350227355957,1
OREBA-DIS_1012_1_grm_std_uni,1,5.3344221115112305,-4.717648506164551,1
OREBA-DIS_1012_1_grm_std_uni,1,4.925586223602295,-5.094136714935303,1
OREBA-DIS_1012_1_grm_std_uni,1,4.828517913818359,-5.314396381378174,1
OREBA-DIS_1012_1_grm_std_uni,1,4.9737677574157715,-5.448101043701172,1
OREBA-DIS_1012_1_grm_std_uni,1,4.947526931762695,-5.731937408447266,1
OREBA-DIS_1012_1_grm_std_uni,1,4.505710124969482,-5.976487159729004,1
OREBA-DIS_1012_1_grm_std_uni,1,3.672196388244629,-5.363299369812012,1
OREBA-DIS_1012_1_grm_std_uni,1,2.9307384490966797,-4.525651454925537,1
OREBA-DIS_1012_1_grm_std_uni,1,2.6137380599975586,-3.857015609741211,1
OREBA-DIS_1012_1_grm_std_uni,1,4.210892677307129,-4.906068325042725,1
OREBA-DIS_1012_1_grm_std_uni,1,5.7684807777404785,-5.918856143951416,1
OREBA-DIS_1012_1_grm_std_uni,1,5.589700698852539,-6.035503387451172,1
OREBA-DIS_1012_1_grm_std_uni,1,2.5304317474365234,-3.4329264163970947,1
OREBA-DIS_1012_1_grm_std_uni,1,-0.17389699816703796,-0.4862775504589081,1
OREBA-DIS_1012_1_grm_std_uni,1,-1.883805751800537,0.8844650983810425,2
OREBA-DIS_1012_1_grm_std_uni,1,1.6629412174224854,-2.4272537231445312,1
OREBA-DIS_1012_1_grm_std_uni,1,4.7609782218933105,-5.07951545715332,1
OREBA-DIS_1012_1_grm_std_uni,1,7.494929790496826,-7.6018571853637695,1
OREBA-DIS_1012_1_grm_std_uni,1,8.386662483215332,-8.330315589904785,1
OREBA-DIS_1012_1_grm_std_uni,1,8.526196479797363,-8.345242500305176,1
OREBA-DIS_1012_1_grm_std_uni,1,8.582304000854492,-8.390159606933594,1
OREBA-DIS_1012_1_grm_std_uni,1,8.596136093139648,-8.294069290161133,1
OREBA-DIS_1012_1_grm_std_uni,1,9.089506149291992,-8.712237358093262,1
OREBA-DIS_1012_1_grm_std_uni,1,8.713991165161133,-8.36376953125,1
OREBA-DIS_1012_1_grm_std_uni,1,7.025582313537598,-6.817169666290283,1
OREBA-DIS_1012_1_grm_std_uni,1,6.162872791290283,-5.746744632720947,1
OREBA-DIS_1012_1_grm_std_uni,1,5.967082500457764,-5.6707072257995605,1
OREBA-DIS_1012_1_grm_std_uni,1,6.639947891235352,-6.226858139038086,1
OREBA-DIS_1012_1_grm_std_uni,1,6.783065319061279,-5.148743152618408,1
OREBA-DIS_1012_1_grm_std_uni,1,7.23267126083374,-5.096485137939453,1
OREBA-DIS_1012_1_grm_std_uni,1,7.20775032043457,-6.164141654968262,1
OREBA-DIS_1012_1_grm_std_uni,1,6.101568222045898,-6.439409255981445,1
OREBA-DIS_1012_1_grm_std_uni,1,5.544708728790283,-5.330728054046631,1
OREBA-DIS_1012_1_grm_std_uni,1,6.367333889007568,-6.024647235870361,1
OREBA-DIS_1012_1_grm_std_uni,1,6.959223747253418,-5.601531505584717,1
OREBA-DIS_1012_1_grm_std_uni,1,4.489481449127197,-2.6229684352874756,1
OREBA-DIS_1012_1_grm_std_uni,1,4.00527286529541,-2.6008849143981934,1
OREBA-DIS_1012_1_grm_std_uni,1,6.1355881690979,-5.344790935516357,1
OREBA-DIS_1012_1_grm_std_uni,1,6.072591781616211,-5.010602951049805,1
OREBA-DIS_1012_1_grm_std_uni,1,6.5680999755859375,-5.617667198181152,1
OREBA-DIS_1012_1_grm_std_uni,1,6.945358753204346,-5.694179534912109,1
OREBA-DIS_1012_1_grm_std_uni,1,7.189489364624023,-5.294167995452881,1
OREBA-DIS_1012_1_grm_std_uni,1,7.552799701690674,-5.275909900665283,1
OREBA-DIS_1012_1_grm_std_uni,1,7.641239643096924,-5.4206013679504395,1
OREBA-DIS_1012_1_grm_std_uni,1,7.8224921226501465,-6.27032995223999,1
OREBA-DIS_1012_1_grm_std_uni,1,7.619067668914795,-6.115146160125732,1
OREBA-DIS_1012_1_grm_std_uni,1,7.272726058959961,-5.64652681350708,1
OREBA-DIS_1012_1_grm_std_uni,1,6.789090156555176,-5.075117111206055,1
OREBA-DIS_1012_1_grm_std_uni,1,5.806554317474365,-5.124519348144531,1
OREBA-DIS_1012_1_grm_std_uni,1,5.922778606414795,-6.1231560707092285,1
OREBA-DIS_1012_1_grm_std_uni,1,6.1925177574157715,-6.431469440460205,1
OREBA-DIS_1012_1_grm_std_uni,1,5.898825645446777,-5.4566330909729,1
OREBA-DIS_1012_1_grm_std_uni,1,6.3060126304626465,-5.553769588470459,1
OREBA-DIS_1012_1_grm_std_uni,1,6.204648017883301,-4.796206474304199,1
OREBA-DIS_1012_1_grm_std_uni,1,6.319205284118652,-5.074095726013184,1
OREBA-DIS_1012_1_grm_std_uni,1,6.071325302124023,-5.008415699005127,1
OREBA-DIS_1012_1_grm_std_uni,1,5.8434906005859375,-4.893567085266113,1
OREBA-DIS_1012_1_grm_std_uni,1,5.3634114265441895,-4.70721960067749,1
OREBA-DIS_1012_1_grm_std_uni,1,5.965795993804932,-5.388368606567383,1
OREBA-DIS_1012_1_grm_std_uni,1,6.158398151397705,-4.734623432159424,1
OREBA-DIS_1012_1_grm_std_uni,1,6.249070167541504,-4.562032699584961,1
OREBA-DIS_1012_1_grm_std_uni,1,6.817403316497803,-4.394796848297119,1
OREBA-DIS_1012_1_grm_std_uni,1,7.598140239715576,-4.795758247375488,1
OREBA-DIS_1012_1_grm_std_uni,1,6.719406604766846,-5.057929515838623,1
OREBA-DIS_1012_1_grm_std_uni,1,6.074326992034912,-5.819926738739014,1
OREBA-DIS_1012_1_grm_std_uni,1,5.9333391189575195,-6.911491870880127,1
OREBA-DIS_1012_1_grm_std_uni,1,5.428490161895752,-7.489779949188232,1
OREBA-DIS_1012_1_grm_std_uni,1,5.393600940704346,-7.670657157897949,1
OREBA-DIS_1012_1_grm_std_uni,1,5.497654914855957,-7.5966691970825195,1
OREBA-DIS_1012_1_grm_std_uni,1,4.026339054107666,-5.896183967590332,1
OREBA-DIS_1012_1_grm_std_uni,1,4.5911664962768555,-4.633559226989746,1
OREBA-DIS_1012_1_grm_std_uni,1,5.451294898986816,-4.478508472442627,1
OREBA-DIS_1012_1_grm_std_uni,1,5.806911945343018,-4.910504341125488,1
OREBA-DIS_1012_1_grm_std_uni,1,6.14835786819458,-6.077396869659424,1
OREBA-DIS_1012_1_grm_std_uni,1,5.567034721374512,-6.222410202026367,1
OREBA-DIS_1012_1_grm_std_uni,1,3.2070729732513428,-4.498392105102539,1
OREBA-DIS_1012_1_grm_std_uni,1,0.30365994572639465,-1.7936378717422485,1
OREBA-DIS_1012_1_grm_std_uni,1,0.6532512307167053,-0.907872200012207,1
OREBA-DIS_1012_1_grm_std_uni,1,3.7935562133789062,-3.9733541011810303,1
OREBA-DIS_1012_1_grm_std_uni,1,5.104322910308838,-6.592509746551514,1
OREBA-DIS_1012_1_grm_std_uni,1,7.1137847900390625,-8.214404106140137,1
OREBA-DIS_1012_1_grm_std_uni,1,6.537693500518799,-8.36857795715332,1
OREBA-DIS_1012_1_grm_std_uni,1,5.685472011566162,-8.036953926086426,1
OREBA-DIS_1012_1_grm_std_uni,1,5.809804439544678,-7.863788604736328,1
OREBA-DIS_1012_1_grm_std_uni,1,6.2899489402771,-8.251708984375,1
OREBA-DIS_1012_1_grm_std_uni,1,6.642979145050049,-8.508137702941895,1
OREBA-DIS_1012_1_grm_std_uni,1,6.516890525817871,-8.298900604248047,1
OREBA-DIS_1012_1_grm_std_uni,1,6.252126216888428,-8.083910942077637,1
OREBA-DIS_1012_1_grm_std_uni,1,6.018677234649658,-8.059746742248535,1
OREBA-DIS_1012_1_grm_std_uni,1,6.102773189544678,-8.226542472839355,1
OREBA-DIS_1012_1_grm_std_uni,1,6.082774639129639,-8.225580215454102,1
OREBA-DIS_1012_1_grm_std_uni,1,5.821685314178467,-8.198824882507324,1
OREBA-DIS_1012_1_grm_std_uni,1,5.271083354949951,-7.03730583190918,1
OREBA-DIS_1012_1_grm_std_uni,1,5.684385776519775,-6.560027599334717,1
OREBA-DIS_1012_1_grm_std_uni,1,5.013777256011963,-5.898199558258057,1
OREBA-DIS_1012_1_grm_std_uni,1,5.730144500732422,-5.874064922332764,1
OREBA-DIS_1012_1_grm_std_uni,1,5.7195210456848145,-6.1164937019348145,1
OREBA-DIS_1012_1_grm_std_uni,1,5.3308258056640625,-4.862687110900879,1
OREBA-DIS_1012_1_grm_std_uni,1,5.596238136291504,-5.00700044631958,1
OREBA-DIS_1012_1_grm_std_uni,1,6.3257856369018555,-5.393429279327393,1
OREBA-DIS_1012_1_grm_std_uni,1,6.347451686859131,-5.5453691482543945,1
OREBA-DIS_1012_1_grm_std_uni,1,6.127083778381348,-5.726318359375,1
OREBA-DIS_1012_1_grm_std_uni,1,4.6286749839782715,-4.578631401062012,1
OREBA-DIS_1012_1_grm_std_uni,1,2.311749219894409,-2.7645621299743652,1
OREBA-DIS_1012_1_grm_std_uni,1,3.909350633621216,-3.388188600540161,1
OREBA-DIS_1012_1_grm_std_uni,1,6.057084560394287,-5.131553649902344,1
OREBA-DIS_1012_1_grm_std_uni,1,6.3306565284729,-5.537234783172607,1
OREBA-DIS_1012_1_grm_std_uni,1,5.9105072021484375,-6.013700485229492,1
OREBA-DIS_1012_1_grm_std_uni,1,6.2767333984375,-6.654696464538574,1
OREBA-DIS_1012_1_grm_std_uni,1,7.624303817749023,-8.099803924560547,1
OREBA-DIS_1012_1_grm_std_uni,1,6.469707012176514,-7.152545928955078,1
OREBA-DIS_1012_1_grm_std_uni,1,6.367226600646973,-6.601737022399902,1
OREBA-DIS_1012_1_grm_std_uni,1,6.53689432144165,-6.585031986236572,1
OREBA-DIS_1012_1_grm_std_uni,1,7.387225151062012,-7.241115570068359,1
OREBA-DIS_1012_1_grm_std_uni,1,7.72317361831665,-7.453472137451172,1
OREBA-DIS_1012_1_grm_std_uni,1,7.898872375488281,-7.744903087615967,1
OREBA-DIS_1012_1_grm_std_uni,1,7.74338436126709,-7.652941703796387,1
OREBA-DIS_1012_1_grm_std_uni,1,7.260012626647949,-7.359721660614014,1
OREBA-DIS_1012_1_grm_std_uni,1,5.983002185821533,-6.109009265899658,1
OREBA-DIS_1012_1_grm_std_uni,1,5.4526567459106445,-5.50822114944458,1
OREBA-DIS_1012_1_grm_std_uni,1,5.9682135581970215,-5.882866382598877,1
OREBA-DIS_1012_1_grm_std_uni,1,6.674543857574463,-6.6851487159729,1
OREBA-DIS_1012_1_grm_std_uni,1,7.169307231903076,-7.210989952087402,1
OREBA-DIS_1012_1_grm_std_uni,1,7.343667030334473,-7.345993518829346,1
OREBA-DIS_1012_1_grm_std_uni,1,7.3351335525512695,-7.269089221954346,1
OREBA-DIS_1012_1_grm_std_uni,1,7.2820916175842285,-7.100566864013672,1
OREBA-DIS_1012_1_grm_std_uni,1,7.215980529785156,-6.908840179443359,1
OREBA-DIS_1012_1_grm_std_uni,1,6.960578441619873,-6.644669055938721,1
OREBA-DIS_1012_1_grm_std_uni,1,6.826998233795166,-6.778204441070557,1
OREBA-DIS_1012_1_grm_std_uni,1,6.252087593078613,-6.719018459320068,1
OREBA-DIS_1012_1_grm_std_uni,1,6.367025852203369,-6.6381916999816895,1
OREBA-DIS_1012_1_grm_std_uni,1,6.338705062866211,-6.526205062866211,1
OREBA-DIS_1012_1_grm_std_uni,1,6.158485412597656,-6.446800231933594,1
OREBA-DIS_1012_1_grm_std_uni,1,5.910700798034668,-6.4654107093811035,1
OREBA-DIS_1012_1_grm_std_uni,1,5.5915913581848145,-6.421555042266846,1
OREBA-DIS_1012_1_grm_std_uni,1,5.453542709350586,-6.396780490875244,1
OREBA-DIS_1012_1_grm_std_uni,1,4.827446937561035,-5.209877967834473,1
OREBA-DIS_1012_1_grm_std_uni,1,4.299589157104492,-4.080172061920166,1
OREBA-DIS_1012_1_grm_std_uni,1,3.643371343612671,-4.099447727203369,1
OREBA-DIS_1012_1_grm_std_uni,1,3.2409048080444336,-3.7645223140716553,1
OREBA-DIS_1012_1_grm_std_uni,1,2.9516518115997314,-3.3250892162323,1
OREBA-DIS_1012_1_grm_std_uni,1,2.8281619548797607,-3.404656410217285,1
OREBA-DIS_1012_1_grm_std_uni,1,2.4045028686523438,-2.811662435531616,1
OREBA-DIS_1012_1_grm_std_uni,1,3.0310182571411133,-3.4368648529052734,1
OREBA-DIS_1012_1_grm_std_uni,1,3.2049572467803955,-4.401998519897461,1
OREBA-DIS_1012_1_grm_std_uni,1,2.949842929840088,-3.6159114837646484,1
OREBA-DIS_1012_1_grm_std_uni,1,4.609645366668701,-4.654504299163818,1
OREBA-DIS_1012_1_grm_std_uni,1,5.61466121673584,-4.476861000061035,1
OREBA-DIS_1012_1_grm_std_uni,1,6.249279022216797,-4.614238262176514,1
OREBA-DIS_1012_1_grm_std_uni,1,5.845707893371582,-4.14076566696167,1
OREBA-DIS_1012_1_grm_std_uni,1,6.116363048553467,-4.205564498901367,1
OREBA-DIS_1012_1_grm_std_uni,1,5.93834114074707,-3.801400899887085,1
OREBA-DIS_1012_1_grm_std_uni,1,5.380309581756592,-3.411511182785034,1
OREBA-DIS_1012_1_grm_std_uni,1,4.802361965179443,-2.798707962036133,1
OREBA-DIS_1012_1_grm_std_uni,1,5.2761993408203125,-3.490678310394287,1
OREBA-DIS_1012_1_grm_std_uni,1,5.876112937927246,-4.839065074920654,1
OREBA-DIS_1012_1_grm_std_uni,1,7.170115947723389,-6.370185852050781,1
OREBA-DIS_1012_1_grm_std_uni,1,7.083987712860107,-7.4543023109436035,1
OREBA-DIS_1012_1_grm_std_uni,1,6.96309232711792,-7.940420627593994,1
OREBA-DIS_1012_1_grm_std_uni,1,6.605779647827148,-7.726596355438232,1
OREBA-DIS_1012_1_grm_std_uni,1,6.553886890411377,-7.5819993019104,1
OREBA-DIS_1012_1_grm_std_uni,1,6.670993804931641,-7.321612358093262,1
OREBA-DIS_1012_1_grm_std_uni,1,7.182511329650879,-7.306575298309326,1
OREBA-DIS_1012_1_grm_std_uni,1,6.6379475593566895,-6.171146869659424,1
OREBA-DIS_1012_1_grm_std_uni,1,5.803818225860596,-5.119205951690674,1
OREBA-DIS_1012_1_grm_std_uni,1,6.963049411773682,-5.805607318878174,1
OREBA-DIS_1012_1_grm_std_uni,1,7.5663652420043945,-6.58741569519043,1
OREBA-DIS_1012_1_grm_std_uni,1,8.006773948669434,-6.90906286239624,1
OREBA-DIS_1012_1_grm_std_uni,1,7.995584964752197,-6.677299976348877,1
OREBA-DIS_1012_1_grm_std_uni,1,7.914070129394531,-6.549471855163574,1
OREBA-DIS_1012_1_grm_std_uni,1,7.865548133850098,-6.387535095214844,1
OREBA-DIS_1012_1_grm_std_uni,1,7.2356648445129395,-5.662906169891357,1
OREBA-DIS_1012_1_grm_std_uni,1,6.645938873291016,-4.861680507659912,1
OREBA-DIS_1012_1_grm_std_uni,1,6.500507354736328,-4.620560169219971,1
OREBA-DIS_1012_1_grm_std_uni,1,6.497494220733643,-4.462353229522705,1
OREBA-DIS_1012_1_grm_std_uni,1,6.234238147735596,-4.178553104400635,1
OREBA-DIS_1012_1_grm_std_uni,1,5.884572982788086,-4.030984401702881,1
OREBA-DIS_1012_1_grm_std_uni,1,5.918379306793213,-3.968055486679077,1
OREBA-DIS_1012_1_grm_std_uni,1,5.599996089935303,-3.8164310455322266,1
OREBA-DIS_1012_1_grm_std_uni,1,5.38405704498291,-4.1801581382751465,1
OREBA-DIS_1012_1_grm_std_uni,1,6.050609588623047,-4.635951995849609,1
OREBA-DIS_1012_1_grm_std_uni,1,5.896343231201172,-4.481900691986084,1
OREBA-DIS_1012_1_grm_std_uni,1,5.442459583282471,-4.259146213531494,1
OREBA-DIS_1012_1_grm_std_uni,1,4.735469818115234,-4.179409027099609,1
OREBA-DIS_1012_1_grm_std_uni,1,3.9581732749938965,-3.915473461151123,1
OREBA-DIS_1012_1_grm_std_uni,1,2.3386282920837402,-2.735006332397461,1
OREBA-DIS_1012_1_grm_std_uni,1,1.9457284212112427,-2.3035659790039062,1
OREBA-DIS_1012_1_grm_std_uni,1,2.170274496078491,-2.6229045391082764,1
OREBA-DIS_1012_1_grm_std_uni,1,3.3300716876983643,-4.283420562744141,1
OREBA-DIS_1012_1_grm_std_uni,1,4.687522888183594,-5.565530300140381,1
OREBA-DIS_1012_1_grm_std_uni,1,5.928636074066162,-6.026866912841797,1
OREBA-DIS_1012_1_grm_std_uni,1,6.993408679962158,-5.92972469329834,1
OREBA-DIS_1012_1_grm_std_uni,1,7.356764316558838,-6.128723621368408,1
OREBA-DIS_1012_1_grm_std_uni,1,7.410550117492676,-6.371906757354736,1
OREBA-DIS_1012_1_grm_std_uni,1,7.379404544830322,-6.92091178894043,1
OREBA-DIS_1012_1_grm_std_uni,1,7.619617938995361,-7.137662887573242,1
OREBA-DIS_1012_1_grm_std_uni,1,6.903526306152344,-6.523704528808594,1
OREBA-DIS_1012_1_grm_std_uni,1,6.6062726974487305,-5.950953483581543,1
OREBA-DIS_1012_1_grm_std_uni,1,6.032901763916016,-5.21609354019165,1
OREBA-DIS_1012_1_grm_std_uni,1,5.996717929840088,-4.838600158691406,1
OREBA-DIS_1012_1_grm_std_uni,1,6.477407932281494,-4.988951206207275,1
OREBA-DIS_1012_1_grm_std_uni,1,6.358933448791504,-5.049074649810791,1
OREBA-DIS_1012_1_grm_std_uni,1,5.853765487670898,-5.108467102050781,1
OREBA-DIS_1012_1_grm_std_uni,1,6.501784801483154,-5.546578407287598,1
OREBA-DIS_1012_1_grm_std_uni,1,6.136669635772705,-5.030511856079102,1
OREBA-DIS_1012_1_grm_std_uni,1,6.121995449066162,-4.89479398727417,1
OREBA-DIS_1012_1_grm_std_uni,1,5.722996234893799,-4.106054782867432,1
OREBA-DIS_1012_1_grm_std_uni,1,5.921597003936768,-4.035175800323486,1
OREBA-DIS_1012_1_grm_std_uni,1,6.809294700622559,-5.113707065582275,1
OREBA-DIS_1012_1_grm_std_uni,1,6.766044616699219,-5.621410369873047,1
OREBA-DIS_1012_1_grm_std_uni,1,6.678959846496582,-5.687124252319336,1
OREBA-DIS_1012_1_grm_std_uni,1,6.72056245803833,-6.021713733673096,1
OREBA-DIS_1012_1_grm_std_uni,1,6.346752643585205,-5.95320463180542,1
OREBA-DIS_1012_1_grm_std_uni,1,5.675363540649414,-5.0310187339782715,1
OREBA-DIS_1012_1_grm_std_uni,1,6.052648544311523,-4.641340255737305,1
OREBA-DIS_1012_1_grm_std_uni,1,6.706860065460205,-4.245816230773926,1
OREBA-DIS_1012_1_grm_std_uni,1,7.27808141708374,-4.141258716583252,1
OREBA-DIS_1012_1_grm_std_uni,1,7.3176493644714355,-4.293970584869385,1
OREBA-DIS_1012_1_grm_std_uni,1,7.120894908905029,-4.328464984893799,1
OREBA-DIS_1012_1_grm_std_uni,1,6.883620738983154,-4.414827823638916,1
OREBA-DIS_1012_1_grm_std_uni,1,6.811602592468262,-4.640280246734619,1
OREBA-DIS_1012_1_grm_std_uni,1,6.709798336029053,-5.346832752227783,1
OREBA-DIS_1012_1_grm_std_uni,1,7.458090782165527,-6.531754493713379,1
OREBA-DIS_1012_1_grm_std_uni,1,7.440211296081543,-6.29977560043335,1
OREBA-DIS_1012_1_grm_std_uni,1,7.158684253692627,-6.2565741539001465,1
OREBA-DIS_1012_1_grm_std_uni,1,7.43804407119751,-6.409379005432129,1
OREBA-DIS_1012_1_grm_std_uni,1,7.086480140686035,-5.7706193923950195,1
OREBA-DIS_1012_1_grm_std_uni,1,7.095380783081055,-5.9628777503967285,1
OREBA-DIS_1012_1_grm_std_uni,1,7.429173469543457,-5.550777912139893,1
OREBA-DIS_1012_1_grm_std_uni,1,7.397306442260742,-5.356344699859619,1
OREBA-DIS_1012_1_grm_std_uni,1,8.286575317382812,-6.461875915527344,1
OREBA-DIS_1012_1_grm_std_uni,1,7.4515461921691895,-5.917825698852539,1
OREBA-DIS_1012_1_grm_std_uni,1,6.873224258422852,-5.132289409637451,1
OREBA-DIS_1012_1_grm_std_uni,1,6.528485298156738,-5.891575813293457,1
OREBA-DIS_1012_1_grm_std_uni,1,6.2862548828125,-6.407555103302002,1
OREBA-DIS_1012_1_grm_std_uni,1,6.923647880554199,-6.938042163848877,1
OREBA-DIS_1012_1_grm_std_uni,1,7.066795825958252,-6.969841480255127,1
OREBA-DIS_1012_1_grm_std_uni,1,7.162637710571289,-6.953117847442627,1
OREBA-DIS_1012_1_grm_std_uni,1,7.0007853507995605,-6.614659309387207,1
OREBA-DIS_1012_1_grm_std_uni,1,7.069827079772949,-6.544693470001221,1
OREBA-DIS_1012_1_grm_std_uni,1,7.552873611450195,-6.775671005249023,1
OREBA-DIS_1012_1_grm_std_uni,1,7.387798309326172,-6.748680114746094,1
OREBA-DIS_1012_1_grm_std_uni,1,7.035234451293945,-6.727676868438721,1
OREBA-DIS_1012_1_grm_std_uni,1,6.836925506591797,-6.758750915527344,1
OREBA-DIS_1012_1_grm_std_uni,1,6.461339950561523,-6.527581691741943,1
OREBA-DIS_1012_1_grm_std_uni,1,5.026554107666016,-5.354929447174072,1
OREBA-DIS_1012_1_grm_std_uni,1,4.4896745681762695,-4.483866214752197,1
OREBA-DIS_1012_1_grm_std_uni,1,4.310497760772705,-4.037588596343994,1
OREBA-DIS_1012_1_grm_std_uni,1,4.541825294494629,-4.1260271072387695,1
OREBA-DIS_1012_1_grm_std_uni,1,4.578345775604248,-3.5111782550811768,1
OREBA-DIS_1012_1_grm_std_uni,1,4.288002967834473,-3.3671369552612305,1
OREBA-DIS_1012_1_grm_std_uni,1,4.3045172691345215,-3.461583375930786,1
OREBA-DIS_1012_1_grm_std_uni,1,5.2996907234191895,-4.100532531738281,1
OREBA-DIS_1012_1_grm_std_uni,1,6.176431179046631,-4.209783554077148,1
OREBA-DIS_1012_1_grm_std_uni,1,7.1082844734191895,-4.763789176940918,1
OREBA-DIS_1012_1_grm_std_uni,1,6.70059061050415,-4.327901840209961,1
OREBA-DIS_1012_1_grm_std_uni,1,6.101505756378174,-4.457489967346191,1
OREBA-DIS_1012_1_grm_std_uni,1,5.60549259185791,-4.939148426055908,1
OREBA-DIS_1012_1_grm_std_uni,1,4.822140693664551,-4.248317718505859,1
OREBA-DIS_1012_1_grm_std_uni,1,4.3948073387146,-3.6241350173950195,1
OREBA-DIS_1012_1_grm_std_uni,1,4.740631580352783,-3.293436050415039,1
OREBA-DIS_1012_1_grm_std_uni,1,5.595773220062256,-3.531752109527588,1
OREBA-DIS_1012_1_grm_std_uni,1,6.668429851531982,-4.243704319000244,1
OREBA-DIS_1012_1_grm_std_uni,1,7.784750938415527,-4.695620059967041,1
OREBA-DIS_1012_1_grm_std_uni,1,7.766608715057373,-4.258793830871582,1
OREBA-DIS_1012_1_grm_std_uni,1,7.358218193054199,-4.401035785675049,1
OREBA-DIS_1012_1_grm_std_uni,1,6.884237766265869,-4.9091949462890625,1
OREBA-DIS_1012_1_grm_std_uni,1,5.5097198486328125,-4.594133377075195,1
OREBA-DIS_1012_1_grm_std_uni,1,6.151461601257324,-5.203636646270752,1
OREBA-DIS_1012_1_grm_std_uni,1,6.354515552520752,-5.749227523803711,1
OREBA-DIS_1012_1_grm_std_uni,1,6.518111228942871,-5.640481472015381,1
OREBA-DIS_1012_1_grm_std_uni,1,6.922183513641357,-5.463315486907959,1
OREBA-DIS_1012_1_grm_std_uni,1,7.406140327453613,-5.595302104949951,1
OREBA-DIS_1012_1_grm_std_uni,1,6.806116104125977,-5.269473075866699,1
OREBA-DIS_1012_1_grm_std_uni,1,6.448348522186279,-4.539735317230225,1
OREBA-DIS_1012_1_grm_std_uni,1,6.356030464172363,-3.754580497741699,1
OREBA-DIS_1012_1_grm_std_uni,1,6.591611385345459,-3.4228017330169678,1
OREBA-DIS_1012_1_grm_std_uni,1,6.592985153198242,-3.9003241062164307,1
OREBA-DIS_1012_1_grm_std_uni,1,7.013736724853516,-4.20090389251709,1
OREBA-DIS_1012_1_grm_std_uni,1,7.347084045410156,-3.8305552005767822,1
OREBA-DIS_1012_1_grm_std_uni,1,6.375194549560547,-3.1756887435913086,1
OREBA-DIS_1012_1_grm_std_uni,2,6.160385608673096,-4.589925765991211,1
OREBA-DIS_1012_1_grm_std_uni,2,5.641103744506836,-4.238337516784668,1
OREBA-DIS_1012_1_grm_std_uni,2,4.87556791305542,-3.725224733352661,1
OREBA-DIS_1012_1_grm_std_uni,2,5.32346248626709,-4.017078399658203,1
OREBA-DIS_1012_1_grm_std_uni,2,6.436430931091309,-4.784796714782715,1
OREBA-DIS_1012_1_grm_std_uni,2,6.797408580780029,-4.921956539154053,1
OREBA-DIS_1012_1_grm_std_uni,2,6.931285858154297,-5.106573581695557,1
OREBA-DIS_1012_1_grm_std_uni,2,5.878358840942383,-5.245871543884277,1
OREBA-DIS_1012_1_grm_std_uni,2,-1.426297903060913,0.49112245440483093,1
OREBA-DIS_1012_1_grm_std_uni,2,-3.4464802742004395,4.232525825500488,2
OREBA-DIS_1012_1_grm_std_uni,2,-2.3434362411499023,2.070380687713623,1
OREBA-DIS_1012_1_grm_std_uni,2,4.04148530960083,-4.693435192108154,1
OREBA-DIS_1012_1_grm_std_uni,2,7.1281914710998535,-7.57217264175415,1
OREBA-DIS_1012_1_grm_std_uni,2,7.9572930335998535,-8.216842651367188,1
OREBA-DIS_1012_1_grm_std_uni,2,8.409716606140137,-8.821789741516113,1
OREBA-DIS_1012_1_grm_std_uni,1,8.495057106018066,-8.894765853881836,1
OREBA-DIS_1012_1_grm_std_uni,1,8.735515594482422,-8.808361053466797,1
OREBA-DIS_1012_1_grm_std_uni,1,9.021363258361816,-8.727301597595215,1
OREBA-DIS_1012_1_grm_std_uni,1,9.108448028564453,-8.783419609069824,1
OREBA-DIS_1012_1_grm_std_uni,1,9.196208953857422,-8.764159202575684,1
OREBA-DIS_1012_1_grm_std_uni,1,10.392908096313477,-9.665730476379395,1
OREBA-DIS_1012_1_grm_std_uni,1,10.710570335388184,-9.7860689163208,1
OREBA-DIS_1012_1_grm_std_uni,1,10.03827953338623,-7.645084857940674,1
OREBA-DIS_1012_1_grm_std_uni,1,9.09719467163086,-6.67735481262207,1
OREBA-DIS_1012_1_grm_std_uni,1,8.706077575683594,-6.8098530769348145,1
OREBA-DIS_1012_1_grm_std_uni,1,7.392861366271973,-6.2816643714904785,1
OREBA-DIS_1012_1_grm_std_uni,1,4.845040321350098,-5.267184257507324,1
OREBA-DIS_1012_1_grm_std_uni,1,5.251583099365234,-5.865871906280518,1
OREBA-DIS_1012_1_grm_std_uni,1,5.714782238006592,-5.656813144683838,1
OREBA-DIS_1012_1_grm_std_uni,1,6.556374549865723,-6.388299942016602,1
OREBA-DIS_1012_1_grm_std_uni,1,6.770132541656494,-6.151443958282471,1
OREBA-DIS_1012_1_grm_std_uni,1,7.781425952911377,-5.979068756103516,1
OREBA-DIS_1012_1_grm_std_uni,1,7.934203147888184,-5.323326587677002,1
OREBA-DIS_1012_1_grm_std_uni,1,8.285141944885254,-5.360834121704102,1
OREBA-DIS_1012_1_grm_std_uni,1,8.740550994873047,-5.887754440307617,1
OREBA-DIS_1012_1_grm_std_uni,1,8.445884704589844,-5.768773078918457,1
OREBA-DIS_1012_1_grm_std_uni,1,7.93633508682251,-5.829014301300049,1
OREBA-DIS_1012_1_grm_std_uni,1,8.19204044342041,-5.69062614440918,1
OREBA-DIS_1012_1_grm_std_uni,1,8.534247398376465,-5.5752410888671875,1
OREBA-DIS_1012_1_grm_std_uni,1,8.120732307434082,-5.079955577850342,1
OREBA-DIS_1012_1_grm_std_uni,1,7.823716163635254,-5.386537551879883,1
OREBA-DIS_1012_1_grm_std_uni,1,8.130270004272461,-5.0903754234313965,1
OREBA-DIS_1012_1_grm_std_uni,1,8.051441192626953,-4.851775646209717,1
OREBA-DIS_1012_1_grm_std_uni,1,7.6573486328125,-5.302829742431641,1
OREBA-DIS_1012_1_grm_std_uni,1,7.0027337074279785,-5.212100982666016,1
OREBA-DIS_1012_1_grm_std_uni,1,6.673429012298584,-5.538325309753418,1
OREBA-DIS_1012_1_grm_std_uni,1,6.844192981719971,-5.7102580070495605,1
OREBA-DIS_1012_1_grm_std_uni,1,7.08742618560791,-6.201560974121094,1
OREBA-DIS_1012_1_grm_std_uni,1,7.256234169006348,-6.645303249359131,1
OREBA-DIS_1012_1_grm_std_uni,1,6.816623210906982,-6.7589850425720215,1
OREBA-DIS_1012_1_grm_std_uni,1,6.0239644050598145,-6.578609466552734,1
OREBA-DIS_1012_1_grm_std_uni,1,5.6241607666015625,-6.33102560043335,1
OREBA-DIS_1012_1_grm_std_uni,1,5.277204513549805,-5.902930736541748,1
OREBA-DIS_1012_1_grm_std_uni,1,5.302371025085449,-5.8396711349487305,1
OREBA-DIS_1012_1_grm_std_uni,1,5.910731315612793,-6.463160991668701,1
OREBA-DIS_1012_1_grm_std_uni,1,6.4048309326171875,-7.246958255767822,1
OREBA-DIS_1012_1_grm_std_uni,1,6.099170684814453,-7.008145332336426,1
OREBA-DIS_1012_1_grm_std_uni,1,5.824021339416504,-6.281369209289551,1
OREBA-DIS_1012_1_grm_std_uni,1,6.153931140899658,-6.694686412811279,1
OREBA-DIS_1012_1_grm_std_uni,1,6.02440881729126,-6.986621379852295,1
OREBA-DIS_1012_1_grm_std_uni,1,5.480930328369141,-7.413081645965576,1
OREBA-DIS_1012_1_grm_std_uni,1,5.320003986358643,-7.43666410446167,1
OREBA-DIS_1012_1_grm_std_uni,1,5.329685211181641,-7.400506496429443,1
OREBA-DIS_1012_1_grm_std_uni,1,5.429618835449219,-6.754500865936279,1
OREBA-DIS_1012_1_grm_std_uni,1,5.294277667999268,-5.7026896476745605,1
OREBA-DIS_1012_1_grm_std_uni,1,5.845547199249268,-5.52306604385376,1
OREBA-DIS_1012_1_grm_std_uni,1,5.791154384613037,-4.738376140594482,1
OREBA-DIS_1012_1_grm_std_uni,1,6.223864555358887,-5.905343055725098,1
OREBA-DIS_1012_1_grm_std_uni,1,6.644232749938965,-6.514590263366699,1
OREBA-DIS_1012_1_grm_std_uni,1,6.164337635040283,-6.1613569259643555,1
OREBA-DIS_1012_1_grm_std_uni,1,5.08124303817749,-4.962538719177246,1
OREBA-DIS_1012_1_grm_std_uni,1,4.815126419067383,-4.215212821960449,1
OREBA-DIS_1012_1_grm_std_uni,1,5.178678035736084,-4.470330238342285,1
OREBA-DIS_1012_1_grm_std_uni,1,5.287760257720947,-4.834683895111084,1
OREBA-DIS_1012_1_grm_std_uni,1,5.053802967071533,-5.175622940063477,1
OREBA-DIS_1012_1_grm_std_uni,1,5.089492321014404,-5.4142327308654785,1
OREBA-DIS_1012_1_grm_std_uni,1,5.559333801269531,-5.6349310874938965,1
OREBA-DIS_1012_1_grm_std_uni,1,6.097024917602539,-5.023097515106201,1
OREBA-DIS_1012_1_grm_std_uni,1,6.8762125968933105,-4.8985915184021,1
OREBA-DIS_1012_1_grm_std_uni,1,6.0149312019348145,-3.446199655532837,1
OREBA-DIS_1012_1_grm_std_uni,1,5.86395263671875,-3.474475383758545,1
OREBA-DIS_1012_1_grm_std_uni,1,5.915273189544678,-3.2248904705047607,1
OREBA-DIS_1012_1_grm_std_uni,1,5.436614990234375,-2.8538668155670166,1
OREBA-DIS_1012_1_grm_std_uni,1,5.096665859222412,-2.6881158351898193,1
OREBA-DIS_1012_1_grm_std_uni,1,5.60295295715332,-3.5596835613250732,1
OREBA-DIS_1012_1_grm_std_uni,1,6.523209095001221,-5.221053123474121,1
OREBA-DIS_1012_1_grm_std_uni,1,6.43913459777832,-5.887173175811768,1
OREBA-DIS_1012_1_grm_std_uni,1,6.210260391235352,-5.949252605438232,1
OREBA-DIS_1012_1_grm_std_uni,1,6.301701068878174,-6.1621174812316895,1
OREBA-DIS_1012_1_grm_std_uni,1,6.327465057373047,-6.379674434661865,1
OREBA-DIS_1012_1_grm_std_uni,1,6.2801618576049805,-6.60316276550293,1
OREBA-DIS_1012_1_grm_std_uni,1,6.493722915649414,-6.600632190704346,1
OREBA-DIS_1012_1_grm_std_uni,1,6.260092735290527,-6.087077617645264,1
OREBA-DIS_1012_1_grm_std_uni,1,5.825662612915039,-5.849558353424072,1
OREBA-DIS_1012_1_grm_std_uni,1,5.775238990783691,-6.00956916809082,1
OREBA-DIS_1012_1_grm_std_uni,1,5.67714262008667,-6.1900506019592285,1
OREBA-DIS_1012_1_grm_std_uni,1,5.731705665588379,-6.374772071838379,1
OREBA-DIS_1012_1_grm_std_uni,1,5.502919673919678,-6.4030046463012695,1
OREBA-DIS_1012_1_grm_std_uni,1,5.301159381866455,-6.322577953338623,1
OREBA-DIS_1012_1_grm_std_uni,1,4.770811557769775,-5.567735195159912,1
OREBA-DIS_1012_1_grm_std_uni,1,4.476762771606445,-5.060464382171631,1
OREBA-DIS_1012_1_grm_std_uni,1,4.99726676940918,-5.455410957336426,1
OREBA-DIS_1012_1_grm_std_uni,1,5.0908522605896,-5.65117883682251,1
OREBA-DIS_1012_1_grm_std_uni,1,5.018381595611572,-5.814394950866699,1
OREBA-DIS_1012_1_grm_std_uni,1,5.1611151695251465,-5.910293102264404,1
OREBA-DIS_1012_1_grm_std_uni,1,5.363167762756348,-5.806299686431885,1
OREBA-DIS_1012_1_grm_std_uni,1,5.243128299713135,-5.524872303009033,1
OREBA-DIS_1012_1_grm_std_uni,1,4.613741874694824,-4.927325248718262,1
OREBA-DIS_1012_1_grm_std_uni,1,4.207618236541748,-4.638004779815674,1
OREBA-DIS_1012_1_grm_std_uni,1,3.816765069961548,-4.0745015144348145,1
OREBA-DIS_1012_1_grm_std_uni,1,3.9661035537719727,-4.185652732849121,1
OREBA-DIS_1012_1_grm_std_uni,1,4.632136344909668,-5.052969455718994,1
OREBA-DIS_1012_1_grm_std_uni,1,4.677326202392578,-5.213414192199707,1
OREBA-DIS_1012_1_grm_std_uni,1,5.190834045410156,-5.176417827606201,1
OREBA-DIS_1012_1_grm_std_uni,1,5.552596092224121,-5.576199531555176,1
OREBA-DIS_1012_1_grm_std_uni,1,4.960704326629639,-5.367584705352783,1
OREBA-DIS_1012_1_grm_std_uni,1,5.059686183929443,-5.0417160987854,1
OREBA-DIS_1012_1_grm_std_uni,1,4.77528715133667,-4.984304904937744,1
OREBA-DIS_1012_1_grm_std_uni,1,3.9898321628570557,-3.5340425968170166,1
OREBA-DIS_1012_1_grm_std_uni,1,3.0509562492370605,-2.6446497440338135,1
OREBA-DIS_1012_1_grm_std_uni,1,3.748012065887451,-3.4131922721862793,1
OREBA-DIS_1012_1_grm_std_uni,1,4.110358715057373,-3.713193655014038,1
OREBA-DIS_1012_1_grm_std_uni,1,4.5412445068359375,-3.543313980102539,1
OREBA-DIS_1012_1_grm_std_uni,1,4.37643575668335,-3.414186716079712,1
OREBA-DIS_1012_1_grm_std_uni,1,4.57264518737793,-3.354539155960083,1
OREBA-DIS_1012_1_grm_std_uni,1,4.838691234588623,-3.472410202026367,1
OREBA-DIS_1012_1_grm_std_uni,1,4.871180534362793,-4.0319929122924805,1
OREBA-DIS_1012_1_grm_std_uni,1,4.375454902648926,-3.600696086883545,1
OREBA-DIS_1012_1_grm_std_uni,1,3.9304466247558594,-3.6317875385284424,1
OREBA-DIS_1012_1_grm_std_uni,1,4.235352516174316,-4.115206241607666,1
OREBA-DIS_1012_1_grm_std_uni,1,4.953264236450195,-4.8314948081970215,1
OREBA-DIS_1012_1_grm_std_uni,1,4.823314666748047,-4.801833152770996,1
OREBA-DIS_1012_1_grm_std_uni,1,4.330574989318848,-4.250942230224609,1
OREBA-DIS_1012_1_grm_std_uni,1,4.020176410675049,-4.219600677490234,1
OREBA-DIS_1012_1_grm_std_uni,1,4.248646259307861,-4.426636695861816,1
OREBA-DIS_1012_1_grm_std_uni,1,3.1162381172180176,-3.1079344749450684,1
OREBA-DIS_1012_1_grm_std_uni,1,3.8003602027893066,-3.0400214195251465,1
OREBA-DIS_1012_1_grm_std_uni,1,4.423444747924805,-3.6422057151794434,1
OREBA-DIS_1012_1_grm_std_uni,1,5.292202472686768,-4.584782600402832,1
OREBA-DIS_1012_1_grm_std_uni,1,5.230593681335449,-4.418018817901611,1
OREBA-DIS_1012_1_grm_std_uni,1,4.684488773345947,-4.2899909019470215,1
OREBA-DIS_1012_1_grm_std_uni,1,5.15145206451416,-4.9543890953063965,1
OREBA-DIS_1012_1_grm_std_uni,1,5.835109233856201,-5.488874435424805,1
OREBA-DIS_1012_1_grm_std_uni,1,5.930292129516602,-5.02427864074707,1
OREBA-DIS_1012_1_grm_std_uni,1,5.034780502319336,-3.7976930141448975,1
OREBA-DIS_1012_1_grm_std_uni,1,4.067288398742676,-2.9775166511535645,1
OREBA-DIS_1012_1_grm_std_uni,1,3.5181989669799805,-2.939504623413086,1
OREBA-DIS_1012_1_grm_std_uni,1,3.4893429279327393,-3.7065517902374268,1
OREBA-DIS_1012_1_grm_std_uni,1,4.042636394500732,-4.241414546966553,1
OREBA-DIS_1012_1_grm_std_uni,1,3.519662380218506,-3.624847173690796,1
OREBA-DIS_1012_1_grm_std_uni,2,3.7439301013946533,-3.265395402908325,1
OREBA-DIS_1012_1_grm_std_uni,2,4.511984348297119,-3.1260528564453125,1
OREBA-DIS_1012_1_grm_std_uni,2,4.595378875732422,-3.4591715335845947,1
OREBA-DIS_1012_1_grm_std_uni,2,4.064086437225342,-3.2103452682495117,1
OREBA-DIS_1012_1_grm_std_uni,2,3.920731782913208,-3.173698663711548,1
OREBA-DIS_1012_1_grm_std_uni,2,5.030325889587402,-4.913035869598389,1
OREBA-DIS_1012_1_grm_std_uni,2,6.037821292877197,-6.007493495941162,1
OREBA-DIS_1012_1_grm_std_uni,2,6.58948278427124,-6.473671913146973,1
OREBA-DIS_1012_1_grm_std_uni,2,2.8914527893066406,-4.05150032043457,1
OREBA-DIS_1012_1_grm_std_uni,2,-2.5320324897766113,2.404090404510498,1
OREBA-DIS_1012_1_grm_std_uni,2,-3.603297233581543,3.8073203563690186,2
OREBA-DIS_1012_1_grm_std_uni,2,-1.2158180475234985,0.4551939070224762,1
OREBA-DIS_1012_1_grm_std_uni,2,4.736784934997559,-5.366809368133545,1
OREBA-DIS_1012_1_grm_std_uni,2,7.589974880218506,-7.787569999694824,1
OREBA-DIS_1012_1_grm_std_uni,2,8.09529972076416,-8.595683097839355,1
OREBA-DIS_1012_1_grm_std_uni,2,8.253141403198242,-9.03473949432373,1
OREBA-DIS_1012_1_grm_std_uni,2,8.132784843444824,-9.203075408935547,1
OREBA-DIS_1012_1_grm_std_uni,2,8.134395599365234,-9.369131088256836,1
OREBA-DIS_1012_1_grm_std_uni,1,8.407181739807129,-9.146194458007812,1
OREBA-DIS_1012_1_grm_std_uni,1,9.152687072753906,-9.77723503112793,1
OREBA-DIS_1012_1_grm_std_uni,1,9.12800407409668,-9.728195190429688,1
OREBA-DIS_1012_1_grm_std_uni,1,9.623347282409668,-10.339337348937988,1
OREBA-DIS_1012_1_grm_std_uni,1,9.341731071472168,-10.27788257598877,1
OREBA-DIS_1012_1_grm_std_uni,1,8.27598762512207,-9.488937377929688,1
OREBA-DIS_1012_1_grm_std_uni,1,8.098143577575684,-9.072587013244629,1
OREBA-DIS_1012_1_grm_std_uni,1,8.18467903137207,-8.666935920715332,1
OREBA-DIS_1012_1_grm_std_uni,1,8.051761627197266,-8.528562545776367,1
OREBA-DIS_1012_1_grm_std_uni,1,7.964401721954346,-8.827249526977539,1
OREBA-DIS_1012_1_grm_std_uni,1,7.677222728729248,-8.994545936584473,1
OREBA-DIS_1012_1_grm_std_uni,1,7.190531253814697,-8.819866180419922,1
OREBA-DIS_1012_1_grm_std_uni,1,7.078243255615234,-8.695758819580078,1
OREBA-DIS_1012_1_grm_std_uni,1,7.116930961608887,-8.678961753845215,1
OREBA-DIS_1012_1_grm_std_uni,1,6.579417705535889,-8.546406745910645,1
OREBA-DIS_1012_1_grm_std_uni,1,6.044698238372803,-8.265669822692871,1
OREBA-DIS_1012_1_grm_std_uni,1,6.080073833465576,-8.223143577575684,1
OREBA-DIS_1012_1_grm_std_uni,1,5.7786865234375,-7.610629558563232,1
OREBA-DIS_1012_1_grm_std_uni,1,5.512710094451904,-7.111534595489502,1
OREBA-DIS_1012_1_grm_std_uni,1,6.045065402984619,-7.582923889160156,1
OREBA-DIS_1012_1_grm_std_uni,1,6.401861667633057,-7.676586151123047,1
OREBA-DIS_1012_1_grm_std_uni,1,6.521378993988037,-7.622575759887695,1
OREBA-DIS_1012_1_grm_std_uni,1,6.506609916687012,-7.552094459533691,1
OREBA-DIS_1012_1_grm_std_uni,1,6.643868446350098,-7.576647758483887,1
OREBA-DIS_1012_1_grm_std_uni,1,6.669111251831055,-7.648040294647217,1
OREBA-DIS_1012_1_grm_std_uni,1,6.642434597015381,-7.660666465759277,1
OREBA-DIS_1012_1_grm_std_uni,1,6.463624477386475,-7.625313758850098,1
OREBA-DIS_1012_1_grm_std_uni,1,6.072290420532227,-7.459439754486084,1
OREBA-DIS_1012_1_grm_std_uni,1,5.149158000946045,-6.402617454528809,1
OREBA-DIS_1012_1_grm_std_uni,1,5.036782264709473,-5.998691082000732,1
OREBA-DIS_1012_1_grm_std_uni,1,4.958199977874756,-5.567759990692139,1
OREBA-DIS_1012_1_grm_std_uni,1,5.183042526245117,-5.467892169952393,1
OREBA-DIS_1012_1_grm_std_uni,1,5.053728103637695,-5.035060405731201,1
OREBA-DIS_1012_1_grm_std_uni,1,4.690711975097656,-4.4126763343811035,1
OREBA-DIS_1012_1_grm_std_uni,1,4.770920276641846,-4.671308994293213,1
OREBA-DIS_1012_1_grm_std_uni,1,4.842031478881836,-5.191618919372559,1
OREBA-DIS_1012_1_grm_std_uni,1,4.659728527069092,-5.136066436767578,1
OREBA-DIS_1012_1_grm_std_uni,1,4.709710597991943,-5.062201023101807,1
OREBA-DIS_1012_1_grm_std_uni,1,4.633770942687988,-4.940727233886719,1
OREBA-DIS_1012_1_grm_std_uni,1,4.356892108917236,-4.700562953948975,1
OREBA-DIS_1012_1_grm_std_uni,1,3.452213764190674,-3.9272193908691406,1
OREBA-DIS_1012_1_grm_std_uni,1,3.229789972305298,-4.1837358474731445,1
OREBA-DIS_1012_1_grm_std_uni,1,3.054821491241455,-4.533994674682617,1
OREBA-DIS_1012_1_grm_std_uni,1,2.9002513885498047,-4.664193630218506,1
OREBA-DIS_1012_1_grm_std_uni,1,2.8056371212005615,-4.664074420928955,1
OREBA-DIS_1012_1_grm_std_uni,1,3.0679428577423096,-4.820872783660889,1
OREBA-DIS_1012_1_grm_std_uni,1,3.314822196960449,-4.9428324699401855,1
OREBA-DIS_1012_1_grm_std_uni,1,3.298738479614258,-4.969339370727539,1
OREBA-DIS_1012_1_grm_std_uni,1,3.167276382446289,-4.921956539154053,1
OREBA-DIS_1012_1_grm_std_uni,1,2.449875593185425,-4.119957447052002,1
OREBA-DIS_1012_1_grm_std_uni,1,2.3240184783935547,-4.041777610778809,1
OREBA-DIS_1012_1_grm_std_uni,1,2.505258083343506,-4.3481316566467285,1
OREBA-DIS_1012_1_grm_std_uni,1,2.484978199005127,-4.349329471588135,1
OREBA-DIS_1012_1_grm_std_uni,1,2.5393660068511963,-4.356570243835449,1
OREBA-DIS_1012_1_grm_std_uni,1,2.8595845699310303,-4.618527412414551,1
OREBA-DIS_1012_1_grm_std_uni,1,3.289958953857422,-5.093700885772705,1
OREBA-DIS_1012_1_grm_std_uni,1,3.757174015045166,-5.7722859382629395,1
OREBA-DIS_1012_1_grm_std_uni,1,3.328876256942749,-5.655280590057373,1
OREBA-DIS_1012_1_grm_std_uni,1,2.889007568359375,-5.0602498054504395,1
OREBA-DIS_1012_1_grm_std_uni,1,2.7450785636901855,-4.446843147277832,1
OREBA-DIS_1012_1_grm_std_uni,2,2.751767635345459,-4.066444396972656,1
OREBA-DIS_1012_1_grm_std_uni,2,2.997300624847412,-3.792048454284668,1
OREBA-DIS_1012_1_grm_std_uni,2,3.3844268321990967,-3.787152051925659,1
OREBA-DIS_1012_1_grm_std_uni,2,4.114494323730469,-4.153251647949219,1
OREBA-DIS_1012_1_grm_std_uni,2,5.1281585693359375,-5.186283588409424,1
OREBA-DIS_1012_1_grm_std_uni,2,5.817605972290039,-5.957024574279785,1
OREBA-DIS_1012_1_grm_std_uni,2,5.764629364013672,-6.272750377655029,1
OREBA-DIS_1012_1_grm_std_uni,2,3.6395952701568604,-5.23688268661499,1
OREBA-DIS_1012_1_grm_std_uni,2,-1.8162370920181274,0.8463290333747864,2
OREBA-DIS_1012_1_grm_std_uni,2,-2.8708651065826416,2.600433826446533,1
OREBA-DIS_1012_1_grm_std_uni,2,0.8484988808631897,-1.616014003753662,1
OREBA-DIS_1012_1_grm_std_uni,2,5.549079895019531,-6.62686824798584,1
OREBA-DIS_1012_1_grm_std_uni,2,7.806211948394775,-8.33504867553711,1
OREBA-DIS_1012_1_grm_std_uni,2,8.340665817260742,-8.603448867797852,1
OREBA-DIS_1012_1_grm_std_uni,2,8.468320846557617,-8.598325729370117,1
OREBA-DIS_1012_1_grm_std_uni,2,8.360931396484375,-8.85634708404541,1
OREBA-DIS_1012_1_grm_std_uni,2,9.30789852142334,-9.780999183654785,1
OREBA-DIS_1012_1_grm_std_uni,2,9.862892150878906,-10.252470016479492,1
OREBA-DIS_1012_1_grm_std_uni,1,9.956330299377441,-10.749802589416504,1
OREBA-DIS_1012_1_grm_std_uni,1,9.709929466247559,-10.729721069335938,1
OREBA-DIS_1012_1_grm_std_uni,1,9.840731620788574,-10.432579040527344,1
OREBA-DIS_1012_1_grm_std_uni,1,9.919670104980469,-10.396883964538574,1
OREBA-DIS_1012_1_grm_std_uni,1,9.340502738952637,-9.916144371032715,1
OREBA-DIS_1012_1_grm_std_uni,1,8.869397163391113,-9.600174903869629,1
OREBA-DIS_1012_1_grm_std_uni,1,8.631996154785156,-9.761273384094238,1
OREBA-DIS_1012_1_grm_std_uni,1,8.551544189453125,-9.778362274169922,1
OREBA-DIS_1012_1_grm_std_uni,1,8.45827579498291,-9.576091766357422,1
OREBA-DIS_1012_1_grm_std_uni,1,8.34337043762207,-9.503203392028809,1
OREBA-DIS_1012_1_grm_std_uni,1,8.125051498413086,-9.303791999816895,1
OREBA-DIS_1012_1_grm_std_uni,1,8.163359642028809,-9.545462608337402,1
OREBA-DIS_1012_1_grm_std_uni,1,7.997300624847412,-9.417457580566406,1
OREBA-DIS_1012_1_grm_std_uni,1,7.673593521118164,-9.183721542358398,1
OREBA-DIS_1012_1_grm_std_uni,1,7.492477893829346,-9.04238224029541,1
OREBA-DIS_1012_1_grm_std_uni,1,7.050386905670166,-8.792591094970703,1
OREBA-DIS_1012_1_grm_std_uni,1,6.809234142303467,-8.732324600219727,1
OREBA-DIS_1012_1_grm_std_uni,1,6.629301071166992,-8.586202621459961,1
OREBA-DIS_1012_1_grm_std_uni,1,6.820575714111328,-8.716707229614258,1
OREBA-DIS_1012_1_grm_std_uni,1,6.8624653816223145,-8.614013671875,1
OREBA-DIS_1012_1_grm_std_uni,1,7.010171413421631,-8.386913299560547,1
OREBA-DIS_1012_1_grm_std_uni,1,7.055793285369873,-8.374685287475586,1
OREBA-DIS_1012_1_grm_std_uni,1,7.2006330490112305,-8.378512382507324,1
OREBA-DIS_1012_1_grm_std_uni,1,7.229459762573242,-8.319023132324219,1
OREBA-DIS_1012_1_grm_std_uni,1,7.115283489227295,-8.254230499267578,1
OREBA-DIS_1012_1_grm_std_uni,1,6.456081867218018,-8.163518905639648,1
OREBA-DIS_1012_1_grm_std_uni,1,5.350306034088135,-7.238228797912598,1
OREBA-DIS_1012_1_grm_std_uni,1,4.935544967651367,-6.877284526824951,1
OREBA-DIS_1012_1_grm_std_uni,1,4.621836185455322,-6.453539848327637,1
OREBA-DIS_1012_1_grm_std_uni,1,4.531514644622803,-6.399183750152588,1
OREBA-DIS_1012_1_grm_std_uni,1,4.4616193771362305,-6.361053466796875,1
OREBA-DIS_1012_1_grm_std_uni,1,4.35205078125,-6.207706928253174,1
OREBA-DIS_1012_1_grm_std_uni,1,4.348837375640869,-6.14893102645874,1
OREBA-DIS_1012_1_grm_std_uni,1,4.329647064208984,-6.087664604187012,1
OREBA-DIS_1012_1_grm_std_uni,1,4.334993839263916,-6.068821907043457,1
OREBA-DIS_1012_1_grm_std_uni,1,4.441540718078613,-6.137397766113281,1
OREBA-DIS_1012_1_grm_std_uni,1,4.519644737243652,-6.178205490112305,1
OREBA-DIS_1012_1_grm_std_uni,1,4.5026373863220215,-6.129954814910889,1
OREBA-DIS_1012_1_grm_std_uni,1,4.381059169769287,-6.0068278312683105,1
OREBA-DIS_1012_1_grm_std_uni,1,4.348674297332764,-5.962850570678711,1
OREBA-DIS_1012_1_grm_std_uni,1,4.280679225921631,-5.888197898864746,1
OREBA-DIS_1012_1_grm_std_uni,1,4.347583293914795,-5.9263129234313965,1
OREBA-DIS_1012_1_grm_std_uni,1,4.464612007141113,-6.004497051239014,1
OREBA-DIS_1012_1_grm_std_uni,1,4.4691596031188965,-5.955445289611816,1
OREBA-DIS_1012_1_grm_std_uni,1,4.472477912902832,-5.9813008308410645,1
OREBA-DIS_1012_1_grm_std_uni,1,4.469330787658691,-5.9592671394348145,1
OREBA-DIS_1012_1_grm_std_uni,1,4.484893321990967,-5.976611137390137,1
OREBA-DIS_1012_1_grm_std_uni,1,4.50935173034668,-6.002638339996338,1
OREBA-DIS_1012_1_grm_std_uni,1,4.454537391662598,-5.937019348144531,1
OREBA-DIS_1012_1_grm_std_uni,1,4.379107475280762,-5.889402866363525,1
OREBA-DIS_1012_1_grm_std_uni,1,4.229367256164551,-5.733277797698975,1
OREBA-DIS_1012_1_grm_std_uni,1,4.1454548835754395,-5.700628757476807,1
OREBA-DIS_1012_1_grm_std_uni,1,4.098458290100098,-5.662052154541016,1
OREBA-DIS_1012_1_grm_std_uni,1,4.092596054077148,-5.702130317687988,1
OREBA-DIS_1012_1_grm_std_uni,1,4.066384792327881,-5.6729536056518555,1
OREBA-DIS_1012_1_grm_std_uni,1,3.9802253246307373,-5.6335835456848145,1
OREBA-DIS_1012_1_grm_std_uni,1,3.81718111038208,-5.555253028869629,1
OREBA-DIS_1012_1_grm_std_uni,1,3.6139326095581055,-5.451418399810791,1
OREBA-DIS_1012_1_grm_std_uni,1,3.4324259757995605,-5.327089786529541,1
OREBA-DIS_1012_1_grm_std_uni,1,3.4197444915771484,-5.348923206329346,1
OREBA-DIS_1012_1_grm_std_uni,1,3.4640111923217773,-5.440045356750488,1
OREBA-DIS_1012_1_grm_std_uni,1,3.728569984436035,-5.624269485473633,1
OREBA-DIS_1012_1_grm_std_uni,1,3.8283627033233643,-5.610446929931641,1
OREBA-DIS_1012_1_grm_std_uni,1,3.9404964447021484,-5.619142055511475,1
OREBA-DIS_1012_1_grm_std_uni,1,4.000055313110352,-5.661123275756836,1
OREBA-DIS_1012_1_grm_std_uni,1,4.002525806427002,-5.694987773895264,1
OREBA-DIS_1012_1_grm_std_uni,1,3.8992159366607666,-5.651131629943848,1
OREBA-DIS_1012_1_grm_std_uni,1,3.932448387145996,-5.732604503631592,1
OREBA-DIS_1012_1_grm_std_uni,1,3.82609486579895,-5.622568130493164,1
OREBA-DIS_1012_1_grm_std_uni,1,3.7654528617858887,-5.6528096199035645,1
OREBA-DIS_1012_1_grm_std_uni,1,3.453265428543091,-5.471170902252197,1
OREBA-DIS_1012_1_grm_std_uni,1,3.1358211040496826,-5.297127723693848,1
OREBA-DIS_1012_1_grm_std_uni,1,3.0182557106018066,-5.279973030090332,1
OREBA-DIS_1012_1_grm_std_uni,1,2.8167951107025146,-5.242519855499268,1
OREBA-DIS_1012_1_grm_std_uni,1,2.8425040245056152,-5.390190124511719,1
OREBA-DIS_1012_1_grm_std_uni,1,2.694448232650757,-5.196774959564209,1
OREBA-DIS_1012_1_grm_std_uni,1,2.591641426086426,-5.038498878479004,1
OREBA-DIS_1012_1_grm_std_uni,1,2.669229030609131,-5.256001949310303,1
OREBA-DIS_1012_1_grm_std_uni,1,2.8343286514282227,-5.420780181884766,1
OREBA-DIS_1012_1_grm_std_uni,1,2.9366393089294434,-5.467116832733154,1
OREBA-DIS_1012_1_grm_std_uni,1,2.966282606124878,-5.442593097686768,1
OREBA-DIS_1012_1_grm_std_uni,1,2.9614768028259277,-5.398284912109375,1
OREBA-DIS_1012_1_grm_std_uni,1,2.952815532684326,-5.386768341064453,1
OREBA-DIS_1012_1_grm_std_uni,1,3.167991876602173,-5.570822715759277,1
OREBA-DIS_1012_1_grm_std_uni,1,3.5368125438690186,-6.013214588165283,1
OREBA-DIS_1012_1_grm_std_uni,1,4.154973983764648,-6.826552867889404,1
OREBA-DIS_1012_1_grm_std_uni,1,4.959233283996582,-7.264665126800537,1
OREBA-DIS_1012_1_grm_std_uni,1,5.016900539398193,-7.086206912994385,1
OREBA-DIS_1012_1_grm_std_uni,1,4.175037860870361,-6.492532253265381,1
OREBA-DIS_1012_1_grm_std_uni,1,3.905313730239868,-5.641623020172119,1
OREBA-DIS_1012_1_grm_std_uni,1,4.049848556518555,-5.194447040557861,1
OREBA-DIS_1012_1_grm_std_uni,1,3.721675395965576,-4.64080286026001,1
OREBA-DIS_1012_1_grm_std_uni,1,4.172816753387451,-4.55276346206665,1
OREBA-DIS_1012_1_grm_std_uni,1,4.264633655548096,-4.560070037841797,1
OREBA-DIS_1012_1_grm_std_uni,1,4.713627338409424,-5.293339729309082,1
OREBA-DIS_1012_1_grm_std_uni,1,5.565230369567871,-5.6526103019714355,1
OREBA-DIS_1012_1_grm_std_uni,1,5.511035919189453,-5.27239990234375,1
OREBA-DIS_1012_1_grm_std_uni,1,4.680438995361328,-4.044093132019043,1
OREBA-DIS_1012_1_grm_std_uni,1,4.1194987297058105,-3.218986749649048,1
OREBA-DIS_1012_1_grm_std_uni,1,3.832859516143799,-2.9299533367156982,1
OREBA-DIS_1012_1_grm_std_uni,1,3.720094680786133,-2.976184129714966,1
OREBA-DIS_1012_1_grm_std_uni,1,3.5202338695526123,-2.9190330505371094,1
OREBA-DIS_1012_1_grm_std_uni,1,3.599748373031616,-3.3040149211883545,1
OREBA-DIS_1012_1_grm_std_uni,1,3.777045726776123,-3.673722267150879,1
OREBA-DIS_1012_1_grm_std_uni,1,4.426990032196045,-4.508932113647461,1
OREBA-DIS_1012_1_grm_std_uni,1,4.93707799911499,-4.943274021148682,1
OREBA-DIS_1012_1_grm_std_uni,1,5.269987106323242,-4.643102169036865,1
OREBA-DIS_1012_1_grm_std_uni,1,5.8050537109375,-4.478983402252197,1
OREBA-DIS_1012_1_grm_std_uni,1,5.738076210021973,-4.50225830078125,1
OREBA-DIS_1012_1_grm_std_uni,1,5.364157199859619,-4.357990264892578,1
OREBA-DIS_1012_1_grm_std_uni,1,5.032774448394775,-4.2844085693359375,1
OREBA-DIS_1012_1_grm_std_uni,1,4.8569207191467285,-4.127361297607422,1
OREBA-DIS_1012_1_grm_std_uni,1,5.122115135192871,-3.721662998199463,1
OREBA-DIS_1012_1_grm_std_uni,1,4.018528461456299,-2.5886154174804688,1
OREBA-DIS_1012_1_grm_std_uni,1,4.469369411468506,-3.584834098815918,1
OREBA-DIS_1012_1_grm_std_uni,1,4.99953556060791,-4.42683744430542,1
OREBA-DIS_1012_1_grm_std_uni,1,4.301949977874756,-3.9235763549804688,1
OREBA-DIS_1012_1_grm_std_uni,1,3.8727335929870605,-3.432525396347046,1
OREBA-DIS_1012_1_grm_std_uni,1,3.674914836883545,-3.1552677154541016,1
OREBA-DIS_1012_1_grm_std_uni,1,3.9169557094573975,-3.37920880317688,1
OREBA-DIS_1012_1_grm_std_uni,1,4.997679710388184,-4.918153762817383,1
OREBA-DIS_1012_1_grm_std_uni,1,5.726134777069092,-5.811089515686035,1
OREBA-DIS_1012_1_grm_std_uni,1,5.881072998046875,-6.194250583648682,1
OREBA-DIS_1012_1_grm_std_uni,1,5.293514728546143,-5.6878862380981445,1
OREBA-DIS_1012_1_grm_std_uni,1,5.103451251983643,-5.288355827331543,1
OREBA-DIS_1012_1_grm_std_uni,1,4.981447696685791,-5.193755626678467,1
OREBA-DIS_1012_1_grm_std_uni,1,5.364555835723877,-5.412569999694824,1
OREBA-DIS_1012_1_grm_std_uni,1,5.708978652954102,-5.711055755615234,1
OREBA-DIS_1012_1_grm_std_uni,1,6.152313709259033,-6.232223987579346,1
OREBA-DIS_1012_1_grm_std_uni,1,6.21342658996582,-6.415954113006592,1
OREBA-DIS_1012_1_grm_std_uni,1,6.365772724151611,-6.541553020477295,1
OREBA-DIS_1012_1_grm_std_uni,1,6.4250898361206055,-6.672426700592041,1
OREBA-DIS_1012_1_grm_std_uni,1,6.416286468505859,-6.755114555358887,1
OREBA-DIS_1012_1_grm_std_uni,1,6.203619003295898,-6.7001824378967285,1
OREBA-DIS_1012_1_grm_std_uni,1,6.05735969543457,-6.587670803070068,1
OREBA-DIS_1012_1_grm_std_uni,1,5.881846904754639,-6.452361583709717,1
OREBA-DIS_1012_1_grm_std_uni,1,5.483475685119629,-6.2512922286987305,1
OREBA-DIS_1012_1_grm_std_uni,1,5.378521919250488,-6.188030242919922,1
OREBA-DIS_1012_1_grm_std_uni,1,5.471817970275879,-6.068264961242676,1
OREBA-DIS_1012_1_grm_std_uni,1,5.249385356903076,-5.772641658782959,1
OREBA-DIS_1012_1_grm_std_uni,1,4.897758960723877,-5.336844444274902,1
OREBA-DIS_1012_1_grm_std_uni,1,5.478128910064697,-5.791256904602051,1
OREBA-DIS_1012_1_grm_std_uni,1,5.257507801055908,-5.840646743774414,1
OREBA-DIS_1012_1_grm_std_uni,1,4.705069541931152,-5.6364054679870605,1
OREBA-DIS_1012_1_grm_std_uni,1,2.874626398086548,-4.160050392150879,1
OREBA-DIS_1012_1_grm_std_uni,1,1.697242021560669,-2.5082716941833496,1
OREBA-DIS_1012_1_grm_std_uni,1,2.728015422821045,-3.5375356674194336,1
OREBA-DIS_1012_1_grm_std_uni,1,4.000218391418457,-4.874654769897461,1
OREBA-DIS_1012_1_grm_std_uni,1,4.584554672241211,-5.501957893371582,1
OREBA-DIS_1012_1_grm_std_uni,1,4.864138603210449,-5.941479682922363,1
OREBA-DIS_1012_1_grm_std_uni,1,4.954438209533691,-6.070462226867676,1
OREBA-DIS_1012_1_grm_std_uni,1,4.825685977935791,-6.058953285217285,1
OREBA-DIS_1012_1_grm_std_uni,1,4.693460941314697,-6.067735195159912,1
OREBA-DIS_1012_1_grm_std_uni,1,4.532981872558594,-5.968031406402588,1
OREBA-DIS_1012_1_grm_std_uni,1,4.4177350997924805,-5.791326999664307,1
OREBA-DIS_1012_1_grm_std_uni,1,4.273792743682861,-5.429535865783691,1
OREBA-DIS_1012_1_grm_std_uni,1,3.8480100631713867,-4.921516418457031,1
OREBA-DIS_1012_1_grm_std_uni,1,3.1857287883758545,-4.394725799560547,1
OREBA-DIS_1012_1_grm_std_uni,1,2.6524033546447754,-3.857365131378174,1
OREBA-DIS_1012_1_grm_std_uni,1,3.0209290981292725,-3.878629446029663,1
OREBA-DIS_1012_1_grm_std_uni,1,3.6640212535858154,-4.589427471160889,1
OREBA-DIS_1012_1_grm_std_uni,1,3.7209653854370117,-4.706724643707275,1
OREBA-DIS_1012_1_grm_std_uni,1,3.6613690853118896,-4.647824764251709,1
OREBA-DIS_1012_1_grm_std_uni,1,3.273932933807373,-4.2394633293151855,1
OREBA-DIS_1012_1_grm_std_uni,1,3.4305689334869385,-4.254561901092529,1
OREBA-DIS_1012_1_grm_std_uni,1,3.7878854274749756,-4.716664791107178,1
OREBA-DIS_1012_1_grm_std_uni,1,4.385188102722168,-5.2018723487854,1
OREBA-DIS_1012_1_grm_std_uni,1,4.246391296386719,-4.853867530822754,1
OREBA-DIS_1012_1_grm_std_uni,1,3.312814235687256,-4.265431880950928,1
OREBA-DIS_1012_1_grm_std_uni,1,1.9096803665161133,-3.188120126724243,1
OREBA-DIS_1012_1_grm_std_uni,1,1.2500585317611694,-2.206000804901123,1
OREBA-DIS_1012_1_grm_std_uni,1,1.6332601308822632,-2.4690229892730713,1
OREBA-DIS_1012_1_grm_std_uni,1,2.845926523208618,-3.810419797897339,1
OREBA-DIS_1012_1_grm_std_uni,1,3.114522695541382,-4.198768138885498,1
OREBA-DIS_1012_1_grm_std_uni,1,3.1346209049224854,-4.3148322105407715,1
OREBA-DIS_1012_1_grm_std_uni,1,3.2105185985565186,-4.676192760467529,1
OREBA-DIS_1012_1_grm_std_uni,1,3.018693447113037,-4.682007312774658,1
OREBA-DIS_1012_1_grm_std_uni,1,2.5447826385498047,-4.234368324279785,1
OREBA-DIS_1012_1_grm_std_uni,1,2.5940780639648438,-4.424293041229248,1
OREBA-DIS_1012_1_grm_std_uni,1,2.6140105724334717,-4.4757256507873535,1
OREBA-DIS_1012_1_grm_std_uni,1,2.850132703781128,-4.782956123352051,1
OREBA-DIS_1012_1_grm_std_uni,1,3.2333121299743652,-5.2412919998168945,1
OREBA-DIS_1012_1_grm_std_uni,1,3.4569220542907715,-5.466432094573975,1
OREBA-DIS_1012_1_grm_std_uni,1,3.272260904312134,-4.988739967346191,1
OREBA-DIS_1012_1_grm_std_uni,1,3.22772216796875,-4.79446268081665,1
OREBA-DIS_1012_1_grm_std_uni,1,3.5998871326446533,-4.94371223449707,1
OREBA-DIS_1012_1_grm_std_uni,1,3.019045352935791,-4.298792839050293,1
OREBA-DIS_1012_1_grm_std_uni,1,1.4624855518341064,-2.590329170227051,1
OREBA-DIS_1012_1_grm_std_uni,1,1.4902236461639404,-2.219175338745117,1
OREBA-DIS_1012_1_grm_std_uni,1,2.4413561820983887,-3.100266456604004,1
OREBA-DIS_1012_1_grm_std_uni,1,2.1357131004333496,-2.248382806777954,1
OREBA-DIS_1012_1_grm_std_uni,1,3.307624578475952,-3.370197057723999,1
OREBA-DIS_1012_1_grm_std_uni,1,3.5843472480773926,-2.6004114151000977,1
OREBA-DIS_1012_1_grm_std_uni,1,4.366823196411133,-2.971623182296753,1
OREBA-DIS_1012_1_grm_std_uni,1,4.41143798828125,-3.2886147499084473,1
OREBA-DIS_1012_1_grm_std_uni,1,3.9835944175720215,-3.043793201446533,1
OREBA-DIS_1012_1_grm_std_uni,1,4.642181396484375,-3.516385078430176,1
OREBA-DIS_1012_1_grm_std_uni,1,5.7763872146606445,-3.9373371601104736,1
OREBA-DIS_1012_1_grm_std_uni,1,7.043162822723389,-4.920161724090576,1
OREBA-DIS_1012_1_grm_std_uni,1,7.155420780181885,-5.616214752197266,1
OREBA-DIS_1012_1_grm_std_uni,1,6.846846580505371,-5.7864861488342285,1
OREBA-DIS_1012_1_grm_std_uni,1,6.513815879821777,-5.692132949829102,1
OREBA-DIS_1012_1_grm_std_uni,1,6.155864238739014,-5.6672773361206055,1
OREBA-DIS_1012_1_grm_std_uni,1,5.976456165313721,-5.816338062286377,1
OREBA-DIS_1012_1_grm_std_uni,1,5.660085201263428,-5.91861629486084,1
OREBA-DIS_1012_1_grm_std_uni,1,4.94527530670166,-5.42729377746582,1
OREBA-DIS_1012_1_grm_std_uni,1,5.092581272125244,-5.512633800506592,1
OREBA-DIS_1012_1_grm_std_uni,1,5.400854587554932,-5.726271629333496,1
OREBA-DIS_1012_1_grm_std_uni,1,5.360319137573242,-5.524866580963135,1
OREBA-DIS_1012_1_grm_std_uni,1,4.978590965270996,-5.3527727127075195,1
OREBA-DIS_1012_1_grm_std_uni,1,4.827115535736084,-5.445612907409668,1
OREBA-DIS_1012_1_grm_std_uni,1,5.344187259674072,-6.079124927520752,1
OREBA-DIS_1012_1_grm_std_uni,1,5.267149925231934,-5.787510395050049,1
OREBA-DIS_1012_1_grm_std_uni,1,4.743923187255859,-5.114323139190674,1
OREBA-DIS_1012_1_grm_std_uni,1,4.968019962310791,-4.590977668762207,1
OREBA-DIS_1012_1_grm_std_uni,1,5.558059215545654,-3.8246021270751953,1
OREBA-DIS_1012_1_grm_std_uni,1,5.83489990234375,-3.9035274982452393,1
OREBA-DIS_1012_1_grm_std_uni,1,6.164830684661865,-4.964080333709717,1
OREBA-DIS_1012_1_grm_std_uni,1,5.877308368682861,-5.374995708465576,1
OREBA-DIS_1012_1_grm_std_uni,1,5.171609878540039,-5.079090595245361,1
OREBA-DIS_1012_1_grm_std_uni,1,5.246547698974609,-4.88461971282959,1
OREBA-DIS_1012_1_grm_std_uni,1,4.867456436157227,-4.592074871063232,1
OREBA-DIS_1012_1_grm_std_uni,1,3.3535094261169434,-3.7476093769073486,1
OREBA-DIS_1012_1_grm_std_uni,1,3.0317599773406982,-3.6340813636779785,1
OREBA-DIS_1012_1_grm_std_uni,1,3.769040584564209,-4.524621486663818,1
OREBA-DIS_1012_1_grm_std_uni,1,4.174666881561279,-4.919435977935791,1
OREBA-DIS_1012_1_grm_std_uni,1,4.431721210479736,-4.8667426109313965,1
OREBA-DIS_1012_1_grm_std_uni,1,3.9834022521972656,-3.907475233078003,1
OREBA-DIS_1012_1_grm_std_uni,1,3.826382875442505,-3.0089128017425537,1
OREBA-DIS_1012_1_grm_std_uni,1,4.006004810333252,-2.7210421562194824,1
OREBA-DIS_1012_1_grm_std_uni,1,4.2569990158081055,-3.273435592651367,1
OREBA-DIS_1012_1_grm_std_uni,1,4.361566066741943,-3.7939493656158447,1
OREBA-DIS_1012_1_grm_std_uni,1,4.0902252197265625,-3.3481669425964355,1
OREBA-DIS_1012_1_grm_std_uni,1,3.921978235244751,-3.539952516555786,1
OREBA-DIS_1012_1_grm_std_uni,1,3.0236356258392334,-2.983937978744507,1
OREBA-DIS_1012_1_grm_std_uni,1,2.5567615032196045,-2.8822438716888428,1
OREBA-DIS_1012_1_grm_std_uni,1,3.016998291015625,-2.832768678665161,1
OREBA-DIS_1012_1_grm_std_uni,1,4.433905601501465,-4.057255268096924,1
OREBA-DIS_1012_1_grm_std_uni,1,5.9542388916015625,-5.520180702209473,1
OREBA-DIS_1012_1_grm_std_uni,1,6.120676040649414,-6.111644744873047,1
OREBA-DIS_1012_1_grm_std_uni,1,5.444544315338135,-6.015749931335449,1
OREBA-DIS_1012_1_grm_std_uni,1,4.981626987457275,-5.97723388671875,1
OREBA-DIS_1012_1_grm_std_uni,1,4.173537254333496,-5.48198127746582,1
OREBA-DIS_1012_1_grm_std_uni,1,3.24914813041687,-4.157615661621094,1
OREBA-DIS_1012_1_grm_std_uni,1,2.7124991416931152,-3.3824005126953125,1
OREBA-DIS_1012_1_grm_std_uni,1,3.576077699661255,-3.659914970397949,1
OREBA-DIS_1012_1_grm_std_uni,1,4.725665092468262,-4.564422130584717,1
OREBA-DIS_1012_1_grm_std_uni,1,4.958049774169922,-5.130533695220947,1
OREBA-DIS_1012_1_grm_std_uni,2,4.378983974456787,-4.4627861976623535,1
OREBA-DIS_1012_1_grm_std_uni,2,3.7549142837524414,-3.5308010578155518,1
OREBA-DIS_1012_1_grm_std_uni,2,3.5963282585144043,-3.146033525466919,1
OREBA-DIS_1012_1_grm_std_uni,2,5.021928787231445,-5.259787559509277,1
OREBA-DIS_1012_1_grm_std_uni,2,5.259334564208984,-5.151832103729248,1
OREBA-DIS_1012_1_grm_std_uni,2,5.802556037902832,-5.953202247619629,1
OREBA-DIS_1012_1_grm_std_uni,2,6.38470983505249,-6.578012943267822,1
OREBA-DIS_1012_1_grm_std_uni,2,5.701508522033691,-6.553829669952393,1
OREBA-DIS_1012_1_grm_std_uni,2,-1.458326816558838,-0.07188230752944946,2
OREBA-DIS_1012_1_grm_std_uni,2,-3.856851577758789,3.650965690612793,1
OREBA-DIS_1012_1_grm_std_uni,2,-0.31709372997283936,-0.9868988990783691,1
OREBA-DIS_1012_1_grm_std_uni,2,6.483043193817139,-7.393810272216797,1
OREBA-DIS_1012_1_grm_std_uni,2,7.159390449523926,-8.19829273223877,1
OREBA-DIS_1012_1_grm_std_uni,2,7.824422836303711,-8.514784812927246,1
OREBA-DIS_1012_1_grm_std_uni,2,8.859354019165039,-9.177573204040527,1
OREBA-DIS_1012_1_grm_std_uni,2,9.052946090698242,-9.0035400390625,1
OREBA-DIS_1012_1_grm_std_uni,1,9.408727645874023,-9.334464073181152,1
OREBA-DIS_1012_1_grm_std_uni,1,10.22936725616455,-10.19265079498291,1
OREBA-DIS_1012_1_grm_std_uni,1,10.20778751373291,-10.19018268585205,1
OREBA-DIS_1012_1_grm_std_uni,1,10.369376182556152,-10.087757110595703,1
OREBA-DIS_1012_1_grm_std_uni,1,9.249303817749023,-8.82058048248291,1
OREBA-DIS_1012_1_grm_std_uni,1,7.875311851501465,-7.492816925048828,1
OREBA-DIS_1012_1_grm_std_uni,1,7.115987777709961,-6.931286334991455,1
OREBA-DIS_1012_1_grm_std_uni,1,6.275968551635742,-6.101568698883057,1
OREBA-DIS_1012_1_grm_std_uni,1,5.975054740905762,-5.739121437072754,1
OREBA-DIS_1012_1_grm_std_uni,1,5.887205600738525,-5.623842716217041,1
OREBA-DIS_1012_1_grm_std_uni,1,6.211851596832275,-6.1124162673950195,1
OREBA-DIS_1012_1_grm_std_uni,1,6.435608386993408,-6.600996494293213,1
OREBA-DIS_1012_1_grm_std_uni,1,6.269933223724365,-6.432671070098877,1
OREBA-DIS_1012_1_grm_std_uni,1,6.231021404266357,-6.3075852394104,1
OREBA-DIS_1012_1_grm_std_uni,1,6.3198394775390625,-6.310600280761719,1
OREBA-DIS_1012_1_grm_std_uni,1,6.245271682739258,-6.2804036140441895,1
OREBA-DIS_1012_1_grm_std_uni,1,6.334728240966797,-6.29177188873291,1
OREBA-DIS_1012_1_grm_std_uni,1,6.130818843841553,-6.060595512390137,1
OREBA-DIS_1012_1_grm_std_uni,1,5.617744445800781,-5.753978252410889,1
OREBA-DIS_1012_1_grm_std_uni,1,6.925641059875488,-6.81297492980957,1
OREBA-DIS_1012_1_grm_std_uni,1,6.980501174926758,-6.667551040649414,1
OREBA-DIS_1012_1_grm_std_uni,1,6.759390354156494,-6.4283037185668945,1
OREBA-DIS_1012_1_grm_std_uni,1,6.442793846130371,-6.108442306518555,1
OREBA-DIS_1012_1_grm_std_uni,1,6.259516716003418,-5.724671840667725,1
OREBA-DIS_1012_1_grm_std_uni,1,6.570578098297119,-5.946069717407227,1
OREBA-DIS_1012_1_grm_std_uni,1,7.0361151695251465,-6.317732334136963,1
OREBA-DIS_1012_1_grm_std_uni,1,7.009687900543213,-6.227499008178711,1
OREBA-DIS_1012_1_grm_std_uni,1,6.6247711181640625,-5.985027313232422,1
OREBA-DIS_1012_1_grm_std_uni,1,5.84815788269043,-5.486501216888428,1
OREBA-DIS_1012_1_grm_std_uni,1,5.717698574066162,-5.364915370941162,1
OREBA-DIS_1012_1_grm_std_uni,1,5.575402736663818,-4.760913848876953,1
OREBA-DIS_1012_1_grm_std_uni,1,6.122040271759033,-5.019399642944336,1
OREBA-DIS_1012_1_grm_std_uni,1,6.232735633850098,-5.1680498123168945,1
OREBA-DIS_1012_1_grm_std_uni,1,5.833094596862793,-4.567156791687012,1
OREBA-DIS_1012_1_grm_std_uni,1,5.643853187561035,-4.278262138366699,1
OREBA-DIS_1012_1_grm_std_uni,1,5.4552130699157715,-3.9879119396209717,1
OREBA-DIS_1012_1_grm_std_uni,1,5.138005256652832,-3.633894443511963,1
OREBA-DIS_1012_1_grm_std_uni,1,4.7978620529174805,-3.3030197620391846,1
OREBA-DIS_1012_1_grm_std_uni,1,4.271069526672363,-2.9898667335510254,1
OREBA-DIS_1012_1_grm_std_uni,1,4.532761096954346,-3.5356781482696533,1
OREBA-DIS_1012_1_grm_std_uni,1,3.9003753662109375,-3.1583499908447266,1
OREBA-DIS_1012_1_grm_std_uni,1,4.07457160949707,-3.61993670463562,1
OREBA-DIS_1012_1_grm_std_uni,1,4.055238723754883,-4.17526388168335,1
OREBA-DIS_1012_1_grm_std_uni,1,4.790031433105469,-4.578876972198486,1
OREBA-DIS_1012_1_grm_std_uni,1,5.041745662689209,-4.938368320465088,1
OREBA-DIS_1012_1_grm_std_uni,1,5.0663957595825195,-5.413793087005615,1
OREBA-DIS_1012_1_grm_std_uni,1,4.395391941070557,-4.979190826416016,1
OREBA-DIS_1012_1_grm_std_uni,1,3.384857416152954,-3.9669854640960693,1
OREBA-DIS_1012_1_grm_std_uni,1,3.2641072273254395,-3.808006525039673,1
OREBA-DIS_1012_1_grm_std_uni,1,4.030421733856201,-4.243711471557617,1
OREBA-DIS_1012_1_grm_std_uni,1,4.349123954772949,-4.286174774169922,1
OREBA-DIS_1012_1_grm_std_uni,1,4.0808515548706055,-3.8686232566833496,1
OREBA-DIS_1012_1_grm_std_uni,1,4.431796550750732,-4.020607948303223,1
OREBA-DIS_1012_1_grm_std_uni,1,4.625034809112549,-4.1451897621154785,1
OREBA-DIS_1012_1_grm_std_uni,1,4.608850955963135,-4.46257209777832,1
OREBA-DIS_1012_1_grm_std_uni,1,4.494140625,-4.484846115112305,1
OREBA-DIS_1012_1_grm_std_uni,1,3.81927490234375,-4.376079082489014,1
OREBA-DIS_1012_1_grm_std_uni,1,2.66269850730896,-3.5490896701812744,1
OREBA-DIS_1012_1_grm_std_uni,1,2.3766930103302,-3.202911138534546,1
OREBA-DIS_1012_1_grm_std_uni,1,2.3448102474212646,-2.963141918182373,1
OREBA-DIS_1012_1_grm_std_uni,2,2.096925973892212,-2.553004503250122,1
OREBA-DIS_1012_1_grm_std_uni,2,2.2440593242645264,-2.1755473613739014,1
OREBA-DIS_1012_1_grm_std_uni,2,2.921348810195923,-2.5619492530822754,1
OREBA-DIS_1012_1_grm_std_uni,2,3.3359224796295166,-3.316537857055664,1
OREBA-DIS_1012_1_grm_std_uni,2,3.420964002609253,-3.4096624851226807,1
OREBA-DIS_1012_1_grm_std_uni,2,4.255298614501953,-4.428933620452881,1
OREBA-DIS_1012_1_grm_std_uni,2,5.058121204376221,-5.198153972625732,1
OREBA-DIS_1012_1_grm_std_uni,2,6.014904975891113,-5.897219657897949,1
OREBA-DIS_1012_1_grm_std_uni,2,4.40478515625,-4.961812973022461,1
OREBA-DIS_1012_1_grm_std_uni,2,-1.9057517051696777,1.5412440299987793,1
OREBA-DIS_1012_1_grm_std_uni,2,-3.445873975753784,3.430320978164673,2
OREBA-DIS_1012_1_grm_std_uni,2,-0.6691588759422302,0.2166374921798706,1
OREBA-DIS_1012_1_grm_std_uni,2,4.489396572113037,-5.103390216827393,1
OREBA-DIS_1012_1_grm_std_uni,2,7.171324253082275,-7.77483606338501,1
OREBA-DIS_1012_1_grm_std_uni,2,7.7895965576171875,-8.11180591583252,1
OREBA-DIS_1012_1_grm_std_uni,2,8.123815536499023,-8.483016967773438,1
OREBA-DIS_1012_1_grm_std_uni,2,7.674022674560547,-8.503606796264648,1
OREBA-DIS_1012_1_grm_std_uni,2,8.359707832336426,-9.282886505126953,1
OREBA-DIS_1012_1_grm_std_uni,1,9.393390655517578,-10.062366485595703,1
OREBA-DIS_1012_1_grm_std_uni,1,9.331944465637207,-9.556700706481934,1
OREBA-DIS_1012_1_grm_std_uni,1,8.988486289978027,-9.172127723693848,1
OREBA-DIS_1012_1_grm_std_uni,1,8.847777366638184,-9.453567504882812,1
OREBA-DIS_1012_1_grm_std_uni,1,8.896902084350586,-9.478554725646973,1
OREBA-DIS_1012_1_grm_std_uni,1,8.279650688171387,-9.226592063903809,1
OREBA-DIS_1012_1_grm_std_uni,1,8.334970474243164,-9.525755882263184,1
OREBA-DIS_1012_1_grm_std_uni,1,8.545112609863281,-9.802386283874512,1
OREBA-DIS_1012_1_grm_std_uni,1,8.66476058959961,-9.93238639831543,1
OREBA-DIS_1012_1_grm_std_uni,1,8.666004180908203,-9.878640174865723,1
OREBA-DIS_1012_1_grm_std_uni,1,8.571209907531738,-9.903766632080078,1
OREBA-DIS_1012_1_grm_std_uni,1,8.375456809997559,-9.963271141052246,1
OREBA-DIS_1012_1_grm_std_uni,1,8.237061500549316,-10.057984352111816,1
OREBA-DIS_1012_1_grm_std_uni,1,8.118631362915039,-9.970667839050293,1
OREBA-DIS_1012_1_grm_std_uni,1,8.073651313781738,-9.614789009094238,1
OREBA-DIS_1012_1_grm_std_uni,1,8.004199981689453,-9.13939380645752,1
OREBA-DIS_1012_1_grm_std_uni,1,7.915839672088623,-8.930076599121094,1
OREBA-DIS_1012_1_grm_std_uni,1,7.71547269821167,-8.993768692016602,1
OREBA-DIS_1012_1_grm_std_uni,1,7.316995143890381,-9.092449188232422,1
OREBA-DIS_1012_1_grm_std_uni,1,7.261077404022217,-9.120987892150879,1
OREBA-DIS_1012_1_grm_std_uni,1,6.835045337677002,-8.970135688781738,1
OREBA-DIS_1012_1_grm_std_uni,1,6.57986307144165,-8.612348556518555,1
OREBA-DIS_1012_1_grm_std_uni,1,6.320219039916992,-8.375460624694824,1
OREBA-DIS_1012_1_grm_std_uni,1,6.250327110290527,-8.301472663879395,1
OREBA-DIS_1012_1_grm_std_uni,1,5.992701530456543,-8.208633422851562,1
OREBA-DIS_1012_1_grm_std_uni,1,5.7255401611328125,-7.948211193084717,1
OREBA-DIS_1012_1_grm_std_uni,1,5.179969787597656,-7.294753551483154,1
OREBA-DIS_1012_1_grm_std_uni,1,5.023496627807617,-7.0688347816467285,1
OREBA-DIS_1012_1_grm_std_uni,1,5.238986492156982,-7.467198848724365,1
OREBA-DIS_1012_1_grm_std_uni,1,5.232846736907959,-7.604596138000488,1
OREBA-DIS_1012_1_grm_std_uni,1,5.201796531677246,-7.772146224975586,1
OREBA-DIS_1012_1_grm_std_uni,1,5.050124645233154,-7.518386363983154,1
OREBA-DIS_1012_1_grm_std_uni,1,4.723245143890381,-7.05037784576416,1
OREBA-DIS_1012_1_grm_std_uni,1,4.192457675933838,-6.338157653808594,1
OREBA-DIS_1012_1_grm_std_uni,1,4.447850704193115,-6.117207050323486,1
OREBA-DIS_1012_1_grm_std_uni,1,5.008904457092285,-6.475269794464111,1
OREBA-DIS_1012_1_grm_std_uni,1,5.44537878036499,-6.9467549324035645,1
OREBA-DIS_1012_1_grm_std_uni,1,5.578132629394531,-7.050718307495117,1
OREBA-DIS_1012_1_grm_std_uni,1,5.693020820617676,-7.137353420257568,1
OREBA-DIS_1012_1_grm_std_uni,1,5.695707321166992,-7.143794536590576,1
OREBA-DIS_1012_1_grm_std_uni,1,5.550167083740234,-7.151704788208008,1
OREBA-DIS_1012_1_grm_std_uni,1,5.134322643280029,-7.042721271514893,1
OREBA-DIS_1012_1_grm_std_uni,1,3.8030548095703125,-5.849273681640625,1
OREBA-DIS_1012_1_grm_std_uni,1,3.6036808490753174,-4.901740074157715,1
OREBA-DIS_1012_1_grm_std_uni,1,3.7200183868408203,-4.553987503051758,1
OREBA-DIS_1012_1_grm_std_uni,1,4.809693336486816,-5.7718987464904785,1
OREBA-DIS_1012_1_grm_std_uni,1,5.345876216888428,-6.397202491760254,1
OREBA-DIS_1012_1_grm_std_uni,1,5.193788528442383,-6.12628173828125,1
OREBA-DIS_1012_1_grm_std_uni,1,4.242910385131836,-5.409196376800537,1
OREBA-DIS_1012_1_grm_std_uni,1,4.36275053024292,-5.450395584106445,1
OREBA-DIS_1012_1_grm_std_uni,1,4.750205993652344,-5.7829694747924805,1
OREBA-DIS_1012_1_grm_std_uni,1,4.330305576324463,-5.433226108551025,1
OREBA-DIS_1012_1_grm_std_uni,1,4.519816875457764,-5.336670398712158,1
OREBA-DIS_1012_1_grm_std_uni,1,4.347413063049316,-5.118989944458008,1
OREBA-DIS_1012_1_grm_std_uni,1,4.665882587432861,-4.999636173248291,1
OREBA-DIS_1012_1_grm_std_uni,1,5.0095109939575195,-4.745445251464844,1
OREBA-DIS_1012_1_grm_std_uni,1,5.074625492095947,-4.56057071685791,1
OREBA-DIS_1012_1_grm_std_uni,1,4.640419960021973,-4.320911407470703,1
OREBA-DIS_1012_1_grm_std_uni,1,5.286449432373047,-4.739820957183838,1
OREBA-DIS_1012_1_grm_std_uni,1,5.407590389251709,-4.141940116882324,1
OREBA-DIS_1012_1_grm_std_uni,1,5.361056327819824,-3.66294527053833,1
OREBA-DIS_1012_1_grm_std_uni,1,5.366707801818848,-3.5499956607818604,1
OREBA-DIS_1012_1_grm_std_uni,1,5.448680400848389,-3.807487964630127,1
OREBA-DIS_1012_1_grm_std_uni,1,5.284490585327148,-3.704084634780884,1
OREBA-DIS_1012_1_grm_std_uni,1,5.075987815856934,-3.6495468616485596,1
OREBA-DIS_1012_1_grm_std_uni,1,4.678640842437744,-3.413832187652588,1
OREBA-DIS_1012_1_grm_std_uni,1,4.198850631713867,-3.204469680786133,1
OREBA-DIS_1012_1_grm_std_uni,1,4.3859171867370605,-3.6362295150756836,1
OREBA-DIS_1012_1_grm_std_uni,1,5.207663536071777,-4.431424140930176,1
OREBA-DIS_1012_1_grm_std_uni,1,5.580662727355957,-4.892162799835205,1
OREBA-DIS_1012_1_grm_std_uni,1,5.473923206329346,-4.935488224029541,1
OREBA-DIS_1012_1_grm_std_uni,1,5.433122158050537,-5.038688659667969,1
OREBA-DIS_1012_1_grm_std_uni,1,5.397708892822266,-5.076240539550781,1
OREBA-DIS_1012_1_grm_std_uni,1,5.2561116218566895,-5.11763334274292,1
OREBA-DIS_1012_1_grm_std_uni,1,5.122181415557861,-5.105379581451416,1
OREBA-DIS_1012_1_grm_std_uni,1,4.8265581130981445,-5.158844947814941,1
OREBA-DIS_1012_1_grm_std_uni,1,4.488106727600098,-5.2396626472473145,1
OREBA-DIS_1012_1_grm_std_uni,1,4.194962978363037,-5.311327934265137,1
OREBA-DIS_1012_1_grm_std_uni,1,4.2132248878479,-5.310200214385986,1
OREBA-DIS_1012_1_grm_std_uni,1,4.087462425231934,-5.2929487228393555,1
OREBA-DIS_1012_1_grm_std_uni,1,3.6415610313415527,-5.080399990081787,1
OREBA-DIS_1012_1_grm_std_uni,1,3.0846428871154785,-4.617486476898193,1
OREBA-DIS_1012_1_grm_std_uni,1,2.791219472885132,-4.223506450653076,1
OREBA-DIS_1012_1_grm_std_uni,1,2.553208589553833,-4.023377418518066,1
OREBA-DIS_1012_1_grm_std_uni,1,2.3712055683135986,-4.009784698486328,1
OREBA-DIS_1012_1_grm_std_uni,1,2.334611415863037,-4.078030586242676,1
OREBA-DIS_1012_1_grm_std_uni,1,2.407383918762207,-4.156126022338867,1
OREBA-DIS_1012_1_grm_std_uni,1,2.5346972942352295,-4.230466365814209,1
OREBA-DIS_1012_1_grm_std_uni,1,2.640556812286377,-4.309264183044434,1
OREBA-DIS_1012_1_grm_std_uni,1,2.774468421936035,-4.454081058502197,1
OREBA-DIS_1012_1_grm_std_uni,1,2.8836634159088135,-4.579456806182861,1
OREBA-DIS_1012_1_grm_std_uni,1,2.9180121421813965,-4.654719352722168,1
OREBA-DIS_1012_1_grm_std_uni,1,2.8307454586029053,-4.604007244110107,1
OREBA-DIS_1012_1_grm_std_uni,1,2.831543207168579,-4.598302841186523,1
OREBA-DIS_1012_1_grm_std_uni,1,2.943751335144043,-4.756228446960449,1
OREBA-DIS_1012_1_grm_std_uni,1,3.0158531665802,-4.859684944152832,1
OREBA-DIS_1012_1_grm_std_uni,1,3.0779311656951904,-4.942683696746826,1
OREBA-DIS_1012_1_grm_std_uni,1,3.1507418155670166,-4.97851037979126,1
OREBA-DIS_1012_1_grm_std_uni,1,3.1788973808288574,-4.9483232498168945,1
OREBA-DIS_1012_1_grm_std_uni,1,3.277636766433716,-5.01120662689209,1
OREBA-DIS_1012_1_grm_std_uni,1,3.312389850616455,-5.052728652954102,1
OREBA-DIS_1012_1_grm_std_uni,1,3.269822835922241,-5.06134033203125,1
OREBA-DIS_1012_1_grm_std_uni,1,3.1904823780059814,-5.067714214324951,1
OREBA-DIS_1012_1_grm_std_uni,1,3.0846047401428223,-5.009122848510742,1
OREBA-DIS_1012_1_grm_std_uni,1,3.064957618713379,-5.046520709991455,1
OREBA-DIS_1012_1_grm_std_uni,1,3.0779242515563965,-5.113644599914551,1
OREBA-DIS_1012_1_grm_std_uni,1,3.1146907806396484,-5.199076175689697,1
OREBA-DIS_1012_1_grm_std_uni,1,3.1732776165008545,-5.236495494842529,1
OREBA-DIS_1012_1_grm_std_uni,1,3.2078824043273926,-5.275763988494873,1
OREBA-DIS_1012_1_grm_std_uni,1,3.1525955200195312,-5.229550361633301,1
OREBA-DIS_1012_1_grm_std_uni,1,3.1492726802825928,-5.241737365722656,1
OREBA-DIS_1012_1_grm_std_uni,1,3.236262321472168,-5.297089099884033,1
OREBA-DIS_1012_1_grm_std_uni,1,3.3618481159210205,-5.385918140411377,1
OREBA-DIS_1012_1_grm_std_uni,1,3.4109270572662354,-5.434821128845215,1
OREBA-DIS_1012_1_grm_std_uni,1,3.3446123600006104,-5.39695405960083,1
OREBA-DIS_1012_1_grm_std_uni,1,3.2203967571258545,-5.303470611572266,1
OREBA-DIS_1012_1_grm_std_uni,1,3.243096113204956,-5.348597049713135,1
OREBA-DIS_1012_1_grm_std_uni,1,3.1599583625793457,-5.3216657638549805,1
OREBA-DIS_1012_1_grm_std_uni,1,3.151618719100952,-5.3746747970581055,1
OREBA-DIS_1012_1_grm_std_uni,1,3.3554954528808594,-5.516947269439697,1
OREBA-DIS_1012_1_grm_std_uni,1,3.672151565551758,-5.78666877746582,1
OREBA-DIS_1012_1_grm_std_uni,1,3.4941678047180176,-5.594671726226807,1
OREBA-DIS_1012_1_grm_std_uni,1,2.726125478744507,-5.0727033615112305,1
OREBA-DIS_1012_1_grm_std_uni,1,1.9242491722106934,-4.252891540527344,1
OREBA-DIS_1012_1_grm_std_uni,1,2.361204147338867,-4.26747465133667,1
OREBA-DIS_1012_1_grm_std_uni,1,3.2042951583862305,-4.86962366104126,1
OREBA-DIS_1012_1_grm_std_uni,1,3.411646604537964,-5.219517230987549,1
OREBA-DIS_1012_1_grm_std_uni,1,3.4138009548187256,-5.098989486694336,1
OREBA-DIS_1012_1_grm_std_uni,1,3.704261541366577,-5.539548873901367,1
OREBA-DIS_1012_1_grm_std_uni,1,3.743889570236206,-5.89534854888916,1
OREBA-DIS_1012_1_grm_std_uni,1,3.717731475830078,-5.977352619171143,1
OREBA-DIS_1012_1_grm_std_uni,1,3.822538375854492,-5.9240593910217285,1
OREBA-DIS_1012_1_grm_std_uni,1,4.207067012786865,-6.125667572021484,1
OREBA-DIS_1012_1_grm_std_uni,1,4.215741157531738,-6.1691179275512695,1
OREBA-DIS_1012_1_grm_std_uni,1,4.197563648223877,-6.099166393280029,1
OREBA-DIS_1012_1_grm_std_uni,1,4.473940849304199,-5.950283527374268,1
OREBA-DIS_1012_1_grm_std_uni,1,4.286191940307617,-5.189254283905029,1
OREBA-DIS_1012_1_grm_std_uni,1,4.6567769050598145,-5.89778470993042,1
OREBA-DIS_1012_1_grm_std_uni,1,4.837161540985107,-5.991741180419922,1
OREBA-DIS_1012_1_grm_std_uni,1,4.896389961242676,-5.9227423667907715,1
OREBA-DIS_1012_1_grm_std_uni,1,4.971733093261719,-5.8972392082214355,1
OREBA-DIS_1012_1_grm_std_uni,1,4.796748161315918,-5.583599090576172,1
OREBA-DIS_1012_1_grm_std_uni,1,4.056796550750732,-5.057823181152344,1
OREBA-DIS_1012_1_grm_std_uni,1,3.983246326446533,-4.834053039550781,1
OREBA-DIS_1012_1_grm_std_uni,1,4.243106842041016,-4.823856353759766,1
OREBA-DIS_1012_1_grm_std_uni,1,4.0823822021484375,-4.404258728027344,1
OREBA-DIS_1012_1_grm_std_uni,1,3.6413462162017822,-4.0360426902771,1
OREBA-DIS_1012_1_grm_std_uni,1,4.583057403564453,-4.463091850280762,1
OREBA-DIS_1012_1_grm_std_uni,1,4.8922014236450195,-4.899436950683594,1
OREBA-DIS_1012_1_grm_std_uni,1,3.937709331512451,-4.160710334777832,1
OREBA-DIS_1012_1_grm_std_uni,1,4.287956714630127,-4.016593933105469,1
OREBA-DIS_1012_1_grm_std_uni,1,4.9044904708862305,-4.84028959274292,1
OREBA-DIS_1012_1_grm_std_uni,1,4.516563892364502,-4.6092634201049805,1
OREBA-DIS_1012_1_grm_std_uni,1,3.5177226066589355,-3.7756388187408447,1
OREBA-DIS_1012_1_grm_std_uni,1,4.3411102294921875,-3.856351137161255,1
OREBA-DIS_1012_1_grm_std_uni,1,4.942885398864746,-4.8410868644714355,1
OREBA-DIS_1012_1_grm_std_uni,1,4.020967483520508,-4.159995079040527,1
OREBA-DIS_1012_1_grm_std_uni,1,4.196694850921631,-3.246394157409668,1
OREBA-DIS_1012_1_grm_std_uni,1,4.948277950286865,-3.4459476470947266,1
OREBA-DIS_1012_1_grm_std_uni,1,5.243515491485596,-4.0247979164123535,1
OREBA-DIS_1012_1_grm_std_uni,1,4.321046352386475,-3.2517454624176025,1
OREBA-DIS_1012_1_grm_std_uni,1,4.331232070922852,-2.283782720565796,1
OREBA-DIS_1012_1_grm_std_uni,1,4.304537296295166,-2.6291122436523438,1
OREBA-DIS_1012_1_grm_std_uni,1,4.925255298614502,-3.8930416107177734,1
OREBA-DIS_1012_1_grm_std_uni,1,5.298613548278809,-4.79318904876709,1
OREBA-DIS_1012_1_grm_std_uni,1,5.198734283447266,-4.479723930358887,1
OREBA-DIS_1012_1_grm_std_uni,1,4.503750801086426,-3.981398344039917,1
OREBA-DIS_1012_1_grm_std_uni,1,4.219648838043213,-3.6893038749694824,1
OREBA-DIS_1012_1_grm_std_uni,1,4.531223773956299,-4.102057933807373,1
OREBA-DIS_1012_1_grm_std_uni,1,4.5702996253967285,-4.507586479187012,1
OREBA-DIS_1012_1_grm_std_uni,1,4.085080623626709,-4.48585844039917,1
OREBA-DIS_1012_1_grm_std_uni,1,3.3748703002929688,-4.098567008972168,1
OREBA-DIS_1012_1_grm_std_uni,1,2.8323400020599365,-3.998143196105957,1
OREBA-DIS_1012_1_grm_std_uni,1,2.720066547393799,-4.161044120788574,1
OREBA-DIS_1012_1_grm_std_uni,1,3.13619327545166,-4.967202186584473,1
OREBA-DIS_1012_1_grm_std_uni,1,3.6205272674560547,-5.247940540313721,1
OREBA-DIS_1012_1_grm_std_uni,1,3.721592426300049,-4.812366962432861,1
OREBA-DIS_1012_1_grm_std_uni,1,3.3339972496032715,-4.051694869995117,1
OREBA-DIS_1012_1_grm_std_uni,1,2.8691272735595703,-3.440751791000366,1
OREBA-DIS_1012_1_grm_std_uni,1,2.520437002182007,-2.9055583477020264,1
OREBA-DIS_1012_1_grm_std_uni,1,2.7016942501068115,-3.481459856033325,1
OREBA-DIS_1012_1_grm_std_uni,1,2.5930492877960205,-3.633742570877075,1
OREBA-DIS_1012_1_grm_std_uni,1,2.5060040950775146,-3.8033173084259033,1
OREBA-DIS_1012_1_grm_std_uni,1,2.5206458568573,-3.7905969619750977,1
OREBA-DIS_1012_1_grm_std_uni,1,2.515392780303955,-3.627110242843628,1
OREBA-DIS_1012_1_grm_std_uni,1,2.841968297958374,-4.192301273345947,1
OREBA-DIS_1012_1_grm_std_uni,1,2.8401939868927,-4.297987937927246,1
OREBA-DIS_1012_1_grm_std_uni,1,2.61897611618042,-3.8280935287475586,1
OREBA-DIS_1012_1_grm_std_uni,1,3.3212594985961914,-4.227011203765869,1
OREBA-DIS_1012_1_grm_std_uni,1,4.169047832489014,-5.117351531982422,1
OREBA-DIS_1012_1_grm_std_uni,1,4.595889091491699,-5.719492435455322,1
OREBA-DIS_1012_1_grm_std_uni,1,4.536166191101074,-5.878687858581543,1
OREBA-DIS_1012_1_grm_std_uni,1,4.495283126831055,-5.889224052429199,1
OREBA-DIS_1012_1_grm_std_uni,1,4.419377326965332,-5.832180023193359,1
OREBA-DIS_1012_1_grm_std_uni,1,4.495551109313965,-5.77327299118042,1
OREBA-DIS_1012_1_grm_std_uni,1,4.270187854766846,-5.730632305145264,1
OREBA-DIS_1012_1_grm_std_uni,1,4.193545341491699,-5.680142879486084,1
OREBA-DIS_1012_1_grm_std_uni,1,4.334376335144043,-5.6592698097229,1
OREBA-DIS_1012_1_grm_std_uni,1,4.3021559715271,-5.660574436187744,1
OREBA-DIS_1012_1_grm_std_uni,1,4.212034225463867,-5.658402442932129,1
OREBA-DIS_1012_1_grm_std_uni,1,4.376899719238281,-5.637467861175537,1
OREBA-DIS_1012_1_grm_std_uni,1,4.455225467681885,-5.658677101135254,1
OREBA-DIS_1012_1_grm_std_uni,1,4.243169784545898,-5.6355366706848145,1
OREBA-DIS_1012_1_grm_std_uni,1,3.303149461746216,-4.724546432495117,1
OREBA-DIS_1012_1_grm_std_uni,1,3.1895062923431396,-4.411895751953125,1
OREBA-DIS_1012_1_grm_std_uni,1,3.3185207843780518,-4.638113498687744,1
OREBA-DIS_1012_1_grm_std_uni,1,3.7747271060943604,-5.128248691558838,1
OREBA-DIS_1012_1_grm_std_uni,1,4.090874671936035,-5.552701950073242,1
OREBA-DIS_1012_1_grm_std_uni,1,4.176473617553711,-5.597168445587158,1
OREBA-DIS_1012_1_grm_std_uni,1,4.344269752502441,-5.612794399261475,1
OREBA-DIS_1012_1_grm_std_uni,1,4.597249507904053,-5.82322883605957,1
OREBA-DIS_1012_1_grm_std_uni,1,4.353763580322266,-5.573991298675537,1
OREBA-DIS_1012_1_grm_std_uni,1,3.5019633769989014,-4.82266902923584,1
OREBA-DIS_1012_1_grm_std_uni,1,2.629830837249756,-4.212493419647217,1
OREBA-DIS_1012_1_grm_std_uni,1,2.567243814468384,-3.493703842163086,1
OREBA-DIS_1012_1_grm_std_uni,1,3.0521163940429688,-3.697997808456421,1
OREBA-DIS_1012_1_grm_std_uni,1,3.33217716217041,-4.237868309020996,1
OREBA-DIS_1012_1_grm_std_uni,1,3.4243319034576416,-4.692856311798096,1
OREBA-DIS_1012_1_grm_std_uni,1,3.438422679901123,-4.8836188316345215,1
OREBA-DIS_1012_1_grm_std_uni,1,3.7251124382019043,-5.182554244995117,1
OREBA-DIS_1012_1_grm_std_uni,1,4.313244819641113,-5.89113712310791,1
OREBA-DIS_1012_1_grm_std_uni,1,4.377909183502197,-5.99376106262207,1
OREBA-DIS_1012_1_grm_std_uni,1,4.33038854598999,-5.696096897125244,1
OREBA-DIS_1012_1_grm_std_uni,1,4.669193744659424,-5.890720844268799,1
OREBA-DIS_1012_1_grm_std_uni,1,4.986550331115723,-6.103864669799805,1
OREBA-DIS_1012_1_grm_std_uni,1,3.1439027786254883,-4.692081928253174,1
OREBA-DIS_1012_1_grm_std_uni,1,1.8323066234588623,-3.4404137134552,1
OREBA-DIS_1012_1_grm_std_uni,1,2.4153499603271484,-3.904616355895996,1
OREBA-DIS_1012_1_grm_std_uni,1,3.333277463912964,-4.422932147979736,1
OREBA-DIS_1012_1_grm_std_uni,2,3.534390687942505,-4.580827713012695,1
OREBA-DIS_1012_1_grm_std_uni,2,3.4064629077911377,-4.382115364074707,1
OREBA-DIS_1012_1_grm_std_uni,2,2.216709613800049,-2.7882981300354004,1
OREBA-DIS_1012_1_grm_std_uni,2,1.6232786178588867,-1.650734782218933,1
OREBA-DIS_1012_1_grm_std_uni,2,2.8239004611968994,-3.4891879558563232,1
OREBA-DIS_1012_1_grm_std_uni,2,4.30186128616333,-4.996501922607422,1
OREBA-DIS_1012_1_grm_std_uni,2,5.113110542297363,-5.548905372619629,1
OREBA-DIS_1012_1_grm_std_uni,2,5.186501502990723,-5.699615001678467,1
OREBA-DIS_1012_1_grm_std_uni,2,0.26719239354133606,-1.2605842351913452,1
OREBA-DIS_1012_1_grm_std_uni,2,-4.097380638122559,4.02495813369751,2
OREBA-DIS_1012_1_grm_std_uni,2,-3.448568344116211,3.03460955619812,1
OREBA-DIS_1012_1_grm_std_uni,2,3.200162887573242,-4.465117931365967,1
OREBA-DIS_1012_1_grm_std_uni,2,6.286501884460449,-7.387645244598389,1
OREBA-DIS_1012_1_grm_std_uni,2,7.725867748260498,-8.241275787353516,1
OREBA-DIS_1012_1_grm_std_uni,2,8.169608116149902,-8.694554328918457,1
OREBA-DIS_1012_1_grm_std_uni,2,8.565959930419922,-9.063616752624512,1
OREBA-DIS_1012_1_grm_std_uni,2,8.42723274230957,-8.856226921081543,1
OREBA-DIS_1012_1_grm_std_uni,1,9.047701835632324,-9.514100074768066,1
OREBA-DIS_1012_1_grm_std_uni,1,9.989212036132812,-10.774482727050781,1
OREBA-DIS_1012_1_grm_std_uni,1,9.780704498291016,-10.569488525390625,1
OREBA-DIS_1012_1_grm_std_uni,1,10.159496307373047,-10.880032539367676,1
OREBA-DIS_1012_1_grm_std_uni,1,10.478893280029297,-11.195730209350586,1
OREBA-DIS_1012_1_grm_std_uni,1,10.049142837524414,-10.618816375732422,1
OREBA-DIS_1012_1_grm_std_uni,1,9.581162452697754,-9.727706909179688,1
OREBA-DIS_1012_1_grm_std_uni,1,8.946024894714355,-9.081870079040527,1
OREBA-DIS_1012_1_grm_std_uni,1,8.0745210647583,-8.050983428955078,1
OREBA-DIS_1012_1_grm_std_uni,1,7.534350872039795,-7.284252166748047,1
OREBA-DIS_1012_1_grm_std_uni,1,7.059390068054199,-6.878500938415527,1
OREBA-DIS_1012_1_grm_std_uni,1,6.529710292816162,-6.071125507354736,1
OREBA-DIS_1012_1_grm_std_uni,1,6.367736339569092,-5.9062018394470215,1
OREBA-DIS_1012_1_grm_std_uni,1,6.796782493591309,-6.343961715698242,1
OREBA-DIS_1012_1_grm_std_uni,1,6.670874118804932,-5.962445259094238,1
OREBA-DIS_1012_1_grm_std_uni,1,6.734170913696289,-5.9709014892578125,1
OREBA-DIS_1012_1_grm_std_uni,1,6.8125996589660645,-5.9947733879089355,1
OREBA-DIS_1012_1_grm_std_uni,1,7.0072340965271,-6.4310302734375,1
OREBA-DIS_1012_1_grm_std_uni,1,7.356637001037598,-6.8387579917907715,1
OREBA-DIS_1012_1_grm_std_uni,1,7.222876071929932,-6.77018404006958,1
OREBA-DIS_1012_1_grm_std_uni,1,7.144827842712402,-6.9182515144348145,1
OREBA-DIS_1012_1_grm_std_uni,1,6.690977096557617,-6.644592761993408,1
OREBA-DIS_1012_1_grm_std_uni,1,5.805459976196289,-5.886351585388184,1
OREBA-DIS_1012_1_grm_std_uni,1,4.769332408905029,-5.6415019035339355,1
OREBA-DIS_1012_1_grm_std_uni,1,4.460901260375977,-6.041840076446533,1
OREBA-DIS_1012_1_grm_std_uni,1,4.318329334259033,-6.250926494598389,1
OREBA-DIS_1012_1_grm_std_uni,1,3.790055274963379,-5.916953086853027,1
OREBA-DIS_1012_1_grm_std_uni,1,3.445330858230591,-5.736462593078613,1
OREBA-DIS_1012_1_grm_std_uni,1,3.217437982559204,-5.335144519805908,1
OREBA-DIS_1012_1_grm_std_uni,1,3.7097036838531494,-5.663450241088867,1
OREBA-DIS_1012_1_grm_std_uni,1,4.749914646148682,-6.587157726287842,1
OREBA-DIS_1012_1_grm_std_uni,1,5.002658367156982,-6.069911956787109,1
OREBA-DIS_1012_1_grm_std_uni,1,5.031404972076416,-5.633976459503174,1
OREBA-DIS_1012_1_grm_std_uni,1,5.204116344451904,-6.143539905548096,1
OREBA-DIS_1012_1_grm_std_uni,1,5.344196796417236,-5.690894603729248,1
OREBA-DIS_1012_1_grm_std_uni,1,4.554744720458984,-4.471189975738525,1
OREBA-DIS_1012_1_grm_std_uni,2,4.446025371551514,-4.219123840332031,1
OREBA-DIS_1012_1_grm_std_uni,2,4.960482120513916,-4.988034725189209,1
OREBA-DIS_1012_1_grm_std_uni,2,5.597082614898682,-5.622082233428955,1
OREBA-DIS_1012_1_grm_std_uni,2,6.066218852996826,-5.9741597175598145,1
OREBA-DIS_1012_1_grm_std_uni,2,2.5774898529052734,-3.7891788482666016,1
OREBA-DIS_1012_1_grm_std_uni,2,-3.282367706298828,3.0874624252319336,2
OREBA-DIS_1012_1_grm_std_uni,2,-1.7925572395324707,0.733507513999939,1
OREBA-DIS_1012_1_grm_std_uni,2,3.3452670574188232,-4.500430107116699,1
OREBA-DIS_1012_1_grm_std_uni,2,7.596429347991943,-7.811716556549072,1
OREBA-DIS_1012_1_grm_std_uni,2,8.203417778015137,-8.567489624023438,1
OREBA-DIS_1012_1_grm_std_uni,2,7.847211837768555,-9.01970100402832,1
OREBA-DIS_1012_1_grm_std_uni,2,6.927517414093018,-8.459336280822754,1
OREBA-DIS_1012_1_grm_std_uni,1,6.228391170501709,-7.117741584777832,1
OREBA-DIS_1012_1_grm_std_uni,1,5.103879451751709,-6.723299980163574,1
OREBA-DIS_1012_1_grm_std_uni,1,6.9259257316589355,-8.344080924987793,1
OREBA-DIS_1012_1_grm_std_uni,1,7.909221172332764,-8.560705184936523,1
OREBA-DIS_1012_1_grm_std_uni,1,7.983616828918457,-8.570915222167969,1
OREBA-DIS_1012_1_grm_std_uni,1,8.169358253479004,-8.746880531311035,1
OREBA-DIS_1012_1_grm_std_uni,1,9.02491569519043,-9.424613952636719,1
OREBA-DIS_1012_1_grm_std_uni,1,9.57528018951416,-9.833104133605957,1
OREBA-DIS_1012_1_grm_std_uni,1,9.428117752075195,-9.09807300567627,1
OREBA-DIS_1012_1_grm_std_uni,1,9.87551498413086,-9.55661678314209,1
OREBA-DIS_1012_1_grm_std_uni,1,9.367622375488281,-9.340378761291504,1
OREBA-DIS_1012_1_grm_std_uni,1,9.176154136657715,-9.265802383422852,1
OREBA-DIS_1012_1_grm_std_uni,1,9.19921875,-9.591796875,1
OREBA-DIS_1012_1_grm_std_uni,1,8.392056465148926,-8.703575134277344,1
OREBA-DIS_1012_1_grm_std_uni,1,8.75743293762207,-8.377996444702148,1
OREBA-DIS_1012_1_grm_std_uni,1,9.50912857055664,-8.983502388000488,1
OREBA-DIS_1012_1_grm_std_uni,1,9.59623908996582,-8.572246551513672,1
OREBA-DIS_1012_1_grm_std_uni,1,9.57188606262207,-8.349116325378418,1
OREBA-DIS_1012_1_grm_std_uni,1,9.417569160461426,-8.520615577697754,1
OREBA-DIS_1012_1_grm_std_uni,1,8.885024070739746,-8.190010070800781,1
OREBA-DIS_1012_1_grm_std_uni,1,8.024408340454102,-7.569859027862549,1
OREBA-DIS_1012_1_grm_std_uni,1,7.932424068450928,-7.910400867462158,1
OREBA-DIS_1012_1_grm_std_uni,1,8.329395294189453,-8.688570022583008,1
OREBA-DIS_1012_1_grm_std_uni,1,8.43229866027832,-8.607847213745117,1
OREBA-DIS_1012_1_grm_std_uni,1,8.2374267578125,-8.560347557067871,1
OREBA-DIS_1012_1_grm_std_uni,1,8.518327713012695,-8.976289749145508,1
OREBA-DIS_1012_1_grm_std_uni,1,8.445272445678711,-8.683191299438477,1
OREBA-DIS_1012_1_grm_std_uni,1,8.076902389526367,-7.665035724639893,1
OREBA-DIS_1012_1_grm_std_uni,1,7.913981914520264,-6.754249095916748,1
OREBA-DIS_1012_1_grm_std_uni,1,8.485095977783203,-7.011213302612305,1
OREBA-DIS_1012_1_grm_std_uni,1,8.899439811706543,-7.44453239440918,1
OREBA-DIS_1012_1_grm_std_uni,1,8.60792064666748,-6.848689556121826,1
OREBA-DIS_1012_1_grm_std_uni,1,8.503274917602539,-6.547978401184082,1
OREBA-DIS_1012_1_grm_std_uni,1,8.519854545593262,-6.6337103843688965,1
OREBA-DIS_1012_1_grm_std_uni,1,7.674139499664307,-5.721388816833496,1
OREBA-DIS_1012_1_grm_std_uni,1,7.065727233886719,-5.527125835418701,1
OREBA-DIS_1012_1_grm_std_uni,1,5.940494060516357,-4.974865436553955,1
OREBA-DIS_1012_1_grm_std_uni,1,5.600478172302246,-5.215753555297852,1
OREBA-DIS_1012_1_grm_std_uni,1,5.696563243865967,-5.277284145355225,1
OREBA-DIS_1012_1_grm_std_uni,1,5.5624189376831055,-4.960886478424072,1
OREBA-DIS_1012_1_grm_std_uni,2,5.697909355163574,-4.571503639221191,1
OREBA-DIS_1012_1_grm_std_uni,2,6.012692928314209,-3.825427532196045,1
OREBA-DIS_1012_1_grm_std_uni,2,6.424172401428223,-4.174305438995361,1
OREBA-DIS_1012_1_grm_std_uni,2,6.377047061920166,-4.456009864807129,1
OREBA-DIS_1012_1_grm_std_uni,2,6.241881847381592,-4.902072906494141,1
OREBA-DIS_1012_1_grm_std_uni,2,6.609917640686035,-5.651296138763428,1
OREBA-DIS_1012_1_grm_std_uni,2,7.02930212020874,-6.335001468658447,1
OREBA-DIS_1012_1_grm_std_uni,2,5.674898624420166,-5.546121120452881,1
OREBA-DIS_1012_1_grm_std_uni,2,-1.053105354309082,1.143306016921997,2
OREBA-DIS_1012_1_grm_std_uni,2,-3.8243918418884277,4.129675388336182,1
OREBA-DIS_1012_1_grm_std_uni,2,0.21144996583461761,-1.2396427392959595,1
OREBA-DIS_1012_1_grm_std_uni,2,6.334908485412598,-6.85613489151001,1
OREBA-DIS_1012_1_grm_std_uni,2,7.79695987701416,-8.196141242980957,1
OREBA-DIS_1012_1_grm_std_uni,2,8.250020027160645,-8.685486793518066,1
OREBA-DIS_1012_1_grm_std_uni,1,8.733668327331543,-8.970897674560547,1
OREBA-DIS_1012_1_grm_std_uni,1,9.262635231018066,-8.857088088989258,1
OREBA-DIS_1012_1_grm_std_uni,1,9.084479331970215,-8.386316299438477,1
OREBA-DIS_1012_1_grm_std_uni,1,10.040495872497559,-8.76052188873291,1
OREBA-DIS_1012_1_grm_std_uni,1,10.470412254333496,-9.185379028320312,1
OREBA-DIS_1012_1_grm_std_uni,1,9.994844436645508,-9.089700698852539,1
OREBA-DIS_1012_1_grm_std_uni,1,10.480216026306152,-9.654480934143066,1
OREBA-DIS_1012_1_grm_std_uni,1,10.098943710327148,-9.362616539001465,1
OREBA-DIS_1012_1_grm_std_uni,1,10.033761978149414,-9.304028511047363,1
OREBA-DIS_1012_1_grm_std_uni,1,10.113951683044434,-9.413281440734863,1
OREBA-DIS_1012_1_grm_std_uni,1,9.2916898727417,-8.53152084350586,1
OREBA-DIS_1012_1_grm_std_uni,1,8.41128158569336,-7.558403015136719,1
OREBA-DIS_1012_1_grm_std_uni,1,7.470057487487793,-6.803267002105713,1
OREBA-DIS_1012_1_grm_std_uni,1,6.128642559051514,-5.6200056076049805,1
OREBA-DIS_1012_1_grm_std_uni,1,5.2839837074279785,-5.115941524505615,1
OREBA-DIS_1012_1_grm_std_uni,1,5.642799377441406,-5.555383682250977,1
OREBA-DIS_1012_1_grm_std_uni,2,5.583212852478027,-5.581591606140137,1
OREBA-DIS_1012_1_grm_std_uni,2,5.251434803009033,-5.358236789703369,1
OREBA-DIS_1012_1_grm_std_uni,2,5.071979522705078,-3.8749263286590576,1
OREBA-DIS_1012_1_grm_std_uni,2,5.700689315795898,-4.181589603424072,1
OREBA-DIS_1012_1_grm_std_uni,2,5.804949760437012,-4.579987525939941,1
OREBA-DIS_1012_1_grm_std_uni,2,5.773360729217529,-5.360747337341309,1
OREBA-DIS_1012_1_grm_std_uni,2,5.056863784790039,-5.4409260749816895,1
OREBA-DIS_1012_1_grm_std_uni,2,1.376448154449463,-2.3298327922821045,1
OREBA-DIS_1012_1_grm_std_uni,2,-3.2303638458251953,3.4260404109954834,2
OREBA-DIS_1012_1_grm_std_uni,2,-2.8796465396881104,1.9332729578018188,1
OREBA-DIS_1012_1_grm_std_uni,2,2.1326911449432373,-4.059706211090088,1
OREBA-DIS_1012_1_grm_std_uni,2,5.946245193481445,-7.1865010261535645,1
OREBA-DIS_1012_1_grm_std_uni,2,7.151573657989502,-8.135570526123047,1
OREBA-DIS_1012_1_grm_std_uni,2,7.597541809082031,-8.434462547302246,1
OREBA-DIS_1012_1_grm_std_uni,2,7.921802043914795,-8.580432891845703,1
OREBA-DIS_1012_1_grm_std_uni,1,9.124959945678711,-9.474586486816406,1
OREBA-DIS_1012_1_grm_std_uni,1,9.989359855651855,-10.52461051940918,1
OREBA-DIS_1012_1_grm_std_uni,1,7.788238048553467,-7.911696434020996,1
OREBA-DIS_1012_1_grm_std_uni,1,6.582062244415283,-6.630743026733398,1
OREBA-DIS_1012_1_grm_std_uni,1,7.061954975128174,-7.204391002655029,1
OREBA-DIS_1012_1_grm_std_uni,1,8.212783813476562,-7.937632083892822,1
OREBA-DIS_1012_1_grm_std_uni,1,8.791098594665527,-8.356465339660645,1
OREBA-DIS_1012_1_grm_std_uni,1,8.867895126342773,-8.69775104522705,1
OREBA-DIS_1012_1_grm_std_uni,1,9.687338829040527,-9.240521430969238,1
OREBA-DIS_1012_1_grm_std_uni,1,8.777149200439453,-8.642040252685547,1
OREBA-DIS_1012_1_grm_std_uni,1,7.9578399658203125,-8.310125350952148,1
OREBA-DIS_1012_1_grm_std_uni,1,7.3331708908081055,-7.9065351486206055,1
OREBA-DIS_1012_1_grm_std_uni,1,6.380053997039795,-6.979269504547119,1
OREBA-DIS_1012_1_grm_std_uni,1,6.03481388092041,-6.363303184509277,1
OREBA-DIS_1012_1_grm_std_uni,1,6.721982479095459,-6.284978866577148,1
OREBA-DIS_1012_1_grm_std_uni,1,7.112689018249512,-6.799805164337158,1
OREBA-DIS_1012_1_grm_std_uni,1,8.59893798828125,-8.082195281982422,1
OREBA-DIS_1012_1_grm_std_uni,1,8.463022232055664,-8.174654006958008,1
OREBA-DIS_1012_1_grm_std_uni,1,7.410402774810791,-7.992265701293945,1
OREBA-DIS_1012_1_grm_std_uni,2,6.614517688751221,-7.7645039558410645,1
OREBA-DIS_1012_1_grm_std_uni,2,6.30141544342041,-7.587333679199219,1
OREBA-DIS_1012_1_grm_std_uni,2,5.992502689361572,-7.165721893310547,1
OREBA-DIS_1012_1_grm_std_uni,2,6.0982666015625,-6.212279319763184,1
OREBA-DIS_1012_1_grm_std_uni,2,6.598379135131836,-6.10426664352417,1
OREBA-DIS_1012_1_grm_std_uni,2,6.403957843780518,-5.7807135581970215,1
OREBA-DIS_1012_1_grm_std_uni,2,6.475510120391846,-5.9311017990112305,1
OREBA-DIS_1012_1_grm_std_uni,2,6.812047481536865,-6.481322288513184,1
OREBA-DIS_1012_1_grm_std_uni,2,6.5814080238342285,-6.817249774932861,1
OREBA-DIS_1012_1_grm_std_uni,2,6.772697448730469,-7.350021839141846,1
OREBA-DIS_1012_1_grm_std_uni,2,6.753190517425537,-7.562208652496338,1
OREBA-DIS_1012_1_grm_std_uni,2,6.863417148590088,-7.459282875061035,1
OREBA-DIS_1012_1_grm_std_uni,2,6.878262996673584,-7.3837056159973145,1
OREBA-DIS_1012_1_grm_std_uni,2,6.588018894195557,-7.207779884338379,1
OREBA-DIS_1012_1_grm_std_uni,2,6.507843971252441,-7.231838226318359,1
OREBA-DIS_1012_1_grm_std_uni,2,6.665485382080078,-7.435861110687256,1
OREBA-DIS_1012_1_grm_std_uni,2,6.459736347198486,-7.333209991455078,1
OREBA-DIS_1012_1_grm_std_uni,2,5.811166763305664,-7.073863983154297,1
OREBA-DIS_1012_1_grm_std_uni,2,5.497894287109375,-6.981234073638916,1
OREBA-DIS_1012_1_grm_std_uni,2,4.9939985275268555,-6.620241165161133,1
OREBA-DIS_1012_1_grm_std_uni,2,4.198150634765625,-6.228374481201172,1
OREBA-DIS_1012_1_grm_std_uni,2,4.062463760375977,-6.15771484375,1
OREBA-DIS_1012_1_grm_std_uni,2,3.9904944896698,-6.2196502685546875,1
OREBA-DIS_1012_1_grm_std_uni,2,3.7491185665130615,-6.1178789138793945,1
OREBA-DIS_1012_1_grm_std_uni,2,3.278247833251953,-5.123265266418457,1
OREBA-DIS_1012_1_grm_std_uni,2,2.77750563621521,-4.017496109008789,1
OREBA-DIS_1012_1_grm_std_uni,2,2.880730390548706,-3.998505115509033,1
OREBA-DIS_1012_1_grm_std_uni,2,3.7327165603637695,-4.6790361404418945,1
OREBA-DIS_1012_1_grm_std_uni,2,4.055344581604004,-4.873647689819336,1
OREBA-DIS_1012_1_grm_std_uni,2,4.3935041427612305,-4.950380802154541,1
OREBA-DIS_1012_1_grm_std_uni,2,4.830776691436768,-5.1192307472229,1
OREBA-DIS_1012_1_grm_std_uni,2,4.1090288162231445,-5.318021297454834,1
OREBA-DIS_1012_1_grm_std_uni,2,0.9421855211257935,-3.150890588760376,1
OREBA-DIS_1012_1_grm_std_uni,2,-0.7101208567619324,-0.7472302913665771,2
OREBA-DIS_1012_1_grm_std_uni,1,1.2616381645202637,-1.960039496421814,1
OREBA-DIS_1012_1_grm_std_uni,1,4.514404773712158,-4.471468448638916,1
OREBA-DIS_1012_1_grm_std_uni,1,5.905905246734619,-5.04391622543335,1
OREBA-DIS_1012_1_grm_std_uni,1,6.2613420486450195,-6.080758571624756,1
OREBA-DIS_1012_1_grm_std_uni,1,6.593809604644775,-6.413768291473389,1
OREBA-DIS_1012_1_grm_std_uni,1,7.206474781036377,-6.208775520324707,1
OREBA-DIS_1012_1_grm_std_uni,1,7.909855365753174,-6.448328495025635,1
OREBA-DIS_1012_1_grm_std_uni,1,7.568276405334473,-5.93186616897583,1
OREBA-DIS_1012_1_grm_std_uni,1,7.708098411560059,-5.5204620361328125,1
OREBA-DIS_1012_1_grm_std_uni,1,7.273417949676514,-5.244177341461182,1
OREBA-DIS_1012_1_grm_std_uni,1,7.269066333770752,-6.09200382232666,1
OREBA-DIS_1012_1_grm_std_uni,1,7.051992893218994,-6.013892650604248,1
OREBA-DIS_1012_1_grm_std_uni,1,6.7393999099731445,-5.217413902282715,1
OREBA-DIS_1012_1_grm_std_uni,1,7.774115085601807,-6.470142364501953,1
OREBA-DIS_1012_1_grm_std_uni,1,7.1960954666137695,-6.460759162902832,1
OREBA-DIS_1012_1_grm_std_uni,1,6.806463718414307,-6.316903114318848,1
OREBA-DIS_1012_1_grm_std_uni,1,6.249377250671387,-6.353976726531982,1
OREBA-DIS_1012_1_grm_std_uni,1,5.944036483764648,-6.41646671295166,1
OREBA-DIS_1012_1_grm_std_uni,1,5.8006181716918945,-6.391938209533691,1
OREBA-DIS_1012_1_grm_std_uni,1,5.19373893737793,-5.907547473907471,1
OREBA-DIS_1012_1_grm_std_uni,1,4.690227031707764,-6.146569728851318,1
OREBA-DIS_1012_1_grm_std_uni,1,4.865484714508057,-6.4857587814331055,1
OREBA-DIS_1012_1_grm_std_uni,1,5.0029144287109375,-6.8059539794921875,1
OREBA-DIS_1012_1_grm_std_uni,1,5.610760688781738,-7.2626729011535645,1
OREBA-DIS_1012_1_grm_std_uni,1,6.15163516998291,-7.461427688598633,1
OREBA-DIS_1012_1_grm_std_uni,1,6.419489860534668,-7.791040897369385,1
OREBA-DIS_1012_1_grm_std_uni,1,6.286989688873291,-7.45039701461792,1
OREBA-DIS_1012_1_grm_std_uni,1,5.835840225219727,-7.03655481338501,1
OREBA-DIS_1012_1_grm_std_uni,1,6.473758697509766,-6.983970642089844,1
OREBA-DIS_1012_1_grm_std_uni,1,6.120442867279053,-6.814863681793213,1
OREBA-DIS_1012_1_grm_std_uni,1,5.7286505699157715,-6.738174915313721,1
OREBA-DIS_1012_1_grm_std_uni,1,5.904200553894043,-6.861944675445557,1
OREBA-DIS_1012_1_grm_std_uni,1,5.453616142272949,-6.601828575134277,1
OREBA-DIS_1012_1_grm_std_uni,1,5.092280387878418,-6.269359588623047,1
OREBA-DIS_1012_1_grm_std_uni,1,5.069829940795898,-6.343691825866699,1
OREBA-DIS_1012_1_grm_std_uni,1,5.193212985992432,-6.715185165405273,1
OREBA-DIS_1012_1_grm_std_uni,1,4.9567179679870605,-6.874911308288574,1
OREBA-DIS_1012_1_grm_std_uni,1,4.763565540313721,-6.908017158508301,1
OREBA-DIS_1012_1_grm_std_uni,1,4.8920769691467285,-6.456666946411133,1
OREBA-DIS_1012_1_grm_std_uni,1,5.651623725891113,-6.689898490905762,1
OREBA-DIS_1012_1_grm_std_uni,1,5.488384246826172,-6.575675964355469,1
OREBA-DIS_1012_1_grm_std_uni,1,4.6882405281066895,-5.7921905517578125,1
OREBA-DIS_1012_1_grm_std_uni,1,4.6322197914123535,-5.398521423339844,1
OREBA-DIS_1012_1_grm_std_uni,1,4.411274433135986,-5.0722198486328125,1
OREBA-DIS_1012_1_grm_std_uni,1,4.367085933685303,-4.965364456176758,1
OREBA-DIS_1012_1_grm_std_uni,1,4.6061482429504395,-5.027312278747559,1
OREBA-DIS_1012_1_grm_std_uni,1,5.275871753692627,-5.749998092651367,1
OREBA-DIS_1012_1_grm_std_uni,1,4.991145610809326,-5.725871562957764,1
OREBA-DIS_1012_1_grm_std_uni,1,5.410397529602051,-6.840063095092773,1
OREBA-DIS_1012_1_grm_std_uni,1,3.9878711700439453,-6.664068222045898,1
OREBA-DIS_1012_1_grm_std_uni,1,3.3679397106170654,-5.011041641235352,1
OREBA-DIS_1012_1_grm_std_uni,1,2.787277936935425,-3.9390153884887695,1
OREBA-DIS_1012_1_grm_std_uni,1,3.8499209880828857,-3.883713483810425,1
OREBA-DIS_1012_1_grm_std_uni,1,5.23540735244751,-5.255621433258057,1
OREBA-DIS_1012_1_grm_std_uni,1,6.261719703674316,-5.741242408752441,1
OREBA-DIS_1012_1_grm_std_uni,1,5.82307767868042,-4.99427604675293,1
OREBA-DIS_1012_1_grm_std_uni,1,2.4610207080841064,-2.1055777072906494,1
OREBA-DIS_1012_1_grm_std_uni,1,1.7701210975646973,-1.2238329648971558,1
OREBA-DIS_1012_1_grm_std_uni,1,0.9280412197113037,-0.6925752758979797,1
OREBA-DIS_1012_1_grm_std_uni,1,1.6172386407852173,-0.9405052065849304,1
OREBA-DIS_1012_1_grm_std_uni,1,4.317037582397461,-4.364231109619141,1
OREBA-DIS_1012_1_grm_std_uni,1,6.391470909118652,-6.605959892272949,1
OREBA-DIS_1012_1_grm_std_uni,1,6.395069122314453,-7.781164646148682,1
OREBA-DIS_1012_1_grm_std_uni,1,7.052294731140137,-8.448485374450684,1
OREBA-DIS_1012_1_grm_std_uni,1,7.568270683288574,-8.62021255493164,1
OREBA-DIS_1012_1_grm_std_uni,1,6.148123264312744,-8.300334930419922,1
OREBA-DIS_1012_1_grm_std_uni,1,5.613836765289307,-8.511351585388184,1
OREBA-DIS_1012_1_grm_std_uni,1,5.160298824310303,-8.402491569519043,1
OREBA-DIS_1012_1_grm_std_uni,1,5.061981678009033,-8.00424861907959,1
OREBA-DIS_1012_1_grm_std_uni,1,5.012084007263184,-7.520761013031006,1
OREBA-DIS_1012_1_grm_std_uni,1,5.016820430755615,-7.303445816040039,1
OREBA-DIS_1012_1_grm_std_uni,1,4.731907367706299,-6.877553462982178,1
OREBA-DIS_1012_1_grm_std_uni,1,4.793466091156006,-6.994168281555176,1
OREBA-DIS_1012_1_grm_std_uni,1,4.804832458496094,-6.96918249130249,1
OREBA-DIS_1012_1_grm_std_uni,1,4.664907932281494,-6.773987770080566,1
OREBA-DIS_1012_1_grm_std_uni,1,4.643895626068115,-6.684030055999756,1
OREBA-DIS_1012_1_grm_std_uni,1,4.723754405975342,-6.7452898025512695,1
OREBA-DIS_1012_1_grm_std_uni,1,4.655541896820068,-6.833596706390381,1
OREBA-DIS_1012_1_grm_std_uni,1,4.58758544921875,-6.742793083190918,1
OREBA-DIS_1012_1_grm_std_uni,1,4.676197528839111,-6.733925819396973,1
OREBA-DIS_1012_1_grm_std_uni,1,4.77561092376709,-6.699473857879639,1
OREBA-DIS_1012_1_grm_std_uni,1,4.924012184143066,-6.674211025238037,1
OREBA-DIS_1012_1_grm_std_uni,1,5.116416931152344,-6.666069030761719,1
OREBA-DIS_1012_1_grm_std_uni,1,5.1998772621154785,-6.700867176055908,1
OREBA-DIS_1012_1_grm_std_uni,1,5.290858745574951,-6.691061973571777,1
OREBA-DIS_1012_1_grm_std_uni,1,5.879818439483643,-7.267526149749756,1
OREBA-DIS_1012_1_grm_std_uni,1,5.85682487487793,-7.436168670654297,1
OREBA-DIS_1012_1_grm_std_uni,1,5.444189071655273,-7.0442633628845215,1
OREBA-DIS_1012_1_grm_std_uni,1,5.521135330200195,-5.741072177886963,1
OREBA-DIS_1012_1_grm_std_uni,1,6.355830192565918,-6.027099132537842,1
OREBA-DIS_1012_1_grm_std_uni,1,6.446512222290039,-6.723795413970947,1
OREBA-DIS_1012_1_grm_std_uni,1,6.224825382232666,-7.340837001800537,1
OREBA-DIS_1012_1_grm_std_uni,1,5.745280742645264,-7.144308090209961,1
OREBA-DIS_1012_1_grm_std_uni,1,5.370224475860596,-6.440436363220215,1
OREBA-DIS_1012_1_grm_std_uni,1,4.677340507507324,-5.3256425857543945,1
OREBA-DIS_1012_1_grm_std_uni,1,4.883453845977783,-6.031184673309326,1
OREBA-DIS_1012_1_grm_std_uni,1,4.740237712860107,-6.8986496925354,1
OREBA-DIS_1012_1_grm_std_uni,1,4.6408467292785645,-6.3982038497924805,1
OREBA-DIS_1012_1_grm_std_uni,2,4.917100429534912,-5.709824085235596,1
OREBA-DIS_1012_1_grm_std_uni,2,5.110988616943359,-5.379266738891602,1
OREBA-DIS_1012_1_grm_std_uni,2,5.4713873863220215,-4.881239414215088,1
OREBA-DIS_1012_1_grm_std_uni,2,5.9757184982299805,-5.347825050354004,1
OREBA-DIS_1012_1_grm_std_uni,2,6.602639675140381,-6.275077819824219,1
OREBA-DIS_1012_1_grm_std_uni,2,6.877597808837891,-6.683932781219482,1
OREBA-DIS_1012_1_grm_std_uni,2,6.970451831817627,-6.73281717300415,1
OREBA-DIS_1012_1_grm_std_uni,2,6.694980144500732,-6.741185665130615,1
OREBA-DIS_1012_1_grm_std_uni,2,6.6688456535339355,-6.6477370262146,1
OREBA-DIS_1012_1_grm_std_uni,2,6.7295355796813965,-7.163026809692383,1
OREBA-DIS_1012_1_grm_std_uni,2,6.7922773361206055,-7.463637351989746,1
OREBA-DIS_1012_1_grm_std_uni,2,6.603737831115723,-7.395086288452148,1
OREBA-DIS_1012_1_grm_std_uni,2,6.145089626312256,-7.170923233032227,1
OREBA-DIS_1012_1_grm_std_uni,2,5.7965779304504395,-7.004518508911133,1
OREBA-DIS_1012_1_grm_std_uni,2,5.499200820922852,-6.891450881958008,1
OREBA-DIS_1012_1_grm_std_uni,2,4.969927787780762,-6.661574363708496,1
OREBA-DIS_1012_1_grm_std_uni,2,3.981553077697754,-5.594396591186523,1
OREBA-DIS_1012_1_grm_std_uni,2,4.485323905944824,-5.837880611419678,1
OREBA-DIS_1012_1_grm_std_uni,2,5.326712608337402,-6.795284748077393,1
OREBA-DIS_1012_1_grm_std_uni,2,4.996726036071777,-6.585482597351074,1
OREBA-DIS_1012_1_grm_std_uni,2,4.018791675567627,-5.829723358154297,1
OREBA-DIS_1012_1_grm_std_uni,2,1.7766594886779785,-3.010556936264038,1
OREBA-DIS_1012_1_grm_std_uni,2,-1.3851341009140015,0.5098735094070435,1
OREBA-DIS_1012_1_grm_std_uni,2,-1.5348169803619385,0.6131746768951416,2
OREBA-DIS_1012_1_grm_std_uni,2,-0.39817944169044495,-0.6181354522705078,1
OREBA-DIS_1012_1_grm_std_uni,2,1.9823957681655884,-2.997816324234009,1
OREBA-DIS_1012_1_grm_std_uni,2,4.625941276550293,-5.663219451904297,1
OREBA-DIS_1012_1_grm_std_uni,2,5.645845413208008,-6.510301113128662,1
OREBA-DIS_1012_1_grm_std_uni,2,6.439204692840576,-6.749922275543213,1
OREBA-DIS_1012_1_grm_std_uni,2,7.587018013000488,-8.023309707641602,1
OREBA-DIS_1012_1_grm_std_uni,2,7.433961868286133,-8.783732414245605,1
OREBA-DIS_1012_1_grm_std_uni,2,6.8786396980285645,-8.673097610473633,1
OREBA-DIS_1012_1_grm_std_uni,1,6.654181003570557,-8.589792251586914,1
OREBA-DIS_1012_1_grm_std_uni,1,6.6231465339660645,-8.580574989318848,1
OREBA-DIS_1012_1_grm_std_uni,1,6.588798522949219,-8.481003761291504,1
OREBA-DIS_1012_1_grm_std_uni,1,6.433371543884277,-8.59686279296875,1
OREBA-DIS_1012_1_grm_std_uni,1,6.4708428382873535,-8.672607421875,1
OREBA-DIS_1012_1_grm_std_uni,1,5.822484493255615,-7.684191703796387,1
OREBA-DIS_1012_1_grm_std_uni,1,5.7253570556640625,-7.5964741706848145,1
OREBA-DIS_1012_1_grm_std_uni,1,5.84018611907959,-7.932153224945068,1
OREBA-DIS_1012_1_grm_std_uni,1,6.501870155334473,-8.343714714050293,1
OREBA-DIS_1012_1_grm_std_uni,1,7.0036115646362305,-8.537311553955078,1
OREBA-DIS_1012_1_grm_std_uni,1,7.050200462341309,-8.565407752990723,1
OREBA-DIS_1012_1_grm_std_uni,1,7.2053303718566895,-8.519543647766113,1
OREBA-DIS_1012_1_grm_std_uni,1,7.373491287231445,-8.393670082092285,1
OREBA-DIS_1012_1_grm_std_uni,1,6.467278480529785,-7.813488483428955,1
OREBA-DIS_1012_1_grm_std_uni,1,5.490768909454346,-7.162020206451416,1
OREBA-DIS_1012_1_grm_std_uni,1,5.304652214050293,-7.41937255859375,1
OREBA-DIS_1012_1_grm_std_uni,1,5.565899848937988,-7.679324150085449,1
OREBA-DIS_1012_1_grm_std_uni,1,5.356450080871582,-7.2983527183532715,1
OREBA-DIS_1012_1_grm_std_uni,1,5.186751365661621,-7.156365394592285,1
OREBA-DIS_1012_1_grm_std_uni,1,4.718960285186768,-6.9463348388671875,1
OREBA-DIS_1012_1_grm_std_uni,1,4.143626689910889,-6.5544352531433105,1
OREBA-DIS_1012_1_grm_std_uni,1,4.003381252288818,-6.270890235900879,1
OREBA-DIS_1012_1_grm_std_uni,1,4.255550861358643,-6.5730390548706055,1
OREBA-DIS_1012_1_grm_std_uni,1,4.315371513366699,-6.718225002288818,1
OREBA-DIS_1012_1_grm_std_uni,1,4.666485786437988,-7.042840003967285,1
OREBA-DIS_1012_1_grm_std_uni,1,4.495715618133545,-6.956840991973877,1
OREBA-DIS_1012_1_grm_std_uni,1,4.2618513107299805,-6.879429817199707,1
OREBA-DIS_1012_1_grm_std_uni,1,4.23114538192749,-6.702513217926025,1
OREBA-DIS_1012_1_grm_std_uni,1,4.305972099304199,-6.678736209869385,1
OREBA-DIS_1012_1_grm_std_uni,1,4.323064804077148,-6.660617828369141,1
OREBA-DIS_1012_1_grm_std_uni,1,4.147892951965332,-6.493766784667969,1
OREBA-DIS_1012_1_grm_std_uni,1,3.941049337387085,-6.396989345550537,1
OREBA-DIS_1012_1_grm_std_uni,1,3.9355452060699463,-6.350605010986328,1
OREBA-DIS_1012_1_grm_std_uni,1,3.9467740058898926,-6.430337905883789,1
OREBA-DIS_1012_1_grm_std_uni,1,3.9942028522491455,-6.393453598022461,1
OREBA-DIS_1012_1_grm_std_uni,1,4.022212028503418,-6.424675941467285,1
OREBA-DIS_1012_1_grm_std_uni,1,3.9152660369873047,-6.414673328399658,1
OREBA-DIS_1012_1_grm_std_uni,1,3.7406516075134277,-6.294970512390137,1
OREBA-DIS_1012_1_grm_std_uni,1,3.518845319747925,-5.92946195602417,1
OREBA-DIS_1012_1_grm_std_uni,1,3.4711716175079346,-5.895228862762451,1
OREBA-DIS_1012_1_grm_std_uni,1,3.38645339012146,-5.86696195602417,1
OREBA-DIS_1012_1_grm_std_uni,1,3.4991743564605713,-6.045330047607422,1
OREBA-DIS_1012_1_grm_std_uni,1,3.574517250061035,-6.195522308349609,1
OREBA-DIS_1012_1_grm_std_uni,1,3.5888562202453613,-6.212976932525635,1
OREBA-DIS_1012_1_grm_std_uni,1,3.7077877521514893,-6.24015474319458,1
OREBA-DIS_1012_1_grm_std_uni,1,3.8088862895965576,-6.267435550689697,1
OREBA-DIS_1012_1_grm_std_uni,1,3.8539485931396484,-6.263115882873535,1
OREBA-DIS_1012_1_grm_std_uni,1,3.9156088829040527,-6.271732330322266,1
OREBA-DIS_1012_1_grm_std_uni,1,3.928076982498169,-6.27066707611084,1
OREBA-DIS_1012_1_grm_std_uni,1,3.9584836959838867,-6.292788028717041,1
OREBA-DIS_1012_1_grm_std_uni,1,3.9881129264831543,-6.306834697723389,1
OREBA-DIS_1012_1_grm_std_uni,1,4.023196697235107,-6.306225776672363,1
OREBA-DIS_1012_1_grm_std_uni,1,4.022677421569824,-6.301957130432129,1
OREBA-DIS_1012_1_grm_std_uni,1,3.9953486919403076,-6.2871413230896,1
OREBA-DIS_1012_1_grm_std_uni,1,3.9785850048065186,-6.276610374450684,1
OREBA-DIS_1012_1_grm_std_uni,1,3.958444833755493,-6.254055500030518,1
OREBA-DIS_1012_1_grm_std_uni,1,3.9543707370758057,-6.278791427612305,1
OREBA-DIS_1012_1_grm_std_uni,1,3.952116012573242,-6.288381099700928,1
OREBA-DIS_1012_1_grm_std_uni,1,3.943732976913452,-6.296164512634277,1
OREBA-DIS_1012_1_grm_std_uni,1,3.964148759841919,-6.292767524719238,1
OREBA-DIS_1012_1_grm_std_uni,1,3.964805841445923,-6.2971625328063965,1
OREBA-DIS_1012_1_grm_std_uni,1,3.9906022548675537,-6.298701286315918,1
OREBA-DIS_1012_1_grm_std_uni,1,4.130202770233154,-6.346685886383057,1
OREBA-DIS_1012_1_grm_std_uni,1,4.095139503479004,-6.35278844833374,1
OREBA-DIS_1012_1_grm_std_uni,1,4.181113243103027,-6.5961151123046875,1
OREBA-DIS_1012_1_grm_std_uni,1,4.637004852294922,-7.33161735534668,1
OREBA-DIS_1012_1_grm_std_uni,1,4.499821662902832,-7.042751789093018,1
OREBA-DIS_1012_1_grm_std_uni,1,4.2362189292907715,-5.286869525909424,1
OREBA-DIS_1012_1_grm_std_uni,1,4.270132064819336,-4.850804328918457,1
OREBA-DIS_1012_1_grm_std_uni,1,4.216691970825195,-5.486371994018555,1
OREBA-DIS_1012_1_grm_std_uni,1,5.0044097900390625,-6.668694972991943,1
OREBA-DIS_1012_1_grm_std_uni,1,4.9947733879089355,-6.602938175201416,1
OREBA-DIS_1012_1_grm_std_uni,1,4.783445835113525,-6.566120624542236,1
OREBA-DIS_1012_1_grm_std_uni,1,3.9963114261627197,-5.915859222412109,1
OREBA-DIS_1012_1_grm_std_uni,1,3.4246695041656494,-5.573057174682617,1
OREBA-DIS_1012_1_grm_std_uni,1,3.634511947631836,-5.941288471221924,1
OREBA-DIS_1012_1_grm_std_uni,1,3.823504686355591,-6.1168742179870605,1
OREBA-DIS_1012_1_grm_std_uni,1,3.552284002304077,-5.9092817306518555,1
OREBA-DIS_1012_1_grm_std_uni,1,3.2931456565856934,-5.636035442352295,1
OREBA-DIS_1012_1_grm_std_uni,1,3.2524120807647705,-5.4945149421691895,1
OREBA-DIS_1012_1_grm_std_uni,1,3.276491641998291,-5.4891276359558105,1
OREBA-DIS_1012_1_grm_std_uni,1,3.348828077316284,-5.598246097564697,1
OREBA-DIS_1012_1_grm_std_uni,1,3.315812826156616,-5.570349216461182,1
OREBA-DIS_1012_1_grm_std_uni,1,3.0795154571533203,-5.415614604949951,1
OREBA-DIS_1012_1_grm_std_uni,1,3.0286624431610107,-5.403379440307617,1
OREBA-DIS_1012_1_grm_std_uni,1,3.2147035598754883,-5.60233211517334,1
OREBA-DIS_1012_1_grm_std_uni,1,3.353377103805542,-5.701732635498047,1
OREBA-DIS_1012_1_grm_std_uni,1,3.2692410945892334,-5.561740398406982,1
OREBA-DIS_1012_1_grm_std_uni,1,3.1591796875,-5.319314956665039,1
OREBA-DIS_1012_1_grm_std_uni,1,3.052921772003174,-5.274543285369873,1
OREBA-DIS_1012_1_grm_std_uni,1,3.0941567420959473,-5.453466415405273,1
OREBA-DIS_1012_1_grm_std_uni,1,3.0549697875976562,-5.535859107971191,1
OREBA-DIS_1012_1_grm_std_uni,1,2.8310165405273438,-5.363272666931152,1
OREBA-DIS_1012_1_grm_std_uni,1,2.5464298725128174,-4.997321128845215,1
OREBA-DIS_1012_1_grm_std_uni,1,2.4513564109802246,-4.707569122314453,1
OREBA-DIS_1012_1_grm_std_uni,1,2.4062042236328125,-4.203307628631592,1
OREBA-DIS_1012_1_grm_std_uni,1,2.195255756378174,-3.795084238052368,1
OREBA-DIS_1012_1_grm_std_uni,1,2.325747489929199,-4.03894567489624,1
OREBA-DIS_1012_1_grm_std_uni,1,2.1606569290161133,-4.147347927093506,1
OREBA-DIS_1012_1_grm_std_uni,1,1.9732041358947754,-4.1294474601745605,1
OREBA-DIS_1012_1_grm_std_uni,1,2.1698079109191895,-4.717379093170166,1
OREBA-DIS_1012_1_grm_std_uni,1,2.6886916160583496,-5.212737560272217,1
OREBA-DIS_1012_1_grm_std_uni,1,2.941751718521118,-5.35291862487793,1
OREBA-DIS_1012_1_grm_std_uni,1,2.8783562183380127,-5.381099224090576,1
OREBA-DIS_1012_1_grm_std_uni,1,3.0999412536621094,-5.710092067718506,1
OREBA-DIS_1012_1_grm_std_uni,1,2.9540696144104004,-5.011277198791504,1
OREBA-DIS_1012_1_grm_std_uni,1,3.071347236633301,-4.2212090492248535,1
OREBA-DIS_1012_1_grm_std_uni,1,3.4332287311553955,-3.4686057567596436,1
OREBA-DIS_1012_1_grm_std_uni,1,3.06813907623291,-2.4476277828216553,1
OREBA-DIS_1012_1_grm_std_uni,1,3.7506096363067627,-2.7238824367523193,1
