Clemson-DND_p309_c1_grm_std_uni,1,0.7487327456474304,-0.501695454120636,1
Clemson-DND_p309_c1_grm_std_uni,1,0.9689233303070068,-0.8279252052307129,1
Clemson-DND_p309_c1_grm_std_uni,1,1.681265950202942,-1.7203030586242676,1
Clemson-DND_p309_c1_grm_std_uni,1,2.2882189750671387,-2.3280110359191895,1
Clemson-DND_p309_c1_grm_std_uni,1,2.715332508087158,-2.692971706390381,1
Clemson-DND_p309_c1_grm_std_uni,1,3.0461339950561523,-2.8371572494506836,1
Clemson-DND_p309_c1_grm_std_uni,1,3.276127338409424,-2.8323159217834473,1
Clemson-DND_p309_c1_grm_std_uni,1,3.2043075561523438,-2.7295079231262207,1
Clemson-DND_p309_c1_grm_std_uni,1,2.7915964126586914,-2.5276129245758057,1
Clemson-DND_p309_c1_grm_std_uni,1,2.46224045753479,-2.398054599761963,1
Clemson-DND_p309_c1_grm_std_uni,1,2.345104694366455,-2.40936017036438,1
Clemson-DND_p309_c1_grm_std_uni,1,2.253889799118042,-2.349173069000244,1
Clemson-DND_p309_c1_grm_std_uni,1,2.31522536277771,-2.40948224067688,1
Clemson-DND_p309_c1_grm_std_uni,1,2.4572689533233643,-2.587247133255005,1
Clemson-DND_p309_c1_grm_std_uni,1,2.689141273498535,-3.024345874786377,1
Clemson-DND_p309_c1_grm_std_uni,1,2.99367356300354,-3.3840935230255127,1
Clemson-DND_p309_c1_grm_std_uni,1,3.1400861740112305,-3.5356502532958984,1
Clemson-DND_p309_c1_grm_std_uni,1,3.112443447113037,-3.522007703781128,1
Clemson-DND_p309_c1_grm_std_uni,1,3.0319535732269287,-3.4066145420074463,1
Clemson-DND_p309_c1_grm_std_uni,1,2.9651458263397217,-3.313875675201416,1
Clemson-DND_p309_c1_grm_std_uni,1,3.0659091472625732,-3.349308967590332,1
Clemson-DND_p309_c1_grm_std_uni,1,2.9273202419281006,-3.248577833175659,1
Clemson-DND_p309_c1_grm_std_uni,1,2.829390525817871,-3.173147201538086,1
Clemson-DND_p309_c1_grm_std_uni,1,2.945676565170288,-3.301023483276367,1
Clemson-DND_p309_c1_grm_std_uni,1,2.9616658687591553,-3.317408800125122,1
Clemson-DND_p309_c1_grm_std_uni,1,2.9684829711914062,-3.3046610355377197,1
Clemson-DND_p309_c1_grm_std_uni,1,3.0157973766326904,-3.371901512145996,1
Clemson-DND_p309_c1_grm_std_uni,1,2.9560623168945312,-3.341355085372925,1
Clemson-DND_p309_c1_grm_std_uni,1,2.9869019985198975,-3.356675624847412,1
Clemson-DND_p309_c1_grm_std_uni,1,3.0506656169891357,-3.3666725158691406,1
Clemson-DND_p309_c1_grm_std_uni,1,3.038459300994873,-3.3966972827911377,1
Clemson-DND_p309_c1_grm_std_uni,1,2.9555306434631348,-3.3411765098571777,1
Clemson-DND_p309_c1_grm_std_uni,1,3.103870153427124,-3.4542016983032227,1
Clemson-DND_p309_c1_grm_std_uni,1,3.0821402072906494,-3.3957622051239014,1
Clemson-DND_p309_c1_grm_std_uni,1,3.136334180831909,-3.4270169734954834,1
Clemson-DND_p309_c1_grm_std_uni,1,3.3261544704437256,-3.534688711166382,1
Clemson-DND_p309_c1_grm_std_uni,1,3.2867538928985596,-3.5110790729522705,1
Clemson-DND_p309_c1_grm_std_uni,1,3.088315725326538,-3.404130697250366,1
Clemson-DND_p309_c1_grm_std_uni,1,2.90450119972229,-3.270224094390869,1
Clemson-DND_p309_c1_grm_std_uni,1,3.0069210529327393,-3.3889222145080566,1
Clemson-DND_p309_c1_grm_std_uni,1,3.166492462158203,-3.533785104751587,1
Clemson-DND_p309_c1_grm_std_uni,1,3.449054479598999,-3.7502379417419434,1
Clemson-DND_p309_c1_grm_std_uni,1,3.3763864040374756,-3.7294654846191406,1
Clemson-DND_p309_c1_grm_std_uni,1,3.0575835704803467,-3.53774094581604,1
Clemson-DND_p309_c1_grm_std_uni,1,3.0396223068237305,-3.4936108589172363,1
Clemson-DND_p309_c1_grm_std_uni,1,3.0898895263671875,-3.4394500255584717,1
Clemson-DND_p309_c1_grm_std_uni,1,2.869478940963745,-3.2630536556243896,1
Clemson-DND_p309_c1_grm_std_uni,1,2.8290205001831055,-3.209963083267212,1
Clemson-DND_p309_c1_grm_std_uni,1,3.052959442138672,-3.4611504077911377,1
Clemson-DND_p309_c1_grm_std_uni,1,3.576138973236084,-3.8984243869781494,1
Clemson-DND_p309_c1_grm_std_uni,1,3.6173596382141113,-3.9369280338287354,1
Clemson-DND_p309_c1_grm_std_uni,1,3.673062562942505,-3.9342803955078125,1
Clemson-DND_p309_c1_grm_std_uni,1,3.5793261528015137,-3.8253159523010254,1
Clemson-DND_p309_c1_grm_std_uni,1,3.4930803775787354,-3.733177661895752,1
Clemson-DND_p309_c1_grm_std_uni,1,3.2883195877075195,-3.5490174293518066,1
Clemson-DND_p309_c1_grm_std_uni,1,3.0218253135681152,-3.3861594200134277,1
Clemson-DND_p309_c1_grm_std_uni,1,2.863508462905884,-3.236807346343994,1
Clemson-DND_p309_c1_grm_std_uni,1,3.0789639949798584,-3.4783060550689697,1
Clemson-DND_p309_c1_grm_std_uni,1,3.3171133995056152,-3.762563943862915,1
Clemson-DND_p309_c1_grm_std_uni,1,3.5497241020202637,-3.9136037826538086,1
Clemson-DND_p309_c1_grm_std_uni,1,3.5223283767700195,-3.803967237472534,1
Clemson-DND_p309_c1_grm_std_uni,1,3.543488025665283,-3.777804136276245,1
Clemson-DND_p309_c1_grm_std_uni,1,3.3849072456359863,-3.651811361312866,1
Clemson-DND_p309_c1_grm_std_uni,1,3.2873587608337402,-3.6111905574798584,1
Clemson-DND_p309_c1_grm_std_uni,1,3.2337777614593506,-3.55914568901062,1
Clemson-DND_p309_c1_grm_std_uni,1,3.0428898334503174,-3.3963446617126465,1
Clemson-DND_p309_c1_grm_std_uni,1,3.0343830585479736,-3.3640928268432617,1
Clemson-DND_p309_c1_grm_std_uni,1,3.0796186923980713,-3.4137518405914307,1
Clemson-DND_p309_c1_grm_std_uni,1,3.0512542724609375,-3.4489850997924805,1
Clemson-DND_p309_c1_grm_std_uni,1,3.391444683074951,-3.7732229232788086,1
Clemson-DND_p309_c1_grm_std_uni,1,3.545766592025757,-3.8973090648651123,1
Clemson-DND_p309_c1_grm_std_uni,1,3.6268560886383057,-3.9235503673553467,1
Clemson-DND_p309_c1_grm_std_uni,1,3.6054224967956543,-3.866105079650879,1
Clemson-DND_p309_c1_grm_std_uni,1,3.3808014392852783,-3.680870532989502,1
Clemson-DND_p309_c1_grm_std_uni,1,3.140591621398926,-3.5112967491149902,1
Clemson-DND_p309_c1_grm_std_uni,1,3.08339786529541,-3.427300453186035,1
Clemson-DND_p309_c1_grm_std_uni,1,3.035517930984497,-3.401625871658325,1
Clemson-DND_p309_c1_grm_std_uni,1,3.156827449798584,-3.5166919231414795,1
Clemson-DND_p309_c1_grm_std_uni,1,3.3219761848449707,-3.645685911178589,1
Clemson-DND_p309_c1_grm_std_uni,1,3.301072359085083,-3.6157267093658447,1
Clemson-DND_p309_c1_grm_std_uni,1,3.028883218765259,-3.4256575107574463,1
Clemson-DND_p309_c1_grm_std_uni,1,3.012732982635498,-3.399151086807251,1
Clemson-DND_p309_c1_grm_std_uni,1,3.0701279640197754,-3.4316680431365967,1
Clemson-DND_p309_c1_grm_std_uni,1,3.2616915702819824,-3.6015615463256836,1
Clemson-DND_p309_c1_grm_std_uni,1,3.379157304763794,-3.692939043045044,1
Clemson-DND_p309_c1_grm_std_uni,1,3.356527805328369,-3.6972579956054688,1
Clemson-DND_p309_c1_grm_std_uni,1,3.276641845703125,-3.663548707962036,1
Clemson-DND_p309_c1_grm_std_uni,1,3.19081711769104,-3.5878214836120605,1
Clemson-DND_p309_c1_grm_std_uni,1,3.089519739151001,-3.4435267448425293,1
Clemson-DND_p309_c1_grm_std_uni,1,2.9445526599884033,-3.2856340408325195,1
Clemson-DND_p309_c1_grm_std_uni,1,2.9382121562957764,-3.2893662452697754,1
Clemson-DND_p309_c1_grm_std_uni,1,3.1170084476470947,-3.4712510108947754,1
Clemson-DND_p309_c1_grm_std_uni,1,3.162184476852417,-3.488003969192505,1
Clemson-DND_p309_c1_grm_std_uni,1,3.2738027572631836,-3.586829423904419,1
Clemson-DND_p309_c1_grm_std_uni,1,3.4166083335876465,-3.692704677581787,1
Clemson-DND_p309_c1_grm_std_uni,1,3.380183696746826,-3.669288396835327,1
Clemson-DND_p309_c1_grm_std_uni,1,3.3842661380767822,-3.674943447113037,1
Clemson-DND_p309_c1_grm_std_uni,1,3.4224133491516113,-3.703920602798462,1
Clemson-DND_p309_c1_grm_std_uni,1,3.3927958011627197,-3.647613286972046,1
Clemson-DND_p309_c1_grm_std_uni,1,3.5905280113220215,-3.718526601791382,1
Clemson-DND_p309_c1_grm_std_uni,1,3.7514519691467285,-3.729050874710083,1
Clemson-DND_p309_c1_grm_std_uni,1,3.5069940090179443,-3.5873191356658936,1
Clemson-DND_p309_c1_grm_std_uni,1,3.4600188732147217,-3.575404644012451,1
Clemson-DND_p309_c1_grm_std_uni,1,3.5887629985809326,-3.564737558364868,1
Clemson-DND_p309_c1_grm_std_uni,1,3.376049280166626,-3.401501417160034,1
Clemson-DND_p309_c1_grm_std_uni,1,3.1684067249298096,-3.286651134490967,1
Clemson-DND_p309_c1_grm_std_uni,1,2.984654664993286,-3.200762987136841,1
Clemson-DND_p309_c1_grm_std_uni,1,2.9826443195343018,-3.2726118564605713,1
Clemson-DND_p309_c1_grm_std_uni,1,3.2347609996795654,-3.5469136238098145,1
Clemson-DND_p309_c1_grm_std_uni,1,3.4190618991851807,-3.733458995819092,1
Clemson-DND_p309_c1_grm_std_uni,1,3.4587793350219727,-3.7575860023498535,1
Clemson-DND_p309_c1_grm_std_uni,1,3.3838894367218018,-3.6998143196105957,1
Clemson-DND_p309_c1_grm_std_uni,1,3.340412139892578,-3.607337236404419,1
Clemson-DND_p309_c1_grm_std_uni,1,3.3067588806152344,-3.5866851806640625,1
Clemson-DND_p309_c1_grm_std_uni,1,3.2693872451782227,-3.5610198974609375,1
Clemson-DND_p309_c1_grm_std_uni,1,3.4338314533233643,-3.679802656173706,1
Clemson-DND_p309_c1_grm_std_uni,1,3.366379499435425,-3.658205986022949,1
Clemson-DND_p309_c1_grm_std_uni,1,3.2383790016174316,-3.633714199066162,1
Clemson-DND_p309_c1_grm_std_uni,1,3.17960262298584,-3.596392869949341,1
Clemson-DND_p309_c1_grm_std_uni,1,3.1611673831939697,-3.5518643856048584,1
Clemson-DND_p309_c1_grm_std_uni,1,3.1983706951141357,-3.59539532661438,1
Clemson-DND_p309_c1_grm_std_uni,1,3.1977217197418213,-3.6304421424865723,1
Clemson-DND_p309_c1_grm_std_uni,1,3.292344570159912,-3.6425604820251465,1
Clemson-DND_p309_c1_grm_std_uni,1,3.389418125152588,-3.6646056175231934,1
Clemson-DND_p309_c1_grm_std_uni,1,3.110386848449707,-3.4612159729003906,1
Clemson-DND_p309_c1_grm_std_uni,1,2.9761297702789307,-3.37707781791687,1
Clemson-DND_p309_c1_grm_std_uni,1,3.069624423980713,-3.4220871925354004,1
Clemson-DND_p309_c1_grm_std_uni,1,3.11375093460083,-3.482332944869995,1
Clemson-DND_p309_c1_grm_std_uni,1,3.139035224914551,-3.484786033630371,1
Clemson-DND_p309_c1_grm_std_uni,1,3.1268885135650635,-3.4870781898498535,1
Clemson-DND_p309_c1_grm_std_uni,1,3.0715622901916504,-3.439152717590332,1
Clemson-DND_p309_c1_grm_std_uni,1,2.9983601570129395,-3.374586582183838,1
Clemson-DND_p309_c1_grm_std_uni,1,3.0419182777404785,-3.4247817993164062,1
Clemson-DND_p309_c1_grm_std_uni,1,3.1031463146209717,-3.476947069168091,1
Clemson-DND_p309_c1_grm_std_uni,1,3.2073183059692383,-3.5595693588256836,1
Clemson-DND_p309_c1_grm_std_uni,1,3.2309021949768066,-3.584686279296875,1
Clemson-DND_p309_c1_grm_std_uni,1,3.189720869064331,-3.57661771774292,1
Clemson-DND_p309_c1_grm_std_uni,1,3.118312358856201,-3.5453639030456543,1
Clemson-DND_p309_c1_grm_std_uni,1,3.098890781402588,-3.5169804096221924,1
Clemson-DND_p309_c1_grm_std_uni,1,3.1124651432037354,-3.5050694942474365,1
Clemson-DND_p309_c1_grm_std_uni,1,3.1284406185150146,-3.4832239151000977,1
Clemson-DND_p309_c1_grm_std_uni,1,3.162567615509033,-3.514389991760254,1
Clemson-DND_p309_c1_grm_std_uni,1,3.0342278480529785,-3.4190480709075928,1
Clemson-DND_p309_c1_grm_std_uni,1,3.008319616317749,-3.405045747756958,1
Clemson-DND_p309_c1_grm_std_uni,1,3.0331573486328125,-3.4253721237182617,1
Clemson-DND_p309_c1_grm_std_uni,1,3.0445709228515625,-3.4309909343719482,1
Clemson-DND_p309_c1_grm_std_uni,1,3.1192686557769775,-3.486442804336548,1
Clemson-DND_p309_c1_grm_std_uni,1,3.0512311458587646,-3.4207653999328613,1
Clemson-DND_p309_c1_grm_std_uni,1,3.0738041400909424,-3.463060140609741,1
Clemson-DND_p309_c1_grm_std_uni,1,3.1436586380004883,-3.537733793258667,1
Clemson-DND_p309_c1_grm_std_uni,1,3.3095555305480957,-3.7013180255889893,1
Clemson-DND_p309_c1_grm_std_uni,1,3.3897948265075684,-3.7482709884643555,1
Clemson-DND_p309_c1_grm_std_uni,1,3.403963327407837,-3.757106304168701,1
Clemson-DND_p309_c1_grm_std_uni,1,3.226430654525757,-3.6501047611236572,1
Clemson-DND_p309_c1_grm_std_uni,1,3.179845094680786,-3.581066608428955,1
Clemson-DND_p309_c1_grm_std_uni,1,3.006969451904297,-3.437997579574585,1
Clemson-DND_p309_c1_grm_std_uni,1,2.9831275939941406,-3.3973398208618164,1
Clemson-DND_p309_c1_grm_std_uni,1,3.006878614425659,-3.3988213539123535,1
Clemson-DND_p309_c1_grm_std_uni,1,3.1715314388275146,-3.5436434745788574,1
Clemson-DND_p309_c1_grm_std_uni,1,3.481146812438965,-3.826094150543213,1
Clemson-DND_p309_c1_grm_std_uni,1,3.5839953422546387,-3.962669610977173,1
Clemson-DND_p309_c1_grm_std_uni,1,3.622713804244995,-3.9618141651153564,1
Clemson-DND_p309_c1_grm_std_uni,1,3.293631076812744,-3.7297720909118652,1
Clemson-DND_p309_c1_grm_std_uni,1,2.9820477962493896,-3.4313101768493652,1
Clemson-DND_p309_c1_grm_std_uni,1,2.5716211795806885,-2.818934679031372,1
Clemson-DND_p309_c1_grm_std_uni,1,2.2333455085754395,-2.325469970703125,1
Clemson-DND_p309_c1_grm_std_uni,1,2.2806122303009033,-2.535330057144165,1
Clemson-DND_p309_c1_grm_std_uni,1,3.267345905303955,-3.532315492630005,1
Clemson-DND_p309_c1_grm_std_uni,1,4.236632347106934,-4.116512775421143,1
Clemson-DND_p309_c1_grm_std_uni,1,4.178865432739258,-4.062633991241455,1
Clemson-DND_p309_c1_grm_std_uni,1,3.6926004886627197,-3.8106884956359863,1
Clemson-DND_p309_c1_grm_std_uni,1,3.4337069988250732,-3.6738476753234863,1
Clemson-DND_p309_c1_grm_std_uni,1,3.520911931991577,-3.7303738594055176,1
Clemson-DND_p309_c1_grm_std_uni,1,3.5855393409729004,-3.771056652069092,1
Clemson-DND_p309_c1_grm_std_uni,1,3.6665430068969727,-3.804013252258301,1
Clemson-DND_p309_c1_grm_std_uni,1,3.6801936626434326,-3.78800106048584,1
Clemson-DND_p309_c1_grm_std_uni,1,3.616525411605835,-3.7220818996429443,1
Clemson-DND_p309_c1_grm_std_uni,1,3.453986406326294,-3.585557460784912,1
Clemson-DND_p309_c1_grm_std_uni,1,3.2652053833007812,-3.457111358642578,1
Clemson-DND_p309_c1_grm_std_uni,1,3.282883405685425,-3.4914119243621826,1
Clemson-DND_p309_c1_grm_std_uni,1,3.5568573474884033,-3.730576276779175,1
Clemson-DND_p309_c1_grm_std_uni,1,3.8653275966644287,-3.896564245223999,1
Clemson-DND_p309_c1_grm_std_uni,1,4.009167194366455,-3.9133687019348145,1
Clemson-DND_p309_c1_grm_std_uni,1,3.820388078689575,-3.7307543754577637,1
Clemson-DND_p309_c1_grm_std_uni,1,3.391716480255127,-3.476335048675537,1
Clemson-DND_p309_c1_grm_std_uni,1,3.1316304206848145,-3.3399970531463623,1
Clemson-DND_p309_c1_grm_std_uni,1,3.2390403747558594,-3.433936595916748,1
Clemson-DND_p309_c1_grm_std_uni,1,3.2898874282836914,-3.461169719696045,1
Clemson-DND_p309_c1_grm_std_uni,1,3.4678685665130615,-3.6612465381622314,1
Clemson-DND_p309_c1_grm_std_uni,1,3.696852684020996,-3.899217128753662,1
Clemson-DND_p309_c1_grm_std_uni,1,4.1176557540893555,-4.105288982391357,1
Clemson-DND_p309_c1_grm_std_uni,1,4.073456287384033,-3.9917407035827637,1
Clemson-DND_p309_c1_grm_std_uni,1,3.8622772693634033,-3.8207597732543945,1
Clemson-DND_p309_c1_grm_std_uni,1,3.8611438274383545,-3.794954538345337,1
Clemson-DND_p309_c1_grm_std_uni,1,3.571192741394043,-3.540032148361206,1
Clemson-DND_p309_c1_grm_std_uni,1,3.41375994682312,-3.4096744060516357,1
Clemson-DND_p309_c1_grm_std_uni,1,3.2805984020233154,-3.3465447425842285,1
Clemson-DND_p309_c1_grm_std_uni,1,3.1829822063446045,-3.354827404022217,1
Clemson-DND_p309_c1_grm_std_uni,1,3.4551124572753906,-3.6587448120117188,1
Clemson-DND_p309_c1_grm_std_uni,1,3.9144816398620605,-3.9187002182006836,1
Clemson-DND_p309_c1_grm_std_uni,1,3.9887349605560303,-3.8770973682403564,1
Clemson-DND_p309_c1_grm_std_uni,1,3.7696518898010254,-3.6335628032684326,1
Clemson-DND_p309_c1_grm_std_uni,1,3.791503429412842,-3.5447466373443604,1
Clemson-DND_p309_c1_grm_std_uni,1,3.691970109939575,-3.3833653926849365,1
Clemson-DND_p309_c1_grm_std_uni,1,3.3209779262542725,-3.1471989154815674,1
Clemson-DND_p309_c1_grm_std_uni,1,3.1056878566741943,-3.059147834777832,1
Clemson-DND_p309_c1_grm_std_uni,1,3.093567132949829,-3.18239426612854,1
Clemson-DND_p309_c1_grm_std_uni,1,3.32419753074646,-3.5613291263580322,1
Clemson-DND_p309_c1_grm_std_uni,1,3.578538417816162,-3.791576385498047,1
Clemson-DND_p309_c1_grm_std_uni,1,3.780824899673462,-3.8618969917297363,1
Clemson-DND_p309_c1_grm_std_uni,1,3.6609599590301514,-3.6859681606292725,1
Clemson-DND_p309_c1_grm_std_uni,1,3.360405445098877,-3.455749750137329,1
Clemson-DND_p309_c1_grm_std_uni,1,3.0880398750305176,-3.209888219833374,1
Clemson-DND_p309_c1_grm_std_uni,1,3.020042657852173,-3.1791036128997803,1
Clemson-DND_p309_c1_grm_std_uni,1,3.307860851287842,-3.5185983180999756,1
Clemson-DND_p309_c1_grm_std_uni,1,3.578160047531128,-3.7807059288024902,1
Clemson-DND_p309_c1_grm_std_uni,1,3.6366727352142334,-3.8239214420318604,1
Clemson-DND_p309_c1_grm_std_uni,1,3.503016233444214,-3.7444326877593994,1
Clemson-DND_p309_c1_grm_std_uni,1,3.3600430488586426,-3.64320707321167,1
Clemson-DND_p309_c1_grm_std_uni,1,3.08166766166687,-3.4487833976745605,1
Clemson-DND_p309_c1_grm_std_uni,1,2.9884133338928223,-3.341198682785034,1
Clemson-DND_p309_c1_grm_std_uni,1,2.8789477348327637,-3.188931941986084,1
Clemson-DND_p309_c1_grm_std_uni,1,3.036345958709717,-3.380185604095459,1
Clemson-DND_p309_c1_grm_std_uni,1,3.3590102195739746,-3.644516706466675,1
Clemson-DND_p309_c1_grm_std_uni,1,3.616626501083374,-3.8317065238952637,1
Clemson-DND_p309_c1_grm_std_uni,1,3.762538194656372,-3.933600902557373,1
Clemson-DND_p309_c1_grm_std_uni,1,3.8938915729522705,-3.992866039276123,1
Clemson-DND_p309_c1_grm_std_uni,1,3.985243082046509,-3.984461784362793,1
Clemson-DND_p309_c1_grm_std_uni,1,3.785766839981079,-3.786738634109497,1
Clemson-DND_p309_c1_grm_std_uni,1,3.4641265869140625,-3.5542614459991455,1
Clemson-DND_p309_c1_grm_std_uni,1,3.2892191410064697,-3.4375956058502197,1
Clemson-DND_p309_c1_grm_std_uni,1,3.465594530105591,-3.4847216606140137,1
Clemson-DND_p309_c1_grm_std_uni,1,3.288613796234131,-3.352642297744751,1
Clemson-DND_p309_c1_grm_std_uni,1,3.2006208896636963,-3.296755313873291,1
Clemson-DND_p309_c1_grm_std_uni,1,3.232546806335449,-3.4198105335235596,1
Clemson-DND_p309_c1_grm_std_uni,1,3.5631144046783447,-3.7459092140197754,1
Clemson-DND_p309_c1_grm_std_uni,1,4.003089427947998,-3.996670961380005,1
Clemson-DND_p309_c1_grm_std_uni,1,3.9930543899536133,-3.9208505153656006,1
Clemson-DND_p309_c1_grm_std_uni,1,3.5990774631500244,-3.651787281036377,1
Clemson-DND_p309_c1_grm_std_uni,1,3.2342703342437744,-3.425401210784912,1
Clemson-DND_p309_c1_grm_std_uni,1,3.2150216102600098,-3.388226270675659,1
Clemson-DND_p309_c1_grm_std_uni,1,3.1165380477905273,-3.3042595386505127,1
Clemson-DND_p309_c1_grm_std_uni,1,3.1731343269348145,-3.3978967666625977,1
Clemson-DND_p309_c1_grm_std_uni,1,3.6099915504455566,-3.8170382976531982,1
Clemson-DND_p309_c1_grm_std_uni,1,3.686034917831421,-3.8871335983276367,1
Clemson-DND_p309_c1_grm_std_uni,1,3.7301383018493652,-3.862013101577759,1
Clemson-DND_p309_c1_grm_std_uni,1,3.6636781692504883,-3.775763750076294,1
Clemson-DND_p309_c1_grm_std_uni,1,3.605994701385498,-3.696908712387085,1
Clemson-DND_p309_c1_grm_std_uni,1,3.2879245281219482,-3.5140111446380615,1
Clemson-DND_p309_c1_grm_std_uni,1,3.2820961475372314,-3.524461030960083,1
Clemson-DND_p309_c1_grm_std_uni,1,3.177304267883301,-3.398475408554077,1
Clemson-DND_p309_c1_grm_std_uni,1,3.064039468765259,-3.31772518157959,1
Clemson-DND_p309_c1_grm_std_uni,1,3.2658402919769287,-3.5339884757995605,1
Clemson-DND_p309_c1_grm_std_uni,1,3.388904094696045,-3.650561571121216,1
Clemson-DND_p309_c1_grm_std_uni,1,3.3797836303710938,-3.700115203857422,1
Clemson-DND_p309_c1_grm_std_uni,1,3.5177369117736816,-3.7948384284973145,1
Clemson-DND_p309_c1_grm_std_uni,1,3.48559832572937,-3.7501471042633057,1
Clemson-DND_p309_c1_grm_std_uni,1,3.368032932281494,-3.6495158672332764,1
Clemson-DND_p309_c1_grm_std_uni,1,3.506962537765503,-3.7037713527679443,1
Clemson-DND_p309_c1_grm_std_uni,1,3.286952257156372,-3.5256946086883545,1
Clemson-DND_p309_c1_grm_std_uni,1,3.295459270477295,-3.521981954574585,1
Clemson-DND_p309_c1_grm_std_uni,1,3.275824546813965,-3.5013530254364014,1
Clemson-DND_p309_c1_grm_std_uni,1,3.176239013671875,-3.470050096511841,1
Clemson-DND_p309_c1_grm_std_uni,1,3.2595162391662598,-3.5456416606903076,1
Clemson-DND_p309_c1_grm_std_uni,1,3.239145040512085,-3.5541775226593018,1
Clemson-DND_p309_c1_grm_std_uni,1,3.3518364429473877,-3.677426338195801,1
Clemson-DND_p309_c1_grm_std_uni,1,3.445737361907959,-3.748429775238037,1
Clemson-DND_p309_c1_grm_std_uni,1,3.3981828689575195,-3.70322847366333,1
Clemson-DND_p309_c1_grm_std_uni,1,3.1263036727905273,-3.5353012084960938,1
Clemson-DND_p309_c1_grm_std_uni,1,2.9949326515197754,-3.3978397846221924,1
Clemson-DND_p309_c1_grm_std_uni,1,2.92263126373291,-3.2564644813537598,1
Clemson-DND_p309_c1_grm_std_uni,1,3.0247042179107666,-3.3410940170288086,1
Clemson-DND_p309_c1_grm_std_uni,1,2.8912134170532227,-3.246716260910034,1
Clemson-DND_p309_c1_grm_std_uni,1,2.9109840393066406,-3.3238472938537598,1
Clemson-DND_p309_c1_grm_std_uni,1,3.160209894180298,-3.567075252532959,1
Clemson-DND_p309_c1_grm_std_uni,1,3.3056399822235107,-3.7260775566101074,1
Clemson-DND_p309_c1_grm_std_uni,1,3.367361307144165,-3.7697339057922363,1
Clemson-DND_p309_c1_grm_std_uni,1,3.466704845428467,-3.8413548469543457,1
Clemson-DND_p309_c1_grm_std_uni,1,3.5273187160491943,-3.875546455383301,1
Clemson-DND_p309_c1_grm_std_uni,1,3.4838032722473145,-3.7927663326263428,1
Clemson-DND_p309_c1_grm_std_uni,1,3.3856306076049805,-3.675452947616577,1
Clemson-DND_p309_c1_grm_std_uni,1,2.9437129497528076,-3.34248948097229,1
Clemson-DND_p309_c1_grm_std_uni,1,2.8894383907318115,-3.2668423652648926,1
Clemson-DND_p309_c1_grm_std_uni,1,2.908562660217285,-3.250027656555176,1
Clemson-DND_p309_c1_grm_std_uni,1,2.916419267654419,-3.295260190963745,1
Clemson-DND_p309_c1_grm_std_uni,1,3.0814950466156006,-3.4714040756225586,1
Clemson-DND_p309_c1_grm_std_uni,1,3.12631893157959,-3.4869425296783447,1
Clemson-DND_p309_c1_grm_std_uni,1,3.27506160736084,-3.6220691204071045,1
Clemson-DND_p309_c1_grm_std_uni,1,3.2361056804656982,-3.538323402404785,1
Clemson-DND_p309_c1_grm_std_uni,1,3.275242567062378,-3.5989339351654053,1
Clemson-DND_p309_c1_grm_std_uni,1,3.3405275344848633,-3.651881694793701,1
Clemson-DND_p309_c1_grm_std_uni,1,3.389669179916382,-3.7288787364959717,1
Clemson-DND_p309_c1_grm_std_uni,1,3.237581968307495,-3.6195921897888184,1
Clemson-DND_p309_c1_grm_std_uni,1,3.1529879570007324,-3.5630815029144287,1
Clemson-DND_p309_c1_grm_std_uni,1,3.0095436573028564,-3.4350314140319824,1
Clemson-DND_p309_c1_grm_std_uni,1,3.0156970024108887,-3.3871240615844727,1
Clemson-DND_p309_c1_grm_std_uni,1,3.0130369663238525,-3.380561351776123,1
Clemson-DND_p309_c1_grm_std_uni,1,2.9731709957122803,-3.396167755126953,1
Clemson-DND_p309_c1_grm_std_uni,1,3.175917148590088,-3.594968557357788,1
Clemson-DND_p309_c1_grm_std_uni,1,3.3743321895599365,-3.7381701469421387,1
Clemson-DND_p309_c1_grm_std_uni,1,3.7969508171081543,-4.02711820602417,1
Clemson-DND_p309_c1_grm_std_uni,1,3.798367500305176,-3.98629093170166,1
Clemson-DND_p309_c1_grm_std_uni,1,3.6126906871795654,-3.8514349460601807,1
Clemson-DND_p309_c1_grm_std_uni,1,3.475384473800659,-3.689286947250366,1
Clemson-DND_p309_c1_grm_std_uni,1,3.2938573360443115,-3.473940372467041,1
Clemson-DND_p309_c1_grm_std_uni,1,3.2183125019073486,-3.439828634262085,1
Clemson-DND_p309_c1_grm_std_uni,1,3.2305328845977783,-3.421269416809082,1
Clemson-DND_p309_c1_grm_std_uni,1,3.1442296504974365,-3.4111688137054443,1
Clemson-DND_p309_c1_grm_std_uni,1,3.141202211380005,-3.3879106044769287,1
Clemson-DND_p309_c1_grm_std_uni,1,3.3383331298828125,-3.5421721935272217,1
Clemson-DND_p309_c1_grm_std_uni,1,3.24723219871521,-3.5031511783599854,1
Clemson-DND_p309_c1_grm_std_uni,1,3.1827261447906494,-3.4903485774993896,1
Clemson-DND_p309_c1_grm_std_uni,1,3.320495843887329,-3.5698060989379883,1
Clemson-DND_p309_c1_grm_std_uni,1,3.2963714599609375,-3.5849721431732178,1
Clemson-DND_p309_c1_grm_std_uni,1,3.3237030506134033,-3.5999035835266113,1
Clemson-DND_p309_c1_grm_std_uni,1,3.427980899810791,-3.719831943511963,1
Clemson-DND_p309_c1_grm_std_uni,1,3.364450693130493,-3.6803877353668213,1
Clemson-DND_p309_c1_grm_std_uni,1,3.4426610469818115,-3.7048768997192383,1
Clemson-DND_p309_c1_grm_std_uni,1,3.501417398452759,-3.7131311893463135,1
Clemson-DND_p309_c1_grm_std_uni,1,3.473583459854126,-3.6965208053588867,1
Clemson-DND_p309_c1_grm_std_uni,1,3.3884871006011963,-3.6306583881378174,1
Clemson-DND_p309_c1_grm_std_uni,1,3.456756591796875,-3.6606149673461914,1
Clemson-DND_p309_c1_grm_std_uni,1,3.1650986671447754,-3.4841742515563965,1
Clemson-DND_p309_c1_grm_std_uni,1,2.960306406021118,-3.3675589561462402,1
Clemson-DND_p309_c1_grm_std_uni,1,3.1573326587677,-3.5034501552581787,1
Clemson-DND_p309_c1_grm_std_uni,1,3.1616721153259277,-3.5401947498321533,1
Clemson-DND_p309_c1_grm_std_uni,1,3.3071036338806152,-3.7153432369232178,1
Clemson-DND_p309_c1_grm_std_uni,1,3.4113569259643555,-3.8016357421875,1
Clemson-DND_p309_c1_grm_std_uni,1,3.464217185974121,-3.7746431827545166,1
Clemson-DND_p309_c1_grm_std_uni,1,3.4809298515319824,-3.718050479888916,1
Clemson-DND_p309_c1_grm_std_uni,1,3.2285492420196533,-3.5319931507110596,1
Clemson-DND_p309_c1_grm_std_uni,1,3.0888736248016357,-3.4680261611938477,1
Clemson-DND_p309_c1_grm_std_uni,1,3.003556728363037,-3.3904480934143066,1
Clemson-DND_p309_c1_grm_std_uni,1,3.0693655014038086,-3.453033685684204,1
Clemson-DND_p309_c1_grm_std_uni,1,3.1368072032928467,-3.467780590057373,1
Clemson-DND_p309_c1_grm_std_uni,1,3.01952862739563,-3.355616569519043,1
Clemson-DND_p309_c1_grm_std_uni,1,3.3306503295898438,-3.662325620651245,1
Clemson-DND_p309_c1_grm_std_uni,1,3.6343042850494385,-3.8563711643218994,1
Clemson-DND_p309_c1_grm_std_uni,1,3.7258527278900146,-3.886359453201294,1
Clemson-DND_p309_c1_grm_std_uni,1,3.7565009593963623,-3.850177526473999,1
Clemson-DND_p309_c1_grm_std_uni,1,3.4451515674591064,-3.5989272594451904,1
Clemson-DND_p309_c1_grm_std_uni,1,3.0060746669769287,-3.319551944732666,1
Clemson-DND_p309_c1_grm_std_uni,1,3.0596933364868164,-3.3065810203552246,1
Clemson-DND_p309_c1_grm_std_uni,1,3.084662437438965,-3.3134467601776123,1
Clemson-DND_p309_c1_grm_std_uni,1,3.027876615524292,-3.304771661758423,1
Clemson-DND_p309_c1_grm_std_uni,1,3.1777429580688477,-3.4547982215881348,1
Clemson-DND_p309_c1_grm_std_uni,1,3.096065044403076,-3.380274534225464,1
Clemson-DND_p309_c1_grm_std_uni,1,3.2126922607421875,-3.4545135498046875,1
Clemson-DND_p309_c1_grm_std_uni,1,3.275937080383301,-3.5099477767944336,1
Clemson-DND_p309_c1_grm_std_uni,1,3.176539421081543,-3.4858620166778564,1
Clemson-DND_p309_c1_grm_std_uni,1,3.047874927520752,-3.3881568908691406,1
Clemson-DND_p309_c1_grm_std_uni,1,3.1824827194213867,-3.5105066299438477,1
Clemson-DND_p309_c1_grm_std_uni,1,3.285942792892456,-3.5967440605163574,1
Clemson-DND_p309_c1_grm_std_uni,1,3.2518560886383057,-3.5969738960266113,1
Clemson-DND_p309_c1_grm_std_uni,1,3.2810263633728027,-3.6483511924743652,1
Clemson-DND_p309_c1_grm_std_uni,1,3.1524274349212646,-3.6045613288879395,1
Clemson-DND_p309_c1_grm_std_uni,1,3.0828850269317627,-3.5857739448547363,1
Clemson-DND_p309_c1_grm_std_uni,1,3.4110422134399414,-3.7614805698394775,1
Clemson-DND_p309_c1_grm_std_uni,1,3.4144132137298584,-3.7627413272857666,1
Clemson-DND_p309_c1_grm_std_uni,1,3.363429546356201,-3.70920467376709,1
Clemson-DND_p309_c1_grm_std_uni,1,3.227707862854004,-3.535639524459839,1
Clemson-DND_p309_c1_grm_std_uni,1,2.9946296215057373,-3.325129747390747,1
Clemson-DND_p309_c1_grm_std_uni,1,2.889909267425537,-3.2261316776275635,1
Clemson-DND_p309_c1_grm_std_uni,1,3.013162851333618,-3.372098207473755,1
Clemson-DND_p309_c1_grm_std_uni,1,3.1051905155181885,-3.4712934494018555,1
Clemson-DND_p309_c1_grm_std_uni,1,3.0747568607330322,-3.4666035175323486,1
Clemson-DND_p309_c1_grm_std_uni,1,3.172128438949585,-3.554967164993286,1
Clemson-DND_p309_c1_grm_std_uni,1,3.2807235717773438,-3.6074299812316895,1
Clemson-DND_p309_c1_grm_std_uni,1,3.3363635540008545,-3.6283140182495117,1
Clemson-DND_p309_c1_grm_std_uni,1,3.336047887802124,-3.663424253463745,1
Clemson-DND_p309_c1_grm_std_uni,1,3.325732946395874,-3.712477684020996,1
Clemson-DND_p309_c1_grm_std_uni,1,3.3856146335601807,-3.7053658962249756,1
Clemson-DND_p309_c1_grm_std_uni,1,3.3469884395599365,-3.6239378452301025,1
Clemson-DND_p309_c1_grm_std_uni,1,3.1773500442504883,-3.5171830654144287,1
Clemson-DND_p309_c1_grm_std_uni,1,3.1166176795959473,-3.5120999813079834,1
Clemson-DND_p309_c1_grm_std_uni,1,3.521178722381592,-3.80511736869812,1
Clemson-DND_p309_c1_grm_std_uni,1,3.7826075553894043,-3.9256656169891357,1
Clemson-DND_p309_c1_grm_std_uni,1,3.765170097351074,-3.9101483821868896,1
Clemson-DND_p309_c1_grm_std_uni,1,3.5477638244628906,-3.7682528495788574,1
Clemson-DND_p309_c1_grm_std_uni,1,3.4561617374420166,-3.687617301940918,1
Clemson-DND_p309_c1_grm_std_uni,1,3.49992036819458,-3.6829986572265625,1
Clemson-DND_p309_c1_grm_std_uni,1,3.6159186363220215,-3.701589822769165,1
Clemson-DND_p309_c1_grm_std_uni,1,3.6067564487457275,-3.6739981174468994,1
Clemson-DND_p309_c1_grm_std_uni,1,3.5081279277801514,-3.5813188552856445,1
Clemson-DND_p309_c1_grm_std_uni,1,3.3614892959594727,-3.4998090267181396,1
Clemson-DND_p309_c1_grm_std_uni,1,3.2529335021972656,-3.4091334342956543,1
Clemson-DND_p309_c1_grm_std_uni,1,3.3424251079559326,-3.5208771228790283,1
Clemson-DND_p309_c1_grm_std_uni,1,4.048063278198242,-3.9927563667297363,1
Clemson-DND_p309_c1_grm_std_uni,1,4.166677474975586,-3.9893693923950195,1
Clemson-DND_p309_c1_grm_std_uni,1,3.238193988800049,-3.2009456157684326,1
Clemson-DND_p309_c1_grm_std_uni,1,1.6427785158157349,-1.63985013961792,1
Clemson-DND_p309_c1_grm_std_uni,1,1.9310325384140015,-1.1939752101898193,1
Clemson-DND_p309_c1_grm_std_uni,1,3.4393837451934814,-2.0945687294006348,1
Clemson-DND_p309_c1_grm_std_uni,1,4.4020891189575195,-2.801145315170288,1
Clemson-DND_p309_c1_grm_std_uni,1,5.954713821411133,-4.070818901062012,1
Clemson-DND_p309_c1_grm_std_uni,1,6.1279215812683105,-4.4718403816223145,1
Clemson-DND_p309_c1_grm_std_uni,1,6.302652359008789,-4.882742881774902,1
Clemson-DND_p309_c1_grm_std_uni,1,5.963320732116699,-4.759635925292969,1
Clemson-DND_p309_c1_grm_std_uni,1,5.9210591316223145,-4.9269328117370605,1
Clemson-DND_p309_c1_grm_std_uni,1,5.203945636749268,-4.545936584472656,1
Clemson-DND_p309_c1_grm_std_uni,1,5.079516887664795,-3.8093101978302,1
Clemson-DND_p309_c1_grm_std_uni,1,3.723656415939331,-2.4536044597625732,1
Clemson-DND_p309_c1_grm_std_uni,1,3.393669843673706,-2.3538146018981934,1
Clemson-DND_p309_c1_grm_std_uni,1,3.2795891761779785,-2.540296792984009,1
Clemson-DND_p309_c1_grm_std_uni,1,3.3827314376831055,-2.938138008117676,1
Clemson-DND_p309_c1_grm_std_uni,1,3.4605345726013184,-3.11967134475708,1
Clemson-DND_p309_c1_grm_std_uni,1,3.3836522102355957,-2.9983630180358887,1
Clemson-DND_p309_c1_grm_std_uni,1,3.442572832107544,-2.9206109046936035,1
Clemson-DND_p309_c1_grm_std_uni,1,3.338350534439087,-2.73478364944458,1
Clemson-DND_p309_c1_grm_std_uni,1,3.4542508125305176,-2.8175113201141357,1
Clemson-DND_p309_c1_grm_std_uni,1,3.482544183731079,-2.8475639820098877,1
Clemson-DND_p309_c1_grm_std_uni,1,3.3842554092407227,-2.849121570587158,1
Clemson-DND_p309_c1_grm_std_uni,1,3.199773073196411,-2.7373557090759277,1
Clemson-DND_p309_c1_grm_std_uni,1,3.235015392303467,-2.7480685710906982,1
Clemson-DND_p309_c1_grm_std_uni,1,3.093703269958496,-2.618307590484619,1
Clemson-DND_p309_c1_grm_std_uni,1,3.1098227500915527,-2.620753526687622,1
Clemson-DND_p309_c1_grm_std_uni,1,3.487001895904541,-2.974506378173828,1
Clemson-DND_p309_c1_grm_std_uni,1,3.7846102714538574,-3.222424268722534,1
Clemson-DND_p309_c1_grm_std_uni,1,3.7177062034606934,-3.2011590003967285,1
Clemson-DND_p309_c1_grm_std_uni,1,3.6691415309906006,-3.184208393096924,1
Clemson-DND_p309_c1_grm_std_uni,1,3.5955398082733154,-3.1316800117492676,1
Clemson-DND_p309_c1_grm_std_uni,1,3.505836009979248,-3.08132266998291,1
Clemson-DND_p309_c1_grm_std_uni,1,3.567440986633301,-3.1179795265197754,1
Clemson-DND_p309_c1_grm_std_uni,1,3.2168502807617188,-2.895164966583252,1
Clemson-DND_p309_c1_grm_std_uni,1,3.037972927093506,-2.8023521900177,1
Clemson-DND_p309_c1_grm_std_uni,1,3.031996726989746,-2.7999956607818604,1
Clemson-DND_p309_c1_grm_std_uni,1,3.01052188873291,-2.8253238201141357,1
Clemson-DND_p309_c1_grm_std_uni,1,3.0850586891174316,-2.9539954662323,1
Clemson-DND_p309_c1_grm_std_uni,1,3.081176996231079,-2.9634978771209717,1
Clemson-DND_p309_c1_grm_std_uni,1,3.1169745922088623,-3.002758502960205,1
Clemson-DND_p309_c1_grm_std_uni,1,3.2237045764923096,-3.092789888381958,1
Clemson-DND_p309_c1_grm_std_uni,1,3.420947313308716,-3.2645933628082275,1
Clemson-DND_p309_c1_grm_std_uni,1,3.5738155841827393,-3.3847885131835938,1
Clemson-DND_p309_c1_grm_std_uni,1,3.615513801574707,-3.4123194217681885,1
Clemson-DND_p309_c1_grm_std_uni,1,3.5949244499206543,-3.416346549987793,1
Clemson-DND_p309_c1_grm_std_uni,1,3.6937761306762695,-3.45208740234375,1
Clemson-DND_p309_c1_grm_std_uni,1,3.5459887981414795,-3.3139915466308594,1
Clemson-DND_p309_c1_grm_std_uni,1,3.495556116104126,-3.298837423324585,1
Clemson-DND_p309_c1_grm_std_uni,1,3.838829517364502,-3.4922399520874023,1
Clemson-DND_p309_c1_grm_std_uni,1,3.9976065158843994,-3.584167957305908,1
Clemson-DND_p309_c1_grm_std_uni,1,4.2050042152404785,-3.7199058532714844,1
Clemson-DND_p309_c1_grm_std_uni,1,3.889861583709717,-3.5174643993377686,1
Clemson-DND_p309_c1_grm_std_uni,1,3.3565926551818848,-3.0879151821136475,1
Clemson-DND_p309_c1_grm_std_uni,1,3.0016937255859375,-2.8465611934661865,1
Clemson-DND_p309_c1_grm_std_uni,1,3.0652711391448975,-2.9589457511901855,1
Clemson-DND_p309_c1_grm_std_uni,1,2.906343698501587,-2.8370273113250732,1
Clemson-DND_p309_c1_grm_std_uni,1,3.197735071182251,-3.2802553176879883,1
Clemson-DND_p309_c1_grm_std_uni,1,3.581855535507202,-3.65640926361084,1
Clemson-DND_p309_c1_grm_std_uni,1,3.754122257232666,-3.788651466369629,1
Clemson-DND_p309_c1_grm_std_uni,1,3.7424492835998535,-3.7656090259552,1
Clemson-DND_p309_c1_grm_std_uni,1,3.504960775375366,-3.595317840576172,1
Clemson-DND_p309_c1_grm_std_uni,1,3.300717830657959,-3.4265708923339844,1
Clemson-DND_p309_c1_grm_std_uni,1,3.163451671600342,-3.322275400161743,1
Clemson-DND_p309_c1_grm_std_uni,1,3.2370822429656982,-3.4280407428741455,1
Clemson-DND_p309_c1_grm_std_uni,1,3.5767247676849365,-3.7302050590515137,1
Clemson-DND_p309_c1_grm_std_uni,1,3.8447108268737793,-3.9282031059265137,1
Clemson-DND_p309_c1_grm_std_uni,1,3.7169277667999268,-3.842561960220337,1
Clemson-DND_p309_c1_grm_std_uni,1,3.677025556564331,-3.7742605209350586,1
Clemson-DND_p309_c1_grm_std_uni,1,3.5857017040252686,-3.649747610092163,1
Clemson-DND_p309_c1_grm_std_uni,1,3.3925554752349854,-3.5001204013824463,1
Clemson-DND_p309_c1_grm_std_uni,1,3.0643887519836426,-3.3230340480804443,1
Clemson-DND_p309_c1_grm_std_uni,1,3.1052865982055664,-3.366821765899658,1
Clemson-DND_p309_c1_grm_std_uni,1,3.2362725734710693,-3.4744112491607666,1
Clemson-DND_p309_c1_grm_std_uni,1,3.4565036296844482,-3.680371046066284,1
Clemson-DND_p309_c1_grm_std_uni,1,3.7547781467437744,-3.8934617042541504,1
Clemson-DND_p309_c1_grm_std_uni,1,3.756098508834839,-3.8518896102905273,1
Clemson-DND_p309_c1_grm_std_uni,1,3.7307634353637695,-3.781183958053589,1
Clemson-DND_p309_c1_grm_std_uni,1,3.890381336212158,-3.7925219535827637,1
Clemson-DND_p309_c1_grm_std_uni,1,4.044519424438477,-3.825491189956665,1
Clemson-DND_p309_c1_grm_std_uni,1,3.898268699645996,-3.7494804859161377,1
Clemson-DND_p309_c1_grm_std_uni,1,3.9555258750915527,-3.7731330394744873,1
Clemson-DND_p309_c1_grm_std_uni,1,3.5395796298980713,-3.433199405670166,1
Clemson-DND_p309_c1_grm_std_uni,1,3.1238467693328857,-3.070404291152954,1
Clemson-DND_p309_c1_grm_std_uni,1,3.1236753463745117,-3.1340644359588623,1
Clemson-DND_p309_c1_grm_std_uni,1,3.2313880920410156,-3.2575082778930664,1
Clemson-DND_p309_c1_grm_std_uni,1,3.5065629482269287,-3.548344612121582,1
Clemson-DND_p309_c1_grm_std_uni,1,3.620615243911743,-3.5169622898101807,1
Clemson-DND_p309_c1_grm_std_uni,1,3.930119752883911,-3.731492519378662,1
Clemson-DND_p309_c1_grm_std_uni,1,4.078989505767822,-3.780974864959717,1
Clemson-DND_p309_c1_grm_std_uni,1,4.201662063598633,-3.7821733951568604,1
Clemson-DND_p309_c1_grm_std_uni,1,4.242916107177734,-3.7976255416870117,1
Clemson-DND_p309_c1_grm_std_uni,1,4.156979084014893,-3.7394015789031982,1
Clemson-DND_p309_c1_grm_std_uni,1,4.1134772300720215,-3.6860365867614746,1
Clemson-DND_p309_c1_grm_std_uni,1,3.934595823287964,-3.522644281387329,1
Clemson-DND_p309_c1_grm_std_uni,1,3.763415813446045,-3.3927111625671387,1
Clemson-DND_p309_c1_grm_std_uni,1,3.752718448638916,-3.3993139266967773,1
Clemson-DND_p309_c1_grm_std_uni,1,3.7057433128356934,-3.3906235694885254,1
Clemson-DND_p309_c1_grm_std_uni,1,3.757140636444092,-3.5043530464172363,1
Clemson-DND_p309_c1_grm_std_uni,1,3.8860509395599365,-3.644744396209717,1
Clemson-DND_p309_c1_grm_std_uni,1,4.182769298553467,-3.8194832801818848,1
Clemson-DND_p309_c1_grm_std_uni,1,4.296182155609131,-3.828993320465088,1
Clemson-DND_p309_c1_grm_std_uni,1,4.313868045806885,-3.7978579998016357,1
Clemson-DND_p309_c1_grm_std_uni,1,4.280448913574219,-3.743378162384033,1
Clemson-DND_p309_c1_grm_std_uni,1,4.258586406707764,-3.6748931407928467,1
Clemson-DND_p309_c1_grm_std_uni,1,4.153931140899658,-3.570986747741699,1
Clemson-DND_p309_c1_grm_std_uni,1,3.9564337730407715,-3.4303371906280518,1
Clemson-DND_p309_c1_grm_std_uni,1,3.804128408432007,-3.3851168155670166,1
Clemson-DND_p309_c1_grm_std_uni,1,3.8773350715637207,-3.4825079441070557,1
Clemson-DND_p309_c1_grm_std_uni,1,4.198818683624268,-3.671780586242676,1
Clemson-DND_p309_c1_grm_std_uni,1,4.31566858291626,-3.7380011081695557,1
Clemson-DND_p309_c1_grm_std_uni,1,4.026130199432373,-3.5588555335998535,1
Clemson-DND_p309_c1_grm_std_uni,1,3.378995656967163,-3.100780487060547,1
Clemson-DND_p309_c1_grm_std_uni,1,3.1888391971588135,-2.9653496742248535,1
Clemson-DND_p309_c1_grm_std_uni,1,3.1983063220977783,-3.033485174179077,1
Clemson-DND_p309_c1_grm_std_uni,1,3.245192050933838,-3.175468921661377,1
Clemson-DND_p309_c1_grm_std_uni,1,3.4736971855163574,-3.492901563644409,1
Clemson-DND_p309_c1_grm_std_uni,1,3.927086353302002,-3.830183267593384,1
Clemson-DND_p309_c1_grm_std_uni,1,4.360089302062988,-4.0979084968566895,1
Clemson-DND_p309_c1_grm_std_uni,1,4.5071635246276855,-4.1835222244262695,1
Clemson-DND_p309_c1_grm_std_uni,1,4.374312400817871,-4.054196357727051,1
Clemson-DND_p309_c1_grm_std_uni,1,3.9950449466705322,-3.721473217010498,1
Clemson-DND_p309_c1_grm_std_uni,1,3.771491527557373,-3.4963247776031494,1
Clemson-DND_p309_c1_grm_std_uni,1,3.5419111251831055,-3.303337574005127,1
Clemson-DND_p309_c1_grm_std_uni,1,3.5713844299316406,-3.3594260215759277,1
Clemson-DND_p309_c1_grm_std_uni,1,3.570831298828125,-3.449558973312378,1
Clemson-DND_p309_c1_grm_std_uni,1,3.8461661338806152,-3.7504751682281494,1
Clemson-DND_p309_c1_grm_std_uni,1,3.9648544788360596,-3.8354885578155518,1
Clemson-DND_p309_c1_grm_std_uni,1,3.8704354763031006,-3.726252794265747,1
Clemson-DND_p309_c1_grm_std_uni,1,3.4545717239379883,-3.4151885509490967,1
Clemson-DND_p309_c1_grm_std_uni,1,3.1087324619293213,-3.074347496032715,1
Clemson-DND_p309_c1_grm_std_uni,1,3.009772300720215,-3.0419373512268066,1
Clemson-DND_p309_c1_grm_std_uni,1,3.2429301738739014,-3.3719000816345215,1
Clemson-DND_p309_c1_grm_std_uni,1,3.5401086807250977,-3.637988805770874,1
Clemson-DND_p309_c1_grm_std_uni,1,3.514190435409546,-3.553626298904419,1
Clemson-DND_p309_c1_grm_std_uni,1,3.433194875717163,-3.4870147705078125,1
Clemson-DND_p309_c1_grm_std_uni,1,3.3876852989196777,-3.451770782470703,1
Clemson-DND_p309_c1_grm_std_uni,1,3.3927652835845947,-3.48468279838562,1
Clemson-DND_p309_c1_grm_std_uni,1,3.3633649349212646,-3.5044515132904053,1
Clemson-DND_p309_c1_grm_std_uni,1,3.4400699138641357,-3.5921378135681152,1
Clemson-DND_p309_c1_grm_std_uni,1,3.4870569705963135,-3.699533224105835,1
Clemson-DND_p309_c1_grm_std_uni,1,3.770151376724243,-3.8543379306793213,1
Clemson-DND_p309_c1_grm_std_uni,1,3.7659263610839844,-3.857635021209717,1
Clemson-DND_p309_c1_grm_std_uni,1,3.849720001220703,-3.8243026733398438,1
Clemson-DND_p309_c1_grm_std_uni,1,3.856174945831299,-3.743220090866089,1
Clemson-DND_p309_c1_grm_std_uni,1,3.413754463195801,-3.4416213035583496,1
Clemson-DND_p309_c1_grm_std_uni,1,3.094261646270752,-3.234811305999756,1
Clemson-DND_p309_c1_grm_std_uni,1,2.981052875518799,-3.1593403816223145,1
Clemson-DND_p309_c1_grm_std_uni,1,3.202056407928467,-3.483548164367676,1
Clemson-DND_p309_c1_grm_std_uni,1,3.513536214828491,-3.835094690322876,1
Clemson-DND_p309_c1_grm_std_uni,1,3.765284538269043,-3.9684057235717773,1
Clemson-DND_p309_c1_grm_std_uni,1,3.7860496044158936,-3.8928000926971436,1
Clemson-DND_p309_c1_grm_std_uni,1,3.8403122425079346,-3.862628936767578,1
Clemson-DND_p309_c1_grm_std_uni,1,3.828826904296875,-3.7836337089538574,1
Clemson-DND_p309_c1_grm_std_uni,1,3.40889048576355,-3.530031442642212,1
Clemson-DND_p309_c1_grm_std_uni,1,3.560910701751709,-3.5954222679138184,1
Clemson-DND_p309_c1_grm_std_uni,1,3.3225667476654053,-3.4187352657318115,1
Clemson-DND_p309_c1_grm_std_uni,1,3.2545242309570312,-3.441744804382324,1
Clemson-DND_p309_c1_grm_std_uni,1,3.3557348251342773,-3.49973201751709,1
Clemson-DND_p309_c1_grm_std_uni,1,3.395514965057373,-3.4844677448272705,1
Clemson-DND_p309_c1_grm_std_uni,1,3.277055263519287,-3.4036571979522705,1
Clemson-DND_p309_c1_grm_std_uni,1,3.0945963859558105,-3.2932040691375732,1
Clemson-DND_p309_c1_grm_std_uni,1,3.1460485458374023,-3.3668863773345947,1
Clemson-DND_p309_c1_grm_std_uni,1,3.438896417617798,-3.6608681678771973,1
Clemson-DND_p309_c1_grm_std_uni,1,3.629038095474243,-3.8315093517303467,1
Clemson-DND_p309_c1_grm_std_uni,1,3.7496964931488037,-3.881666898727417,1
Clemson-DND_p309_c1_grm_std_uni,1,3.864550828933716,-3.874854564666748,1
Clemson-DND_p309_c1_grm_std_uni,1,3.939337730407715,-3.843838930130005,1
Clemson-DND_p309_c1_grm_std_uni,1,3.828108787536621,-3.6809115409851074,1
Clemson-DND_p309_c1_grm_std_uni,1,3.6103217601776123,-3.4954965114593506,1
Clemson-DND_p309_c1_grm_std_uni,1,3.5294957160949707,-3.413804769515991,1
Clemson-DND_p309_c1_grm_std_uni,1,3.2172858715057373,-3.231456995010376,1
Clemson-DND_p309_c1_grm_std_uni,1,3.170818567276001,-3.2930562496185303,1
Clemson-DND_p309_c1_grm_std_uni,1,3.4352152347564697,-3.535656213760376,1
Clemson-DND_p309_c1_grm_std_uni,1,3.6950013637542725,-3.6635260581970215,1
Clemson-DND_p309_c1_grm_std_uni,1,3.4819977283477783,-3.524277448654175,1
Clemson-DND_p309_c1_grm_std_uni,1,3.2709813117980957,-3.355707883834839,1
Clemson-DND_p309_c1_grm_std_uni,1,3.3749914169311523,-3.3972995281219482,1
Clemson-DND_p309_c1_grm_std_uni,1,3.3858673572540283,-3.3969814777374268,1
Clemson-DND_p309_c1_grm_std_uni,1,4.057078838348389,-3.8820276260375977,1
Clemson-DND_p309_c1_grm_std_uni,1,4.755351543426514,-4.256496906280518,1
Clemson-DND_p309_c1_grm_std_uni,1,4.754449367523193,-4.261884689331055,1
Clemson-DND_p309_c1_grm_std_uni,1,4.149240016937256,-3.412846326828003,1
Clemson-DND_p309_c1_grm_std_uni,1,2.828484296798706,-2.0886213779449463,1
Clemson-DND_p309_c1_grm_std_uni,1,2.88724946975708,-1.9237359762191772,1
Clemson-DND_p309_c1_grm_std_uni,1,4.516989707946777,-3.495266914367676,1
Clemson-DND_p309_c1_grm_std_uni,1,4.798272132873535,-3.659705877304077,1
Clemson-DND_p309_c1_grm_std_uni,1,5.0461015701293945,-3.672834873199463,1
Clemson-DND_p309_c1_grm_std_uni,1,5.5194010734558105,-3.4375250339508057,1
Clemson-DND_p309_c1_grm_std_uni,1,4.958856105804443,-2.6159465312957764,1
Clemson-DND_p309_c1_grm_std_uni,1,5.167714595794678,-2.7802340984344482,1
Clemson-DND_p309_c1_grm_std_uni,1,4.520975589752197,-2.6991734504699707,1
Clemson-DND_p309_c1_grm_std_uni,1,4.043569087982178,-2.572232484817505,1
Clemson-DND_p309_c1_grm_std_uni,1,4.085587024688721,-2.824660062789917,1
Clemson-DND_p309_c1_grm_std_uni,1,5.245537281036377,-3.9429075717926025,1
Clemson-DND_p309_c1_grm_std_uni,1,5.641433238983154,-4.363269329071045,1
Clemson-DND_p309_c1_grm_std_uni,1,5.866302490234375,-4.245415210723877,1
Clemson-DND_p309_c1_grm_std_uni,1,5.9990763664245605,-4.12021017074585,1
Clemson-DND_p309_c1_grm_std_uni,1,6.006505966186523,-4.1575236320495605,1
Clemson-DND_p309_c1_grm_std_uni,1,6.001060485839844,-4.1761250495910645,1
Clemson-DND_p309_c1_grm_std_uni,1,6.057638645172119,-3.988661527633667,1
Clemson-DND_p309_c1_grm_std_uni,1,6.117149353027344,-4.1181793212890625,1
Clemson-DND_p309_c1_grm_std_uni,1,5.928065776824951,-4.0541300773620605,1
Clemson-DND_p309_c1_grm_std_uni,1,5.988475322723389,-4.0779643058776855,1
Clemson-DND_p309_c1_grm_std_uni,1,6.098826885223389,-4.159552097320557,1
Clemson-DND_p309_c1_grm_std_uni,1,6.244140625,-4.341997146606445,1
Clemson-DND_p309_c1_grm_std_uni,1,5.978623867034912,-3.98884654045105,1
Clemson-DND_p309_c1_grm_std_uni,1,5.649446964263916,-3.7920267581939697,1
Clemson-DND_p309_c1_grm_std_uni,1,5.51687479019165,-3.705329656600952,1
Clemson-DND_p309_c1_grm_std_uni,1,5.214334487915039,-3.502296209335327,1
Clemson-DND_p309_c1_grm_std_uni,1,4.907948017120361,-3.1966285705566406,1
Clemson-DND_p309_c1_grm_std_uni,1,5.239101886749268,-3.6733970642089844,1
Clemson-DND_p309_c1_grm_std_uni,1,5.738954544067383,-4.215341091156006,1
Clemson-DND_p309_c1_grm_std_uni,1,6.081460475921631,-4.83659553527832,1
Clemson-DND_p309_c1_grm_std_uni,1,6.116000175476074,-4.8425188064575195,1
Clemson-DND_p309_c1_grm_std_uni,1,5.914498805999756,-4.7901387214660645,1
Clemson-DND_p309_c1_grm_std_uni,1,5.77252197265625,-4.5529465675354,1
Clemson-DND_p309_c1_grm_std_uni,1,5.825196266174316,-4.13215970993042,1
Clemson-DND_p309_c1_grm_std_uni,1,5.500481605529785,-3.7510809898376465,1
Clemson-DND_p309_c1_grm_std_uni,1,4.988772392272949,-2.9686431884765625,1
Clemson-DND_p309_c1_grm_std_uni,1,4.90216588973999,-3.2485909461975098,1
Clemson-DND_p309_c1_grm_std_uni,1,4.6616692543029785,-3.1813507080078125,1
Clemson-DND_p309_c1_grm_std_uni,1,4.9726104736328125,-3.667187452316284,1
Clemson-DND_p309_c1_grm_std_uni,1,5.183861255645752,-3.7628235816955566,1
Clemson-DND_p309_c1_grm_std_uni,1,5.569108009338379,-4.340176582336426,1
Clemson-DND_p309_c1_grm_std_uni,1,5.272662162780762,-4.219280242919922,1
Clemson-DND_p309_c1_grm_std_uni,1,5.543704032897949,-4.016359329223633,1
Clemson-DND_p309_c1_grm_std_uni,1,5.560110569000244,-4.110867500305176,1
Clemson-DND_p309_c1_grm_std_uni,1,5.648848533630371,-4.211883068084717,1
Clemson-DND_p309_c1_grm_std_uni,1,5.742878437042236,-4.317742824554443,1
Clemson-DND_p309_c1_grm_std_uni,1,6.012465000152588,-4.660155296325684,1
Clemson-DND_p309_c1_grm_std_uni,1,5.601318836212158,-4.047801494598389,1
Clemson-DND_p309_c1_grm_std_uni,1,5.4563140869140625,-3.853175163269043,1
Clemson-DND_p309_c1_grm_std_uni,1,5.372154235839844,-3.7668774127960205,1
Clemson-DND_p309_c1_grm_std_uni,1,4.7782301902771,-3.527792453765869,1
Clemson-DND_p309_c1_grm_std_uni,1,4.758967399597168,-3.6533682346343994,1
Clemson-DND_p309_c1_grm_std_uni,1,4.702882289886475,-3.67472505569458,1
Clemson-DND_p309_c1_grm_std_uni,1,4.950873851776123,-3.981579303741455,1
Clemson-DND_p309_c1_grm_std_uni,1,5.570599555969238,-4.554998874664307,1
Clemson-DND_p309_c1_grm_std_uni,1,5.509335041046143,-4.524457931518555,1
Clemson-DND_p309_c1_grm_std_uni,1,5.546082019805908,-4.2900238037109375,1
Clemson-DND_p309_c1_grm_std_uni,1,5.7409234046936035,-4.2174153327941895,1
Clemson-DND_p309_c1_grm_std_uni,1,5.668580532073975,-4.0307297706604,1
Clemson-DND_p309_c1_grm_std_uni,1,5.5065178871154785,-3.9074597358703613,1
Clemson-DND_p309_c1_grm_std_uni,1,5.3443603515625,-3.9450316429138184,1
Clemson-DND_p309_c1_grm_std_uni,1,5.35567569732666,-4.188880443572998,1
Clemson-DND_p309_c1_grm_std_uni,1,4.893100261688232,-3.839576244354248,1
Clemson-DND_p309_c1_grm_std_uni,1,4.784955024719238,-3.47131085395813,1
Clemson-DND_p309_c1_grm_std_uni,1,4.915537357330322,-3.908172607421875,1
Clemson-DND_p309_c1_grm_std_uni,1,5.02988862991333,-4.0443434715271,1
Clemson-DND_p309_c1_grm_std_uni,1,4.942439556121826,-4.194222927093506,1
Clemson-DND_p309_c1_grm_std_uni,1,5.142100811004639,-4.359315872192383,1
Clemson-DND_p309_c1_grm_std_uni,1,5.419628620147705,-4.600448131561279,1
Clemson-DND_p309_c1_grm_std_uni,1,5.351240158081055,-4.601344585418701,1
Clemson-DND_p309_c1_grm_std_uni,1,5.497469902038574,-4.670381546020508,1
Clemson-DND_p309_c1_grm_std_uni,1,5.568446636199951,-4.597566604614258,1
Clemson-DND_p309_c1_grm_std_uni,1,5.204708576202393,-4.222239971160889,1
Clemson-DND_p309_c1_grm_std_uni,1,5.1724629402160645,-3.874406576156616,1
Clemson-DND_p309_c1_grm_std_uni,1,5.077535629272461,-3.3773062229156494,1
Clemson-DND_p309_c1_grm_std_uni,1,4.40972375869751,-2.616650104522705,1
Clemson-DND_p309_c1_grm_std_uni,1,4.582192420959473,-2.980989694595337,1
Clemson-DND_p309_c1_grm_std_uni,1,4.100190162658691,-2.8637216091156006,1
Clemson-DND_p309_c1_grm_std_uni,1,3.978360414505005,-2.621783494949341,1
Clemson-DND_p309_c1_grm_std_uni,1,4.601593017578125,-3.4550788402557373,1
Clemson-DND_p309_c1_grm_std_uni,1,5.622809886932373,-4.257289409637451,1
Clemson-DND_p309_c1_grm_std_uni,1,5.905447959899902,-4.691225051879883,1
Clemson-DND_p309_c1_grm_std_uni,1,5.860294818878174,-4.71129035949707,1
Clemson-DND_p309_c1_grm_std_uni,1,5.5995097160339355,-4.2390666007995605,1
Clemson-DND_p309_c1_grm_std_uni,1,5.617386341094971,-4.242532253265381,1
Clemson-DND_p309_c1_grm_std_uni,1,5.432652950286865,-4.0263519287109375,1
Clemson-DND_p309_c1_grm_std_uni,1,5.569708824157715,-4.153478622436523,1
Clemson-DND_p309_c1_grm_std_uni,1,4.990782260894775,-3.34372878074646,1
Clemson-DND_p309_c1_grm_std_uni,1,4.846338272094727,-3.19705867767334,1
Clemson-DND_p309_c1_grm_std_uni,1,4.910483360290527,-3.3120970726013184,1
Clemson-DND_p309_c1_grm_std_uni,1,5.477600574493408,-3.9795291423797607,1
Clemson-DND_p309_c1_grm_std_uni,1,5.78610372543335,-4.637608528137207,1
Clemson-DND_p309_c1_grm_std_uni,1,5.636087894439697,-4.131152629852295,1
Clemson-DND_p309_c1_grm_std_uni,1,5.023292541503906,-3.7419421672821045,1
Clemson-DND_p309_c1_grm_std_uni,1,4.864481449127197,-3.3892900943756104,1
Clemson-DND_p309_c1_grm_std_uni,1,5.1043314933776855,-3.5572779178619385,1
Clemson-DND_p309_c1_grm_std_uni,1,5.209085941314697,-3.918074607849121,1
Clemson-DND_p309_c1_grm_std_uni,1,5.492800235748291,-4.107644557952881,1
Clemson-DND_p309_c1_grm_std_uni,1,5.529236316680908,-4.048410892486572,1
Clemson-DND_p309_c1_grm_std_uni,1,5.311911106109619,-3.709536552429199,1
Clemson-DND_p309_c1_grm_std_uni,1,5.128758430480957,-3.747666358947754,1
Clemson-DND_p309_c1_grm_std_uni,1,4.463706016540527,-3.4317550659179688,1
Clemson-DND_p309_c1_grm_std_uni,1,4.004281044006348,-3.048668384552002,1
Clemson-DND_p309_c1_grm_std_uni,1,4.356651782989502,-3.1603360176086426,1
Clemson-DND_p309_c1_grm_std_uni,1,4.483660697937012,-3.554069995880127,1
Clemson-DND_p309_c1_grm_std_uni,1,4.936617851257324,-3.9279017448425293,1
Clemson-DND_p309_c1_grm_std_uni,1,5.095265865325928,-4.1063714027404785,1
Clemson-DND_p309_c1_grm_std_uni,1,5.398813247680664,-4.341529846191406,1
Clemson-DND_p309_c1_grm_std_uni,1,5.761609077453613,-4.666842460632324,1
Clemson-DND_p309_c1_grm_std_uni,1,5.927892208099365,-4.847557544708252,1
Clemson-DND_p309_c1_grm_std_uni,1,6.121954441070557,-4.868081569671631,1
Clemson-DND_p309_c1_grm_std_uni,1,5.990824222564697,-4.895726203918457,1
Clemson-DND_p309_c1_grm_std_uni,1,5.682345867156982,-4.419966220855713,1
Clemson-DND_p309_c1_grm_std_uni,1,5.625514507293701,-4.19758939743042,1
Clemson-DND_p309_c1_grm_std_uni,1,5.441206932067871,-3.9647116661071777,1
Clemson-DND_p309_c1_grm_std_uni,1,5.404674053192139,-4.242604732513428,1
Clemson-DND_p309_c1_grm_std_uni,1,5.437072277069092,-4.2794623374938965,1
Clemson-DND_p309_c1_grm_std_uni,1,5.387282848358154,-4.2801008224487305,1
Clemson-DND_p309_c1_grm_std_uni,1,5.154586315155029,-4.150195121765137,1
Clemson-DND_p309_c1_grm_std_uni,1,5.114043235778809,-4.285109519958496,1
Clemson-DND_p309_c1_grm_std_uni,1,5.283833026885986,-4.449821472167969,1
Clemson-DND_p309_c1_grm_std_uni,1,5.47308874130249,-4.499655246734619,1
Clemson-DND_p309_c1_grm_std_uni,1,5.660002708435059,-4.741633892059326,1
Clemson-DND_p309_c1_grm_std_uni,1,5.595974445343018,-4.690030574798584,1
Clemson-DND_p309_c1_grm_std_uni,1,5.584748268127441,-4.534928798675537,1
Clemson-DND_p309_c1_grm_std_uni,1,5.457940101623535,-4.492002487182617,1
Clemson-DND_p309_c1_grm_std_uni,1,5.285942077636719,-4.173396587371826,1
Clemson-DND_p309_c1_grm_std_uni,1,5.448995113372803,-4.385947227478027,1
Clemson-DND_p309_c1_grm_std_uni,1,5.3875322341918945,-4.485304832458496,1
Clemson-DND_p309_c1_grm_std_uni,1,5.289328098297119,-4.091198921203613,1
Clemson-DND_p309_c1_grm_std_uni,1,5.608250141143799,-4.772500514984131,1
Clemson-DND_p309_c1_grm_std_uni,1,5.732351303100586,-4.747452735900879,1
Clemson-DND_p309_c1_grm_std_uni,1,6.162827014923096,-4.778287410736084,1
Clemson-DND_p309_c1_grm_std_uni,1,6.141135215759277,-4.979772090911865,1
Clemson-DND_p309_c1_grm_std_uni,1,6.206421375274658,-5.0143723487854,1
Clemson-DND_p309_c1_grm_std_uni,1,6.22457218170166,-4.458424091339111,1
Clemson-DND_p309_c1_grm_std_uni,1,5.007662296295166,-3.4157865047454834,1
Clemson-DND_p309_c1_grm_std_uni,1,5.048887252807617,-4.159093379974365,1
Clemson-DND_p309_c1_grm_std_uni,1,4.723941326141357,-3.8201382160186768,1
Clemson-DND_p309_c1_grm_std_uni,1,5.265282154083252,-3.980435371398926,1
Clemson-DND_p309_c1_grm_std_uni,1,5.313458442687988,-3.7053298950195312,1
Clemson-DND_p309_c1_grm_std_uni,1,5.170258522033691,-3.6077847480773926,1
Clemson-DND_p309_c1_grm_std_uni,1,5.027193546295166,-3.4126150608062744,1
Clemson-DND_p309_c1_grm_std_uni,1,4.672507286071777,-3.220048189163208,1
Clemson-DND_p309_c1_grm_std_uni,1,4.795246601104736,-3.163543224334717,1
Clemson-DND_p309_c1_grm_std_uni,1,5.023922920227051,-3.634222984313965,1
Clemson-DND_p309_c1_grm_std_uni,1,5.430538654327393,-4.152543067932129,1
Clemson-DND_p309_c1_grm_std_uni,1,5.9902849197387695,-4.836050510406494,1
Clemson-DND_p309_c1_grm_std_uni,1,5.956802845001221,-4.816388130187988,1
Clemson-DND_p309_c1_grm_std_uni,1,6.039336681365967,-4.879342555999756,1
Clemson-DND_p309_c1_grm_std_uni,1,6.058966159820557,-4.89851713180542,1
Clemson-DND_p309_c1_grm_std_uni,1,6.03385591506958,-4.958829402923584,1
Clemson-DND_p309_c1_grm_std_uni,1,5.984330177307129,-4.862954139709473,1
Clemson-DND_p309_c1_grm_std_uni,1,5.83232307434082,-4.5362701416015625,1
Clemson-DND_p309_c1_grm_std_uni,1,5.6811957359313965,-4.29931116104126,1
Clemson-DND_p309_c1_grm_std_uni,1,5.602080821990967,-4.380013942718506,1
Clemson-DND_p309_c1_grm_std_uni,1,5.925849914550781,-4.6233015060424805,1
Clemson-DND_p309_c1_grm_std_uni,1,6.317872524261475,-4.652441024780273,1
Clemson-DND_p309_c1_grm_std_uni,1,6.592988967895508,-4.772904396057129,1
Clemson-DND_p309_c1_grm_std_uni,1,5.753482341766357,-4.434959411621094,1
Clemson-DND_p309_c1_grm_std_uni,1,5.14903450012207,-3.9191431999206543,1
Clemson-DND_p309_c1_grm_std_uni,1,4.936580181121826,-3.5804145336151123,1
Clemson-DND_p309_c1_grm_std_uni,1,5.010605812072754,-3.259366750717163,1
Clemson-DND_p309_c1_grm_std_uni,1,4.956522464752197,-3.596630096435547,1
Clemson-DND_p309_c1_grm_std_uni,1,4.682211399078369,-3.415537118911743,1
Clemson-DND_p309_c1_grm_std_uni,1,4.667830944061279,-3.333976984024048,1
Clemson-DND_p309_c1_grm_std_uni,1,4.864941596984863,-3.6231696605682373,1
Clemson-DND_p309_c1_grm_std_uni,1,5.512250900268555,-4.268699645996094,1
Clemson-DND_p309_c1_grm_std_uni,1,5.740755081176758,-4.5761494636535645,1
Clemson-DND_p309_c1_grm_std_uni,1,5.585762977600098,-4.349784851074219,1
Clemson-DND_p309_c1_grm_std_uni,1,4.896736145019531,-3.5264735221862793,1
Clemson-DND_p309_c1_grm_std_uni,1,5.0204315185546875,-3.4058032035827637,1
Clemson-DND_p309_c1_grm_std_uni,1,4.463812828063965,-2.830401659011841,1
Clemson-DND_p309_c1_grm_std_uni,1,4.148808002471924,-2.685974597930908,1
Clemson-DND_p309_c1_grm_std_uni,1,4.5461649894714355,-2.700958251953125,1
Clemson-DND_p309_c1_grm_std_uni,1,4.852280139923096,-3.333855628967285,1
Clemson-DND_p309_c1_grm_std_uni,1,4.415011405944824,-3.2850096225738525,1
Clemson-DND_p309_c1_grm_std_uni,1,3.921628713607788,-2.9027857780456543,1
Clemson-DND_p309_c1_grm_std_uni,1,3.8503453731536865,-2.6264913082122803,1
Clemson-DND_p309_c1_grm_std_uni,1,4.400003910064697,-3.0887324810028076,1
Clemson-DND_p309_c1_grm_std_uni,1,4.817398548126221,-3.5993916988372803,1
Clemson-DND_p309_c1_grm_std_uni,1,5.545948505401611,-4.319117069244385,1
Clemson-DND_p309_c1_grm_std_uni,1,5.695388317108154,-4.513857841491699,1
Clemson-DND_p309_c1_grm_std_uni,1,5.809668064117432,-4.58983850479126,1
Clemson-DND_p309_c1_grm_std_uni,1,5.633532524108887,-4.174334526062012,1
Clemson-DND_p309_c1_grm_std_uni,1,5.645723342895508,-4.351336479187012,1
Clemson-DND_p309_c1_grm_std_uni,1,5.646516799926758,-4.444007873535156,1
Clemson-DND_p309_c1_grm_std_uni,1,5.685163974761963,-4.572900295257568,1
Clemson-DND_p309_c1_grm_std_uni,1,5.7211995124816895,-4.642159461975098,1
Clemson-DND_p309_c1_grm_std_uni,1,6.297013759613037,-4.95780086517334,1
Clemson-DND_p309_c1_grm_std_uni,1,6.603278160095215,-5.3310160636901855,1
Clemson-DND_p309_c1_grm_std_uni,1,6.445486068725586,-5.222771644592285,1
Clemson-DND_p309_c1_grm_std_uni,1,6.408740520477295,-5.093164443969727,1
Clemson-DND_p309_c1_grm_std_uni,1,5.859303951263428,-4.575042724609375,1
Clemson-DND_p309_c1_grm_std_uni,1,5.605283737182617,-3.9712119102478027,1
Clemson-DND_p309_c1_grm_std_uni,1,5.479370594024658,-3.7435379028320312,1
Clemson-DND_p309_c1_grm_std_uni,1,5.701615333557129,-4.0457658767700195,1
Clemson-DND_p309_c1_grm_std_uni,1,5.926486015319824,-4.655287265777588,1
Clemson-DND_p309_c1_grm_std_uni,1,6.2134857177734375,-5.063657760620117,1
Clemson-DND_p309_c1_grm_std_uni,1,5.913193225860596,-5.015882968902588,1
Clemson-DND_p309_c1_grm_std_uni,1,6.244307994842529,-4.867828369140625,1
Clemson-DND_p309_c1_grm_std_uni,1,6.620087623596191,-5.2441887855529785,1
Clemson-DND_p309_c1_grm_std_uni,1,6.614194869995117,-5.243536472320557,1
Clemson-DND_p309_c1_grm_std_uni,1,7.256560325622559,-6.012684345245361,1
Clemson-DND_p309_c1_grm_std_uni,1,7.617251873016357,-6.543305397033691,1
Clemson-DND_p309_c1_grm_std_uni,1,7.128836154937744,-5.451673984527588,1
Clemson-DND_p309_c1_grm_std_uni,1,6.426562309265137,-4.565774917602539,1
Clemson-DND_p309_c1_grm_std_uni,1,5.8634562492370605,-3.9014594554901123,1
Clemson-DND_p309_c1_grm_std_uni,1,5.689978122711182,-3.39213490486145,1
Clemson-DND_p309_c1_grm_std_uni,1,5.652013301849365,-3.875511884689331,1
Clemson-DND_p309_c1_grm_std_uni,1,4.836654186248779,-3.1576087474823,1
Clemson-DND_p309_c1_grm_std_uni,1,4.796927452087402,-3.14064884185791,1
Clemson-DND_p309_c1_grm_std_uni,1,5.043380260467529,-3.5145657062530518,1
Clemson-DND_p309_c1_grm_std_uni,1,5.997618675231934,-4.477466106414795,1
Clemson-DND_p309_c1_grm_std_uni,1,6.047745227813721,-4.591774940490723,1
Clemson-DND_p309_c1_grm_std_uni,1,6.322546482086182,-4.8881120681762695,1
Clemson-DND_p309_c1_grm_std_uni,1,6.17263126373291,-4.591742515563965,1
Clemson-DND_p309_c1_grm_std_uni,1,6.09962272644043,-4.650893688201904,1
Clemson-DND_p309_c1_grm_std_uni,1,6.051387310028076,-4.594460964202881,1
Clemson-DND_p309_c1_grm_std_uni,1,6.1430206298828125,-4.5602335929870605,1
Clemson-DND_p309_c1_grm_std_uni,1,6.174800395965576,-4.401578903198242,1
Clemson-DND_p309_c1_grm_std_uni,1,6.154691219329834,-4.300602912902832,1
Clemson-DND_p309_c1_grm_std_uni,1,5.033645153045654,-3.766782283782959,1
Clemson-DND_p309_c1_grm_std_uni,1,5.194340229034424,-4.254499912261963,1
Clemson-DND_p309_c1_grm_std_uni,1,5.1682562828063965,-4.048356056213379,1
Clemson-DND_p309_c1_grm_std_uni,1,5.110690116882324,-4.00393533706665,1
Clemson-DND_p309_c1_grm_std_uni,1,5.214474201202393,-4.434966087341309,1
Clemson-DND_p309_c1_grm_std_uni,1,5.014547348022461,-4.281655311584473,1
Clemson-DND_p309_c1_grm_std_uni,1,5.124779224395752,-4.288416385650635,1
Clemson-DND_p309_c1_grm_std_uni,1,5.236804485321045,-4.157721996307373,1
Clemson-DND_p309_c1_grm_std_uni,1,5.52389669418335,-4.158801555633545,1
Clemson-DND_p309_c1_grm_std_uni,1,5.620814323425293,-4.4022746086120605,1
Clemson-DND_p309_c1_grm_std_uni,1,5.639222145080566,-4.6006760597229,1
Clemson-DND_p309_c1_grm_std_uni,1,5.817143440246582,-4.978409290313721,1
Clemson-DND_p309_c1_grm_std_uni,1,5.672224998474121,-5.093893051147461,1
Clemson-DND_p309_c1_grm_std_uni,1,5.954771041870117,-5.516538143157959,1
Clemson-DND_p309_c1_grm_std_uni,1,6.465825080871582,-5.451125621795654,1
Clemson-DND_p309_c1_grm_std_uni,1,6.290292739868164,-5.047155857086182,1
Clemson-DND_p309_c1_grm_std_uni,1,6.21973991394043,-4.945271968841553,1
Clemson-DND_p309_c1_grm_std_uni,1,6.619929313659668,-5.599883079528809,1
Clemson-DND_p309_c1_grm_std_uni,1,7.156845569610596,-5.928579807281494,1
Clemson-DND_p309_c1_grm_std_uni,1,7.590893268585205,-6.334046363830566,1
Clemson-DND_p309_c1_grm_std_uni,1,7.389726638793945,-6.3724799156188965,1
Clemson-DND_p309_c1_grm_std_uni,1,6.0406012535095215,-4.745840549468994,1
Clemson-DND_p309_c1_grm_std_uni,1,5.192076683044434,-4.043771743774414,1
Clemson-DND_p309_c1_grm_std_uni,1,4.525339126586914,-3.4266443252563477,1
Clemson-DND_p309_c1_grm_std_uni,1,4.19277286529541,-2.945314645767212,1
Clemson-DND_p309_c1_grm_std_uni,1,4.723211765289307,-3.3939931392669678,1
Clemson-DND_p309_c1_grm_std_uni,1,4.7347612380981445,-2.911370277404785,1
Clemson-DND_p309_c1_grm_std_uni,1,5.169182777404785,-3.286930799484253,1
Clemson-DND_p309_c1_grm_std_uni,1,5.639655590057373,-4.1363911628723145,1
Clemson-DND_p309_c1_grm_std_uni,1,6.1737284660339355,-4.595485210418701,1
Clemson-DND_p309_c1_grm_std_uni,1,6.594836235046387,-4.670892238616943,1
Clemson-DND_p309_c1_grm_std_uni,1,6.640532970428467,-4.661299228668213,1
Clemson-DND_p309_c1_grm_std_uni,1,6.136756896972656,-4.31469202041626,1
Clemson-DND_p309_c1_grm_std_uni,1,5.765937328338623,-3.3907392024993896,1
Clemson-DND_p309_c1_grm_std_uni,1,5.6077728271484375,-3.6749696731567383,1
Clemson-DND_p309_c1_grm_std_uni,1,5.098536491394043,-3.5843451023101807,1
Clemson-DND_p309_c1_grm_std_uni,1,4.976715087890625,-3.5911097526550293,1
Clemson-DND_p309_c1_grm_std_uni,1,5.141269207000732,-3.668933153152466,1
Clemson-DND_p309_c1_grm_std_uni,1,5.520062446594238,-3.586575984954834,1
Clemson-DND_p309_c1_grm_std_uni,1,5.026763916015625,-3.133896827697754,1
Clemson-DND_p309_c1_grm_std_uni,1,4.920366287231445,-3.2746193408966064,1
Clemson-DND_p309_c1_grm_std_uni,1,4.92392635345459,-3.6299543380737305,1
Clemson-DND_p309_c1_grm_std_uni,1,4.588894844055176,-3.5165669918060303,1
Clemson-DND_p309_c1_grm_std_uni,1,5.055722713470459,-4.097349643707275,1
Clemson-DND_p309_c1_grm_std_uni,1,4.700869083404541,-3.799475908279419,1
Clemson-DND_p309_c1_grm_std_uni,1,4.956252098083496,-3.9649226665496826,1
Clemson-DND_p309_c1_grm_std_uni,1,5.700682640075684,-4.819802761077881,1
Clemson-DND_p309_c1_grm_std_uni,1,5.529419422149658,-4.2954912185668945,1
Clemson-DND_p309_c1_grm_std_uni,1,5.688908100128174,-4.713473320007324,1
Clemson-DND_p309_c1_grm_std_uni,1,6.280500411987305,-5.674324989318848,1
Clemson-DND_p309_c1_grm_std_uni,1,6.775186061859131,-5.406624794006348,1
Clemson-DND_p309_c1_grm_std_uni,1,7.009280204772949,-5.726120948791504,1
Clemson-DND_p309_c1_grm_std_uni,1,7.213608264923096,-5.68938684463501,1
Clemson-DND_p309_c1_grm_std_uni,1,6.531426906585693,-5.03515625,1
Clemson-DND_p309_c1_grm_std_uni,1,6.0906572341918945,-4.763373851776123,1
Clemson-DND_p309_c1_grm_std_uni,1,5.705725193023682,-4.331724166870117,1
Clemson-DND_p309_c1_grm_std_uni,1,5.384456157684326,-4.212015628814697,1
Clemson-DND_p309_c1_grm_std_uni,1,5.00984001159668,-4.132731914520264,1
Clemson-DND_p309_c1_grm_std_uni,1,5.048452854156494,-4.392703533172607,1
Clemson-DND_p309_c1_grm_std_uni,1,5.049780368804932,-4.391299247741699,1
Clemson-DND_p309_c1_grm_std_uni,1,5.1506428718566895,-4.549026966094971,1
Clemson-DND_p309_c1_grm_std_uni,1,5.374533176422119,-4.456810474395752,1
Clemson-DND_p309_c1_grm_std_uni,1,5.384819507598877,-4.346404075622559,1
Clemson-DND_p309_c1_grm_std_uni,1,5.502518653869629,-4.280192852020264,1
Clemson-DND_p309_c1_grm_std_uni,1,5.489048957824707,-4.008981704711914,1
Clemson-DND_p309_c1_grm_std_uni,1,5.696157932281494,-3.900592565536499,1
Clemson-DND_p309_c1_grm_std_uni,1,5.648476600646973,-3.920924663543701,1
Clemson-DND_p309_c1_grm_std_uni,1,6.027608394622803,-4.257131576538086,1
Clemson-DND_p309_c1_grm_std_uni,1,6.040754318237305,-4.9456658363342285,1
Clemson-DND_p309_c1_grm_std_uni,1,5.912743091583252,-5.158236026763916,1
Clemson-DND_p309_c1_grm_std_uni,1,5.612943172454834,-4.832474231719971,1
Clemson-DND_p309_c1_grm_std_uni,1,5.405699253082275,-4.590451717376709,1
Clemson-DND_p309_c1_grm_std_uni,1,4.8243913650512695,-4.066807746887207,1
Clemson-DND_p309_c1_grm_std_uni,1,4.9248480796813965,-4.191319942474365,1
Clemson-DND_p309_c1_grm_std_uni,1,5.094673156738281,-4.292448997497559,1
Clemson-DND_p309_c1_grm_std_uni,1,4.412313461303711,-3.3169374465942383,1
Clemson-DND_p309_c1_grm_std_uni,1,4.487699031829834,-3.2258307933807373,1
Clemson-DND_p309_c1_grm_std_uni,1,4.694830894470215,-3.3552944660186768,1
Clemson-DND_p309_c1_grm_std_uni,1,5.02910852432251,-3.2109029293060303,1
Clemson-DND_p309_c1_grm_std_uni,1,3.8406245708465576,-2.6129486560821533,1
Clemson-DND_p309_c1_grm_std_uni,1,4.010810375213623,-2.5862796306610107,1
Clemson-DND_p309_c1_grm_std_uni,1,4.020754814147949,-2.7801215648651123,1
Clemson-DND_p309_c1_grm_std_uni,1,5.112234115600586,-3.631352663040161,1
Clemson-DND_p309_c1_grm_std_uni,1,6.107468605041504,-4.696450233459473,1
Clemson-DND_p309_c1_grm_std_uni,1,6.496946334838867,-5.274905681610107,1
Clemson-DND_p309_c1_grm_std_uni,1,6.698636054992676,-5.4875054359436035,1
Clemson-DND_p309_c1_grm_std_uni,1,6.507142066955566,-5.298496723175049,1
Clemson-DND_p309_c1_grm_std_uni,1,6.92044734954834,-5.653563976287842,1
Clemson-DND_p309_c1_grm_std_uni,1,7.195250511169434,-5.56568717956543,1
Clemson-DND_p309_c1_grm_std_uni,1,6.263598918914795,-5.52746057510376,1
Clemson-DND_p309_c1_grm_std_uni,1,5.745118618011475,-4.339198112487793,1
Clemson-DND_p309_c1_grm_std_uni,1,5.186439037322998,-3.741741895675659,1
Clemson-DND_p309_c1_grm_std_uni,1,5.306048393249512,-4.048269748687744,1
Clemson-DND_p309_c1_grm_std_uni,1,5.845329761505127,-4.806463718414307,1
Clemson-DND_p309_c1_grm_std_uni,1,5.9892659187316895,-4.633861064910889,1
Clemson-DND_p309_c1_grm_std_uni,1,5.538178443908691,-3.4902608394622803,1
Clemson-DND_p309_c1_grm_std_uni,1,5.1551642417907715,-3.267735481262207,1
Clemson-DND_p309_c1_grm_std_uni,1,5.304539680480957,-3.221219539642334,1
Clemson-DND_p309_c1_grm_std_uni,1,5.229559898376465,-3.8513095378875732,1
Clemson-DND_p309_c1_grm_std_uni,1,4.958664417266846,-3.722764253616333,1
Clemson-DND_p309_c1_grm_std_uni,1,5.380873203277588,-4.130687236785889,1
Clemson-DND_p309_c1_grm_std_uni,1,5.790171146392822,-4.722715377807617,1
Clemson-DND_p309_c1_grm_std_uni,1,6.199882507324219,-4.732755661010742,1
Clemson-DND_p309_c1_grm_std_uni,1,6.047815322875977,-4.781476974487305,1
Clemson-DND_p309_c1_grm_std_uni,1,6.196014404296875,-4.716558456420898,1
Clemson-DND_p309_c1_grm_std_uni,1,5.8514862060546875,-4.955420017242432,1
Clemson-DND_p309_c1_grm_std_uni,1,5.349983215332031,-4.285572528839111,1
Clemson-DND_p309_c1_grm_std_uni,1,5.026184558868408,-3.596973180770874,1
Clemson-DND_p309_c1_grm_std_uni,1,4.654230117797852,-3.3580005168914795,1
Clemson-DND_p309_c1_grm_std_uni,1,4.488804817199707,-3.608435869216919,1
Clemson-DND_p309_c1_grm_std_uni,1,4.53854513168335,-3.8186745643615723,1
Clemson-DND_p309_c1_grm_std_uni,1,4.470613479614258,-3.9445128440856934,1
Clemson-DND_p309_c1_grm_std_uni,1,4.572935581207275,-3.7542877197265625,1
Clemson-DND_p309_c1_grm_std_uni,1,4.905350208282471,-3.8858649730682373,1
Clemson-DND_p309_c1_grm_std_uni,1,5.338798522949219,-4.356839179992676,1
Clemson-DND_p309_c1_grm_std_uni,1,5.469470500946045,-4.780830383300781,1
Clemson-DND_p309_c1_grm_std_uni,1,5.309931755065918,-4.652414798736572,1
Clemson-DND_p309_c1_grm_std_uni,1,5.274610996246338,-4.791259765625,1
Clemson-DND_p309_c1_grm_std_uni,1,5.897796630859375,-4.657402038574219,1
Clemson-DND_p309_c1_grm_std_uni,1,6.412787914276123,-4.944192886352539,1
Clemson-DND_p309_c1_grm_std_uni,1,6.329469203948975,-5.047553539276123,1
Clemson-DND_p309_c1_grm_std_uni,1,6.456713676452637,-4.721799850463867,1
Clemson-DND_p309_c1_grm_std_uni,1,6.581578254699707,-5.304769515991211,1
Clemson-DND_p309_c1_grm_std_uni,1,6.865880012512207,-5.964544296264648,1
Clemson-DND_p309_c1_grm_std_uni,1,7.090748310089111,-6.476255416870117,1
Clemson-DND_p309_c1_grm_std_uni,1,6.608888149261475,-6.000711917877197,1
Clemson-DND_p309_c1_grm_std_uni,1,6.153754234313965,-5.6583638191223145,1
Clemson-DND_p309_c1_grm_std_uni,1,6.888484477996826,-6.747389316558838,1
Clemson-DND_p309_c1_grm_std_uni,1,6.910466194152832,-6.417038440704346,1
Clemson-DND_p309_c1_grm_std_uni,1,6.385487079620361,-5.260041236877441,1
Clemson-DND_p309_c1_grm_std_uni,1,5.88580322265625,-4.534339904785156,1
Clemson-DND_p309_c1_grm_std_uni,1,5.366592884063721,-3.9520926475524902,1
Clemson-DND_p309_c1_grm_std_uni,1,5.3741679191589355,-3.7700259685516357,1
Clemson-DND_p309_c1_grm_std_uni,1,5.12923002243042,-3.8284506797790527,1
Clemson-DND_p309_c1_grm_std_uni,1,4.958877086639404,-3.4804275035858154,1
Clemson-DND_p309_c1_grm_std_uni,1,4.829345703125,-3.3027522563934326,1
Clemson-DND_p309_c1_grm_std_uni,1,5.19240665435791,-3.801466941833496,1
Clemson-DND_p309_c1_grm_std_uni,1,5.638258934020996,-4.3625640869140625,1
Clemson-DND_p309_c1_grm_std_uni,1,5.749484539031982,-4.545203685760498,1
Clemson-DND_p309_c1_grm_std_uni,1,5.520115852355957,-4.411455154418945,1
Clemson-DND_p309_c1_grm_std_uni,1,5.58234977722168,-5.027503490447998,1
Clemson-DND_p309_c1_grm_std_uni,1,6.19766902923584,-4.924253463745117,1
Clemson-DND_p309_c1_grm_std_uni,1,6.551191329956055,-5.20241117477417,1
Clemson-DND_p309_c1_grm_std_uni,1,6.616086006164551,-5.277860164642334,1
Clemson-DND_p309_c1_grm_std_uni,1,5.83461332321167,-4.28449821472168,1
Clemson-DND_p309_c1_grm_std_uni,1,5.429169178009033,-3.91222882270813,1
Clemson-DND_p309_c1_grm_std_uni,1,5.4856791496276855,-3.9429619312286377,1
Clemson-DND_p309_c1_grm_std_uni,1,5.543329238891602,-3.947362184524536,1
Clemson-DND_p309_c1_grm_std_uni,1,5.473559856414795,-3.9879651069641113,1
Clemson-DND_p309_c1_grm_std_uni,1,5.251862049102783,-4.288681507110596,1
Clemson-DND_p309_c1_grm_std_uni,1,5.471734046936035,-4.67978572845459,1
Clemson-DND_p309_c1_grm_std_uni,1,5.943074703216553,-5.000080585479736,1
Clemson-DND_p309_c1_grm_std_uni,1,6.13375186920166,-5.011120796203613,1
Clemson-DND_p309_c1_grm_std_uni,1,6.405888557434082,-5.080847263336182,1
Clemson-DND_p309_c1_grm_std_uni,1,6.683995723724365,-4.998013019561768,1
Clemson-DND_p309_c1_grm_std_uni,1,6.706055641174316,-5.085715293884277,1
Clemson-DND_p309_c1_grm_std_uni,1,7.003861904144287,-5.665428161621094,1
Clemson-DND_p309_c1_grm_std_uni,1,7.122247695922852,-6.088993549346924,1
Clemson-DND_p309_c1_grm_std_uni,1,6.395596027374268,-5.934203624725342,1
Clemson-DND_p309_c1_grm_std_uni,1,6.084742069244385,-5.035124778747559,1
Clemson-DND_p309_c1_grm_std_uni,1,5.5460429191589355,-3.939418315887451,1
Clemson-DND_p309_c1_grm_std_uni,1,5.417316913604736,-3.7579565048217773,1
Clemson-DND_p309_c1_grm_std_uni,1,5.07526969909668,-3.6028623580932617,1
Clemson-DND_p309_c1_grm_std_uni,1,4.94252872467041,-3.561528205871582,1
Clemson-DND_p309_c1_grm_std_uni,1,5.228586196899414,-3.7288687229156494,1
Clemson-DND_p309_c1_grm_std_uni,1,5.305488586425781,-3.742197275161743,1
Clemson-DND_p309_c1_grm_std_uni,1,5.273630142211914,-3.7435338497161865,1
Clemson-DND_p309_c1_grm_std_uni,1,6.073546409606934,-4.486888408660889,1
Clemson-DND_p309_c1_grm_std_uni,1,5.753097057342529,-4.321395397186279,1
Clemson-DND_p309_c1_grm_std_uni,1,5.642280101776123,-4.410860061645508,1
Clemson-DND_p309_c1_grm_std_uni,1,6.23272705078125,-4.566959857940674,1
Clemson-DND_p309_c1_grm_std_uni,1,6.784765720367432,-5.324455261230469,1
Clemson-DND_p309_c1_grm_std_uni,1,6.7073774337768555,-5.280978679656982,1
Clemson-DND_p309_c1_grm_std_uni,1,7.3046464920043945,-5.8917107582092285,1
Clemson-DND_p309_c1_grm_std_uni,1,7.349331378936768,-5.805436134338379,1
Clemson-DND_p309_c1_grm_std_uni,1,6.569010257720947,-5.194057941436768,1
Clemson-DND_p309_c1_grm_std_uni,1,7.263426780700684,-6.167333602905273,1
Clemson-DND_p309_c1_grm_std_uni,1,6.878012657165527,-5.680619716644287,1
Clemson-DND_p309_c1_grm_std_uni,1,6.355048179626465,-4.77194881439209,1
Clemson-DND_p309_c1_grm_std_uni,1,6.364013195037842,-4.547329902648926,1
Clemson-DND_p309_c1_grm_std_uni,1,6.048521041870117,-4.706692218780518,1
Clemson-DND_p309_c1_grm_std_uni,1,5.6214141845703125,-4.406949520111084,1
Clemson-DND_p309_c1_grm_std_uni,1,6.126220226287842,-4.2124481201171875,1
Clemson-DND_p309_c1_grm_std_uni,1,5.579331398010254,-3.7192585468292236,1
Clemson-DND_p309_c1_grm_std_uni,1,5.2339863777160645,-3.4894232749938965,1
Clemson-DND_p309_c1_grm_std_uni,1,4.531720161437988,-3.2638778686523438,1
Clemson-DND_p309_c1_grm_std_uni,1,4.424404621124268,-3.2165606021881104,1
Clemson-DND_p309_c1_grm_std_uni,1,4.26387882232666,-3.1297011375427246,1
Clemson-DND_p309_c1_grm_std_uni,1,4.8647661209106445,-3.827815532684326,1
Clemson-DND_p309_c1_grm_std_uni,1,5.267755508422852,-4.184762001037598,1
Clemson-DND_p309_c1_grm_std_uni,1,5.779083251953125,-4.473322868347168,1
Clemson-DND_p309_c1_grm_std_uni,1,5.810140609741211,-4.587046146392822,1
Clemson-DND_p309_c1_grm_std_uni,1,5.804227828979492,-4.66427755355835,1
Clemson-DND_p309_c1_grm_std_uni,1,5.7686285972595215,-4.408875942230225,1
Clemson-DND_p309_c1_grm_std_uni,1,6.088940143585205,-4.627938747406006,1
Clemson-DND_p309_c1_grm_std_uni,1,5.7574567794799805,-4.414577960968018,1
Clemson-DND_p309_c1_grm_std_uni,1,5.960169315338135,-4.461677551269531,1
Clemson-DND_p309_c1_grm_std_uni,1,5.991966724395752,-4.541802883148193,1
Clemson-DND_p309_c1_grm_std_uni,1,6.040806770324707,-4.554994106292725,1
Clemson-DND_p309_c1_grm_std_uni,1,6.159682750701904,-4.935194492340088,1
Clemson-DND_p309_c1_grm_std_uni,1,6.188552379608154,-5.036855697631836,1
Clemson-DND_p309_c1_grm_std_uni,1,5.688955783843994,-4.771838665008545,1
Clemson-DND_p309_c1_grm_std_uni,1,5.8448662757873535,-4.95888614654541,1
Clemson-DND_p309_c1_grm_std_uni,1,5.735922813415527,-4.943578720092773,1
Clemson-DND_p309_c1_grm_std_uni,1,5.14450216293335,-3.9926559925079346,1
Clemson-DND_p309_c1_grm_std_uni,1,4.888280868530273,-3.7071774005889893,1
Clemson-DND_p309_c1_grm_std_uni,1,4.800562381744385,-3.3725011348724365,1
Clemson-DND_p309_c1_grm_std_uni,1,4.7452073097229,-3.114028215408325,1
Clemson-DND_p309_c1_grm_std_uni,1,4.73154878616333,-3.2648274898529053,1
Clemson-DND_p309_c1_grm_std_uni,1,3.7794575691223145,-2.6014487743377686,1
Clemson-DND_p309_c1_grm_std_uni,1,4.103000640869141,-2.978679656982422,1
Clemson-DND_p309_c1_grm_std_uni,1,4.868685722351074,-3.571514844894409,1
Clemson-DND_p309_c1_grm_std_uni,1,5.628539085388184,-4.382955551147461,1
Clemson-DND_p309_c1_grm_std_uni,1,5.561692237854004,-4.22122859954834,1
Clemson-DND_p309_c1_grm_std_uni,1,5.44387149810791,-4.009375095367432,1
Clemson-DND_p309_c1_grm_std_uni,1,6.03626012802124,-4.363853931427002,1
Clemson-DND_p309_c1_grm_std_uni,1,6.6838812828063965,-4.945816993713379,1
Clemson-DND_p309_c1_grm_std_uni,1,6.220515727996826,-4.294340133666992,1
Clemson-DND_p309_c1_grm_std_uni,1,5.237068176269531,-3.740663766860962,1
Clemson-DND_p309_c1_grm_std_uni,1,5.067737102508545,-3.8950531482696533,1
Clemson-DND_p309_c1_grm_std_uni,1,5.523880958557129,-4.405296802520752,1
Clemson-DND_p309_c1_grm_std_uni,1,5.518276691436768,-4.582679748535156,1
Clemson-DND_p309_c1_grm_std_uni,1,5.651339054107666,-4.426070213317871,1
Clemson-DND_p309_c1_grm_std_uni,1,5.53073787689209,-4.176969051361084,1
Clemson-DND_p309_c1_grm_std_uni,1,5.551107406616211,-4.2785964012146,1
Clemson-DND_p309_c1_grm_std_uni,1,5.716578483581543,-4.692536354064941,1
Clemson-DND_p309_c1_grm_std_uni,1,5.951086044311523,-4.95659065246582,1
Clemson-DND_p309_c1_grm_std_uni,1,6.185318470001221,-4.982907295227051,1
Clemson-DND_p309_c1_grm_std_uni,1,6.638850212097168,-5.2280378341674805,1
Clemson-DND_p309_c1_grm_std_uni,1,6.775053977966309,-5.167726516723633,1
Clemson-DND_p309_c1_grm_std_uni,1,7.132182598114014,-5.519650936126709,1
Clemson-DND_p309_c1_grm_std_uni,1,7.475584030151367,-6.615965366363525,1
Clemson-DND_p309_c1_grm_std_uni,1,7.50948429107666,-6.699223041534424,1
Clemson-DND_p309_c1_grm_std_uni,1,7.267839431762695,-6.588935852050781,1
Clemson-DND_p309_c1_grm_std_uni,1,7.612085819244385,-6.615450859069824,1
Clemson-DND_p309_c1_grm_std_uni,1,6.875504016876221,-5.430841445922852,1
Clemson-DND_p309_c1_grm_std_uni,1,6.684582233428955,-4.943449020385742,1
Clemson-DND_p309_c1_grm_std_uni,1,7.092572212219238,-5.254627704620361,1
Clemson-DND_p309_c1_grm_std_uni,1,8.25174617767334,-6.545765399932861,1
Clemson-DND_p309_c1_grm_std_uni,1,8.587529182434082,-7.1732659339904785,1
Clemson-DND_p309_c1_grm_std_uni,1,8.57937240600586,-7.478217601776123,1
Clemson-DND_p309_c1_grm_std_uni,1,8.368462562561035,-7.1442999839782715,1
Clemson-DND_p309_c1_grm_std_uni,1,8.161269187927246,-7.333328723907471,1
Clemson-DND_p309_c1_grm_std_uni,1,7.892374038696289,-7.186857223510742,1
Clemson-DND_p309_c1_grm_std_uni,1,7.546958923339844,-6.737982749938965,1
Clemson-DND_p309_c1_grm_std_uni,1,7.609101295471191,-6.608362197875977,1
Clemson-DND_p309_c1_grm_std_uni,1,8.35710334777832,-7.263531684875488,1
Clemson-DND_p309_c1_grm_std_uni,1,8.514042854309082,-7.369054317474365,1
Clemson-DND_p309_c1_grm_std_uni,1,8.072402000427246,-6.927033424377441,1
Clemson-DND_p309_c1_grm_std_uni,1,7.05679178237915,-6.0881667137146,1
Clemson-DND_p309_c1_grm_std_uni,1,6.529403209686279,-5.568770885467529,1
Clemson-DND_p309_c1_grm_std_uni,1,6.22081184387207,-5.142847061157227,1
Clemson-DND_p309_c1_grm_std_uni,1,5.579498767852783,-4.476068019866943,1
Clemson-DND_p309_c1_grm_std_uni,1,5.4589056968688965,-4.371057033538818,1
Clemson-DND_p309_c1_grm_std_uni,1,5.662765026092529,-4.676819324493408,1
Clemson-DND_p309_c1_grm_std_uni,1,6.25687837600708,-5.397463798522949,1
Clemson-DND_p309_c1_grm_std_uni,1,6.2773919105529785,-5.499457359313965,1
Clemson-DND_p309_c1_grm_std_uni,1,6.263943672180176,-5.458136081695557,1
Clemson-DND_p309_c1_grm_std_uni,1,5.589119911193848,-4.825474262237549,1
Clemson-DND_p309_c1_grm_std_uni,1,4.418038845062256,-3.7658345699310303,1
Clemson-DND_p309_c1_grm_std_uni,1,4.3398332595825195,-3.5501856803894043,1
Clemson-DND_p309_c1_grm_std_uni,1,5.147655010223389,-4.104277610778809,1
Clemson-DND_p309_c1_grm_std_uni,1,6.010199069976807,-4.721646308898926,1
Clemson-DND_p309_c1_grm_std_uni,1,6.463675022125244,-5.20109224319458,1
Clemson-DND_p309_c1_grm_std_uni,1,6.296673774719238,-5.5167059898376465,1
Clemson-DND_p309_c1_grm_std_uni,1,5.94191837310791,-5.211167812347412,1
Clemson-DND_p309_c1_grm_std_uni,1,5.304354667663574,-4.59165620803833,1
Clemson-DND_p309_c1_grm_std_uni,1,5.366727828979492,-4.505585670471191,1
Clemson-DND_p309_c1_grm_std_uni,1,5.513906002044678,-4.683818340301514,1
Clemson-DND_p309_c1_grm_std_uni,1,5.654387950897217,-4.9109296798706055,1
Clemson-DND_p309_c1_grm_std_uni,1,5.218523979187012,-4.514338970184326,1
Clemson-DND_p309_c1_grm_std_uni,1,5.014052391052246,-4.294626712799072,1
Clemson-DND_p309_c1_grm_std_uni,1,4.549871444702148,-3.725290060043335,1
Clemson-DND_p309_c1_grm_std_uni,1,4.206752777099609,-3.177025318145752,1
Clemson-DND_p309_c1_grm_std_uni,1,4.524545669555664,-4.040947914123535,1
Clemson-DND_p309_c1_grm_std_uni,1,4.9471611976623535,-5.043879985809326,1
Clemson-DND_p309_c1_grm_std_uni,1,4.6464691162109375,-4.948850631713867,1
Clemson-DND_p309_c1_grm_std_uni,1,3.9657890796661377,-4.410248279571533,1
Clemson-DND_p309_c1_grm_std_uni,1,4.435579776763916,-5.097302436828613,1
Clemson-DND_p309_c1_grm_std_uni,1,4.8087263107299805,-4.991096496582031,1
Clemson-DND_p309_c1_grm_std_uni,1,5.054861545562744,-5.439703464508057,1
Clemson-DND_p309_c1_grm_std_uni,1,4.5627055168151855,-4.713938236236572,1
Clemson-DND_p309_c1_grm_std_uni,1,2.339482307434082,-2.3976728916168213,1
Clemson-DND_p309_c1_grm_std_uni,1,3.306914806365967,-2.676950693130493,1
Clemson-DND_p309_c1_grm_std_uni,1,4.50093412399292,-3.852726459503174,1
Clemson-DND_p309_c1_grm_std_uni,1,5.521988391876221,-5.258999824523926,1
Clemson-DND_p309_c1_grm_std_uni,1,6.055059909820557,-5.554110050201416,1
Clemson-DND_p309_c1_grm_std_uni,1,6.267472267150879,-5.449835300445557,1
Clemson-DND_p309_c1_grm_std_uni,1,6.9898481369018555,-6.081254005432129,1
Clemson-DND_p309_c1_grm_std_uni,1,6.969388961791992,-6.235507488250732,1
Clemson-DND_p309_c1_grm_std_uni,1,6.725408554077148,-6.013516426086426,1
Clemson-DND_p309_c1_grm_std_uni,1,7.14795446395874,-6.305870532989502,1
Clemson-DND_p309_c1_grm_std_uni,1,7.199524879455566,-6.452554225921631,1
Clemson-DND_p309_c1_grm_std_uni,1,7.068322658538818,-6.509347438812256,1
Clemson-DND_p309_c1_grm_std_uni,1,7.092018127441406,-6.439175128936768,1
Clemson-DND_p309_c1_grm_std_uni,1,6.736731052398682,-6.005351543426514,1
Clemson-DND_p309_c1_grm_std_uni,1,5.461635112762451,-4.8299713134765625,1
Clemson-DND_p309_c1_grm_std_uni,1,4.9957098960876465,-4.322518825531006,1
Clemson-DND_p309_c1_grm_std_uni,1,4.781486988067627,-4.241650104522705,1
Clemson-DND_p309_c1_grm_std_uni,1,4.925184726715088,-4.455521106719971,1
Clemson-DND_p309_c1_grm_std_uni,1,5.290805339813232,-4.752274036407471,1
Clemson-DND_p309_c1_grm_std_uni,1,5.762078762054443,-5.069023132324219,1
Clemson-DND_p309_c1_grm_std_uni,1,5.561840534210205,-4.947624206542969,1
Clemson-DND_p309_c1_grm_std_uni,1,5.480200290679932,-4.76530122756958,1
Clemson-DND_p309_c1_grm_std_uni,1,4.944911003112793,-4.1943864822387695,1
Clemson-DND_p309_c1_grm_std_uni,1,4.82578182220459,-3.993260622024536,1
Clemson-DND_p309_c1_grm_std_uni,1,6.9387030601501465,-6.0174946784973145,1
Clemson-DND_p309_c1_grm_std_uni,1,6.762380123138428,-5.85449743270874,1
Clemson-DND_p309_c1_grm_std_uni,1,6.3578901290893555,-5.095143795013428,1
Clemson-DND_p309_c1_grm_std_uni,1,5.269559383392334,-3.9199435710906982,1
Clemson-DND_p309_c1_grm_std_uni,1,4.799058437347412,-3.2986791133880615,1
Clemson-DND_p309_c1_grm_std_uni,1,4.466835021972656,-3.062650203704834,1
Clemson-DND_p309_c1_grm_std_uni,1,4.6106367111206055,-3.5599477291107178,1
Clemson-DND_p309_c1_grm_std_uni,1,4.990757942199707,-4.051456928253174,1
Clemson-DND_p309_c1_grm_std_uni,1,5.393377780914307,-4.556361675262451,1
Clemson-DND_p309_c1_grm_std_uni,1,4.8449907302856445,-3.9495086669921875,1
Clemson-DND_p309_c1_grm_std_uni,1,3.9487125873565674,-2.9833147525787354,1
Clemson-DND_p309_c1_grm_std_uni,1,3.592252254486084,-2.700978994369507,1
Clemson-DND_p309_c1_grm_std_uni,1,3.654104709625244,-2.8057398796081543,1
Clemson-DND_p309_c1_grm_std_uni,1,3.906181812286377,-3.128870964050293,1
Clemson-DND_p309_c1_grm_std_uni,1,3.8158586025238037,-3.1201040744781494,1
Clemson-DND_p309_c1_grm_std_uni,1,3.8731284141540527,-3.1522281169891357,1
Clemson-DND_p309_c1_grm_std_uni,1,4.16826868057251,-3.413137674331665,1
Clemson-DND_p309_c1_grm_std_uni,1,4.245603084564209,-3.4875128269195557,1
Clemson-DND_p309_c1_grm_std_uni,1,4.2420759201049805,-3.403353691101074,1
Clemson-DND_p309_c1_grm_std_uni,1,4.097519874572754,-3.124405860900879,1
Clemson-DND_p309_c1_grm_std_uni,1,3.6899425983428955,-2.7694051265716553,1
Clemson-DND_p309_c1_grm_std_uni,1,3.5622472763061523,-2.6712374687194824,1
Clemson-DND_p309_c1_grm_std_uni,1,3.599271535873413,-2.79223370552063,1
Clemson-DND_p309_c1_grm_std_uni,1,3.7664003372192383,-2.959571599960327,1
Clemson-DND_p309_c1_grm_std_uni,1,4.057361125946045,-3.1715235710144043,1
Clemson-DND_p309_c1_grm_std_uni,1,4.303402423858643,-3.3668160438537598,1
Clemson-DND_p309_c1_grm_std_uni,1,4.317731857299805,-3.4057767391204834,1
Clemson-DND_p309_c1_grm_std_uni,1,4.1930623054504395,-3.320971965789795,1
Clemson-DND_p309_c1_grm_std_uni,1,4.106465816497803,-3.2808125019073486,1
Clemson-DND_p309_c1_grm_std_uni,1,4.319708824157715,-3.4446334838867188,1
Clemson-DND_p309_c1_grm_std_uni,1,4.83219575881958,-3.8551011085510254,1
Clemson-DND_p309_c1_grm_std_uni,1,4.912603855133057,-4.014131546020508,1
Clemson-DND_p309_c1_grm_std_uni,1,4.351124286651611,-3.386295795440674,1
Clemson-DND_p309_c1_grm_std_uni,1,4.403539180755615,-3.3834340572357178,1
Clemson-DND_p309_c1_grm_std_uni,1,4.353153705596924,-3.4645769596099854,1
Clemson-DND_p309_c1_grm_std_uni,1,3.6444640159606934,-2.69492769241333,1
Clemson-DND_p309_c1_grm_std_uni,1,3.5480363368988037,-2.556359052658081,1
Clemson-DND_p309_c1_grm_std_uni,1,4.941182613372803,-3.897935628890991,1
Clemson-DND_p309_c1_grm_std_uni,1,5.228682518005371,-4.477978229522705,1
Clemson-DND_p309_c1_grm_std_uni,1,4.528672695159912,-4.065580368041992,1
Clemson-DND_p309_c1_grm_std_uni,1,4.174778461456299,-3.6808671951293945,1
Clemson-DND_p309_c1_grm_std_uni,1,3.9656407833099365,-3.268521308898926,1
Clemson-DND_p309_c1_grm_std_uni,1,4.495285511016846,-3.543098211288452,1
Clemson-DND_p309_c1_grm_std_uni,1,4.519655227661133,-3.6317973136901855,1
Clemson-DND_p309_c1_grm_std_uni,1,4.713582515716553,-3.835526704788208,1
Clemson-DND_p309_c1_grm_std_uni,1,4.499309062957764,-3.6686525344848633,1
Clemson-DND_p309_c1_grm_std_uni,1,4.290140151977539,-3.4745771884918213,1
Clemson-DND_p309_c1_grm_std_uni,1,4.016057968139648,-3.190887689590454,1
Clemson-DND_p309_c1_grm_std_uni,1,3.7899928092956543,-3.015489101409912,1
Clemson-DND_p309_c1_grm_std_uni,1,3.51401686668396,-2.8828208446502686,1
Clemson-DND_p309_c1_grm_std_uni,1,3.715012311935425,-3.037097930908203,1
Clemson-DND_p309_c1_grm_std_uni,1,4.152806282043457,-3.4112017154693604,1
Clemson-DND_p309_c1_grm_std_uni,1,4.5169997215271,-3.7307140827178955,1
Clemson-DND_p309_c1_grm_std_uni,1,4.719193935394287,-3.9255006313323975,1
Clemson-DND_p309_c1_grm_std_uni,1,4.530492305755615,-3.825892448425293,1
Clemson-DND_p309_c1_grm_std_uni,1,4.2546868324279785,-3.5931661128997803,1
Clemson-DND_p309_c1_grm_std_uni,1,3.951897144317627,-3.2641208171844482,1
Clemson-DND_p309_c1_grm_std_uni,1,3.6692302227020264,-2.838940382003784,1
Clemson-DND_p309_c1_grm_std_uni,1,3.6867222785949707,-2.7581307888031006,1
Clemson-DND_p309_c1_grm_std_uni,1,3.7022552490234375,-2.74025821685791,1
Clemson-DND_p309_c1_grm_std_uni,1,3.5173912048339844,-2.576397180557251,1
Clemson-DND_p309_c1_grm_std_uni,1,3.225973606109619,-2.305206775665283,1
Clemson-DND_p309_c1_grm_std_uni,1,3.095231533050537,-2.291865825653076,1
Clemson-DND_p309_c1_grm_std_uni,1,3.4499597549438477,-2.80267596244812,1
Clemson-DND_p309_c1_grm_std_uni,1,3.9511566162109375,-3.32462739944458,1
Clemson-DND_p309_c1_grm_std_uni,1,4.5487871170043945,-3.812058925628662,1
Clemson-DND_p309_c1_grm_std_uni,1,4.569989204406738,-3.9690868854522705,1
Clemson-DND_p309_c1_grm_std_uni,1,3.9961297512054443,-3.3816323280334473,1
Clemson-DND_p309_c1_grm_std_uni,1,3.5101075172424316,-2.8930130004882812,1
Clemson-DND_p309_c1_grm_std_uni,1,3.153743028640747,-2.3771049976348877,1
Clemson-DND_p309_c1_grm_std_uni,1,3.7333500385284424,-2.9619009494781494,1
Clemson-DND_p309_c1_grm_std_uni,1,4.318990707397461,-3.615081787109375,1
Clemson-DND_p309_c1_grm_std_uni,1,5.153315544128418,-4.629910469055176,1
Clemson-DND_p309_c1_grm_std_uni,1,5.502159595489502,-5.613377094268799,1
Clemson-DND_p309_c1_grm_std_uni,1,5.274171829223633,-4.91913366317749,1
Clemson-DND_p309_c1_grm_std_uni,1,5.210394382476807,-3.8896803855895996,1
Clemson-DND_p309_c1_grm_std_uni,1,5.132096290588379,-3.407296657562256,1
Clemson-DND_p309_c1_grm_std_uni,1,4.604403495788574,-2.8401193618774414,1
Clemson-DND_p309_c1_grm_std_uni,1,4.735705852508545,-3.0505471229553223,1
Clemson-DND_p309_c1_grm_std_uni,1,4.834897518157959,-3.2369272708892822,1
Clemson-DND_p309_c1_grm_std_uni,1,4.414716720581055,-3.5581090450286865,1
Clemson-DND_p309_c1_grm_std_uni,1,4.4517621994018555,-3.838402509689331,1
Clemson-DND_p309_c1_grm_std_uni,1,4.5460028648376465,-4.0471625328063965,1
Clemson-DND_p309_c1_grm_std_uni,1,4.617833614349365,-3.8342344760894775,1
Clemson-DND_p309_c1_grm_std_uni,1,5.23728609085083,-4.2339348793029785,1
Clemson-DND_p309_c1_grm_std_uni,1,5.008268356323242,-3.965174913406372,1
Clemson-DND_p309_c1_grm_std_uni,1,4.882968425750732,-4.256021022796631,1
Clemson-DND_p309_c1_grm_std_uni,1,5.353814601898193,-4.60930061340332,1
Clemson-DND_p309_c1_grm_std_uni,1,5.696138381958008,-4.9401936531066895,1
Clemson-DND_p309_c1_grm_std_uni,1,5.903251647949219,-5.392509937286377,1
Clemson-DND_p309_c1_grm_std_uni,1,6.536231517791748,-6.261134624481201,1
Clemson-DND_p309_c1_grm_std_uni,1,6.7040510177612305,-6.104887962341309,1
Clemson-DND_p309_c1_grm_std_uni,1,3.577493190765381,-2.5542378425598145,1
Clemson-DND_p309_c1_grm_std_uni,1,2.1572487354278564,-1.5928095579147339,1
Clemson-DND_p309_c1_grm_std_uni,1,4.196975231170654,-2.7265117168426514,1
Clemson-DND_p309_c1_grm_std_uni,1,5.313779830932617,-4.427828788757324,1
Clemson-DND_p309_c1_grm_std_uni,1,6.30366325378418,-5.079314708709717,1
Clemson-DND_p309_c1_grm_std_uni,1,6.1505913734436035,-4.587014675140381,1
Clemson-DND_p309_c1_grm_std_uni,1,5.638092041015625,-3.898341655731201,1
Clemson-DND_p309_c1_grm_std_uni,1,5.6485371589660645,-4.032686710357666,1
Clemson-DND_p309_c1_grm_std_uni,1,5.7643723487854,-4.310702323913574,1
Clemson-DND_p309_c1_grm_std_uni,1,5.911665916442871,-4.738928318023682,1
Clemson-DND_p309_c1_grm_std_uni,1,5.739151477813721,-5.0723419189453125,1
Clemson-DND_p309_c1_grm_std_uni,1,6.548846244812012,-6.107753276824951,1
Clemson-DND_p309_c1_grm_std_uni,1,5.550443172454834,-4.304864883422852,1
Clemson-DND_p309_c1_grm_std_uni,1,4.426695823669434,-3.2183022499084473,1
Clemson-DND_p309_c1_grm_std_uni,1,4.451735973358154,-3.219003438949585,1
Clemson-DND_p309_c1_grm_std_uni,1,4.722368240356445,-3.5322494506835938,1
Clemson-DND_p309_c1_grm_std_uni,1,5.0287041664123535,-4.483244895935059,1
Clemson-DND_p309_c1_grm_std_uni,1,6.048679828643799,-5.091433048248291,1
Clemson-DND_p309_c1_grm_std_uni,1,5.460415363311768,-4.193295955657959,1
Clemson-DND_p309_c1_grm_std_uni,1,5.069952964782715,-3.8539063930511475,1
Clemson-DND_p309_c1_grm_std_uni,1,4.853828430175781,-3.3207106590270996,1
Clemson-DND_p309_c1_grm_std_uni,1,4.895134925842285,-3.3643221855163574,1
Clemson-DND_p309_c1_grm_std_uni,1,4.719554424285889,-3.5137290954589844,1
Clemson-DND_p309_c1_grm_std_uni,1,4.072829723358154,-3.449322462081909,1
Clemson-DND_p309_c1_grm_std_uni,1,3.8665120601654053,-2.9863009452819824,1
Clemson-DND_p309_c1_grm_std_uni,1,4.732983589172363,-3.6981942653656006,1
Clemson-DND_p309_c1_grm_std_uni,1,5.0046706199646,-4.066046714782715,1
Clemson-DND_p309_c1_grm_std_uni,1,5.406128406524658,-4.419286251068115,1
Clemson-DND_p309_c1_grm_std_uni,1,5.594719409942627,-4.653909206390381,1
Clemson-DND_p309_c1_grm_std_uni,1,6.6405110359191895,-5.393660068511963,1
Clemson-DND_p309_c1_grm_std_uni,1,6.559925556182861,-4.782494068145752,1
Clemson-DND_p309_c1_grm_std_uni,1,5.851855278015137,-4.6230645179748535,1
Clemson-DND_p309_c1_grm_std_uni,1,5.286947250366211,-3.9797258377075195,1
Clemson-DND_p309_c1_grm_std_uni,1,5.181824684143066,-3.7439372539520264,1
Clemson-DND_p309_c1_grm_std_uni,1,5.691176414489746,-4.45899772644043,1
Clemson-DND_p309_c1_grm_std_uni,1,6.087363243103027,-4.937741279602051,1
Clemson-DND_p309_c1_grm_std_uni,1,6.121003150939941,-4.935050964355469,1
Clemson-DND_p309_c1_grm_std_uni,1,5.892063617706299,-4.774033546447754,1
Clemson-DND_p309_c1_grm_std_uni,1,5.568201541900635,-4.463773250579834,1
Clemson-DND_p309_c1_grm_std_uni,1,5.503152847290039,-4.3564605712890625,1
Clemson-DND_p309_c1_grm_std_uni,1,5.750894069671631,-4.518019199371338,1
Clemson-DND_p309_c1_grm_std_uni,1,6.163854598999023,-4.598474979400635,1
Clemson-DND_p309_c1_grm_std_uni,1,6.020683765411377,-4.325869083404541,1
Clemson-DND_p309_c1_grm_std_uni,1,5.81136417388916,-4.202911853790283,1
Clemson-DND_p309_c1_grm_std_uni,1,5.1879963874816895,-3.3804545402526855,1
Clemson-DND_p309_c1_grm_std_uni,1,4.868701457977295,-3.5219709873199463,1
Clemson-DND_p309_c1_grm_std_uni,1,4.4437360763549805,-3.0026347637176514,1
Clemson-DND_p309_c1_grm_std_uni,1,4.935373783111572,-3.45582914352417,1
Clemson-DND_p309_c1_grm_std_uni,1,4.747118949890137,-3.321171283721924,1
Clemson-DND_p309_c1_grm_std_uni,1,4.811187744140625,-3.654736280441284,1
Clemson-DND_p309_c1_grm_std_uni,1,4.814101696014404,-3.6514344215393066,1
Clemson-DND_p309_c1_grm_std_uni,1,5.297414779663086,-4.272099018096924,1
Clemson-DND_p309_c1_grm_std_uni,1,5.270679950714111,-4.165765285491943,1
Clemson-DND_p309_c1_grm_std_uni,1,5.1934943199157715,-3.9454798698425293,1
Clemson-DND_p309_c1_grm_std_uni,1,5.262154579162598,-4.014265537261963,1
Clemson-DND_p309_c1_grm_std_uni,1,5.701509952545166,-4.639441967010498,1
Clemson-DND_p309_c1_grm_std_uni,1,5.810286998748779,-4.838370323181152,1
Clemson-DND_p309_c1_grm_std_uni,1,5.711827754974365,-4.75526762008667,1
Clemson-DND_p309_c1_grm_std_uni,1,5.635146141052246,-4.547250270843506,1
Clemson-DND_p309_c1_grm_std_uni,1,5.66163444519043,-4.42070198059082,1
Clemson-DND_p309_c1_grm_std_uni,1,5.4844889640808105,-4.111879348754883,1
Clemson-DND_p309_c1_grm_std_uni,1,6.044147968292236,-4.708682537078857,1
Clemson-DND_p309_c1_grm_std_uni,1,6.317492961883545,-4.298784255981445,1
Clemson-DND_p309_c1_grm_std_uni,1,4.971079349517822,-3.6334712505340576,1
Clemson-DND_p309_c1_grm_std_uni,1,5.046223163604736,-3.3608598709106445,1
Clemson-DND_p309_c1_grm_std_uni,1,4.524896621704102,-2.851043224334717,1
Clemson-DND_p309_c1_grm_std_uni,1,3.938110113143921,-2.7110393047332764,1
Clemson-DND_p309_c1_grm_std_uni,1,4.64725399017334,-3.62333345413208,1
Clemson-DND_p309_c1_grm_std_uni,1,5.248300075531006,-4.35575008392334,1
Clemson-DND_p309_c1_grm_std_uni,1,5.4857635498046875,-4.656621932983398,1
Clemson-DND_p309_c1_grm_std_uni,1,5.350989818572998,-4.729136943817139,1
Clemson-DND_p309_c1_grm_std_uni,1,5.499256610870361,-4.369228839874268,1
Clemson-DND_p309_c1_grm_std_uni,1,5.128856182098389,-3.485840320587158,1
Clemson-DND_p309_c1_grm_std_uni,1,4.886860370635986,-3.612300157546997,1
Clemson-DND_p309_c1_grm_std_uni,1,4.61849308013916,-3.3172683715820312,1
Clemson-DND_p309_c1_grm_std_uni,1,4.289517402648926,-3.5274879932403564,1
Clemson-DND_p309_c1_grm_std_uni,1,4.2314453125,-3.4879040718078613,1
Clemson-DND_p309_c1_grm_std_uni,1,4.157908916473389,-3.397878885269165,1
Clemson-DND_p309_c1_grm_std_uni,1,4.256636619567871,-3.2761712074279785,1
Clemson-DND_p309_c1_grm_std_uni,1,5.266894817352295,-4.500580787658691,1
Clemson-DND_p309_c1_grm_std_uni,1,5.454034328460693,-4.71895170211792,1
Clemson-DND_p309_c1_grm_std_uni,1,5.141571521759033,-4.199917793273926,1
Clemson-DND_p309_c1_grm_std_uni,1,4.799704551696777,-3.5966570377349854,1
Clemson-DND_p309_c1_grm_std_uni,1,4.429388523101807,-2.7713634967803955,1
Clemson-DND_p309_c1_grm_std_uni,1,4.509841442108154,-3.0949056148529053,1
Clemson-DND_p309_c1_grm_std_uni,1,4.7561116218566895,-3.8881261348724365,1
Clemson-DND_p309_c1_grm_std_uni,1,4.838640213012695,-4.177015781402588,1
Clemson-DND_p309_c1_grm_std_uni,1,4.712364196777344,-3.9376471042633057,1
Clemson-DND_p309_c1_grm_std_uni,1,4.861696720123291,-4.12779426574707,1
Clemson-DND_p309_c1_grm_std_uni,1,4.932492256164551,-4.185578346252441,1
Clemson-DND_p309_c1_grm_std_uni,1,5.030022621154785,-4.129158973693848,1
Clemson-DND_p309_c1_grm_std_uni,1,5.1160969734191895,-4.445345878601074,1
Clemson-DND_p309_c1_grm_std_uni,1,4.9685378074646,-4.26555871963501,1
Clemson-DND_p309_c1_grm_std_uni,1,5.247247219085693,-4.158666133880615,1
Clemson-DND_p309_c1_grm_std_uni,1,4.900724411010742,-3.6107404232025146,1
Clemson-DND_p309_c1_grm_std_uni,1,4.540036201477051,-2.983031988143921,1
Clemson-DND_p309_c1_grm_std_uni,1,4.357478141784668,-3.2997119426727295,1
Clemson-DND_p309_c1_grm_std_uni,1,3.957514524459839,-3.218085765838623,1
Clemson-DND_p309_c1_grm_std_uni,1,5.060742378234863,-3.6454529762268066,1
Clemson-DND_p309_c1_grm_std_uni,1,5.34161901473999,-4.14069128036499,1
Clemson-DND_p309_c1_grm_std_uni,1,5.626739978790283,-4.754743576049805,1
Clemson-DND_p309_c1_grm_std_uni,1,5.444490909576416,-4.693979263305664,1
Clemson-DND_p309_c1_grm_std_uni,1,6.293183326721191,-5.2136149406433105,1
Clemson-DND_p309_c1_grm_std_uni,1,5.611397743225098,-4.065700531005859,1
Clemson-DND_p309_c1_grm_std_uni,1,5.550621032714844,-4.163306713104248,1
Clemson-DND_p309_c1_grm_std_uni,1,4.932215690612793,-3.7375824451446533,1
Clemson-DND_p309_c1_grm_std_uni,2,4.143509387969971,-2.9931766986846924,1
Clemson-DND_p309_c1_grm_std_uni,1,4.87347936630249,-3.8106908798217773,1
Clemson-DND_p309_c1_grm_std_uni,1,5.388972759246826,-4.242053985595703,1
Clemson-DND_p309_c1_grm_std_uni,1,5.392597675323486,-4.316451549530029,1
Clemson-DND_p309_c1_grm_std_uni,1,5.496902942657471,-4.176493167877197,1
Clemson-DND_p309_c1_grm_std_uni,1,5.737805366516113,-5.102446556091309,1
Clemson-DND_p309_c1_grm_std_uni,1,6.682066917419434,-5.064241409301758,1
Clemson-DND_p309_c1_grm_std_uni,1,6.853904724121094,-5.323607444763184,1
Clemson-DND_p309_c1_grm_std_uni,1,7.188940048217773,-5.782045841217041,1
Clemson-DND_p309_c1_grm_std_uni,1,6.767389297485352,-5.4372406005859375,1
Clemson-DND_p309_c1_grm_std_uni,1,5.4689836502075195,-3.7093610763549805,1
Clemson-DND_p309_c1_grm_std_uni,1,5.210464954376221,-3.750087022781372,1
Clemson-DND_p309_c1_grm_std_uni,1,5.22056245803833,-3.903865337371826,1
Clemson-DND_p309_c1_grm_std_uni,1,5.396284580230713,-4.251401901245117,1
Clemson-DND_p309_c1_grm_std_uni,1,5.828970909118652,-4.864214897155762,1
Clemson-DND_p309_c1_grm_std_uni,1,6.445854663848877,-5.269591331481934,1
Clemson-DND_p309_c1_grm_std_uni,1,7.36265754699707,-5.882380962371826,1
Clemson-DND_p309_c1_grm_std_uni,1,7.159308910369873,-6.083240985870361,1
Clemson-DND_p309_c1_grm_std_uni,1,7.070101737976074,-6.135228157043457,1
Clemson-DND_p309_c1_grm_std_uni,1,7.1891045570373535,-6.323905944824219,1
Clemson-DND_p309_c1_grm_std_uni,1,7.252233505249023,-6.631553649902344,1
Clemson-DND_p309_c1_grm_std_uni,1,7.257903099060059,-6.569272518157959,1
Clemson-DND_p309_c1_grm_std_uni,1,7.38844108581543,-6.627107620239258,1
Clemson-DND_p309_c1_grm_std_uni,1,7.405722618103027,-6.224120616912842,1
Clemson-DND_p309_c1_grm_std_uni,1,4.77791690826416,-3.273705005645752,1
Clemson-DND_p309_c1_grm_std_uni,1,2.900970697402954,-1.8782951831817627,1
Clemson-DND_p309_c1_grm_std_uni,1,3.2903010845184326,-2.8864753246307373,1
Clemson-DND_p309_c1_grm_std_uni,1,5.769563674926758,-4.397658348083496,1
Clemson-DND_p309_c1_grm_std_uni,1,6.3434977531433105,-4.823544502258301,1
Clemson-DND_p309_c1_grm_std_uni,1,4.840242862701416,-3.909958839416504,1
Clemson-DND_p309_c1_grm_std_uni,1,4.811342239379883,-3.8821334838867188,1
Clemson-DND_p309_c1_grm_std_uni,1,5.729773998260498,-4.498021602630615,1
Clemson-DND_p309_c1_grm_std_uni,1,5.972311019897461,-4.747502326965332,1
Clemson-DND_p309_c1_grm_std_uni,1,5.103123188018799,-4.005756855010986,1
Clemson-DND_p309_c1_grm_std_uni,1,2.830497980117798,-1.868299126625061,1
Clemson-DND_p309_c1_grm_std_uni,1,1.6803467273712158,-0.9744752645492554,1
Clemson-DND_p309_c1_grm_std_uni,1,1.4439023733139038,-0.8985182642936707,1
Clemson-DND_p309_c1_grm_std_uni,1,1.6968739032745361,-1.1852784156799316,1
Clemson-DND_p309_c1_grm_std_uni,1,4.360177516937256,-4.371811866760254,1
Clemson-DND_p309_c1_grm_std_uni,1,5.5032453536987305,-5.229279041290283,1
Clemson-DND_p309_c1_grm_std_uni,1,6.5979156494140625,-6.428220748901367,1
Clemson-DND_p309_c1_grm_std_uni,1,7.233177185058594,-7.093289852142334,1
Clemson-DND_p309_c1_grm_std_uni,1,6.128502368927002,-5.790707111358643,1
Clemson-DND_p309_c1_grm_std_uni,1,4.994488716125488,-4.6311116218566895,1
Clemson-DND_p309_c1_grm_std_uni,1,6.89418888092041,-6.581205368041992,1
Clemson-DND_p309_c1_grm_std_uni,1,7.712295055389404,-7.188122272491455,1
Clemson-DND_p309_c1_grm_std_uni,1,7.691672325134277,-6.828944683074951,1
Clemson-DND_p309_c1_grm_std_uni,1,7.671018123626709,-6.906717300415039,1
Clemson-DND_p309_c1_grm_std_uni,1,7.71582555770874,-7.1657795906066895,1
Clemson-DND_p309_c1_grm_std_uni,1,7.283976078033447,-6.600556373596191,1
Clemson-DND_p309_c1_grm_std_uni,1,7.286172389984131,-6.5256428718566895,1
Clemson-DND_p309_c1_grm_std_uni,1,6.648558139801025,-5.898612976074219,1
Clemson-DND_p309_c1_grm_std_uni,1,5.945920944213867,-5.243422985076904,1
Clemson-DND_p309_c1_grm_std_uni,1,5.534003734588623,-4.952324867248535,1
Clemson-DND_p309_c1_grm_std_uni,1,4.850062370300293,-4.2940897941589355,1
Clemson-DND_p309_c1_grm_std_uni,1,4.457244873046875,-3.869462490081787,1
Clemson-DND_p309_c1_grm_std_uni,1,4.609622001647949,-3.9401209354400635,1
Clemson-DND_p309_c1_grm_std_uni,1,4.784030437469482,-4.093401908874512,1
Clemson-DND_p309_c1_grm_std_uni,1,5.17026424407959,-4.1993327140808105,1
Clemson-DND_p309_c1_grm_std_uni,1,5.40399694442749,-4.499732494354248,1
Clemson-DND_p309_c1_grm_std_uni,1,5.667593002319336,-5.099593639373779,1
Clemson-DND_p309_c1_grm_std_uni,1,5.722269535064697,-4.714399814605713,1
Clemson-DND_p309_c1_grm_std_uni,1,5.9155097007751465,-4.243468284606934,1
Clemson-DND_p309_c1_grm_std_uni,1,5.813117027282715,-3.670145273208618,1
Clemson-DND_p309_c1_grm_std_uni,1,5.425408840179443,-3.564258575439453,1
Clemson-DND_p309_c1_grm_std_uni,1,4.966230869293213,-3.7490487098693848,1
Clemson-DND_p309_c1_grm_std_uni,1,4.716950416564941,-3.674633026123047,1
Clemson-DND_p309_c1_grm_std_uni,1,4.732668399810791,-4.117731094360352,1
Clemson-DND_p309_c1_grm_std_uni,1,5.721130847930908,-5.036275386810303,1
Clemson-DND_p309_c1_grm_std_uni,1,6.173645496368408,-5.452847003936768,1
Clemson-DND_p309_c1_grm_std_uni,1,5.898665904998779,-4.858686923980713,1
Clemson-DND_p309_c1_grm_std_uni,1,5.66039514541626,-4.457465648651123,1
Clemson-DND_p309_c1_grm_std_uni,1,5.133962154388428,-3.4266903400421143,1
Clemson-DND_p309_c1_grm_std_uni,1,4.514132499694824,-3.505389451980591,1
Clemson-DND_p309_c1_grm_std_uni,1,4.314537048339844,-3.407893180847168,1
Clemson-DND_p309_c1_grm_std_uni,1,4.600938320159912,-3.601191997528076,1
Clemson-DND_p309_c1_grm_std_uni,1,5.107812881469727,-4.240586757659912,1
Clemson-DND_p309_c1_grm_std_uni,1,5.501745223999023,-4.911532878875732,1
Clemson-DND_p309_c1_grm_std_uni,1,5.245434284210205,-4.461201190948486,1
Clemson-DND_p309_c1_grm_std_uni,1,5.5586419105529785,-4.4501166343688965,1
Clemson-DND_p309_c1_grm_std_uni,1,5.750494480133057,-4.60286283493042,1
Clemson-DND_p309_c1_grm_std_uni,1,5.663238525390625,-4.48937463760376,1
Clemson-DND_p309_c1_grm_std_uni,1,5.416510105133057,-4.037984371185303,1
Clemson-DND_p309_c1_grm_std_uni,1,5.635825157165527,-4.476271629333496,1
Clemson-DND_p309_c1_grm_std_uni,1,5.327565670013428,-4.5113067626953125,1
Clemson-DND_p309_c1_grm_std_uni,1,5.678323268890381,-4.936868667602539,1
Clemson-DND_p309_c1_grm_std_uni,1,5.361660957336426,-4.7052154541015625,1
Clemson-DND_p309_c1_grm_std_uni,1,5.254892349243164,-4.5637125968933105,1
Clemson-DND_p309_c1_grm_std_uni,1,5.5379838943481445,-4.650936603546143,1
Clemson-DND_p309_c1_grm_std_uni,1,5.5266218185424805,-4.5499091148376465,1
Clemson-DND_p309_c1_grm_std_uni,1,5.634228229522705,-4.685213088989258,1
Clemson-DND_p309_c1_grm_std_uni,1,5.718048572540283,-4.708455562591553,1
Clemson-DND_p309_c1_grm_std_uni,1,5.403722286224365,-4.442277431488037,1
Clemson-DND_p309_c1_grm_std_uni,1,5.241117000579834,-3.989809513092041,1
Clemson-DND_p309_c1_grm_std_uni,1,5.18056058883667,-3.958568572998047,1
Clemson-DND_p309_c1_grm_std_uni,1,5.093343257904053,-4.048941135406494,1
Clemson-DND_p309_c1_grm_std_uni,1,4.902251720428467,-3.8399243354797363,1
Clemson-DND_p309_c1_grm_std_uni,2,4.3727593421936035,-3.236687183380127,1
Clemson-DND_p309_c1_grm_std_uni,1,4.713083267211914,-3.6294217109680176,1
Clemson-DND_p309_c1_grm_std_uni,1,5.3660101890563965,-4.622192859649658,1
Clemson-DND_p309_c1_grm_std_uni,1,5.233687400817871,-4.525778293609619,1
Clemson-DND_p309_c1_grm_std_uni,1,5.125643730163574,-4.453564643859863,1
Clemson-DND_p309_c1_grm_std_uni,1,5.20520544052124,-4.561941623687744,1
Clemson-DND_p309_c1_grm_std_uni,1,5.036911964416504,-3.836778402328491,1
Clemson-DND_p309_c1_grm_std_uni,1,6.137685298919678,-4.724067211151123,1
Clemson-DND_p309_c1_grm_std_uni,1,6.416994094848633,-4.897466659545898,1
Clemson-DND_p309_c1_grm_std_uni,1,6.5514445304870605,-5.08140230178833,1
Clemson-DND_p309_c1_grm_std_uni,1,5.8365373611450195,-4.747076988220215,1
Clemson-DND_p309_c1_grm_std_uni,1,5.93643045425415,-4.96852445602417,1
Clemson-DND_p309_c1_grm_std_uni,1,5.93620491027832,-4.843220233917236,1
Clemson-DND_p309_c1_grm_std_uni,1,6.570343494415283,-5.292588233947754,1
Clemson-DND_p309_c1_grm_std_uni,1,6.808455467224121,-5.2822675704956055,1
Clemson-DND_p309_c1_grm_std_uni,1,6.897079944610596,-5.171590805053711,1
Clemson-DND_p309_c1_grm_std_uni,1,6.027524948120117,-4.467353820800781,1
Clemson-DND_p309_c1_grm_std_uni,1,5.373732566833496,-3.5104501247406006,1
Clemson-DND_p309_c1_grm_std_uni,1,5.389798641204834,-3.380127191543579,1
Clemson-DND_p309_c1_grm_std_uni,1,5.6966447830200195,-3.4167323112487793,1
Clemson-DND_p309_c1_grm_std_uni,1,5.621702194213867,-3.9130682945251465,1
Clemson-DND_p309_c1_grm_std_uni,1,4.945061683654785,-3.5128607749938965,1
Clemson-DND_p309_c1_grm_std_uni,1,4.671211242675781,-3.2838587760925293,1
Clemson-DND_p309_c1_grm_std_uni,1,4.709314346313477,-3.2453367710113525,1
Clemson-DND_p309_c1_grm_std_uni,1,5.293946266174316,-3.658618927001953,1
Clemson-DND_p309_c1_grm_std_uni,1,5.6323347091674805,-4.437123775482178,1
Clemson-DND_p309_c1_grm_std_uni,1,6.004647254943848,-4.428521633148193,1
Clemson-DND_p309_c1_grm_std_uni,1,6.127524375915527,-4.458948612213135,1
Clemson-DND_p309_c1_grm_std_uni,1,6.018472671508789,-4.579300403594971,1
Clemson-DND_p309_c1_grm_std_uni,1,6.0864667892456055,-4.632712364196777,1
Clemson-DND_p309_c1_grm_std_uni,1,6.129374980926514,-4.601622581481934,1
Clemson-DND_p309_c1_grm_std_uni,1,6.302624225616455,-4.512674331665039,1
Clemson-DND_p309_c1_grm_std_uni,1,6.5522027015686035,-4.914467811584473,1
Clemson-DND_p309_c1_grm_std_uni,1,6.8055830001831055,-5.342989444732666,1
Clemson-DND_p309_c1_grm_std_uni,1,7.042675495147705,-5.624722003936768,1
Clemson-DND_p309_c1_grm_std_uni,1,7.487936496734619,-6.0770344734191895,1
Clemson-DND_p309_c1_grm_std_uni,1,7.836522102355957,-6.959060192108154,1
Clemson-DND_p309_c1_grm_std_uni,1,7.905632972717285,-7.522001266479492,1
Clemson-DND_p309_c1_grm_std_uni,1,7.945578575134277,-6.760810852050781,1
Clemson-DND_p309_c1_grm_std_uni,1,8.235397338867188,-6.612532615661621,1
Clemson-DND_p309_c1_grm_std_uni,1,7.606156349182129,-5.633764266967773,1
Clemson-DND_p309_c1_grm_std_uni,1,6.78914213180542,-4.777521133422852,1
Clemson-DND_p309_c1_grm_std_uni,1,8.101921081542969,-6.182321071624756,1
Clemson-DND_p309_c1_grm_std_uni,1,8.19682502746582,-6.314702033996582,1
Clemson-DND_p309_c1_grm_std_uni,1,8.414520263671875,-6.726287364959717,1
Clemson-DND_p309_c1_grm_std_uni,1,8.470391273498535,-6.947512626647949,1
Clemson-DND_p309_c1_grm_std_uni,1,8.371018409729004,-7.327556133270264,1
Clemson-DND_p309_c1_grm_std_uni,1,8.095914840698242,-7.233373165130615,1
Clemson-DND_p309_c1_grm_std_uni,1,7.531270503997803,-6.566331386566162,1
Clemson-DND_p309_c1_grm_std_uni,1,6.9335408210754395,-5.572118282318115,1
Clemson-DND_p309_c1_grm_std_uni,1,5.978052139282227,-4.530869483947754,1
Clemson-DND_p309_c1_grm_std_uni,1,5.5184173583984375,-4.074934482574463,1
Clemson-DND_p309_c1_grm_std_uni,1,5.801418781280518,-4.54132604598999,1
Clemson-DND_p309_c1_grm_std_uni,1,6.876977443695068,-5.213305950164795,1
Clemson-DND_p309_c1_grm_std_uni,1,8.088706016540527,-6.61295747756958,1
Clemson-DND_p309_c1_grm_std_uni,1,8.757843017578125,-7.511311054229736,1
Clemson-DND_p309_c1_grm_std_uni,1,8.239452362060547,-7.367329120635986,1
Clemson-DND_p309_c1_grm_std_uni,1,7.403670310974121,-6.954157829284668,1
Clemson-DND_p309_c1_grm_std_uni,1,7.407507419586182,-7.06861686706543,1
Clemson-DND_p309_c1_grm_std_uni,1,6.588056564331055,-5.904284954071045,1
Clemson-DND_p309_c1_grm_std_uni,1,5.340475559234619,-4.339840412139893,1
Clemson-DND_p309_c1_grm_std_uni,1,4.924835205078125,-4.009679317474365,1
Clemson-DND_p309_c1_grm_std_uni,1,4.606385707855225,-3.8851118087768555,1
Clemson-DND_p309_c1_grm_std_uni,1,5.38308048248291,-4.566601753234863,1
Clemson-DND_p309_c1_grm_std_uni,1,5.4730658531188965,-4.788619518280029,1
Clemson-DND_p309_c1_grm_std_uni,1,5.5601396560668945,-4.963831424713135,1
Clemson-DND_p309_c1_grm_std_uni,1,4.409955024719238,-3.8363850116729736,1
Clemson-DND_p309_c1_grm_std_uni,1,4.503507614135742,-3.882819414138794,1
Clemson-DND_p309_c1_grm_std_uni,1,5.4562153816223145,-4.846750259399414,1
Clemson-DND_p309_c1_grm_std_uni,1,5.9729485511779785,-5.2931437492370605,1
Clemson-DND_p309_c1_grm_std_uni,1,5.730242729187012,-5.065965175628662,1
Clemson-DND_p309_c1_grm_std_uni,1,4.959104061126709,-4.488680839538574,1
Clemson-DND_p309_c1_grm_std_uni,1,4.7724761962890625,-4.38484525680542,1
Clemson-DND_p309_c1_grm_std_uni,1,4.774528980255127,-4.329391002655029,1
Clemson-DND_p309_c1_grm_std_uni,1,4.815428733825684,-4.328786849975586,1
Clemson-DND_p309_c1_grm_std_uni,1,4.408822059631348,-3.7850165367126465,1
Clemson-DND_p309_c1_grm_std_uni,1,3.834404468536377,-3.092588186264038,1
Clemson-DND_p309_c1_grm_std_uni,1,4.161379337310791,-3.2520761489868164,1
Clemson-DND_p309_c1_grm_std_uni,1,5.039473056793213,-4.059311389923096,1
Clemson-DND_p309_c1_grm_std_uni,1,5.201822757720947,-4.155256748199463,1
Clemson-DND_p309_c1_grm_std_uni,1,4.878988265991211,-3.8086915016174316,1
Clemson-DND_p309_c1_grm_std_uni,1,5.214540004730225,-4.100204944610596,1
Clemson-DND_p309_c1_grm_std_uni,1,5.211580276489258,-4.1120829582214355,1
Clemson-DND_p309_c1_grm_std_uni,1,5.249499320983887,-4.20167350769043,1
Clemson-DND_p309_c1_grm_std_uni,1,4.797938823699951,-3.917022705078125,1
Clemson-DND_p309_c1_grm_std_uni,1,4.642330646514893,-3.9240520000457764,1
Clemson-DND_p309_c1_grm_std_uni,1,4.86669397354126,-4.230076789855957,1
Clemson-DND_p309_c1_grm_std_uni,1,5.211099624633789,-4.374814987182617,1
Clemson-DND_p309_c1_grm_std_uni,1,5.461468696594238,-4.442049026489258,1
Clemson-DND_p309_c1_grm_std_uni,1,5.455067157745361,-4.502497673034668,1
Clemson-DND_p309_c1_grm_std_uni,1,5.268586158752441,-4.402015209197998,1
Clemson-DND_p309_c1_grm_std_uni,1,4.512850761413574,-3.758904218673706,1
Clemson-DND_p309_c1_grm_std_uni,1,5.495710849761963,-4.882150650024414,1
Clemson-DND_p309_c1_grm_std_uni,1,5.087799072265625,-4.548581600189209,1
Clemson-DND_p309_c1_grm_std_uni,1,3.0492238998413086,-2.5797295570373535,1
Clemson-DND_p309_c1_grm_std_uni,1,3.4488449096679688,-3.041687488555908,1
Clemson-DND_p309_c1_grm_std_uni,1,4.543076038360596,-3.9581315517425537,1
Clemson-DND_p309_c1_grm_std_uni,1,4.315333366394043,-3.5541741847991943,1
Clemson-DND_p309_c1_grm_std_uni,1,4.236520290374756,-3.4427826404571533,1
Clemson-DND_p309_c1_grm_std_uni,1,5.191886901855469,-4.2478790283203125,1
Clemson-DND_p309_c1_grm_std_uni,1,5.108184337615967,-4.313459873199463,1
Clemson-DND_p309_c1_grm_std_uni,1,4.244070529937744,-3.5818698406219482,1
Clemson-DND_p309_c1_grm_std_uni,1,3.874891996383667,-3.305279493331909,1
Clemson-DND_p309_c1_grm_std_uni,1,4.041599273681641,-3.625554084777832,1
Clemson-DND_p309_c1_grm_std_uni,1,4.992769241333008,-4.53264045715332,1
Clemson-DND_p309_c1_grm_std_uni,1,5.4306817054748535,-5.031025409698486,1
Clemson-DND_p309_c1_grm_std_uni,1,4.2498393058776855,-3.8241705894470215,1
Clemson-DND_p309_c1_grm_std_uni,1,2.8310256004333496,-2.654970407485962,1
Clemson-DND_p309_c1_grm_std_uni,1,3.368828773498535,-3.292999505996704,1
Clemson-DND_p309_c1_grm_std_uni,1,4.5647053718566895,-4.3476643562316895,1
Clemson-DND_p309_c1_grm_std_uni,1,5.332738399505615,-4.658387660980225,1
Clemson-DND_p309_c1_grm_std_uni,1,6.305051803588867,-5.956090450286865,1
Clemson-DND_p309_c1_grm_std_uni,1,6.932608604431152,-6.9076151847839355,1
Clemson-DND_p309_c1_grm_std_uni,1,6.746570110321045,-6.115181922912598,1
Clemson-DND_p309_c1_grm_std_uni,1,5.785155296325684,-4.21079158782959,1
Clemson-DND_p309_c1_grm_std_uni,1,5.120535850524902,-3.523137331008911,1
Clemson-DND_p309_c1_grm_std_uni,1,5.249945640563965,-3.527683973312378,1
Clemson-DND_p309_c1_grm_std_uni,1,4.797470569610596,-3.6852688789367676,1
Clemson-DND_p309_c1_grm_std_uni,1,4.54674768447876,-3.85705828666687,1
Clemson-DND_p309_c1_grm_std_uni,1,4.9604878425598145,-4.453506946563721,1
Clemson-DND_p309_c1_grm_std_uni,1,5.313901901245117,-4.68776798248291,1
Clemson-DND_p309_c1_grm_std_uni,1,5.387143611907959,-4.656677722930908,1
Clemson-DND_p309_c1_grm_std_uni,1,5.304924964904785,-4.355576038360596,1
Clemson-DND_p309_c1_grm_std_uni,1,5.501350402832031,-4.358470439910889,1
Clemson-DND_p309_c1_grm_std_uni,1,5.891679763793945,-4.516287803649902,1
Clemson-DND_p309_c1_grm_std_uni,1,6.515180587768555,-5.252962589263916,1
Clemson-DND_p309_c1_grm_std_uni,1,5.908381462097168,-5.164134502410889,1
Clemson-DND_p309_c1_grm_std_uni,1,6.0856146812438965,-5.188360691070557,1
Clemson-DND_p309_c1_grm_std_uni,1,6.6626200675964355,-5.600057601928711,1
Clemson-DND_p309_c1_grm_std_uni,1,6.5059590339660645,-5.70822286605835,1
Clemson-DND_p309_c1_grm_std_uni,1,6.2614054679870605,-5.217316627502441,1
Clemson-DND_p309_c1_grm_std_uni,1,6.623332500457764,-6.025007247924805,1
Clemson-DND_p309_c1_grm_std_uni,1,6.607536315917969,-5.951488018035889,1
Clemson-DND_p309_c1_grm_std_uni,1,7.343550205230713,-6.359070777893066,1
Clemson-DND_p309_c1_grm_std_uni,1,6.827300548553467,-5.550493240356445,1
Clemson-DND_p309_c1_grm_std_uni,1,6.472918510437012,-5.126215934753418,1
Clemson-DND_p309_c1_grm_std_uni,1,5.576294422149658,-4.489526271820068,1
Clemson-DND_p309_c1_grm_std_uni,1,7.271337032318115,-6.113516807556152,1
Clemson-DND_p309_c1_grm_std_uni,1,7.7779645919799805,-6.596259117126465,1
Clemson-DND_p309_c1_grm_std_uni,1,6.395392894744873,-5.1476240158081055,1
Clemson-DND_p309_c1_grm_std_uni,1,5.987586498260498,-4.751388072967529,1
Clemson-DND_p309_c1_grm_std_uni,1,5.878360271453857,-4.7596588134765625,1
Clemson-DND_p309_c1_grm_std_uni,1,6.63936185836792,-5.646250247955322,1
Clemson-DND_p309_c1_grm_std_uni,1,6.773982524871826,-5.443283557891846,1
Clemson-DND_p309_c1_grm_std_uni,1,6.700812339782715,-5.11452579498291,1
Clemson-DND_p309_c1_grm_std_uni,1,6.499341011047363,-4.70700216293335,1
Clemson-DND_p309_c1_grm_std_uni,1,6.405257701873779,-4.625890254974365,1
Clemson-DND_p309_c1_grm_std_uni,1,6.569664478302002,-4.956657886505127,1
Clemson-DND_p309_c1_grm_std_uni,1,6.360997200012207,-4.912766456604004,1
Clemson-DND_p309_c1_grm_std_uni,1,6.2247772216796875,-5.15408992767334,1
Clemson-DND_p309_c1_grm_std_uni,1,6.399906635284424,-5.49200963973999,1
Clemson-DND_p309_c1_grm_std_uni,1,6.3408918380737305,-5.348618030548096,1
Clemson-DND_p309_c1_grm_std_uni,1,6.2828569412231445,-5.188741207122803,1
Clemson-DND_p309_c1_grm_std_uni,1,6.1904730796813965,-4.998657703399658,1
Clemson-DND_p309_c1_grm_std_uni,1,6.004184246063232,-4.924760818481445,1
Clemson-DND_p309_c1_grm_std_uni,1,5.992517948150635,-5.076017379760742,1
Clemson-DND_p309_c1_grm_std_uni,1,5.343785762786865,-4.877216815948486,1
Clemson-DND_p309_c1_grm_std_uni,1,5.209907531738281,-4.813135147094727,1
Clemson-DND_p309_c1_grm_std_uni,1,5.02659273147583,-3.748274803161621,1
Clemson-DND_p309_c1_grm_std_uni,1,5.722832679748535,-4.2775797843933105,1
Clemson-DND_p309_c1_grm_std_uni,1,5.080531597137451,-3.7024574279785156,1
Clemson-DND_p309_c1_grm_std_uni,1,4.0230488777160645,-2.712963104248047,1
Clemson-DND_p309_c1_grm_std_uni,1,3.8733983039855957,-2.217693567276001,1
Clemson-DND_p309_c1_grm_std_uni,1,4.706956386566162,-3.4225540161132812,1
Clemson-DND_p309_c1_grm_std_uni,1,5.387831211090088,-3.681457996368408,1
Clemson-DND_p309_c1_grm_std_uni,1,5.3268141746521,-3.9161038398742676,1
Clemson-DND_p309_c1_grm_std_uni,1,5.36760139465332,-4.056180000305176,1
Clemson-DND_p309_c1_grm_std_uni,1,5.891383647918701,-4.465154647827148,1
Clemson-DND_p309_c1_grm_std_uni,1,5.6803693771362305,-4.290509223937988,1
Clemson-DND_p309_c1_grm_std_uni,1,5.698637962341309,-4.236809730529785,1
Clemson-DND_p309_c1_grm_std_uni,1,5.775743007659912,-4.689282417297363,1
Clemson-DND_p309_c1_grm_std_uni,1,5.4397406578063965,-4.218109607696533,1
Clemson-DND_p309_c1_grm_std_uni,1,5.456234931945801,-3.9643914699554443,1
Clemson-DND_p309_c1_grm_std_uni,1,5.079623699188232,-3.3644797801971436,1
Clemson-DND_p309_c1_grm_std_uni,1,5.018129825592041,-3.923720359802246,1
Clemson-DND_p309_c1_grm_std_uni,1,4.355782508850098,-3.360309600830078,1
Clemson-DND_p309_c1_grm_std_uni,1,4.80851411819458,-3.628450870513916,1
Clemson-DND_p309_c1_grm_std_uni,1,4.8244547843933105,-3.615037202835083,1
Clemson-DND_p309_c1_grm_std_uni,1,5.438866138458252,-4.338186740875244,1
Clemson-DND_p309_c1_grm_std_uni,1,5.421934127807617,-4.2071757316589355,1
Clemson-DND_p309_c1_grm_std_uni,1,5.626359462738037,-4.500370502471924,1
Clemson-DND_p309_c1_grm_std_uni,1,5.976803779602051,-4.509141445159912,1
Clemson-DND_p309_c1_grm_std_uni,1,6.586108684539795,-5.287482738494873,1
Clemson-DND_p309_c1_grm_std_uni,1,6.510071277618408,-5.239510536193848,1
Clemson-DND_p309_c1_grm_std_uni,1,6.757682800292969,-5.2098894119262695,1
Clemson-DND_p309_c1_grm_std_uni,1,6.411601543426514,-4.819713115692139,1
Clemson-DND_p309_c1_grm_std_uni,1,6.922825336456299,-5.356661319732666,1
Clemson-DND_p309_c1_grm_std_uni,1,7.436105728149414,-5.909084796905518,1
Clemson-DND_p309_c1_grm_std_uni,1,7.722447872161865,-6.370872497558594,1
Clemson-DND_p309_c1_grm_std_uni,1,7.548922538757324,-6.986491680145264,1
Clemson-DND_p309_c1_grm_std_uni,1,7.013839244842529,-7.025566577911377,1
Clemson-DND_p309_c1_grm_std_uni,1,6.537935256958008,-6.46614408493042,1
Clemson-DND_p309_c1_grm_std_uni,1,7.248021125793457,-6.628786087036133,1
Clemson-DND_p309_c1_grm_std_uni,1,7.614680767059326,-6.704648494720459,1
Clemson-DND_p309_c1_grm_std_uni,1,7.148533821105957,-6.024550437927246,1
Clemson-DND_p309_c1_grm_std_uni,1,7.215940952301025,-6.107853412628174,1
Clemson-DND_p309_c1_grm_std_uni,1,7.228457927703857,-6.354499816894531,1
Clemson-DND_p309_c1_grm_std_uni,1,6.829977989196777,-5.921449184417725,1
Clemson-DND_p309_c1_grm_std_uni,1,6.247992038726807,-4.813971996307373,1
Clemson-DND_p309_c1_grm_std_uni,1,6.6399431228637695,-5.153990268707275,1
Clemson-DND_p309_c1_grm_std_uni,1,6.513869762420654,-5.070342063903809,1
Clemson-DND_p309_c1_grm_std_uni,1,6.029837608337402,-4.567137241363525,1
Clemson-DND_p309_c1_grm_std_uni,1,5.58388614654541,-4.036275386810303,1
Clemson-DND_p309_c1_grm_std_uni,1,5.309953689575195,-3.4121625423431396,1
Clemson-DND_p309_c1_grm_std_uni,1,4.275675296783447,-2.8684372901916504,1
Clemson-DND_p309_c1_grm_std_uni,1,3.3005688190460205,-2.050473213195801,1
Clemson-DND_p309_c1_grm_std_uni,1,4.180673122406006,-3.0816659927368164,1
Clemson-DND_p309_c1_grm_std_uni,1,5.39460563659668,-4.0036468505859375,1
Clemson-DND_p309_c1_grm_std_uni,1,5.471279621124268,-4.113828659057617,1
Clemson-DND_p309_c1_grm_std_uni,1,5.904402732849121,-5.104913234710693,1
Clemson-DND_p309_c1_grm_std_uni,1,5.983729839324951,-4.78333854675293,1
Clemson-DND_p309_c1_grm_std_uni,1,6.32084321975708,-5.046807765960693,1
Clemson-DND_p309_c1_grm_std_uni,1,6.666945934295654,-5.2839837074279785,1
Clemson-DND_p309_c1_grm_std_uni,1,6.785200119018555,-5.379572868347168,1
Clemson-DND_p309_c1_grm_std_uni,1,6.572323799133301,-4.95802640914917,1
Clemson-DND_p309_c1_grm_std_uni,1,6.387182235717773,-5.067481517791748,1
Clemson-DND_p309_c1_grm_std_uni,1,6.423783302307129,-5.105414867401123,1
Clemson-DND_p309_c1_grm_std_uni,1,6.619913101196289,-5.377551555633545,1
Clemson-DND_p309_c1_grm_std_uni,1,6.744071960449219,-5.446396350860596,1
Clemson-DND_p309_c1_grm_std_uni,1,7.429766654968262,-6.131779193878174,1
Clemson-DND_p309_c1_grm_std_uni,1,7.566153526306152,-6.734499454498291,1
Clemson-DND_p309_c1_grm_std_uni,1,6.9821553230285645,-5.926080226898193,1
Clemson-DND_p309_c1_grm_std_uni,1,6.187317848205566,-4.255926132202148,1
Clemson-DND_p309_c1_grm_std_uni,1,5.492535591125488,-3.779526948928833,1
Clemson-DND_p309_c1_grm_std_uni,1,4.900084495544434,-3.389331102371216,1
Clemson-DND_p309_c1_grm_std_uni,1,4.6349687576293945,-3.380864143371582,1
Clemson-DND_p309_c1_grm_std_uni,1,5.113818168640137,-3.8840200901031494,1
Clemson-DND_p309_c1_grm_std_uni,1,5.285743713378906,-3.819837808609009,1
Clemson-DND_p309_c1_grm_std_uni,1,5.3388824462890625,-3.963282346725464,1
Clemson-DND_p309_c1_grm_std_uni,1,5.907250881195068,-4.8931169509887695,1
Clemson-DND_p309_c1_grm_std_uni,1,6.147738933563232,-4.844517230987549,1
Clemson-DND_p309_c1_grm_std_uni,1,6.403535842895508,-5.032991409301758,1
Clemson-DND_p309_c1_grm_std_uni,1,6.3942060470581055,-4.908766746520996,1
Clemson-DND_p309_c1_grm_std_uni,1,6.3521809577941895,-4.995172500610352,1
Clemson-DND_p309_c1_grm_std_uni,1,6.335911273956299,-4.983212947845459,1
Clemson-DND_p309_c1_grm_std_uni,1,6.7005109786987305,-5.2491559982299805,1
Clemson-DND_p309_c1_grm_std_uni,1,7.060343265533447,-5.597416877746582,1
Clemson-DND_p309_c1_grm_std_uni,1,7.096128463745117,-5.661688804626465,1
Clemson-DND_p309_c1_grm_std_uni,1,7.435737609863281,-5.94777774810791,1
Clemson-DND_p309_c1_grm_std_uni,1,7.7226738929748535,-6.658759593963623,1
Clemson-DND_p309_c1_grm_std_uni,1,8.365827560424805,-7.061197280883789,1
Clemson-DND_p309_c1_grm_std_uni,1,8.54481315612793,-6.8467841148376465,1
Clemson-DND_p309_c1_grm_std_uni,1,8.935714721679688,-7.3035054206848145,1
Clemson-DND_p309_c1_grm_std_uni,1,8.936527252197266,-7.414497375488281,1
Clemson-DND_p309_c1_grm_std_uni,1,9.16979694366455,-7.8795905113220215,1
Clemson-DND_p309_c1_grm_std_uni,1,9.208654403686523,-7.96281623840332,1
Clemson-DND_p309_c1_grm_std_uni,1,8.676374435424805,-7.225294589996338,1
Clemson-DND_p309_c1_grm_std_uni,1,8.773805618286133,-7.3863701820373535,1
Clemson-DND_p309_c1_grm_std_uni,1,8.675043106079102,-7.495630741119385,1
Clemson-DND_p309_c1_grm_std_uni,1,8.381749153137207,-7.241847038269043,1
Clemson-DND_p309_c1_grm_std_uni,1,7.800950527191162,-6.887596130371094,1
Clemson-DND_p309_c1_grm_std_uni,1,7.145291328430176,-6.59058952331543,1
Clemson-DND_p309_c1_grm_std_uni,1,6.55002498626709,-6.058891296386719,1
Clemson-DND_p309_c1_grm_std_uni,1,5.852621555328369,-5.242824077606201,1
Clemson-DND_p309_c1_grm_std_uni,1,4.71076774597168,-3.9583563804626465,1
Clemson-DND_p309_c1_grm_std_uni,1,3.7109339237213135,-2.77358078956604,1
Clemson-DND_p309_c1_grm_std_uni,1,4.569501876831055,-3.3219311237335205,1
Clemson-DND_p309_c1_grm_std_uni,1,5.777733325958252,-4.641197204589844,1
Clemson-DND_p309_c1_grm_std_uni,1,6.6373186111450195,-5.483949184417725,1
Clemson-DND_p309_c1_grm_std_uni,1,6.47005033493042,-5.251760005950928,1
Clemson-DND_p309_c1_grm_std_uni,1,4.354311466217041,-3.508661985397339,1
Clemson-DND_p309_c1_grm_std_uni,1,4.115015506744385,-3.4612607955932617,1
Clemson-DND_p309_c1_grm_std_uni,1,5.040609836578369,-4.1787214279174805,1
Clemson-DND_p309_c1_grm_std_uni,1,5.878357410430908,-4.7817606925964355,1
Clemson-DND_p309_c1_grm_std_uni,1,6.116987705230713,-5.140925407409668,1
Clemson-DND_p309_c1_grm_std_uni,1,5.710981369018555,-5.224596977233887,1
Clemson-DND_p309_c1_grm_std_uni,1,5.864598274230957,-5.346086025238037,1
Clemson-DND_p309_c1_grm_std_uni,1,6.156816005706787,-5.3037590980529785,1
Clemson-DND_p309_c1_grm_std_uni,1,5.928595542907715,-4.670884609222412,1
Clemson-DND_p309_c1_grm_std_uni,1,6.163003921508789,-4.721993923187256,1
Clemson-DND_p309_c1_grm_std_uni,1,6.193181991577148,-4.861922740936279,1
Clemson-DND_p309_c1_grm_std_uni,1,6.1124467849731445,-4.9677815437316895,1
Clemson-DND_p309_c1_grm_std_uni,1,5.576539039611816,-4.752299785614014,1
Clemson-DND_p309_c1_grm_std_uni,1,3.3264145851135254,-2.7271034717559814,1
Clemson-DND_p309_c1_grm_std_uni,1,2.272637367248535,-1.9851962327957153,1
Clemson-DND_p309_c1_grm_std_uni,1,3.05521821975708,-2.86025333404541,1
Clemson-DND_p309_c1_grm_std_uni,1,3.5130228996276855,-3.156043529510498,1
Clemson-DND_p309_c1_grm_std_uni,1,3.7099835872650146,-2.972787380218506,1
Clemson-DND_p309_c1_grm_std_uni,1,3.1989247798919678,-2.260291337966919,1
Clemson-DND_p309_c1_grm_std_uni,1,3.8143677711486816,-3.0424797534942627,1
Clemson-DND_p309_c1_grm_std_uni,1,4.6445746421813965,-3.770517110824585,1
Clemson-DND_p309_c1_grm_std_uni,1,5.569753646850586,-4.5672407150268555,1
Clemson-DND_p309_c1_grm_std_uni,1,6.0629096031188965,-4.964036464691162,1
Clemson-DND_p309_c1_grm_std_uni,1,5.739646911621094,-4.638001441955566,1
Clemson-DND_p309_c1_grm_std_uni,1,5.0491461753845215,-3.998809337615967,1
Clemson-DND_p309_c1_grm_std_uni,1,4.753763675689697,-3.6469807624816895,1
Clemson-DND_p309_c1_grm_std_uni,1,4.4652838706970215,-3.514206647872925,1
Clemson-DND_p309_c1_grm_std_uni,1,4.635002136230469,-3.6570188999176025,1
Clemson-DND_p309_c1_grm_std_uni,1,4.969094276428223,-3.9073798656463623,1
Clemson-DND_p309_c1_grm_std_uni,1,5.234330654144287,-4.110146522521973,1
Clemson-DND_p309_c1_grm_std_uni,1,4.84523868560791,-3.8796448707580566,1
Clemson-DND_p309_c1_grm_std_uni,1,4.54050874710083,-3.6791458129882812,1
Clemson-DND_p309_c1_grm_std_uni,1,4.768465995788574,-3.7908849716186523,1
Clemson-DND_p309_c1_grm_std_uni,1,4.383395671844482,-3.4979233741760254,1
Clemson-DND_p309_c1_grm_std_uni,1,4.2850117683410645,-3.4475626945495605,1
Clemson-DND_p309_c1_grm_std_uni,1,4.434517860412598,-3.5674667358398438,1
Clemson-DND_p309_c1_grm_std_uni,1,4.4753546714782715,-3.6033127307891846,1
Clemson-DND_p309_c1_grm_std_uni,1,4.7049336433410645,-3.7584826946258545,1
Clemson-DND_p309_c1_grm_std_uni,1,5.001792907714844,-4.145548343658447,1
Clemson-DND_p309_c1_grm_std_uni,1,4.792102336883545,-4.031252861022949,1
Clemson-DND_p309_c1_grm_std_uni,1,3.6036503314971924,-2.773893117904663,1
Clemson-DND_p309_c1_grm_std_uni,1,2.654944896697998,-1.9471714496612549,1
Clemson-DND_p309_c1_grm_std_uni,1,3.3614089488983154,-3.1198556423187256,1
Clemson-DND_p309_c1_grm_std_uni,1,4.646186828613281,-4.159811973571777,1
Clemson-DND_p309_c1_grm_std_uni,1,5.817971229553223,-4.8660101890563965,1
Clemson-DND_p309_c1_grm_std_uni,1,5.975192546844482,-4.9774017333984375,1
Clemson-DND_p309_c1_grm_std_uni,1,5.515409469604492,-4.670838832855225,1
Clemson-DND_p309_c1_grm_std_uni,1,4.872762203216553,-4.112917423248291,1
Clemson-DND_p309_c1_grm_std_uni,1,4.243216514587402,-3.453030586242676,1
Clemson-DND_p309_c1_grm_std_uni,1,4.449434757232666,-3.6095190048217773,1
Clemson-DND_p309_c1_grm_std_uni,1,4.594776630401611,-3.73958158493042,1
Clemson-DND_p309_c1_grm_std_uni,1,4.990438461303711,-4.0859904289245605,1
Clemson-DND_p309_c1_grm_std_uni,1,4.8767991065979,-3.8028476238250732,1
Clemson-DND_p309_c1_grm_std_uni,1,6.2874531745910645,-5.072143077850342,1
Clemson-DND_p309_c1_grm_std_uni,1,6.28062629699707,-5.099778652191162,1
Clemson-DND_p309_c1_grm_std_uni,1,5.808478355407715,-4.68500280380249,1
Clemson-DND_p309_c1_grm_std_uni,1,5.035178184509277,-4.028921604156494,1
Clemson-DND_p309_c1_grm_std_uni,1,4.662724494934082,-3.432831048965454,1
Clemson-DND_p309_c1_grm_std_uni,1,4.353909015655518,-3.078512668609619,1
Clemson-DND_p309_c1_grm_std_uni,1,4.7214226722717285,-3.5517311096191406,1
Clemson-DND_p309_c1_grm_std_uni,1,4.729060649871826,-3.7979955673217773,1
Clemson-DND_p309_c1_grm_std_uni,1,3.977475643157959,-3.444793701171875,1
Clemson-DND_p309_c1_grm_std_uni,1,4.004171848297119,-3.420837879180908,1
Clemson-DND_p309_c1_grm_std_uni,1,4.754988193511963,-3.9625539779663086,1
Clemson-DND_p309_c1_grm_std_uni,1,5.619791507720947,-4.799475193023682,1
Clemson-DND_p309_c1_grm_std_uni,1,5.8252153396606445,-5.30514669418335,1
Clemson-DND_p309_c1_grm_std_uni,1,5.731133937835693,-5.258462905883789,1
Clemson-DND_p309_c1_grm_std_uni,1,5.199715614318848,-4.731027603149414,1
Clemson-DND_p309_c1_grm_std_uni,1,4.739828586578369,-4.19074010848999,1
Clemson-DND_p309_c1_grm_std_uni,1,3.8104946613311768,-3.359088182449341,1
Clemson-DND_p309_c1_grm_std_uni,1,2.936145782470703,-2.8220949172973633,1
Clemson-DND_p309_c1_grm_std_uni,1,3.017829179763794,-3.0012850761413574,1
Clemson-DND_p309_c1_grm_std_uni,1,4.39714241027832,-3.9812991619110107,1
Clemson-DND_p309_c1_grm_std_uni,1,5.45382022857666,-4.749777793884277,1
Clemson-DND_p309_c1_grm_std_uni,1,5.215277671813965,-4.382037162780762,1
Clemson-DND_p309_c1_grm_std_uni,1,5.177147388458252,-4.549710750579834,1
Clemson-DND_p309_c1_grm_std_uni,1,3.3353054523468018,-2.9276444911956787,1
Clemson-DND_p309_c1_grm_std_uni,1,3.7249956130981445,-3.5464818477630615,1
Clemson-DND_p309_c1_grm_std_uni,1,4.018060207366943,-3.5377554893493652,1
Clemson-DND_p309_c1_grm_std_uni,1,5.0439252853393555,-4.2336745262146,1
Clemson-DND_p309_c1_grm_std_uni,1,5.647507667541504,-4.418671607971191,1
Clemson-DND_p309_c1_grm_std_uni,1,6.174159526824951,-4.645121097564697,1
Clemson-DND_p309_c1_grm_std_uni,1,5.0109686851501465,-3.461907386779785,1
Clemson-DND_p309_c1_grm_std_uni,1,4.868880748748779,-3.691786766052246,1
Clemson-DND_p309_c1_grm_std_uni,1,3.7074685096740723,-2.912677764892578,1
Clemson-DND_p309_c1_grm_std_uni,1,2.8262791633605957,-2.1970226764678955,1
Clemson-DND_p309_c1_grm_std_uni,1,3.6959800720214844,-3.033839225769043,1
Clemson-DND_p309_c1_grm_std_uni,1,5.950240135192871,-4.720947265625,1
Clemson-DND_p309_c1_grm_std_uni,1,6.268012046813965,-4.867053031921387,1
Clemson-DND_p309_c1_grm_std_uni,1,6.132379531860352,-4.98046875,1
Clemson-DND_p309_c1_grm_std_uni,1,5.481725692749023,-4.72979211807251,1
Clemson-DND_p309_c1_grm_std_uni,1,3.875293731689453,-3.043773889541626,1
Clemson-DND_p309_c1_grm_std_uni,1,2.9876585006713867,-2.266047239303589,1
Clemson-DND_p309_c1_grm_std_uni,1,2.8354859352111816,-2.119946002960205,1
Clemson-DND_p309_c1_grm_std_uni,1,3.8239028453826904,-3.0183157920837402,1
Clemson-DND_p309_c1_grm_std_uni,1,4.725234031677246,-3.7132561206817627,1
Clemson-DND_p309_c1_grm_std_uni,1,5.899889945983887,-4.554629802703857,1
Clemson-DND_p309_c1_grm_std_uni,1,5.882336616516113,-4.806859016418457,1
Clemson-DND_p309_c1_grm_std_uni,1,5.683619976043701,-4.723845958709717,1
Clemson-DND_p309_c1_grm_std_uni,1,5.48712682723999,-4.695878982543945,1
Clemson-DND_p309_c1_grm_std_uni,1,4.108432769775391,-3.2314202785491943,1
Clemson-DND_p309_c1_grm_std_uni,1,2.9113123416900635,-2.3776044845581055,1
Clemson-DND_p309_c1_grm_std_uni,1,3.5250742435455322,-2.9133288860321045,1
Clemson-DND_p309_c1_grm_std_uni,1,3.2116942405700684,-2.6682374477386475,1
Clemson-DND_p309_c1_grm_std_uni,1,3.946340799331665,-3.256653070449829,1
Clemson-DND_p309_c1_grm_std_uni,1,5.196171760559082,-4.303065299987793,1
Clemson-DND_p309_c1_grm_std_uni,1,5.620424747467041,-4.876387119293213,1
Clemson-DND_p309_c1_grm_std_uni,1,5.0927228927612305,-4.434876441955566,1
Clemson-DND_p309_c1_grm_std_uni,1,4.480912685394287,-3.853914976119995,1
Clemson-DND_p309_c1_grm_std_uni,1,4.70980978012085,-4.187933444976807,1
Clemson-DND_p309_c1_grm_std_uni,1,4.4976582527160645,-3.8521955013275146,1
Clemson-DND_p309_c1_grm_std_uni,1,5.08479118347168,-4.497269630432129,1
Clemson-DND_p309_c1_grm_std_uni,1,4.553201675415039,-3.8834776878356934,1
Clemson-DND_p309_c1_grm_std_uni,1,3.233536720275879,-2.606816291809082,1
Clemson-DND_p309_c1_grm_std_uni,1,3.774352550506592,-3.1223039627075195,1
Clemson-DND_p309_c1_grm_std_uni,1,5.1941609382629395,-4.3767876625061035,1
Clemson-DND_p309_c1_grm_std_uni,1,5.860960006713867,-4.929102897644043,1
Clemson-DND_p309_c1_grm_std_uni,1,5.657003879547119,-4.893754482269287,1
Clemson-DND_p309_c1_grm_std_uni,1,5.919030666351318,-5.163762092590332,1
Clemson-DND_p309_c1_grm_std_uni,1,6.097158432006836,-5.421518802642822,1
Clemson-DND_p309_c1_grm_std_uni,1,5.677067756652832,-4.912350654602051,1
Clemson-DND_p309_c1_grm_std_uni,1,5.684906482696533,-5.0537848472595215,1
Clemson-DND_p309_c1_grm_std_uni,1,6.087807655334473,-5.27497673034668,1
Clemson-DND_p309_c1_grm_std_uni,1,5.856237411499023,-4.916916847229004,1
Clemson-DND_p309_c1_grm_std_uni,1,5.540036678314209,-4.296347141265869,1
Clemson-DND_p309_c1_grm_std_uni,1,5.34226131439209,-3.8962671756744385,1
Clemson-DND_p309_c1_grm_std_uni,1,5.607354164123535,-4.372719764709473,1
Clemson-DND_p309_c1_grm_std_uni,1,6.00949764251709,-4.680357933044434,1
Clemson-DND_p309_c1_grm_std_uni,1,5.5641398429870605,-4.596261024475098,1
Clemson-DND_p309_c1_grm_std_uni,1,5.444448471069336,-4.584250450134277,1
Clemson-DND_p309_c1_grm_std_uni,1,5.509440898895264,-4.983786582946777,1
Clemson-DND_p309_c1_grm_std_uni,1,5.620884895324707,-5.170506000518799,1
Clemson-DND_p309_c1_grm_std_uni,1,5.215151786804199,-4.73417854309082,1
Clemson-DND_p309_c1_grm_std_uni,1,5.48419713973999,-4.6829938888549805,1
Clemson-DND_p309_c1_grm_std_uni,1,5.569827079772949,-4.729789733886719,1
Clemson-DND_p309_c1_grm_std_uni,1,5.643858909606934,-4.8578948974609375,1
Clemson-DND_p309_c1_grm_std_uni,1,5.354820251464844,-4.547964096069336,1
Clemson-DND_p309_c1_grm_std_uni,1,5.316373825073242,-4.459255695343018,1
Clemson-DND_p309_c1_grm_std_uni,1,5.26982307434082,-4.214025497436523,1
Clemson-DND_p309_c1_grm_std_uni,1,5.350691318511963,-4.616125583648682,1
Clemson-DND_p309_c1_grm_std_uni,1,5.4408979415893555,-4.666715145111084,1
Clemson-DND_p309_c1_grm_std_uni,1,5.481762409210205,-4.276675701141357,1
Clemson-DND_p309_c1_grm_std_uni,1,5.5591139793396,-4.2732930183410645,1
Clemson-DND_p309_c1_grm_std_uni,1,5.5511932373046875,-4.201284408569336,1
Clemson-DND_p309_c1_grm_std_uni,1,5.751967906951904,-4.289031982421875,1
Clemson-DND_p309_c1_grm_std_uni,1,5.914389133453369,-4.289272785186768,1
Clemson-DND_p309_c1_grm_std_uni,1,5.765648365020752,-4.191291332244873,1
Clemson-DND_p309_c1_grm_std_uni,1,5.265308856964111,-4.019261360168457,1
Clemson-DND_p309_c1_grm_std_uni,1,5.069028377532959,-4.028311729431152,1
Clemson-DND_p309_c1_grm_std_uni,1,5.2397003173828125,-4.316975116729736,1
Clemson-DND_p309_c1_grm_std_uni,1,5.468328952789307,-4.56063175201416,1
Clemson-DND_p309_c1_grm_std_uni,1,5.268662452697754,-4.405159950256348,1
Clemson-DND_p309_c1_grm_std_uni,1,5.081967830657959,-4.318879127502441,1
Clemson-DND_p309_c1_grm_std_uni,1,4.9934844970703125,-4.284607410430908,1
Clemson-DND_p309_c1_grm_std_uni,1,5.038705825805664,-4.276282787322998,1
Clemson-DND_p309_c1_grm_std_uni,1,4.898383140563965,-4.207187652587891,1
Clemson-DND_p309_c1_grm_std_uni,1,4.8245744705200195,-4.190593719482422,1
Clemson-DND_p309_c1_grm_std_uni,1,4.947878360748291,-4.311221599578857,1
Clemson-DND_p309_c1_grm_std_uni,1,5.279133319854736,-4.552525043487549,1
Clemson-DND_p309_c1_grm_std_uni,1,5.626287460327148,-4.707544326782227,1
Clemson-DND_p309_c1_grm_std_uni,1,5.160528182983398,-4.146426677703857,1
Clemson-DND_p309_c1_grm_std_uni,1,5.223000526428223,-3.9509212970733643,1
Clemson-DND_p309_c1_grm_std_uni,1,4.805680751800537,-3.7042481899261475,1
Clemson-DND_p309_c1_grm_std_uni,1,5.256340980529785,-4.271638870239258,1
Clemson-DND_p309_c1_grm_std_uni,1,5.224003791809082,-4.240174293518066,1
Clemson-DND_p309_c1_grm_std_uni,1,5.014824867248535,-4.028367042541504,1
Clemson-DND_p309_c1_grm_std_uni,1,5.202199459075928,-4.140763759613037,1
Clemson-DND_p309_c1_grm_std_uni,2,5.250393390655518,-4.234072208404541,1
Clemson-DND_p309_c1_grm_std_uni,1,4.9304280281066895,-4.056974411010742,1
Clemson-DND_p309_c1_grm_std_uni,1,5.014786720275879,-4.186671257019043,1
Clemson-DND_p309_c1_grm_std_uni,1,4.77797269821167,-4.063686847686768,1
Clemson-DND_p309_c1_grm_std_uni,1,3.959430456161499,-3.447373867034912,1
Clemson-DND_p309_c1_grm_std_uni,1,3.4841697216033936,-2.8391165733337402,1
Clemson-DND_p309_c1_grm_std_uni,1,3.859208583831787,-2.9650073051452637,1
Clemson-DND_p309_c1_grm_std_uni,1,4.295510768890381,-3.7674028873443604,1
Clemson-DND_p309_c1_grm_std_uni,1,4.203214168548584,-3.3631606101989746,1
Clemson-DND_p309_c1_grm_std_uni,1,4.223130702972412,-2.808344841003418,1
Clemson-DND_p309_c1_grm_std_uni,1,4.14365816116333,-2.7241060733795166,1
Clemson-DND_p309_c1_grm_std_uni,1,4.301838397979736,-3.4128849506378174,1
Clemson-DND_p309_c1_grm_std_uni,1,3.907433032989502,-2.934364080429077,1
Clemson-DND_p309_c1_grm_std_uni,1,3.924790143966675,-3.1192634105682373,1
Clemson-DND_p309_c1_grm_std_uni,1,4.8332977294921875,-3.735720157623291,1
Clemson-DND_p309_c1_grm_std_uni,1,4.90110445022583,-3.839967966079712,1
Clemson-DND_p309_c1_grm_std_uni,1,5.2098307609558105,-3.7622005939483643,1
Clemson-DND_p309_c1_grm_std_uni,1,5.633272171020508,-4.317837715148926,1
Clemson-DND_p309_c1_grm_std_uni,1,5.574985027313232,-4.573906898498535,1
Clemson-DND_p309_c1_grm_std_uni,1,5.651046276092529,-4.591742515563965,1
Clemson-DND_p309_c1_grm_std_uni,1,5.484617710113525,-4.48504114151001,1
Clemson-DND_p309_c1_grm_std_uni,1,5.555854797363281,-4.2257866859436035,1
Clemson-DND_p309_c1_grm_std_uni,1,5.925384521484375,-4.67372989654541,1
Clemson-DND_p309_c1_grm_std_uni,1,6.791592597961426,-5.423332691192627,1
Clemson-DND_p309_c1_grm_std_uni,1,6.907387733459473,-5.255594730377197,1
Clemson-DND_p309_c1_grm_std_uni,1,6.011358261108398,-4.497778415679932,1
Clemson-DND_p309_c1_grm_std_uni,1,5.449899196624756,-4.035290241241455,1
Clemson-DND_p309_c1_grm_std_uni,1,5.39225959777832,-3.8966124057769775,1
Clemson-DND_p309_c1_grm_std_uni,1,5.205583572387695,-3.6657474040985107,1
Clemson-DND_p309_c1_grm_std_uni,1,5.189511299133301,-3.8559861183166504,1
Clemson-DND_p309_c1_grm_std_uni,1,5.323166370391846,-4.3975605964660645,1
Clemson-DND_p309_c1_grm_std_uni,1,5.550649166107178,-4.780956745147705,1
Clemson-DND_p309_c1_grm_std_uni,1,5.9251484870910645,-4.888064384460449,1
Clemson-DND_p309_c1_grm_std_uni,1,6.007058620452881,-4.739020824432373,1
Clemson-DND_p309_c1_grm_std_uni,1,5.73862361907959,-4.959774494171143,1
Clemson-DND_p309_c1_grm_std_uni,1,5.4154462814331055,-4.364578723907471,1
Clemson-DND_p309_c1_grm_std_uni,1,5.1117987632751465,-3.75313663482666,1
Clemson-DND_p309_c1_grm_std_uni,1,4.839024066925049,-3.716248035430908,1
Clemson-DND_p309_c1_grm_std_uni,1,5.0065388679504395,-4.031436920166016,1
Clemson-DND_p309_c1_grm_std_uni,1,5.100580215454102,-4.220160484313965,1
Clemson-DND_p309_c1_grm_std_uni,1,5.155274391174316,-4.098888397216797,1
Clemson-DND_p309_c1_grm_std_uni,1,4.694565296173096,-3.873830556869507,1
Clemson-DND_p309_c1_grm_std_uni,1,4.416755199432373,-3.78967547416687,1
Clemson-DND_p309_c1_grm_std_uni,1,4.759883403778076,-3.5591509342193604,1
Clemson-DND_p309_c1_grm_std_uni,1,5.323168754577637,-4.05784273147583,1
Clemson-DND_p309_c1_grm_std_uni,1,5.689155101776123,-4.329136371612549,1
Clemson-DND_p309_c1_grm_std_uni,1,5.746058464050293,-4.482733726501465,1
Clemson-DND_p309_c1_grm_std_uni,1,5.854248523712158,-4.868221759796143,1
Clemson-DND_p309_c1_grm_std_uni,1,6.5444488525390625,-5.475668907165527,1
Clemson-DND_p309_c1_grm_std_uni,1,6.79956579208374,-5.505011558532715,1
Clemson-DND_p309_c1_grm_std_uni,1,6.5465803146362305,-5.185080528259277,1
Clemson-DND_p309_c1_grm_std_uni,1,6.189741134643555,-5.386031150817871,1
Clemson-DND_p309_c1_grm_std_uni,1,5.3360090255737305,-3.6704392433166504,1
Clemson-DND_p309_c1_grm_std_uni,1,5.232933044433594,-4.018904685974121,1
Clemson-DND_p309_c1_grm_std_uni,1,5.0633158683776855,-3.8431906700134277,1
Clemson-DND_p309_c1_grm_std_uni,1,5.245102405548096,-3.9971230030059814,1
Clemson-DND_p309_c1_grm_std_uni,1,5.194097518920898,-3.757493734359741,1
Clemson-DND_p309_c1_grm_std_uni,1,4.877925395965576,-3.3109564781188965,1
Clemson-DND_p309_c1_grm_std_uni,1,5.067465305328369,-3.921372890472412,1
Clemson-DND_p309_c1_grm_std_uni,1,5.3403801918029785,-4.270446300506592,1
Clemson-DND_p309_c1_grm_std_uni,1,5.784637928009033,-4.664177894592285,1
Clemson-DND_p309_c1_grm_std_uni,1,5.803736686706543,-4.775212287902832,1
Clemson-DND_p309_c1_grm_std_uni,1,5.72838020324707,-4.4842047691345215,1
Clemson-DND_p309_c1_grm_std_uni,1,5.587864398956299,-4.077114105224609,1
Clemson-DND_p309_c1_grm_std_uni,1,5.477401256561279,-3.868260622024536,1
Clemson-DND_p309_c1_grm_std_uni,1,4.923458576202393,-3.5664663314819336,1
Clemson-DND_p309_c1_grm_std_uni,1,4.688908100128174,-3.3993730545043945,1
Clemson-DND_p309_c1_grm_std_uni,1,4.610551357269287,-3.288011074066162,1
Clemson-DND_p309_c1_grm_std_uni,1,4.211184024810791,-3.349334716796875,1
Clemson-DND_p309_c1_grm_std_uni,1,4.635462284088135,-3.847388982772827,1
Clemson-DND_p309_c1_grm_std_uni,1,4.8269124031066895,-4.079341411590576,1
Clemson-DND_p309_c1_grm_std_uni,1,5.1345367431640625,-4.386099815368652,1
Clemson-DND_p309_c1_grm_std_uni,1,5.131181240081787,-4.237804412841797,1
Clemson-DND_p309_c1_grm_std_uni,1,4.826752185821533,-3.8994576930999756,1
Clemson-DND_p309_c1_grm_std_uni,1,5.124623775482178,-4.100067615509033,1
Clemson-DND_p309_c1_grm_std_uni,1,5.491549015045166,-4.654176712036133,1
Clemson-DND_p309_c1_grm_std_uni,1,5.416989326477051,-4.60421895980835,1
Clemson-DND_p309_c1_grm_std_uni,1,5.40770149230957,-4.403702259063721,1
Clemson-DND_p309_c1_grm_std_uni,1,5.713155746459961,-4.418581008911133,1
Clemson-DND_p309_c1_grm_std_uni,1,6.386623859405518,-4.677988529205322,1
Clemson-DND_p309_c1_grm_std_uni,1,6.846521854400635,-5.2680253982543945,1
Clemson-DND_p309_c1_grm_std_uni,1,7.317992687225342,-5.8524065017700195,1
Clemson-DND_p309_c1_grm_std_uni,1,6.890079021453857,-5.066610813140869,1
Clemson-DND_p309_c1_grm_std_uni,1,6.254273891448975,-4.159094333648682,1
Clemson-DND_p309_c1_grm_std_uni,1,5.708568096160889,-3.896496295928955,1
Clemson-DND_p309_c1_grm_std_uni,1,5.559922218322754,-3.926476240158081,1
Clemson-DND_p309_c1_grm_std_uni,1,5.80478048324585,-4.050482749938965,1
Clemson-DND_p309_c1_grm_std_uni,1,5.529266357421875,-3.974889039993286,1
Clemson-DND_p309_c1_grm_std_uni,1,4.988976955413818,-3.4970755577087402,1
Clemson-DND_p309_c1_grm_std_uni,1,4.986556529998779,-3.4883570671081543,1
Clemson-DND_p309_c1_grm_std_uni,1,5.12644624710083,-3.7242226600646973,1
Clemson-DND_p309_c1_grm_std_uni,1,5.563644886016846,-4.277048110961914,1
Clemson-DND_p309_c1_grm_std_uni,1,5.675961017608643,-4.302235126495361,1
Clemson-DND_p309_c1_grm_std_uni,1,5.847628116607666,-4.562370777130127,1
Clemson-DND_p309_c1_grm_std_uni,1,5.751558303833008,-4.690481662750244,1
Clemson-DND_p309_c1_grm_std_uni,1,5.478795051574707,-4.457247257232666,1
Clemson-DND_p309_c1_grm_std_uni,1,5.588534355163574,-4.466397285461426,1
Clemson-DND_p309_c1_grm_std_uni,1,6.11678409576416,-4.76171875,1
Clemson-DND_p309_c1_grm_std_uni,1,6.607999801635742,-5.1089653968811035,1
Clemson-DND_p309_c1_grm_std_uni,1,6.595559597015381,-4.990140914916992,1
Clemson-DND_p309_c1_grm_std_uni,1,5.97827672958374,-4.693556785583496,1
Clemson-DND_p309_c1_grm_std_uni,1,5.060312747955322,-4.363006591796875,1
Clemson-DND_p309_c1_grm_std_uni,1,5.221302509307861,-4.61033821105957,1
Clemson-DND_p309_c1_grm_std_uni,1,5.743865489959717,-4.672991752624512,1
Clemson-DND_p309_c1_grm_std_uni,1,5.698080539703369,-4.336343288421631,1
Clemson-DND_p309_c1_grm_std_uni,2,4.6482014656066895,-3.337850332260132,1
Clemson-DND_p309_c1_grm_std_uni,1,3.934460163116455,-2.905677556991577,1
Clemson-DND_p309_c1_grm_std_uni,1,4.4539313316345215,-2.709658622741699,1
Clemson-DND_p309_c1_grm_std_uni,1,5.1647539138793945,-3.707817792892456,1
Clemson-DND_p309_c1_grm_std_uni,1,5.823326587677002,-4.116148948669434,1
Clemson-DND_p309_c1_grm_std_uni,1,6.144881248474121,-4.98498010635376,1
Clemson-DND_p309_c1_grm_std_uni,1,6.101768970489502,-4.956122398376465,1
Clemson-DND_p309_c1_grm_std_uni,1,6.723048686981201,-5.263049602508545,1
Clemson-DND_p309_c1_grm_std_uni,1,6.995233058929443,-5.470892429351807,1
Clemson-DND_p309_c1_grm_std_uni,1,6.703391075134277,-5.6192426681518555,1
Clemson-DND_p309_c1_grm_std_uni,1,6.3078203201293945,-5.715815544128418,1
Clemson-DND_p309_c1_grm_std_uni,1,6.55739164352417,-5.980041027069092,1
Clemson-DND_p309_c1_grm_std_uni,1,6.6606926918029785,-6.0080766677856445,1
Clemson-DND_p309_c1_grm_std_uni,1,6.647975444793701,-5.913719177246094,1
Clemson-DND_p309_c1_grm_std_uni,1,6.845093250274658,-6.057608604431152,1
Clemson-DND_p309_c1_grm_std_uni,1,6.824016094207764,-5.9109320640563965,1
Clemson-DND_p309_c1_grm_std_uni,1,7.114401817321777,-6.145481586456299,1
Clemson-DND_p309_c1_grm_std_uni,1,7.663113594055176,-6.9298577308654785,1
Clemson-DND_p309_c1_grm_std_uni,1,7.998482704162598,-7.794846534729004,1
Clemson-DND_p309_c1_grm_std_uni,1,7.363287448883057,-7.322938442230225,1
Clemson-DND_p309_c1_grm_std_uni,1,6.334237098693848,-5.243690013885498,1
Clemson-DND_p309_c1_grm_std_uni,1,5.96589469909668,-4.156428337097168,1
Clemson-DND_p309_c1_grm_std_uni,1,5.5926642417907715,-3.7425715923309326,1
Clemson-DND_p309_c1_grm_std_uni,1,4.723341464996338,-3.321390390396118,1
Clemson-DND_p309_c1_grm_std_uni,1,4.404068946838379,-3.0779855251312256,1
Clemson-DND_p309_c1_grm_std_uni,1,4.888236999511719,-3.478728771209717,1
Clemson-DND_p309_c1_grm_std_uni,1,5.0186848640441895,-3.6237874031066895,1
Clemson-DND_p309_c1_grm_std_uni,1,5.141496181488037,-3.8158085346221924,1
Clemson-DND_p309_c1_grm_std_uni,1,5.363098621368408,-4.028317928314209,1
Clemson-DND_p309_c1_grm_std_uni,1,5.745396614074707,-4.658648490905762,1
Clemson-DND_p309_c1_grm_std_uni,1,6.0972442626953125,-5.07271671295166,1
Clemson-DND_p309_c1_grm_std_uni,1,6.143085956573486,-4.985955715179443,1
Clemson-DND_p309_c1_grm_std_uni,1,6.479405879974365,-5.096094608306885,1
Clemson-DND_p309_c1_grm_std_uni,1,6.492782115936279,-5.071253776550293,1
Clemson-DND_p309_c1_grm_std_uni,1,6.265778541564941,-4.596261978149414,1
Clemson-DND_p309_c1_grm_std_uni,1,6.186357498168945,-4.684979438781738,1
Clemson-DND_p309_c1_grm_std_uni,1,6.468425273895264,-4.683145999908447,1
Clemson-DND_p309_c1_grm_std_uni,1,6.6575541496276855,-4.921029090881348,1
Clemson-DND_p309_c1_grm_std_uni,1,6.723423480987549,-5.082796573638916,1
Clemson-DND_p309_c1_grm_std_uni,1,7.2832770347595215,-6.204344749450684,1
Clemson-DND_p309_c1_grm_std_uni,1,6.432096481323242,-6.001542568206787,1
Clemson-DND_p309_c1_grm_std_uni,1,6.157891750335693,-5.289186000823975,1
Clemson-DND_p309_c1_grm_std_uni,1,6.014017105102539,-4.511902809143066,1
Clemson-DND_p309_c1_grm_std_uni,1,5.589591979980469,-4.1982221603393555,1
Clemson-DND_p309_c1_grm_std_uni,1,5.604759693145752,-4.6409430503845215,1
Clemson-DND_p309_c1_grm_std_uni,1,5.166524410247803,-3.857863426208496,1
Clemson-DND_p309_c1_grm_std_uni,1,5.191950798034668,-4.179539680480957,1
Clemson-DND_p309_c1_grm_std_uni,1,4.826247692108154,-4.23446798324585,1
Clemson-DND_p309_c1_grm_std_uni,1,5.810490131378174,-4.602691173553467,1
Clemson-DND_p309_c1_grm_std_uni,1,5.968098163604736,-4.383346080780029,1
Clemson-DND_p309_c1_grm_std_uni,1,5.984979629516602,-4.476790904998779,1
Clemson-DND_p309_c1_grm_std_uni,1,6.4120869636535645,-5.036164283752441,1
Clemson-DND_p309_c1_grm_std_uni,1,6.410040378570557,-5.11803674697876,1
Clemson-DND_p309_c1_grm_std_uni,1,6.437376499176025,-5.065522193908691,1
Clemson-DND_p309_c1_grm_std_uni,1,6.411252975463867,-4.977165222167969,1
Clemson-DND_p309_c1_grm_std_uni,1,6.430079460144043,-5.097198486328125,1
Clemson-DND_p309_c1_grm_std_uni,1,6.287694931030273,-4.972457408905029,1
Clemson-DND_p309_c1_grm_std_uni,1,6.3303704261779785,-4.900999069213867,1
Clemson-DND_p309_c1_grm_std_uni,1,6.615535259246826,-5.259298801422119,1
Clemson-DND_p309_c1_grm_std_uni,1,6.09207820892334,-5.110464572906494,1
Clemson-DND_p309_c1_grm_std_uni,1,6.294943809509277,-5.945009231567383,1
Clemson-DND_p309_c1_grm_std_uni,1,6.406134605407715,-6.383630275726318,1
Clemson-DND_p309_c1_grm_std_uni,1,5.910914421081543,-4.6248250007629395,1
Clemson-DND_p309_c1_grm_std_uni,1,4.290503025054932,-3.4375996589660645,1
Clemson-DND_p309_c1_grm_std_uni,1,4.468092441558838,-3.064391851425171,1
Clemson-DND_p309_c1_grm_std_uni,1,4.775822162628174,-3.2944984436035156,1
Clemson-DND_p309_c1_grm_std_uni,1,4.955724716186523,-4.300024509429932,1
Clemson-DND_p309_c1_grm_std_uni,1,5.609395503997803,-4.897502422332764,1
Clemson-DND_p309_c1_grm_std_uni,1,5.726531028747559,-5.086995601654053,1
Clemson-DND_p309_c1_grm_std_uni,1,5.78754997253418,-5.040330410003662,1
Clemson-DND_p309_c1_grm_std_uni,1,5.8235249519348145,-5.008479118347168,1
Clemson-DND_p309_c1_grm_std_uni,1,6.068754196166992,-4.976952075958252,1
Clemson-DND_p309_c1_grm_std_uni,1,6.0355000495910645,-4.842261791229248,1
Clemson-DND_p309_c1_grm_std_uni,1,6.137281894683838,-5.04312801361084,1
Clemson-DND_p309_c1_grm_std_uni,1,6.2286152839660645,-5.099640369415283,1
Clemson-DND_p309_c1_grm_std_uni,1,6.244157314300537,-5.006222724914551,1
Clemson-DND_p309_c1_grm_std_uni,1,6.49583625793457,-5.16710901260376,1
Clemson-DND_p309_c1_grm_std_uni,1,6.6640119552612305,-5.322092056274414,1
Clemson-DND_p309_c1_grm_std_uni,1,6.882856369018555,-5.7938361167907715,1
Clemson-DND_p309_c1_grm_std_uni,1,6.457282543182373,-6.404368877410889,1
Clemson-DND_p309_c1_grm_std_uni,1,6.672300815582275,-6.43089485168457,1
Clemson-DND_p309_c1_grm_std_uni,1,6.06716251373291,-4.921597480773926,1
Clemson-DND_p309_c1_grm_std_uni,1,5.13640022277832,-3.610194683074951,1
Clemson-DND_p309_c1_grm_std_uni,1,4.971256732940674,-3.379002571105957,1
Clemson-DND_p309_c1_grm_std_uni,1,4.406942844390869,-2.8096330165863037,1
Clemson-DND_p309_c1_grm_std_uni,1,4.8467841148376465,-3.7874090671539307,1
Clemson-DND_p309_c1_grm_std_uni,1,5.616024971008301,-4.541172981262207,1
Clemson-DND_p309_c1_grm_std_uni,1,5.7589192390441895,-4.512239456176758,1
Clemson-DND_p309_c1_grm_std_uni,1,6.01307487487793,-4.710734844207764,1
Clemson-DND_p309_c1_grm_std_uni,1,6.401576042175293,-4.760295391082764,1
Clemson-DND_p309_c1_grm_std_uni,1,6.983090877532959,-5.483051776885986,1
Clemson-DND_p309_c1_grm_std_uni,1,6.8356242179870605,-6.017553806304932,1
Clemson-DND_p309_c1_grm_std_uni,1,5.80471134185791,-6.6297993659973145,1
Clemson-DND_p309_c1_grm_std_uni,1,5.894608497619629,-6.0883870124816895,1
Clemson-DND_p309_c1_grm_std_uni,1,6.241410732269287,-5.579474925994873,1
Clemson-DND_p309_c1_grm_std_uni,1,4.397516250610352,-3.2980868816375732,1
Clemson-DND_p309_c1_grm_std_uni,1,3.9093291759490967,-2.5072507858276367,1
Clemson-DND_p309_c1_grm_std_uni,1,4.023214817047119,-2.7806499004364014,1
Clemson-DND_p309_c1_grm_std_uni,1,4.393219947814941,-3.412417411804199,1
Clemson-DND_p309_c1_grm_std_uni,1,5.321983337402344,-4.156785011291504,1
Clemson-DND_p309_c1_grm_std_uni,1,5.822633743286133,-4.413668632507324,1
Clemson-DND_p309_c1_grm_std_uni,1,6.643181324005127,-5.0183234214782715,1
Clemson-DND_p309_c1_grm_std_uni,1,7.001304626464844,-5.3887810707092285,1
Clemson-DND_p309_c1_grm_std_uni,1,6.756882190704346,-5.313849925994873,1
Clemson-DND_p309_c1_grm_std_uni,1,7.379867076873779,-6.061173915863037,1
Clemson-DND_p309_c1_grm_std_uni,1,7.826681613922119,-6.952671527862549,1
Clemson-DND_p309_c1_grm_std_uni,1,7.1885085105896,-6.576228141784668,1
Clemson-DND_p309_c1_grm_std_uni,1,6.556434631347656,-5.518509387969971,1
Clemson-DND_p309_c1_grm_std_uni,1,6.735759258270264,-5.275677680969238,1
Clemson-DND_p309_c1_grm_std_uni,1,6.6604838371276855,-4.839550495147705,1
Clemson-DND_p309_c1_grm_std_uni,1,6.868247032165527,-5.123298168182373,1
Clemson-DND_p309_c1_grm_std_uni,1,6.742490291595459,-5.242360591888428,1
Clemson-DND_p309_c1_grm_std_uni,1,6.8937859535217285,-5.578217029571533,1
Clemson-DND_p309_c1_grm_std_uni,1,6.645576477050781,-5.611931324005127,1
Clemson-DND_p309_c1_grm_std_uni,1,6.386824131011963,-5.321633338928223,1
Clemson-DND_p309_c1_grm_std_uni,1,5.532083511352539,-4.3838582038879395,1
Clemson-DND_p309_c1_grm_std_uni,1,5.17365837097168,-4.029409885406494,1
Clemson-DND_p309_c1_grm_std_uni,1,4.890765190124512,-3.674781322479248,1
Clemson-DND_p309_c1_grm_std_uni,1,6.075562000274658,-4.606658935546875,1
Clemson-DND_p309_c1_grm_std_uni,1,7.229729175567627,-6.028044700622559,1
Clemson-DND_p309_c1_grm_std_uni,1,6.8145623207092285,-5.7490410804748535,1
Clemson-DND_p309_c1_grm_std_uni,1,6.157425880432129,-5.410485744476318,1
Clemson-DND_p309_c1_grm_std_uni,1,6.177038669586182,-5.318439960479736,1
Clemson-DND_p309_c1_grm_std_uni,1,6.651029109954834,-5.96747350692749,1
Clemson-DND_p309_c1_grm_std_uni,1,5.797369003295898,-5.087340354919434,1
Clemson-DND_p309_c1_grm_std_uni,1,5.42003870010376,-4.746923923492432,1
Clemson-DND_p309_c1_grm_std_uni,1,6.285786151885986,-5.529489517211914,1
Clemson-DND_p309_c1_grm_std_uni,1,6.80639123916626,-5.9175519943237305,1
Clemson-DND_p309_c1_grm_std_uni,1,6.462724208831787,-5.5485358238220215,1
Clemson-DND_p309_c1_grm_std_uni,1,7.000327110290527,-6.167582988739014,1
Clemson-DND_p309_c1_grm_std_uni,1,6.947367191314697,-6.3405303955078125,1
Clemson-DND_p309_c1_grm_std_uni,1,6.586612224578857,-5.8295979499816895,1
Clemson-DND_p309_c1_grm_std_uni,1,6.152004718780518,-5.332369327545166,1
Clemson-DND_p309_c1_grm_std_uni,1,5.081452369689941,-4.130326747894287,1
Clemson-DND_p309_c1_grm_std_uni,1,4.178707599639893,-3.168090343475342,1
Clemson-DND_p309_c1_grm_std_uni,1,5.297402381896973,-3.948056936264038,1
Clemson-DND_p309_c1_grm_std_uni,1,7.551486015319824,-6.056021213531494,1
Clemson-DND_p309_c1_grm_std_uni,1,7.986350059509277,-6.73477840423584,1
Clemson-DND_p309_c1_grm_std_uni,1,7.332193851470947,-6.907922267913818,1
Clemson-DND_p309_c1_grm_std_uni,1,7.024993419647217,-7.249946117401123,1
Clemson-DND_p309_c1_grm_std_uni,1,6.62013578414917,-6.192258834838867,1
Clemson-DND_p309_c1_grm_std_uni,1,6.448172092437744,-5.303105354309082,1
Clemson-DND_p309_c1_grm_std_uni,1,6.003170967102051,-4.377094745635986,1
Clemson-DND_p309_c1_grm_std_uni,1,5.004494667053223,-3.7867021560668945,1
Clemson-DND_p309_c1_grm_std_uni,1,4.065888404846191,-2.8437089920043945,1
Clemson-DND_p309_c1_grm_std_uni,1,4.951751708984375,-3.866269111633301,1
Clemson-DND_p309_c1_grm_std_uni,1,5.898758888244629,-4.711767673492432,1
Clemson-DND_p309_c1_grm_std_uni,1,5.998983860015869,-4.590913772583008,1
Clemson-DND_p309_c1_grm_std_uni,1,6.016486167907715,-4.743955612182617,1
Clemson-DND_p309_c1_grm_std_uni,1,5.958807468414307,-4.761063575744629,1
Clemson-DND_p309_c1_grm_std_uni,1,6.275559425354004,-5.293462753295898,1
Clemson-DND_p309_c1_grm_std_uni,1,6.619912624359131,-5.172372341156006,1
Clemson-DND_p309_c1_grm_std_uni,1,7.014711380004883,-5.972107410430908,1
Clemson-DND_p309_c1_grm_std_uni,1,7.3589043617248535,-6.71493673324585,1
Clemson-DND_p309_c1_grm_std_uni,1,7.269242763519287,-5.825194358825684,1
Clemson-DND_p309_c1_grm_std_uni,1,7.098662376403809,-5.5666961669921875,1
Clemson-DND_p309_c1_grm_std_uni,1,7.029532432556152,-5.2549519538879395,1
Clemson-DND_p309_c1_grm_std_uni,1,6.298437595367432,-4.562154293060303,1
Clemson-DND_p309_c1_grm_std_uni,1,5.127436637878418,-3.7227776050567627,1
Clemson-DND_p309_c1_grm_std_uni,1,4.835346698760986,-3.6012208461761475,1
Clemson-DND_p309_c1_grm_std_uni,1,5.176289081573486,-3.9593570232391357,1
Clemson-DND_p309_c1_grm_std_uni,1,5.118443012237549,-3.7833545207977295,1
Clemson-DND_p309_c1_grm_std_uni,1,5.427578449249268,-3.832613706588745,1
Clemson-DND_p309_c1_grm_std_uni,1,5.114452838897705,-3.2944793701171875,1
Clemson-DND_p309_c1_grm_std_uni,1,4.857577323913574,-3.103224754333496,1
Clemson-DND_p309_c1_grm_std_uni,1,4.784707069396973,-3.0195071697235107,1
Clemson-DND_p309_c1_grm_std_uni,1,5.064309597015381,-3.865504503250122,1
Clemson-DND_p309_c1_grm_std_uni,1,5.234344482421875,-4.259675979614258,1
Clemson-DND_p309_c1_grm_std_uni,1,5.69916296005249,-4.77295446395874,1
Clemson-DND_p309_c1_grm_std_uni,1,5.9151716232299805,-4.903009414672852,1
Clemson-DND_p309_c1_grm_std_uni,1,5.825680732727051,-4.400406360626221,1
Clemson-DND_p309_c1_grm_std_uni,1,5.937906265258789,-4.336989402770996,1
Clemson-DND_p309_c1_grm_std_uni,1,5.715928554534912,-4.188912868499756,1
Clemson-DND_p309_c1_grm_std_uni,1,5.695616245269775,-4.288298606872559,1
Clemson-DND_p309_c1_grm_std_uni,1,5.7629218101501465,-4.107771396636963,1
Clemson-DND_p309_c1_grm_std_uni,1,5.319657325744629,-3.792830467224121,1
Clemson-DND_p309_c1_grm_std_uni,1,5.170248985290527,-3.551940679550171,1
Clemson-DND_p309_c1_grm_std_uni,1,5.146462917327881,-3.518707036972046,1
Clemson-DND_p309_c1_grm_std_uni,1,4.80944299697876,-3.550525426864624,1
Clemson-DND_p309_c1_grm_std_uni,1,4.4889750480651855,-3.5332117080688477,1
Clemson-DND_p309_c1_grm_std_uni,1,5.136058330535889,-3.7727396488189697,1
Clemson-DND_p309_c1_grm_std_uni,1,5.128225326538086,-3.865872859954834,1
Clemson-DND_p309_c1_grm_std_uni,1,5.618142604827881,-4.672447681427002,1
Clemson-DND_p309_c1_grm_std_uni,1,6.154631614685059,-4.868406295776367,1
Clemson-DND_p309_c1_grm_std_uni,1,6.9217681884765625,-5.39296293258667,1
Clemson-DND_p309_c1_grm_std_uni,1,6.809802532196045,-5.313601970672607,1
Clemson-DND_p309_c1_grm_std_uni,1,6.224571704864502,-4.513826370239258,1
Clemson-DND_p309_c1_grm_std_uni,1,5.830556392669678,-4.0352702140808105,1
Clemson-DND_p309_c1_grm_std_uni,1,4.820028305053711,-3.086909532546997,1
Clemson-DND_p309_c1_grm_std_uni,1,4.575945854187012,-3.0916247367858887,1
Clemson-DND_p309_c1_grm_std_uni,1,4.7130022048950195,-3.2897069454193115,1
Clemson-DND_p309_c1_grm_std_uni,2,4.233251571655273,-3.0313923358917236,1
Clemson-DND_p309_c1_grm_std_uni,1,4.20395040512085,-2.911972999572754,1
Clemson-DND_p309_c1_grm_std_uni,1,4.841775894165039,-3.9661757946014404,1
Clemson-DND_p309_c1_grm_std_uni,1,5.07109260559082,-4.0446624755859375,1
Clemson-DND_p309_c1_grm_std_uni,1,5.329890727996826,-4.6937479972839355,1
Clemson-DND_p309_c1_grm_std_uni,1,5.741854190826416,-5.368542194366455,1
Clemson-DND_p309_c1_grm_std_uni,1,6.22829532623291,-5.330911636352539,1
Clemson-DND_p309_c1_grm_std_uni,1,6.242550373077393,-5.053216934204102,1
Clemson-DND_p309_c1_grm_std_uni,1,7.0261969566345215,-6.022513389587402,1
Clemson-DND_p309_c1_grm_std_uni,1,7.059745788574219,-6.67765474319458,1
Clemson-DND_p309_c1_grm_std_uni,1,7.289122581481934,-6.848833084106445,1
Clemson-DND_p309_c1_grm_std_uni,1,6.543385982513428,-6.014028072357178,1
Clemson-DND_p309_c1_grm_std_uni,1,6.06348991394043,-5.707961082458496,1
Clemson-DND_p309_c1_grm_std_uni,1,5.310075759887695,-4.599546909332275,1
Clemson-DND_p309_c1_grm_std_uni,1,4.502849102020264,-3.4154369831085205,1
Clemson-DND_p309_c1_grm_std_uni,1,4.987062931060791,-3.6346518993377686,1
Clemson-DND_p309_c1_grm_std_uni,1,4.072607517242432,-3.119286060333252,1
Clemson-DND_p309_c1_grm_std_uni,1,4.55302095413208,-4.262539386749268,1
Clemson-DND_p309_c1_grm_std_uni,1,5.462072849273682,-4.702420711517334,1
Clemson-DND_p309_c1_grm_std_uni,1,6.470825672149658,-5.4755473136901855,1
Clemson-DND_p309_c1_grm_std_uni,1,6.317799091339111,-5.418449878692627,1
Clemson-DND_p309_c1_grm_std_uni,1,5.507175922393799,-4.86679220199585,1
Clemson-DND_p309_c1_grm_std_uni,1,4.46954345703125,-4.135496616363525,1
Clemson-DND_p309_c1_grm_std_uni,1,6.229225158691406,-5.838003158569336,1
Clemson-DND_p309_c1_grm_std_uni,1,6.800816535949707,-6.358648300170898,1
Clemson-DND_p309_c1_grm_std_uni,1,6.399800777435303,-5.88568115234375,1
Clemson-DND_p309_c1_grm_std_uni,1,5.916665554046631,-5.60651969909668,1
Clemson-DND_p309_c1_grm_std_uni,1,6.320608139038086,-5.934046745300293,1
Clemson-DND_p309_c1_grm_std_uni,1,5.159934997558594,-4.685712814331055,1
Clemson-DND_p309_c1_grm_std_uni,1,4.337803363800049,-4.113835334777832,1
Clemson-DND_p309_c1_grm_std_uni,1,5.141060829162598,-4.973367691040039,1
Clemson-DND_p309_c1_grm_std_uni,1,7.1701979637146,-6.851668357849121,1
Clemson-DND_p309_c1_grm_std_uni,1,7.707028388977051,-7.521410942077637,1
Clemson-DND_p309_c1_grm_std_uni,1,7.894761562347412,-7.761502265930176,1
Clemson-DND_p309_c1_grm_std_uni,1,7.439526557922363,-7.224734306335449,1
Clemson-DND_p309_c1_grm_std_uni,1,6.638456344604492,-6.507262706756592,1
Clemson-DND_p309_c1_grm_std_uni,1,5.060201644897461,-4.733724117279053,1
Clemson-DND_p309_c1_grm_std_uni,1,4.673954486846924,-4.0281853675842285,1
Clemson-DND_p309_c1_grm_std_uni,1,4.834386825561523,-4.134973049163818,1
Clemson-DND_p309_c1_grm_std_uni,1,4.940633773803711,-4.000351428985596,1
Clemson-DND_p309_c1_grm_std_uni,1,5.0947465896606445,-3.8727989196777344,1
Clemson-DND_p309_c1_grm_std_uni,1,5.4691948890686035,-4.297768592834473,1
Clemson-DND_p309_c1_grm_std_uni,1,6.11259651184082,-4.9360175132751465,1
Clemson-DND_p309_c1_grm_std_uni,1,6.52468204498291,-5.383563041687012,1
Clemson-DND_p309_c1_grm_std_uni,1,6.201882362365723,-5.26982307434082,1
Clemson-DND_p309_c1_grm_std_uni,1,5.860199928283691,-4.581472396850586,1
Clemson-DND_p309_c1_grm_std_uni,1,5.435399055480957,-3.726979970932007,1
Clemson-DND_p309_c1_grm_std_uni,1,5.44419002532959,-3.814183235168457,1
Clemson-DND_p309_c1_grm_std_uni,1,5.203634738922119,-3.752753973007202,1
Clemson-DND_p309_c1_grm_std_uni,1,5.186874866485596,-4.278090476989746,1
Clemson-DND_p309_c1_grm_std_uni,1,4.579576015472412,-4.107928276062012,1
Clemson-DND_p309_c1_grm_std_uni,1,4.7040629386901855,-3.919572114944458,1
Clemson-DND_p309_c1_grm_std_uni,1,4.803013324737549,-3.999298334121704,1
Clemson-DND_p309_c1_grm_std_uni,1,4.880212306976318,-4.061666011810303,1
Clemson-DND_p309_c1_grm_std_uni,1,4.981264114379883,-4.282112121582031,1
Clemson-DND_p309_c1_grm_std_uni,1,5.401449680328369,-4.695576190948486,1
Clemson-DND_p309_c1_grm_std_uni,1,5.930804252624512,-4.7548298835754395,1
Clemson-DND_p309_c1_grm_std_uni,1,5.854276657104492,-4.7408976554870605,1
Clemson-DND_p309_c1_grm_std_uni,1,6.041527271270752,-4.961367130279541,1
Clemson-DND_p309_c1_grm_std_uni,1,6.107211112976074,-5.024147033691406,1
Clemson-DND_p309_c1_grm_std_uni,1,6.211006164550781,-4.915151596069336,1
Clemson-DND_p309_c1_grm_std_uni,1,6.260928153991699,-4.714371681213379,1
Clemson-DND_p309_c1_grm_std_uni,1,5.860983848571777,-4.353379249572754,1
Clemson-DND_p309_c1_grm_std_uni,1,5.685666561126709,-4.196290016174316,1
Clemson-DND_p309_c1_grm_std_uni,1,5.485749244689941,-3.7604174613952637,1
Clemson-DND_p309_c1_grm_std_uni,1,5.291999816894531,-3.4578726291656494,1
Clemson-DND_p309_c1_grm_std_uni,1,5.0490031242370605,-3.4415030479431152,1
Clemson-DND_p309_c1_grm_std_uni,1,4.483095645904541,-2.9330241680145264,1
Clemson-DND_p309_c1_grm_std_uni,1,4.7832489013671875,-3.5380537509918213,1
Clemson-DND_p309_c1_grm_std_uni,1,5.140668869018555,-3.9345486164093018,1
Clemson-DND_p309_c1_grm_std_uni,1,5.526811122894287,-3.9613451957702637,1
Clemson-DND_p309_c1_grm_std_uni,1,6.109874248504639,-4.959442138671875,1
Clemson-DND_p309_c1_grm_std_uni,1,6.604556560516357,-5.362191677093506,1
Clemson-DND_p309_c1_grm_std_uni,1,7.380285739898682,-6.239152431488037,1
Clemson-DND_p309_c1_grm_std_uni,1,7.6329545974731445,-6.905940532684326,1
Clemson-DND_p309_c1_grm_std_uni,1,7.078178882598877,-6.650545120239258,1
Clemson-DND_p309_c1_grm_std_uni,1,7.237225532531738,-6.417123317718506,1
Clemson-DND_p309_c1_grm_std_uni,1,7.375801086425781,-5.912745952606201,1
Clemson-DND_p309_c1_grm_std_uni,1,7.00709867477417,-4.768704891204834,1
Clemson-DND_p309_c1_grm_std_uni,1,5.32127046585083,-3.4487268924713135,1
Clemson-DND_p309_c1_grm_std_uni,1,4.9949235916137695,-3.63971209526062,1
Clemson-DND_p309_c1_grm_std_uni,1,5.001511096954346,-4.059304237365723,1
Clemson-DND_p309_c1_grm_std_uni,1,5.275414943695068,-3.9816880226135254,1
Clemson-DND_p309_c1_grm_std_uni,1,5.572000980377197,-3.7505924701690674,1
Clemson-DND_p309_c1_grm_std_uni,1,5.538506507873535,-3.74200701713562,1
Clemson-DND_p309_c1_grm_std_uni,1,5.412468910217285,-3.896791696548462,1
Clemson-DND_p309_c1_grm_std_uni,1,5.255921363830566,-3.8852343559265137,1
Clemson-DND_p309_c1_grm_std_uni,1,5.029062271118164,-4.161343574523926,1
Clemson-DND_p309_c1_grm_std_uni,1,4.567869186401367,-3.851464033126831,1
Clemson-DND_p309_c1_grm_std_uni,1,4.42962646484375,-3.3508412837982178,1
Clemson-DND_p309_c1_grm_std_uni,2,5.225835800170898,-4.196535587310791,1
Clemson-DND_p309_c1_grm_std_uni,1,5.843569755554199,-4.434980392456055,1
Clemson-DND_p309_c1_grm_std_uni,1,5.681769371032715,-4.737259864807129,1
Clemson-DND_p309_c1_grm_std_uni,1,6.07673454284668,-5.021392345428467,1
Clemson-DND_p309_c1_grm_std_uni,1,6.360228061676025,-4.992020130157471,1
Clemson-DND_p309_c1_grm_std_uni,1,6.06105899810791,-4.741797924041748,1
Clemson-DND_p309_c1_grm_std_uni,1,6.219959735870361,-4.744574546813965,1
Clemson-DND_p309_c1_grm_std_uni,1,6.714303016662598,-5.285485744476318,1
Clemson-DND_p309_c1_grm_std_uni,1,6.767450332641602,-5.360142230987549,1
Clemson-DND_p309_c1_grm_std_uni,1,7.087023735046387,-5.748533725738525,1
Clemson-DND_p309_c1_grm_std_uni,1,7.408921241760254,-6.274131774902344,1
Clemson-DND_p309_c1_grm_std_uni,1,7.97723388671875,-6.458168029785156,1
Clemson-DND_p309_c1_grm_std_uni,1,7.548208236694336,-5.956626892089844,1
Clemson-DND_p309_c1_grm_std_uni,1,7.026156902313232,-5.650001049041748,1
Clemson-DND_p309_c1_grm_std_uni,1,7.58059549331665,-6.174394130706787,1
Clemson-DND_p309_c1_grm_std_uni,1,7.644897937774658,-6.443318843841553,1
Clemson-DND_p309_c1_grm_std_uni,1,6.940124988555908,-5.7337646484375,1
Clemson-DND_p309_c1_grm_std_uni,1,6.628063678741455,-5.820556640625,1
Clemson-DND_p309_c1_grm_std_uni,1,7.045344352722168,-6.312830448150635,1
Clemson-DND_p309_c1_grm_std_uni,1,6.838680744171143,-5.576683044433594,1
Clemson-DND_p309_c1_grm_std_uni,1,7.036645412445068,-5.332292079925537,1
Clemson-DND_p309_c1_grm_std_uni,1,6.170864582061768,-4.447933673858643,1
Clemson-DND_p309_c1_grm_std_uni,1,6.016965389251709,-4.379239559173584,1
Clemson-DND_p309_c1_grm_std_uni,1,6.2195868492126465,-4.81309175491333,1
Clemson-DND_p309_c1_grm_std_uni,1,6.902238845825195,-5.490480899810791,1
Clemson-DND_p309_c1_grm_std_uni,1,7.197837829589844,-5.92153263092041,1
Clemson-DND_p309_c1_grm_std_uni,1,7.170035362243652,-5.901819705963135,1
Clemson-DND_p309_c1_grm_std_uni,1,7.257501125335693,-6.2019877433776855,1
Clemson-DND_p309_c1_grm_std_uni,1,7.408691883087158,-6.398820400238037,1
Clemson-DND_p309_c1_grm_std_uni,1,7.731038570404053,-6.891923904418945,1
Clemson-DND_p309_c1_grm_std_uni,1,7.390068054199219,-6.71950626373291,1
Clemson-DND_p309_c1_grm_std_uni,1,7.616037368774414,-6.670010089874268,1
Clemson-DND_p309_c1_grm_std_uni,1,7.39340877532959,-6.129883289337158,1
Clemson-DND_p309_c1_grm_std_uni,1,7.314536094665527,-5.993369102478027,1
Clemson-DND_p309_c1_grm_std_uni,1,7.151876926422119,-5.937417507171631,1
Clemson-DND_p309_c1_grm_std_uni,1,6.60866117477417,-5.4991254806518555,1
Clemson-DND_p309_c1_grm_std_uni,1,5.759218692779541,-4.795531272888184,1
Clemson-DND_p309_c1_grm_std_uni,1,5.594904899597168,-4.5692973136901855,1
Clemson-DND_p309_c1_grm_std_uni,1,5.458460330963135,-4.551126480102539,1
Clemson-DND_p309_c1_grm_std_uni,1,6.152799129486084,-5.18856143951416,1
Clemson-DND_p309_c1_grm_std_uni,1,5.8453288078308105,-4.97152042388916,1
Clemson-DND_p309_c1_grm_std_uni,1,6.065617561340332,-5.248366355895996,1
Clemson-DND_p309_c1_grm_std_uni,1,6.87393856048584,-5.977625370025635,1
Clemson-DND_p309_c1_grm_std_uni,1,5.769903659820557,-5.0181169509887695,1
Clemson-DND_p309_c1_grm_std_uni,1,5.1357645988464355,-4.194769382476807,1
Clemson-DND_p309_c1_grm_std_uni,1,4.881853103637695,-3.8126869201660156,1
Clemson-DND_p309_c1_grm_std_uni,1,7.798574447631836,-6.268189907073975,1
Clemson-DND_p309_c1_grm_std_uni,1,8.018290519714355,-6.529809951782227,1
Clemson-DND_p309_c1_grm_std_uni,1,7.886380672454834,-6.478085994720459,1
Clemson-DND_p309_c1_grm_std_uni,1,7.452485084533691,-6.233141899108887,1
Clemson-DND_p309_c1_grm_std_uni,1,7.243803024291992,-5.854341506958008,1
Clemson-DND_p309_c1_grm_std_uni,1,5.211685657501221,-3.7161405086517334,1
Clemson-DND_p309_c1_grm_std_uni,1,4.583858966827393,-3.2114264965057373,1
Clemson-DND_p309_c1_grm_std_uni,1,4.793046951293945,-3.4489219188690186,1
Clemson-DND_p309_c1_grm_std_uni,1,5.983132839202881,-4.580909252166748,1
Clemson-DND_p309_c1_grm_std_uni,1,6.362177848815918,-5.016432762145996,1
Clemson-DND_p309_c1_grm_std_uni,1,5.879317283630371,-4.749337673187256,1
Clemson-DND_p309_c1_grm_std_uni,1,4.881908893585205,-3.9735701084136963,1
Clemson-DND_p309_c1_grm_std_uni,1,4.449330806732178,-3.5162265300750732,1
Clemson-DND_p309_c1_grm_std_uni,1,4.860349655151367,-3.875988006591797,1
Clemson-DND_p309_c1_grm_std_uni,1,6.199850082397461,-4.961614608764648,1
Clemson-DND_p309_c1_grm_std_uni,1,6.623257637023926,-5.301397800445557,1
Clemson-DND_p309_c1_grm_std_uni,1,6.512411594390869,-5.175282955169678,1
Clemson-DND_p309_c1_grm_std_uni,1,6.5538330078125,-5.324734687805176,1
Clemson-DND_p309_c1_grm_std_uni,1,7.4410881996154785,-6.412125587463379,1
Clemson-DND_p309_c1_grm_std_uni,1,7.7849202156066895,-7.1107330322265625,1
Clemson-DND_p309_c1_grm_std_uni,1,7.727803707122803,-7.215710163116455,1
Clemson-DND_p309_c1_grm_std_uni,1,7.87755823135376,-7.212914943695068,1
Clemson-DND_p309_c1_grm_std_uni,1,7.7312397956848145,-6.977922439575195,1
Clemson-DND_p309_c1_grm_std_uni,1,7.3657989501953125,-6.546513557434082,1
Clemson-DND_p309_c1_grm_std_uni,1,7.1825175285339355,-6.24315071105957,1
Clemson-DND_p309_c1_grm_std_uni,1,6.933558464050293,-6.039809703826904,1
Clemson-DND_p309_c1_grm_std_uni,1,6.452047348022461,-5.087690353393555,1
Clemson-DND_p309_c1_grm_std_uni,1,5.944570064544678,-4.410732746124268,1
Clemson-DND_p309_c1_grm_std_uni,1,5.827363014221191,-4.305209636688232,1
Clemson-DND_p309_c1_grm_std_uni,1,5.469223976135254,-4.2371063232421875,1
Clemson-DND_p309_c1_grm_std_uni,1,4.886749744415283,-4.01987361907959,1
Clemson-DND_p309_c1_grm_std_uni,1,4.443997859954834,-3.350414276123047,1
Clemson-DND_p309_c1_grm_std_uni,1,4.525389194488525,-3.412100076675415,1
Clemson-DND_p309_c1_grm_std_uni,1,4.982663631439209,-4.032134532928467,1
Clemson-DND_p309_c1_grm_std_uni,1,5.46455192565918,-4.33344841003418,1
Clemson-DND_p309_c1_grm_std_uni,1,5.708658218383789,-4.484095573425293,1
Clemson-DND_p309_c1_grm_std_uni,1,5.551445484161377,-4.035524845123291,1
Clemson-DND_p309_c1_grm_std_uni,1,5.354251384735107,-3.9945991039276123,1
Clemson-DND_p309_c1_grm_std_uni,1,5.8340559005737305,-4.681126117706299,1
Clemson-DND_p309_c1_grm_std_uni,1,6.399018287658691,-5.146494388580322,1
Clemson-DND_p309_c1_grm_std_uni,1,6.69827127456665,-5.362668991088867,1
Clemson-DND_p309_c1_grm_std_uni,1,6.827091693878174,-5.374155044555664,1
Clemson-DND_p309_c1_grm_std_uni,1,6.2863945960998535,-4.6734724044799805,1
Clemson-DND_p309_c1_grm_std_uni,1,6.308783531188965,-4.708489894866943,1
Clemson-DND_p309_c1_grm_std_uni,1,6.921990394592285,-5.059213638305664,1
Clemson-DND_p309_c1_grm_std_uni,1,7.759559154510498,-5.980162143707275,1
Clemson-DND_p309_c1_grm_std_uni,1,7.879083156585693,-6.090781211853027,1
Clemson-DND_p309_c1_grm_std_uni,1,8.068255424499512,-6.334563255310059,1
Clemson-DND_p309_c1_grm_std_uni,1,8.011173248291016,-6.238709926605225,1
Clemson-DND_p309_c1_grm_std_uni,1,7.83329439163208,-6.1908674240112305,1
Clemson-DND_p309_c1_grm_std_uni,1,7.46013879776001,-5.924817085266113,1
Clemson-DND_p309_c1_grm_std_uni,1,7.29084587097168,-5.877224445343018,1
Clemson-DND_p309_c1_grm_std_uni,1,7.439553737640381,-6.206323146820068,1
Clemson-DND_p309_c1_grm_std_uni,1,7.5514116287231445,-6.5329718589782715,1
Clemson-DND_p309_c1_grm_std_uni,1,7.543914794921875,-6.616579055786133,1
Clemson-DND_p309_c1_grm_std_uni,1,7.525593280792236,-6.700613498687744,1
Clemson-DND_p309_c1_grm_std_uni,1,7.186282157897949,-6.344409465789795,1
Clemson-DND_p309_c1_grm_std_uni,1,6.068624496459961,-5.168679237365723,1
Clemson-DND_p309_c1_grm_std_uni,1,5.078192710876465,-4.551552772521973,1
Clemson-DND_p309_c1_grm_std_uni,1,5.076314449310303,-4.623502731323242,1
Clemson-DND_p309_c1_grm_std_uni,1,3.9713008403778076,-3.4677631855010986,1
Clemson-DND_p309_c1_grm_std_uni,1,3.236419916152954,-2.685300588607788,1
Clemson-DND_p309_c1_grm_std_uni,1,3.068690538406372,-2.734912157058716,1
Clemson-DND_p309_c1_grm_std_uni,1,4.160574436187744,-3.5949950218200684,1
Clemson-DND_p309_c1_grm_std_uni,1,5.288386344909668,-4.643594264984131,1
Clemson-DND_p309_c1_grm_std_uni,1,6.0510993003845215,-5.318824291229248,1
Clemson-DND_p309_c1_grm_std_uni,1,6.187429428100586,-5.281906604766846,1
Clemson-DND_p309_c1_grm_std_uni,1,5.323716163635254,-4.335175514221191,1
Clemson-DND_p309_c1_grm_std_uni,1,5.080606937408447,-3.9911465644836426,1
Clemson-DND_p309_c1_grm_std_uni,1,5.714455604553223,-4.507238388061523,1
Clemson-DND_p309_c1_grm_std_uni,2,5.120794773101807,-3.933490514755249,1
Clemson-DND_p309_c1_grm_std_uni,1,4.242474555969238,-3.0894365310668945,1
Clemson-DND_p309_c1_grm_std_uni,1,3.802973508834839,-2.764279842376709,1
Clemson-DND_p309_c1_grm_std_uni,1,4.1240925788879395,-3.0414083003997803,1
Clemson-DND_p309_c1_grm_std_uni,1,4.632155895233154,-3.554453134536743,1
Clemson-DND_p309_c1_grm_std_uni,1,5.406093120574951,-4.28460168838501,1
Clemson-DND_p309_c1_grm_std_uni,1,6.385415554046631,-5.053854465484619,1
Clemson-DND_p309_c1_grm_std_uni,1,6.205461025238037,-5.180411338806152,1
Clemson-DND_p309_c1_grm_std_uni,1,5.299925327301025,-4.591640949249268,1
Clemson-DND_p309_c1_grm_std_uni,1,5.094555854797363,-4.334375381469727,1
Clemson-DND_p309_c1_grm_std_uni,1,4.597078323364258,-3.813894510269165,1
Clemson-DND_p309_c1_grm_std_uni,1,3.9689199924468994,-3.074925184249878,1
Clemson-DND_p309_c1_grm_std_uni,1,4.195235252380371,-3.4114999771118164,1
Clemson-DND_p309_c1_grm_std_uni,1,2.9238357543945312,-2.3789350986480713,1
Clemson-DND_p309_c1_grm_std_uni,1,4.442519187927246,-3.883488893508911,1
Clemson-DND_p309_c1_grm_std_uni,1,4.966592311859131,-4.2158613204956055,1
Clemson-DND_p309_c1_grm_std_uni,1,5.481705188751221,-4.772040843963623,1
Clemson-DND_p309_c1_grm_std_uni,1,5.15374755859375,-4.465086460113525,1
Clemson-DND_p309_c1_grm_std_uni,1,4.913874626159668,-4.364631652832031,1
Clemson-DND_p309_c1_grm_std_uni,1,3.2389936447143555,-2.6127874851226807,1
Clemson-DND_p309_c1_grm_std_uni,1,3.3359262943267822,-2.7652604579925537,1
Clemson-DND_p309_c1_grm_std_uni,1,3.4882051944732666,-2.915012836456299,1
Clemson-DND_p309_c1_grm_std_uni,1,5.2033305168151855,-4.441850185394287,1
Clemson-DND_p309_c1_grm_std_uni,1,6.091983318328857,-5.149342060089111,1
Clemson-DND_p309_c1_grm_std_uni,1,6.286640644073486,-5.3597517013549805,1
Clemson-DND_p309_c1_grm_std_uni,1,6.121871471405029,-5.21389627456665,1
Clemson-DND_p309_c1_grm_std_uni,1,6.085776329040527,-4.532539367675781,1
Clemson-DND_p309_c1_grm_std_uni,1,5.499519348144531,-3.6110951900482178,1
Clemson-DND_p309_c1_grm_std_uni,1,6.0152411460876465,-4.144053936004639,1
Clemson-DND_p309_c1_grm_std_uni,1,6.2385759353637695,-4.694704055786133,1
Clemson-DND_p309_c1_grm_std_uni,1,5.634487628936768,-4.389261722564697,1
Clemson-DND_p309_c1_grm_std_uni,1,5.712480068206787,-4.609481334686279,1
Clemson-DND_p309_c1_grm_std_uni,1,5.735437870025635,-4.799848556518555,1
Clemson-DND_p309_c1_grm_std_uni,1,5.614245414733887,-4.788121223449707,1
Clemson-DND_p309_c1_grm_std_uni,1,5.472056865692139,-4.592496395111084,1
Clemson-DND_p309_c1_grm_std_uni,1,5.434910774230957,-4.65678071975708,1
Clemson-DND_p309_c1_grm_std_uni,1,5.446499347686768,-5.002976894378662,1
Clemson-DND_p309_c1_grm_std_uni,1,5.448118209838867,-4.939791202545166,1
Clemson-DND_p309_c1_grm_std_uni,1,5.3322834968566895,-4.001745700836182,1
Clemson-DND_p309_c1_grm_std_uni,1,4.252589225769043,-2.8519585132598877,1
Clemson-DND_p309_c1_grm_std_uni,1,4.049590110778809,-2.9034345149993896,1
Clemson-DND_p309_c1_grm_std_uni,1,4.3213629722595215,-3.2592501640319824,1
Clemson-DND_p309_c1_grm_std_uni,1,5.3622941970825195,-4.5207200050354,1
Clemson-DND_p309_c1_grm_std_uni,1,5.381774425506592,-4.563065528869629,1
Clemson-DND_p309_c1_grm_std_uni,1,5.8259711265563965,-4.70937967300415,1
Clemson-DND_p309_c1_grm_std_uni,1,5.8782854080200195,-4.666626453399658,1
Clemson-DND_p309_c1_grm_std_uni,1,5.515849590301514,-4.348059177398682,1
Clemson-DND_p309_c1_grm_std_uni,1,5.857670783996582,-4.3079833984375,1
Clemson-DND_p309_c1_grm_std_uni,1,5.265851974487305,-3.89209246635437,1
Clemson-DND_p309_c1_grm_std_uni,1,5.09599494934082,-3.931530475616455,1
Clemson-DND_p309_c1_grm_std_uni,1,5.120091915130615,-3.400075674057007,1
Clemson-DND_p309_c1_grm_std_uni,1,4.667421817779541,-3.3968892097473145,1
Clemson-DND_p309_c1_grm_std_uni,1,4.057746887207031,-3.3645639419555664,1
Clemson-DND_p309_c1_grm_std_uni,1,5.071335315704346,-4.368560791015625,1
Clemson-DND_p309_c1_grm_std_uni,1,5.401023864746094,-4.268399715423584,1
Clemson-DND_p309_c1_grm_std_uni,1,5.1406378746032715,-4.204453945159912,1
Clemson-DND_p309_c1_grm_std_uni,1,5.360108375549316,-4.179087162017822,1
Clemson-DND_p309_c1_grm_std_uni,1,5.940976619720459,-4.994736671447754,1
Clemson-DND_p309_c1_grm_std_uni,1,6.276718616485596,-5.196867942810059,1
Clemson-DND_p309_c1_grm_std_uni,1,6.163386344909668,-4.718173027038574,1
Clemson-DND_p309_c1_grm_std_uni,1,5.6717448234558105,-4.126748561859131,1
Clemson-DND_p309_c1_grm_std_uni,1,5.44384765625,-4.018160343170166,1
Clemson-DND_p309_c1_grm_std_uni,1,5.370065212249756,-4.143998622894287,1
Clemson-DND_p309_c1_grm_std_uni,1,5.331166744232178,-4.251326084136963,1
Clemson-DND_p309_c1_grm_std_uni,2,5.358006954193115,-4.359988212585449,1
Clemson-DND_p309_c1_grm_std_uni,1,5.521488666534424,-4.494255065917969,1
Clemson-DND_p309_c1_grm_std_uni,1,5.72913122177124,-4.58136510848999,1
Clemson-DND_p309_c1_grm_std_uni,1,5.92996072769165,-4.717446327209473,1
Clemson-DND_p309_c1_grm_std_uni,1,5.71013069152832,-4.598620891571045,1
Clemson-DND_p309_c1_grm_std_uni,1,5.723098278045654,-4.590875625610352,1
Clemson-DND_p309_c1_grm_std_uni,1,5.814381122589111,-4.801668643951416,1
Clemson-DND_p309_c1_grm_std_uni,1,5.691901683807373,-4.866961479187012,1
Clemson-DND_p309_c1_grm_std_uni,1,5.656302452087402,-4.854191303253174,1
Clemson-DND_p309_c1_grm_std_uni,1,6.3962578773498535,-5.158293724060059,1
Clemson-DND_p309_c1_grm_std_uni,1,6.832371234893799,-5.462183952331543,1
Clemson-DND_p309_c1_grm_std_uni,1,7.06380558013916,-5.7484917640686035,1
Clemson-DND_p309_c1_grm_std_uni,1,6.963238716125488,-6.004870891571045,1
Clemson-DND_p309_c1_grm_std_uni,1,6.538434028625488,-5.553380966186523,1
Clemson-DND_p309_c1_grm_std_uni,1,6.310439586639404,-5.165709972381592,1
Clemson-DND_p309_c1_grm_std_uni,1,6.428125381469727,-5.408864974975586,1
Clemson-DND_p309_c1_grm_std_uni,1,7.162720680236816,-6.317412853240967,1
Clemson-DND_p309_c1_grm_std_uni,1,8.139333724975586,-7.453005790710449,1
Clemson-DND_p309_c1_grm_std_uni,1,7.929537773132324,-7.791128158569336,1
Clemson-DND_p309_c1_grm_std_uni,1,7.812233924865723,-7.397545337677002,1
Clemson-DND_p309_c1_grm_std_uni,1,6.818575859069824,-6.020744323730469,1
Clemson-DND_p309_c1_grm_std_uni,1,7.699392795562744,-6.72108793258667,1
Clemson-DND_p309_c1_grm_std_uni,1,6.723204612731934,-5.731438636779785,1
Clemson-DND_p309_c1_grm_std_uni,1,5.341034889221191,-4.471433162689209,1
Clemson-DND_p309_c1_grm_std_uni,1,5.266512393951416,-4.5991363525390625,1
Clemson-DND_p309_c1_grm_std_uni,1,6.278762340545654,-5.611425876617432,1
Clemson-DND_p309_c1_grm_std_uni,1,7.260016441345215,-6.3066606521606445,1
Clemson-DND_p309_c1_grm_std_uni,1,7.111180305480957,-6.254634380340576,1
Clemson-DND_p309_c1_grm_std_uni,1,7.1934943199157715,-6.190211772918701,1
Clemson-DND_p309_c1_grm_std_uni,1,6.738319396972656,-5.958745956420898,1
Clemson-DND_p309_c1_grm_std_uni,1,6.217671871185303,-5.683969020843506,1
Clemson-DND_p309_c1_grm_std_uni,1,5.897636413574219,-5.652579307556152,1
Clemson-DND_p309_c1_grm_std_uni,1,6.585330486297607,-6.328220844268799,1
Clemson-DND_p309_c1_grm_std_uni,1,6.342360496520996,-6.338878154754639,1
Clemson-DND_p309_c1_grm_std_uni,1,5.706261157989502,-5.925856113433838,1
Clemson-DND_p309_c1_grm_std_uni,1,4.738211154937744,-4.507341384887695,1
Clemson-DND_p309_c1_grm_std_uni,1,4.868060111999512,-4.190872669219971,1
Clemson-DND_p309_c1_grm_std_uni,1,5.049860000610352,-4.2220001220703125,1
Clemson-DND_p309_c1_grm_std_uni,1,5.168263912200928,-4.149928569793701,1
Clemson-DND_p309_c1_grm_std_uni,1,5.399988651275635,-3.915801763534546,1
Clemson-DND_p309_c1_grm_std_uni,1,5.663239002227783,-4.190318584442139,1
Clemson-DND_p309_c1_grm_std_uni,1,5.962397575378418,-4.5298075675964355,1
Clemson-DND_p309_c1_grm_std_uni,1,6.125797748565674,-4.69453763961792,1
Clemson-DND_p309_c1_grm_std_uni,1,6.258918762207031,-4.962193965911865,1
Clemson-DND_p309_c1_grm_std_uni,1,6.36722993850708,-5.231377601623535,1
Clemson-DND_p309_c1_grm_std_uni,1,6.322558879852295,-5.29886531829834,1
Clemson-DND_p309_c1_grm_std_uni,1,6.128705024719238,-5.156168460845947,1
Clemson-DND_p309_c1_grm_std_uni,1,6.291548728942871,-5.0898542404174805,1
Clemson-DND_p309_c1_grm_std_uni,1,6.446500301361084,-5.213054180145264,1
Clemson-DND_p309_c1_grm_std_uni,1,6.2643866539001465,-5.059625625610352,1
Clemson-DND_p309_c1_grm_std_uni,1,5.827584743499756,-4.6723432540893555,1
Clemson-DND_p309_c1_grm_std_uni,1,4.784421920776367,-4.170374870300293,1
Clemson-DND_p309_c1_grm_std_uni,1,5.1438212394714355,-4.314789295196533,1
Clemson-DND_p309_c1_grm_std_uni,1,5.030519008636475,-4.0587382316589355,1
Clemson-DND_p309_c1_grm_std_uni,1,5.42735481262207,-4.529780864715576,1
Clemson-DND_p309_c1_grm_std_uni,1,5.878761291503906,-5.29925012588501,1
Clemson-DND_p309_c1_grm_std_uni,1,6.662783622741699,-5.695859909057617,1
Clemson-DND_p309_c1_grm_std_uni,1,7.288747310638428,-6.318865776062012,1
Clemson-DND_p309_c1_grm_std_uni,1,7.548065662384033,-6.9604597091674805,1
Clemson-DND_p309_c1_grm_std_uni,1,6.940095901489258,-7.258061408996582,1
Clemson-DND_p309_c1_grm_std_uni,1,7.090821743011475,-6.7029032707214355,1
Clemson-DND_p309_c1_grm_std_uni,1,6.964494228363037,-6.3283233642578125,1
Clemson-DND_p309_c1_grm_std_uni,1,7.330587387084961,-6.708305835723877,1
Clemson-DND_p309_c1_grm_std_uni,1,7.001106262207031,-6.2850236892700195,1
Clemson-DND_p309_c1_grm_std_uni,1,6.566047191619873,-4.843537330627441,1
Clemson-DND_p309_c1_grm_std_uni,1,5.714568138122559,-3.5071728229522705,1
Clemson-DND_p309_c1_grm_std_uni,1,5.4314398765563965,-3.2894608974456787,1
Clemson-DND_p309_c1_grm_std_uni,1,5.18728494644165,-3.481945514678955,1
Clemson-DND_p309_c1_grm_std_uni,1,4.951322078704834,-3.3304595947265625,1
Clemson-DND_p309_c1_grm_std_uni,1,4.795251369476318,-3.2512123584747314,1
Clemson-DND_p309_c1_grm_std_uni,1,4.844473361968994,-3.4033868312835693,1
Clemson-DND_p309_c1_grm_std_uni,1,4.994050025939941,-3.7165865898132324,1
Clemson-DND_p309_c1_grm_std_uni,1,5.267518043518066,-4.301713943481445,1
Clemson-DND_p309_c1_grm_std_uni,1,5.115753650665283,-4.068993091583252,1
Clemson-DND_p309_c1_grm_std_uni,2,5.079224586486816,-3.8734405040740967,1
Clemson-DND_p309_c1_grm_std_uni,1,5.0062575340271,-4.000148773193359,1
Clemson-DND_p309_c1_grm_std_uni,1,5.357648849487305,-4.451287746429443,1
Clemson-DND_p309_c1_grm_std_uni,1,5.8016510009765625,-4.881453990936279,1
Clemson-DND_p309_c1_grm_std_uni,1,5.796371936798096,-4.704985618591309,1
Clemson-DND_p309_c1_grm_std_uni,1,5.97939395904541,-4.796680927276611,1
Clemson-DND_p309_c1_grm_std_uni,1,6.051772594451904,-5.038880825042725,1
Clemson-DND_p309_c1_grm_std_uni,1,5.786569118499756,-4.846024990081787,1
Clemson-DND_p309_c1_grm_std_uni,1,5.951178550720215,-4.9654622077941895,1
Clemson-DND_p309_c1_grm_std_uni,1,6.168522357940674,-4.895625591278076,1
Clemson-DND_p309_c1_grm_std_uni,1,6.247115135192871,-4.87582540512085,1
Clemson-DND_p309_c1_grm_std_uni,1,5.948424816131592,-4.631678581237793,1
Clemson-DND_p309_c1_grm_std_uni,1,5.435724258422852,-4.21603536605835,1
Clemson-DND_p309_c1_grm_std_uni,1,5.16670560836792,-3.797565221786499,1
Clemson-DND_p309_c1_grm_std_uni,1,5.057161808013916,-3.7529587745666504,1
Clemson-DND_p309_c1_grm_std_uni,1,5.333520412445068,-4.268481731414795,1
Clemson-DND_p309_c1_grm_std_uni,1,6.042984485626221,-4.990463733673096,1
Clemson-DND_p309_c1_grm_std_uni,1,6.166536331176758,-5.052624702453613,1
Clemson-DND_p309_c1_grm_std_uni,1,6.159334659576416,-5.031594753265381,1
Clemson-DND_p309_c1_grm_std_uni,1,6.120009899139404,-4.9104084968566895,1
Clemson-DND_p309_c1_grm_std_uni,1,6.572084903717041,-5.296446800231934,1
Clemson-DND_p309_c1_grm_std_uni,1,6.682212829589844,-5.29366397857666,1
Clemson-DND_p309_c1_grm_std_uni,1,7.555898666381836,-6.253114700317383,1
Clemson-DND_p309_c1_grm_std_uni,1,7.772946834564209,-6.852645397186279,1
Clemson-DND_p309_c1_grm_std_uni,1,7.225173473358154,-6.057666301727295,1
Clemson-DND_p309_c1_grm_std_uni,1,6.430085182189941,-4.505671977996826,1
Clemson-DND_p309_c1_grm_std_uni,1,6.0003228187561035,-4.086313724517822,1
Clemson-DND_p309_c1_grm_std_uni,1,5.696351528167725,-3.9360125064849854,1
Clemson-DND_p309_c1_grm_std_uni,1,5.820126056671143,-4.2626953125,1
Clemson-DND_p309_c1_grm_std_uni,1,5.742029666900635,-3.899665117263794,1
Clemson-DND_p309_c1_grm_std_uni,1,4.606387615203857,-3.3145689964294434,1
Clemson-DND_p309_c1_grm_std_uni,1,4.038168430328369,-2.5965969562530518,1
Clemson-DND_p309_c1_grm_std_uni,1,4.521353244781494,-2.459584951400757,1
Clemson-DND_p309_c1_grm_std_uni,1,5.59286642074585,-3.883334159851074,1
Clemson-DND_p309_c1_grm_std_uni,1,6.215035438537598,-4.910910129547119,1
Clemson-DND_p309_c1_grm_std_uni,1,6.3203301429748535,-4.760009765625,1
Clemson-DND_p309_c1_grm_std_uni,1,6.459690570831299,-4.953521728515625,1
Clemson-DND_p309_c1_grm_std_uni,1,6.534703254699707,-5.399396896362305,1
Clemson-DND_p309_c1_grm_std_uni,1,6.651185035705566,-5.449423789978027,1
Clemson-DND_p309_c1_grm_std_uni,1,6.911341190338135,-5.461758613586426,1
Clemson-DND_p309_c1_grm_std_uni,1,6.728759765625,-5.320979595184326,1
Clemson-DND_p309_c1_grm_std_uni,1,7.171038627624512,-5.716536045074463,1
Clemson-DND_p309_c1_grm_std_uni,1,7.27467679977417,-6.3185296058654785,1
Clemson-DND_p309_c1_grm_std_uni,1,7.729655742645264,-6.544518947601318,1
Clemson-DND_p309_c1_grm_std_uni,1,7.621408939361572,-6.288662910461426,1
Clemson-DND_p309_c1_grm_std_uni,1,7.296245098114014,-5.777266979217529,1
Clemson-DND_p309_c1_grm_std_uni,1,5.810161113739014,-4.789244651794434,1
Clemson-DND_p309_c1_grm_std_uni,1,6.199603080749512,-5.043141841888428,1
Clemson-DND_p309_c1_grm_std_uni,1,6.597578048706055,-5.385811805725098,1
Clemson-DND_p309_c1_grm_std_uni,1,5.662868022918701,-4.554710388183594,1
Clemson-DND_p309_c1_grm_std_uni,1,5.46012544631958,-4.17447566986084,1
Clemson-DND_p309_c1_grm_std_uni,1,6.638710975646973,-5.36372184753418,1
Clemson-DND_p309_c1_grm_std_uni,1,6.157426834106445,-4.737348556518555,1
Clemson-DND_p309_c1_grm_std_uni,1,4.9141764640808105,-3.6700279712677,1
Clemson-DND_p309_c1_grm_std_uni,1,5.480212211608887,-4.137433052062988,1
Clemson-DND_p309_c1_grm_std_uni,1,5.918912887573242,-4.700262069702148,1
Clemson-DND_p309_c1_grm_std_uni,1,6.172578811645508,-5.01292610168457,1
Clemson-DND_p309_c1_grm_std_uni,1,6.036266803741455,-4.590829849243164,1
Clemson-DND_p309_c1_grm_std_uni,1,5.824465751647949,-4.297285079956055,1
Clemson-DND_p309_c1_grm_std_uni,1,6.040212631225586,-4.609449863433838,1
Clemson-DND_p309_c1_grm_std_uni,1,6.047400951385498,-4.156581878662109,1
Clemson-DND_p309_c1_grm_std_uni,1,5.883335590362549,-3.8881688117980957,1
Clemson-DND_p309_c1_grm_std_uni,1,5.859988689422607,-3.972541093826294,1
Clemson-DND_p309_c1_grm_std_uni,1,5.76985502243042,-4.014726638793945,1
Clemson-DND_p309_c1_grm_std_uni,1,5.597574710845947,-3.95035719871521,1
Clemson-DND_p309_c1_grm_std_uni,1,5.583295822143555,-3.958261013031006,1
Clemson-DND_p309_c1_grm_std_uni,1,5.393762588500977,-3.820730686187744,1
Clemson-DND_p309_c1_grm_std_uni,1,5.637060642242432,-4.257712364196777,1
Clemson-DND_p309_c1_grm_std_uni,1,5.780934810638428,-4.479024887084961,1
Clemson-DND_p309_c1_grm_std_uni,1,6.036833763122559,-4.869877338409424,1
Clemson-DND_p309_c1_grm_std_uni,1,6.263913154602051,-5.0484490394592285,1
Clemson-DND_p309_c1_grm_std_uni,1,6.298300266265869,-4.912154674530029,1
Clemson-DND_p309_c1_grm_std_uni,1,6.020748615264893,-4.590819835662842,1
Clemson-DND_p309_c1_grm_std_uni,1,6.036423683166504,-4.700246810913086,1
Clemson-DND_p309_c1_grm_std_uni,1,6.242085933685303,-4.968618869781494,1
Clemson-DND_p309_c1_grm_std_uni,1,5.635839939117432,-4.496979713439941,1
Clemson-DND_p309_c1_grm_std_uni,1,5.5473551750183105,-4.392138957977295,1
Clemson-DND_p309_c1_grm_std_uni,1,5.896402835845947,-4.751241683959961,1
Clemson-DND_p309_c1_grm_std_uni,1,6.008704662322998,-4.845969200134277,1
Clemson-DND_p309_c1_grm_std_uni,1,6.113091468811035,-5.039392471313477,1
Clemson-DND_p309_c1_grm_std_uni,1,5.7979960441589355,-4.758255958557129,1
Clemson-DND_p309_c1_grm_std_uni,1,5.694021224975586,-4.554722785949707,1
Clemson-DND_p309_c1_grm_std_uni,1,6.09409236907959,-4.924103260040283,1
Clemson-DND_p309_c1_grm_std_uni,1,5.60227632522583,-4.2127366065979,1
Clemson-DND_p309_c1_grm_std_uni,1,4.206362724304199,-3.1281991004943848,1
Clemson-DND_p309_c1_grm_std_uni,1,4.0280961990356445,-2.812614917755127,1
Clemson-DND_p309_c1_grm_std_uni,1,4.277316570281982,-3.211087942123413,1
Clemson-DND_p309_c1_grm_std_uni,1,5.135508060455322,-4.160279273986816,1
Clemson-DND_p309_c1_grm_std_uni,1,5.628318786621094,-4.5446391105651855,1
Clemson-DND_p309_c1_grm_std_uni,1,6.329160690307617,-5.269198894500732,1
Clemson-DND_p309_c1_grm_std_uni,1,6.063045978546143,-4.4888081550598145,1
Clemson-DND_p309_c1_grm_std_uni,1,5.526852607727051,-4.008848190307617,1
Clemson-DND_p309_c1_grm_std_uni,1,5.127940654754639,-3.7902512550354004,1
Clemson-DND_p309_c1_grm_std_uni,1,5.138932704925537,-3.613600730895996,1
Clemson-DND_p309_c1_grm_std_uni,1,5.155062675476074,-3.606597423553467,1
Clemson-DND_p309_c1_grm_std_uni,1,5.545493125915527,-3.991255283355713,1
Clemson-DND_p309_c1_grm_std_uni,1,4.8482794761657715,-2.8956711292266846,1
Clemson-DND_p309_c1_grm_std_uni,1,4.774636745452881,-2.834290027618408,1
Clemson-DND_p309_c1_grm_std_uni,1,5.174839973449707,-3.66141939163208,1
Clemson-DND_p309_c1_grm_std_uni,1,4.847466945648193,-3.620285749435425,1
Clemson-DND_p309_c1_grm_std_uni,1,4.648251056671143,-3.937793016433716,1
Clemson-DND_p309_c1_grm_std_uni,1,4.621067523956299,-4.03879976272583,1
Clemson-DND_p309_c1_grm_std_uni,1,4.800806522369385,-4.085139751434326,1
Clemson-DND_p309_c1_grm_std_uni,1,5.259202480316162,-4.0287322998046875,1
Clemson-DND_p309_c1_grm_std_uni,1,5.2483744621276855,-4.229433536529541,1
Clemson-DND_p309_c1_grm_std_uni,1,5.185054302215576,-4.4346723556518555,1
Clemson-DND_p309_c1_grm_std_uni,1,5.551788330078125,-4.52619743347168,1
Clemson-DND_p309_c1_grm_std_uni,2,5.290885925292969,-4.085866451263428,1
Clemson-DND_p309_c1_grm_std_uni,1,5.653080463409424,-4.141984462738037,1
Clemson-DND_p309_c1_grm_std_uni,1,4.927153587341309,-3.887894630432129,1
Clemson-DND_p309_c1_grm_std_uni,1,4.548325061798096,-3.614527702331543,1
Clemson-DND_p309_c1_grm_std_uni,1,4.77669620513916,-3.891139268875122,1
Clemson-DND_p309_c1_grm_std_uni,1,4.684666633605957,-3.8632843494415283,1
Clemson-DND_p309_c1_grm_std_uni,1,5.17701530456543,-4.101428508758545,1
Clemson-DND_p309_c1_grm_std_uni,1,5.047756671905518,-4.231808185577393,1
Clemson-DND_p309_c1_grm_std_uni,1,4.874594211578369,-3.900073528289795,1
Clemson-DND_p309_c1_grm_std_uni,1,5.0543107986450195,-3.868776559829712,1
Clemson-DND_p309_c1_grm_std_uni,1,4.820432662963867,-3.477665901184082,1
Clemson-DND_p309_c1_grm_std_uni,1,5.137773513793945,-4.0165114402771,1
Clemson-DND_p309_c1_grm_std_uni,1,5.517702102661133,-4.58162260055542,1
Clemson-DND_p309_c1_grm_std_uni,1,5.582086086273193,-4.757658958435059,1
Clemson-DND_p309_c1_grm_std_uni,1,5.664313316345215,-4.673608779907227,1
Clemson-DND_p309_c1_grm_std_uni,1,5.78527307510376,-4.702877521514893,1
Clemson-DND_p309_c1_grm_std_uni,1,5.844332218170166,-4.725612163543701,1
Clemson-DND_p309_c1_grm_std_uni,1,5.865849018096924,-4.712447643280029,1
Clemson-DND_p309_c1_grm_std_uni,1,5.9024529457092285,-4.717890739440918,1
Clemson-DND_p309_c1_grm_std_uni,1,5.884101867675781,-4.7913031578063965,1
Clemson-DND_p309_c1_grm_std_uni,1,5.598809242248535,-4.848030090332031,1
Clemson-DND_p309_c1_grm_std_uni,1,5.7995405197143555,-4.95906925201416,1
Clemson-DND_p309_c1_grm_std_uni,1,6.239136695861816,-5.230863094329834,1
Clemson-DND_p309_c1_grm_std_uni,1,5.699185848236084,-4.547521591186523,1
Clemson-DND_p309_c1_grm_std_uni,1,5.084799766540527,-3.853639841079712,1
Clemson-DND_p309_c1_grm_std_uni,1,4.9796671867370605,-3.9019339084625244,1
Clemson-DND_p309_c1_grm_std_uni,1,4.927028179168701,-3.7686731815338135,1
Clemson-DND_p309_c1_grm_std_uni,1,4.399546146392822,-3.442033290863037,1
Clemson-DND_p309_c1_grm_std_uni,1,4.494411945343018,-3.5693373680114746,1
Clemson-DND_p309_c1_grm_std_uni,1,5.179146766662598,-3.8718061447143555,1
Clemson-DND_p309_c1_grm_std_uni,1,5.067017078399658,-4.10223913192749,1
Clemson-DND_p309_c1_grm_std_uni,1,4.805534362792969,-4.061563968658447,1
Clemson-DND_p309_c1_grm_std_uni,1,4.581860542297363,-3.6062517166137695,1
Clemson-DND_p309_c1_grm_std_uni,1,4.163034439086914,-3.0513246059417725,1
Clemson-DND_p309_c1_grm_std_uni,1,4.273276329040527,-3.1132688522338867,1
Clemson-DND_p309_c1_grm_std_uni,1,4.507193088531494,-3.4964637756347656,1
Clemson-DND_p309_c1_grm_std_uni,1,5.328802108764648,-4.472568988800049,1
Clemson-DND_p309_c1_grm_std_uni,1,5.689866065979004,-4.855067729949951,1
Clemson-DND_p309_c1_grm_std_uni,1,6.016109943389893,-4.7659149169921875,1
Clemson-DND_p309_c1_grm_std_uni,1,4.529469966888428,-4.039308547973633,1
Clemson-DND_p309_c1_grm_std_uni,1,5.144403457641602,-4.205718040466309,1
Clemson-DND_p309_c1_grm_std_uni,1,5.315567970275879,-3.5853021144866943,1
Clemson-DND_p309_c1_grm_std_uni,1,6.00569486618042,-4.134432315826416,1
Clemson-DND_p309_c1_grm_std_uni,1,6.329988956451416,-4.313918113708496,1
Clemson-DND_p309_c1_grm_std_uni,1,6.784228324890137,-5.309427738189697,1
Clemson-DND_p309_c1_grm_std_uni,1,6.867967128753662,-6.141541004180908,1
Clemson-DND_p309_c1_grm_std_uni,1,6.418129920959473,-5.127333164215088,1
Clemson-DND_p309_c1_grm_std_uni,1,6.741650581359863,-5.299201488494873,1
Clemson-DND_p309_c1_grm_std_uni,1,6.983624458312988,-5.453403949737549,1
Clemson-DND_p309_c1_grm_std_uni,1,7.448235034942627,-5.989619255065918,1
Clemson-DND_p309_c1_grm_std_uni,1,7.47699499130249,-6.182735919952393,1
Clemson-DND_p309_c1_grm_std_uni,1,7.401963233947754,-6.081413745880127,1
Clemson-DND_p309_c1_grm_std_uni,1,7.912597179412842,-6.620118618011475,1
Clemson-DND_p309_c1_grm_std_uni,1,8.246679306030273,-6.98663330078125,1
Clemson-DND_p309_c1_grm_std_uni,1,6.900594234466553,-5.642575263977051,1
Clemson-DND_p309_c1_grm_std_uni,1,5.086689472198486,-3.989001512527466,1
Clemson-DND_p309_c1_grm_std_uni,1,5.114688396453857,-4.267763614654541,1
Clemson-DND_p309_c1_grm_std_uni,1,6.315923690795898,-5.259194850921631,1
Clemson-DND_p309_c1_grm_std_uni,1,7.139350414276123,-5.869595050811768,1
Clemson-DND_p309_c1_grm_std_uni,1,7.419499397277832,-6.163820266723633,1
Clemson-DND_p309_c1_grm_std_uni,1,6.605943202972412,-5.453258037567139,1
Clemson-DND_p309_c1_grm_std_uni,1,4.8870015144348145,-4.031285762786865,1
Clemson-DND_p309_c1_grm_std_uni,1,3.49564790725708,-3.092689275741577,1
Clemson-DND_p309_c1_grm_std_uni,1,3.4297103881835938,-3.055640697479248,1
Clemson-DND_p309_c1_grm_std_uni,1,4.272172927856445,-3.74322772026062,1
Clemson-DND_p309_c1_grm_std_uni,1,4.606057643890381,-4.2094573974609375,1
Clemson-DND_p309_c1_grm_std_uni,1,5.925387382507324,-5.4393839836120605,1
Clemson-DND_p309_c1_grm_std_uni,1,5.736964225769043,-5.124640941619873,1
Clemson-DND_p309_c1_grm_std_uni,1,4.704362392425537,-3.9284048080444336,1
Clemson-DND_p309_c1_grm_std_uni,1,3.5891661643981934,-2.802851915359497,1
Clemson-DND_p309_c1_grm_std_uni,1,4.777005672454834,-3.8988916873931885,1
Clemson-DND_p309_c1_grm_std_uni,1,5.9657301902771,-4.830078601837158,1
Clemson-DND_p309_c1_grm_std_uni,1,5.320248603820801,-4.341061115264893,1
Clemson-DND_p309_c1_grm_std_uni,1,4.572977066040039,-3.7668192386627197,1
Clemson-DND_p309_c1_grm_std_uni,1,4.558675765991211,-3.85508131980896,1
Clemson-DND_p309_c1_grm_std_uni,1,4.851761341094971,-4.063676357269287,1
Clemson-DND_p309_c1_grm_std_uni,1,4.989699840545654,-4.046947002410889,1
Clemson-DND_p309_c1_grm_std_uni,1,4.334902763366699,-3.497023582458496,1
Clemson-DND_p309_c1_grm_std_uni,1,3.816409111022949,-2.9073550701141357,1
Clemson-DND_p309_c1_grm_std_uni,1,4.107183456420898,-3.23264741897583,1
Clemson-DND_p309_c1_grm_std_uni,1,5.032246112823486,-4.209758281707764,1
Clemson-DND_p309_c1_grm_std_uni,1,6.047032356262207,-4.8763837814331055,1
Clemson-DND_p309_c1_grm_std_uni,1,6.737955093383789,-5.544423580169678,1
Clemson-DND_p309_c1_grm_std_uni,1,6.663065433502197,-5.779324531555176,1
Clemson-DND_p309_c1_grm_std_uni,1,5.877138137817383,-5.141797065734863,1
Clemson-DND_p309_c1_grm_std_uni,1,5.960665225982666,-5.456964015960693,1
Clemson-DND_p309_c1_grm_std_uni,1,6.0156121253967285,-5.586284160614014,1
Clemson-DND_p309_c1_grm_std_uni,1,6.211618900299072,-5.785061359405518,1
Clemson-DND_p309_c1_grm_std_uni,1,6.0013813972473145,-5.63421630859375,1
Clemson-DND_p309_c1_grm_std_uni,1,5.475772380828857,-5.223124027252197,1
Clemson-DND_p309_c1_grm_std_uni,1,3.888207197189331,-3.6364614963531494,1
Clemson-DND_p309_c1_grm_std_uni,1,1.0166985988616943,-1.0661016702651978,1
Clemson-DND_p309_c1_grm_std_uni,1,2.167241334915161,-1.3089653253555298,1
Clemson-DND_p309_c1_grm_std_uni,1,4.369187831878662,-3.045987367630005,1
Clemson-DND_p309_c1_grm_std_uni,1,5.506265640258789,-4.092104434967041,1
Clemson-DND_p309_c1_grm_std_uni,1,6.549422264099121,-5.088376522064209,1
Clemson-DND_p309_c1_grm_std_uni,1,7.907912731170654,-5.9831085205078125,1
Clemson-DND_p309_c1_grm_std_uni,1,7.847641944885254,-6.021783828735352,1
Clemson-DND_p309_c1_grm_std_uni,1,7.779887676239014,-5.951798915863037,1
Clemson-DND_p309_c1_grm_std_uni,1,7.198034286499023,-5.703781604766846,1
Clemson-DND_p309_c1_grm_std_uni,1,7.575560092926025,-6.03892707824707,1
Clemson-DND_p309_c1_grm_std_uni,1,7.5820746421813965,-6.3163886070251465,1
Clemson-DND_p309_c1_grm_std_uni,1,7.261131286621094,-6.092536449432373,1
Clemson-DND_p309_c1_grm_std_uni,1,6.72839879989624,-5.881785869598389,1
Clemson-DND_p309_c1_grm_std_uni,1,6.625174522399902,-5.841133117675781,1
Clemson-DND_p309_c1_grm_std_uni,1,6.825638771057129,-5.943304061889648,1
Clemson-DND_p309_c1_grm_std_uni,1,5.772395610809326,-4.850162029266357,1
Clemson-DND_p309_c1_grm_std_uni,1,4.5819993019104,-3.7033729553222656,1
Clemson-DND_p309_c1_grm_std_uni,1,4.427603721618652,-3.6793758869171143,1
Clemson-DND_p309_c1_grm_std_uni,1,6.345911502838135,-5.0932207107543945,1
Clemson-DND_p309_c1_grm_std_uni,1,7.010533332824707,-5.583754539489746,1
Clemson-DND_p309_c1_grm_std_uni,1,4.7819719314575195,-3.9272513389587402,1
Clemson-DND_p309_c1_grm_std_uni,1,3.7174251079559326,-2.9881443977355957,1
Clemson-DND_p309_c1_grm_std_uni,1,3.974234104156494,-3.2796785831451416,1
Clemson-DND_p309_c1_grm_std_uni,1,3.2619216442108154,-2.4098851680755615,1
Clemson-DND_p309_c1_grm_std_uni,1,3.3602488040924072,-2.4156947135925293,1
Clemson-DND_p309_c1_grm_std_uni,1,3.951716899871826,-2.8876659870147705,1
Clemson-DND_p309_c1_grm_std_uni,1,4.31378173828125,-3.325899600982666,1
Clemson-DND_p309_c1_grm_std_uni,1,4.954916954040527,-3.883680582046509,1
Clemson-DND_p309_c1_grm_std_uni,1,5.461625099182129,-4.205506801605225,1
Clemson-DND_p309_c1_grm_std_uni,1,5.836841106414795,-4.451285362243652,1
Clemson-DND_p309_c1_grm_std_uni,1,4.892780780792236,-3.948410749435425,1
Clemson-DND_p309_c1_grm_std_uni,1,3.9276530742645264,-3.043405771255493,1
Clemson-DND_p309_c1_grm_std_uni,1,6.333961486816406,-5.558419227600098,1
Clemson-DND_p309_c1_grm_std_uni,1,5.814530849456787,-5.056803226470947,1
Clemson-DND_p309_c1_grm_std_uni,1,6.087900638580322,-4.946548938751221,1
Clemson-DND_p309_c1_grm_std_uni,1,4.974920272827148,-3.8843748569488525,1
Clemson-DND_p309_c1_grm_std_uni,1,4.553893089294434,-3.595674991607666,1
Clemson-DND_p309_c1_grm_std_uni,1,3.7921292781829834,-3.0422980785369873,1
Clemson-DND_p309_c1_grm_std_uni,1,2.8256940841674805,-2.3952977657318115,1
Clemson-DND_p309_c1_grm_std_uni,1,3.7750916481018066,-3.2626583576202393,1
Clemson-DND_p309_c1_grm_std_uni,1,5.5967206954956055,-4.574106216430664,1
Clemson-DND_p309_c1_grm_std_uni,1,6.911268711090088,-5.507951736450195,1
Clemson-DND_p309_c1_grm_std_uni,1,6.6559014320373535,-6.07611608505249,1
Clemson-DND_p309_c1_grm_std_uni,1,6.454949855804443,-5.872747898101807,1
Clemson-DND_p309_c1_grm_std_uni,1,6.04806661605835,-5.061498165130615,1
Clemson-DND_p309_c1_grm_std_uni,1,5.890893459320068,-4.744012355804443,1
Clemson-DND_p309_c1_grm_std_uni,1,5.862342357635498,-4.7574310302734375,1
Clemson-DND_p309_c1_grm_std_uni,1,5.791341781616211,-4.310705184936523,1
Clemson-DND_p309_c1_grm_std_uni,1,5.685980319976807,-4.330622673034668,1
Clemson-DND_p309_c1_grm_std_uni,1,6.117363929748535,-4.917243003845215,1
Clemson-DND_p309_c1_grm_std_uni,1,6.075658798217773,-4.741570949554443,1
Clemson-DND_p309_c1_grm_std_uni,1,6.308215141296387,-5.061982154846191,1
Clemson-DND_p309_c1_grm_std_uni,1,5.774082660675049,-4.911398410797119,1
Clemson-DND_p309_c1_grm_std_uni,1,5.608912467956543,-4.90110969543457,1
Clemson-DND_p309_c1_grm_std_uni,1,4.005690097808838,-3.7093024253845215,1
Clemson-DND_p309_c1_grm_std_uni,1,4.234409809112549,-3.7316489219665527,1
Clemson-DND_p309_c1_grm_std_uni,1,4.320039749145508,-3.99375057220459,1
Clemson-DND_p309_c1_grm_std_uni,1,4.441871643066406,-4.044615268707275,1
Clemson-DND_p309_c1_grm_std_uni,1,5.549103736877441,-4.724359035491943,1
Clemson-DND_p309_c1_grm_std_uni,1,5.809035301208496,-4.655675888061523,1
Clemson-DND_p309_c1_grm_std_uni,1,6.3460612297058105,-5.289219379425049,1
Clemson-DND_p309_c1_grm_std_uni,1,5.839752197265625,-4.896874904632568,1
Clemson-DND_p309_c1_grm_std_uni,1,6.475804805755615,-5.320553779602051,1
Clemson-DND_p309_c1_grm_std_uni,1,6.724769115447998,-5.376938819885254,1
Clemson-DND_p309_c1_grm_std_uni,1,6.810348987579346,-5.283220291137695,1
Clemson-DND_p309_c1_grm_std_uni,1,6.892503261566162,-4.946459770202637,1
Clemson-DND_p309_c1_grm_std_uni,1,6.841058254241943,-5.147937297821045,1
Clemson-DND_p309_c1_grm_std_uni,1,7.01211404800415,-5.30049467086792,1
Clemson-DND_p309_c1_grm_std_uni,1,7.845601558685303,-6.236207962036133,1
Clemson-DND_p309_c1_grm_std_uni,1,7.565569877624512,-6.129617691040039,1
Clemson-DND_p309_c1_grm_std_uni,1,7.005707263946533,-5.461899280548096,1
Clemson-DND_p309_c1_grm_std_uni,1,6.612203598022461,-4.85603666305542,1
Clemson-DND_p309_c1_grm_std_uni,1,6.230081558227539,-4.110184669494629,1
Clemson-DND_p309_c1_grm_std_uni,1,5.48077917098999,-3.3035457134246826,1
Clemson-DND_p309_c1_grm_std_uni,1,5.108090877532959,-3.1265463829040527,1
Clemson-DND_p309_c1_grm_std_uni,1,5.329095363616943,-3.800379514694214,1
Clemson-DND_p309_c1_grm_std_uni,1,5.25880241394043,-3.8792309761047363,1
Clemson-DND_p309_c1_grm_std_uni,1,5.442164897918701,-4.079183101654053,1
Clemson-DND_p309_c1_grm_std_uni,1,5.428579330444336,-4.143950462341309,1
Clemson-DND_p309_c1_grm_std_uni,1,5.341140270233154,-3.999436855316162,1
Clemson-DND_p309_c1_grm_std_uni,2,5.273443222045898,-4.034257411956787,1
Clemson-DND_p309_c1_grm_std_uni,1,5.273774147033691,-3.8690834045410156,1
Clemson-DND_p309_c1_grm_std_uni,1,4.820486068725586,-3.7417609691619873,1
Clemson-DND_p309_c1_grm_std_uni,1,5.346380710601807,-3.989072322845459,1
Clemson-DND_p309_c1_grm_std_uni,1,5.557316780090332,-4.554966926574707,1
Clemson-DND_p309_c1_grm_std_uni,1,5.472405910491943,-4.299790382385254,1
Clemson-DND_p309_c1_grm_std_uni,1,5.59770393371582,-4.521607875823975,1
Clemson-DND_p309_c1_grm_std_uni,1,6.1299285888671875,-5.1552414894104,1
Clemson-DND_p309_c1_grm_std_uni,1,6.76348876953125,-5.5248918533325195,1
Clemson-DND_p309_c1_grm_std_uni,1,6.81010103225708,-5.587112903594971,1
Clemson-DND_p309_c1_grm_std_uni,1,7.111105918884277,-5.887807846069336,1
Clemson-DND_p309_c1_grm_std_uni,1,6.099521160125732,-5.099401473999023,1
Clemson-DND_p309_c1_grm_std_uni,1,6.12490701675415,-5.01389741897583,1
Clemson-DND_p309_c1_grm_std_uni,1,6.045571804046631,-4.650631427764893,1
Clemson-DND_p309_c1_grm_std_uni,1,5.620537281036377,-3.6927425861358643,1
Clemson-DND_p309_c1_grm_std_uni,1,5.668433666229248,-3.697967529296875,1
Clemson-DND_p309_c1_grm_std_uni,1,5.129584789276123,-3.1044039726257324,1
Clemson-DND_p309_c1_grm_std_uni,1,5.035121440887451,-3.1990017890930176,1
Clemson-DND_p309_c1_grm_std_uni,1,5.457065105438232,-3.8757588863372803,1
Clemson-DND_p309_c1_grm_std_uni,1,4.645418167114258,-3.3334357738494873,1
Clemson-DND_p309_c1_grm_std_uni,1,4.296814441680908,-2.9644386768341064,1
Clemson-DND_p309_c1_grm_std_uni,1,5.354959964752197,-3.9401872158050537,1
Clemson-DND_p309_c1_grm_std_uni,1,5.387574672698975,-3.929539442062378,1
Clemson-DND_p309_c1_grm_std_uni,1,5.276035785675049,-3.99271297454834,1
Clemson-DND_p309_c1_grm_std_uni,1,5.572291374206543,-4.501748561859131,1
Clemson-DND_p309_c1_grm_std_uni,1,5.998500347137451,-4.750101089477539,1
Clemson-DND_p309_c1_grm_std_uni,1,6.736823558807373,-5.2287750244140625,1
Clemson-DND_p309_c1_grm_std_uni,1,6.620968818664551,-5.134859561920166,1
Clemson-DND_p309_c1_grm_std_uni,1,6.668205261230469,-5.1925787925720215,1
Clemson-DND_p309_c1_grm_std_uni,1,6.360967636108398,-4.7657389640808105,1
Clemson-DND_p309_c1_grm_std_uni,1,6.5452985763549805,-4.951216220855713,1
Clemson-DND_p309_c1_grm_std_uni,1,6.648375988006592,-5.109524726867676,1
Clemson-DND_p309_c1_grm_std_uni,1,6.565444469451904,-4.996052265167236,1
Clemson-DND_p309_c1_grm_std_uni,1,6.4979400634765625,-4.863953113555908,1
Clemson-DND_p309_c1_grm_std_uni,1,6.443638801574707,-4.777998924255371,1
Clemson-DND_p309_c1_grm_std_uni,1,6.386512756347656,-4.68005895614624,1
Clemson-DND_p309_c1_grm_std_uni,1,6.572137832641602,-4.862937927246094,1
Clemson-DND_p309_c1_grm_std_uni,1,6.90203332901001,-5.205472469329834,1
Clemson-DND_p309_c1_grm_std_uni,1,6.996964931488037,-5.388004779815674,1
Clemson-DND_p309_c1_grm_std_uni,1,6.9375457763671875,-5.3743743896484375,1
Clemson-DND_p309_c1_grm_std_uni,1,7.124588489532471,-5.383432388305664,1
Clemson-DND_p309_c1_grm_std_uni,1,7.398339748382568,-5.7903923988342285,1
Clemson-DND_p309_c1_grm_std_uni,1,7.72941255569458,-6.521974563598633,1
Clemson-DND_p309_c1_grm_std_uni,1,7.765106678009033,-7.202277183532715,1
Clemson-DND_p309_c1_grm_std_uni,1,7.652610778808594,-7.342743873596191,1
Clemson-DND_p309_c1_grm_std_uni,1,7.683733940124512,-6.7390923500061035,1
Clemson-DND_p309_c1_grm_std_uni,1,7.0987677574157715,-5.686374187469482,1
Clemson-DND_p309_c1_grm_std_uni,1,6.469400405883789,-4.775539875030518,1
Clemson-DND_p309_c1_grm_std_uni,1,5.979292869567871,-4.262557506561279,1
Clemson-DND_p309_c1_grm_std_uni,1,5.984309673309326,-4.163712501525879,1
Clemson-DND_p309_c1_grm_std_uni,1,4.832907676696777,-3.7078280448913574,1
Clemson-DND_p309_c1_grm_std_uni,1,5.06076192855835,-4.25226354598999,1
Clemson-DND_p309_c1_grm_std_uni,1,6.128028392791748,-5.126501560211182,1
Clemson-DND_p309_c1_grm_std_uni,1,6.520092964172363,-5.46598482131958,1
Clemson-DND_p309_c1_grm_std_uni,1,6.15400505065918,-5.334615230560303,1
Clemson-DND_p309_c1_grm_std_uni,1,5.170069217681885,-4.351999759674072,1
Clemson-DND_p309_c1_grm_std_uni,1,4.533003330230713,-3.6575052738189697,1
Clemson-DND_p309_c1_grm_std_uni,1,4.224409580230713,-3.5385982990264893,1
Clemson-DND_p309_c1_grm_std_uni,1,4.473141670227051,-3.9228525161743164,1
Clemson-DND_p309_c1_grm_std_uni,1,4.827662944793701,-4.194495677947998,1
Clemson-DND_p309_c1_grm_std_uni,1,4.828485012054443,-4.188151836395264,1
Clemson-DND_p309_c1_grm_std_uni,1,5.0788798332214355,-4.405348777770996,1
Clemson-DND_p309_c1_grm_std_uni,1,5.281088352203369,-4.609506607055664,1
Clemson-DND_p309_c1_grm_std_uni,1,4.779876232147217,-4.025142669677734,1
Clemson-DND_p309_c1_grm_std_uni,1,4.314788341522217,-3.6305031776428223,1
Clemson-DND_p309_c1_grm_std_uni,1,4.59088659286499,-3.9215850830078125,1
Clemson-DND_p309_c1_grm_std_uni,1,4.658838272094727,-3.973130941390991,1
Clemson-DND_p309_c1_grm_std_uni,1,4.863678932189941,-4.108486175537109,1
Clemson-DND_p309_c1_grm_std_uni,1,5.271580696105957,-4.437898635864258,1
Clemson-DND_p309_c1_grm_std_uni,1,5.467312335968018,-4.4854207038879395,1
Clemson-DND_p309_c1_grm_std_uni,1,4.519145488739014,-3.767728567123413,1
Clemson-DND_p309_c1_grm_std_uni,1,3.7520406246185303,-3.1165692806243896,1
Clemson-DND_p309_c1_grm_std_uni,1,3.7975921630859375,-3.1443655490875244,1
Clemson-DND_p309_c1_grm_std_uni,1,4.173677444458008,-3.426452398300171,1
Clemson-DND_p309_c1_grm_std_uni,1,4.163388729095459,-3.424067974090576,1
Clemson-DND_p309_c1_grm_std_uni,1,3.8062233924865723,-3.125293493270874,1
Clemson-DND_p309_c1_grm_std_uni,1,4.176027297973633,-3.4202468395233154,1
Clemson-DND_p309_c1_grm_std_uni,1,4.769471168518066,-3.7559783458709717,1
Clemson-DND_p309_c1_grm_std_uni,1,5.039831638336182,-3.8872110843658447,1
Clemson-DND_p309_c1_grm_std_uni,1,4.558492183685303,-3.623601198196411,1
Clemson-DND_p309_c1_grm_std_uni,1,3.8774354457855225,-3.165381908416748,1
Clemson-DND_p309_c1_grm_std_uni,1,2.915256977081299,-2.308610439300537,1
Clemson-DND_p309_c1_grm_std_uni,1,2.8219199180603027,-2.301973819732666,1
Clemson-DND_p309_c1_grm_std_uni,1,4.070340633392334,-3.3482866287231445,1
Clemson-DND_p309_c1_grm_std_uni,1,4.5548095703125,-3.6356682777404785,1
Clemson-DND_p309_c1_grm_std_uni,1,4.527865886688232,-3.5996854305267334,1
Clemson-DND_p309_c1_grm_std_uni,1,4.852795600891113,-3.9695663452148438,1
Clemson-DND_p309_c1_grm_std_uni,1,4.897205829620361,-4.078455924987793,1
Clemson-DND_p309_c1_grm_std_uni,1,3.74405837059021,-2.7922351360321045,1
Clemson-DND_p309_c1_grm_std_uni,1,3.2775628566741943,-2.485053777694702,1
Clemson-DND_p309_c1_grm_std_uni,1,4.067136764526367,-3.4825005531311035,1
Clemson-DND_p309_c1_grm_std_uni,1,4.561190128326416,-3.9168622493743896,1
Clemson-DND_p309_c1_grm_std_uni,1,5.023166179656982,-4.341245174407959,1
Clemson-DND_p309_c1_grm_std_uni,1,4.978714466094971,-4.381913661956787,1
Clemson-DND_p309_c1_grm_std_uni,1,5.393874645233154,-4.891088485717773,1
Clemson-DND_p309_c1_grm_std_uni,1,4.5743865966796875,-4.046050548553467,1
Clemson-DND_p309_c1_grm_std_uni,1,3.216919183731079,-2.635131359100342,1
Clemson-DND_p309_c1_grm_std_uni,1,3.6226508617401123,-2.9641623497009277,1
Clemson-DND_p309_c1_grm_std_uni,1,3.867799997329712,-3.3214070796966553,1
Clemson-DND_p309_c1_grm_std_uni,1,4.63588809967041,-3.986154317855835,1
Clemson-DND_p309_c1_grm_std_uni,1,5.174395561218262,-4.3932294845581055,1
Clemson-DND_p309_c1_grm_std_uni,1,5.614163875579834,-4.826975345611572,1
Clemson-DND_p309_c1_grm_std_uni,1,5.230700969696045,-4.689043045043945,1
Clemson-DND_p309_c1_grm_std_uni,1,4.011214733123779,-3.610806465148926,1
Clemson-DND_p309_c1_grm_std_uni,1,4.093861103057861,-3.9294016361236572,1
Clemson-DND_p309_c1_grm_std_uni,1,4.73784875869751,-4.161779403686523,1
Clemson-DND_p309_c1_grm_std_uni,1,5.859553337097168,-4.835038661956787,1
Clemson-DND_p309_c1_grm_std_uni,1,5.90479850769043,-5.114721775054932,1
Clemson-DND_p309_c1_grm_std_uni,1,6.4644622802734375,-5.688246726989746,1
Clemson-DND_p309_c1_grm_std_uni,1,6.064019203186035,-5.296530723571777,1
Clemson-DND_p309_c1_grm_std_uni,1,4.798867702484131,-4.0897626876831055,1
Clemson-DND_p309_c1_grm_std_uni,1,4.216606616973877,-3.5935468673706055,1
Clemson-DND_p309_c1_grm_std_uni,1,4.453179359436035,-3.6827642917633057,1
Clemson-DND_p309_c1_grm_std_uni,1,3.5689477920532227,-2.758342981338501,1
Clemson-DND_p309_c1_grm_std_uni,1,2.3572447299957275,-1.6494669914245605,1
Clemson-DND_p309_c1_grm_std_uni,1,2.2932515144348145,-1.9508048295974731,1
Clemson-DND_p309_c1_grm_std_uni,1,3.0314407348632812,-2.865915536880493,1
Clemson-DND_p309_c1_grm_std_uni,1,4.283350944519043,-3.7111380100250244,1
Clemson-DND_p309_c1_grm_std_uni,1,6.337591648101807,-5.037758827209473,1
Clemson-DND_p309_c1_grm_std_uni,1,7.507974147796631,-5.850717544555664,1
Clemson-DND_p309_c1_grm_std_uni,1,8.145139694213867,-6.385773658752441,1
Clemson-DND_p309_c1_grm_std_uni,1,7.671267032623291,-6.044192790985107,1
Clemson-DND_p309_c1_grm_std_uni,1,7.002604007720947,-5.527984619140625,1
Clemson-DND_p309_c1_grm_std_uni,1,5.973161220550537,-4.766599178314209,1
Clemson-DND_p309_c1_grm_std_uni,1,4.741934776306152,-3.7159669399261475,1
Clemson-DND_p309_c1_grm_std_uni,1,4.849945068359375,-3.8437678813934326,1
Clemson-DND_p309_c1_grm_std_uni,1,5.8291168212890625,-4.726903915405273,1
Clemson-DND_p309_c1_grm_std_uni,1,5.807509422302246,-4.76835298538208,1
Clemson-DND_p309_c1_grm_std_uni,1,5.09140157699585,-4.3401198387146,1
Clemson-DND_p309_c1_grm_std_uni,1,5.690297603607178,-4.840944766998291,1
Clemson-DND_p309_c1_grm_std_uni,1,4.355902194976807,-3.473167896270752,1
Clemson-DND_p309_c1_grm_std_uni,1,4.845008373260498,-3.6682519912719727,1
Clemson-DND_p309_c1_grm_std_uni,1,6.928879737854004,-5.577812671661377,1
Clemson-DND_p309_c1_grm_std_uni,1,7.378117084503174,-6.300970077514648,1
Clemson-DND_p309_c1_grm_std_uni,1,6.8709821701049805,-5.868649959564209,1
Clemson-DND_p309_c1_grm_std_uni,1,6.108107089996338,-5.240420818328857,1
Clemson-DND_p309_c1_grm_std_uni,1,5.54099702835083,-4.564721584320068,1
Clemson-DND_p309_c1_grm_std_uni,1,4.102264881134033,-2.9955735206604004,1
Clemson-DND_p309_c1_grm_std_uni,1,4.451422214508057,-3.196777582168579,1
Clemson-DND_p309_c1_grm_std_uni,1,4.660245895385742,-3.4971656799316406,1
Clemson-DND_p309_c1_grm_std_uni,1,3.5793354511260986,-2.5182650089263916,1
Clemson-DND_p309_c1_grm_std_uni,1,3.953129768371582,-2.955122709274292,1
Clemson-DND_p309_c1_grm_std_uni,1,4.9449782371521,-3.771864175796509,1
Clemson-DND_p309_c1_grm_std_uni,1,5.000072002410889,-3.9864323139190674,1
Clemson-DND_p309_c1_grm_std_uni,1,5.001040935516357,-4.1326680183410645,1
Clemson-DND_p309_c1_grm_std_uni,1,6.22957706451416,-4.8645501136779785,1
Clemson-DND_p309_c1_grm_std_uni,1,6.926051616668701,-5.513988018035889,1
Clemson-DND_p309_c1_grm_std_uni,1,6.637843608856201,-5.930110454559326,1
Clemson-DND_p309_c1_grm_std_uni,1,6.199101448059082,-5.59839391708374,1
Clemson-DND_p309_c1_grm_std_uni,1,6.057748794555664,-5.472799301147461,1
Clemson-DND_p309_c1_grm_std_uni,1,5.065879821777344,-4.635778903961182,1
Clemson-DND_p309_c1_grm_std_uni,1,4.880523681640625,-4.260605335235596,1
Clemson-DND_p309_c1_grm_std_uni,1,6.124292850494385,-5.40656042098999,1
Clemson-DND_p309_c1_grm_std_uni,1,7.307230472564697,-6.268579483032227,1
Clemson-DND_p309_c1_grm_std_uni,1,7.804625988006592,-6.99514102935791,1
Clemson-DND_p309_c1_grm_std_uni,1,7.6531982421875,-7.008200168609619,1
Clemson-DND_p309_c1_grm_std_uni,1,6.548657417297363,-6.260283946990967,1
Clemson-DND_p309_c1_grm_std_uni,1,5.800074577331543,-5.6067986488342285,1
Clemson-DND_p309_c1_grm_std_uni,1,5.283849239349365,-5.04048490524292,1
Clemson-DND_p309_c1_grm_std_uni,1,5.114091396331787,-4.623119831085205,1
Clemson-DND_p309_c1_grm_std_uni,1,5.481307506561279,-4.792946815490723,1
Clemson-DND_p309_c1_grm_std_uni,1,5.687143325805664,-4.874910354614258,1
Clemson-DND_p309_c1_grm_std_uni,1,5.720705509185791,-4.84984827041626,1
Clemson-DND_p309_c1_grm_std_uni,1,5.745607852935791,-4.803805828094482,1
Clemson-DND_p309_c1_grm_std_uni,1,5.017902851104736,-4.057645320892334,1
Clemson-DND_p309_c1_grm_std_uni,1,3.985375165939331,-3.0855743885040283,1
Clemson-DND_p309_c1_grm_std_uni,1,2.4668266773223877,-1.2984269857406616,1
Clemson-DND_p309_c1_grm_std_uni,1,2.627930164337158,-1.4690954685211182,1
Clemson-DND_p309_c1_grm_std_uni,1,3.201962471008301,-2.3366386890411377,1
Clemson-DND_p309_c1_grm_std_uni,1,4.037595272064209,-3.228224515914917,1
Clemson-DND_p309_c1_grm_std_uni,1,4.819479465484619,-4.103323459625244,1
Clemson-DND_p309_c1_grm_std_uni,1,5.624436855316162,-4.46760892868042,1
Clemson-DND_p309_c1_grm_std_uni,1,6.106935024261475,-5.005706310272217,1
Clemson-DND_p309_c1_grm_std_uni,1,6.19594669342041,-5.26442813873291,1
Clemson-DND_p309_c1_grm_std_uni,1,6.061733722686768,-5.25748872756958,1
Clemson-DND_p309_c1_grm_std_uni,1,6.272417068481445,-5.31294584274292,1
Clemson-DND_p309_c1_grm_std_uni,1,6.580967426300049,-5.6061296463012695,1
Clemson-DND_p309_c1_grm_std_uni,1,6.866780757904053,-5.8849921226501465,1
Clemson-DND_p309_c1_grm_std_uni,1,7.379919528961182,-6.403447151184082,1
Clemson-DND_p309_c1_grm_std_uni,1,7.713849067687988,-6.628062725067139,1
Clemson-DND_p309_c1_grm_std_uni,1,7.48860502243042,-6.447660446166992,1
Clemson-DND_p309_c1_grm_std_uni,1,6.754881381988525,-5.710752487182617,1
Clemson-DND_p309_c1_grm_std_uni,1,6.212196350097656,-5.188896179199219,1
Clemson-DND_p309_c1_grm_std_uni,1,5.880898475646973,-4.553677082061768,1
Clemson-DND_p309_c1_grm_std_uni,1,4.728638172149658,-3.437873363494873,1
Clemson-DND_p309_c1_grm_std_uni,1,5.123735427856445,-3.9859328269958496,1
Clemson-DND_p309_c1_grm_std_uni,1,5.723996639251709,-4.78085994720459,1
Clemson-DND_p309_c1_grm_std_uni,1,5.286765098571777,-4.50310754776001,1
Clemson-DND_p309_c1_grm_std_uni,1,5.427897930145264,-4.459420204162598,1
Clemson-DND_p309_c1_grm_std_uni,1,5.612489700317383,-4.537630081176758,1
Clemson-DND_p309_c1_grm_std_uni,1,5.518067359924316,-4.515673637390137,1
Clemson-DND_p309_c1_grm_std_uni,1,5.288331508636475,-4.343940258026123,1
Clemson-DND_p309_c1_grm_std_uni,1,5.901719093322754,-4.798200607299805,1
Clemson-DND_p309_c1_grm_std_uni,1,6.590151786804199,-5.432549476623535,1
Clemson-DND_p309_c1_grm_std_uni,1,6.418343544006348,-5.1769843101501465,1
Clemson-DND_p309_c1_grm_std_uni,1,6.4519829750061035,-5.090875625610352,1
Clemson-DND_p309_c1_grm_std_uni,1,6.4967522621154785,-5.292549133300781,1
Clemson-DND_p309_c1_grm_std_uni,1,5.927558422088623,-5.031296730041504,1
Clemson-DND_p309_c1_grm_std_uni,1,4.725459575653076,-3.9212393760681152,1
Clemson-DND_p309_c1_grm_std_uni,1,2.6586098670959473,-1.908642292022705,1
Clemson-DND_p309_c1_grm_std_uni,1,1.9785343408584595,-1.399628758430481,1
Clemson-DND_p309_c1_grm_std_uni,1,3.2116668224334717,-2.9408504962921143,1
Clemson-DND_p309_c1_grm_std_uni,1,3.858259916305542,-3.7542707920074463,1
Clemson-DND_p309_c1_grm_std_uni,1,5.381931781768799,-4.895606517791748,1
Clemson-DND_p309_c1_grm_std_uni,1,6.503843784332275,-5.526237487792969,1
Clemson-DND_p309_c1_grm_std_uni,1,6.273135662078857,-5.354079246520996,1
Clemson-DND_p309_c1_grm_std_uni,1,6.277524948120117,-5.408720970153809,1
Clemson-DND_p309_c1_grm_std_uni,1,5.457137107849121,-4.558932781219482,1
Clemson-DND_p309_c1_grm_std_uni,1,4.499636650085449,-3.563850164413452,1
Clemson-DND_p309_c1_grm_std_uni,1,3.762159585952759,-3.060828685760498,1
Clemson-DND_p309_c1_grm_std_uni,1,3.7810869216918945,-3.1685118675231934,1
Clemson-DND_p309_c1_grm_std_uni,1,4.208654403686523,-3.462557077407837,1
Clemson-DND_p309_c1_grm_std_uni,1,4.3113226890563965,-3.434191942214966,1
Clemson-DND_p309_c1_grm_std_uni,1,3.826577663421631,-2.9903719425201416,1
Clemson-DND_p309_c1_grm_std_uni,1,3.793370008468628,-2.796952247619629,1
Clemson-DND_p309_c1_grm_std_uni,1,4.200986862182617,-2.8081750869750977,1
Clemson-DND_p309_c1_grm_std_uni,1,4.597670555114746,-3.0176937580108643,1
Clemson-DND_p309_c1_grm_std_uni,1,4.776891231536865,-3.2575738430023193,1
Clemson-DND_p309_c1_grm_std_uni,1,5.731444835662842,-4.4794135093688965,1
Clemson-DND_p309_c1_grm_std_uni,1,5.013194561004639,-4.12779426574707,1
Clemson-DND_p309_c1_grm_std_uni,1,4.808672904968262,-3.907287359237671,1
Clemson-DND_p309_c1_grm_std_uni,1,4.559023857116699,-3.69270396232605,1
Clemson-DND_p309_c1_grm_std_uni,1,4.656372547149658,-3.8246164321899414,1
Clemson-DND_p309_c1_grm_std_uni,1,4.431679725646973,-3.691979169845581,1
Clemson-DND_p309_c1_grm_std_uni,1,4.268803596496582,-3.5909299850463867,1
Clemson-DND_p309_c1_grm_std_uni,1,4.260949611663818,-3.5530288219451904,1
Clemson-DND_p309_c1_grm_std_uni,1,4.354302883148193,-3.5869898796081543,1
Clemson-DND_p309_c1_grm_std_uni,1,4.256046772003174,-3.513583183288574,1
Clemson-DND_p309_c1_grm_std_uni,1,4.307403564453125,-3.559414863586426,1
Clemson-DND_p309_c1_grm_std_uni,1,4.332521915435791,-3.611151695251465,1
Clemson-DND_p309_c1_grm_std_uni,1,4.259474754333496,-3.4826433658599854,1
Clemson-DND_p309_c1_grm_std_uni,1,4.50775671005249,-3.6529300212860107,1
Clemson-DND_p309_c1_grm_std_uni,1,4.734464645385742,-3.8535563945770264,1
Clemson-DND_p309_c1_grm_std_uni,1,4.780124187469482,-3.8789451122283936,1
Clemson-DND_p309_c1_grm_std_uni,1,4.669173717498779,-3.745148181915283,1
Clemson-DND_p309_c1_grm_std_uni,1,4.525579929351807,-3.620616912841797,1
Clemson-DND_p309_c1_grm_std_uni,1,4.434640407562256,-3.5724685192108154,1
Clemson-DND_p309_c1_grm_std_uni,1,4.533591270446777,-3.6404261589050293,1
Clemson-DND_p309_c1_grm_std_uni,1,4.456646919250488,-3.5501084327697754,1
Clemson-DND_p309_c1_grm_std_uni,1,4.557478904724121,-3.683337926864624,1
Clemson-DND_p309_c1_grm_std_uni,1,4.4069294929504395,-3.5900278091430664,1
Clemson-DND_p309_c1_grm_std_uni,1,4.301110744476318,-3.474289655685425,1
Clemson-DND_p309_c1_grm_std_uni,1,3.967099666595459,-3.2310190200805664,1
Clemson-DND_p309_c1_grm_std_uni,1,3.6713414192199707,-3.0088183879852295,1
Clemson-DND_p309_c1_grm_std_uni,1,3.6445746421813965,-3.0040059089660645,1
Clemson-DND_p309_c1_grm_std_uni,1,4.312423229217529,-3.5111474990844727,1
Clemson-DND_p309_c1_grm_std_uni,1,4.7369914054870605,-3.865715980529785,1
Clemson-DND_p309_c1_grm_std_uni,1,4.833328723907471,-3.9944021701812744,1
Clemson-DND_p309_c1_grm_std_uni,1,4.612453937530518,-3.8741297721862793,1
Clemson-DND_p309_c1_grm_std_uni,1,4.410053730010986,-3.7005395889282227,1
Clemson-DND_p309_c1_grm_std_uni,1,4.145664215087891,-3.465615749359131,1
Clemson-DND_p309_c1_grm_std_uni,1,3.5937376022338867,-2.9751155376434326,1
Clemson-DND_p309_c1_grm_std_uni,1,3.358166456222534,-2.865830898284912,1
Clemson-DND_p309_c1_grm_std_uni,1,3.4127161502838135,-2.9334492683410645,1
Clemson-DND_p309_c1_grm_std_uni,1,3.806987762451172,-3.252995491027832,1
Clemson-DND_p309_c1_grm_std_uni,1,4.055325984954834,-3.4064478874206543,1
Clemson-DND_p309_c1_grm_std_uni,1,4.209030628204346,-3.481041193008423,1
Clemson-DND_p309_c1_grm_std_uni,1,4.309444904327393,-3.556177854537964,1
Clemson-DND_p309_c1_grm_std_uni,1,4.272402763366699,-3.5287652015686035,1
Clemson-DND_p309_c1_grm_std_uni,1,4.332767009735107,-3.562521457672119,1
Clemson-DND_p309_c1_grm_std_uni,1,4.31463098526001,-3.542404890060425,1
Clemson-DND_p309_c1_grm_std_uni,1,4.0671210289001465,-3.3834333419799805,1
Clemson-DND_p309_c1_grm_std_uni,1,3.6330924034118652,-3.040036916732788,1
Clemson-DND_p309_c1_grm_std_uni,1,3.743215322494507,-3.0552659034729004,1
Clemson-DND_p309_c1_grm_std_uni,1,3.8935813903808594,-3.087913990020752,1
Clemson-DND_p309_c1_grm_std_uni,1,4.574399471282959,-3.5347187519073486,1
Clemson-DND_p309_c1_grm_std_uni,1,4.8550519943237305,-3.725167751312256,1
Clemson-DND_p309_c1_grm_std_uni,1,5.193968296051025,-4.000982761383057,1
Clemson-DND_p309_c1_grm_std_uni,1,5.599332809448242,-4.563228130340576,1
Clemson-DND_p309_c1_grm_std_uni,1,5.896867275238037,-4.994117259979248,1
Clemson-DND_p309_c1_grm_std_uni,1,5.789350509643555,-4.846126079559326,1
Clemson-DND_p309_c1_grm_std_uni,1,5.718541622161865,-4.912670612335205,1
Clemson-DND_p309_c1_grm_std_uni,1,4.783323764801025,-4.313563346862793,1
Clemson-DND_p309_c1_grm_std_uni,1,4.20489501953125,-3.6279871463775635,1
Clemson-DND_p309_c1_grm_std_uni,1,4.964402675628662,-3.7887721061706543,1
Clemson-DND_p309_c1_grm_std_uni,1,4.775109767913818,-3.244842767715454,1
Clemson-DND_p309_c1_grm_std_uni,1,4.938966751098633,-2.926560401916504,1
Clemson-DND_p309_c1_grm_std_uni,1,4.908691883087158,-2.9350454807281494,1
Clemson-DND_p309_c1_grm_std_uni,1,5.300441265106201,-3.564980983734131,1
Clemson-DND_p309_c1_grm_std_uni,1,5.291106224060059,-3.9199509620666504,1
Clemson-DND_p309_c1_grm_std_uni,1,5.595742225646973,-4.4138407707214355,1
Clemson-DND_p309_c1_grm_std_uni,1,5.823648929595947,-4.467947959899902,1
Clemson-DND_p309_c1_grm_std_uni,1,5.661590576171875,-4.3802690505981445,1
Clemson-DND_p309_c1_grm_std_uni,1,6.233731269836426,-5.085829734802246,1
Clemson-DND_p309_c1_grm_std_uni,1,6.1551594734191895,-5.516791343688965,1
Clemson-DND_p309_c1_grm_std_uni,1,5.789888858795166,-5.196448802947998,1
Clemson-DND_p309_c1_grm_std_uni,1,4.931976318359375,-3.637620449066162,1
Clemson-DND_p309_c1_grm_std_uni,1,5.308573246002197,-3.736093044281006,1
Clemson-DND_p309_c1_grm_std_uni,1,5.162293434143066,-3.688164472579956,1
Clemson-DND_p309_c1_grm_std_uni,1,5.11405086517334,-3.714045524597168,1
Clemson-DND_p309_c1_grm_std_uni,1,4.190554618835449,-3.163593292236328,1
Clemson-DND_p309_c1_grm_std_uni,1,4.900454521179199,-3.5696516036987305,1
Clemson-DND_p309_c1_grm_std_uni,1,5.452490329742432,-4.193552494049072,1
Clemson-DND_p309_c1_grm_std_uni,1,5.429426670074463,-4.526281356811523,1
Clemson-DND_p309_c1_grm_std_uni,1,5.836679935455322,-4.671280860900879,1
Clemson-DND_p309_c1_grm_std_uni,1,5.374433994293213,-4.633388996124268,1
Clemson-DND_p309_c1_grm_std_uni,1,6.090043067932129,-5.045616149902344,1
Clemson-DND_p309_c1_grm_std_uni,1,6.6781325340271,-5.585421562194824,1
Clemson-DND_p309_c1_grm_std_uni,1,6.796127796173096,-5.7697601318359375,1
Clemson-DND_p309_c1_grm_std_uni,1,6.6850504875183105,-6.031376361846924,1
Clemson-DND_p309_c1_grm_std_uni,1,5.836158752441406,-4.82737922668457,1
Clemson-DND_p309_c1_grm_std_uni,1,6.323037624359131,-5.00954008102417,1
Clemson-DND_p309_c1_grm_std_uni,1,7.475255489349365,-6.0049214363098145,1
Clemson-DND_p309_c1_grm_std_uni,1,7.896494388580322,-6.452939510345459,1
Clemson-DND_p309_c1_grm_std_uni,1,6.965141296386719,-5.534512042999268,1
Clemson-DND_p309_c1_grm_std_uni,1,6.535257339477539,-4.561764717102051,1
Clemson-DND_p309_c1_grm_std_uni,1,7.182740688323975,-5.349321365356445,1
Clemson-DND_p309_c1_grm_std_uni,1,7.4188947677612305,-5.748988628387451,1
Clemson-DND_p309_c1_grm_std_uni,1,7.565424919128418,-6.024670124053955,1
Clemson-DND_p309_c1_grm_std_uni,1,8.039289474487305,-6.715363025665283,1
Clemson-DND_p309_c1_grm_std_uni,1,8.128228187561035,-7.1618123054504395,1
Clemson-DND_p309_c1_grm_std_uni,1,8.143805503845215,-7.2128496170043945,1
Clemson-DND_p309_c1_grm_std_uni,1,7.446706295013428,-6.384368896484375,1
Clemson-DND_p309_c1_grm_std_uni,1,6.657466411590576,-5.462256908416748,1
Clemson-DND_p309_c1_grm_std_uni,1,6.396181583404541,-5.214971542358398,1
Clemson-DND_p309_c1_grm_std_uni,1,6.550051689147949,-5.49196195602417,1
Clemson-DND_p309_c1_grm_std_uni,1,5.950064659118652,-5.172780513763428,1
Clemson-DND_p309_c1_grm_std_uni,1,5.721432685852051,-5.15505313873291,1
Clemson-DND_p309_c1_grm_std_uni,1,6.565731525421143,-5.690461158752441,1
Clemson-DND_p309_c1_grm_std_uni,1,6.7376933097839355,-5.762146472930908,1
Clemson-DND_p309_c1_grm_std_uni,1,6.652587413787842,-5.651716709136963,1
Clemson-DND_p309_c1_grm_std_uni,1,6.4404754638671875,-5.79469108581543,1
Clemson-DND_p309_c1_grm_std_uni,1,5.968857288360596,-5.504209518432617,1
Clemson-DND_p309_c1_grm_std_uni,1,5.60905122756958,-5.165192604064941,1
Clemson-DND_p309_c1_grm_std_uni,1,5.937904357910156,-5.559259414672852,1
Clemson-DND_p309_c1_grm_std_uni,1,6.0482378005981445,-5.5470871925354,1
Clemson-DND_p309_c1_grm_std_uni,1,5.954177379608154,-5.3838911056518555,1
Clemson-DND_p309_c1_grm_std_uni,1,6.02262544631958,-5.492314338684082,1
Clemson-DND_p309_c1_grm_std_uni,1,6.103672504425049,-5.602930068969727,1
Clemson-DND_p309_c1_grm_std_uni,1,4.897003650665283,-4.373776435852051,1
Clemson-DND_p309_c1_grm_std_uni,1,3.4787819385528564,-2.9928252696990967,1
Clemson-DND_p309_c1_grm_std_uni,1,5.869073867797852,-5.350720405578613,1
Clemson-DND_p309_c1_grm_std_uni,1,6.34272575378418,-6.459814548492432,1
Clemson-DND_p309_c1_grm_std_uni,1,6.354343891143799,-7.296510696411133,1
Clemson-DND_p309_c1_grm_std_uni,1,5.942001819610596,-6.16434907913208,1
Clemson-DND_p309_c1_grm_std_uni,1,5.518723487854004,-5.850255966186523,1
Clemson-DND_p309_c1_grm_std_uni,1,4.657979965209961,-4.430201053619385,1
Clemson-DND_p309_c1_grm_std_uni,1,3.473097562789917,-3.5101869106292725,1
Clemson-DND_p309_c1_grm_std_uni,1,4.526153564453125,-4.181437969207764,1
Clemson-DND_p309_c1_grm_std_uni,1,5.193946838378906,-4.7397074699401855,1
Clemson-DND_p309_c1_grm_std_uni,1,5.702602863311768,-4.6272687911987305,1
Clemson-DND_p309_c1_grm_std_uni,1,5.95172119140625,-4.644093036651611,1
Clemson-DND_p309_c1_grm_std_uni,1,5.847751140594482,-4.740076065063477,1
Clemson-DND_p309_c1_grm_std_uni,1,5.79426908493042,-4.738279819488525,1
Clemson-DND_p309_c1_grm_std_uni,1,5.766850471496582,-4.640328407287598,1
Clemson-DND_p309_c1_grm_std_uni,1,5.573231220245361,-4.532073020935059,1
Clemson-DND_p309_c1_grm_std_uni,1,5.603772163391113,-4.60357141494751,1
Clemson-DND_p309_c1_grm_std_uni,1,5.695003032684326,-4.780904769897461,1
Clemson-DND_p309_c1_grm_std_uni,1,5.880784034729004,-5.030472278594971,1
Clemson-DND_p309_c1_grm_std_uni,1,5.899996757507324,-4.9864325523376465,1
Clemson-DND_p309_c1_grm_std_uni,1,6.032002925872803,-5.297482013702393,1
Clemson-DND_p309_c1_grm_std_uni,1,6.590777397155762,-5.895766735076904,1
Clemson-DND_p309_c1_grm_std_uni,1,6.670143127441406,-6.11555814743042,1
Clemson-DND_p309_c1_grm_std_uni,1,6.2115654945373535,-5.7274346351623535,1
Clemson-DND_p309_c1_grm_std_uni,1,5.449990749359131,-4.092564582824707,1
Clemson-DND_p309_c1_grm_std_uni,1,5.071978569030762,-3.5572807788848877,1
Clemson-DND_p309_c1_grm_std_uni,1,4.655785083770752,-3.3225276470184326,1
Clemson-DND_p309_c1_grm_std_uni,1,5.054123401641846,-3.695009708404541,1
Clemson-DND_p309_c1_grm_std_uni,1,4.670066833496094,-3.6399102210998535,1
Clemson-DND_p309_c1_grm_std_uni,1,4.530700206756592,-3.7752652168273926,1
Clemson-DND_p309_c1_grm_std_uni,1,5.271546363830566,-4.332315444946289,1
Clemson-DND_p309_c1_grm_std_uni,1,5.486192226409912,-4.369571208953857,1
Clemson-DND_p309_c1_grm_std_uni,1,5.79405403137207,-4.579220771789551,1
Clemson-DND_p309_c1_grm_std_uni,1,5.684857368469238,-4.42383337020874,1
Clemson-DND_p309_c1_grm_std_uni,1,6.218504428863525,-4.811115741729736,1
Clemson-DND_p309_c1_grm_std_uni,1,6.7934465408325195,-5.284177780151367,1
Clemson-DND_p309_c1_grm_std_uni,1,6.743544578552246,-5.313118934631348,1
Clemson-DND_p309_c1_grm_std_uni,1,5.354364395141602,-5.098559856414795,1
Clemson-DND_p309_c1_grm_std_uni,1,5.030515670776367,-4.134644508361816,1
Clemson-DND_p309_c1_grm_std_uni,1,5.074723720550537,-3.4042766094207764,1
Clemson-DND_p309_c1_grm_std_uni,1,4.904268741607666,-3.4947876930236816,1
Clemson-DND_p309_c1_grm_std_uni,1,4.573239803314209,-3.3581433296203613,1
Clemson-DND_p309_c1_grm_std_uni,1,4.639129638671875,-3.543421745300293,1
Clemson-DND_p309_c1_grm_std_uni,1,4.739658832550049,-3.6222777366638184,1
Clemson-DND_p309_c1_grm_std_uni,1,4.768026828765869,-3.672948122024536,1
Clemson-DND_p309_c1_grm_std_uni,1,5.128162860870361,-3.981091022491455,1
Clemson-DND_p309_c1_grm_std_uni,1,5.381743907928467,-3.7522542476654053,1
Clemson-DND_p309_c1_grm_std_uni,1,5.748344898223877,-4.780426502227783,1
Clemson-DND_p309_c1_grm_std_uni,1,5.709885597229004,-4.904359340667725,1
Clemson-DND_p309_c1_grm_std_uni,1,6.487394332885742,-5.054887771606445,1
Clemson-DND_p309_c1_grm_std_uni,1,5.951905250549316,-4.034283638000488,1
Clemson-DND_p309_c1_grm_std_uni,1,4.920715808868408,-3.570159912109375,1
Clemson-DND_p309_c1_grm_std_uni,1,4.994090557098389,-3.7753288745880127,1
Clemson-DND_p309_c1_grm_std_uni,1,4.8890790939331055,-4.271037578582764,1
Clemson-DND_p309_c1_grm_std_uni,1,4.114607334136963,-3.812908887863159,1
Clemson-DND_p309_c1_grm_std_uni,1,4.216742515563965,-3.6494903564453125,1
Clemson-DND_p309_c1_grm_std_uni,1,5.013832092285156,-4.043209075927734,1
Clemson-DND_p309_c1_grm_std_uni,1,5.069660663604736,-3.97733736038208,1
Clemson-DND_p309_c1_grm_std_uni,1,4.819195747375488,-3.3755369186401367,1
Clemson-DND_p309_c1_grm_std_uni,2,4.726085186004639,-3.1715996265411377,1
Clemson-DND_p309_c1_grm_std_uni,1,4.405378818511963,-3.164257287979126,1
Clemson-DND_p309_c1_grm_std_uni,1,4.481844425201416,-3.317682981491089,1
Clemson-DND_p309_c1_grm_std_uni,1,5.0022993087768555,-4.085206508636475,1
Clemson-DND_p309_c1_grm_std_uni,1,5.216691970825195,-4.361985206604004,1
Clemson-DND_p309_c1_grm_std_uni,1,5.376859188079834,-4.489930152893066,1
Clemson-DND_p309_c1_grm_std_uni,1,5.773146152496338,-4.446571350097656,1
Clemson-DND_p309_c1_grm_std_uni,1,5.80875301361084,-4.125141620635986,1
Clemson-DND_p309_c1_grm_std_uni,1,5.974788188934326,-4.334629535675049,1
Clemson-DND_p309_c1_grm_std_uni,1,5.9920806884765625,-4.257410526275635,1
Clemson-DND_p309_c1_grm_std_uni,1,6.010013103485107,-4.157562732696533,1
Clemson-DND_p309_c1_grm_std_uni,1,6.173405647277832,-4.34255313873291,1
Clemson-DND_p309_c1_grm_std_uni,1,6.070175647735596,-4.292355060577393,1
Clemson-DND_p309_c1_grm_std_uni,1,6.677580833435059,-4.99971866607666,1
Clemson-DND_p309_c1_grm_std_uni,1,6.729448318481445,-5.20625638961792,1
Clemson-DND_p309_c1_grm_std_uni,1,7.027985572814941,-5.614991188049316,1
Clemson-DND_p309_c1_grm_std_uni,1,7.032040119171143,-6.200972557067871,1
Clemson-DND_p309_c1_grm_std_uni,1,6.275806903839111,-5.386889457702637,1
Clemson-DND_p309_c1_grm_std_uni,1,5.855739116668701,-4.775293350219727,1
Clemson-DND_p309_c1_grm_std_uni,1,7.500260829925537,-6.376025676727295,1
Clemson-DND_p309_c1_grm_std_uni,1,8.212624549865723,-7.28695011138916,1
Clemson-DND_p309_c1_grm_std_uni,1,7.912640571594238,-6.906871318817139,1
Clemson-DND_p309_c1_grm_std_uni,1,7.917184829711914,-6.8149919509887695,1
Clemson-DND_p309_c1_grm_std_uni,1,8.193172454833984,-6.948642253875732,1
Clemson-DND_p309_c1_grm_std_uni,1,8.758594512939453,-7.676840782165527,1
Clemson-DND_p309_c1_grm_std_uni,1,7.317776203155518,-7.631570816040039,1
Clemson-DND_p309_c1_grm_std_uni,1,6.710546493530273,-6.322333812713623,1
Clemson-DND_p309_c1_grm_std_uni,1,6.207215785980225,-4.556685924530029,1
Clemson-DND_p309_c1_grm_std_uni,1,5.860568523406982,-3.922823429107666,1
Clemson-DND_p309_c1_grm_std_uni,1,5.775530815124512,-3.8519680500030518,1
Clemson-DND_p309_c1_grm_std_uni,1,5.587628364562988,-3.82420015335083,1
Clemson-DND_p309_c1_grm_std_uni,1,5.770951271057129,-4.188150882720947,1
Clemson-DND_p309_c1_grm_std_uni,1,4.922511577606201,-3.977043390274048,1
Clemson-DND_p309_c1_grm_std_uni,1,5.0684380531311035,-4.116828441619873,1
Clemson-DND_p309_c1_grm_std_uni,1,5.456244945526123,-4.323639392852783,1
Clemson-DND_p309_c1_grm_std_uni,1,5.873747825622559,-4.614338397979736,1
Clemson-DND_p309_c1_grm_std_uni,1,6.241551876068115,-4.979745388031006,1
Clemson-DND_p309_c1_grm_std_uni,1,6.4407124519348145,-4.687653541564941,1
Clemson-DND_p309_c1_grm_std_uni,1,6.956850051879883,-5.023154258728027,1
Clemson-DND_p309_c1_grm_std_uni,1,7.2609453201293945,-5.143109321594238,1
Clemson-DND_p309_c1_grm_std_uni,1,6.4551544189453125,-5.069960117340088,1
Clemson-DND_p309_c1_grm_std_uni,1,5.875579833984375,-4.155299186706543,1
Clemson-DND_p309_c1_grm_std_uni,1,5.507776260375977,-3.727099657058716,1
Clemson-DND_p309_c1_grm_std_uni,1,5.211424827575684,-3.51784610748291,1
Clemson-DND_p309_c1_grm_std_uni,1,4.835587501525879,-3.227642774581909,1
Clemson-DND_p309_c1_grm_std_uni,1,4.680216312408447,-3.701707601547241,1
Clemson-DND_p309_c1_grm_std_uni,1,4.961021423339844,-4.062008857727051,1
Clemson-DND_p309_c1_grm_std_uni,1,5.654358863830566,-4.6609601974487305,1
Clemson-DND_p309_c1_grm_std_uni,1,5.963983535766602,-4.821913242340088,1
Clemson-DND_p309_c1_grm_std_uni,1,6.21077823638916,-5.063230991363525,1
Clemson-DND_p309_c1_grm_std_uni,1,6.790216445922852,-5.479125022888184,1
Clemson-DND_p309_c1_grm_std_uni,1,7.131376266479492,-5.664811134338379,1
Clemson-DND_p309_c1_grm_std_uni,1,6.792551040649414,-5.354310512542725,1
Clemson-DND_p309_c1_grm_std_uni,1,6.264320373535156,-4.488259315490723,1
Clemson-DND_p309_c1_grm_std_uni,1,6.372679710388184,-4.5816192626953125,1
Clemson-DND_p309_c1_grm_std_uni,1,5.641007423400879,-4.306906700134277,1
Clemson-DND_p309_c1_grm_std_uni,1,5.125119686126709,-4.030566692352295,1
Clemson-DND_p309_c1_grm_std_uni,1,5.414674758911133,-4.307021141052246,1
Clemson-DND_p309_c1_grm_std_uni,1,5.226796627044678,-4.079913139343262,1
Clemson-DND_p309_c1_grm_std_uni,1,4.258378028869629,-3.118908405303955,1
Clemson-DND_p309_c1_grm_std_uni,1,4.594391822814941,-3.6791224479675293,1
Clemson-DND_p309_c1_grm_std_uni,1,4.3658223152160645,-3.3444228172302246,1
Clemson-DND_p309_c1_grm_std_uni,1,5.3327507972717285,-4.208237171173096,1
Clemson-DND_p309_c1_grm_std_uni,1,5.797895908355713,-4.550987720489502,1
Clemson-DND_p309_c1_grm_std_uni,1,5.635973930358887,-4.512825965881348,1
Clemson-DND_p309_c1_grm_std_uni,1,6.2164082527160645,-4.772550582885742,1
Clemson-DND_p309_c1_grm_std_uni,1,5.558141708374023,-3.885417938232422,1
Clemson-DND_p309_c1_grm_std_uni,1,5.201994895935059,-3.9659674167633057,1
Clemson-DND_p309_c1_grm_std_uni,1,5.021631717681885,-3.794177532196045,1
Clemson-DND_p309_c1_grm_std_uni,1,4.948118209838867,-3.5922553539276123,1
Clemson-DND_p309_c1_grm_std_uni,1,4.928537845611572,-3.5684430599212646,1
Clemson-DND_p309_c1_grm_std_uni,1,4.7033467292785645,-3.3443024158477783,1
Clemson-DND_p309_c1_grm_std_uni,1,4.560802936553955,-3.3873021602630615,1
Clemson-DND_p309_c1_grm_std_uni,1,4.471364498138428,-3.2169651985168457,1
Clemson-DND_p309_c1_grm_std_uni,1,4.601583480834961,-3.4558846950531006,1
Clemson-DND_p309_c1_grm_std_uni,1,4.599207878112793,-3.4677340984344482,1
Clemson-DND_p309_c1_grm_std_uni,1,4.75645637512207,-4.060563087463379,1
Clemson-DND_p309_c1_grm_std_uni,1,5.189001560211182,-4.2588348388671875,1
Clemson-DND_p309_c1_grm_std_uni,1,5.312670707702637,-4.410593032836914,1
Clemson-DND_p309_c1_grm_std_uni,1,5.527072429656982,-4.384110927581787,1
Clemson-DND_p309_c1_grm_std_uni,1,5.577742576599121,-4.3781890869140625,1
Clemson-DND_p309_c1_grm_std_uni,1,5.863019943237305,-4.49468469619751,1
Clemson-DND_p309_c1_grm_std_uni,1,6.31587553024292,-5.070362567901611,1
Clemson-DND_p309_c1_grm_std_uni,1,6.622270107269287,-5.381311893463135,1
Clemson-DND_p309_c1_grm_std_uni,1,6.430193901062012,-5.1065778732299805,1
Clemson-DND_p309_c1_grm_std_uni,1,6.0516180992126465,-5.130475044250488,1
Clemson-DND_p309_c1_grm_std_uni,1,5.727067947387695,-5.090036392211914,1
Clemson-DND_p309_c1_grm_std_uni,1,5.668630599975586,-4.724818229675293,1
Clemson-DND_p309_c1_grm_std_uni,1,5.440061092376709,-3.73361873626709,1
Clemson-DND_p309_c1_grm_std_uni,1,5.17389440536499,-3.233938694000244,1
Clemson-DND_p309_c1_grm_std_uni,1,5.1410393714904785,-3.1405346393585205,1
Clemson-DND_p309_c1_grm_std_uni,1,5.299802303314209,-3.329493284225464,1
Clemson-DND_p309_c1_grm_std_uni,1,5.097477436065674,-3.5059638023376465,1
Clemson-DND_p309_c1_grm_std_uni,1,4.487953186035156,-3.2428641319274902,1
Clemson-DND_p309_c1_grm_std_uni,1,4.250338077545166,-3.07321834564209,1
Clemson-DND_p309_c1_grm_std_uni,1,4.040977478027344,-2.740813732147217,1
Clemson-DND_p309_c1_grm_std_uni,1,4.254776954650879,-2.966679334640503,1
Clemson-DND_p309_c1_grm_std_uni,1,4.994673728942871,-3.9455578327178955,1
Clemson-DND_p309_c1_grm_std_uni,1,5.2415852546691895,-4.311631679534912,1
Clemson-DND_p309_c1_grm_std_uni,1,5.548083305358887,-4.275298595428467,1
Clemson-DND_p309_c1_grm_std_uni,1,5.833539962768555,-4.409202575683594,1
Clemson-DND_p309_c1_grm_std_uni,1,5.913896083831787,-4.67380952835083,1
Clemson-DND_p309_c1_grm_std_uni,1,6.523663520812988,-4.8215813636779785,1
Clemson-DND_p309_c1_grm_std_uni,1,6.466442584991455,-4.487730979919434,1
Clemson-DND_p309_c1_grm_std_uni,1,6.636923789978027,-4.856448173522949,1
Clemson-DND_p309_c1_grm_std_uni,1,6.849693298339844,-5.128949165344238,1
Clemson-DND_p309_c1_grm_std_uni,1,5.974444389343262,-5.313896656036377,1
Clemson-DND_p309_c1_grm_std_uni,1,5.956730842590332,-4.4435296058654785,1
Clemson-DND_p309_c1_grm_std_uni,1,5.629956245422363,-3.8786895275115967,1
Clemson-DND_p309_c1_grm_std_uni,1,5.105809688568115,-3.405656099319458,1
Clemson-DND_p309_c1_grm_std_uni,1,4.6854424476623535,-2.9089715480804443,1
Clemson-DND_p309_c1_grm_std_uni,1,5.60459566116333,-3.647883176803589,1
Clemson-DND_p309_c1_grm_std_uni,1,5.931890487670898,-4.160306453704834,1
Clemson-DND_p309_c1_grm_std_uni,1,7.7727370262146,-5.984283447265625,1
Clemson-DND_p309_c1_grm_std_uni,1,8.125347137451172,-6.587586402893066,1
Clemson-DND_p309_c1_grm_std_uni,1,8.041889190673828,-6.7043986320495605,1
Clemson-DND_p309_c1_grm_std_uni,1,8.01684284210205,-6.997046947479248,1
Clemson-DND_p309_c1_grm_std_uni,1,8.475271224975586,-7.799137592315674,1
Clemson-DND_p309_c1_grm_std_uni,1,8.18803882598877,-7.63592529296875,1
Clemson-DND_p309_c1_grm_std_uni,1,7.719511985778809,-7.058467388153076,1
Clemson-DND_p309_c1_grm_std_uni,1,7.3947367668151855,-6.502958297729492,1
Clemson-DND_p309_c1_grm_std_uni,1,6.2977519035339355,-5.266022682189941,1
Clemson-DND_p309_c1_grm_std_uni,1,4.836307048797607,-3.6710832118988037,1
Clemson-DND_p309_c1_grm_std_uni,1,4.226569175720215,-3.2891793251037598,1
Clemson-DND_p309_c1_grm_std_uni,1,4.502790927886963,-3.6155312061309814,1
Clemson-DND_p309_c1_grm_std_uni,1,4.903080940246582,-4.103879928588867,1
Clemson-DND_p309_c1_grm_std_uni,1,5.253576278686523,-4.465875625610352,1
Clemson-DND_p309_c1_grm_std_uni,1,6.0558342933654785,-5.393593788146973,1
Clemson-DND_p309_c1_grm_std_uni,1,7.0637593269348145,-6.533642768859863,1
Clemson-DND_p309_c1_grm_std_uni,1,7.278897285461426,-6.698615074157715,1
Clemson-DND_p309_c1_grm_std_uni,1,6.963900566101074,-6.273881435394287,1
Clemson-DND_p309_c1_grm_std_uni,1,6.450890064239502,-5.569015979766846,1
Clemson-DND_p309_c1_grm_std_uni,1,5.641148567199707,-4.638793468475342,1
Clemson-DND_p309_c1_grm_std_uni,1,5.342884540557861,-4.321849346160889,1
Clemson-DND_p309_c1_grm_std_uni,1,4.6692633628845215,-4.0047407150268555,1
Clemson-DND_p309_c1_grm_std_uni,1,6.015152931213379,-4.734907150268555,1
Clemson-DND_p309_c1_grm_std_uni,1,6.838533878326416,-5.106462478637695,1
Clemson-DND_p309_c1_grm_std_uni,1,6.817793369293213,-5.005181789398193,1
Clemson-DND_p309_c1_grm_std_uni,1,6.992049694061279,-5.479811668395996,1
Clemson-DND_p309_c1_grm_std_uni,1,7.091317176818848,-5.832277297973633,1
Clemson-DND_p309_c1_grm_std_uni,1,6.570764541625977,-5.613671779632568,1
Clemson-DND_p309_c1_grm_std_uni,1,5.582908630371094,-4.513205051422119,1
Clemson-DND_p309_c1_grm_std_uni,1,5.205296039581299,-4.020180702209473,1
Clemson-DND_p309_c1_grm_std_uni,1,4.840168476104736,-3.8303236961364746,1
Clemson-DND_p309_c1_grm_std_uni,1,4.879867076873779,-3.900447130203247,1
Clemson-DND_p309_c1_grm_std_uni,1,5.320363521575928,-4.288447856903076,1
Clemson-DND_p309_c1_grm_std_uni,1,6.315369606018066,-5.073870658874512,1
Clemson-DND_p309_c1_grm_std_uni,1,6.853659629821777,-5.645369052886963,1
Clemson-DND_p309_c1_grm_std_uni,1,6.6894636154174805,-5.696259021759033,1
Clemson-DND_p309_c1_grm_std_uni,1,6.41294002532959,-5.694322109222412,1
Clemson-DND_p309_c1_grm_std_uni,1,6.318238258361816,-5.834086894989014,1
Clemson-DND_p309_c1_grm_std_uni,1,6.279233932495117,-5.741633415222168,1
Clemson-DND_p309_c1_grm_std_uni,1,6.101284980773926,-5.597571849822998,1
Clemson-DND_p309_c1_grm_std_uni,1,5.405126094818115,-4.667110919952393,1
Clemson-DND_p309_c1_grm_std_uni,1,6.408620834350586,-5.3172526359558105,1
Clemson-DND_p309_c1_grm_std_uni,1,7.214014053344727,-6.073906898498535,1
Clemson-DND_p309_c1_grm_std_uni,1,7.799880027770996,-6.762927055358887,1
Clemson-DND_p309_c1_grm_std_uni,1,7.726887226104736,-6.760552406311035,1
Clemson-DND_p309_c1_grm_std_uni,1,7.134251117706299,-6.188533306121826,1
Clemson-DND_p309_c1_grm_std_uni,1,6.699079513549805,-5.788316249847412,1
Clemson-DND_p309_c1_grm_std_uni,1,6.402575969696045,-5.61824369430542,1
Clemson-DND_p309_c1_grm_std_uni,1,4.862653732299805,-4.373694896697998,1
Clemson-DND_p309_c1_grm_std_uni,1,4.88145637512207,-4.158524990081787,1
Clemson-DND_p309_c1_grm_std_uni,1,5.324190139770508,-4.492673873901367,1
Clemson-DND_p309_c1_grm_std_uni,1,5.181719779968262,-4.177337646484375,1
Clemson-DND_p309_c1_grm_std_uni,1,6.398717403411865,-5.240642070770264,1
Clemson-DND_p309_c1_grm_std_uni,1,7.396515369415283,-6.598514080047607,1
Clemson-DND_p309_c1_grm_std_uni,1,7.653683662414551,-7.186075687408447,1
Clemson-DND_p309_c1_grm_std_uni,1,7.220479965209961,-6.766566276550293,1
Clemson-DND_p309_c1_grm_std_uni,1,6.711042881011963,-6.599536418914795,1
Clemson-DND_p309_c1_grm_std_uni,1,6.481058120727539,-6.125665664672852,1
Clemson-DND_p309_c1_grm_std_uni,1,6.261744022369385,-5.191340446472168,1
Clemson-DND_p309_c1_grm_std_uni,1,5.67970609664917,-4.5996270179748535,1
Clemson-DND_p309_c1_grm_std_uni,1,5.730964660644531,-4.693145275115967,1
Clemson-DND_p309_c1_grm_std_uni,1,5.739021301269531,-4.251241683959961,1
Clemson-DND_p309_c1_grm_std_uni,1,5.8708391189575195,-4.476476669311523,1
Clemson-DND_p309_c1_grm_std_uni,1,6.019948482513428,-4.859564781188965,1
Clemson-DND_p309_c1_grm_std_uni,1,4.964227199554443,-4.025542736053467,1
Clemson-DND_p309_c1_grm_std_uni,1,5.6957902908325195,-4.88308572769165,1
Clemson-DND_p309_c1_grm_std_uni,1,5.418578147888184,-4.877706527709961,1
Clemson-DND_p309_c1_grm_std_uni,1,5.385493755340576,-4.8354949951171875,1
Clemson-DND_p309_c1_grm_std_uni,1,5.2802629470825195,-4.734226703643799,1
Clemson-DND_p309_c1_grm_std_uni,1,4.712212085723877,-4.1521148681640625,1
Clemson-DND_p309_c1_grm_std_uni,1,3.544722557067871,-3.3487770557403564,1
Clemson-DND_p309_c1_grm_std_uni,1,5.148245334625244,-4.459898948669434,1
Clemson-DND_p309_c1_grm_std_uni,1,5.5951642990112305,-4.875015735626221,1
Clemson-DND_p309_c1_grm_std_uni,1,5.16508674621582,-4.506246566772461,1
Clemson-DND_p309_c1_grm_std_uni,1,5.426462650299072,-4.892049312591553,1
Clemson-DND_p309_c1_grm_std_uni,1,5.289244174957275,-4.252320766448975,1
Clemson-DND_p309_c1_grm_std_uni,1,5.561981201171875,-4.18522834777832,1
Clemson-DND_p309_c1_grm_std_uni,1,5.717731952667236,-4.397390365600586,1
Clemson-DND_p309_c1_grm_std_uni,1,5.535965442657471,-4.230813026428223,1
Clemson-DND_p309_c1_grm_std_uni,1,4.9010748863220215,-3.8606629371643066,1
Clemson-DND_p309_c1_grm_std_uni,1,5.1589884757995605,-3.9192230701446533,1
Clemson-DND_p309_c1_grm_std_uni,1,5.081936359405518,-4.075868129730225,1
Clemson-DND_p309_c1_grm_std_uni,1,5.4347758293151855,-4.359853744506836,1
Clemson-DND_p309_c1_grm_std_uni,1,5.7967705726623535,-4.721589088439941,1
Clemson-DND_p309_c1_grm_std_uni,1,6.177189826965332,-4.758395195007324,1
Clemson-DND_p309_c1_grm_std_uni,1,6.393685340881348,-4.859392166137695,1
Clemson-DND_p309_c1_grm_std_uni,1,5.87135648727417,-4.29171895980835,1
Clemson-DND_p309_c1_grm_std_uni,1,5.5708160400390625,-4.036626815795898,1
Clemson-DND_p309_c1_grm_std_uni,1,5.352180480957031,-3.856525421142578,1
Clemson-DND_p309_c1_grm_std_uni,2,4.9535136222839355,-3.788930654525757,1
Clemson-DND_p309_c1_grm_std_uni,1,4.634724140167236,-3.4797794818878174,1
Clemson-DND_p309_c1_grm_std_uni,1,3.9143073558807373,-3.11144757270813,1
Clemson-DND_p309_c1_grm_std_uni,1,4.656493663787842,-4.049290657043457,1
Clemson-DND_p309_c1_grm_std_uni,1,5.551603317260742,-4.369566917419434,1
Clemson-DND_p309_c1_grm_std_uni,1,5.482485294342041,-4.277588844299316,1
Clemson-DND_p309_c1_grm_std_uni,1,6.152829170227051,-5.263946533203125,1
Clemson-DND_p309_c1_grm_std_uni,1,6.0365777015686035,-5.090754508972168,1
Clemson-DND_p309_c1_grm_std_uni,1,6.937685012817383,-5.693799018859863,1
Clemson-DND_p309_c1_grm_std_uni,1,7.314260005950928,-6.025686264038086,1
Clemson-DND_p309_c1_grm_std_uni,1,7.33599328994751,-6.09509801864624,1
Clemson-DND_p309_c1_grm_std_uni,1,7.315218448638916,-6.110124111175537,1
Clemson-DND_p309_c1_grm_std_uni,1,7.108673095703125,-6.237363815307617,1
Clemson-DND_p309_c1_grm_std_uni,1,7.407304763793945,-6.541747570037842,1
Clemson-DND_p309_c1_grm_std_uni,1,7.3137054443359375,-6.297735691070557,1
Clemson-DND_p309_c1_grm_std_uni,1,7.156375408172607,-6.300100803375244,1
Clemson-DND_p309_c1_grm_std_uni,1,7.214671611785889,-6.832614421844482,1
Clemson-DND_p309_c1_grm_std_uni,1,6.808377265930176,-6.37303352355957,1
Clemson-DND_p309_c1_grm_std_uni,1,5.19581937789917,-4.594377517700195,1
Clemson-DND_p309_c1_grm_std_uni,1,4.670663356781006,-4.493563175201416,1
Clemson-DND_p309_c1_grm_std_uni,1,4.582884311676025,-4.688601016998291,1
Clemson-DND_p309_c1_grm_std_uni,1,3.670435667037964,-4.019110679626465,1
Clemson-DND_p309_c1_grm_std_uni,1,3.4123547077178955,-3.658193349838257,1
Clemson-DND_p309_c1_grm_std_uni,1,3.821944236755371,-4.21165657043457,1
Clemson-DND_p309_c1_grm_std_uni,1,4.733830451965332,-4.654114246368408,1
Clemson-DND_p309_c1_grm_std_uni,1,5.156506538391113,-4.753671646118164,1
Clemson-DND_p309_c1_grm_std_uni,1,4.323029518127441,-4.083806037902832,1
Clemson-DND_p309_c1_grm_std_uni,1,4.355284690856934,-3.8966825008392334,1
Clemson-DND_p309_c1_grm_std_uni,1,4.638740539550781,-3.9279277324676514,1
Clemson-DND_p309_c1_grm_std_uni,1,4.554803848266602,-3.8002843856811523,1
Clemson-DND_p309_c1_grm_std_uni,1,4.634581089019775,-3.865265369415283,1
Clemson-DND_p309_c1_grm_std_uni,1,4.451694011688232,-3.782677412033081,1
Clemson-DND_p309_c1_grm_std_uni,1,4.6171956062316895,-3.9114792346954346,1
Clemson-DND_p309_c1_grm_std_uni,1,4.6607794761657715,-3.942568302154541,1
Clemson-DND_p309_c1_grm_std_uni,1,4.515319347381592,-3.883951425552368,1
Clemson-DND_p309_c1_grm_std_uni,1,4.527194023132324,-3.8073227405548096,1
Clemson-DND_p309_c1_grm_std_uni,1,3.8773019313812256,-3.0702662467956543,1
Clemson-DND_p309_c1_grm_std_uni,1,3.3011891841888428,-2.5765464305877686,1
Clemson-DND_p309_c1_grm_std_uni,1,3.728484630584717,-2.9866437911987305,1
Clemson-DND_p309_c1_grm_std_uni,1,4.587000370025635,-3.5595805644989014,1
Clemson-DND_p309_c1_grm_std_uni,1,5.590719223022461,-4.4679484367370605,1
Clemson-DND_p309_c1_grm_std_uni,1,5.789755821228027,-5.1362833976745605,1
Clemson-DND_p309_c1_grm_std_uni,1,5.354905128479004,-4.753454685211182,1
Clemson-DND_p309_c1_grm_std_uni,1,5.560826778411865,-5.19668436050415,1
Clemson-DND_p309_c1_grm_std_uni,1,5.110699653625488,-4.94680118560791,1
Clemson-DND_p309_c1_grm_std_uni,1,5.585112571716309,-5.10640811920166,1
Clemson-DND_p309_c1_grm_std_uni,1,6.162490367889404,-4.4782891273498535,1
Clemson-DND_p309_c1_grm_std_uni,1,5.977136611938477,-3.805182933807373,1
Clemson-DND_p309_c1_grm_std_uni,1,5.67070198059082,-3.735714912414551,1
Clemson-DND_p309_c1_grm_std_uni,1,5.5561089515686035,-3.990190267562866,1
Clemson-DND_p309_c1_grm_std_uni,1,6.0149335861206055,-4.641472339630127,1
Clemson-DND_p309_c1_grm_std_uni,1,6.566032886505127,-5.255356788635254,1
Clemson-DND_p309_c1_grm_std_uni,1,6.102891445159912,-5.031338214874268,1
Clemson-DND_p309_c1_grm_std_uni,1,4.636864185333252,-4.065977096557617,1
Clemson-DND_p309_c1_grm_std_uni,1,4.9532012939453125,-4.454444885253906,1
Clemson-DND_p309_c1_grm_std_uni,1,5.424323558807373,-4.903289318084717,1
Clemson-DND_p309_c1_grm_std_uni,1,5.5470871925354,-4.88159704208374,1
Clemson-DND_p309_c1_grm_std_uni,1,5.615141868591309,-4.598263740539551,1
Clemson-DND_p309_c1_grm_std_uni,1,5.297192573547363,-4.096808910369873,1
Clemson-DND_p309_c1_grm_std_uni,1,5.342259407043457,-3.9941020011901855,1
Clemson-DND_p309_c1_grm_std_uni,1,5.151443958282471,-3.902162790298462,1
Clemson-DND_p309_c1_grm_std_uni,1,4.80410099029541,-3.9383676052093506,1
Clemson-DND_p309_c1_grm_std_uni,1,4.604809761047363,-3.776019811630249,1
Clemson-DND_p309_c1_grm_std_uni,1,4.627627849578857,-4.108835220336914,1
Clemson-DND_p309_c1_grm_std_uni,1,4.989533424377441,-4.373449802398682,1
Clemson-DND_p309_c1_grm_std_uni,1,5.16529655456543,-4.25722074508667,1
Clemson-DND_p309_c1_grm_std_uni,1,5.322033405303955,-4.5012431144714355,1
Clemson-DND_p309_c1_grm_std_uni,1,5.353204727172852,-4.56924295425415,1
Clemson-DND_p309_c1_grm_std_uni,1,5.859233379364014,-4.8320841789245605,1
Clemson-DND_p309_c1_grm_std_uni,1,6.056028366088867,-4.822323799133301,1
Clemson-DND_p309_c1_grm_std_uni,1,5.569386005401611,-4.169474124908447,1
Clemson-DND_p309_c1_grm_std_uni,1,5.346475124359131,-4.005226135253906,1
Clemson-DND_p309_c1_grm_std_uni,1,4.852992534637451,-3.5564491748809814,1
Clemson-DND_p309_c1_grm_std_uni,1,4.487576007843018,-3.1147985458374023,1
Clemson-DND_p309_c1_grm_std_uni,1,4.468972682952881,-2.907926321029663,1
Clemson-DND_p309_c1_grm_std_uni,1,4.115706443786621,-2.7649333477020264,1
Clemson-DND_p309_c1_grm_std_uni,1,3.765260934829712,-2.7788376808166504,1
Clemson-DND_p309_c1_grm_std_uni,1,4.437763690948486,-3.5152359008789062,1
Clemson-DND_p309_c1_grm_std_uni,1,5.193260192871094,-4.0648722648620605,1
Clemson-DND_p309_c1_grm_std_uni,1,5.377614498138428,-3.956211566925049,1
Clemson-DND_p309_c1_grm_std_uni,1,5.791472911834717,-4.89138126373291,1
Clemson-DND_p309_c1_grm_std_uni,1,6.03247594833374,-5.052970886230469,1
Clemson-DND_p309_c1_grm_std_uni,1,6.761752128601074,-5.525712490081787,1
Clemson-DND_p309_c1_grm_std_uni,1,6.860724449157715,-5.548773765563965,1
Clemson-DND_p309_c1_grm_std_uni,1,6.96675968170166,-5.714470386505127,1
Clemson-DND_p309_c1_grm_std_uni,1,6.865640640258789,-5.4506354331970215,1
Clemson-DND_p309_c1_grm_std_uni,1,6.8630475997924805,-5.469923496246338,1
Clemson-DND_p309_c1_grm_std_uni,1,7.541108131408691,-6.145431995391846,1
Clemson-DND_p309_c1_grm_std_uni,1,8.008957862854004,-6.347036361694336,1
Clemson-DND_p309_c1_grm_std_uni,1,7.785379886627197,-6.333485126495361,1
Clemson-DND_p309_c1_grm_std_uni,1,7.999111652374268,-6.396252632141113,1
Clemson-DND_p309_c1_grm_std_uni,1,7.522915840148926,-5.8123626708984375,1
Clemson-DND_p309_c1_grm_std_uni,1,7.710634708404541,-5.902476787567139,1
Clemson-DND_p309_c1_grm_std_uni,1,8.301066398620605,-6.640194892883301,1
Clemson-DND_p309_c1_grm_std_uni,1,8.682613372802734,-7.246552467346191,1
Clemson-DND_p309_c1_grm_std_uni,1,8.299444198608398,-7.183037281036377,1
Clemson-DND_p309_c1_grm_std_uni,1,6.936481952667236,-5.733633518218994,1
Clemson-DND_p309_c1_grm_std_uni,1,6.086871147155762,-4.352349281311035,1
Clemson-DND_p309_c1_grm_std_uni,1,5.6552934646606445,-3.9670655727386475,1
Clemson-DND_p309_c1_grm_std_uni,1,6.601438522338867,-4.744142532348633,1
Clemson-DND_p309_c1_grm_std_uni,1,7.141146659851074,-5.515581130981445,1
Clemson-DND_p309_c1_grm_std_uni,1,7.256091594696045,-6.074411869049072,1
Clemson-DND_p309_c1_grm_std_uni,1,7.165185451507568,-6.084370136260986,1
Clemson-DND_p309_c1_grm_std_uni,1,6.412303447723389,-5.109931945800781,1
Clemson-DND_p309_c1_grm_std_uni,1,5.976420879364014,-4.034937381744385,1
Clemson-DND_p309_c1_grm_std_uni,1,5.411622047424316,-3.5410096645355225,1
Clemson-DND_p309_c1_grm_std_uni,1,5.206243515014648,-3.810138702392578,1
Clemson-DND_p309_c1_grm_std_uni,1,5.709678649902344,-4.515547752380371,1
Clemson-DND_p309_c1_grm_std_uni,1,5.673727035522461,-4.775924205780029,1
Clemson-DND_p309_c1_grm_std_uni,1,5.546987056732178,-5.3611226081848145,1
Clemson-DND_p309_c1_grm_std_uni,1,5.682664394378662,-5.181966781616211,1
Clemson-DND_p309_c1_grm_std_uni,1,5.4266815185546875,-4.00494909286499,1
Clemson-DND_p309_c1_grm_std_uni,1,4.846766948699951,-3.3612475395202637,1
Clemson-DND_p309_c1_grm_std_uni,1,5.006134510040283,-3.704265594482422,1
Clemson-DND_p309_c1_grm_std_uni,1,5.086060523986816,-4.0930376052856445,1
Clemson-DND_p309_c1_grm_std_uni,1,4.269638538360596,-3.5803935527801514,1
Clemson-DND_p309_c1_grm_std_uni,1,5.067761421203613,-4.266797065734863,1
Clemson-DND_p309_c1_grm_std_uni,1,5.15347146987915,-4.001215934753418,1
Clemson-DND_p309_c1_grm_std_uni,1,5.480554103851318,-4.668801307678223,1
Clemson-DND_p309_c1_grm_std_uni,1,5.84128475189209,-4.671802997589111,1
Clemson-DND_p309_c1_grm_std_uni,1,5.822487831115723,-4.304618835449219,1
Clemson-DND_p309_c1_grm_std_uni,1,5.996356010437012,-4.415825843811035,1
Clemson-DND_p309_c1_grm_std_uni,2,5.909634590148926,-4.433502197265625,1
Clemson-DND_p309_c1_grm_std_uni,1,5.820091724395752,-4.470358371734619,1
Clemson-DND_p309_c1_grm_std_uni,1,5.589937210083008,-4.293234348297119,1
Clemson-DND_p309_c1_grm_std_uni,1,5.294322490692139,-4.187290191650391,1
Clemson-DND_p309_c1_grm_std_uni,1,5.2964091300964355,-4.527627944946289,1
Clemson-DND_p309_c1_grm_std_uni,1,5.7849907875061035,-4.943872928619385,1
Clemson-DND_p309_c1_grm_std_uni,1,5.75468111038208,-4.778652667999268,1
Clemson-DND_p309_c1_grm_std_uni,1,5.673159122467041,-4.788859844207764,1
Clemson-DND_p309_c1_grm_std_uni,1,6.0989670753479,-5.206049919128418,1
Clemson-DND_p309_c1_grm_std_uni,1,6.482419490814209,-5.204163551330566,1
Clemson-DND_p309_c1_grm_std_uni,1,6.69111442565918,-5.352175712585449,1
Clemson-DND_p309_c1_grm_std_uni,1,7.02272367477417,-5.900660514831543,1
Clemson-DND_p309_c1_grm_std_uni,1,6.859456539154053,-6.3022894859313965,1
Clemson-DND_p309_c1_grm_std_uni,1,6.121621131896973,-5.653514385223389,1
Clemson-DND_p309_c1_grm_std_uni,1,5.1111578941345215,-4.880334854125977,1
Clemson-DND_p309_c1_grm_std_uni,1,5.5613274574279785,-5.003902912139893,1
Clemson-DND_p309_c1_grm_std_uni,1,5.1285576820373535,-4.563583850860596,1
Clemson-DND_p309_c1_grm_std_uni,1,4.113303184509277,-3.5277624130249023,1
Clemson-DND_p309_c1_grm_std_uni,1,4.702522277832031,-3.57075572013855,1
Clemson-DND_p309_c1_grm_std_uni,1,5.996119499206543,-4.596765995025635,1
Clemson-DND_p309_c1_grm_std_uni,1,6.21888542175293,-4.795240879058838,1
Clemson-DND_p309_c1_grm_std_uni,1,6.209676742553711,-4.9530558586120605,1
Clemson-DND_p309_c1_grm_std_uni,1,7.02200174331665,-5.927993297576904,1
Clemson-DND_p309_c1_grm_std_uni,1,7.387027263641357,-6.3354926109313965,1
Clemson-DND_p309_c1_grm_std_uni,1,6.583022594451904,-5.576353549957275,1
Clemson-DND_p309_c1_grm_std_uni,1,5.841267108917236,-4.97401762008667,1
Clemson-DND_p309_c1_grm_std_uni,1,5.799506664276123,-5.000016212463379,1
Clemson-DND_p309_c1_grm_std_uni,1,6.018940448760986,-5.229438304901123,1
Clemson-DND_p309_c1_grm_std_uni,1,6.121584892272949,-4.553685665130615,1
Clemson-DND_p309_c1_grm_std_uni,1,5.892293930053711,-4.353348255157471,1
Clemson-DND_p309_c1_grm_std_uni,1,5.822865962982178,-4.134448528289795,1
Clemson-DND_p309_c1_grm_std_uni,1,6.0157928466796875,-4.484430313110352,1
Clemson-DND_p309_c1_grm_std_uni,1,6.042712211608887,-4.528306007385254,1
Clemson-DND_p309_c1_grm_std_uni,1,5.67160177230835,-4.352563858032227,1
Clemson-DND_p309_c1_grm_std_uni,1,5.7689032554626465,-4.5899457931518555,1
Clemson-DND_p309_c1_grm_std_uni,1,6.21109676361084,-5.17445707321167,1
Clemson-DND_p309_c1_grm_std_uni,1,6.681589126586914,-5.648675441741943,1
Clemson-DND_p309_c1_grm_std_uni,1,6.75255012512207,-5.691359519958496,1
Clemson-DND_p309_c1_grm_std_uni,1,6.982962608337402,-6.134903430938721,1
Clemson-DND_p309_c1_grm_std_uni,1,7.325021266937256,-6.235044956207275,1
Clemson-DND_p309_c1_grm_std_uni,1,7.382072448730469,-6.007059574127197,1
Clemson-DND_p309_c1_grm_std_uni,1,7.3793721199035645,-5.64555025100708,1
Clemson-DND_p309_c1_grm_std_uni,1,6.753029823303223,-5.185871601104736,1
Clemson-DND_p309_c1_grm_std_uni,1,5.854089260101318,-4.604567050933838,1
Clemson-DND_p309_c1_grm_std_uni,1,5.4470624923706055,-4.210967063903809,1
Clemson-DND_p309_c1_grm_std_uni,1,5.034369468688965,-3.909135103225708,1
Clemson-DND_p309_c1_grm_std_uni,1,4.905008316040039,-3.6950268745422363,1
Clemson-DND_p309_c1_grm_std_uni,1,5.012999057769775,-3.610687017440796,1
Clemson-DND_p309_c1_grm_std_uni,1,5.526233196258545,-4.219363689422607,1
Clemson-DND_p309_c1_grm_std_uni,1,5.831968784332275,-4.700137615203857,1
Clemson-DND_p309_c1_grm_std_uni,1,6.01616096496582,-4.698451042175293,1
Clemson-DND_p309_c1_grm_std_uni,1,5.664651393890381,-4.0335469245910645,1
Clemson-DND_p309_c1_grm_std_uni,1,5.646164894104004,-4.027979373931885,1
Clemson-DND_p309_c1_grm_std_uni,1,5.495072841644287,-4.1542067527771,1
Clemson-DND_p309_c1_grm_std_uni,1,5.604341506958008,-4.283029079437256,1
Clemson-DND_p309_c1_grm_std_uni,1,5.856408596038818,-4.759191989898682,1
Clemson-DND_p309_c1_grm_std_uni,1,5.886887073516846,-4.803099155426025,1
Clemson-DND_p309_c1_grm_std_uni,1,5.865981578826904,-4.901986598968506,1
Clemson-DND_p309_c1_grm_std_uni,1,5.675400733947754,-5.0186662673950195,1
Clemson-DND_p309_c1_grm_std_uni,1,5.849775314331055,-5.192249774932861,1
Clemson-DND_p309_c1_grm_std_uni,1,5.8997802734375,-5.270536422729492,1
Clemson-DND_p309_c1_grm_std_uni,1,5.87506628036499,-5.027314186096191,1
Clemson-DND_p309_c1_grm_std_uni,1,5.827573776245117,-4.599995136260986,1
Clemson-DND_p309_c1_grm_std_uni,1,5.5430073738098145,-4.1752214431762695,1
Clemson-DND_p309_c1_grm_std_uni,1,5.238098621368408,-4.03570032119751,1
Clemson-DND_p309_c1_grm_std_uni,1,5.082756996154785,-4.117091178894043,1
Clemson-DND_p309_c1_grm_std_uni,1,5.40943717956543,-4.510678768157959,1
Clemson-DND_p309_c1_grm_std_uni,1,5.5706400871276855,-4.741050720214844,1
Clemson-DND_p309_c1_grm_std_uni,1,5.625128269195557,-4.873493671417236,1
Clemson-DND_p309_c1_grm_std_uni,1,5.685831546783447,-4.808621883392334,1
Clemson-DND_p309_c1_grm_std_uni,1,5.739039897918701,-4.4620537757873535,1
Clemson-DND_p309_c1_grm_std_uni,1,5.877115249633789,-4.49725866317749,1
Clemson-DND_p309_c1_grm_std_uni,1,5.5735392570495605,-3.8989815711975098,1
Clemson-DND_p309_c1_grm_std_uni,1,5.332064628601074,-3.53800892829895,1
Clemson-DND_p309_c1_grm_std_uni,1,4.981858253479004,-3.5332248210906982,1
Clemson-DND_p309_c1_grm_std_uni,1,4.821349620819092,-3.4813461303710938,1
Clemson-DND_p309_c1_grm_std_uni,1,4.700144290924072,-3.4774861335754395,1
Clemson-DND_p309_c1_grm_std_uni,1,4.667363166809082,-3.4727070331573486,1
Clemson-DND_p309_c1_grm_std_uni,1,4.698945999145508,-3.5528078079223633,1
Clemson-DND_p309_c1_grm_std_uni,1,4.74521017074585,-3.736022710800171,1
Clemson-DND_p309_c1_grm_std_uni,1,4.779843807220459,-3.6506998538970947,1
Clemson-DND_p309_c1_grm_std_uni,1,4.390684127807617,-3.2831599712371826,1
Clemson-DND_p309_c1_grm_std_uni,1,4.873392105102539,-3.7790746688842773,1
Clemson-DND_p309_c1_grm_std_uni,1,5.2484846115112305,-4.4197564125061035,1
Clemson-DND_p309_c1_grm_std_uni,1,5.307785511016846,-4.461844444274902,1
Clemson-DND_p309_c1_grm_std_uni,1,5.4311347007751465,-4.439244747161865,1
Clemson-DND_p309_c1_grm_std_uni,1,5.325131416320801,-4.576046466827393,1
Clemson-DND_p309_c1_grm_std_uni,1,5.20565128326416,-4.142293930053711,1
Clemson-DND_p309_c1_grm_std_uni,1,5.7308197021484375,-4.593489170074463,1
Clemson-DND_p309_c1_grm_std_uni,1,5.490110874176025,-4.480568885803223,1
Clemson-DND_p309_c1_grm_std_uni,1,5.359507083892822,-4.0760321617126465,1
Clemson-DND_p309_c1_grm_std_uni,1,5.3332343101501465,-4.365921974182129,1
Clemson-DND_p309_c1_grm_std_uni,1,5.586174964904785,-4.661962032318115,1
Clemson-DND_p309_c1_grm_std_uni,1,5.761206150054932,-4.550669193267822,1
Clemson-DND_p309_c1_grm_std_uni,1,5.8728461265563965,-4.381188869476318,1
Clemson-DND_p309_c1_grm_std_uni,1,5.877835273742676,-4.3224568367004395,1
Clemson-DND_p309_c1_grm_std_uni,1,5.963296413421631,-4.366584777832031,1
Clemson-DND_p309_c1_grm_std_uni,1,6.043036937713623,-4.45948600769043,1
Clemson-DND_p309_c1_grm_std_uni,1,6.139284133911133,-4.402434825897217,1
Clemson-DND_p309_c1_grm_std_uni,1,6.060335159301758,-4.533387184143066,1
Clemson-DND_p309_c1_grm_std_uni,1,5.741161823272705,-4.121914863586426,1
Clemson-DND_p309_c1_grm_std_uni,1,5.62281608581543,-3.5725560188293457,1
Clemson-DND_p309_c1_grm_std_uni,1,5.450806140899658,-3.520282506942749,1
Clemson-DND_p309_c1_grm_std_uni,1,5.097740650177002,-3.574382781982422,1
Clemson-DND_p309_c1_grm_std_uni,1,4.926994800567627,-3.509406089782715,1
Clemson-DND_p309_c1_grm_std_uni,1,4.707119941711426,-3.2286972999572754,1
Clemson-DND_p309_c1_grm_std_uni,1,4.417484760284424,-2.8845667839050293,1
Clemson-DND_p309_c1_grm_std_uni,1,4.59499979019165,-3.1746318340301514,1
Clemson-DND_p309_c1_grm_std_uni,1,5.045598030090332,-3.733233690261841,1
Clemson-DND_p309_c1_grm_std_uni,1,5.241509914398193,-3.885312557220459,1
Clemson-DND_p309_c1_grm_std_uni,1,5.0765700340271,-3.7516489028930664,1
Clemson-DND_p309_c1_grm_std_uni,1,5.4657063484191895,-4.258910179138184,1
Clemson-DND_p309_c1_grm_std_uni,1,5.606626510620117,-4.432822227478027,1
Clemson-DND_p309_c1_grm_std_uni,1,5.261952877044678,-4.123910427093506,1
Clemson-DND_p309_c1_grm_std_uni,1,5.085362434387207,-3.590322732925415,1
Clemson-DND_p309_c1_grm_std_uni,1,4.854028224945068,-3.8596408367156982,1
Clemson-DND_p309_c1_grm_std_uni,1,4.684426307678223,-3.7202138900756836,1
Clemson-DND_p309_c1_grm_std_uni,1,4.856997966766357,-3.6172454357147217,1
Clemson-DND_p309_c1_grm_std_uni,1,4.7577128410339355,-3.6702046394348145,1
Clemson-DND_p309_c1_grm_std_uni,1,5.192442893981934,-4.2534613609313965,1
Clemson-DND_p309_c1_grm_std_uni,1,5.901063919067383,-4.617796421051025,1
Clemson-DND_p309_c1_grm_std_uni,1,5.6721272468566895,-4.4273762702941895,1
Clemson-DND_p309_c1_grm_std_uni,1,4.872955799102783,-3.6041557788848877,1
Clemson-DND_p309_c1_grm_std_uni,1,4.663661479949951,-3.6350903511047363,1
Clemson-DND_p309_c1_grm_std_uni,1,4.765042781829834,-3.6879971027374268,1
Clemson-DND_p309_c1_grm_std_uni,1,4.902914524078369,-3.998181104660034,1
Clemson-DND_p309_c1_grm_std_uni,1,5.252561569213867,-4.251619815826416,1
Clemson-DND_p309_c1_grm_std_uni,2,4.690626621246338,-3.642080783843994,1
Clemson-DND_p309_c1_grm_std_uni,1,4.500500202178955,-3.283759593963623,1
Clemson-DND_p309_c1_grm_std_uni,1,4.800928115844727,-3.8114001750946045,1
Clemson-DND_p309_c1_grm_std_uni,1,5.573958873748779,-4.53574800491333,1
Clemson-DND_p309_c1_grm_std_uni,1,5.57847785949707,-4.569797992706299,1
Clemson-DND_p309_c1_grm_std_uni,1,5.561648845672607,-4.5084686279296875,1
Clemson-DND_p309_c1_grm_std_uni,1,5.22548770904541,-4.205989360809326,1
Clemson-DND_p309_c1_grm_std_uni,1,5.258861064910889,-4.248608112335205,1
Clemson-DND_p309_c1_grm_std_uni,1,5.921398639678955,-4.545318126678467,1
Clemson-DND_p309_c1_grm_std_uni,1,6.316147804260254,-5.0735931396484375,1
Clemson-DND_p309_c1_grm_std_uni,1,6.501043796539307,-5.226934909820557,1
Clemson-DND_p309_c1_grm_std_uni,1,6.713973045349121,-5.33018684387207,1
Clemson-DND_p309_c1_grm_std_uni,1,6.2343974113464355,-5.415794849395752,1
Clemson-DND_p309_c1_grm_std_uni,1,6.516204833984375,-5.595683574676514,1
Clemson-DND_p309_c1_grm_std_uni,1,6.480515956878662,-5.558986186981201,1
Clemson-DND_p309_c1_grm_std_uni,1,5.878915786743164,-5.137026786804199,1
Clemson-DND_p309_c1_grm_std_uni,1,5.129188060760498,-4.382143020629883,1
Clemson-DND_p309_c1_grm_std_uni,1,5.7583327293396,-4.372652530670166,1
Clemson-DND_p309_c1_grm_std_uni,1,5.905026912689209,-4.670677185058594,1
Clemson-DND_p309_c1_grm_std_uni,1,6.05478048324585,-4.9349541664123535,1
Clemson-DND_p309_c1_grm_std_uni,1,5.615633487701416,-4.727128505706787,1
Clemson-DND_p309_c1_grm_std_uni,1,6.112509250640869,-5.530576229095459,1
Clemson-DND_p309_c1_grm_std_uni,1,7.061213970184326,-6.303465366363525,1
Clemson-DND_p309_c1_grm_std_uni,1,6.307119846343994,-5.626586437225342,1
Clemson-DND_p309_c1_grm_std_uni,1,6.701629638671875,-6.138722896575928,1
Clemson-DND_p309_c1_grm_std_uni,1,7.287518501281738,-6.863565444946289,1
Clemson-DND_p309_c1_grm_std_uni,1,6.614128589630127,-6.263957500457764,1
Clemson-DND_p309_c1_grm_std_uni,1,6.314466953277588,-5.851408958435059,1
Clemson-DND_p309_c1_grm_std_uni,1,5.694904804229736,-5.332214832305908,1
Clemson-DND_p309_c1_grm_std_uni,1,6.489839553833008,-5.9845452308654785,1
Clemson-DND_p309_c1_grm_std_uni,1,5.24287223815918,-4.831180095672607,1
Clemson-DND_p309_c1_grm_std_uni,1,5.1249470710754395,-4.716817855834961,1
Clemson-DND_p309_c1_grm_std_uni,1,5.910087585449219,-5.292860507965088,1
Clemson-DND_p309_c1_grm_std_uni,1,5.434412479400635,-4.999330520629883,1
Clemson-DND_p309_c1_grm_std_uni,1,4.180633544921875,-3.6495697498321533,1
Clemson-DND_p309_c1_grm_std_uni,1,3.4875874519348145,-2.9800333976745605,1
Clemson-DND_p309_c1_grm_std_uni,1,5.734415054321289,-4.3921799659729,1
Clemson-DND_p309_c1_grm_std_uni,1,7.123922348022461,-6.005720615386963,1
Clemson-DND_p309_c1_grm_std_uni,1,7.5341477394104,-6.4682087898254395,1
Clemson-DND_p309_c1_grm_std_uni,1,6.9865546226501465,-6.164680004119873,1
Clemson-DND_p309_c1_grm_std_uni,1,7.109728813171387,-6.184544563293457,1
Clemson-DND_p309_c1_grm_std_uni,1,5.990821838378906,-5.271608829498291,1
Clemson-DND_p309_c1_grm_std_uni,1,5.611055850982666,-5.199429988861084,1
Clemson-DND_p309_c1_grm_std_uni,1,6.539650917053223,-5.217249393463135,1
Clemson-DND_p309_c1_grm_std_uni,1,6.24807071685791,-4.156546115875244,1
Clemson-DND_p309_c1_grm_std_uni,1,6.332298755645752,-4.253428936004639,1
Clemson-DND_p309_c1_grm_std_uni,1,6.247570514678955,-4.356523036956787,1
Clemson-DND_p309_c1_grm_std_uni,1,6.649987697601318,-5.030370712280273,1
Clemson-DND_p309_c1_grm_std_uni,1,6.849029064178467,-5.485774040222168,1
Clemson-DND_p309_c1_grm_std_uni,1,6.940632343292236,-5.596720218658447,1
Clemson-DND_p309_c1_grm_std_uni,1,5.42628812789917,-4.452837944030762,1
Clemson-DND_p309_c1_grm_std_uni,1,4.407131671905518,-3.4744646549224854,1
Clemson-DND_p309_c1_grm_std_uni,1,5.105090618133545,-4.162744998931885,1
Clemson-DND_p309_c1_grm_std_uni,1,5.725155830383301,-5.004635334014893,1
Clemson-DND_p309_c1_grm_std_uni,1,5.931085586547852,-5.260771751403809,1
Clemson-DND_p309_c1_grm_std_uni,1,5.93652868270874,-5.409921646118164,1
Clemson-DND_p309_c1_grm_std_uni,1,5.5313801765441895,-4.844566822052002,1
Clemson-DND_p309_c1_grm_std_uni,1,5.0248613357543945,-3.3856523036956787,1
Clemson-DND_p309_c1_grm_std_uni,1,5.027658939361572,-3.3293938636779785,1
Clemson-DND_p309_c1_grm_std_uni,1,5.155698299407959,-3.793900728225708,1
Clemson-DND_p309_c1_grm_std_uni,1,5.106654167175293,-3.8091328144073486,1
Clemson-DND_p309_c1_grm_std_uni,1,5.240133762359619,-4.186613082885742,1
Clemson-DND_p309_c1_grm_std_uni,1,5.174858093261719,-4.516341209411621,1
Clemson-DND_p309_c1_grm_std_uni,1,5.036651134490967,-3.957958459854126,1
Clemson-DND_p309_c1_grm_std_uni,1,5.115706443786621,-4.090604782104492,1
Clemson-DND_p309_c1_grm_std_uni,1,5.333887577056885,-4.584610939025879,1
Clemson-DND_p309_c1_grm_std_uni,1,5.645518779754639,-4.949113368988037,1
Clemson-DND_p309_c1_grm_std_uni,1,5.743415355682373,-4.616884231567383,1
Clemson-DND_p309_c1_grm_std_uni,1,7.0223307609558105,-5.921715259552002,1
Clemson-DND_p309_c1_grm_std_uni,1,7.2222466468811035,-6.053866386413574,1
Clemson-DND_p309_c1_grm_std_uni,1,7.205060005187988,-5.971879482269287,1
Clemson-DND_p309_c1_grm_std_uni,1,7.317094326019287,-6.510546684265137,1
Clemson-DND_p309_c1_grm_std_uni,1,6.173028945922852,-5.002002239227295,1
Clemson-DND_p309_c1_grm_std_uni,1,5.777614116668701,-4.799521446228027,1
Clemson-DND_p309_c1_grm_std_uni,1,5.599975109100342,-4.884225368499756,1
Clemson-DND_p309_c1_grm_std_uni,1,5.528753280639648,-4.97240686416626,1
Clemson-DND_p309_c1_grm_std_uni,1,6.474248886108398,-6.041988849639893,1
Clemson-DND_p309_c1_grm_std_uni,1,7.208192348480225,-7.258984565734863,1
Clemson-DND_p309_c1_grm_std_uni,1,7.322760581970215,-7.676285743713379,1
Clemson-DND_p309_c1_grm_std_uni,1,7.232509136199951,-6.707355976104736,1
Clemson-DND_p309_c1_grm_std_uni,1,6.272464275360107,-5.503934860229492,1
Clemson-DND_p309_c1_grm_std_uni,1,5.309420108795166,-3.7629098892211914,1
Clemson-DND_p309_c1_grm_std_uni,1,5.216454982757568,-3.581542491912842,1
Clemson-DND_p309_c1_grm_std_uni,1,5.4382171630859375,-3.7355353832244873,1
Clemson-DND_p309_c1_grm_std_uni,1,4.697545528411865,-3.1916046142578125,1
Clemson-DND_p309_c1_grm_std_uni,1,4.424866676330566,-3.258800983428955,1
Clemson-DND_p309_c1_grm_std_uni,1,4.429366588592529,-3.816608428955078,1
Clemson-DND_p309_c1_grm_std_uni,1,4.53330659866333,-3.9956657886505127,1
Clemson-DND_p309_c1_grm_std_uni,1,4.717598915100098,-4.287168979644775,1
Clemson-DND_p309_c1_grm_std_uni,1,4.911240577697754,-4.246575832366943,1
Clemson-DND_p309_c1_grm_std_uni,1,4.71636962890625,-3.844250440597534,1
Clemson-DND_p309_c1_grm_std_uni,1,4.611333847045898,-3.561678409576416,1
Clemson-DND_p309_c1_grm_std_uni,1,4.9644904136657715,-4.097203254699707,1
Clemson-DND_p309_c1_grm_std_uni,1,5.505526065826416,-4.66456413269043,1
Clemson-DND_p309_c1_grm_std_uni,1,5.53587532043457,-4.652941703796387,1
Clemson-DND_p309_c1_grm_std_uni,1,5.859645366668701,-4.7430195808410645,1
Clemson-DND_p309_c1_grm_std_uni,1,5.893136024475098,-5.000518798828125,1
Clemson-DND_p309_c1_grm_std_uni,1,6.141136646270752,-4.749020576477051,1
Clemson-DND_p309_c1_grm_std_uni,1,6.460402965545654,-5.024834632873535,1
Clemson-DND_p309_c1_grm_std_uni,1,6.720019817352295,-5.305260181427002,1
Clemson-DND_p309_c1_grm_std_uni,1,7.1143412590026855,-5.703585624694824,1
Clemson-DND_p309_c1_grm_std_uni,1,7.064682960510254,-5.478730201721191,1
Clemson-DND_p309_c1_grm_std_uni,1,7.127939701080322,-5.614028453826904,1
Clemson-DND_p309_c1_grm_std_uni,1,6.7119927406311035,-5.1305437088012695,1
Clemson-DND_p309_c1_grm_std_uni,1,6.643938064575195,-5.261767387390137,1
Clemson-DND_p309_c1_grm_std_uni,1,6.881682872772217,-5.8812947273254395,1
Clemson-DND_p309_c1_grm_std_uni,1,7.091855525970459,-6.343292713165283,1
Clemson-DND_p309_c1_grm_std_uni,1,6.907721519470215,-6.490897178649902,1
Clemson-DND_p309_c1_grm_std_uni,1,6.078376293182373,-6.440979957580566,1
Clemson-DND_p309_c1_grm_std_uni,1,5.741713047027588,-6.06578254699707,1
Clemson-DND_p309_c1_grm_std_uni,1,5.853723526000977,-6.0415520668029785,1
Clemson-DND_p309_c1_grm_std_uni,1,5.42299747467041,-5.49819278717041,1
Clemson-DND_p309_c1_grm_std_uni,1,3.7095091342926025,-4.346391201019287,1
Clemson-DND_p309_c1_grm_std_uni,1,3.755735158920288,-4.633760452270508,1
Clemson-DND_p309_c1_grm_std_uni,1,4.0090651512146,-4.961624622344971,1
Clemson-DND_p309_c1_grm_std_uni,1,4.535740852355957,-5.454815864562988,1
Clemson-DND_p309_c1_grm_std_uni,1,4.7315239906311035,-5.666135787963867,1
Clemson-DND_p309_c1_grm_std_uni,1,5.136999607086182,-5.894136428833008,1
Clemson-DND_p309_c1_grm_std_uni,1,4.795136451721191,-5.482980251312256,1
Clemson-DND_p309_c1_grm_std_uni,1,4.634451866149902,-5.422510623931885,1
Clemson-DND_p309_c1_grm_std_uni,1,5.192562580108643,-5.891566276550293,1
Clemson-DND_p309_c1_grm_std_uni,1,5.323285102844238,-5.784353733062744,1
Clemson-DND_p309_c1_grm_std_uni,1,5.51682186126709,-5.658482551574707,1
Clemson-DND_p309_c1_grm_std_uni,1,4.948324680328369,-5.074178218841553,1
Clemson-DND_p309_c1_grm_std_uni,1,6.0926618576049805,-6.000523090362549,1
Clemson-DND_p309_c1_grm_std_uni,1,6.41915225982666,-6.19256591796875,1
Clemson-DND_p309_c1_grm_std_uni,1,6.503503799438477,-6.04343318939209,1
Clemson-DND_p309_c1_grm_std_uni,1,5.9967875480651855,-5.50684118270874,1
Clemson-DND_p309_c1_grm_std_uni,1,5.854539394378662,-5.4444122314453125,1
Clemson-DND_p309_c1_grm_std_uni,1,5.872191905975342,-5.346791744232178,1
Clemson-DND_p309_c1_grm_std_uni,1,4.414960861206055,-3.8242056369781494,1
Clemson-DND_p309_c1_grm_std_uni,1,4.4496612548828125,-3.904054880142212,1
Clemson-DND_p309_c1_grm_std_uni,1,4.818993091583252,-4.068633079528809,1
Clemson-DND_p309_c1_grm_std_uni,1,4.049108028411865,-2.9927825927734375,1
Clemson-DND_p309_c1_grm_std_uni,1,4.809873580932617,-3.623675584793091,1
Clemson-DND_p309_c1_grm_std_uni,1,6.330825328826904,-5.21614933013916,1
Clemson-DND_p309_c1_grm_std_uni,1,6.685327529907227,-6.414309978485107,1
Clemson-DND_p309_c1_grm_std_uni,1,6.463044166564941,-6.178082466125488,1
Clemson-DND_p309_c1_grm_std_uni,1,6.208702087402344,-6.408520698547363,1
Clemson-DND_p309_c1_grm_std_uni,1,6.308012962341309,-6.4179158210754395,1
Clemson-DND_p309_c1_grm_std_uni,1,5.939578533172607,-5.291957378387451,1
Clemson-DND_p309_c1_grm_std_uni,1,5.04233455657959,-3.8259072303771973,1
Clemson-DND_p309_c1_grm_std_uni,1,4.725932598114014,-2.697399854660034,1
Clemson-DND_p309_c1_grm_std_uni,1,3.2381885051727295,-2.0063223838806152,1
Clemson-DND_p309_c1_grm_std_uni,1,2.3708865642547607,-1.611115574836731,1
Clemson-DND_p309_c1_grm_std_uni,1,3.1246941089630127,-2.7599751949310303,1
Clemson-DND_p309_c1_grm_std_uni,1,3.5270156860351562,-3.3594486713409424,1
Clemson-DND_p309_c1_grm_std_uni,1,4.6485276222229,-4.079582214355469,1
Clemson-DND_p309_c1_grm_std_uni,1,5.03472900390625,-4.491755962371826,1
Clemson-DND_p309_c1_grm_std_uni,1,5.2852654457092285,-4.729111671447754,1
Clemson-DND_p309_c1_grm_std_uni,1,5.710785388946533,-4.9117431640625,1
Clemson-DND_p309_c1_grm_std_uni,1,6.176183700561523,-5.128484725952148,1
Clemson-DND_p309_c1_grm_std_uni,1,6.679984092712402,-5.262108325958252,1
Clemson-DND_p309_c1_grm_std_uni,1,7.15744161605835,-5.406082630157471,1
Clemson-DND_p309_c1_grm_std_uni,1,7.096553325653076,-5.300121784210205,1
Clemson-DND_p309_c1_grm_std_uni,1,6.952051162719727,-4.929717540740967,1
Clemson-DND_p309_c1_grm_std_uni,1,6.625884056091309,-4.722390174865723,1
Clemson-DND_p309_c1_grm_std_uni,1,5.916340351104736,-3.971447229385376,1
Clemson-DND_p309_c1_grm_std_uni,1,5.751903057098389,-3.9319775104522705,1
Clemson-DND_p309_c1_grm_std_uni,1,5.469054222106934,-3.758666515350342,1
Clemson-DND_p309_c1_grm_std_uni,1,5.217671871185303,-3.838789701461792,1
Clemson-DND_p309_c1_grm_std_uni,1,5.1901445388793945,-3.96854829788208,1
Clemson-DND_p309_c1_grm_std_uni,1,5.601524353027344,-4.3428168296813965,1
Clemson-DND_p309_c1_grm_std_uni,1,5.8894124031066895,-4.475133419036865,1
Clemson-DND_p309_c1_grm_std_uni,1,6.19603157043457,-4.619442462921143,1
Clemson-DND_p309_c1_grm_std_uni,1,6.005537509918213,-4.33082389831543,1
Clemson-DND_p309_c1_grm_std_uni,1,5.688520908355713,-4.134947776794434,1
Clemson-DND_p309_c1_grm_std_uni,1,5.4094953536987305,-3.9401936531066895,1
Clemson-DND_p309_c1_grm_std_uni,1,4.9113593101501465,-3.7132019996643066,1
Clemson-DND_p309_c1_grm_std_uni,1,4.749818801879883,-3.5777060985565186,1
Clemson-DND_p309_c1_grm_std_uni,1,4.849245548248291,-3.7652316093444824,1
Clemson-DND_p309_c1_grm_std_uni,1,5.068509578704834,-3.881976842880249,1
Clemson-DND_p309_c1_grm_std_uni,1,5.2191572189331055,-3.656733989715576,1
Clemson-DND_p309_c1_grm_std_uni,1,4.744112014770508,-3.062533378601074,1
Clemson-DND_p309_c1_grm_std_uni,1,4.667269706726074,-3.016747236251831,1
Clemson-DND_p309_c1_grm_std_uni,1,4.560572147369385,-3.591799020767212,1
Clemson-DND_p309_c1_grm_std_uni,1,4.456086158752441,-3.764815330505371,1
Clemson-DND_p309_c1_grm_std_uni,1,4.349140644073486,-3.460763692855835,1
Clemson-DND_p309_c1_grm_std_uni,1,4.780844211578369,-3.5625245571136475,1
Clemson-DND_p309_c1_grm_std_uni,1,5.876675128936768,-5.255265712738037,1
Clemson-DND_p309_c1_grm_std_uni,1,5.0353617668151855,-4.817723751068115,1
Clemson-DND_p309_c1_grm_std_uni,1,5.2041850090026855,-5.246014595031738,1
Clemson-DND_p309_c1_grm_std_uni,1,5.051577568054199,-4.840124607086182,1
Clemson-DND_p309_c1_grm_std_uni,1,4.962425231933594,-3.5752575397491455,1
Clemson-DND_p309_c1_grm_std_uni,1,5.026983261108398,-3.881141185760498,1
Clemson-DND_p309_c1_grm_std_uni,1,3.583866596221924,-3.0016629695892334,1
Clemson-DND_p309_c1_grm_std_uni,1,3.08607816696167,-2.60841703414917,1
Clemson-DND_p309_c1_grm_std_uni,1,4.268033027648926,-2.414745569229126,1
Clemson-DND_p309_c1_grm_std_uni,1,5.140808582305908,-3.786623477935791,1
Clemson-DND_p309_c1_grm_std_uni,1,5.504561901092529,-4.604125022888184,1
Clemson-DND_p309_c1_grm_std_uni,1,5.715102195739746,-4.905057430267334,1
Clemson-DND_p309_c1_grm_std_uni,1,5.710249900817871,-4.557320594787598,1
Clemson-DND_p309_c1_grm_std_uni,1,6.1385698318481445,-4.857846736907959,1
Clemson-DND_p309_c1_grm_std_uni,1,6.317317008972168,-4.9699788093566895,1
Clemson-DND_p309_c1_grm_std_uni,1,5.932938098907471,-4.73998498916626,1
Clemson-DND_p309_c1_grm_std_uni,1,5.682801723480225,-4.767773151397705,1
Clemson-DND_p309_c1_grm_std_uni,1,5.8990159034729,-4.5468316078186035,1
Clemson-DND_p309_c1_grm_std_uni,1,6.5201945304870605,-5.007626056671143,1
Clemson-DND_p309_c1_grm_std_uni,1,6.739684104919434,-5.543797492980957,1
Clemson-DND_p309_c1_grm_std_uni,1,6.996124744415283,-5.694103717803955,1
Clemson-DND_p309_c1_grm_std_uni,1,7.304444789886475,-6.624563694000244,1
Clemson-DND_p309_c1_grm_std_uni,1,7.336522102355957,-6.779781818389893,1
Clemson-DND_p309_c1_grm_std_uni,1,7.430188179016113,-7.092339992523193,1
Clemson-DND_p309_c1_grm_std_uni,1,7.326132297515869,-6.496016025543213,1
Clemson-DND_p309_c1_grm_std_uni,1,7.34289026260376,-6.747076034545898,1
Clemson-DND_p309_c1_grm_std_uni,1,6.587962627410889,-5.889320373535156,1
Clemson-DND_p309_c1_grm_std_uni,1,6.024726867675781,-4.96792459487915,1
Clemson-DND_p309_c1_grm_std_uni,1,6.007009029388428,-4.961971759796143,1
Clemson-DND_p309_c1_grm_std_uni,1,6.760186672210693,-5.707784175872803,1
Clemson-DND_p309_c1_grm_std_uni,1,7.398512363433838,-6.595013618469238,1
Clemson-DND_p309_c1_grm_std_uni,1,7.2114644050598145,-6.368771553039551,1
Clemson-DND_p309_c1_grm_std_uni,1,6.960324287414551,-6.265786647796631,1
Clemson-DND_p309_c1_grm_std_uni,1,7.473350524902344,-6.832968711853027,1
Clemson-DND_p309_c1_grm_std_uni,1,7.87886381149292,-7.281727313995361,1
Clemson-DND_p309_c1_grm_std_uni,1,8.07974910736084,-7.233609199523926,1
Clemson-DND_p309_c1_grm_std_uni,1,6.6781768798828125,-4.930910587310791,1
Clemson-DND_p309_c1_grm_std_uni,1,6.792233943939209,-5.006536960601807,1
Clemson-DND_p309_c1_grm_std_uni,1,5.9936652183532715,-4.1286821365356445,1
Clemson-DND_p309_c1_grm_std_uni,1,5.682260513305664,-4.505131244659424,1
Clemson-DND_p309_c1_grm_std_uni,1,5.718865394592285,-4.181015491485596,1
Clemson-DND_p309_c1_grm_std_uni,1,5.945398330688477,-4.431140422821045,1
Clemson-DND_p309_c1_grm_std_uni,1,6.239899158477783,-4.679290294647217,1
Clemson-DND_p309_c1_grm_std_uni,1,6.484026908874512,-4.664096355438232,1
Clemson-DND_p309_c1_grm_std_uni,1,6.4105706214904785,-4.7183709144592285,1
Clemson-DND_p309_c1_grm_std_uni,1,6.43705415725708,-4.767410755157471,1
Clemson-DND_p309_c1_grm_std_uni,1,6.420736312866211,-4.921481132507324,1
Clemson-DND_p309_c1_grm_std_uni,1,6.54766321182251,-5.087673664093018,1
Clemson-DND_p309_c1_grm_std_uni,1,6.775826930999756,-5.239067554473877,1
Clemson-DND_p309_c1_grm_std_uni,1,6.344236850738525,-4.928061485290527,1
Clemson-DND_p309_c1_grm_std_uni,1,6.314995288848877,-4.915090084075928,1
Clemson-DND_p309_c1_grm_std_uni,1,6.4082207679748535,-5.073814868927002,1
Clemson-DND_p309_c1_grm_std_uni,1,6.1299052238464355,-4.748661518096924,1
Clemson-DND_p309_c1_grm_std_uni,1,5.949078559875488,-4.805594444274902,1
Clemson-DND_p309_c1_grm_std_uni,1,6.46875524520874,-5.049212455749512,1
Clemson-DND_p309_c1_grm_std_uni,1,6.637579441070557,-5.204848766326904,1
Clemson-DND_p309_c1_grm_std_uni,1,6.191938400268555,-4.905375003814697,1
Clemson-DND_p309_c1_grm_std_uni,1,5.8345866203308105,-4.590055465698242,1
Clemson-DND_p309_c1_grm_std_uni,1,5.922665596008301,-4.812118053436279,1
Clemson-DND_p309_c1_grm_std_uni,1,6.11857795715332,-4.981457233428955,1
Clemson-DND_p309_c1_grm_std_uni,1,6.3664727210998535,-5.065077304840088,1
Clemson-DND_p309_c1_grm_std_uni,1,6.315741062164307,-4.856871128082275,1
Clemson-DND_p309_c1_grm_std_uni,1,5.85240364074707,-4.483341693878174,1
Clemson-DND_p309_c1_grm_std_uni,1,5.613440036773682,-4.35017204284668,1
Clemson-DND_p309_c1_grm_std_uni,1,5.679614067077637,-4.624539375305176,1
Clemson-DND_p309_c1_grm_std_uni,1,5.786550045013428,-4.8648247718811035,1
Clemson-DND_p309_c1_grm_std_uni,1,5.97344446182251,-5.017763614654541,1
Clemson-DND_p309_c1_grm_std_uni,1,6.12966775894165,-5.090887546539307,1
Clemson-DND_p309_c1_grm_std_uni,1,6.437963485717773,-5.044654369354248,1
Clemson-DND_p309_c1_grm_std_uni,1,7.020562648773193,-5.542618274688721,1
Clemson-DND_p309_c1_grm_std_uni,1,7.3179426193237305,-5.959554672241211,1
Clemson-DND_p309_c1_grm_std_uni,1,7.640000820159912,-6.55755090713501,1
Clemson-DND_p309_c1_grm_std_uni,1,7.228651523590088,-6.405818462371826,1
Clemson-DND_p309_c1_grm_std_uni,1,6.640040874481201,-5.604329586029053,1
Clemson-DND_p309_c1_grm_std_uni,1,6.16950798034668,-5.176787853240967,1
Clemson-DND_p309_c1_grm_std_uni,1,6.439065456390381,-5.479951858520508,1
Clemson-DND_p309_c1_grm_std_uni,1,7.347094535827637,-6.121880054473877,1
Clemson-DND_p309_c1_grm_std_uni,1,6.872668743133545,-5.978713512420654,1
Clemson-DND_p309_c1_grm_std_uni,1,6.496310710906982,-5.866822719573975,1
Clemson-DND_p309_c1_grm_std_uni,1,6.2243170738220215,-5.468841075897217,1
Clemson-DND_p309_c1_grm_std_uni,1,6.226656913757324,-5.195314407348633,1
Clemson-DND_p309_c1_grm_std_uni,1,5.900025844573975,-4.69655704498291,1
Clemson-DND_p309_c1_grm_std_uni,1,6.2533979415893555,-5.164236545562744,1
Clemson-DND_p309_c1_grm_std_uni,1,6.035695552825928,-5.215842247009277,1
Clemson-DND_p309_c1_grm_std_uni,1,6.051887512207031,-5.327820301055908,1
Clemson-DND_p309_c1_grm_std_uni,1,6.445897102355957,-5.937631607055664,1
Clemson-DND_p309_c1_grm_std_uni,1,5.425491809844971,-4.907124996185303,1
Clemson-DND_p309_c1_grm_std_uni,1,3.955414056777954,-3.411620616912842,1
Clemson-DND_p309_c1_grm_std_uni,1,3.8256802558898926,-3.3841772079467773,1
Clemson-DND_p309_c1_grm_std_uni,1,3.564723491668701,-2.881985664367676,1
Clemson-DND_p309_c1_grm_std_uni,1,3.564589023590088,-2.8260133266448975,1
Clemson-DND_p309_c1_grm_std_uni,1,4.600423336029053,-4.069479942321777,1
Clemson-DND_p309_c1_grm_std_uni,1,5.323384761810303,-4.663416862487793,1
Clemson-DND_p309_c1_grm_std_uni,1,5.614469528198242,-5.045510292053223,1
Clemson-DND_p309_c1_grm_std_uni,1,5.726907730102539,-5.402989864349365,1
Clemson-DND_p309_c1_grm_std_uni,1,5.454270839691162,-5.333590984344482,1
Clemson-DND_p309_c1_grm_std_uni,1,5.412808895111084,-5.2576189041137695,1
Clemson-DND_p309_c1_grm_std_uni,1,5.2295756340026855,-4.812073707580566,1
Clemson-DND_p309_c1_grm_std_uni,1,4.703207969665527,-4.412628173828125,1
Clemson-DND_p309_c1_grm_std_uni,1,4.892899990081787,-4.445131778717041,1
Clemson-DND_p309_c1_grm_std_uni,1,4.091063022613525,-3.7430641651153564,1
Clemson-DND_p309_c1_grm_std_uni,1,1.9554791450500488,-1.6764992475509644,1
Clemson-DND_p309_c1_grm_std_uni,1,2.043442726135254,-1.9719154834747314,1
Clemson-DND_p309_c1_grm_std_uni,1,3.9263715744018555,-3.3806042671203613,1
Clemson-DND_p309_c1_grm_std_uni,1,5.427634239196777,-5.241289138793945,1
Clemson-DND_p309_c1_grm_std_uni,1,6.907670021057129,-7.13684606552124,1
Clemson-DND_p309_c1_grm_std_uni,1,6.500698566436768,-6.861934185028076,1
Clemson-DND_p309_c1_grm_std_uni,1,5.925876140594482,-5.680182456970215,1
Clemson-DND_p309_c1_grm_std_uni,1,5.453827381134033,-3.7707250118255615,1
Clemson-DND_p309_c1_grm_std_uni,1,4.83303689956665,-3.5455663204193115,1
Clemson-DND_p309_c1_grm_std_uni,1,3.4691390991210938,-2.7023208141326904,1
Clemson-DND_p309_c1_grm_std_uni,1,3.4334397315979004,-2.768730878829956,1
Clemson-DND_p309_c1_grm_std_uni,1,4.824379920959473,-4.454219341278076,1
Clemson-DND_p309_c1_grm_std_uni,1,5.254867076873779,-4.781219959259033,1
Clemson-DND_p309_c1_grm_std_uni,1,6.181474685668945,-5.38543176651001,1
Clemson-DND_p309_c1_grm_std_uni,1,5.836791515350342,-4.48190975189209,1
Clemson-DND_p309_c1_grm_std_uni,1,4.955440998077393,-3.581995725631714,1
Clemson-DND_p309_c1_grm_std_uni,1,4.88888692855835,-3.755511522293091,1
Clemson-DND_p309_c1_grm_std_uni,1,4.242119312286377,-3.7083559036254883,1
Clemson-DND_p309_c1_grm_std_uni,1,4.6431074142456055,-4.084550857543945,1
Clemson-DND_p309_c1_grm_std_uni,1,5.654512882232666,-4.701683521270752,1
Clemson-DND_p309_c1_grm_std_uni,1,5.911707878112793,-4.837308406829834,1
Clemson-DND_p309_c1_grm_std_uni,1,6.369827747344971,-5.129249572753906,1
Clemson-DND_p309_c1_grm_std_uni,1,6.128566265106201,-4.7903032302856445,1
Clemson-DND_p309_c1_grm_std_uni,1,6.629824161529541,-5.067381858825684,1
Clemson-DND_p309_c1_grm_std_uni,1,6.90181303024292,-5.2130937576293945,1
Clemson-DND_p309_c1_grm_std_uni,1,6.139515399932861,-4.55483341217041,1
Clemson-DND_p309_c1_grm_std_uni,1,5.907460689544678,-4.160730838775635,1
Clemson-DND_p309_c1_grm_std_uni,1,5.76741361618042,-4.1154022216796875,1
Clemson-DND_p309_c1_grm_std_uni,1,5.425052165985107,-4.076993465423584,1
Clemson-DND_p309_c1_grm_std_uni,1,5.0108842849731445,-3.713777780532837,1
Clemson-DND_p309_c1_grm_std_uni,1,5.263733386993408,-4.251389503479004,1
Clemson-DND_p309_c1_grm_std_uni,1,5.061948776245117,-4.373403549194336,1
Clemson-DND_p309_c1_grm_std_uni,1,5.282602787017822,-4.627019882202148,1
Clemson-DND_p309_c1_grm_std_uni,1,5.559048652648926,-4.474599838256836,1
Clemson-DND_p309_c1_grm_std_uni,1,5.572813987731934,-4.767651557922363,1
Clemson-DND_p309_c1_grm_std_uni,1,5.499253749847412,-4.595513820648193,1
Clemson-DND_p309_c1_grm_std_uni,1,6.024946212768555,-4.637760639190674,1
Clemson-DND_p309_c1_grm_std_uni,1,6.216707229614258,-4.758874893188477,1
Clemson-DND_p309_c1_grm_std_uni,1,5.646217346191406,-3.9743170738220215,1
Clemson-DND_p309_c1_grm_std_uni,1,5.741006374359131,-4.277328014373779,1
Clemson-DND_p309_c1_grm_std_uni,1,5.715187072753906,-4.530908584594727,1
Clemson-DND_p309_c1_grm_std_uni,1,5.061873435974121,-4.071377277374268,1
Clemson-DND_p309_c1_grm_std_uni,1,4.947064399719238,-3.7710773944854736,1
Clemson-DND_p309_c1_grm_std_uni,1,5.224089622497559,-4.226405143737793,1
Clemson-DND_p309_c1_grm_std_uni,1,5.290287494659424,-4.140300273895264,1
Clemson-DND_p309_c1_grm_std_uni,1,5.088409423828125,-3.9865617752075195,1
Clemson-DND_p309_c1_grm_std_uni,1,5.397759914398193,-4.428625583648682,1
Clemson-DND_p309_c1_grm_std_uni,1,5.762391567230225,-4.762773036956787,1
Clemson-DND_p309_c1_grm_std_uni,1,5.6234211921691895,-4.701383590698242,1
Clemson-DND_p309_c1_grm_std_uni,1,5.5547027587890625,-4.659182548522949,1
Clemson-DND_p309_c1_grm_std_uni,1,5.904183864593506,-4.857949256896973,1
Clemson-DND_p309_c1_grm_std_uni,1,5.409796237945557,-4.518564701080322,1
Clemson-DND_p309_c1_grm_std_uni,1,5.22531270980835,-4.362974166870117,1
Clemson-DND_p309_c1_grm_std_uni,1,4.99335241317749,-3.943946599960327,1
Clemson-DND_p309_c1_grm_std_uni,1,5.126594543457031,-4.080502033233643,1
Clemson-DND_p309_c1_grm_std_uni,1,5.144873142242432,-4.232161045074463,1
Clemson-DND_p309_c1_grm_std_uni,1,5.0226945877075195,-3.9758617877960205,1
Clemson-DND_p309_c1_grm_std_uni,1,4.844057083129883,-3.518115282058716,1
Clemson-DND_p309_c1_grm_std_uni,1,4.771656513214111,-3.41800594329834,1
Clemson-DND_p309_c1_grm_std_uni,1,5.096193313598633,-4.019047260284424,1
Clemson-DND_p309_c1_grm_std_uni,1,4.616079807281494,-3.569488763809204,1
Clemson-DND_p309_c1_grm_std_uni,1,5.095601558685303,-4.1974873542785645,1
Clemson-DND_p309_c1_grm_std_uni,1,5.150815486907959,-4.187233924865723,1
Clemson-DND_p309_c1_grm_std_uni,1,5.282486438751221,-4.53304386138916,1
Clemson-DND_p309_c1_grm_std_uni,1,5.593164920806885,-4.503167629241943,1
Clemson-DND_p309_c1_grm_std_uni,1,5.396409511566162,-4.24333381652832,1
Clemson-DND_p309_c1_grm_std_uni,1,5.965367317199707,-4.552952289581299,1
Clemson-DND_p309_c1_grm_std_uni,1,6.25902795791626,-4.789953708648682,1
Clemson-DND_p309_c1_grm_std_uni,1,5.803802013397217,-4.483462810516357,1
Clemson-DND_p309_c1_grm_std_uni,1,5.353926181793213,-3.8693602085113525,1
Clemson-DND_p309_c1_grm_std_uni,1,5.08089542388916,-3.4780900478363037,1
Clemson-DND_p309_c1_grm_std_uni,1,5.123258113861084,-3.3150320053100586,1
Clemson-DND_p309_c1_grm_std_uni,1,5.085086345672607,-3.4357106685638428,1
Clemson-DND_p309_c1_grm_std_uni,1,4.268947124481201,-2.770690679550171,1
Clemson-DND_p309_c1_grm_std_uni,2,4.66069221496582,-3.258427143096924,1
Clemson-DND_p309_c1_grm_std_uni,1,5.353543758392334,-3.8871352672576904,1
Clemson-DND_p309_c1_grm_std_uni,1,5.217933654785156,-3.72080659866333,1
Clemson-DND_p309_c1_grm_std_uni,1,5.365897178649902,-3.7902441024780273,1
Clemson-DND_p309_c1_grm_std_uni,1,5.724857807159424,-4.350559711456299,1
Clemson-DND_p309_c1_grm_std_uni,1,6.318643569946289,-4.8437581062316895,1
Clemson-DND_p309_c1_grm_std_uni,1,6.6604180335998535,-5.118719100952148,1
Clemson-DND_p309_c1_grm_std_uni,1,6.599363327026367,-5.108830451965332,1
Clemson-DND_p309_c1_grm_std_uni,1,6.591708183288574,-4.801812648773193,1
Clemson-DND_p309_c1_grm_std_uni,1,5.988259315490723,-4.327326774597168,1
Clemson-DND_p309_c1_grm_std_uni,1,6.198992729187012,-4.643968105316162,1
Clemson-DND_p309_c1_grm_std_uni,1,6.748945713043213,-5.373850345611572,1
Clemson-DND_p309_c1_grm_std_uni,1,6.637181282043457,-5.447068691253662,1
Clemson-DND_p309_c1_grm_std_uni,1,6.416458606719971,-5.561861515045166,1
Clemson-DND_p309_c1_grm_std_uni,1,6.525999069213867,-5.969331741333008,1
Clemson-DND_p309_c1_grm_std_uni,1,6.752744197845459,-6.296034336090088,1
Clemson-DND_p309_c1_grm_std_uni,1,7.044105052947998,-6.242879867553711,1
Clemson-DND_p309_c1_grm_std_uni,1,7.250997543334961,-6.358880996704102,1
Clemson-DND_p309_c1_grm_std_uni,1,7.459650993347168,-6.393293380737305,1
Clemson-DND_p309_c1_grm_std_uni,1,7.33902645111084,-6.2333784103393555,1
Clemson-DND_p309_c1_grm_std_uni,1,8.236051559448242,-7.1478447914123535,1
Clemson-DND_p309_c1_grm_std_uni,1,8.653885841369629,-7.64693021774292,1
Clemson-DND_p309_c1_grm_std_uni,1,8.533632278442383,-7.706721782684326,1
Clemson-DND_p309_c1_grm_std_uni,1,8.17015552520752,-7.170441150665283,1
Clemson-DND_p309_c1_grm_std_uni,1,7.368435382843018,-6.390750408172607,1
Clemson-DND_p309_c1_grm_std_uni,1,7.373642444610596,-6.028567790985107,1
Clemson-DND_p309_c1_grm_std_uni,1,7.906170845031738,-6.795610427856445,1
Clemson-DND_p309_c1_grm_std_uni,1,6.79329776763916,-6.525932312011719,1
Clemson-DND_p309_c1_grm_std_uni,1,6.466976642608643,-5.394505023956299,1
Clemson-DND_p309_c1_grm_std_uni,1,6.157678127288818,-4.241514205932617,1
Clemson-DND_p309_c1_grm_std_uni,1,5.429803848266602,-3.5122721195220947,1
Clemson-DND_p309_c1_grm_std_uni,1,4.757650375366211,-3.366773843765259,1
Clemson-DND_p309_c1_grm_std_uni,1,4.864245891571045,-3.4248502254486084,1
Clemson-DND_p309_c1_grm_std_uni,1,5.557028293609619,-4.155411720275879,1
Clemson-DND_p309_c1_grm_std_uni,1,5.464109897613525,-4.09239387512207,1
Clemson-DND_p309_c1_grm_std_uni,1,5.489607810974121,-4.166625022888184,1
Clemson-DND_p309_c1_grm_std_uni,1,5.874490737915039,-4.520449638366699,1
Clemson-DND_p309_c1_grm_std_uni,1,6.087183475494385,-4.863478660583496,1
Clemson-DND_p309_c1_grm_std_uni,1,6.109622478485107,-4.9367194175720215,1
Clemson-DND_p309_c1_grm_std_uni,1,6.151731014251709,-4.96570348739624,1
Clemson-DND_p309_c1_grm_std_uni,1,5.9813714027404785,-4.475117206573486,1
Clemson-DND_p309_c1_grm_std_uni,1,6.190367221832275,-4.511083126068115,1
Clemson-DND_p309_c1_grm_std_uni,1,6.640282154083252,-5.220718860626221,1
Clemson-DND_p309_c1_grm_std_uni,1,6.6524858474731445,-5.221128940582275,1
Clemson-DND_p309_c1_grm_std_uni,1,7.0202250480651855,-5.551293849945068,1
Clemson-DND_p309_c1_grm_std_uni,1,7.055435657501221,-5.5311479568481445,1
Clemson-DND_p309_c1_grm_std_uni,1,6.960832595825195,-5.1820268630981445,1
Clemson-DND_p309_c1_grm_std_uni,1,7.135987281799316,-5.535833835601807,1
Clemson-DND_p309_c1_grm_std_uni,1,6.991180419921875,-5.149139881134033,1
Clemson-DND_p309_c1_grm_std_uni,1,6.950797080993652,-5.0311970710754395,1
Clemson-DND_p309_c1_grm_std_uni,1,7.139852523803711,-5.103853702545166,1
Clemson-DND_p309_c1_grm_std_uni,1,7.077256202697754,-5.174479961395264,1
Clemson-DND_p309_c1_grm_std_uni,1,7.960339069366455,-6.334399700164795,1
Clemson-DND_p309_c1_grm_std_uni,1,8.394192695617676,-7.335659503936768,1
Clemson-DND_p309_c1_grm_std_uni,1,8.111346244812012,-7.2257513999938965,1
Clemson-DND_p309_c1_grm_std_uni,1,7.024954795837402,-6.144736289978027,1
Clemson-DND_p309_c1_grm_std_uni,1,7.106351375579834,-5.974088668823242,1
Clemson-DND_p309_c1_grm_std_uni,1,7.9792304039001465,-7.121420860290527,1
Clemson-DND_p309_c1_grm_std_uni,1,7.6130452156066895,-6.781457424163818,1
Clemson-DND_p309_c1_grm_std_uni,1,6.9002604484558105,-6.108469009399414,1
Clemson-DND_p309_c1_grm_std_uni,1,7.461907386779785,-6.5906758308410645,1
Clemson-DND_p309_c1_grm_std_uni,1,7.344527721405029,-6.4786787033081055,1
Clemson-DND_p309_c1_grm_std_uni,1,5.186572074890137,-4.317210674285889,1
Clemson-DND_p309_c1_grm_std_uni,1,4.105349063873291,-3.209350347518921,1
Clemson-DND_p309_c1_grm_std_uni,1,4.433526515960693,-3.3973968029022217,1
Clemson-DND_p309_c1_grm_std_uni,1,5.978385925292969,-4.782422065734863,1
Clemson-DND_p309_c1_grm_std_uni,1,6.950841426849365,-5.532990455627441,1
Clemson-DND_p309_c1_grm_std_uni,1,6.251404285430908,-5.063110828399658,1
Clemson-DND_p309_c1_grm_std_uni,1,6.00961971282959,-4.874610424041748,1
Clemson-DND_p309_c1_grm_std_uni,1,5.074888229370117,-4.116570472717285,1
Clemson-DND_p309_c1_grm_std_uni,1,4.609801292419434,-3.7665605545043945,1
Clemson-DND_p309_c1_grm_std_uni,1,3.8335113525390625,-3.208604335784912,1
Clemson-DND_p309_c1_grm_std_uni,1,2.8676979541778564,-2.62544584274292,1
Clemson-DND_p309_c1_grm_std_uni,1,2.338871479034424,-1.9906927347183228,1
Clemson-DND_p309_c1_grm_std_uni,1,3.8601768016815186,-3.0482685565948486,1
Clemson-DND_p309_c1_grm_std_uni,1,5.79970645904541,-4.161067008972168,1
Clemson-DND_p309_c1_grm_std_uni,1,5.755124092102051,-4.229701519012451,1
Clemson-DND_p309_c1_grm_std_uni,1,5.821839332580566,-4.362749099731445,1
Clemson-DND_p309_c1_grm_std_uni,1,4.65854549407959,-3.6043031215667725,1
Clemson-DND_p309_c1_grm_std_uni,1,3.5933165550231934,-2.8296728134155273,1
Clemson-DND_p309_c1_grm_std_uni,1,4.43253231048584,-3.611649751663208,1
Clemson-DND_p309_c1_grm_std_uni,1,4.565639972686768,-3.6115217208862305,1
Clemson-DND_p309_c1_grm_std_uni,1,4.035100936889648,-2.9973902702331543,1
Clemson-DND_p309_c1_grm_std_uni,1,3.8229827880859375,-2.825845956802368,1
Clemson-DND_p309_c1_grm_std_uni,1,4.907048225402832,-3.6939446926116943,1
Clemson-DND_p309_c1_grm_std_uni,1,4.811408519744873,-3.5643794536590576,1
Clemson-DND_p309_c1_grm_std_uni,1,3.646871328353882,-2.645831346511841,1
Clemson-DND_p309_c1_grm_std_uni,1,3.554307222366333,-2.7221553325653076,1
Clemson-DND_p309_c1_grm_std_uni,2,3.764742851257324,-2.8791661262512207,1
Clemson-DND_p309_c1_grm_std_uni,1,4.396458625793457,-3.427198648452759,1
Clemson-DND_p309_c1_grm_std_uni,1,4.776505947113037,-3.76169753074646,1
Clemson-DND_p309_c1_grm_std_uni,1,4.45884370803833,-3.5549399852752686,1
Clemson-DND_p309_c1_grm_std_uni,1,4.122636795043945,-3.3164865970611572,1
Clemson-DND_p309_c1_grm_std_uni,1,4.0387372970581055,-3.198939800262451,1
Clemson-DND_p309_c1_grm_std_uni,1,4.094695568084717,-3.2261483669281006,1
Clemson-DND_p309_c1_grm_std_uni,1,4.154063701629639,-3.334061861038208,1
Clemson-DND_p309_c1_grm_std_uni,1,4.63332462310791,-3.695347309112549,1
Clemson-DND_p309_c1_grm_std_uni,1,4.717742443084717,-3.7954986095428467,1
Clemson-DND_p309_c1_grm_std_uni,1,4.924089431762695,-3.982051134109497,1
Clemson-DND_p309_c1_grm_std_uni,1,4.788944721221924,-3.8900952339172363,1
Clemson-DND_p309_c1_grm_std_uni,1,4.454302787780762,-3.625072956085205,1
Clemson-DND_p309_c1_grm_std_uni,1,4.109889507293701,-3.3193790912628174,1
Clemson-DND_p309_c1_grm_std_uni,1,3.8447532653808594,-3.151998996734619,1
Clemson-DND_p309_c1_grm_std_uni,1,3.6999878883361816,-3.0709314346313477,1
Clemson-DND_p309_c1_grm_std_uni,1,3.7913014888763428,-3.1581368446350098,1
Clemson-DND_p309_c1_grm_std_uni,1,3.813232898712158,-3.1741528511047363,1
Clemson-DND_p309_c1_grm_std_uni,1,4.596724987030029,-3.6662416458129883,1
Clemson-DND_p309_c1_grm_std_uni,1,5.2779364585876465,-4.231046199798584,1
Clemson-DND_p309_c1_grm_std_uni,1,4.893277168273926,-4.03525447845459,1
Clemson-DND_p309_c1_grm_std_uni,1,3.7026360034942627,-2.956615924835205,1
Clemson-DND_p309_c1_grm_std_uni,1,3.787142038345337,-3.0402092933654785,1
Clemson-DND_p309_c1_grm_std_uni,1,4.372518539428711,-3.4877989292144775,1
Clemson-DND_p309_c1_grm_std_uni,1,4.488448619842529,-3.6721696853637695,1
Clemson-DND_p309_c1_grm_std_uni,1,4.5133233070373535,-3.8399667739868164,1
Clemson-DND_p309_c1_grm_std_uni,1,4.659521102905273,-3.946704864501953,1
Clemson-DND_p309_c1_grm_std_uni,1,4.169798851013184,-3.3651068210601807,1
Clemson-DND_p309_c1_grm_std_uni,1,4.012421131134033,-3.1618340015411377,1
Clemson-DND_p309_c1_grm_std_uni,1,4.811265468597412,-3.8713908195495605,1
Clemson-DND_p309_c1_grm_std_uni,1,4.285267353057861,-3.6364247798919678,1
Clemson-DND_p309_c1_grm_std_uni,1,4.236856937408447,-3.7440314292907715,1
Clemson-DND_p309_c1_grm_std_uni,1,4.569046497344971,-4.265303611755371,1
Clemson-DND_p309_c1_grm_std_uni,1,3.5546276569366455,-3.025728702545166,1
Clemson-DND_p309_c1_grm_std_uni,2,4.848341464996338,-4.430169105529785,1
Clemson-DND_p309_c1_grm_std_uni,1,4.5093231201171875,-4.182763576507568,1
Clemson-DND_p309_c1_grm_std_uni,1,4.945196151733398,-4.166419506072998,1
Clemson-DND_p309_c1_grm_std_uni,1,3.729404926300049,-2.9069085121154785,1
Clemson-DND_p309_c1_grm_std_uni,1,3.080878257751465,-2.1570799350738525,1
Clemson-DND_p309_c1_grm_std_uni,1,2.1457390785217285,-1.2887015342712402,1
Clemson-DND_p309_c1_grm_std_uni,1,2.901007652282715,-2.3689773082733154,1
Clemson-DND_p309_c1_grm_std_uni,1,3.9040985107421875,-3.837521553039551,1
Clemson-DND_p309_c1_grm_std_uni,1,5.900310039520264,-5.314537525177002,1
Clemson-DND_p309_c1_grm_std_uni,1,6.903426170349121,-6.071436405181885,1
Clemson-DND_p309_c1_grm_std_uni,1,6.334055423736572,-5.865190029144287,1
Clemson-DND_p309_c1_grm_std_uni,1,5.908228397369385,-5.578550815582275,1
Clemson-DND_p309_c1_grm_std_uni,1,4.74365234375,-4.462841987609863,1
Clemson-DND_p309_c1_grm_std_uni,1,2.9210822582244873,-2.7050254344940186,1
Clemson-DND_p309_c1_grm_std_uni,1,3.114774465560913,-2.879727840423584,1
Clemson-DND_p309_c1_grm_std_uni,1,4.145803928375244,-3.662834882736206,1
Clemson-DND_p309_c1_grm_std_uni,1,4.463079452514648,-3.792818546295166,1
Clemson-DND_p309_c1_grm_std_uni,1,5.048095226287842,-4.240499019622803,1
Clemson-DND_p309_c1_grm_std_uni,1,4.7516093254089355,-3.979079246520996,1
Clemson-DND_p309_c1_grm_std_uni,1,4.713889122009277,-4.017974376678467,1
Clemson-DND_p309_c1_grm_std_uni,1,5.697439193725586,-4.762253284454346,1
Clemson-DND_p309_c1_grm_std_uni,1,5.943215847015381,-5.02462100982666,1
Clemson-DND_p309_c1_grm_std_uni,1,5.3169426918029785,-4.548586368560791,1
Clemson-DND_p309_c1_grm_std_uni,1,4.7478532791137695,-3.9304847717285156,1
Clemson-DND_p309_c1_grm_std_uni,1,3.4044010639190674,-2.8034183979034424,1
Clemson-DND_p309_c1_grm_std_uni,1,2.5574262142181396,-2.1528990268707275,1
Clemson-DND_p309_c1_grm_std_uni,1,4.035961627960205,-2.9953835010528564,1
Clemson-DND_p309_c1_grm_std_uni,1,5.757192611694336,-4.486054420471191,1
Clemson-DND_p309_c1_grm_std_uni,1,6.3324456214904785,-4.940117359161377,1
Clemson-DND_p309_c1_grm_std_uni,1,5.6189985275268555,-4.346126079559326,1
Clemson-DND_p309_c1_grm_std_uni,1,4.357596397399902,-3.71658992767334,1
Clemson-DND_p309_c1_grm_std_uni,1,4.03439998626709,-3.818763017654419,1
Clemson-DND_p309_c1_grm_std_uni,1,4.698529243469238,-4.375607013702393,1
Clemson-DND_p309_c1_grm_std_uni,1,4.749212741851807,-4.021263599395752,1
Clemson-DND_p309_c1_grm_std_uni,1,4.5834197998046875,-3.6226563453674316,1
Clemson-DND_p309_c1_grm_std_uni,1,4.567366123199463,-3.466780424118042,1
Clemson-DND_p309_c1_grm_std_uni,1,5.093275547027588,-3.963857412338257,1
Clemson-DND_p309_c1_grm_std_uni,1,4.938331604003906,-3.3475077152252197,1
Clemson-DND_p309_c1_grm_std_uni,1,5.146020412445068,-3.8259947299957275,1
Clemson-DND_p309_c1_grm_std_uni,1,5.344208717346191,-4.187820911407471,1
Clemson-DND_p309_c1_grm_std_uni,1,5.590936660766602,-4.625184059143066,1
Clemson-DND_p309_c1_grm_std_uni,1,5.860846042633057,-4.664740085601807,1
Clemson-DND_p309_c1_grm_std_uni,1,6.039060592651367,-5.02999210357666,1
Clemson-DND_p309_c1_grm_std_uni,1,5.613474369049072,-4.9178266525268555,1
Clemson-DND_p309_c1_grm_std_uni,1,5.807270526885986,-5.1075263023376465,1
Clemson-DND_p309_c1_grm_std_uni,1,5.692306041717529,-4.692234516143799,1
Clemson-DND_p309_c1_grm_std_uni,1,5.822012901306152,-4.997757434844971,1
Clemson-DND_p309_c1_grm_std_uni,1,6.379476547241211,-4.788793563842773,1
Clemson-DND_p309_c1_grm_std_uni,1,6.356734752655029,-5.297486782073975,1
Clemson-DND_p309_c1_grm_std_uni,1,6.432581901550293,-5.337020397186279,1
Clemson-DND_p309_c1_grm_std_uni,1,6.680464267730713,-5.572748184204102,1
Clemson-DND_p309_c1_grm_std_uni,1,6.870634078979492,-5.378710746765137,1
Clemson-DND_p309_c1_grm_std_uni,1,6.812304973602295,-5.295738697052002,1
Clemson-DND_p309_c1_grm_std_uni,1,6.874692440032959,-5.306467533111572,1
Clemson-DND_p309_c1_grm_std_uni,1,6.847081661224365,-5.158314228057861,1
Clemson-DND_p309_c1_grm_std_uni,1,7.262937068939209,-5.588913917541504,1
Clemson-DND_p309_c1_grm_std_uni,1,7.39568567276001,-6.276913642883301,1
Clemson-DND_p309_c1_grm_std_uni,1,7.389359474182129,-6.62278938293457,1
Clemson-DND_p309_c1_grm_std_uni,1,6.678345680236816,-5.703577518463135,1
Clemson-DND_p309_c1_grm_std_uni,1,5.988265037536621,-4.363687515258789,1
Clemson-DND_p309_c1_grm_std_uni,1,5.332169532775879,-3.804814100265503,1
Clemson-DND_p309_c1_grm_std_uni,1,4.112917423248291,-2.842982769012451,1
Clemson-DND_p309_c1_grm_std_uni,1,4.529147624969482,-3.1666548252105713,1
Clemson-DND_p309_c1_grm_std_uni,1,5.3916120529174805,-4.224911212921143,1
Clemson-DND_p309_c1_grm_std_uni,1,5.866196632385254,-4.72974157333374,1
Clemson-DND_p309_c1_grm_std_uni,1,6.101571083068848,-4.855504989624023,1
Clemson-DND_p309_c1_grm_std_uni,1,6.580696105957031,-4.930383205413818,1
Clemson-DND_p309_c1_grm_std_uni,1,6.71964168548584,-5.324995517730713,1
Clemson-DND_p309_c1_grm_std_uni,1,6.783696174621582,-5.47569465637207,1
Clemson-DND_p309_c1_grm_std_uni,1,6.657441139221191,-5.612153053283691,1
Clemson-DND_p309_c1_grm_std_uni,1,5.596534729003906,-4.366060733795166,1
Clemson-DND_p309_c1_grm_std_uni,1,6.249945640563965,-4.859626770019531,1
Clemson-DND_p309_c1_grm_std_uni,1,7.160068988800049,-5.791279315948486,1
Clemson-DND_p309_c1_grm_std_uni,1,7.5364203453063965,-6.364917278289795,1
Clemson-DND_p309_c1_grm_std_uni,1,7.88026237487793,-7.04277229309082,1
Clemson-DND_p309_c1_grm_std_uni,1,7.865050792694092,-7.310206890106201,1
Clemson-DND_p309_c1_grm_std_uni,1,7.1514573097229,-6.495649337768555,1
Clemson-DND_p309_c1_grm_std_uni,1,7.709902763366699,-6.711902141571045,1
Clemson-DND_p309_c1_grm_std_uni,1,8.316512107849121,-7.4856977462768555,1
Clemson-DND_p309_c1_grm_std_uni,1,8.130583763122559,-7.371539115905762,1
Clemson-DND_p309_c1_grm_std_uni,1,7.378385543823242,-6.644927978515625,1
Clemson-DND_p309_c1_grm_std_uni,1,6.211273670196533,-5.753493309020996,1
Clemson-DND_p309_c1_grm_std_uni,1,5.207576274871826,-4.90855073928833,1
Clemson-DND_p309_c1_grm_std_uni,1,4.812366008758545,-4.689672470092773,1
Clemson-DND_p309_c1_grm_std_uni,1,5.537676811218262,-5.28345251083374,1
Clemson-DND_p309_c1_grm_std_uni,1,6.858546733856201,-6.219075679779053,1
Clemson-DND_p309_c1_grm_std_uni,1,6.926048755645752,-6.360716342926025,1
Clemson-DND_p309_c1_grm_std_uni,1,6.366992473602295,-5.988112449645996,1
Clemson-DND_p309_c1_grm_std_uni,1,5.805920124053955,-5.464775085449219,1
Clemson-DND_p309_c1_grm_std_uni,1,4.4333882331848145,-3.754190683364868,1
Clemson-DND_p309_c1_grm_std_uni,1,2.329892873764038,-0.9746484160423279,1
Clemson-DND_p309_c1_grm_std_uni,1,2.61306095123291,-1.0173245668411255,1
Clemson-DND_p309_c1_grm_std_uni,1,4.425080299377441,-3.128840208053589,1
Clemson-DND_p309_c1_grm_std_uni,1,5.637457370758057,-4.419520378112793,1
Clemson-DND_p309_c1_grm_std_uni,1,7.076788425445557,-5.5289177894592285,1
Clemson-DND_p309_c1_grm_std_uni,1,7.924880504608154,-6.191611289978027,1
Clemson-DND_p309_c1_grm_std_uni,1,8.28463077545166,-6.9971771240234375,1
Clemson-DND_p309_c1_grm_std_uni,1,7.732327461242676,-7.624224662780762,1
Clemson-DND_p309_c1_grm_std_uni,1,7.256486892700195,-7.24644660949707,1
Clemson-DND_p309_c1_grm_std_uni,1,6.692761421203613,-6.025638103485107,1
Clemson-DND_p309_c1_grm_std_uni,1,5.9376115798950195,-4.545980453491211,1
Clemson-DND_p309_c1_grm_std_uni,1,5.3303046226501465,-3.9531490802764893,1
Clemson-DND_p309_c1_grm_std_uni,1,4.909054279327393,-3.4100048542022705,1
Clemson-DND_p309_c1_grm_std_uni,1,3.7667860984802246,-3.283118963241577,1
Clemson-DND_p309_c1_grm_std_uni,1,4.269905090332031,-3.5950815677642822,1
Clemson-DND_p309_c1_grm_std_uni,1,5.9100661277771,-4.657553195953369,1
Clemson-DND_p309_c1_grm_std_uni,1,6.147593021392822,-4.869574069976807,1
Clemson-DND_p309_c1_grm_std_uni,1,6.160214900970459,-4.994598388671875,1
Clemson-DND_p309_c1_grm_std_uni,1,5.896982192993164,-4.808354377746582,1
Clemson-DND_p309_c1_grm_std_uni,1,5.933996677398682,-5.0101847648620605,1
Clemson-DND_p309_c1_grm_std_uni,1,6.407229900360107,-4.990827560424805,1
Clemson-DND_p309_c1_grm_std_uni,1,7.000144004821777,-5.201491355895996,1
Clemson-DND_p309_c1_grm_std_uni,1,7.245881080627441,-5.370675086975098,1
Clemson-DND_p309_c1_grm_std_uni,1,6.964236736297607,-5.28634786605835,1
Clemson-DND_p309_c1_grm_std_uni,1,6.166459083557129,-4.626905918121338,1
Clemson-DND_p309_c1_grm_std_uni,1,6.582038402557373,-5.071204662322998,1
Clemson-DND_p309_c1_grm_std_uni,1,6.9739837646484375,-5.433647155761719,1
Clemson-DND_p309_c1_grm_std_uni,1,7.0725932121276855,-5.557023525238037,1
Clemson-DND_p309_c1_grm_std_uni,1,7.084507942199707,-5.621877193450928,1
Clemson-DND_p309_c1_grm_std_uni,1,6.886923789978027,-5.44490909576416,1
Clemson-DND_p309_c1_grm_std_uni,1,6.792759418487549,-5.646716594696045,1
Clemson-DND_p309_c1_grm_std_uni,1,7.415533542633057,-6.469688892364502,1
Clemson-DND_p309_c1_grm_std_uni,1,7.731285572052002,-6.928660869598389,1
Clemson-DND_p309_c1_grm_std_uni,1,7.203413486480713,-6.439505577087402,1
Clemson-DND_p309_c1_grm_std_uni,1,6.238410949707031,-4.403582572937012,1
Clemson-DND_p309_c1_grm_std_uni,1,5.588211536407471,-3.3780858516693115,1
Clemson-DND_p309_c1_grm_std_uni,1,5.52772855758667,-3.2612764835357666,1
Clemson-DND_p309_c1_grm_std_uni,1,5.376255989074707,-3.589400291442871,1
Clemson-DND_p309_c1_grm_std_uni,1,5.344017505645752,-3.6363768577575684,1
Clemson-DND_p309_c1_grm_std_uni,1,5.265204429626465,-3.58126163482666,1
Clemson-DND_p309_c1_grm_std_uni,1,5.236818790435791,-3.538645029067993,1
Clemson-DND_p309_c1_grm_std_uni,1,5.254614353179932,-3.511463165283203,1
Clemson-DND_p309_c1_grm_std_uni,1,5.638522624969482,-3.9288597106933594,1
Clemson-DND_p309_c1_grm_std_uni,1,5.935744285583496,-4.4474616050720215,1
Clemson-DND_p309_c1_grm_std_uni,1,6.268213748931885,-4.769247531890869,1
Clemson-DND_p309_c1_grm_std_uni,1,6.346541881561279,-4.926863193511963,1
Clemson-DND_p309_c1_grm_std_uni,1,6.271617412567139,-5.063783168792725,1
Clemson-DND_p309_c1_grm_std_uni,1,6.195419788360596,-4.899157524108887,1
Clemson-DND_p309_c1_grm_std_uni,1,6.12261438369751,-4.8984174728393555,1
Clemson-DND_p309_c1_grm_std_uni,1,5.7413129806518555,-4.465446949005127,1
Clemson-DND_p309_c1_grm_std_uni,1,5.729852199554443,-4.388659954071045,1
Clemson-DND_p309_c1_grm_std_uni,1,5.85446310043335,-4.545576572418213,1
Clemson-DND_p309_c1_grm_std_uni,1,6.034273147583008,-4.762095928192139,1
Clemson-DND_p309_c1_grm_std_uni,1,6.054211616516113,-4.714064598083496,1
Clemson-DND_p309_c1_grm_std_uni,1,5.7461066246032715,-4.26236629486084,1
Clemson-DND_p309_c1_grm_std_uni,1,5.837021827697754,-4.143877029418945,1
Clemson-DND_p309_c1_grm_std_uni,1,5.609123706817627,-3.932694435119629,1
Clemson-DND_p309_c1_grm_std_uni,1,4.954298496246338,-2.8410918712615967,1
Clemson-DND_p309_c1_grm_std_uni,1,4.949105739593506,-2.8283050060272217,1
Clemson-DND_p309_c1_grm_std_uni,1,4.750519752502441,-3.3310773372650146,1
Clemson-DND_p309_c1_grm_std_uni,1,4.68316125869751,-3.167515277862549,1
Clemson-DND_p309_c1_grm_std_uni,1,4.787204265594482,-3.16534161567688,1
Clemson-DND_p309_c1_grm_std_uni,1,5.725957870483398,-4.3638482093811035,1
Clemson-DND_p309_c1_grm_std_uni,1,5.821250915527344,-4.621983528137207,1
Clemson-DND_p309_c1_grm_std_uni,1,5.769235610961914,-4.501006603240967,1
Clemson-DND_p309_c1_grm_std_uni,1,6.150581359863281,-4.913588047027588,1
Clemson-DND_p309_c1_grm_std_uni,1,5.929597854614258,-4.775231838226318,1
Clemson-DND_p309_c1_grm_std_uni,1,6.314908981323242,-5.137311935424805,1
Clemson-DND_p309_c1_grm_std_uni,1,6.807218551635742,-5.769749641418457,1
Clemson-DND_p309_c1_grm_std_uni,1,6.921233654022217,-6.541656970977783,1
Clemson-DND_p309_c1_grm_std_uni,1,7.099448204040527,-7.040037631988525,1
Clemson-DND_p309_c1_grm_std_uni,1,6.707967758178711,-5.876991271972656,1
Clemson-DND_p309_c1_grm_std_uni,1,6.435845851898193,-4.7520670890808105,1
Clemson-DND_p309_c1_grm_std_uni,1,5.9140625,-4.131712436676025,1
Clemson-DND_p309_c1_grm_std_uni,1,5.360602855682373,-3.7610676288604736,1
Clemson-DND_p309_c1_grm_std_uni,1,4.7770586013793945,-3.296172857284546,1
Clemson-DND_p309_c1_grm_std_uni,1,4.732946872711182,-3.7233424186706543,1
Clemson-DND_p309_c1_grm_std_uni,1,5.13201904296875,-4.066530704498291,1
Clemson-DND_p309_c1_grm_std_uni,1,5.455419063568115,-4.237921237945557,1
Clemson-DND_p309_c1_grm_std_uni,1,5.85873556137085,-4.625977516174316,1
Clemson-DND_p309_c1_grm_std_uni,1,6.091085910797119,-4.517775535583496,1
Clemson-DND_p309_c1_grm_std_uni,1,5.512441158294678,-4.089930534362793,1
Clemson-DND_p309_c1_grm_std_uni,1,5.102363109588623,-3.8517515659332275,1
Clemson-DND_p309_c1_grm_std_uni,1,4.8987860679626465,-3.5282044410705566,1
Clemson-DND_p309_c1_grm_std_uni,1,4.7577009201049805,-3.4991440773010254,1
Clemson-DND_p309_c1_grm_std_uni,1,4.538693428039551,-3.5582776069641113,1
Clemson-DND_p309_c1_grm_std_uni,1,4.794447898864746,-3.814074754714966,1
Clemson-DND_p309_c1_grm_std_uni,1,5.507622241973877,-4.437902450561523,1
Clemson-DND_p309_c1_grm_std_uni,1,6.261046886444092,-5.034317493438721,1
Clemson-DND_p309_c1_grm_std_uni,1,6.752945899963379,-5.688420295715332,1
Clemson-DND_p309_c1_grm_std_uni,1,7.110982894897461,-6.176499366760254,1
Clemson-DND_p309_c1_grm_std_uni,1,6.784257411956787,-6.070704936981201,1
Clemson-DND_p309_c1_grm_std_uni,1,6.31565523147583,-5.382374286651611,1
Clemson-DND_p309_c1_grm_std_uni,1,6.0556464195251465,-4.89555025100708,1
Clemson-DND_p309_c1_grm_std_uni,1,5.670295715332031,-4.562639236450195,1
Clemson-DND_p309_c1_grm_std_uni,1,5.209008693695068,-4.028748035430908,1
Clemson-DND_p309_c1_grm_std_uni,1,5.566666126251221,-4.065892696380615,1
Clemson-DND_p309_c1_grm_std_uni,1,5.322041988372803,-4.0192742347717285,1
Clemson-DND_p309_c1_grm_std_uni,1,5.54646635055542,-4.6120805740356445,1
Clemson-DND_p309_c1_grm_std_uni,1,5.378707408905029,-4.242263317108154,1
Clemson-DND_p309_c1_grm_std_uni,1,5.469870090484619,-4.198354244232178,1
Clemson-DND_p309_c1_grm_std_uni,1,6.2018141746521,-4.7802734375,1
Clemson-DND_p309_c1_grm_std_uni,1,7.231565952301025,-5.811276912689209,1
Clemson-DND_p309_c1_grm_std_uni,1,7.632275104522705,-6.685281276702881,1
Clemson-DND_p309_c1_grm_std_uni,1,7.46635627746582,-6.851249694824219,1
Clemson-DND_p309_c1_grm_std_uni,1,7.569754600524902,-7.0453081130981445,1
Clemson-DND_p309_c1_grm_std_uni,1,7.266481876373291,-6.557313442230225,1
Clemson-DND_p309_c1_grm_std_uni,1,6.884161472320557,-5.943110466003418,1
Clemson-DND_p309_c1_grm_std_uni,1,6.208188056945801,-5.4346160888671875,1
Clemson-DND_p309_c1_grm_std_uni,1,5.331748008728027,-4.106138229370117,1
Clemson-DND_p309_c1_grm_std_uni,1,4.555294513702393,-3.3817062377929688,1
Clemson-DND_p309_c1_grm_std_uni,1,4.4057416915893555,-3.1817967891693115,1
Clemson-DND_p309_c1_grm_std_uni,1,4.705180644989014,-3.4618096351623535,1
Clemson-DND_p309_c1_grm_std_uni,1,4.9956254959106445,-3.7216928005218506,1
Clemson-DND_p309_c1_grm_std_uni,1,5.2095232009887695,-4.204075336456299,1
Clemson-DND_p309_c1_grm_std_uni,1,5.2365946769714355,-4.444678783416748,1
Clemson-DND_p309_c1_grm_std_uni,1,5.136923313140869,-4.230428695678711,1
Clemson-DND_p309_c1_grm_std_uni,1,4.9084696769714355,-3.7876994609832764,1
Clemson-DND_p309_c1_grm_std_uni,1,4.633376598358154,-3.5692520141601562,1
Clemson-DND_p309_c1_grm_std_uni,1,4.583313465118408,-3.454655170440674,1
Clemson-DND_p309_c1_grm_std_uni,1,4.667073726654053,-3.5367836952209473,1
Clemson-DND_p309_c1_grm_std_uni,1,5.2512922286987305,-4.42186164855957,1
Clemson-DND_p309_c1_grm_std_uni,1,5.649515151977539,-4.913259506225586,1
Clemson-DND_p309_c1_grm_std_uni,1,6.070723533630371,-4.965600490570068,1
Clemson-DND_p309_c1_grm_std_uni,1,6.146924018859863,-4.983915328979492,1
Clemson-DND_p309_c1_grm_std_uni,1,5.643248081207275,-4.248080253601074,1
Clemson-DND_p309_c1_grm_std_uni,1,5.672853946685791,-4.268910884857178,1
Clemson-DND_p309_c1_grm_std_uni,1,5.973066329956055,-4.576879501342773,1
Clemson-DND_p309_c1_grm_std_uni,1,6.32324743270874,-4.941824913024902,1
Clemson-DND_p309_c1_grm_std_uni,1,6.2196173667907715,-4.931570529937744,1
Clemson-DND_p309_c1_grm_std_uni,1,6.127695083618164,-4.8543782234191895,1
Clemson-DND_p309_c1_grm_std_uni,1,6.365326404571533,-5.029836654663086,1
Clemson-DND_p309_c1_grm_std_uni,1,6.784447193145752,-5.382310390472412,1
Clemson-DND_p309_c1_grm_std_uni,1,6.7789154052734375,-5.557753562927246,1
Clemson-DND_p309_c1_grm_std_uni,1,6.689270496368408,-5.486153602600098,1
Clemson-DND_p309_c1_grm_std_uni,1,6.952356338500977,-5.973050117492676,1
Clemson-DND_p309_c1_grm_std_uni,1,7.297599792480469,-5.843393802642822,1
Clemson-DND_p309_c1_grm_std_uni,1,7.177952289581299,-5.773623943328857,1
Clemson-DND_p309_c1_grm_std_uni,1,8.044795989990234,-6.598637580871582,1
Clemson-DND_p309_c1_grm_std_uni,1,6.251755714416504,-4.932500839233398,1
Clemson-DND_p309_c1_grm_std_uni,1,6.193304538726807,-4.8194990158081055,1
Clemson-DND_p309_c1_grm_std_uni,1,6.905110836029053,-5.627867221832275,1
Clemson-DND_p309_c1_grm_std_uni,1,6.843106746673584,-5.524111270904541,1
Clemson-DND_p309_c1_grm_std_uni,1,5.505668640136719,-4.5566864013671875,1
Clemson-DND_p309_c1_grm_std_uni,1,4.908848285675049,-4.248672962188721,1
Clemson-DND_p309_c1_grm_std_uni,1,6.063027381896973,-5.078245162963867,1
Clemson-DND_p309_c1_grm_std_uni,1,6.641112327575684,-5.725043296813965,1
Clemson-DND_p309_c1_grm_std_uni,1,7.265725612640381,-6.360821723937988,1
Clemson-DND_p309_c1_grm_std_uni,1,5.990462779998779,-5.1470627784729,1
Clemson-DND_p309_c1_grm_std_uni,1,5.515770435333252,-4.892588138580322,1
Clemson-DND_p309_c1_grm_std_uni,1,6.29811954498291,-5.736060619354248,1
Clemson-DND_p309_c1_grm_std_uni,1,5.131438732147217,-4.253473281860352,1
Clemson-DND_p309_c1_grm_std_uni,1,5.005126476287842,-3.935826301574707,1
Clemson-DND_p309_c1_grm_std_uni,1,4.350027561187744,-3.380133628845215,1
Clemson-DND_p309_c1_grm_std_uni,1,5.8087382316589355,-4.378590106964111,1
Clemson-DND_p309_c1_grm_std_uni,1,6.448309421539307,-4.913458347320557,1
Clemson-DND_p309_c1_grm_std_uni,1,7.776329040527344,-6.359340190887451,1
Clemson-DND_p309_c1_grm_std_uni,1,7.716733932495117,-6.615141868591309,1
Clemson-DND_p309_c1_grm_std_uni,1,7.08887243270874,-6.023421287536621,1
Clemson-DND_p309_c1_grm_std_uni,1,6.778506278991699,-5.8918776512146,1
Clemson-DND_p309_c1_grm_std_uni,1,6.665167808532715,-5.823153972625732,1
Clemson-DND_p309_c1_grm_std_uni,1,5.424323081970215,-4.707155704498291,1
Clemson-DND_p309_c1_grm_std_uni,1,4.600211143493652,-3.7911834716796875,1
Clemson-DND_p309_c1_grm_std_uni,1,5.666319847106934,-4.836062908172607,1
Clemson-DND_p309_c1_grm_std_uni,1,6.769674301147461,-6.193459987640381,1
Clemson-DND_p309_c1_grm_std_uni,1,6.781556129455566,-6.36241340637207,1
Clemson-DND_p309_c1_grm_std_uni,1,5.535334587097168,-4.7673797607421875,1
Clemson-DND_p309_c1_grm_std_uni,1,5.381921291351318,-4.7616071701049805,1
Clemson-DND_p309_c1_grm_std_uni,1,5.985872745513916,-5.112428665161133,1
Clemson-DND_p309_c1_grm_std_uni,1,4.369827747344971,-3.337970018386841,1
Clemson-DND_p309_c1_grm_std_uni,1,3.8425939083099365,-2.807358980178833,1
Clemson-DND_p309_c1_grm_std_uni,1,4.691158771514893,-3.6949033737182617,1
Clemson-DND_p309_c1_grm_std_uni,1,4.579893589019775,-3.5863521099090576,1
Clemson-DND_p309_c1_grm_std_uni,1,4.587554454803467,-3.762721300125122,1
Clemson-DND_p309_c1_grm_std_uni,1,5.456372261047363,-4.397635459899902,1
Clemson-DND_p309_c1_grm_std_uni,1,5.238037586212158,-4.197481155395508,1
Clemson-DND_p309_c1_grm_std_uni,1,4.108356952667236,-3.366560935974121,1
Clemson-DND_p309_c1_grm_std_uni,1,4.4162445068359375,-3.595259666442871,1
Clemson-DND_p309_c1_grm_std_uni,1,5.887438774108887,-5.043771266937256,1
Clemson-DND_p309_c1_grm_std_uni,1,5.755815505981445,-4.981448173522949,1
Clemson-DND_p309_c1_grm_std_uni,1,4.435820579528809,-3.6569175720214844,1
Clemson-DND_p309_c1_grm_std_uni,1,3.301114559173584,-2.4249720573425293,1
Clemson-DND_p309_c1_grm_std_uni,1,4.074224472045898,-3.434548854827881,1
Clemson-DND_p309_c1_grm_std_uni,1,4.896462917327881,-4.294783592224121,1
Clemson-DND_p309_c1_grm_std_uni,1,5.604629993438721,-4.86774206161499,1
Clemson-DND_p309_c1_grm_std_uni,1,5.364911079406738,-4.7263593673706055,1
Clemson-DND_p309_c1_grm_std_uni,1,4.80641508102417,-4.156937599182129,1
Clemson-DND_p309_c1_grm_std_uni,1,5.121592998504639,-4.5164690017700195,1
Clemson-DND_p309_c1_grm_std_uni,1,4.454078674316406,-3.780808925628662,1
Clemson-DND_p309_c1_grm_std_uni,1,4.0909223556518555,-3.2827870845794678,1
Clemson-DND_p309_c1_grm_std_uni,1,4.309611797332764,-3.511389970779419,1
Clemson-DND_p309_c1_grm_std_uni,1,5.9470930099487305,-4.715528964996338,1
Clemson-DND_p309_c1_grm_std_uni,1,6.366393089294434,-5.264206409454346,1
Clemson-DND_p309_c1_grm_std_uni,1,6.114871025085449,-5.092498779296875,1
Clemson-DND_p309_c1_grm_std_uni,1,5.235068321228027,-4.498633861541748,1
Clemson-DND_p309_c1_grm_std_uni,1,4.421359539031982,-3.967759132385254,1
Clemson-DND_p309_c1_grm_std_uni,1,4.691816806793213,-3.9228556156158447,1
Clemson-DND_p309_c1_grm_std_uni,1,5.136603355407715,-4.237861156463623,1
Clemson-DND_p309_c1_grm_std_uni,1,5.1922173500061035,-3.8389275074005127,1
Clemson-DND_p309_c1_grm_std_uni,1,5.6932244300842285,-3.7592625617980957,1
Clemson-DND_p309_c1_grm_std_uni,1,5.89837646484375,-3.8703866004943848,1
Clemson-DND_p309_c1_grm_std_uni,1,5.739821434020996,-4.251924991607666,1
Clemson-DND_p309_c1_grm_std_uni,1,6.2614030838012695,-4.641544818878174,1
Clemson-DND_p309_c1_grm_std_uni,1,5.897044658660889,-4.4639387130737305,1
Clemson-DND_p309_c1_grm_std_uni,1,5.296059608459473,-4.24703311920166,1
Clemson-DND_p309_c1_grm_std_uni,1,5.5392022132873535,-4.535065174102783,1
Clemson-DND_p309_c1_grm_std_uni,1,5.604413032531738,-4.4930806159973145,1
Clemson-DND_p309_c1_grm_std_uni,1,5.516814708709717,-4.49473762512207,1
Clemson-DND_p309_c1_grm_std_uni,1,5.1360979080200195,-4.706489086151123,1
Clemson-DND_p309_c1_grm_std_uni,1,5.4651384353637695,-4.893884658813477,1
Clemson-DND_p309_c1_grm_std_uni,1,5.573668003082275,-5.002417087554932,1
Clemson-DND_p309_c1_grm_std_uni,1,5.530673027038574,-4.907721996307373,1
Clemson-DND_p309_c1_grm_std_uni,1,5.655158519744873,-4.788630962371826,1
Clemson-DND_p309_c1_grm_std_uni,1,5.799280166625977,-4.3623857498168945,1
Clemson-DND_p309_c1_grm_std_uni,1,6.460882663726807,-5.149662494659424,1
Clemson-DND_p309_c1_grm_std_uni,1,6.702287673950195,-5.342331886291504,1
Clemson-DND_p309_c1_grm_std_uni,1,6.457318305969238,-5.0092010498046875,1
Clemson-DND_p309_c1_grm_std_uni,1,6.247708797454834,-4.410055637359619,1
Clemson-DND_p309_c1_grm_std_uni,1,5.600983142852783,-3.628009796142578,1
Clemson-DND_p309_c1_grm_std_uni,1,5.422067165374756,-3.7382214069366455,1
Clemson-DND_p309_c1_grm_std_uni,1,4.865711688995361,-3.2620558738708496,1
Clemson-DND_p309_c1_grm_std_uni,1,4.8891777992248535,-3.2914247512817383,1
Clemson-DND_p309_c1_grm_std_uni,1,5.570014476776123,-3.9653992652893066,1
Clemson-DND_p309_c1_grm_std_uni,1,5.966784477233887,-4.782898426055908,1
Clemson-DND_p309_c1_grm_std_uni,1,6.18101692199707,-5.11951208114624,1
Clemson-DND_p309_c1_grm_std_uni,1,6.517927646636963,-5.11737585067749,1
Clemson-DND_p309_c1_grm_std_uni,1,6.5346198081970215,-5.017090320587158,1
Clemson-DND_p309_c1_grm_std_uni,1,6.6841888427734375,-5.130524158477783,1
Clemson-DND_p309_c1_grm_std_uni,1,6.185035705566406,-4.756789684295654,1
Clemson-DND_p309_c1_grm_std_uni,1,5.78660249710083,-4.379298210144043,1
Clemson-DND_p309_c1_grm_std_uni,1,5.551262378692627,-3.7864184379577637,1
Clemson-DND_p309_c1_grm_std_uni,1,5.389899730682373,-3.6847593784332275,1
Clemson-DND_p309_c1_grm_std_uni,1,5.4685282707214355,-3.90433406829834,1
Clemson-DND_p309_c1_grm_std_uni,1,4.8482184410095215,-3.6523029804229736,1
Clemson-DND_p309_c1_grm_std_uni,1,4.388486385345459,-3.3245532512664795,1
Clemson-DND_p309_c1_grm_std_uni,1,4.726493835449219,-3.284266233444214,1
Clemson-DND_p309_c1_grm_std_uni,1,5.21664571762085,-3.911604166030884,1
Clemson-DND_p309_c1_grm_std_uni,1,5.817461967468262,-4.463657855987549,1
Clemson-DND_p309_c1_grm_std_uni,1,6.136064052581787,-4.911848545074463,1
Clemson-DND_p309_c1_grm_std_uni,1,6.812164783477783,-5.562269687652588,1
Clemson-DND_p309_c1_grm_std_uni,1,7.297597408294678,-5.6473708152771,1
Clemson-DND_p309_c1_grm_std_uni,1,6.962001323699951,-5.343764305114746,1
Clemson-DND_p309_c1_grm_std_uni,1,6.783790588378906,-4.931214332580566,1
Clemson-DND_p309_c1_grm_std_uni,1,6.091805934906006,-4.271441459655762,1
Clemson-DND_p309_c1_grm_std_uni,1,5.844408988952637,-4.282670021057129,1
Clemson-DND_p309_c1_grm_std_uni,1,5.320989608764648,-3.7740957736968994,1
Clemson-DND_p309_c1_grm_std_uni,1,5.213940620422363,-3.4187731742858887,1
Clemson-DND_p309_c1_grm_std_uni,1,5.352648735046387,-3.7548296451568604,1
Clemson-DND_p309_c1_grm_std_uni,1,4.75515604019165,-3.191687822341919,1
Clemson-DND_p309_c1_grm_std_uni,1,4.1858954429626465,-2.7989301681518555,1
Clemson-DND_p309_c1_grm_std_uni,1,4.511075496673584,-3.5724568367004395,1
Clemson-DND_p309_c1_grm_std_uni,1,5.3725738525390625,-4.47703742980957,1
Clemson-DND_p309_c1_grm_std_uni,1,5.846121788024902,-4.583585262298584,1
Clemson-DND_p309_c1_grm_std_uni,1,5.982878684997559,-4.709300518035889,1
Clemson-DND_p309_c1_grm_std_uni,1,5.9374871253967285,-4.433924198150635,1
Clemson-DND_p309_c1_grm_std_uni,1,6.068625450134277,-4.499734401702881,1
Clemson-DND_p309_c1_grm_std_uni,1,6.304238796234131,-4.74140739440918,1
Clemson-DND_p309_c1_grm_std_uni,1,6.345925331115723,-4.728203773498535,1
Clemson-DND_p309_c1_grm_std_uni,1,6.016256332397461,-4.171239852905273,1
Clemson-DND_p309_c1_grm_std_uni,1,5.364517688751221,-3.6876370906829834,1
Clemson-DND_p309_c1_grm_std_uni,1,4.872174263000488,-3.50026535987854,1
Clemson-DND_p309_c1_grm_std_uni,1,4.80006742477417,-3.5239617824554443,1
Clemson-DND_p309_c1_grm_std_uni,1,4.950732231140137,-3.950319528579712,1
Clemson-DND_p309_c1_grm_std_uni,1,5.229212284088135,-4.2196855545043945,1
Clemson-DND_p309_c1_grm_std_uni,1,5.036391735076904,-4.010147571563721,1
Clemson-DND_p309_c1_grm_std_uni,1,4.777662754058838,-3.6877355575561523,1
Clemson-DND_p309_c1_grm_std_uni,1,4.745511531829834,-3.7125251293182373,1
Clemson-DND_p309_c1_grm_std_uni,1,4.968267440795898,-3.9090170860290527,1
Clemson-DND_p309_c1_grm_std_uni,1,4.857068061828613,-3.6745636463165283,1
Clemson-DND_p309_c1_grm_std_uni,1,4.951911449432373,-3.846487522125244,1
Clemson-DND_p309_c1_grm_std_uni,1,4.8638505935668945,-3.747253179550171,1
Clemson-DND_p309_c1_grm_std_uni,1,5.1110358238220215,-4.074265956878662,1
Clemson-DND_p309_c1_grm_std_uni,1,5.528632164001465,-4.684882164001465,1
Clemson-DND_p309_c1_grm_std_uni,1,5.5692291259765625,-4.693939208984375,1
Clemson-DND_p309_c1_grm_std_uni,1,5.760900020599365,-4.823544502258301,1
Clemson-DND_p309_c1_grm_std_uni,1,5.696397304534912,-4.713634014129639,1
Clemson-DND_p309_c1_grm_std_uni,1,5.67149543762207,-4.6108808517456055,1
Clemson-DND_p309_c1_grm_std_uni,1,5.452840805053711,-4.5342888832092285,1
Clemson-DND_p309_c1_grm_std_uni,1,5.529955863952637,-4.615814685821533,1
Clemson-DND_p309_c1_grm_std_uni,1,5.562071323394775,-4.734909534454346,1
Clemson-DND_p309_c1_grm_std_uni,1,5.834938049316406,-4.986947059631348,1
Clemson-DND_p309_c1_grm_std_uni,1,5.854836463928223,-4.853076457977295,1
Clemson-DND_p309_c1_grm_std_uni,1,5.945957660675049,-4.840581893920898,1
Clemson-DND_p309_c1_grm_std_uni,1,6.037965297698975,-5.053933143615723,1
Clemson-DND_p309_c1_grm_std_uni,1,5.554722785949707,-4.428858280181885,1
Clemson-DND_p309_c1_grm_std_uni,1,5.114857196807861,-4.218369483947754,1
Clemson-DND_p309_c1_grm_std_uni,1,5.123484134674072,-4.307370662689209,1
Clemson-DND_p309_c1_grm_std_uni,1,5.377366542816162,-4.370641708374023,1
Clemson-DND_p309_c1_grm_std_uni,1,5.363829612731934,-3.9442830085754395,1
Clemson-DND_p309_c1_grm_std_uni,1,5.3458991050720215,-3.766413927078247,1
Clemson-DND_p309_c1_grm_std_uni,1,4.79378080368042,-3.192831516265869,1
Clemson-DND_p309_c1_grm_std_uni,1,4.778130054473877,-3.3417069911956787,1
Clemson-DND_p309_c1_grm_std_uni,1,4.9399590492248535,-3.7044684886932373,1
Clemson-DND_p309_c1_grm_std_uni,1,4.813093662261963,-3.357714891433716,1
Clemson-DND_p309_c1_grm_std_uni,1,4.682985305786133,-3.07494854927063,1
Clemson-DND_p309_c1_grm_std_uni,1,4.793876647949219,-3.4218688011169434,1
Clemson-DND_p309_c1_grm_std_uni,1,4.469888210296631,-2.9398229122161865,1
Clemson-DND_p309_c1_grm_std_uni,1,4.193511486053467,-2.6425933837890625,1
Clemson-DND_p309_c1_grm_std_uni,1,4.8866987228393555,-3.5238451957702637,1
Clemson-DND_p309_c1_grm_std_uni,1,5.432549953460693,-4.10566520690918,1
Clemson-DND_p309_c1_grm_std_uni,1,5.547295093536377,-4.249566555023193,1
Clemson-DND_p309_c1_grm_std_uni,1,5.36464262008667,-4.145732402801514,1
Clemson-DND_p309_c1_grm_std_uni,1,5.770876407623291,-4.640960216522217,1
Clemson-DND_p309_c1_grm_std_uni,1,6.142651081085205,-4.827526569366455,1
Clemson-DND_p309_c1_grm_std_uni,1,6.480802536010742,-5.297725200653076,1
Clemson-DND_p309_c1_grm_std_uni,1,6.787186622619629,-5.68342924118042,1
Clemson-DND_p309_c1_grm_std_uni,1,6.78323221206665,-6.066006660461426,1
Clemson-DND_p309_c1_grm_std_uni,1,6.078745365142822,-5.4645676612854,1
Clemson-DND_p309_c1_grm_std_uni,1,5.862231254577637,-4.335424900054932,1
Clemson-DND_p309_c1_grm_std_uni,1,5.6370110511779785,-4.029371738433838,1
Clemson-DND_p309_c1_grm_std_uni,1,5.42774772644043,-4.202814102172852,1
Clemson-DND_p309_c1_grm_std_uni,1,5.216212749481201,-4.197065353393555,1
Clemson-DND_p309_c1_grm_std_uni,1,5.3253092765808105,-4.349557399749756,1
Clemson-DND_p309_c1_grm_std_uni,1,5.511880874633789,-4.493865966796875,1
Clemson-DND_p309_c1_grm_std_uni,1,5.808034896850586,-4.6551642417907715,1
Clemson-DND_p309_c1_grm_std_uni,1,6.042820930480957,-4.851196765899658,1
Clemson-DND_p309_c1_grm_std_uni,1,6.289017677307129,-5.168649673461914,1
Clemson-DND_p309_c1_grm_std_uni,1,6.794858932495117,-5.65826940536499,1
Clemson-DND_p309_c1_grm_std_uni,1,7.125042915344238,-5.777816295623779,1
Clemson-DND_p309_c1_grm_std_uni,1,7.16642427444458,-5.741912364959717,1
Clemson-DND_p309_c1_grm_std_uni,1,6.620398998260498,-5.271358966827393,1
Clemson-DND_p309_c1_grm_std_uni,1,6.006673812866211,-4.684098720550537,1
Clemson-DND_p309_c1_grm_std_uni,1,6.296095371246338,-5.067903518676758,1
Clemson-DND_p309_c1_grm_std_uni,1,6.598057746887207,-5.585884094238281,1
Clemson-DND_p309_c1_grm_std_uni,1,6.68177604675293,-5.8741607666015625,1
Clemson-DND_p309_c1_grm_std_uni,1,6.869208335876465,-6.00151252746582,1
Clemson-DND_p309_c1_grm_std_uni,1,6.9773149490356445,-6.0242414474487305,1
Clemson-DND_p309_c1_grm_std_uni,1,7.203101634979248,-6.347280979156494,1
Clemson-DND_p309_c1_grm_std_uni,1,7.621952533721924,-6.9311442375183105,1
Clemson-DND_p309_c1_grm_std_uni,1,7.996579170227051,-7.6657185554504395,1
Clemson-DND_p309_c1_grm_std_uni,1,8.187543869018555,-7.735899448394775,1
Clemson-DND_p309_c1_grm_std_uni,1,8.040448188781738,-7.714425563812256,1
Clemson-DND_p309_c1_grm_std_uni,1,7.917067527770996,-7.626518726348877,1
Clemson-DND_p309_c1_grm_std_uni,1,7.668644905090332,-7.379260540008545,1
Clemson-DND_p309_c1_grm_std_uni,1,7.465622901916504,-7.012112617492676,1
Clemson-DND_p309_c1_grm_std_uni,1,7.074691295623779,-6.332430362701416,1
Clemson-DND_p309_c1_grm_std_uni,1,7.164398670196533,-6.11976432800293,1
Clemson-DND_p309_c1_grm_std_uni,1,6.900656700134277,-6.485345840454102,1
Clemson-DND_p309_c1_grm_std_uni,1,6.592350482940674,-5.434483528137207,1
Clemson-DND_p309_c1_grm_std_uni,1,6.1812310218811035,-4.125410079956055,1
Clemson-DND_p309_c1_grm_std_uni,1,5.3165082931518555,-3.3776330947875977,1
Clemson-DND_p309_c1_grm_std_uni,1,4.760769367218018,-3.4148380756378174,1
Clemson-DND_p309_c1_grm_std_uni,1,4.633863925933838,-3.3844480514526367,1
Clemson-DND_p309_c1_grm_std_uni,1,4.536190509796143,-3.3281962871551514,1
Clemson-DND_p309_c1_grm_std_uni,1,5.193114757537842,-3.905637264251709,1
Clemson-DND_p309_c1_grm_std_uni,1,5.926392555236816,-4.808543682098389,1
Clemson-DND_p309_c1_grm_std_uni,1,6.203799247741699,-4.908099174499512,1
Clemson-DND_p309_c1_grm_std_uni,1,5.942596912384033,-4.454080581665039,1
Clemson-DND_p309_c1_grm_std_uni,1,6.187972068786621,-4.5629730224609375,1
Clemson-DND_p309_c1_grm_std_uni,1,6.225934982299805,-4.567561626434326,1
Clemson-DND_p309_c1_grm_std_uni,1,6.275327682495117,-4.329827785491943,1
Clemson-DND_p309_c1_grm_std_uni,1,5.910189628601074,-3.9741179943084717,1
Clemson-DND_p309_c1_grm_std_uni,1,5.505961894989014,-3.6268258094787598,1
Clemson-DND_p309_c1_grm_std_uni,1,5.200381278991699,-3.592003345489502,1
Clemson-DND_p309_c1_grm_std_uni,1,4.586057186126709,-3.382704496383667,1
Clemson-DND_p309_c1_grm_std_uni,1,5.0781097412109375,-3.663160562515259,1
Clemson-DND_p309_c1_grm_std_uni,1,5.572595596313477,-4.409063339233398,1
Clemson-DND_p309_c1_grm_std_uni,1,5.559079170227051,-4.6889328956604,1
Clemson-DND_p309_c1_grm_std_uni,1,5.429048538208008,-4.911899089813232,1
Clemson-DND_p309_c1_grm_std_uni,1,5.527839183807373,-4.489660739898682,1
Clemson-DND_p309_c1_grm_std_uni,1,5.442460060119629,-4.414562702178955,1
Clemson-DND_p309_c1_grm_std_uni,1,5.0847249031066895,-3.8617053031921387,1
Clemson-DND_p309_c1_grm_std_uni,1,4.847050189971924,-3.599935293197632,1
Clemson-DND_p309_c1_grm_std_uni,1,4.98936128616333,-3.915924072265625,1
Clemson-DND_p309_c1_grm_std_uni,1,5.004227638244629,-3.9312968254089355,1
Clemson-DND_p309_c1_grm_std_uni,1,4.958320617675781,-3.976569890975952,1
Clemson-DND_p309_c1_grm_std_uni,1,5.095283031463623,-3.9461276531219482,1
Clemson-DND_p309_c1_grm_std_uni,1,4.857117176055908,-3.6136298179626465,1
Clemson-DND_p309_c1_grm_std_uni,2,4.7469658851623535,-3.6982829570770264,1
Clemson-DND_p309_c1_grm_std_uni,1,5.332432746887207,-4.362123489379883,1
Clemson-DND_p309_c1_grm_std_uni,1,5.404734134674072,-4.470277786254883,1
Clemson-DND_p309_c1_grm_std_uni,1,5.62732458114624,-4.488534927368164,1
Clemson-DND_p309_c1_grm_std_uni,1,5.803790092468262,-4.525901794433594,1
Clemson-DND_p309_c1_grm_std_uni,1,5.790792465209961,-4.5041022300720215,1
Clemson-DND_p309_c1_grm_std_uni,1,5.685354709625244,-4.32533073425293,1
Clemson-DND_p309_c1_grm_std_uni,1,6.266952037811279,-4.902939796447754,1
Clemson-DND_p309_c1_grm_std_uni,1,6.599830150604248,-5.1557745933532715,1
Clemson-DND_p309_c1_grm_std_uni,1,6.8764543533325195,-5.252978801727295,1
Clemson-DND_p309_c1_grm_std_uni,1,6.714622974395752,-5.273400783538818,1
Clemson-DND_p309_c1_grm_std_uni,1,6.101656436920166,-4.759548664093018,1
Clemson-DND_p309_c1_grm_std_uni,1,5.407034873962402,-4.062469005584717,1
Clemson-DND_p309_c1_grm_std_uni,1,5.164861679077148,-4.052823543548584,1
Clemson-DND_p309_c1_grm_std_uni,1,5.107412815093994,-4.139468193054199,1
Clemson-DND_p309_c1_grm_std_uni,1,4.938981056213379,-4.031467914581299,1
Clemson-DND_p309_c1_grm_std_uni,1,5.053853988647461,-4.4817938804626465,1
Clemson-DND_p309_c1_grm_std_uni,1,5.45866584777832,-4.470870018005371,1
Clemson-DND_p309_c1_grm_std_uni,1,5.576654434204102,-4.2162981033325195,1
Clemson-DND_p309_c1_grm_std_uni,1,5.3136887550354,-3.4709486961364746,1
Clemson-DND_p309_c1_grm_std_uni,1,4.942628860473633,-3.3641903400421143,1
Clemson-DND_p309_c1_grm_std_uni,1,4.430508613586426,-3.326617479324341,1
Clemson-DND_p309_c1_grm_std_uni,1,4.701521396636963,-3.6852097511291504,1
Clemson-DND_p309_c1_grm_std_uni,1,4.276159763336182,-3.4483983516693115,1
Clemson-DND_p309_c1_grm_std_uni,1,4.494887351989746,-3.4516332149505615,1
Clemson-DND_p309_c1_grm_std_uni,1,5.384060859680176,-4.49124002456665,1
Clemson-DND_p309_c1_grm_std_uni,1,5.375111103057861,-4.473503589630127,1
Clemson-DND_p309_c1_grm_std_uni,1,5.613974094390869,-4.495931148529053,1
Clemson-DND_p309_c1_grm_std_uni,1,5.992647171020508,-4.690828323364258,1
Clemson-DND_p309_c1_grm_std_uni,1,5.799117565155029,-4.2388081550598145,1
Clemson-DND_p309_c1_grm_std_uni,1,5.894650459289551,-4.308350086212158,1
Clemson-DND_p309_c1_grm_std_uni,1,5.827221393585205,-4.241926193237305,1
Clemson-DND_p309_c1_grm_std_uni,1,5.87581205368042,-4.308064937591553,1
Clemson-DND_p309_c1_grm_std_uni,1,5.848418235778809,-4.4748711585998535,1
Clemson-DND_p309_c1_grm_std_uni,1,5.816597938537598,-3.9665138721466064,1
Clemson-DND_p309_c1_grm_std_uni,1,5.096795558929443,-3.507786750793457,1
Clemson-DND_p309_c1_grm_std_uni,1,6.233294486999512,-4.079417705535889,1
Clemson-DND_p309_c1_grm_std_uni,1,6.751285076141357,-4.841685771942139,1
Clemson-DND_p309_c1_grm_std_uni,1,6.593290328979492,-4.60068941116333,1
Clemson-DND_p309_c1_grm_std_uni,1,6.302649974822998,-5.994685649871826,1
Clemson-DND_p309_c1_grm_std_uni,1,7.155284404754639,-6.712002754211426,1
Clemson-DND_p309_c1_grm_std_uni,1,6.873254299163818,-6.544498920440674,1
Clemson-DND_p309_c1_grm_std_uni,1,7.14682674407959,-6.337724208831787,1
Clemson-DND_p309_c1_grm_std_uni,1,7.6595354080200195,-6.737948894500732,1
Clemson-DND_p309_c1_grm_std_uni,1,7.1803178787231445,-5.99160099029541,1
Clemson-DND_p309_c1_grm_std_uni,1,6.1503987312316895,-4.610100269317627,1
Clemson-DND_p309_c1_grm_std_uni,1,5.132870197296143,-3.7060511112213135,1
Clemson-DND_p309_c1_grm_std_uni,1,4.616326332092285,-3.4955852031707764,1
Clemson-DND_p309_c1_grm_std_uni,1,5.856870174407959,-4.5757856369018555,1
Clemson-DND_p309_c1_grm_std_uni,1,6.644377708435059,-5.545321464538574,1
Clemson-DND_p309_c1_grm_std_uni,1,6.598475456237793,-5.536369800567627,1
Clemson-DND_p309_c1_grm_std_uni,1,5.48491096496582,-4.757241725921631,1
Clemson-DND_p309_c1_grm_std_uni,1,4.934625625610352,-4.261536598205566,1
Clemson-DND_p309_c1_grm_std_uni,1,4.143064975738525,-3.5465781688690186,1
Clemson-DND_p309_c1_grm_std_uni,1,4.318424701690674,-3.593186855316162,1
Clemson-DND_p309_c1_grm_std_uni,1,5.5122151374816895,-4.488296031951904,1
Clemson-DND_p309_c1_grm_std_uni,1,5.696306228637695,-4.615487575531006,1
Clemson-DND_p309_c1_grm_std_uni,1,4.758585453033447,-3.9151484966278076,1
Clemson-DND_p309_c1_grm_std_uni,1,4.574024677276611,-3.732555389404297,1
Clemson-DND_p309_c1_grm_std_uni,1,4.324712753295898,-3.4747378826141357,1
Clemson-DND_p309_c1_grm_std_uni,1,5.00285530090332,-4.001122951507568,1
Clemson-DND_p309_c1_grm_std_uni,1,5.339723587036133,-4.17868709564209,1
Clemson-DND_p309_c1_grm_std_uni,1,4.542232990264893,-3.548278331756592,1
Clemson-DND_p309_c1_grm_std_uni,1,3.973667621612549,-3.0700180530548096,1
Clemson-DND_p309_c1_grm_std_uni,1,4.160992622375488,-3.2751564979553223,1
Clemson-DND_p309_c1_grm_std_uni,1,4.333674907684326,-3.3833670616149902,1
Clemson-DND_p309_c1_grm_std_uni,1,4.757180690765381,-3.6877191066741943,1
Clemson-DND_p309_c1_grm_std_uni,1,5.269547462463379,-4.147911548614502,1
Clemson-DND_p309_c1_grm_std_uni,1,5.356405735015869,-4.294326305389404,1
Clemson-DND_p309_c1_grm_std_uni,1,4.763922214508057,-3.7772116661071777,1
Clemson-DND_p309_c1_grm_std_uni,1,4.036668300628662,-3.2768490314483643,1
Clemson-DND_p309_c1_grm_std_uni,1,3.4738457202911377,-2.8288815021514893,1
Clemson-DND_p309_c1_grm_std_uni,1,3.641278028488159,-2.8554580211639404,1
Clemson-DND_p309_c1_grm_std_uni,1,3.8098299503326416,-2.9424846172332764,1
Clemson-DND_p309_c1_grm_std_uni,1,4.32183313369751,-3.3397815227508545,1
Clemson-DND_p309_c1_grm_std_uni,1,5.014101982116699,-3.7657840251922607,1
Clemson-DND_p309_c1_grm_std_uni,1,5.12237548828125,-3.966665029525757,1
Clemson-DND_p309_c1_grm_std_uni,1,5.2898359298706055,-4.022019386291504,1
Clemson-DND_p309_c1_grm_std_uni,1,4.986969947814941,-3.7595293521881104,1
Clemson-DND_p309_c1_grm_std_uni,1,5.059967041015625,-3.7706117630004883,1
Clemson-DND_p309_c1_grm_std_uni,1,5.154675006866455,-3.8510429859161377,1
Clemson-DND_p309_c1_grm_std_uni,1,4.7001824378967285,-3.516294240951538,1
Clemson-DND_p309_c1_grm_std_uni,1,4.440179347991943,-3.321478843688965,1
Clemson-DND_p309_c1_grm_std_uni,1,3.807469367980957,-2.895831346511841,1
Clemson-DND_p309_c1_grm_std_uni,1,3.8457934856414795,-3.078826427459717,1
Clemson-DND_p309_c1_grm_std_uni,1,4.072181701660156,-3.3223822116851807,1
Clemson-DND_p309_c1_grm_std_uni,1,4.564743518829346,-3.7144293785095215,1
Clemson-DND_p309_c1_grm_std_uni,1,4.727534770965576,-3.927720546722412,1
Clemson-DND_p309_c1_grm_std_uni,1,4.319199085235596,-3.7004427909851074,1
Clemson-DND_p309_c1_grm_std_uni,1,3.194808006286621,-2.8147201538085938,1
Clemson-DND_p309_c1_grm_std_uni,1,2.3402669429779053,-1.9844850301742554,1
Clemson-DND_p309_c1_grm_std_uni,1,3.691479444503784,-3.5248937606811523,1
Clemson-DND_p309_c1_grm_std_uni,1,5.43766450881958,-4.792564392089844,1
Clemson-DND_p309_c1_grm_std_uni,1,5.763937950134277,-4.938347339630127,1
Clemson-DND_p309_c1_grm_std_uni,1,5.752251625061035,-4.957528591156006,1
Clemson-DND_p309_c1_grm_std_uni,1,5.036387920379639,-4.4646196365356445,1
Clemson-DND_p309_c1_grm_std_uni,1,3.889376163482666,-3.690732717514038,1
Clemson-DND_p309_c1_grm_std_uni,1,3.1761345863342285,-3.201366424560547,1
Clemson-DND_p309_c1_grm_std_uni,1,3.8793365955352783,-3.7796669006347656,1
Clemson-DND_p309_c1_grm_std_uni,1,4.765517711639404,-4.297799110412598,1
Clemson-DND_p309_c1_grm_std_uni,1,5.360442161560059,-4.54578971862793,1
Clemson-DND_p309_c1_grm_std_uni,1,5.814616680145264,-4.723150730133057,1
Clemson-DND_p309_c1_grm_std_uni,1,5.7696075439453125,-4.700963497161865,1
Clemson-DND_p309_c1_grm_std_uni,1,5.573968410491943,-4.515060901641846,1
Clemson-DND_p309_c1_grm_std_uni,1,5.101289749145508,-4.1132426261901855,1
Clemson-DND_p309_c1_grm_std_uni,1,4.440190315246582,-3.515211343765259,1
Clemson-DND_p309_c1_grm_std_uni,1,3.782787561416626,-2.9090609550476074,1
Clemson-DND_p309_c1_grm_std_uni,1,3.5736210346221924,-2.778151273727417,1
Clemson-DND_p309_c1_grm_std_uni,1,3.958296298980713,-3.290682554244995,1
Clemson-DND_p309_c1_grm_std_uni,1,4.382064342498779,-3.639500856399536,1
Clemson-DND_p309_c1_grm_std_uni,1,4.527847766876221,-3.6903040409088135,1
Clemson-DND_p309_c1_grm_std_uni,1,4.131415367126465,-3.41467547416687,1
Clemson-DND_p309_c1_grm_std_uni,1,3.88049578666687,-3.2986574172973633,1
Clemson-DND_p309_c1_grm_std_uni,1,3.5710785388946533,-3.05033540725708,1
Clemson-DND_p309_c1_grm_std_uni,1,3.565944194793701,-3.0478932857513428,1
Clemson-DND_p309_c1_grm_std_uni,1,3.9704177379608154,-3.4285268783569336,1
Clemson-DND_p309_c1_grm_std_uni,1,4.383370876312256,-3.8095526695251465,1
Clemson-DND_p309_c1_grm_std_uni,1,4.650535583496094,-3.929163694381714,1
Clemson-DND_p309_c1_grm_std_uni,1,4.905076503753662,-3.99137544631958,1
Clemson-DND_p309_c1_grm_std_uni,1,5.092431545257568,-4.06594705581665,1
Clemson-DND_p309_c1_grm_std_uni,1,5.199616432189941,-4.105351448059082,1
Clemson-DND_p309_c1_grm_std_uni,1,4.8257155418396,-3.8534481525421143,1
Clemson-DND_p309_c1_grm_std_uni,1,4.35947847366333,-3.511666774749756,1
Clemson-DND_p309_c1_grm_std_uni,1,3.9156830310821533,-3.1994452476501465,1
Clemson-DND_p309_c1_grm_std_uni,1,4.074663162231445,-3.3430557250976562,1
Clemson-DND_p309_c1_grm_std_uni,1,4.551750659942627,-3.6779122352600098,1
Clemson-DND_p309_c1_grm_std_uni,1,4.918036937713623,-3.921689748764038,1
Clemson-DND_p309_c1_grm_std_uni,1,4.87082052230835,-3.9146347045898438,1
Clemson-DND_p309_c1_grm_std_uni,1,4.84393835067749,-3.932542085647583,1
Clemson-DND_p309_c1_grm_std_uni,1,4.827731132507324,-3.941542863845825,1
Clemson-DND_p309_c1_grm_std_uni,1,4.706121921539307,-3.8675897121429443,1
Clemson-DND_p309_c1_grm_std_uni,1,4.427208423614502,-3.6379849910736084,1
Clemson-DND_p309_c1_grm_std_uni,1,4.534433364868164,-3.649254322052002,1
Clemson-DND_p309_c1_grm_std_uni,1,4.542190074920654,-3.599998712539673,1
Clemson-DND_p309_c1_grm_std_uni,1,4.082257270812988,-3.2824997901916504,1
Clemson-DND_p309_c1_grm_std_uni,1,4.034846782684326,-3.246554374694824,1
Clemson-DND_p309_c1_grm_std_uni,1,4.039414882659912,-3.2332117557525635,1
Clemson-DND_p309_c1_grm_std_uni,1,4.144869327545166,-3.28141450881958,1
Clemson-DND_p309_c1_grm_std_uni,1,4.260953426361084,-3.35678768157959,1
Clemson-DND_p309_c1_grm_std_uni,1,4.368624210357666,-3.4894497394561768,1
Clemson-DND_p309_c1_grm_std_uni,1,4.21693229675293,-3.418151617050171,1
Clemson-DND_p309_c1_grm_std_uni,1,4.3781914710998535,-3.5286052227020264,1
Clemson-DND_p309_c1_grm_std_uni,1,4.507058143615723,-3.615574836730957,1
Clemson-DND_p309_c1_grm_std_uni,1,4.476624965667725,-3.5990958213806152,1
Clemson-DND_p309_c1_grm_std_uni,1,4.2416205406188965,-3.4299521446228027,1
Clemson-DND_p309_c1_grm_std_uni,1,4.160933017730713,-3.2847511768341064,1
Clemson-DND_p309_c1_grm_std_uni,1,4.315001010894775,-3.3908791542053223,1
Clemson-DND_p309_c1_grm_std_uni,1,4.494913578033447,-3.4563913345336914,1
Clemson-DND_p309_c1_grm_std_uni,1,4.105865955352783,-3.125946044921875,1
Clemson-DND_p309_c1_grm_std_uni,1,3.63950514793396,-2.7173218727111816,1
Clemson-DND_p309_c1_grm_std_uni,1,3.475926399230957,-2.7138524055480957,1
Clemson-DND_p309_c1_grm_std_uni,1,3.6174440383911133,-3.002152442932129,1
Clemson-DND_p309_c1_grm_std_uni,1,4.067133903503418,-3.3379361629486084,1
Clemson-DND_p309_c1_grm_std_uni,1,4.539281368255615,-3.6386778354644775,1
Clemson-DND_p309_c1_grm_std_uni,1,4.5653767585754395,-3.682520866394043,1
Clemson-DND_p309_c1_grm_std_uni,1,4.382050514221191,-3.5953783988952637,1
Clemson-DND_p309_c1_grm_std_uni,1,4.2729411125183105,-3.5164272785186768,1
Clemson-DND_p309_c1_grm_std_uni,1,4.3573503494262695,-3.554400682449341,1
Clemson-DND_p309_c1_grm_std_uni,1,4.476635456085205,-3.6391241550445557,1
Clemson-DND_p309_c1_grm_std_uni,1,4.41851806640625,-3.633796215057373,1
Clemson-DND_p309_c1_grm_std_uni,1,4.463974952697754,-3.6656174659729004,1
Clemson-DND_p309_c1_grm_std_uni,1,4.594379901885986,-3.7793285846710205,1
Clemson-DND_p309_c1_grm_std_uni,1,4.580596923828125,-3.828016996383667,1
Clemson-DND_p309_c1_grm_std_uni,1,4.445679187774658,-3.759937047958374,1
Clemson-DND_p309_c1_grm_std_uni,1,4.053376197814941,-3.3861587047576904,1
Clemson-DND_p309_c1_grm_std_uni,1,4.004942417144775,-3.272723436355591,1
Clemson-DND_p309_c1_grm_std_uni,1,3.920466661453247,-3.146186351776123,1
Clemson-DND_p309_c1_grm_std_uni,1,4.265319347381592,-3.4294393062591553,1
Clemson-DND_p309_c1_grm_std_uni,1,4.401555061340332,-3.5217764377593994,1
Clemson-DND_p309_c1_grm_std_uni,1,4.331872940063477,-3.3647067546844482,1
Clemson-DND_p309_c1_grm_std_uni,1,4.064253807067871,-3.077298402786255,1
Clemson-DND_p309_c1_grm_std_uni,1,4.301868915557861,-3.348522901535034,1
Clemson-DND_p309_c1_grm_std_uni,1,3.820843458175659,-2.9767889976501465,1
Clemson-DND_p309_c1_grm_std_uni,1,3.4903860092163086,-2.7678658962249756,1
Clemson-DND_p309_c1_grm_std_uni,1,3.312429904937744,-2.738906145095825,1
Clemson-DND_p309_c1_grm_std_uni,1,3.590813159942627,-2.9191653728485107,1
Clemson-DND_p309_c1_grm_std_uni,1,3.76908540725708,-3.017606019973755,1
Clemson-DND_p309_c1_grm_std_uni,1,3.9570538997650146,-3.1859164237976074,1
Clemson-DND_p309_c1_grm_std_uni,1,4.01002836227417,-3.280811071395874,1
Clemson-DND_p309_c1_grm_std_uni,1,4.050018310546875,-3.362010955810547,1
Clemson-DND_p309_c1_grm_std_uni,1,4.50601053237915,-3.625295400619507,1
Clemson-DND_p309_c1_grm_std_uni,1,4.736975193023682,-3.7776615619659424,1
Clemson-DND_p309_c1_grm_std_uni,1,4.571074962615967,-3.7215802669525146,1
Clemson-DND_p309_c1_grm_std_uni,1,3.9968245029449463,-3.285794496536255,1
Clemson-DND_p309_c1_grm_std_uni,1,3.3266072273254395,-2.7309529781341553,1
Clemson-DND_p309_c1_grm_std_uni,1,3.103294849395752,-2.665498971939087,1
Clemson-DND_p309_c1_grm_std_uni,1,3.38081693649292,-3.157972574234009,1
Clemson-DND_p309_c1_grm_std_uni,1,3.9454503059387207,-3.6948769092559814,1
Clemson-DND_p309_c1_grm_std_uni,1,4.759575366973877,-4.170847415924072,1
Clemson-DND_p309_c1_grm_std_uni,1,5.091920852661133,-4.2920026779174805,1
Clemson-DND_p309_c1_grm_std_uni,1,5.051361083984375,-4.240251064300537,1
Clemson-DND_p309_c1_grm_std_uni,1,4.696661472320557,-3.9714369773864746,1
Clemson-DND_p309_c1_grm_std_uni,1,4.35650110244751,-3.7039806842803955,1
Clemson-DND_p309_c1_grm_std_uni,1,4.540452480316162,-3.77095627784729,1
Clemson-DND_p309_c1_grm_std_uni,1,4.91019344329834,-3.9726197719573975,1
Clemson-DND_p309_c1_grm_std_uni,1,4.901551246643066,-3.970716953277588,1
Clemson-DND_p309_c1_grm_std_uni,1,4.519854545593262,-3.6312217712402344,1
Clemson-DND_p309_c1_grm_std_uni,1,3.7331855297088623,-2.8203999996185303,1
Clemson-DND_p309_c1_grm_std_uni,1,3.6352179050445557,-2.752865791320801,1
Clemson-DND_p309_c1_grm_std_uni,1,3.9314064979553223,-3.061215400695801,1
Clemson-DND_p309_c1_grm_std_uni,1,4.28976583480835,-3.326169013977051,1
Clemson-DND_p309_c1_grm_std_uni,1,4.556692123413086,-3.536388397216797,1
Clemson-DND_p309_c1_grm_std_uni,1,4.7361531257629395,-3.6849982738494873,1
Clemson-DND_p309_c1_grm_std_uni,1,4.514298439025879,-3.5189950466156006,1
Clemson-DND_p309_c1_grm_std_uni,1,4.231950759887695,-3.314567804336548,1
Clemson-DND_p309_c1_grm_std_uni,1,3.93550181388855,-3.1526942253112793,1
Clemson-DND_p309_c1_grm_std_uni,1,3.8204469680786133,-3.1625726222991943,1
Clemson-DND_p309_c1_grm_std_uni,1,3.9676008224487305,-3.2697556018829346,1
Clemson-DND_p309_c1_grm_std_uni,1,4.244537830352783,-3.4025301933288574,1
Clemson-DND_p309_c1_grm_std_uni,1,4.258090019226074,-3.42169451713562,1
Clemson-DND_p309_c1_grm_std_uni,1,3.894821882247925,-3.1052563190460205,1
Clemson-DND_p309_c1_grm_std_uni,1,3.591951608657837,-2.9546329975128174,1
Clemson-DND_p309_c1_grm_std_uni,1,3.3489184379577637,-2.8515641689300537,1
Clemson-DND_p309_c1_grm_std_uni,1,3.2978880405426025,-2.8978147506713867,1
Clemson-DND_p309_c1_grm_std_uni,1,3.8037807941436768,-3.20890212059021,1
Clemson-DND_p309_c1_grm_std_uni,1,3.9738640785217285,-3.260762929916382,1
Clemson-DND_p309_c1_grm_std_uni,1,4.454724311828613,-3.5089447498321533,1
Clemson-DND_p309_c1_grm_std_uni,1,4.941691875457764,-3.846722364425659,1
Clemson-DND_p309_c1_grm_std_uni,1,5.462385177612305,-4.166849613189697,1
Clemson-DND_p309_c1_grm_std_uni,1,5.353222846984863,-4.279469013214111,1
Clemson-DND_p309_c1_grm_std_uni,1,4.860207557678223,-3.92657470703125,1
Clemson-DND_p309_c1_grm_std_uni,1,4.722650051116943,-3.8353614807128906,1
Clemson-DND_p309_c1_grm_std_uni,1,4.827694892883301,-3.9577436447143555,1
Clemson-DND_p309_c1_grm_std_uni,1,4.88388204574585,-4.15017557144165,1
Clemson-DND_p309_c1_grm_std_uni,1,5.660719394683838,-4.74220609664917,1
Clemson-DND_p309_c1_grm_std_uni,1,6.449102878570557,-5.392341136932373,1
Clemson-DND_p309_c1_grm_std_uni,1,6.782763957977295,-5.753594875335693,1
Clemson-DND_p309_c1_grm_std_uni,1,6.246743202209473,-5.3473029136657715,1
Clemson-DND_p309_c1_grm_std_uni,1,5.149329662322998,-4.310952186584473,1
Clemson-DND_p309_c1_grm_std_uni,1,5.676827430725098,-4.887277126312256,1
Clemson-DND_p309_c1_grm_std_uni,1,5.792296409606934,-5.053354740142822,1
Clemson-DND_p309_c1_grm_std_uni,1,5.8806281089782715,-5.087142467498779,1
Clemson-DND_p309_c1_grm_std_uni,1,5.577250957489014,-5.010522365570068,1
Clemson-DND_p309_c1_grm_std_uni,1,5.9586663246154785,-5.299683094024658,1
Clemson-DND_p309_c1_grm_std_uni,1,5.139798164367676,-4.383588790893555,1
Clemson-DND_p309_c1_grm_std_uni,1,4.699869632720947,-3.932865858078003,1
Clemson-DND_p309_c1_grm_std_uni,1,5.697913646697998,-5.776309490203857,1
Clemson-DND_p309_c1_grm_std_uni,1,6.115592002868652,-5.160139083862305,1
Clemson-DND_p309_c1_grm_std_uni,1,5.798721790313721,-4.872934818267822,1
Clemson-DND_p309_c1_grm_std_uni,1,5.307051658630371,-4.419083595275879,1
Clemson-DND_p309_c1_grm_std_uni,1,5.333277225494385,-4.26847505569458,1
Clemson-DND_p309_c1_grm_std_uni,1,5.2371392250061035,-3.982415199279785,1
Clemson-DND_p309_c1_grm_std_uni,1,5.370944023132324,-4.046321868896484,1
Clemson-DND_p309_c1_grm_std_uni,1,5.557373523712158,-4.5273332595825195,1
Clemson-DND_p309_c1_grm_std_uni,1,6.048807621002197,-4.872641086578369,1
Clemson-DND_p309_c1_grm_std_uni,1,5.605988025665283,-4.172964096069336,1
Clemson-DND_p309_c1_grm_std_uni,1,6.400157451629639,-4.784818649291992,1
Clemson-DND_p309_c1_grm_std_uni,1,6.389082431793213,-4.854730606079102,1
Clemson-DND_p309_c1_grm_std_uni,1,6.389244556427002,-5.348992824554443,1
Clemson-DND_p309_c1_grm_std_uni,1,6.374631404876709,-5.557401180267334,1
Clemson-DND_p309_c1_grm_std_uni,1,6.050720691680908,-5.263673305511475,1
Clemson-DND_p309_c1_grm_std_uni,1,4.941300868988037,-4.055444717407227,1
Clemson-DND_p309_c1_grm_std_uni,1,5.4004387855529785,-4.088206768035889,1
Clemson-DND_p309_c1_grm_std_uni,1,5.5241851806640625,-4.514440536499023,1
Clemson-DND_p309_c1_grm_std_uni,1,5.56151008605957,-4.575873851776123,1
Clemson-DND_p309_c1_grm_std_uni,1,5.754106044769287,-4.190471172332764,1
Clemson-DND_p309_c1_grm_std_uni,1,5.604875087738037,-4.093749046325684,1
Clemson-DND_p309_c1_grm_std_uni,1,5.0651397705078125,-3.631169319152832,1
Clemson-DND_p309_c1_grm_std_uni,1,5.088781356811523,-3.57377290725708,1
Clemson-DND_p309_c1_grm_std_uni,1,5.097276210784912,-3.5852534770965576,1
Clemson-DND_p309_c1_grm_std_uni,1,5.4702229499816895,-4.168857097625732,1
Clemson-DND_p309_c1_grm_std_uni,1,5.7473368644714355,-4.575618267059326,1
Clemson-DND_p309_c1_grm_std_uni,1,6.003001689910889,-4.700841903686523,1
Clemson-DND_p309_c1_grm_std_uni,1,5.933800220489502,-4.873463153839111,1
Clemson-DND_p309_c1_grm_std_uni,1,5.687716007232666,-4.448702335357666,1
Clemson-DND_p309_c1_grm_std_uni,1,5.771914958953857,-4.768479824066162,1
Clemson-DND_p309_c1_grm_std_uni,1,5.898108959197998,-5.001729488372803,1
Clemson-DND_p309_c1_grm_std_uni,1,6.154671669006348,-4.926440715789795,1
Clemson-DND_p309_c1_grm_std_uni,1,6.609553337097168,-5.227503776550293,1
Clemson-DND_p309_c1_grm_std_uni,1,5.521580696105957,-3.866076946258545,1
Clemson-DND_p309_c1_grm_std_uni,1,5.048023700714111,-3.910305976867676,1
Clemson-DND_p309_c1_grm_std_uni,1,4.632970809936523,-3.3569209575653076,1
Clemson-DND_p309_c1_grm_std_uni,1,4.735674858093262,-3.4746649265289307,1
Clemson-DND_p309_c1_grm_std_uni,1,5.152372360229492,-4.158450126647949,1
Clemson-DND_p309_c1_grm_std_uni,1,5.842416763305664,-4.928194522857666,1
Clemson-DND_p309_c1_grm_std_uni,1,6.010998725891113,-5.019300937652588,1
Clemson-DND_p309_c1_grm_std_uni,1,6.578848361968994,-5.419942378997803,1
Clemson-DND_p309_c1_grm_std_uni,1,6.202066421508789,-4.774891376495361,1
Clemson-DND_p309_c1_grm_std_uni,1,6.430429458618164,-4.984957218170166,1
Clemson-DND_p309_c1_grm_std_uni,1,6.309161186218262,-4.876821994781494,1
Clemson-DND_p309_c1_grm_std_uni,1,5.7340826988220215,-3.930696964263916,1
Clemson-DND_p309_c1_grm_std_uni,1,5.360982894897461,-3.6503283977508545,1
Clemson-DND_p309_c1_grm_std_uni,1,5.116135597229004,-3.740856885910034,1
Clemson-DND_p309_c1_grm_std_uni,1,4.921669006347656,-3.5361859798431396,1
Clemson-DND_p309_c1_grm_std_uni,1,4.984242916107178,-3.9004786014556885,1
Clemson-DND_p309_c1_grm_std_uni,1,4.759055137634277,-3.9436659812927246,1
Clemson-DND_p309_c1_grm_std_uni,1,4.995516300201416,-4.35814094543457,1
Clemson-DND_p309_c1_grm_std_uni,1,5.366967678070068,-4.656951427459717,1
Clemson-DND_p309_c1_grm_std_uni,1,5.549426555633545,-4.634853839874268,1
Clemson-DND_p309_c1_grm_std_uni,1,6.623588562011719,-5.529292106628418,1
Clemson-DND_p309_c1_grm_std_uni,1,6.494214057922363,-5.446183681488037,1
Clemson-DND_p309_c1_grm_std_uni,1,6.347487449645996,-5.373463153839111,1
Clemson-DND_p309_c1_grm_std_uni,1,5.944222450256348,-4.909738063812256,1
Clemson-DND_p309_c1_grm_std_uni,1,6.089451789855957,-4.717466354370117,1
Clemson-DND_p309_c1_grm_std_uni,1,5.465448379516602,-4.351446151733398,1
Clemson-DND_p309_c1_grm_std_uni,1,4.346460342407227,-3.1784255504608154,1
Clemson-DND_p309_c1_grm_std_uni,1,4.354104518890381,-2.6200366020202637,1
Clemson-DND_p309_c1_grm_std_uni,1,4.711331367492676,-3.1534972190856934,1
Clemson-DND_p309_c1_grm_std_uni,1,4.587798118591309,-3.077605962753296,1
Clemson-DND_p309_c1_grm_std_uni,1,4.406761646270752,-2.8330864906311035,1
Clemson-DND_p309_c1_grm_std_uni,1,4.865952968597412,-3.5510642528533936,1
Clemson-DND_p309_c1_grm_std_uni,1,4.924421787261963,-3.8052306175231934,1
Clemson-DND_p309_c1_grm_std_uni,1,5.179790019989014,-3.805549144744873,1
Clemson-DND_p309_c1_grm_std_uni,1,4.879327297210693,-3.4608359336853027,1
Clemson-DND_p309_c1_grm_std_uni,1,4.862761974334717,-3.5689916610717773,1
Clemson-DND_p309_c1_grm_std_uni,1,4.76015043258667,-3.401895761489868,1
Clemson-DND_p309_c1_grm_std_uni,1,5.497666358947754,-4.146533489227295,1
Clemson-DND_p309_c1_grm_std_uni,1,5.610450744628906,-4.352856159210205,1
Clemson-DND_p309_c1_grm_std_uni,1,5.948935031890869,-4.538130283355713,1
Clemson-DND_p309_c1_grm_std_uni,1,5.806683540344238,-4.577102184295654,1
Clemson-DND_p309_c1_grm_std_uni,1,5.825436115264893,-4.623582363128662,1
Clemson-DND_p309_c1_grm_std_uni,1,5.646204471588135,-4.580458164215088,1
Clemson-DND_p309_c1_grm_std_uni,1,5.731101989746094,-4.546544551849365,1
Clemson-DND_p309_c1_grm_std_uni,1,5.590337753295898,-4.187063217163086,1
Clemson-DND_p309_c1_grm_std_uni,1,5.584207057952881,-4.2238850593566895,1
Clemson-DND_p309_c1_grm_std_uni,1,5.629600524902344,-4.347498893737793,1
Clemson-DND_p309_c1_grm_std_uni,1,5.511476993560791,-4.358543872833252,1
Clemson-DND_p309_c1_grm_std_uni,1,5.42972993850708,-4.311694145202637,1
Clemson-DND_p309_c1_grm_std_uni,1,5.949190139770508,-4.729613780975342,1
Clemson-DND_p309_c1_grm_std_uni,1,6.4294209480285645,-5.14614200592041,1
Clemson-DND_p309_c1_grm_std_uni,1,5.804317951202393,-4.601962566375732,1
Clemson-DND_p309_c1_grm_std_uni,1,5.016135215759277,-3.7717339992523193,1
Clemson-DND_p309_c1_grm_std_uni,1,4.401049613952637,-2.843632459640503,1
Clemson-DND_p309_c1_grm_std_uni,1,4.581740856170654,-3.3385722637176514,1
Clemson-DND_p309_c1_grm_std_uni,1,4.815011501312256,-3.5156891345977783,1
Clemson-DND_p309_c1_grm_std_uni,1,4.770538330078125,-3.6717779636383057,1
Clemson-DND_p309_c1_grm_std_uni,1,4.278810024261475,-3.667111396789551,1
Clemson-DND_p309_c1_grm_std_uni,1,5.2411298751831055,-4.408463954925537,1
Clemson-DND_p309_c1_grm_std_uni,1,5.393838882446289,-4.310835838317871,1
Clemson-DND_p309_c1_grm_std_uni,1,5.6223530769348145,-4.560723781585693,1
Clemson-DND_p309_c1_grm_std_uni,1,5.985702991485596,-4.777674674987793,1
Clemson-DND_p309_c1_grm_std_uni,1,6.597705364227295,-5.3135457038879395,1
Clemson-DND_p309_c1_grm_std_uni,1,7.448858261108398,-6.119629859924316,1
Clemson-DND_p309_c1_grm_std_uni,1,7.789509296417236,-6.492996692657471,1
Clemson-DND_p309_c1_grm_std_uni,1,7.002978324890137,-5.79290246963501,1
Clemson-DND_p309_c1_grm_std_uni,1,6.6639790534973145,-4.8993425369262695,1
Clemson-DND_p309_c1_grm_std_uni,1,6.0993804931640625,-4.14860200881958,1
Clemson-DND_p309_c1_grm_std_uni,1,5.358682155609131,-3.6344656944274902,1
Clemson-DND_p309_c1_grm_std_uni,1,5.056973934173584,-3.878868579864502,1
Clemson-DND_p309_c1_grm_std_uni,1,5.031655788421631,-3.9017176628112793,1
Clemson-DND_p309_c1_grm_std_uni,1,5.101401329040527,-4.000573635101318,1
Clemson-DND_p309_c1_grm_std_uni,1,5.451319217681885,-4.151075839996338,1
Clemson-DND_p309_c1_grm_std_uni,1,5.797943592071533,-4.480009078979492,1
Clemson-DND_p309_c1_grm_std_uni,1,5.218311786651611,-4.303082466125488,1
Clemson-DND_p309_c1_grm_std_uni,1,5.195810794830322,-4.374084949493408,1
Clemson-DND_p309_c1_grm_std_uni,1,5.380622863769531,-4.549902439117432,1
Clemson-DND_p309_c1_grm_std_uni,1,5.9512176513671875,-4.569853782653809,1
Clemson-DND_p309_c1_grm_std_uni,1,6.16919469833374,-4.59503698348999,1
Clemson-DND_p309_c1_grm_std_uni,1,6.586232662200928,-4.852774143218994,1
Clemson-DND_p309_c1_grm_std_uni,1,6.718665599822998,-5.080692768096924,1
Clemson-DND_p309_c1_grm_std_uni,1,6.7135820388793945,-5.267372131347656,1
Clemson-DND_p309_c1_grm_std_uni,1,6.620842456817627,-5.17540168762207,1
Clemson-DND_p309_c1_grm_std_uni,1,6.387365818023682,-5.100922584533691,1
Clemson-DND_p309_c1_grm_std_uni,1,6.503129482269287,-5.540750980377197,1
Clemson-DND_p309_c1_grm_std_uni,1,6.684179306030273,-6.45224142074585,1
Clemson-DND_p309_c1_grm_std_uni,1,6.812898635864258,-6.513639450073242,1
Clemson-DND_p309_c1_grm_std_uni,1,6.157143592834473,-5.277296543121338,1
Clemson-DND_p309_c1_grm_std_uni,1,5.431118488311768,-3.4255878925323486,1
Clemson-DND_p309_c1_grm_std_uni,1,4.850522518157959,-3.2731661796569824,1
Clemson-DND_p309_c1_grm_std_uni,1,4.576338768005371,-3.056445360183716,1
Clemson-DND_p309_c1_grm_std_uni,1,4.453094959259033,-3.0765886306762695,1
Clemson-DND_p309_c1_grm_std_uni,1,4.669676780700684,-3.39389705657959,1
Clemson-DND_p309_c1_grm_std_uni,1,5.53817081451416,-4.3310322761535645,1
Clemson-DND_p309_c1_grm_std_uni,1,5.638794898986816,-4.446604251861572,1
Clemson-DND_p309_c1_grm_std_uni,1,6.171875,-4.739573001861572,1
Clemson-DND_p309_c1_grm_std_uni,1,6.13159704208374,-4.711396217346191,1
Clemson-DND_p309_c1_grm_std_uni,1,5.9446539878845215,-4.644336223602295,1
Clemson-DND_p309_c1_grm_std_uni,1,6.093616962432861,-4.8238983154296875,1
Clemson-DND_p309_c1_grm_std_uni,1,6.545884132385254,-5.209587574005127,1
Clemson-DND_p309_c1_grm_std_uni,1,6.843319416046143,-5.590774059295654,1
Clemson-DND_p309_c1_grm_std_uni,1,6.763367652893066,-5.813540458679199,1
Clemson-DND_p309_c1_grm_std_uni,1,6.480898380279541,-5.832962989807129,1
Clemson-DND_p309_c1_grm_std_uni,1,6.80082893371582,-5.717475891113281,1
Clemson-DND_p309_c1_grm_std_uni,1,7.0307393074035645,-5.773462772369385,1
Clemson-DND_p309_c1_grm_std_uni,1,6.663026809692383,-5.401447772979736,1
Clemson-DND_p309_c1_grm_std_uni,1,6.181654453277588,-4.949371337890625,1
Clemson-DND_p309_c1_grm_std_uni,1,6.03157901763916,-4.808752536773682,1
Clemson-DND_p309_c1_grm_std_uni,1,6.301278114318848,-5.094786167144775,1
Clemson-DND_p309_c1_grm_std_uni,1,6.9610209465026855,-5.816565036773682,1
Clemson-DND_p309_c1_grm_std_uni,1,7.239961624145508,-6.569570541381836,1
Clemson-DND_p309_c1_grm_std_uni,1,7.063905715942383,-6.696386337280273,1
Clemson-DND_p309_c1_grm_std_uni,1,6.860111713409424,-6.815432071685791,1
Clemson-DND_p309_c1_grm_std_uni,1,6.77269172668457,-6.905729293823242,1
Clemson-DND_p309_c1_grm_std_uni,1,6.95298957824707,-6.958833694458008,1
Clemson-DND_p309_c1_grm_std_uni,1,7.090592861175537,-6.655251979827881,1
Clemson-DND_p309_c1_grm_std_uni,1,7.111493110656738,-6.26141881942749,1
Clemson-DND_p309_c1_grm_std_uni,1,6.735522747039795,-5.638055324554443,1
Clemson-DND_p309_c1_grm_std_uni,1,6.2876973152160645,-5.0781569480896,1
Clemson-DND_p309_c1_grm_std_uni,1,6.0623579025268555,-4.928971290588379,1
Clemson-DND_p309_c1_grm_std_uni,1,6.250978946685791,-5.035783290863037,1
Clemson-DND_p309_c1_grm_std_uni,1,5.768128395080566,-4.363020420074463,1
Clemson-DND_p309_c1_grm_std_uni,1,6.427452564239502,-4.709470272064209,1
Clemson-DND_p309_c1_grm_std_uni,1,7.143148899078369,-5.52863073348999,1
Clemson-DND_p309_c1_grm_std_uni,1,7.297697067260742,-5.978733539581299,1
Clemson-DND_p309_c1_grm_std_uni,1,7.320136547088623,-5.908332824707031,1
Clemson-DND_p309_c1_grm_std_uni,1,7.091181755065918,-5.818488597869873,1
Clemson-DND_p309_c1_grm_std_uni,1,6.776365280151367,-5.880796909332275,1
Clemson-DND_p309_c1_grm_std_uni,1,6.4075822830200195,-5.6781697273254395,1
Clemson-DND_p309_c1_grm_std_uni,1,6.523324489593506,-5.8687968254089355,1
Clemson-DND_p309_c1_grm_std_uni,1,7.049273490905762,-6.14287805557251,1
Clemson-DND_p309_c1_grm_std_uni,1,6.860602378845215,-5.264508247375488,1
Clemson-DND_p309_c1_grm_std_uni,1,6.330018043518066,-4.4224724769592285,1
Clemson-DND_p309_c1_grm_std_uni,1,6.098557472229004,-4.628942489624023,1
Clemson-DND_p309_c1_grm_std_uni,1,5.644534111022949,-5.363300800323486,1
Clemson-DND_p309_c1_grm_std_uni,1,5.574941158294678,-5.401909351348877,1
Clemson-DND_p309_c1_grm_std_uni,1,5.142049789428711,-5.09316349029541,1
Clemson-DND_p309_c1_grm_std_uni,1,4.810848712921143,-3.882826089859009,1
Clemson-DND_p309_c1_grm_std_uni,1,3.8333213329315186,-2.723465919494629,1
Clemson-DND_p309_c1_grm_std_uni,1,2.8695921897888184,-1.8951432704925537,1
Clemson-DND_p309_c1_grm_std_uni,1,2.7072296142578125,-2.18326997756958,1
Clemson-DND_p309_c1_grm_std_uni,1,4.316889762878418,-3.2583515644073486,1
Clemson-DND_p309_c1_grm_std_uni,1,5.206566333770752,-4.134663105010986,1
Clemson-DND_p309_c1_grm_std_uni,1,5.6743998527526855,-4.398946285247803,1
Clemson-DND_p309_c1_grm_std_uni,1,7.350451946258545,-6.283934593200684,1
Clemson-DND_p309_c1_grm_std_uni,1,7.17267370223999,-6.812060356140137,1
Clemson-DND_p309_c1_grm_std_uni,1,7.033154010772705,-6.713057041168213,1
Clemson-DND_p309_c1_grm_std_uni,1,6.056481838226318,-4.7389912605285645,1
Clemson-DND_p309_c1_grm_std_uni,1,6.101552486419678,-4.559262275695801,1
Clemson-DND_p309_c1_grm_std_uni,1,5.731279373168945,-4.00813627243042,1
Clemson-DND_p309_c1_grm_std_uni,1,5.118131160736084,-2.919935464859009,1
Clemson-DND_p309_c1_grm_std_uni,1,4.892881393432617,-2.8516273498535156,1
Clemson-DND_p309_c1_grm_std_uni,1,4.900437831878662,-3.1964666843414307,1
Clemson-DND_p309_c1_grm_std_uni,1,4.7995805740356445,-3.2299444675445557,1
Clemson-DND_p309_c1_grm_std_uni,1,4.78719425201416,-3.3597824573516846,1
Clemson-DND_p309_c1_grm_std_uni,1,4.908969402313232,-3.5342581272125244,1
Clemson-DND_p309_c1_grm_std_uni,1,4.9444899559021,-3.393388032913208,1
Clemson-DND_p309_c1_grm_std_uni,1,4.4816670417785645,-3.351107358932495,1
Clemson-DND_p309_c1_grm_std_uni,2,4.726067543029785,-3.4457757472991943,1
Clemson-DND_p309_c1_grm_std_uni,1,5.103090286254883,-3.997948169708252,1
Clemson-DND_p309_c1_grm_std_uni,1,5.5986175537109375,-4.2206807136535645,1
Clemson-DND_p309_c1_grm_std_uni,1,5.808426380157471,-4.455382347106934,1
Clemson-DND_p309_c1_grm_std_uni,1,5.876519203186035,-4.7600297927856445,1
Clemson-DND_p309_c1_grm_std_uni,1,5.706101894378662,-4.574686050415039,1
Clemson-DND_p309_c1_grm_std_uni,1,6.2125701904296875,-4.861944198608398,1
Clemson-DND_p309_c1_grm_std_uni,1,6.404962062835693,-5.012803554534912,1
Clemson-DND_p309_c1_grm_std_uni,1,6.461921215057373,-4.828812122344971,1
Clemson-DND_p309_c1_grm_std_uni,1,6.303999900817871,-4.702629566192627,1
Clemson-DND_p309_c1_grm_std_uni,1,5.837517261505127,-4.328474998474121,1
Clemson-DND_p309_c1_grm_std_uni,1,5.561288356781006,-3.9427077770233154,1
Clemson-DND_p309_c1_grm_std_uni,1,5.099829196929932,-3.5023696422576904,1
Clemson-DND_p309_c1_grm_std_uni,1,5.3224897384643555,-3.7602691650390625,1
Clemson-DND_p309_c1_grm_std_uni,1,4.900630474090576,-2.8674020767211914,1
Clemson-DND_p309_c1_grm_std_uni,1,4.750597953796387,-2.817741632461548,1
Clemson-DND_p309_c1_grm_std_uni,1,5.182612419128418,-3.61574387550354,1
Clemson-DND_p309_c1_grm_std_uni,1,5.050649166107178,-3.4836983680725098,1
Clemson-DND_p309_c1_grm_std_uni,1,5.411317825317383,-3.908010721206665,1
Clemson-DND_p309_c1_grm_std_uni,1,5.333802223205566,-4.061349391937256,1
Clemson-DND_p309_c1_grm_std_uni,1,5.07442569732666,-3.803748607635498,1
Clemson-DND_p309_c1_grm_std_uni,1,4.867830753326416,-3.351029872894287,1
Clemson-DND_p309_c1_grm_std_uni,1,4.977663040161133,-3.4447546005249023,1
Clemson-DND_p309_c1_grm_std_uni,1,5.194070339202881,-4.220299243927002,1
Clemson-DND_p309_c1_grm_std_uni,1,5.60060977935791,-4.525421142578125,1
Clemson-DND_p309_c1_grm_std_uni,1,5.752669334411621,-4.624257564544678,1
Clemson-DND_p309_c1_grm_std_uni,1,5.741073131561279,-4.248847484588623,1
Clemson-DND_p309_c1_grm_std_uni,1,5.542916297912598,-4.676271915435791,1
Clemson-DND_p309_c1_grm_std_uni,1,5.890554904937744,-4.9058356285095215,1
Clemson-DND_p309_c1_grm_std_uni,1,6.547294616699219,-5.169347286224365,1
Clemson-DND_p309_c1_grm_std_uni,1,6.495627403259277,-5.128691673278809,1
Clemson-DND_p309_c1_grm_std_uni,1,6.821236610412598,-5.363751411437988,1
Clemson-DND_p309_c1_grm_std_uni,1,6.557277202606201,-5.519649982452393,1
Clemson-DND_p309_c1_grm_std_uni,1,6.237730503082275,-5.68544340133667,1
Clemson-DND_p309_c1_grm_std_uni,1,6.108285427093506,-5.56385612487793,1
Clemson-DND_p309_c1_grm_std_uni,1,6.936795234680176,-6.005421161651611,1
Clemson-DND_p309_c1_grm_std_uni,1,7.162350177764893,-6.377962112426758,1
Clemson-DND_p309_c1_grm_std_uni,1,7.415689468383789,-6.343399524688721,1
Clemson-DND_p309_c1_grm_std_uni,1,7.139097690582275,-5.862503528594971,1
Clemson-DND_p309_c1_grm_std_uni,1,7.345768451690674,-5.905263423919678,1
Clemson-DND_p309_c1_grm_std_uni,1,7.2826128005981445,-5.868272304534912,1
Clemson-DND_p309_c1_grm_std_uni,1,7.37337589263916,-6.138011455535889,1
Clemson-DND_p309_c1_grm_std_uni,1,7.647941589355469,-6.532528877258301,1
Clemson-DND_p309_c1_grm_std_uni,1,7.8007330894470215,-6.886923313140869,1
Clemson-DND_p309_c1_grm_std_uni,1,7.12060546875,-6.1654486656188965,1
Clemson-DND_p309_c1_grm_std_uni,1,6.787176132202148,-5.607556343078613,1
Clemson-DND_p309_c1_grm_std_uni,1,7.108327865600586,-5.86245059967041,1
Clemson-DND_p309_c1_grm_std_uni,1,6.398685932159424,-5.0791473388671875,1
Clemson-DND_p309_c1_grm_std_uni,1,6.038876056671143,-4.683596611022949,1
Clemson-DND_p309_c1_grm_std_uni,1,6.544895648956299,-4.896722316741943,1
Clemson-DND_p309_c1_grm_std_uni,1,5.779443264007568,-4.383810520172119,1
Clemson-DND_p309_c1_grm_std_uni,1,5.288445472717285,-4.311379432678223,1
Clemson-DND_p309_c1_grm_std_uni,1,6.192899703979492,-5.166444301605225,1
Clemson-DND_p309_c1_grm_std_uni,1,6.807868480682373,-5.763601779937744,1
Clemson-DND_p309_c1_grm_std_uni,1,7.009629249572754,-6.26513671875,1
Clemson-DND_p309_c1_grm_std_uni,1,7.175474166870117,-6.48392915725708,1
Clemson-DND_p309_c1_grm_std_uni,1,6.581965923309326,-5.84524393081665,1
Clemson-DND_p309_c1_grm_std_uni,1,5.948915958404541,-5.234683513641357,1
Clemson-DND_p309_c1_grm_std_uni,1,3.8608052730560303,-3.2413644790649414,1
Clemson-DND_p309_c1_grm_std_uni,1,3.7343733310699463,-3.1406362056732178,1
Clemson-DND_p309_c1_grm_std_uni,1,3.8997983932495117,-3.481153726577759,1
Clemson-DND_p309_c1_grm_std_uni,1,4.518652439117432,-4.012160301208496,1
Clemson-DND_p309_c1_grm_std_uni,1,4.8913750648498535,-4.327101707458496,1
Clemson-DND_p309_c1_grm_std_uni,1,4.53192663192749,-4.071187973022461,1
Clemson-DND_p309_c1_grm_std_uni,1,4.406324863433838,-3.9537606239318848,1
Clemson-DND_p309_c1_grm_std_uni,1,4.548751354217529,-4.0465497970581055,1
Clemson-DND_p309_c1_grm_std_uni,1,4.647082805633545,-4.0061798095703125,1
Clemson-DND_p309_c1_grm_std_uni,1,4.971998691558838,-4.067053318023682,1
Clemson-DND_p309_c1_grm_std_uni,1,5.397386074066162,-4.302082538604736,1
Clemson-DND_p309_c1_grm_std_uni,1,5.40819787979126,-4.319023132324219,1
Clemson-DND_p309_c1_grm_std_uni,1,5.166660785675049,-4.202622890472412,1
Clemson-DND_p309_c1_grm_std_uni,1,4.973727703094482,-4.091480255126953,1
Clemson-DND_p309_c1_grm_std_uni,1,5.221525192260742,-4.279090404510498,1
Clemson-DND_p309_c1_grm_std_uni,1,5.211068630218506,-4.320140361785889,1
Clemson-DND_p309_c1_grm_std_uni,1,4.857275485992432,-4.062639236450195,1
Clemson-DND_p309_c1_grm_std_uni,1,4.671815872192383,-3.9453365802764893,1
Clemson-DND_p309_c1_grm_std_uni,1,4.0850419998168945,-3.4964985847473145,1
Clemson-DND_p309_c1_grm_std_uni,1,4.166692733764648,-3.5530478954315186,1
Clemson-DND_p309_c1_grm_std_uni,1,4.313170909881592,-3.669886589050293,1
Clemson-DND_p309_c1_grm_std_uni,1,5.0823073387146,-4.181970119476318,1
Clemson-DND_p309_c1_grm_std_uni,1,5.0238447189331055,-3.985428810119629,1
Clemson-DND_p309_c1_grm_std_uni,1,4.468062877655029,-3.383683443069458,1
Clemson-DND_p309_c1_grm_std_uni,1,4.321316719055176,-3.2495839595794678,1
Clemson-DND_p309_c1_grm_std_uni,1,3.9133224487304688,-3.130915641784668,1
Clemson-DND_p309_c1_grm_std_uni,1,4.415243148803711,-3.5150249004364014,1
Clemson-DND_p309_c1_grm_std_uni,1,4.618424415588379,-3.683464527130127,1
Clemson-DND_p309_c1_grm_std_uni,1,5.142220497131348,-4.097134113311768,1
Clemson-DND_p309_c1_grm_std_uni,1,5.7079291343688965,-4.588301181793213,1
Clemson-DND_p309_c1_grm_std_uni,1,5.6389312744140625,-4.543191432952881,1
Clemson-DND_p309_c1_grm_std_uni,1,5.181315898895264,-4.163083076477051,1
Clemson-DND_p309_c1_grm_std_uni,1,4.345678806304932,-3.450037956237793,1
Clemson-DND_p309_c1_grm_std_uni,1,3.799776792526245,-2.9779129028320312,1
Clemson-DND_p309_c1_grm_std_uni,1,3.5610411167144775,-2.819699287414551,1
Clemson-DND_p309_c1_grm_std_uni,1,3.5555202960968018,-2.9306552410125732,1
Clemson-DND_p309_c1_grm_std_uni,1,3.781177043914795,-3.1515257358551025,1
Clemson-DND_p309_c1_grm_std_uni,1,4.2057085037231445,-3.5124590396881104,1
Clemson-DND_p309_c1_grm_std_uni,1,4.47109317779541,-3.7014870643615723,1
Clemson-DND_p309_c1_grm_std_uni,1,3.564934492111206,-2.8089523315429688,1
Clemson-DND_p309_c1_grm_std_uni,1,3.8169643878936768,-2.924675941467285,1
Clemson-DND_p309_c1_grm_std_uni,1,5.109630107879639,-4.541149616241455,1
Clemson-DND_p309_c1_grm_std_uni,1,5.2986650466918945,-4.8719801902771,1
Clemson-DND_p309_c1_grm_std_uni,1,4.572153568267822,-3.651089668273926,1
Clemson-DND_p309_c1_grm_std_uni,1,4.451887130737305,-3.681859016418457,1
Clemson-DND_p309_c1_grm_std_uni,1,4.4916768074035645,-3.8746490478515625,1
Clemson-DND_p309_c1_grm_std_uni,1,4.007290363311768,-3.414947509765625,1
Clemson-DND_p309_c1_grm_std_uni,1,4.044983386993408,-3.4230544567108154,1
Clemson-DND_p309_c1_grm_std_uni,1,5.022293567657471,-4.094460964202881,1
Clemson-DND_p309_c1_grm_std_uni,1,5.924463748931885,-4.850944995880127,1
Clemson-DND_p309_c1_grm_std_uni,1,6.429121971130371,-5.516427040100098,1
Clemson-DND_p309_c1_grm_std_uni,1,6.341767311096191,-5.533933162689209,1
Clemson-DND_p309_c1_grm_std_uni,1,6.0513763427734375,-5.262040138244629,1
Clemson-DND_p309_c1_grm_std_uni,1,5.59974479675293,-4.835752010345459,1
Clemson-DND_p309_c1_grm_std_uni,1,4.562849044799805,-3.753539562225342,1
Clemson-DND_p309_c1_grm_std_uni,1,4.007386207580566,-3.2325680255889893,1
Clemson-DND_p309_c1_grm_std_uni,1,3.976763963699341,-3.191848039627075,1
Clemson-DND_p309_c1_grm_std_uni,1,3.713886022567749,-2.9894797801971436,1
Clemson-DND_p309_c1_grm_std_uni,1,3.626297950744629,-2.9822778701782227,1
Clemson-DND_p309_c1_grm_std_uni,1,3.6891443729400635,-3.0379395484924316,1
Clemson-DND_p309_c1_grm_std_uni,1,3.3084473609924316,-2.755110263824463,1
Clemson-DND_p309_c1_grm_std_uni,1,2.749755859375,-2.3044803142547607,1
Clemson-DND_p309_c1_grm_std_uni,1,3.2291576862335205,-2.9718518257141113,1
Clemson-DND_p309_c1_grm_std_uni,1,4.427277565002441,-4.026893138885498,1
Clemson-DND_p309_c1_grm_std_uni,1,4.777393817901611,-4.345134258270264,1
Clemson-DND_p309_c1_grm_std_uni,1,4.544038772583008,-4.0278639793396,1
Clemson-DND_p309_c1_grm_std_uni,1,4.775534629821777,-4.165806770324707,1
Clemson-DND_p309_c1_grm_std_uni,1,4.541231632232666,-3.9181015491485596,1
Clemson-DND_p309_c1_grm_std_uni,1,3.347673177719116,-2.952714204788208,1
Clemson-DND_p309_c1_grm_std_uni,1,3.410834789276123,-2.952843427658081,1
Clemson-DND_p309_c1_grm_std_uni,1,4.368878364562988,-3.6484644412994385,1
Clemson-DND_p309_c1_grm_std_uni,1,4.924752712249756,-4.057729244232178,1
Clemson-DND_p309_c1_grm_std_uni,1,5.434194087982178,-4.531412601470947,1
Clemson-DND_p309_c1_grm_std_uni,1,5.26837158203125,-4.703371524810791,1
Clemson-DND_p309_c1_grm_std_uni,1,4.173695087432861,-3.6062560081481934,1
Clemson-DND_p309_c1_grm_std_uni,1,5.250861167907715,-4.690645694732666,1
Clemson-DND_p309_c1_grm_std_uni,1,4.8649187088012695,-4.4528703689575195,1
Clemson-DND_p309_c1_grm_std_uni,1,5.192086696624756,-4.593576431274414,1
Clemson-DND_p309_c1_grm_std_uni,1,4.8718647956848145,-3.9569852352142334,1
Clemson-DND_p309_c1_grm_std_uni,1,5.261658668518066,-4.224489688873291,1
Clemson-DND_p309_c1_grm_std_uni,1,4.7472243309021,-3.753783702850342,1
Clemson-DND_p309_c1_grm_std_uni,1,4.367860794067383,-3.4753897190093994,1
Clemson-DND_p309_c1_grm_std_uni,1,3.922410011291504,-3.1536567211151123,1
Clemson-DND_p309_c1_grm_std_uni,1,3.8211915493011475,-3.2614095211029053,1
Clemson-DND_p309_c1_grm_std_uni,1,3.047943592071533,-2.806901454925537,1
Clemson-DND_p309_c1_grm_std_uni,1,3.5128986835479736,-3.0576705932617188,1
Clemson-DND_p309_c1_grm_std_uni,1,3.524064064025879,-2.8375205993652344,1
Clemson-DND_p309_c1_grm_std_uni,1,3.9223906993865967,-3.375403881072998,1
Clemson-DND_p309_c1_grm_std_uni,1,4.293285846710205,-3.7244927883148193,1
Clemson-DND_p309_c1_grm_std_uni,1,4.953882694244385,-4.181471347808838,1
Clemson-DND_p309_c1_grm_std_uni,1,5.21906042098999,-4.365728855133057,1
Clemson-DND_p309_c1_grm_std_uni,1,4.675137042999268,-3.879523277282715,1
Clemson-DND_p309_c1_grm_std_uni,1,4.783589839935303,-3.859821319580078,1
Clemson-DND_p309_c1_grm_std_uni,1,4.196436405181885,-3.343283176422119,1
Clemson-DND_p309_c1_grm_std_uni,1,5.037646770477295,-3.9860429763793945,1
Clemson-DND_p309_c1_grm_std_uni,1,4.997434616088867,-3.871751070022583,1
Clemson-DND_p309_c1_grm_std_uni,1,4.394137859344482,-3.3502418994903564,1
Clemson-DND_p309_c1_grm_std_uni,1,4.811168193817139,-3.693751096725464,1
Clemson-DND_p309_c1_grm_std_uni,1,5.142770290374756,-3.935051679611206,1
Clemson-DND_p309_c1_grm_std_uni,1,5.411691665649414,-4.129563808441162,1
Clemson-DND_p309_c1_grm_std_uni,1,4.414308547973633,-3.2928388118743896,1
Clemson-DND_p309_c1_grm_std_uni,1,4.106261253356934,-3.3247828483581543,1
Clemson-DND_p309_c1_grm_std_uni,1,3.788459062576294,-3.1587979793548584,1
Clemson-DND_p309_c1_grm_std_uni,1,3.63543963432312,-3.094714879989624,1
Clemson-DND_p309_c1_grm_std_uni,1,4.255091190338135,-3.641606092453003,1
Clemson-DND_p309_c1_grm_std_uni,1,5.50014066696167,-4.584451198577881,1
Clemson-DND_p309_c1_grm_std_uni,1,6.024391174316406,-5.1491217613220215,1
Clemson-DND_p309_c1_grm_std_uni,1,5.510802268981934,-4.813181400299072,1
Clemson-DND_p309_c1_grm_std_uni,1,4.593267440795898,-3.9343631267547607,1
Clemson-DND_p309_c1_grm_std_uni,1,3.7413699626922607,-3.2131593227386475,1
Clemson-DND_p309_c1_grm_std_uni,1,2.611020565032959,-2.119180917739868,1
Clemson-DND_p309_c1_grm_std_uni,1,2.809483528137207,-2.091132640838623,1
Clemson-DND_p309_c1_grm_std_uni,1,3.773651599884033,-2.954092264175415,1
Clemson-DND_p309_c1_grm_std_uni,1,4.370193958282471,-4.074862003326416,1
Clemson-DND_p309_c1_grm_std_uni,1,5.1320695877075195,-4.530904769897461,1
Clemson-DND_p309_c1_grm_std_uni,1,5.923616409301758,-4.7980570793151855,1
Clemson-DND_p309_c1_grm_std_uni,1,6.231903553009033,-5.0458550453186035,1
Clemson-DND_p309_c1_grm_std_uni,1,7.130387783050537,-5.83081579208374,1
Clemson-DND_p309_c1_grm_std_uni,1,6.794042110443115,-5.708906650543213,1
Clemson-DND_p309_c1_grm_std_uni,1,5.85667610168457,-4.961390018463135,1
Clemson-DND_p309_c1_grm_std_uni,1,5.709235191345215,-4.982948303222656,1
Clemson-DND_p309_c1_grm_std_uni,1,6.223733901977539,-5.540558815002441,1
Clemson-DND_p309_c1_grm_std_uni,1,5.295999050140381,-4.432273864746094,1
Clemson-DND_p309_c1_grm_std_uni,1,3.815167188644409,-3.055180788040161,1
Clemson-DND_p309_c1_grm_std_uni,1,2.8245644569396973,-1.9146249294281006,1
Clemson-DND_p309_c1_grm_std_uni,1,2.2098519802093506,-1.5005378723144531,1
Clemson-DND_p309_c1_grm_std_uni,1,3.3525569438934326,-2.804144859313965,1
Clemson-DND_p309_c1_grm_std_uni,1,4.1044135093688965,-3.8362936973571777,1
Clemson-DND_p309_c1_grm_std_uni,1,5.029906749725342,-4.825280666351318,1
Clemson-DND_p309_c1_grm_std_uni,1,5.897367477416992,-5.340149402618408,1
Clemson-DND_p309_c1_grm_std_uni,1,5.966883659362793,-5.177964210510254,1
Clemson-DND_p309_c1_grm_std_uni,1,5.678395748138428,-4.8920979499816895,1
Clemson-DND_p309_c1_grm_std_uni,1,5.453591346740723,-4.718472003936768,1
Clemson-DND_p309_c1_grm_std_uni,1,5.397438049316406,-4.653817176818848,1
Clemson-DND_p309_c1_grm_std_uni,1,5.2645344734191895,-4.515008449554443,1
Clemson-DND_p309_c1_grm_std_uni,1,5.2059197425842285,-4.431550979614258,1
Clemson-DND_p309_c1_grm_std_uni,1,5.340785026550293,-4.486789226531982,1
Clemson-DND_p309_c1_grm_std_uni,1,5.146153450012207,-4.300276279449463,1
Clemson-DND_p309_c1_grm_std_uni,1,5.159682273864746,-4.248316764831543,1
Clemson-DND_p309_c1_grm_std_uni,1,4.515959739685059,-3.749939203262329,1
Clemson-DND_p309_c1_grm_std_uni,1,4.237404823303223,-3.4913740158081055,1
Clemson-DND_p309_c1_grm_std_uni,1,4.501140117645264,-3.685373067855835,1
Clemson-DND_p309_c1_grm_std_uni,1,5.378985404968262,-4.307410717010498,1
Clemson-DND_p309_c1_grm_std_uni,1,6.226051330566406,-4.924559593200684,1
Clemson-DND_p309_c1_grm_std_uni,1,5.075878620147705,-4.271807670593262,1
Clemson-DND_p309_c1_grm_std_uni,1,3.2818398475646973,-2.754359245300293,1
Clemson-DND_p309_c1_grm_std_uni,1,4.468808174133301,-3.8888540267944336,1
Clemson-DND_p309_c1_grm_std_uni,1,4.208420276641846,-3.5093207359313965,1
Clemson-DND_p309_c1_grm_std_uni,1,3.347695827484131,-2.5680928230285645,1
Clemson-DND_p309_c1_grm_std_uni,1,3.269329071044922,-2.4473161697387695,1
Clemson-DND_p309_c1_grm_std_uni,1,3.6234400272369385,-2.8383419513702393,1
Clemson-DND_p309_c1_grm_std_uni,1,3.9540255069732666,-3.297435760498047,1
Clemson-DND_p309_c1_grm_std_uni,1,4.585644721984863,-3.735029935836792,1
Clemson-DND_p309_c1_grm_std_uni,1,5.123544692993164,-4.078117847442627,1
Clemson-DND_p309_c1_grm_std_uni,1,4.802980899810791,-3.89650297164917,1
Clemson-DND_p309_c1_grm_std_uni,1,3.5875871181488037,-3.0795140266418457,1
Clemson-DND_p309_c1_grm_std_uni,1,3.394394874572754,-3.1468398571014404,1
Clemson-DND_p309_c1_grm_std_uni,1,3.809351921081543,-3.4464945793151855,1
Clemson-DND_p309_c1_grm_std_uni,1,4.620895862579346,-3.9043238162994385,1
Clemson-DND_p309_c1_grm_std_uni,1,4.360198974609375,-3.5463013648986816,1
Clemson-DND_p309_c1_grm_std_uni,1,4.456437587738037,-3.5102922916412354,1
Clemson-DND_p309_c1_grm_std_uni,1,4.75252628326416,-3.8022923469543457,1
Clemson-DND_p309_c1_grm_std_uni,1,4.79098653793335,-3.8311164379119873,1
Clemson-DND_p309_c1_grm_std_uni,1,4.517135143280029,-3.6902151107788086,1
Clemson-DND_p309_c1_grm_std_uni,1,4.552182674407959,-3.7094931602478027,1
Clemson-DND_p309_c1_grm_std_uni,1,4.749999046325684,-3.7656025886535645,1
Clemson-DND_p309_c1_grm_std_uni,1,4.5344157218933105,-3.5990374088287354,1
Clemson-DND_p309_c1_grm_std_uni,1,4.532069206237793,-3.510287046432495,1
Clemson-DND_p309_c1_grm_std_uni,1,4.372453689575195,-3.424884557723999,1
Clemson-DND_p309_c1_grm_std_uni,1,4.588371276855469,-3.574122667312622,1
Clemson-DND_p309_c1_grm_std_uni,1,4.570479869842529,-3.658841609954834,1
Clemson-DND_p309_c1_grm_std_uni,1,4.482187747955322,-3.69677472114563,1
Clemson-DND_p309_c1_grm_std_uni,1,4.166749000549316,-3.46830677986145,1
Clemson-DND_p309_c1_grm_std_uni,1,3.3927018642425537,-2.961441993713379,1
Clemson-DND_p309_c1_grm_std_uni,1,2.9921836853027344,-3.0971169471740723,1
Clemson-DND_p309_c1_grm_std_uni,1,3.0081989765167236,-3.153376817703247,1
Clemson-DND_p309_c1_grm_std_uni,1,3.8584511280059814,-3.7075259685516357,1
Clemson-DND_p309_c1_grm_std_uni,1,4.366663932800293,-3.901327610015869,1
Clemson-DND_p309_c1_grm_std_uni,1,4.642204284667969,-3.8029632568359375,1
Clemson-DND_p309_c1_grm_std_uni,1,4.0729241371154785,-3.230285167694092,1
Clemson-DND_p309_c1_grm_std_uni,1,3.7881133556365967,-2.9524450302124023,1
Clemson-DND_p309_c1_grm_std_uni,1,4.440239906311035,-3.5690531730651855,1
Clemson-DND_p309_c1_grm_std_uni,1,4.968068599700928,-4.061870098114014,1
Clemson-DND_p309_c1_grm_std_uni,1,4.332658767700195,-3.5332024097442627,1
Clemson-DND_p309_c1_grm_std_uni,1,3.7690060138702393,-3.1953837871551514,1
Clemson-DND_p309_c1_grm_std_uni,1,3.4845499992370605,-2.8704335689544678,1
Clemson-DND_p309_c1_grm_std_uni,1,3.483879804611206,-2.924062967300415,1
Clemson-DND_p309_c1_grm_std_uni,1,4.092126369476318,-3.5674948692321777,1
Clemson-DND_p309_c1_grm_std_uni,1,5.289304256439209,-4.485231399536133,1
Clemson-DND_p309_c1_grm_std_uni,1,5.386102676391602,-4.7483744621276855,1
Clemson-DND_p309_c1_grm_std_uni,1,4.297867774963379,-3.706228494644165,1
Clemson-DND_p309_c1_grm_std_uni,1,3.316842555999756,-2.8361971378326416,1
Clemson-DND_p309_c1_grm_std_uni,1,3.860095739364624,-3.3581433296203613,1
Clemson-DND_p309_c1_grm_std_uni,1,3.9549880027770996,-3.317521095275879,1
Clemson-DND_p309_c1_grm_std_uni,1,4.131228923797607,-3.3353209495544434,1
Clemson-DND_p309_c1_grm_std_uni,1,4.284409046173096,-3.664630889892578,1
Clemson-DND_p309_c1_grm_std_uni,1,4.724335193634033,-4.182121276855469,1
Clemson-DND_p309_c1_grm_std_uni,1,4.251082897186279,-3.673194169998169,1
Clemson-DND_p309_c1_grm_std_uni,1,3.549539804458618,-2.944060802459717,1
Clemson-DND_p309_c1_grm_std_uni,1,4.477052211761475,-4.104278087615967,1
Clemson-DND_p309_c1_grm_std_uni,1,5.2065629959106445,-4.726649284362793,1
Clemson-DND_p309_c1_grm_std_uni,1,5.444211006164551,-4.950287818908691,1
Clemson-DND_p309_c1_grm_std_uni,1,5.260199546813965,-4.5269646644592285,1
Clemson-DND_p309_c1_grm_std_uni,1,5.452268123626709,-4.491487979888916,1
Clemson-DND_p309_c1_grm_std_uni,1,5.41275691986084,-4.663459777832031,1
Clemson-DND_p309_c1_grm_std_uni,1,5.83843994140625,-4.994100570678711,1
Clemson-DND_p309_c1_grm_std_uni,1,5.534856796264648,-4.496899127960205,1
Clemson-DND_p309_c1_grm_std_uni,1,5.84645938873291,-4.442665100097656,1
Clemson-DND_p309_c1_grm_std_uni,1,5.849343776702881,-4.3983659744262695,1
Clemson-DND_p309_c1_grm_std_uni,1,6.163108825683594,-4.754561424255371,1
Clemson-DND_p309_c1_grm_std_uni,1,6.166171550750732,-4.861147403717041,1
Clemson-DND_p309_c1_grm_std_uni,1,6.213751316070557,-5.1148176193237305,1
Clemson-DND_p309_c1_grm_std_uni,1,6.020272254943848,-4.940072536468506,1
Clemson-DND_p309_c1_grm_std_uni,1,6.471663475036621,-5.148438453674316,1
Clemson-DND_p309_c1_grm_std_uni,1,6.539336204528809,-5.434922218322754,1
Clemson-DND_p309_c1_grm_std_uni,1,6.013184547424316,-4.970137119293213,1
Clemson-DND_p309_c1_grm_std_uni,1,6.0738630294799805,-4.827306747436523,1
Clemson-DND_p309_c1_grm_std_uni,1,5.245744705200195,-3.5311532020568848,1
Clemson-DND_p309_c1_grm_std_uni,1,4.833506107330322,-3.207015037536621,1
Clemson-DND_p309_c1_grm_std_uni,1,5.523277759552002,-3.9739930629730225,1
Clemson-DND_p309_c1_grm_std_uni,1,5.060243606567383,-3.5565876960754395,1
Clemson-DND_p309_c1_grm_std_uni,1,4.808485507965088,-3.65543270111084,1
Clemson-DND_p309_c1_grm_std_uni,1,5.291615009307861,-4.462759017944336,1
Clemson-DND_p309_c1_grm_std_uni,1,5.518502712249756,-4.649667739868164,1
Clemson-DND_p309_c1_grm_std_uni,1,5.989865779876709,-4.948057651519775,1
Clemson-DND_p309_c1_grm_std_uni,1,5.853573799133301,-4.60378360748291,1
Clemson-DND_p309_c1_grm_std_uni,1,6.204096794128418,-4.7256245613098145,1
Clemson-DND_p309_c1_grm_std_uni,1,6.296423435211182,-5.091960430145264,1
Clemson-DND_p309_c1_grm_std_uni,1,6.400972366333008,-5.121107578277588,1
Clemson-DND_p309_c1_grm_std_uni,1,6.004168510437012,-4.731630325317383,1
Clemson-DND_p309_c1_grm_std_uni,1,6.07689094543457,-4.789268970489502,1
Clemson-DND_p309_c1_grm_std_uni,1,6.292366981506348,-4.872255325317383,1
Clemson-DND_p309_c1_grm_std_uni,1,6.302157402038574,-4.92681884765625,1
Clemson-DND_p309_c1_grm_std_uni,1,6.8098978996276855,-5.4781694412231445,1
Clemson-DND_p309_c1_grm_std_uni,1,7.203167915344238,-5.81897497177124,1
Clemson-DND_p309_c1_grm_std_uni,1,7.699635028839111,-6.33168363571167,1
Clemson-DND_p309_c1_grm_std_uni,1,6.652562141418457,-5.940588474273682,1
Clemson-DND_p309_c1_grm_std_uni,1,5.808774948120117,-4.4906840324401855,1
Clemson-DND_p309_c1_grm_std_uni,1,5.835782527923584,-4.044764518737793,1
Clemson-DND_p309_c1_grm_std_uni,1,5.521284580230713,-3.694936513900757,1
Clemson-DND_p309_c1_grm_std_uni,1,5.256312370300293,-3.5079874992370605,1
Clemson-DND_p309_c1_grm_std_uni,1,5.114998817443848,-3.4498167037963867,1
Clemson-DND_p309_c1_grm_std_uni,1,5.22075080871582,-3.624286651611328,1
Clemson-DND_p309_c1_grm_std_uni,1,5.248871803283691,-3.8926761150360107,1
Clemson-DND_p309_c1_grm_std_uni,1,5.5592451095581055,-4.149560451507568,1
Clemson-DND_p309_c1_grm_std_uni,1,5.401650905609131,-4.178131580352783,1
Clemson-DND_p309_c1_grm_std_uni,1,5.425581455230713,-4.328969955444336,1
Clemson-DND_p309_c1_grm_std_uni,1,5.687490463256836,-4.407748222351074,1
Clemson-DND_p309_c1_grm_std_uni,1,5.499846935272217,-4.21004056930542,1
Clemson-DND_p309_c1_grm_std_uni,2,6.012801170349121,-4.777005672454834,1
Clemson-DND_p309_c1_grm_std_uni,1,6.083486557006836,-4.7725725173950195,1
Clemson-DND_p309_c1_grm_std_uni,1,6.029423236846924,-4.485345363616943,1
Clemson-DND_p309_c1_grm_std_uni,1,5.867554187774658,-4.522132396697998,1
Clemson-DND_p309_c1_grm_std_uni,1,5.646544933319092,-4.534010887145996,1
Clemson-DND_p309_c1_grm_std_uni,1,6.054617881774902,-4.656154155731201,1
Clemson-DND_p309_c1_grm_std_uni,1,6.830813407897949,-5.277013301849365,1
Clemson-DND_p309_c1_grm_std_uni,1,7.132745265960693,-5.593945503234863,1
Clemson-DND_p309_c1_grm_std_uni,1,7.515662670135498,-6.435911178588867,1
Clemson-DND_p309_c1_grm_std_uni,1,7.817383766174316,-7.0003509521484375,1
Clemson-DND_p309_c1_grm_std_uni,1,8.233257293701172,-7.325388431549072,1
Clemson-DND_p309_c1_grm_std_uni,1,8.200906753540039,-7.513941764831543,1
Clemson-DND_p309_c1_grm_std_uni,1,8.017548561096191,-7.369076728820801,1
Clemson-DND_p309_c1_grm_std_uni,1,7.966968059539795,-7.245427131652832,1
Clemson-DND_p309_c1_grm_std_uni,1,8.321605682373047,-7.596452236175537,1
Clemson-DND_p309_c1_grm_std_uni,1,8.53575325012207,-7.843070030212402,1
Clemson-DND_p309_c1_grm_std_uni,1,8.50120735168457,-7.76551628112793,1
Clemson-DND_p309_c1_grm_std_uni,1,8.255162239074707,-7.10269021987915,1
Clemson-DND_p309_c1_grm_std_uni,1,7.681076526641846,-6.32283878326416,1
Clemson-DND_p309_c1_grm_std_uni,1,6.17946720123291,-4.876707077026367,1
Clemson-DND_p309_c1_grm_std_uni,1,5.478919506072998,-4.192495346069336,1
Clemson-DND_p309_c1_grm_std_uni,1,6.05686092376709,-4.428743839263916,1
Clemson-DND_p309_c1_grm_std_uni,1,7.355837821960449,-5.594596862792969,1
Clemson-DND_p309_c1_grm_std_uni,1,7.6432623863220215,-6.196319103240967,1
Clemson-DND_p309_c1_grm_std_uni,1,8.335430145263672,-7.027140140533447,1
Clemson-DND_p309_c1_grm_std_uni,1,8.188063621520996,-7.028168678283691,1
Clemson-DND_p309_c1_grm_std_uni,1,7.782227039337158,-7.0157389640808105,1
Clemson-DND_p309_c1_grm_std_uni,1,7.278330326080322,-5.995560646057129,1
Clemson-DND_p309_c1_grm_std_uni,1,6.679505825042725,-5.325406074523926,1
Clemson-DND_p309_c1_grm_std_uni,1,6.342820167541504,-5.118943691253662,1
Clemson-DND_p309_c1_grm_std_uni,1,5.506375789642334,-4.630861759185791,1
Clemson-DND_p309_c1_grm_std_uni,1,5.150796413421631,-4.773877143859863,1
Clemson-DND_p309_c1_grm_std_uni,1,5.262939929962158,-4.443232536315918,1
Clemson-DND_p309_c1_grm_std_uni,1,5.488828182220459,-4.240152835845947,1
Clemson-DND_p309_c1_grm_std_uni,1,5.655158519744873,-4.381899356842041,1
Clemson-DND_p309_c1_grm_std_uni,1,5.809020042419434,-4.31003999710083,1
Clemson-DND_p309_c1_grm_std_uni,1,6.075815677642822,-4.6676740646362305,1
Clemson-DND_p309_c1_grm_std_uni,1,5.372031211853027,-4.226522445678711,1
Clemson-DND_p309_c1_grm_std_uni,1,5.088755130767822,-3.6459834575653076,1
Clemson-DND_p309_c1_grm_std_uni,1,4.818740367889404,-3.48995304107666,1
Clemson-DND_p309_c1_grm_std_uni,1,4.507014274597168,-3.2800893783569336,1
Clemson-DND_p309_c1_grm_std_uni,1,4.807692527770996,-3.811108350753784,1
Clemson-DND_p309_c1_grm_std_uni,1,4.9278669357299805,-3.8890440464019775,1
Clemson-DND_p309_c1_grm_std_uni,1,5.45523738861084,-4.575963973999023,1
Clemson-DND_p309_c1_grm_std_uni,1,5.360616207122803,-4.301946640014648,1
Clemson-DND_p309_c1_grm_std_uni,1,5.742372035980225,-4.430463790893555,1
Clemson-DND_p309_c1_grm_std_uni,1,6.0833539962768555,-4.626948833465576,1
Clemson-DND_p309_c1_grm_std_uni,1,6.451907157897949,-4.822364807128906,1
Clemson-DND_p309_c1_grm_std_uni,1,6.595059394836426,-4.699413776397705,1
Clemson-DND_p309_c1_grm_std_uni,1,6.838536739349365,-5.673967361450195,1
Clemson-DND_p309_c1_grm_std_uni,1,7.147099018096924,-6.283124923706055,1
Clemson-DND_p309_c1_grm_std_uni,1,6.992106914520264,-6.661873817443848,1
Clemson-DND_p309_c1_grm_std_uni,1,7.139145374298096,-6.562220573425293,1
Clemson-DND_p309_c1_grm_std_uni,1,6.2785210609436035,-5.1058478355407715,1
Clemson-DND_p309_c1_grm_std_uni,1,5.6874518394470215,-4.102975845336914,1
Clemson-DND_p309_c1_grm_std_uni,1,5.65115213394165,-3.9640769958496094,1
Clemson-DND_p309_c1_grm_std_uni,1,6.2086501121521,-4.4059367179870605,1
Clemson-DND_p309_c1_grm_std_uni,1,6.5662522315979,-4.706532955169678,1
Clemson-DND_p309_c1_grm_std_uni,1,6.811348915100098,-5.104752063751221,1
Clemson-DND_p309_c1_grm_std_uni,1,7.185658931732178,-5.412558555603027,1
Clemson-DND_p309_c1_grm_std_uni,1,7.413670539855957,-5.557487964630127,1
Clemson-DND_p309_c1_grm_std_uni,1,7.421947002410889,-5.80925989151001,1
Clemson-DND_p309_c1_grm_std_uni,1,6.19389009475708,-4.669482707977295,1
Clemson-DND_p309_c1_grm_std_uni,1,5.077548027038574,-3.7188515663146973,1
Clemson-DND_p309_c1_grm_std_uni,1,5.216830730438232,-4.007880687713623,1
Clemson-DND_p309_c1_grm_std_uni,1,4.961544513702393,-3.542949676513672,1
Clemson-DND_p309_c1_grm_std_uni,1,4.975748062133789,-3.323216199874878,1
Clemson-DND_p309_c1_grm_std_uni,1,4.984940052032471,-3.3954129219055176,1
Clemson-DND_p309_c1_grm_std_uni,1,5.05502986907959,-3.6932334899902344,1
Clemson-DND_p309_c1_grm_std_uni,1,5.121166706085205,-3.838028907775879,1
Clemson-DND_p309_c1_grm_std_uni,1,4.781463146209717,-3.895231008529663,1
Clemson-DND_p309_c1_grm_std_uni,1,4.799743175506592,-3.862600564956665,1
Clemson-DND_p309_c1_grm_std_uni,2,4.019952774047852,-3.193880796432495,1
Clemson-DND_p309_c1_grm_std_uni,1,4.406802177429199,-3.6034772396087646,1
Clemson-DND_p309_c1_grm_std_uni,1,5.318678379058838,-4.542399883270264,1
Clemson-DND_p309_c1_grm_std_uni,1,5.327478885650635,-4.370719909667969,1
Clemson-DND_p309_c1_grm_std_uni,1,5.288436412811279,-4.326229572296143,1
Clemson-DND_p309_c1_grm_std_uni,1,5.778696060180664,-5.376652240753174,1
Clemson-DND_p309_c1_grm_std_uni,1,6.240494251251221,-5.551198482513428,1
Clemson-DND_p309_c1_grm_std_uni,1,6.368340015411377,-5.0868964195251465,1
Clemson-DND_p309_c1_grm_std_uni,1,6.055652141571045,-4.881689548492432,1
Clemson-DND_p309_c1_grm_std_uni,1,5.948202610015869,-5.158895969390869,1
Clemson-DND_p309_c1_grm_std_uni,1,6.157594680786133,-4.866344928741455,1
Clemson-DND_p309_c1_grm_std_uni,1,5.875242233276367,-4.983345031738281,1
Clemson-DND_p309_c1_grm_std_uni,1,6.209467887878418,-4.828709125518799,1
Clemson-DND_p309_c1_grm_std_uni,1,6.0323920249938965,-4.305173397064209,1
Clemson-DND_p309_c1_grm_std_uni,1,5.617630958557129,-3.5918631553649902,1
Clemson-DND_p309_c1_grm_std_uni,1,5.852410316467285,-3.801223039627075,1
Clemson-DND_p309_c1_grm_std_uni,1,7.018099784851074,-5.360290050506592,1
Clemson-DND_p309_c1_grm_std_uni,1,7.578701972961426,-6.305720329284668,1
Clemson-DND_p309_c1_grm_std_uni,1,7.209630012512207,-6.161069393157959,1
Clemson-DND_p309_c1_grm_std_uni,1,6.6793999671936035,-5.463534832000732,1
Clemson-DND_p309_c1_grm_std_uni,1,6.614335060119629,-5.405221939086914,1
Clemson-DND_p309_c1_grm_std_uni,1,6.952773571014404,-5.862988471984863,1
Clemson-DND_p309_c1_grm_std_uni,1,7.74407958984375,-6.6721882820129395,1
Clemson-DND_p309_c1_grm_std_uni,1,8.178340911865234,-7.2594685554504395,1
Clemson-DND_p309_c1_grm_std_uni,1,8.0924654006958,-7.467379093170166,1
Clemson-DND_p309_c1_grm_std_uni,1,7.515305519104004,-6.744678020477295,1
Clemson-DND_p309_c1_grm_std_uni,1,5.777390480041504,-5.123597621917725,1
Clemson-DND_p309_c1_grm_std_uni,1,5.928762912750244,-5.259448051452637,1
Clemson-DND_p309_c1_grm_std_uni,1,6.054425239562988,-5.303992748260498,1
Clemson-DND_p309_c1_grm_std_uni,1,5.9043145179748535,-4.979826927185059,1
Clemson-DND_p309_c1_grm_std_uni,1,6.844274044036865,-6.2433366775512695,1
Clemson-DND_p309_c1_grm_std_uni,1,6.735383987426758,-6.082735061645508,1
Clemson-DND_p309_c1_grm_std_uni,1,6.205658912658691,-5.455284118652344,1
Clemson-DND_p309_c1_grm_std_uni,1,5.845160007476807,-5.090447425842285,1
Clemson-DND_p309_c1_grm_std_uni,1,5.598598003387451,-4.82304573059082,1
Clemson-DND_p309_c1_grm_std_uni,1,4.921711444854736,-4.111398220062256,1
Clemson-DND_p309_c1_grm_std_uni,1,3.783107280731201,-2.851074695587158,1
Clemson-DND_p309_c1_grm_std_uni,1,2.8887600898742676,-2.138200283050537,1
Clemson-DND_p309_c1_grm_std_uni,1,2.88033127784729,-2.334019422531128,1
Clemson-DND_p309_c1_grm_std_uni,1,4.090202331542969,-3.347137928009033,1
Clemson-DND_p309_c1_grm_std_uni,1,5.530081272125244,-4.501821041107178,1
Clemson-DND_p309_c1_grm_std_uni,1,6.064817905426025,-5.016965866088867,1
Clemson-DND_p309_c1_grm_std_uni,1,5.990730285644531,-5.199951648712158,1
Clemson-DND_p309_c1_grm_std_uni,1,6.194746017456055,-5.524196147918701,1
Clemson-DND_p309_c1_grm_std_uni,1,5.712323188781738,-4.987772464752197,1
Clemson-DND_p309_c1_grm_std_uni,1,4.975693225860596,-4.295095920562744,1
Clemson-DND_p309_c1_grm_std_uni,1,4.141613483428955,-3.4771487712860107,1
Clemson-DND_p309_c1_grm_std_uni,1,4.3245038986206055,-3.6278624534606934,1
Clemson-DND_p309_c1_grm_std_uni,1,4.649013042449951,-3.8572418689727783,1
Clemson-DND_p309_c1_grm_std_uni,1,4.6345086097717285,-3.8578150272369385,1
Clemson-DND_p309_c1_grm_std_uni,1,4.617086410522461,-3.958935499191284,1
Clemson-DND_p309_c1_grm_std_uni,1,4.861056327819824,-4.544925212860107,1
Clemson-DND_p309_c1_grm_std_uni,1,4.974534034729004,-4.773709297180176,1
Clemson-DND_p309_c1_grm_std_uni,1,5.196847438812256,-5.009976863861084,1
Clemson-DND_p309_c1_grm_std_uni,1,5.439032077789307,-5.313011169433594,1
Clemson-DND_p309_c1_grm_std_uni,1,5.556239128112793,-5.510573387145996,1
Clemson-DND_p309_c1_grm_std_uni,1,5.413339614868164,-5.520950794219971,1
Clemson-DND_p309_c1_grm_std_uni,1,5.2717671394348145,-5.194082260131836,1
Clemson-DND_p309_c1_grm_std_uni,1,4.81182861328125,-4.591799736022949,1
Clemson-DND_p309_c1_grm_std_uni,1,4.950631141662598,-4.553067207336426,1
Clemson-DND_p309_c1_grm_std_uni,1,5.173198223114014,-4.4897284507751465,1
Clemson-DND_p309_c1_grm_std_uni,1,5.855644702911377,-4.925413131713867,1
Clemson-DND_p309_c1_grm_std_uni,1,6.647471904754639,-5.716889381408691,1
Clemson-DND_p309_c1_grm_std_uni,1,6.921450138092041,-6.151277542114258,1
Clemson-DND_p309_c1_grm_std_uni,1,6.477782249450684,-5.92208194732666,1
Clemson-DND_p309_c1_grm_std_uni,1,6.290130138397217,-6.474608898162842,1
Clemson-DND_p309_c1_grm_std_uni,1,6.178590774536133,-5.974827766418457,1
Clemson-DND_p309_c1_grm_std_uni,1,5.513803482055664,-4.287881374359131,1
Clemson-DND_p309_c1_grm_std_uni,1,5.294410705566406,-3.7975494861602783,1
Clemson-DND_p309_c1_grm_std_uni,1,4.823380470275879,-3.2563769817352295,1
Clemson-DND_p309_c1_grm_std_uni,1,4.434101581573486,-3.727447509765625,1
Clemson-DND_p309_c1_grm_std_uni,1,3.876422882080078,-3.143731117248535,1
Clemson-DND_p309_c1_grm_std_uni,1,4.082643032073975,-2.8381593227386475,1
Clemson-DND_p309_c1_grm_std_uni,1,5.692902088165283,-4.257322311401367,1
Clemson-DND_p309_c1_grm_std_uni,1,5.340928077697754,-4.335982322692871,1
Clemson-DND_p309_c1_grm_std_uni,1,5.741092205047607,-4.5359039306640625,1
Clemson-DND_p309_c1_grm_std_uni,1,6.102690696716309,-5.064733505249023,1
Clemson-DND_p309_c1_grm_std_uni,1,5.708067893981934,-3.969012498855591,1
Clemson-DND_p309_c1_grm_std_uni,1,6.317349433898926,-4.711488723754883,1
Clemson-DND_p309_c1_grm_std_uni,1,6.178237438201904,-4.620193004608154,1
Clemson-DND_p309_c1_grm_std_uni,1,6.703439712524414,-5.044978618621826,1
Clemson-DND_p309_c1_grm_std_uni,1,7.3669047355651855,-6.694456100463867,1
Clemson-DND_p309_c1_grm_std_uni,1,6.928009986877441,-6.643277168273926,1
Clemson-DND_p309_c1_grm_std_uni,1,6.88226318359375,-5.7826690673828125,1
Clemson-DND_p309_c1_grm_std_uni,1,5.940009117126465,-3.7994771003723145,1
Clemson-DND_p309_c1_grm_std_uni,1,5.158262729644775,-3.537766218185425,1
Clemson-DND_p309_c1_grm_std_uni,1,4.854121685028076,-3.3852174282073975,1
Clemson-DND_p309_c1_grm_std_uni,1,4.873166561126709,-3.617624521255493,1
Clemson-DND_p309_c1_grm_std_uni,1,5.149534225463867,-4.057305335998535,1
Clemson-DND_p309_c1_grm_std_uni,1,5.374547004699707,-4.700169563293457,1
Clemson-DND_p309_c1_grm_std_uni,1,5.70404052734375,-5.074312210083008,1
Clemson-DND_p309_c1_grm_std_uni,1,5.99124002456665,-5.2027482986450195,1
Clemson-DND_p309_c1_grm_std_uni,1,6.303323268890381,-5.180095195770264,1
Clemson-DND_p309_c1_grm_std_uni,1,6.480937480926514,-5.191587448120117,1
Clemson-DND_p309_c1_grm_std_uni,1,6.491453170776367,-5.1254706382751465,1
Clemson-DND_p309_c1_grm_std_uni,1,6.501582145690918,-5.024714946746826,1
Clemson-DND_p309_c1_grm_std_uni,1,6.473594665527344,-4.902263164520264,1
Clemson-DND_p309_c1_grm_std_uni,1,6.698490619659424,-5.221676826477051,1
Clemson-DND_p309_c1_grm_std_uni,1,6.709869861602783,-5.3315629959106445,1
Clemson-DND_p309_c1_grm_std_uni,1,6.421752452850342,-5.154967784881592,1
Clemson-DND_p309_c1_grm_std_uni,1,6.396763324737549,-4.785679817199707,1
Clemson-DND_p309_c1_grm_std_uni,1,6.545949935913086,-5.207244873046875,1
Clemson-DND_p309_c1_grm_std_uni,1,6.690478801727295,-5.227816581726074,1
Clemson-DND_p309_c1_grm_std_uni,1,7.061604976654053,-5.602606296539307,1
Clemson-DND_p309_c1_grm_std_uni,1,7.010072231292725,-5.983499050140381,1
Clemson-DND_p309_c1_grm_std_uni,1,7.59558629989624,-6.784082889556885,1
Clemson-DND_p309_c1_grm_std_uni,1,7.172863483428955,-6.262212753295898,1
Clemson-DND_p309_c1_grm_std_uni,1,6.585331439971924,-5.768803596496582,1
Clemson-DND_p309_c1_grm_std_uni,1,6.5646138191223145,-5.950349807739258,1
Clemson-DND_p309_c1_grm_std_uni,1,6.451685905456543,-5.750935077667236,1
Clemson-DND_p309_c1_grm_std_uni,1,6.483780860900879,-5.332937717437744,1
Clemson-DND_p309_c1_grm_std_uni,1,5.537166118621826,-4.252301216125488,1
Clemson-DND_p309_c1_grm_std_uni,1,4.653777122497559,-3.63824200630188,1
Clemson-DND_p309_c1_grm_std_uni,1,5.50482177734375,-4.672355651855469,1
Clemson-DND_p309_c1_grm_std_uni,1,5.9320502281188965,-5.47083044052124,1
Clemson-DND_p309_c1_grm_std_uni,1,6.656652927398682,-6.231393337249756,1
Clemson-DND_p309_c1_grm_std_uni,1,6.7242231369018555,-6.738531589508057,1
Clemson-DND_p309_c1_grm_std_uni,1,6.650595664978027,-6.516201972961426,1
Clemson-DND_p309_c1_grm_std_uni,1,6.142815113067627,-5.819057941436768,1
Clemson-DND_p309_c1_grm_std_uni,1,5.568912029266357,-5.412546157836914,1
Clemson-DND_p309_c1_grm_std_uni,1,5.118973731994629,-4.894485950469971,1
Clemson-DND_p309_c1_grm_std_uni,1,5.043898582458496,-4.673986911773682,1
Clemson-DND_p309_c1_grm_std_uni,1,5.971181392669678,-5.371662616729736,1
Clemson-DND_p309_c1_grm_std_uni,1,6.614572525024414,-5.958319187164307,1
Clemson-DND_p309_c1_grm_std_uni,1,7.128963947296143,-6.3761396408081055,1
Clemson-DND_p309_c1_grm_std_uni,1,7.377190113067627,-6.477127552032471,1
Clemson-DND_p309_c1_grm_std_uni,1,5.968620300292969,-4.637935161590576,1
Clemson-DND_p309_c1_grm_std_uni,1,5.735914707183838,-4.180388927459717,1
Clemson-DND_p309_c1_grm_std_uni,1,5.421666622161865,-4.11638069152832,1
Clemson-DND_p309_c1_grm_std_uni,1,6.377294540405273,-5.238624572753906,1
Clemson-DND_p309_c1_grm_std_uni,1,6.919668197631836,-5.898482322692871,1
Clemson-DND_p309_c1_grm_std_uni,1,7.598726749420166,-6.551023006439209,1
Clemson-DND_p309_c1_grm_std_uni,1,6.34148645401001,-5.331542491912842,1
Clemson-DND_p309_c1_grm_std_uni,1,5.0942158699035645,-4.439435005187988,1
Clemson-DND_p309_c1_grm_std_uni,1,4.803533554077148,-4.148462295532227,1
Clemson-DND_p309_c1_grm_std_uni,1,4.2902045249938965,-3.5625178813934326,1
Clemson-DND_p309_c1_grm_std_uni,1,4.379825115203857,-3.6059696674346924,1
Clemson-DND_p309_c1_grm_std_uni,1,4.745001316070557,-3.6590168476104736,1
Clemson-DND_p309_c1_grm_std_uni,1,5.51933479309082,-4.661210536956787,1
Clemson-DND_p309_c1_grm_std_uni,1,5.85132360458374,-4.956887245178223,1
Clemson-DND_p309_c1_grm_std_uni,1,5.605217933654785,-4.717751502990723,1
Clemson-DND_p309_c1_grm_std_uni,1,6.129439353942871,-5.395757675170898,1
Clemson-DND_p309_c1_grm_std_uni,1,6.581762313842773,-5.358788967132568,1
Clemson-DND_p309_c1_grm_std_uni,1,6.445574760437012,-5.012093544006348,1
Clemson-DND_p309_c1_grm_std_uni,1,6.455232620239258,-5.208181381225586,1
Clemson-DND_p309_c1_grm_std_uni,1,7.208474159240723,-5.958730697631836,1
Clemson-DND_p309_c1_grm_std_uni,1,7.229903221130371,-5.672431468963623,1
Clemson-DND_p309_c1_grm_std_uni,1,6.9073028564453125,-5.657527446746826,1
Clemson-DND_p309_c1_grm_std_uni,1,6.5188164710998535,-5.692482948303223,1
Clemson-DND_p309_c1_grm_std_uni,1,5.316078186035156,-4.895741939544678,1
Clemson-DND_p309_c1_grm_std_uni,1,4.881040573120117,-4.579815864562988,1
Clemson-DND_p309_c1_grm_std_uni,1,5.733888149261475,-5.154559135437012,1
Clemson-DND_p309_c1_grm_std_uni,1,6.311852931976318,-5.486393928527832,1
Clemson-DND_p309_c1_grm_std_uni,1,5.0676960945129395,-4.572235584259033,1
Clemson-DND_p309_c1_grm_std_uni,1,4.009610652923584,-3.699953317642212,1
Clemson-DND_p309_c1_grm_std_uni,1,4.188220977783203,-3.7519826889038086,1
Clemson-DND_p309_c1_grm_std_uni,1,4.827614784240723,-4.275869846343994,1
Clemson-DND_p309_c1_grm_std_uni,1,5.489322185516357,-4.744554042816162,1
Clemson-DND_p309_c1_grm_std_uni,1,5.894360065460205,-5.068299293518066,1
Clemson-DND_p309_c1_grm_std_uni,1,5.2498908042907715,-4.372152805328369,1
Clemson-DND_p309_c1_grm_std_uni,1,4.519805908203125,-3.790867328643799,1
Clemson-DND_p309_c1_grm_std_uni,1,4.617084980010986,-3.848970890045166,1
Clemson-DND_p309_c1_grm_std_uni,1,5.030296802520752,-4.186684608459473,1
Clemson-DND_p309_c1_grm_std_uni,1,4.864412307739258,-3.980067253112793,1
Clemson-DND_p309_c1_grm_std_uni,1,4.622010707855225,-3.624497413635254,1
Clemson-DND_p309_c1_grm_std_uni,1,4.991395473480225,-3.9846725463867188,1
Clemson-DND_p309_c1_grm_std_uni,1,5.829599380493164,-4.858986854553223,1
Clemson-DND_p309_c1_grm_std_uni,1,5.147157192230225,-3.9978668689727783,1
Clemson-DND_p309_c1_grm_std_uni,1,4.716549873352051,-3.6771578788757324,1
Clemson-DND_p309_c1_grm_std_uni,1,4.420128345489502,-3.5738131999969482,1
Clemson-DND_p309_c1_grm_std_uni,1,3.7387585639953613,-3.175903797149658,1
Clemson-DND_p309_c1_grm_std_uni,1,2.9006001949310303,-2.510115623474121,1
Clemson-DND_p309_c1_grm_std_uni,1,4.312033176422119,-3.539260149002075,1
Clemson-DND_p309_c1_grm_std_uni,1,4.6050238609313965,-3.7815351486206055,1
Clemson-DND_p309_c1_grm_std_uni,1,5.43378210067749,-4.395420551300049,1
Clemson-DND_p309_c1_grm_std_uni,1,5.811501979827881,-4.68826961517334,1
Clemson-DND_p309_c1_grm_std_uni,1,5.5339884757995605,-4.477066516876221,1
Clemson-DND_p309_c1_grm_std_uni,1,5.530257225036621,-4.487669467926025,1
Clemson-DND_p309_c1_grm_std_uni,1,5.797826290130615,-4.758141040802002,1
Clemson-DND_p309_c1_grm_std_uni,1,5.931136131286621,-4.891697883605957,1
Clemson-DND_p309_c1_grm_std_uni,1,5.973693370819092,-4.961022853851318,1
Clemson-DND_p309_c1_grm_std_uni,1,5.938389301300049,-5.060070514678955,1
Clemson-DND_p309_c1_grm_std_uni,1,5.675859451293945,-5.06563663482666,1
Clemson-DND_p309_c1_grm_std_uni,1,5.428840637207031,-4.886764049530029,1
Clemson-DND_p309_c1_grm_std_uni,1,5.552225112915039,-5.038727760314941,1
Clemson-DND_p309_c1_grm_std_uni,1,3.9769387245178223,-3.3830976486206055,1
Clemson-DND_p309_c1_grm_std_uni,1,3.0660622119903564,-2.65336537361145,1
Clemson-DND_p309_c1_grm_std_uni,1,3.297332525253296,-2.7188448905944824,1
Clemson-DND_p309_c1_grm_std_uni,1,3.467360734939575,-2.7952635288238525,1
Clemson-DND_p309_c1_grm_std_uni,1,3.912257194519043,-3.3896167278289795,1
Clemson-DND_p309_c1_grm_std_uni,1,4.483164310455322,-3.920818328857422,1
Clemson-DND_p309_c1_grm_std_uni,1,4.632934093475342,-4.0670390129089355,1
Clemson-DND_p309_c1_grm_std_uni,1,4.355223178863525,-3.9083902835845947,1
Clemson-DND_p309_c1_grm_std_uni,1,3.9202628135681152,-3.5541341304779053,1
Clemson-DND_p309_c1_grm_std_uni,1,3.901761293411255,-3.504594564437866,1
Clemson-DND_p309_c1_grm_std_uni,1,5.383029460906982,-4.552315711975098,1
Clemson-DND_p309_c1_grm_std_uni,1,6.149023056030273,-5.298458576202393,1
Clemson-DND_p309_c1_grm_std_uni,1,6.1805925369262695,-5.329287052154541,1
Clemson-DND_p309_c1_grm_std_uni,1,6.094450950622559,-5.455532550811768,1
Clemson-DND_p309_c1_grm_std_uni,1,5.65724515914917,-4.399637222290039,1
Clemson-DND_p309_c1_grm_std_uni,1,5.323527812957764,-3.607750654220581,1
Clemson-DND_p309_c1_grm_std_uni,1,5.135829448699951,-3.106990337371826,1
Clemson-DND_p309_c1_grm_std_uni,1,5.448415756225586,-3.18843412399292,1
Clemson-DND_p309_c1_grm_std_uni,1,5.890285968780518,-3.9581656455993652,1
Clemson-DND_p309_c1_grm_std_uni,1,5.829041481018066,-3.9602339267730713,1
Clemson-DND_p309_c1_grm_std_uni,1,5.807126522064209,-4.144629001617432,1
Clemson-DND_p309_c1_grm_std_uni,1,5.80595588684082,-4.491894721984863,1
Clemson-DND_p309_c1_grm_std_uni,1,5.440946578979492,-4.284081935882568,1
Clemson-DND_p309_c1_grm_std_uni,1,5.839951992034912,-4.683988094329834,1
Clemson-DND_p309_c1_grm_std_uni,1,5.936491966247559,-4.926705360412598,1
Clemson-DND_p309_c1_grm_std_uni,1,5.653957843780518,-4.59381628036499,1
Clemson-DND_p309_c1_grm_std_uni,1,5.437124729156494,-4.455965042114258,1
Clemson-DND_p309_c1_grm_std_uni,1,5.755600929260254,-4.6819233894348145,1
Clemson-DND_p309_c1_grm_std_uni,1,6.062734127044678,-4.659164905548096,1
Clemson-DND_p309_c1_grm_std_uni,1,6.135171890258789,-4.430048942565918,1
Clemson-DND_p309_c1_grm_std_uni,1,6.178065776824951,-4.441411972045898,1
Clemson-DND_p309_c1_grm_std_uni,1,5.85237455368042,-4.335550785064697,1
Clemson-DND_p309_c1_grm_std_uni,1,5.907688617706299,-4.500631332397461,1
Clemson-DND_p309_c1_grm_std_uni,1,5.889052391052246,-4.662009239196777,1
Clemson-DND_p309_c1_grm_std_uni,1,5.97692346572876,-4.508744716644287,1
Clemson-DND_p309_c1_grm_std_uni,1,5.710078716278076,-4.308711051940918,1
Clemson-DND_p309_c1_grm_std_uni,1,5.598345756530762,-4.5060882568359375,1
Clemson-DND_p309_c1_grm_std_uni,1,5.813532829284668,-4.613646507263184,1
Clemson-DND_p309_c1_grm_std_uni,1,6.018704891204834,-4.728048801422119,1
Clemson-DND_p309_c1_grm_std_uni,1,6.038381576538086,-4.753455638885498,1
Clemson-DND_p309_c1_grm_std_uni,1,5.976369857788086,-4.896695137023926,1
Clemson-DND_p309_c1_grm_std_uni,1,5.6589035987854,-4.381776332855225,1
Clemson-DND_p309_c1_grm_std_uni,2,5.853266716003418,-3.962700128555298,1
Clemson-DND_p309_c1_grm_std_uni,1,5.2510786056518555,-3.30734920501709,1
Clemson-DND_p309_c1_grm_std_uni,1,5.228391170501709,-3.51098895072937,1
Clemson-DND_p309_c1_grm_std_uni,1,5.074132442474365,-3.47111439704895,1
Clemson-DND_p309_c1_grm_std_uni,1,4.064312934875488,-3.131711006164551,1
Clemson-DND_p309_c1_grm_std_uni,1,4.060931205749512,-3.21530818939209,1
Clemson-DND_p309_c1_grm_std_uni,1,5.481688976287842,-4.396697044372559,1
Clemson-DND_p309_c1_grm_std_uni,1,5.48300838470459,-4.25029993057251,1
Clemson-DND_p309_c1_grm_std_uni,1,5.489677429199219,-4.266983985900879,1
Clemson-DND_p309_c1_grm_std_uni,1,5.965126991271973,-5.39130973815918,1
Clemson-DND_p309_c1_grm_std_uni,1,6.579098224639893,-5.262274265289307,1
Clemson-DND_p309_c1_grm_std_uni,1,6.952127933502197,-5.569507122039795,1
Clemson-DND_p309_c1_grm_std_uni,1,7.185683250427246,-5.887688159942627,1
Clemson-DND_p309_c1_grm_std_uni,1,6.912955284118652,-5.184709072113037,1
Clemson-DND_p309_c1_grm_std_uni,1,6.631890296936035,-4.474057197570801,1
Clemson-DND_p309_c1_grm_std_uni,1,5.609837532043457,-3.994619131088257,1
Clemson-DND_p309_c1_grm_std_uni,1,5.005684852600098,-3.8413262367248535,1
Clemson-DND_p309_c1_grm_std_uni,1,5.249382495880127,-4.304785251617432,1
Clemson-DND_p309_c1_grm_std_uni,1,5.659759521484375,-4.6937408447265625,1
Clemson-DND_p309_c1_grm_std_uni,1,5.599172115325928,-4.267288684844971,1
Clemson-DND_p309_c1_grm_std_uni,1,4.780295372009277,-3.497589111328125,1
Clemson-DND_p309_c1_grm_std_uni,1,4.541598796844482,-3.040578603744507,1
Clemson-DND_p309_c1_grm_std_uni,1,4.921542167663574,-3.0394794940948486,1
Clemson-DND_p309_c1_grm_std_uni,1,5.775143623352051,-4.1132636070251465,1
Clemson-DND_p309_c1_grm_std_uni,1,6.008819103240967,-4.670207500457764,1
Clemson-DND_p309_c1_grm_std_uni,1,6.166384220123291,-4.618785381317139,1
Clemson-DND_p309_c1_grm_std_uni,1,6.039574146270752,-4.682770729064941,1
Clemson-DND_p309_c1_grm_std_uni,1,6.596187114715576,-5.13393497467041,1
Clemson-DND_p309_c1_grm_std_uni,1,6.576508522033691,-5.147024154663086,1
Clemson-DND_p309_c1_grm_std_uni,1,6.564119815826416,-5.170163631439209,1
Clemson-DND_p309_c1_grm_std_uni,1,6.780318260192871,-5.400222301483154,1
Clemson-DND_p309_c1_grm_std_uni,1,6.757944583892822,-5.276434898376465,1
Clemson-DND_p309_c1_grm_std_uni,1,6.737539291381836,-5.265049934387207,1
Clemson-DND_p309_c1_grm_std_uni,1,7.007693767547607,-5.41696310043335,1
Clemson-DND_p309_c1_grm_std_uni,1,7.7318267822265625,-6.452950477600098,1
Clemson-DND_p309_c1_grm_std_uni,1,7.465273857116699,-6.564195156097412,1
Clemson-DND_p309_c1_grm_std_uni,1,6.53825569152832,-5.595518112182617,1
Clemson-DND_p309_c1_grm_std_uni,1,6.4493513107299805,-4.99064826965332,1
Clemson-DND_p309_c1_grm_std_uni,1,6.897880554199219,-5.223601341247559,1
Clemson-DND_p309_c1_grm_std_uni,1,6.582014083862305,-4.583804130554199,1
Clemson-DND_p309_c1_grm_std_uni,1,6.621978759765625,-4.544248104095459,1
Clemson-DND_p309_c1_grm_std_uni,1,7.469900131225586,-5.564792156219482,1
Clemson-DND_p309_c1_grm_std_uni,1,8.003890037536621,-6.555392265319824,1
Clemson-DND_p309_c1_grm_std_uni,1,8.416584014892578,-7.472408771514893,1
Clemson-DND_p309_c1_grm_std_uni,1,8.217255592346191,-6.970277786254883,1
Clemson-DND_p309_c1_grm_std_uni,1,8.012537002563477,-6.43822717666626,1
Clemson-DND_p309_c1_grm_std_uni,1,8.18542766571045,-6.593639850616455,1
Clemson-DND_p309_c1_grm_std_uni,1,8.121695518493652,-6.820424556732178,1
Clemson-DND_p309_c1_grm_std_uni,1,7.686527729034424,-6.571690082550049,1
Clemson-DND_p309_c1_grm_std_uni,1,7.339776992797852,-6.22157096862793,1
Clemson-DND_p309_c1_grm_std_uni,1,6.889143466949463,-5.50819206237793,1
Clemson-DND_p309_c1_grm_std_uni,1,5.764662742614746,-4.342478275299072,1
Clemson-DND_p309_c1_grm_std_uni,1,5.153507709503174,-3.8203017711639404,1
Clemson-DND_p309_c1_grm_std_uni,1,5.269961833953857,-4.06125545501709,1
Clemson-DND_p309_c1_grm_std_uni,1,5.620932102203369,-4.558957099914551,1
Clemson-DND_p309_c1_grm_std_uni,1,5.73158597946167,-4.792752742767334,1
Clemson-DND_p309_c1_grm_std_uni,1,4.2831220626831055,-3.4830801486968994,1
Clemson-DND_p309_c1_grm_std_uni,1,3.6890931129455566,-2.888028860092163,1
Clemson-DND_p309_c1_grm_std_uni,1,2.6542794704437256,-1.8033188581466675,1
Clemson-DND_p309_c1_grm_std_uni,1,2.817227602005005,-2.0175416469573975,1
Clemson-DND_p309_c1_grm_std_uni,1,3.5018811225891113,-3.0618674755096436,1
Clemson-DND_p309_c1_grm_std_uni,1,4.280984401702881,-3.879523754119873,1
Clemson-DND_p309_c1_grm_std_uni,1,4.794187068939209,-4.13120698928833,1
Clemson-DND_p309_c1_grm_std_uni,1,4.799589157104492,-4.098303318023682,1
Clemson-DND_p309_c1_grm_std_uni,1,4.505284786224365,-3.815730333328247,1
Clemson-DND_p309_c1_grm_std_uni,1,4.518809795379639,-3.7752654552459717,1
Clemson-DND_p309_c1_grm_std_uni,1,4.06179666519165,-3.2365047931671143,1
Clemson-DND_p309_c1_grm_std_uni,1,3.395562171936035,-2.591691732406616,1
Clemson-DND_p309_c1_grm_std_uni,1,3.2744662761688232,-2.558387279510498,1
Clemson-DND_p309_c1_grm_std_uni,1,3.541630744934082,-2.7214126586914062,1
Clemson-DND_p309_c1_grm_std_uni,1,3.732844829559326,-2.853505849838257,1
Clemson-DND_p309_c1_grm_std_uni,1,3.8019495010375977,-2.965012550354004,1
Clemson-DND_p309_c1_grm_std_uni,1,3.5567243099212646,-2.819344997406006,1
Clemson-DND_p309_c1_grm_std_uni,1,3.6096749305725098,-2.9087865352630615,1
Clemson-DND_p309_c1_grm_std_uni,1,3.6055986881256104,-2.90657114982605,1
Clemson-DND_p309_c1_grm_std_uni,1,4.156262397766113,-3.2794227600097656,1
Clemson-DND_p309_c1_grm_std_uni,1,4.987512588500977,-3.7456724643707275,1
Clemson-DND_p309_c1_grm_std_uni,1,4.95218563079834,-3.7391340732574463,1
Clemson-DND_p309_c1_grm_std_uni,1,4.475189208984375,-3.302933931350708,1
Clemson-DND_p309_c1_grm_std_uni,1,4.130887508392334,-3.0896124839782715,1
Clemson-DND_p309_c1_grm_std_uni,1,4.443850040435791,-3.328796863555908,1
Clemson-DND_p309_c1_grm_std_uni,1,4.865508079528809,-3.657604217529297,1
Clemson-DND_p309_c1_grm_std_uni,1,4.987032890319824,-3.7695515155792236,1
Clemson-DND_p309_c1_grm_std_uni,1,4.049580097198486,-3.08455753326416,1
Clemson-DND_p309_c1_grm_std_uni,1,2.9630346298217773,-2.375420570373535,1
Clemson-DND_p309_c1_grm_std_uni,1,3.9707727432250977,-3.525796413421631,1
Clemson-DND_p309_c1_grm_std_uni,1,4.471653938293457,-3.5744385719299316,1
Clemson-DND_p309_c1_grm_std_uni,1,4.489934921264648,-3.3779053688049316,1
Clemson-DND_p309_c1_grm_std_uni,1,5.382991313934326,-4.20817756652832,1
Clemson-DND_p309_c1_grm_std_uni,1,5.737692356109619,-4.893644332885742,1
Clemson-DND_p309_c1_grm_std_uni,1,5.422366142272949,-4.702581882476807,1
Clemson-DND_p309_c1_grm_std_uni,1,5.0471930503845215,-4.0894341468811035,1
Clemson-DND_p309_c1_grm_std_uni,1,5.230518817901611,-4.370187282562256,1
Clemson-DND_p309_c1_grm_std_uni,1,5.9293012619018555,-5.5359883308410645,1
Clemson-DND_p309_c1_grm_std_uni,1,5.853874683380127,-6.328945636749268,1
Clemson-DND_p309_c1_grm_std_uni,1,5.458381652832031,-5.62091064453125,1
Clemson-DND_p309_c1_grm_std_uni,1,5.393345355987549,-4.489121913909912,1
Clemson-DND_p309_c1_grm_std_uni,1,5.001632213592529,-3.6679816246032715,1
Clemson-DND_p309_c1_grm_std_uni,1,4.425142765045166,-2.7984373569488525,1
Clemson-DND_p309_c1_grm_std_uni,1,4.600396156311035,-2.79825496673584,1
Clemson-DND_p309_c1_grm_std_uni,1,5.002039432525635,-3.5394065380096436,1
Clemson-DND_p309_c1_grm_std_uni,1,5.040838241577148,-3.497347116470337,1
Clemson-DND_p309_c1_grm_std_uni,1,5.392300605773926,-3.977246046066284,1
Clemson-DND_p309_c1_grm_std_uni,1,5.757358074188232,-4.6713786125183105,1
Clemson-DND_p309_c1_grm_std_uni,1,5.658803939819336,-4.555849075317383,1
Clemson-DND_p309_c1_grm_std_uni,1,5.906781196594238,-4.9397196769714355,1
Clemson-DND_p309_c1_grm_std_uni,1,6.067454814910889,-4.945741653442383,1
Clemson-DND_p309_c1_grm_std_uni,1,5.409815788269043,-4.945197105407715,1
Clemson-DND_p309_c1_grm_std_uni,1,4.869201183319092,-4.017680644989014,1
Clemson-DND_p309_c1_grm_std_uni,1,5.187306880950928,-4.5603203773498535,1
Clemson-DND_p309_c1_grm_std_uni,1,5.378905773162842,-4.833828926086426,1
Clemson-DND_p309_c1_grm_std_uni,1,5.601693153381348,-5.121188640594482,1
Clemson-DND_p309_c1_grm_std_uni,1,5.535614490509033,-5.131889820098877,1
Clemson-DND_p309_c1_grm_std_uni,1,6.110846519470215,-5.428057670593262,1
Clemson-DND_p309_c1_grm_std_uni,1,6.255486011505127,-5.171621322631836,1
Clemson-DND_p309_c1_grm_std_uni,1,6.885199546813965,-5.874955654144287,1
Clemson-DND_p309_c1_grm_std_uni,1,6.637770175933838,-6.019034385681152,1
Clemson-DND_p309_c1_grm_std_uni,1,5.628900051116943,-4.760855674743652,1
Clemson-DND_p309_c1_grm_std_uni,1,5.375363349914551,-4.2664947509765625,1
Clemson-DND_p309_c1_grm_std_uni,1,5.372287273406982,-3.9218547344207764,1
Clemson-DND_p309_c1_grm_std_uni,1,5.415512561798096,-4.014134407043457,1
Clemson-DND_p309_c1_grm_std_uni,1,5.067819595336914,-3.7721567153930664,1
Clemson-DND_p309_c1_grm_std_uni,1,4.714108467102051,-3.449655771255493,1
Clemson-DND_p309_c1_grm_std_uni,1,4.544577121734619,-3.360560417175293,1
Clemson-DND_p309_c1_grm_std_uni,1,4.619202613830566,-3.600743055343628,1
Clemson-DND_p309_c1_grm_std_uni,1,4.689740180969238,-3.8384621143341064,1
Clemson-DND_p309_c1_grm_std_uni,1,4.828641414642334,-3.9995713233947754,1
Clemson-DND_p309_c1_grm_std_uni,1,4.794038772583008,-4.032526969909668,1
Clemson-DND_p309_c1_grm_std_uni,1,4.921042442321777,-4.050554275512695,1
Clemson-DND_p309_c1_grm_std_uni,1,5.5732269287109375,-4.512145042419434,1
Clemson-DND_p309_c1_grm_std_uni,1,5.636799335479736,-4.876816272735596,1
Clemson-DND_p309_c1_grm_std_uni,1,5.801373481750488,-4.715231895446777,1
Clemson-DND_p309_c1_grm_std_uni,1,5.405747413635254,-3.879272222518921,1
Clemson-DND_p309_c1_grm_std_uni,1,4.8793721199035645,-3.2895166873931885,1
Clemson-DND_p309_c1_grm_std_uni,1,4.667478561401367,-3.2006354331970215,1
Clemson-DND_p309_c1_grm_std_uni,1,4.68404483795166,-3.429600715637207,1
Clemson-DND_p309_c1_grm_std_uni,1,5.149016380310059,-4.112826824188232,1
Clemson-DND_p309_c1_grm_std_uni,1,5.815512180328369,-4.416650772094727,1
Clemson-DND_p309_c1_grm_std_uni,1,5.763514041900635,-4.365793704986572,1
Clemson-DND_p309_c1_grm_std_uni,1,5.44999885559082,-3.7672810554504395,1
Clemson-DND_p309_c1_grm_std_uni,1,4.993447780609131,-3.7193095684051514,1
Clemson-DND_p309_c1_grm_std_uni,1,5.4373040199279785,-4.269547939300537,1
Clemson-DND_p309_c1_grm_std_uni,1,5.950945854187012,-4.961175441741943,1
Clemson-DND_p309_c1_grm_std_uni,1,5.978879451751709,-4.991776466369629,1
Clemson-DND_p309_c1_grm_std_uni,1,5.692580223083496,-4.805352687835693,1
Clemson-DND_p309_c1_grm_std_uni,1,5.9438395500183105,-4.999900817871094,1
Clemson-DND_p309_c1_grm_std_uni,1,6.139020919799805,-4.76064920425415,1
Clemson-DND_p309_c1_grm_std_uni,1,6.547837734222412,-4.980312824249268,1
Clemson-DND_p309_c1_grm_std_uni,1,5.88707971572876,-4.607245445251465,1
Clemson-DND_p309_c1_grm_std_uni,1,4.788320064544678,-3.643786907196045,1
Clemson-DND_p309_c1_grm_std_uni,1,4.486656188964844,-3.4530482292175293,1
Clemson-DND_p309_c1_grm_std_uni,1,4.78079891204834,-3.796595811843872,1
Clemson-DND_p309_c1_grm_std_uni,1,5.248814582824707,-4.3805718421936035,1
Clemson-DND_p309_c1_grm_std_uni,1,6.454172134399414,-5.336696147918701,1
Clemson-DND_p309_c1_grm_std_uni,1,7.134865760803223,-6.317373752593994,1
Clemson-DND_p309_c1_grm_std_uni,1,7.158703804016113,-6.428315162658691,1
Clemson-DND_p309_c1_grm_std_uni,1,6.759706497192383,-6.17746639251709,1
Clemson-DND_p309_c1_grm_std_uni,1,6.7636871337890625,-5.946893215179443,1
Clemson-DND_p309_c1_grm_std_uni,1,6.700607776641846,-5.813328266143799,1
Clemson-DND_p309_c1_grm_std_uni,1,6.600489139556885,-5.792655944824219,1
Clemson-DND_p309_c1_grm_std_uni,1,6.783661842346191,-5.942855358123779,1
Clemson-DND_p309_c1_grm_std_uni,1,5.919018268585205,-4.847250938415527,1
Clemson-DND_p309_c1_grm_std_uni,1,5.951962471008301,-4.448923110961914,1
Clemson-DND_p309_c1_grm_std_uni,1,5.92073392868042,-3.940371513366699,1
Clemson-DND_p309_c1_grm_std_uni,1,5.022313594818115,-3.014185667037964,1
Clemson-DND_p309_c1_grm_std_uni,1,5.0430169105529785,-3.3242523670196533,1
Clemson-DND_p309_c1_grm_std_uni,1,4.579888343811035,-3.1959900856018066,1
Clemson-DND_p309_c1_grm_std_uni,1,4.829329013824463,-3.57076096534729,1
Clemson-DND_p309_c1_grm_std_uni,1,5.135590553283691,-4.098029613494873,1
Clemson-DND_p309_c1_grm_std_uni,1,5.265312194824219,-4.35475492477417,1
Clemson-DND_p309_c1_grm_std_uni,1,4.965521335601807,-3.8582472801208496,1
Clemson-DND_p309_c1_grm_std_uni,1,4.769542217254639,-3.620976209640503,1
Clemson-DND_p309_c1_grm_std_uni,1,4.52528715133667,-3.4391443729400635,1
Clemson-DND_p309_c1_grm_std_uni,1,4.765537738800049,-3.8521223068237305,1
Clemson-DND_p309_c1_grm_std_uni,1,5.132119178771973,-4.409652233123779,1
Clemson-DND_p309_c1_grm_std_uni,1,5.668641090393066,-4.867306709289551,1
Clemson-DND_p309_c1_grm_std_uni,1,5.733538627624512,-5.042081356048584,1
Clemson-DND_p309_c1_grm_std_uni,1,5.270966053009033,-4.841175556182861,1
Clemson-DND_p309_c1_grm_std_uni,1,5.537859916687012,-4.911324501037598,1
Clemson-DND_p309_c1_grm_std_uni,1,5.751331806182861,-4.930750846862793,1
Clemson-DND_p309_c1_grm_std_uni,1,5.830789566040039,-4.901885986328125,1
Clemson-DND_p309_c1_grm_std_uni,1,6.070472240447998,-5.2815399169921875,1
Clemson-DND_p309_c1_grm_std_uni,1,6.199582576751709,-5.158591270446777,1
Clemson-DND_p309_c1_grm_std_uni,1,6.412961959838867,-5.29784631729126,1
Clemson-DND_p309_c1_grm_std_uni,1,6.945032596588135,-5.88609504699707,1
Clemson-DND_p309_c1_grm_std_uni,1,6.965069770812988,-6.109422206878662,1
Clemson-DND_p309_c1_grm_std_uni,1,6.66114616394043,-6.048518657684326,1
Clemson-DND_p309_c1_grm_std_uni,1,6.574183464050293,-5.968362331390381,1
Clemson-DND_p309_c1_grm_std_uni,1,6.297585964202881,-5.408463478088379,1
Clemson-DND_p309_c1_grm_std_uni,1,7.432608127593994,-6.602850437164307,1
Clemson-DND_p309_c1_grm_std_uni,1,6.749296188354492,-6.9764885902404785,1
Clemson-DND_p309_c1_grm_std_uni,1,6.263689041137695,-5.804848670959473,1
Clemson-DND_p309_c1_grm_std_uni,1,5.974512100219727,-4.808498859405518,1
Clemson-DND_p309_c1_grm_std_uni,1,6.175266742706299,-4.915210247039795,1
Clemson-DND_p309_c1_grm_std_uni,1,5.462456703186035,-4.11461067199707,1
Clemson-DND_p309_c1_grm_std_uni,1,5.4590864181518555,-3.768493413925171,1
Clemson-DND_p309_c1_grm_std_uni,1,5.079692363739014,-3.976372480392456,1
Clemson-DND_p309_c1_grm_std_uni,1,4.762906074523926,-3.893230438232422,1
Clemson-DND_p309_c1_grm_std_uni,1,4.5734171867370605,-3.3640811443328857,1
Clemson-DND_p309_c1_grm_std_uni,1,5.463318824768066,-4.114753246307373,1
Clemson-DND_p309_c1_grm_std_uni,1,5.983231067657471,-4.45347261428833,1
Clemson-DND_p309_c1_grm_std_uni,1,6.062361717224121,-4.354607105255127,1
Clemson-DND_p309_c1_grm_std_uni,1,5.83873176574707,-4.43284273147583,1
Clemson-DND_p309_c1_grm_std_uni,1,5.269262313842773,-3.847031593322754,1
Clemson-DND_p309_c1_grm_std_uni,1,5.098751544952393,-3.7026126384735107,1
Clemson-DND_p309_c1_grm_std_uni,1,5.269713401794434,-3.937976121902466,1
Clemson-DND_p309_c1_grm_std_uni,1,5.153254508972168,-4.140489101409912,1
Clemson-DND_p309_c1_grm_std_uni,1,5.288970470428467,-3.8924431800842285,1
Clemson-DND_p309_c1_grm_std_uni,1,4.589810371398926,-3.8751344680786133,1
Clemson-DND_p309_c1_grm_std_uni,1,4.7945942878723145,-4.28879451751709,1
Clemson-DND_p309_c1_grm_std_uni,1,5.1796417236328125,-4.5012006759643555,1
Clemson-DND_p309_c1_grm_std_uni,1,5.560085773468018,-4.493711948394775,1
Clemson-DND_p309_c1_grm_std_uni,1,5.794763088226318,-4.764179706573486,1
Clemson-DND_p309_c1_grm_std_uni,1,5.922357082366943,-4.723101615905762,1
Clemson-DND_p309_c1_grm_std_uni,1,6.276176929473877,-5.316624164581299,1
Clemson-DND_p309_c1_grm_std_uni,1,5.894669055938721,-4.812345504760742,1
Clemson-DND_p309_c1_grm_std_uni,1,6.321869373321533,-5.03321647644043,1
Clemson-DND_p309_c1_grm_std_uni,1,6.87196159362793,-5.14363431930542,1
Clemson-DND_p309_c1_grm_std_uni,1,5.951365947723389,-4.240209102630615,1
Clemson-DND_p309_c1_grm_std_uni,1,5.480162143707275,-3.9408462047576904,1
Clemson-DND_p309_c1_grm_std_uni,1,5.117983341217041,-3.706934928894043,1
Clemson-DND_p309_c1_grm_std_uni,1,4.9605302810668945,-3.544589042663574,1
Clemson-DND_p309_c1_grm_std_uni,1,5.2910590171813965,-3.8039681911468506,1
Clemson-DND_p309_c1_grm_std_uni,1,5.375925064086914,-3.979586124420166,1
Clemson-DND_p309_c1_grm_std_uni,1,6.114861965179443,-4.710715293884277,1
Clemson-DND_p309_c1_grm_std_uni,1,6.277132511138916,-4.960013389587402,1
Clemson-DND_p309_c1_grm_std_uni,1,6.138029098510742,-4.51959753036499,1
Clemson-DND_p309_c1_grm_std_uni,1,6.045267581939697,-4.517585277557373,1
Clemson-DND_p309_c1_grm_std_uni,1,6.593247890472412,-5.225020885467529,1
Clemson-DND_p309_c1_grm_std_uni,1,6.759394645690918,-5.351934909820557,1
Clemson-DND_p309_c1_grm_std_uni,1,7.115697860717773,-5.698417663574219,1
Clemson-DND_p309_c1_grm_std_uni,1,7.3724565505981445,-5.853302955627441,1
Clemson-DND_p309_c1_grm_std_uni,1,6.583314418792725,-4.785582065582275,1
Clemson-DND_p309_c1_grm_std_uni,1,5.946236610412598,-4.048304080963135,1
Clemson-DND_p309_c1_grm_std_uni,1,5.779345512390137,-4.017942428588867,1
Clemson-DND_p309_c1_grm_std_uni,1,5.6886305809021,-4.401088237762451,1
Clemson-DND_p309_c1_grm_std_uni,1,5.4267754554748535,-4.416565418243408,1
Clemson-DND_p309_c1_grm_std_uni,1,4.698115825653076,-3.992553472518921,1
Clemson-DND_p309_c1_grm_std_uni,1,4.4921135902404785,-3.7326254844665527,1
Clemson-DND_p309_c1_grm_std_uni,1,4.624833583831787,-3.8077054023742676,1
Clemson-DND_p309_c1_grm_std_uni,1,4.679426193237305,-4.056902885437012,1
Clemson-DND_p309_c1_grm_std_uni,1,4.774885177612305,-4.1111321449279785,1
Clemson-DND_p309_c1_grm_std_uni,1,4.6999359130859375,-4.077478408813477,1
Clemson-DND_p309_c1_grm_std_uni,1,4.544153690338135,-3.9113237857818604,1
Clemson-DND_p309_c1_grm_std_uni,1,4.818984031677246,-3.7634077072143555,1
Clemson-DND_p309_c1_grm_std_uni,1,4.9266510009765625,-3.740265130996704,1
Clemson-DND_p309_c1_grm_std_uni,1,4.931038856506348,-3.8344476222991943,1
Clemson-DND_p309_c1_grm_std_uni,1,5.117597579956055,-4.102775573730469,1
Clemson-DND_p309_c1_grm_std_uni,1,5.427175998687744,-4.643683433532715,1
Clemson-DND_p309_c1_grm_std_uni,1,5.8034257888793945,-5.149483680725098,1
Clemson-DND_p309_c1_grm_std_uni,1,6.11275053024292,-5.203131198883057,1
Clemson-DND_p309_c1_grm_std_uni,1,6.607931137084961,-5.524477005004883,1
Clemson-DND_p309_c1_grm_std_uni,1,5.8499345779418945,-5.001615524291992,1
Clemson-DND_p309_c1_grm_std_uni,1,5.377939701080322,-4.434889793395996,1
Clemson-DND_p309_c1_grm_std_uni,1,5.506080627441406,-4.040511131286621,1
Clemson-DND_p309_c1_grm_std_uni,1,6.081332206726074,-4.648281574249268,1
Clemson-DND_p309_c1_grm_std_uni,1,6.155587673187256,-5.181894779205322,1
Clemson-DND_p309_c1_grm_std_uni,1,5.828609943389893,-4.759793758392334,1
Clemson-DND_p309_c1_grm_std_uni,1,5.3510637283325195,-3.950282335281372,1
Clemson-DND_p309_c1_grm_std_uni,1,4.300759792327881,-3.0251476764678955,1
Clemson-DND_p309_c1_grm_std_uni,1,4.885180950164795,-3.293071746826172,1
Clemson-DND_p309_c1_grm_std_uni,1,5.7109503746032715,-4.132017612457275,1
Clemson-DND_p309_c1_grm_std_uni,1,6.103454113006592,-4.665395736694336,1
Clemson-DND_p309_c1_grm_std_uni,1,6.311665058135986,-4.87276029586792,1
Clemson-DND_p309_c1_grm_std_uni,1,6.200153827667236,-4.912629127502441,1
Clemson-DND_p309_c1_grm_std_uni,1,6.561123371124268,-5.6212477684021,1
Clemson-DND_p309_c1_grm_std_uni,1,6.6477251052856445,-5.743524074554443,1
Clemson-DND_p309_c1_grm_std_uni,1,6.2173967361450195,-5.371747970581055,1
Clemson-DND_p309_c1_grm_std_uni,1,7.001601219177246,-6.06041145324707,1
Clemson-DND_p309_c1_grm_std_uni,1,7.762259483337402,-7.048436164855957,1
Clemson-DND_p309_c1_grm_std_uni,1,8.344320297241211,-7.694161891937256,1
Clemson-DND_p309_c1_grm_std_uni,1,8.19051456451416,-7.753337383270264,1
Clemson-DND_p309_c1_grm_std_uni,1,7.91811466217041,-7.210141658782959,1
Clemson-DND_p309_c1_grm_std_uni,1,6.4646525382995605,-5.791900634765625,1
Clemson-DND_p309_c1_grm_std_uni,1,5.161532878875732,-4.432665824890137,1
Clemson-DND_p309_c1_grm_std_uni,1,5.457846641540527,-4.803099632263184,1
Clemson-DND_p309_c1_grm_std_uni,1,6.707292556762695,-5.928866863250732,1
Clemson-DND_p309_c1_grm_std_uni,1,7.81412935256958,-6.896970748901367,1
Clemson-DND_p309_c1_grm_std_uni,1,7.295860290527344,-6.579312324523926,1
Clemson-DND_p309_c1_grm_std_uni,1,6.180421352386475,-5.277202129364014,1
Clemson-DND_p309_c1_grm_std_uni,1,4.336618423461914,-3.520338773727417,1
Clemson-DND_p309_c1_grm_std_uni,1,4.064138412475586,-3.112841844558716,1
Clemson-DND_p309_c1_grm_std_uni,1,4.655250549316406,-3.9369800090789795,1
Clemson-DND_p309_c1_grm_std_uni,1,5.287997722625732,-4.490133285522461,1
Clemson-DND_p309_c1_grm_std_uni,1,6.09759521484375,-5.471614360809326,1
Clemson-DND_p309_c1_grm_std_uni,1,6.810103893280029,-5.847961902618408,1
Clemson-DND_p309_c1_grm_std_uni,1,6.335655689239502,-5.230465888977051,1
Clemson-DND_p309_c1_grm_std_uni,1,5.366003036499023,-4.21782112121582,1
Clemson-DND_p309_c1_grm_std_uni,1,3.640193462371826,-2.7704803943634033,1
Clemson-DND_p309_c1_grm_std_uni,1,4.026334762573242,-3.5338048934936523,1
Clemson-DND_p309_c1_grm_std_uni,1,5.020237922668457,-4.503335952758789,1
Clemson-DND_p309_c1_grm_std_uni,1,5.836349964141846,-4.77125358581543,1
Clemson-DND_p309_c1_grm_std_uni,1,6.871394634246826,-5.439568042755127,1
Clemson-DND_p309_c1_grm_std_uni,1,6.640845775604248,-5.283209323883057,1
Clemson-DND_p309_c1_grm_std_uni,1,6.100887775421143,-4.923077583312988,1
Clemson-DND_p309_c1_grm_std_uni,1,5.353003978729248,-4.225779056549072,1
Clemson-DND_p309_c1_grm_std_uni,1,5.653768539428711,-4.2400617599487305,1
Clemson-DND_p309_c1_grm_std_uni,1,6.3614068031311035,-4.777518272399902,1
Clemson-DND_p309_c1_grm_std_uni,1,6.889871597290039,-5.790701866149902,1
Clemson-DND_p309_c1_grm_std_uni,1,7.095912456512451,-6.202346324920654,1
Clemson-DND_p309_c1_grm_std_uni,1,6.404093265533447,-5.794684886932373,1
Clemson-DND_p309_c1_grm_std_uni,1,6.096142768859863,-5.068370342254639,1
Clemson-DND_p309_c1_grm_std_uni,1,5.919617652893066,-4.739342212677002,1
Clemson-DND_p309_c1_grm_std_uni,1,5.276659965515137,-3.8879644870758057,1
Clemson-DND_p309_c1_grm_std_uni,1,5.544309616088867,-4.267081260681152,1
Clemson-DND_p309_c1_grm_std_uni,1,5.370386123657227,-4.083876609802246,1
Clemson-DND_p309_c1_grm_std_uni,1,5.953999996185303,-4.660271167755127,1
Clemson-DND_p309_c1_grm_std_uni,1,6.1592116355896,-4.753900527954102,1
Clemson-DND_p309_c1_grm_std_uni,1,6.13075065612793,-5.184961318969727,1
Clemson-DND_p309_c1_grm_std_uni,1,6.467913627624512,-5.83112096786499,1
Clemson-DND_p309_c1_grm_std_uni,1,6.691232681274414,-6.0839056968688965,1
Clemson-DND_p309_c1_grm_std_uni,1,7.118283748626709,-6.619072914123535,1
Clemson-DND_p309_c1_grm_std_uni,1,7.595019340515137,-6.9825758934021,1
Clemson-DND_p309_c1_grm_std_uni,1,7.576528549194336,-6.518531799316406,1
Clemson-DND_p309_c1_grm_std_uni,1,7.397133827209473,-6.2697834968566895,1
Clemson-DND_p309_c1_grm_std_uni,1,6.539051532745361,-5.492744445800781,1
Clemson-DND_p309_c1_grm_std_uni,1,4.095943450927734,-3.3866870403289795,1
Clemson-DND_p309_c1_grm_std_uni,1,6.467573165893555,-5.210818290710449,1
Clemson-DND_p309_c1_grm_std_uni,1,7.178216934204102,-6.242110252380371,1
Clemson-DND_p309_c1_grm_std_uni,1,6.6703386306762695,-5.646953105926514,1
Clemson-DND_p309_c1_grm_std_uni,1,6.653256893157959,-4.514874458312988,1
Clemson-DND_p309_c1_grm_std_uni,1,6.525738716125488,-4.39102840423584,1
Clemson-DND_p309_c1_grm_std_uni,1,6.078268051147461,-4.100066661834717,1
Clemson-DND_p309_c1_grm_std_uni,1,4.857117176055908,-3.6420352458953857,1
Clemson-DND_p309_c1_grm_std_uni,1,3.985318422317505,-3.065599203109741,1
Clemson-DND_p309_c1_grm_std_uni,1,4.535019874572754,-3.3815371990203857,1
Clemson-DND_p309_c1_grm_std_uni,1,5.724616527557373,-4.473076343536377,1
Clemson-DND_p309_c1_grm_std_uni,1,6.087397575378418,-5.009326457977295,1
Clemson-DND_p309_c1_grm_std_uni,1,6.423768520355225,-5.163173198699951,1
Clemson-DND_p309_c1_grm_std_uni,1,7.275261402130127,-6.019416332244873,1
Clemson-DND_p309_c1_grm_std_uni,1,7.562419414520264,-6.3248372077941895,1
Clemson-DND_p309_c1_grm_std_uni,1,7.835181713104248,-6.566373348236084,1
Clemson-DND_p309_c1_grm_std_uni,1,7.6478071212768555,-6.639349460601807,1
Clemson-DND_p309_c1_grm_std_uni,1,7.363890647888184,-6.132389545440674,1
Clemson-DND_p309_c1_grm_std_uni,1,6.665226459503174,-5.675939083099365,1
Clemson-DND_p309_c1_grm_std_uni,1,6.288994789123535,-5.280523300170898,1
Clemson-DND_p309_c1_grm_std_uni,1,6.648374557495117,-5.769701957702637,1
Clemson-DND_p309_c1_grm_std_uni,1,6.900651931762695,-6.381762981414795,1
Clemson-DND_p309_c1_grm_std_uni,1,6.846508979797363,-6.452309608459473,1
Clemson-DND_p309_c1_grm_std_uni,1,7.062668323516846,-6.60773229598999,1
Clemson-DND_p309_c1_grm_std_uni,1,6.629300117492676,-6.178227424621582,1
Clemson-DND_p309_c1_grm_std_uni,1,5.871092319488525,-4.999290943145752,1
Clemson-DND_p309_c1_grm_std_uni,1,3.900076150894165,-2.9580962657928467,1
Clemson-DND_p309_c1_grm_std_uni,1,2.9324867725372314,-2.413590431213379,1
Clemson-DND_p309_c1_grm_std_uni,1,2.7920095920562744,-2.7102391719818115,1
Clemson-DND_p309_c1_grm_std_uni,1,3.842190980911255,-4.254870891571045,1
Clemson-DND_p309_c1_grm_std_uni,1,4.242571830749512,-4.199307441711426,1
Clemson-DND_p309_c1_grm_std_uni,1,4.154211521148682,-3.556262731552124,1
Clemson-DND_p309_c1_grm_std_uni,1,3.8250954151153564,-3.129533529281616,1
Clemson-DND_p309_c1_grm_std_uni,1,3.3873448371887207,-2.718287467956543,1
Clemson-DND_p309_c1_grm_std_uni,1,3.602210521697998,-2.6296746730804443,1
Clemson-DND_p309_c1_grm_std_uni,1,4.535883903503418,-3.3401169776916504,1
Clemson-DND_p309_c1_grm_std_uni,1,4.438615322113037,-3.5271246433258057,1
Clemson-DND_p309_c1_grm_std_uni,1,4.916520595550537,-3.6183886528015137,1
Clemson-DND_p309_c1_grm_std_uni,1,4.853785037994385,-3.6908717155456543,1
Clemson-DND_p309_c1_grm_std_uni,1,4.640623092651367,-3.9944863319396973,1
Clemson-DND_p309_c1_grm_std_uni,1,5.219902038574219,-4.6055006980896,1
Clemson-DND_p309_c1_grm_std_uni,1,5.620856761932373,-5.089615345001221,1
Clemson-DND_p309_c1_grm_std_uni,1,4.287703514099121,-4.424417018890381,1
Clemson-DND_p309_c1_grm_std_uni,1,2.4453470706939697,-3.15079665184021,1
Clemson-DND_p309_c1_grm_std_uni,1,1.8060632944107056,-2.041011095046997,1
Clemson-DND_p309_c1_grm_std_uni,1,3.675286293029785,-3.767613649368286,1
Clemson-DND_p309_c1_grm_std_uni,1,4.399525165557861,-4.194215297698975,1
Clemson-DND_p309_c1_grm_std_uni,1,5.042523384094238,-4.339300155639648,1
Clemson-DND_p309_c1_grm_std_uni,1,5.513632774353027,-4.362293720245361,1
Clemson-DND_p309_c1_grm_std_uni,1,5.164675712585449,-3.8868680000305176,1
Clemson-DND_p309_c1_grm_std_uni,1,4.875251770019531,-3.6288766860961914,1
Clemson-DND_p309_c1_grm_std_uni,1,5.241513729095459,-3.9848108291625977,1
Clemson-DND_p309_c1_grm_std_uni,1,6.562811374664307,-5.241912841796875,1
Clemson-DND_p309_c1_grm_std_uni,1,6.662117004394531,-5.619232177734375,1
Clemson-DND_p309_c1_grm_std_uni,1,6.13767671585083,-5.241317272186279,1
Clemson-DND_p309_c1_grm_std_uni,1,5.607809066772461,-4.245359420776367,1
Clemson-DND_p309_c1_grm_std_uni,1,3.375779390335083,-2.688464879989624,1
Clemson-DND_p309_c1_grm_std_uni,1,2.606276512145996,-2.3703696727752686,1
Clemson-DND_p309_c1_grm_std_uni,1,2.971001625061035,-2.5218374729156494,1
Clemson-DND_p309_c1_grm_std_uni,1,5.453426837921143,-4.392691135406494,1
Clemson-DND_p309_c1_grm_std_uni,1,5.895500659942627,-4.318719863891602,1
Clemson-DND_p309_c1_grm_std_uni,1,6.935120582580566,-5.306172847747803,1
Clemson-DND_p309_c1_grm_std_uni,1,7.028532028198242,-5.601324081420898,1
Clemson-DND_p309_c1_grm_std_uni,1,7.0437469482421875,-5.288876056671143,1
Clemson-DND_p309_c1_grm_std_uni,1,6.312263011932373,-4.451308250427246,1
Clemson-DND_p309_c1_grm_std_uni,1,4.528199195861816,-2.8418500423431396,1
Clemson-DND_p309_c1_grm_std_uni,1,3.914722442626953,-3.3529727458953857,1
Clemson-DND_p309_c1_grm_std_uni,1,5.190917491912842,-4.588536262512207,1
Clemson-DND_p309_c1_grm_std_uni,1,6.668475151062012,-5.800926685333252,1
Clemson-DND_p309_c1_grm_std_uni,1,7.45205020904541,-6.300568103790283,1
Clemson-DND_p309_c1_grm_std_uni,1,8.135446548461914,-7.201662063598633,1
Clemson-DND_p309_c1_grm_std_uni,1,7.7974958419799805,-6.698324203491211,1
Clemson-DND_p309_c1_grm_std_uni,1,6.983010768890381,-5.937536716461182,1
Clemson-DND_p309_c1_grm_std_uni,1,6.339077949523926,-5.277588367462158,1
Clemson-DND_p309_c1_grm_std_uni,1,4.584938049316406,-3.8655824661254883,1
Clemson-DND_p309_c1_grm_std_uni,1,3.1707072257995605,-2.556117057800293,1
Clemson-DND_p309_c1_grm_std_uni,1,2.717524290084839,-2.3822479248046875,1
Clemson-DND_p309_c1_grm_std_uni,1,3.878422260284424,-2.50842022895813,1
Clemson-DND_p309_c1_grm_std_uni,1,4.566285133361816,-3.124796152114868,1
Clemson-DND_p309_c1_grm_std_uni,1,5.365283489227295,-4.492373943328857,1
Clemson-DND_p309_c1_grm_std_uni,1,6.310804843902588,-5.345252513885498,1
Clemson-DND_p309_c1_grm_std_uni,1,6.565019607543945,-5.45172119140625,1
Clemson-DND_p309_c1_grm_std_uni,1,6.912376403808594,-5.69750452041626,1
Clemson-DND_p309_c1_grm_std_uni,1,6.925046920776367,-5.536059856414795,1
Clemson-DND_p309_c1_grm_std_uni,1,7.6650919914245605,-6.352126598358154,1
Clemson-DND_p309_c1_grm_std_uni,1,8.435166358947754,-7.432399272918701,1
Clemson-DND_p309_c1_grm_std_uni,1,8.911081314086914,-7.909167766571045,1
Clemson-DND_p309_c1_grm_std_uni,1,9.091154098510742,-7.8371453285217285,1
Clemson-DND_p309_c1_grm_std_uni,1,8.998753547668457,-7.246072769165039,1
Clemson-DND_p309_c1_grm_std_uni,1,9.168362617492676,-7.617854595184326,1
Clemson-DND_p309_c1_grm_std_uni,1,8.778281211853027,-7.242779731750488,1
Clemson-DND_p309_c1_grm_std_uni,1,7.859263896942139,-6.603487968444824,1
Clemson-DND_p309_c1_grm_std_uni,1,7.092650890350342,-5.733570575714111,1
Clemson-DND_p309_c1_grm_std_uni,1,6.176867961883545,-4.985655784606934,1
Clemson-DND_p309_c1_grm_std_uni,1,5.062610149383545,-4.018604278564453,1
Clemson-DND_p309_c1_grm_std_uni,1,4.643931865692139,-3.8324997425079346,1
Clemson-DND_p309_c1_grm_std_uni,1,4.948645114898682,-4.105876922607422,1
Clemson-DND_p309_c1_grm_std_uni,1,5.681643962860107,-4.791740894317627,1
Clemson-DND_p309_c1_grm_std_uni,1,7.243077754974365,-6.324580669403076,1
Clemson-DND_p309_c1_grm_std_uni,1,7.577800273895264,-7.165182590484619,1
Clemson-DND_p309_c1_grm_std_uni,1,6.7182488441467285,-6.437124729156494,1
Clemson-DND_p309_c1_grm_std_uni,1,6.068990230560303,-4.947112083435059,1
Clemson-DND_p309_c1_grm_std_uni,1,5.6462249755859375,-3.8090226650238037,1
Clemson-DND_p309_c1_grm_std_uni,1,5.067965507507324,-2.9750349521636963,1
Clemson-DND_p309_c1_grm_std_uni,1,5.081698894500732,-3.396888494491577,1
Clemson-DND_p309_c1_grm_std_uni,1,5.041871070861816,-3.1495323181152344,1
Clemson-DND_p309_c1_grm_std_uni,1,5.353506088256836,-3.5538876056671143,1
Clemson-DND_p309_c1_grm_std_uni,1,5.4917073249816895,-4.058862209320068,1
Clemson-DND_p309_c1_grm_std_uni,1,5.770357131958008,-4.626388072967529,1
Clemson-DND_p309_c1_grm_std_uni,1,5.796362400054932,-4.615417957305908,1
Clemson-DND_p309_c1_grm_std_uni,1,5.392818927764893,-4.230061054229736,1
Clemson-DND_p309_c1_grm_std_uni,1,5.828569412231445,-4.720951557159424,1
Clemson-DND_p309_c1_grm_std_uni,1,5.9572601318359375,-5.000433921813965,1
Clemson-DND_p309_c1_grm_std_uni,1,5.9300456047058105,-4.971786022186279,1
Clemson-DND_p309_c1_grm_std_uni,1,5.951922416687012,-4.907920837402344,1
Clemson-DND_p309_c1_grm_std_uni,1,5.887014865875244,-4.6775970458984375,1
Clemson-DND_p309_c1_grm_std_uni,1,5.866105079650879,-4.952421188354492,1
Clemson-DND_p309_c1_grm_std_uni,1,5.553224086761475,-4.841647148132324,1
Clemson-DND_p309_c1_grm_std_uni,1,5.297328472137451,-4.516733646392822,1
Clemson-DND_p309_c1_grm_std_uni,1,5.053930759429932,-4.318365097045898,1
Clemson-DND_p309_c1_grm_std_uni,1,4.907525539398193,-4.0967116355896,1
Clemson-DND_p309_c1_grm_std_uni,1,5.175010681152344,-4.425048351287842,1
Clemson-DND_p309_c1_grm_std_uni,1,5.375960350036621,-4.66644287109375,1
Clemson-DND_p309_c1_grm_std_uni,1,5.427220821380615,-4.7874298095703125,1
Clemson-DND_p309_c1_grm_std_uni,1,5.316606044769287,-4.658320426940918,1
Clemson-DND_p309_c1_grm_std_uni,1,5.27918815612793,-4.525823593139648,1
Clemson-DND_p309_c1_grm_std_uni,1,5.605688095092773,-4.890316486358643,1
Clemson-DND_p309_c1_grm_std_uni,1,5.774672508239746,-4.99339485168457,1
Clemson-DND_p309_c1_grm_std_uni,1,5.403604507446289,-4.725616931915283,1
Clemson-DND_p309_c1_grm_std_uni,1,5.677605152130127,-5.15309476852417,1
Clemson-DND_p309_c1_grm_std_uni,1,5.796780586242676,-5.259112358093262,1
Clemson-DND_p309_c1_grm_std_uni,1,6.032037734985352,-5.043656826019287,1
Clemson-DND_p309_c1_grm_std_uni,1,6.811427116394043,-5.825493335723877,1
Clemson-DND_p309_c1_grm_std_uni,1,7.3927321434021,-6.945351600646973,1
Clemson-DND_p309_c1_grm_std_uni,1,6.39613676071167,-6.283380031585693,1
Clemson-DND_p309_c1_grm_std_uni,1,5.797756671905518,-5.086405277252197,1
Clemson-DND_p309_c1_grm_std_uni,1,5.934304237365723,-4.481383323669434,1
Clemson-DND_p309_c1_grm_std_uni,1,5.422170162200928,-3.866011142730713,1
Clemson-DND_p309_c1_grm_std_uni,1,5.422267436981201,-4.209234714508057,1
Clemson-DND_p309_c1_grm_std_uni,1,5.317836284637451,-4.067074298858643,1
Clemson-DND_p309_c1_grm_std_uni,1,4.298677444458008,-3.1726832389831543,1
Clemson-DND_p309_c1_grm_std_uni,1,5.030039310455322,-3.7490265369415283,1
Clemson-DND_p309_c1_grm_std_uni,1,5.3675127029418945,-4.3683671951293945,1
Clemson-DND_p309_c1_grm_std_uni,1,5.15347957611084,-4.033829212188721,1
Clemson-DND_p309_c1_grm_std_uni,1,5.633276462554932,-4.334394454956055,1
Clemson-DND_p309_c1_grm_std_uni,1,5.290472030639648,-4.149444103240967,1
Clemson-DND_p309_c1_grm_std_uni,1,5.580540180206299,-4.448897361755371,1
Clemson-DND_p309_c1_grm_std_uni,1,5.465527057647705,-4.0689263343811035,1
Clemson-DND_p309_c1_grm_std_uni,1,5.619147300720215,-4.281668663024902,1
Clemson-DND_p309_c1_grm_std_uni,1,6.2426276206970215,-5.084969520568848,1
Clemson-DND_p309_c1_grm_std_uni,1,6.664324760437012,-5.511826515197754,1
Clemson-DND_p309_c1_grm_std_uni,1,6.768081188201904,-5.593764781951904,1
Clemson-DND_p309_c1_grm_std_uni,1,6.943593502044678,-5.6297736167907715,1
Clemson-DND_p309_c1_grm_std_uni,1,7.13472318649292,-5.6425652503967285,1
Clemson-DND_p309_c1_grm_std_uni,1,7.207223415374756,-6.0717997550964355,1
Clemson-DND_p309_c1_grm_std_uni,1,7.319314479827881,-6.34499979019165,1
Clemson-DND_p309_c1_grm_std_uni,1,6.992846488952637,-6.222702503204346,1
Clemson-DND_p309_c1_grm_std_uni,1,6.433210849761963,-5.303178787231445,1
Clemson-DND_p309_c1_grm_std_uni,1,5.1454572677612305,-4.052961349487305,1
Clemson-DND_p309_c1_grm_std_uni,1,3.2725095748901367,-2.725839376449585,1
Clemson-DND_p309_c1_grm_std_uni,1,3.4490914344787598,-2.6824426651000977,1
Clemson-DND_p309_c1_grm_std_uni,1,4.1331257820129395,-3.334489107131958,1
Clemson-DND_p309_c1_grm_std_uni,1,4.345884323120117,-4.08563756942749,1
Clemson-DND_p309_c1_grm_std_uni,1,4.5641984939575195,-4.199294090270996,1
Clemson-DND_p309_c1_grm_std_uni,1,4.9950737953186035,-4.20649528503418,1
Clemson-DND_p309_c1_grm_std_uni,1,5.099001884460449,-4.235452651977539,1
Clemson-DND_p309_c1_grm_std_uni,1,5.157434463500977,-4.416579246520996,1
Clemson-DND_p309_c1_grm_std_uni,1,4.248714447021484,-3.880115032196045,1
Clemson-DND_p309_c1_grm_std_uni,1,4.060958385467529,-4.074530124664307,1
Clemson-DND_p309_c1_grm_std_uni,1,4.51657247543335,-4.368370532989502,1
Clemson-DND_p309_c1_grm_std_uni,1,4.967386245727539,-4.277749061584473,1
Clemson-DND_p309_c1_grm_std_uni,1,5.264246463775635,-4.639113426208496,1
Clemson-DND_p309_c1_grm_std_uni,1,5.279498100280762,-4.728578567504883,1
Clemson-DND_p309_c1_grm_std_uni,1,5.189994812011719,-4.672340393066406,1
Clemson-DND_p309_c1_grm_std_uni,1,4.317047119140625,-3.896713972091675,1
Clemson-DND_p309_c1_grm_std_uni,1,3.526982069015503,-3.1168010234832764,1
Clemson-DND_p309_c1_grm_std_uni,1,2.9663350582122803,-2.2334916591644287,1
Clemson-DND_p309_c1_grm_std_uni,1,2.6855361461639404,-1.4935173988342285,1
Clemson-DND_p309_c1_grm_std_uni,1,2.7245776653289795,-1.3894627094268799,1
Clemson-DND_p309_c1_grm_std_uni,1,2.7633004188537598,-1.3590973615646362,1
Clemson-DND_p309_c1_grm_std_uni,1,3.5838842391967773,-2.1323187351226807,1
Clemson-DND_p309_c1_grm_std_uni,1,3.8617990016937256,-2.6884665489196777,1
Clemson-DND_p309_c1_grm_std_uni,1,4.066057205200195,-3.285449504852295,1
Clemson-DND_p309_c1_grm_std_uni,1,4.503240585327148,-3.926867961883545,1
Clemson-DND_p309_c1_grm_std_uni,1,5.33420467376709,-4.858031749725342,1
Clemson-DND_p309_c1_grm_std_uni,1,5.863635540008545,-5.042023181915283,1
Clemson-DND_p309_c1_grm_std_uni,1,5.640871047973633,-4.644974231719971,1
Clemson-DND_p309_c1_grm_std_uni,1,5.127538204193115,-4.062009811401367,1
Clemson-DND_p309_c1_grm_std_uni,1,5.102157115936279,-3.825571298599243,1
Clemson-DND_p309_c1_grm_std_uni,1,4.915898323059082,-3.5410592555999756,1
Clemson-DND_p309_c1_grm_std_uni,1,4.526056289672852,-3.101823568344116,1
Clemson-DND_p309_c1_grm_std_uni,1,4.779104709625244,-3.3947055339813232,1
Clemson-DND_p309_c1_grm_std_uni,1,5.360608100891113,-4.0243425369262695,1
Clemson-DND_p309_c1_grm_std_uni,1,5.889458179473877,-4.426230430603027,1
Clemson-DND_p309_c1_grm_std_uni,1,5.4627685546875,-4.174941539764404,1
Clemson-DND_p309_c1_grm_std_uni,1,4.670429706573486,-3.651406764984131,1
Clemson-DND_p309_c1_grm_std_uni,1,4.573191165924072,-3.778029441833496,1
Clemson-DND_p309_c1_grm_std_uni,1,4.855546951293945,-4.004011154174805,1
Clemson-DND_p309_c1_grm_std_uni,1,5.217557430267334,-4.330245494842529,1
Clemson-DND_p309_c1_grm_std_uni,1,5.567541122436523,-4.589390754699707,1
Clemson-DND_p309_c1_grm_std_uni,1,5.587146282196045,-4.380753993988037,1
Clemson-DND_p309_c1_grm_std_uni,1,5.947582721710205,-4.734806537628174,1
Clemson-DND_p309_c1_grm_std_uni,1,6.386942386627197,-5.146984577178955,1
Clemson-DND_p309_c1_grm_std_uni,1,6.904035568237305,-5.390498638153076,1
Clemson-DND_p309_c1_grm_std_uni,1,7.185428142547607,-6.077541828155518,1
Clemson-DND_p309_c1_grm_std_uni,1,6.809572219848633,-5.912989139556885,1
Clemson-DND_p309_c1_grm_std_uni,1,6.859003067016602,-5.895793437957764,1
Clemson-DND_p309_c1_grm_std_uni,1,7.732308387756348,-6.987353324890137,1
Clemson-DND_p309_c1_grm_std_uni,1,7.799727916717529,-7.308984279632568,1
Clemson-DND_p309_c1_grm_std_uni,1,7.793452262878418,-7.374542236328125,1
Clemson-DND_p309_c1_grm_std_uni,1,7.293920040130615,-6.649677753448486,1
Clemson-DND_p309_c1_grm_std_uni,1,6.993690490722656,-5.577538967132568,1
Clemson-DND_p309_c1_grm_std_uni,1,6.230952739715576,-4.177777290344238,1
Clemson-DND_p309_c1_grm_std_uni,1,5.518964767456055,-3.7344393730163574,1
Clemson-DND_p309_c1_grm_std_uni,1,5.122923851013184,-3.483372211456299,1
Clemson-DND_p309_c1_grm_std_uni,1,5.070319652557373,-3.407148838043213,1
Clemson-DND_p309_c1_grm_std_uni,1,4.992631435394287,-3.3742525577545166,1
Clemson-DND_p309_c1_grm_std_uni,1,5.0764851570129395,-3.373853921890259,1
Clemson-DND_p309_c1_grm_std_uni,1,5.013391017913818,-3.705542802810669,1
Clemson-DND_p309_c1_grm_std_uni,1,5.186198711395264,-4.08566951751709,1
Clemson-DND_p309_c1_grm_std_uni,1,5.405079364776611,-4.296216011047363,1
Clemson-DND_p309_c1_grm_std_uni,1,5.9158501625061035,-4.816155910491943,1
Clemson-DND_p309_c1_grm_std_uni,1,6.185831546783447,-5.260695457458496,1
Clemson-DND_p309_c1_grm_std_uni,1,6.6689863204956055,-6.243087291717529,1
Clemson-DND_p309_c1_grm_std_uni,1,5.736466407775879,-5.561224460601807,1
Clemson-DND_p309_c1_grm_std_uni,1,5.772706985473633,-5.104364395141602,1
Clemson-DND_p309_c1_grm_std_uni,2,5.6533098220825195,-4.942660331726074,1
Clemson-DND_p309_c1_grm_std_uni,1,5.927473068237305,-4.800177097320557,1
Clemson-DND_p309_c1_grm_std_uni,1,5.515832901000977,-4.638006687164307,1
Clemson-DND_p309_c1_grm_std_uni,1,5.405389785766602,-4.489295959472656,1
Clemson-DND_p309_c1_grm_std_uni,1,5.129987716674805,-4.267851829528809,1
Clemson-DND_p309_c1_grm_std_uni,1,5.3509063720703125,-4.370385646820068,1
Clemson-DND_p309_c1_grm_std_uni,1,5.229124546051025,-4.065211296081543,1
Clemson-DND_p309_c1_grm_std_uni,1,5.033513069152832,-3.771186351776123,1
Clemson-DND_p309_c1_grm_std_uni,1,4.3260908126831055,-3.3054347038269043,1
Clemson-DND_p309_c1_grm_std_uni,1,3.2059128284454346,-2.472114324569702,1
Clemson-DND_p309_c1_grm_std_uni,1,4.736726760864258,-4.003025531768799,1
Clemson-DND_p309_c1_grm_std_uni,1,5.295248508453369,-4.231787204742432,1
Clemson-DND_p309_c1_grm_std_uni,1,5.495272159576416,-4.436925411224365,1
Clemson-DND_p309_c1_grm_std_uni,1,5.875184059143066,-5.46621036529541,1
Clemson-DND_p309_c1_grm_std_uni,1,6.567020893096924,-5.603497505187988,1
Clemson-DND_p309_c1_grm_std_uni,1,6.666029453277588,-5.532977104187012,1
Clemson-DND_p309_c1_grm_std_uni,1,6.524001598358154,-5.402822494506836,1
Clemson-DND_p309_c1_grm_std_uni,1,6.442607402801514,-5.611122131347656,1
Clemson-DND_p309_c1_grm_std_uni,1,6.8832197189331055,-6.495450496673584,1
Clemson-DND_p309_c1_grm_std_uni,1,6.086696147918701,-5.174201965332031,1
Clemson-DND_p309_c1_grm_std_uni,1,6.409598350524902,-5.392881393432617,1
Clemson-DND_p309_c1_grm_std_uni,1,7.312009811401367,-5.983057022094727,1
Clemson-DND_p309_c1_grm_std_uni,1,7.654572486877441,-6.294797897338867,1
Clemson-DND_p309_c1_grm_std_uni,1,7.387412071228027,-5.852180004119873,1
Clemson-DND_p309_c1_grm_std_uni,1,7.621579170227051,-6.08599853515625,1
Clemson-DND_p309_c1_grm_std_uni,1,6.730968952178955,-5.3700408935546875,1
Clemson-DND_p309_c1_grm_std_uni,1,6.841548442840576,-5.4253411293029785,1
Clemson-DND_p309_c1_grm_std_uni,1,7.346201419830322,-5.941878795623779,1
Clemson-DND_p309_c1_grm_std_uni,1,7.863344192504883,-6.855252742767334,1
Clemson-DND_p309_c1_grm_std_uni,1,8.147260665893555,-7.633193016052246,1
Clemson-DND_p309_c1_grm_std_uni,1,7.674717426300049,-7.3169145584106445,1
Clemson-DND_p309_c1_grm_std_uni,1,7.305851459503174,-6.8892035484313965,1
Clemson-DND_p309_c1_grm_std_uni,1,7.377213001251221,-6.876296520233154,1
Clemson-DND_p309_c1_grm_std_uni,1,6.842868328094482,-6.111677646636963,1
Clemson-DND_p309_c1_grm_std_uni,1,6.775530815124512,-5.996560096740723,1
Clemson-DND_p309_c1_grm_std_uni,1,6.221796035766602,-5.3478193283081055,1
Clemson-DND_p309_c1_grm_std_uni,1,5.203857421875,-4.390967845916748,1
Clemson-DND_p309_c1_grm_std_uni,1,6.609262943267822,-5.4494309425354,1
Clemson-DND_p309_c1_grm_std_uni,1,7.495316505432129,-6.110218524932861,1
Clemson-DND_p309_c1_grm_std_uni,1,8.411049842834473,-7.166442394256592,1
Clemson-DND_p309_c1_grm_std_uni,1,8.659505844116211,-7.58839225769043,1
Clemson-DND_p309_c1_grm_std_uni,1,8.65742301940918,-7.766282558441162,1
Clemson-DND_p309_c1_grm_std_uni,1,7.618414402008057,-6.625662803649902,1
Clemson-DND_p309_c1_grm_std_uni,1,5.681908130645752,-4.467759132385254,1
Clemson-DND_p309_c1_grm_std_uni,1,4.913112163543701,-3.83937931060791,1
Clemson-DND_p309_c1_grm_std_uni,1,5.8047404289245605,-4.632586479187012,1
Clemson-DND_p309_c1_grm_std_uni,1,7.160331726074219,-5.8648681640625,1
Clemson-DND_p309_c1_grm_std_uni,1,7.817099571228027,-6.637631893157959,1
Clemson-DND_p309_c1_grm_std_uni,1,7.678219318389893,-6.502388954162598,1
Clemson-DND_p309_c1_grm_std_uni,1,6.539952754974365,-5.748993873596191,1
Clemson-DND_p309_c1_grm_std_uni,1,6.728555679321289,-6.1102142333984375,1
Clemson-DND_p309_c1_grm_std_uni,1,6.619142532348633,-5.741908550262451,1
Clemson-DND_p309_c1_grm_std_uni,1,6.366827487945557,-5.603791236877441,1
Clemson-DND_p309_c1_grm_std_uni,1,7.170350551605225,-6.355326175689697,1
Clemson-DND_p309_c1_grm_std_uni,1,7.250268936157227,-6.495759010314941,1
Clemson-DND_p309_c1_grm_std_uni,1,7.426779270172119,-6.572686195373535,1
Clemson-DND_p309_c1_grm_std_uni,1,8.364922523498535,-7.253846645355225,1
Clemson-DND_p309_c1_grm_std_uni,1,8.462038040161133,-7.435837268829346,1
Clemson-DND_p309_c1_grm_std_uni,1,7.09605073928833,-5.731411457061768,1
Clemson-DND_p309_c1_grm_std_uni,1,6.373201847076416,-4.877480983734131,1
Clemson-DND_p309_c1_grm_std_uni,1,6.786537170410156,-5.2647857666015625,1
Clemson-DND_p309_c1_grm_std_uni,1,7.420300483703613,-6.109337329864502,1
Clemson-DND_p309_c1_grm_std_uni,1,7.327200412750244,-6.155031204223633,1
Clemson-DND_p309_c1_grm_std_uni,1,6.575533866882324,-5.578052043914795,1
Clemson-DND_p309_c1_grm_std_uni,1,5.783234596252441,-4.789711952209473,1
Clemson-DND_p309_c1_grm_std_uni,1,5.294788837432861,-4.317471981048584,1
Clemson-DND_p309_c1_grm_std_uni,1,6.565234661102295,-5.545881748199463,1
Clemson-DND_p309_c1_grm_std_uni,1,7.015844345092773,-5.916780471801758,1
Clemson-DND_p309_c1_grm_std_uni,1,6.594297885894775,-5.2617926597595215,1
Clemson-DND_p309_c1_grm_std_uni,1,6.205976486206055,-4.712432384490967,1
Clemson-DND_p309_c1_grm_std_uni,1,6.149618148803711,-4.79302453994751,1
Clemson-DND_p309_c1_grm_std_uni,1,5.700728416442871,-4.255140781402588,1
Clemson-DND_p309_c1_grm_std_uni,1,5.739197731018066,-4.354359149932861,1
Clemson-DND_p309_c1_grm_std_uni,1,5.157453536987305,-3.8484654426574707,1
Clemson-DND_p309_c1_grm_std_uni,1,4.717694282531738,-3.5764224529266357,1
Clemson-DND_p309_c1_grm_std_uni,1,3.874709129333496,-2.9182918071746826,1
Clemson-DND_p309_c1_grm_std_uni,1,5.9248151779174805,-4.494539737701416,1
Clemson-DND_p309_c1_grm_std_uni,1,6.919034004211426,-5.752799987792969,1
Clemson-DND_p309_c1_grm_std_uni,1,6.687497138977051,-5.641397476196289,1
Clemson-DND_p309_c1_grm_std_uni,1,6.363199234008789,-5.38877534866333,1
Clemson-DND_p309_c1_grm_std_uni,1,5.88361120223999,-4.893503189086914,1
Clemson-DND_p309_c1_grm_std_uni,1,4.732567310333252,-3.8482158184051514,1
Clemson-DND_p309_c1_grm_std_uni,1,3.682314872741699,-2.7251086235046387,1
Clemson-DND_p309_c1_grm_std_uni,1,2.608107089996338,-1.9006158113479614,1
Clemson-DND_p309_c1_grm_std_uni,1,3.3783607482910156,-2.883678674697876,1
Clemson-DND_p309_c1_grm_std_uni,1,4.419360160827637,-3.6746506690979004,1
Clemson-DND_p309_c1_grm_std_uni,1,5.689355373382568,-4.476316452026367,1
Clemson-DND_p309_c1_grm_std_uni,1,6.149247646331787,-5.161087989807129,1
Clemson-DND_p309_c1_grm_std_uni,1,6.28443717956543,-5.362540245056152,1
Clemson-DND_p309_c1_grm_std_uni,1,6.074086666107178,-5.159193515777588,1
Clemson-DND_p309_c1_grm_std_uni,1,5.464936256408691,-4.707902431488037,1
Clemson-DND_p309_c1_grm_std_uni,1,4.450727939605713,-3.678679943084717,1
Clemson-DND_p309_c1_grm_std_uni,1,3.4457430839538574,-2.862689733505249,1
Clemson-DND_p309_c1_grm_std_uni,1,4.554991245269775,-3.9683837890625,1
Clemson-DND_p309_c1_grm_std_uni,1,5.568883419036865,-4.8688554763793945,1
Clemson-DND_p309_c1_grm_std_uni,1,6.275644302368164,-5.303483009338379,1
Clemson-DND_p309_c1_grm_std_uni,1,6.861432075500488,-5.852249622344971,1
Clemson-DND_p309_c1_grm_std_uni,1,6.823174953460693,-5.823798179626465,1
Clemson-DND_p309_c1_grm_std_uni,1,6.688082218170166,-5.742590427398682,1
Clemson-DND_p309_c1_grm_std_uni,1,5.750619411468506,-4.601699352264404,1
Clemson-DND_p309_c1_grm_std_uni,1,4.722604751586914,-3.7263522148132324,1
Clemson-DND_p309_c1_grm_std_uni,1,5.727322101593018,-4.656344413757324,1
Clemson-DND_p309_c1_grm_std_uni,1,7.034415245056152,-5.9057936668396,1
Clemson-DND_p309_c1_grm_std_uni,1,8.254828453063965,-7.477455139160156,1
Clemson-DND_p309_c1_grm_std_uni,1,8.554923057556152,-7.960225582122803,1
Clemson-DND_p309_c1_grm_std_uni,1,8.052623748779297,-7.341475963592529,1
Clemson-DND_p309_c1_grm_std_uni,1,6.477562427520752,-6.181162357330322,1
Clemson-DND_p309_c1_grm_std_uni,1,5.408164978027344,-4.960879802703857,1
Clemson-DND_p309_c1_grm_std_uni,1,5.386403560638428,-4.818628787994385,1
Clemson-DND_p309_c1_grm_std_uni,1,4.982800006866455,-4.322348594665527,1
Clemson-DND_p309_c1_grm_std_uni,1,5.0905632972717285,-3.8195643424987793,1
Clemson-DND_p309_c1_grm_std_uni,1,5.468155860900879,-3.979550838470459,1
Clemson-DND_p309_c1_grm_std_uni,1,5.948281764984131,-4.718024730682373,1
Clemson-DND_p309_c1_grm_std_uni,1,6.327987194061279,-5.335896015167236,1
Clemson-DND_p309_c1_grm_std_uni,1,6.732161045074463,-5.868731498718262,1
Clemson-DND_p309_c1_grm_std_uni,1,6.155725002288818,-5.878520488739014,1
Clemson-DND_p309_c1_grm_std_uni,1,5.998476982116699,-4.741036891937256,1
Clemson-DND_p309_c1_grm_std_uni,1,5.341861248016357,-4.1919097900390625,1
Clemson-DND_p309_c1_grm_std_uni,1,5.197697639465332,-4.002068042755127,1
Clemson-DND_p309_c1_grm_std_uni,1,4.45640230178833,-3.6040775775909424,1
Clemson-DND_p309_c1_grm_std_uni,1,4.324179649353027,-3.218865156173706,1
Clemson-DND_p309_c1_grm_std_uni,1,5.123345851898193,-4.1338958740234375,1
Clemson-DND_p309_c1_grm_std_uni,1,5.890533924102783,-4.7093634605407715,1
Clemson-DND_p309_c1_grm_std_uni,1,5.7066144943237305,-4.764493465423584,1
Clemson-DND_p309_c1_grm_std_uni,1,6.081637382507324,-4.822055339813232,1
Clemson-DND_p309_c1_grm_std_uni,1,5.947590351104736,-4.56235933303833,1
Clemson-DND_p309_c1_grm_std_uni,1,5.889229774475098,-4.61849308013916,1
Clemson-DND_p309_c1_grm_std_uni,1,5.730239391326904,-4.612764358520508,1
Clemson-DND_p309_c1_grm_std_uni,1,5.804149150848389,-4.6585798263549805,1
Clemson-DND_p309_c1_grm_std_uni,1,5.977460861206055,-5.072089672088623,1
Clemson-DND_p309_c1_grm_std_uni,1,5.935189247131348,-5.164973735809326,1
Clemson-DND_p309_c1_grm_std_uni,1,5.7006402015686035,-4.9916276931762695,1
Clemson-DND_p309_c1_grm_std_uni,1,6.033751487731934,-4.888827800750732,1
Clemson-DND_p309_c1_grm_std_uni,1,6.059220314025879,-4.546398639678955,1
Clemson-DND_p309_c1_grm_std_uni,1,5.391931533813477,-4.070458889007568,1
Clemson-DND_p309_c1_grm_std_uni,1,4.951981544494629,-3.8282899856567383,1
Clemson-DND_p309_c1_grm_std_uni,1,4.613588333129883,-3.6725194454193115,1
Clemson-DND_p309_c1_grm_std_uni,1,4.51273250579834,-3.3707664012908936,1
Clemson-DND_p309_c1_grm_std_uni,1,4.528814792633057,-3.552366018295288,1
Clemson-DND_p309_c1_grm_std_uni,1,4.591994762420654,-3.878241539001465,1
Clemson-DND_p309_c1_grm_std_uni,1,4.859023094177246,-4.162676811218262,1
Clemson-DND_p309_c1_grm_std_uni,1,5.117278099060059,-3.770211696624756,1
Clemson-DND_p309_c1_grm_std_uni,1,5.487676620483398,-3.877530813217163,1
Clemson-DND_p309_c1_grm_std_uni,1,5.761790752410889,-4.079780578613281,1
Clemson-DND_p309_c1_grm_std_uni,1,5.506001949310303,-3.8311426639556885,1
Clemson-DND_p309_c1_grm_std_uni,1,5.234750747680664,-3.73842716217041,1
Clemson-DND_p309_c1_grm_std_uni,1,5.084852695465088,-3.777500867843628,1
Clemson-DND_p309_c1_grm_std_uni,1,4.6132354736328125,-3.8123815059661865,1
Clemson-DND_p309_c1_grm_std_uni,1,4.742233753204346,-4.050600528717041,1
Clemson-DND_p309_c1_grm_std_uni,1,5.528848171234131,-4.8092732429504395,1
Clemson-DND_p309_c1_grm_std_uni,2,5.487547397613525,-4.722731590270996,1
Clemson-DND_p309_c1_grm_std_uni,1,5.605698585510254,-4.788146018981934,1
Clemson-DND_p309_c1_grm_std_uni,1,5.962979793548584,-4.709203720092773,1
Clemson-DND_p309_c1_grm_std_uni,1,5.870124340057373,-4.505552768707275,1
Clemson-DND_p309_c1_grm_std_uni,1,5.709957599639893,-4.501164436340332,1
Clemson-DND_p309_c1_grm_std_uni,1,5.711216449737549,-4.581570148468018,1
Clemson-DND_p309_c1_grm_std_uni,1,5.853028297424316,-4.616239070892334,1
Clemson-DND_p309_c1_grm_std_uni,1,6.380166053771973,-5.207682132720947,1
Clemson-DND_p309_c1_grm_std_uni,1,6.632086277008057,-5.2710700035095215,1
Clemson-DND_p309_c1_grm_std_uni,1,6.849533557891846,-5.555971622467041,1
Clemson-DND_p309_c1_grm_std_uni,1,7.300954818725586,-6.4731879234313965,1
Clemson-DND_p309_c1_grm_std_uni,1,7.062025547027588,-6.394411087036133,1
Clemson-DND_p309_c1_grm_std_uni,1,6.150415897369385,-5.309181213378906,1
Clemson-DND_p309_c1_grm_std_uni,1,6.265912055969238,-5.05137825012207,1
Clemson-DND_p309_c1_grm_std_uni,1,5.775397777557373,-4.571977138519287,1
Clemson-DND_p309_c1_grm_std_uni,1,6.115261554718018,-5.106829643249512,1
Clemson-DND_p309_c1_grm_std_uni,1,6.229986667633057,-5.167920112609863,1
Clemson-DND_p309_c1_grm_std_uni,1,5.83925199508667,-4.462615013122559,1
Clemson-DND_p309_c1_grm_std_uni,1,5.641049861907959,-4.174520492553711,1
Clemson-DND_p309_c1_grm_std_uni,1,5.183501243591309,-3.6075973510742188,1
Clemson-DND_p309_c1_grm_std_uni,1,5.310247421264648,-4.021879196166992,1
Clemson-DND_p309_c1_grm_std_uni,1,5.452104091644287,-4.401327610015869,1
Clemson-DND_p309_c1_grm_std_uni,1,5.610917091369629,-4.533812999725342,1
Clemson-DND_p309_c1_grm_std_uni,1,5.875021934509277,-5.006651878356934,1
Clemson-DND_p309_c1_grm_std_uni,1,5.5917534828186035,-4.562346458435059,1
Clemson-DND_p309_c1_grm_std_uni,1,5.389598369598389,-4.112649917602539,1
Clemson-DND_p309_c1_grm_std_uni,1,5.792990207672119,-3.75508189201355,1
Clemson-DND_p309_c1_grm_std_uni,1,4.885201930999756,-3.1697351932525635,1
Clemson-DND_p309_c1_grm_std_uni,1,4.929849147796631,-3.3062856197357178,1
Clemson-DND_p309_c1_grm_std_uni,1,5.0052595138549805,-3.493088722229004,1
Clemson-DND_p309_c1_grm_std_uni,1,5.098112106323242,-3.9113874435424805,1
Clemson-DND_p309_c1_grm_std_uni,1,4.545679092407227,-3.809833526611328,1
Clemson-DND_p309_c1_grm_std_uni,1,5.561563968658447,-4.514801025390625,1
Clemson-DND_p309_c1_grm_std_uni,1,5.727908611297607,-4.685961723327637,1
Clemson-DND_p309_c1_grm_std_uni,1,5.870197772979736,-4.809972763061523,1
Clemson-DND_p309_c1_grm_std_uni,1,6.065274715423584,-4.6157026290893555,1
Clemson-DND_p309_c1_grm_std_uni,1,6.1124138832092285,-4.500182628631592,1
Clemson-DND_p309_c1_grm_std_uni,1,6.17193603515625,-4.543039321899414,1
Clemson-DND_p309_c1_grm_std_uni,1,6.396963596343994,-4.661512851715088,1
Clemson-DND_p309_c1_grm_std_uni,1,6.231248378753662,-4.548933029174805,1
Clemson-DND_p309_c1_grm_std_uni,1,6.206766128540039,-4.484647750854492,1
Clemson-DND_p309_c1_grm_std_uni,1,6.51902961730957,-4.891108989715576,1
Clemson-DND_p309_c1_grm_std_uni,1,6.6439619064331055,-5.2169270515441895,1
Clemson-DND_p309_c1_grm_std_uni,1,6.6784467697143555,-5.348388195037842,1
Clemson-DND_p309_c1_grm_std_uni,1,6.467687129974365,-5.046348571777344,1
Clemson-DND_p309_c1_grm_std_uni,1,6.571690559387207,-4.9909796714782715,1
Clemson-DND_p309_c1_grm_std_uni,1,6.654630184173584,-5.002493381500244,1
Clemson-DND_p309_c1_grm_std_uni,1,6.969223499298096,-5.488729000091553,1
Clemson-DND_p309_c1_grm_std_uni,1,6.945042610168457,-6.125716686248779,1
Clemson-DND_p309_c1_grm_std_uni,1,6.769617080688477,-5.91334867477417,1
Clemson-DND_p309_c1_grm_std_uni,1,6.756033420562744,-5.2353010177612305,1
Clemson-DND_p309_c1_grm_std_uni,1,6.83553409576416,-5.3950018882751465,1
Clemson-DND_p309_c1_grm_std_uni,1,6.89042329788208,-5.626012802124023,1
Clemson-DND_p309_c1_grm_std_uni,1,7.317679405212402,-6.0802321434021,1
Clemson-DND_p309_c1_grm_std_uni,1,7.15927267074585,-6.0966315269470215,1
Clemson-DND_p309_c1_grm_std_uni,1,6.931593894958496,-5.988490104675293,1
Clemson-DND_p309_c1_grm_std_uni,1,6.613234043121338,-6.242564678192139,1
Clemson-DND_p309_c1_grm_std_uni,1,6.1690592765808105,-5.933157444000244,1
Clemson-DND_p309_c1_grm_std_uni,1,6.118282794952393,-5.9610137939453125,1
Clemson-DND_p309_c1_grm_std_uni,1,6.174692153930664,-5.837451457977295,1
Clemson-DND_p309_c1_grm_std_uni,1,6.500977039337158,-5.853491306304932,1
Clemson-DND_p309_c1_grm_std_uni,1,5.841048240661621,-5.079099178314209,1
Clemson-DND_p309_c1_grm_std_uni,1,5.921056747436523,-5.237402439117432,1
Clemson-DND_p309_c1_grm_std_uni,1,5.90723180770874,-5.107222557067871,1
Clemson-DND_p309_c1_grm_std_uni,1,6.50766658782959,-5.668328285217285,1
Clemson-DND_p309_c1_grm_std_uni,1,6.799224853515625,-5.957925319671631,1
Clemson-DND_p309_c1_grm_std_uni,1,6.649824619293213,-5.704461097717285,1
Clemson-DND_p309_c1_grm_std_uni,1,6.400716304779053,-5.4616289138793945,1
Clemson-DND_p309_c1_grm_std_uni,1,6.01615047454834,-5.072676658630371,1
Clemson-DND_p309_c1_grm_std_uni,1,6.458242416381836,-5.025973796844482,1
Clemson-DND_p309_c1_grm_std_uni,1,6.219039440155029,-4.747037887573242,1
Clemson-DND_p309_c1_grm_std_uni,1,5.523903846740723,-4.4311933517456055,1
Clemson-DND_p309_c1_grm_std_uni,1,6.028904914855957,-5.129679203033447,1
Clemson-DND_p309_c1_grm_std_uni,1,6.746973037719727,-5.621041297912598,1
Clemson-DND_p309_c1_grm_std_uni,1,5.916273593902588,-4.985184192657471,1
Clemson-DND_p309_c1_grm_std_uni,1,4.3433380126953125,-3.7720961570739746,1
Clemson-DND_p309_c1_grm_std_uni,1,4.779237270355225,-4.149069309234619,1
Clemson-DND_p309_c1_grm_std_uni,1,4.457179069519043,-3.8024442195892334,1
Clemson-DND_p309_c1_grm_std_uni,1,4.094893455505371,-3.550560474395752,1
Clemson-DND_p309_c1_grm_std_uni,1,4.1863603591918945,-3.5432302951812744,1
Clemson-DND_p309_c1_grm_std_uni,1,3.664621591567993,-3.037799835205078,1
Clemson-DND_p309_c1_grm_std_uni,1,3.1107821464538574,-2.445488691329956,1
Clemson-DND_p309_c1_grm_std_uni,1,3.408390760421753,-3.024575710296631,1
Clemson-DND_p309_c1_grm_std_uni,1,4.567572593688965,-3.99887752532959,1
Clemson-DND_p309_c1_grm_std_uni,1,6.263912677764893,-5.184088230133057,1
Clemson-DND_p309_c1_grm_std_uni,1,6.379099369049072,-5.6246747970581055,1
Clemson-DND_p309_c1_grm_std_uni,1,5.938844680786133,-5.335270881652832,1
Clemson-DND_p309_c1_grm_std_uni,1,4.0183610916137695,-3.5516836643218994,1
Clemson-DND_p309_c1_grm_std_uni,1,2.2983808517456055,-1.8215233087539673,1
Clemson-DND_p309_c1_grm_std_uni,1,1.7004250288009644,-1.2047966718673706,1
Clemson-DND_p309_c1_grm_std_uni,1,2.779118776321411,-2.6187820434570312,1
Clemson-DND_p309_c1_grm_std_uni,1,3.9099228382110596,-3.7901721000671387,1
Clemson-DND_p309_c1_grm_std_uni,1,5.038740634918213,-4.341509819030762,1
Clemson-DND_p309_c1_grm_std_uni,1,5.218290328979492,-4.263467788696289,1
Clemson-DND_p309_c1_grm_std_uni,1,4.840505599975586,-3.9268651008605957,1
Clemson-DND_p309_c1_grm_std_uni,1,4.440107345581055,-3.5833985805511475,1
Clemson-DND_p309_c1_grm_std_uni,1,4.136730670928955,-3.310546875,1
Clemson-DND_p309_c1_grm_std_uni,1,4.518538951873779,-3.7081849575042725,1
Clemson-DND_p309_c1_grm_std_uni,1,5.2683844566345215,-4.204701900482178,1
Clemson-DND_p309_c1_grm_std_uni,1,4.952451229095459,-4.066753387451172,1
Clemson-DND_p309_c1_grm_std_uni,1,3.58276629447937,-2.8761091232299805,1
Clemson-DND_p309_c1_grm_std_uni,1,3.0605452060699463,-2.313321352005005,1
Clemson-DND_p309_c1_grm_std_uni,1,2.760727882385254,-2.1332597732543945,1
Clemson-DND_p309_c1_grm_std_uni,1,3.5773541927337646,-2.7942490577697754,1
Clemson-DND_p309_c1_grm_std_uni,1,4.062049388885498,-3.0292580127716064,1
Clemson-DND_p309_c1_grm_std_uni,1,4.394361972808838,-3.195905923843384,1
Clemson-DND_p309_c1_grm_std_uni,1,4.647587299346924,-3.5061216354370117,1
Clemson-DND_p309_c1_grm_std_uni,1,4.748492240905762,-3.722903251647949,1
Clemson-DND_p309_c1_grm_std_uni,1,4.851852893829346,-3.9297900199890137,1
Clemson-DND_p309_c1_grm_std_uni,1,3.002419948577881,-2.6038897037506104,1
Clemson-DND_p309_c1_grm_std_uni,1,2.7095048427581787,-2.5184051990509033,1
Clemson-DND_p309_c1_grm_std_uni,1,2.689288854598999,-2.2376978397369385,1
Clemson-DND_p309_c1_grm_std_uni,1,3.099561929702759,-2.435332775115967,1
Clemson-DND_p309_c1_grm_std_uni,1,3.06994891166687,-2.4473745822906494,1
Clemson-DND_p309_c1_grm_std_uni,1,3.611344575881958,-2.9242777824401855,1
Clemson-DND_p309_c1_grm_std_uni,1,3.844550132751465,-3.2580859661102295,1
Clemson-DND_p309_c1_grm_std_uni,1,4.096441745758057,-3.5617756843566895,1
Clemson-DND_p309_c1_grm_std_uni,1,3.9789297580718994,-3.7981457710266113,1
Clemson-DND_p309_c1_grm_std_uni,1,4.69340181350708,-4.244205951690674,1
Clemson-DND_p309_c1_grm_std_uni,1,5.226820468902588,-4.4872236251831055,1
Clemson-DND_p309_c1_grm_std_uni,1,4.6035966873168945,-3.9966318607330322,1
Clemson-DND_p309_c1_grm_std_uni,1,4.596437454223633,-3.9769818782806396,1
Clemson-DND_p309_c1_grm_std_uni,1,5.941934585571289,-4.987402439117432,1
Clemson-DND_p309_c1_grm_std_uni,1,6.063862323760986,-5.095217704772949,1
Clemson-DND_p309_c1_grm_std_uni,1,4.472685813903809,-3.9159278869628906,1
Clemson-DND_p309_c1_grm_std_uni,1,3.5648672580718994,-3.0511059761047363,1
Clemson-DND_p309_c1_grm_std_uni,1,4.074495315551758,-3.4664318561553955,1
Clemson-DND_p309_c1_grm_std_uni,1,4.719233989715576,-3.9632174968719482,1
Clemson-DND_p309_c1_grm_std_uni,1,4.44500207901001,-3.7509641647338867,1
Clemson-DND_p309_c1_grm_std_uni,1,4.0566511154174805,-3.48360276222229,1
Clemson-DND_p309_c1_grm_std_uni,1,4.002718448638916,-3.541853189468384,1
Clemson-DND_p309_c1_grm_std_uni,1,4.093042850494385,-3.631028890609741,1
Clemson-DND_p309_c1_grm_std_uni,1,4.484156608581543,-3.908390522003174,1
Clemson-DND_p309_c1_grm_std_uni,1,4.426115036010742,-3.7825422286987305,1
Clemson-DND_p309_c1_grm_std_uni,1,4.1311750411987305,-3.5659518241882324,1
Clemson-DND_p309_c1_grm_std_uni,1,4.310159683227539,-3.67989182472229,1
Clemson-DND_p309_c1_grm_std_uni,1,4.754922389984131,-3.9318227767944336,1
Clemson-DND_p309_c1_grm_std_uni,1,4.894831657409668,-4.0844407081604,1
Clemson-DND_p309_c1_grm_std_uni,1,2.9700043201446533,-2.465959072113037,1
Clemson-DND_p309_c1_grm_std_uni,1,3.3792452812194824,-2.596967935562134,1
Clemson-DND_p309_c1_grm_std_uni,1,4.645507335662842,-3.6614527702331543,1
Clemson-DND_p309_c1_grm_std_uni,1,4.583585739135742,-3.552908420562744,1
Clemson-DND_p309_c1_grm_std_uni,1,4.7062530517578125,-3.614227771759033,1
Clemson-DND_p309_c1_grm_std_uni,1,4.899508953094482,-3.9289774894714355,1
Clemson-DND_p309_c1_grm_std_uni,1,5.241790294647217,-4.237107276916504,1
Clemson-DND_p309_c1_grm_std_uni,1,4.750588893890381,-3.8255016803741455,1
Clemson-DND_p309_c1_grm_std_uni,1,4.770713806152344,-4.138131141662598,1
Clemson-DND_p309_c1_grm_std_uni,1,4.261250972747803,-3.4861350059509277,1
Clemson-DND_p309_c1_grm_std_uni,1,3.8005270957946777,-3.170258045196533,1
Clemson-DND_p309_c1_grm_std_uni,1,4.024317741394043,-3.4039955139160156,1
Clemson-DND_p309_c1_grm_std_uni,1,4.534373760223389,-3.857487440109253,1
Clemson-DND_p309_c1_grm_std_uni,1,4.8542585372924805,-4.257876396179199,1
Clemson-DND_p309_c1_grm_std_uni,1,3.7143678665161133,-3.1445391178131104,1
Clemson-DND_p309_c1_grm_std_uni,1,4.047025203704834,-3.6199822425842285,1
Clemson-DND_p309_c1_grm_std_uni,1,4.031577110290527,-3.506136178970337,1
Clemson-DND_p309_c1_grm_std_uni,1,3.701509952545166,-3.036425828933716,1
Clemson-DND_p309_c1_grm_std_uni,1,3.862231731414795,-3.4133002758026123,1
Clemson-DND_p309_c1_grm_std_uni,1,5.765448570251465,-4.785010814666748,1
Clemson-DND_p309_c1_grm_std_uni,1,6.187430381774902,-5.451531887054443,1
Clemson-DND_p309_c1_grm_std_uni,1,6.100022792816162,-5.660454750061035,1
Clemson-DND_p309_c1_grm_std_uni,1,5.672764778137207,-5.3759050369262695,1
Clemson-DND_p309_c1_grm_std_uni,1,3.666276693344116,-3.1956868171691895,1
Clemson-DND_p309_c1_grm_std_uni,1,2.2040185928344727,-1.7650864124298096,1
Clemson-DND_p309_c1_grm_std_uni,1,3.862553358078003,-3.312145471572876,1
Clemson-DND_p309_c1_grm_std_uni,1,5.268514633178711,-4.613158702850342,1
Clemson-DND_p309_c1_grm_std_uni,1,6.5672454833984375,-5.992125988006592,1
Clemson-DND_p309_c1_grm_std_uni,1,6.310516357421875,-5.817831039428711,1
Clemson-DND_p309_c1_grm_std_uni,1,6.301844120025635,-6.370565891265869,1
Clemson-DND_p309_c1_grm_std_uni,1,6.3768110275268555,-5.860495567321777,1
Clemson-DND_p309_c1_grm_std_uni,1,6.2181806564331055,-5.304441452026367,1
Clemson-DND_p309_c1_grm_std_uni,1,5.709653377532959,-4.563442707061768,1
Clemson-DND_p309_c1_grm_std_uni,1,5.196202278137207,-3.712918519973755,1
Clemson-DND_p309_c1_grm_std_uni,1,7.236648082733154,-5.64249849319458,1
Clemson-DND_p309_c1_grm_std_uni,1,7.388909339904785,-5.881414890289307,1
Clemson-DND_p309_c1_grm_std_uni,1,6.8343610763549805,-5.385832786560059,1
Clemson-DND_p309_c1_grm_std_uni,1,6.497547626495361,-5.136681079864502,1
Clemson-DND_p309_c1_grm_std_uni,1,7.095318794250488,-5.931684970855713,1
Clemson-DND_p309_c1_grm_std_uni,1,6.562828540802002,-5.201467990875244,1
Clemson-DND_p309_c1_grm_std_uni,1,6.804560661315918,-5.208849906921387,1
Clemson-DND_p309_c1_grm_std_uni,1,7.371659755706787,-5.605534553527832,1
Clemson-DND_p309_c1_grm_std_uni,1,7.858160495758057,-6.207454204559326,1
Clemson-DND_p309_c1_grm_std_uni,1,7.036917209625244,-5.372469902038574,1
Clemson-DND_p309_c1_grm_std_uni,1,6.209353446960449,-4.711296081542969,1
Clemson-DND_p309_c1_grm_std_uni,1,5.185146808624268,-3.7199995517730713,1
Clemson-DND_p309_c1_grm_std_uni,1,5.095976829528809,-3.7055811882019043,1
Clemson-DND_p309_c1_grm_std_uni,1,5.420914173126221,-4.203657150268555,1
Clemson-DND_p309_c1_grm_std_uni,1,5.102522373199463,-4.053610801696777,1
Clemson-DND_p309_c1_grm_std_uni,1,6.2468791007995605,-5.158680438995361,1
Clemson-DND_p309_c1_grm_std_uni,1,6.748388767242432,-5.552875995635986,1
Clemson-DND_p309_c1_grm_std_uni,1,6.884125232696533,-5.785565376281738,1
Clemson-DND_p309_c1_grm_std_uni,1,4.998793601989746,-3.858739137649536,1
Clemson-DND_p309_c1_grm_std_uni,1,3.999269962310791,-2.9405415058135986,1
Clemson-DND_p309_c1_grm_std_uni,1,5.449326515197754,-4.262744426727295,1
Clemson-DND_p309_c1_grm_std_uni,1,5.591662883758545,-4.425443172454834,1
Clemson-DND_p309_c1_grm_std_uni,1,6.3000288009643555,-5.168262004852295,1
Clemson-DND_p309_c1_grm_std_uni,1,6.039853572845459,-4.888311386108398,1
Clemson-DND_p309_c1_grm_std_uni,1,3.753664493560791,-2.8279848098754883,1
Clemson-DND_p309_c1_grm_std_uni,1,2.962291717529297,-2.3172051906585693,1
Clemson-DND_p309_c1_grm_std_uni,1,4.030623912811279,-3.1656923294067383,1
Clemson-DND_p309_c1_grm_std_uni,1,4.48157262802124,-3.6638259887695312,1
Clemson-DND_p309_c1_grm_std_uni,1,4.849556922912598,-3.884131908416748,1
Clemson-DND_p309_c1_grm_std_uni,1,4.76676607131958,-3.810486316680908,1
Clemson-DND_p309_c1_grm_std_uni,1,4.681396961212158,-3.66736102104187,1
Clemson-DND_p309_c1_grm_std_uni,1,3.074791193008423,-2.2101902961730957,1
Clemson-DND_p309_c1_grm_std_uni,1,3.2757673263549805,-2.2571942806243896,1
Clemson-DND_p309_c1_grm_std_uni,1,6.897263526916504,-5.454704761505127,1
Clemson-DND_p309_c1_grm_std_uni,1,7.6569085121154785,-6.510041236877441,1
Clemson-DND_p309_c1_grm_std_uni,1,7.164009094238281,-6.1419997215271,1
Clemson-DND_p309_c1_grm_std_uni,1,6.099194526672363,-5.141284465789795,1
Clemson-DND_p309_c1_grm_std_uni,1,6.3672590255737305,-5.271516799926758,1
Clemson-DND_p309_c1_grm_std_uni,1,6.165257930755615,-5.1819868087768555,1
Clemson-DND_p309_c1_grm_std_uni,1,6.226069450378418,-5.279994010925293,1
Clemson-DND_p309_c1_grm_std_uni,1,5.545346736907959,-4.249508380889893,1
Clemson-DND_p309_c1_grm_std_uni,1,5.321130275726318,-4.197795391082764,1
Clemson-DND_p309_c1_grm_std_uni,1,5.6070380210876465,-4.371950626373291,1
Clemson-DND_p309_c1_grm_std_uni,1,3.91031813621521,-2.9019689559936523,1
Clemson-DND_p309_c1_grm_std_uni,1,3.282060146331787,-2.5062336921691895,1
Clemson-DND_p309_c1_grm_std_uni,1,3.488544464111328,-2.9066598415374756,1
Clemson-DND_p309_c1_grm_std_uni,1,4.100603103637695,-3.5742759704589844,1
Clemson-DND_p309_c1_grm_std_uni,1,4.713471412658691,-4.106090068817139,1
Clemson-DND_p309_c1_grm_std_uni,1,4.4499664306640625,-3.691450357437134,1
Clemson-DND_p309_c1_grm_std_uni,1,3.9038727283477783,-3.0873453617095947,1
Clemson-DND_p309_c1_grm_std_uni,1,3.6650774478912354,-2.9115824699401855,1
Clemson-DND_p309_c1_grm_std_uni,1,4.439763069152832,-3.468625545501709,1
Clemson-DND_p309_c1_grm_std_uni,1,5.746812343597412,-4.510156631469727,1
Clemson-DND_p309_c1_grm_std_uni,1,6.138521194458008,-5.04258394241333,1
Clemson-DND_p309_c1_grm_std_uni,1,5.358762741088867,-4.42877721786499,1
Clemson-DND_p309_c1_grm_std_uni,1,3.026840925216675,-2.499969959259033,1
Clemson-DND_p309_c1_grm_std_uni,1,2.60127329826355,-2.1952695846557617,1
Clemson-DND_p309_c1_grm_std_uni,1,2.3457398414611816,-1.8671869039535522,1
Clemson-DND_p309_c1_grm_std_uni,1,2.3132660388946533,-1.8528028726577759,1
Clemson-DND_p309_c1_grm_std_uni,1,3.8270156383514404,-3.1781091690063477,1
Clemson-DND_p309_c1_grm_std_uni,1,6.0482096672058105,-4.886364459991455,1
Clemson-DND_p309_c1_grm_std_uni,1,6.666966438293457,-5.674709796905518,1
Clemson-DND_p309_c1_grm_std_uni,1,5.083471775054932,-4.489578723907471,1
Clemson-DND_p309_c1_grm_std_uni,1,3.81950306892395,-3.263136386871338,1
Clemson-DND_p309_c1_grm_std_uni,1,5.525528430938721,-5.265005111694336,1
Clemson-DND_p309_c1_grm_std_uni,1,5.344080924987793,-4.932473182678223,1
Clemson-DND_p309_c1_grm_std_uni,1,4.858996868133545,-3.977107286453247,1
Clemson-DND_p309_c1_grm_std_uni,1,4.5370707511901855,-3.5480706691741943,1
Clemson-DND_p309_c1_grm_std_uni,1,5.9128546714782715,-4.953924179077148,1
Clemson-DND_p309_c1_grm_std_uni,1,5.023019313812256,-4.225892543792725,1
Clemson-DND_p309_c1_grm_std_uni,1,4.159661769866943,-3.093928098678589,1
Clemson-DND_p309_c1_grm_std_uni,1,3.7148146629333496,-2.791447401046753,1
Clemson-DND_p309_c1_grm_std_uni,1,4.9746503829956055,-3.8931496143341064,1
Clemson-DND_p309_c1_grm_std_uni,1,4.082688331604004,-3.2827682495117188,1
Clemson-DND_p309_c1_grm_std_uni,1,3.8378708362579346,-3.228076457977295,1
Clemson-DND_p309_c1_grm_std_uni,1,4.437607765197754,-3.8704607486724854,1
Clemson-DND_p309_c1_grm_std_uni,1,5.103848457336426,-4.268521308898926,1
Clemson-DND_p309_c1_grm_std_uni,1,5.66807746887207,-4.738065242767334,1
Clemson-DND_p309_c1_grm_std_uni,1,5.842495441436768,-4.948811054229736,1
Clemson-DND_p309_c1_grm_std_uni,1,5.269862174987793,-4.4069318771362305,1
Clemson-DND_p309_c1_grm_std_uni,1,5.371972560882568,-4.66464376449585,1
Clemson-DND_p309_c1_grm_std_uni,1,4.778700351715088,-4.075277805328369,1
Clemson-DND_p309_c1_grm_std_uni,1,3.54833722114563,-2.8079910278320312,1
Clemson-DND_p309_c1_grm_std_uni,1,2.73055100440979,-1.7907741069793701,1
Clemson-DND_p309_c1_grm_std_uni,1,2.5353245735168457,-1.3076491355895996,1
Clemson-DND_p309_c1_grm_std_uni,1,3.017570972442627,-1.9243391752243042,1
Clemson-DND_p309_c1_grm_std_uni,1,4.799215316772461,-3.7996561527252197,1
Clemson-DND_p309_c1_grm_std_uni,1,6.694657802581787,-5.274372577667236,1
Clemson-DND_p309_c1_grm_std_uni,1,7.276162624359131,-6.383031845092773,1
Clemson-DND_p309_c1_grm_std_uni,1,6.419137954711914,-5.568253517150879,1
Clemson-DND_p309_c1_grm_std_uni,1,5.613175392150879,-4.744178295135498,1
Clemson-DND_p309_c1_grm_std_uni,1,4.8066558837890625,-3.9687492847442627,1
Clemson-DND_p309_c1_grm_std_uni,1,3.6907074451446533,-3.024630546569824,1
Clemson-DND_p309_c1_grm_std_uni,1,3.170649766921997,-2.4655559062957764,1
Clemson-DND_p309_c1_grm_std_uni,1,2.728788137435913,-2.0130438804626465,1
Clemson-DND_p309_c1_grm_std_uni,1,3.3181610107421875,-2.6234517097473145,1
Clemson-DND_p309_c1_grm_std_uni,1,4.0846734046936035,-3.4181947708129883,1
Clemson-DND_p309_c1_grm_std_uni,1,3.80963134765625,-3.3056352138519287,1
Clemson-DND_p309_c1_grm_std_uni,1,3.381366014480591,-3.0341970920562744,1
Clemson-DND_p309_c1_grm_std_uni,1,4.09533166885376,-3.588181972503662,1
Clemson-DND_p309_c1_grm_std_uni,1,4.833914756774902,-4.177793979644775,1
Clemson-DND_p309_c1_grm_std_uni,1,5.321366310119629,-4.525608539581299,1
Clemson-DND_p309_c1_grm_std_uni,1,5.639163017272949,-4.898188591003418,1
Clemson-DND_p309_c1_grm_std_uni,1,5.082961082458496,-4.377270698547363,1
Clemson-DND_p309_c1_grm_std_uni,1,2.709651470184326,-2.291130304336548,1
Clemson-DND_p309_c1_grm_std_uni,1,1.2705974578857422,-1.2493997812271118,1
Clemson-DND_p309_c1_grm_std_uni,1,2.7386062145233154,-3.0845227241516113,1
Clemson-DND_p309_c1_grm_std_uni,1,4.264865875244141,-4.573996067047119,1
Clemson-DND_p309_c1_grm_std_uni,1,5.441060543060303,-5.287841796875,1
Clemson-DND_p309_c1_grm_std_uni,1,5.273982524871826,-4.881274700164795,1
Clemson-DND_p309_c1_grm_std_uni,1,4.293035984039307,-3.934861183166504,1
Clemson-DND_p309_c1_grm_std_uni,1,3.716761589050293,-3.3258090019226074,1
Clemson-DND_p309_c1_grm_std_uni,1,3.4558117389678955,-2.9903159141540527,1
Clemson-DND_p309_c1_grm_std_uni,1,3.9363863468170166,-3.5979645252227783,1
Clemson-DND_p309_c1_grm_std_uni,1,4.869176387786865,-4.4341936111450195,1
Clemson-DND_p309_c1_grm_std_uni,1,6.216461658477783,-5.25422477722168,1
Clemson-DND_p309_c1_grm_std_uni,1,6.144754409790039,-5.374531269073486,1
Clemson-DND_p309_c1_grm_std_uni,1,5.5322465896606445,-5.015557765960693,1
Clemson-DND_p309_c1_grm_std_uni,1,5.424525737762451,-5.129969120025635,1
Clemson-DND_p309_c1_grm_std_uni,1,5.280196189880371,-4.946654319763184,1
Clemson-DND_p309_c1_grm_std_uni,1,4.2884087562561035,-4.060473918914795,1
Clemson-DND_p309_c1_grm_std_uni,1,3.437725067138672,-3.086594343185425,1
Clemson-DND_p309_c1_grm_std_uni,1,3.8708183765411377,-3.523671865463257,1
Clemson-DND_p309_c1_grm_std_uni,1,5.3630242347717285,-4.494185924530029,1
Clemson-DND_p309_c1_grm_std_uni,1,6.180578708648682,-5.082245349884033,1
Clemson-DND_p309_c1_grm_std_uni,1,6.176058292388916,-5.2539520263671875,1
Clemson-DND_p309_c1_grm_std_uni,1,5.969172477722168,-5.11121940612793,1
Clemson-DND_p309_c1_grm_std_uni,1,4.40875244140625,-3.7223479747772217,1
Clemson-DND_p309_c1_grm_std_uni,1,3.024362325668335,-2.3573005199432373,1
Clemson-DND_p309_c1_grm_std_uni,1,1.5809361934661865,-1.143682837486267,1
Clemson-DND_p309_c1_grm_std_uni,1,2.262148857116699,-2.1091525554656982,1
Clemson-DND_p309_c1_grm_std_uni,1,3.752091407775879,-3.5809061527252197,1
Clemson-DND_p309_c1_grm_std_uni,1,6.199949264526367,-4.8381667137146,1
Clemson-DND_p309_c1_grm_std_uni,1,6.765613079071045,-5.480780124664307,1
Clemson-DND_p309_c1_grm_std_uni,1,6.43353271484375,-5.570950031280518,1
Clemson-DND_p309_c1_grm_std_uni,1,5.66630220413208,-4.982278823852539,1
Clemson-DND_p309_c1_grm_std_uni,1,5.489709854125977,-4.724741458892822,1
Clemson-DND_p309_c1_grm_std_uni,1,4.729079723358154,-4.060132026672363,1
Clemson-DND_p309_c1_grm_std_uni,1,3.2646939754486084,-2.6588504314422607,1
Clemson-DND_p309_c1_grm_std_uni,1,3.4117014408111572,-2.889298915863037,1
Clemson-DND_p309_c1_grm_std_uni,1,5.394599437713623,-4.478220462799072,1
Clemson-DND_p309_c1_grm_std_uni,1,5.426857948303223,-4.682891368865967,1
Clemson-DND_p309_c1_grm_std_uni,1,3.9660465717315674,-3.3537840843200684,1
Clemson-DND_p309_c1_grm_std_uni,1,2.587294101715088,-1.8959605693817139,1
Clemson-DND_p309_c1_grm_std_uni,1,2.866673707962036,-2.0089502334594727,1
Clemson-DND_p309_c1_grm_std_uni,1,3.063751459121704,-2.087841510772705,1
Clemson-DND_p309_c1_grm_std_uni,1,3.3646092414855957,-2.3922348022460938,1
Clemson-DND_p309_c1_grm_std_uni,1,3.439582109451294,-2.9554014205932617,1
Clemson-DND_p309_c1_grm_std_uni,1,3.819737195968628,-3.614798069000244,1
Clemson-DND_p309_c1_grm_std_uni,1,4.205124855041504,-4.140232086181641,1
Clemson-DND_p309_c1_grm_std_uni,1,4.843473434448242,-4.525296211242676,1
Clemson-DND_p309_c1_grm_std_uni,1,5.424704551696777,-4.682383060455322,1
Clemson-DND_p309_c1_grm_std_uni,1,5.858254909515381,-4.862337112426758,1
Clemson-DND_p309_c1_grm_std_uni,1,5.311315536499023,-4.506735324859619,1
Clemson-DND_p309_c1_grm_std_uni,1,5.5836181640625,-4.726449966430664,1
Clemson-DND_p309_c1_grm_std_uni,1,6.101475238800049,-5.349275588989258,1
Clemson-DND_p309_c1_grm_std_uni,1,6.245862007141113,-5.725502967834473,1
Clemson-DND_p309_c1_grm_std_uni,1,6.63156270980835,-5.967705726623535,1
Clemson-DND_p309_c1_grm_std_uni,1,7.280640602111816,-6.502604961395264,1
Clemson-DND_p309_c1_grm_std_uni,1,7.169136047363281,-6.3016581535339355,1
Clemson-DND_p309_c1_grm_std_uni,1,6.114809989929199,-5.177792072296143,1
Clemson-DND_p309_c1_grm_std_uni,1,6.317599296569824,-5.664113521575928,1
Clemson-DND_p309_c1_grm_std_uni,1,6.03311824798584,-5.315544605255127,1
Clemson-DND_p309_c1_grm_std_uni,1,5.734412670135498,-4.320858478546143,1
Clemson-DND_p309_c1_grm_std_uni,1,5.576801776885986,-3.94921612739563,1
Clemson-DND_p309_c1_grm_std_uni,1,5.519772052764893,-4.260109901428223,1
Clemson-DND_p309_c1_grm_std_uni,1,5.684484481811523,-4.306509494781494,1
Clemson-DND_p309_c1_grm_std_uni,1,5.833465099334717,-4.551323890686035,1
Clemson-DND_p309_c1_grm_std_uni,1,5.96616268157959,-4.964849472045898,1
Clemson-DND_p309_c1_grm_std_uni,1,6.132673740386963,-4.9625678062438965,1
Clemson-DND_p309_c1_grm_std_uni,1,6.219264507293701,-4.999859809875488,1
Clemson-DND_p309_c1_grm_std_uni,1,5.707131862640381,-4.8072052001953125,1
Clemson-DND_p309_c1_grm_std_uni,1,5.990756511688232,-5.025240898132324,1
Clemson-DND_p309_c1_grm_std_uni,1,6.029841899871826,-5.211049556732178,1
Clemson-DND_p309_c1_grm_std_uni,1,5.9548659324646,-5.317025661468506,1
Clemson-DND_p309_c1_grm_std_uni,1,5.727921962738037,-5.005924701690674,1
Clemson-DND_p309_c1_grm_std_uni,1,5.7063703536987305,-4.575570106506348,1
Clemson-DND_p309_c1_grm_std_uni,1,5.650192737579346,-4.357747554779053,1
Clemson-DND_p309_c1_grm_std_uni,1,5.382418155670166,-3.959545850753784,1
Clemson-DND_p309_c1_grm_std_uni,1,5.007605075836182,-4.023706436157227,1
Clemson-DND_p309_c1_grm_std_uni,1,4.536784648895264,-3.5722715854644775,1
Clemson-DND_p309_c1_grm_std_uni,1,4.192042350769043,-3.37545108795166,1
Clemson-DND_p309_c1_grm_std_uni,1,4.213306427001953,-3.3707644939422607,1
Clemson-DND_p309_c1_grm_std_uni,1,4.403234958648682,-3.408489227294922,1
Clemson-DND_p309_c1_grm_std_uni,1,4.335596084594727,-3.424046754837036,1
Clemson-DND_p309_c1_grm_std_uni,1,4.553861618041992,-3.6000354290008545,1
Clemson-DND_p309_c1_grm_std_uni,1,4.819846153259277,-3.7837271690368652,1
Clemson-DND_p309_c1_grm_std_uni,1,5.491541385650635,-4.413041591644287,1
Clemson-DND_p309_c1_grm_std_uni,1,5.610040187835693,-4.675431728363037,1
Clemson-DND_p309_c1_grm_std_uni,1,5.689882278442383,-4.809480667114258,1
Clemson-DND_p309_c1_grm_std_uni,1,5.262433052062988,-4.340193748474121,1
Clemson-DND_p309_c1_grm_std_uni,1,5.3051910400390625,-4.392571926116943,1
Clemson-DND_p309_c1_grm_std_uni,1,5.322504997253418,-4.485232830047607,1
Clemson-DND_p309_c1_grm_std_uni,1,6.341939449310303,-5.075048923492432,1
Clemson-DND_p309_c1_grm_std_uni,1,6.304343223571777,-5.020134449005127,1
Clemson-DND_p309_c1_grm_std_uni,1,6.590607643127441,-5.272468566894531,1
Clemson-DND_p309_c1_grm_std_uni,1,5.5110039710998535,-4.191701412200928,1
Clemson-DND_p309_c1_grm_std_uni,1,5.117188453674316,-3.710690498352051,1
Clemson-DND_p309_c1_grm_std_uni,1,5.138337135314941,-3.5202994346618652,1
Clemson-DND_p309_c1_grm_std_uni,1,5.611806392669678,-4.054220676422119,1
Clemson-DND_p309_c1_grm_std_uni,1,5.935844898223877,-4.6603899002075195,1
Clemson-DND_p309_c1_grm_std_uni,1,5.794259548187256,-4.781004428863525,1
Clemson-DND_p309_c1_grm_std_uni,1,6.05055570602417,-4.7332444190979,1
Clemson-DND_p309_c1_grm_std_uni,1,6.0001068115234375,-4.9199538230896,1
Clemson-DND_p309_c1_grm_std_uni,1,6.3259992599487305,-4.888098239898682,1
Clemson-DND_p309_c1_grm_std_uni,1,6.501138210296631,-5.104639053344727,1
Clemson-DND_p309_c1_grm_std_uni,1,6.891983985900879,-5.696266174316406,1
Clemson-DND_p309_c1_grm_std_uni,1,6.467773914337158,-5.33469820022583,1
Clemson-DND_p309_c1_grm_std_uni,1,6.342549800872803,-4.71212911605835,1
Clemson-DND_p309_c1_grm_std_uni,1,6.377998352050781,-4.842994689941406,1
Clemson-DND_p309_c1_grm_std_uni,1,6.442916393280029,-5.076920509338379,1
Clemson-DND_p309_c1_grm_std_uni,1,7.025485038757324,-5.833085060119629,1
Clemson-DND_p309_c1_grm_std_uni,1,7.436211109161377,-6.055647850036621,1
Clemson-DND_p309_c1_grm_std_uni,1,7.2923784255981445,-6.15974235534668,1
Clemson-DND_p309_c1_grm_std_uni,1,6.678682804107666,-6.069111347198486,1
Clemson-DND_p309_c1_grm_std_uni,1,5.728863716125488,-5.081356525421143,1
Clemson-DND_p309_c1_grm_std_uni,1,5.741269111633301,-4.9249396324157715,1
Clemson-DND_p309_c1_grm_std_uni,1,7.365076541900635,-6.337686538696289,1
Clemson-DND_p309_c1_grm_std_uni,1,7.482992649078369,-6.72052001953125,1
Clemson-DND_p309_c1_grm_std_uni,1,6.26021146774292,-5.4009904861450195,1
Clemson-DND_p309_c1_grm_std_uni,1,5.409022808074951,-4.714539051055908,1
Clemson-DND_p309_c1_grm_std_uni,1,7.100729465484619,-6.370052814483643,1
Clemson-DND_p309_c1_grm_std_uni,1,6.424802303314209,-5.606645584106445,1
Clemson-DND_p309_c1_grm_std_uni,1,5.470723628997803,-4.655632019042969,1
Clemson-DND_p309_c1_grm_std_uni,1,5.936551094055176,-5.039411544799805,1
Clemson-DND_p309_c1_grm_std_uni,1,6.940140724182129,-5.815786361694336,1
Clemson-DND_p309_c1_grm_std_uni,1,7.047516345977783,-5.9980902671813965,1
Clemson-DND_p309_c1_grm_std_uni,1,6.013915061950684,-4.9485368728637695,1
Clemson-DND_p309_c1_grm_std_uni,1,4.471100330352783,-3.647995948791504,1
Clemson-DND_p309_c1_grm_std_uni,1,4.819117546081543,-4.004658222198486,1
Clemson-DND_p309_c1_grm_std_uni,1,6.801577091217041,-5.929952621459961,1
Clemson-DND_p309_c1_grm_std_uni,1,7.189547061920166,-6.550961017608643,1
Clemson-DND_p309_c1_grm_std_uni,1,7.323902606964111,-6.83751106262207,1
Clemson-DND_p309_c1_grm_std_uni,1,6.67438268661499,-6.513345718383789,1
Clemson-DND_p309_c1_grm_std_uni,1,6.260117530822754,-6.252222537994385,1
Clemson-DND_p309_c1_grm_std_uni,1,6.173300266265869,-5.848053932189941,1
Clemson-DND_p309_c1_grm_std_uni,1,5.630463123321533,-4.82178258895874,1
Clemson-DND_p309_c1_grm_std_uni,1,4.705237865447998,-3.667177677154541,1
Clemson-DND_p309_c1_grm_std_uni,1,4.707366943359375,-3.5746090412139893,1
Clemson-DND_p309_c1_grm_std_uni,1,5.153201103210449,-3.8668293952941895,1
Clemson-DND_p309_c1_grm_std_uni,1,5.778438091278076,-4.558919906616211,1
Clemson-DND_p309_c1_grm_std_uni,1,6.646895408630371,-5.515913009643555,1
Clemson-DND_p309_c1_grm_std_uni,1,6.85050630569458,-5.849586009979248,1
Clemson-DND_p309_c1_grm_std_uni,1,7.0390119552612305,-6.261355400085449,1
Clemson-DND_p309_c1_grm_std_uni,1,6.7293219566345215,-5.740856647491455,1
Clemson-DND_p309_c1_grm_std_uni,1,7.923521995544434,-7.1075758934021,1
Clemson-DND_p309_c1_grm_std_uni,1,8.176664352416992,-7.653180122375488,1
Clemson-DND_p309_c1_grm_std_uni,1,7.916445732116699,-6.941565036773682,1
Clemson-DND_p309_c1_grm_std_uni,1,6.513016223907471,-5.482244491577148,1
Clemson-DND_p309_c1_grm_std_uni,1,7.865081787109375,-6.740296840667725,1
Clemson-DND_p309_c1_grm_std_uni,1,8.039873123168945,-7.069146633148193,1
Clemson-DND_p309_c1_grm_std_uni,1,7.3025407791137695,-6.450094699859619,1
Clemson-DND_p309_c1_grm_std_uni,1,7.039034366607666,-6.242281436920166,1
Clemson-DND_p309_c1_grm_std_uni,1,7.372034549713135,-6.5609540939331055,1
Clemson-DND_p309_c1_grm_std_uni,1,7.500488758087158,-6.148799419403076,1
Clemson-DND_p309_c1_grm_std_uni,1,7.354992389678955,-5.441781044006348,1
Clemson-DND_p309_c1_grm_std_uni,1,6.856083869934082,-4.865652084350586,1
Clemson-DND_p309_c1_grm_std_uni,1,6.231726169586182,-4.639908790588379,1
Clemson-DND_p309_c1_grm_std_uni,1,5.725614547729492,-4.1528801918029785,1
Clemson-DND_p309_c1_grm_std_uni,1,5.737421035766602,-3.9296762943267822,1
Clemson-DND_p309_c1_grm_std_uni,1,5.866429805755615,-4.435783386230469,1
Clemson-DND_p309_c1_grm_std_uni,1,5.50370979309082,-4.322604179382324,1
Clemson-DND_p309_c1_grm_std_uni,1,5.893762111663818,-4.829080104827881,1
Clemson-DND_p309_c1_grm_std_uni,1,6.53804874420166,-5.128962516784668,1
Clemson-DND_p309_c1_grm_std_uni,1,6.330770015716553,-5.072958946228027,1
Clemson-DND_p309_c1_grm_std_uni,1,5.968432426452637,-5.044632434844971,1
Clemson-DND_p309_c1_grm_std_uni,1,6.737651348114014,-5.89870548248291,1
Clemson-DND_p309_c1_grm_std_uni,1,6.165797710418701,-5.502228736877441,1
Clemson-DND_p309_c1_grm_std_uni,1,5.676527976989746,-4.627771377563477,1
Clemson-DND_p309_c1_grm_std_uni,2,4.898253440856934,-3.5892484188079834,1
Clemson-DND_p309_c1_grm_std_uni,1,4.97344970703125,-3.8310859203338623,1
Clemson-DND_p309_c1_grm_std_uni,1,5.0997843742370605,-4.050954341888428,1
Clemson-DND_p309_c1_grm_std_uni,1,4.8672356605529785,-3.8777592182159424,1
Clemson-DND_p309_c1_grm_std_uni,1,5.979821681976318,-4.943436145782471,1
Clemson-DND_p309_c1_grm_std_uni,1,6.1805620193481445,-5.197464466094971,1
Clemson-DND_p309_c1_grm_std_uni,1,5.968408107757568,-4.952592849731445,1
Clemson-DND_p309_c1_grm_std_uni,1,5.809324264526367,-4.897688388824463,1
Clemson-DND_p309_c1_grm_std_uni,1,5.677969455718994,-4.930958271026611,1
Clemson-DND_p309_c1_grm_std_uni,1,6.283440589904785,-5.004128456115723,1
Clemson-DND_p309_c1_grm_std_uni,1,6.464364528656006,-5.258731365203857,1
Clemson-DND_p309_c1_grm_std_uni,1,6.778440952301025,-5.57248067855835,1
Clemson-DND_p309_c1_grm_std_uni,1,7.043318271636963,-5.871058940887451,1
Clemson-DND_p309_c1_grm_std_uni,1,7.0696611404418945,-5.448398113250732,1
Clemson-DND_p309_c1_grm_std_uni,1,6.161048412322998,-4.637957572937012,1
Clemson-DND_p309_c1_grm_std_uni,1,5.745778560638428,-4.150698184967041,1
Clemson-DND_p309_c1_grm_std_uni,1,5.459051132202148,-3.8449409008026123,1
Clemson-DND_p309_c1_grm_std_uni,1,5.2277960777282715,-3.4438118934631348,1
Clemson-DND_p309_c1_grm_std_uni,1,4.984464168548584,-3.4781739711761475,1
Clemson-DND_p309_c1_grm_std_uni,1,5.457809925079346,-4.33860969543457,1
Clemson-DND_p309_c1_grm_std_uni,1,5.659489154815674,-4.634072303771973,1
Clemson-DND_p309_c1_grm_std_uni,1,5.7601470947265625,-4.339451789855957,1
Clemson-DND_p309_c1_grm_std_uni,1,6.2560577392578125,-4.678832054138184,1
Clemson-DND_p309_c1_grm_std_uni,1,6.835165977478027,-5.201019763946533,1
Clemson-DND_p309_c1_grm_std_uni,1,6.694957256317139,-5.140276908874512,1
Clemson-DND_p309_c1_grm_std_uni,1,6.855044841766357,-5.380420207977295,1
Clemson-DND_p309_c1_grm_std_uni,1,6.917053699493408,-5.4438605308532715,1
Clemson-DND_p309_c1_grm_std_uni,1,6.977105617523193,-5.233593940734863,1
Clemson-DND_p309_c1_grm_std_uni,1,6.958259582519531,-5.713331699371338,1
Clemson-DND_p309_c1_grm_std_uni,1,6.935591220855713,-5.638262748718262,1
Clemson-DND_p309_c1_grm_std_uni,1,6.644595146179199,-5.30326509475708,1
Clemson-DND_p309_c1_grm_std_uni,1,6.312954425811768,-4.962071895599365,1
Clemson-DND_p309_c1_grm_std_uni,1,5.988487243652344,-4.658280372619629,1
Clemson-DND_p309_c1_grm_std_uni,1,5.54048490524292,-4.402987003326416,1
Clemson-DND_p309_c1_grm_std_uni,1,5.18867826461792,-3.9153637886047363,1
Clemson-DND_p309_c1_grm_std_uni,1,4.906125545501709,-3.500431537628174,1
Clemson-DND_p309_c1_grm_std_uni,1,4.954862594604492,-3.5639853477478027,1
Clemson-DND_p309_c1_grm_std_uni,1,5.241709232330322,-4.180776119232178,1
Clemson-DND_p309_c1_grm_std_uni,1,5.34462308883667,-4.417054653167725,1
Clemson-DND_p309_c1_grm_std_uni,1,5.338776111602783,-4.195340156555176,1
Clemson-DND_p309_c1_grm_std_uni,1,5.422774314880371,-4.256068706512451,1
Clemson-DND_p309_c1_grm_std_uni,1,5.812332630157471,-4.490293025970459,1
Clemson-DND_p309_c1_grm_std_uni,1,5.783612251281738,-3.9498870372772217,1
Clemson-DND_p309_c1_grm_std_uni,1,5.972482681274414,-4.163834571838379,1
Clemson-DND_p309_c1_grm_std_uni,1,6.056356906890869,-4.42448091506958,1
Clemson-DND_p309_c1_grm_std_uni,1,5.832892417907715,-4.03724479675293,1
Clemson-DND_p309_c1_grm_std_uni,1,5.072153568267822,-2.984520435333252,1
Clemson-DND_p309_c1_grm_std_uni,1,5.141595840454102,-3.6493074893951416,1
Clemson-DND_p309_c1_grm_std_uni,1,4.728725910186768,-3.2477660179138184,1
Clemson-DND_p309_c1_grm_std_uni,1,4.427557945251465,-2.8976666927337646,1
Clemson-DND_p309_c1_grm_std_uni,1,4.832986831665039,-3.511570692062378,1
Clemson-DND_p309_c1_grm_std_uni,1,5.485598564147949,-4.366327285766602,1
Clemson-DND_p309_c1_grm_std_uni,1,5.219210624694824,-3.6094233989715576,1
Clemson-DND_p309_c1_grm_std_uni,1,5.126634120941162,-3.6663317680358887,1
Clemson-DND_p309_c1_grm_std_uni,1,5.231876850128174,-3.6910924911499023,1
Clemson-DND_p309_c1_grm_std_uni,1,5.455602169036865,-4.1732611656188965,1
Clemson-DND_p309_c1_grm_std_uni,1,5.281198024749756,-4.167660713195801,1
Clemson-DND_p309_c1_grm_std_uni,1,5.044885158538818,-4.131955146789551,1
Clemson-DND_p309_c1_grm_std_uni,1,5.332788467407227,-4.555274963378906,1
Clemson-DND_p309_c1_grm_std_uni,1,5.294596195220947,-4.4540910720825195,1
Clemson-DND_p309_c1_grm_std_uni,1,5.698333740234375,-4.620363712310791,1
Clemson-DND_p309_c1_grm_std_uni,1,5.933614730834961,-4.787673473358154,1
Clemson-DND_p309_c1_grm_std_uni,1,5.607415199279785,-4.468594551086426,1
Clemson-DND_p309_c1_grm_std_uni,1,5.481162071228027,-4.713395118713379,1
Clemson-DND_p309_c1_grm_std_uni,1,5.643200397491455,-4.493662357330322,1
Clemson-DND_p309_c1_grm_std_uni,1,6.4573588371276855,-5.169723987579346,1
Clemson-DND_p309_c1_grm_std_uni,1,6.4610981941223145,-5.200615882873535,1
Clemson-DND_p309_c1_grm_std_uni,1,5.91041374206543,-4.269501209259033,1
Clemson-DND_p309_c1_grm_std_uni,1,4.984524726867676,-3.765627861022949,1
Clemson-DND_p309_c1_grm_std_uni,1,4.488395690917969,-2.877371311187744,1
Clemson-DND_p309_c1_grm_std_uni,1,4.869164943695068,-3.4887101650238037,1
Clemson-DND_p309_c1_grm_std_uni,1,5.1149749755859375,-3.794285774230957,1
Clemson-DND_p309_c1_grm_std_uni,1,4.975046157836914,-3.9054834842681885,1
Clemson-DND_p309_c1_grm_std_uni,1,4.78834342956543,-3.450517416000366,1
Clemson-DND_p309_c1_grm_std_uni,1,5.304911136627197,-3.760759115219116,1
Clemson-DND_p309_c1_grm_std_uni,1,5.012753009796143,-3.6406235694885254,1
Clemson-DND_p309_c1_grm_std_uni,1,4.9404730796813965,-3.6007347106933594,1
Clemson-DND_p309_c1_grm_std_uni,1,5.852854251861572,-4.818458557128906,1
Clemson-DND_p309_c1_grm_std_uni,1,5.723960876464844,-4.699379920959473,1
Clemson-DND_p309_c1_grm_std_uni,1,5.324320316314697,-3.8928120136260986,1
Clemson-DND_p309_c1_grm_std_uni,1,5.433700084686279,-3.6303718090057373,1
Clemson-DND_p309_c1_grm_std_uni,1,5.353611469268799,-3.5878407955169678,1
Clemson-DND_p309_c1_grm_std_uni,1,5.320483684539795,-3.577747106552124,1
Clemson-DND_p309_c1_grm_std_uni,1,5.351214408874512,-3.6682627201080322,1
Clemson-DND_p309_c1_grm_std_uni,1,5.6491522789001465,-4.278697490692139,1
Clemson-DND_p309_c1_grm_std_uni,1,5.820372104644775,-4.493277072906494,1
Clemson-DND_p309_c1_grm_std_uni,1,5.91537618637085,-4.759417533874512,1
Clemson-DND_p309_c1_grm_std_uni,1,5.972562789916992,-4.9220356941223145,1
Clemson-DND_p309_c1_grm_std_uni,1,5.8672919273376465,-4.759042739868164,1
Clemson-DND_p309_c1_grm_std_uni,1,5.857404708862305,-4.720179080963135,1
Clemson-DND_p309_c1_grm_std_uni,1,5.71456241607666,-4.396028518676758,1
Clemson-DND_p309_c1_grm_std_uni,1,5.752782344818115,-4.422091484069824,1
Clemson-DND_p309_c1_grm_std_uni,1,5.9530839920043945,-4.730700492858887,1
Clemson-DND_p309_c1_grm_std_uni,1,5.762750625610352,-4.795242786407471,1
Clemson-DND_p309_c1_grm_std_uni,1,6.022176265716553,-5.036313533782959,1
Clemson-DND_p309_c1_grm_std_uni,1,5.785058975219727,-4.428789138793945,1
Clemson-DND_p309_c1_grm_std_uni,1,5.070120811462402,-3.4151723384857178,1
Clemson-DND_p309_c1_grm_std_uni,1,4.707306861877441,-3.364051103591919,1
Clemson-DND_p309_c1_grm_std_uni,1,4.976094722747803,-3.2700791358947754,1
Clemson-DND_p309_c1_grm_std_uni,1,4.789048194885254,-3.3154304027557373,1
Clemson-DND_p309_c1_grm_std_uni,1,4.671777725219727,-3.2283804416656494,1
Clemson-DND_p309_c1_grm_std_uni,1,4.969078540802002,-3.683894395828247,1
Clemson-DND_p309_c1_grm_std_uni,1,5.3327107429504395,-4.140161514282227,1
Clemson-DND_p309_c1_grm_std_uni,1,5.343304634094238,-4.209688663482666,1
Clemson-DND_p309_c1_grm_std_uni,1,5.744567394256592,-4.61110258102417,1
Clemson-DND_p309_c1_grm_std_uni,1,5.486888408660889,-4.492700576782227,1
Clemson-DND_p309_c1_grm_std_uni,1,5.507481098175049,-4.572691917419434,1
Clemson-DND_p309_c1_grm_std_uni,1,5.67756462097168,-4.626177787780762,1
Clemson-DND_p309_c1_grm_std_uni,1,5.243098258972168,-4.270669460296631,1
Clemson-DND_p309_c1_grm_std_uni,1,4.711545944213867,-3.430598497390747,1
Clemson-DND_p309_c1_grm_std_uni,1,4.5833635330200195,-3.1714999675750732,1
Clemson-DND_p309_c1_grm_std_uni,1,4.509431838989258,-3.0032691955566406,1
Clemson-DND_p309_c1_grm_std_uni,1,4.8247504234313965,-3.5198049545288086,1
Clemson-DND_p309_c1_grm_std_uni,1,5.306277275085449,-3.9574410915374756,1
Clemson-DND_p309_c1_grm_std_uni,1,5.476364612579346,-4.267316818237305,1
Clemson-DND_p309_c1_grm_std_uni,1,5.5804123878479,-4.3768205642700195,1
Clemson-DND_p309_c1_grm_std_uni,1,5.361905574798584,-3.871333360671997,1
Clemson-DND_p309_c1_grm_std_uni,1,5.234904766082764,-3.8295953273773193,1
Clemson-DND_p309_c1_grm_std_uni,1,4.3421950340271,-2.572310447692871,1
Clemson-DND_p309_c1_grm_std_uni,1,4.4530110359191895,-2.825800657272339,1
Clemson-DND_p309_c1_grm_std_uni,1,4.439945697784424,-2.945580005645752,1
Clemson-DND_p309_c1_grm_std_uni,1,4.717094421386719,-3.4444525241851807,1
Clemson-DND_p309_c1_grm_std_uni,1,5.129425525665283,-3.9851574897766113,1
Clemson-DND_p309_c1_grm_std_uni,1,5.367461681365967,-4.638778209686279,1
Clemson-DND_p309_c1_grm_std_uni,1,5.460991859436035,-4.495666027069092,1
Clemson-DND_p309_c1_grm_std_uni,1,5.109354019165039,-4.271847248077393,1
Clemson-DND_p309_c1_grm_std_uni,1,5.623317241668701,-4.45326566696167,1
Clemson-DND_p309_c1_grm_std_uni,1,5.450476169586182,-3.5490212440490723,1
Clemson-DND_p309_c1_grm_std_uni,1,5.201474189758301,-3.770233631134033,1
Clemson-DND_p309_c1_grm_std_uni,1,5.017167091369629,-3.6926498413085938,1
Clemson-DND_p309_c1_grm_std_uni,1,4.723848342895508,-3.498965263366699,1
Clemson-DND_p309_c1_grm_std_uni,1,5.057707786560059,-3.827549457550049,1
Clemson-DND_p309_c1_grm_std_uni,1,5.175329685211182,-4.521364212036133,1
Clemson-DND_p309_c1_grm_std_uni,1,5.465914249420166,-4.543667316436768,1
Clemson-DND_p309_c1_grm_std_uni,1,5.4942193031311035,-4.496415138244629,1
Clemson-DND_p309_c1_grm_std_uni,1,5.5506510734558105,-4.338006019592285,1
Clemson-DND_p309_c1_grm_std_uni,1,5.538915634155273,-3.9818742275238037,1
Clemson-DND_p309_c1_grm_std_uni,1,5.231864929199219,-3.9042699337005615,1
Clemson-DND_p309_c1_grm_std_uni,1,5.0568742752075195,-4.058324337005615,1
Clemson-DND_p309_c1_grm_std_uni,1,5.277111530303955,-4.281745433807373,1
Clemson-DND_p309_c1_grm_std_uni,1,4.863704204559326,-3.8973031044006348,1
Clemson-DND_p309_c1_grm_std_uni,1,4.732088565826416,-3.74410080909729,1
Clemson-DND_p309_c1_grm_std_uni,1,4.613156795501709,-3.9243149757385254,1
Clemson-DND_p309_c1_grm_std_uni,1,4.84070348739624,-4.033921718597412,1
Clemson-DND_p309_c1_grm_std_uni,1,5.296911716461182,-4.0911078453063965,1
Clemson-DND_p309_c1_grm_std_uni,1,4.339047908782959,-3.23584246635437,1
Clemson-DND_p309_c1_grm_std_uni,1,4.443795680999756,-3.3248536586761475,1
Clemson-DND_p309_c1_grm_std_uni,1,5.171202659606934,-4.353262901306152,1
Clemson-DND_p309_c1_grm_std_uni,1,5.312224388122559,-4.497941493988037,1
Clemson-DND_p309_c1_grm_std_uni,1,5.43904972076416,-4.613827228546143,1
Clemson-DND_p309_c1_grm_std_uni,1,4.888761520385742,-4.027780055999756,1
Clemson-DND_p309_c1_grm_std_uni,1,5.130927562713623,-3.888720989227295,1
Clemson-DND_p309_c1_grm_std_uni,1,4.984881401062012,-3.593034267425537,1
Clemson-DND_p309_c1_grm_std_uni,1,4.798288345336914,-3.6708474159240723,1
Clemson-DND_p309_c1_grm_std_uni,1,4.2948479652404785,-3.500722646713257,1
Clemson-DND_p309_c1_grm_std_uni,1,4.385545253753662,-3.6662826538085938,1
Clemson-DND_p309_c1_grm_std_uni,1,4.301950931549072,-3.75627064704895,1
Clemson-DND_p309_c1_grm_std_uni,1,5.36991024017334,-4.580915451049805,1
Clemson-DND_p309_c1_grm_std_uni,1,5.4388322830200195,-4.636789321899414,1
Clemson-DND_p309_c1_grm_std_uni,1,5.338904857635498,-4.394820213317871,1
Clemson-DND_p309_c1_grm_std_uni,1,5.196558475494385,-4.366523742675781,1
Clemson-DND_p309_c1_grm_std_uni,1,5.1846795082092285,-4.518937110900879,1
Clemson-DND_p309_c1_grm_std_uni,1,4.900124549865723,-3.53658390045166,1
Clemson-DND_p309_c1_grm_std_uni,1,4.504329204559326,-3.025507926940918,1
Clemson-DND_p309_c1_grm_std_uni,1,4.364941596984863,-3.0949769020080566,1
Clemson-DND_p309_c1_grm_std_uni,1,3.83096981048584,-3.152693748474121,1
Clemson-DND_p309_c1_grm_std_uni,1,3.4738576412200928,-2.7036521434783936,1
Clemson-DND_p309_c1_grm_std_uni,1,3.649993896484375,-2.978369951248169,1
Clemson-DND_p309_c1_grm_std_uni,1,4.9511590003967285,-3.9539692401885986,1
Clemson-DND_p309_c1_grm_std_uni,1,5.153085708618164,-4.406834125518799,1
Clemson-DND_p309_c1_grm_std_uni,1,5.099854469299316,-4.171816349029541,1
Clemson-DND_p309_c1_grm_std_uni,1,5.2342376708984375,-4.51871919631958,1
Clemson-DND_p309_c1_grm_std_uni,1,5.1491169929504395,-4.071572303771973,1
Clemson-DND_p309_c1_grm_std_uni,1,5.166061878204346,-3.311352252960205,1
Clemson-DND_p309_c1_grm_std_uni,1,5.577016353607178,-3.7748570442199707,1
Clemson-DND_p309_c1_grm_std_uni,1,4.922744274139404,-3.231524705886841,1
Clemson-DND_p309_c1_grm_std_uni,1,4.7138752937316895,-2.9366157054901123,1
Clemson-DND_p309_c1_grm_std_uni,1,5.109852313995361,-3.6083271503448486,1
Clemson-DND_p309_c1_grm_std_uni,1,5.64453125,-4.232542991638184,1
Clemson-DND_p309_c1_grm_std_uni,1,5.30388069152832,-4.172414779663086,1
Clemson-DND_p309_c1_grm_std_uni,1,5.522960186004639,-4.0589118003845215,1
Clemson-DND_p309_c1_grm_std_uni,1,5.139236927032471,-3.8350563049316406,1
Clemson-DND_p309_c1_grm_std_uni,1,6.203661918640137,-4.723997116088867,1
Clemson-DND_p309_c1_grm_std_uni,1,6.220623970031738,-4.739584922790527,1
Clemson-DND_p309_c1_grm_std_uni,1,5.704490661621094,-4.140985012054443,1
Clemson-DND_p309_c1_grm_std_uni,1,5.113828182220459,-3.467542886734009,1
Clemson-DND_p309_c1_grm_std_uni,1,4.37885856628418,-3.0178020000457764,1
Clemson-DND_p309_c1_grm_std_uni,1,4.528663635253906,-3.2141010761260986,1
Clemson-DND_p309_c1_grm_std_uni,1,4.596921443939209,-3.346743583679199,1
Clemson-DND_p309_c1_grm_std_uni,1,5.199273586273193,-4.1134538650512695,1
Clemson-DND_p309_c1_grm_std_uni,1,4.957541465759277,-3.9231228828430176,1
Clemson-DND_p309_c1_grm_std_uni,1,4.903327941894531,-3.823971748352051,1
Clemson-DND_p309_c1_grm_std_uni,1,4.483678817749023,-3.6493523120880127,1
Clemson-DND_p309_c1_grm_std_uni,1,4.308497905731201,-3.5290586948394775,1
Clemson-DND_p309_c1_grm_std_uni,1,4.543702125549316,-3.6233267784118652,1
Clemson-DND_p309_c1_grm_std_uni,1,4.410979747772217,-3.4347403049468994,1
Clemson-DND_p309_c1_grm_std_uni,1,4.666757583618164,-3.6667799949645996,1
Clemson-DND_p309_c1_grm_std_uni,1,5.176986217498779,-4.257388114929199,1
Clemson-DND_p309_c1_grm_std_uni,1,5.511474132537842,-4.381483554840088,1
Clemson-DND_p309_c1_grm_std_uni,1,5.338177680969238,-3.8987607955932617,1
Clemson-DND_p309_c1_grm_std_uni,1,5.567715644836426,-4.0821638107299805,1
Clemson-DND_p309_c1_grm_std_uni,1,5.863247871398926,-4.415080547332764,1
Clemson-DND_p309_c1_grm_std_uni,1,5.615896701812744,-4.50557279586792,1
Clemson-DND_p309_c1_grm_std_uni,1,5.738529682159424,-4.735750675201416,1
Clemson-DND_p309_c1_grm_std_uni,1,6.22936487197876,-5.127161979675293,1
Clemson-DND_p309_c1_grm_std_uni,1,5.526652812957764,-4.031304836273193,1
Clemson-DND_p309_c1_grm_std_uni,1,5.089720249176025,-3.814641237258911,1
Clemson-DND_p309_c1_grm_std_uni,1,4.792451858520508,-3.8791093826293945,1
Clemson-DND_p309_c1_grm_std_uni,1,4.658545970916748,-3.693207025527954,1
Clemson-DND_p309_c1_grm_std_uni,1,5.089354038238525,-4.317399024963379,1
Clemson-DND_p309_c1_grm_std_uni,1,5.34184455871582,-4.5940632820129395,1
Clemson-DND_p309_c1_grm_std_uni,1,5.0952324867248535,-4.0356316566467285,1
Clemson-DND_p309_c1_grm_std_uni,1,4.589508533477783,-3.8814597129821777,1
Clemson-DND_p309_c1_grm_std_uni,1,4.5311737060546875,-4.042807102203369,1
Clemson-DND_p309_c1_grm_std_uni,1,5.085489749908447,-4.196490287780762,1
Clemson-DND_p309_c1_grm_std_uni,1,5.424917221069336,-4.501112937927246,1
Clemson-DND_p309_c1_grm_std_uni,1,5.358283042907715,-4.026881694793701,1
Clemson-DND_p309_c1_grm_std_uni,1,5.974602699279785,-4.322407245635986,1
Clemson-DND_p309_c1_grm_std_uni,1,5.970668315887451,-4.253880500793457,1
Clemson-DND_p309_c1_grm_std_uni,1,5.637346267700195,-3.8364768028259277,1
Clemson-DND_p309_c1_grm_std_uni,1,5.540590763092041,-4.0267534255981445,1
Clemson-DND_p309_c1_grm_std_uni,1,5.526576519012451,-4.008413791656494,1
Clemson-DND_p309_c1_grm_std_uni,1,5.357928276062012,-3.8267855644226074,1
Clemson-DND_p309_c1_grm_std_uni,1,5.050457954406738,-3.426745891571045,1
Clemson-DND_p309_c1_grm_std_uni,1,5.063014507293701,-3.5783705711364746,1
Clemson-DND_p309_c1_grm_std_uni,1,5.016424179077148,-3.5650486946105957,1
Clemson-DND_p309_c1_grm_std_uni,1,4.832974433898926,-3.377591371536255,1
Clemson-DND_p309_c1_grm_std_uni,1,4.6416239738464355,-3.0528066158294678,1
Clemson-DND_p309_c1_grm_std_uni,1,4.7848920822143555,-3.461712598800659,1
Clemson-DND_p309_c1_grm_std_uni,1,5.436098575592041,-4.115862846374512,1
Clemson-DND_p309_c1_grm_std_uni,1,5.401544570922852,-4.132199287414551,1
Clemson-DND_p309_c1_grm_std_uni,1,5.217552185058594,-4.432013034820557,1
Clemson-DND_p309_c1_grm_std_uni,1,5.6124396324157715,-5.005782604217529,1
Clemson-DND_p309_c1_grm_std_uni,1,5.465829849243164,-4.493211269378662,1
Clemson-DND_p309_c1_grm_std_uni,1,6.152243137359619,-4.890052318572998,1
Clemson-DND_p309_c1_grm_std_uni,1,6.952613830566406,-5.2432169914245605,1
Clemson-DND_p309_c1_grm_std_uni,1,5.741876125335693,-4.132894992828369,1
Clemson-DND_p309_c1_grm_std_uni,1,4.674217700958252,-3.6262080669403076,1
Clemson-DND_p309_c1_grm_std_uni,1,4.565951347351074,-3.4700965881347656,1
Clemson-DND_p309_c1_grm_std_uni,1,4.583968639373779,-3.5363612174987793,1
Clemson-DND_p309_c1_grm_std_uni,1,4.969635009765625,-3.7480056285858154,1
Clemson-DND_p309_c1_grm_std_uni,1,5.243812084197998,-4.215613842010498,1
Clemson-DND_p309_c1_grm_std_uni,1,5.569824695587158,-4.399481773376465,1
Clemson-DND_p309_c1_grm_std_uni,1,6.0717082023620605,-4.7774128913879395,1
Clemson-DND_p309_c1_grm_std_uni,1,6.019434452056885,-4.7155961990356445,1
Clemson-DND_p309_c1_grm_std_uni,1,5.864561080932617,-4.525580883026123,1
Clemson-DND_p309_c1_grm_std_uni,1,5.252959251403809,-3.648651123046875,1
Clemson-DND_p309_c1_grm_std_uni,1,5.612941265106201,-3.842597484588623,1
Clemson-DND_p309_c1_grm_std_uni,1,5.979461193084717,-4.356928825378418,1
Clemson-DND_p309_c1_grm_std_uni,1,6.026946067810059,-4.541859149932861,1
Clemson-DND_p309_c1_grm_std_uni,1,5.685544967651367,-3.810723066329956,1
Clemson-DND_p309_c1_grm_std_uni,1,4.76072883605957,-3.0136072635650635,1
Clemson-DND_p309_c1_grm_std_uni,1,4.835666179656982,-2.808579921722412,1
Clemson-DND_p309_c1_grm_std_uni,1,5.166898250579834,-3.59303879737854,1
Clemson-DND_p309_c1_grm_std_uni,1,4.816512107849121,-3.1679775714874268,1
Clemson-DND_p309_c1_grm_std_uni,1,4.403745174407959,-2.858560800552368,1
Clemson-DND_p309_c1_grm_std_uni,1,5.295268535614014,-3.804142475128174,1
Clemson-DND_p309_c1_grm_std_uni,1,5.871453285217285,-4.6554856300354,1
Clemson-DND_p309_c1_grm_std_uni,1,6.001149654388428,-4.709670543670654,1
Clemson-DND_p309_c1_grm_std_uni,1,5.668776512145996,-4.150092601776123,1
Clemson-DND_p309_c1_grm_std_uni,1,5.651922225952148,-4.084714412689209,1
Clemson-DND_p309_c1_grm_std_uni,1,5.6964006423950195,-4.092325687408447,1
Clemson-DND_p309_c1_grm_std_uni,1,5.723741054534912,-4.07795524597168,1
Clemson-DND_p309_c1_grm_std_uni,1,5.588246822357178,-4.240545749664307,1
Clemson-DND_p309_c1_grm_std_uni,1,5.647208213806152,-4.43398380279541,1
Clemson-DND_p309_c1_grm_std_uni,1,5.9598870277404785,-4.674076557159424,1
Clemson-DND_p309_c1_grm_std_uni,1,5.167783260345459,-3.563436985015869,1
Clemson-DND_p309_c1_grm_std_uni,1,4.740366458892822,-2.8367385864257812,1
Clemson-DND_p309_c1_grm_std_uni,1,4.493512153625488,-3.20999813079834,1
Clemson-DND_p309_c1_grm_std_uni,1,3.7891533374786377,-2.64321231842041,1
Clemson-DND_p309_c1_grm_std_uni,1,4.202333450317383,-2.9986464977264404,1
Clemson-DND_p309_c1_grm_std_uni,1,5.413334846496582,-4.07895040512085,1
Clemson-DND_p309_c1_grm_std_uni,1,5.552665710449219,-4.273348331451416,1
Clemson-DND_p309_c1_grm_std_uni,1,5.4568328857421875,-4.259138584136963,1
Clemson-DND_p309_c1_grm_std_uni,1,5.790585994720459,-5.195659160614014,1
Clemson-DND_p309_c1_grm_std_uni,1,6.262772560119629,-5.1456379890441895,1
Clemson-DND_p309_c1_grm_std_uni,1,6.733296871185303,-5.3663153648376465,1
Clemson-DND_p309_c1_grm_std_uni,1,6.938005447387695,-5.372465133666992,1
Clemson-DND_p309_c1_grm_std_uni,1,6.443943500518799,-4.772315502166748,1
Clemson-DND_p309_c1_grm_std_uni,1,5.1252546310424805,-3.827949285507202,1
Clemson-DND_p309_c1_grm_std_uni,1,5.037770748138428,-3.7439398765563965,1
Clemson-DND_p309_c1_grm_std_uni,1,5.308248043060303,-4.264966011047363,1
Clemson-DND_p309_c1_grm_std_uni,1,5.062291622161865,-4.364725589752197,1
Clemson-DND_p309_c1_grm_std_uni,1,5.626786708831787,-4.841897487640381,1
Clemson-DND_p309_c1_grm_std_uni,1,5.738722324371338,-4.6590986251831055,1
Clemson-DND_p309_c1_grm_std_uni,1,5.99343729019165,-4.673977851867676,1
Clemson-DND_p309_c1_grm_std_uni,1,6.6394453048706055,-5.207040786743164,1
Clemson-DND_p309_c1_grm_std_uni,1,6.751493453979492,-5.103480339050293,1
Clemson-DND_p309_c1_grm_std_uni,1,7.257863521575928,-5.7819905281066895,1
Clemson-DND_p309_c1_grm_std_uni,1,7.472258567810059,-5.762437343597412,1
Clemson-DND_p309_c1_grm_std_uni,1,7.193705081939697,-5.950295925140381,1
Clemson-DND_p309_c1_grm_std_uni,1,6.715794563293457,-5.550122261047363,1
Clemson-DND_p309_c1_grm_std_uni,1,6.052497863769531,-4.268700122833252,1
Clemson-DND_p309_c1_grm_std_uni,1,5.758127212524414,-3.8433706760406494,1
Clemson-DND_p309_c1_grm_std_uni,1,6.562254428863525,-4.75372838973999,1
Clemson-DND_p309_c1_grm_std_uni,1,7.655392646789551,-6.077089786529541,1
Clemson-DND_p309_c1_grm_std_uni,1,7.986840724945068,-6.573313236236572,1
Clemson-DND_p309_c1_grm_std_uni,1,6.623290538787842,-5.4225358963012695,1
Clemson-DND_p309_c1_grm_std_uni,1,6.291550159454346,-4.7638750076293945,1
Clemson-DND_p309_c1_grm_std_uni,1,5.640604496002197,-3.746375560760498,1
Clemson-DND_p309_c1_grm_std_uni,1,5.318032264709473,-3.763273000717163,1
Clemson-DND_p309_c1_grm_std_uni,1,5.120254039764404,-3.5872695446014404,1
Clemson-DND_p309_c1_grm_std_uni,1,5.125927448272705,-3.8470518589019775,1
Clemson-DND_p309_c1_grm_std_uni,1,5.37864875793457,-4.263550758361816,1
Clemson-DND_p309_c1_grm_std_uni,1,5.291029930114746,-4.156418800354004,1
Clemson-DND_p309_c1_grm_std_uni,1,5.728257656097412,-4.523824691772461,1
Clemson-DND_p309_c1_grm_std_uni,1,5.587447643280029,-4.394471168518066,1
Clemson-DND_p309_c1_grm_std_uni,1,6.176492214202881,-5.134214401245117,1
Clemson-DND_p309_c1_grm_std_uni,1,6.037284851074219,-4.962158203125,1
Clemson-DND_p309_c1_grm_std_uni,1,6.419789791107178,-4.895235538482666,1
Clemson-DND_p309_c1_grm_std_uni,1,6.475708961486816,-4.6310038566589355,1
Clemson-DND_p309_c1_grm_std_uni,1,6.2927565574646,-4.713744163513184,1
Clemson-DND_p309_c1_grm_std_uni,1,5.8242011070251465,-5.176093578338623,1
Clemson-DND_p309_c1_grm_std_uni,1,5.57267951965332,-4.695927143096924,1
Clemson-DND_p309_c1_grm_std_uni,1,5.413938045501709,-3.7017982006073,1
Clemson-DND_p309_c1_grm_std_uni,1,5.031612873077393,-3.2832248210906982,1
Clemson-DND_p309_c1_grm_std_uni,1,5.3361310958862305,-3.4940595626831055,1
Clemson-DND_p309_c1_grm_std_uni,1,5.029839038848877,-3.458035469055176,1
Clemson-DND_p309_c1_grm_std_uni,1,4.716370582580566,-3.2996981143951416,1
Clemson-DND_p309_c1_grm_std_uni,1,5.274330139160156,-3.710350513458252,1
Clemson-DND_p309_c1_grm_std_uni,1,5.66383171081543,-4.219594478607178,1
Clemson-DND_p309_c1_grm_std_uni,1,5.4957051277160645,-4.200196743011475,1
Clemson-DND_p309_c1_grm_std_uni,1,5.8402252197265625,-4.417257308959961,1
Clemson-DND_p309_c1_grm_std_uni,1,5.687673091888428,-4.069120407104492,1
Clemson-DND_p309_c1_grm_std_uni,1,5.715505123138428,-4.355569839477539,1
Clemson-DND_p309_c1_grm_std_uni,1,5.7906341552734375,-4.576855659484863,1
Clemson-DND_p309_c1_grm_std_uni,1,5.9378662109375,-4.831411838531494,1
Clemson-DND_p309_c1_grm_std_uni,1,6.2594780921936035,-4.876864433288574,1
Clemson-DND_p309_c1_grm_std_uni,1,6.544029235839844,-5.155656814575195,1
Clemson-DND_p309_c1_grm_std_uni,1,6.70399808883667,-5.3017897605896,1
Clemson-DND_p309_c1_grm_std_uni,1,6.675361156463623,-5.267894268035889,1
Clemson-DND_p309_c1_grm_std_uni,1,6.660083293914795,-5.649048328399658,1
Clemson-DND_p309_c1_grm_std_uni,1,6.089173316955566,-5.230859279632568,1
Clemson-DND_p309_c1_grm_std_uni,1,5.008084774017334,-4.338213920593262,1
Clemson-DND_p309_c1_grm_std_uni,1,4.2031049728393555,-3.7253429889678955,1
Clemson-DND_p309_c1_grm_std_uni,1,3.254209280014038,-3.2037107944488525,1
Clemson-DND_p309_c1_grm_std_uni,1,3.018407106399536,-2.965625762939453,1
Clemson-DND_p309_c1_grm_std_uni,1,3.2558329105377197,-3.2576682567596436,1
Clemson-DND_p309_c1_grm_std_uni,1,3.279552459716797,-3.3298721313476562,1
Clemson-DND_p309_c1_grm_std_uni,1,3.19113826751709,-3.301191806793213,1
Clemson-DND_p309_c1_grm_std_uni,1,3.193793296813965,-3.2558767795562744,1
Clemson-DND_p309_c1_grm_std_uni,1,3.1549229621887207,-3.2031404972076416,1
Clemson-DND_p309_c1_grm_std_uni,1,3.26557993888855,-3.2847163677215576,1
Clemson-DND_p309_c1_grm_std_uni,2,3.631638288497925,-3.5131289958953857,1
Clemson-DND_p309_c1_grm_std_uni,1,3.6419425010681152,-3.673158884048462,1
Clemson-DND_p309_c1_grm_std_uni,1,4.068058490753174,-4.417984485626221,1
Clemson-DND_p309_c1_grm_std_uni,1,5.128693103790283,-5.522189140319824,1
Clemson-DND_p309_c1_grm_std_uni,1,5.1412577629089355,-5.6504621505737305,1
Clemson-DND_p309_c1_grm_std_uni,1,4.62665319442749,-4.974584102630615,1
Clemson-DND_p309_c1_grm_std_uni,1,4.387113094329834,-4.3415069580078125,1
Clemson-DND_p309_c1_grm_std_uni,1,4.566166877746582,-4.024906158447266,1
Clemson-DND_p309_c1_grm_std_uni,1,5.141777992248535,-4.347116947174072,1
Clemson-DND_p309_c1_grm_std_uni,1,5.782689571380615,-4.89896297454834,1
Clemson-DND_p309_c1_grm_std_uni,1,6.261349678039551,-5.279805660247803,1
Clemson-DND_p309_c1_grm_std_uni,1,6.423762321472168,-5.333957195281982,1
Clemson-DND_p309_c1_grm_std_uni,1,6.041473865509033,-5.215174198150635,1
Clemson-DND_p309_c1_grm_std_uni,1,6.205521583557129,-5.76686429977417,1
Clemson-DND_p309_c1_grm_std_uni,1,6.552301406860352,-6.287082195281982,1
Clemson-DND_p309_c1_grm_std_uni,1,6.702118873596191,-5.263594627380371,1
Clemson-DND_p309_c1_grm_std_uni,1,6.88146448135376,-4.93234920501709,1
Clemson-DND_p309_c1_grm_std_uni,1,6.855356693267822,-5.04782247543335,1
Clemson-DND_p309_c1_grm_std_uni,1,6.276303768157959,-4.8365044593811035,1
Clemson-DND_p309_c1_grm_std_uni,1,5.9200053215026855,-4.400261878967285,1
Clemson-DND_p309_c1_grm_std_uni,1,5.567200660705566,-4.311243534088135,1
Clemson-DND_p309_c1_grm_std_uni,1,5.240966796875,-4.261354923248291,1
Clemson-DND_p309_c1_grm_std_uni,1,5.678095817565918,-5.081796169281006,1
Clemson-DND_p309_c1_grm_std_uni,1,5.956772804260254,-5.21453332901001,1
Clemson-DND_p309_c1_grm_std_uni,1,6.486582279205322,-5.3814897537231445,1
Clemson-DND_p309_c1_grm_std_uni,1,6.818963050842285,-5.405616283416748,1
Clemson-DND_p309_c1_grm_std_uni,1,6.933541297912598,-5.399414539337158,1
Clemson-DND_p309_c1_grm_std_uni,1,6.878037452697754,-5.201356410980225,1
Clemson-DND_p309_c1_grm_std_uni,1,6.9652934074401855,-4.9945478439331055,1
Clemson-DND_p309_c1_grm_std_uni,1,6.412330150604248,-4.693691730499268,1
Clemson-DND_p309_c1_grm_std_uni,1,7.254456520080566,-5.542330265045166,1
Clemson-DND_p309_c1_grm_std_uni,1,7.289072513580322,-5.6588664054870605,1
Clemson-DND_p309_c1_grm_std_uni,1,7.256917476654053,-5.908267021179199,1
Clemson-DND_p309_c1_grm_std_uni,1,7.217848300933838,-6.0515031814575195,1
Clemson-DND_p309_c1_grm_std_uni,1,7.2904372215271,-6.105882167816162,1
Clemson-DND_p309_c1_grm_std_uni,1,7.745168685913086,-6.854726314544678,1
Clemson-DND_p309_c1_grm_std_uni,1,8.200430870056152,-7.388003826141357,1
Clemson-DND_p309_c1_grm_std_uni,1,7.563104152679443,-6.336084842681885,1
Clemson-DND_p309_c1_grm_std_uni,1,6.6526947021484375,-5.137916088104248,1
Clemson-DND_p309_c1_grm_std_uni,1,7.19111442565918,-5.625323295593262,1
Clemson-DND_p309_c1_grm_std_uni,1,7.057737350463867,-5.505381107330322,1
Clemson-DND_p309_c1_grm_std_uni,1,8.091214179992676,-6.142538547515869,1
Clemson-DND_p309_c1_grm_std_uni,1,8.289128303527832,-6.3266801834106445,1
Clemson-DND_p309_c1_grm_std_uni,1,7.123135089874268,-5.1905837059021,1
Clemson-DND_p309_c1_grm_std_uni,1,5.140969276428223,-3.8712823390960693,1
Clemson-DND_p309_c1_grm_std_uni,1,4.721129417419434,-3.725712299346924,1
Clemson-DND_p309_c1_grm_std_uni,1,4.537079334259033,-3.243126392364502,1
Clemson-DND_p309_c1_grm_std_uni,1,5.057701110839844,-3.683018445968628,1
Clemson-DND_p309_c1_grm_std_uni,1,5.6037726402282715,-4.0734148025512695,1
Clemson-DND_p309_c1_grm_std_uni,1,6.520102024078369,-5.115363597869873,1
Clemson-DND_p309_c1_grm_std_uni,1,7.294322490692139,-5.947801113128662,1
Clemson-DND_p309_c1_grm_std_uni,1,7.070582866668701,-5.687757968902588,1
Clemson-DND_p309_c1_grm_std_uni,1,6.918420314788818,-5.879534721374512,1
Clemson-DND_p309_c1_grm_std_uni,1,6.038599967956543,-5.276835918426514,1
Clemson-DND_p309_c1_grm_std_uni,1,5.514321327209473,-4.510220050811768,1
Clemson-DND_p309_c1_grm_std_uni,1,5.168754577636719,-4.1549973487854,1
Clemson-DND_p309_c1_grm_std_uni,1,4.4921417236328125,-3.2390553951263428,1
Clemson-DND_p309_c1_grm_std_uni,1,4.412805557250977,-2.7018744945526123,1
Clemson-DND_p309_c1_grm_std_uni,1,5.554342746734619,-3.9013750553131104,1
Clemson-DND_p309_c1_grm_std_uni,1,5.498868465423584,-4.202582359313965,1
Clemson-DND_p309_c1_grm_std_uni,1,5.8391547203063965,-4.453963756561279,1
Clemson-DND_p309_c1_grm_std_uni,1,6.660624027252197,-5.159264087677002,1
Clemson-DND_p309_c1_grm_std_uni,1,6.743232250213623,-5.3140106201171875,1
Clemson-DND_p309_c1_grm_std_uni,1,6.625985622406006,-5.3146653175354,1
Clemson-DND_p309_c1_grm_std_uni,1,6.450378894805908,-4.985757827758789,1
Clemson-DND_p309_c1_grm_std_uni,1,6.711771488189697,-4.942391872406006,1
Clemson-DND_p309_c1_grm_std_uni,1,6.812170505523682,-4.892883777618408,1
Clemson-DND_p309_c1_grm_std_uni,1,7.570860385894775,-5.648202896118164,1
Clemson-DND_p309_c1_grm_std_uni,1,7.9735283851623535,-6.670343399047852,1
Clemson-DND_p309_c1_grm_std_uni,1,6.533282279968262,-5.886820316314697,1
Clemson-DND_p309_c1_grm_std_uni,1,6.269333839416504,-5.024627685546875,1
Clemson-DND_p309_c1_grm_std_uni,1,5.848195552825928,-4.089516639709473,1
Clemson-DND_p309_c1_grm_std_uni,1,5.815991401672363,-3.8629088401794434,1
Clemson-DND_p309_c1_grm_std_uni,1,5.763166904449463,-3.7797672748565674,1
Clemson-DND_p309_c1_grm_std_uni,1,5.512474060058594,-3.7176544666290283,1
Clemson-DND_p309_c1_grm_std_uni,1,4.916658401489258,-3.9747250080108643,1
Clemson-DND_p309_c1_grm_std_uni,1,4.8632612228393555,-3.7488298416137695,1
Clemson-DND_p309_c1_grm_std_uni,1,5.508937358856201,-4.66411828994751,1
Clemson-DND_p309_c1_grm_std_uni,1,5.556755065917969,-4.375919818878174,1
Clemson-DND_p309_c1_grm_std_uni,1,5.853515625,-4.87700080871582,1
Clemson-DND_p309_c1_grm_std_uni,1,6.276662826538086,-5.337432384490967,1
Clemson-DND_p309_c1_grm_std_uni,1,6.497701168060303,-5.020942687988281,1
Clemson-DND_p309_c1_grm_std_uni,1,6.454861164093018,-5.074227333068848,1
Clemson-DND_p309_c1_grm_std_uni,1,6.753969192504883,-5.420690536499023,1
Clemson-DND_p309_c1_grm_std_uni,1,7.179724216461182,-5.821485996246338,1
Clemson-DND_p309_c1_grm_std_uni,1,6.285959720611572,-4.585566997528076,1
Clemson-DND_p309_c1_grm_std_uni,1,6.474350452423096,-4.515666484832764,1
Clemson-DND_p309_c1_grm_std_uni,1,6.830130100250244,-5.0631914138793945,1
Clemson-DND_p309_c1_grm_std_uni,1,7.138615608215332,-5.467453479766846,1
Clemson-DND_p309_c1_grm_std_uni,1,7.269044876098633,-5.513572692871094,1
Clemson-DND_p309_c1_grm_std_uni,1,7.403532981872559,-5.878547191619873,1
Clemson-DND_p309_c1_grm_std_uni,1,7.046361923217773,-5.650143623352051,1
Clemson-DND_p309_c1_grm_std_uni,1,6.373043537139893,-5.039864540100098,1
Clemson-DND_p309_c1_grm_std_uni,1,6.505119800567627,-5.254984378814697,1
Clemson-DND_p309_c1_grm_std_uni,1,7.533671855926514,-6.351926803588867,1
Clemson-DND_p309_c1_grm_std_uni,1,7.577758312225342,-6.910219192504883,1
Clemson-DND_p309_c1_grm_std_uni,1,7.558355808258057,-6.903050899505615,1
Clemson-DND_p309_c1_grm_std_uni,1,7.2932963371276855,-6.139512538909912,1
Clemson-DND_p309_c1_grm_std_uni,1,6.829617500305176,-5.081201553344727,1
Clemson-DND_p309_c1_grm_std_uni,1,5.775991439819336,-4.269186973571777,1
Clemson-DND_p309_c1_grm_std_uni,1,5.395294189453125,-3.992365837097168,1
Clemson-DND_p309_c1_grm_std_uni,1,5.37071418762207,-4.058077335357666,1
Clemson-DND_p309_c1_grm_std_uni,1,5.591391086578369,-4.480820655822754,1
Clemson-DND_p309_c1_grm_std_uni,1,5.866567134857178,-4.624992370605469,1
Clemson-DND_p309_c1_grm_std_uni,1,5.992584705352783,-4.489111423492432,1
Clemson-DND_p309_c1_grm_std_uni,1,6.0777363777160645,-4.629461765289307,1
Clemson-DND_p309_c1_grm_std_uni,1,6.0768303871154785,-4.3781657218933105,1
Clemson-DND_p309_c1_grm_std_uni,1,5.858785629272461,-4.099353790283203,1
Clemson-DND_p309_c1_grm_std_uni,1,5.561146259307861,-4.086463451385498,1
Clemson-DND_p309_c1_grm_std_uni,1,5.220610618591309,-4.043856620788574,1
Clemson-DND_p309_c1_grm_std_uni,1,5.013819694519043,-3.8568038940429688,1
Clemson-DND_p309_c1_grm_std_uni,1,5.117544651031494,-3.9218757152557373,1
Clemson-DND_p309_c1_grm_std_uni,1,5.2507853507995605,-4.304169654846191,1
Clemson-DND_p309_c1_grm_std_uni,1,5.165291786193848,-4.4023919105529785,1
Clemson-DND_p309_c1_grm_std_uni,1,4.8856987953186035,-4.343254089355469,1
Clemson-DND_p309_c1_grm_std_uni,1,4.856986999511719,-4.216182231903076,1
Clemson-DND_p309_c1_grm_std_uni,1,5.0886921882629395,-4.368699550628662,1
Clemson-DND_p309_c1_grm_std_uni,1,5.341050148010254,-4.625030994415283,1
Clemson-DND_p309_c1_grm_std_uni,1,5.088325500488281,-4.235898017883301,1
Clemson-DND_p309_c1_grm_std_uni,1,4.7477803230285645,-3.7433512210845947,1
Clemson-DND_p309_c1_grm_std_uni,1,4.76216459274292,-3.718130350112915,1
Clemson-DND_p309_c1_grm_std_uni,1,4.867962837219238,-4.002190589904785,1
Clemson-DND_p309_c1_grm_std_uni,1,5.421674728393555,-4.775535583496094,1
Clemson-DND_p309_c1_grm_std_uni,1,5.2433061599731445,-4.743419170379639,1
Clemson-DND_p309_c1_grm_std_uni,1,5.308918476104736,-4.855939865112305,1
Clemson-DND_p309_c1_grm_std_uni,1,5.411211967468262,-4.2899370193481445,1
Clemson-DND_p309_c1_grm_std_uni,1,4.950445652008057,-3.5543222427368164,1
Clemson-DND_p309_c1_grm_std_uni,1,4.5043134689331055,-3.1957879066467285,1
Clemson-DND_p309_c1_grm_std_uni,1,4.523261547088623,-3.157823324203491,1
Clemson-DND_p309_c1_grm_std_uni,1,4.69478178024292,-3.6508333683013916,1
Clemson-DND_p309_c1_grm_std_uni,1,4.715249538421631,-3.6582107543945312,1
Clemson-DND_p309_c1_grm_std_uni,1,4.632157802581787,-3.9995334148406982,1
Clemson-DND_p309_c1_grm_std_uni,1,5.053872585296631,-4.358850955963135,1
Clemson-DND_p309_c1_grm_std_uni,1,5.105172634124756,-4.191039085388184,1
Clemson-DND_p309_c1_grm_std_uni,1,5.093099117279053,-4.209483623504639,1
Clemson-DND_p309_c1_grm_std_uni,1,5.305314064025879,-4.081979274749756,1
Clemson-DND_p309_c1_grm_std_uni,1,6.092400550842285,-4.803343296051025,1
Clemson-DND_p309_c1_grm_std_uni,1,6.296294212341309,-4.859428405761719,1
Clemson-DND_p309_c1_grm_std_uni,1,5.608294486999512,-4.34925651550293,1
Clemson-DND_p309_c1_grm_std_uni,1,5.4469451904296875,-4.075358867645264,1
Clemson-DND_p309_c1_grm_std_uni,1,5.678680896759033,-4.274306297302246,1
Clemson-DND_p309_c1_grm_std_uni,1,5.8773369789123535,-4.268935680389404,1
Clemson-DND_p309_c1_grm_std_uni,1,5.9733381271362305,-4.343948841094971,1
Clemson-DND_p309_c1_grm_std_uni,1,6.167901515960693,-4.618029594421387,1
Clemson-DND_p309_c1_grm_std_uni,1,6.220327854156494,-5.4584126472473145,1
Clemson-DND_p309_c1_grm_std_uni,1,6.194401264190674,-6.118497371673584,1
Clemson-DND_p309_c1_grm_std_uni,1,6.219555854797363,-6.439031600952148,1
Clemson-DND_p309_c1_grm_std_uni,1,6.05293607711792,-6.09970760345459,1
Clemson-DND_p309_c1_grm_std_uni,1,5.736181259155273,-5.604569435119629,1
Clemson-DND_p309_c1_grm_std_uni,1,6.288184642791748,-6.08154821395874,1
Clemson-DND_p309_c1_grm_std_uni,1,6.13327169418335,-6.047414779663086,1
Clemson-DND_p309_c1_grm_std_uni,1,5.0818634033203125,-3.8660385608673096,1
Clemson-DND_p309_c1_grm_std_uni,1,4.8112101554870605,-3.2339723110198975,1
Clemson-DND_p309_c1_grm_std_uni,1,4.734684944152832,-3.239809274673462,1
Clemson-DND_p309_c1_grm_std_uni,1,4.2770233154296875,-2.868988037109375,1
Clemson-DND_p309_c1_grm_std_uni,1,4.325903415679932,-3.0054686069488525,1
Clemson-DND_p309_c1_grm_std_uni,1,4.1444196701049805,-3.2131881713867188,1
Clemson-DND_p309_c1_grm_std_uni,1,5.205624580383301,-4.227952003479004,1
Clemson-DND_p309_c1_grm_std_uni,1,5.515482425689697,-4.3879499435424805,1
Clemson-DND_p309_c1_grm_std_uni,1,5.455938816070557,-4.589897155761719,1
Clemson-DND_p309_c1_grm_std_uni,1,5.633817672729492,-4.790426731109619,1
Clemson-DND_p309_c1_grm_std_uni,1,6.43897008895874,-5.155914306640625,1
Clemson-DND_p309_c1_grm_std_uni,1,6.688039302825928,-5.3160786628723145,1
Clemson-DND_p309_c1_grm_std_uni,1,6.871511459350586,-5.550139904022217,1
Clemson-DND_p309_c1_grm_std_uni,1,6.792396545410156,-5.725332736968994,1
Clemson-DND_p309_c1_grm_std_uni,1,7.01339864730835,-5.812761306762695,1
Clemson-DND_p309_c1_grm_std_uni,1,6.840941429138184,-5.629265308380127,1
Clemson-DND_p309_c1_grm_std_uni,1,7.143380641937256,-6.159579753875732,1
Clemson-DND_p309_c1_grm_std_uni,1,5.7524285316467285,-4.805644512176514,1
Clemson-DND_p309_c1_grm_std_uni,1,5.850180625915527,-4.743954658508301,1
Clemson-DND_p309_c1_grm_std_uni,1,6.184892177581787,-5.3333821296691895,1
Clemson-DND_p309_c1_grm_std_uni,1,6.660201072692871,-5.891878128051758,1
Clemson-DND_p309_c1_grm_std_uni,1,6.128535270690918,-5.8223137855529785,1
Clemson-DND_p309_c1_grm_std_uni,1,6.401787281036377,-6.362120628356934,1
Clemson-DND_p309_c1_grm_std_uni,1,6.4326958656311035,-6.43172550201416,1
Clemson-DND_p309_c1_grm_std_uni,1,5.621866226196289,-5.468775272369385,1
Clemson-DND_p309_c1_grm_std_uni,1,5.363356590270996,-5.099340438842773,1
Clemson-DND_p309_c1_grm_std_uni,1,5.136410713195801,-4.701820373535156,1
Clemson-DND_p309_c1_grm_std_uni,1,4.974453449249268,-4.386038303375244,1
Clemson-DND_p309_c1_grm_std_uni,1,4.57869815826416,-4.150954246520996,1
Clemson-DND_p309_c1_grm_std_uni,1,5.505485534667969,-4.992539405822754,1
Clemson-DND_p309_c1_grm_std_uni,1,5.3706955909729,-4.865916728973389,1
Clemson-DND_p309_c1_grm_std_uni,1,5.12825345993042,-4.653956890106201,1
Clemson-DND_p309_c1_grm_std_uni,1,5.540542125701904,-5.077692031860352,1
Clemson-DND_p309_c1_grm_std_uni,1,5.7233428955078125,-5.389955043792725,1
Clemson-DND_p309_c1_grm_std_uni,1,5.832951545715332,-5.660519599914551,1
Clemson-DND_p309_c1_grm_std_uni,1,5.482063293457031,-5.397407054901123,1
Clemson-DND_p309_c1_grm_std_uni,1,4.773210525512695,-4.883084297180176,1
Clemson-DND_p309_c1_grm_std_uni,1,3.9665300846099854,-3.80772066116333,1
Clemson-DND_p309_c1_grm_std_uni,1,3.8105573654174805,-3.255176067352295,1
Clemson-DND_p309_c1_grm_std_uni,1,5.268697261810303,-4.488478183746338,1
Clemson-DND_p309_c1_grm_std_uni,1,6.596895217895508,-6.035154342651367,1
Clemson-DND_p309_c1_grm_std_uni,1,6.6266374588012695,-6.364379405975342,1
Clemson-DND_p309_c1_grm_std_uni,1,5.904928684234619,-5.695772171020508,1
Clemson-DND_p309_c1_grm_std_uni,1,3.779094696044922,-3.6487834453582764,1
Clemson-DND_p309_c1_grm_std_uni,1,4.0266289710998535,-3.3860995769500732,1
Clemson-DND_p309_c1_grm_std_uni,1,4.242807388305664,-3.4749953746795654,1
Clemson-DND_p309_c1_grm_std_uni,1,4.858036994934082,-4.060948371887207,1
Clemson-DND_p309_c1_grm_std_uni,1,5.016393184661865,-4.7189531326293945,1
Clemson-DND_p309_c1_grm_std_uni,1,5.8336567878723145,-5.60776948928833,1
Clemson-DND_p309_c1_grm_std_uni,1,6.311431407928467,-6.2419610023498535,1
Clemson-DND_p309_c1_grm_std_uni,1,6.467844009399414,-6.499838829040527,1
Clemson-DND_p309_c1_grm_std_uni,1,6.518765449523926,-6.505118370056152,1
Clemson-DND_p309_c1_grm_std_uni,1,6.096675395965576,-6.178237438201904,1
Clemson-DND_p309_c1_grm_std_uni,1,5.1123247146606445,-5.248937129974365,1
Clemson-DND_p309_c1_grm_std_uni,1,2.7361884117126465,-2.7346913814544678,1
Clemson-DND_p309_c1_grm_std_uni,1,2.9190869331359863,-2.610720157623291,1
Clemson-DND_p309_c1_grm_std_uni,1,3.8694381713867188,-3.215954065322876,1
Clemson-DND_p309_c1_grm_std_uni,1,5.153965473175049,-3.9220073223114014,1
Clemson-DND_p309_c1_grm_std_uni,1,6.096750259399414,-5.239213943481445,1
Clemson-DND_p309_c1_grm_std_uni,1,7.185189723968506,-5.968494892120361,1
Clemson-DND_p309_c1_grm_std_uni,1,7.679876804351807,-6.353606700897217,1
Clemson-DND_p309_c1_grm_std_uni,1,8.12170696258545,-6.873724937438965,1
Clemson-DND_p309_c1_grm_std_uni,1,7.482813358306885,-6.089940071105957,1
Clemson-DND_p309_c1_grm_std_uni,1,6.657068729400635,-5.06691837310791,1
Clemson-DND_p309_c1_grm_std_uni,1,6.940558910369873,-5.345868110656738,1
Clemson-DND_p309_c1_grm_std_uni,1,7.318762302398682,-5.791807651519775,1
Clemson-DND_p309_c1_grm_std_uni,1,7.604821681976318,-6.1796770095825195,1
Clemson-DND_p309_c1_grm_std_uni,1,7.271467208862305,-6.0018110275268555,1
Clemson-DND_p309_c1_grm_std_uni,1,6.626786231994629,-5.378228187561035,1
Clemson-DND_p309_c1_grm_std_uni,1,6.435850620269775,-5.181530475616455,1
Clemson-DND_p309_c1_grm_std_uni,1,6.029714584350586,-4.812473773956299,1
Clemson-DND_p309_c1_grm_std_uni,1,5.184341907501221,-3.9843153953552246,1
Clemson-DND_p309_c1_grm_std_uni,1,4.588498115539551,-3.435068368911743,1
Clemson-DND_p309_c1_grm_std_uni,1,4.184266090393066,-3.0837912559509277,1
Clemson-DND_p309_c1_grm_std_uni,1,4.020559310913086,-2.9926438331604004,1
Clemson-DND_p309_c1_grm_std_uni,1,3.70556378364563,-2.978321075439453,1
Clemson-DND_p309_c1_grm_std_uni,1,3.8711462020874023,-3.4149556159973145,1
Clemson-DND_p309_c1_grm_std_uni,1,3.8966457843780518,-3.4761736392974854,1
Clemson-DND_p309_c1_grm_std_uni,1,4.342024326324463,-3.886863946914673,1
Clemson-DND_p309_c1_grm_std_uni,1,5.364861965179443,-4.901829719543457,1
Clemson-DND_p309_c1_grm_std_uni,1,5.8600077629089355,-5.281307697296143,1
Clemson-DND_p309_c1_grm_std_uni,1,5.1534223556518555,-4.729537487030029,1
Clemson-DND_p309_c1_grm_std_uni,1,5.694968223571777,-5.198056697845459,1
Clemson-DND_p309_c1_grm_std_uni,1,6.100960731506348,-5.73598575592041,1
Clemson-DND_p309_c1_grm_std_uni,1,5.841375827789307,-5.549747943878174,1
Clemson-DND_p309_c1_grm_std_uni,1,5.003347396850586,-4.7042555809021,1
Clemson-DND_p309_c1_grm_std_uni,1,3.6022262573242188,-3.0299878120422363,1
Clemson-DND_p309_c1_grm_std_uni,1,3.7212157249450684,-3.1728804111480713,1
Clemson-DND_p309_c1_grm_std_uni,1,4.353325843811035,-3.835541248321533,1
Clemson-DND_p309_c1_grm_std_uni,1,5.381248474121094,-4.879193305969238,1
Clemson-DND_p309_c1_grm_std_uni,1,6.242430210113525,-5.320845127105713,1
Clemson-DND_p309_c1_grm_std_uni,1,6.117854595184326,-5.856151103973389,1
Clemson-DND_p309_c1_grm_std_uni,1,6.219359397888184,-6.493826866149902,1
Clemson-DND_p309_c1_grm_std_uni,1,6.032870769500732,-5.554345607757568,1
Clemson-DND_p309_c1_grm_std_uni,1,5.474859237670898,-4.505330562591553,1
Clemson-DND_p309_c1_grm_std_uni,1,4.820641994476318,-4.422050476074219,1
Clemson-DND_p309_c1_grm_std_uni,1,4.710477828979492,-4.114832878112793,1
Clemson-DND_p309_c1_grm_std_uni,1,4.417440414428711,-3.8106069564819336,1
Clemson-DND_p309_c1_grm_std_uni,1,4.711188316345215,-4.043026924133301,1
Clemson-DND_p309_c1_grm_std_uni,1,5.128763675689697,-4.246241569519043,1
Clemson-DND_p309_c1_grm_std_uni,1,5.126429080963135,-4.364284038543701,1
Clemson-DND_p309_c1_grm_std_uni,1,5.296467304229736,-4.2689385414123535,1
Clemson-DND_p309_c1_grm_std_uni,1,5.175686359405518,-4.29149866104126,1
Clemson-DND_p309_c1_grm_std_uni,1,3.930056571960449,-3.158904552459717,1
Clemson-DND_p309_c1_grm_std_uni,1,3.5153067111968994,-2.735055446624756,1
Clemson-DND_p309_c1_grm_std_uni,1,4.712315082550049,-3.938004732131958,1
Clemson-DND_p309_c1_grm_std_uni,1,5.618288993835449,-4.648069858551025,1
Clemson-DND_p309_c1_grm_std_uni,1,5.927232265472412,-4.8456926345825195,1
Clemson-DND_p309_c1_grm_std_uni,1,6.213362693786621,-4.647444725036621,1
Clemson-DND_p309_c1_grm_std_uni,1,6.5935587882995605,-5.084786415100098,1
Clemson-DND_p309_c1_grm_std_uni,1,6.5685882568359375,-4.781400680541992,1
Clemson-DND_p309_c1_grm_std_uni,1,6.6743621826171875,-4.8240532875061035,1
Clemson-DND_p309_c1_grm_std_uni,1,7.346873760223389,-5.887556076049805,1
Clemson-DND_p309_c1_grm_std_uni,1,7.424901962280273,-6.716444969177246,1
Clemson-DND_p309_c1_grm_std_uni,1,6.820302963256836,-6.6523356437683105,1
Clemson-DND_p309_c1_grm_std_uni,1,5.897153854370117,-5.777134895324707,1
Clemson-DND_p309_c1_grm_std_uni,1,5.060109615325928,-4.512292861938477,1
Clemson-DND_p309_c1_grm_std_uni,1,4.556634902954102,-4.333812236785889,1
Clemson-DND_p309_c1_grm_std_uni,1,4.474648475646973,-4.737083435058594,1
Clemson-DND_p309_c1_grm_std_uni,1,4.486960411071777,-4.8473944664001465,1
Clemson-DND_p309_c1_grm_std_uni,1,5.322203636169434,-5.391478538513184,1
Clemson-DND_p309_c1_grm_std_uni,1,7.03486967086792,-6.557171821594238,1
Clemson-DND_p309_c1_grm_std_uni,1,7.217976093292236,-6.848330020904541,1
Clemson-DND_p309_c1_grm_std_uni,1,6.522031784057617,-6.353945732116699,1
Clemson-DND_p309_c1_grm_std_uni,1,6.3261237144470215,-6.2359161376953125,1
Clemson-DND_p309_c1_grm_std_uni,1,6.011576175689697,-5.055202960968018,1
Clemson-DND_p309_c1_grm_std_uni,1,5.768453121185303,-4.350481986999512,1
Clemson-DND_p309_c1_grm_std_uni,1,6.491647720336914,-4.9488844871521,1
Clemson-DND_p309_c1_grm_std_uni,1,6.882970333099365,-5.486265659332275,1
Clemson-DND_p309_c1_grm_std_uni,1,7.124627113342285,-6.248419761657715,1
Clemson-DND_p309_c1_grm_std_uni,1,7.580717086791992,-6.763633728027344,1
Clemson-DND_p309_c1_grm_std_uni,1,6.987945556640625,-5.816710948944092,1
Clemson-DND_p309_c1_grm_std_uni,1,6.12557315826416,-4.717133522033691,1
Clemson-DND_p309_c1_grm_std_uni,1,5.8689141273498535,-4.340987682342529,1
Clemson-DND_p309_c1_grm_std_uni,1,6.2788920402526855,-4.806960105895996,1
Clemson-DND_p309_c1_grm_std_uni,1,7.165994644165039,-5.970890998840332,1
Clemson-DND_p309_c1_grm_std_uni,1,8.068748474121094,-6.83078670501709,1
Clemson-DND_p309_c1_grm_std_uni,1,7.668126106262207,-6.682104110717773,1
Clemson-DND_p309_c1_grm_std_uni,1,8.202863693237305,-6.9703545570373535,1
Clemson-DND_p309_c1_grm_std_uni,1,7.9923553466796875,-6.740216255187988,1
Clemson-DND_p309_c1_grm_std_uni,1,7.919817924499512,-6.68056583404541,1
Clemson-DND_p309_c1_grm_std_uni,1,8.179243087768555,-6.958798885345459,1
Clemson-DND_p309_c1_grm_std_uni,1,8.468389511108398,-7.351968288421631,1
Clemson-DND_p309_c1_grm_std_uni,1,8.055794715881348,-6.9082489013671875,1
Clemson-DND_p309_c1_grm_std_uni,1,7.253561019897461,-6.04060697555542,1
Clemson-DND_p309_c1_grm_std_uni,1,6.39970588684082,-5.33114767074585,1
Clemson-DND_p309_c1_grm_std_uni,1,5.509128093719482,-5.07057523727417,1
Clemson-DND_p309_c1_grm_std_uni,1,5.792485237121582,-5.0288825035095215,1
Clemson-DND_p309_c1_grm_std_uni,1,6.097838878631592,-4.598138332366943,1
Clemson-DND_p309_c1_grm_std_uni,1,6.003997802734375,-4.227809429168701,1
Clemson-DND_p309_c1_grm_std_uni,1,6.035224437713623,-4.286534309387207,1
Clemson-DND_p309_c1_grm_std_uni,1,6.31873083114624,-4.919785022735596,1
Clemson-DND_p309_c1_grm_std_uni,1,6.3724236488342285,-5.298231601715088,1
Clemson-DND_p309_c1_grm_std_uni,1,6.267502784729004,-5.293332099914551,1
Clemson-DND_p309_c1_grm_std_uni,1,6.030239582061768,-5.289712905883789,1
Clemson-DND_p309_c1_grm_std_uni,1,6.1941423416137695,-4.96983003616333,1
Clemson-DND_p309_c1_grm_std_uni,1,5.817885398864746,-4.54326057434082,1
Clemson-DND_p309_c1_grm_std_uni,1,5.769857883453369,-4.624902248382568,1
Clemson-DND_p309_c1_grm_std_uni,1,5.641693592071533,-4.752861976623535,1
Clemson-DND_p309_c1_grm_std_uni,1,5.596985340118408,-4.862264156341553,1
Clemson-DND_p309_c1_grm_std_uni,1,5.2994585037231445,-4.706049919128418,1
Clemson-DND_p309_c1_grm_std_uni,1,5.431570529937744,-4.923705577850342,1
Clemson-DND_p309_c1_grm_std_uni,1,5.5561909675598145,-4.886266708374023,1
Clemson-DND_p309_c1_grm_std_uni,1,5.740339279174805,-5.020856857299805,1
Clemson-DND_p309_c1_grm_std_uni,1,5.842378616333008,-5.1293768882751465,1
Clemson-DND_p309_c1_grm_std_uni,1,6.306506156921387,-5.639194011688232,1
Clemson-DND_p309_c1_grm_std_uni,1,6.795236110687256,-5.585569381713867,1
Clemson-DND_p309_c1_grm_std_uni,1,6.265710353851318,-4.6514387130737305,1
Clemson-DND_p309_c1_grm_std_uni,1,5.859488487243652,-4.050266742706299,1
Clemson-DND_p309_c1_grm_std_uni,1,5.466670036315918,-3.626455783843994,1
Clemson-DND_p309_c1_grm_std_uni,1,5.566711902618408,-4.084517478942871,1
Clemson-DND_p309_c1_grm_std_uni,1,5.553677558898926,-3.971318483352661,1
Clemson-DND_p309_c1_grm_std_uni,1,5.789150714874268,-4.2542853355407715,1
Clemson-DND_p309_c1_grm_std_uni,1,6.170428276062012,-4.6071553230285645,1
Clemson-DND_p309_c1_grm_std_uni,1,6.0391693115234375,-4.485373020172119,1
Clemson-DND_p309_c1_grm_std_uni,1,5.919987678527832,-4.543236255645752,1
Clemson-DND_p309_c1_grm_std_uni,1,6.461443901062012,-5.183918476104736,1
Clemson-DND_p309_c1_grm_std_uni,1,5.837193489074707,-4.880348205566406,1
Clemson-DND_p309_c1_grm_std_uni,1,5.820913791656494,-4.674777030944824,1
Clemson-DND_p309_c1_grm_std_uni,1,6.022799015045166,-5.370824813842773,1
Clemson-DND_p309_c1_grm_std_uni,1,5.783301830291748,-4.6434245109558105,1
Clemson-DND_p309_c1_grm_std_uni,1,5.501444339752197,-4.072263717651367,1
Clemson-DND_p309_c1_grm_std_uni,1,6.111724376678467,-4.697192668914795,1
Clemson-DND_p309_c1_grm_std_uni,1,5.346869945526123,-3.9152231216430664,1
Clemson-DND_p309_c1_grm_std_uni,1,5.157355308532715,-3.6312124729156494,1
Clemson-DND_p309_c1_grm_std_uni,1,5.130325794219971,-3.5320489406585693,1
Clemson-DND_p309_c1_grm_std_uni,1,5.6501240730285645,-4.433766841888428,1
Clemson-DND_p309_c1_grm_std_uni,1,6.216036796569824,-5.0083489418029785,1
Clemson-DND_p309_c1_grm_std_uni,1,6.6074676513671875,-5.136425971984863,1
Clemson-DND_p309_c1_grm_std_uni,1,6.582846641540527,-4.999939441680908,1
Clemson-DND_p309_c1_grm_std_uni,1,6.301627159118652,-4.6727800369262695,1
Clemson-DND_p309_c1_grm_std_uni,1,5.96743106842041,-4.3381500244140625,1
Clemson-DND_p309_c1_grm_std_uni,1,5.565079689025879,-3.9949891567230225,1
Clemson-DND_p309_c1_grm_std_uni,1,5.325588703155518,-3.8668551445007324,1
Clemson-DND_p309_c1_grm_std_uni,1,5.172830104827881,-3.5903756618499756,1
Clemson-DND_p309_c1_grm_std_uni,1,5.495061874389648,-4.142180442810059,1
Clemson-DND_p309_c1_grm_std_uni,1,5.645277500152588,-4.499626636505127,1
Clemson-DND_p309_c1_grm_std_uni,1,6.016385555267334,-4.665338039398193,1
Clemson-DND_p309_c1_grm_std_uni,1,5.863255977630615,-4.143679141998291,1
Clemson-DND_p309_c1_grm_std_uni,1,5.572762966156006,-3.946281671524048,1
Clemson-DND_p309_c1_grm_std_uni,1,5.1019368171691895,-3.624228000640869,1
Clemson-DND_p309_c1_grm_std_uni,1,5.050236225128174,-3.5593464374542236,1
Clemson-DND_p309_c1_grm_std_uni,1,5.177663803100586,-3.830005168914795,1
Clemson-DND_p309_c1_grm_std_uni,1,5.258232116699219,-3.8638713359832764,1
Clemson-DND_p309_c1_grm_std_uni,1,5.187704086303711,-3.8289358615875244,1
Clemson-DND_p309_c1_grm_std_uni,1,5.21653938293457,-3.771904230117798,1
Clemson-DND_p309_c1_grm_std_uni,1,5.345509052276611,-4.049553871154785,1
Clemson-DND_p309_c1_grm_std_uni,1,5.2970170974731445,-4.114426136016846,1
Clemson-DND_p309_c1_grm_std_uni,1,5.516881465911865,-4.30863618850708,1
Clemson-DND_p309_c1_grm_std_uni,1,5.644520282745361,-4.390954494476318,1
Clemson-DND_p309_c1_grm_std_uni,1,5.678492546081543,-4.48694372177124,1
Clemson-DND_p309_c1_grm_std_uni,1,5.552491188049316,-4.4308271408081055,1
Clemson-DND_p309_c1_grm_std_uni,1,5.709538459777832,-4.659822463989258,1
Clemson-DND_p309_c1_grm_std_uni,1,6.035453796386719,-5.068666934967041,1
Clemson-DND_p309_c1_grm_std_uni,1,6.010025978088379,-4.803176403045654,1
Clemson-DND_p309_c1_grm_std_uni,1,5.588333606719971,-4.284393787384033,1
Clemson-DND_p309_c1_grm_std_uni,1,5.89499044418335,-4.826069355010986,1
Clemson-DND_p309_c1_grm_std_uni,1,6.404835224151611,-5.3086066246032715,1
Clemson-DND_p309_c1_grm_std_uni,1,6.038537502288818,-4.382048606872559,1
Clemson-DND_p309_c1_grm_std_uni,1,5.352964401245117,-3.657604932785034,1
Clemson-DND_p309_c1_grm_std_uni,1,5.034854412078857,-3.5359017848968506,1
Clemson-DND_p309_c1_grm_std_uni,1,4.58497953414917,-3.514803171157837,1
Clemson-DND_p309_c1_grm_std_uni,1,4.601206302642822,-3.5242233276367188,1
Clemson-DND_p309_c1_grm_std_uni,1,4.750004768371582,-3.5804970264434814,1
Clemson-DND_p309_c1_grm_std_uni,1,5.164465427398682,-3.835622549057007,1
Clemson-DND_p309_c1_grm_std_uni,1,5.242259502410889,-3.5411152839660645,1
Clemson-DND_p309_c1_grm_std_uni,1,5.399411201477051,-3.669658899307251,1
Clemson-DND_p309_c1_grm_std_uni,1,5.038534641265869,-3.728703498840332,1
Clemson-DND_p309_c1_grm_std_uni,1,5.216685771942139,-4.118287563323975,1
Clemson-DND_p309_c1_grm_std_uni,1,5.153751850128174,-4.005119800567627,1
Clemson-DND_p309_c1_grm_std_uni,1,5.27789306640625,-4.014753818511963,1
Clemson-DND_p309_c1_grm_std_uni,1,5.497724533081055,-4.220007419586182,1
Clemson-DND_p309_c1_grm_std_uni,1,5.622456073760986,-4.530733108520508,1
Clemson-DND_p309_c1_grm_std_uni,1,4.839027404785156,-3.769075870513916,1
Clemson-DND_p309_c1_grm_std_uni,1,5.9791259765625,-5.080323219299316,1
Clemson-DND_p309_c1_grm_std_uni,1,5.854386329650879,-5.432213306427002,1
Clemson-DND_p309_c1_grm_std_uni,1,5.72658634185791,-5.0324931144714355,1
Clemson-DND_p309_c1_grm_std_uni,1,5.152297496795654,-4.153348445892334,1
Clemson-DND_p309_c1_grm_std_uni,1,5.173398971557617,-3.676072835922241,1
Clemson-DND_p309_c1_grm_std_uni,1,5.139540672302246,-3.5996205806732178,1
Clemson-DND_p309_c1_grm_std_uni,1,5.698286056518555,-4.859716415405273,1
Clemson-DND_p309_c1_grm_std_uni,1,5.685118675231934,-4.776839733123779,1
Clemson-DND_p309_c1_grm_std_uni,1,5.607048988342285,-4.635927677154541,1
Clemson-DND_p309_c1_grm_std_uni,1,5.503734111785889,-4.218642711639404,1
Clemson-DND_p309_c1_grm_std_uni,1,5.165054798126221,-3.871840000152588,1
Clemson-DND_p309_c1_grm_std_uni,1,4.95222806930542,-3.8495547771453857,1
Clemson-DND_p309_c1_grm_std_uni,1,5.52297306060791,-4.4772772789001465,1
Clemson-DND_p309_c1_grm_std_uni,1,5.03316068649292,-4.268830299377441,1
Clemson-DND_p309_c1_grm_std_uni,1,5.081498146057129,-4.173329830169678,1
Clemson-DND_p309_c1_grm_std_uni,1,5.711964130401611,-4.385983943939209,1
Clemson-DND_p309_c1_grm_std_uni,1,6.612986087799072,-5.148707389831543,1
Clemson-DND_p309_c1_grm_std_uni,1,5.9066596031188965,-5.107924938201904,1
Clemson-DND_p309_c1_grm_std_uni,1,6.030104637145996,-5.115310192108154,1
Clemson-DND_p309_c1_grm_std_uni,1,5.900763988494873,-4.892619609832764,1
Clemson-DND_p309_c1_grm_std_uni,1,5.802620887756348,-4.862582683563232,1
Clemson-DND_p309_c1_grm_std_uni,1,5.782201290130615,-4.82212495803833,1
Clemson-DND_p309_c1_grm_std_uni,1,5.878463268280029,-4.8351030349731445,1
Clemson-DND_p309_c1_grm_std_uni,1,6.006587505340576,-4.853104591369629,1
Clemson-DND_p309_c1_grm_std_uni,1,6.042548656463623,-4.9198222160339355,1
Clemson-DND_p309_c1_grm_std_uni,1,6.175697326660156,-5.052727699279785,1
Clemson-DND_p309_c1_grm_std_uni,1,6.291051387786865,-4.937005043029785,1
Clemson-DND_p309_c1_grm_std_uni,1,6.591731071472168,-5.050343990325928,1
Clemson-DND_p309_c1_grm_std_uni,1,6.4683027267456055,-5.106118202209473,1
Clemson-DND_p309_c1_grm_std_uni,1,6.729771614074707,-5.835179328918457,1
Clemson-DND_p309_c1_grm_std_uni,1,6.997875690460205,-6.587421894073486,1
Clemson-DND_p309_c1_grm_std_uni,1,7.479666709899902,-7.044466018676758,1
Clemson-DND_p309_c1_grm_std_uni,1,7.591702938079834,-7.235645771026611,1
Clemson-DND_p309_c1_grm_std_uni,1,6.786346435546875,-6.251011848449707,1
Clemson-DND_p309_c1_grm_std_uni,1,6.708986282348633,-5.5346574783325195,1
Clemson-DND_p309_c1_grm_std_uni,1,6.757498741149902,-5.6366496086120605,1
Clemson-DND_p309_c1_grm_std_uni,1,6.802047252655029,-5.5714592933654785,1
Clemson-DND_p309_c1_grm_std_uni,1,7.207295894622803,-5.975424766540527,1
Clemson-DND_p309_c1_grm_std_uni,1,7.787213325500488,-6.622817039489746,1
Clemson-DND_p309_c1_grm_std_uni,1,8.066435813903809,-6.640828609466553,1
Clemson-DND_p309_c1_grm_std_uni,1,8.324532508850098,-6.78121280670166,1
Clemson-DND_p309_c1_grm_std_uni,1,8.649611473083496,-7.163777828216553,1
Clemson-DND_p309_c1_grm_std_uni,1,7.013879299163818,-5.942676067352295,1
Clemson-DND_p309_c1_grm_std_uni,1,6.499779224395752,-5.2499308586120605,1
Clemson-DND_p309_c1_grm_std_uni,1,6.072704792022705,-4.538125514984131,1
Clemson-DND_p309_c1_grm_std_uni,1,6.095062255859375,-4.6820220947265625,1
Clemson-DND_p309_c1_grm_std_uni,1,6.232602596282959,-4.903633117675781,1
Clemson-DND_p309_c1_grm_std_uni,1,5.956880569458008,-4.438951015472412,1
Clemson-DND_p309_c1_grm_std_uni,1,5.642997741699219,-3.5680394172668457,1
Clemson-DND_p309_c1_grm_std_uni,1,5.302302360534668,-3.4619948863983154,1
Clemson-DND_p309_c1_grm_std_uni,1,5.394095420837402,-3.3147902488708496,1
Clemson-DND_p309_c1_grm_std_uni,1,5.1471171379089355,-3.8071467876434326,1
Clemson-DND_p309_c1_grm_std_uni,1,4.818459510803223,-3.4262592792510986,1
Clemson-DND_p309_c1_grm_std_uni,1,4.7948479652404785,-3.3956363201141357,1
Clemson-DND_p309_c1_grm_std_uni,1,5.5604424476623535,-4.390161991119385,1
Clemson-DND_p309_c1_grm_std_uni,1,5.8708648681640625,-4.740503311157227,1
Clemson-DND_p309_c1_grm_std_uni,1,6.100245952606201,-4.8785810470581055,1
Clemson-DND_p309_c1_grm_std_uni,1,5.953951358795166,-4.537439823150635,1
Clemson-DND_p309_c1_grm_std_uni,1,5.93423318862915,-4.443072319030762,1
Clemson-DND_p309_c1_grm_std_uni,1,5.877455711364746,-4.349349498748779,1
Clemson-DND_p309_c1_grm_std_uni,1,5.763727188110352,-4.258942604064941,1
Clemson-DND_p309_c1_grm_std_uni,1,5.483687877655029,-4.161323547363281,1
Clemson-DND_p309_c1_grm_std_uni,1,5.778350353240967,-4.199909687042236,1
Clemson-DND_p309_c1_grm_std_uni,1,6.256518363952637,-4.764081954956055,1
Clemson-DND_p309_c1_grm_std_uni,1,5.9774017333984375,-4.750706195831299,1
Clemson-DND_p309_c1_grm_std_uni,1,6.358189105987549,-4.8966169357299805,1
Clemson-DND_p309_c1_grm_std_uni,1,6.018338680267334,-4.244777202606201,1
Clemson-DND_p309_c1_grm_std_uni,1,5.755562782287598,-4.009443759918213,1
Clemson-DND_p309_c1_grm_std_uni,1,5.4990620613098145,-3.8195676803588867,1
Clemson-DND_p309_c1_grm_std_uni,1,5.114080905914307,-3.9746735095977783,1
Clemson-DND_p309_c1_grm_std_uni,1,4.5940446853637695,-3.8608152866363525,1
Clemson-DND_p309_c1_grm_std_uni,1,4.806125164031982,-3.940764904022217,1
Clemson-DND_p309_c1_grm_std_uni,1,5.185407638549805,-4.363636493682861,1
Clemson-DND_p309_c1_grm_std_uni,1,5.2544403076171875,-4.357122898101807,1
Clemson-DND_p309_c1_grm_std_uni,1,4.954622268676758,-3.9128100872039795,1
Clemson-DND_p309_c1_grm_std_uni,1,5.01638650894165,-3.9857518672943115,1
Clemson-DND_p309_c1_grm_std_uni,1,4.904860019683838,-3.6971654891967773,1
Clemson-DND_p309_c1_grm_std_uni,1,4.659736633300781,-3.206821918487549,1
Clemson-DND_p309_c1_grm_std_uni,1,5.058753490447998,-3.6911818981170654,1
Clemson-DND_p309_c1_grm_std_uni,1,5.00004768371582,-3.599998950958252,1
Clemson-DND_p309_c1_grm_std_uni,1,5.074740409851074,-3.892932891845703,1
Clemson-DND_p309_c1_grm_std_uni,1,5.230245113372803,-3.9945485591888428,1
Clemson-DND_p309_c1_grm_std_uni,1,5.581243515014648,-4.487311363220215,1
Clemson-DND_p309_c1_grm_std_uni,1,5.096786022186279,-4.19832706451416,1
Clemson-DND_p309_c1_grm_std_uni,1,5.041293621063232,-3.8073792457580566,1
Clemson-DND_p309_c1_grm_std_uni,1,5.099820613861084,-3.7040579319000244,1
Clemson-DND_p309_c1_grm_std_uni,1,5.642507553100586,-4.080580711364746,1
Clemson-DND_p309_c1_grm_std_uni,1,5.926844120025635,-4.239328861236572,1
Clemson-DND_p309_c1_grm_std_uni,1,5.7761101722717285,-4.33994197845459,1
Clemson-DND_p309_c1_grm_std_uni,1,5.9397501945495605,-4.617030143737793,1
Clemson-DND_p309_c1_grm_std_uni,1,5.850572109222412,-4.546953201293945,1
Clemson-DND_p309_c1_grm_std_uni,1,5.600394248962402,-3.746783971786499,1
Clemson-DND_p309_c1_grm_std_uni,1,5.269715309143066,-3.338996648788452,1
Clemson-DND_p309_c1_grm_std_uni,1,4.7831196784973145,-3.274554491043091,1
Clemson-DND_p309_c1_grm_std_uni,1,4.432547092437744,-2.789921522140503,1
Clemson-DND_p309_c1_grm_std_uni,1,4.791378974914551,-3.250898838043213,1
Clemson-DND_p309_c1_grm_std_uni,1,4.968067646026611,-3.449498176574707,1
Clemson-DND_p309_c1_grm_std_uni,1,5.043490886688232,-3.7697434425354004,1
Clemson-DND_p309_c1_grm_std_uni,1,5.204637050628662,-4.369840621948242,1
Clemson-DND_p309_c1_grm_std_uni,1,5.240052223205566,-4.382300853729248,1
Clemson-DND_p309_c1_grm_std_uni,1,4.885526180267334,-4.024785995483398,1
Clemson-DND_p309_c1_grm_std_uni,1,4.722690105438232,-3.1855309009552,1
Clemson-DND_p309_c1_grm_std_uni,1,4.594133377075195,-2.8126819133758545,1
Clemson-DND_p309_c1_grm_std_uni,1,4.155744552612305,-2.8957955837249756,1
Clemson-DND_p309_c1_grm_std_uni,1,4.2472243309021,-2.937711000442505,1
Clemson-DND_p309_c1_grm_std_uni,1,4.7680134773254395,-3.5169451236724854,1
Clemson-DND_p309_c1_grm_std_uni,1,5.358004570007324,-4.134434223175049,1
Clemson-DND_p309_c1_grm_std_uni,1,4.513990879058838,-3.0816540718078613,1
Clemson-DND_p309_c1_grm_std_uni,1,4.075371265411377,-2.8932089805603027,1
Clemson-DND_p309_c1_grm_std_uni,1,3.926738739013672,-2.7150423526763916,1
Clemson-DND_p309_c1_grm_std_uni,1,5.1770830154418945,-3.8308944702148438,1
Clemson-DND_p309_c1_grm_std_uni,1,5.699234485626221,-4.330756187438965,1
Clemson-DND_p309_c1_grm_std_uni,1,5.5330586433410645,-4.401088237762451,1
Clemson-DND_p309_c1_grm_std_uni,1,5.464993953704834,-4.2429399490356445,1
Clemson-DND_p309_c1_grm_std_uni,1,5.775915622711182,-4.858298301696777,1
Clemson-DND_p309_c1_grm_std_uni,1,6.173962116241455,-4.580163478851318,1
Clemson-DND_p309_c1_grm_std_uni,1,6.469820022583008,-5.067320346832275,1
Clemson-DND_p309_c1_grm_std_uni,1,6.393121719360352,-5.0612616539001465,1
Clemson-DND_p309_c1_grm_std_uni,1,6.572486400604248,-5.302169322967529,1
Clemson-DND_p309_c1_grm_std_uni,1,5.585806369781494,-4.073519229888916,1
Clemson-DND_p309_c1_grm_std_uni,1,5.5272064208984375,-4.27898645401001,1
Clemson-DND_p309_c1_grm_std_uni,1,5.665802478790283,-4.242374897003174,1
Clemson-DND_p309_c1_grm_std_uni,1,6.026308059692383,-4.687084674835205,1
Clemson-DND_p309_c1_grm_std_uni,1,6.081335544586182,-4.815609455108643,1
Clemson-DND_p309_c1_grm_std_uni,1,5.928586959838867,-4.903712749481201,1
Clemson-DND_p309_c1_grm_std_uni,1,5.4655656814575195,-4.780255317687988,1
Clemson-DND_p309_c1_grm_std_uni,1,5.242574214935303,-4.455407619476318,1
Clemson-DND_p309_c1_grm_std_uni,1,5.402617454528809,-3.7746264934539795,1
Clemson-DND_p309_c1_grm_std_uni,1,5.058134078979492,-3.488621950149536,1
Clemson-DND_p309_c1_grm_std_uni,1,4.4350199699401855,-2.96439266204834,1
Clemson-DND_p309_c1_grm_std_uni,1,4.423470497131348,-3.037303924560547,1
Clemson-DND_p309_c1_grm_std_uni,1,4.849883079528809,-3.269120931625366,1
Clemson-DND_p309_c1_grm_std_uni,1,5.382508754730225,-4.407761573791504,1
Clemson-DND_p309_c1_grm_std_uni,1,5.92523717880249,-4.788504600524902,1
Clemson-DND_p309_c1_grm_std_uni,1,5.168490886688232,-3.597722053527832,1
Clemson-DND_p309_c1_grm_std_uni,1,4.923445224761963,-2.91526198387146,1
Clemson-DND_p309_c1_grm_std_uni,1,4.715859413146973,-2.7630014419555664,1
Clemson-DND_p309_c1_grm_std_uni,1,5.0449090003967285,-3.5945231914520264,1
Clemson-DND_p309_c1_grm_std_uni,1,4.35418176651001,-3.039185047149658,1
Clemson-DND_p309_c1_grm_std_uni,1,4.236379146575928,-2.802245855331421,1
Clemson-DND_p309_c1_grm_std_uni,1,5.300630569458008,-3.8784868717193604,1
Clemson-DND_p309_c1_grm_std_uni,1,5.608541488647461,-4.1905083656311035,1
Clemson-DND_p309_c1_grm_std_uni,1,6.010899066925049,-4.78808069229126,1
Clemson-DND_p309_c1_grm_std_uni,1,5.643828868865967,-4.636127948760986,1
Clemson-DND_p309_c1_grm_std_uni,1,5.715812683105469,-3.882091522216797,1
Clemson-DND_p309_c1_grm_std_uni,1,5.5843377113342285,-3.7256362438201904,1
Clemson-DND_p309_c1_grm_std_uni,1,5.580897808074951,-3.6072378158569336,1
Clemson-DND_p309_c1_grm_std_uni,1,5.370158672332764,-3.3895058631896973,1
Clemson-DND_p309_c1_grm_std_uni,1,5.830625534057617,-4.147512912750244,1
Clemson-DND_p309_c1_grm_std_uni,1,5.801594257354736,-4.221424579620361,1
Clemson-DND_p309_c1_grm_std_uni,1,5.520186424255371,-3.5051934719085693,1
Clemson-DND_p309_c1_grm_std_uni,1,5.11673641204834,-3.3456883430480957,1
Clemson-DND_p309_c1_grm_std_uni,1,4.710387229919434,-3.055802822113037,1
Clemson-DND_p309_c1_grm_std_uni,1,4.827470779418945,-3.5337226390838623,1
Clemson-DND_p309_c1_grm_std_uni,1,5.144328594207764,-3.687289237976074,1
Clemson-DND_p309_c1_grm_std_uni,1,5.347495079040527,-3.5605199337005615,1
Clemson-DND_p309_c1_grm_std_uni,1,5.117208957672119,-3.4665184020996094,1
Clemson-DND_p309_c1_grm_std_uni,1,4.967789173126221,-3.4057440757751465,1
Clemson-DND_p309_c1_grm_std_uni,1,4.896737098693848,-3.302096366882324,1
Clemson-DND_p309_c1_grm_std_uni,1,5.216940879821777,-3.6597468852996826,1
Clemson-DND_p309_c1_grm_std_uni,1,4.919126033782959,-3.529266119003296,1
Clemson-DND_p309_c1_grm_std_uni,1,4.7567973136901855,-3.283763885498047,1
Clemson-DND_p309_c1_grm_std_uni,1,4.89373254776001,-3.4153099060058594,1
Clemson-DND_p309_c1_grm_std_uni,1,5.253021240234375,-3.8262572288513184,1
Clemson-DND_p309_c1_grm_std_uni,1,5.596593856811523,-4.2073845863342285,1
Clemson-DND_p309_c1_grm_std_uni,1,5.237115383148193,-4.310746669769287,1
Clemson-DND_p309_c1_grm_std_uni,1,5.251779079437256,-4.139031410217285,1
Clemson-DND_p309_c1_grm_std_uni,1,5.592730522155762,-4.429459571838379,1
Clemson-DND_p309_c1_grm_std_uni,1,4.89780855178833,-3.5643179416656494,1
Clemson-DND_p309_c1_grm_std_uni,1,5.951776504516602,-4.393326759338379,1
Clemson-DND_p309_c1_grm_std_uni,1,6.4647135734558105,-5.159913539886475,1
Clemson-DND_p309_c1_grm_std_uni,1,6.772738933563232,-5.373574733734131,1
Clemson-DND_p309_c1_grm_std_uni,1,5.9886555671691895,-4.550194263458252,1
Clemson-DND_p309_c1_grm_std_uni,1,5.736740589141846,-4.591059684753418,1
Clemson-DND_p309_c1_grm_std_uni,1,5.669157981872559,-4.021816730499268,1
Clemson-DND_p309_c1_grm_std_uni,1,5.33965539932251,-3.3884618282318115,1
Clemson-DND_p309_c1_grm_std_uni,1,5.097761154174805,-3.5266692638397217,1
Clemson-DND_p309_c1_grm_std_uni,1,5.422988414764404,-3.6119582653045654,1
Clemson-DND_p309_c1_grm_std_uni,1,5.199986457824707,-3.746884346008301,1
Clemson-DND_p309_c1_grm_std_uni,1,4.605357646942139,-2.9020378589630127,1
Clemson-DND_p309_c1_grm_std_uni,1,5.493318557739258,-3.846278667449951,1
Clemson-DND_p309_c1_grm_std_uni,1,5.8115315437316895,-4.453505039215088,1
Clemson-DND_p309_c1_grm_std_uni,1,5.530645847320557,-4.528965473175049,1
Clemson-DND_p309_c1_grm_std_uni,1,5.290668964385986,-4.050174713134766,1
Clemson-DND_p309_c1_grm_std_uni,1,5.4294114112854,-4.0995073318481445,1
Clemson-DND_p309_c1_grm_std_uni,1,5.782955646514893,-4.27548885345459,1
Clemson-DND_p309_c1_grm_std_uni,1,6.056931495666504,-4.435885906219482,1
Clemson-DND_p309_c1_grm_std_uni,1,5.996427059173584,-4.237157821655273,1
Clemson-DND_p309_c1_grm_std_uni,1,6.382115840911865,-4.751358509063721,1
Clemson-DND_p309_c1_grm_std_uni,1,6.992266654968262,-5.333029270172119,1
Clemson-DND_p309_c1_grm_std_uni,1,6.963617324829102,-5.477660179138184,1
Clemson-DND_p309_c1_grm_std_uni,1,6.722724437713623,-5.3272175788879395,1
Clemson-DND_p309_c1_grm_std_uni,1,7.575934886932373,-6.853701591491699,1
Clemson-DND_p309_c1_grm_std_uni,1,7.03368616104126,-6.725766658782959,1
Clemson-DND_p309_c1_grm_std_uni,1,6.60386848449707,-6.287845134735107,1
Clemson-DND_p309_c1_grm_std_uni,1,6.08544397354126,-5.220921993255615,1
Clemson-DND_p309_c1_grm_std_uni,1,5.731501579284668,-4.211674690246582,1
Clemson-DND_p309_c1_grm_std_uni,1,5.390912055969238,-3.9589717388153076,1
Clemson-DND_p309_c1_grm_std_uni,1,5.650282382965088,-4.43407678604126,1
Clemson-DND_p309_c1_grm_std_uni,1,5.770569324493408,-4.658352851867676,1
Clemson-DND_p309_c1_grm_std_uni,1,5.256930828094482,-4.018678188323975,1
Clemson-DND_p309_c1_grm_std_uni,1,5.139007091522217,-3.6191763877868652,1
Clemson-DND_p309_c1_grm_std_uni,1,5.038718223571777,-3.4372925758361816,1
Clemson-DND_p309_c1_grm_std_uni,1,5.024137020111084,-3.470536947250366,1
Clemson-DND_p309_c1_grm_std_uni,1,5.383262634277344,-3.9493908882141113,1
Clemson-DND_p309_c1_grm_std_uni,1,6.185408115386963,-4.783376216888428,1
Clemson-DND_p309_c1_grm_std_uni,1,6.239405155181885,-4.8878021240234375,1
Clemson-DND_p309_c1_grm_std_uni,1,6.119624137878418,-5.131654739379883,1
Clemson-DND_p309_c1_grm_std_uni,1,5.9714837074279785,-5.041297435760498,1
Clemson-DND_p309_c1_grm_std_uni,1,5.770023822784424,-4.4776153564453125,1
Clemson-DND_p309_c1_grm_std_uni,1,6.067601203918457,-4.252445697784424,1
Clemson-DND_p309_c1_grm_std_uni,1,6.135115623474121,-4.338953018188477,1
Clemson-DND_p309_c1_grm_std_uni,1,6.01889705657959,-4.2224555015563965,1
Clemson-DND_p309_c1_grm_std_uni,1,5.704248905181885,-4.38588285446167,1
Clemson-DND_p309_c1_grm_std_uni,1,5.693052291870117,-4.4903883934021,1
Clemson-DND_p309_c1_grm_std_uni,1,5.621072292327881,-4.760653972625732,1
Clemson-DND_p309_c1_grm_std_uni,1,5.4223713874816895,-4.575547695159912,1
Clemson-DND_p309_c1_grm_std_uni,1,5.6666059494018555,-4.740882396697998,1
Clemson-DND_p309_c1_grm_std_uni,1,5.630111217498779,-4.163295269012451,1
Clemson-DND_p309_c1_grm_std_uni,1,5.851388454437256,-4.310021877288818,1
Clemson-DND_p309_c1_grm_std_uni,1,5.754083156585693,-4.499185085296631,1
Clemson-DND_p309_c1_grm_std_uni,1,5.6183695793151855,-4.209705829620361,1
Clemson-DND_p309_c1_grm_std_uni,1,5.269277095794678,-3.8005454540252686,1
Clemson-DND_p309_c1_grm_std_uni,1,5.023467540740967,-3.549081563949585,1
Clemson-DND_p309_c1_grm_std_uni,1,4.8817315101623535,-3.8007447719573975,1
Clemson-DND_p309_c1_grm_std_uni,1,4.663399696350098,-3.561950922012329,1
Clemson-DND_p309_c1_grm_std_uni,1,5.026618957519531,-4.073418140411377,1
Clemson-DND_p309_c1_grm_std_uni,1,4.619351863861084,-4.069029331207275,1
Clemson-DND_p309_c1_grm_std_uni,1,5.434176921844482,-4.611917018890381,1
Clemson-DND_p309_c1_grm_std_uni,1,5.6989264488220215,-4.841751575469971,1
Clemson-DND_p309_c1_grm_std_uni,1,5.92455530166626,-4.792043209075928,1
Clemson-DND_p309_c1_grm_std_uni,1,6.000235080718994,-5.056975841522217,1
Clemson-DND_p309_c1_grm_std_uni,1,6.077908039093018,-5.070756912231445,1
Clemson-DND_p309_c1_grm_std_uni,1,6.055460453033447,-4.985982418060303,1
Clemson-DND_p309_c1_grm_std_uni,1,6.101458549499512,-4.523781776428223,1
Clemson-DND_p309_c1_grm_std_uni,1,5.649002552032471,-4.005274772644043,1
Clemson-DND_p309_c1_grm_std_uni,1,4.853346824645996,-3.4355015754699707,1
Clemson-DND_p309_c1_grm_std_uni,1,5.402009010314941,-4.534002304077148,1
Clemson-DND_p309_c1_grm_std_uni,1,5.30183219909668,-4.589670658111572,1
Clemson-DND_p309_c1_grm_std_uni,1,4.812925338745117,-4.151028633117676,1
Clemson-DND_p309_c1_grm_std_uni,1,4.796907424926758,-4.003220558166504,1
Clemson-DND_p309_c1_grm_std_uni,1,5.047561168670654,-4.390389919281006,1
Clemson-DND_p309_c1_grm_std_uni,1,5.790842056274414,-4.327434062957764,1
Clemson-DND_p309_c1_grm_std_uni,1,5.838648796081543,-4.427854537963867,1
Clemson-DND_p309_c1_grm_std_uni,1,5.595726490020752,-4.2312912940979,1
Clemson-DND_p309_c1_grm_std_uni,1,5.974391460418701,-5.145284175872803,1
Clemson-DND_p309_c1_grm_std_uni,1,6.217702865600586,-5.4267425537109375,1
Clemson-DND_p309_c1_grm_std_uni,1,6.820920944213867,-5.340936183929443,1
Clemson-DND_p309_c1_grm_std_uni,1,6.631336688995361,-5.374447822570801,1
Clemson-DND_p309_c1_grm_std_uni,1,7.019286632537842,-5.907010555267334,1
Clemson-DND_p309_c1_grm_std_uni,1,7.011772155761719,-5.948246955871582,1
Clemson-DND_p309_c1_grm_std_uni,1,5.445425033569336,-4.160191059112549,1
Clemson-DND_p309_c1_grm_std_uni,1,5.102187633514404,-3.7365798950195312,1
Clemson-DND_p309_c1_grm_std_uni,1,4.742933750152588,-3.3199307918548584,1
Clemson-DND_p309_c1_grm_std_uni,1,4.716131687164307,-3.237779140472412,1
Clemson-DND_p309_c1_grm_std_uni,1,4.805505752563477,-3.30663800239563,1
Clemson-DND_p309_c1_grm_std_uni,1,5.537588119506836,-4.408478260040283,1
Clemson-DND_p309_c1_grm_std_uni,1,5.982110023498535,-4.922200679779053,1
Clemson-DND_p309_c1_grm_std_uni,1,6.2408881187438965,-5.22391939163208,1
Clemson-DND_p309_c1_grm_std_uni,1,6.419778823852539,-5.297301292419434,1
Clemson-DND_p309_c1_grm_std_uni,1,6.224362373352051,-4.680285930633545,1
Clemson-DND_p309_c1_grm_std_uni,1,6.201855659484863,-4.441769123077393,1
Clemson-DND_p309_c1_grm_std_uni,1,5.673991680145264,-3.7498273849487305,1
Clemson-DND_p309_c1_grm_std_uni,1,5.284176826477051,-3.57734751701355,1
Clemson-DND_p309_c1_grm_std_uni,1,5.1315226554870605,-3.8180854320526123,1
Clemson-DND_p309_c1_grm_std_uni,1,4.982018947601318,-3.852081537246704,1
Clemson-DND_p309_c1_grm_std_uni,1,5.22099494934082,-3.9093403816223145,1
Clemson-DND_p309_c1_grm_std_uni,1,5.656388759613037,-4.573176383972168,1
Clemson-DND_p309_c1_grm_std_uni,1,5.967467308044434,-4.801156520843506,1
Clemson-DND_p309_c1_grm_std_uni,1,6.922628879547119,-5.468864440917969,1
Clemson-DND_p309_c1_grm_std_uni,1,7.514153003692627,-6.0655341148376465,1
Clemson-DND_p309_c1_grm_std_uni,1,7.614251136779785,-6.368414878845215,1
Clemson-DND_p309_c1_grm_std_uni,1,6.905161380767822,-6.029183387756348,1
Clemson-DND_p309_c1_grm_std_uni,1,7.069043159484863,-6.048687934875488,1
Clemson-DND_p309_c1_grm_std_uni,1,6.620049476623535,-5.466853141784668,1
Clemson-DND_p309_c1_grm_std_uni,1,5.899672508239746,-4.909761905670166,1
Clemson-DND_p309_c1_grm_std_uni,1,6.091339588165283,-5.131644248962402,1
Clemson-DND_p309_c1_grm_std_uni,1,6.302054405212402,-5.410581111907959,1
Clemson-DND_p309_c1_grm_std_uni,1,6.027923583984375,-5.417062282562256,1
Clemson-DND_p309_c1_grm_std_uni,1,5.603966236114502,-4.986696243286133,1
Clemson-DND_p309_c1_grm_std_uni,1,4.557374000549316,-4.103391170501709,1
Clemson-DND_p309_c1_grm_std_uni,1,4.6869988441467285,-4.3170647621154785,1
Clemson-DND_p309_c1_grm_std_uni,1,5.218559741973877,-4.622729301452637,1
Clemson-DND_p309_c1_grm_std_uni,1,4.9733147621154785,-4.4139604568481445,1
Clemson-DND_p309_c1_grm_std_uni,1,5.553690433502197,-4.906198978424072,1
Clemson-DND_p309_c1_grm_std_uni,1,6.12677001953125,-5.371744155883789,1
Clemson-DND_p309_c1_grm_std_uni,1,5.068836688995361,-4.4084062576293945,1
Clemson-DND_p309_c1_grm_std_uni,1,4.228439807891846,-3.5817081928253174,1
Clemson-DND_p309_c1_grm_std_uni,1,4.327702522277832,-3.6239616870880127,1
Clemson-DND_p309_c1_grm_std_uni,1,4.769765853881836,-3.9477221965789795,1
Clemson-DND_p309_c1_grm_std_uni,1,4.956325054168701,-4.12412691116333,1
Clemson-DND_p309_c1_grm_std_uni,1,5.640779972076416,-4.668561935424805,1
Clemson-DND_p309_c1_grm_std_uni,1,6.268167495727539,-5.316006660461426,1
Clemson-DND_p309_c1_grm_std_uni,1,5.899428844451904,-5.204176902770996,1
Clemson-DND_p309_c1_grm_std_uni,1,4.51810359954834,-3.8164432048797607,1
Clemson-DND_p309_c1_grm_std_uni,1,3.8282382488250732,-3.1630473136901855,1
Clemson-DND_p309_c1_grm_std_uni,1,3.665048837661743,-3.080953359603882,1
Clemson-DND_p309_c1_grm_std_uni,1,4.004349231719971,-3.386908769607544,1
Clemson-DND_p309_c1_grm_std_uni,1,4.557804584503174,-3.832782745361328,1
Clemson-DND_p309_c1_grm_std_uni,1,5.441765308380127,-4.633203983306885,1
Clemson-DND_p309_c1_grm_std_uni,1,5.330361843109131,-4.632995128631592,1
Clemson-DND_p309_c1_grm_std_uni,1,4.507096767425537,-3.8010833263397217,1
Clemson-DND_p309_c1_grm_std_uni,1,3.139941692352295,-2.4204261302948,1
Clemson-DND_p309_c1_grm_std_uni,1,3.8514373302459717,-3.0630085468292236,1
Clemson-DND_p309_c1_grm_std_uni,1,5.480477809906006,-4.561493873596191,1
Clemson-DND_p309_c1_grm_std_uni,1,6.321198463439941,-5.742520809173584,1
Clemson-DND_p309_c1_grm_std_uni,1,6.1159868240356445,-6.076630592346191,1
Clemson-DND_p309_c1_grm_std_uni,1,5.456476211547852,-5.407351493835449,1
Clemson-DND_p309_c1_grm_std_uni,1,4.839256286621094,-4.102985382080078,1
Clemson-DND_p309_c1_grm_std_uni,1,4.229114055633545,-3.355729579925537,1
Clemson-DND_p309_c1_grm_std_uni,1,4.820777416229248,-3.471562623977661,1
Clemson-DND_p309_c1_grm_std_uni,1,4.69549036026001,-3.2027313709259033,1
Clemson-DND_p309_c1_grm_std_uni,1,4.854842185974121,-3.3433592319488525,1
Clemson-DND_p309_c1_grm_std_uni,1,5.302890300750732,-3.953800678253174,1
Clemson-DND_p309_c1_grm_std_uni,1,5.271341800689697,-4.113430976867676,1
Clemson-DND_p309_c1_grm_std_uni,1,5.1559576988220215,-4.013913631439209,1
Clemson-DND_p309_c1_grm_std_uni,1,4.748677730560303,-3.225328207015991,1
Clemson-DND_p309_c1_grm_std_uni,1,4.54467248916626,-3.0842320919036865,1
Clemson-DND_p309_c1_grm_std_uni,1,4.721893310546875,-3.2963602542877197,1
Clemson-DND_p309_c1_grm_std_uni,1,4.27686071395874,-3.158266544342041,1
Clemson-DND_p309_c1_grm_std_uni,1,4.039571285247803,-3.048811435699463,1
Clemson-DND_p309_c1_grm_std_uni,1,5.087244033813477,-3.979649066925049,1
Clemson-DND_p309_c1_grm_std_uni,1,5.333434581756592,-4.478872776031494,1
Clemson-DND_p309_c1_grm_std_uni,1,5.637439250946045,-4.72188663482666,1
Clemson-DND_p309_c1_grm_std_uni,1,5.373978614807129,-4.081907749176025,1
Clemson-DND_p309_c1_grm_std_uni,1,5.727874279022217,-4.022558212280273,1
Clemson-DND_p309_c1_grm_std_uni,1,5.7760515213012695,-4.106081485748291,1
Clemson-DND_p309_c1_grm_std_uni,1,5.855223655700684,-4.442805290222168,1
Clemson-DND_p309_c1_grm_std_uni,1,5.463345050811768,-3.8253931999206543,1
Clemson-DND_p309_c1_grm_std_uni,1,5.447774410247803,-4.065282821655273,1
Clemson-DND_p309_c1_grm_std_uni,1,5.981817722320557,-4.652087688446045,1
Clemson-DND_p309_c1_grm_std_uni,1,6.3047099113464355,-5.122071266174316,1
Clemson-DND_p309_c1_grm_std_uni,1,5.954813003540039,-5.05844783782959,1
Clemson-DND_p309_c1_grm_std_uni,1,5.88166618347168,-4.794694900512695,1
Clemson-DND_p309_c1_grm_std_uni,1,5.817321300506592,-4.717709064483643,1
Clemson-DND_p309_c1_grm_std_uni,1,6.3588995933532715,-4.903398036956787,1
Clemson-DND_p309_c1_grm_std_uni,1,6.378187656402588,-4.95448112487793,1
Clemson-DND_p309_c1_grm_std_uni,1,6.4875922203063965,-5.021543025970459,1
Clemson-DND_p309_c1_grm_std_uni,1,6.212717056274414,-4.6914896965026855,1
Clemson-DND_p309_c1_grm_std_uni,1,6.4319305419921875,-4.9407429695129395,1
Clemson-DND_p309_c1_grm_std_uni,1,6.433268070220947,-4.872167587280273,1
Clemson-DND_p309_c1_grm_std_uni,1,6.337035655975342,-4.91581916809082,1
Clemson-DND_p309_c1_grm_std_uni,1,6.7277069091796875,-5.423290729522705,1
Clemson-DND_p309_c1_grm_std_uni,1,6.796508312225342,-5.568404197692871,1
Clemson-DND_p309_c1_grm_std_uni,1,7.527307987213135,-6.542967319488525,1
Clemson-DND_p309_c1_grm_std_uni,1,7.3992414474487305,-6.6232476234436035,1
Clemson-DND_p309_c1_grm_std_uni,1,6.54147481918335,-5.699704170227051,1
Clemson-DND_p309_c1_grm_std_uni,1,6.100039482116699,-4.417447090148926,1
Clemson-DND_p309_c1_grm_std_uni,1,5.508584499359131,-3.9095118045806885,1
Clemson-DND_p309_c1_grm_std_uni,1,5.361863136291504,-3.8725805282592773,1
Clemson-DND_p309_c1_grm_std_uni,1,5.0891594886779785,-3.7508413791656494,1
Clemson-DND_p309_c1_grm_std_uni,1,5.305833339691162,-3.9690349102020264,1
Clemson-DND_p309_c1_grm_std_uni,1,5.749290943145752,-4.504143714904785,1
Clemson-DND_p309_c1_grm_std_uni,1,6.300932884216309,-5.143579483032227,1
Clemson-DND_p309_c1_grm_std_uni,1,6.884429454803467,-5.451929092407227,1
Clemson-DND_p309_c1_grm_std_uni,1,7.291164875030518,-5.734519958496094,1
Clemson-DND_p309_c1_grm_std_uni,1,7.420345783233643,-6.053724765777588,1
Clemson-DND_p309_c1_grm_std_uni,1,7.758609294891357,-6.2610764503479,1
Clemson-DND_p309_c1_grm_std_uni,1,7.317840576171875,-6.182563781738281,1
Clemson-DND_p309_c1_grm_std_uni,1,7.179840087890625,-5.9377827644348145,1
Clemson-DND_p309_c1_grm_std_uni,1,6.526381969451904,-5.2729811668396,1
Clemson-DND_p309_c1_grm_std_uni,1,6.678898334503174,-5.31156587600708,1
Clemson-DND_p309_c1_grm_std_uni,1,5.981931686401367,-4.714315891265869,1
Clemson-DND_p309_c1_grm_std_uni,1,6.959605693817139,-5.510926246643066,1
Clemson-DND_p309_c1_grm_std_uni,1,6.592780113220215,-5.16623067855835,1
Clemson-DND_p309_c1_grm_std_uni,1,6.1234846115112305,-4.879449367523193,1
Clemson-DND_p309_c1_grm_std_uni,1,6.836232662200928,-5.492522716522217,1
Clemson-DND_p309_c1_grm_std_uni,1,8.3767671585083,-7.134867191314697,1
Clemson-DND_p309_c1_grm_std_uni,1,8.599993705749512,-7.542230129241943,1
Clemson-DND_p309_c1_grm_std_uni,1,8.145426750183105,-7.2010273933410645,1
Clemson-DND_p309_c1_grm_std_uni,1,7.86556339263916,-7.4748215675354,1
Clemson-DND_p309_c1_grm_std_uni,1,6.889288902282715,-6.242546558380127,1
Clemson-DND_p309_c1_grm_std_uni,1,6.0045671463012695,-4.891505241394043,1
Clemson-DND_p309_c1_grm_std_uni,1,4.544602870941162,-3.49560546875,1
Clemson-DND_p309_c1_grm_std_uni,1,4.155659198760986,-3.086045742034912,1
Clemson-DND_p309_c1_grm_std_uni,1,5.003453731536865,-3.760219097137451,1
Clemson-DND_p309_c1_grm_std_uni,1,6.493076801300049,-5.11284875869751,1
Clemson-DND_p309_c1_grm_std_uni,1,6.669662952423096,-5.46107292175293,1
Clemson-DND_p309_c1_grm_std_uni,1,6.979009628295898,-5.5722527503967285,1
Clemson-DND_p309_c1_grm_std_uni,1,6.467122554779053,-4.926868915557861,1
Clemson-DND_p309_c1_grm_std_uni,1,6.221898078918457,-4.467280864715576,1
Clemson-DND_p309_c1_grm_std_uni,1,6.783204555511475,-4.870605945587158,1
Clemson-DND_p309_c1_grm_std_uni,1,7.0288405418396,-5.457635402679443,1
Clemson-DND_p309_c1_grm_std_uni,1,7.536865711212158,-6.284663200378418,1
Clemson-DND_p309_c1_grm_std_uni,1,7.2035746574401855,-6.304091930389404,1
Clemson-DND_p309_c1_grm_std_uni,1,6.218705654144287,-5.472940921783447,1
Clemson-DND_p309_c1_grm_std_uni,1,6.415969371795654,-5.453634738922119,1
Clemson-DND_p309_c1_grm_std_uni,1,6.161120891571045,-5.197744369506836,1
Clemson-DND_p309_c1_grm_std_uni,1,6.515479564666748,-5.644015789031982,1
Clemson-DND_p309_c1_grm_std_uni,1,6.309486389160156,-5.527390003204346,1
Clemson-DND_p309_c1_grm_std_uni,1,6.30822229385376,-5.194126605987549,1
Clemson-DND_p309_c1_grm_std_uni,1,5.598196029663086,-4.830317974090576,1
Clemson-DND_p309_c1_grm_std_uni,1,5.706661701202393,-4.52390193939209,1
Clemson-DND_p309_c1_grm_std_uni,1,5.851785659790039,-4.4797821044921875,1
Clemson-DND_p309_c1_grm_std_uni,1,5.511130332946777,-3.7560722827911377,1
Clemson-DND_p309_c1_grm_std_uni,1,5.125842571258545,-3.4702765941619873,1
Clemson-DND_p309_c1_grm_std_uni,1,5.4076032638549805,-4.002377510070801,1
Clemson-DND_p309_c1_grm_std_uni,1,5.4837117195129395,-3.9063267707824707,1
Clemson-DND_p309_c1_grm_std_uni,1,5.599628925323486,-4.27492618560791,1
Clemson-DND_p309_c1_grm_std_uni,1,5.555970668792725,-4.711000919342041,1
Clemson-DND_p309_c1_grm_std_uni,1,5.86469030380249,-5.212610244750977,1
Clemson-DND_p309_c1_grm_std_uni,1,5.560110092163086,-4.766964435577393,1
Clemson-DND_p309_c1_grm_std_uni,1,4.928879261016846,-3.846914768218994,1
Clemson-DND_p309_c1_grm_std_uni,1,5.042083740234375,-3.860527276992798,1
Clemson-DND_p309_c1_grm_std_uni,1,5.241282939910889,-4.0764265060424805,1
Clemson-DND_p309_c1_grm_std_uni,1,5.500777244567871,-4.240607738494873,1
Clemson-DND_p309_c1_grm_std_uni,1,5.602900505065918,-4.591226577758789,1
Clemson-DND_p309_c1_grm_std_uni,1,5.860791206359863,-5.1286797523498535,1
Clemson-DND_p309_c1_grm_std_uni,1,6.003029823303223,-5.2863569259643555,1
Clemson-DND_p309_c1_grm_std_uni,1,5.474847316741943,-4.523439884185791,1
Clemson-DND_p309_c1_grm_std_uni,1,5.466763973236084,-4.173131942749023,1
Clemson-DND_p309_c1_grm_std_uni,1,5.442534446716309,-4.006633281707764,1
Clemson-DND_p309_c1_grm_std_uni,1,5.450222969055176,-3.993155002593994,1
Clemson-DND_p309_c1_grm_std_uni,1,4.962767124176025,-3.582444667816162,1
Clemson-DND_p309_c1_grm_std_uni,1,4.745916843414307,-3.3719751834869385,1
Clemson-DND_p309_c1_grm_std_uni,1,4.615990161895752,-3.4401538372039795,1
Clemson-DND_p309_c1_grm_std_uni,1,4.793766498565674,-3.7507143020629883,1
Clemson-DND_p309_c1_grm_std_uni,1,5.1012163162231445,-3.966712474822998,1
Clemson-DND_p309_c1_grm_std_uni,1,5.0058746337890625,-3.7406129837036133,1
Clemson-DND_p309_c1_grm_std_uni,1,4.851495742797852,-3.5976035594940186,1
Clemson-DND_p309_c1_grm_std_uni,1,5.06812858581543,-4.146195411682129,1
Clemson-DND_p309_c1_grm_std_uni,1,5.206965923309326,-4.373664855957031,1
Clemson-DND_p309_c1_grm_std_uni,1,5.035648822784424,-3.970872402191162,1
Clemson-DND_p309_c1_grm_std_uni,1,5.127101421356201,-3.9687716960906982,1
Clemson-DND_p309_c1_grm_std_uni,1,4.885310173034668,-3.9798896312713623,1
Clemson-DND_p309_c1_grm_std_uni,1,5.042674541473389,-3.9882915019989014,1
Clemson-DND_p309_c1_grm_std_uni,1,5.574136734008789,-4.128353595733643,1
Clemson-DND_p309_c1_grm_std_uni,1,5.194925785064697,-3.6863229274749756,1
Clemson-DND_p309_c1_grm_std_uni,1,5.0516276359558105,-3.7105963230133057,1
Clemson-DND_p309_c1_grm_std_uni,1,4.614912986755371,-3.3076531887054443,1
Clemson-DND_p309_c1_grm_std_uni,1,5.00252103805542,-3.4748950004577637,1
Clemson-DND_p309_c1_grm_std_uni,1,5.097692966461182,-3.8846521377563477,1
Clemson-DND_p309_c1_grm_std_uni,1,5.203841209411621,-4.098986625671387,1
Clemson-DND_p309_c1_grm_std_uni,1,5.282075881958008,-4.367191791534424,1
Clemson-DND_p309_c1_grm_std_uni,1,5.3781304359436035,-4.439016342163086,1
Clemson-DND_p309_c1_grm_std_uni,1,5.505330562591553,-4.598348617553711,1
Clemson-DND_p309_c1_grm_std_uni,1,5.562887191772461,-4.357077121734619,1
Clemson-DND_p309_c1_grm_std_uni,1,4.680439472198486,-3.831789255142212,1
Clemson-DND_p309_c1_grm_std_uni,1,4.703314304351807,-3.9115235805511475,1
Clemson-DND_p309_c1_grm_std_uni,2,4.8921990394592285,-3.9931790828704834,1
Clemson-DND_p309_c1_grm_std_uni,1,3.8013081550598145,-3.1779122352600098,1
Clemson-DND_p309_c1_grm_std_uni,1,3.3152084350585938,-2.8369076251983643,1
Clemson-DND_p309_c1_grm_std_uni,1,4.809779644012451,-3.4198153018951416,1
Clemson-DND_p309_c1_grm_std_uni,1,5.398762226104736,-4.032235145568848,1
Clemson-DND_p309_c1_grm_std_uni,1,6.043215751647949,-5.079735279083252,1
Clemson-DND_p309_c1_grm_std_uni,1,6.383089065551758,-5.415487766265869,1
Clemson-DND_p309_c1_grm_std_uni,1,6.620851039886475,-5.528926372528076,1
Clemson-DND_p309_c1_grm_std_uni,1,6.457623481750488,-5.224926948547363,1
Clemson-DND_p309_c1_grm_std_uni,1,6.815431594848633,-5.717552185058594,1
Clemson-DND_p309_c1_grm_std_uni,1,6.9516801834106445,-5.9355878829956055,1
Clemson-DND_p309_c1_grm_std_uni,1,7.25609016418457,-6.580930233001709,1
Clemson-DND_p309_c1_grm_std_uni,1,7.85916805267334,-6.862114906311035,1
Clemson-DND_p309_c1_grm_std_uni,1,7.318392276763916,-6.629371166229248,1
Clemson-DND_p309_c1_grm_std_uni,1,7.3160810470581055,-6.069022178649902,1
Clemson-DND_p309_c1_grm_std_uni,1,7.111889362335205,-5.97123908996582,1
Clemson-DND_p309_c1_grm_std_uni,1,8.7058744430542,-7.412672519683838,1
Clemson-DND_p309_c1_grm_std_uni,1,8.098880767822266,-6.630083084106445,1
Clemson-DND_p309_c1_grm_std_uni,1,7.206352710723877,-5.928159713745117,1
Clemson-DND_p309_c1_grm_std_uni,1,7.465520858764648,-6.298167705535889,1
Clemson-DND_p309_c1_grm_std_uni,1,7.531702518463135,-6.492656230926514,1
Clemson-DND_p309_c1_grm_std_uni,1,6.076428413391113,-5.192634105682373,1
Clemson-DND_p309_c1_grm_std_uni,1,4.682936191558838,-3.9714033603668213,1
Clemson-DND_p309_c1_grm_std_uni,1,5.517974853515625,-5.676656723022461,1
Clemson-DND_p309_c1_grm_std_uni,1,6.153410911560059,-6.451401710510254,1
Clemson-DND_p309_c1_grm_std_uni,1,6.415625095367432,-6.8819050788879395,1
Clemson-DND_p309_c1_grm_std_uni,1,6.382307052612305,-6.965161323547363,1
Clemson-DND_p309_c1_grm_std_uni,1,6.842439651489258,-7.387643814086914,1
Clemson-DND_p309_c1_grm_std_uni,1,6.547730922698975,-6.801398277282715,1
Clemson-DND_p309_c1_grm_std_uni,1,6.378853797912598,-6.374955177307129,1
Clemson-DND_p309_c1_grm_std_uni,1,7.264876842498779,-7.072812557220459,1
Clemson-DND_p309_c1_grm_std_uni,1,6.753502368927002,-6.632038593292236,1
Clemson-DND_p309_c1_grm_std_uni,1,6.8625054359436035,-6.5479207038879395,1
Clemson-DND_p309_c1_grm_std_uni,1,6.6044135093688965,-6.312093257904053,1
Clemson-DND_p309_c1_grm_std_uni,1,6.259619235992432,-5.982919216156006,1
Clemson-DND_p309_c1_grm_std_uni,1,4.457614421844482,-4.394874095916748,1
Clemson-DND_p309_c1_grm_std_uni,1,5.941946029663086,-5.30148983001709,1
Clemson-DND_p309_c1_grm_std_uni,1,6.572734355926514,-5.990583419799805,1
Clemson-DND_p309_c1_grm_std_uni,1,6.745863437652588,-6.470483779907227,1
Clemson-DND_p309_c1_grm_std_uni,1,6.920774459838867,-6.534721374511719,1
Clemson-DND_p309_c1_grm_std_uni,1,6.574928283691406,-6.1436052322387695,1
Clemson-DND_p309_c1_grm_std_uni,1,6.458349704742432,-6.1207427978515625,1
Clemson-DND_p309_c1_grm_std_uni,1,6.12771463394165,-5.618198871612549,1
Clemson-DND_p309_c1_grm_std_uni,1,5.612968921661377,-5.148807048797607,1
Clemson-DND_p309_c1_grm_std_uni,1,6.516016483306885,-6.064095973968506,1
Clemson-DND_p309_c1_grm_std_uni,1,6.935666561126709,-6.553049087524414,1
Clemson-DND_p309_c1_grm_std_uni,1,6.9180731773376465,-6.690205097198486,1
Clemson-DND_p309_c1_grm_std_uni,1,6.672465801239014,-6.454641819000244,1
Clemson-DND_p309_c1_grm_std_uni,1,6.192276477813721,-6.000500679016113,1
Clemson-DND_p309_c1_grm_std_uni,1,5.342756748199463,-4.87460994720459,1
Clemson-DND_p309_c1_grm_std_uni,1,3.6367862224578857,-3.0663371086120605,1
Clemson-DND_p309_c1_grm_std_uni,1,2.5011723041534424,-2.177401304244995,1
Clemson-DND_p309_c1_grm_std_uni,1,3.175013303756714,-2.6789817810058594,1
Clemson-DND_p309_c1_grm_std_uni,1,4.876537799835205,-3.8713881969451904,1
Clemson-DND_p309_c1_grm_std_uni,1,7.121926784515381,-6.680673599243164,1
Clemson-DND_p309_c1_grm_std_uni,1,7.335415363311768,-7.737746238708496,1
Clemson-DND_p309_c1_grm_std_uni,1,6.754736423492432,-6.734151840209961,1
Clemson-DND_p309_c1_grm_std_uni,1,5.766757488250732,-4.818361759185791,1
Clemson-DND_p309_c1_grm_std_uni,1,5.247678756713867,-3.529524564743042,1
Clemson-DND_p309_c1_grm_std_uni,1,5.6228485107421875,-3.9103658199310303,1
Clemson-DND_p309_c1_grm_std_uni,1,5.759694576263428,-4.204737663269043,1
Clemson-DND_p309_c1_grm_std_uni,1,5.251832485198975,-4.004123687744141,1
Clemson-DND_p309_c1_grm_std_uni,1,4.790155410766602,-3.9191267490386963,1
Clemson-DND_p309_c1_grm_std_uni,1,4.623359203338623,-4.0960187911987305,1
Clemson-DND_p309_c1_grm_std_uni,1,4.654285907745361,-4.276401042938232,1
Clemson-DND_p309_c1_grm_std_uni,1,4.6624250411987305,-4.191739559173584,1
Clemson-DND_p309_c1_grm_std_uni,1,4.371743202209473,-4.03659200668335,1
Clemson-DND_p309_c1_grm_std_uni,1,4.7114577293396,-4.26787805557251,1
Clemson-DND_p309_c1_grm_std_uni,1,5.13308048248291,-4.475652694702148,1
Clemson-DND_p309_c1_grm_std_uni,1,5.262640953063965,-4.844012260437012,1
Clemson-DND_p309_c1_grm_std_uni,1,5.657256603240967,-4.831352710723877,1
Clemson-DND_p309_c1_grm_std_uni,1,6.316709518432617,-5.013296127319336,1
Clemson-DND_p309_c1_grm_std_uni,1,6.6085429191589355,-5.449947834014893,1
Clemson-DND_p309_c1_grm_std_uni,1,6.616763591766357,-5.218286514282227,1
Clemson-DND_p309_c1_grm_std_uni,1,6.541745662689209,-5.127167701721191,1
Clemson-DND_p309_c1_grm_std_uni,2,6.605713367462158,-5.558074951171875,1
Clemson-DND_p309_c1_grm_std_uni,1,6.987766742706299,-5.734376907348633,1
Clemson-DND_p309_c1_grm_std_uni,1,6.835786819458008,-6.162020206451416,1
Clemson-DND_p309_c1_grm_std_uni,1,6.539208889007568,-5.675743579864502,1
Clemson-DND_p309_c1_grm_std_uni,1,6.085835933685303,-4.786189079284668,1
Clemson-DND_p309_c1_grm_std_uni,1,5.825793743133545,-4.196314334869385,1
Clemson-DND_p309_c1_grm_std_uni,1,5.4920430183410645,-4.096913814544678,1
Clemson-DND_p309_c1_grm_std_uni,1,4.997947692871094,-3.532146453857422,1
Clemson-DND_p309_c1_grm_std_uni,1,5.361358642578125,-4.189626216888428,1
Clemson-DND_p309_c1_grm_std_uni,1,5.152226448059082,-3.8525373935699463,1
Clemson-DND_p309_c1_grm_std_uni,1,4.693778991699219,-3.7350480556488037,1
Clemson-DND_p309_c1_grm_std_uni,1,5.065141201019287,-4.190774440765381,1
Clemson-DND_p309_c1_grm_std_uni,1,5.909454345703125,-4.5092244148254395,1
Clemson-DND_p309_c1_grm_std_uni,1,6.269282817840576,-4.733177185058594,1
Clemson-DND_p309_c1_grm_std_uni,1,6.368066310882568,-4.8628926277160645,1
Clemson-DND_p309_c1_grm_std_uni,1,6.092947483062744,-4.490858554840088,1
Clemson-DND_p309_c1_grm_std_uni,1,6.276698589324951,-5.055152416229248,1
Clemson-DND_p309_c1_grm_std_uni,1,6.495620250701904,-5.252035140991211,1
Clemson-DND_p309_c1_grm_std_uni,1,6.714442729949951,-5.206079959869385,1
Clemson-DND_p309_c1_grm_std_uni,1,6.604890823364258,-5.147193431854248,1
Clemson-DND_p309_c1_grm_std_uni,1,6.6223320960998535,-5.212072849273682,1
Clemson-DND_p309_c1_grm_std_uni,1,6.702097415924072,-5.951720714569092,1
Clemson-DND_p309_c1_grm_std_uni,1,6.715249538421631,-6.076218605041504,1
Clemson-DND_p309_c1_grm_std_uni,1,6.665439128875732,-6.01491117477417,1
Clemson-DND_p309_c1_grm_std_uni,1,6.681743144989014,-5.90611457824707,1
Clemson-DND_p309_c1_grm_std_uni,1,7.070870399475098,-6.394418239593506,1
Clemson-DND_p309_c1_grm_std_uni,1,7.599198341369629,-6.939385890960693,1
Clemson-DND_p309_c1_grm_std_uni,1,7.709404945373535,-6.894247531890869,1
Clemson-DND_p309_c1_grm_std_uni,1,6.848448753356934,-6.230391979217529,1
Clemson-DND_p309_c1_grm_std_uni,1,6.705146789550781,-6.495950698852539,1
Clemson-DND_p309_c1_grm_std_uni,1,6.239434719085693,-6.208618640899658,1
Clemson-DND_p309_c1_grm_std_uni,1,6.523288249969482,-6.44292688369751,1
Clemson-DND_p309_c1_grm_std_uni,1,6.943997383117676,-6.8153977394104,1
Clemson-DND_p309_c1_grm_std_uni,1,6.97693395614624,-6.6011433601379395,1
Clemson-DND_p309_c1_grm_std_uni,1,6.342122554779053,-5.868232727050781,1
Clemson-DND_p309_c1_grm_std_uni,1,5.989442825317383,-5.308145046234131,1
Clemson-DND_p309_c1_grm_std_uni,1,5.734167098999023,-4.976716995239258,1
Clemson-DND_p309_c1_grm_std_uni,1,5.27893590927124,-4.214160442352295,1
Clemson-DND_p309_c1_grm_std_uni,1,4.727290153503418,-3.6312344074249268,1
Clemson-DND_p309_c1_grm_std_uni,1,4.627655506134033,-3.703005075454712,1
Clemson-DND_p309_c1_grm_std_uni,1,4.374327659606934,-3.7824063301086426,1
Clemson-DND_p309_c1_grm_std_uni,1,5.861126899719238,-4.986761093139648,1
Clemson-DND_p309_c1_grm_std_uni,1,7.232645511627197,-5.913791179656982,1
Clemson-DND_p309_c1_grm_std_uni,1,6.984127998352051,-6.669192790985107,1
Clemson-DND_p309_c1_grm_std_uni,1,6.612986087799072,-6.6961469650268555,1
Clemson-DND_p309_c1_grm_std_uni,1,5.938316822052002,-5.8010993003845215,1
Clemson-DND_p309_c1_grm_std_uni,1,5.684919834136963,-5.298974514007568,1
Clemson-DND_p309_c1_grm_std_uni,1,4.86605978012085,-4.887090682983398,1
Clemson-DND_p309_c1_grm_std_uni,1,4.459536552429199,-4.421439170837402,1
Clemson-DND_p309_c1_grm_std_uni,1,4.746345043182373,-4.442511081695557,1
Clemson-DND_p309_c1_grm_std_uni,1,5.412625312805176,-4.930734157562256,1
Clemson-DND_p309_c1_grm_std_uni,1,5.750077247619629,-4.719278812408447,1
Clemson-DND_p309_c1_grm_std_uni,1,5.883122444152832,-4.561823844909668,1
Clemson-DND_p309_c1_grm_std_uni,1,5.2815961837768555,-3.9154391288757324,1
Clemson-DND_p309_c1_grm_std_uni,1,4.965236186981201,-3.491797685623169,1
Clemson-DND_p309_c1_grm_std_uni,1,4.268689155578613,-3.4472196102142334,1
Clemson-DND_p309_c1_grm_std_uni,1,4.534219264984131,-3.773650884628296,1
Clemson-DND_p309_c1_grm_std_uni,1,5.4437150955200195,-4.48561954498291,1
Clemson-DND_p309_c1_grm_std_uni,1,5.53687858581543,-4.632768154144287,1
Clemson-DND_p309_c1_grm_std_uni,1,5.83527946472168,-4.795999526977539,1
Clemson-DND_p309_c1_grm_std_uni,1,5.700191020965576,-4.3392014503479,1
Clemson-DND_p309_c1_grm_std_uni,1,5.684006214141846,-4.308078289031982,1
Clemson-DND_p309_c1_grm_std_uni,1,6.288518905639648,-4.740176200866699,1
Clemson-DND_p309_c1_grm_std_uni,1,6.508485317230225,-5.015270709991455,1
Clemson-DND_p309_c1_grm_std_uni,1,6.590596675872803,-4.868667125701904,1
Clemson-DND_p309_c1_grm_std_uni,1,6.244377613067627,-4.736059188842773,1
Clemson-DND_p309_c1_grm_std_uni,1,6.517797470092773,-5.083870887756348,1
Clemson-DND_p309_c1_grm_std_uni,1,6.6613688468933105,-5.437662601470947,1
Clemson-DND_p309_c1_grm_std_uni,1,6.9418134689331055,-5.6581645011901855,1
Clemson-DND_p309_c1_grm_std_uni,1,6.972957134246826,-5.6881585121154785,1
Clemson-DND_p309_c1_grm_std_uni,1,7.064365863800049,-6.217994213104248,1
Clemson-DND_p309_c1_grm_std_uni,1,7.4800214767456055,-6.540888786315918,1
Clemson-DND_p309_c1_grm_std_uni,1,6.942418098449707,-6.598395347595215,1
Clemson-DND_p309_c1_grm_std_uni,1,6.057849407196045,-4.907829761505127,1
Clemson-DND_p309_c1_grm_std_uni,1,5.646406650543213,-3.4645044803619385,1
Clemson-DND_p309_c1_grm_std_uni,1,5.248244285583496,-3.487112283706665,1
Clemson-DND_p309_c1_grm_std_uni,1,4.443147659301758,-3.2751305103302,1
Clemson-DND_p309_c1_grm_std_uni,1,4.225322246551514,-3.108675241470337,1
Clemson-DND_p309_c1_grm_std_uni,1,4.191769123077393,-3.0611631870269775,1
Clemson-DND_p309_c1_grm_std_uni,1,4.579705715179443,-3.8239526748657227,1
Clemson-DND_p309_c1_grm_std_uni,1,4.974373817443848,-4.144159317016602,1
Clemson-DND_p309_c1_grm_std_uni,1,5.175921440124512,-4.336493968963623,1
Clemson-DND_p309_c1_grm_std_uni,1,5.349579811096191,-4.614138603210449,1
Clemson-DND_p309_c1_grm_std_uni,1,5.657586097717285,-4.880125999450684,1
Clemson-DND_p309_c1_grm_std_uni,1,5.21283483505249,-4.5948991775512695,1
Clemson-DND_p309_c1_grm_std_uni,1,5.0034637451171875,-4.326333522796631,1
Clemson-DND_p309_c1_grm_std_uni,1,4.88385009765625,-4.049840927124023,1
Clemson-DND_p309_c1_grm_std_uni,1,4.749396800994873,-3.6196796894073486,1
Clemson-DND_p309_c1_grm_std_uni,1,4.446478843688965,-2.8620946407318115,1
Clemson-DND_p309_c1_grm_std_uni,1,4.53065299987793,-3.0141701698303223,1
Clemson-DND_p309_c1_grm_std_uni,1,4.462213039398193,-3.3201215267181396,1
Clemson-DND_p309_c1_grm_std_uni,1,4.6234869956970215,-3.679438352584839,1
Clemson-DND_p309_c1_grm_std_uni,1,4.88847541809082,-4.097620010375977,1
Clemson-DND_p309_c1_grm_std_uni,1,4.955530643463135,-4.353011131286621,1
Clemson-DND_p309_c1_grm_std_uni,1,5.064450263977051,-4.425021171569824,1
Clemson-DND_p309_c1_grm_std_uni,1,5.197157382965088,-4.330355167388916,1
Clemson-DND_p309_c1_grm_std_uni,1,5.091370582580566,-4.004964351654053,1
Clemson-DND_p309_c1_grm_std_uni,1,4.8657732009887695,-3.863297700881958,1
Clemson-DND_p309_c1_grm_std_uni,1,4.794008255004883,-3.835461139678955,1
Clemson-DND_p309_c1_grm_std_uni,1,4.584278583526611,-3.4278905391693115,1
Clemson-DND_p309_c1_grm_std_uni,1,4.4349260330200195,-2.8919777870178223,1
Clemson-DND_p309_c1_grm_std_uni,1,4.4585981369018555,-3.1590263843536377,1
Clemson-DND_p309_c1_grm_std_uni,1,4.557470321655273,-3.3776962757110596,1
Clemson-DND_p309_c1_grm_std_uni,1,4.295145511627197,-3.1927857398986816,1
Clemson-DND_p309_c1_grm_std_uni,1,4.00560998916626,-3.079491138458252,1
Clemson-DND_p309_c1_grm_std_uni,1,4.20836877822876,-3.2380614280700684,1
Clemson-DND_p309_c1_grm_std_uni,1,4.2721662521362305,-3.062188148498535,1
Clemson-DND_p309_c1_grm_std_uni,1,3.9031107425689697,-2.70163893699646,1
Clemson-DND_p309_c1_grm_std_uni,1,3.9278101921081543,-2.8149607181549072,1
Clemson-DND_p309_c1_grm_std_uni,1,3.738325834274292,-2.8038861751556396,1
Clemson-DND_p309_c1_grm_std_uni,1,3.6843626499176025,-2.892906904220581,1
Clemson-DND_p309_c1_grm_std_uni,1,4.026398181915283,-3.1009416580200195,1
Clemson-DND_p309_c1_grm_std_uni,1,4.445107936859131,-3.687023162841797,1
Clemson-DND_p309_c1_grm_std_uni,1,4.9455766677856445,-4.024935245513916,1
Clemson-DND_p309_c1_grm_std_uni,1,5.260452747344971,-4.259194374084473,1
Clemson-DND_p309_c1_grm_std_uni,1,5.289302349090576,-4.255396366119385,1
Clemson-DND_p309_c1_grm_std_uni,1,5.416091442108154,-4.409335136413574,1
Clemson-DND_p309_c1_grm_std_uni,1,5.070075511932373,-3.8218090534210205,1
Clemson-DND_p309_c1_grm_std_uni,1,5.022978782653809,-3.65114426612854,1
Clemson-DND_p309_c1_grm_std_uni,1,5.518006324768066,-4.03023099899292,1
Clemson-DND_p309_c1_grm_std_uni,1,5.342751502990723,-4.030996322631836,1
Clemson-DND_p309_c1_grm_std_uni,1,5.104040145874023,-3.6759650707244873,1
Clemson-DND_p309_c1_grm_std_uni,1,5.106663703918457,-4.242461204528809,1
Clemson-DND_p309_c1_grm_std_uni,1,5.195069789886475,-4.399857044219971,1
Clemson-DND_p309_c1_grm_std_uni,1,5.309496879577637,-4.485678672790527,1
Clemson-DND_p309_c1_grm_std_uni,1,5.361550331115723,-3.9731173515319824,1
Clemson-DND_p309_c1_grm_std_uni,1,5.383669853210449,-3.886751651763916,1
Clemson-DND_p309_c1_grm_std_uni,1,5.460057735443115,-3.932178020477295,1
Clemson-DND_p309_c1_grm_std_uni,1,5.338379859924316,-3.896251916885376,1
Clemson-DND_p309_c1_grm_std_uni,1,5.404774188995361,-3.986621379852295,1
Clemson-DND_p309_c1_grm_std_uni,1,5.381878852844238,-3.9173076152801514,1
Clemson-DND_p309_c1_grm_std_uni,1,5.134008407592773,-3.4745185375213623,1
Clemson-DND_p309_c1_grm_std_uni,1,4.875467300415039,-3.0977163314819336,1
Clemson-DND_p309_c1_grm_std_uni,1,4.795986652374268,-3.272585868835449,1
Clemson-DND_p309_c1_grm_std_uni,1,4.756407260894775,-3.6464545726776123,1
Clemson-DND_p309_c1_grm_std_uni,1,4.782224655151367,-3.8848562240600586,1
Clemson-DND_p309_c1_grm_std_uni,1,5.128265380859375,-4.057730674743652,1
Clemson-DND_p309_c1_grm_std_uni,1,5.50516414642334,-4.363701343536377,1
Clemson-DND_p309_c1_grm_std_uni,1,5.796149730682373,-4.57055139541626,1
Clemson-DND_p309_c1_grm_std_uni,2,6.326700687408447,-4.9016218185424805,1
Clemson-DND_p309_c1_grm_std_uni,1,6.285891532897949,-4.876165866851807,1
Clemson-DND_p309_c1_grm_std_uni,1,5.967573642730713,-4.781608581542969,1
Clemson-DND_p309_c1_grm_std_uni,1,5.427453994750977,-4.516336917877197,1
Clemson-DND_p309_c1_grm_std_uni,1,5.424300193786621,-4.483879089355469,1
Clemson-DND_p309_c1_grm_std_uni,1,5.779588222503662,-4.8242878913879395,1
Clemson-DND_p309_c1_grm_std_uni,1,6.232820987701416,-5.028103351593018,1
Clemson-DND_p309_c1_grm_std_uni,1,6.596145153045654,-5.3079633712768555,1
Clemson-DND_p309_c1_grm_std_uni,1,6.686519145965576,-5.397167682647705,1
Clemson-DND_p309_c1_grm_std_uni,1,7.362454891204834,-6.09407377243042,1
Clemson-DND_p309_c1_grm_std_uni,1,7.263190746307373,-6.0855584144592285,1
Clemson-DND_p309_c1_grm_std_uni,1,7.648891925811768,-6.478642463684082,1
Clemson-DND_p309_c1_grm_std_uni,1,7.846673488616943,-6.846272945404053,1
Clemson-DND_p309_c1_grm_std_uni,1,8.159122467041016,-7.174490928649902,1
Clemson-DND_p309_c1_grm_std_uni,1,8.880609512329102,-7.873903274536133,1
Clemson-DND_p309_c1_grm_std_uni,1,9.172008514404297,-8.338497161865234,1
Clemson-DND_p309_c1_grm_std_uni,1,9.128918647766113,-8.41403865814209,1
Clemson-DND_p309_c1_grm_std_uni,1,9.050568580627441,-8.310761451721191,1
Clemson-DND_p309_c1_grm_std_uni,1,8.99029541015625,-8.16301441192627,1
Clemson-DND_p309_c1_grm_std_uni,1,8.890486717224121,-7.878423690795898,1
Clemson-DND_p309_c1_grm_std_uni,1,8.6925630569458,-7.4667649269104,1
Clemson-DND_p309_c1_grm_std_uni,1,8.47634506225586,-7.139700889587402,1
Clemson-DND_p309_c1_grm_std_uni,1,8.09904956817627,-7.007411003112793,1
Clemson-DND_p309_c1_grm_std_uni,1,7.593782901763916,-6.514891624450684,1
Clemson-DND_p309_c1_grm_std_uni,1,6.954294681549072,-5.990025997161865,1
Clemson-DND_p309_c1_grm_std_uni,1,6.83106803894043,-5.801381587982178,1
Clemson-DND_p309_c1_grm_std_uni,1,6.666446208953857,-5.398996353149414,1
Clemson-DND_p309_c1_grm_std_uni,1,6.284925937652588,-4.383934020996094,1
Clemson-DND_p309_c1_grm_std_uni,1,6.015262126922607,-4.6056036949157715,1
Clemson-DND_p309_c1_grm_std_uni,1,5.572264194488525,-4.383852958679199,1
Clemson-DND_p309_c1_grm_std_uni,1,4.757525444030762,-4.119479656219482,1
Clemson-DND_p309_c1_grm_std_uni,1,4.649993896484375,-4.042942523956299,1
Clemson-DND_p309_c1_grm_std_uni,1,5.220132350921631,-4.483665943145752,1
Clemson-DND_p309_c1_grm_std_uni,1,6.0245561599731445,-4.687228679656982,1
Clemson-DND_p309_c1_grm_std_uni,1,6.129243850708008,-4.779336929321289,1
Clemson-DND_p309_c1_grm_std_uni,1,6.422104835510254,-4.907799243927002,1
Clemson-DND_p309_c1_grm_std_uni,1,6.507983207702637,-5.189991474151611,1
Clemson-DND_p309_c1_grm_std_uni,1,6.986659526824951,-5.579585552215576,1
Clemson-DND_p309_c1_grm_std_uni,1,7.4265851974487305,-5.716359615325928,1
Clemson-DND_p309_c1_grm_std_uni,1,6.6220550537109375,-4.375481128692627,1
Clemson-DND_p309_c1_grm_std_uni,1,5.827098369598389,-3.689204692840576,1
Clemson-DND_p309_c1_grm_std_uni,1,5.694998264312744,-3.923353672027588,1
Clemson-DND_p309_c1_grm_std_uni,1,5.4447150230407715,-3.8476030826568604,1
Clemson-DND_p309_c1_grm_std_uni,1,5.141664505004883,-3.659623861312866,1
Clemson-DND_p309_c1_grm_std_uni,1,5.215695858001709,-3.6816468238830566,1
Clemson-DND_p309_c1_grm_std_uni,1,5.568084716796875,-3.991321086883545,1
Clemson-DND_p309_c1_grm_std_uni,1,5.195039749145508,-3.8991663455963135,1
Clemson-DND_p309_c1_grm_std_uni,1,4.675057411193848,-3.566488027572632,1
Clemson-DND_p309_c1_grm_std_uni,1,5.53322696685791,-4.373230934143066,1
Clemson-DND_p309_c1_grm_std_uni,1,5.5716023445129395,-4.488475322723389,1
Clemson-DND_p309_c1_grm_std_uni,1,5.635298252105713,-4.5544514656066895,1
Clemson-DND_p309_c1_grm_std_uni,1,5.54356575012207,-4.826542854309082,1
Clemson-DND_p309_c1_grm_std_uni,1,5.651562690734863,-4.363225936889648,1
Clemson-DND_p309_c1_grm_std_uni,1,5.77467679977417,-4.1322245597839355,1
Clemson-DND_p309_c1_grm_std_uni,1,5.487236499786377,-4.274059772491455,1
Clemson-DND_p309_c1_grm_std_uni,1,4.83774995803833,-3.9359891414642334,1
Clemson-DND_p309_c1_grm_std_uni,1,4.694173812866211,-3.5997514724731445,1
Clemson-DND_p309_c1_grm_std_uni,1,4.9976983070373535,-3.693993091583252,1
Clemson-DND_p309_c1_grm_std_uni,1,5.380709648132324,-4.343008518218994,1
Clemson-DND_p309_c1_grm_std_uni,1,5.7150115966796875,-4.639303684234619,1
Clemson-DND_p309_c1_grm_std_uni,1,6.038514614105225,-4.871523857116699,1
Clemson-DND_p309_c1_grm_std_uni,1,6.0958452224731445,-4.957231521606445,1
Clemson-DND_p309_c1_grm_std_uni,1,6.167344093322754,-4.9798808097839355,1
Clemson-DND_p309_c1_grm_std_uni,1,6.1096367835998535,-4.8331170082092285,1
Clemson-DND_p309_c1_grm_std_uni,1,5.888583660125732,-4.782327175140381,1
Clemson-DND_p309_c1_grm_std_uni,1,5.704678058624268,-4.686005115509033,1
Clemson-DND_p309_c1_grm_std_uni,1,5.542185306549072,-4.223745346069336,1
Clemson-DND_p309_c1_grm_std_uni,1,5.426862716674805,-4.112609386444092,1
Clemson-DND_p309_c1_grm_std_uni,1,5.010718822479248,-3.278625249862671,1
Clemson-DND_p309_c1_grm_std_uni,1,4.711210250854492,-3.683274507522583,1
Clemson-DND_p309_c1_grm_std_uni,1,4.483004570007324,-3.8359572887420654,1
Clemson-DND_p309_c1_grm_std_uni,1,4.739583492279053,-4.06863260269165,1
Clemson-DND_p309_c1_grm_std_uni,1,5.041085243225098,-4.289727210998535,1
Clemson-DND_p309_c1_grm_std_uni,1,4.853938102722168,-4.162387371063232,1
Clemson-DND_p309_c1_grm_std_uni,1,5.211728572845459,-4.257552146911621,1
Clemson-DND_p309_c1_grm_std_uni,1,5.471218585968018,-4.4702277183532715,1
Clemson-DND_p309_c1_grm_std_uni,1,5.949799537658691,-4.816737651824951,1
Clemson-DND_p309_c1_grm_std_uni,1,5.772639274597168,-4.601162910461426,1
Clemson-DND_p309_c1_grm_std_uni,1,5.757774829864502,-4.58751916885376,1
Clemson-DND_p309_c1_grm_std_uni,1,5.8998942375183105,-4.479374408721924,1
Clemson-DND_p309_c1_grm_std_uni,1,5.919103145599365,-4.4914445877075195,1
Clemson-DND_p309_c1_grm_std_uni,1,6.0971360206604,-4.824700832366943,1
Clemson-DND_p309_c1_grm_std_uni,1,5.46525764465332,-4.547900199890137,1
Clemson-DND_p309_c1_grm_std_uni,1,5.025501728057861,-4.290317058563232,1
Clemson-DND_p309_c1_grm_std_uni,1,5.026831150054932,-3.6204206943511963,1
Clemson-DND_p309_c1_grm_std_uni,1,4.868258953094482,-3.474788188934326,1
Clemson-DND_p309_c1_grm_std_uni,1,4.608712673187256,-3.807380437850952,1
Clemson-DND_p309_c1_grm_std_uni,1,4.785797119140625,-3.937014102935791,1
Clemson-DND_p309_c1_grm_std_uni,1,4.067595481872559,-3.483658790588379,1
Clemson-DND_p309_c1_grm_std_uni,1,4.589818477630615,-3.6825320720672607,1
Clemson-DND_p309_c1_grm_std_uni,1,4.803626537322998,-3.788313865661621,1
Clemson-DND_p309_c1_grm_std_uni,1,4.883752822875977,-4.2288336753845215,1
Clemson-DND_p309_c1_grm_std_uni,1,5.664091110229492,-4.603160381317139,1
Clemson-DND_p309_c1_grm_std_uni,1,5.371002674102783,-4.230808734893799,1
Clemson-DND_p309_c1_grm_std_uni,1,5.368391513824463,-4.372132301330566,1
Clemson-DND_p309_c1_grm_std_uni,1,5.473840713500977,-4.36973237991333,1
Clemson-DND_p309_c1_grm_std_uni,1,5.619570255279541,-4.372373104095459,1
Clemson-DND_p309_c1_grm_std_uni,1,5.158911228179932,-3.742318630218506,1
Clemson-DND_p309_c1_grm_std_uni,1,4.942192077636719,-3.3548033237457275,1
Clemson-DND_p309_c1_grm_std_uni,1,4.998719692230225,-3.429454803466797,1
Clemson-DND_p309_c1_grm_std_uni,1,4.900155544281006,-3.4767262935638428,1
Clemson-DND_p309_c1_grm_std_uni,1,4.754251480102539,-3.4683032035827637,1
Clemson-DND_p309_c1_grm_std_uni,1,4.7353692054748535,-3.3390090465545654,1
Clemson-DND_p309_c1_grm_std_uni,1,4.877364635467529,-3.737316370010376,1
Clemson-DND_p309_c1_grm_std_uni,1,4.870744705200195,-3.8026323318481445,1
Clemson-DND_p309_c1_grm_std_uni,1,5.06032657623291,-4.020741939544678,1
Clemson-DND_p309_c1_grm_std_uni,1,5.212858200073242,-4.364314079284668,1
Clemson-DND_p309_c1_grm_std_uni,1,5.018843173980713,-3.8462295532226562,1
Clemson-DND_p309_c1_grm_std_uni,1,5.3557305335998535,-4.475060939788818,1
Clemson-DND_p309_c1_grm_std_uni,1,5.6687750816345215,-4.473607063293457,1
Clemson-DND_p309_c1_grm_std_uni,1,6.320191860198975,-4.810206413269043,1
Clemson-DND_p309_c1_grm_std_uni,1,6.771850109100342,-4.88291072845459,1
Clemson-DND_p309_c1_grm_std_uni,1,5.919177532196045,-4.17718505859375,1
Clemson-DND_p309_c1_grm_std_uni,1,5.391753673553467,-4.046294689178467,1
Clemson-DND_p309_c1_grm_std_uni,1,5.288358211517334,-3.8590524196624756,1
Clemson-DND_p309_c1_grm_std_uni,1,4.8535003662109375,-3.534369945526123,1
Clemson-DND_p309_c1_grm_std_uni,1,4.6717963218688965,-3.447352886199951,1
Clemson-DND_p309_c1_grm_std_uni,1,5.16624116897583,-4.220456123352051,1
Clemson-DND_p309_c1_grm_std_uni,1,5.282157897949219,-4.3003764152526855,1
Clemson-DND_p309_c1_grm_std_uni,1,5.677382946014404,-4.344496726989746,1
Clemson-DND_p309_c1_grm_std_uni,1,5.736074447631836,-4.146155834197998,1
Clemson-DND_p309_c1_grm_std_uni,1,6.125814437866211,-4.433961391448975,1
Clemson-DND_p309_c1_grm_std_uni,1,6.355065822601318,-4.883272171020508,1
Clemson-DND_p309_c1_grm_std_uni,1,6.5284953117370605,-5.166104316711426,1
Clemson-DND_p309_c1_grm_std_uni,1,6.73245096206665,-5.654937267303467,1
Clemson-DND_p309_c1_grm_std_uni,1,7.095641613006592,-5.9756364822387695,1
Clemson-DND_p309_c1_grm_std_uni,1,6.712088584899902,-5.939697742462158,1
Clemson-DND_p309_c1_grm_std_uni,1,5.881152629852295,-5.233631610870361,1
Clemson-DND_p309_c1_grm_std_uni,1,5.2984819412231445,-4.297844886779785,1
Clemson-DND_p309_c1_grm_std_uni,1,5.653156757354736,-4.061751842498779,1
Clemson-DND_p309_c1_grm_std_uni,1,5.889138698577881,-4.0745954513549805,1
Clemson-DND_p309_c1_grm_std_uni,1,6.003504276275635,-4.180013179779053,1
Clemson-DND_p309_c1_grm_std_uni,1,5.939578533172607,-4.159617900848389,1
Clemson-DND_p309_c1_grm_std_uni,1,5.671852111816406,-4.237407207489014,1
Clemson-DND_p309_c1_grm_std_uni,1,5.573402404785156,-3.6583495140075684,1
Clemson-DND_p309_c1_grm_std_uni,1,5.333616256713867,-3.219817638397217,1
Clemson-DND_p309_c1_grm_std_uni,1,4.935303688049316,-3.0309433937072754,1
Clemson-DND_p309_c1_grm_std_uni,1,5.27083683013916,-3.5197083950042725,1
Clemson-DND_p309_c1_grm_std_uni,1,4.402291774749756,-2.7753446102142334,1
Clemson-DND_p309_c1_grm_std_uni,1,4.949278354644775,-3.5320894718170166,1
Clemson-DND_p309_c1_grm_std_uni,1,5.234001159667969,-4.175641059875488,1
Clemson-DND_p309_c1_grm_std_uni,1,5.498412609100342,-4.117258071899414,1
Clemson-DND_p309_c1_grm_std_uni,1,5.116523265838623,-3.5438902378082275,1
Clemson-DND_p309_c1_grm_std_uni,1,5.153416156768799,-3.624610185623169,1
Clemson-DND_p309_c1_grm_std_uni,1,5.1699957847595215,-3.8893628120422363,1
Clemson-DND_p309_c1_grm_std_uni,1,4.744323253631592,-3.491467237472534,1
Clemson-DND_p309_c1_grm_std_uni,1,5.352403163909912,-4.21405553817749,1
Clemson-DND_p309_c1_grm_std_uni,1,5.174233913421631,-3.867377519607544,1
Clemson-DND_p309_c1_grm_std_uni,1,5.632591724395752,-4.354086399078369,1
Clemson-DND_p309_c1_grm_std_uni,1,6.145481586456299,-5.1085052490234375,1
Clemson-DND_p309_c1_grm_std_uni,1,6.415303707122803,-5.187894821166992,1
Clemson-DND_p309_c1_grm_std_uni,1,6.882107734680176,-5.601253986358643,1
Clemson-DND_p309_c1_grm_std_uni,1,6.562580585479736,-5.046026229858398,1
Clemson-DND_p309_c1_grm_std_uni,1,6.10728120803833,-4.566627025604248,1
Clemson-DND_p309_c1_grm_std_uni,1,5.902434349060059,-4.464759826660156,1
Clemson-DND_p309_c1_grm_std_uni,1,5.610227584838867,-3.964682102203369,1
Clemson-DND_p309_c1_grm_std_uni,1,5.370617866516113,-3.6258788108825684,1
Clemson-DND_p309_c1_grm_std_uni,1,5.223837852478027,-3.792506456375122,1
Clemson-DND_p309_c1_grm_std_uni,1,4.972066402435303,-3.379619598388672,1
Clemson-DND_p309_c1_grm_std_uni,1,5.198671817779541,-3.778190851211548,1
Clemson-DND_p309_c1_grm_std_uni,1,5.518764972686768,-4.19681978225708,1
Clemson-DND_p309_c1_grm_std_uni,1,5.393552303314209,-4.306700706481934,1
Clemson-DND_p309_c1_grm_std_uni,1,5.365959167480469,-4.2859110832214355,1
Clemson-DND_p309_c1_grm_std_uni,1,5.463470458984375,-4.3601555824279785,1
Clemson-DND_p309_c1_grm_std_uni,1,5.517376899719238,-4.484198093414307,1
Clemson-DND_p309_c1_grm_std_uni,1,5.6312384605407715,-4.6643877029418945,1
Clemson-DND_p309_c1_grm_std_uni,1,5.706717014312744,-4.794859409332275,1
Clemson-DND_p309_c1_grm_std_uni,1,5.737707614898682,-5.018321514129639,1
Clemson-DND_p309_c1_grm_std_uni,1,5.865115642547607,-4.868431568145752,1
Clemson-DND_p309_c1_grm_std_uni,1,5.698124885559082,-4.451173782348633,1
Clemson-DND_p309_c1_grm_std_uni,1,5.158271312713623,-3.907058000564575,1
Clemson-DND_p309_c1_grm_std_uni,1,5.207028865814209,-3.7442092895507812,1
Clemson-DND_p309_c1_grm_std_uni,1,5.347010612487793,-3.93235182762146,1
Clemson-DND_p309_c1_grm_std_uni,1,5.602200031280518,-4.335940361022949,1
Clemson-DND_p309_c1_grm_std_uni,1,5.6689348220825195,-4.486934185028076,1
Clemson-DND_p309_c1_grm_std_uni,1,4.953505992889404,-3.646660327911377,1
Clemson-DND_p309_c1_grm_std_uni,1,4.620421886444092,-3.444134473800659,1
Clemson-DND_p309_c1_grm_std_uni,1,4.97038459777832,-3.3273820877075195,1
Clemson-DND_p309_c1_grm_std_uni,1,4.529455661773682,-3.252323627471924,1
Clemson-DND_p309_c1_grm_std_uni,1,4.670559406280518,-3.1605372428894043,1
Clemson-DND_p309_c1_grm_std_uni,1,4.185750961303711,-2.782371759414673,1
Clemson-DND_p309_c1_grm_std_uni,1,3.9286646842956543,-2.689932107925415,1
Clemson-DND_p309_c1_grm_std_uni,1,4.790400981903076,-3.6680338382720947,1
Clemson-DND_p309_c1_grm_std_uni,1,4.842657566070557,-3.6483616828918457,1
Clemson-DND_p309_c1_grm_std_uni,1,5.425142288208008,-4.7152228355407715,1
Clemson-DND_p309_c1_grm_std_uni,1,6.187857151031494,-5.403831481933594,1
Clemson-DND_p309_c1_grm_std_uni,1,6.110470771789551,-4.965910911560059,1
Clemson-DND_p309_c1_grm_std_uni,1,6.639296054840088,-5.508591651916504,1
Clemson-DND_p309_c1_grm_std_uni,1,7.1739115715026855,-6.105674743652344,1
Clemson-DND_p309_c1_grm_std_uni,1,6.983057022094727,-5.5524468421936035,1
Clemson-DND_p309_c1_grm_std_uni,1,5.82057523727417,-3.9481077194213867,1
Clemson-DND_p309_c1_grm_std_uni,1,5.35670280456543,-3.6248672008514404,1
Clemson-DND_p309_c1_grm_std_uni,1,5.08789587020874,-3.878800392150879,1
Clemson-DND_p309_c1_grm_std_uni,1,5.061027526855469,-4.179159641265869,1
Clemson-DND_p309_c1_grm_std_uni,1,5.3646745681762695,-4.436593055725098,1
Clemson-DND_p309_c1_grm_std_uni,1,5.608863353729248,-4.472532272338867,1
Clemson-DND_p309_c1_grm_std_uni,1,5.449412822723389,-4.559863567352295,1
Clemson-DND_p309_c1_grm_std_uni,1,5.704841136932373,-4.57323694229126,1
Clemson-DND_p309_c1_grm_std_uni,1,6.344876766204834,-5.223728656768799,1
Clemson-DND_p309_c1_grm_std_uni,1,6.758419513702393,-5.517885208129883,1
Clemson-DND_p309_c1_grm_std_uni,1,6.41798734664917,-5.355741024017334,1
Clemson-DND_p309_c1_grm_std_uni,1,5.736741065979004,-4.610907077789307,1
Clemson-DND_p309_c1_grm_std_uni,1,5.8692731857299805,-4.891493320465088,1
Clemson-DND_p309_c1_grm_std_uni,1,6.156162738800049,-5.187240123748779,1
Clemson-DND_p309_c1_grm_std_uni,1,6.1571125984191895,-5.528110027313232,1
Clemson-DND_p309_c1_grm_std_uni,1,6.467713356018066,-6.120611667633057,1
Clemson-DND_p309_c1_grm_std_uni,1,6.519904613494873,-6.0719404220581055,1
Clemson-DND_p309_c1_grm_std_uni,1,6.4418463706970215,-6.13986873626709,1
Clemson-DND_p309_c1_grm_std_uni,1,6.7473297119140625,-6.607271671295166,1
Clemson-DND_p309_c1_grm_std_uni,1,6.930954933166504,-6.923708438873291,1
Clemson-DND_p309_c1_grm_std_uni,1,7.042601108551025,-7.00325345993042,1
Clemson-DND_p309_c1_grm_std_uni,1,6.85883092880249,-6.440028190612793,1
Clemson-DND_p309_c1_grm_std_uni,1,6.617079257965088,-5.29552698135376,1
Clemson-DND_p309_c1_grm_std_uni,1,5.229856967926025,-3.8956899642944336,1
Clemson-DND_p309_c1_grm_std_uni,1,5.1338934898376465,-3.5462145805358887,1
Clemson-DND_p309_c1_grm_std_uni,1,4.989151477813721,-3.589780569076538,1
Clemson-DND_p309_c1_grm_std_uni,1,4.513298988342285,-3.6785025596618652,1
Clemson-DND_p309_c1_grm_std_uni,1,5.365148544311523,-5.065967082977295,1
Clemson-DND_p309_c1_grm_std_uni,1,5.9615349769592285,-5.735063552856445,1
Clemson-DND_p309_c1_grm_std_uni,1,6.667971611022949,-6.451351642608643,1
Clemson-DND_p309_c1_grm_std_uni,1,6.804138660430908,-6.901362419128418,1
Clemson-DND_p309_c1_grm_std_uni,1,7.185471534729004,-7.045381546020508,1
Clemson-DND_p309_c1_grm_std_uni,1,7.207220554351807,-6.883218765258789,1
Clemson-DND_p309_c1_grm_std_uni,1,6.741044521331787,-6.475459575653076,1
Clemson-DND_p309_c1_grm_std_uni,1,7.147371768951416,-6.8215131759643555,1
Clemson-DND_p309_c1_grm_std_uni,1,7.135685443878174,-6.690208435058594,1
Clemson-DND_p309_c1_grm_std_uni,1,7.194825649261475,-6.378495216369629,1
Clemson-DND_p309_c1_grm_std_uni,1,7.428002834320068,-6.5326409339904785,1
Clemson-DND_p309_c1_grm_std_uni,1,7.185293674468994,-6.458693027496338,1
Clemson-DND_p309_c1_grm_std_uni,1,5.981504917144775,-5.533368110656738,1
Clemson-DND_p309_c1_grm_std_uni,1,4.633248329162598,-4.240368843078613,1
Clemson-DND_p309_c1_grm_std_uni,1,4.87143611907959,-4.242925643920898,1
Clemson-DND_p309_c1_grm_std_uni,1,3.521439552307129,-3.0210721492767334,1
Clemson-DND_p309_c1_grm_std_uni,1,2.601062774658203,-2.1308188438415527,1
Clemson-DND_p309_c1_grm_std_uni,1,2.9358749389648438,-3.4248132705688477,1
Clemson-DND_p309_c1_grm_std_uni,1,3.6449027061462402,-4.316014766693115,1
Clemson-DND_p309_c1_grm_std_uni,1,4.6329216957092285,-5.29448938369751,1
Clemson-DND_p309_c1_grm_std_uni,1,5.6422119140625,-6.238302707672119,1
Clemson-DND_p309_c1_grm_std_uni,1,6.286749839782715,-6.861580848693848,1
Clemson-DND_p309_c1_grm_std_uni,1,6.3411993980407715,-6.550440311431885,1
Clemson-DND_p309_c1_grm_std_uni,1,6.318737983703613,-6.183602333068848,1
Clemson-DND_p309_c1_grm_std_uni,1,5.961734294891357,-5.827663898468018,1
Clemson-DND_p309_c1_grm_std_uni,1,2.7101354598999023,-3.135773181915283,1
Clemson-DND_p309_c1_grm_std_uni,1,2.647160291671753,-2.424980640411377,1
Clemson-DND_p309_c1_grm_std_uni,1,3.5363364219665527,-3.1866753101348877,1
Clemson-DND_p309_c1_grm_std_uni,1,4.3726725578308105,-4.318435192108154,1
Clemson-DND_p309_c1_grm_std_uni,1,6.04826021194458,-5.449213981628418,1
Clemson-DND_p309_c1_grm_std_uni,1,7.16721248626709,-6.319450855255127,1
Clemson-DND_p309_c1_grm_std_uni,1,7.408473491668701,-7.322878837585449,1
Clemson-DND_p309_c1_grm_std_uni,1,7.6155104637146,-8.0712308883667,1
Clemson-DND_p309_c1_grm_std_uni,1,7.111240863800049,-7.132551193237305,1
Clemson-DND_p309_c1_grm_std_uni,1,6.6045241355896,-6.0822834968566895,1
Clemson-DND_p309_c1_grm_std_uni,1,6.018212795257568,-4.931968688964844,1
Clemson-DND_p309_c1_grm_std_uni,1,5.47148323059082,-4.656620502471924,1
Clemson-DND_p309_c1_grm_std_uni,1,4.667323589324951,-3.9448933601379395,1
Clemson-DND_p309_c1_grm_std_uni,1,4.238579750061035,-3.2341463565826416,1
Clemson-DND_p309_c1_grm_std_uni,1,4.444183826446533,-3.8444738388061523,1
Clemson-DND_p309_c1_grm_std_uni,1,5.627852439880371,-5.0737762451171875,1
Clemson-DND_p309_c1_grm_std_uni,1,5.668333053588867,-5.006661891937256,1
Clemson-DND_p309_c1_grm_std_uni,1,6.6656036376953125,-5.7187395095825195,1
Clemson-DND_p309_c1_grm_std_uni,1,6.084619045257568,-5.710136413574219,1
Clemson-DND_p309_c1_grm_std_uni,1,5.505269527435303,-4.345341205596924,1
Clemson-DND_p309_c1_grm_std_uni,1,5.531225681304932,-4.498961448669434,1
Clemson-DND_p309_c1_grm_std_uni,1,5.349737644195557,-4.3830647468566895,1
Clemson-DND_p309_c1_grm_std_uni,1,5.164234638214111,-3.9157586097717285,1
Clemson-DND_p309_c1_grm_std_uni,1,4.68003511428833,-3.752903938293457,1
Clemson-DND_p309_c1_grm_std_uni,1,5.357892990112305,-4.6341471672058105,1
Clemson-DND_p309_c1_grm_std_uni,1,5.820580005645752,-4.708621501922607,1
Clemson-DND_p309_c1_grm_std_uni,1,6.164392471313477,-4.7688469886779785,1
Clemson-DND_p309_c1_grm_std_uni,1,6.071232795715332,-4.426633358001709,1
Clemson-DND_p309_c1_grm_std_uni,1,6.144713878631592,-4.504386901855469,1
Clemson-DND_p309_c1_grm_std_uni,1,5.9780449867248535,-4.328301429748535,1
Clemson-DND_p309_c1_grm_std_uni,1,6.051674842834473,-4.457267761230469,1
Clemson-DND_p309_c1_grm_std_uni,1,6.200856685638428,-4.545764446258545,1
Clemson-DND_p309_c1_grm_std_uni,1,6.415229797363281,-4.585745811462402,1
Clemson-DND_p309_c1_grm_std_uni,1,6.461592674255371,-4.66606330871582,1
Clemson-DND_p309_c1_grm_std_uni,1,6.706848621368408,-4.837098598480225,1
Clemson-DND_p309_c1_grm_std_uni,1,6.399386882781982,-4.451176643371582,1
Clemson-DND_p309_c1_grm_std_uni,1,6.000727653503418,-4.033883571624756,1
Clemson-DND_p309_c1_grm_std_uni,1,5.650308132171631,-3.6279404163360596,1
Clemson-DND_p309_c1_grm_std_uni,1,5.109341144561768,-3.027311086654663,1
Clemson-DND_p309_c1_grm_std_uni,1,4.7817301750183105,-3.198396921157837,1
Clemson-DND_p309_c1_grm_std_uni,1,4.627655029296875,-3.3469531536102295,1
Clemson-DND_p309_c1_grm_std_uni,1,4.9632110595703125,-3.5584800243377686,1
Clemson-DND_p309_c1_grm_std_uni,1,4.826643943786621,-3.705579996109009,1
Clemson-DND_p309_c1_grm_std_uni,1,4.463259696960449,-3.793102264404297,1
Clemson-DND_p309_c1_grm_std_uni,1,5.09032678604126,-4.05379056930542,1
Clemson-DND_p309_c1_grm_std_uni,1,5.2105393409729,-4.070461273193359,1
Clemson-DND_p309_c1_grm_std_uni,1,5.304802417755127,-4.099730968475342,1
Clemson-DND_p309_c1_grm_std_uni,1,4.8828887939453125,-3.595069169998169,1
Clemson-DND_p309_c1_grm_std_uni,1,4.889341354370117,-3.4832468032836914,1
Clemson-DND_p309_c1_grm_std_uni,1,4.687575340270996,-2.877551555633545,1
Clemson-DND_p309_c1_grm_std_uni,1,4.820463180541992,-3.4831173419952393,1
Clemson-DND_p309_c1_grm_std_uni,1,4.249790668487549,-2.9685800075531006,1
Clemson-DND_p309_c1_grm_std_uni,1,4.653739929199219,-3.4147119522094727,1
Clemson-DND_p309_c1_grm_std_uni,1,5.088401794433594,-4.2105021476745605,1
Clemson-DND_p309_c1_grm_std_uni,1,5.190463066101074,-4.379287242889404,1
Clemson-DND_p309_c1_grm_std_uni,1,5.225584030151367,-4.436619281768799,1
Clemson-DND_p309_c1_grm_std_uni,1,5.353414058685303,-4.071190357208252,1
Clemson-DND_p309_c1_grm_std_uni,1,5.446018695831299,-4.0159478187561035,1
Clemson-DND_p309_c1_grm_std_uni,1,5.926651477813721,-4.300355434417725,1
Clemson-DND_p309_c1_grm_std_uni,1,5.89914083480835,-4.250068187713623,1
Clemson-DND_p309_c1_grm_std_uni,1,5.642952919006348,-4.062765121459961,1
Clemson-DND_p309_c1_grm_std_uni,1,5.2576141357421875,-3.8006486892700195,1
Clemson-DND_p309_c1_grm_std_uni,1,5.124391555786133,-3.313605546951294,1
Clemson-DND_p309_c1_grm_std_uni,1,5.14143180847168,-3.3513691425323486,1
Clemson-DND_p309_c1_grm_std_uni,1,4.745920181274414,-3.132296562194824,1
Clemson-DND_p309_c1_grm_std_uni,1,4.254591464996338,-2.9969067573547363,1
Clemson-DND_p309_c1_grm_std_uni,2,4.896136283874512,-3.4693796634674072,1
Clemson-DND_p309_c1_grm_std_uni,1,4.8704142570495605,-3.9577386379241943,1
Clemson-DND_p309_c1_grm_std_uni,1,5.033671855926514,-4.150824546813965,1
Clemson-DND_p309_c1_grm_std_uni,1,5.2855730056762695,-4.890635013580322,1
Clemson-DND_p309_c1_grm_std_uni,1,5.369216442108154,-4.521090984344482,1
Clemson-DND_p309_c1_grm_std_uni,1,6.0919084548950195,-5.045685768127441,1
Clemson-DND_p309_c1_grm_std_uni,1,6.288186073303223,-4.895096302032471,1
Clemson-DND_p309_c1_grm_std_uni,1,5.92884635925293,-4.64306116104126,1
Clemson-DND_p309_c1_grm_std_uni,1,5.368298530578613,-3.4962527751922607,1
Clemson-DND_p309_c1_grm_std_uni,1,5.375587463378906,-3.6539199352264404,1
Clemson-DND_p309_c1_grm_std_uni,1,5.612252712249756,-4.081860542297363,1
Clemson-DND_p309_c1_grm_std_uni,1,6.025454521179199,-4.692644119262695,1
Clemson-DND_p309_c1_grm_std_uni,1,5.689096927642822,-4.416219711303711,1
Clemson-DND_p309_c1_grm_std_uni,1,5.864739894866943,-4.409219741821289,1
Clemson-DND_p309_c1_grm_std_uni,1,5.900515556335449,-4.216973304748535,1
Clemson-DND_p309_c1_grm_std_uni,1,6.382979393005371,-4.936676502227783,1
Clemson-DND_p309_c1_grm_std_uni,1,6.7526535987854,-5.106474876403809,1
Clemson-DND_p309_c1_grm_std_uni,1,6.337955951690674,-4.871124267578125,1
Clemson-DND_p309_c1_grm_std_uni,1,6.087214946746826,-4.515693664550781,1
Clemson-DND_p309_c1_grm_std_uni,1,6.174365043640137,-4.608490943908691,1
Clemson-DND_p309_c1_grm_std_uni,1,6.529983043670654,-4.856099605560303,1
Clemson-DND_p309_c1_grm_std_uni,1,6.430314064025879,-4.676555156707764,1
Clemson-DND_p309_c1_grm_std_uni,1,6.0128703117370605,-4.3408637046813965,1
Clemson-DND_p309_c1_grm_std_uni,1,5.77274227142334,-4.084429740905762,1
Clemson-DND_p309_c1_grm_std_uni,1,5.592319011688232,-3.9698266983032227,1
Clemson-DND_p309_c1_grm_std_uni,1,5.651538372039795,-4.159756183624268,1
Clemson-DND_p309_c1_grm_std_uni,1,5.763354778289795,-4.2674736976623535,1
Clemson-DND_p309_c1_grm_std_uni,1,6.19952917098999,-4.3178019523620605,1
Clemson-DND_p309_c1_grm_std_uni,1,6.15909481048584,-4.271978378295898,1
Clemson-DND_p309_c1_grm_std_uni,1,5.940733432769775,-4.327258110046387,1
Clemson-DND_p309_c1_grm_std_uni,1,5.8198466300964355,-4.3662333488464355,1
Clemson-DND_p309_c1_grm_std_uni,1,6.0371904373168945,-4.546930313110352,1
Clemson-DND_p309_c1_grm_std_uni,1,6.606907844543457,-4.948239803314209,1
Clemson-DND_p309_c1_grm_std_uni,1,6.9729390144348145,-5.236917018890381,1
Clemson-DND_p309_c1_grm_std_uni,1,6.9513020515441895,-5.374148368835449,1
Clemson-DND_p309_c1_grm_std_uni,1,6.215576171875,-4.469532489776611,1
Clemson-DND_p309_c1_grm_std_uni,1,5.699986457824707,-3.9324467182159424,1
Clemson-DND_p309_c1_grm_std_uni,1,5.553919792175293,-4.019532680511475,1
Clemson-DND_p309_c1_grm_std_uni,1,5.376867771148682,-3.8772828578948975,1
Clemson-DND_p309_c1_grm_std_uni,1,5.189715385437012,-3.693107843399048,1
Clemson-DND_p309_c1_grm_std_uni,1,4.827265739440918,-3.423391819000244,1
Clemson-DND_p309_c1_grm_std_uni,1,4.773085594177246,-3.403021812438965,1
Clemson-DND_p309_c1_grm_std_uni,1,4.776346683502197,-3.343047618865967,1
Clemson-DND_p309_c1_grm_std_uni,1,5.1609697341918945,-3.8094279766082764,1
Clemson-DND_p309_c1_grm_std_uni,1,5.306769847869873,-4.029707431793213,1
Clemson-DND_p309_c1_grm_std_uni,1,5.256986141204834,-4.227726936340332,1
Clemson-DND_p309_c1_grm_std_uni,1,5.085705757141113,-4.296257019042969,1
Clemson-DND_p309_c1_grm_std_uni,1,5.027218341827393,-4.194585800170898,1
Clemson-DND_p309_c1_grm_std_uni,1,5.048841953277588,-4.10659646987915,1
Clemson-DND_p309_c1_grm_std_uni,1,4.684106826782227,-3.6451916694641113,1
Clemson-DND_p309_c1_grm_std_uni,1,5.020710468292236,-3.20336651802063,1
Clemson-DND_p309_c1_grm_std_uni,1,4.499766826629639,-2.845493793487549,1
Clemson-DND_p309_c1_grm_std_uni,1,4.388514518737793,-2.783214807510376,1
Clemson-DND_p309_c1_grm_std_uni,1,4.717745780944824,-3.2276673316955566,1
Clemson-DND_p309_c1_grm_std_uni,1,3.7811131477355957,-2.663673162460327,1
Clemson-DND_p309_c1_grm_std_uni,1,3.967080593109131,-3.2341601848602295,1
Clemson-DND_p309_c1_grm_std_uni,1,5.055953502655029,-4.119596004486084,1
Clemson-DND_p309_c1_grm_std_uni,1,5.22307014465332,-4.0249924659729,1
Clemson-DND_p309_c1_grm_std_uni,1,5.518590927124023,-4.577275276184082,1
Clemson-DND_p309_c1_grm_std_uni,1,5.500813007354736,-4.579248428344727,1
Clemson-DND_p309_c1_grm_std_uni,1,6.159212589263916,-5.137910842895508,1
Clemson-DND_p309_c1_grm_std_uni,1,6.418514728546143,-5.3842267990112305,1
Clemson-DND_p309_c1_grm_std_uni,1,6.682655334472656,-5.369959354400635,1
Clemson-DND_p309_c1_grm_std_uni,1,5.710681438446045,-4.143912315368652,1
Clemson-DND_p309_c1_grm_std_uni,1,5.495222091674805,-3.891125202178955,1
Clemson-DND_p309_c1_grm_std_uni,1,5.404650688171387,-3.6479947566986084,1
Clemson-DND_p309_c1_grm_std_uni,1,4.850514888763428,-3.0893404483795166,1
Clemson-DND_p309_c1_grm_std_uni,1,4.790220260620117,-3.0987329483032227,1
Clemson-DND_p309_c1_grm_std_uni,1,4.66531229019165,-2.9502909183502197,1
Clemson-DND_p309_c1_grm_std_uni,1,4.26809549331665,-2.7792255878448486,1
Clemson-DND_p309_c1_grm_std_uni,1,4.592851638793945,-3.2182400226593018,1
Clemson-DND_p309_c1_grm_std_uni,1,4.934182167053223,-3.817176580429077,1
Clemson-DND_p309_c1_grm_std_uni,1,5.054746150970459,-4.130687236785889,1
Clemson-DND_p309_c1_grm_std_uni,1,5.433624267578125,-4.224155902862549,1
Clemson-DND_p309_c1_grm_std_uni,1,5.628964900970459,-4.343445301055908,1
Clemson-DND_p309_c1_grm_std_uni,1,5.842401027679443,-4.402022838592529,1
Clemson-DND_p309_c1_grm_std_uni,1,5.989561557769775,-4.5724334716796875,1
Clemson-DND_p309_c1_grm_std_uni,1,5.8711628913879395,-4.405911445617676,1
Clemson-DND_p309_c1_grm_std_uni,1,5.4711761474609375,-3.9852707386016846,1
Clemson-DND_p309_c1_grm_std_uni,1,5.585829257965088,-3.9920852184295654,1
Clemson-DND_p309_c1_grm_std_uni,1,5.261834144592285,-3.7578349113464355,1
Clemson-DND_p309_c1_grm_std_uni,1,5.6223063468933105,-4.34142541885376,1
Clemson-DND_p309_c1_grm_std_uni,1,5.961906909942627,-4.669734001159668,1
Clemson-DND_p309_c1_grm_std_uni,1,6.155689716339111,-4.69366455078125,1
Clemson-DND_p309_c1_grm_std_uni,1,5.87451171875,-4.581216335296631,1
Clemson-DND_p309_c1_grm_std_uni,1,5.703277587890625,-4.6602396965026855,1
Clemson-DND_p309_c1_grm_std_uni,1,5.7013092041015625,-4.599462032318115,1
Clemson-DND_p309_c1_grm_std_uni,1,5.793887138366699,-4.6678547859191895,1
Clemson-DND_p309_c1_grm_std_uni,1,5.909875392913818,-4.6919426918029785,1
Clemson-DND_p309_c1_grm_std_uni,1,5.730416774749756,-4.568867206573486,1
Clemson-DND_p309_c1_grm_std_uni,1,5.337725639343262,-3.8353190422058105,1
Clemson-DND_p309_c1_grm_std_uni,1,5.183975696563721,-3.5693929195404053,1
Clemson-DND_p309_c1_grm_std_uni,1,5.515334129333496,-3.817195177078247,1
Clemson-DND_p309_c1_grm_std_uni,1,5.732082843780518,-3.9497289657592773,1
Clemson-DND_p309_c1_grm_std_uni,1,5.276586532592773,-3.6653964519500732,1
Clemson-DND_p309_c1_grm_std_uni,1,4.757708549499512,-3.027522325515747,1
Clemson-DND_p309_c1_grm_std_uni,1,4.733055114746094,-2.9049782752990723,1
Clemson-DND_p309_c1_grm_std_uni,1,4.591996669769287,-2.924117088317871,1
Clemson-DND_p309_c1_grm_std_uni,1,4.328629493713379,-2.866364002227783,1
Clemson-DND_p309_c1_grm_std_uni,1,3.825782537460327,-2.61466121673584,1
Clemson-DND_p309_c1_grm_std_uni,1,4.738168239593506,-3.7049100399017334,1
Clemson-DND_p309_c1_grm_std_uni,1,5.0745391845703125,-3.9395358562469482,1
Clemson-DND_p309_c1_grm_std_uni,1,5.339846611022949,-4.570900917053223,1
Clemson-DND_p309_c1_grm_std_uni,1,5.965672969818115,-4.986867904663086,1
Clemson-DND_p309_c1_grm_std_uni,1,6.051727294921875,-4.945412635803223,1
Clemson-DND_p309_c1_grm_std_uni,1,6.7032389640808105,-5.4385480880737305,1
Clemson-DND_p309_c1_grm_std_uni,1,6.648133754730225,-5.427703380584717,1
Clemson-DND_p309_c1_grm_std_uni,1,6.918222427368164,-5.29340934753418,1
Clemson-DND_p309_c1_grm_std_uni,1,6.1918535232543945,-4.319266319274902,1
Clemson-DND_p309_c1_grm_std_uni,1,5.86937952041626,-4.128978252410889,1
Clemson-DND_p309_c1_grm_std_uni,1,5.8618645668029785,-4.0935163497924805,1
Clemson-DND_p309_c1_grm_std_uni,1,5.721096992492676,-3.8996684551239014,1
Clemson-DND_p309_c1_grm_std_uni,1,5.662631511688232,-3.857128620147705,1
Clemson-DND_p309_c1_grm_std_uni,1,5.463209629058838,-3.7959845066070557,1
Clemson-DND_p309_c1_grm_std_uni,1,5.629256725311279,-4.247030735015869,1
Clemson-DND_p309_c1_grm_std_uni,1,5.893124103546143,-4.5880126953125,1
Clemson-DND_p309_c1_grm_std_uni,1,5.9603095054626465,-4.750818252563477,1
Clemson-DND_p309_c1_grm_std_uni,1,5.987224102020264,-4.880555629730225,1
Clemson-DND_p309_c1_grm_std_uni,1,5.855274677276611,-4.610164165496826,1
Clemson-DND_p309_c1_grm_std_uni,1,5.843358039855957,-4.365641117095947,1
Clemson-DND_p309_c1_grm_std_uni,1,5.465315341949463,-3.900529384613037,1
Clemson-DND_p309_c1_grm_std_uni,1,5.291772842407227,-3.8873088359832764,1
Clemson-DND_p309_c1_grm_std_uni,1,4.739800453186035,-3.49021577835083,1
Clemson-DND_p309_c1_grm_std_uni,1,4.320241451263428,-3.0741078853607178,1
Clemson-DND_p309_c1_grm_std_uni,1,4.310357570648193,-3.3557281494140625,1
Clemson-DND_p309_c1_grm_std_uni,1,4.971731662750244,-3.9698615074157715,1
Clemson-DND_p309_c1_grm_std_uni,1,5.107892990112305,-3.9318416118621826,1
Clemson-DND_p309_c1_grm_std_uni,1,5.232312202453613,-3.7992939949035645,1
Clemson-DND_p309_c1_grm_std_uni,1,5.827818870544434,-5.031186580657959,1
Clemson-DND_p309_c1_grm_std_uni,1,6.021381855010986,-5.21696138381958,1
Clemson-DND_p309_c1_grm_std_uni,1,6.911752700805664,-5.899282932281494,1
Clemson-DND_p309_c1_grm_std_uni,1,6.789473056793213,-5.874104976654053,1
Clemson-DND_p309_c1_grm_std_uni,1,6.268956661224365,-4.751668930053711,1
Clemson-DND_p309_c1_grm_std_uni,1,5.315073013305664,-4.14067268371582,1
Clemson-DND_p309_c1_grm_std_uni,1,5.188971042633057,-3.8970413208007812,1
Clemson-DND_p309_c1_grm_std_uni,1,5.188201904296875,-3.939892530441284,1
Clemson-DND_p309_c1_grm_std_uni,1,5.177760601043701,-4.233820915222168,1
Clemson-DND_p309_c1_grm_std_uni,1,5.62955904006958,-4.447134017944336,1
Clemson-DND_p309_c1_grm_std_uni,1,4.361880302429199,-3.6074724197387695,1
Clemson-DND_p309_c1_grm_std_uni,1,4.455543518066406,-3.712428569793701,1
Clemson-DND_p309_c1_grm_std_uni,1,5.0829267501831055,-4.14859676361084,1
Clemson-DND_p309_c1_grm_std_uni,1,4.854647159576416,-3.826793909072876,1
Clemson-DND_p309_c1_grm_std_uni,2,4.394482612609863,-3.453439474105835,1
Clemson-DND_p309_c1_grm_std_uni,1,4.654868125915527,-3.801922559738159,1
Clemson-DND_p309_c1_grm_std_uni,1,5.412905693054199,-4.3220109939575195,1
Clemson-DND_p309_c1_grm_std_uni,1,5.100180149078369,-4.356451511383057,1
Clemson-DND_p309_c1_grm_std_uni,1,5.27474308013916,-4.802864074707031,1
Clemson-DND_p309_c1_grm_std_uni,1,4.946539402008057,-4.16660737991333,1
Clemson-DND_p309_c1_grm_std_uni,1,4.932995319366455,-3.5847175121307373,1
Clemson-DND_p309_c1_grm_std_uni,1,5.1950764656066895,-4.2083611488342285,1
Clemson-DND_p309_c1_grm_std_uni,1,5.360417366027832,-4.356842994689941,1
Clemson-DND_p309_c1_grm_std_uni,1,4.9736175537109375,-3.5613434314727783,1
Clemson-DND_p309_c1_grm_std_uni,1,5.353442668914795,-4.247217655181885,1
Clemson-DND_p309_c1_grm_std_uni,1,5.672708034515381,-4.626735210418701,1
Clemson-DND_p309_c1_grm_std_uni,1,5.832090377807617,-4.922815799713135,1
Clemson-DND_p309_c1_grm_std_uni,1,5.353921890258789,-4.527383327484131,1
Clemson-DND_p309_c1_grm_std_uni,1,5.170939922332764,-4.083608627319336,1
Clemson-DND_p309_c1_grm_std_uni,1,5.354177474975586,-4.171181678771973,1
Clemson-DND_p309_c1_grm_std_uni,1,5.467310428619385,-4.17574405670166,1
Clemson-DND_p309_c1_grm_std_uni,1,5.5990777015686035,-4.3317389488220215,1
Clemson-DND_p309_c1_grm_std_uni,1,5.399380207061768,-4.30955171585083,1
Clemson-DND_p309_c1_grm_std_uni,1,5.170010089874268,-4.0571675300598145,1
Clemson-DND_p309_c1_grm_std_uni,1,5.668023109436035,-4.445225238800049,1
Clemson-DND_p309_c1_grm_std_uni,1,5.70071268081665,-4.140852451324463,1
Clemson-DND_p309_c1_grm_std_uni,1,5.317406177520752,-3.8224427700042725,1
Clemson-DND_p309_c1_grm_std_uni,1,4.959792613983154,-3.7808730602264404,1
Clemson-DND_p309_c1_grm_std_uni,1,4.651350021362305,-3.5537333488464355,1
Clemson-DND_p309_c1_grm_std_uni,1,4.406767845153809,-3.351274013519287,1
Clemson-DND_p309_c1_grm_std_uni,1,4.638947010040283,-3.736983060836792,1
Clemson-DND_p309_c1_grm_std_uni,1,5.00454568862915,-4.193793773651123,1
Clemson-DND_p309_c1_grm_std_uni,1,4.959259510040283,-3.958540678024292,1
Clemson-DND_p309_c1_grm_std_uni,1,4.981721878051758,-3.653367280960083,1
Clemson-DND_p309_c1_grm_std_uni,1,4.943338871002197,-3.6604058742523193,1
Clemson-DND_p309_c1_grm_std_uni,1,4.993600368499756,-3.637249708175659,1
Clemson-DND_p309_c1_grm_std_uni,1,5.053100109100342,-3.9125492572784424,1
Clemson-DND_p309_c1_grm_std_uni,1,5.049645900726318,-3.923408269882202,1
Clemson-DND_p309_c1_grm_std_uni,1,4.656299114227295,-3.5422327518463135,1
Clemson-DND_p309_c1_grm_std_uni,1,4.75816011428833,-3.762939453125,1
Clemson-DND_p309_c1_grm_std_uni,1,5.0575385093688965,-4.163834571838379,1
Clemson-DND_p309_c1_grm_std_uni,1,4.955022811889648,-4.121053695678711,1
Clemson-DND_p309_c1_grm_std_uni,1,5.331360340118408,-4.240561485290527,1
Clemson-DND_p309_c1_grm_std_uni,1,5.137840747833252,-4.188752174377441,1
Clemson-DND_p309_c1_grm_std_uni,1,5.251910209655762,-4.119223594665527,1
Clemson-DND_p309_c1_grm_std_uni,1,4.721087455749512,-3.4305930137634277,1
Clemson-DND_p309_c1_grm_std_uni,1,4.441394329071045,-2.8487472534179688,1
Clemson-DND_p309_c1_grm_std_uni,1,3.4448399543762207,-2.174922466278076,1
Clemson-DND_p309_c1_grm_std_uni,1,4.008943557739258,-3.0910990238189697,1
Clemson-DND_p309_c1_grm_std_uni,1,4.7081804275512695,-3.8315465450286865,1
Clemson-DND_p309_c1_grm_std_uni,1,5.371439456939697,-4.407040119171143,1
Clemson-DND_p309_c1_grm_std_uni,1,5.812894344329834,-4.584744453430176,1
Clemson-DND_p309_c1_grm_std_uni,1,5.946798324584961,-4.733980178833008,1
Clemson-DND_p309_c1_grm_std_uni,1,5.953817367553711,-4.757215976715088,1
Clemson-DND_p309_c1_grm_std_uni,1,5.762932777404785,-4.657240390777588,1
Clemson-DND_p309_c1_grm_std_uni,1,5.503402233123779,-4.513199329376221,1
Clemson-DND_p309_c1_grm_std_uni,1,5.411915302276611,-4.091574192047119,1
Clemson-DND_p309_c1_grm_std_uni,1,5.591166019439697,-4.1678595542907715,1
Clemson-DND_p309_c1_grm_std_uni,1,5.698090076446533,-4.223639488220215,1
Clemson-DND_p309_c1_grm_std_uni,1,5.653312683105469,-4.004807472229004,1
Clemson-DND_p309_c1_grm_std_uni,1,5.832648754119873,-4.177369594573975,1
Clemson-DND_p309_c1_grm_std_uni,1,5.398016452789307,-4.039616107940674,1
Clemson-DND_p309_c1_grm_std_uni,1,5.2217116355896,-3.8780500888824463,1
Clemson-DND_p309_c1_grm_std_uni,1,4.268808364868164,-3.3443496227264404,1
Clemson-DND_p309_c1_grm_std_uni,1,4.890136241912842,-3.961102247238159,1
Clemson-DND_p309_c1_grm_std_uni,1,4.7788896560668945,-3.691882848739624,1
Clemson-DND_p309_c1_grm_std_uni,1,4.943836688995361,-4.002753734588623,1
Clemson-DND_p309_c1_grm_std_uni,1,5.01609468460083,-4.074756145477295,1
Clemson-DND_p309_c1_grm_std_uni,1,4.985323905944824,-3.9548659324645996,1
Clemson-DND_p309_c1_grm_std_uni,1,5.152262210845947,-4.260514259338379,1
Clemson-DND_p309_c1_grm_std_uni,1,5.64909029006958,-4.686587810516357,1
Clemson-DND_p309_c1_grm_std_uni,1,5.896443843841553,-4.885873317718506,1
Clemson-DND_p309_c1_grm_std_uni,1,5.712811470031738,-4.627424240112305,1
Clemson-DND_p309_c1_grm_std_uni,1,5.223511695861816,-4.139242172241211,1
Clemson-DND_p309_c1_grm_std_uni,1,4.76931095123291,-3.395807981491089,1
Clemson-DND_p309_c1_grm_std_uni,1,4.70892858505249,-3.294192314147949,1
Clemson-DND_p309_c1_grm_std_uni,1,4.719752311706543,-3.3186824321746826,1
Clemson-DND_p309_c1_grm_std_uni,1,4.514407634735107,-3.0957489013671875,1
Clemson-DND_p309_c1_grm_std_uni,1,4.709920883178711,-3.480106830596924,1
Clemson-DND_p309_c1_grm_std_uni,1,5.483004570007324,-4.142313480377197,1
Clemson-DND_p309_c1_grm_std_uni,1,5.485783576965332,-4.380005836486816,1
Clemson-DND_p309_c1_grm_std_uni,1,5.538029670715332,-4.387368679046631,1
Clemson-DND_p309_c1_grm_std_uni,1,5.320281982421875,-4.178933620452881,1
Clemson-DND_p309_c1_grm_std_uni,1,5.138464450836182,-3.990370273590088,1
Clemson-DND_p309_c1_grm_std_uni,1,5.082700252532959,-3.8590941429138184,1
Clemson-DND_p309_c1_grm_std_uni,1,5.153108596801758,-3.855504274368286,1
Clemson-DND_p309_c1_grm_std_uni,1,5.0340046882629395,-3.609236717224121,1
Clemson-DND_p309_c1_grm_std_uni,1,5.242228984832764,-3.8654778003692627,1
Clemson-DND_p309_c1_grm_std_uni,1,5.308070659637451,-4.020607948303223,1
Clemson-DND_p309_c1_grm_std_uni,1,5.516699314117432,-4.199535369873047,1
Clemson-DND_p309_c1_grm_std_uni,1,5.332742691040039,-3.9138219356536865,1
Clemson-DND_p309_c1_grm_std_uni,1,5.62592887878418,-4.138644218444824,1
Clemson-DND_p309_c1_grm_std_uni,1,5.7351484298706055,-4.223431587219238,1
Clemson-DND_p309_c1_grm_std_uni,1,5.640340328216553,-3.9576497077941895,1
Clemson-DND_p309_c1_grm_std_uni,1,5.571310520172119,-3.9906015396118164,1
Clemson-DND_p309_c1_grm_std_uni,1,5.436747074127197,-3.832170009613037,1
Clemson-DND_p309_c1_grm_std_uni,1,5.467763900756836,-3.945115566253662,1
Clemson-DND_p309_c1_grm_std_uni,1,5.345861911773682,-3.7184793949127197,1
Clemson-DND_p309_c1_grm_std_uni,1,5.326357364654541,-3.792752742767334,1
Clemson-DND_p309_c1_grm_std_uni,1,5.175065994262695,-4.079837799072266,1
Clemson-DND_p309_c1_grm_std_uni,1,5.401276111602783,-4.32930850982666,1
Clemson-DND_p309_c1_grm_std_uni,1,5.446671485900879,-4.478354454040527,1
Clemson-DND_p309_c1_grm_std_uni,1,5.663156509399414,-4.620073318481445,1
Clemson-DND_p309_c1_grm_std_uni,1,5.852293014526367,-4.425169944763184,1
Clemson-DND_p309_c1_grm_std_uni,1,5.736271858215332,-4.041682720184326,1
Clemson-DND_p309_c1_grm_std_uni,1,5.616611003875732,-4.018599033355713,1
Clemson-DND_p309_c1_grm_std_uni,1,5.38615083694458,-3.8087525367736816,1
Clemson-DND_p309_c1_grm_std_uni,1,4.688047409057617,-3.596937894821167,1
Clemson-DND_p309_c1_grm_std_uni,1,5.327559947967529,-4.162078380584717,1
Clemson-DND_p309_c1_grm_std_uni,1,5.507171154022217,-4.391035556793213,1
Clemson-DND_p309_c1_grm_std_uni,1,5.06568717956543,-4.233824253082275,1
Clemson-DND_p309_c1_grm_std_uni,1,5.169919967651367,-4.040218830108643,1
Clemson-DND_p309_c1_grm_std_uni,1,5.611999034881592,-4.509430408477783,1
Clemson-DND_p309_c1_grm_std_uni,1,4.479921340942383,-3.2244420051574707,1
Clemson-DND_p309_c1_grm_std_uni,2,4.256026744842529,-3.0202667713165283,1
Clemson-DND_p309_c1_grm_std_uni,1,4.868508815765381,-3.660247564315796,1
Clemson-DND_p309_c1_grm_std_uni,1,5.358489990234375,-4.31545352935791,1
Clemson-DND_p309_c1_grm_std_uni,1,5.379885673522949,-4.553978443145752,1
Clemson-DND_p309_c1_grm_std_uni,1,5.554011344909668,-4.680182933807373,1
Clemson-DND_p309_c1_grm_std_uni,1,5.69295072555542,-4.777627468109131,1
Clemson-DND_p309_c1_grm_std_uni,1,5.7998433113098145,-5.0114240646362305,1
Clemson-DND_p309_c1_grm_std_uni,1,6.112121105194092,-5.115438461303711,1
Clemson-DND_p309_c1_grm_std_uni,1,6.008305549621582,-5.063729286193848,1
Clemson-DND_p309_c1_grm_std_uni,1,6.236782550811768,-5.127742290496826,1
Clemson-DND_p309_c1_grm_std_uni,1,6.226294994354248,-5.416757106781006,1
Clemson-DND_p309_c1_grm_std_uni,1,5.719780445098877,-4.68814754486084,1
Clemson-DND_p309_c1_grm_std_uni,1,4.926514148712158,-3.82228946685791,1
Clemson-DND_p309_c1_grm_std_uni,1,4.43700647354126,-3.3349454402923584,1
Clemson-DND_p309_c1_grm_std_uni,1,5.014465808868408,-4.135929107666016,1
Clemson-DND_p309_c1_grm_std_uni,1,5.0136919021606445,-4.3104939460754395,1
Clemson-DND_p309_c1_grm_std_uni,1,5.975255489349365,-5.064537525177002,1
Clemson-DND_p309_c1_grm_std_uni,1,6.415520668029785,-5.230981349945068,1
Clemson-DND_p309_c1_grm_std_uni,1,6.6825480461120605,-5.28887414932251,1
Clemson-DND_p309_c1_grm_std_uni,1,7.25472354888916,-6.406316757202148,1
Clemson-DND_p309_c1_grm_std_uni,1,7.186753273010254,-6.211943626403809,1
Clemson-DND_p309_c1_grm_std_uni,1,6.286640644073486,-5.143059253692627,1
Clemson-DND_p309_c1_grm_std_uni,1,6.052787780761719,-4.875747203826904,1
Clemson-DND_p309_c1_grm_std_uni,1,5.341761112213135,-4.437292575836182,1
Clemson-DND_p309_c1_grm_std_uni,1,4.348280429840088,-3.8302602767944336,1
Clemson-DND_p309_c1_grm_std_uni,1,4.381344795227051,-4.011293888092041,1
Clemson-DND_p309_c1_grm_std_uni,1,4.947079181671143,-4.218911170959473,1
Clemson-DND_p309_c1_grm_std_uni,1,5.32957124710083,-4.305521488189697,1
Clemson-DND_p309_c1_grm_std_uni,1,6.266842365264893,-4.947453022003174,1
Clemson-DND_p309_c1_grm_std_uni,1,7.354391098022461,-5.941034317016602,1
Clemson-DND_p309_c1_grm_std_uni,1,7.772914409637451,-6.705044746398926,1
Clemson-DND_p309_c1_grm_std_uni,1,7.787270545959473,-7.455210208892822,1
Clemson-DND_p309_c1_grm_std_uni,1,7.849653244018555,-7.822591304779053,1
Clemson-DND_p309_c1_grm_std_uni,1,7.372038841247559,-7.0615973472595215,1
Clemson-DND_p309_c1_grm_std_uni,1,6.744167804718018,-5.98175048828125,1
Clemson-DND_p309_c1_grm_std_uni,1,5.0921125411987305,-4.041337490081787,1
Clemson-DND_p309_c1_grm_std_uni,1,5.368810653686523,-4.318441867828369,1
Clemson-DND_p309_c1_grm_std_uni,1,5.815412998199463,-4.786612510681152,1
Clemson-DND_p309_c1_grm_std_uni,1,6.48324728012085,-5.112988471984863,1
Clemson-DND_p309_c1_grm_std_uni,1,6.67855978012085,-4.954434394836426,1
Clemson-DND_p309_c1_grm_std_uni,1,6.120500564575195,-4.328509330749512,1
Clemson-DND_p309_c1_grm_std_uni,1,5.6780266761779785,-4.197140216827393,1
Clemson-DND_p309_c1_grm_std_uni,1,5.53397798538208,-4.332563400268555,1
Clemson-DND_p309_c1_grm_std_uni,1,5.701098918914795,-4.5636091232299805,1
Clemson-DND_p309_c1_grm_std_uni,1,5.589668273925781,-4.3722758293151855,1
Clemson-DND_p309_c1_grm_std_uni,1,4.815062999725342,-3.5195319652557373,1
Clemson-DND_p309_c1_grm_std_uni,1,4.623992919921875,-3.4480173587799072,1
Clemson-DND_p309_c1_grm_std_uni,1,4.1657609939575195,-3.2645785808563232,1
Clemson-DND_p309_c1_grm_std_uni,1,3.930654764175415,-2.9770891666412354,1
Clemson-DND_p309_c1_grm_std_uni,1,3.8856003284454346,-2.8551025390625,1
Clemson-DND_p309_c1_grm_std_uni,1,4.259072780609131,-3.5402252674102783,1
Clemson-DND_p309_c1_grm_std_uni,1,5.02744722366333,-4.080315589904785,1
Clemson-DND_p309_c1_grm_std_uni,1,5.445878505706787,-4.579843044281006,1
Clemson-DND_p309_c1_grm_std_uni,1,5.434590816497803,-4.586428642272949,1
Clemson-DND_p309_c1_grm_std_uni,1,5.369469165802002,-4.466385364532471,1
Clemson-DND_p309_c1_grm_std_uni,1,5.228499412536621,-4.111137866973877,1
Clemson-DND_p309_c1_grm_std_uni,1,4.899222373962402,-4.07426118850708,1
Clemson-DND_p309_c1_grm_std_uni,1,5.3115129470825195,-4.432796955108643,1
Clemson-DND_p309_c1_grm_std_uni,1,5.567162036895752,-4.37908935546875,1
Clemson-DND_p309_c1_grm_std_uni,1,5.398263931274414,-4.301010608673096,1
Clemson-DND_p309_c1_grm_std_uni,1,5.364810466766357,-4.45129919052124,1
Clemson-DND_p309_c1_grm_std_uni,1,5.459324836730957,-3.832422971725464,1
Clemson-DND_p309_c1_grm_std_uni,1,3.929011106491089,-3.1396484375,1
Clemson-DND_p309_c1_grm_std_uni,1,2.7967779636383057,-2.623767852783203,1
Clemson-DND_p309_c1_grm_std_uni,1,3.629420042037964,-3.2538697719573975,1
Clemson-DND_p309_c1_grm_std_uni,1,4.932382106781006,-4.054924488067627,1
Clemson-DND_p309_c1_grm_std_uni,1,5.769484519958496,-5.2322797775268555,1
Clemson-DND_p309_c1_grm_std_uni,1,6.38797664642334,-5.877758979797363,1
Clemson-DND_p309_c1_grm_std_uni,1,6.496255874633789,-5.750885486602783,1
Clemson-DND_p309_c1_grm_std_uni,1,7.209385871887207,-6.102957725524902,1
Clemson-DND_p309_c1_grm_std_uni,1,7.165211200714111,-6.21019172668457,1
Clemson-DND_p309_c1_grm_std_uni,1,7.652200698852539,-6.740729808807373,1
Clemson-DND_p309_c1_grm_std_uni,1,7.652749538421631,-6.401787281036377,1
Clemson-DND_p309_c1_grm_std_uni,1,7.359211444854736,-6.256942272186279,1
Clemson-DND_p309_c1_grm_std_uni,1,7.620156288146973,-6.277950763702393,1
Clemson-DND_p309_c1_grm_std_uni,1,7.5376505851745605,-6.281993389129639,1
Clemson-DND_p309_c1_grm_std_uni,1,7.87612247467041,-6.6264872550964355,1
Clemson-DND_p309_c1_grm_std_uni,1,7.73681116104126,-6.635067939758301,1
Clemson-DND_p309_c1_grm_std_uni,1,7.734050273895264,-7.090249538421631,1
Clemson-DND_p309_c1_grm_std_uni,1,7.638564586639404,-7.45096492767334,1
Clemson-DND_p309_c1_grm_std_uni,1,7.190989017486572,-6.857405662536621,1
Clemson-DND_p309_c1_grm_std_uni,1,6.696775913238525,-5.992581844329834,1
Clemson-DND_p309_c1_grm_std_uni,1,7.1640520095825195,-5.865228652954102,1
Clemson-DND_p309_c1_grm_std_uni,1,6.5496416091918945,-5.016994953155518,1
Clemson-DND_p309_c1_grm_std_uni,1,6.1852922439575195,-4.6487579345703125,1
Clemson-DND_p309_c1_grm_std_uni,1,6.523531436920166,-5.33854866027832,1
Clemson-DND_p309_c1_grm_std_uni,1,6.683451175689697,-5.633975028991699,1
Clemson-DND_p309_c1_grm_std_uni,1,6.552317142486572,-5.659757614135742,1
Clemson-DND_p309_c1_grm_std_uni,1,6.595790386199951,-5.703785419464111,1
Clemson-DND_p309_c1_grm_std_uni,1,6.901115417480469,-5.66251802444458,1
Clemson-DND_p309_c1_grm_std_uni,1,6.411735534667969,-5.128576278686523,1
Clemson-DND_p309_c1_grm_std_uni,1,6.3884687423706055,-5.297351360321045,1
Clemson-DND_p309_c1_grm_std_uni,1,6.5111541748046875,-5.206460475921631,1
Clemson-DND_p309_c1_grm_std_uni,1,6.512094974517822,-5.172579288482666,1
Clemson-DND_p309_c1_grm_std_uni,1,6.690176486968994,-5.456696510314941,1
Clemson-DND_p309_c1_grm_std_uni,1,6.9754743576049805,-5.7955641746521,1
Clemson-DND_p309_c1_grm_std_uni,1,7.336390018463135,-6.196138381958008,1
Clemson-DND_p309_c1_grm_std_uni,1,7.1406707763671875,-6.482249736785889,1
Clemson-DND_p309_c1_grm_std_uni,1,6.831381320953369,-6.35861349105835,1
Clemson-DND_p309_c1_grm_std_uni,1,6.713243007659912,-6.137264728546143,1
Clemson-DND_p309_c1_grm_std_uni,1,7.257784843444824,-6.693053722381592,1
Clemson-DND_p309_c1_grm_std_uni,1,7.328947067260742,-6.730047225952148,1
Clemson-DND_p309_c1_grm_std_uni,1,7.610894203186035,-6.8419694900512695,1
Clemson-DND_p309_c1_grm_std_uni,1,7.90632438659668,-7.052616596221924,1
Clemson-DND_p309_c1_grm_std_uni,1,6.412219524383545,-5.747710704803467,1
Clemson-DND_p309_c1_grm_std_uni,1,6.103187084197998,-5.053572177886963,1
Clemson-DND_p309_c1_grm_std_uni,1,6.040544033050537,-4.675908088684082,1
Clemson-DND_p309_c1_grm_std_uni,1,5.865960121154785,-4.090380668640137,1
Clemson-DND_p309_c1_grm_std_uni,1,5.883539199829102,-4.055491924285889,1
Clemson-DND_p309_c1_grm_std_uni,1,6.1081414222717285,-4.665230751037598,1
Clemson-DND_p309_c1_grm_std_uni,1,5.893836975097656,-4.486212253570557,1
Clemson-DND_p309_c1_grm_std_uni,1,6.197472095489502,-4.8002400398254395,1
Clemson-DND_p309_c1_grm_std_uni,1,6.218376159667969,-5.0027971267700195,1
Clemson-DND_p309_c1_grm_std_uni,1,6.274467945098877,-4.860599994659424,1
Clemson-DND_p309_c1_grm_std_uni,1,6.2481160163879395,-4.9842119216918945,1
Clemson-DND_p309_c1_grm_std_uni,1,6.593447685241699,-5.969029903411865,1
Clemson-DND_p309_c1_grm_std_uni,1,5.962500095367432,-6.34334659576416,1
Clemson-DND_p309_c1_grm_std_uni,1,5.95457649230957,-6.0340189933776855,1
Clemson-DND_p309_c1_grm_std_uni,1,5.772780895233154,-5.418831825256348,1
Clemson-DND_p309_c1_grm_std_uni,1,4.921830177307129,-3.612290382385254,1
Clemson-DND_p309_c1_grm_std_uni,1,4.936005592346191,-3.414140224456787,1
Clemson-DND_p309_c1_grm_std_uni,1,4.5634026527404785,-3.3136229515075684,1
Clemson-DND_p309_c1_grm_std_uni,1,4.223114490509033,-3.312647581100464,1
Clemson-DND_p309_c1_grm_std_uni,1,4.186248302459717,-3.581047773361206,1
Clemson-DND_p309_c1_grm_std_uni,1,5.144658088684082,-4.081361293792725,1
Clemson-DND_p309_c1_grm_std_uni,1,5.381057262420654,-4.246824264526367,1
Clemson-DND_p309_c1_grm_std_uni,1,5.147180080413818,-4.048822402954102,1
Clemson-DND_p309_c1_grm_std_uni,1,5.297722339630127,-3.879680633544922,1
Clemson-DND_p309_c1_grm_std_uni,1,5.333725929260254,-3.8041722774505615,1
Clemson-DND_p309_c1_grm_std_uni,1,4.929564952850342,-3.393704891204834,1
Clemson-DND_p309_c1_grm_std_uni,2,5.049374580383301,-3.699395179748535,1
Clemson-DND_p309_c1_grm_std_uni,1,5.7492241859436035,-4.326666831970215,1
Clemson-DND_p309_c1_grm_std_uni,1,5.95414924621582,-4.754204750061035,1
Clemson-DND_p309_c1_grm_std_uni,1,6.041848659515381,-4.924314022064209,1
Clemson-DND_p309_c1_grm_std_uni,1,5.549466133117676,-4.532325744628906,1
Clemson-DND_p309_c1_grm_std_uni,1,5.6654953956604,-4.224648952484131,1
Clemson-DND_p309_c1_grm_std_uni,1,6.004759311676025,-4.422136306762695,1
Clemson-DND_p309_c1_grm_std_uni,1,6.4762701988220215,-4.7314629554748535,1
Clemson-DND_p309_c1_grm_std_uni,1,6.508275032043457,-4.693760871887207,1
Clemson-DND_p309_c1_grm_std_uni,1,6.6526780128479,-4.714437007904053,1
Clemson-DND_p309_c1_grm_std_uni,1,6.638213157653809,-4.688838005065918,1
Clemson-DND_p309_c1_grm_std_uni,1,6.569705009460449,-4.772807598114014,1
Clemson-DND_p309_c1_grm_std_uni,1,6.537342548370361,-4.910530090332031,1
Clemson-DND_p309_c1_grm_std_uni,1,6.693974018096924,-5.388899803161621,1
Clemson-DND_p309_c1_grm_std_uni,1,6.6418914794921875,-5.850158214569092,1
Clemson-DND_p309_c1_grm_std_uni,1,6.50301456451416,-5.743323802947998,1
Clemson-DND_p309_c1_grm_std_uni,1,6.556819438934326,-5.63247537612915,1
Clemson-DND_p309_c1_grm_std_uni,1,6.767935752868652,-5.9156494140625,1
Clemson-DND_p309_c1_grm_std_uni,1,6.4251580238342285,-5.56116247177124,1
Clemson-DND_p309_c1_grm_std_uni,1,6.578512191772461,-5.704133033752441,1
Clemson-DND_p309_c1_grm_std_uni,1,6.201910972595215,-5.117724418640137,1
Clemson-DND_p309_c1_grm_std_uni,1,5.6276164054870605,-4.30012845993042,1
Clemson-DND_p309_c1_grm_std_uni,1,5.36746883392334,-4.046182632446289,1
Clemson-DND_p309_c1_grm_std_uni,1,5.311622142791748,-3.832078456878662,1
Clemson-DND_p309_c1_grm_std_uni,1,5.306581497192383,-3.8586409091949463,1
Clemson-DND_p309_c1_grm_std_uni,1,5.027875900268555,-3.447200059890747,1
Clemson-DND_p309_c1_grm_std_uni,1,4.715928077697754,-3.005398988723755,1
Clemson-DND_p309_c1_grm_std_uni,1,5.02293586730957,-3.3752081394195557,1
Clemson-DND_p309_c1_grm_std_uni,1,4.6103596687316895,-3.187645196914673,1
Clemson-DND_p309_c1_grm_std_uni,1,4.388294696807861,-3.209686517715454,1
Clemson-DND_p309_c1_grm_std_uni,1,4.44585657119751,-3.636418104171753,1
Clemson-DND_p309_c1_grm_std_uni,1,5.40018367767334,-4.200085163116455,1
Clemson-DND_p309_c1_grm_std_uni,1,5.799829006195068,-4.320296287536621,1
Clemson-DND_p309_c1_grm_std_uni,1,6.02388334274292,-4.623272895812988,1
Clemson-DND_p309_c1_grm_std_uni,1,5.557563304901123,-4.045227527618408,1
Clemson-DND_p309_c1_grm_std_uni,1,5.791351795196533,-3.898782968521118,1
Clemson-DND_p309_c1_grm_std_uni,1,5.614645004272461,-4.080988883972168,1
Clemson-DND_p309_c1_grm_std_uni,1,4.738593578338623,-3.4568331241607666,1
Clemson-DND_p309_c1_grm_std_uni,1,4.821547508239746,-3.7956316471099854,1
Clemson-DND_p309_c1_grm_std_uni,1,5.205538272857666,-3.9745872020721436,1
Clemson-DND_p309_c1_grm_std_uni,1,5.410980224609375,-4.285111427307129,1
Clemson-DND_p309_c1_grm_std_uni,1,5.546985149383545,-4.07843017578125,1
Clemson-DND_p309_c1_grm_std_uni,1,5.875497341156006,-4.0932440757751465,1
Clemson-DND_p309_c1_grm_std_uni,1,5.84071683883667,-4.250144958496094,1
Clemson-DND_p309_c1_grm_std_uni,1,5.721877098083496,-4.253216743469238,1
Clemson-DND_p309_c1_grm_std_uni,1,5.94866418838501,-4.473902225494385,1
Clemson-DND_p309_c1_grm_std_uni,1,5.490475177764893,-4.294488430023193,1
Clemson-DND_p309_c1_grm_std_uni,1,5.230856418609619,-4.759192943572998,1
Clemson-DND_p309_c1_grm_std_uni,1,5.583001136779785,-4.85909366607666,1
Clemson-DND_p309_c1_grm_std_uni,1,5.287402153015137,-3.831733465194702,1
Clemson-DND_p309_c1_grm_std_uni,1,4.002630710601807,-2.793760061264038,1
Clemson-DND_p309_c1_grm_std_uni,1,3.1163570880889893,-2.3552849292755127,1
Clemson-DND_p309_c1_grm_std_uni,1,4.0655198097229,-2.913355588912964,1
Clemson-DND_p309_c1_grm_std_uni,1,4.773198127746582,-3.1759068965911865,1
Clemson-DND_p309_c1_grm_std_uni,1,5.4026384353637695,-4.42429780960083,1
Clemson-DND_p309_c1_grm_std_uni,1,5.687863826751709,-4.575735092163086,1
Clemson-DND_p309_c1_grm_std_uni,1,5.6954426765441895,-4.647958755493164,1
Clemson-DND_p309_c1_grm_std_uni,1,5.426095485687256,-4.1578803062438965,1
Clemson-DND_p309_c1_grm_std_uni,1,6.35400915145874,-4.9949049949646,1
Clemson-DND_p309_c1_grm_std_uni,1,6.200706481933594,-4.878139019012451,1
Clemson-DND_p309_c1_grm_std_uni,1,6.7792816162109375,-5.235025882720947,1
Clemson-DND_p309_c1_grm_std_uni,1,5.960843563079834,-4.6004462242126465,1
Clemson-DND_p309_c1_grm_std_uni,1,5.883484840393066,-4.485466003417969,1
Clemson-DND_p309_c1_grm_std_uni,1,6.069990634918213,-4.621109485626221,1
Clemson-DND_p309_c1_grm_std_uni,1,6.136641502380371,-4.504461765289307,1
Clemson-DND_p309_c1_grm_std_uni,1,6.06008768081665,-4.356175899505615,1
Clemson-DND_p309_c1_grm_std_uni,1,6.495815753936768,-4.722998142242432,1
Clemson-DND_p309_c1_grm_std_uni,1,6.687101364135742,-5.017120361328125,1
Clemson-DND_p309_c1_grm_std_uni,1,6.608495235443115,-4.898831367492676,1
Clemson-DND_p309_c1_grm_std_uni,1,6.654656410217285,-5.2511420249938965,1
Clemson-DND_p309_c1_grm_std_uni,1,6.223024845123291,-5.01790714263916,1
Clemson-DND_p309_c1_grm_std_uni,1,5.667464733123779,-3.801612377166748,1
Clemson-DND_p309_c1_grm_std_uni,1,5.450414180755615,-3.42975115776062,1
Clemson-DND_p309_c1_grm_std_uni,1,5.10401725769043,-3.189039945602417,1
Clemson-DND_p309_c1_grm_std_uni,1,4.677446365356445,-3.040069580078125,1
Clemson-DND_p309_c1_grm_std_uni,1,5.0249128341674805,-3.3528218269348145,1
Clemson-DND_p309_c1_grm_std_uni,1,4.894401550292969,-3.046990156173706,1
Clemson-DND_p309_c1_grm_std_uni,1,4.916694641113281,-3.3650012016296387,1
Clemson-DND_p309_c1_grm_std_uni,1,5.700729846954346,-4.180121421813965,1
Clemson-DND_p309_c1_grm_std_uni,1,5.382575988769531,-4.098948001861572,1
Clemson-DND_p309_c1_grm_std_uni,1,5.40101432800293,-4.067235946655273,1
Clemson-DND_p309_c1_grm_std_uni,1,5.463465690612793,-3.7654848098754883,1
Clemson-DND_p309_c1_grm_std_uni,1,5.320788860321045,-3.4255053997039795,1
Clemson-DND_p309_c1_grm_std_uni,1,4.881341457366943,-3.5619008541107178,1
Clemson-DND_p309_c1_grm_std_uni,1,4.8817548751831055,-3.363295316696167,1
Clemson-DND_p309_c1_grm_std_uni,1,4.687130451202393,-3.534114360809326,1
Clemson-DND_p309_c1_grm_std_uni,1,4.5034050941467285,-3.347109794616699,1
Clemson-DND_p309_c1_grm_std_uni,1,4.919214248657227,-4.021743297576904,1
Clemson-DND_p309_c1_grm_std_uni,1,5.361633777618408,-4.51846170425415,1
Clemson-DND_p309_c1_grm_std_uni,1,5.6721601486206055,-4.320533752441406,1
Clemson-DND_p309_c1_grm_std_uni,1,5.587103843688965,-4.612701892852783,1
Clemson-DND_p309_c1_grm_std_uni,1,6.521819114685059,-4.9303717613220215,1
Clemson-DND_p309_c1_grm_std_uni,1,6.696930408477783,-5.019360542297363,1
Clemson-DND_p309_c1_grm_std_uni,1,6.776187419891357,-5.20565128326416,1
Clemson-DND_p309_c1_grm_std_uni,1,6.294922351837158,-4.874807834625244,1
Clemson-DND_p309_c1_grm_std_uni,1,6.237616539001465,-4.652216911315918,1
Clemson-DND_p309_c1_grm_std_uni,1,5.938997745513916,-4.045171737670898,1
Clemson-DND_p309_c1_grm_std_uni,1,5.2521891593933105,-3.145069122314453,1
Clemson-DND_p309_c1_grm_std_uni,1,5.47088098526001,-3.4633562564849854,1
Clemson-DND_p309_c1_grm_std_uni,1,5.3025736808776855,-3.75734806060791,1
Clemson-DND_p309_c1_grm_std_uni,1,5.324226379394531,-3.9472994804382324,1
Clemson-DND_p309_c1_grm_std_uni,1,5.180426597595215,-3.979393720626831,1
Clemson-DND_p309_c1_grm_std_uni,1,5.3445210456848145,-4.217694282531738,1
Clemson-DND_p309_c1_grm_std_uni,1,5.458497524261475,-4.377737522125244,1
Clemson-DND_p309_c1_grm_std_uni,1,5.570210933685303,-4.404367923736572,1
Clemson-DND_p309_c1_grm_std_uni,1,5.8420915603637695,-4.207089424133301,1
Clemson-DND_p309_c1_grm_std_uni,1,6.278847694396973,-4.4893598556518555,1
Clemson-DND_p309_c1_grm_std_uni,1,6.034692287445068,-4.431857585906982,1
Clemson-DND_p309_c1_grm_std_uni,1,5.801779747009277,-4.3334174156188965,1
Clemson-DND_p309_c1_grm_std_uni,1,5.390006065368652,-3.952314853668213,1
Clemson-DND_p309_c1_grm_std_uni,1,5.252773761749268,-3.4870495796203613,1
Clemson-DND_p309_c1_grm_std_uni,1,5.157730579376221,-3.3721585273742676,1
Clemson-DND_p309_c1_grm_std_uni,1,5.15656042098999,-3.6927008628845215,1
Clemson-DND_p309_c1_grm_std_uni,1,4.885344505310059,-3.68634033203125,1
Clemson-DND_p309_c1_grm_std_uni,1,4.745308876037598,-3.408687114715576,1
Clemson-DND_p309_c1_grm_std_uni,1,4.956365585327148,-3.405320167541504,1
Clemson-DND_p309_c1_grm_std_uni,1,4.820242404937744,-3.499258279800415,1
Clemson-DND_p309_c1_grm_std_uni,1,4.6996684074401855,-3.4606857299804688,1
Clemson-DND_p309_c1_grm_std_uni,1,5.113272190093994,-4.181301593780518,1
Clemson-DND_p309_c1_grm_std_uni,1,5.057075023651123,-4.021768093109131,1
Clemson-DND_p309_c1_grm_std_uni,1,5.253208637237549,-4.3087568283081055,1
Clemson-DND_p309_c1_grm_std_uni,1,5.367893695831299,-4.26595401763916,1
Clemson-DND_p309_c1_grm_std_uni,1,5.554103374481201,-4.4725823402404785,1
Clemson-DND_p309_c1_grm_std_uni,1,6.061760902404785,-4.7357587814331055,1
Clemson-DND_p309_c1_grm_std_uni,1,5.99241304397583,-4.628640651702881,1
Clemson-DND_p309_c1_grm_std_uni,1,5.913053512573242,-4.010186672210693,1
Clemson-DND_p309_c1_grm_std_uni,1,5.416264533996582,-3.764212131500244,1
Clemson-DND_p309_c1_grm_std_uni,1,4.988561153411865,-4.075894355773926,1
Clemson-DND_p309_c1_grm_std_uni,1,4.5867438316345215,-3.594588279724121,1
Clemson-DND_p309_c1_grm_std_uni,1,4.501092910766602,-3.6053037643432617,1
Clemson-DND_p309_c1_grm_std_uni,1,4.628307819366455,-3.71742844581604,1
Clemson-DND_p309_c1_grm_std_uni,1,5.019087314605713,-3.998753786087036,1
Clemson-DND_p309_c1_grm_std_uni,1,5.110260963439941,-4.169676780700684,1
Clemson-DND_p309_c1_grm_std_uni,1,5.572657585144043,-4.604836940765381,1
Clemson-DND_p309_c1_grm_std_uni,1,5.457603931427002,-4.328481197357178,1
Clemson-DND_p309_c1_grm_std_uni,1,5.469679355621338,-4.294764518737793,1
Clemson-DND_p309_c1_grm_std_uni,1,5.32959508895874,-3.9928553104400635,1
Clemson-DND_p309_c1_grm_std_uni,1,5.808154582977295,-4.273760795593262,1
Clemson-DND_p309_c1_grm_std_uni,1,5.8340277671813965,-4.335987567901611,1
Clemson-DND_p309_c1_grm_std_uni,1,5.019825458526611,-3.885509967803955,1
Clemson-DND_p309_c1_grm_std_uni,1,5.528647422790527,-4.464893817901611,1
Clemson-DND_p309_c1_grm_std_uni,1,5.778651237487793,-4.679406642913818,1
Clemson-DND_p309_c1_grm_std_uni,1,5.322207450866699,-4.321306228637695,1
Clemson-DND_p309_c1_grm_std_uni,1,5.220362186431885,-4.240052223205566,1
Clemson-DND_p309_c1_grm_std_uni,1,5.934465408325195,-4.807009696960449,1
Clemson-DND_p309_c1_grm_std_uni,1,6.361649513244629,-5.1558732986450195,1
Clemson-DND_p309_c1_grm_std_uni,1,4.803066730499268,-3.932159423828125,1
Clemson-DND_p309_c1_grm_std_uni,1,3.2694485187530518,-2.829362154006958,1
Clemson-DND_p309_c1_grm_std_uni,1,3.496464490890503,-3.4172089099884033,1
Clemson-DND_p309_c1_grm_std_uni,1,4.607634544372559,-4.431334972381592,1
Clemson-DND_p309_c1_grm_std_uni,1,5.588605880737305,-5.41050386428833,1
Clemson-DND_p309_c1_grm_std_uni,1,6.26406192779541,-6.116147994995117,1
Clemson-DND_p309_c1_grm_std_uni,1,6.696653842926025,-6.4595561027526855,1
Clemson-DND_p309_c1_grm_std_uni,1,7.374439716339111,-7.1457319259643555,1
Clemson-DND_p309_c1_grm_std_uni,1,7.356511116027832,-7.62636661529541,1
Clemson-DND_p309_c1_grm_std_uni,1,7.258133411407471,-7.6149702072143555,1
Clemson-DND_p309_c1_grm_std_uni,1,6.689039707183838,-6.483889579772949,1
Clemson-DND_p309_c1_grm_std_uni,1,6.0672712326049805,-5.133640766143799,1
Clemson-DND_p309_c1_grm_std_uni,1,5.92502498626709,-4.325601100921631,1
Clemson-DND_p309_c1_grm_std_uni,1,6.17445182800293,-5.129778861999512,1
Clemson-DND_p309_c1_grm_std_uni,1,5.201519966125488,-4.45621395111084,1
Clemson-DND_p309_c1_grm_std_uni,1,4.363526344299316,-3.5624279975891113,1
Clemson-DND_p309_c1_grm_std_uni,1,4.733962059020996,-3.575090169906616,1
Clemson-DND_p309_c1_grm_std_uni,1,5.65748929977417,-4.236630439758301,1
Clemson-DND_p309_c1_grm_std_uni,1,6.4461350440979,-4.980922222137451,1
Clemson-DND_p309_c1_grm_std_uni,1,6.120048999786377,-4.8837809562683105,1
Clemson-DND_p309_c1_grm_std_uni,1,6.048658847808838,-4.688242435455322,1
Clemson-DND_p309_c1_grm_std_uni,1,5.3491363525390625,-3.6813955307006836,1
Clemson-DND_p309_c1_grm_std_uni,1,5.3878655433654785,-3.789100408554077,1
Clemson-DND_p309_c1_grm_std_uni,1,5.792801380157471,-4.280637741088867,1
Clemson-DND_p309_c1_grm_std_uni,1,6.132565975189209,-4.65703010559082,1
Clemson-DND_p309_c1_grm_std_uni,1,6.253454208374023,-4.737463474273682,1
Clemson-DND_p309_c1_grm_std_uni,1,6.451063632965088,-4.848153591156006,1
Clemson-DND_p309_c1_grm_std_uni,1,6.438881874084473,-4.696496486663818,1
Clemson-DND_p309_c1_grm_std_uni,1,6.841406345367432,-5.413923740386963,1
Clemson-DND_p309_c1_grm_std_uni,1,7.111031532287598,-5.746431827545166,1
Clemson-DND_p309_c1_grm_std_uni,1,7.2391581535339355,-6.091590404510498,1
Clemson-DND_p309_c1_grm_std_uni,1,6.314217567443848,-6.42120885848999,1
Clemson-DND_p309_c1_grm_std_uni,1,5.911913871765137,-5.339012145996094,1
Clemson-DND_p309_c1_grm_std_uni,1,5.684754371643066,-4.4401469230651855,1
Clemson-DND_p309_c1_grm_std_uni,1,5.897585868835449,-4.676182746887207,1
Clemson-DND_p309_c1_grm_std_uni,1,6.557431697845459,-5.769073009490967,1
Clemson-DND_p309_c1_grm_std_uni,1,6.604977607727051,-5.776843547821045,1
Clemson-DND_p309_c1_grm_std_uni,1,6.879865646362305,-6.459901809692383,1
Clemson-DND_p309_c1_grm_std_uni,1,6.966374397277832,-6.922750473022461,1
Clemson-DND_p309_c1_grm_std_uni,1,7.4379448890686035,-7.411520004272461,1
Clemson-DND_p309_c1_grm_std_uni,1,7.571411609649658,-7.65806770324707,1
Clemson-DND_p309_c1_grm_std_uni,1,7.71363639831543,-7.385831356048584,1
Clemson-DND_p309_c1_grm_std_uni,1,6.426885604858398,-5.518949031829834,1
Clemson-DND_p309_c1_grm_std_uni,1,5.47761869430542,-4.474128246307373,1
Clemson-DND_p309_c1_grm_std_uni,1,5.711019992828369,-4.895111560821533,1
Clemson-DND_p309_c1_grm_std_uni,1,5.861278057098389,-5.129945755004883,1
Clemson-DND_p309_c1_grm_std_uni,1,6.021841049194336,-5.278414726257324,1
Clemson-DND_p309_c1_grm_std_uni,1,5.8600053787231445,-5.086790561676025,1
Clemson-DND_p309_c1_grm_std_uni,1,6.734999179840088,-5.888002395629883,1
Clemson-DND_p309_c1_grm_std_uni,1,6.767814636230469,-6.572620868682861,1
Clemson-DND_p309_c1_grm_std_uni,1,6.118975639343262,-6.780015468597412,1
Clemson-DND_p309_c1_grm_std_uni,1,6.583466529846191,-7.045894145965576,1
Clemson-DND_p309_c1_grm_std_uni,1,5.676510334014893,-5.825085163116455,1
Clemson-DND_p309_c1_grm_std_uni,1,4.546051025390625,-4.363794326782227,1
Clemson-DND_p309_c1_grm_std_uni,1,4.708709716796875,-3.6342718601226807,1
Clemson-DND_p309_c1_grm_std_uni,1,5.070391654968262,-3.7878546714782715,1
Clemson-DND_p309_c1_grm_std_uni,1,4.404727458953857,-3.2748825550079346,1
Clemson-DND_p309_c1_grm_std_uni,1,3.657921552658081,-2.5132689476013184,1
Clemson-DND_p309_c1_grm_std_uni,1,3.948073148727417,-2.3820688724517822,1
Clemson-DND_p309_c1_grm_std_uni,1,4.453339576721191,-2.9222323894500732,1
Clemson-DND_p309_c1_grm_std_uni,1,4.8449907302856445,-3.1732492446899414,1
Clemson-DND_p309_c1_grm_std_uni,1,5.284888744354248,-4.455084800720215,1
Clemson-DND_p309_c1_grm_std_uni,1,5.425143718719482,-4.635094165802002,1
Clemson-DND_p309_c1_grm_std_uni,1,5.6940388679504395,-4.715902805328369,1
Clemson-DND_p309_c1_grm_std_uni,1,5.678267478942871,-4.333646297454834,1
Clemson-DND_p309_c1_grm_std_uni,1,5.590914726257324,-4.028264045715332,1
Clemson-DND_p309_c1_grm_std_uni,1,5.8689398765563965,-4.3534369468688965,1
Clemson-DND_p309_c1_grm_std_uni,1,6.0348005294799805,-4.644721984863281,1
Clemson-DND_p309_c1_grm_std_uni,1,6.164668083190918,-5.018470764160156,1
Clemson-DND_p309_c1_grm_std_uni,1,5.896949291229248,-4.677450180053711,1
Clemson-DND_p309_c1_grm_std_uni,1,5.736629962921143,-4.194248199462891,1
Clemson-DND_p309_c1_grm_std_uni,1,5.563639163970947,-3.606271505355835,1
Clemson-DND_p309_c1_grm_std_uni,1,5.65853214263916,-4.087892532348633,1
Clemson-DND_p309_c1_grm_std_uni,1,5.242593765258789,-3.684746503829956,1
Clemson-DND_p309_c1_grm_std_uni,1,5.345532417297363,-3.523881196975708,1
Clemson-DND_p309_c1_grm_std_uni,1,4.975001811981201,-3.2453832626342773,1
Clemson-DND_p309_c1_grm_std_uni,1,5.117575645446777,-3.599309206008911,1
Clemson-DND_p309_c1_grm_std_uni,1,5.519511699676514,-4.040250301361084,1
Clemson-DND_p309_c1_grm_std_uni,1,6.016726016998291,-4.75818395614624,1
Clemson-DND_p309_c1_grm_std_uni,1,6.038545608520508,-4.879672050476074,1
Clemson-DND_p309_c1_grm_std_uni,1,5.956552028656006,-4.867746353149414,1
Clemson-DND_p309_c1_grm_std_uni,1,5.923552513122559,-4.867467880249023,1
Clemson-DND_p309_c1_grm_std_uni,1,5.7203049659729,-4.909689426422119,1
Clemson-DND_p309_c1_grm_std_uni,1,5.6634111404418945,-4.881840705871582,1
Clemson-DND_p309_c1_grm_std_uni,1,5.646542072296143,-4.792511463165283,1
Clemson-DND_p309_c1_grm_std_uni,1,5.515251159667969,-4.817612648010254,1
Clemson-DND_p309_c1_grm_std_uni,1,5.284295558929443,-4.635034561157227,1
Clemson-DND_p309_c1_grm_std_uni,1,5.280346870422363,-4.375034809112549,1
Clemson-DND_p309_c1_grm_std_uni,1,5.119769096374512,-4.234812259674072,1
Clemson-DND_p309_c1_grm_std_uni,1,5.014061450958252,-4.252027988433838,1
Clemson-DND_p309_c1_grm_std_uni,1,5.325865745544434,-4.5434136390686035,1
Clemson-DND_p309_c1_grm_std_uni,1,5.4674811363220215,-4.627665042877197,1
Clemson-DND_p309_c1_grm_std_uni,1,5.276185989379883,-4.306711673736572,1
Clemson-DND_p309_c1_grm_std_uni,1,5.517462730407715,-4.478780269622803,1
Clemson-DND_p309_c1_grm_std_uni,1,5.709697246551514,-4.202014446258545,1
Clemson-DND_p309_c1_grm_std_uni,1,5.950307846069336,-4.402620792388916,1
Clemson-DND_p309_c1_grm_std_uni,1,5.4335784912109375,-3.957287311553955,1
Clemson-DND_p309_c1_grm_std_uni,1,5.2253265380859375,-3.7015790939331055,1
Clemson-DND_p309_c1_grm_std_uni,1,5.089430809020996,-3.5928990840911865,1
Clemson-DND_p309_c1_grm_std_uni,1,4.944494247436523,-3.6133275032043457,1
Clemson-DND_p309_c1_grm_std_uni,1,5.209805965423584,-3.8141937255859375,1
Clemson-DND_p309_c1_grm_std_uni,1,5.328677654266357,-4.066405296325684,1
Clemson-DND_p309_c1_grm_std_uni,1,5.171735763549805,-3.962433099746704,1
Clemson-DND_p309_c1_grm_std_uni,1,4.794195652008057,-3.687051296234131,1
Clemson-DND_p309_c1_grm_std_uni,1,4.975417613983154,-4.0315093994140625,1
Clemson-DND_p309_c1_grm_std_uni,1,4.7939229011535645,-3.834102153778076,1
Clemson-DND_p309_c1_grm_std_uni,1,4.6335835456848145,-3.5405757427215576,1
Clemson-DND_p309_c1_grm_std_uni,1,4.742003440856934,-3.6017210483551025,1
Clemson-DND_p309_c1_grm_std_uni,1,4.9324541091918945,-3.8137712478637695,1
Clemson-DND_p309_c1_grm_std_uni,1,5.073577404022217,-3.893514394760132,1
Clemson-DND_p309_c1_grm_std_uni,1,4.4912638664245605,-3.445653200149536,1
Clemson-DND_p309_c1_grm_std_uni,1,3.951122760772705,-3.0708727836608887,1
Clemson-DND_p309_c1_grm_std_uni,1,4.599296569824219,-3.5792155265808105,1
Clemson-DND_p309_c1_grm_std_uni,1,4.881402015686035,-3.795520305633545,1
Clemson-DND_p309_c1_grm_std_uni,1,5.010896682739258,-3.9650068283081055,1
Clemson-DND_p309_c1_grm_std_uni,1,5.336146831512451,-4.480386257171631,1
Clemson-DND_p309_c1_grm_std_uni,1,5.276517391204834,-4.389804363250732,1
Clemson-DND_p309_c1_grm_std_uni,1,5.475412845611572,-4.344002723693848,1
Clemson-DND_p309_c1_grm_std_uni,1,5.603114604949951,-4.472662448883057,1
Clemson-DND_p309_c1_grm_std_uni,1,5.649435520172119,-4.745854377746582,1
Clemson-DND_p309_c1_grm_std_uni,1,5.895247459411621,-5.179909706115723,1
Clemson-DND_p309_c1_grm_std_uni,1,6.347335338592529,-5.2127766609191895,1
Clemson-DND_p309_c1_grm_std_uni,1,6.363789081573486,-5.0323710441589355,1
Clemson-DND_p309_c1_grm_std_uni,1,6.2399187088012695,-4.970280647277832,1
Clemson-DND_p309_c1_grm_std_uni,1,6.676986217498779,-5.466305732727051,1
Clemson-DND_p309_c1_grm_std_uni,1,6.716965198516846,-6.09894323348999,1
Clemson-DND_p309_c1_grm_std_uni,1,6.676130294799805,-5.888944149017334,1
Clemson-DND_p309_c1_grm_std_uni,1,6.1892218589782715,-5.989927768707275,1
Clemson-DND_p309_c1_grm_std_uni,1,6.482534408569336,-6.8181586265563965,1
Clemson-DND_p309_c1_grm_std_uni,1,7.013331413269043,-7.3153395652771,1
Clemson-DND_p309_c1_grm_std_uni,1,7.082214832305908,-7.024460315704346,1
Clemson-DND_p309_c1_grm_std_uni,1,6.1973981857299805,-5.756056308746338,1
Clemson-DND_p309_c1_grm_std_uni,1,6.23666524887085,-4.644196510314941,1
Clemson-DND_p309_c1_grm_std_uni,1,5.610898017883301,-3.725990056991577,1
Clemson-DND_p309_c1_grm_std_uni,1,5.504027843475342,-3.9110779762268066,1
Clemson-DND_p309_c1_grm_std_uni,1,5.139673233032227,-3.896519184112549,1
Clemson-DND_p309_c1_grm_std_uni,1,5.307066440582275,-4.131289482116699,1
Clemson-DND_p309_c1_grm_std_uni,1,5.572531223297119,-4.46140193939209,1
Clemson-DND_p309_c1_grm_std_uni,1,5.617552757263184,-4.450248718261719,1
Clemson-DND_p309_c1_grm_std_uni,1,5.716681957244873,-4.239336013793945,1
Clemson-DND_p309_c1_grm_std_uni,1,5.822920322418213,-4.671911239624023,1
Clemson-DND_p309_c1_grm_std_uni,1,5.739062309265137,-4.9203290939331055,1
Clemson-DND_p309_c1_grm_std_uni,1,6.24678373336792,-5.524069309234619,1
Clemson-DND_p309_c1_grm_std_uni,1,6.843698978424072,-6.109129428863525,1
Clemson-DND_p309_c1_grm_std_uni,1,6.4295220375061035,-5.746091842651367,1
Clemson-DND_p309_c1_grm_std_uni,1,5.358314037322998,-4.35244083404541,1
Clemson-DND_p309_c1_grm_std_uni,1,5.013609886169434,-3.8941407203674316,1
Clemson-DND_p309_c1_grm_std_uni,1,5.255772113800049,-4.266300201416016,1
Clemson-DND_p309_c1_grm_std_uni,1,5.485371112823486,-4.558117389678955,1
Clemson-DND_p309_c1_grm_std_uni,1,5.167837142944336,-4.110118389129639,1
Clemson-DND_p309_c1_grm_std_uni,1,4.863491535186768,-3.637396812438965,1
Clemson-DND_p309_c1_grm_std_uni,1,4.580342769622803,-3.405388832092285,1
Clemson-DND_p309_c1_grm_std_uni,1,4.501730918884277,-3.295980930328369,1
Clemson-DND_p309_c1_grm_std_uni,1,4.4701008796691895,-3.175776958465576,1
Clemson-DND_p309_c1_grm_std_uni,1,4.734560489654541,-3.512397289276123,1
Clemson-DND_p309_c1_grm_std_uni,1,5.063712120056152,-4.130349636077881,1
Clemson-DND_p309_c1_grm_std_uni,1,5.673967361450195,-4.767512321472168,1
Clemson-DND_p309_c1_grm_std_uni,1,5.660869121551514,-4.920396327972412,1
Clemson-DND_p309_c1_grm_std_uni,1,5.235354900360107,-4.320060729980469,1
Clemson-DND_p309_c1_grm_std_uni,1,4.961812973022461,-3.695195198059082,1
Clemson-DND_p309_c1_grm_std_uni,1,4.939552307128906,-3.757363796234131,1
Clemson-DND_p309_c1_grm_std_uni,1,4.759582996368408,-3.387239694595337,1
Clemson-DND_p309_c1_grm_std_uni,1,4.504626750946045,-3.177855968475342,1
Clemson-DND_p309_c1_grm_std_uni,1,4.730249404907227,-3.56850528717041,1
Clemson-DND_p309_c1_grm_std_uni,1,4.131700038909912,-3.0760180950164795,1
Clemson-DND_p309_c1_grm_std_uni,1,4.631044387817383,-3.981576681137085,1
Clemson-DND_p309_c1_grm_std_uni,1,4.830923080444336,-4.253954887390137,1
Clemson-DND_p309_c1_grm_std_uni,1,5.3290839195251465,-4.644619941711426,1
Clemson-DND_p309_c1_grm_std_uni,1,5.064376354217529,-4.145838737487793,1
Clemson-DND_p309_c1_grm_std_uni,1,4.942066669464111,-4.392399311065674,1
Clemson-DND_p309_c1_grm_std_uni,1,4.9251275062561035,-4.2896037101745605,1
Clemson-DND_p309_c1_grm_std_uni,1,5.143949508666992,-4.189920902252197,1
Clemson-DND_p309_c1_grm_std_uni,1,4.899076461791992,-3.950971841812134,1
Clemson-DND_p309_c1_grm_std_uni,1,5.295302867889404,-4.270139694213867,1
Clemson-DND_p309_c1_grm_std_uni,1,5.677534103393555,-4.484024524688721,1
Clemson-DND_p309_c1_grm_std_uni,1,5.859523296356201,-4.508571147918701,1
Clemson-DND_p309_c1_grm_std_uni,1,5.7366766929626465,-4.2650275230407715,1
Clemson-DND_p309_c1_grm_std_uni,1,5.076055526733398,-3.6518707275390625,1
Clemson-DND_p309_c1_grm_std_uni,1,5.216933727264404,-4.04276180267334,1
Clemson-DND_p309_c1_grm_std_uni,1,5.072267532348633,-3.8480336666107178,1
Clemson-DND_p309_c1_grm_std_uni,1,4.599494934082031,-3.5967555046081543,1
Clemson-DND_p309_c1_grm_std_uni,1,4.820319652557373,-3.6787562370300293,1
Clemson-DND_p309_c1_grm_std_uni,2,4.601982593536377,-3.4016315937042236,1
Clemson-DND_p309_c1_grm_std_uni,1,4.2833452224731445,-2.767235517501831,1
Clemson-DND_p309_c1_grm_std_uni,1,4.568849563598633,-3.026064157485962,1
Clemson-DND_p309_c1_grm_std_uni,1,3.7525951862335205,-2.535832643508911,1
Clemson-DND_p309_c1_grm_std_uni,1,4.382374286651611,-3.4724276065826416,1
Clemson-DND_p309_c1_grm_std_uni,1,5.2030744552612305,-3.81520676612854,1
Clemson-DND_p309_c1_grm_std_uni,1,5.091635227203369,-3.9408411979675293,1
Clemson-DND_p309_c1_grm_std_uni,1,5.7881388664245605,-5.026231288909912,1
Clemson-DND_p309_c1_grm_std_uni,1,5.841562747955322,-5.415173530578613,1
Clemson-DND_p309_c1_grm_std_uni,1,6.417280197143555,-5.409823417663574,1
Clemson-DND_p309_c1_grm_std_uni,1,6.342004776000977,-5.3002400398254395,1
Clemson-DND_p309_c1_grm_std_uni,1,5.742226600646973,-4.813680648803711,1
Clemson-DND_p309_c1_grm_std_uni,1,5.772406101226807,-4.780895709991455,1
Clemson-DND_p309_c1_grm_std_uni,1,5.229513168334961,-3.9806976318359375,1
Clemson-DND_p309_c1_grm_std_uni,1,5.1118340492248535,-4.0120062828063965,1
Clemson-DND_p309_c1_grm_std_uni,1,5.233059406280518,-4.202652454376221,1
Clemson-DND_p309_c1_grm_std_uni,1,5.4544196128845215,-4.374553203582764,1
Clemson-DND_p309_c1_grm_std_uni,1,5.726317882537842,-4.664441108703613,1
Clemson-DND_p309_c1_grm_std_uni,1,5.716888427734375,-4.487395763397217,1
Clemson-DND_p309_c1_grm_std_uni,1,5.362940788269043,-4.224531650543213,1
Clemson-DND_p309_c1_grm_std_uni,1,5.218145847320557,-4.235953330993652,1
Clemson-DND_p309_c1_grm_std_uni,1,5.1660871505737305,-3.7732481956481934,1
Clemson-DND_p309_c1_grm_std_uni,1,5.076077461242676,-3.4552838802337646,1
Clemson-DND_p309_c1_grm_std_uni,1,5.1713666915893555,-4.05473518371582,1
Clemson-DND_p309_c1_grm_std_uni,1,4.5017499923706055,-3.6268248558044434,1
Clemson-DND_p309_c1_grm_std_uni,1,5.330999851226807,-4.278748989105225,1
Clemson-DND_p309_c1_grm_std_uni,1,5.491178035736084,-4.27939510345459,1
Clemson-DND_p309_c1_grm_std_uni,1,5.828671455383301,-4.457299709320068,1
Clemson-DND_p309_c1_grm_std_uni,1,6.013242721557617,-5.097733497619629,1
Clemson-DND_p309_c1_grm_std_uni,1,6.090859413146973,-5.11403751373291,1
Clemson-DND_p309_c1_grm_std_uni,1,6.780897617340088,-5.64146614074707,1
Clemson-DND_p309_c1_grm_std_uni,1,6.979222774505615,-5.32942008972168,1
Clemson-DND_p309_c1_grm_std_uni,1,5.5590291023254395,-4.4146013259887695,1
Clemson-DND_p309_c1_grm_std_uni,1,5.574616432189941,-4.3975396156311035,1
Clemson-DND_p309_c1_grm_std_uni,1,5.563360214233398,-4.542272567749023,1
Clemson-DND_p309_c1_grm_std_uni,1,5.10056734085083,-4.452235221862793,1
Clemson-DND_p309_c1_grm_std_uni,1,4.896090507507324,-4.135008811950684,1
Clemson-DND_p309_c1_grm_std_uni,1,4.946654796600342,-4.173288345336914,1
Clemson-DND_p309_c1_grm_std_uni,1,6.051762580871582,-4.762446403503418,1
Clemson-DND_p309_c1_grm_std_uni,1,6.59372091293335,-4.927829265594482,1
Clemson-DND_p309_c1_grm_std_uni,1,6.835299491882324,-4.715405464172363,1
Clemson-DND_p309_c1_grm_std_uni,1,6.810793399810791,-4.946523189544678,1
Clemson-DND_p309_c1_grm_std_uni,1,7.107292652130127,-5.638441562652588,1
Clemson-DND_p309_c1_grm_std_uni,1,7.299071311950684,-5.718164443969727,1
Clemson-DND_p309_c1_grm_std_uni,1,7.56391716003418,-5.811078071594238,1
Clemson-DND_p309_c1_grm_std_uni,1,7.2385478019714355,-5.48602294921875,1
Clemson-DND_p309_c1_grm_std_uni,1,6.913417339324951,-5.199709892272949,1
Clemson-DND_p309_c1_grm_std_uni,1,6.634663105010986,-4.836737155914307,1
Clemson-DND_p309_c1_grm_std_uni,1,5.967048645019531,-4.405253887176514,1
Clemson-DND_p309_c1_grm_std_uni,1,5.744053363800049,-4.022022247314453,1
Clemson-DND_p309_c1_grm_std_uni,1,5.2589898109436035,-3.2139554023742676,1
Clemson-DND_p309_c1_grm_std_uni,1,4.929568767547607,-2.988192081451416,1
Clemson-DND_p309_c1_grm_std_uni,1,4.799675464630127,-2.854279041290283,1
Clemson-DND_p309_c1_grm_std_uni,1,5.019789695739746,-3.4416089057922363,1
Clemson-DND_p309_c1_grm_std_uni,1,5.265881061553955,-3.5582852363586426,1
Clemson-DND_p309_c1_grm_std_uni,1,5.314443111419678,-3.957592248916626,1
Clemson-DND_p309_c1_grm_std_uni,2,5.150524616241455,-3.946488857269287,1
Clemson-DND_p309_c1_grm_std_uni,1,5.471717834472656,-4.3014702796936035,1
Clemson-DND_p309_c1_grm_std_uni,1,5.457549571990967,-4.638509273529053,1
Clemson-DND_p309_c1_grm_std_uni,1,5.198647499084473,-4.581413745880127,1
Clemson-DND_p309_c1_grm_std_uni,1,5.107832431793213,-4.141529083251953,1
Clemson-DND_p309_c1_grm_std_uni,1,5.226964950561523,-4.05180549621582,1
Clemson-DND_p309_c1_grm_std_uni,1,5.0769734382629395,-3.6610608100891113,1
Clemson-DND_p309_c1_grm_std_uni,1,5.363054275512695,-3.8943777084350586,1
Clemson-DND_p309_c1_grm_std_uni,1,4.8596014976501465,-3.3560564517974854,1
Clemson-DND_p309_c1_grm_std_uni,1,4.24283504486084,-2.9245307445526123,1
Clemson-DND_p309_c1_grm_std_uni,1,4.01315450668335,-3.0543692111968994,1
Clemson-DND_p309_c1_grm_std_uni,1,5.120554447174072,-4.227888107299805,1
Clemson-DND_p309_c1_grm_std_uni,1,5.195831775665283,-4.361272811889648,1
Clemson-DND_p309_c1_grm_std_uni,1,5.493942737579346,-4.451751708984375,1
Clemson-DND_p309_c1_grm_std_uni,1,5.76029634475708,-4.624229907989502,1
Clemson-DND_p309_c1_grm_std_uni,1,5.515035629272461,-4.450952529907227,1
Clemson-DND_p309_c1_grm_std_uni,1,5.993481636047363,-4.69235897064209,1
Clemson-DND_p309_c1_grm_std_uni,1,6.4222731590271,-5.072432994842529,1
Clemson-DND_p309_c1_grm_std_uni,1,6.963566780090332,-5.64650297164917,1
Clemson-DND_p309_c1_grm_std_uni,1,7.586709022521973,-6.402980327606201,1
Clemson-DND_p309_c1_grm_std_uni,1,7.302344799041748,-6.517640590667725,1
Clemson-DND_p309_c1_grm_std_uni,1,7.578911781311035,-6.204209804534912,1
Clemson-DND_p309_c1_grm_std_uni,1,7.862220764160156,-6.2391862869262695,1
Clemson-DND_p309_c1_grm_std_uni,1,7.924137592315674,-6.079623699188232,1
Clemson-DND_p309_c1_grm_std_uni,1,7.940444469451904,-6.161512851715088,1
Clemson-DND_p309_c1_grm_std_uni,1,8.237103462219238,-6.386805534362793,1
Clemson-DND_p309_c1_grm_std_uni,1,8.715923309326172,-7.051464557647705,1
Clemson-DND_p309_c1_grm_std_uni,1,8.845976829528809,-7.29714298248291,1
Clemson-DND_p309_c1_grm_std_uni,1,8.195148468017578,-6.630108833312988,1
Clemson-DND_p309_c1_grm_std_uni,1,7.534608840942383,-6.138300895690918,1
Clemson-DND_p309_c1_grm_std_uni,1,7.660131931304932,-6.176721572875977,1
Clemson-DND_p309_c1_grm_std_uni,1,7.344410419464111,-5.984045028686523,1
Clemson-DND_p309_c1_grm_std_uni,1,6.338027000427246,-5.174055099487305,1
Clemson-DND_p309_c1_grm_std_uni,1,5.953884601593018,-4.897523880004883,1
Clemson-DND_p309_c1_grm_std_uni,1,6.093263149261475,-5.497297763824463,1
Clemson-DND_p309_c1_grm_std_uni,1,6.187155246734619,-5.515733242034912,1
Clemson-DND_p309_c1_grm_std_uni,1,5.871464729309082,-5.188204288482666,1
Clemson-DND_p309_c1_grm_std_uni,1,5.897314071655273,-5.241430282592773,1
Clemson-DND_p309_c1_grm_std_uni,1,5.570990562438965,-4.966554641723633,1
Clemson-DND_p309_c1_grm_std_uni,1,4.661960124969482,-3.9644439220428467,1
Clemson-DND_p309_c1_grm_std_uni,1,4.809672832489014,-3.9212992191314697,1
Clemson-DND_p309_c1_grm_std_uni,1,5.947969436645508,-4.816574573516846,1
Clemson-DND_p309_c1_grm_std_uni,1,6.011743545532227,-5.185727119445801,1
Clemson-DND_p309_c1_grm_std_uni,1,4.770479679107666,-4.275397777557373,1
Clemson-DND_p309_c1_grm_std_uni,1,5.200189590454102,-4.514793395996094,1
Clemson-DND_p309_c1_grm_std_uni,1,5.548093318939209,-4.697590351104736,1
Clemson-DND_p309_c1_grm_std_uni,1,6.357782363891602,-5.5162763595581055,1
Clemson-DND_p309_c1_grm_std_uni,1,6.383721351623535,-5.55275297164917,1
Clemson-DND_p309_c1_grm_std_uni,1,6.188107013702393,-5.4912028312683105,1
Clemson-DND_p309_c1_grm_std_uni,1,6.410059452056885,-5.858449459075928,1
Clemson-DND_p309_c1_grm_std_uni,1,6.548177242279053,-6.077873706817627,1
Clemson-DND_p309_c1_grm_std_uni,1,7.047398090362549,-6.451617240905762,1
Clemson-DND_p309_c1_grm_std_uni,1,7.46306037902832,-6.980197429656982,1
Clemson-DND_p309_c1_grm_std_uni,1,7.537055015563965,-7.126124858856201,1
Clemson-DND_p309_c1_grm_std_uni,1,6.714414119720459,-6.453902244567871,1
Clemson-DND_p309_c1_grm_std_uni,1,4.105055332183838,-3.64104962348938,1
Clemson-DND_p309_c1_grm_std_uni,1,3.6961746215820312,-2.999382972717285,1
Clemson-DND_p309_c1_grm_std_uni,1,4.496269702911377,-3.6208267211914062,1
Clemson-DND_p309_c1_grm_std_uni,1,5.279148578643799,-4.3286566734313965,1
Clemson-DND_p309_c1_grm_std_uni,1,5.837067604064941,-4.661385536193848,1
Clemson-DND_p309_c1_grm_std_uni,1,6.914763927459717,-5.053429126739502,1
Clemson-DND_p309_c1_grm_std_uni,1,7.0253424644470215,-5.17526388168335,1
Clemson-DND_p309_c1_grm_std_uni,1,7.090670585632324,-5.971113204956055,1
Clemson-DND_p309_c1_grm_std_uni,1,6.586103916168213,-5.877444744110107,1
Clemson-DND_p309_c1_grm_std_uni,1,6.197543144226074,-5.509162425994873,1
Clemson-DND_p309_c1_grm_std_uni,1,5.697558403015137,-4.842154502868652,1
Clemson-DND_p309_c1_grm_std_uni,1,5.471063613891602,-4.15216588973999,1
Clemson-DND_p309_c1_grm_std_uni,1,5.262350559234619,-3.732527494430542,1
Clemson-DND_p309_c1_grm_std_uni,1,5.22455358505249,-3.610980987548828,1
Clemson-DND_p309_c1_grm_std_uni,1,5.2716803550720215,-3.648578643798828,1
Clemson-DND_p309_c1_grm_std_uni,1,5.574235916137695,-4.035864353179932,1
Clemson-DND_p309_c1_grm_std_uni,1,5.514970779418945,-4.165624141693115,1
Clemson-DND_p309_c1_grm_std_uni,1,5.063458442687988,-3.472362518310547,1
Clemson-DND_p309_c1_grm_std_uni,1,5.15260648727417,-3.5094733238220215,1
Clemson-DND_p309_c1_grm_std_uni,1,4.86786413192749,-3.2799108028411865,1
Clemson-DND_p309_c1_grm_std_uni,1,5.00272798538208,-3.4644479751586914,1
Clemson-DND_p309_c1_grm_std_uni,1,5.296655654907227,-3.7892465591430664,1
Clemson-DND_p309_c1_grm_std_uni,1,5.192335605621338,-3.806349277496338,1
Clemson-DND_p309_c1_grm_std_uni,1,5.417541027069092,-4.073995113372803,1
Clemson-DND_p309_c1_grm_std_uni,1,5.153564929962158,-3.771418809890747,1
Clemson-DND_p309_c1_grm_std_uni,1,4.879457950592041,-3.663583278656006,1
Clemson-DND_p309_c1_grm_std_uni,1,5.04340124130249,-3.598778486251831,1
Clemson-DND_p309_c1_grm_std_uni,1,4.860516548156738,-3.5893871784210205,1
Clemson-DND_p309_c1_grm_std_uni,1,5.316665172576904,-4.117724418640137,1
Clemson-DND_p309_c1_grm_std_uni,1,6.219306468963623,-4.899946212768555,1
Clemson-DND_p309_c1_grm_std_uni,1,5.949972629547119,-5.9079766273498535,1
Clemson-DND_p309_c1_grm_std_uni,1,6.978489398956299,-6.701340198516846,1
Clemson-DND_p309_c1_grm_std_uni,1,6.078534126281738,-5.300774574279785,1
Clemson-DND_p309_c1_grm_std_uni,1,4.216831684112549,-2.6652133464813232,1
Clemson-DND_p309_c1_grm_std_uni,1,3.3510024547576904,-2.419970750808716,1
Clemson-DND_p309_c1_grm_std_uni,1,4.925967693328857,-4.293243885040283,1
Clemson-DND_p309_c1_grm_std_uni,1,6.217209339141846,-5.545501232147217,1
Clemson-DND_p309_c1_grm_std_uni,1,6.539610385894775,-6.073980331420898,1
Clemson-DND_p309_c1_grm_std_uni,1,6.829415321350098,-5.61709451675415,1
Clemson-DND_p309_c1_grm_std_uni,1,6.4818596839904785,-5.282587051391602,1
Clemson-DND_p309_c1_grm_std_uni,1,6.07796573638916,-5.036445140838623,1
Clemson-DND_p309_c1_grm_std_uni,1,5.878901481628418,-4.681725025177002,1
Clemson-DND_p309_c1_grm_std_uni,1,5.00930643081665,-4.064566612243652,1
Clemson-DND_p309_c1_grm_std_uni,1,5.952923774719238,-4.774374008178711,1
Clemson-DND_p309_c1_grm_std_uni,1,6.763598442077637,-5.706698894500732,1
Clemson-DND_p309_c1_grm_std_uni,1,7.157637596130371,-6.3093109130859375,1
Clemson-DND_p309_c1_grm_std_uni,1,7.416816234588623,-6.5431904792785645,1
Clemson-DND_p309_c1_grm_std_uni,1,7.3930439949035645,-6.326592922210693,1
Clemson-DND_p309_c1_grm_std_uni,1,6.586287975311279,-5.517766952514648,1
Clemson-DND_p309_c1_grm_std_uni,1,6.742032051086426,-5.634881019592285,1
Clemson-DND_p309_c1_grm_std_uni,1,6.870767593383789,-5.85916805267334,1
Clemson-DND_p309_c1_grm_std_uni,1,6.979684352874756,-6.160882472991943,1
Clemson-DND_p309_c1_grm_std_uni,1,6.140241622924805,-5.646159648895264,1
Clemson-DND_p309_c1_grm_std_uni,1,5.561502456665039,-4.908200740814209,1
Clemson-DND_p309_c1_grm_std_uni,1,3.242673635482788,-2.9375979900360107,1
Clemson-DND_p309_c1_grm_std_uni,1,3.6538896560668945,-3.1054930686950684,1
Clemson-DND_p309_c1_grm_std_uni,1,4.57901668548584,-3.9236276149749756,1
Clemson-DND_p309_c1_grm_std_uni,1,5.229454040527344,-4.316159725189209,1
Clemson-DND_p309_c1_grm_std_uni,1,5.132633686065674,-4.21336555480957,1
Clemson-DND_p309_c1_grm_std_uni,1,4.49993896484375,-3.713865041732788,1
Clemson-DND_p309_c1_grm_std_uni,1,3.955487012863159,-3.320528745651245,1
Clemson-DND_p309_c1_grm_std_uni,1,3.7085683345794678,-3.1951420307159424,1
Clemson-DND_p309_c1_grm_std_uni,1,2.720503091812134,-2.5133354663848877,1
Clemson-DND_p309_c1_grm_std_uni,1,3.1106836795806885,-2.6412813663482666,1
Clemson-DND_p309_c1_grm_std_uni,1,4.482981204986572,-3.6604158878326416,1
Clemson-DND_p309_c1_grm_std_uni,1,4.57733154296875,-3.8106701374053955,1
Clemson-DND_p309_c1_grm_std_uni,1,4.970484733581543,-4.076760292053223,1
Clemson-DND_p309_c1_grm_std_uni,1,4.300833225250244,-3.65474796295166,1
Clemson-DND_p309_c1_grm_std_uni,1,4.248009204864502,-3.5565881729125977,1
Clemson-DND_p309_c1_grm_std_uni,1,4.688471794128418,-3.879356622695923,1
Clemson-DND_p309_c1_grm_std_uni,1,4.001917362213135,-3.1480727195739746,1
Clemson-DND_p309_c1_grm_std_uni,1,3.4879794120788574,-2.7564961910247803,1
Clemson-DND_p309_c1_grm_std_uni,1,3.868521213531494,-3.392800807952881,1
Clemson-DND_p309_c1_grm_std_uni,1,5.085287570953369,-4.345911502838135,1
Clemson-DND_p309_c1_grm_std_uni,1,6.077394008636475,-5.487808704376221,1
Clemson-DND_p309_c1_grm_std_uni,1,6.607247352600098,-6.066617488861084,1
Clemson-DND_p309_c1_grm_std_uni,1,6.429768085479736,-5.802848815917969,1
Clemson-DND_p309_c1_grm_std_uni,1,5.847906589508057,-5.208626747131348,1
Clemson-DND_p309_c1_grm_std_uni,1,4.555175304412842,-4.234313011169434,1
Clemson-DND_p309_c1_grm_std_uni,1,2.3661372661590576,-2.471668004989624,1
Clemson-DND_p309_c1_grm_std_uni,1,2.445358991622925,-2.041627883911133,1
Clemson-DND_p309_c1_grm_std_uni,1,4.437127590179443,-4.153859615325928,1
Clemson-DND_p309_c1_grm_std_uni,1,6.108973979949951,-5.277959823608398,1
Clemson-DND_p309_c1_grm_std_uni,1,7.000758647918701,-6.291554927825928,1
Clemson-DND_p309_c1_grm_std_uni,1,6.965116024017334,-6.278414726257324,1
Clemson-DND_p309_c1_grm_std_uni,1,6.942956447601318,-6.28831148147583,1
Clemson-DND_p309_c1_grm_std_uni,1,6.6393141746521,-6.229455471038818,1
Clemson-DND_p309_c1_grm_std_uni,1,6.42372465133667,-6.103676795959473,1
Clemson-DND_p309_c1_grm_std_uni,1,5.493589878082275,-5.16523551940918,1
Clemson-DND_p309_c1_grm_std_uni,1,5.278692245483398,-4.928828716278076,1
Clemson-DND_p309_c1_grm_std_uni,1,4.4928364753723145,-4.066248416900635,1
Clemson-DND_p309_c1_grm_std_uni,1,3.7787625789642334,-3.213414430618286,1
Clemson-DND_p309_c1_grm_std_uni,1,3.518751621246338,-2.957000732421875,1
Clemson-DND_p309_c1_grm_std_uni,1,3.479311227798462,-3.057854413986206,1
Clemson-DND_p309_c1_grm_std_uni,1,3.7848803997039795,-3.3569371700286865,1
Clemson-DND_p309_c1_grm_std_uni,1,2.9405696392059326,-2.5740065574645996,1
Clemson-DND_p309_c1_grm_std_uni,1,3.717587471008301,-3.27639102935791,1
Clemson-DND_p309_c1_grm_std_uni,1,4.7161078453063965,-4.311345100402832,1
Clemson-DND_p309_c1_grm_std_uni,1,4.182262897491455,-3.6871612071990967,1
Clemson-DND_p309_c1_grm_std_uni,1,3.4254887104034424,-3.1164138317108154,1
Clemson-DND_p309_c1_grm_std_uni,1,2.6354739665985107,-2.3323264122009277,1
Clemson-DND_p309_c1_grm_std_uni,1,2.1090264320373535,-1.801133632659912,1
Clemson-DND_p309_c1_grm_std_uni,1,2.8766865730285645,-3.1072187423706055,1
Clemson-DND_p309_c1_grm_std_uni,1,3.2051937580108643,-4.107360363006592,1
Clemson-DND_p309_c1_grm_std_uni,1,3.314645290374756,-4.430915832519531,1
Clemson-DND_p309_c1_grm_std_uni,1,3.6117589473724365,-4.417472839355469,1
Clemson-DND_p309_c1_grm_std_uni,1,4.615332126617432,-5.146557331085205,1
Clemson-DND_p309_c1_grm_std_uni,1,5.21489953994751,-5.732484340667725,1
Clemson-DND_p309_c1_grm_std_uni,1,5.335313320159912,-5.821344375610352,1
Clemson-DND_p309_c1_grm_std_uni,1,5.4228315353393555,-5.8290696144104,1
Clemson-DND_p309_c1_grm_std_uni,1,5.268435001373291,-5.5849928855896,1
Clemson-DND_p309_c1_grm_std_uni,1,4.008492946624756,-4.133238792419434,1
Clemson-DND_p309_c1_grm_std_uni,1,1.9694453477859497,-2.387585163116455,1
Clemson-DND_p309_c1_grm_std_uni,1,1.8273061513900757,-2.1590731143951416,1
Clemson-DND_p309_c1_grm_std_uni,1,2.6537981033325195,-2.69527268409729,1
Clemson-DND_p309_c1_grm_std_uni,1,3.6932427883148193,-4.042099952697754,1
Clemson-DND_p309_c1_grm_std_uni,1,4.445252418518066,-4.5574049949646,1
Clemson-DND_p309_c1_grm_std_uni,1,4.138134002685547,-4.344798564910889,1
Clemson-DND_p309_c1_grm_std_uni,1,4.028138637542725,-4.483503341674805,1
Clemson-DND_p309_c1_grm_std_uni,1,4.014378070831299,-4.416131496429443,1
Clemson-DND_p309_c1_grm_std_uni,1,3.817237377166748,-4.290098667144775,1
Clemson-DND_p309_c1_grm_std_uni,1,4.187687873840332,-4.466160297393799,1
Clemson-DND_p309_c1_grm_std_uni,1,5.125134468078613,-5.238184928894043,1
Clemson-DND_p309_c1_grm_std_uni,1,5.350247859954834,-5.69175910949707,1
Clemson-DND_p309_c1_grm_std_uni,1,5.051711559295654,-5.402825355529785,1
Clemson-DND_p309_c1_grm_std_uni,1,4.530712604522705,-4.944007396697998,1
Clemson-DND_p309_c1_grm_std_uni,1,2.8829026222229004,-3.4065539836883545,1
Clemson-DND_p309_c1_grm_std_uni,1,2.3679068088531494,-3.148926019668579,1
Clemson-DND_p309_c1_grm_std_uni,1,3.1156184673309326,-4.015470027923584,1
Clemson-DND_p309_c1_grm_std_uni,1,3.6486589908599854,-4.318730354309082,1
Clemson-DND_p309_c1_grm_std_uni,1,4.270756721496582,-4.721336364746094,1
Clemson-DND_p309_c1_grm_std_uni,1,4.654451370239258,-5.01215124130249,1
Clemson-DND_p309_c1_grm_std_uni,1,4.381772041320801,-4.547646522521973,1
Clemson-DND_p309_c1_grm_std_uni,1,2.4206855297088623,-2.836951494216919,1
Clemson-DND_p309_c1_grm_std_uni,1,2.4111931324005127,-2.7516582012176514,1
Clemson-DND_p309_c1_grm_std_uni,1,2.9304709434509277,-3.9482719898223877,1
Clemson-DND_p309_c1_grm_std_uni,1,3.9352710247039795,-5.121805667877197,1
Clemson-DND_p309_c1_grm_std_uni,1,4.914190769195557,-5.670004844665527,1
Clemson-DND_p309_c1_grm_std_uni,1,5.386958122253418,-5.893761157989502,1
Clemson-DND_p309_c1_grm_std_uni,1,5.518388748168945,-6.131240367889404,1
Clemson-DND_p309_c1_grm_std_uni,1,5.853903293609619,-6.418878555297852,1
Clemson-DND_p309_c1_grm_std_uni,1,5.555927753448486,-6.333094596862793,1
Clemson-DND_p309_c1_grm_std_uni,1,6.197195529937744,-6.776455879211426,1
Clemson-DND_p309_c1_grm_std_uni,1,6.351206302642822,-6.784059047698975,1
Clemson-DND_p309_c1_grm_std_uni,1,7.322379112243652,-7.181680679321289,1
Clemson-DND_p309_c1_grm_std_uni,1,6.733062267303467,-7.068216800689697,1
Clemson-DND_p309_c1_grm_std_uni,1,7.077287197113037,-7.3388671875,1
Clemson-DND_p309_c1_grm_std_uni,1,6.271546840667725,-5.75582218170166,1
Clemson-DND_p309_c1_grm_std_uni,1,5.659428596496582,-5.241218090057373,1
Clemson-DND_p309_c1_grm_std_uni,1,5.659200668334961,-4.803439617156982,1
Clemson-DND_p309_c1_grm_std_uni,1,5.6733198165893555,-4.6847333908081055,1
Clemson-DND_p309_c1_grm_std_uni,1,5.297463417053223,-4.453639030456543,1
Clemson-DND_p309_c1_grm_std_uni,1,5.368884563446045,-4.365151882171631,1
Clemson-DND_p309_c1_grm_std_uni,1,5.545823097229004,-4.730172634124756,1
Clemson-DND_p309_c1_grm_std_uni,1,5.766610622406006,-4.723024845123291,1
Clemson-DND_p309_c1_grm_std_uni,1,5.9283881187438965,-4.966280937194824,1
Clemson-DND_p309_c1_grm_std_uni,1,6.186697483062744,-5.198471546173096,1
Clemson-DND_p309_c1_grm_std_uni,1,6.182313442230225,-5.2883758544921875,1
Clemson-DND_p309_c1_grm_std_uni,2,6.416996955871582,-5.304985046386719,1
Clemson-DND_p309_c1_grm_std_uni,1,6.406732559204102,-5.193972110748291,1
Clemson-DND_p309_c1_grm_std_uni,1,6.339755058288574,-5.149643421173096,1
Clemson-DND_p309_c1_grm_std_uni,1,6.342432498931885,-5.1441569328308105,1
Clemson-DND_p309_c1_grm_std_uni,1,6.273159503936768,-5.075966835021973,1
Clemson-DND_p309_c1_grm_std_uni,1,6.27846097946167,-5.10167121887207,1
Clemson-DND_p309_c1_grm_std_uni,1,6.62322473526001,-5.195159912109375,1
Clemson-DND_p309_c1_grm_std_uni,1,6.626126766204834,-5.339808940887451,1
Clemson-DND_p309_c1_grm_std_uni,1,6.548316478729248,-5.46712589263916,1
Clemson-DND_p309_c1_grm_std_uni,1,6.83389139175415,-6.37744665145874,1
Clemson-DND_p309_c1_grm_std_uni,1,6.9777936935424805,-6.886078357696533,1
Clemson-DND_p309_c1_grm_std_uni,1,6.892926216125488,-6.944894313812256,1
Clemson-DND_p309_c1_grm_std_uni,1,6.7013020515441895,-6.601208686828613,1
Clemson-DND_p309_c1_grm_std_uni,1,5.786472797393799,-5.49155330657959,1
Clemson-DND_p309_c1_grm_std_uni,1,5.298727989196777,-4.569795608520508,1
Clemson-DND_p309_c1_grm_std_uni,1,4.966471195220947,-3.8510262966156006,1
Clemson-DND_p309_c1_grm_std_uni,1,5.408148288726807,-4.364847660064697,1
Clemson-DND_p309_c1_grm_std_uni,1,5.520362854003906,-4.460814476013184,1
Clemson-DND_p309_c1_grm_std_uni,1,5.465709209442139,-4.467556953430176,1
Clemson-DND_p309_c1_grm_std_uni,1,5.4263410568237305,-4.418012619018555,1
Clemson-DND_p309_c1_grm_std_uni,1,5.279627323150635,-4.2351179122924805,1
Clemson-DND_p309_c1_grm_std_uni,1,5.359764575958252,-4.255176067352295,1
Clemson-DND_p309_c1_grm_std_uni,1,5.927284240722656,-4.950746536254883,1
Clemson-DND_p309_c1_grm_std_uni,1,6.497628211975098,-5.7931742668151855,1
Clemson-DND_p309_c1_grm_std_uni,1,6.815272808074951,-6.573578357696533,1
Clemson-DND_p309_c1_grm_std_uni,1,6.84528923034668,-6.707720756530762,1
Clemson-DND_p309_c1_grm_std_uni,1,6.5834760665893555,-6.446642875671387,1
Clemson-DND_p309_c1_grm_std_uni,1,6.238767623901367,-6.10584831237793,1
Clemson-DND_p309_c1_grm_std_uni,1,5.4693922996521,-4.751070976257324,1
Clemson-DND_p309_c1_grm_std_uni,1,5.022606372833252,-4.317680835723877,1
Clemson-DND_p309_c1_grm_std_uni,1,4.634641647338867,-3.9190421104431152,1
Clemson-DND_p309_c1_grm_std_uni,1,4.465681552886963,-3.525000810623169,1
Clemson-DND_p309_c1_grm_std_uni,1,5.299417972564697,-4.188302516937256,1
Clemson-DND_p309_c1_grm_std_uni,1,6.171309471130371,-4.645500659942627,1
Clemson-DND_p309_c1_grm_std_uni,1,6.739306449890137,-5.291068077087402,1
Clemson-DND_p309_c1_grm_std_uni,1,7.181033134460449,-5.966881275177002,1
Clemson-DND_p309_c1_grm_std_uni,1,7.399832248687744,-6.336045265197754,1
Clemson-DND_p309_c1_grm_std_uni,1,8.246149063110352,-7.3628926277160645,1
Clemson-DND_p309_c1_grm_std_uni,1,8.182609558105469,-7.337433338165283,1
Clemson-DND_p309_c1_grm_std_uni,1,7.865724563598633,-6.969204902648926,1
Clemson-DND_p309_c1_grm_std_uni,1,7.913030624389648,-7.021452903747559,1
Clemson-DND_p309_c1_grm_std_uni,1,7.180256366729736,-6.090356826782227,1
Clemson-DND_p309_c1_grm_std_uni,1,4.20667028427124,-3.3015177249908447,1
Clemson-DND_p309_c1_grm_std_uni,1,3.5545496940612793,-2.3414103984832764,1
Clemson-DND_p309_c1_grm_std_uni,1,4.232938766479492,-3.20357346534729,1
Clemson-DND_p309_c1_grm_std_uni,1,5.413081645965576,-3.9581806659698486,1
Clemson-DND_p309_c1_grm_std_uni,1,6.234110355377197,-5.15688419342041,1
Clemson-DND_p309_c1_grm_std_uni,1,6.7780656814575195,-5.073104381561279,1
Clemson-DND_p309_c1_grm_std_uni,1,6.233610153198242,-4.464110374450684,1
Clemson-DND_p309_c1_grm_std_uni,1,5.32435941696167,-4.209732532501221,1
Clemson-DND_p309_c1_grm_std_uni,1,5.15557336807251,-4.088577747344971,1
Clemson-DND_p309_c1_grm_std_uni,1,5.366005897521973,-4.139551162719727,1
Clemson-DND_p309_c1_grm_std_uni,1,5.842810153961182,-4.450836181640625,1
Clemson-DND_p309_c1_grm_std_uni,1,6.353817939758301,-4.974366188049316,1
Clemson-DND_p309_c1_grm_std_uni,1,6.861310005187988,-5.580232620239258,1
Clemson-DND_p309_c1_grm_std_uni,1,7.4460906982421875,-6.427599906921387,1
Clemson-DND_p309_c1_grm_std_uni,1,8.054450035095215,-7.108695983886719,1
Clemson-DND_p309_c1_grm_std_uni,1,7.587730407714844,-7.344529151916504,1
Clemson-DND_p309_c1_grm_std_uni,1,7.169768333435059,-7.395401954650879,1
Clemson-DND_p309_c1_grm_std_uni,1,7.052760601043701,-7.390340328216553,1
Clemson-DND_p309_c1_grm_std_uni,1,6.72745418548584,-7.1304473876953125,1
Clemson-DND_p309_c1_grm_std_uni,1,6.214252948760986,-6.237183094024658,1
Clemson-DND_p309_c1_grm_std_uni,1,5.382519245147705,-5.2582879066467285,1
Clemson-DND_p309_c1_grm_std_uni,1,4.123337745666504,-3.4617390632629395,1
Clemson-DND_p309_c1_grm_std_uni,1,3.9233877658843994,-3.0566625595092773,1
Clemson-DND_p309_c1_grm_std_uni,1,4.306259632110596,-3.4096176624298096,1
Clemson-DND_p309_c1_grm_std_uni,1,4.4404377937316895,-3.403369903564453,1
Clemson-DND_p309_c1_grm_std_uni,1,4.427783012390137,-3.197525978088379,1
Clemson-DND_p309_c1_grm_std_uni,1,5.024187088012695,-3.6882243156433105,1
Clemson-DND_p309_c1_grm_std_uni,1,5.4838128089904785,-4.1577863693237305,1
Clemson-DND_p309_c1_grm_std_uni,1,5.770079135894775,-4.648210525512695,1
Clemson-DND_p309_c1_grm_std_uni,1,5.2257304191589355,-3.977085828781128,1
Clemson-DND_p309_c1_grm_std_uni,1,4.981025695800781,-3.6197385787963867,1
Clemson-DND_p309_c1_grm_std_uni,1,5.100483417510986,-4.107687950134277,1
Clemson-DND_p309_c1_grm_std_uni,1,5.043724060058594,-4.356080532073975,1
Clemson-DND_p309_c1_grm_std_uni,1,4.8359527587890625,-4.226447582244873,1
Clemson-DND_p309_c1_grm_std_uni,1,5.108741760253906,-4.469812393188477,1
Clemson-DND_p309_c1_grm_std_uni,1,5.48634147644043,-4.8005242347717285,1
Clemson-DND_p309_c1_grm_std_uni,1,5.6122517585754395,-4.796205520629883,1
Clemson-DND_p309_c1_grm_std_uni,1,5.658692359924316,-4.810793399810791,1
Clemson-DND_p309_c1_grm_std_uni,1,5.691534996032715,-4.824872016906738,1
Clemson-DND_p309_c1_grm_std_uni,1,5.854849338531494,-5.094148635864258,1
Clemson-DND_p309_c1_grm_std_uni,1,5.739078998565674,-4.946069717407227,1
Clemson-DND_p309_c1_grm_std_uni,1,5.693048477172852,-4.633194446563721,1
Clemson-DND_p309_c1_grm_std_uni,1,5.888674259185791,-4.499462604522705,1
Clemson-DND_p309_c1_grm_std_uni,1,5.643649578094482,-4.124454975128174,1
Clemson-DND_p309_c1_grm_std_uni,1,5.400022506713867,-3.2592544555664062,1
Clemson-DND_p309_c1_grm_std_uni,1,4.981107234954834,-3.042776584625244,1
Clemson-DND_p309_c1_grm_std_uni,1,4.93297815322876,-3.442293643951416,1
Clemson-DND_p309_c1_grm_std_uni,1,5.57082986831665,-4.28870964050293,1
Clemson-DND_p309_c1_grm_std_uni,1,5.107746601104736,-4.026779651641846,1
Clemson-DND_p309_c1_grm_std_uni,1,4.698372840881348,-3.6024374961853027,1
Clemson-DND_p309_c1_grm_std_uni,1,5.199613571166992,-3.8553199768066406,1
Clemson-DND_p309_c1_grm_std_uni,2,4.232906341552734,-3.137746572494507,1
Clemson-DND_p309_c1_grm_std_uni,1,4.642269611358643,-3.7040867805480957,1
Clemson-DND_p309_c1_grm_std_uni,1,4.841119289398193,-3.773642063140869,1
Clemson-DND_p309_c1_grm_std_uni,1,5.375206470489502,-4.262266159057617,1
Clemson-DND_p309_c1_grm_std_uni,1,5.798453330993652,-4.983309268951416,1
Clemson-DND_p309_c1_grm_std_uni,1,6.493685722351074,-5.346867561340332,1
Clemson-DND_p309_c1_grm_std_uni,1,6.540243148803711,-5.317255973815918,1
Clemson-DND_p309_c1_grm_std_uni,1,6.366257190704346,-5.133118152618408,1
Clemson-DND_p309_c1_grm_std_uni,1,7.0128631591796875,-5.757402420043945,1
Clemson-DND_p309_c1_grm_std_uni,1,7.158414840698242,-6.204485893249512,1
Clemson-DND_p309_c1_grm_std_uni,1,6.864132881164551,-6.5156402587890625,1
Clemson-DND_p309_c1_grm_std_uni,1,6.136824131011963,-5.842293739318848,1
Clemson-DND_p309_c1_grm_std_uni,1,6.317233085632324,-5.633481025695801,1
Clemson-DND_p309_c1_grm_std_uni,1,6.794820308685303,-5.583007335662842,1
Clemson-DND_p309_c1_grm_std_uni,1,5.87014627456665,-4.245481967926025,1
Clemson-DND_p309_c1_grm_std_uni,1,5.03751802444458,-3.476909637451172,1
Clemson-DND_p309_c1_grm_std_uni,1,4.975000381469727,-3.645716667175293,1
Clemson-DND_p309_c1_grm_std_uni,1,5.466257095336914,-4.310206413269043,1
Clemson-DND_p309_c1_grm_std_uni,1,6.391753673553467,-5.153489112854004,1
Clemson-DND_p309_c1_grm_std_uni,1,7.167113780975342,-6.612545490264893,1
Clemson-DND_p309_c1_grm_std_uni,1,7.392143726348877,-7.258386611938477,1
Clemson-DND_p309_c1_grm_std_uni,1,7.5677642822265625,-7.528311729431152,1
Clemson-DND_p309_c1_grm_std_uni,1,7.431233882904053,-7.064691543579102,1
Clemson-DND_p309_c1_grm_std_uni,1,7.234622478485107,-6.180261135101318,1
Clemson-DND_p309_c1_grm_std_uni,1,6.296020030975342,-4.751115798950195,1
Clemson-DND_p309_c1_grm_std_uni,1,5.2050299644470215,-3.7822041511535645,1
Clemson-DND_p309_c1_grm_std_uni,1,4.911586284637451,-3.6968672275543213,1
Clemson-DND_p309_c1_grm_std_uni,1,4.944124698638916,-3.952087163925171,1
Clemson-DND_p309_c1_grm_std_uni,1,5.080452919006348,-4.173459529876709,1
Clemson-DND_p309_c1_grm_std_uni,1,5.209558963775635,-3.955824613571167,1
Clemson-DND_p309_c1_grm_std_uni,1,4.9882073402404785,-3.7775449752807617,1
Clemson-DND_p309_c1_grm_std_uni,1,4.9338226318359375,-3.5168559551239014,1
Clemson-DND_p309_c1_grm_std_uni,1,4.941054821014404,-3.53143048286438,1
Clemson-DND_p309_c1_grm_std_uni,1,4.872511386871338,-3.1824519634246826,1
Clemson-DND_p309_c1_grm_std_uni,1,4.420749187469482,-2.6478159427642822,1
Clemson-DND_p309_c1_grm_std_uni,1,4.831397533416748,-3.313904285430908,1
Clemson-DND_p309_c1_grm_std_uni,1,4.214867115020752,-2.970623254776001,1
Clemson-DND_p309_c1_grm_std_uni,1,4.646897315979004,-3.6303842067718506,1
Clemson-DND_p309_c1_grm_std_uni,1,5.331098556518555,-4.359677314758301,1
Clemson-DND_p309_c1_grm_std_uni,1,5.7186455726623535,-4.257819652557373,1
Clemson-DND_p309_c1_grm_std_uni,1,5.960441589355469,-4.660346508026123,1
Clemson-DND_p309_c1_grm_std_uni,1,6.063427925109863,-4.931471347808838,1
Clemson-DND_p309_c1_grm_std_uni,1,6.481290340423584,-5.156265735626221,1
Clemson-DND_p309_c1_grm_std_uni,1,6.4391045570373535,-5.143017292022705,1
Clemson-DND_p309_c1_grm_std_uni,1,6.987733840942383,-5.56626558303833,1
Clemson-DND_p309_c1_grm_std_uni,1,6.211302280426025,-4.540591239929199,1
Clemson-DND_p309_c1_grm_std_uni,1,5.77719259262085,-3.968914270401001,1
Clemson-DND_p309_c1_grm_std_uni,1,5.518792152404785,-3.8155062198638916,1
Clemson-DND_p309_c1_grm_std_uni,1,5.543465614318848,-4.044702053070068,1
Clemson-DND_p309_c1_grm_std_uni,1,5.539248943328857,-4.101551532745361,1
Clemson-DND_p309_c1_grm_std_uni,1,5.429930210113525,-3.848128318786621,1
Clemson-DND_p309_c1_grm_std_uni,1,5.5796661376953125,-4.324577331542969,1
Clemson-DND_p309_c1_grm_std_uni,1,5.327469348907471,-3.872230052947998,1
Clemson-DND_p309_c1_grm_std_uni,1,5.002386569976807,-3.4699976444244385,1
Clemson-DND_p309_c1_grm_std_uni,1,5.163087844848633,-3.7270569801330566,1
Clemson-DND_p309_c1_grm_std_uni,1,5.246596813201904,-3.9745686054229736,1
Clemson-DND_p309_c1_grm_std_uni,1,5.395323753356934,-4.104643821716309,1
Clemson-DND_p309_c1_grm_std_uni,1,5.78235387802124,-4.433671951293945,1
Clemson-DND_p309_c1_grm_std_uni,1,5.7573466300964355,-4.576046943664551,1
Clemson-DND_p309_c1_grm_std_uni,1,5.687734603881836,-4.659820556640625,1
Clemson-DND_p309_c1_grm_std_uni,1,5.561709403991699,-4.527650833129883,1
Clemson-DND_p309_c1_grm_std_uni,1,5.303223609924316,-4.199249744415283,1
Clemson-DND_p309_c1_grm_std_uni,1,4.8731279373168945,-3.889472723007202,1
Clemson-DND_p309_c1_grm_std_uni,1,4.747258186340332,-3.737379550933838,1
Clemson-DND_p309_c1_grm_std_uni,1,4.578453540802002,-3.5569136142730713,1
Clemson-DND_p309_c1_grm_std_uni,1,4.523285388946533,-3.624241590499878,1
Clemson-DND_p309_c1_grm_std_uni,1,4.663474082946777,-3.884085178375244,1
Clemson-DND_p309_c1_grm_std_uni,1,4.6824188232421875,-3.6634809970855713,1
Clemson-DND_p309_c1_grm_std_uni,1,4.8205647468566895,-3.665123701095581,1
Clemson-DND_p309_c1_grm_std_uni,1,4.989537715911865,-3.739487648010254,1
Clemson-DND_p309_c1_grm_std_uni,1,4.508665084838867,-3.190645456314087,1
Clemson-DND_p309_c1_grm_std_uni,1,4.276142597198486,-2.7735910415649414,1
Clemson-DND_p309_c1_grm_std_uni,1,4.266609191894531,-2.5899593830108643,1
Clemson-DND_p309_c1_grm_std_uni,1,3.92313814163208,-2.9078798294067383,1
Clemson-DND_p309_c1_grm_std_uni,2,4.746878623962402,-3.7768523693084717,1
Clemson-DND_p309_c1_grm_std_uni,1,4.68211555480957,-4.121699333190918,1
Clemson-DND_p309_c1_grm_std_uni,1,5.248581886291504,-4.291895866394043,1
Clemson-DND_p309_c1_grm_std_uni,1,5.164106369018555,-4.155202865600586,1
Clemson-DND_p309_c1_grm_std_uni,1,5.434985637664795,-5.155187606811523,1
Clemson-DND_p309_c1_grm_std_uni,1,5.877955436706543,-4.675973892211914,1
Clemson-DND_p309_c1_grm_std_uni,1,6.237022399902344,-4.9871954917907715,1
Clemson-DND_p309_c1_grm_std_uni,1,6.7449140548706055,-5.291879653930664,1
Clemson-DND_p309_c1_grm_std_uni,1,5.550354480743408,-3.755950689315796,1
Clemson-DND_p309_c1_grm_std_uni,1,5.056240558624268,-3.9971814155578613,1
Clemson-DND_p309_c1_grm_std_uni,1,4.868818759918213,-4.26096773147583,1
Clemson-DND_p309_c1_grm_std_uni,1,4.7943878173828125,-3.7689833641052246,1
Clemson-DND_p309_c1_grm_std_uni,1,4.664865970611572,-3.0862720012664795,1
Clemson-DND_p309_c1_grm_std_uni,1,4.43031120300293,-3.0250179767608643,1
Clemson-DND_p309_c1_grm_std_uni,1,4.642858982086182,-3.4261889457702637,1
Clemson-DND_p309_c1_grm_std_uni,1,4.118751049041748,-2.9348719120025635,1
Clemson-DND_p309_c1_grm_std_uni,1,4.3109846115112305,-3.1607556343078613,1
Clemson-DND_p309_c1_grm_std_uni,1,4.776686668395996,-3.8604378700256348,1
Clemson-DND_p309_c1_grm_std_uni,1,5.208128929138184,-4.35831356048584,1
Clemson-DND_p309_c1_grm_std_uni,1,5.2311248779296875,-4.225069522857666,1
Clemson-DND_p309_c1_grm_std_uni,1,5.466554641723633,-4.835758686065674,1
Clemson-DND_p309_c1_grm_std_uni,1,5.9316582679748535,-4.719294548034668,1
Clemson-DND_p309_c1_grm_std_uni,1,6.112403392791748,-4.953298091888428,1
Clemson-DND_p309_c1_grm_std_uni,1,6.147850036621094,-4.789921283721924,1
Clemson-DND_p309_c1_grm_std_uni,1,6.524493217468262,-5.321988105773926,1
Clemson-DND_p309_c1_grm_std_uni,1,6.089777946472168,-4.650097370147705,1
Clemson-DND_p309_c1_grm_std_uni,1,6.399113655090332,-4.791471481323242,1
Clemson-DND_p309_c1_grm_std_uni,1,6.853678226470947,-5.296853065490723,1
Clemson-DND_p309_c1_grm_std_uni,1,7.735747337341309,-6.042817115783691,1
Clemson-DND_p309_c1_grm_std_uni,1,7.898122787475586,-6.627859115600586,1
Clemson-DND_p309_c1_grm_std_uni,1,7.943199634552002,-7.131768703460693,1
Clemson-DND_p309_c1_grm_std_uni,1,7.867408275604248,-7.175671577453613,1
Clemson-DND_p309_c1_grm_std_uni,1,8.028474807739258,-7.585554599761963,1
Clemson-DND_p309_c1_grm_std_uni,1,8.636107444763184,-8.054670333862305,1
Clemson-DND_p309_c1_grm_std_uni,1,7.780291557312012,-8.01901912689209,1
Clemson-DND_p309_c1_grm_std_uni,1,7.081763744354248,-7.358049392700195,1
Clemson-DND_p309_c1_grm_std_uni,1,6.320485591888428,-5.4324727058410645,1
Clemson-DND_p309_c1_grm_std_uni,1,5.414994239807129,-4.630916118621826,1
Clemson-DND_p309_c1_grm_std_uni,1,5.0278496742248535,-4.1182756423950195,1
Clemson-DND_p309_c1_grm_std_uni,1,4.771399974822998,-3.6304705142974854,1
Clemson-DND_p309_c1_grm_std_uni,1,5.053194046020508,-4.016560077667236,1
Clemson-DND_p309_c1_grm_std_uni,1,4.761773109436035,-4.009757041931152,1
Clemson-DND_p309_c1_grm_std_uni,1,4.79680871963501,-4.139318466186523,1
Clemson-DND_p309_c1_grm_std_uni,1,5.363955020904541,-4.553596496582031,1
Clemson-DND_p309_c1_grm_std_uni,1,5.537093162536621,-4.821948051452637,1
Clemson-DND_p309_c1_grm_std_uni,1,5.988751411437988,-4.756144046783447,1
Clemson-DND_p309_c1_grm_std_uni,1,5.708649635314941,-4.666476249694824,1
Clemson-DND_p309_c1_grm_std_uni,1,5.439975261688232,-4.3496575355529785,1
Clemson-DND_p309_c1_grm_std_uni,1,5.132570743560791,-3.970458745956421,1
Clemson-DND_p309_c1_grm_std_uni,1,5.18873405456543,-3.8592333793640137,1
Clemson-DND_p309_c1_grm_std_uni,2,5.189855575561523,-4.024532318115234,1
Clemson-DND_p309_c1_grm_std_uni,1,4.821764945983887,-3.7424819469451904,1
Clemson-DND_p309_c1_grm_std_uni,1,5.448265552520752,-4.416312217712402,1
Clemson-DND_p309_c1_grm_std_uni,1,5.812709331512451,-4.903894424438477,1
Clemson-DND_p309_c1_grm_std_uni,1,6.176275253295898,-4.992497444152832,1
Clemson-DND_p309_c1_grm_std_uni,1,6.289657115936279,-4.975424766540527,1
Clemson-DND_p309_c1_grm_std_uni,1,6.353165626525879,-4.975456714630127,1
Clemson-DND_p309_c1_grm_std_uni,1,6.6353535652160645,-5.6172261238098145,1
Clemson-DND_p309_c1_grm_std_uni,1,6.473952293395996,-4.726377964019775,1
Clemson-DND_p309_c1_grm_std_uni,1,6.813937187194824,-5.481749534606934,1
Clemson-DND_p309_c1_grm_std_uni,1,7.2921295166015625,-6.077136516571045,1
Clemson-DND_p309_c1_grm_std_uni,1,7.409977912902832,-6.472809314727783,1
Clemson-DND_p309_c1_grm_std_uni,1,6.599642753601074,-6.3783369064331055,1
Clemson-DND_p309_c1_grm_std_uni,1,4.0989580154418945,-3.2852861881256104,1
Clemson-DND_p309_c1_grm_std_uni,1,3.1389212608337402,-2.333237409591675,1
Clemson-DND_p309_c1_grm_std_uni,1,4.705788612365723,-2.9616591930389404,1
Clemson-DND_p309_c1_grm_std_uni,1,4.698350429534912,-3.201920509338379,1
Clemson-DND_p309_c1_grm_std_uni,1,5.060502052307129,-3.9855847358703613,1
Clemson-DND_p309_c1_grm_std_uni,1,5.257345676422119,-4.290833473205566,1
Clemson-DND_p309_c1_grm_std_uni,1,5.466174602508545,-4.632001876831055,1
Clemson-DND_p309_c1_grm_std_uni,1,6.105337619781494,-5.059561729431152,1
Clemson-DND_p309_c1_grm_std_uni,1,6.536588668823242,-5.35610294342041,1
Clemson-DND_p309_c1_grm_std_uni,1,6.862967491149902,-5.596328258514404,1
Clemson-DND_p309_c1_grm_std_uni,1,7.189570903778076,-6.11934232711792,1
Clemson-DND_p309_c1_grm_std_uni,1,6.982114315032959,-6.868936061859131,1
Clemson-DND_p309_c1_grm_std_uni,1,6.425961971282959,-7.221188068389893,1
Clemson-DND_p309_c1_grm_std_uni,1,5.815163612365723,-6.851934432983398,1
Clemson-DND_p309_c1_grm_std_uni,1,5.60239839553833,-6.522842884063721,1
Clemson-DND_p309_c1_grm_std_uni,1,4.817588806152344,-5.147061347961426,1
Clemson-DND_p309_c1_grm_std_uni,1,3.8683969974517822,-2.79253888130188,1
Clemson-DND_p309_c1_grm_std_uni,1,2.8999624252319336,-1.5487655401229858,1
Clemson-DND_p309_c1_grm_std_uni,1,4.184656143188477,-3.1120200157165527,1
Clemson-DND_p309_c1_grm_std_uni,1,4.912495136260986,-3.7619681358337402,1
Clemson-DND_p309_c1_grm_std_uni,1,5.004642009735107,-3.9168736934661865,1
Clemson-DND_p309_c1_grm_std_uni,1,4.975517272949219,-3.168875217437744,1
Clemson-DND_p309_c1_grm_std_uni,1,4.29553747177124,-2.5051748752593994,1
Clemson-DND_p309_c1_grm_std_uni,1,4.266165256500244,-2.674816608428955,1
Clemson-DND_p309_c1_grm_std_uni,1,3.8427302837371826,-3.0856258869171143,1
Clemson-DND_p309_c1_grm_std_uni,1,3.922797918319702,-2.9303667545318604,1
Clemson-DND_p309_c1_grm_std_uni,1,4.3771748542785645,-3.581233024597168,1
Clemson-DND_p309_c1_grm_std_uni,1,5.18356466293335,-4.2407121658325195,1
Clemson-DND_p309_c1_grm_std_uni,1,4.536248207092285,-3.738309383392334,1
Clemson-DND_p309_c1_grm_std_uni,1,5.698410511016846,-4.438772678375244,1
Clemson-DND_p309_c1_grm_std_uni,1,5.755957126617432,-4.4106645584106445,1
Clemson-DND_p309_c1_grm_std_uni,1,6.29150390625,-5.051524639129639,1
Clemson-DND_p309_c1_grm_std_uni,1,6.577690124511719,-5.407994270324707,1
Clemson-DND_p309_c1_grm_std_uni,1,6.058864116668701,-4.462679862976074,1
Clemson-DND_p309_c1_grm_std_uni,1,5.533116817474365,-4.156866550445557,1
Clemson-DND_p309_c1_grm_std_uni,1,5.350064277648926,-3.8917365074157715,1
Clemson-DND_p309_c1_grm_std_uni,1,5.762690544128418,-4.586377143859863,1
Clemson-DND_p309_c1_grm_std_uni,1,5.796316146850586,-4.456969738006592,1
Clemson-DND_p309_c1_grm_std_uni,1,5.0645527839660645,-4.06860876083374,1
Clemson-DND_p309_c1_grm_std_uni,1,4.517418384552002,-3.6153035163879395,1
Clemson-DND_p309_c1_grm_std_uni,1,4.96325159072876,-3.3118910789489746,1
Clemson-DND_p309_c1_grm_std_uni,1,4.241479873657227,-2.9721434116363525,1
Clemson-DND_p309_c1_grm_std_uni,1,4.536743640899658,-3.441478967666626,1
Clemson-DND_p309_c1_grm_std_uni,1,5.2908406257629395,-4.186781406402588,1
Clemson-DND_p309_c1_grm_std_uni,1,5.515568256378174,-4.348101615905762,1
Clemson-DND_p309_c1_grm_std_uni,1,5.894111633300781,-4.63095235824585,1
Clemson-DND_p309_c1_grm_std_uni,1,5.934845924377441,-4.5491838455200195,1
Clemson-DND_p309_c1_grm_std_uni,1,5.876748561859131,-4.195007801055908,1
Clemson-DND_p309_c1_grm_std_uni,1,6.310797691345215,-4.8547587394714355,1
Clemson-DND_p309_c1_grm_std_uni,1,6.730742454528809,-5.375801086425781,1
Clemson-DND_p309_c1_grm_std_uni,1,5.790523052215576,-4.333826541900635,1
Clemson-DND_p309_c1_grm_std_uni,1,5.798933982849121,-4.325981140136719,1
Clemson-DND_p309_c1_grm_std_uni,1,5.483891010284424,-3.660466194152832,1
Clemson-DND_p309_c1_grm_std_uni,1,5.21262788772583,-3.7028467655181885,1
Clemson-DND_p309_c1_grm_std_uni,1,4.7653069496154785,-3.210599660873413,1
Clemson-DND_p309_c1_grm_std_uni,1,4.859650611877441,-3.438589334487915,1
Clemson-DND_p309_c1_grm_std_uni,1,4.8714518547058105,-3.615245819091797,1
Clemson-DND_p309_c1_grm_std_uni,1,5.266748428344727,-4.3155999183654785,1
Clemson-DND_p309_c1_grm_std_uni,1,5.0713348388671875,-4.150649547576904,1
Clemson-DND_p309_c1_grm_std_uni,1,5.18053674697876,-4.271024227142334,1
Clemson-DND_p309_c1_grm_std_uni,1,6.128415107727051,-5.054601192474365,1
Clemson-DND_p309_c1_grm_std_uni,1,6.417699337005615,-5.2011003494262695,1
Clemson-DND_p309_c1_grm_std_uni,1,6.339780807495117,-5.088067054748535,1
Clemson-DND_p309_c1_grm_std_uni,1,6.774073600769043,-5.487588882446289,1
Clemson-DND_p309_c1_grm_std_uni,1,6.275099277496338,-4.700103759765625,1
Clemson-DND_p309_c1_grm_std_uni,1,5.946982383728027,-4.085076332092285,1
Clemson-DND_p309_c1_grm_std_uni,1,5.735961437225342,-4.0374603271484375,1
Clemson-DND_p309_c1_grm_std_uni,1,5.137988567352295,-3.107260227203369,1
Clemson-DND_p309_c1_grm_std_uni,1,4.902204513549805,-2.905163049697876,1
Clemson-DND_p309_c1_grm_std_uni,1,4.926246166229248,-3.4310224056243896,1
Clemson-DND_p309_c1_grm_std_uni,1,4.8896894454956055,-3.6431400775909424,1
Clemson-DND_p309_c1_grm_std_uni,1,5.007393836975098,-3.5762722492218018,1
Clemson-DND_p309_c1_grm_std_uni,1,5.605140209197998,-4.253458023071289,1
Clemson-DND_p309_c1_grm_std_uni,1,5.799960613250732,-4.378550052642822,1
Clemson-DND_p309_c1_grm_std_uni,1,5.50071907043457,-4.266907691955566,1
Clemson-DND_p309_c1_grm_std_uni,1,5.339985370635986,-3.7253434658050537,1
Clemson-DND_p309_c1_grm_std_uni,1,5.257381916046143,-3.6404125690460205,1
Clemson-DND_p309_c1_grm_std_uni,1,5.234954833984375,-4.108551502227783,1
Clemson-DND_p309_c1_grm_std_uni,1,5.231923580169678,-4.121012210845947,1
Clemson-DND_p309_c1_grm_std_uni,1,5.5064239501953125,-4.4366888999938965,1
Clemson-DND_p309_c1_grm_std_uni,1,5.669153213500977,-4.439549446105957,1
Clemson-DND_p309_c1_grm_std_uni,1,5.725688457489014,-4.510926246643066,1
Clemson-DND_p309_c1_grm_std_uni,1,5.767286777496338,-4.433568000793457,1
Clemson-DND_p309_c1_grm_std_uni,1,5.741192817687988,-4.207711696624756,1
Clemson-DND_p309_c1_grm_std_uni,1,5.030664443969727,-4.140040397644043,1
Clemson-DND_p309_c1_grm_std_uni,1,4.949577808380127,-4.290731430053711,1
Clemson-DND_p309_c1_grm_std_uni,1,4.73422908782959,-4.220557689666748,1
Clemson-DND_p309_c1_grm_std_uni,1,5.21273136138916,-4.363334655761719,1
Clemson-DND_p309_c1_grm_std_uni,1,5.844257831573486,-4.840378761291504,1
Clemson-DND_p309_c1_grm_std_uni,1,5.04892635345459,-4.212123870849609,1
Clemson-DND_p309_c1_grm_std_uni,1,4.440476417541504,-3.5494821071624756,1
Clemson-DND_p309_c1_grm_std_uni,1,4.750079154968262,-3.6702659130096436,1
Clemson-DND_p309_c1_grm_std_uni,1,5.285643100738525,-4.456970691680908,1
Clemson-DND_p309_c1_grm_std_uni,1,5.783114910125732,-5.156578063964844,1
Clemson-DND_p309_c1_grm_std_uni,1,6.314921855926514,-5.817370891571045,1
Clemson-DND_p309_c1_grm_std_uni,1,6.880781173706055,-6.438640117645264,1
Clemson-DND_p309_c1_grm_std_uni,1,6.499600410461426,-5.931554317474365,1
Clemson-DND_p309_c1_grm_std_uni,1,6.2721428871154785,-5.691205024719238,1
Clemson-DND_p309_c1_grm_std_uni,1,6.502903461456299,-5.870786190032959,1
Clemson-DND_p309_c1_grm_std_uni,1,7.503093242645264,-6.644217491149902,1
Clemson-DND_p309_c1_grm_std_uni,1,8.158400535583496,-7.619227409362793,1
Clemson-DND_p309_c1_grm_std_uni,1,7.874951362609863,-8.014531135559082,1
Clemson-DND_p309_c1_grm_std_uni,1,7.530997276306152,-7.158421516418457,1
Clemson-DND_p309_c1_grm_std_uni,1,6.123033046722412,-5.865324974060059,1
Clemson-DND_p309_c1_grm_std_uni,1,5.420668125152588,-4.141937732696533,1
Clemson-DND_p309_c1_grm_std_uni,1,5.177186012268066,-3.931426525115967,1
Clemson-DND_p309_c1_grm_std_uni,1,5.3363356590271,-4.432163715362549,1
Clemson-DND_p309_c1_grm_std_uni,1,5.1673078536987305,-4.524179935455322,1
Clemson-DND_p309_c1_grm_std_uni,1,4.501394748687744,-3.681530475616455,1
Clemson-DND_p309_c1_grm_std_uni,1,4.594781875610352,-3.5729546546936035,1
Clemson-DND_p309_c1_grm_std_uni,1,4.381308078765869,-3.3117053508758545,1
Clemson-DND_p309_c1_grm_std_uni,1,4.327516078948975,-3.135772228240967,1
Clemson-DND_p309_c1_grm_std_uni,1,4.486128330230713,-3.2108237743377686,1
Clemson-DND_p309_c1_grm_std_uni,1,4.565580368041992,-3.2932169437408447,1
Clemson-DND_p309_c1_grm_std_uni,1,4.925173759460449,-3.905428886413574,1
Clemson-DND_p309_c1_grm_std_uni,1,5.354025840759277,-4.498163223266602,1
Clemson-DND_p309_c1_grm_std_uni,1,5.353610038757324,-4.288822650909424,1
Clemson-DND_p309_c1_grm_std_uni,1,5.298218250274658,-4.288559913635254,1
Clemson-DND_p309_c1_grm_std_uni,1,5.29074764251709,-4.631649494171143,1
Clemson-DND_p309_c1_grm_std_uni,1,5.327375888824463,-4.245352268218994,1
Clemson-DND_p309_c1_grm_std_uni,1,5.7077317237854,-4.418913841247559,1
Clemson-DND_p309_c1_grm_std_uni,1,5.820692539215088,-4.214052200317383,1
Clemson-DND_p309_c1_grm_std_uni,1,5.660512447357178,-3.8456475734710693,1
Clemson-DND_p309_c1_grm_std_uni,1,5.223769664764404,-3.653029203414917,1
Clemson-DND_p309_c1_grm_std_uni,1,5.318169593811035,-3.8805418014526367,1
Clemson-DND_p309_c1_grm_std_uni,1,5.385381698608398,-4.263671398162842,1
Clemson-DND_p309_c1_grm_std_uni,1,5.487381935119629,-4.308603286743164,1
Clemson-DND_p309_c1_grm_std_uni,1,5.793280601501465,-4.65249490737915,1
Clemson-DND_p309_c1_grm_std_uni,1,5.416787147521973,-4.503461837768555,1
Clemson-DND_p309_c1_grm_std_uni,1,5.247612953186035,-4.4477996826171875,1
Clemson-DND_p309_c1_grm_std_uni,1,5.7426652908325195,-4.686944484710693,1
Clemson-DND_p309_c1_grm_std_uni,1,6.118448734283447,-5.1133012771606445,1
Clemson-DND_p309_c1_grm_std_uni,1,6.360750198364258,-5.213470458984375,1
Clemson-DND_p309_c1_grm_std_uni,1,6.774256706237793,-5.465572834014893,1
Clemson-DND_p309_c1_grm_std_uni,1,4.951602458953857,-4.013889789581299,1
Clemson-DND_p309_c1_grm_std_uni,1,4.789373397827148,-4.07379150390625,1
Clemson-DND_p309_c1_grm_std_uni,1,5.23150634765625,-3.9151241779327393,1
Clemson-DND_p309_c1_grm_std_uni,1,5.066287040710449,-3.814965009689331,1
Clemson-DND_p309_c1_grm_std_uni,1,4.385091304779053,-3.149122953414917,1
Clemson-DND_p309_c1_grm_std_uni,1,5.339395523071289,-4.208359718322754,1
Clemson-DND_p309_c1_grm_std_uni,1,5.4571452140808105,-4.583860397338867,1
Clemson-DND_p309_c1_grm_std_uni,1,5.650206565856934,-4.74788236618042,1
Clemson-DND_p309_c1_grm_std_uni,1,5.945525646209717,-4.999752521514893,1
Clemson-DND_p309_c1_grm_std_uni,1,6.464155673980713,-5.178120136260986,1
Clemson-DND_p309_c1_grm_std_uni,1,6.833065509796143,-5.4557271003723145,1
Clemson-DND_p309_c1_grm_std_uni,1,7.026610374450684,-5.149121284484863,1
Clemson-DND_p309_c1_grm_std_uni,1,6.1010422706604,-4.971081733703613,1
Clemson-DND_p309_c1_grm_std_uni,1,6.075954914093018,-4.907370090484619,1
Clemson-DND_p309_c1_grm_std_uni,1,6.00788688659668,-4.8341450691223145,1
Clemson-DND_p309_c1_grm_std_uni,1,6.146703243255615,-5.016683578491211,1
Clemson-DND_p309_c1_grm_std_uni,1,6.274285793304443,-5.112086772918701,1
Clemson-DND_p309_c1_grm_std_uni,1,6.439106464385986,-4.992547988891602,1
Clemson-DND_p309_c1_grm_std_uni,1,6.630931377410889,-4.7772297859191895,1
Clemson-DND_p309_c1_grm_std_uni,1,6.479280471801758,-4.396412372589111,1
Clemson-DND_p309_c1_grm_std_uni,1,6.066183567047119,-4.036383628845215,1
Clemson-DND_p309_c1_grm_std_uni,1,6.1826348304748535,-4.197368144989014,1
Clemson-DND_p309_c1_grm_std_uni,1,6.363224983215332,-4.40168571472168,1
Clemson-DND_p309_c1_grm_std_uni,1,5.415689945220947,-3.5041213035583496,1
Clemson-DND_p309_c1_grm_std_uni,1,4.885581970214844,-3.6625654697418213,1
Clemson-DND_p309_c1_grm_std_uni,1,4.730274677276611,-4.413995742797852,1
Clemson-DND_p309_c1_grm_std_uni,1,5.355907917022705,-4.9715399742126465,1
Clemson-DND_p309_c1_grm_std_uni,1,5.985394477844238,-5.311947345733643,1
Clemson-DND_p309_c1_grm_std_uni,1,6.8987202644348145,-5.7090301513671875,1
Clemson-DND_p309_c1_grm_std_uni,1,7.300082206726074,-6.194919109344482,1
Clemson-DND_p309_c1_grm_std_uni,1,7.337150573730469,-6.770720481872559,1
Clemson-DND_p309_c1_grm_std_uni,1,7.261292934417725,-7.257538795471191,1
Clemson-DND_p309_c1_grm_std_uni,1,7.213960647583008,-6.896490097045898,1
Clemson-DND_p309_c1_grm_std_uni,1,7.349348068237305,-6.578384876251221,1
Clemson-DND_p309_c1_grm_std_uni,1,7.374788284301758,-6.607324600219727,1
Clemson-DND_p309_c1_grm_std_uni,1,6.587555408477783,-5.654304504394531,1
Clemson-DND_p309_c1_grm_std_uni,1,5.18317985534668,-4.091670513153076,1
Clemson-DND_p309_c1_grm_std_uni,1,5.842809200286865,-4.503833293914795,1
Clemson-DND_p309_c1_grm_std_uni,1,6.5627570152282715,-5.225593090057373,1
Clemson-DND_p309_c1_grm_std_uni,1,6.456262588500977,-4.962174415588379,1
Clemson-DND_p309_c1_grm_std_uni,1,6.552292346954346,-4.993104457855225,1
Clemson-DND_p309_c1_grm_std_uni,1,6.818703651428223,-5.179268836975098,1
Clemson-DND_p309_c1_grm_std_uni,1,7.063108921051025,-5.54555606842041,1
Clemson-DND_p309_c1_grm_std_uni,1,7.789910793304443,-6.357664108276367,1
Clemson-DND_p309_c1_grm_std_uni,1,7.762290000915527,-6.805418968200684,1
Clemson-DND_p309_c1_grm_std_uni,1,7.1158552169799805,-6.186148166656494,1
Clemson-DND_p309_c1_grm_std_uni,1,5.099518775939941,-4.247006416320801,1
Clemson-DND_p309_c1_grm_std_uni,1,4.583836078643799,-3.676013946533203,1
Clemson-DND_p309_c1_grm_std_uni,1,4.215329170227051,-3.509225606918335,1
Clemson-DND_p309_c1_grm_std_uni,1,5.3547821044921875,-4.320404529571533,1
Clemson-DND_p309_c1_grm_std_uni,1,4.844018459320068,-4.10456657409668,1
Clemson-DND_p309_c1_grm_std_uni,1,4.155642986297607,-3.5941858291625977,1
Clemson-DND_p309_c1_grm_std_uni,1,5.2730607986450195,-4.493375301361084,1
Clemson-DND_p309_c1_grm_std_uni,1,4.770676136016846,-3.979520320892334,1
Clemson-DND_p309_c1_grm_std_uni,1,5.313238143920898,-4.5578389167785645,1
Clemson-DND_p309_c1_grm_std_uni,1,5.9423370361328125,-5.153578281402588,1
Clemson-DND_p309_c1_grm_std_uni,1,4.972023010253906,-4.2429938316345215,1
Clemson-DND_p309_c1_grm_std_uni,1,3.32529354095459,-2.5277628898620605,1
Clemson-DND_p309_c1_grm_std_uni,1,2.1041061878204346,-1.5284141302108765,1
Clemson-DND_p309_c1_grm_std_uni,1,3.335679292678833,-2.973358154296875,1
Clemson-DND_p309_c1_grm_std_uni,1,4.281105041503906,-4.225589275360107,1
Clemson-DND_p309_c1_grm_std_uni,1,4.2086710929870605,-4.741495609283447,1
Clemson-DND_p309_c1_grm_std_uni,1,4.850438117980957,-5.448817253112793,1
Clemson-DND_p309_c1_grm_std_uni,1,6.578664779663086,-6.008727550506592,1
Clemson-DND_p309_c1_grm_std_uni,1,6.934381008148193,-7.154707431793213,1
Clemson-DND_p309_c1_grm_std_uni,1,6.992308139801025,-7.6879048347473145,1
Clemson-DND_p309_c1_grm_std_uni,1,6.447491645812988,-6.364259719848633,1
Clemson-DND_p309_c1_grm_std_uni,1,5.8165388107299805,-4.862637042999268,1
Clemson-DND_p309_c1_grm_std_uni,1,5.52350378036499,-4.708007335662842,1
Clemson-DND_p309_c1_grm_std_uni,1,5.465027809143066,-4.682652950286865,1
Clemson-DND_p309_c1_grm_std_uni,1,5.241876125335693,-4.64636754989624,1
Clemson-DND_p309_c1_grm_std_uni,1,5.264035701751709,-4.574300289154053,1
Clemson-DND_p309_c1_grm_std_uni,1,5.650884628295898,-4.95552396774292,1
Clemson-DND_p309_c1_grm_std_uni,1,5.943483352661133,-5.237633228302002,1
Clemson-DND_p309_c1_grm_std_uni,1,5.747286796569824,-5.06715726852417,1
Clemson-DND_p309_c1_grm_std_uni,1,6.046614646911621,-5.2926459312438965,1
Clemson-DND_p309_c1_grm_std_uni,1,5.704225540161133,-5.220122337341309,1
Clemson-DND_p309_c1_grm_std_uni,1,5.865025997161865,-5.4179229736328125,1
Clemson-DND_p309_c1_grm_std_uni,1,5.497603893280029,-4.847801685333252,1
Clemson-DND_p309_c1_grm_std_uni,1,5.729673862457275,-4.875833034515381,1
Clemson-DND_p309_c1_grm_std_uni,1,6.072116374969482,-5.190704822540283,1
Clemson-DND_p309_c1_grm_std_uni,1,6.278271675109863,-5.282628059387207,1
Clemson-DND_p309_c1_grm_std_uni,1,6.207772731781006,-4.810871601104736,1
Clemson-DND_p309_c1_grm_std_uni,1,6.587442398071289,-5.14146614074707,1
Clemson-DND_p309_c1_grm_std_uni,1,6.506424427032471,-5.0332136154174805,1
Clemson-DND_p309_c1_grm_std_uni,1,5.728699207305908,-5.058484077453613,1
Clemson-DND_p309_c1_grm_std_uni,1,5.896252632141113,-5.271754264831543,1
Clemson-DND_p309_c1_grm_std_uni,1,5.765727519989014,-5.203686237335205,1
Clemson-DND_p309_c1_grm_std_uni,1,5.293470859527588,-4.361417770385742,1
Clemson-DND_p309_c1_grm_std_uni,1,5.5218729972839355,-4.455785751342773,1
Clemson-DND_p309_c1_grm_std_uni,1,5.477938175201416,-4.2737717628479,1
Clemson-DND_p309_c1_grm_std_uni,1,5.293047904968262,-3.955933094024658,1
Clemson-DND_p309_c1_grm_std_uni,1,4.978268623352051,-3.9524006843566895,1
Clemson-DND_p309_c1_grm_std_uni,1,5.553290367126465,-4.30582332611084,1
Clemson-DND_p309_c1_grm_std_uni,1,5.434264659881592,-4.14683723449707,1
Clemson-DND_p309_c1_grm_std_uni,1,5.33988618850708,-3.9413001537323,1
Clemson-DND_p309_c1_grm_std_uni,1,5.22974157333374,-3.9459919929504395,1
Clemson-DND_p309_c1_grm_std_uni,1,5.599545001983643,-4.154974937438965,1
Clemson-DND_p309_c1_grm_std_uni,1,5.803314208984375,-4.505566120147705,1
Clemson-DND_p309_c1_grm_std_uni,1,6.265548229217529,-4.7481689453125,1
Clemson-DND_p309_c1_grm_std_uni,1,6.5258870124816895,-4.714592933654785,1
Clemson-DND_p309_c1_grm_std_uni,1,5.563243389129639,-4.543206214904785,1
Clemson-DND_p309_c1_grm_std_uni,1,5.334290027618408,-4.232299327850342,1
Clemson-DND_p309_c1_grm_std_uni,1,5.042857646942139,-3.514162540435791,1
Clemson-DND_p309_c1_grm_std_uni,1,5.21900749206543,-3.335651159286499,1
Clemson-DND_p309_c1_grm_std_uni,1,4.504591464996338,-2.9741928577423096,1
Clemson-DND_p309_c1_grm_std_uni,1,4.341721057891846,-3.3603460788726807,1
Clemson-DND_p309_c1_grm_std_uni,1,4.3096208572387695,-3.4938180446624756,1
Clemson-DND_p309_c1_grm_std_uni,1,4.525010585784912,-3.7084107398986816,1
Clemson-DND_p309_c1_grm_std_uni,1,4.8858723640441895,-4.071502208709717,1
Clemson-DND_p309_c1_grm_std_uni,1,5.392014503479004,-4.131926536560059,1
Clemson-DND_p309_c1_grm_std_uni,1,5.331483364105225,-4.181037902832031,1
Clemson-DND_p309_c1_grm_std_uni,1,5.58760929107666,-4.596812725067139,1
Clemson-DND_p309_c1_grm_std_uni,1,5.674843788146973,-4.634913921356201,1
Clemson-DND_p309_c1_grm_std_uni,1,5.8353271484375,-4.734918117523193,1
Clemson-DND_p309_c1_grm_std_uni,1,5.8195343017578125,-4.676135540008545,1
Clemson-DND_p309_c1_grm_std_uni,1,5.65722131729126,-4.2673211097717285,1
Clemson-DND_p309_c1_grm_std_uni,1,5.582447528839111,-4.036994934082031,1
Clemson-DND_p309_c1_grm_std_uni,1,5.849260330200195,-4.569585800170898,1
Clemson-DND_p309_c1_grm_std_uni,1,5.532620906829834,-4.465733528137207,1
Clemson-DND_p309_c1_grm_std_uni,1,5.712161540985107,-4.655827522277832,1
Clemson-DND_p309_c1_grm_std_uni,1,5.465743541717529,-4.620766639709473,1
Clemson-DND_p309_c1_grm_std_uni,1,5.153933048248291,-4.36801290512085,1
Clemson-DND_p309_c1_grm_std_uni,1,5.56479024887085,-4.465012550354004,1
Clemson-DND_p309_c1_grm_std_uni,1,6.4815263748168945,-5.155848503112793,1
Clemson-DND_p309_c1_grm_std_uni,1,6.226897716522217,-5.151974201202393,1
Clemson-DND_p309_c1_grm_std_uni,1,5.922738552093506,-4.977583408355713,1
Clemson-DND_p309_c1_grm_std_uni,1,5.739066123962402,-4.519318580627441,1
Clemson-DND_p309_c1_grm_std_uni,1,5.9435505867004395,-4.797607898712158,1
Clemson-DND_p309_c1_grm_std_uni,1,6.29763650894165,-5.199800968170166,1
Clemson-DND_p309_c1_grm_std_uni,1,5.810168266296387,-4.842012405395508,1
Clemson-DND_p309_c1_grm_std_uni,1,5.736130714416504,-4.6641154289245605,1
Clemson-DND_p309_c1_grm_std_uni,1,6.185300350189209,-4.837153911590576,1
Clemson-DND_p309_c1_grm_std_uni,1,6.373070240020752,-5.092341423034668,1
Clemson-DND_p309_c1_grm_std_uni,1,6.76394510269165,-5.564831256866455,1
Clemson-DND_p309_c1_grm_std_uni,1,6.651862144470215,-6.152933120727539,1
Clemson-DND_p309_c1_grm_std_uni,1,6.240029811859131,-5.542206764221191,1
Clemson-DND_p309_c1_grm_std_uni,1,7.424539566040039,-7.1048970222473145,1
Clemson-DND_p309_c1_grm_std_uni,1,7.5464630126953125,-7.565845012664795,1
Clemson-DND_p309_c1_grm_std_uni,1,7.550436973571777,-7.516964435577393,1
Clemson-DND_p309_c1_grm_std_uni,1,7.429454326629639,-7.375674724578857,1
Clemson-DND_p309_c1_grm_std_uni,1,6.627298831939697,-6.052436828613281,1
Clemson-DND_p309_c1_grm_std_uni,1,5.3066205978393555,-4.329212665557861,1
Clemson-DND_p309_c1_grm_std_uni,1,4.434539318084717,-3.109205722808838,1
Clemson-DND_p309_c1_grm_std_uni,1,5.782865524291992,-4.324447154998779,1
Clemson-DND_p309_c1_grm_std_uni,1,7.165243148803711,-5.6562819480896,1
Clemson-DND_p309_c1_grm_std_uni,1,8.518777847290039,-7.0440778732299805,1
Clemson-DND_p309_c1_grm_std_uni,1,9.125638961791992,-7.510717391967773,1
Clemson-DND_p309_c1_grm_std_uni,1,9.006484031677246,-7.6294169425964355,1
Clemson-DND_p309_c1_grm_std_uni,1,7.832056045532227,-6.54160213470459,1
Clemson-DND_p309_c1_grm_std_uni,1,6.0770583152771,-4.656103610992432,1
Clemson-DND_p309_c1_grm_std_uni,1,6.953500270843506,-5.2111945152282715,1
Clemson-DND_p309_c1_grm_std_uni,1,8.412057876586914,-6.739799499511719,1
Clemson-DND_p309_c1_grm_std_uni,1,8.857559204101562,-7.221010208129883,1
Clemson-DND_p309_c1_grm_std_uni,1,8.697617530822754,-7.261077404022217,1
Clemson-DND_p309_c1_grm_std_uni,1,8.581650733947754,-7.099798679351807,1
Clemson-DND_p309_c1_grm_std_uni,1,8.367480278015137,-7.289843559265137,1
Clemson-DND_p309_c1_grm_std_uni,1,7.961627006530762,-7.172162055969238,1
Clemson-DND_p309_c1_grm_std_uni,1,7.745842933654785,-6.953442573547363,1
Clemson-DND_p309_c1_grm_std_uni,1,7.122912406921387,-6.5279717445373535,1
Clemson-DND_p309_c1_grm_std_uni,1,6.575170993804932,-5.994162082672119,1
Clemson-DND_p309_c1_grm_std_uni,1,5.406178951263428,-4.586446762084961,1
Clemson-DND_p309_c1_grm_std_uni,1,4.267123699188232,-2.996140241622925,1
Clemson-DND_p309_c1_grm_std_uni,1,3.989382028579712,-2.774352550506592,1
Clemson-DND_p309_c1_grm_std_uni,1,3.8414666652679443,-3.2240114212036133,1
Clemson-DND_p309_c1_grm_std_uni,1,3.6725103855133057,-3.3951783180236816,1
Clemson-DND_p309_c1_grm_std_uni,1,3.6678807735443115,-3.5350286960601807,1
Clemson-DND_p309_c1_grm_std_uni,1,3.7655744552612305,-3.480363130569458,1
Clemson-DND_p309_c1_grm_std_uni,1,3.78348970413208,-3.465315341949463,1
Clemson-DND_p309_c1_grm_std_uni,1,3.690511465072632,-3.414235830307007,1
Clemson-DND_p309_c1_grm_std_uni,1,3.767045259475708,-3.399489402770996,1
Clemson-DND_p309_c1_grm_std_uni,1,3.930054187774658,-3.43794322013855,1
Clemson-DND_p309_c1_grm_std_uni,1,4.0841288566589355,-3.4840214252471924,1
Clemson-DND_p309_c1_grm_std_uni,1,4.110487461090088,-3.4927892684936523,1
Clemson-DND_p309_c1_grm_std_uni,1,3.8537678718566895,-3.365161180496216,1
Clemson-DND_p309_c1_grm_std_uni,1,3.528977155685425,-3.155794620513916,1
Clemson-DND_p309_c1_grm_std_uni,1,3.470581293106079,-3.175981283187866,1
Clemson-DND_p309_c1_grm_std_uni,1,3.4506659507751465,-3.1435415744781494,1
Clemson-DND_p309_c1_grm_std_uni,1,3.482334852218628,-3.186959743499756,1
Clemson-DND_p309_c1_grm_std_uni,1,3.4742119312286377,-3.105181932449341,1
Clemson-DND_p309_c1_grm_std_uni,1,3.4016313552856445,-3.042539119720459,1
Clemson-DND_p309_c1_grm_std_uni,1,3.2975265979766846,-3.017911434173584,1
Clemson-DND_p309_c1_grm_std_uni,1,3.305471658706665,-3.119720935821533,1
Clemson-DND_p309_c1_grm_std_uni,1,3.3400771617889404,-3.246772050857544,1
Clemson-DND_p309_c1_grm_std_uni,1,3.4040985107421875,-3.3233933448791504,1
Clemson-DND_p309_c1_grm_std_uni,1,3.3116273880004883,-3.2208399772644043,1
Clemson-DND_p309_c1_grm_std_uni,1,3.117943048477173,-3.079183340072632,1
Clemson-DND_p309_c1_grm_std_uni,1,3.097046375274658,-3.144810438156128,1
Clemson-DND_p309_c1_grm_std_uni,1,3.063908100128174,-3.2230026721954346,1
Clemson-DND_p309_c1_grm_std_uni,1,3.26595139503479,-3.527172565460205,1
Clemson-DND_p309_c1_grm_std_uni,1,3.5411601066589355,-3.7876651287078857,1
Clemson-DND_p309_c1_grm_std_uni,1,3.441108465194702,-3.7078702449798584,1
Clemson-DND_p309_c1_grm_std_uni,1,3.488301992416382,-3.626582622528076,1
Clemson-DND_p309_c1_grm_std_uni,1,3.1215627193450928,-3.279029369354248,1
Clemson-DND_p309_c1_grm_std_uni,1,2.665492534637451,-2.8390846252441406,1
Clemson-DND_p309_c1_grm_std_uni,1,2.563295602798462,-2.7117960453033447,1
Clemson-DND_p309_c1_grm_std_uni,1,2.7924649715423584,-3.08414363861084,1
Clemson-DND_p309_c1_grm_std_uni,1,2.916192054748535,-3.333686590194702,1
Clemson-DND_p309_c1_grm_std_uni,1,3.047015428543091,-3.40077805519104,1
Clemson-DND_p309_c1_grm_std_uni,1,3.2072720527648926,-3.4915595054626465,1
Clemson-DND_p309_c1_grm_std_uni,1,3.105412721633911,-3.412609577178955,1
Clemson-DND_p309_c1_grm_std_uni,1,3.1551942825317383,-3.453211784362793,1
Clemson-DND_p309_c1_grm_std_uni,1,3.1492574214935303,-3.4735403060913086,1
Clemson-DND_p309_c1_grm_std_uni,1,2.9727931022644043,-3.3883023262023926,1
Clemson-DND_p309_c1_grm_std_uni,1,2.9544129371643066,-3.3386685848236084,1
Clemson-DND_p309_c1_grm_std_uni,1,2.9608371257781982,-3.2739219665527344,1
Clemson-DND_p309_c1_grm_std_uni,1,2.941864252090454,-3.239565849304199,1
Clemson-DND_p309_c1_grm_std_uni,1,2.881037950515747,-3.173092842102051,1
Clemson-DND_p309_c1_grm_std_uni,1,3.0151150226593018,-3.281372547149658,1
Clemson-DND_p309_c1_grm_std_uni,1,3.269395589828491,-3.5105504989624023,1
Clemson-DND_p309_c1_grm_std_uni,1,3.350356340408325,-3.629268169403076,1
Clemson-DND_p309_c1_grm_std_uni,1,3.2589690685272217,-3.6070659160614014,1
Clemson-DND_p309_c1_grm_std_uni,1,3.0122153759002686,-3.4184212684631348,1
Clemson-DND_p309_c1_grm_std_uni,1,2.8447375297546387,-3.2811343669891357,1
Clemson-DND_p309_c1_grm_std_uni,1,2.741366386413574,-3.1691155433654785,1
Clemson-DND_p309_c1_grm_std_uni,1,2.8479864597320557,-3.2358899116516113,1
Clemson-DND_p309_c1_grm_std_uni,1,3.1184678077697754,-3.5515005588531494,1
Clemson-DND_p309_c1_grm_std_uni,1,3.2780113220214844,-3.7796857357025146,1
Clemson-DND_p309_c1_grm_std_uni,1,3.375141143798828,-3.8858642578125,1
Clemson-DND_p309_c1_grm_std_uni,1,3.419804573059082,-3.832756280899048,1
Clemson-DND_p309_c1_grm_std_uni,1,3.5626094341278076,-3.852370262145996,1
Clemson-DND_p309_c1_grm_std_uni,1,3.3767447471618652,-3.6858339309692383,1
Clemson-DND_p309_c1_grm_std_uni,1,3.4888734817504883,-3.7524921894073486,1
Clemson-DND_p309_c1_grm_std_uni,1,3.5651285648345947,-3.813528299331665,1
Clemson-DND_p309_c1_grm_std_uni,1,3.2708826065063477,-3.706570863723755,1
Clemson-DND_p309_c1_grm_std_uni,1,3.130180597305298,-3.664625644683838,1
Clemson-DND_p309_c1_grm_std_uni,1,3.3269577026367188,-3.6318295001983643,1
Clemson-DND_p309_c1_grm_std_uni,1,2.9826982021331787,-3.2340099811553955,1
Clemson-DND_p309_c1_grm_std_uni,1,2.1374008655548096,-2.3767189979553223,1
Clemson-DND_p309_c1_grm_std_uni,1,2.1256909370422363,-2.302590847015381,1
Clemson-DND_p309_c1_grm_std_uni,1,2.8421630859375,-3.446559190750122,1
Clemson-DND_p309_c1_grm_std_uni,1,4.238019943237305,-4.341767311096191,1
Clemson-DND_p309_c1_grm_std_uni,1,4.7946696281433105,-4.549582004547119,1
Clemson-DND_p309_c1_grm_std_uni,1,3.957461357116699,-3.9914207458496094,1
Clemson-DND_p309_c1_grm_std_uni,1,2.95896315574646,-3.1440320014953613,1
Clemson-DND_p309_c1_grm_std_uni,1,2.49295973777771,-2.6389546394348145,1
Clemson-DND_p309_c1_grm_std_uni,1,2.6439473628997803,-2.9415740966796875,1
Clemson-DND_p309_c1_grm_std_uni,1,3.1027703285217285,-3.5861334800720215,1
Clemson-DND_p309_c1_grm_std_uni,1,3.5273051261901855,-3.897270679473877,1
Clemson-DND_p309_c1_grm_std_uni,1,4.128728866577148,-4.238791465759277,1
Clemson-DND_p309_c1_grm_std_uni,1,4.046520233154297,-4.108285903930664,1
Clemson-DND_p309_c1_grm_std_uni,1,3.798234701156616,-3.846245050430298,1
Clemson-DND_p309_c1_grm_std_uni,1,3.627004384994507,-3.634481906890869,1
Clemson-DND_p309_c1_grm_std_uni,1,3.081496238708496,-3.241555690765381,1
Clemson-DND_p309_c1_grm_std_uni,1,2.8685688972473145,-3.0520946979522705,1
Clemson-DND_p309_c1_grm_std_uni,1,2.8872971534729004,-3.06164813041687,1
Clemson-DND_p309_c1_grm_std_uni,1,3.0235393047332764,-3.2800610065460205,1
Clemson-DND_p309_c1_grm_std_uni,1,3.00329327583313,-3.323474407196045,1
Clemson-DND_p309_c1_grm_std_uni,1,3.1894803047180176,-3.540984630584717,1
Clemson-DND_p309_c1_grm_std_uni,1,3.3560855388641357,-3.668102264404297,1
Clemson-DND_p309_c1_grm_std_uni,1,3.449692487716675,-3.7729640007019043,1
Clemson-DND_p309_c1_grm_std_uni,1,3.4123435020446777,-3.7351765632629395,1
Clemson-DND_p309_c1_grm_std_uni,1,3.0881495475769043,-3.4885761737823486,1
Clemson-DND_p309_c1_grm_std_uni,1,2.8820557594299316,-3.3188552856445312,1
Clemson-DND_p309_c1_grm_std_uni,1,2.9053549766540527,-3.3186240196228027,1
Clemson-DND_p309_c1_grm_std_uni,1,2.919170618057251,-3.298581600189209,1
Clemson-DND_p309_c1_grm_std_uni,1,2.8943498134613037,-3.2402164936065674,1
Clemson-DND_p309_c1_grm_std_uni,1,2.9627737998962402,-3.333120584487915,1
Clemson-DND_p309_c1_grm_std_uni,1,3.0659868717193604,-3.444610834121704,1
Clemson-DND_p309_c1_grm_std_uni,1,3.127485513687134,-3.524440288543701,1
Clemson-DND_p309_c1_grm_std_uni,1,3.1804306507110596,-3.5238027572631836,1
Clemson-DND_p309_c1_grm_std_uni,1,2.9308183193206787,-3.315143346786499,1
Clemson-DND_p309_c1_grm_std_uni,1,2.83331298828125,-3.1689670085906982,1
Clemson-DND_p309_c1_grm_std_uni,1,3.0094664096832275,-3.3266446590423584,1
Clemson-DND_p309_c1_grm_std_uni,1,3.148253917694092,-3.5531909465789795,1
Clemson-DND_p309_c1_grm_std_uni,1,3.4326562881469727,-3.839142322540283,1
Clemson-DND_p309_c1_grm_std_uni,1,3.3564748764038086,-3.771289825439453,1
Clemson-DND_p309_c1_grm_std_uni,1,2.988652229309082,-3.4560842514038086,1
Clemson-DND_p309_c1_grm_std_uni,1,2.76584529876709,-3.174161195755005,1
Clemson-DND_p309_c1_grm_std_uni,1,2.772495985031128,-3.1121742725372314,1
Clemson-DND_p309_c1_grm_std_uni,1,2.847155809402466,-3.2015724182128906,1
Clemson-DND_p309_c1_grm_std_uni,1,3.0204484462738037,-3.4155588150024414,1
Clemson-DND_p309_c1_grm_std_uni,1,3.32722544670105,-3.6817004680633545,1
Clemson-DND_p309_c1_grm_std_uni,1,3.3917431831359863,-3.725750207901001,1
Clemson-DND_p309_c1_grm_std_uni,1,3.2639074325561523,-3.6406922340393066,1
Clemson-DND_p309_c1_grm_std_uni,1,3.1689255237579346,-3.584167242050171,1
Clemson-DND_p309_c1_grm_std_uni,1,3.066586971282959,-3.5076591968536377,1
Clemson-DND_p309_c1_grm_std_uni,1,2.9843523502349854,-3.4128081798553467,1
Clemson-DND_p309_c1_grm_std_uni,1,2.862837791442871,-3.255932569503784,1
Clemson-DND_p309_c1_grm_std_uni,1,2.8864121437072754,-3.270761013031006,1
Clemson-DND_p309_c1_grm_std_uni,1,3.245779514312744,-3.724393129348755,1
Clemson-DND_p309_c1_grm_std_uni,1,3.840294599533081,-4.196364402770996,1
Clemson-DND_p309_c1_grm_std_uni,1,4.423142910003662,-4.567967414855957,1
Clemson-DND_p309_c1_grm_std_uni,1,4.127876281738281,-4.365359783172607,1
Clemson-DND_p309_c1_grm_std_uni,1,3.1538379192352295,-3.638263463973999,1
Clemson-DND_p309_c1_grm_std_uni,1,2.4730381965637207,-2.8228793144226074,1
Clemson-DND_p309_c1_grm_std_uni,1,2.8159854412078857,-2.99037504196167,1
Clemson-DND_p309_c1_grm_std_uni,1,3.3311522006988525,-3.4327802658081055,1
Clemson-DND_p309_c1_grm_std_uni,1,3.210221767425537,-3.3828861713409424,1
Clemson-DND_p309_c1_grm_std_uni,1,2.9756739139556885,-3.2506375312805176,1
Clemson-DND_p309_c1_grm_std_uni,1,2.7613892555236816,-3.044623613357544,1
Clemson-DND_p309_c1_grm_std_uni,1,2.8471572399139404,-3.2366082668304443,1
Clemson-DND_p309_c1_grm_std_uni,1,2.8821921348571777,-3.306511640548706,1
Clemson-DND_p309_c1_grm_std_uni,1,3.047205686569214,-3.4948809146881104,1
Clemson-DND_p309_c1_grm_std_uni,1,3.365760564804077,-3.7497003078460693,1
Clemson-DND_p309_c1_grm_std_uni,1,3.3118302822113037,-3.6823511123657227,1
Clemson-DND_p309_c1_grm_std_uni,1,2.8813133239746094,-3.31986141204834,1
Clemson-DND_p309_c1_grm_std_uni,1,2.8402507305145264,-3.18285870552063,1
Clemson-DND_p309_c1_grm_std_uni,1,2.7941293716430664,-3.0991861820220947,1
Clemson-DND_p309_c1_grm_std_uni,1,3.235541820526123,-3.5698049068450928,1
Clemson-DND_p309_c1_grm_std_uni,1,4.054391384124756,-4.146521091461182,1
Clemson-DND_p309_c1_grm_std_uni,1,4.3836445808410645,-4.406258583068848,1
Clemson-DND_p309_c1_grm_std_uni,1,4.049111366271973,-4.223566055297852,1
Clemson-DND_p309_c1_grm_std_uni,1,3.625331163406372,-3.628373622894287,1
Clemson-DND_p309_c1_grm_std_uni,1,4.061634540557861,-3.8277931213378906,1
Clemson-DND_p309_c1_grm_std_uni,1,4.290346145629883,-4.002762317657471,1
Clemson-DND_p309_c1_grm_std_uni,1,4.545989513397217,-4.187536716461182,1
Clemson-DND_p309_c1_grm_std_uni,1,5.272794246673584,-4.594252586364746,1
Clemson-DND_p309_c1_grm_std_uni,1,5.4367828369140625,-4.494253635406494,1
Clemson-DND_p309_c1_grm_std_uni,1,4.302796840667725,-3.424391269683838,1
Clemson-DND_p309_c1_grm_std_uni,1,3.2027695178985596,-2.4254536628723145,1
Clemson-DND_p309_c1_grm_std_uni,1,2.8337016105651855,-2.62974214553833,1
Clemson-DND_p309_c1_grm_std_uni,1,3.1327850818634033,-3.2543320655822754,1
Clemson-DND_p309_c1_grm_std_uni,1,3.5208051204681396,-3.767760992050171,1
Clemson-DND_p309_c1_grm_std_uni,1,3.1839404106140137,-3.43579363822937,1
Clemson-DND_p309_c1_grm_std_uni,1,2.8391952514648438,-3.0596976280212402,1
Clemson-DND_p309_c1_grm_std_uni,1,2.8451826572418213,-3.0595102310180664,1
Clemson-DND_p309_c1_grm_std_uni,1,2.982374429702759,-3.2531254291534424,1
Clemson-DND_p309_c1_grm_std_uni,1,3.091658353805542,-3.4170782566070557,1
Clemson-DND_p309_c1_grm_std_uni,1,3.360903263092041,-3.6655917167663574,1
Clemson-DND_p309_c1_grm_std_uni,1,3.4108834266662598,-3.644554615020752,1
Clemson-DND_p309_c1_grm_std_uni,1,3.1871140003204346,-3.4671013355255127,1
Clemson-DND_p309_c1_grm_std_uni,1,3.1432406902313232,-3.393657684326172,1
Clemson-DND_p309_c1_grm_std_uni,1,2.8880927562713623,-3.1276185512542725,1
Clemson-DND_p309_c1_grm_std_uni,1,2.737818717956543,-3.024768829345703,1
Clemson-DND_p309_c1_grm_std_uni,1,2.8533477783203125,-3.191208600997925,1
Clemson-DND_p309_c1_grm_std_uni,1,3.0218920707702637,-3.4519309997558594,1
Clemson-DND_p309_c1_grm_std_uni,1,3.0347890853881836,-3.4692163467407227,1
Clemson-DND_p309_c1_grm_std_uni,1,2.9165616035461426,-3.372162103652954,1
Clemson-DND_p309_c1_grm_std_uni,1,2.8851206302642822,-3.3174614906311035,1
Clemson-DND_p309_c1_grm_std_uni,1,2.942779779434204,-3.363995313644409,1
Clemson-DND_p309_c1_grm_std_uni,1,3.0127172470092773,-3.434208631515503,1
Clemson-DND_p309_c1_grm_std_uni,1,3.0260133743286133,-3.468721866607666,1
Clemson-DND_p309_c1_grm_std_uni,1,3.0436644554138184,-3.4632842540740967,1
Clemson-DND_p309_c1_grm_std_uni,1,3.1652512550354004,-3.539707660675049,1
Clemson-DND_p309_c1_grm_std_uni,1,3.1115028858184814,-3.4805054664611816,1
Clemson-DND_p309_c1_grm_std_uni,1,3.0025475025177,-3.3477065563201904,1
Clemson-DND_p309_c1_grm_std_uni,1,2.953547954559326,-3.3053767681121826,1
Clemson-DND_p309_c1_grm_std_uni,1,2.9277055263519287,-3.3406660556793213,1
Clemson-DND_p309_c1_grm_std_uni,1,2.9832510948181152,-3.4343695640563965,1
Clemson-DND_p309_c1_grm_std_uni,1,3.1373894214630127,-3.559093952178955,1
Clemson-DND_p309_c1_grm_std_uni,1,3.129800319671631,-3.5464634895324707,1
Clemson-DND_p309_c1_grm_std_uni,1,2.9927000999450684,-3.451566219329834,1
Clemson-DND_p309_c1_grm_std_uni,1,2.9296090602874756,-3.354285717010498,1
Clemson-DND_p309_c1_grm_std_uni,1,2.828930377960205,-3.1626975536346436,1
Clemson-DND_p309_c1_grm_std_uni,1,2.8067848682403564,-3.1123602390289307,1
Clemson-DND_p309_c1_grm_std_uni,1,2.9099795818328857,-3.1617650985717773,1
Clemson-DND_p309_c1_grm_std_uni,1,2.867321252822876,-3.1786320209503174,1
Clemson-DND_p309_c1_grm_std_uni,1,2.9147348403930664,-3.306856632232666,1
Clemson-DND_p309_c1_grm_std_uni,1,3.993159055709839,-4.114726543426514,1
Clemson-DND_p309_c1_grm_std_uni,1,4.982763767242432,-4.677319526672363,1
Clemson-DND_p309_c1_grm_std_uni,1,5.246686935424805,-4.43619441986084,1
Clemson-DND_p309_c1_grm_std_uni,1,5.286827564239502,-4.5154805183410645,1
Clemson-DND_p309_c1_grm_std_uni,1,6.216219425201416,-4.416792392730713,1
Clemson-DND_p309_c1_grm_std_uni,1,6.015170574188232,-3.6658172607421875,1
Clemson-DND_p309_c1_grm_std_uni,1,6.008766174316406,-3.667356014251709,1
Clemson-DND_p309_c1_grm_std_uni,1,6.161131381988525,-3.7234528064727783,1
Clemson-DND_p309_c1_grm_std_uni,1,6.471433162689209,-4.361090183258057,1
Clemson-DND_p309_c1_grm_std_uni,1,5.958019733428955,-4.3794755935668945,1
Clemson-DND_p309_c1_grm_std_uni,1,6.232767105102539,-4.619250297546387,1
Clemson-DND_p309_c1_grm_std_uni,1,6.118745803833008,-4.557948589324951,1
Clemson-DND_p309_c1_grm_std_uni,1,6.486739158630371,-4.987249851226807,1
Clemson-DND_p309_c1_grm_std_uni,1,6.113711833953857,-4.628007888793945,1
Clemson-DND_p309_c1_grm_std_uni,1,5.77272891998291,-4.697564601898193,1
Clemson-DND_p309_c1_grm_std_uni,1,5.6641621589660645,-5.043892860412598,1
Clemson-DND_p309_c1_grm_std_uni,1,5.55709981918335,-5.00986909866333,1
Clemson-DND_p309_c1_grm_std_uni,1,4.835939884185791,-4.28682804107666,1
Clemson-DND_p309_c1_grm_std_uni,1,4.516951560974121,-4.091424465179443,1
Clemson-DND_p309_c1_grm_std_uni,1,4.374007701873779,-4.156832218170166,1
Clemson-DND_p309_c1_grm_std_uni,1,4.4908318519592285,-4.3502631187438965,1
Clemson-DND_p309_c1_grm_std_uni,1,4.7173261642456055,-4.463481426239014,1
Clemson-DND_p309_c1_grm_std_uni,1,4.60471248626709,-4.269142150878906,1
Clemson-DND_p309_c1_grm_std_uni,1,3.5766894817352295,-3.5861921310424805,1
Clemson-DND_p309_c1_grm_std_uni,1,2.6888577938079834,-2.518064022064209,1
Clemson-DND_p309_c1_grm_std_uni,1,2.5425407886505127,-2.2484662532806396,1
Clemson-DND_p309_c1_grm_std_uni,1,2.6053788661956787,-2.581843137741089,1
Clemson-DND_p309_c1_grm_std_uni,1,3.572204351425171,-3.5201001167297363,1
Clemson-DND_p309_c1_grm_std_uni,1,4.2877960205078125,-3.860910654067993,1
Clemson-DND_p309_c1_grm_std_uni,1,4.467811584472656,-3.9561400413513184,1
Clemson-DND_p309_c1_grm_std_uni,1,4.001755237579346,-3.7111191749572754,1
Clemson-DND_p309_c1_grm_std_uni,1,3.428874969482422,-3.3538601398468018,1
Clemson-DND_p309_c1_grm_std_uni,1,3.2556140422821045,-3.2185614109039307,1
Clemson-DND_p309_c1_grm_std_uni,1,3.279982328414917,-3.2545409202575684,1
Clemson-DND_p309_c1_grm_std_uni,1,3.20558762550354,-3.1701362133026123,1
Clemson-DND_p309_c1_grm_std_uni,1,3.252978563308716,-3.23124098777771,1
Clemson-DND_p309_c1_grm_std_uni,1,3.32952880859375,-3.3533613681793213,1
Clemson-DND_p309_c1_grm_std_uni,1,3.266124725341797,-3.363675832748413,1
Clemson-DND_p309_c1_grm_std_uni,1,3.28061842918396,-3.366215944290161,1
Clemson-DND_p309_c1_grm_std_uni,1,3.2446255683898926,-3.3480401039123535,1
Clemson-DND_p309_c1_grm_std_uni,1,3.0784499645233154,-3.2107553482055664,1
Clemson-DND_p309_c1_grm_std_uni,1,3.0477137565612793,-3.1669745445251465,1
Clemson-DND_p309_c1_grm_std_uni,1,3.0706796646118164,-3.1832070350646973,1
Clemson-DND_p309_c1_grm_std_uni,1,3.0468862056732178,-3.171231985092163,1
Clemson-DND_p309_c1_grm_std_uni,1,3.14140248298645,-3.2714457511901855,1
Clemson-DND_p309_c1_grm_std_uni,1,3.307511806488037,-3.4272258281707764,1
Clemson-DND_p309_c1_grm_std_uni,1,3.3846046924591064,-3.503610849380493,1
Clemson-DND_p309_c1_grm_std_uni,1,3.267822742462158,-3.422814130783081,1
Clemson-DND_p309_c1_grm_std_uni,1,3.1030006408691406,-3.297084331512451,1
Clemson-DND_p309_c1_grm_std_uni,1,2.9397189617156982,-3.164998769760132,1
Clemson-DND_p309_c1_grm_std_uni,1,2.8431882858276367,-3.130707025527954,1
Clemson-DND_p309_c1_grm_std_uni,1,3.0010368824005127,-3.3362677097320557,1
Clemson-DND_p309_c1_grm_std_uni,1,3.3292558193206787,-3.542738914489746,1
Clemson-DND_p309_c1_grm_std_uni,1,3.3736073970794678,-3.5595550537109375,1
Clemson-DND_p309_c1_grm_std_uni,1,3.073136329650879,-3.3566336631774902,1
Clemson-DND_p309_c1_grm_std_uni,1,2.9721131324768066,-3.2696194648742676,1
Clemson-DND_p309_c1_grm_std_uni,1,2.959044933319092,-3.2285685539245605,1
Clemson-DND_p309_c1_grm_std_uni,1,3.019069194793701,-3.3040387630462646,1
Clemson-DND_p309_c1_grm_std_uni,1,3.1848268508911133,-3.458186149597168,1
Clemson-DND_p309_c1_grm_std_uni,1,3.192850351333618,-3.487501621246338,1
Clemson-DND_p309_c1_grm_std_uni,1,3.2334585189819336,-3.5389442443847656,1
Clemson-DND_p309_c1_grm_std_uni,1,3.0919904708862305,-3.4741134643554688,1
Clemson-DND_p309_c1_grm_std_uni,1,2.886280059814453,-3.3310461044311523,1
Clemson-DND_p309_c1_grm_std_uni,1,2.844902753829956,-3.290540933609009,1
Clemson-DND_p309_c1_grm_std_uni,1,2.9022302627563477,-3.3238742351531982,1
Clemson-DND_p309_c1_grm_std_uni,1,2.8524179458618164,-3.3002073764801025,1
Clemson-DND_p309_c1_grm_std_uni,1,2.9119255542755127,-3.3344345092773438,1
Clemson-DND_p309_c1_grm_std_uni,1,3.008031129837036,-3.4113059043884277,1
Clemson-DND_p309_c1_grm_std_uni,1,2.8904454708099365,-3.340484142303467,1
Clemson-DND_p309_c1_grm_std_uni,1,2.9071898460388184,-3.3402259349823,1
Clemson-DND_p309_c1_grm_std_uni,1,2.9221510887145996,-3.309514284133911,1
Clemson-DND_p309_c1_grm_std_uni,1,3.0628573894500732,-3.3836617469787598,1
Clemson-DND_p309_c1_grm_std_uni,1,3.0323433876037598,-3.3589091300964355,1
Clemson-DND_p309_c1_grm_std_uni,1,2.95745587348938,-3.3724048137664795,1
Clemson-DND_p309_c1_grm_std_uni,1,3.1334421634674072,-3.5489115715026855,1
Clemson-DND_p309_c1_grm_std_uni,1,3.2201459407806396,-3.6406071186065674,1
Clemson-DND_p309_c1_grm_std_uni,1,3.2064716815948486,-3.6759839057922363,1
Clemson-DND_p309_c1_grm_std_uni,1,2.974942207336426,-3.4937334060668945,1
Clemson-DND_p309_c1_grm_std_uni,1,2.738067388534546,-3.2420196533203125,1
Clemson-DND_p309_c1_grm_std_uni,1,2.745171546936035,-3.1914749145507812,1
Clemson-DND_p309_c1_grm_std_uni,1,2.681440591812134,-3.1290221214294434,1
Clemson-DND_p309_c1_grm_std_uni,1,2.667149066925049,-3.1978046894073486,1
Clemson-DND_p309_c1_grm_std_uni,1,3.1689834594726562,-3.570496082305908,1
Clemson-DND_p309_c1_grm_std_uni,1,3.2435286045074463,-3.611454963684082,1
Clemson-DND_p309_c1_grm_std_uni,1,2.9779322147369385,-3.4081223011016846,1
Clemson-DND_p309_c1_grm_std_uni,1,2.854393720626831,-3.2658841609954834,1
Clemson-DND_p309_c1_grm_std_uni,1,2.7943296432495117,-3.2005796432495117,1
Clemson-DND_p309_c1_grm_std_uni,1,2.9035189151763916,-3.315626382827759,1
Clemson-DND_p309_c1_grm_std_uni,1,3.0244359970092773,-3.430255889892578,1
Clemson-DND_p309_c1_grm_std_uni,1,2.986337423324585,-3.3732309341430664,1
Clemson-DND_p309_c1_grm_std_uni,1,2.7968153953552246,-3.1768765449523926,1
Clemson-DND_p309_c1_grm_std_uni,1,2.755946636199951,-3.129391670227051,1
Clemson-DND_p309_c1_grm_std_uni,1,2.84443736076355,-3.2577850818634033,1
Clemson-DND_p309_c1_grm_std_uni,1,3.011096715927124,-3.4505794048309326,1
Clemson-DND_p309_c1_grm_std_uni,1,3.1548781394958496,-3.5271143913269043,1
Clemson-DND_p309_c1_grm_std_uni,1,3.3016555309295654,-3.5908050537109375,1
Clemson-DND_p309_c1_grm_std_uni,1,3.149468421936035,-3.5205600261688232,1
Clemson-DND_p309_c1_grm_std_uni,1,2.8592164516448975,-3.3519654273986816,1
Clemson-DND_p309_c1_grm_std_uni,1,2.7026984691619873,-3.2656781673431396,1
Clemson-DND_p309_c1_grm_std_uni,1,2.936448812484741,-3.4879984855651855,1
Clemson-DND_p309_c1_grm_std_uni,1,3.1853249073028564,-3.6558430194854736,1
Clemson-DND_p309_c1_grm_std_uni,1,3.286404609680176,-3.6944777965545654,1
Clemson-DND_p309_c1_grm_std_uni,1,3.2411606311798096,-3.6498565673828125,1
Clemson-DND_p309_c1_grm_std_uni,1,3.13509202003479,-3.5650241374969482,1
Clemson-DND_p309_c1_grm_std_uni,1,3.086090326309204,-3.530683994293213,1
Clemson-DND_p309_c1_grm_std_uni,1,3.113532543182373,-3.5544729232788086,1
Clemson-DND_p309_c1_grm_std_uni,1,3.0230705738067627,-3.4931981563568115,1
Clemson-DND_p309_c1_grm_std_uni,1,3.0416994094848633,-3.4915366172790527,1
Clemson-DND_p309_c1_grm_std_uni,1,2.834956407546997,-3.2370734214782715,1
Clemson-DND_p309_c1_grm_std_uni,1,2.6401922702789307,-3.0380287170410156,1
Clemson-DND_p309_c1_grm_std_uni,1,2.7380447387695312,-3.1790761947631836,1
Clemson-DND_p309_c1_grm_std_uni,1,2.831852912902832,-3.341480255126953,1
Clemson-DND_p309_c1_grm_std_uni,1,3.219845771789551,-3.6376969814300537,1
Clemson-DND_p309_c1_grm_std_uni,1,3.21116042137146,-3.590608835220337,1
Clemson-DND_p309_c1_grm_std_uni,1,2.892850399017334,-3.322951078414917,1
Clemson-DND_p309_c1_grm_std_uni,1,2.805161714553833,-3.219407320022583,1
Clemson-DND_p309_c1_grm_std_uni,1,2.6868505477905273,-3.1413121223449707,1
Clemson-DND_p309_c1_grm_std_uni,1,2.6222116947174072,-3.1303656101226807,1
Clemson-DND_p309_c1_grm_std_uni,1,2.8814923763275146,-3.368837356567383,1
Clemson-DND_p309_c1_grm_std_uni,1,3.155832052230835,-3.519487142562866,1
Clemson-DND_p309_c1_grm_std_uni,1,3.25429368019104,-3.5489749908447266,1
Clemson-DND_p309_c1_grm_std_uni,1,3.176870584487915,-3.5390260219573975,1
Clemson-DND_p309_c1_grm_std_uni,1,3.057870388031006,-3.5227973461151123,1
Clemson-DND_p309_c1_grm_std_uni,1,3.022399663925171,-3.520028591156006,1
Clemson-DND_p309_c1_grm_std_uni,1,3.1443519592285156,-3.630974054336548,1
Clemson-DND_p309_c1_grm_std_uni,1,3.131730556488037,-3.5858027935028076,1
Clemson-DND_p309_c1_grm_std_uni,1,3.146265745162964,-3.5627429485321045,1
Clemson-DND_p309_c1_grm_std_uni,1,2.911130666732788,-3.3615939617156982,1
Clemson-DND_p309_c1_grm_std_uni,1,2.767399311065674,-3.2672131061553955,1
Clemson-DND_p309_c1_grm_std_uni,1,2.8197755813598633,-3.3153247833251953,1
Clemson-DND_p309_c1_grm_std_uni,1,2.990125894546509,-3.4671924114227295,1
Clemson-DND_p309_c1_grm_std_uni,1,3.111987590789795,-3.5260584354400635,1
Clemson-DND_p309_c1_grm_std_uni,1,3.0176985263824463,-3.462937355041504,1
Clemson-DND_p309_c1_grm_std_uni,1,2.9761743545532227,-3.406261682510376,1
Clemson-DND_p309_c1_grm_std_uni,1,2.9720962047576904,-3.389909505844116,1
Clemson-DND_p309_c1_grm_std_uni,1,3.0049679279327393,-3.4666595458984375,1
Clemson-DND_p309_c1_grm_std_uni,1,2.993070363998413,-3.4718337059020996,1
Clemson-DND_p309_c1_grm_std_uni,1,2.9862022399902344,-3.4800426959991455,1
Clemson-DND_p309_c1_grm_std_uni,1,3.031780242919922,-3.5496673583984375,1
Clemson-DND_p309_c1_grm_std_uni,1,3.1357686519622803,-3.6496944427490234,1
Clemson-DND_p309_c1_grm_std_uni,1,2.934795618057251,-3.5240862369537354,1
Clemson-DND_p309_c1_grm_std_uni,1,2.922852039337158,-3.508852481842041,1
Clemson-DND_p309_c1_grm_std_uni,1,2.9966886043548584,-3.5460429191589355,1
Clemson-DND_p309_c1_grm_std_uni,1,3.0746333599090576,-3.5706546306610107,1
Clemson-DND_p309_c1_grm_std_uni,1,2.9942128658294678,-3.5205159187316895,1
Clemson-DND_p309_c1_grm_std_uni,1,2.9429080486297607,-3.524561643600464,1
Clemson-DND_p309_c1_grm_std_uni,1,3.074781656265259,-3.6242666244506836,1
Clemson-DND_p309_c1_grm_std_uni,1,3.259732961654663,-3.7196156978607178,1
Clemson-DND_p309_c1_grm_std_uni,1,3.2392215728759766,-3.693112850189209,1
Clemson-DND_p309_c1_grm_std_uni,1,3.076127767562866,-3.6050305366516113,1
Clemson-DND_p309_c1_grm_std_uni,1,2.9672014713287354,-3.4507884979248047,1
Clemson-DND_p309_c1_grm_std_uni,1,2.962563991546631,-3.4140801429748535,1
Clemson-DND_p309_c1_grm_std_uni,1,2.903477668762207,-3.4065771102905273,1
Clemson-DND_p309_c1_grm_std_uni,1,2.8745453357696533,-3.3836257457733154,1
Clemson-DND_p309_c1_grm_std_uni,1,2.8110501766204834,-3.3362605571746826,1
Clemson-DND_p309_c1_grm_std_uni,1,2.795215129852295,-3.3309531211853027,1
Clemson-DND_p309_c1_grm_std_uni,1,2.9417343139648438,-3.5175294876098633,1
Clemson-DND_p309_c1_grm_std_uni,1,3.0687339305877686,-3.776440143585205,1
Clemson-DND_p309_c1_grm_std_uni,1,3.6322102546691895,-4.154110431671143,1
Clemson-DND_p309_c1_grm_std_uni,1,3.938710927963257,-4.339206695556641,1
Clemson-DND_p309_c1_grm_std_uni,1,3.721125841140747,-4.200977325439453,1
Clemson-DND_p309_c1_grm_std_uni,1,3.387223720550537,-3.966356039047241,1
Clemson-DND_p309_c1_grm_std_uni,1,3.13767147064209,-3.71878719329834,1
Clemson-DND_p309_c1_grm_std_uni,1,3.117313861846924,-3.608583927154541,1
Clemson-DND_p309_c1_grm_std_uni,1,2.956881284713745,-3.409623861312866,1
Clemson-DND_p309_c1_grm_std_uni,1,2.79691481590271,-3.224440336227417,1
Clemson-DND_p309_c1_grm_std_uni,1,2.713036298751831,-3.1508545875549316,1
Clemson-DND_p309_c1_grm_std_uni,1,2.839747667312622,-3.257228374481201,1
Clemson-DND_p309_c1_grm_std_uni,1,2.991021156311035,-3.420809268951416,1
Clemson-DND_p309_c1_grm_std_uni,1,3.1000659465789795,-3.5258309841156006,1
Clemson-DND_p309_c1_grm_std_uni,1,2.9607090950012207,-3.4847400188446045,1
Clemson-DND_p309_c1_grm_std_uni,1,3.1505203247070312,-3.58937668800354,1
Clemson-DND_p309_c1_grm_std_uni,1,3.145240306854248,-3.640397310256958,1
Clemson-DND_p309_c1_grm_std_uni,1,3.0127756595611572,-3.555046319961548,1
Clemson-DND_p309_c1_grm_std_uni,1,2.4239184856414795,-3.174161195755005,1
Clemson-DND_p309_c1_grm_std_uni,1,0.9978503584861755,-2.153177261352539,1
Clemson-DND_p309_c1_grm_std_uni,1,-0.214545339345932,-1.111274242401123,2
