Clemson-DND_p274_c2_grm_std_uni,1,2.5487170219421387,-1.579108715057373,1
Clemson-DND_p274_c2_grm_std_uni,1,2.6029467582702637,-1.7382678985595703,1
Clemson-DND_p274_c2_grm_std_uni,1,1.4132589101791382,-0.6506038308143616,1
Clemson-DND_p274_c2_grm_std_uni,1,1.8213133811950684,-1.1394208669662476,1
Clemson-DND_p274_c2_grm_std_uni,1,3.2134151458740234,-2.3872792720794678,1
Clemson-DND_p274_c2_grm_std_uni,1,4.471689224243164,-3.5830917358398438,1
Clemson-DND_p274_c2_grm_std_uni,1,4.028687477111816,-3.0880792140960693,1
Clemson-DND_p274_c2_grm_std_uni,1,5.151507377624512,-4.291780471801758,1
Clemson-DND_p274_c2_grm_std_uni,1,4.56751823425293,-3.9198031425476074,1
Clemson-DND_p274_c2_grm_std_uni,1,3.7910614013671875,-3.1080288887023926,1
Clemson-DND_p274_c2_grm_std_uni,1,4.824697494506836,-3.467038631439209,1
Clemson-DND_p274_c2_grm_std_uni,1,4.777978420257568,-3.3198721408843994,1
Clemson-DND_p274_c2_grm_std_uni,1,5.472539901733398,-3.7753653526306152,1
Clemson-DND_p274_c2_grm_std_uni,1,6.177358150482178,-4.518430233001709,1
Clemson-DND_p274_c2_grm_std_uni,1,6.614139080047607,-5.075860977172852,1
Clemson-DND_p274_c2_grm_std_uni,1,6.7543840408325195,-5.0287933349609375,1
Clemson-DND_p274_c2_grm_std_uni,1,7.070410251617432,-5.520469665527344,1
Clemson-DND_p274_c2_grm_std_uni,1,6.3604326248168945,-5.059343338012695,1
Clemson-DND_p274_c2_grm_std_uni,1,6.1647515296936035,-4.8372111320495605,1
Clemson-DND_p274_c2_grm_std_uni,1,6.387828826904297,-4.794245719909668,1
Clemson-DND_p274_c2_grm_std_uni,1,6.831186771392822,-5.268648624420166,1
Clemson-DND_p274_c2_grm_std_uni,1,7.873133659362793,-6.609324932098389,1
Clemson-DND_p274_c2_grm_std_uni,1,7.458080768585205,-6.871862888336182,1
Clemson-DND_p274_c2_grm_std_uni,1,6.361025333404541,-5.634552001953125,1
Clemson-DND_p274_c2_grm_std_uni,1,6.137906551361084,-4.647907257080078,1
Clemson-DND_p274_c2_grm_std_uni,1,5.499255180358887,-3.6717257499694824,1
Clemson-DND_p274_c2_grm_std_uni,1,5.054332256317139,-3.4248950481414795,1
Clemson-DND_p274_c2_grm_std_uni,1,4.787726879119873,-3.4213240146636963,1
Clemson-DND_p274_c2_grm_std_uni,1,4.608844757080078,-3.6068344116210938,1
Clemson-DND_p274_c2_grm_std_uni,1,4.156392574310303,-3.7285773754119873,1
Clemson-DND_p274_c2_grm_std_uni,1,4.578410625457764,-4.1179656982421875,1
Clemson-DND_p274_c2_grm_std_uni,1,5.336370944976807,-4.491992950439453,1
Clemson-DND_p274_c2_grm_std_uni,1,5.973947525024414,-4.936696529388428,1
Clemson-DND_p274_c2_grm_std_uni,1,6.082038879394531,-4.985049724578857,1
Clemson-DND_p274_c2_grm_std_uni,1,5.664716720581055,-4.100895881652832,1
Clemson-DND_p274_c2_grm_std_uni,1,5.438220024108887,-3.907787322998047,1
Clemson-DND_p274_c2_grm_std_uni,1,5.282238006591797,-4.019018173217773,1
Clemson-DND_p274_c2_grm_std_uni,1,4.96450662612915,-3.335045576095581,1
Clemson-DND_p274_c2_grm_std_uni,1,5.110791206359863,-3.6919493675231934,1
Clemson-DND_p274_c2_grm_std_uni,1,5.208914279937744,-3.805642604827881,1
Clemson-DND_p274_c2_grm_std_uni,1,5.658563137054443,-4.321283340454102,1
Clemson-DND_p274_c2_grm_std_uni,1,6.174341201782227,-5.058053493499756,1
Clemson-DND_p274_c2_grm_std_uni,1,6.083526611328125,-4.94783353805542,1
Clemson-DND_p274_c2_grm_std_uni,1,5.812309265136719,-4.469517230987549,1
Clemson-DND_p274_c2_grm_std_uni,1,5.817102909088135,-4.470552444458008,1
Clemson-DND_p274_c2_grm_std_uni,1,5.807497024536133,-4.490718841552734,1
Clemson-DND_p274_c2_grm_std_uni,1,5.838420391082764,-4.469834804534912,1
Clemson-DND_p274_c2_grm_std_uni,1,5.802192211151123,-4.396117687225342,1
Clemson-DND_p274_c2_grm_std_uni,1,5.7588605880737305,-4.366300106048584,1
Clemson-DND_p274_c2_grm_std_uni,1,6.074923515319824,-4.889307022094727,1
Clemson-DND_p274_c2_grm_std_uni,1,6.080803394317627,-4.912916660308838,1
Clemson-DND_p274_c2_grm_std_uni,1,5.9070515632629395,-4.6149773597717285,1
Clemson-DND_p274_c2_grm_std_uni,1,5.7900004386901855,-4.447980880737305,1
Clemson-DND_p274_c2_grm_std_uni,1,5.726312160491943,-4.340856075286865,1
Clemson-DND_p274_c2_grm_std_uni,1,5.533009052276611,-4.033810138702393,1
Clemson-DND_p274_c2_grm_std_uni,1,5.765578269958496,-4.334654331207275,1
Clemson-DND_p274_c2_grm_std_uni,1,6.046971797943115,-4.846563339233398,1
Clemson-DND_p274_c2_grm_std_uni,1,5.536098480224609,-4.694215297698975,1
Clemson-DND_p274_c2_grm_std_uni,1,5.300617694854736,-4.172839641571045,1
Clemson-DND_p274_c2_grm_std_uni,1,5.582095146179199,-4.210164546966553,1
Clemson-DND_p274_c2_grm_std_uni,1,6.0079498291015625,-4.501328468322754,1
Clemson-DND_p274_c2_grm_std_uni,1,6.4847002029418945,-5.05938196182251,1
Clemson-DND_p274_c2_grm_std_uni,1,6.486008644104004,-5.102213382720947,1
Clemson-DND_p274_c2_grm_std_uni,1,5.586616039276123,-3.8614702224731445,1
Clemson-DND_p274_c2_grm_std_uni,1,5.339266777038574,-3.65256667137146,1
Clemson-DND_p274_c2_grm_std_uni,1,5.230699062347412,-3.5838911533355713,1
Clemson-DND_p274_c2_grm_std_uni,1,5.15117073059082,-3.529419183731079,1
Clemson-DND_p274_c2_grm_std_uni,1,5.192187309265137,-3.5216028690338135,1
Clemson-DND_p274_c2_grm_std_uni,1,5.472437858581543,-3.976626396179199,1
Clemson-DND_p274_c2_grm_std_uni,1,5.786827564239502,-4.439958572387695,1
Clemson-DND_p274_c2_grm_std_uni,1,5.958960056304932,-4.749800205230713,1
Clemson-DND_p274_c2_grm_std_uni,1,5.867133140563965,-4.694916248321533,1
Clemson-DND_p274_c2_grm_std_uni,1,5.473688125610352,-4.208388805389404,1
Clemson-DND_p274_c2_grm_std_uni,1,5.025982856750488,-3.5900793075561523,1
Clemson-DND_p274_c2_grm_std_uni,1,4.862713813781738,-3.4937121868133545,1
Clemson-DND_p274_c2_grm_std_uni,1,4.613327503204346,-3.0793800354003906,1
Clemson-DND_p274_c2_grm_std_uni,1,4.569369792938232,-3.2678072452545166,1
Clemson-DND_p274_c2_grm_std_uni,1,4.413724899291992,-3.1225006580352783,1
Clemson-DND_p274_c2_grm_std_uni,1,4.440009117126465,-2.9669430255889893,1
Clemson-DND_p274_c2_grm_std_uni,1,4.681211471557617,-3.4207866191864014,1
Clemson-DND_p274_c2_grm_std_uni,1,5.267775535583496,-3.9308454990386963,1
Clemson-DND_p274_c2_grm_std_uni,1,5.626321315765381,-4.41692590713501,1
Clemson-DND_p274_c2_grm_std_uni,1,5.7776265144348145,-4.72702169418335,1
Clemson-DND_p274_c2_grm_std_uni,1,5.911255836486816,-4.741342544555664,1
Clemson-DND_p274_c2_grm_std_uni,1,5.94133186340332,-4.519404888153076,1
Clemson-DND_p274_c2_grm_std_uni,1,6.123020648956299,-4.724462509155273,1
Clemson-DND_p274_c2_grm_std_uni,1,6.465688228607178,-5.038732528686523,1
Clemson-DND_p274_c2_grm_std_uni,1,6.3059306144714355,-4.809041976928711,1
Clemson-DND_p274_c2_grm_std_uni,1,6.31865930557251,-4.824217319488525,1
Clemson-DND_p274_c2_grm_std_uni,1,6.140934467315674,-4.617641925811768,1
Clemson-DND_p274_c2_grm_std_uni,1,5.741796016693115,-3.9292123317718506,1
Clemson-DND_p274_c2_grm_std_uni,1,5.1492085456848145,-3.079770803451538,1
Clemson-DND_p274_c2_grm_std_uni,1,5.003776550292969,-3.3260531425476074,1
Clemson-DND_p274_c2_grm_std_uni,1,4.958642959594727,-3.417445182800293,1
Clemson-DND_p274_c2_grm_std_uni,1,5.053513050079346,-3.3780252933502197,1
Clemson-DND_p274_c2_grm_std_uni,1,5.297346115112305,-3.8371431827545166,1
Clemson-DND_p274_c2_grm_std_uni,1,5.363993167877197,-3.8587653636932373,1
Clemson-DND_p274_c2_grm_std_uni,1,5.685673713684082,-4.253780841827393,1
Clemson-DND_p274_c2_grm_std_uni,1,5.490107536315918,-4.125997066497803,1
Clemson-DND_p274_c2_grm_std_uni,1,4.786136150360107,-3.675278902053833,1
Clemson-DND_p274_c2_grm_std_uni,1,4.546259880065918,-3.4602768421173096,1
Clemson-DND_p274_c2_grm_std_uni,1,4.281886100769043,-2.9158504009246826,1
Clemson-DND_p274_c2_grm_std_uni,1,4.237933158874512,-2.766954183578491,1
Clemson-DND_p274_c2_grm_std_uni,1,4.7786054611206055,-3.125041961669922,1
Clemson-DND_p274_c2_grm_std_uni,1,4.872981071472168,-3.298462390899658,1
Clemson-DND_p274_c2_grm_std_uni,1,4.732725143432617,-3.3440096378326416,1
Clemson-DND_p274_c2_grm_std_uni,1,4.687765121459961,-3.4143168926239014,1
Clemson-DND_p274_c2_grm_std_uni,1,5.489269733428955,-4.250140190124512,1
Clemson-DND_p274_c2_grm_std_uni,1,5.90850305557251,-4.9684929847717285,1
Clemson-DND_p274_c2_grm_std_uni,1,5.649482727050781,-4.90001106262207,1
Clemson-DND_p274_c2_grm_std_uni,1,5.338376998901367,-4.261804580688477,1
Clemson-DND_p274_c2_grm_std_uni,1,5.368488788604736,-3.4975268840789795,1
Clemson-DND_p274_c2_grm_std_uni,1,5.725741386413574,-3.929131031036377,1
Clemson-DND_p274_c2_grm_std_uni,1,5.4647111892700195,-4.139404773712158,1
Clemson-DND_p274_c2_grm_std_uni,1,5.086109638214111,-3.8561930656433105,1
Clemson-DND_p274_c2_grm_std_uni,1,5.166662693023682,-4.0481977462768555,1
Clemson-DND_p274_c2_grm_std_uni,1,5.424375534057617,-4.184065341949463,1
Clemson-DND_p274_c2_grm_std_uni,1,5.416681289672852,-4.652234077453613,1
Clemson-DND_p274_c2_grm_std_uni,1,4.8992180824279785,-4.090611457824707,1
Clemson-DND_p274_c2_grm_std_uni,1,5.386075019836426,-4.3067193031311035,1
Clemson-DND_p274_c2_grm_std_uni,1,5.256952285766602,-3.981297492980957,1
Clemson-DND_p274_c2_grm_std_uni,1,5.437967300415039,-4.121472358703613,1
Clemson-DND_p274_c2_grm_std_uni,1,5.379650592803955,-4.062384128570557,1
Clemson-DND_p274_c2_grm_std_uni,1,5.37136173248291,-3.8572237491607666,1
Clemson-DND_p274_c2_grm_std_uni,1,5.2649664878845215,-3.9216413497924805,1
Clemson-DND_p274_c2_grm_std_uni,1,5.080368995666504,-4.072350025177002,1
Clemson-DND_p274_c2_grm_std_uni,1,5.086439609527588,-3.8949992656707764,1
Clemson-DND_p274_c2_grm_std_uni,1,4.899041175842285,-3.8227903842926025,1
Clemson-DND_p274_c2_grm_std_uni,1,4.8940582275390625,-3.800340175628662,1
Clemson-DND_p274_c2_grm_std_uni,1,5.282953262329102,-4.211099624633789,1
Clemson-DND_p274_c2_grm_std_uni,1,5.090514659881592,-4.449379920959473,1
Clemson-DND_p274_c2_grm_std_uni,1,4.908129692077637,-4.05145788192749,1
Clemson-DND_p274_c2_grm_std_uni,1,4.950571537017822,-4.035923957824707,1
Clemson-DND_p274_c2_grm_std_uni,1,4.644553184509277,-3.567596673965454,1
Clemson-DND_p274_c2_grm_std_uni,1,4.625930309295654,-3.209221363067627,1
Clemson-DND_p274_c2_grm_std_uni,1,4.423335552215576,-3.4884023666381836,1
Clemson-DND_p274_c2_grm_std_uni,1,4.854741096496582,-3.8843629360198975,1
Clemson-DND_p274_c2_grm_std_uni,1,5.1803507804870605,-4.136802673339844,1
Clemson-DND_p274_c2_grm_std_uni,1,5.511145114898682,-4.579311847686768,1
Clemson-DND_p274_c2_grm_std_uni,1,5.68493127822876,-4.5860819816589355,1
Clemson-DND_p274_c2_grm_std_uni,1,5.4506072998046875,-4.506875514984131,1
Clemson-DND_p274_c2_grm_std_uni,1,5.406949043273926,-4.471707344055176,1
Clemson-DND_p274_c2_grm_std_uni,1,5.487738609313965,-4.207303047180176,1
Clemson-DND_p274_c2_grm_std_uni,1,5.4514312744140625,-4.087193965911865,1
Clemson-DND_p274_c2_grm_std_uni,1,5.629690647125244,-4.157825946807861,1
Clemson-DND_p274_c2_grm_std_uni,1,5.393673896789551,-3.8273472785949707,1
Clemson-DND_p274_c2_grm_std_uni,1,5.5089311599731445,-3.872314214706421,1
Clemson-DND_p274_c2_grm_std_uni,1,5.807643413543701,-4.390527725219727,1
Clemson-DND_p274_c2_grm_std_uni,1,5.587228298187256,-4.382940769195557,1
Clemson-DND_p274_c2_grm_std_uni,1,5.23131799697876,-4.0277419090271,1
Clemson-DND_p274_c2_grm_std_uni,1,5.664609432220459,-4.781550884246826,1
Clemson-DND_p274_c2_grm_std_uni,1,5.549957275390625,-4.778309345245361,1
Clemson-DND_p274_c2_grm_std_uni,1,5.151513576507568,-3.9657201766967773,1
Clemson-DND_p274_c2_grm_std_uni,1,5.057702541351318,-4.512610912322998,1
Clemson-DND_p274_c2_grm_std_uni,1,5.157970905303955,-4.0589518547058105,1
Clemson-DND_p274_c2_grm_std_uni,1,4.636693954467773,-3.146583318710327,1
Clemson-DND_p274_c2_grm_std_uni,1,4.767439365386963,-3.092495918273926,1
Clemson-DND_p274_c2_grm_std_uni,1,4.564230442047119,-3.481844663619995,1
Clemson-DND_p274_c2_grm_std_uni,1,4.1444926261901855,-3.089968681335449,1
Clemson-DND_p274_c2_grm_std_uni,1,4.55138635635376,-3.416203260421753,1
Clemson-DND_p274_c2_grm_std_uni,1,5.393588542938232,-4.333404064178467,1
Clemson-DND_p274_c2_grm_std_uni,1,5.4340009689331055,-4.567458629608154,1
Clemson-DND_p274_c2_grm_std_uni,1,5.336655616760254,-4.175178527832031,1
Clemson-DND_p274_c2_grm_std_uni,1,5.191082954406738,-4.087192058563232,1
Clemson-DND_p274_c2_grm_std_uni,1,5.402509689331055,-4.036353588104248,1
Clemson-DND_p274_c2_grm_std_uni,1,6.3313093185424805,-5.059168338775635,1
Clemson-DND_p274_c2_grm_std_uni,1,6.5949320793151855,-5.233894348144531,1
Clemson-DND_p274_c2_grm_std_uni,1,6.459972858428955,-4.933243751525879,1
Clemson-DND_p274_c2_grm_std_uni,1,5.460914611816406,-4.157130718231201,1
Clemson-DND_p274_c2_grm_std_uni,1,5.415069103240967,-4.079710006713867,1
Clemson-DND_p274_c2_grm_std_uni,1,5.446750164031982,-4.504110336303711,1
Clemson-DND_p274_c2_grm_std_uni,1,5.500596046447754,-4.799861431121826,1
Clemson-DND_p274_c2_grm_std_uni,1,6.042928218841553,-5.129176616668701,1
Clemson-DND_p274_c2_grm_std_uni,1,6.657500743865967,-5.526331424713135,1
Clemson-DND_p274_c2_grm_std_uni,1,6.4809160232543945,-5.4464945793151855,1
Clemson-DND_p274_c2_grm_std_uni,1,5.97064208984375,-5.075541973114014,1
Clemson-DND_p274_c2_grm_std_uni,1,5.777792453765869,-4.666726112365723,1
Clemson-DND_p274_c2_grm_std_uni,1,6.397427558898926,-5.062431812286377,1
Clemson-DND_p274_c2_grm_std_uni,1,6.605388164520264,-5.344128131866455,1
Clemson-DND_p274_c2_grm_std_uni,1,6.788229942321777,-5.476387977600098,1
Clemson-DND_p274_c2_grm_std_uni,1,6.180746555328369,-5.257820129394531,1
Clemson-DND_p274_c2_grm_std_uni,1,5.771573543548584,-4.232003211975098,1
Clemson-DND_p274_c2_grm_std_uni,1,5.7534332275390625,-4.2528486251831055,1
Clemson-DND_p274_c2_grm_std_uni,1,5.732416152954102,-4.629757881164551,1
Clemson-DND_p274_c2_grm_std_uni,1,5.3357768058776855,-4.355235576629639,1
Clemson-DND_p274_c2_grm_std_uni,1,5.126369953155518,-4.190898418426514,1
Clemson-DND_p274_c2_grm_std_uni,1,5.116326332092285,-3.971338987350464,1
Clemson-DND_p274_c2_grm_std_uni,1,5.33026123046875,-4.1699724197387695,1
Clemson-DND_p274_c2_grm_std_uni,1,5.907318592071533,-4.992668628692627,1
Clemson-DND_p274_c2_grm_std_uni,1,5.315211296081543,-4.192538261413574,1
Clemson-DND_p274_c2_grm_std_uni,1,5.386678695678711,-3.869324207305908,1
Clemson-DND_p274_c2_grm_std_uni,1,5.012567520141602,-3.2958836555480957,1
Clemson-DND_p274_c2_grm_std_uni,1,5.004643440246582,-3.4415574073791504,1
Clemson-DND_p274_c2_grm_std_uni,1,4.60213041305542,-3.1808950901031494,1
Clemson-DND_p274_c2_grm_std_uni,1,5.096541404724121,-3.487306833267212,1
Clemson-DND_p274_c2_grm_std_uni,1,4.959069728851318,-3.8657281398773193,1
Clemson-DND_p274_c2_grm_std_uni,1,4.2577667236328125,-3.782294511795044,1
Clemson-DND_p274_c2_grm_std_uni,1,5.205565452575684,-4.4746317863464355,1
Clemson-DND_p274_c2_grm_std_uni,1,5.13553524017334,-4.081812381744385,1
Clemson-DND_p274_c2_grm_std_uni,1,5.3083696365356445,-4.454815864562988,1
Clemson-DND_p274_c2_grm_std_uni,1,5.595427989959717,-4.220061302185059,1
Clemson-DND_p274_c2_grm_std_uni,1,6.413336753845215,-4.8056840896606445,1
Clemson-DND_p274_c2_grm_std_uni,1,6.596589088439941,-5.008752346038818,1
Clemson-DND_p274_c2_grm_std_uni,1,5.700384140014648,-4.273915767669678,1
Clemson-DND_p274_c2_grm_std_uni,1,5.687513828277588,-4.127283096313477,1
Clemson-DND_p274_c2_grm_std_uni,1,5.806779861450195,-3.682116746902466,1
Clemson-DND_p274_c2_grm_std_uni,1,4.852582931518555,-3.047050714492798,1
Clemson-DND_p274_c2_grm_std_uni,1,4.90840482711792,-3.1774940490722656,1
Clemson-DND_p274_c2_grm_std_uni,1,5.3301100730896,-3.626427173614502,1
Clemson-DND_p274_c2_grm_std_uni,2,5.224052429199219,-3.9803969860076904,1
Clemson-DND_p274_c2_grm_std_uni,1,5.1488447189331055,-3.992215394973755,1
Clemson-DND_p274_c2_grm_std_uni,1,5.354949474334717,-3.906529426574707,1
Clemson-DND_p274_c2_grm_std_uni,1,5.167140483856201,-3.65950083732605,1
Clemson-DND_p274_c2_grm_std_uni,1,5.173450946807861,-3.5207908153533936,1
Clemson-DND_p274_c2_grm_std_uni,1,5.077622890472412,-3.7220616340637207,1
Clemson-DND_p274_c2_grm_std_uni,1,4.796087741851807,-3.4654932022094727,1
Clemson-DND_p274_c2_grm_std_uni,1,4.384936809539795,-3.349731683731079,1
Clemson-DND_p274_c2_grm_std_uni,1,5.123430252075195,-3.9584243297576904,1
Clemson-DND_p274_c2_grm_std_uni,1,5.3692827224731445,-4.393534183502197,1
Clemson-DND_p274_c2_grm_std_uni,1,5.541513919830322,-4.1218767166137695,1
Clemson-DND_p274_c2_grm_std_uni,1,5.628383159637451,-4.02427864074707,1
Clemson-DND_p274_c2_grm_std_uni,1,5.816298961639404,-3.9635965824127197,1
Clemson-DND_p274_c2_grm_std_uni,1,5.568962574005127,-3.636308431625366,1
Clemson-DND_p274_c2_grm_std_uni,1,4.798230171203613,-3.1282541751861572,1
Clemson-DND_p274_c2_grm_std_uni,1,4.6720075607299805,-3.2405920028686523,1
Clemson-DND_p274_c2_grm_std_uni,1,5.385514736175537,-3.7873787879943848,1
Clemson-DND_p274_c2_grm_std_uni,1,5.766740322113037,-4.379088878631592,1
Clemson-DND_p274_c2_grm_std_uni,1,5.918394088745117,-4.659613609313965,1
Clemson-DND_p274_c2_grm_std_uni,1,5.9565582275390625,-4.649590969085693,1
Clemson-DND_p274_c2_grm_std_uni,1,5.790712833404541,-4.188828945159912,1
Clemson-DND_p274_c2_grm_std_uni,1,5.782217979431152,-4.266207218170166,1
Clemson-DND_p274_c2_grm_std_uni,1,5.933078289031982,-4.712368488311768,1
Clemson-DND_p274_c2_grm_std_uni,1,6.0982794761657715,-4.613566875457764,1
Clemson-DND_p274_c2_grm_std_uni,1,6.066829204559326,-4.310784339904785,1
Clemson-DND_p274_c2_grm_std_uni,1,5.826333999633789,-4.164609432220459,1
Clemson-DND_p274_c2_grm_std_uni,1,5.759594440460205,-4.144948959350586,1
Clemson-DND_p274_c2_grm_std_uni,1,5.131146430969238,-3.5646679401397705,1
Clemson-DND_p274_c2_grm_std_uni,1,4.693694114685059,-3.721390724182129,1
Clemson-DND_p274_c2_grm_std_uni,1,4.933897495269775,-4.040931224822998,1
Clemson-DND_p274_c2_grm_std_uni,1,4.5805583000183105,-3.7326834201812744,1
Clemson-DND_p274_c2_grm_std_uni,1,5.135898113250732,-3.9761507511138916,1
Clemson-DND_p274_c2_grm_std_uni,1,4.871057987213135,-3.7545676231384277,1
Clemson-DND_p274_c2_grm_std_uni,1,4.988518714904785,-4.313038349151611,1
Clemson-DND_p274_c2_grm_std_uni,1,5.32241678237915,-4.165691375732422,1
Clemson-DND_p274_c2_grm_std_uni,1,5.309564590454102,-4.056727886199951,1
Clemson-DND_p274_c2_grm_std_uni,1,6.139605522155762,-4.949510097503662,1
Clemson-DND_p274_c2_grm_std_uni,1,5.942023277282715,-4.875515460968018,1
Clemson-DND_p274_c2_grm_std_uni,1,6.794552326202393,-5.508606910705566,1
Clemson-DND_p274_c2_grm_std_uni,1,7.003890037536621,-5.41602087020874,1
Clemson-DND_p274_c2_grm_std_uni,1,5.98463249206543,-4.536900520324707,1
Clemson-DND_p274_c2_grm_std_uni,1,5.491925239562988,-3.8329622745513916,1
Clemson-DND_p274_c2_grm_std_uni,1,5.686718463897705,-4.11879825592041,1
Clemson-DND_p274_c2_grm_std_uni,1,5.771777153015137,-4.2178120613098145,1
Clemson-DND_p274_c2_grm_std_uni,1,4.801321983337402,-3.3383543491363525,1
Clemson-DND_p274_c2_grm_std_uni,1,4.362437725067139,-3.0283167362213135,1
Clemson-DND_p274_c2_grm_std_uni,1,4.635651111602783,-2.9562580585479736,1
Clemson-DND_p274_c2_grm_std_uni,1,4.89663028717041,-2.633676290512085,1
Clemson-DND_p274_c2_grm_std_uni,1,4.831867694854736,-3.1453590393066406,1
Clemson-DND_p274_c2_grm_std_uni,1,4.594812870025635,-3.033980369567871,1
Clemson-DND_p274_c2_grm_std_uni,1,4.101369857788086,-2.5506997108459473,1
Clemson-DND_p274_c2_grm_std_uni,1,4.255041122436523,-2.633728504180908,1
Clemson-DND_p274_c2_grm_std_uni,1,4.780401706695557,-3.4881818294525146,1
Clemson-DND_p274_c2_grm_std_uni,1,5.105140686035156,-3.5360543727874756,1
Clemson-DND_p274_c2_grm_std_uni,1,4.8406853675842285,-3.2918787002563477,1
Clemson-DND_p274_c2_grm_std_uni,1,4.6280670166015625,-2.828707695007324,1
Clemson-DND_p274_c2_grm_std_uni,1,4.833535194396973,-3.18756365776062,1
Clemson-DND_p274_c2_grm_std_uni,1,5.094104290008545,-3.6114656925201416,1
Clemson-DND_p274_c2_grm_std_uni,1,5.261837959289551,-4.1810526847839355,1
Clemson-DND_p274_c2_grm_std_uni,1,5.211367607116699,-4.417782783508301,1
Clemson-DND_p274_c2_grm_std_uni,1,5.400288105010986,-4.447150707244873,1
Clemson-DND_p274_c2_grm_std_uni,1,5.397576332092285,-4.27710485458374,1
Clemson-DND_p274_c2_grm_std_uni,1,4.830578327178955,-3.6682684421539307,1
Clemson-DND_p274_c2_grm_std_uni,1,5.808858394622803,-4.597786903381348,1
Clemson-DND_p274_c2_grm_std_uni,1,6.161059856414795,-4.865024089813232,1
Clemson-DND_p274_c2_grm_std_uni,1,5.678422451019287,-4.051936149597168,1
Clemson-DND_p274_c2_grm_std_uni,1,5.572894096374512,-3.974120616912842,1
Clemson-DND_p274_c2_grm_std_uni,1,5.799378871917725,-4.381811141967773,1
Clemson-DND_p274_c2_grm_std_uni,1,5.9875407218933105,-5.039554119110107,1
Clemson-DND_p274_c2_grm_std_uni,1,6.496232509613037,-5.15963888168335,1
Clemson-DND_p274_c2_grm_std_uni,1,6.736092567443848,-5.224196434020996,1
Clemson-DND_p274_c2_grm_std_uni,1,5.901468753814697,-4.192198276519775,1
Clemson-DND_p274_c2_grm_std_uni,1,5.354936599731445,-3.7997937202453613,1
Clemson-DND_p274_c2_grm_std_uni,1,5.131824970245361,-3.598811626434326,1
Clemson-DND_p274_c2_grm_std_uni,1,4.9947967529296875,-3.4970998764038086,1
Clemson-DND_p274_c2_grm_std_uni,1,5.237810134887695,-3.7152745723724365,1
Clemson-DND_p274_c2_grm_std_uni,1,5.745841979980469,-4.228148460388184,1
Clemson-DND_p274_c2_grm_std_uni,1,5.9690165519714355,-4.41556978225708,1
Clemson-DND_p274_c2_grm_std_uni,1,5.845339775085449,-4.292203426361084,1
Clemson-DND_p274_c2_grm_std_uni,1,5.865820407867432,-4.539442539215088,1
Clemson-DND_p274_c2_grm_std_uni,1,5.705564022064209,-4.333751201629639,1
Clemson-DND_p274_c2_grm_std_uni,1,5.4005022048950195,-4.139081001281738,1
Clemson-DND_p274_c2_grm_std_uni,1,5.524281978607178,-4.311258316040039,1
Clemson-DND_p274_c2_grm_std_uni,1,5.67868709564209,-4.618438243865967,1
Clemson-DND_p274_c2_grm_std_uni,1,6.007436275482178,-4.827696323394775,1
Clemson-DND_p274_c2_grm_std_uni,1,5.973931312561035,-4.466156482696533,1
Clemson-DND_p274_c2_grm_std_uni,1,6.200908184051514,-4.586920738220215,1
Clemson-DND_p274_c2_grm_std_uni,1,6.229959011077881,-4.619851112365723,1
Clemson-DND_p274_c2_grm_std_uni,1,6.097865581512451,-4.5786895751953125,1
Clemson-DND_p274_c2_grm_std_uni,1,6.155018329620361,-4.3061299324035645,1
Clemson-DND_p274_c2_grm_std_uni,1,5.531159400939941,-3.610846757888794,1
Clemson-DND_p274_c2_grm_std_uni,1,5.0332112312316895,-3.4372286796569824,1
Clemson-DND_p274_c2_grm_std_uni,1,4.754651069641113,-3.3075852394104004,1
Clemson-DND_p274_c2_grm_std_uni,1,4.624133586883545,-3.505722999572754,1
Clemson-DND_p274_c2_grm_std_uni,1,4.709405422210693,-3.1250526905059814,1
Clemson-DND_p274_c2_grm_std_uni,1,4.572242736816406,-3.149197816848755,1
Clemson-DND_p274_c2_grm_std_uni,1,4.886066913604736,-3.6647751331329346,1
Clemson-DND_p274_c2_grm_std_uni,1,4.613197326660156,-3.6322569847106934,1
Clemson-DND_p274_c2_grm_std_uni,1,4.069714546203613,-3.3155829906463623,1
Clemson-DND_p274_c2_grm_std_uni,1,4.877291679382324,-3.8137402534484863,1
Clemson-DND_p274_c2_grm_std_uni,1,5.201584815979004,-4.047297954559326,1
Clemson-DND_p274_c2_grm_std_uni,1,5.461338520050049,-4.546074390411377,1
Clemson-DND_p274_c2_grm_std_uni,1,5.674258232116699,-4.382385730743408,1
Clemson-DND_p274_c2_grm_std_uni,1,6.245392799377441,-4.68900203704834,1
Clemson-DND_p274_c2_grm_std_uni,1,6.331570625305176,-4.4819746017456055,1
Clemson-DND_p274_c2_grm_std_uni,1,6.009734630584717,-4.538366794586182,1
Clemson-DND_p274_c2_grm_std_uni,1,5.539201259613037,-3.8446097373962402,1
Clemson-DND_p274_c2_grm_std_uni,1,5.495331287384033,-3.8320586681365967,1
Clemson-DND_p274_c2_grm_std_uni,1,5.533050537109375,-4.049253940582275,1
Clemson-DND_p274_c2_grm_std_uni,1,5.488500118255615,-4.290369987487793,1
Clemson-DND_p274_c2_grm_std_uni,1,5.435170650482178,-4.341724872589111,1
Clemson-DND_p274_c2_grm_std_uni,1,5.9443464279174805,-4.643138408660889,1
Clemson-DND_p274_c2_grm_std_uni,1,5.918163776397705,-4.762513160705566,1
Clemson-DND_p274_c2_grm_std_uni,1,5.784329414367676,-4.396478652954102,1
Clemson-DND_p274_c2_grm_std_uni,1,5.812025547027588,-4.5006103515625,1
Clemson-DND_p274_c2_grm_std_uni,1,5.9732842445373535,-4.592954158782959,1
Clemson-DND_p274_c2_grm_std_uni,1,6.373010158538818,-5.080068111419678,1
Clemson-DND_p274_c2_grm_std_uni,1,6.564284801483154,-5.2613396644592285,1
Clemson-DND_p274_c2_grm_std_uni,1,6.244932174682617,-5.109648704528809,1
Clemson-DND_p274_c2_grm_std_uni,1,6.627635478973389,-5.354897499084473,1
Clemson-DND_p274_c2_grm_std_uni,1,6.950355529785156,-5.994804382324219,1
Clemson-DND_p274_c2_grm_std_uni,1,6.758598327636719,-5.511439323425293,1
Clemson-DND_p274_c2_grm_std_uni,1,6.233362674713135,-4.54789400100708,1
Clemson-DND_p274_c2_grm_std_uni,1,5.756586074829102,-3.7278151512145996,1
Clemson-DND_p274_c2_grm_std_uni,1,5.35859489440918,-3.6309428215026855,1
Clemson-DND_p274_c2_grm_std_uni,1,5.155699729919434,-3.713883876800537,1
Clemson-DND_p274_c2_grm_std_uni,1,4.968989372253418,-3.5720133781433105,1
Clemson-DND_p274_c2_grm_std_uni,1,5.0164690017700195,-3.7476234436035156,1
Clemson-DND_p274_c2_grm_std_uni,1,5.454152584075928,-4.118007183074951,1
Clemson-DND_p274_c2_grm_std_uni,1,5.57293701171875,-4.509033679962158,1
Clemson-DND_p274_c2_grm_std_uni,1,5.91359806060791,-4.576646327972412,1
Clemson-DND_p274_c2_grm_std_uni,1,5.996157646179199,-4.508012771606445,1
Clemson-DND_p274_c2_grm_std_uni,1,6.158359050750732,-4.5227580070495605,1
Clemson-DND_p274_c2_grm_std_uni,1,6.793321132659912,-5.3242878913879395,1
Clemson-DND_p274_c2_grm_std_uni,1,7.37986946105957,-5.81649112701416,1
Clemson-DND_p274_c2_grm_std_uni,1,6.433650016784668,-4.628697872161865,1
Clemson-DND_p274_c2_grm_std_uni,1,5.410863399505615,-3.788486957550049,1
Clemson-DND_p274_c2_grm_std_uni,1,5.687525749206543,-4.157744407653809,1
Clemson-DND_p274_c2_grm_std_uni,1,5.589415550231934,-4.062417984008789,1
Clemson-DND_p274_c2_grm_std_uni,1,5.612551689147949,-4.1868205070495605,1
Clemson-DND_p274_c2_grm_std_uni,1,5.457772731781006,-4.305142879486084,1
Clemson-DND_p274_c2_grm_std_uni,1,5.308885097503662,-4.495561599731445,1
Clemson-DND_p274_c2_grm_std_uni,1,5.484583854675293,-4.586939334869385,1
Clemson-DND_p274_c2_grm_std_uni,1,6.300368309020996,-5.449264049530029,1
Clemson-DND_p274_c2_grm_std_uni,1,6.533910751342773,-5.3772969245910645,1
Clemson-DND_p274_c2_grm_std_uni,1,6.787896633148193,-5.967648506164551,1
Clemson-DND_p274_c2_grm_std_uni,1,6.096681118011475,-5.509679794311523,1
Clemson-DND_p274_c2_grm_std_uni,1,6.733225345611572,-6.037902355194092,1
Clemson-DND_p274_c2_grm_std_uni,1,6.506624221801758,-5.071717262268066,1
Clemson-DND_p274_c2_grm_std_uni,1,6.543562412261963,-4.766726016998291,1
Clemson-DND_p274_c2_grm_std_uni,1,8.208171844482422,-6.63358736038208,1
Clemson-DND_p274_c2_grm_std_uni,1,7.803425312042236,-7.284189701080322,1
Clemson-DND_p274_c2_grm_std_uni,1,7.2452898025512695,-6.489984512329102,1
Clemson-DND_p274_c2_grm_std_uni,1,6.929759502410889,-5.356308937072754,1
Clemson-DND_p274_c2_grm_std_uni,1,6.001862049102783,-4.12634801864624,1
Clemson-DND_p274_c2_grm_std_uni,1,5.33986759185791,-3.771113157272339,1
Clemson-DND_p274_c2_grm_std_uni,1,5.198156356811523,-3.187370538711548,1
Clemson-DND_p274_c2_grm_std_uni,1,4.950498104095459,-3.378767251968384,1
Clemson-DND_p274_c2_grm_std_uni,1,4.812834739685059,-3.3252146244049072,1
Clemson-DND_p274_c2_grm_std_uni,1,5.5923991203308105,-3.9851624965667725,1
Clemson-DND_p274_c2_grm_std_uni,1,5.964731693267822,-4.579415321350098,1
Clemson-DND_p274_c2_grm_std_uni,1,6.038767337799072,-4.745660781860352,1
Clemson-DND_p274_c2_grm_std_uni,1,6.005863666534424,-4.892881870269775,1
Clemson-DND_p274_c2_grm_std_uni,1,6.266434192657471,-4.504107475280762,1
Clemson-DND_p274_c2_grm_std_uni,1,6.826315402984619,-5.2706298828125,1
Clemson-DND_p274_c2_grm_std_uni,1,6.921842575073242,-5.478050708770752,1
Clemson-DND_p274_c2_grm_std_uni,1,6.839178562164307,-5.351833820343018,1
Clemson-DND_p274_c2_grm_std_uni,1,6.611147880554199,-4.831364631652832,1
Clemson-DND_p274_c2_grm_std_uni,1,6.205247402191162,-4.412690162658691,1
Clemson-DND_p274_c2_grm_std_uni,1,5.9933180809021,-4.086178302764893,1
Clemson-DND_p274_c2_grm_std_uni,1,6.027906894683838,-4.151847839355469,1
Clemson-DND_p274_c2_grm_std_uni,1,5.8564958572387695,-4.265880107879639,1
Clemson-DND_p274_c2_grm_std_uni,1,5.822732925415039,-4.262211322784424,1
Clemson-DND_p274_c2_grm_std_uni,1,5.897871017456055,-4.55372953414917,1
Clemson-DND_p274_c2_grm_std_uni,1,5.885321617126465,-4.547027587890625,1
Clemson-DND_p274_c2_grm_std_uni,1,5.5562663078308105,-4.225075721740723,1
Clemson-DND_p274_c2_grm_std_uni,1,5.798214912414551,-4.661435127258301,1
Clemson-DND_p274_c2_grm_std_uni,1,5.9134674072265625,-4.684203147888184,1
Clemson-DND_p274_c2_grm_std_uni,1,5.962057590484619,-4.5330119132995605,1
Clemson-DND_p274_c2_grm_std_uni,1,5.879878044128418,-4.380974292755127,1
Clemson-DND_p274_c2_grm_std_uni,1,5.957053184509277,-4.774487495422363,1
Clemson-DND_p274_c2_grm_std_uni,1,6.096755504608154,-5.0536699295043945,1
Clemson-DND_p274_c2_grm_std_uni,1,6.04140567779541,-4.959362506866455,1
Clemson-DND_p274_c2_grm_std_uni,1,6.133489608764648,-4.901942253112793,1
Clemson-DND_p274_c2_grm_std_uni,1,5.602843284606934,-4.349038124084473,1
Clemson-DND_p274_c2_grm_std_uni,1,5.049544334411621,-3.533724308013916,1
Clemson-DND_p274_c2_grm_std_uni,1,4.845763206481934,-3.4965779781341553,1
Clemson-DND_p274_c2_grm_std_uni,1,4.93943977355957,-3.6868202686309814,1
Clemson-DND_p274_c2_grm_std_uni,1,4.831820011138916,-4.186493873596191,1
Clemson-DND_p274_c2_grm_std_uni,1,4.818478107452393,-4.3031158447265625,1
Clemson-DND_p274_c2_grm_std_uni,1,4.797773838043213,-4.050740718841553,1
Clemson-DND_p274_c2_grm_std_uni,1,4.897921562194824,-4.12050724029541,1
Clemson-DND_p274_c2_grm_std_uni,1,5.140533924102783,-4.3364129066467285,1
Clemson-DND_p274_c2_grm_std_uni,1,5.083876609802246,-4.256089687347412,1
Clemson-DND_p274_c2_grm_std_uni,1,4.752720832824707,-3.948058605194092,1
Clemson-DND_p274_c2_grm_std_uni,1,4.84944486618042,-4.046048164367676,1
Clemson-DND_p274_c2_grm_std_uni,1,4.884805202484131,-4.040656089782715,1
Clemson-DND_p274_c2_grm_std_uni,1,5.180853843688965,-4.084463119506836,1
Clemson-DND_p274_c2_grm_std_uni,1,5.082873821258545,-4.071232318878174,1
Clemson-DND_p274_c2_grm_std_uni,1,4.610447406768799,-3.907759189605713,1
Clemson-DND_p274_c2_grm_std_uni,1,4.3513712882995605,-3.3835699558258057,1
Clemson-DND_p274_c2_grm_std_uni,1,4.2487382888793945,-3.104308843612671,1
Clemson-DND_p274_c2_grm_std_uni,1,4.451900005340576,-3.026689052581787,1
Clemson-DND_p274_c2_grm_std_uni,1,4.766059398651123,-3.43493914604187,1
Clemson-DND_p274_c2_grm_std_uni,1,4.472877502441406,-3.4841468334198,1
Clemson-DND_p274_c2_grm_std_uni,1,4.3428144454956055,-3.670182943344116,1
Clemson-DND_p274_c2_grm_std_uni,1,5.230234622955322,-4.099098205566406,1
Clemson-DND_p274_c2_grm_std_uni,1,5.0770583152771,-4.052961826324463,1
Clemson-DND_p274_c2_grm_std_uni,1,5.510788440704346,-4.1680097579956055,1
Clemson-DND_p274_c2_grm_std_uni,1,5.668866157531738,-4.458855152130127,1
Clemson-DND_p274_c2_grm_std_uni,1,6.190375328063965,-4.748656749725342,1
Clemson-DND_p274_c2_grm_std_uni,1,6.4751434326171875,-4.881760597229004,1
Clemson-DND_p274_c2_grm_std_uni,1,6.153052806854248,-4.572817802429199,1
Clemson-DND_p274_c2_grm_std_uni,1,6.20967960357666,-4.815077304840088,1
Clemson-DND_p274_c2_grm_std_uni,1,6.194579124450684,-4.8725714683532715,1
Clemson-DND_p274_c2_grm_std_uni,1,5.919313907623291,-4.704629898071289,1
Clemson-DND_p274_c2_grm_std_uni,1,5.4737701416015625,-4.136544227600098,1
Clemson-DND_p274_c2_grm_std_uni,1,5.647204399108887,-4.218414306640625,1
Clemson-DND_p274_c2_grm_std_uni,1,5.559682846069336,-4.134931564331055,1
Clemson-DND_p274_c2_grm_std_uni,1,5.636140823364258,-4.4030303955078125,1
Clemson-DND_p274_c2_grm_std_uni,1,5.759198188781738,-4.414214611053467,1
Clemson-DND_p274_c2_grm_std_uni,1,5.829220771789551,-4.377313137054443,1
Clemson-DND_p274_c2_grm_std_uni,1,6.042595863342285,-4.694727420806885,1
Clemson-DND_p274_c2_grm_std_uni,1,5.918990612030029,-4.513029098510742,1
Clemson-DND_p274_c2_grm_std_uni,1,5.807651042938232,-4.413177967071533,1
Clemson-DND_p274_c2_grm_std_uni,1,5.808640480041504,-4.446866035461426,1
Clemson-DND_p274_c2_grm_std_uni,1,5.703348636627197,-4.3171186447143555,1
Clemson-DND_p274_c2_grm_std_uni,1,5.704165458679199,-4.3014750480651855,1
Clemson-DND_p274_c2_grm_std_uni,1,5.854408264160156,-4.451078414916992,1
Clemson-DND_p274_c2_grm_std_uni,1,5.622314929962158,-4.090479373931885,1
Clemson-DND_p274_c2_grm_std_uni,1,5.613757610321045,-4.075173854827881,1
Clemson-DND_p274_c2_grm_std_uni,1,5.6998209953308105,-4.15983772277832,1
Clemson-DND_p274_c2_grm_std_uni,1,5.575577259063721,-4.039174556732178,1
Clemson-DND_p274_c2_grm_std_uni,1,5.578119277954102,-4.061051368713379,1
Clemson-DND_p274_c2_grm_std_uni,1,5.736203193664551,-4.312039852142334,1
Clemson-DND_p274_c2_grm_std_uni,1,5.771989822387695,-4.390984058380127,1
Clemson-DND_p274_c2_grm_std_uni,1,5.782109260559082,-4.425168514251709,1
Clemson-DND_p274_c2_grm_std_uni,1,5.730120658874512,-4.387318134307861,1
Clemson-DND_p274_c2_grm_std_uni,1,5.861220836639404,-4.543683052062988,1
Clemson-DND_p274_c2_grm_std_uni,1,5.761186122894287,-4.427854537963867,1
Clemson-DND_p274_c2_grm_std_uni,1,5.553170204162598,-4.017192363739014,1
Clemson-DND_p274_c2_grm_std_uni,1,5.243077278137207,-3.6183228492736816,1
Clemson-DND_p274_c2_grm_std_uni,1,5.063194274902344,-3.5621941089630127,1
Clemson-DND_p274_c2_grm_std_uni,1,4.971245765686035,-3.423171043395996,1
Clemson-DND_p274_c2_grm_std_uni,1,4.830263137817383,-3.3370378017425537,1
Clemson-DND_p274_c2_grm_std_uni,1,4.9112114906311035,-3.430530548095703,1
Clemson-DND_p274_c2_grm_std_uni,1,4.948719501495361,-3.364488363265991,1
Clemson-DND_p274_c2_grm_std_uni,1,5.06842565536499,-3.6765573024749756,1
Clemson-DND_p274_c2_grm_std_uni,1,5.458663463592529,-3.9371800422668457,1
Clemson-DND_p274_c2_grm_std_uni,1,5.715494632720947,-4.430753231048584,1
Clemson-DND_p274_c2_grm_std_uni,1,5.728491306304932,-4.628522872924805,1
Clemson-DND_p274_c2_grm_std_uni,1,5.721480369567871,-4.645298957824707,1
Clemson-DND_p274_c2_grm_std_uni,1,5.262600421905518,-4.1127400398254395,1
Clemson-DND_p274_c2_grm_std_uni,1,4.941804885864258,-3.244565486907959,1
Clemson-DND_p274_c2_grm_std_uni,1,4.826285362243652,-3.098890542984009,1
Clemson-DND_p274_c2_grm_std_uni,1,4.5699462890625,-3.2269256114959717,1
Clemson-DND_p274_c2_grm_std_uni,1,4.064996242523193,-2.8078835010528564,1
Clemson-DND_p274_c2_grm_std_uni,1,4.2691826820373535,-3.0043563842773438,1
Clemson-DND_p274_c2_grm_std_uni,1,4.696585655212402,-3.3897974491119385,1
Clemson-DND_p274_c2_grm_std_uni,1,5.192224502563477,-3.965466022491455,1
Clemson-DND_p274_c2_grm_std_uni,1,5.407973766326904,-4.285758018493652,1
Clemson-DND_p274_c2_grm_std_uni,1,5.157031059265137,-3.8817555904388428,1
Clemson-DND_p274_c2_grm_std_uni,1,5.103347301483154,-3.807795763015747,1
Clemson-DND_p274_c2_grm_std_uni,1,5.267153263092041,-3.969804048538208,1
Clemson-DND_p274_c2_grm_std_uni,1,5.304941654205322,-3.8546037673950195,1
Clemson-DND_p274_c2_grm_std_uni,1,5.302858352661133,-3.9180619716644287,1
Clemson-DND_p274_c2_grm_std_uni,1,5.578121662139893,-4.309826374053955,1
Clemson-DND_p274_c2_grm_std_uni,1,5.723083972930908,-4.445714473724365,1
Clemson-DND_p274_c2_grm_std_uni,1,5.164326190948486,-3.804816961288452,1
Clemson-DND_p274_c2_grm_std_uni,1,5.415629863739014,-3.9852867126464844,1
Clemson-DND_p274_c2_grm_std_uni,1,5.92511510848999,-4.32987642288208,1
Clemson-DND_p274_c2_grm_std_uni,1,5.828367710113525,-4.407851696014404,1
Clemson-DND_p274_c2_grm_std_uni,1,5.797236919403076,-4.35672664642334,1
Clemson-DND_p274_c2_grm_std_uni,1,5.8178181648254395,-4.393562316894531,1
Clemson-DND_p274_c2_grm_std_uni,1,5.126813888549805,-3.7830848693847656,1
Clemson-DND_p274_c2_grm_std_uni,1,4.51292085647583,-2.945763111114502,1
Clemson-DND_p274_c2_grm_std_uni,1,4.263697147369385,-2.6337218284606934,1
Clemson-DND_p274_c2_grm_std_uni,1,4.727379322052002,-3.3367538452148438,1
Clemson-DND_p274_c2_grm_std_uni,1,4.860188961029053,-3.2572288513183594,1
Clemson-DND_p274_c2_grm_std_uni,1,5.347033500671387,-4.092817306518555,1
Clemson-DND_p274_c2_grm_std_uni,1,5.562147617340088,-4.2236647605896,1
Clemson-DND_p274_c2_grm_std_uni,1,6.119509220123291,-4.634036540985107,1
Clemson-DND_p274_c2_grm_std_uni,1,5.974752902984619,-4.596388816833496,1
Clemson-DND_p274_c2_grm_std_uni,1,6.081826210021973,-4.79116153717041,1
Clemson-DND_p274_c2_grm_std_uni,1,6.088672161102295,-4.692540168762207,1
Clemson-DND_p274_c2_grm_std_uni,1,6.093969345092773,-4.7691969871521,1
Clemson-DND_p274_c2_grm_std_uni,1,5.942464828491211,-4.710872173309326,1
Clemson-DND_p274_c2_grm_std_uni,1,5.54766845703125,-4.435629367828369,1
Clemson-DND_p274_c2_grm_std_uni,1,5.692550182342529,-4.204556941986084,1
Clemson-DND_p274_c2_grm_std_uni,1,5.8580732345581055,-4.195306777954102,1
Clemson-DND_p274_c2_grm_std_uni,1,6.045165061950684,-4.261635780334473,1
Clemson-DND_p274_c2_grm_std_uni,1,5.576285362243652,-4.215670108795166,1
Clemson-DND_p274_c2_grm_std_uni,1,5.292373180389404,-4.268707752227783,1
Clemson-DND_p274_c2_grm_std_uni,1,5.328728199005127,-4.39315938949585,1
Clemson-DND_p274_c2_grm_std_uni,1,5.250515460968018,-4.3502702713012695,1
Clemson-DND_p274_c2_grm_std_uni,1,4.976191520690918,-4.182095527648926,1
Clemson-DND_p274_c2_grm_std_uni,1,5.163549423217773,-4.366275310516357,1
Clemson-DND_p274_c2_grm_std_uni,1,5.7720866203308105,-4.7979536056518555,1
Clemson-DND_p274_c2_grm_std_uni,1,4.787058353424072,-3.976935625076294,1
Clemson-DND_p274_c2_grm_std_uni,1,4.269043922424316,-3.5071117877960205,1
Clemson-DND_p274_c2_grm_std_uni,1,4.530587673187256,-3.936873197555542,1
Clemson-DND_p274_c2_grm_std_uni,1,5.812260150909424,-5.211485862731934,1
Clemson-DND_p274_c2_grm_std_uni,1,6.641465663909912,-6.024020195007324,1
Clemson-DND_p274_c2_grm_std_uni,1,7.164470195770264,-6.605105876922607,1
Clemson-DND_p274_c2_grm_std_uni,1,6.7575836181640625,-6.21999454498291,1
Clemson-DND_p274_c2_grm_std_uni,1,7.4944257736206055,-6.481264591217041,1
Clemson-DND_p274_c2_grm_std_uni,1,7.379422664642334,-6.939027309417725,1
Clemson-DND_p274_c2_grm_std_uni,1,6.643501281738281,-5.484524726867676,1
Clemson-DND_p274_c2_grm_std_uni,1,5.6230669021606445,-3.7604458332061768,1
Clemson-DND_p274_c2_grm_std_uni,1,4.679121017456055,-2.8756327629089355,1
Clemson-DND_p274_c2_grm_std_uni,1,4.890353679656982,-3.3102993965148926,1
Clemson-DND_p274_c2_grm_std_uni,1,4.3154377937316895,-2.8859269618988037,1
Clemson-DND_p274_c2_grm_std_uni,1,3.955885887145996,-2.7553484439849854,1
Clemson-DND_p274_c2_grm_std_uni,1,4.719275951385498,-2.934166193008423,1
Clemson-DND_p274_c2_grm_std_uni,1,5.3203959465026855,-4.402013301849365,1
Clemson-DND_p274_c2_grm_std_uni,1,5.39599084854126,-4.601992130279541,1
Clemson-DND_p274_c2_grm_std_uni,1,5.758253574371338,-4.798197269439697,1
Clemson-DND_p274_c2_grm_std_uni,1,5.92745304107666,-4.5276198387146,1
Clemson-DND_p274_c2_grm_std_uni,1,5.80364990234375,-4.25261116027832,1
Clemson-DND_p274_c2_grm_std_uni,1,5.778890609741211,-4.405019760131836,1
Clemson-DND_p274_c2_grm_std_uni,1,5.670290470123291,-4.612776279449463,1
Clemson-DND_p274_c2_grm_std_uni,1,6.402667045593262,-5.151334285736084,1
Clemson-DND_p274_c2_grm_std_uni,1,6.563360214233398,-5.277010440826416,1
Clemson-DND_p274_c2_grm_std_uni,1,6.628769874572754,-5.395134449005127,1
Clemson-DND_p274_c2_grm_std_uni,1,6.2273993492126465,-4.774263381958008,1
Clemson-DND_p274_c2_grm_std_uni,1,6.051772594451904,-4.265512943267822,1
Clemson-DND_p274_c2_grm_std_uni,1,5.8546142578125,-4.011013984680176,1
Clemson-DND_p274_c2_grm_std_uni,1,5.647366523742676,-4.1018195152282715,1
Clemson-DND_p274_c2_grm_std_uni,1,5.742095947265625,-4.257887840270996,1
Clemson-DND_p274_c2_grm_std_uni,1,5.992905139923096,-4.5946044921875,1
Clemson-DND_p274_c2_grm_std_uni,1,5.213412284851074,-4.211315631866455,1
Clemson-DND_p274_c2_grm_std_uni,1,5.221031188964844,-4.327596664428711,1
Clemson-DND_p274_c2_grm_std_uni,1,5.485951900482178,-4.652550220489502,1
Clemson-DND_p274_c2_grm_std_uni,1,5.498856544494629,-4.686056137084961,1
Clemson-DND_p274_c2_grm_std_uni,1,5.528895854949951,-4.803983688354492,1
Clemson-DND_p274_c2_grm_std_uni,1,5.398914813995361,-4.731865882873535,1
Clemson-DND_p274_c2_grm_std_uni,1,5.389366626739502,-4.35339879989624,1
Clemson-DND_p274_c2_grm_std_uni,1,5.455689430236816,-4.301483154296875,1
Clemson-DND_p274_c2_grm_std_uni,1,5.341902732849121,-4.10057258605957,1
Clemson-DND_p274_c2_grm_std_uni,1,5.413156032562256,-4.044572353363037,1
Clemson-DND_p274_c2_grm_std_uni,1,5.993843078613281,-4.440459251403809,1
Clemson-DND_p274_c2_grm_std_uni,1,6.537949085235596,-4.812404155731201,1
Clemson-DND_p274_c2_grm_std_uni,1,6.715174674987793,-4.985342502593994,1
Clemson-DND_p274_c2_grm_std_uni,1,6.746963024139404,-5.087367057800293,1
Clemson-DND_p274_c2_grm_std_uni,1,6.443467617034912,-4.85232400894165,1
Clemson-DND_p274_c2_grm_std_uni,1,6.387111186981201,-4.993462562561035,1
Clemson-DND_p274_c2_grm_std_uni,1,6.7034592628479,-5.398747444152832,1
Clemson-DND_p274_c2_grm_std_uni,1,6.953281879425049,-5.880351543426514,1
Clemson-DND_p274_c2_grm_std_uni,1,7.13286828994751,-6.434039115905762,1
Clemson-DND_p274_c2_grm_std_uni,1,7.444389343261719,-7.291288375854492,1
Clemson-DND_p274_c2_grm_std_uni,1,7.5906662940979,-7.761153697967529,1
Clemson-DND_p274_c2_grm_std_uni,1,6.624438285827637,-6.785337448120117,1
Clemson-DND_p274_c2_grm_std_uni,1,5.895536422729492,-5.397371768951416,1
Clemson-DND_p274_c2_grm_std_uni,1,5.718562126159668,-4.033664226531982,1
Clemson-DND_p274_c2_grm_std_uni,1,5.080329418182373,-3.2398855686187744,1
Clemson-DND_p274_c2_grm_std_uni,1,4.4376044273376465,-2.966782569885254,1
Clemson-DND_p274_c2_grm_std_uni,1,4.0915093421936035,-2.772049903869629,1
Clemson-DND_p274_c2_grm_std_uni,1,3.921459436416626,-2.665400505065918,1
Clemson-DND_p274_c2_grm_std_uni,1,4.351572036743164,-3.186525583267212,1
Clemson-DND_p274_c2_grm_std_uni,1,4.732029914855957,-3.603865385055542,1
Clemson-DND_p274_c2_grm_std_uni,1,5.045866966247559,-3.792515754699707,1
Clemson-DND_p274_c2_grm_std_uni,1,5.410697937011719,-3.9480085372924805,1
Clemson-DND_p274_c2_grm_std_uni,1,5.534441947937012,-4.0195698738098145,1
Clemson-DND_p274_c2_grm_std_uni,1,5.805992126464844,-4.256040573120117,1
Clemson-DND_p274_c2_grm_std_uni,1,5.8649516105651855,-5.019690036773682,1
Clemson-DND_p274_c2_grm_std_uni,1,6.224536418914795,-5.134873390197754,1
Clemson-DND_p274_c2_grm_std_uni,1,6.207705974578857,-4.926928520202637,1
Clemson-DND_p274_c2_grm_std_uni,1,5.698434829711914,-4.179541110992432,1
Clemson-DND_p274_c2_grm_std_uni,1,5.3437371253967285,-4.158537864685059,1
Clemson-DND_p274_c2_grm_std_uni,1,4.808197975158691,-3.6961474418640137,1
Clemson-DND_p274_c2_grm_std_uni,1,5.452033042907715,-4.144613742828369,1
Clemson-DND_p274_c2_grm_std_uni,1,5.4491705894470215,-3.8943872451782227,1
Clemson-DND_p274_c2_grm_std_uni,1,5.313247203826904,-3.68896484375,1
Clemson-DND_p274_c2_grm_std_uni,1,5.142028331756592,-3.808608055114746,1
Clemson-DND_p274_c2_grm_std_uni,1,4.8149895668029785,-3.784705638885498,1
Clemson-DND_p274_c2_grm_std_uni,1,5.693234920501709,-4.405050754547119,1
Clemson-DND_p274_c2_grm_std_uni,1,5.539445400238037,-4.553926467895508,1
Clemson-DND_p274_c2_grm_std_uni,1,5.841019153594971,-4.561919212341309,1
Clemson-DND_p274_c2_grm_std_uni,1,5.9919633865356445,-4.611010551452637,1
Clemson-DND_p274_c2_grm_std_uni,1,6.182611465454102,-4.779083251953125,1
Clemson-DND_p274_c2_grm_std_uni,1,6.334565162658691,-4.929075717926025,1
Clemson-DND_p274_c2_grm_std_uni,1,6.550009250640869,-5.127508640289307,1
Clemson-DND_p274_c2_grm_std_uni,1,6.569756984710693,-5.232484340667725,1
Clemson-DND_p274_c2_grm_std_uni,1,6.716969966888428,-5.362598896026611,1
Clemson-DND_p274_c2_grm_std_uni,1,6.545660018920898,-4.830676555633545,1
Clemson-DND_p274_c2_grm_std_uni,1,5.786044120788574,-4.376474380493164,1
Clemson-DND_p274_c2_grm_std_uni,1,5.1560540199279785,-3.5082616806030273,1
Clemson-DND_p274_c2_grm_std_uni,1,4.719051837921143,-3.169735908508301,1
Clemson-DND_p274_c2_grm_std_uni,1,5.076717853546143,-3.6192591190338135,1
Clemson-DND_p274_c2_grm_std_uni,1,5.0455193519592285,-3.696037769317627,1
Clemson-DND_p274_c2_grm_std_uni,1,5.533679485321045,-4.0705246925354,1
Clemson-DND_p274_c2_grm_std_uni,1,5.978289604187012,-4.505877494812012,1
Clemson-DND_p274_c2_grm_std_uni,1,6.302671432495117,-4.7005534172058105,1
Clemson-DND_p274_c2_grm_std_uni,1,6.394860744476318,-4.9621262550354,1
Clemson-DND_p274_c2_grm_std_uni,1,6.271966934204102,-4.985268592834473,1
Clemson-DND_p274_c2_grm_std_uni,1,6.374051094055176,-5.166961193084717,1
Clemson-DND_p274_c2_grm_std_uni,1,5.711889743804932,-4.748252868652344,1
Clemson-DND_p274_c2_grm_std_uni,1,5.618817329406738,-4.565964221954346,1
Clemson-DND_p274_c2_grm_std_uni,1,5.860299110412598,-4.669466972351074,1
Clemson-DND_p274_c2_grm_std_uni,1,6.3428826332092285,-4.963861465454102,1
Clemson-DND_p274_c2_grm_std_uni,1,6.2937750816345215,-5.088634014129639,1
Clemson-DND_p274_c2_grm_std_uni,1,6.524683952331543,-5.205674648284912,1
Clemson-DND_p274_c2_grm_std_uni,1,6.5291900634765625,-5.290981769561768,1
Clemson-DND_p274_c2_grm_std_uni,1,6.373985767364502,-4.656187534332275,1
Clemson-DND_p274_c2_grm_std_uni,1,6.3668341636657715,-4.447396278381348,1
Clemson-DND_p274_c2_grm_std_uni,1,6.098504066467285,-4.139664173126221,1
Clemson-DND_p274_c2_grm_std_uni,1,5.952696323394775,-4.117194652557373,1
Clemson-DND_p274_c2_grm_std_uni,1,5.914231300354004,-4.156891345977783,1
Clemson-DND_p274_c2_grm_std_uni,1,5.955848693847656,-4.268588066101074,1
Clemson-DND_p274_c2_grm_std_uni,1,5.7144083976745605,-4.151163101196289,1
Clemson-DND_p274_c2_grm_std_uni,1,5.7027764320373535,-4.305639266967773,1
Clemson-DND_p274_c2_grm_std_uni,1,5.897210121154785,-4.57671594619751,1
Clemson-DND_p274_c2_grm_std_uni,1,6.032124996185303,-4.816506862640381,1
Clemson-DND_p274_c2_grm_std_uni,1,5.968480587005615,-4.802663326263428,1
Clemson-DND_p274_c2_grm_std_uni,1,5.775901794433594,-4.554235458374023,1
Clemson-DND_p274_c2_grm_std_uni,1,5.421802997589111,-3.9782841205596924,1
Clemson-DND_p274_c2_grm_std_uni,1,5.214824199676514,-3.6407828330993652,1
Clemson-DND_p274_c2_grm_std_uni,1,4.700916767120361,-3.3332839012145996,1
Clemson-DND_p274_c2_grm_std_uni,1,5.010223388671875,-3.475621461868286,1
Clemson-DND_p274_c2_grm_std_uni,2,4.847774028778076,-3.7983577251434326,1
Clemson-DND_p274_c2_grm_std_uni,1,3.8641207218170166,-3.4916558265686035,1
Clemson-DND_p274_c2_grm_std_uni,1,4.944204807281494,-4.259847640991211,1
Clemson-DND_p274_c2_grm_std_uni,1,4.762242794036865,-4.253994941711426,1
Clemson-DND_p274_c2_grm_std_uni,1,4.7310380935668945,-4.189217567443848,1
Clemson-DND_p274_c2_grm_std_uni,1,4.543789863586426,-3.1037797927856445,1
Clemson-DND_p274_c2_grm_std_uni,1,4.4266767501831055,-2.8665456771850586,1
Clemson-DND_p274_c2_grm_std_uni,1,4.6110310554504395,-3.574720621109009,1
Clemson-DND_p274_c2_grm_std_uni,1,4.731490612030029,-3.5470635890960693,1
Clemson-DND_p274_c2_grm_std_uni,1,4.80400276184082,-3.5502281188964844,1
Clemson-DND_p274_c2_grm_std_uni,1,5.095922946929932,-4.154919147491455,1
Clemson-DND_p274_c2_grm_std_uni,1,5.214040756225586,-4.311755657196045,1
Clemson-DND_p274_c2_grm_std_uni,1,5.128419876098633,-4.42152214050293,1
Clemson-DND_p274_c2_grm_std_uni,1,5.566044330596924,-4.810394763946533,1
Clemson-DND_p274_c2_grm_std_uni,1,5.340843200683594,-4.725586414337158,1
Clemson-DND_p274_c2_grm_std_uni,1,5.671958923339844,-4.0449018478393555,1
Clemson-DND_p274_c2_grm_std_uni,1,5.461562633514404,-4.138318061828613,1
Clemson-DND_p274_c2_grm_std_uni,1,6.0369696617126465,-4.503364086151123,1
Clemson-DND_p274_c2_grm_std_uni,1,6.656031131744385,-4.9998369216918945,1
Clemson-DND_p274_c2_grm_std_uni,1,6.262430191040039,-4.584864139556885,1
Clemson-DND_p274_c2_grm_std_uni,1,5.829596996307373,-4.29902982711792,1
Clemson-DND_p274_c2_grm_std_uni,1,5.655486106872559,-4.22901725769043,1
Clemson-DND_p274_c2_grm_std_uni,1,5.139084815979004,-3.556838274002075,1
Clemson-DND_p274_c2_grm_std_uni,1,4.845222473144531,-3.3008573055267334,1
Clemson-DND_p274_c2_grm_std_uni,1,5.016818523406982,-3.7064807415008545,1
Clemson-DND_p274_c2_grm_std_uni,1,4.717349052429199,-3.429534435272217,1
Clemson-DND_p274_c2_grm_std_uni,1,4.84316349029541,-3.5336477756500244,1
Clemson-DND_p274_c2_grm_std_uni,1,5.215113639831543,-3.86403751373291,1
Clemson-DND_p274_c2_grm_std_uni,1,4.810322284698486,-3.4681620597839355,1
Clemson-DND_p274_c2_grm_std_uni,1,4.764530658721924,-3.659512996673584,1
Clemson-DND_p274_c2_grm_std_uni,1,4.830196857452393,-3.3806395530700684,1
Clemson-DND_p274_c2_grm_std_uni,1,4.076096057891846,-2.567732334136963,1
Clemson-DND_p274_c2_grm_std_uni,1,4.695319175720215,-2.9398176670074463,1
Clemson-DND_p274_c2_grm_std_uni,1,3.888052225112915,-2.568507432937622,1
Clemson-DND_p274_c2_grm_std_uni,1,4.689811706542969,-3.3670494556427,1
Clemson-DND_p274_c2_grm_std_uni,1,4.882933139801025,-3.8979179859161377,1
Clemson-DND_p274_c2_grm_std_uni,1,4.866241455078125,-3.856755256652832,1
Clemson-DND_p274_c2_grm_std_uni,1,5.329991340637207,-4.332368850708008,1
Clemson-DND_p274_c2_grm_std_uni,1,6.039613723754883,-4.798966884613037,1
Clemson-DND_p274_c2_grm_std_uni,1,6.083056449890137,-4.7902631759643555,1
Clemson-DND_p274_c2_grm_std_uni,1,6.205479145050049,-4.986359119415283,1
Clemson-DND_p274_c2_grm_std_uni,1,6.254937171936035,-5.097046852111816,1
Clemson-DND_p274_c2_grm_std_uni,1,6.320765495300293,-5.14815616607666,1
Clemson-DND_p274_c2_grm_std_uni,1,6.432129859924316,-5.33206844329834,1
Clemson-DND_p274_c2_grm_std_uni,1,6.781779766082764,-5.59691047668457,1
Clemson-DND_p274_c2_grm_std_uni,1,7.083302021026611,-6.144887924194336,1
Clemson-DND_p274_c2_grm_std_uni,1,7.312373638153076,-6.664153099060059,1
Clemson-DND_p274_c2_grm_std_uni,1,7.731656074523926,-7.382483959197998,1
Clemson-DND_p274_c2_grm_std_uni,1,7.927826404571533,-7.697832107543945,1
Clemson-DND_p274_c2_grm_std_uni,1,8.34412956237793,-7.727991580963135,1
Clemson-DND_p274_c2_grm_std_uni,1,8.43470287322998,-7.642579078674316,1
Clemson-DND_p274_c2_grm_std_uni,1,7.916275978088379,-6.752355575561523,1
Clemson-DND_p274_c2_grm_std_uni,1,6.616652011871338,-4.920187950134277,1
Clemson-DND_p274_c2_grm_std_uni,1,5.454710483551025,-3.748581886291504,1
Clemson-DND_p274_c2_grm_std_uni,1,5.545341968536377,-4.103132724761963,1
Clemson-DND_p274_c2_grm_std_uni,1,5.677921772003174,-4.659449100494385,1
Clemson-DND_p274_c2_grm_std_uni,1,6.06788444519043,-5.0104899406433105,1
Clemson-DND_p274_c2_grm_std_uni,1,6.703092098236084,-5.702743053436279,1
Clemson-DND_p274_c2_grm_std_uni,1,7.589227676391602,-6.375609874725342,1
Clemson-DND_p274_c2_grm_std_uni,1,8.039624214172363,-6.9360880851745605,1
Clemson-DND_p274_c2_grm_std_uni,1,7.906956195831299,-6.534337997436523,1
Clemson-DND_p274_c2_grm_std_uni,1,7.790724277496338,-6.644058704376221,1
Clemson-DND_p274_c2_grm_std_uni,1,7.898491382598877,-6.340395450592041,1
Clemson-DND_p274_c2_grm_std_uni,1,7.469906806945801,-5.902039051055908,1
Clemson-DND_p274_c2_grm_std_uni,1,8.136287689208984,-6.482149600982666,1
Clemson-DND_p274_c2_grm_std_uni,1,8.392837524414062,-6.8958024978637695,1
Clemson-DND_p274_c2_grm_std_uni,1,8.434677124023438,-7.189269542694092,1
Clemson-DND_p274_c2_grm_std_uni,1,7.605120658874512,-6.427391529083252,1
Clemson-DND_p274_c2_grm_std_uni,1,7.87916374206543,-7.06419038772583,1
Clemson-DND_p274_c2_grm_std_uni,1,7.441256999969482,-6.3723063468933105,1
Clemson-DND_p274_c2_grm_std_uni,1,7.2738237380981445,-6.358190536499023,1
Clemson-DND_p274_c2_grm_std_uni,1,7.021492958068848,-7.054833889007568,1
Clemson-DND_p274_c2_grm_std_uni,1,6.308547496795654,-6.017714977264404,1
Clemson-DND_p274_c2_grm_std_uni,1,5.584770679473877,-4.628971576690674,1
Clemson-DND_p274_c2_grm_std_uni,1,5.007901668548584,-4.005505561828613,1
Clemson-DND_p274_c2_grm_std_uni,1,5.345395565032959,-4.3975067138671875,1
Clemson-DND_p274_c2_grm_std_uni,1,5.540839672088623,-4.349738121032715,1
Clemson-DND_p274_c2_grm_std_uni,1,6.275154113769531,-4.904063701629639,1
Clemson-DND_p274_c2_grm_std_uni,1,5.98668098449707,-4.676859378814697,1
Clemson-DND_p274_c2_grm_std_uni,1,5.956300735473633,-4.849273681640625,1
Clemson-DND_p274_c2_grm_std_uni,1,5.997857570648193,-4.981572151184082,1
Clemson-DND_p274_c2_grm_std_uni,1,5.890854358673096,-4.798485279083252,1
Clemson-DND_p274_c2_grm_std_uni,1,5.496618270874023,-4.295156478881836,1
Clemson-DND_p274_c2_grm_std_uni,1,5.782882213592529,-4.705027103424072,1
Clemson-DND_p274_c2_grm_std_uni,1,6.0627827644348145,-4.396841049194336,1
Clemson-DND_p274_c2_grm_std_uni,1,6.215139389038086,-4.435670852661133,1
Clemson-DND_p274_c2_grm_std_uni,1,6.358407020568848,-4.613732814788818,1
Clemson-DND_p274_c2_grm_std_uni,1,6.250555515289307,-4.425167560577393,1
Clemson-DND_p274_c2_grm_std_uni,1,6.353444576263428,-4.636031150817871,1
Clemson-DND_p274_c2_grm_std_uni,1,6.2334885597229,-4.539820671081543,1
Clemson-DND_p274_c2_grm_std_uni,1,5.960659503936768,-4.332131385803223,1
Clemson-DND_p274_c2_grm_std_uni,1,5.496025562286377,-3.8380625247955322,1
Clemson-DND_p274_c2_grm_std_uni,1,5.452906131744385,-3.798309326171875,1
Clemson-DND_p274_c2_grm_std_uni,1,5.629343032836914,-4.097609996795654,1
Clemson-DND_p274_c2_grm_std_uni,1,5.799188137054443,-4.3790435791015625,1
Clemson-DND_p274_c2_grm_std_uni,1,5.6307549476623535,-4.098268032073975,1
Clemson-DND_p274_c2_grm_std_uni,1,5.991647243499756,-4.821380615234375,1
Clemson-DND_p274_c2_grm_std_uni,1,5.744996070861816,-4.8469109535217285,1
Clemson-DND_p274_c2_grm_std_uni,1,6.303393840789795,-5.12741231918335,1
Clemson-DND_p274_c2_grm_std_uni,1,6.390154838562012,-5.180729389190674,1
Clemson-DND_p274_c2_grm_std_uni,1,6.390067100524902,-5.1795477867126465,1
Clemson-DND_p274_c2_grm_std_uni,1,6.43587589263916,-5.558704853057861,1
Clemson-DND_p274_c2_grm_std_uni,1,6.419814586639404,-5.986464023590088,1
Clemson-DND_p274_c2_grm_std_uni,1,4.0923380851745605,-3.2755889892578125,1
Clemson-DND_p274_c2_grm_std_uni,1,3.327430248260498,-3.068887948989868,1
Clemson-DND_p274_c2_grm_std_uni,1,3.193235158920288,-3.414942502975464,1
Clemson-DND_p274_c2_grm_std_uni,1,3.24106764793396,-3.886732816696167,1
Clemson-DND_p274_c2_grm_std_uni,1,3.834829568862915,-4.432369709014893,1
Clemson-DND_p274_c2_grm_std_uni,1,4.8729424476623535,-5.191473484039307,1
Clemson-DND_p274_c2_grm_std_uni,1,5.093611717224121,-5.510947227478027,1
Clemson-DND_p274_c2_grm_std_uni,1,4.8162312507629395,-5.20804500579834,1
Clemson-DND_p274_c2_grm_std_uni,1,4.754028797149658,-4.9429497718811035,1
Clemson-DND_p274_c2_grm_std_uni,1,3.7412312030792236,-3.752833604812622,1
Clemson-DND_p274_c2_grm_std_uni,1,2.762507200241089,-2.7320826053619385,1
Clemson-DND_p274_c2_grm_std_uni,1,2.6728272438049316,-2.7395529747009277,1
Clemson-DND_p274_c2_grm_std_uni,1,3.039998769760132,-3.3189289569854736,1
Clemson-DND_p274_c2_grm_std_uni,1,2.882035732269287,-3.14215087890625,1
Clemson-DND_p274_c2_grm_std_uni,1,2.7491066455841064,-3.051614999771118,1
Clemson-DND_p274_c2_grm_std_uni,1,2.7679097652435303,-3.1747915744781494,1
Clemson-DND_p274_c2_grm_std_uni,1,2.6568641662597656,-3.247300624847412,1
Clemson-DND_p274_c2_grm_std_uni,1,2.6299586296081543,-3.3998022079467773,1
Clemson-DND_p274_c2_grm_std_uni,1,2.7938849925994873,-3.609854221343994,1
Clemson-DND_p274_c2_grm_std_uni,1,3.205404758453369,-4.126601696014404,1
Clemson-DND_p274_c2_grm_std_uni,1,3.526808738708496,-4.357092380523682,1
Clemson-DND_p274_c2_grm_std_uni,1,3.8816123008728027,-4.539278984069824,1
Clemson-DND_p274_c2_grm_std_uni,1,4.122323989868164,-4.618826866149902,1
Clemson-DND_p274_c2_grm_std_uni,1,3.5817975997924805,-4.019688606262207,1
Clemson-DND_p274_c2_grm_std_uni,1,2.9726173877716064,-3.5653889179229736,1
Clemson-DND_p274_c2_grm_std_uni,1,3.102146625518799,-3.643126964569092,1
Clemson-DND_p274_c2_grm_std_uni,1,3.4184188842773438,-3.780808210372925,1
Clemson-DND_p274_c2_grm_std_uni,1,5.058737277984619,-4.7728471755981445,1
Clemson-DND_p274_c2_grm_std_uni,1,5.095145225524902,-4.5207905769348145,1
Clemson-DND_p274_c2_grm_std_uni,1,5.2609124183654785,-4.23456335067749,1
Clemson-DND_p274_c2_grm_std_uni,1,5.024360656738281,-3.945802927017212,1
Clemson-DND_p274_c2_grm_std_uni,1,5.162292003631592,-4.264461994171143,1
Clemson-DND_p274_c2_grm_std_uni,1,4.873536109924316,-3.48775053024292,1
Clemson-DND_p274_c2_grm_std_uni,1,5.061168193817139,-3.4537527561187744,1
Clemson-DND_p274_c2_grm_std_uni,1,4.337072372436523,-2.7913854122161865,1
Clemson-DND_p274_c2_grm_std_uni,1,4.067814350128174,-2.4319944381713867,1
Clemson-DND_p274_c2_grm_std_uni,1,4.418209552764893,-2.6867597103118896,1
Clemson-DND_p274_c2_grm_std_uni,1,4.464071750640869,-2.7084150314331055,1
Clemson-DND_p274_c2_grm_std_uni,1,4.3218231201171875,-2.682587146759033,1
Clemson-DND_p274_c2_grm_std_uni,1,3.889289379119873,-2.5877456665039062,1
Clemson-DND_p274_c2_grm_std_uni,1,4.743247032165527,-3.4302961826324463,1
Clemson-DND_p274_c2_grm_std_uni,1,5.609801292419434,-4.279957294464111,1
Clemson-DND_p274_c2_grm_std_uni,1,5.613112449645996,-4.479989528656006,1
Clemson-DND_p274_c2_grm_std_uni,1,5.598843574523926,-4.341470241546631,1
Clemson-DND_p274_c2_grm_std_uni,1,5.479269504547119,-3.9700517654418945,1
Clemson-DND_p274_c2_grm_std_uni,1,5.7900800704956055,-4.168353080749512,1
Clemson-DND_p274_c2_grm_std_uni,1,5.738649368286133,-4.156927585601807,1
Clemson-DND_p274_c2_grm_std_uni,1,5.888014316558838,-4.314020156860352,1
Clemson-DND_p274_c2_grm_std_uni,1,5.773521900177002,-4.2870073318481445,1
Clemson-DND_p274_c2_grm_std_uni,1,5.886923789978027,-4.469930171966553,1
Clemson-DND_p274_c2_grm_std_uni,1,5.600378036499023,-3.9897043704986572,1
Clemson-DND_p274_c2_grm_std_uni,1,5.503311634063721,-3.7687463760375977,1
Clemson-DND_p274_c2_grm_std_uni,1,5.577593803405762,-3.8493173122406006,1
Clemson-DND_p274_c2_grm_std_uni,1,5.840663433074951,-4.293030261993408,1
Clemson-DND_p274_c2_grm_std_uni,1,5.821164608001709,-4.378553867340088,1
Clemson-DND_p274_c2_grm_std_uni,1,5.9263763427734375,-4.489776134490967,1
Clemson-DND_p274_c2_grm_std_uni,1,5.669223308563232,-3.9867024421691895,1
Clemson-DND_p274_c2_grm_std_uni,1,5.721290111541748,-3.55361008644104,1
Clemson-DND_p274_c2_grm_std_uni,1,6.051369667053223,-4.24859094619751,1
Clemson-DND_p274_c2_grm_std_uni,1,6.055516242980957,-4.3880157470703125,1
Clemson-DND_p274_c2_grm_std_uni,1,5.901632785797119,-4.26953649520874,1
Clemson-DND_p274_c2_grm_std_uni,1,6.111674785614014,-4.661625862121582,1
Clemson-DND_p274_c2_grm_std_uni,1,6.131369590759277,-4.77152681350708,1
Clemson-DND_p274_c2_grm_std_uni,1,6.447291851043701,-4.817585468292236,1
Clemson-DND_p274_c2_grm_std_uni,1,6.096405029296875,-4.715113162994385,1
Clemson-DND_p274_c2_grm_std_uni,1,6.253428936004639,-5.130495071411133,1
Clemson-DND_p274_c2_grm_std_uni,1,6.224599361419678,-5.2296037673950195,1
Clemson-DND_p274_c2_grm_std_uni,1,5.2934722900390625,-4.073881149291992,1
Clemson-DND_p274_c2_grm_std_uni,1,5.2562737464904785,-3.786543369293213,1
Clemson-DND_p274_c2_grm_std_uni,1,4.849976062774658,-2.88395619392395,1
Clemson-DND_p274_c2_grm_std_uni,1,4.951693534851074,-2.9576635360717773,1
Clemson-DND_p274_c2_grm_std_uni,1,5.000802516937256,-3.515619993209839,1
Clemson-DND_p274_c2_grm_std_uni,1,4.870591640472412,-3.473320245742798,1
Clemson-DND_p274_c2_grm_std_uni,1,4.693047523498535,-3.7462148666381836,1
Clemson-DND_p274_c2_grm_std_uni,1,5.149899959564209,-3.9665608406066895,1
Clemson-DND_p274_c2_grm_std_uni,1,4.943175792694092,-3.772115468978882,1
Clemson-DND_p274_c2_grm_std_uni,1,4.861822605133057,-3.4774997234344482,1
Clemson-DND_p274_c2_grm_std_uni,1,4.956578731536865,-3.7411420345306396,1
Clemson-DND_p274_c2_grm_std_uni,1,4.95881462097168,-3.716757297515869,1
Clemson-DND_p274_c2_grm_std_uni,1,4.748768329620361,-3.8462893962860107,1
Clemson-DND_p274_c2_grm_std_uni,1,5.0573015213012695,-3.940201997756958,1
Clemson-DND_p274_c2_grm_std_uni,1,5.150475025177002,-4.095607280731201,1
Clemson-DND_p274_c2_grm_std_uni,1,5.5857391357421875,-4.226517677307129,1
Clemson-DND_p274_c2_grm_std_uni,1,5.646132469177246,-4.252268314361572,1
Clemson-DND_p274_c2_grm_std_uni,1,5.102755069732666,-3.915858507156372,1
Clemson-DND_p274_c2_grm_std_uni,1,4.955945014953613,-3.452746629714966,1
Clemson-DND_p274_c2_grm_std_uni,1,4.530080795288086,-2.9414446353912354,1
Clemson-DND_p274_c2_grm_std_uni,1,4.475649356842041,-2.644089937210083,1
Clemson-DND_p274_c2_grm_std_uni,1,4.4965972900390625,-3.1939589977264404,1
Clemson-DND_p274_c2_grm_std_uni,1,4.191646099090576,-2.8333828449249268,1
Clemson-DND_p274_c2_grm_std_uni,1,4.440736293792725,-3.1831929683685303,1
Clemson-DND_p274_c2_grm_std_uni,1,4.657050609588623,-3.547926902770996,1
Clemson-DND_p274_c2_grm_std_uni,1,5.36904764175415,-4.039374828338623,1
Clemson-DND_p274_c2_grm_std_uni,1,5.658390998840332,-4.4011712074279785,1
Clemson-DND_p274_c2_grm_std_uni,1,5.326330184936523,-3.8524651527404785,1
Clemson-DND_p274_c2_grm_std_uni,1,5.3961873054504395,-3.878108263015747,1
Clemson-DND_p274_c2_grm_std_uni,1,5.456357002258301,-3.9071044921875,1
Clemson-DND_p274_c2_grm_std_uni,1,5.855504512786865,-4.427345275878906,1
Clemson-DND_p274_c2_grm_std_uni,1,5.911041259765625,-4.510847091674805,1
Clemson-DND_p274_c2_grm_std_uni,1,5.965116500854492,-4.520266532897949,1
Clemson-DND_p274_c2_grm_std_uni,1,5.379042148590088,-3.886394739151001,1
Clemson-DND_p274_c2_grm_std_uni,1,5.72929048538208,-4.110200881958008,1
Clemson-DND_p274_c2_grm_std_uni,1,5.794162273406982,-4.341979026794434,1
Clemson-DND_p274_c2_grm_std_uni,1,5.60426664352417,-4.025945663452148,1
Clemson-DND_p274_c2_grm_std_uni,1,4.832132339477539,-2.722306728363037,1
Clemson-DND_p274_c2_grm_std_uni,1,4.868190288543701,-2.7636070251464844,1
Clemson-DND_p274_c2_grm_std_uni,1,4.788554668426514,-3.451777458190918,1
Clemson-DND_p274_c2_grm_std_uni,1,4.813023567199707,-3.7612464427948,1
Clemson-DND_p274_c2_grm_std_uni,1,5.0333147048950195,-4.039403915405273,1
Clemson-DND_p274_c2_grm_std_uni,1,5.226978778839111,-3.991485357284546,1
Clemson-DND_p274_c2_grm_std_uni,1,5.4815897941589355,-4.3072614669799805,1
Clemson-DND_p274_c2_grm_std_uni,1,5.917813777923584,-4.713921546936035,1
Clemson-DND_p274_c2_grm_std_uni,1,5.628477573394775,-4.498285293579102,1
Clemson-DND_p274_c2_grm_std_uni,1,5.63840913772583,-4.609603404998779,1
Clemson-DND_p274_c2_grm_std_uni,1,5.799664497375488,-4.71155309677124,1
Clemson-DND_p274_c2_grm_std_uni,1,5.854206562042236,-4.789414882659912,1
Clemson-DND_p274_c2_grm_std_uni,1,5.841825485229492,-4.789026260375977,1
Clemson-DND_p274_c2_grm_std_uni,1,5.962814807891846,-4.872203350067139,1
Clemson-DND_p274_c2_grm_std_uni,1,5.796261787414551,-4.462382793426514,1
Clemson-DND_p274_c2_grm_std_uni,1,5.703339576721191,-4.2597222328186035,1
Clemson-DND_p274_c2_grm_std_uni,1,5.110316753387451,-3.5282034873962402,1
Clemson-DND_p274_c2_grm_std_uni,1,4.86964750289917,-3.2851932048797607,1
Clemson-DND_p274_c2_grm_std_uni,1,5.185746669769287,-3.6051738262176514,1
Clemson-DND_p274_c2_grm_std_uni,1,5.466733932495117,-3.98473858833313,1
Clemson-DND_p274_c2_grm_std_uni,1,5.678313255310059,-4.437002182006836,1
Clemson-DND_p274_c2_grm_std_uni,1,5.53151273727417,-4.239615440368652,1
Clemson-DND_p274_c2_grm_std_uni,1,4.876237869262695,-3.0556440353393555,1
Clemson-DND_p274_c2_grm_std_uni,1,4.464715480804443,-2.447862148284912,1
Clemson-DND_p274_c2_grm_std_uni,1,4.37560510635376,-2.9914979934692383,1
Clemson-DND_p274_c2_grm_std_uni,1,4.481794834136963,-3.2863714694976807,1
Clemson-DND_p274_c2_grm_std_uni,1,4.568667411804199,-3.635307788848877,1
Clemson-DND_p274_c2_grm_std_uni,1,4.859063148498535,-3.7695837020874023,1
Clemson-DND_p274_c2_grm_std_uni,1,5.511386394500732,-4.257984161376953,1
Clemson-DND_p274_c2_grm_std_uni,1,5.203673839569092,-4.1988935470581055,1
Clemson-DND_p274_c2_grm_std_uni,1,5.540948390960693,-4.336016654968262,1
Clemson-DND_p274_c2_grm_std_uni,1,5.48640251159668,-4.248579502105713,1
Clemson-DND_p274_c2_grm_std_uni,1,5.008325099945068,-3.6081395149230957,1
Clemson-DND_p274_c2_grm_std_uni,1,4.6828131675720215,-3.4612934589385986,1
Clemson-DND_p274_c2_grm_std_uni,1,4.611437797546387,-3.5182502269744873,1
Clemson-DND_p274_c2_grm_std_uni,1,4.709957599639893,-3.656891345977783,1
Clemson-DND_p274_c2_grm_std_uni,1,4.71570348739624,-3.6077589988708496,1
Clemson-DND_p274_c2_grm_std_uni,1,4.387923717498779,-2.967111825942993,1
Clemson-DND_p274_c2_grm_std_uni,1,4.1604437828063965,-2.4717836380004883,1
Clemson-DND_p274_c2_grm_std_uni,1,4.411355018615723,-3.075021505355835,1
Clemson-DND_p274_c2_grm_std_uni,1,4.438573360443115,-3.340535879135132,1
Clemson-DND_p274_c2_grm_std_uni,1,4.7281670570373535,-3.5626227855682373,1
Clemson-DND_p274_c2_grm_std_uni,1,4.833165645599365,-3.7304770946502686,1
Clemson-DND_p274_c2_grm_std_uni,1,5.217872142791748,-4.117284774780273,1
Clemson-DND_p274_c2_grm_std_uni,1,5.222940921783447,-3.8341667652130127,1
Clemson-DND_p274_c2_grm_std_uni,1,5.244626045227051,-3.831469774246216,1
Clemson-DND_p274_c2_grm_std_uni,1,5.165210247039795,-3.803239345550537,1
Clemson-DND_p274_c2_grm_std_uni,1,5.1794304847717285,-3.789299249649048,1
Clemson-DND_p274_c2_grm_std_uni,1,5.193729877471924,-3.698436737060547,1
Clemson-DND_p274_c2_grm_std_uni,1,5.195825099945068,-3.6823151111602783,1
Clemson-DND_p274_c2_grm_std_uni,1,5.3982462882995605,-3.9881484508514404,1
Clemson-DND_p274_c2_grm_std_uni,1,5.633913993835449,-4.285892009735107,1
Clemson-DND_p274_c2_grm_std_uni,1,5.556998252868652,-4.454934597015381,1
Clemson-DND_p274_c2_grm_std_uni,1,5.583035469055176,-4.535699844360352,1
Clemson-DND_p274_c2_grm_std_uni,1,5.419529438018799,-3.802649974822998,1
Clemson-DND_p274_c2_grm_std_uni,1,4.741310119628906,-3.0127499103546143,1
Clemson-DND_p274_c2_grm_std_uni,1,4.4249701499938965,-2.564734935760498,1
Clemson-DND_p274_c2_grm_std_uni,1,4.076387882232666,-2.9248430728912354,1
Clemson-DND_p274_c2_grm_std_uni,1,3.9821600914001465,-2.8222055435180664,1
Clemson-DND_p274_c2_grm_std_uni,1,3.7239320278167725,-2.5712668895721436,1
Clemson-DND_p274_c2_grm_std_uni,1,3.5712387561798096,-2.5952165126800537,1
Clemson-DND_p274_c2_grm_std_uni,1,3.87410569190979,-2.912154197692871,1
Clemson-DND_p274_c2_grm_std_uni,1,4.258790016174316,-3.276796817779541,1
Clemson-DND_p274_c2_grm_std_uni,1,4.581161022186279,-3.4732561111450195,1
Clemson-DND_p274_c2_grm_std_uni,1,5.3944244384765625,-4.310348033905029,1
Clemson-DND_p274_c2_grm_std_uni,1,5.469073295593262,-4.573330879211426,1
Clemson-DND_p274_c2_grm_std_uni,1,5.4217939376831055,-4.610874652862549,1
Clemson-DND_p274_c2_grm_std_uni,1,5.251204967498779,-4.468291759490967,1
Clemson-DND_p274_c2_grm_std_uni,1,5.160612106323242,-4.165564060211182,1
Clemson-DND_p274_c2_grm_std_uni,1,5.737151145935059,-4.250783920288086,1
Clemson-DND_p274_c2_grm_std_uni,1,5.8958353996276855,-4.356776714324951,1
Clemson-DND_p274_c2_grm_std_uni,1,5.564875602722168,-4.158337116241455,1
Clemson-DND_p274_c2_grm_std_uni,1,5.092104911804199,-3.59541654586792,1
Clemson-DND_p274_c2_grm_std_uni,1,5.047723770141602,-3.8210394382476807,1
Clemson-DND_p274_c2_grm_std_uni,1,5.329530239105225,-3.979656219482422,1
Clemson-DND_p274_c2_grm_std_uni,1,5.476207256317139,-3.937160015106201,1
Clemson-DND_p274_c2_grm_std_uni,1,5.578524589538574,-4.046727657318115,1
Clemson-DND_p274_c2_grm_std_uni,1,5.564681529998779,-3.8589255809783936,1
Clemson-DND_p274_c2_grm_std_uni,1,5.426240921020508,-3.640162706375122,1
Clemson-DND_p274_c2_grm_std_uni,1,5.304565906524658,-3.5652575492858887,1
Clemson-DND_p274_c2_grm_std_uni,1,5.449151992797852,-4.142280101776123,1
Clemson-DND_p274_c2_grm_std_uni,1,5.512424945831299,-4.256569862365723,1
Clemson-DND_p274_c2_grm_std_uni,1,5.815655708312988,-4.636439323425293,1
Clemson-DND_p274_c2_grm_std_uni,1,5.905738830566406,-4.661016464233398,1
Clemson-DND_p274_c2_grm_std_uni,1,5.805243968963623,-4.436720371246338,1
Clemson-DND_p274_c2_grm_std_uni,1,5.636137008666992,-4.123924732208252,1
Clemson-DND_p274_c2_grm_std_uni,1,5.576910972595215,-4.079030513763428,1
Clemson-DND_p274_c2_grm_std_uni,1,5.681396484375,-4.407541275024414,1
Clemson-DND_p274_c2_grm_std_uni,1,5.4671173095703125,-4.363969326019287,1
Clemson-DND_p274_c2_grm_std_uni,1,5.384190559387207,-4.156667232513428,1
Clemson-DND_p274_c2_grm_std_uni,1,5.101236343383789,-3.7935538291931152,1
Clemson-DND_p274_c2_grm_std_uni,1,4.814743518829346,-3.5847389698028564,1
Clemson-DND_p274_c2_grm_std_uni,1,4.6866888999938965,-3.629073143005371,1
Clemson-DND_p274_c2_grm_std_uni,1,4.279310703277588,-3.000553607940674,1
Clemson-DND_p274_c2_grm_std_uni,1,5.046853542327881,-3.765713691711426,1
Clemson-DND_p274_c2_grm_std_uni,1,5.6784820556640625,-4.3626179695129395,1
Clemson-DND_p274_c2_grm_std_uni,1,5.9005255699157715,-4.573013782501221,1
Clemson-DND_p274_c2_grm_std_uni,1,6.0085954666137695,-4.667620658874512,1
Clemson-DND_p274_c2_grm_std_uni,1,5.883801460266113,-4.679975509643555,1
Clemson-DND_p274_c2_grm_std_uni,1,5.94157075881958,-4.341281414031982,1
Clemson-DND_p274_c2_grm_std_uni,1,5.896651268005371,-4.180613040924072,1
Clemson-DND_p274_c2_grm_std_uni,1,6.119181156158447,-5.094938278198242,1
Clemson-DND_p274_c2_grm_std_uni,1,6.645950794219971,-5.465642929077148,1
Clemson-DND_p274_c2_grm_std_uni,1,6.29052734375,-5.384798526763916,1
Clemson-DND_p274_c2_grm_std_uni,1,6.051222324371338,-5.204161643981934,1
Clemson-DND_p274_c2_grm_std_uni,1,6.016328811645508,-5.279143333435059,1
Clemson-DND_p274_c2_grm_std_uni,1,5.42462158203125,-4.795697212219238,1
Clemson-DND_p274_c2_grm_std_uni,1,5.176276206970215,-4.782013893127441,1
Clemson-DND_p274_c2_grm_std_uni,1,4.630848407745361,-4.419097423553467,1
Clemson-DND_p274_c2_grm_std_uni,1,4.670156955718994,-4.638620376586914,1
Clemson-DND_p274_c2_grm_std_uni,1,5.385174751281738,-5.265324115753174,1
Clemson-DND_p274_c2_grm_std_uni,1,5.633429527282715,-5.443195819854736,1
Clemson-DND_p274_c2_grm_std_uni,1,5.674224376678467,-5.2977142333984375,1
Clemson-DND_p274_c2_grm_std_uni,1,5.596533298492432,-5.0367207527160645,1
Clemson-DND_p274_c2_grm_std_uni,1,5.684178829193115,-5.34529447555542,1
Clemson-DND_p274_c2_grm_std_uni,1,5.2431440353393555,-5.226936340332031,1
Clemson-DND_p274_c2_grm_std_uni,1,4.769959926605225,-4.846986770629883,1
Clemson-DND_p274_c2_grm_std_uni,1,3.935664415359497,-3.956871747970581,1
Clemson-DND_p274_c2_grm_std_uni,1,3.9065732955932617,-4.00380802154541,1
Clemson-DND_p274_c2_grm_std_uni,1,4.216670513153076,-4.405856132507324,1
Clemson-DND_p274_c2_grm_std_uni,1,4.721815586090088,-4.892750263214111,1
Clemson-DND_p274_c2_grm_std_uni,1,5.450925827026367,-5.437147617340088,1
Clemson-DND_p274_c2_grm_std_uni,1,5.771475791931152,-5.605624675750732,1
Clemson-DND_p274_c2_grm_std_uni,1,5.4419121742248535,-5.367546081542969,1
Clemson-DND_p274_c2_grm_std_uni,1,4.749466896057129,-4.703722953796387,1
Clemson-DND_p274_c2_grm_std_uni,1,4.077465057373047,-3.9777638912200928,1
Clemson-DND_p274_c2_grm_std_uni,1,4.065428256988525,-3.941373109817505,1
Clemson-DND_p274_c2_grm_std_uni,1,3.894233226776123,-3.7844557762145996,1
Clemson-DND_p274_c2_grm_std_uni,1,3.521040916442871,-3.4245564937591553,1
Clemson-DND_p274_c2_grm_std_uni,1,3.3056657314300537,-3.217931032180786,1
Clemson-DND_p274_c2_grm_std_uni,1,3.325092077255249,-3.192768096923828,1
Clemson-DND_p274_c2_grm_std_uni,1,3.6273553371429443,-3.520836353302002,1
Clemson-DND_p274_c2_grm_std_uni,1,4.094594955444336,-3.9803037643432617,1
Clemson-DND_p274_c2_grm_std_uni,1,3.8468923568725586,-3.937734842300415,1
Clemson-DND_p274_c2_grm_std_uni,1,3.880276918411255,-4.00907564163208,1
Clemson-DND_p274_c2_grm_std_uni,1,4.490981578826904,-4.535431861877441,1
Clemson-DND_p274_c2_grm_std_uni,1,4.709121227264404,-4.702704429626465,1
Clemson-DND_p274_c2_grm_std_uni,1,5.263830184936523,-5.134984016418457,1
Clemson-DND_p274_c2_grm_std_uni,1,5.100621223449707,-5.081660270690918,1
Clemson-DND_p274_c2_grm_std_uni,1,5.531096458435059,-6.2531867027282715,1
Clemson-DND_p274_c2_grm_std_uni,1,5.772263526916504,-5.692721366882324,1
Clemson-DND_p274_c2_grm_std_uni,1,5.5869855880737305,-4.909926414489746,1
Clemson-DND_p274_c2_grm_std_uni,1,5.236856460571289,-4.062838077545166,1
Clemson-DND_p274_c2_grm_std_uni,1,4.805311679840088,-3.675020694732666,1
Clemson-DND_p274_c2_grm_std_uni,1,4.644986152648926,-3.6037631034851074,1
Clemson-DND_p274_c2_grm_std_uni,1,4.7843017578125,-3.3938703536987305,1
Clemson-DND_p274_c2_grm_std_uni,1,4.835198402404785,-3.771115779876709,1
Clemson-DND_p274_c2_grm_std_uni,1,5.445301532745361,-4.280819892883301,1
Clemson-DND_p274_c2_grm_std_uni,1,5.919137001037598,-4.416482448577881,1
Clemson-DND_p274_c2_grm_std_uni,1,6.070102214813232,-4.499427318572998,1
Clemson-DND_p274_c2_grm_std_uni,1,6.205409526824951,-4.762326240539551,1
Clemson-DND_p274_c2_grm_std_uni,1,5.889711856842041,-4.98206090927124,1
Clemson-DND_p274_c2_grm_std_uni,1,5.693602085113525,-4.765718936920166,1
Clemson-DND_p274_c2_grm_std_uni,1,6.029728889465332,-4.9801483154296875,1
Clemson-DND_p274_c2_grm_std_uni,1,6.0078511238098145,-4.879321575164795,1
Clemson-DND_p274_c2_grm_std_uni,1,5.707094669342041,-4.616219997406006,1
Clemson-DND_p274_c2_grm_std_uni,1,5.23573637008667,-3.894033193588257,1
Clemson-DND_p274_c2_grm_std_uni,1,4.896367073059082,-3.6565678119659424,1
Clemson-DND_p274_c2_grm_std_uni,1,4.8241682052612305,-3.5405452251434326,1
Clemson-DND_p274_c2_grm_std_uni,1,4.992598533630371,-3.563676357269287,1
Clemson-DND_p274_c2_grm_std_uni,1,5.254997253417969,-3.7140495777130127,1
Clemson-DND_p274_c2_grm_std_uni,1,5.234018325805664,-3.8278825283050537,1
Clemson-DND_p274_c2_grm_std_uni,1,5.791385173797607,-4.61427640914917,1
Clemson-DND_p274_c2_grm_std_uni,1,5.764256477355957,-4.449736595153809,1
Clemson-DND_p274_c2_grm_std_uni,1,5.108260631561279,-4.266269683837891,1
Clemson-DND_p274_c2_grm_std_uni,1,4.913481712341309,-4.339108943939209,1
Clemson-DND_p274_c2_grm_std_uni,1,5.232798099517822,-4.689945697784424,1
Clemson-DND_p274_c2_grm_std_uni,1,5.295874118804932,-4.779516696929932,1
Clemson-DND_p274_c2_grm_std_uni,1,5.307977199554443,-4.8381733894348145,1
Clemson-DND_p274_c2_grm_std_uni,1,5.745837688446045,-4.949596881866455,1
Clemson-DND_p274_c2_grm_std_uni,1,5.068957328796387,-4.166059970855713,1
Clemson-DND_p274_c2_grm_std_uni,1,4.798111915588379,-3.8790512084960938,1
Clemson-DND_p274_c2_grm_std_uni,1,4.944106101989746,-4.160632610321045,1
Clemson-DND_p274_c2_grm_std_uni,1,4.9555253982543945,-4.999373435974121,1
Clemson-DND_p274_c2_grm_std_uni,1,5.247877597808838,-5.544203758239746,1
Clemson-DND_p274_c2_grm_std_uni,1,5.73007869720459,-5.936949729919434,1
Clemson-DND_p274_c2_grm_std_uni,1,6.092602252960205,-5.677113056182861,1
Clemson-DND_p274_c2_grm_std_uni,1,6.685695171356201,-5.852038383483887,1
Clemson-DND_p274_c2_grm_std_uni,1,8.073384284973145,-6.975327968597412,1
Clemson-DND_p274_c2_grm_std_uni,1,8.02088451385498,-7.171473026275635,1
Clemson-DND_p274_c2_grm_std_uni,1,7.869692325592041,-7.136281967163086,1
Clemson-DND_p274_c2_grm_std_uni,1,6.947100639343262,-6.571718692779541,1
Clemson-DND_p274_c2_grm_std_uni,1,6.382234573364258,-5.514683723449707,1
Clemson-DND_p274_c2_grm_std_uni,1,5.4341912269592285,-4.484019756317139,1
Clemson-DND_p274_c2_grm_std_uni,1,4.741003036499023,-3.7317655086517334,1
Clemson-DND_p274_c2_grm_std_uni,1,4.488749027252197,-3.4515416622161865,1
Clemson-DND_p274_c2_grm_std_uni,1,4.0749616622924805,-3.259171724319458,1
Clemson-DND_p274_c2_grm_std_uni,1,3.2386767864227295,-2.7565274238586426,1
Clemson-DND_p274_c2_grm_std_uni,1,3.929982900619507,-2.8581044673919678,1
Clemson-DND_p274_c2_grm_std_uni,1,4.065018653869629,-2.9250102043151855,1
Clemson-DND_p274_c2_grm_std_uni,1,4.704474925994873,-3.7416296005249023,1
Clemson-DND_p274_c2_grm_std_uni,1,5.302136421203613,-4.188782215118408,1
Clemson-DND_p274_c2_grm_std_uni,1,5.541862487792969,-4.093220233917236,1
Clemson-DND_p274_c2_grm_std_uni,1,5.577852725982666,-4.160087585449219,1
Clemson-DND_p274_c2_grm_std_uni,1,5.4997711181640625,-4.579437255859375,1
Clemson-DND_p274_c2_grm_std_uni,1,5.526111125946045,-4.512877464294434,1
Clemson-DND_p274_c2_grm_std_uni,1,6.005171775817871,-4.788196086883545,1
Clemson-DND_p274_c2_grm_std_uni,1,6.34618616104126,-4.96506929397583,1
Clemson-DND_p274_c2_grm_std_uni,1,6.10109806060791,-4.3249921798706055,1
Clemson-DND_p274_c2_grm_std_uni,1,6.024453639984131,-3.980464458465576,1
Clemson-DND_p274_c2_grm_std_uni,1,5.807825565338135,-4.048159122467041,1
Clemson-DND_p274_c2_grm_std_uni,1,6.060769081115723,-4.591519832611084,1
Clemson-DND_p274_c2_grm_std_uni,1,5.341163635253906,-4.393294811248779,1
Clemson-DND_p274_c2_grm_std_uni,1,5.0455756187438965,-4.088080406188965,1
Clemson-DND_p274_c2_grm_std_uni,1,5.515257358551025,-4.629288196563721,1
Clemson-DND_p274_c2_grm_std_uni,1,5.5166473388671875,-4.611155986785889,1
Clemson-DND_p274_c2_grm_std_uni,1,6.082516670227051,-4.803896427154541,1
Clemson-DND_p274_c2_grm_std_uni,1,6.244475364685059,-4.964730739593506,1
Clemson-DND_p274_c2_grm_std_uni,1,5.478942394256592,-4.003100872039795,1
Clemson-DND_p274_c2_grm_std_uni,1,5.634564399719238,-4.720046520233154,1
Clemson-DND_p274_c2_grm_std_uni,1,5.892825126647949,-5.145738124847412,1
Clemson-DND_p274_c2_grm_std_uni,1,6.155734062194824,-5.218557357788086,1
Clemson-DND_p274_c2_grm_std_uni,1,6.477381229400635,-5.524199962615967,1
Clemson-DND_p274_c2_grm_std_uni,1,6.0588884353637695,-5.013752460479736,1
Clemson-DND_p274_c2_grm_std_uni,1,5.537751197814941,-4.605416774749756,1
Clemson-DND_p274_c2_grm_std_uni,1,5.349091053009033,-3.8353216648101807,1
Clemson-DND_p274_c2_grm_std_uni,1,4.45767879486084,-3.0785152912139893,1
Clemson-DND_p274_c2_grm_std_uni,1,3.9969189167022705,-2.2857770919799805,1
Clemson-DND_p274_c2_grm_std_uni,1,4.3285369873046875,-2.652003765106201,1
Clemson-DND_p274_c2_grm_std_uni,1,5.0194830894470215,-3.461510419845581,1
Clemson-DND_p274_c2_grm_std_uni,1,5.5279083251953125,-4.767935276031494,1
Clemson-DND_p274_c2_grm_std_uni,1,5.573513507843018,-4.659721374511719,1
Clemson-DND_p274_c2_grm_std_uni,1,6.096394062042236,-4.9057936668396,1
Clemson-DND_p274_c2_grm_std_uni,1,6.093338966369629,-5.055898189544678,1
Clemson-DND_p274_c2_grm_std_uni,1,5.673023700714111,-4.533698081970215,1
Clemson-DND_p274_c2_grm_std_uni,1,5.7575249671936035,-4.652763843536377,1
Clemson-DND_p274_c2_grm_std_uni,1,5.417128562927246,-4.216984272003174,1
Clemson-DND_p274_c2_grm_std_uni,1,4.703927040100098,-3.365849256515503,1
Clemson-DND_p274_c2_grm_std_uni,1,5.031073093414307,-3.8046953678131104,1
Clemson-DND_p274_c2_grm_std_uni,1,5.089276313781738,-3.8459813594818115,1
Clemson-DND_p274_c2_grm_std_uni,1,5.530019283294678,-4.407653331756592,1
Clemson-DND_p274_c2_grm_std_uni,1,6.1175360679626465,-5.120025157928467,1
Clemson-DND_p274_c2_grm_std_uni,1,5.7336554527282715,-4.8613104820251465,1
Clemson-DND_p274_c2_grm_std_uni,1,5.738898754119873,-4.835993766784668,1
Clemson-DND_p274_c2_grm_std_uni,1,5.497426509857178,-4.30124044418335,1
Clemson-DND_p274_c2_grm_std_uni,1,5.285299777984619,-4.24494743347168,1
Clemson-DND_p274_c2_grm_std_uni,1,4.957841873168945,-4.042092800140381,1
Clemson-DND_p274_c2_grm_std_uni,1,4.957909107208252,-3.92602276802063,1
Clemson-DND_p274_c2_grm_std_uni,1,4.973711013793945,-3.582636833190918,1
Clemson-DND_p274_c2_grm_std_uni,1,5.256675720214844,-3.9645724296569824,1
Clemson-DND_p274_c2_grm_std_uni,1,5.624941825866699,-4.253136157989502,1
Clemson-DND_p274_c2_grm_std_uni,1,5.406839370727539,-4.43589973449707,1
Clemson-DND_p274_c2_grm_std_uni,1,5.389848232269287,-4.6905317306518555,1
Clemson-DND_p274_c2_grm_std_uni,1,5.240579605102539,-4.60384464263916,1
Clemson-DND_p274_c2_grm_std_uni,1,5.933051109313965,-4.855338096618652,1
Clemson-DND_p274_c2_grm_std_uni,1,6.85811185836792,-5.5143723487854,1
Clemson-DND_p274_c2_grm_std_uni,1,6.784674644470215,-5.5228047370910645,1
Clemson-DND_p274_c2_grm_std_uni,1,6.422607421875,-5.256704807281494,1
Clemson-DND_p274_c2_grm_std_uni,1,6.419283390045166,-5.5421013832092285,1
Clemson-DND_p274_c2_grm_std_uni,1,6.841013431549072,-6.2569708824157715,1
Clemson-DND_p274_c2_grm_std_uni,1,6.981718063354492,-6.191996097564697,1
Clemson-DND_p274_c2_grm_std_uni,1,6.857822895050049,-5.616578102111816,1
Clemson-DND_p274_c2_grm_std_uni,1,6.971902370452881,-5.5565619468688965,1
Clemson-DND_p274_c2_grm_std_uni,1,7.3679022789001465,-6.203991889953613,1
Clemson-DND_p274_c2_grm_std_uni,1,7.295525550842285,-6.1550140380859375,1
Clemson-DND_p274_c2_grm_std_uni,1,7.336701393127441,-6.020263195037842,1
Clemson-DND_p274_c2_grm_std_uni,1,6.954510688781738,-5.397282600402832,1
Clemson-DND_p274_c2_grm_std_uni,1,7.290903091430664,-5.658320426940918,1
Clemson-DND_p274_c2_grm_std_uni,1,7.67691707611084,-6.1002092361450195,1
Clemson-DND_p274_c2_grm_std_uni,1,7.726741313934326,-6.459648132324219,1
Clemson-DND_p274_c2_grm_std_uni,1,8.217036247253418,-7.036947727203369,1
Clemson-DND_p274_c2_grm_std_uni,1,8.509183883666992,-7.867098808288574,1
Clemson-DND_p274_c2_grm_std_uni,1,8.137894630432129,-7.679427623748779,1
Clemson-DND_p274_c2_grm_std_uni,1,7.424222946166992,-6.801098346710205,1
Clemson-DND_p274_c2_grm_std_uni,1,6.994307041168213,-6.113440036773682,1
Clemson-DND_p274_c2_grm_std_uni,1,6.032801628112793,-4.893154621124268,1
Clemson-DND_p274_c2_grm_std_uni,1,5.2273077964782715,-4.202915668487549,1
Clemson-DND_p274_c2_grm_std_uni,1,5.01178503036499,-4.061605453491211,1
Clemson-DND_p274_c2_grm_std_uni,1,5.262253284454346,-4.277437210083008,1
Clemson-DND_p274_c2_grm_std_uni,1,5.428292751312256,-4.602685928344727,1
Clemson-DND_p274_c2_grm_std_uni,1,5.947813510894775,-4.978590488433838,1
Clemson-DND_p274_c2_grm_std_uni,1,6.593302249908447,-5.433882713317871,1
Clemson-DND_p274_c2_grm_std_uni,1,6.5253167152404785,-5.267050266265869,1
Clemson-DND_p274_c2_grm_std_uni,1,5.722275257110596,-4.567047595977783,1
Clemson-DND_p274_c2_grm_std_uni,1,5.518198490142822,-4.208035469055176,1
Clemson-DND_p274_c2_grm_std_uni,1,5.174899101257324,-3.9115753173828125,1
Clemson-DND_p274_c2_grm_std_uni,1,5.201589107513428,-3.7490851879119873,1
Clemson-DND_p274_c2_grm_std_uni,1,5.298079967498779,-3.7089357376098633,1
Clemson-DND_p274_c2_grm_std_uni,1,5.762993812561035,-4.405020713806152,1
Clemson-DND_p274_c2_grm_std_uni,1,5.972078800201416,-4.6483378410339355,1
Clemson-DND_p274_c2_grm_std_uni,1,6.175768852233887,-4.761232376098633,1
Clemson-DND_p274_c2_grm_std_uni,1,6.252280235290527,-4.786525249481201,1
Clemson-DND_p274_c2_grm_std_uni,1,6.478308200836182,-5.092917442321777,1
Clemson-DND_p274_c2_grm_std_uni,1,6.589406490325928,-5.590830326080322,1
Clemson-DND_p274_c2_grm_std_uni,1,6.680245876312256,-5.853575706481934,1
Clemson-DND_p274_c2_grm_std_uni,1,6.860225200653076,-6.300439834594727,1
Clemson-DND_p274_c2_grm_std_uni,1,6.253190517425537,-6.075270652770996,1
Clemson-DND_p274_c2_grm_std_uni,1,5.109831809997559,-4.126040935516357,1
Clemson-DND_p274_c2_grm_std_uni,1,4.985239028930664,-3.246173620223999,1
Clemson-DND_p274_c2_grm_std_uni,2,4.96668815612793,-3.2031755447387695,1
Clemson-DND_p274_c2_grm_std_uni,1,5.162423133850098,-3.8099162578582764,1
Clemson-DND_p274_c2_grm_std_uni,1,4.919965744018555,-3.7179112434387207,1
Clemson-DND_p274_c2_grm_std_uni,1,5.0548553466796875,-4.012131690979004,1
Clemson-DND_p274_c2_grm_std_uni,1,5.489213466644287,-4.456273555755615,1
Clemson-DND_p274_c2_grm_std_uni,1,5.254486083984375,-4.483187675476074,1
Clemson-DND_p274_c2_grm_std_uni,1,5.75007438659668,-4.979757308959961,1
Clemson-DND_p274_c2_grm_std_uni,1,6.103476524353027,-5.038820266723633,1
Clemson-DND_p274_c2_grm_std_uni,1,6.309389591217041,-5.0656609535217285,1
Clemson-DND_p274_c2_grm_std_uni,1,5.709756374359131,-4.917280197143555,1
Clemson-DND_p274_c2_grm_std_uni,1,4.575066566467285,-3.3305792808532715,1
Clemson-DND_p274_c2_grm_std_uni,1,4.96185302734375,-3.916111707687378,1
Clemson-DND_p274_c2_grm_std_uni,1,4.813640117645264,-3.8699564933776855,1
Clemson-DND_p274_c2_grm_std_uni,1,4.434265613555908,-3.0926411151885986,1
Clemson-DND_p274_c2_grm_std_uni,1,4.2587761878967285,-3.080536127090454,1
Clemson-DND_p274_c2_grm_std_uni,1,4.284170150756836,-3.1700823307037354,1
Clemson-DND_p274_c2_grm_std_uni,1,4.045241355895996,-3.28775691986084,1
Clemson-DND_p274_c2_grm_std_uni,1,3.774104356765747,-3.2452664375305176,1
Clemson-DND_p274_c2_grm_std_uni,1,5.080577373504639,-4.397806167602539,1
Clemson-DND_p274_c2_grm_std_uni,1,5.537569999694824,-4.760171413421631,1
Clemson-DND_p274_c2_grm_std_uni,1,5.778830528259277,-4.784366130828857,1
Clemson-DND_p274_c2_grm_std_uni,1,5.663346767425537,-4.323776721954346,1
Clemson-DND_p274_c2_grm_std_uni,1,5.569267749786377,-4.169045925140381,1
Clemson-DND_p274_c2_grm_std_uni,1,5.527017593383789,-4.1248345375061035,1
Clemson-DND_p274_c2_grm_std_uni,1,5.366631984710693,-3.8292531967163086,1
Clemson-DND_p274_c2_grm_std_uni,1,5.565537929534912,-4.163529872894287,1
Clemson-DND_p274_c2_grm_std_uni,1,5.839750289916992,-4.630284786224365,1
Clemson-DND_p274_c2_grm_std_uni,1,6.0025482177734375,-4.436844348907471,1
Clemson-DND_p274_c2_grm_std_uni,1,5.72512149810791,-4.093557834625244,1
Clemson-DND_p274_c2_grm_std_uni,1,5.019688606262207,-3.707167863845825,1
Clemson-DND_p274_c2_grm_std_uni,1,4.574573993682861,-3.434134006500244,1
Clemson-DND_p274_c2_grm_std_uni,1,4.877851963043213,-3.095717668533325,1
Clemson-DND_p274_c2_grm_std_uni,1,4.455771446228027,-2.939275026321411,1
Clemson-DND_p274_c2_grm_std_uni,1,4.478537559509277,-3.1358933448791504,1
Clemson-DND_p274_c2_grm_std_uni,1,5.056423664093018,-4.198094367980957,1
Clemson-DND_p274_c2_grm_std_uni,1,5.019004821777344,-4.078779220581055,1
Clemson-DND_p274_c2_grm_std_uni,1,5.5470452308654785,-4.334962368011475,1
Clemson-DND_p274_c2_grm_std_uni,1,5.67500114440918,-4.075007915496826,1
Clemson-DND_p274_c2_grm_std_uni,1,5.490984916687012,-4.305107116699219,1
Clemson-DND_p274_c2_grm_std_uni,1,6.093711853027344,-4.846823692321777,1
Clemson-DND_p274_c2_grm_std_uni,1,6.295948505401611,-5.062018394470215,1
Clemson-DND_p274_c2_grm_std_uni,1,6.478043079376221,-5.35078763961792,1
Clemson-DND_p274_c2_grm_std_uni,1,6.179967403411865,-4.80276346206665,1
Clemson-DND_p274_c2_grm_std_uni,1,6.102619647979736,-4.532155513763428,1
Clemson-DND_p274_c2_grm_std_uni,1,6.297248363494873,-4.784790515899658,1
Clemson-DND_p274_c2_grm_std_uni,1,6.793693542480469,-5.392538070678711,1
Clemson-DND_p274_c2_grm_std_uni,1,7.091925144195557,-5.887949466705322,1
Clemson-DND_p274_c2_grm_std_uni,1,6.891313552856445,-6.127474308013916,1
Clemson-DND_p274_c2_grm_std_uni,1,6.828505992889404,-5.663697242736816,1
Clemson-DND_p274_c2_grm_std_uni,1,6.276819705963135,-4.8923845291137695,1
Clemson-DND_p274_c2_grm_std_uni,1,6.226649761199951,-4.849123954772949,1
Clemson-DND_p274_c2_grm_std_uni,1,6.734694480895996,-5.5478668212890625,1
Clemson-DND_p274_c2_grm_std_uni,1,7.4061713218688965,-6.013510704040527,1
Clemson-DND_p274_c2_grm_std_uni,1,7.697756767272949,-6.252812385559082,1
Clemson-DND_p274_c2_grm_std_uni,1,7.6183905601501465,-6.3877034187316895,1
Clemson-DND_p274_c2_grm_std_uni,1,6.172007083892822,-4.90639066696167,1
Clemson-DND_p274_c2_grm_std_uni,1,5.376876354217529,-3.962873935699463,1
Clemson-DND_p274_c2_grm_std_uni,1,5.765685558319092,-4.275445938110352,1
Clemson-DND_p274_c2_grm_std_uni,1,5.516425132751465,-4.12654447555542,1
Clemson-DND_p274_c2_grm_std_uni,1,5.9967360496521,-4.455043315887451,1
Clemson-DND_p274_c2_grm_std_uni,1,6.388542175292969,-4.81705904006958,1
Clemson-DND_p274_c2_grm_std_uni,1,6.804174900054932,-5.11469030380249,1
Clemson-DND_p274_c2_grm_std_uni,1,6.025357723236084,-4.3973541259765625,1
Clemson-DND_p274_c2_grm_std_uni,1,5.557507514953613,-3.9653735160827637,1
Clemson-DND_p274_c2_grm_std_uni,1,5.287964820861816,-3.6559576988220215,1
Clemson-DND_p274_c2_grm_std_uni,1,5.950430870056152,-4.376202583312988,1
Clemson-DND_p274_c2_grm_std_uni,1,6.150596618652344,-4.861004829406738,1
Clemson-DND_p274_c2_grm_std_uni,1,5.991999626159668,-4.7471842765808105,1
Clemson-DND_p274_c2_grm_std_uni,1,6.061680793762207,-4.715352535247803,1
Clemson-DND_p274_c2_grm_std_uni,1,6.941034317016602,-5.666893482208252,1
Clemson-DND_p274_c2_grm_std_uni,1,6.788609504699707,-5.587002754211426,1
Clemson-DND_p274_c2_grm_std_uni,1,6.202441215515137,-4.955268859863281,1
Clemson-DND_p274_c2_grm_std_uni,1,6.23685884475708,-4.928012371063232,1
Clemson-DND_p274_c2_grm_std_uni,1,6.13483190536499,-4.680209636688232,1
Clemson-DND_p274_c2_grm_std_uni,1,5.804178714752197,-4.362884044647217,1
Clemson-DND_p274_c2_grm_std_uni,1,5.321096897125244,-3.8537662029266357,1
Clemson-DND_p274_c2_grm_std_uni,1,6.13109016418457,-4.524468898773193,1
Clemson-DND_p274_c2_grm_std_uni,1,6.6186676025390625,-5.067588806152344,1
Clemson-DND_p274_c2_grm_std_uni,1,6.56312894821167,-5.018582344055176,1
Clemson-DND_p274_c2_grm_std_uni,1,6.6816887855529785,-5.108949184417725,1
Clemson-DND_p274_c2_grm_std_uni,1,7.28606653213501,-5.851701259613037,1
Clemson-DND_p274_c2_grm_std_uni,1,7.4668097496032715,-6.205215930938721,1
Clemson-DND_p274_c2_grm_std_uni,1,6.850646018981934,-5.905100345611572,1
Clemson-DND_p274_c2_grm_std_uni,1,6.420460224151611,-5.456244468688965,1
Clemson-DND_p274_c2_grm_std_uni,1,6.201057434082031,-5.3182783126831055,1
Clemson-DND_p274_c2_grm_std_uni,1,6.139964580535889,-5.2549262046813965,1
Clemson-DND_p274_c2_grm_std_uni,1,6.3084564208984375,-5.206453800201416,1
Clemson-DND_p274_c2_grm_std_uni,1,5.914747714996338,-4.9290361404418945,1
Clemson-DND_p274_c2_grm_std_uni,1,6.002882480621338,-5.260025501251221,1
Clemson-DND_p274_c2_grm_std_uni,1,5.6906633377075195,-4.672935962677002,1
Clemson-DND_p274_c2_grm_std_uni,1,5.425165176391602,-3.7535412311553955,1
Clemson-DND_p274_c2_grm_std_uni,1,5.732251167297363,-3.726938486099243,1
Clemson-DND_p274_c2_grm_std_uni,1,5.409979343414307,-3.701601505279541,1
Clemson-DND_p274_c2_grm_std_uni,1,4.8550543785095215,-3.7510664463043213,1
Clemson-DND_p274_c2_grm_std_uni,1,4.450424671173096,-3.416424512863159,1
Clemson-DND_p274_c2_grm_std_uni,1,4.928139686584473,-3.9965333938598633,1
Clemson-DND_p274_c2_grm_std_uni,1,5.5762128829956055,-4.265842914581299,1
Clemson-DND_p274_c2_grm_std_uni,1,6.092703342437744,-4.7729363441467285,1
Clemson-DND_p274_c2_grm_std_uni,1,6.22836446762085,-4.856980800628662,1
Clemson-DND_p274_c2_grm_std_uni,1,6.021033763885498,-4.39986515045166,1
Clemson-DND_p274_c2_grm_std_uni,1,5.994446277618408,-4.33113431930542,1
Clemson-DND_p274_c2_grm_std_uni,1,6.2296977043151855,-4.572734355926514,1
Clemson-DND_p274_c2_grm_std_uni,1,6.196793079376221,-4.536288261413574,1
Clemson-DND_p274_c2_grm_std_uni,1,6.215397357940674,-4.42334508895874,1
Clemson-DND_p274_c2_grm_std_uni,1,6.230058193206787,-4.501130104064941,1
Clemson-DND_p274_c2_grm_std_uni,1,6.4836578369140625,-5.060121536254883,1
Clemson-DND_p274_c2_grm_std_uni,1,6.521169185638428,-5.110954284667969,1
Clemson-DND_p274_c2_grm_std_uni,1,6.224323749542236,-4.647374629974365,1
Clemson-DND_p274_c2_grm_std_uni,1,6.084042549133301,-4.514708518981934,1
Clemson-DND_p274_c2_grm_std_uni,1,5.948391437530518,-4.296787738800049,1
Clemson-DND_p274_c2_grm_std_uni,1,5.7333664894104,-3.774768114089966,1
Clemson-DND_p274_c2_grm_std_uni,1,5.783658504486084,-3.7556962966918945,1
Clemson-DND_p274_c2_grm_std_uni,1,5.757688045501709,-3.7748396396636963,1
Clemson-DND_p274_c2_grm_std_uni,1,6.169313907623291,-4.580319404602051,1
Clemson-DND_p274_c2_grm_std_uni,1,6.218995571136475,-4.649627685546875,1
Clemson-DND_p274_c2_grm_std_uni,1,6.201658725738525,-4.643226146697998,1
Clemson-DND_p274_c2_grm_std_uni,1,6.032263278961182,-4.040163516998291,1
Clemson-DND_p274_c2_grm_std_uni,1,5.81437873840332,-3.8756155967712402,1
Clemson-DND_p274_c2_grm_std_uni,1,5.206940174102783,-2.9375593662261963,1
Clemson-DND_p274_c2_grm_std_uni,1,4.966636657714844,-3.368985652923584,1
Clemson-DND_p274_c2_grm_std_uni,1,4.61522912979126,-3.003418445587158,1
Clemson-DND_p274_c2_grm_std_uni,1,4.82259464263916,-3.3760976791381836,1
Clemson-DND_p274_c2_grm_std_uni,1,5.105763912200928,-3.5803985595703125,1
Clemson-DND_p274_c2_grm_std_uni,1,5.042298316955566,-3.5736632347106934,1
Clemson-DND_p274_c2_grm_std_uni,1,5.0618133544921875,-3.515383005142212,1
Clemson-DND_p274_c2_grm_std_uni,1,5.068676471710205,-3.472316026687622,1
Clemson-DND_p274_c2_grm_std_uni,1,5.133021831512451,-3.4915735721588135,1
Clemson-DND_p274_c2_grm_std_uni,1,5.255609512329102,-3.7344582080841064,1
Clemson-DND_p274_c2_grm_std_uni,1,5.571300029754639,-4.161231517791748,1
Clemson-DND_p274_c2_grm_std_uni,1,5.882665634155273,-4.62786340713501,1
Clemson-DND_p274_c2_grm_std_uni,1,5.949315071105957,-4.8914055824279785,1
Clemson-DND_p274_c2_grm_std_uni,1,5.696083068847656,-4.810513496398926,1
Clemson-DND_p274_c2_grm_std_uni,1,5.359617710113525,-4.374091625213623,1
Clemson-DND_p274_c2_grm_std_uni,1,5.029581546783447,-3.2061314582824707,1
Clemson-DND_p274_c2_grm_std_uni,1,5.116648197174072,-3.3935465812683105,1
Clemson-DND_p274_c2_grm_std_uni,1,4.938462257385254,-2.88960862159729,1
Clemson-DND_p274_c2_grm_std_uni,1,4.701799392700195,-3.4596307277679443,1
Clemson-DND_p274_c2_grm_std_uni,1,4.748089790344238,-3.4668023586273193,1
Clemson-DND_p274_c2_grm_std_uni,1,5.079395771026611,-3.791921377182007,1
Clemson-DND_p274_c2_grm_std_uni,1,5.374509334564209,-4.102489471435547,1
Clemson-DND_p274_c2_grm_std_uni,1,5.421627998352051,-4.253369331359863,1
Clemson-DND_p274_c2_grm_std_uni,1,4.576977252960205,-3.761960506439209,1
Clemson-DND_p274_c2_grm_std_uni,1,4.8455491065979,-3.618483781814575,1
Clemson-DND_p274_c2_grm_std_uni,1,4.386434078216553,-2.921234607696533,1
Clemson-DND_p274_c2_grm_std_uni,1,4.753661155700684,-3.692805528640747,1
Clemson-DND_p274_c2_grm_std_uni,1,4.898282527923584,-3.9246139526367188,1
Clemson-DND_p274_c2_grm_std_uni,1,5.672651767730713,-4.503331184387207,1
Clemson-DND_p274_c2_grm_std_uni,1,5.229063034057617,-4.296656608581543,1
Clemson-DND_p274_c2_grm_std_uni,1,5.351949691772461,-4.5148797035217285,1
Clemson-DND_p274_c2_grm_std_uni,1,5.584790229797363,-4.676819801330566,1
Clemson-DND_p274_c2_grm_std_uni,1,5.5491862297058105,-4.442958354949951,1
Clemson-DND_p274_c2_grm_std_uni,1,5.850947856903076,-4.502572059631348,1
Clemson-DND_p274_c2_grm_std_uni,1,5.657888412475586,-4.404212474822998,1
Clemson-DND_p274_c2_grm_std_uni,1,5.546072006225586,-4.164876937866211,1
Clemson-DND_p274_c2_grm_std_uni,1,5.290018558502197,-3.839709520339966,1
Clemson-DND_p274_c2_grm_std_uni,1,5.5376129150390625,-4.2915568351745605,1
Clemson-DND_p274_c2_grm_std_uni,1,4.229864597320557,-3.6506268978118896,1
Clemson-DND_p274_c2_grm_std_uni,1,4.65681266784668,-4.143397331237793,1
Clemson-DND_p274_c2_grm_std_uni,1,4.977564811706543,-4.371675491333008,1
Clemson-DND_p274_c2_grm_std_uni,1,5.50764799118042,-4.3358540534973145,1
Clemson-DND_p274_c2_grm_std_uni,1,4.935224533081055,-3.870607614517212,1
Clemson-DND_p274_c2_grm_std_uni,1,5.047674179077148,-4.0446696281433105,1
Clemson-DND_p274_c2_grm_std_uni,1,5.555636405944824,-4.783724784851074,1
Clemson-DND_p274_c2_grm_std_uni,1,5.731876850128174,-5.430911540985107,1
Clemson-DND_p274_c2_grm_std_uni,1,6.072503566741943,-5.73055362701416,1
Clemson-DND_p274_c2_grm_std_uni,1,6.273913860321045,-5.465003490447998,1
Clemson-DND_p274_c2_grm_std_uni,1,6.667142391204834,-6.05621862411499,1
Clemson-DND_p274_c2_grm_std_uni,1,6.701594829559326,-7.068360805511475,1
Clemson-DND_p274_c2_grm_std_uni,1,6.2125349044799805,-6.399758338928223,1
Clemson-DND_p274_c2_grm_std_uni,1,5.848452091217041,-5.311210632324219,1
Clemson-DND_p274_c2_grm_std_uni,1,5.843970775604248,-4.406181812286377,1
Clemson-DND_p274_c2_grm_std_uni,1,5.473097324371338,-4.096429347991943,1
Clemson-DND_p274_c2_grm_std_uni,1,4.657430171966553,-3.6224939823150635,1
Clemson-DND_p274_c2_grm_std_uni,1,3.460806369781494,-2.672370672225952,1
Clemson-DND_p274_c2_grm_std_uni,1,3.9188568592071533,-2.8732614517211914,1
Clemson-DND_p274_c2_grm_std_uni,1,4.899712562561035,-3.702894687652588,1
Clemson-DND_p274_c2_grm_std_uni,1,5.163139820098877,-4.018561363220215,1
Clemson-DND_p274_c2_grm_std_uni,1,5.5026164054870605,-4.226559162139893,1
Clemson-DND_p274_c2_grm_std_uni,1,5.842923641204834,-4.451622009277344,1
Clemson-DND_p274_c2_grm_std_uni,1,6.266496658325195,-5.0292840003967285,1
Clemson-DND_p274_c2_grm_std_uni,1,6.595668315887451,-5.370486259460449,1
Clemson-DND_p274_c2_grm_std_uni,1,6.64056396484375,-5.261134147644043,1
Clemson-DND_p274_c2_grm_std_uni,1,6.894590854644775,-5.341665744781494,1
Clemson-DND_p274_c2_grm_std_uni,1,7.126650810241699,-5.687154769897461,1
Clemson-DND_p274_c2_grm_std_uni,1,7.40841007232666,-6.204787731170654,1
Clemson-DND_p274_c2_grm_std_uni,1,7.390103340148926,-5.920368671417236,1
Clemson-DND_p274_c2_grm_std_uni,1,7.3570380210876465,-5.818611145019531,1
Clemson-DND_p274_c2_grm_std_uni,1,7.209882736206055,-5.519026279449463,1
Clemson-DND_p274_c2_grm_std_uni,1,6.7187676429748535,-5.155943393707275,1
Clemson-DND_p274_c2_grm_std_uni,1,7.1346917152404785,-5.184635639190674,1
Clemson-DND_p274_c2_grm_std_uni,1,7.3810715675354,-5.409128665924072,1
Clemson-DND_p274_c2_grm_std_uni,1,7.1466898918151855,-5.574551582336426,1
Clemson-DND_p274_c2_grm_std_uni,1,6.7119903564453125,-4.997158527374268,1
Clemson-DND_p274_c2_grm_std_uni,1,6.354498863220215,-4.077775478363037,1
Clemson-DND_p274_c2_grm_std_uni,1,5.924116611480713,-3.850085973739624,1
Clemson-DND_p274_c2_grm_std_uni,1,5.455879211425781,-3.851314067840576,1
Clemson-DND_p274_c2_grm_std_uni,1,5.624061584472656,-3.9486358165740967,1
Clemson-DND_p274_c2_grm_std_uni,1,5.630174160003662,-3.9955801963806152,1
Clemson-DND_p274_c2_grm_std_uni,1,6.382246017456055,-4.513699531555176,1
Clemson-DND_p274_c2_grm_std_uni,1,6.633860111236572,-4.8278985023498535,1
Clemson-DND_p274_c2_grm_std_uni,1,6.5928263664245605,-4.808815002441406,1
Clemson-DND_p274_c2_grm_std_uni,1,6.896925449371338,-5.055791854858398,1
Clemson-DND_p274_c2_grm_std_uni,1,6.791157245635986,-5.2649149894714355,1
Clemson-DND_p274_c2_grm_std_uni,1,6.468168258666992,-5.145227432250977,1
Clemson-DND_p274_c2_grm_std_uni,1,6.351502895355225,-5.107884407043457,1
Clemson-DND_p274_c2_grm_std_uni,1,6.331099510192871,-5.150757312774658,1
Clemson-DND_p274_c2_grm_std_uni,1,6.33842134475708,-5.14962100982666,1
Clemson-DND_p274_c2_grm_std_uni,1,6.214808940887451,-4.652106761932373,1
Clemson-DND_p274_c2_grm_std_uni,1,5.703122615814209,-3.914431095123291,1
Clemson-DND_p274_c2_grm_std_uni,1,5.787621021270752,-3.912095308303833,1
Clemson-DND_p274_c2_grm_std_uni,1,5.779061794281006,-3.8499155044555664,1
Clemson-DND_p274_c2_grm_std_uni,1,5.714492321014404,-3.8561036586761475,1
Clemson-DND_p274_c2_grm_std_uni,1,6.028099536895752,-4.551690101623535,1
Clemson-DND_p274_c2_grm_std_uni,1,6.100008010864258,-4.698443412780762,1
Clemson-DND_p274_c2_grm_std_uni,1,5.881112098693848,-4.3844122886657715,1
Clemson-DND_p274_c2_grm_std_uni,1,5.745296001434326,-4.269599437713623,1
Clemson-DND_p274_c2_grm_std_uni,1,5.622657299041748,-3.9861690998077393,1
Clemson-DND_p274_c2_grm_std_uni,1,5.468924045562744,-3.8087098598480225,1
Clemson-DND_p274_c2_grm_std_uni,1,5.368841171264648,-3.7953264713287354,1
Clemson-DND_p274_c2_grm_std_uni,1,5.398940563201904,-3.7946622371673584,1
Clemson-DND_p274_c2_grm_std_uni,1,5.210781574249268,-3.55926251411438,1
Clemson-DND_p274_c2_grm_std_uni,1,5.161274433135986,-3.519350290298462,1
Clemson-DND_p274_c2_grm_std_uni,1,5.142524242401123,-3.5028388500213623,1
Clemson-DND_p274_c2_grm_std_uni,1,5.35908842086792,-3.609876871109009,1
Clemson-DND_p274_c2_grm_std_uni,1,5.496971130371094,-3.8538146018981934,1
Clemson-DND_p274_c2_grm_std_uni,1,5.762268543243408,-4.391211986541748,1
Clemson-DND_p274_c2_grm_std_uni,1,5.91900110244751,-4.626953601837158,1
Clemson-DND_p274_c2_grm_std_uni,1,5.999764442443848,-4.75573205947876,1
Clemson-DND_p274_c2_grm_std_uni,1,5.828348159790039,-4.522292613983154,1
Clemson-DND_p274_c2_grm_std_uni,1,5.960637092590332,-4.460572242736816,1
Clemson-DND_p274_c2_grm_std_uni,1,6.425929546356201,-5.163203716278076,1
Clemson-DND_p274_c2_grm_std_uni,1,6.6934380531311035,-5.491124153137207,1
Clemson-DND_p274_c2_grm_std_uni,1,6.847334861755371,-6.319243431091309,1
Clemson-DND_p274_c2_grm_std_uni,1,6.3143630027771,-6.545251369476318,1
Clemson-DND_p274_c2_grm_std_uni,1,6.546006679534912,-6.040187358856201,1
Clemson-DND_p274_c2_grm_std_uni,1,6.351534843444824,-5.155209064483643,1
Clemson-DND_p274_c2_grm_std_uni,1,5.5830535888671875,-4.211972236633301,1
Clemson-DND_p274_c2_grm_std_uni,1,5.111296653747559,-3.8900225162506104,1
Clemson-DND_p274_c2_grm_std_uni,1,4.871056079864502,-3.8134334087371826,1
Clemson-DND_p274_c2_grm_std_uni,1,4.8373823165893555,-3.736361503601074,1
Clemson-DND_p274_c2_grm_std_uni,1,5.004274845123291,-3.983957529067993,1
Clemson-DND_p274_c2_grm_std_uni,1,5.208287239074707,-4.147326469421387,1
Clemson-DND_p274_c2_grm_std_uni,1,5.418121337890625,-4.369888782501221,1
Clemson-DND_p274_c2_grm_std_uni,1,5.5508952140808105,-4.389936923980713,1
Clemson-DND_p274_c2_grm_std_uni,1,6.0144944190979,-4.909203052520752,1
Clemson-DND_p274_c2_grm_std_uni,1,6.64478063583374,-5.590872287750244,1
Clemson-DND_p274_c2_grm_std_uni,1,7.196103572845459,-6.294893741607666,1
Clemson-DND_p274_c2_grm_std_uni,1,7.189161777496338,-6.950377464294434,1
Clemson-DND_p274_c2_grm_std_uni,1,6.53624963760376,-6.027353286743164,1
Clemson-DND_p274_c2_grm_std_uni,1,6.096396446228027,-5.015298366546631,1
Clemson-DND_p274_c2_grm_std_uni,1,5.705624103546143,-4.521134376525879,1
Clemson-DND_p274_c2_grm_std_uni,1,5.148179531097412,-4.163688659667969,1
Clemson-DND_p274_c2_grm_std_uni,1,5.175785541534424,-4.216253280639648,1
Clemson-DND_p274_c2_grm_std_uni,1,5.1760358810424805,-4.180476188659668,1
Clemson-DND_p274_c2_grm_std_uni,1,5.269987106323242,-4.362868309020996,1
Clemson-DND_p274_c2_grm_std_uni,1,5.397132873535156,-4.602396488189697,1
Clemson-DND_p274_c2_grm_std_uni,1,6.055014610290527,-5.076435565948486,1
Clemson-DND_p274_c2_grm_std_uni,1,6.43360710144043,-4.976161003112793,1
Clemson-DND_p274_c2_grm_std_uni,1,7.083456516265869,-5.425657272338867,1
Clemson-DND_p274_c2_grm_std_uni,1,6.808501243591309,-5.204206943511963,1
Clemson-DND_p274_c2_grm_std_uni,1,6.64713191986084,-5.075150012969971,1
Clemson-DND_p274_c2_grm_std_uni,1,5.679609775543213,-4.467068195343018,1
Clemson-DND_p274_c2_grm_std_uni,1,5.295844078063965,-4.036774158477783,1
Clemson-DND_p274_c2_grm_std_uni,1,5.165146350860596,-3.730966091156006,1
Clemson-DND_p274_c2_grm_std_uni,1,4.910675048828125,-3.557631731033325,1
Clemson-DND_p274_c2_grm_std_uni,1,5.042208671569824,-3.7307488918304443,1
Clemson-DND_p274_c2_grm_std_uni,1,5.5457282066345215,-4.2852277755737305,1
Clemson-DND_p274_c2_grm_std_uni,1,5.847891807556152,-4.559150695800781,1
Clemson-DND_p274_c2_grm_std_uni,1,6.1466450691223145,-4.85076904296875,1
Clemson-DND_p274_c2_grm_std_uni,1,6.1538405418396,-5.04317045211792,1
Clemson-DND_p274_c2_grm_std_uni,1,5.8691725730896,-4.7792181968688965,1
Clemson-DND_p274_c2_grm_std_uni,1,4.923815727233887,-3.6757211685180664,1
Clemson-DND_p274_c2_grm_std_uni,1,4.294783115386963,-3.374645948410034,1
Clemson-DND_p274_c2_grm_std_uni,1,4.792038917541504,-4.010705947875977,1
Clemson-DND_p274_c2_grm_std_uni,1,4.843263626098633,-3.988414764404297,1
Clemson-DND_p274_c2_grm_std_uni,1,4.922463417053223,-4.049831867218018,1
Clemson-DND_p274_c2_grm_std_uni,1,5.133808612823486,-3.8941149711608887,1
Clemson-DND_p274_c2_grm_std_uni,1,4.773609638214111,-3.3197038173675537,1
Clemson-DND_p274_c2_grm_std_uni,1,4.641224384307861,-3.1965839862823486,1
Clemson-DND_p274_c2_grm_std_uni,1,4.533956527709961,-2.953996419906616,1
Clemson-DND_p274_c2_grm_std_uni,1,4.619957447052002,-3.1908159255981445,1
Clemson-DND_p274_c2_grm_std_uni,1,4.132135391235352,-3.4482996463775635,1
Clemson-DND_p274_c2_grm_std_uni,1,4.469742298126221,-3.9220430850982666,1
Clemson-DND_p274_c2_grm_std_uni,1,5.005384922027588,-3.955280303955078,1
Clemson-DND_p274_c2_grm_std_uni,1,4.9939093589782715,-3.9583191871643066,1
Clemson-DND_p274_c2_grm_std_uni,1,5.096397876739502,-3.971191644668579,1
Clemson-DND_p274_c2_grm_std_uni,1,6.211035251617432,-4.491743564605713,1
Clemson-DND_p274_c2_grm_std_uni,1,6.378836154937744,-4.833261489868164,1
Clemson-DND_p274_c2_grm_std_uni,1,6.529782772064209,-4.936675071716309,1
Clemson-DND_p274_c2_grm_std_uni,1,5.935120105743408,-4.322968006134033,1
Clemson-DND_p274_c2_grm_std_uni,1,5.830089092254639,-4.282690048217773,1
Clemson-DND_p274_c2_grm_std_uni,1,5.702511787414551,-3.9693100452423096,1
Clemson-DND_p274_c2_grm_std_uni,1,4.659466743469238,-3.5549192428588867,1
Clemson-DND_p274_c2_grm_std_uni,1,4.896928787231445,-3.2913784980773926,1
Clemson-DND_p274_c2_grm_std_uni,1,4.341923236846924,-2.906825065612793,1
Clemson-DND_p274_c2_grm_std_uni,1,4.366225719451904,-2.99282169342041,1
Clemson-DND_p274_c2_grm_std_uni,1,4.925206184387207,-3.895430088043213,1
Clemson-DND_p274_c2_grm_std_uni,1,5.175120830535889,-4.253962993621826,1
Clemson-DND_p274_c2_grm_std_uni,1,5.6453022956848145,-4.200454235076904,1
Clemson-DND_p274_c2_grm_std_uni,1,5.727620601654053,-4.40806245803833,1
Clemson-DND_p274_c2_grm_std_uni,1,5.372454643249512,-4.180790424346924,1
Clemson-DND_p274_c2_grm_std_uni,1,6.217658042907715,-4.997385025024414,1
Clemson-DND_p274_c2_grm_std_uni,1,6.421994686126709,-5.178762912750244,1
Clemson-DND_p274_c2_grm_std_uni,1,6.814733982086182,-5.49246883392334,1
Clemson-DND_p274_c2_grm_std_uni,1,6.553465366363525,-5.019538879394531,1
Clemson-DND_p274_c2_grm_std_uni,1,6.382424354553223,-4.870526313781738,1
Clemson-DND_p274_c2_grm_std_uni,1,5.937816143035889,-4.221650123596191,1
Clemson-DND_p274_c2_grm_std_uni,1,5.320409297943115,-3.348799467086792,1
Clemson-DND_p274_c2_grm_std_uni,1,5.026694297790527,-3.213778257369995,1
Clemson-DND_p274_c2_grm_std_uni,1,5.129713535308838,-3.8412716388702393,1
Clemson-DND_p274_c2_grm_std_uni,1,5.131600379943848,-3.6925361156463623,1
Clemson-DND_p274_c2_grm_std_uni,1,5.458828449249268,-4.069495677947998,1
Clemson-DND_p274_c2_grm_std_uni,1,6.111145496368408,-4.804056644439697,1
Clemson-DND_p274_c2_grm_std_uni,1,6.239172458648682,-4.855270862579346,1
Clemson-DND_p274_c2_grm_std_uni,1,6.2852277755737305,-4.774497032165527,1
Clemson-DND_p274_c2_grm_std_uni,1,5.98318338394165,-4.227457046508789,1
Clemson-DND_p274_c2_grm_std_uni,1,5.62167501449585,-4.100704669952393,1
Clemson-DND_p274_c2_grm_std_uni,1,5.729223251342773,-4.373603343963623,1
Clemson-DND_p274_c2_grm_std_uni,1,5.6411285400390625,-4.3922648429870605,1
Clemson-DND_p274_c2_grm_std_uni,1,5.813471794128418,-4.75279426574707,1
Clemson-DND_p274_c2_grm_std_uni,1,6.009627342224121,-4.661192893981934,1
Clemson-DND_p274_c2_grm_std_uni,1,5.8331193923950195,-3.824185848236084,1
Clemson-DND_p274_c2_grm_std_uni,1,5.580504894256592,-3.705451011657715,1
Clemson-DND_p274_c2_grm_std_uni,1,5.486969947814941,-4.057755947113037,1
Clemson-DND_p274_c2_grm_std_uni,1,5.425014019012451,-4.10183048248291,1
Clemson-DND_p274_c2_grm_std_uni,1,5.3981709480285645,-4.294878005981445,1
Clemson-DND_p274_c2_grm_std_uni,1,5.772654056549072,-4.520469665527344,1
Clemson-DND_p274_c2_grm_std_uni,1,6.013855457305908,-4.643838405609131,1
Clemson-DND_p274_c2_grm_std_uni,1,6.240419864654541,-4.862848281860352,1
Clemson-DND_p274_c2_grm_std_uni,1,6.021521091461182,-4.645608425140381,1
Clemson-DND_p274_c2_grm_std_uni,1,6.1935529708862305,-4.823754787445068,1
Clemson-DND_p274_c2_grm_std_uni,1,5.922430992126465,-4.578364849090576,1
Clemson-DND_p274_c2_grm_std_uni,1,5.429448127746582,-4.029842853546143,1
Clemson-DND_p274_c2_grm_std_uni,1,5.092705726623535,-3.7395224571228027,1
Clemson-DND_p274_c2_grm_std_uni,1,5.547027111053467,-4.361449241638184,1
Clemson-DND_p274_c2_grm_std_uni,1,5.74724817276001,-4.757849216461182,1
Clemson-DND_p274_c2_grm_std_uni,1,5.821038246154785,-4.818214416503906,1
Clemson-DND_p274_c2_grm_std_uni,1,5.636839866638184,-4.260651588439941,1
Clemson-DND_p274_c2_grm_std_uni,1,5.64103889465332,-4.242725849151611,1
Clemson-DND_p274_c2_grm_std_uni,1,5.5301642417907715,-4.122373580932617,1
Clemson-DND_p274_c2_grm_std_uni,1,5.664900302886963,-4.253556251525879,1
Clemson-DND_p274_c2_grm_std_uni,1,5.824572563171387,-4.44838809967041,1
Clemson-DND_p274_c2_grm_std_uni,1,5.954651832580566,-4.655402660369873,1
Clemson-DND_p274_c2_grm_std_uni,1,6.418363571166992,-5.15652322769165,1
Clemson-DND_p274_c2_grm_std_uni,1,6.465731143951416,-5.108874320983887,1
Clemson-DND_p274_c2_grm_std_uni,1,6.675922870635986,-5.400515556335449,1
Clemson-DND_p274_c2_grm_std_uni,1,6.513810634613037,-5.626470565795898,1
Clemson-DND_p274_c2_grm_std_uni,1,6.241049289703369,-4.831711769104004,1
Clemson-DND_p274_c2_grm_std_uni,1,5.556315898895264,-4.3255205154418945,1
Clemson-DND_p274_c2_grm_std_uni,1,5.23908805847168,-4.122373104095459,1
Clemson-DND_p274_c2_grm_std_uni,1,5.109465599060059,-3.8045730590820312,1
Clemson-DND_p274_c2_grm_std_uni,1,4.232260227203369,-2.9352898597717285,1
Clemson-DND_p274_c2_grm_std_uni,1,4.837498664855957,-3.601062774658203,1
Clemson-DND_p274_c2_grm_std_uni,1,4.324791431427002,-2.8971216678619385,1
Clemson-DND_p274_c2_grm_std_uni,1,4.647892475128174,-2.905683994293213,1
Clemson-DND_p274_c2_grm_std_uni,1,5.0345306396484375,-3.611842632293701,1
Clemson-DND_p274_c2_grm_std_uni,1,4.115467548370361,-3.3231027126312256,1
Clemson-DND_p274_c2_grm_std_uni,1,5.2557878494262695,-4.271744251251221,1
Clemson-DND_p274_c2_grm_std_uni,1,5.664923667907715,-4.543942451477051,1
Clemson-DND_p274_c2_grm_std_uni,1,5.87424898147583,-4.698187828063965,1
Clemson-DND_p274_c2_grm_std_uni,1,6.01335334777832,-4.72524881362915,1
Clemson-DND_p274_c2_grm_std_uni,1,5.895351886749268,-4.823231220245361,1
Clemson-DND_p274_c2_grm_std_uni,1,5.63176965713501,-4.559566020965576,1
Clemson-DND_p274_c2_grm_std_uni,1,5.59997034072876,-4.603539943695068,1
Clemson-DND_p274_c2_grm_std_uni,1,6.054050922393799,-4.892691135406494,1
Clemson-DND_p274_c2_grm_std_uni,1,6.44429874420166,-4.995201587677002,1
Clemson-DND_p274_c2_grm_std_uni,1,6.315003395080566,-4.879210948944092,1
Clemson-DND_p274_c2_grm_std_uni,1,6.434127330780029,-5.014379024505615,1
Clemson-DND_p274_c2_grm_std_uni,1,6.928508281707764,-5.3583784103393555,1
Clemson-DND_p274_c2_grm_std_uni,1,6.945556163787842,-5.406060218811035,1
Clemson-DND_p274_c2_grm_std_uni,1,6.955122470855713,-5.255247116088867,1
Clemson-DND_p274_c2_grm_std_uni,1,7.051755428314209,-5.190539360046387,1
Clemson-DND_p274_c2_grm_std_uni,1,6.902804851531982,-5.1151862144470215,1
Clemson-DND_p274_c2_grm_std_uni,1,6.749024868011475,-4.964140892028809,1
Clemson-DND_p274_c2_grm_std_uni,1,6.529496669769287,-4.935202121734619,1
Clemson-DND_p274_c2_grm_std_uni,1,6.460280895233154,-5.001831531524658,1
Clemson-DND_p274_c2_grm_std_uni,1,6.9175004959106445,-5.255607604980469,1
Clemson-DND_p274_c2_grm_std_uni,1,6.90702486038208,-4.985376834869385,1
Clemson-DND_p274_c2_grm_std_uni,1,6.65995979309082,-4.421516418457031,1
Clemson-DND_p274_c2_grm_std_uni,1,6.309863090515137,-4.200737476348877,1
Clemson-DND_p274_c2_grm_std_uni,1,6.201818943023682,-4.062078952789307,1
Clemson-DND_p274_c2_grm_std_uni,1,5.769496440887451,-4.087174892425537,1
Clemson-DND_p274_c2_grm_std_uni,1,5.857758522033691,-3.688528299331665,1
Clemson-DND_p274_c2_grm_std_uni,1,5.493156433105469,-3.5365688800811768,1
Clemson-DND_p274_c2_grm_std_uni,1,5.230945110321045,-3.279900550842285,1
Clemson-DND_p274_c2_grm_std_uni,1,5.3895583152771,-3.1049273014068604,1
Clemson-DND_p274_c2_grm_std_uni,1,5.159443378448486,-3.5151984691619873,1
Clemson-DND_p274_c2_grm_std_uni,1,5.020949840545654,-3.6565628051757812,1
Clemson-DND_p274_c2_grm_std_uni,1,5.043057441711426,-3.4795308113098145,1
Clemson-DND_p274_c2_grm_std_uni,1,5.771340847015381,-4.50054931640625,1
Clemson-DND_p274_c2_grm_std_uni,1,5.671307563781738,-4.120458602905273,1
Clemson-DND_p274_c2_grm_std_uni,1,5.855023384094238,-4.184111595153809,1
Clemson-DND_p274_c2_grm_std_uni,1,6.059826850891113,-4.178885459899902,1
Clemson-DND_p274_c2_grm_std_uni,1,6.024420261383057,-4.406941890716553,1
Clemson-DND_p274_c2_grm_std_uni,1,6.233953475952148,-4.729020118713379,1
Clemson-DND_p274_c2_grm_std_uni,1,6.377020835876465,-4.970459938049316,1
Clemson-DND_p274_c2_grm_std_uni,1,6.277673244476318,-5.021089553833008,1
Clemson-DND_p274_c2_grm_std_uni,1,5.812588691711426,-4.704065322875977,1
Clemson-DND_p274_c2_grm_std_uni,1,5.972272872924805,-4.48417329788208,1
Clemson-DND_p274_c2_grm_std_uni,1,6.293951988220215,-4.413980960845947,1
Clemson-DND_p274_c2_grm_std_uni,1,6.551946640014648,-4.831268310546875,1
Clemson-DND_p274_c2_grm_std_uni,1,6.56736946105957,-5.065603733062744,1
Clemson-DND_p274_c2_grm_std_uni,1,7.243738651275635,-6.2638349533081055,1
Clemson-DND_p274_c2_grm_std_uni,1,7.3741326332092285,-5.757041931152344,1
Clemson-DND_p274_c2_grm_std_uni,1,7.272735118865967,-5.699347496032715,1
Clemson-DND_p274_c2_grm_std_uni,1,8.388395309448242,-6.881598472595215,1
Clemson-DND_p274_c2_grm_std_uni,1,8.089590072631836,-6.556944847106934,1
Clemson-DND_p274_c2_grm_std_uni,1,7.340654373168945,-5.646516799926758,1
Clemson-DND_p274_c2_grm_std_uni,1,7.805915355682373,-6.173323631286621,1
Clemson-DND_p274_c2_grm_std_uni,1,8.191866874694824,-6.677724838256836,1
Clemson-DND_p274_c2_grm_std_uni,1,7.803275108337402,-6.269555568695068,1
Clemson-DND_p274_c2_grm_std_uni,1,7.100869655609131,-5.836585998535156,1
Clemson-DND_p274_c2_grm_std_uni,1,7.636490821838379,-6.720290184020996,1
Clemson-DND_p274_c2_grm_std_uni,1,7.116696834564209,-6.344038486480713,1
Clemson-DND_p274_c2_grm_std_uni,1,6.178857803344727,-5.454568386077881,1
Clemson-DND_p274_c2_grm_std_uni,1,5.198553085327148,-4.50892448425293,1
Clemson-DND_p274_c2_grm_std_uni,1,4.595615863800049,-4.049168109893799,1
Clemson-DND_p274_c2_grm_std_uni,1,3.835456132888794,-3.716181755065918,1
Clemson-DND_p274_c2_grm_std_uni,1,3.451591968536377,-3.7693123817443848,1
Clemson-DND_p274_c2_grm_std_uni,1,4.493597984313965,-4.971163749694824,1
Clemson-DND_p274_c2_grm_std_uni,1,5.4412407875061035,-5.895200729370117,1
Clemson-DND_p274_c2_grm_std_uni,1,5.454028606414795,-5.785412311553955,1
Clemson-DND_p274_c2_grm_std_uni,1,5.087594985961914,-5.270293712615967,1
Clemson-DND_p274_c2_grm_std_uni,1,3.4427216053009033,-3.835007667541504,1
Clemson-DND_p274_c2_grm_std_uni,1,2.677379846572876,-2.941668748855591,1
Clemson-DND_p274_c2_grm_std_uni,1,2.6946966648101807,-2.7750303745269775,1
Clemson-DND_p274_c2_grm_std_uni,1,3.447925567626953,-3.598808526992798,1
Clemson-DND_p274_c2_grm_std_uni,1,4.047799587249756,-4.662801742553711,1
Clemson-DND_p274_c2_grm_std_uni,1,4.124667167663574,-5.023464679718018,1
Clemson-DND_p274_c2_grm_std_uni,1,4.064148902893066,-5.188998222351074,1
Clemson-DND_p274_c2_grm_std_uni,1,3.610043525695801,-4.7026543617248535,1
Clemson-DND_p274_c2_grm_std_uni,1,4.199465751647949,-5.001856803894043,1
Clemson-DND_p274_c2_grm_std_uni,1,3.5620641708374023,-4.23523473739624,1
Clemson-DND_p274_c2_grm_std_uni,1,2.350433349609375,-3.2654964923858643,1
Clemson-DND_p274_c2_grm_std_uni,1,2.7360763549804688,-3.748295307159424,1
Clemson-DND_p274_c2_grm_std_uni,1,3.180462121963501,-3.9849843978881836,1
Clemson-DND_p274_c2_grm_std_uni,1,3.60673451423645,-4.289194583892822,1
Clemson-DND_p274_c2_grm_std_uni,1,4.006602764129639,-4.603724002838135,1
Clemson-DND_p274_c2_grm_std_uni,1,4.380980968475342,-5.044327735900879,1
Clemson-DND_p274_c2_grm_std_uni,1,4.808060169219971,-5.249387741088867,1
Clemson-DND_p274_c2_grm_std_uni,1,5.394093036651611,-5.536374092102051,1
Clemson-DND_p274_c2_grm_std_uni,1,5.799011707305908,-5.794177055358887,1
Clemson-DND_p274_c2_grm_std_uni,1,5.816630840301514,-5.5188164710998535,1
Clemson-DND_p274_c2_grm_std_uni,1,3.399789333343506,-3.591360569000244,1
Clemson-DND_p274_c2_grm_std_uni,1,3.2069404125213623,-3.4835383892059326,1
Clemson-DND_p274_c2_grm_std_uni,1,4.385094165802002,-4.657210826873779,1
Clemson-DND_p274_c2_grm_std_uni,1,3.4472908973693848,-3.648766279220581,1
Clemson-DND_p274_c2_grm_std_uni,1,2.2313308715820312,-2.3673503398895264,1
Clemson-DND_p274_c2_grm_std_uni,1,2.0903751850128174,-2.5181233882904053,1
Clemson-DND_p274_c2_grm_std_uni,1,3.6000185012817383,-4.5056281089782715,1
Clemson-DND_p274_c2_grm_std_uni,1,4.3541741371154785,-5.336071491241455,1
Clemson-DND_p274_c2_grm_std_uni,1,4.787580490112305,-5.589579105377197,1
Clemson-DND_p274_c2_grm_std_uni,1,4.946371555328369,-5.512320518493652,1
Clemson-DND_p274_c2_grm_std_uni,1,5.238950252532959,-5.655763149261475,1
Clemson-DND_p274_c2_grm_std_uni,1,4.524596214294434,-4.848374366760254,1
Clemson-DND_p274_c2_grm_std_uni,1,3.8888814449310303,-4.244302749633789,1
Clemson-DND_p274_c2_grm_std_uni,1,3.6099352836608887,-3.9811553955078125,1
Clemson-DND_p274_c2_grm_std_uni,1,2.3942794799804688,-2.8330273628234863,1
Clemson-DND_p274_c2_grm_std_uni,1,2.066361427307129,-2.5219345092773438,1
Clemson-DND_p274_c2_grm_std_uni,1,2.936835765838623,-3.433129072189331,1
Clemson-DND_p274_c2_grm_std_uni,1,4.274428367614746,-5.302602291107178,1
Clemson-DND_p274_c2_grm_std_uni,1,4.544000625610352,-5.356858253479004,1
Clemson-DND_p274_c2_grm_std_uni,1,4.759896755218506,-5.767512798309326,1
Clemson-DND_p274_c2_grm_std_uni,1,6.150168418884277,-6.825760841369629,1
Clemson-DND_p274_c2_grm_std_uni,1,6.6133012771606445,-7.4743146896362305,1
Clemson-DND_p274_c2_grm_std_uni,1,6.54616641998291,-6.401095390319824,1
Clemson-DND_p274_c2_grm_std_uni,1,5.917440414428711,-5.046258926391602,1
Clemson-DND_p274_c2_grm_std_uni,1,5.278355598449707,-4.412024021148682,1
Clemson-DND_p274_c2_grm_std_uni,1,4.780981063842773,-4.2895731925964355,1
Clemson-DND_p274_c2_grm_std_uni,1,4.136868953704834,-3.6379616260528564,1
Clemson-DND_p274_c2_grm_std_uni,1,3.977931022644043,-3.2764735221862793,1
Clemson-DND_p274_c2_grm_std_uni,1,4.072916030883789,-3.1979942321777344,1
Clemson-DND_p274_c2_grm_std_uni,1,5.164935111999512,-4.2673258781433105,1
Clemson-DND_p274_c2_grm_std_uni,1,5.9501848220825195,-4.941801071166992,1
Clemson-DND_p274_c2_grm_std_uni,1,6.220274448394775,-5.043975830078125,1
Clemson-DND_p274_c2_grm_std_uni,1,5.92882776260376,-4.613114356994629,1
Clemson-DND_p274_c2_grm_std_uni,1,5.920479774475098,-4.493218898773193,1
Clemson-DND_p274_c2_grm_std_uni,1,5.0606279373168945,-3.114069938659668,1
Clemson-DND_p274_c2_grm_std_uni,1,4.747981071472168,-3.0626821517944336,1
Clemson-DND_p274_c2_grm_std_uni,1,4.928286075592041,-2.9827237129211426,1
Clemson-DND_p274_c2_grm_std_uni,1,4.727360248565674,-3.4399707317352295,1
Clemson-DND_p274_c2_grm_std_uni,1,4.80906867980957,-3.3383615016937256,1
Clemson-DND_p274_c2_grm_std_uni,1,5.163614273071289,-3.8454668521881104,1
Clemson-DND_p274_c2_grm_std_uni,1,5.282661437988281,-4.077502250671387,1
Clemson-DND_p274_c2_grm_std_uni,1,5.600527763366699,-4.404971122741699,1
Clemson-DND_p274_c2_grm_std_uni,1,5.658082962036133,-4.631327152252197,1
Clemson-DND_p274_c2_grm_std_uni,1,5.862998962402344,-4.9391913414001465,1
Clemson-DND_p274_c2_grm_std_uni,1,5.7374114990234375,-4.952953815460205,1
Clemson-DND_p274_c2_grm_std_uni,1,5.812399387359619,-5.060731887817383,1
Clemson-DND_p274_c2_grm_std_uni,1,5.74653434753418,-5.032507419586182,1
Clemson-DND_p274_c2_grm_std_uni,1,5.277249813079834,-4.022584915161133,1
Clemson-DND_p274_c2_grm_std_uni,1,5.5515828132629395,-3.9739885330200195,1
Clemson-DND_p274_c2_grm_std_uni,1,5.55989408493042,-4.1116437911987305,1
Clemson-DND_p274_c2_grm_std_uni,1,5.903533935546875,-4.476696968078613,1
Clemson-DND_p274_c2_grm_std_uni,1,5.6445698738098145,-4.459969520568848,1
Clemson-DND_p274_c2_grm_std_uni,1,4.3768744468688965,-3.582484245300293,1
Clemson-DND_p274_c2_grm_std_uni,1,4.686423301696777,-3.991220712661743,1
Clemson-DND_p274_c2_grm_std_uni,1,4.92854118347168,-4.123985290527344,1
Clemson-DND_p274_c2_grm_std_uni,1,5.256222724914551,-4.218582630157471,1
Clemson-DND_p274_c2_grm_std_uni,1,5.184565544128418,-4.595292091369629,1
Clemson-DND_p274_c2_grm_std_uni,1,5.223657131195068,-4.0464558601379395,1
Clemson-DND_p274_c2_grm_std_uni,1,5.9259819984436035,-5.0766119956970215,1
Clemson-DND_p274_c2_grm_std_uni,1,5.179279804229736,-4.887797832489014,1
Clemson-DND_p274_c2_grm_std_uni,1,5.346319675445557,-5.280893325805664,1
Clemson-DND_p274_c2_grm_std_uni,1,5.606564998626709,-5.322691440582275,1
Clemson-DND_p274_c2_grm_std_uni,1,5.596643447875977,-5.77230167388916,1
Clemson-DND_p274_c2_grm_std_uni,1,6.052483558654785,-5.371481418609619,1
Clemson-DND_p274_c2_grm_std_uni,1,6.596086502075195,-5.602969169616699,1
Clemson-DND_p274_c2_grm_std_uni,2,7.311371803283691,-6.394683361053467,1
Clemson-DND_p274_c2_grm_std_uni,1,7.950994491577148,-7.195909023284912,1
Clemson-DND_p274_c2_grm_std_uni,1,7.796012878417969,-7.125360012054443,1
Clemson-DND_p274_c2_grm_std_uni,1,7.24749755859375,-6.853540897369385,1
Clemson-DND_p274_c2_grm_std_uni,1,6.368697643280029,-5.749496936798096,1
Clemson-DND_p274_c2_grm_std_uni,1,4.054955959320068,-3.7457196712493896,1
Clemson-DND_p274_c2_grm_std_uni,1,3.996678590774536,-3.7345666885375977,1
Clemson-DND_p274_c2_grm_std_uni,1,4.7350358963012695,-4.483974933624268,1
Clemson-DND_p274_c2_grm_std_uni,1,5.227910041809082,-5.072537899017334,1
Clemson-DND_p274_c2_grm_std_uni,1,6.352124214172363,-5.863955497741699,1
Clemson-DND_p274_c2_grm_std_uni,1,7.19705057144165,-6.271782398223877,1
Clemson-DND_p274_c2_grm_std_uni,1,8.070618629455566,-7.600783348083496,1
Clemson-DND_p274_c2_grm_std_uni,1,8.296653747558594,-8.23128890991211,1
Clemson-DND_p274_c2_grm_std_uni,1,7.472064018249512,-7.271706581115723,1
Clemson-DND_p274_c2_grm_std_uni,1,6.857800483703613,-6.4637627601623535,1
Clemson-DND_p274_c2_grm_std_uni,1,7.052203178405762,-6.431596755981445,1
Clemson-DND_p274_c2_grm_std_uni,1,6.933501720428467,-6.276121616363525,1
Clemson-DND_p274_c2_grm_std_uni,1,5.839991092681885,-5.551009654998779,1
Clemson-DND_p274_c2_grm_std_uni,1,4.928804397583008,-4.8762407302856445,1
Clemson-DND_p274_c2_grm_std_uni,1,5.1230573654174805,-5.024792194366455,1
Clemson-DND_p274_c2_grm_std_uni,1,5.637388706207275,-5.324339389801025,1
Clemson-DND_p274_c2_grm_std_uni,1,6.40736198425293,-6.050421714782715,1
Clemson-DND_p274_c2_grm_std_uni,1,6.418971061706543,-6.498933792114258,1
Clemson-DND_p274_c2_grm_std_uni,1,5.976593017578125,-6.428536415100098,1
Clemson-DND_p274_c2_grm_std_uni,1,5.481778621673584,-5.830307960510254,1
Clemson-DND_p274_c2_grm_std_uni,1,5.305777072906494,-5.4315595626831055,1
Clemson-DND_p274_c2_grm_std_uni,1,5.834203243255615,-5.51002311706543,1
Clemson-DND_p274_c2_grm_std_uni,1,6.107926368713379,-5.2968645095825195,1
Clemson-DND_p274_c2_grm_std_uni,1,6.395517349243164,-5.469996929168701,1
Clemson-DND_p274_c2_grm_std_uni,1,6.716459274291992,-5.793843746185303,1
Clemson-DND_p274_c2_grm_std_uni,1,6.9736714363098145,-6.078613758087158,1
Clemson-DND_p274_c2_grm_std_uni,1,7.208670616149902,-6.521570682525635,1
Clemson-DND_p274_c2_grm_std_uni,1,6.844306468963623,-6.440140724182129,1
Clemson-DND_p274_c2_grm_std_uni,1,6.407017230987549,-6.138370990753174,1
Clemson-DND_p274_c2_grm_std_uni,1,6.701005935668945,-6.274324417114258,1
Clemson-DND_p274_c2_grm_std_uni,1,7.161856651306152,-6.768968105316162,1
Clemson-DND_p274_c2_grm_std_uni,1,7.570234775543213,-7.516176700592041,1
Clemson-DND_p274_c2_grm_std_uni,2,6.72041130065918,-7.333635330200195,1
Clemson-DND_p274_c2_grm_std_uni,1,6.421534061431885,-5.85174036026001,1
Clemson-DND_p274_c2_grm_std_uni,1,5.819987773895264,-4.59981632232666,1
Clemson-DND_p274_c2_grm_std_uni,1,5.168440818786621,-3.940321922302246,1
Clemson-DND_p274_c2_grm_std_uni,1,4.288589000701904,-3.447470188140869,1
Clemson-DND_p274_c2_grm_std_uni,1,3.735440969467163,-3.089210033416748,1
Clemson-DND_p274_c2_grm_std_uni,1,3.8191866874694824,-2.521538734436035,1
Clemson-DND_p274_c2_grm_std_uni,1,4.079761981964111,-2.3307979106903076,1
Clemson-DND_p274_c2_grm_std_uni,1,5.170078754425049,-3.608285665512085,1
Clemson-DND_p274_c2_grm_std_uni,1,5.231271743774414,-4.394073963165283,1
Clemson-DND_p274_c2_grm_std_uni,1,5.460809230804443,-4.246580123901367,1
Clemson-DND_p274_c2_grm_std_uni,1,5.6444993019104,-4.149384498596191,1
Clemson-DND_p274_c2_grm_std_uni,1,5.801017761230469,-4.399158000946045,1
Clemson-DND_p274_c2_grm_std_uni,1,5.909785747528076,-4.727650165557861,1
Clemson-DND_p274_c2_grm_std_uni,1,5.889227390289307,-4.634620189666748,1
Clemson-DND_p274_c2_grm_std_uni,1,6.726180076599121,-5.4414143562316895,1
Clemson-DND_p274_c2_grm_std_uni,1,6.949170112609863,-5.534916400909424,1
Clemson-DND_p274_c2_grm_std_uni,1,7.172368049621582,-5.52006196975708,1
Clemson-DND_p274_c2_grm_std_uni,1,6.038002967834473,-4.2867536544799805,1
Clemson-DND_p274_c2_grm_std_uni,1,5.3934454917907715,-4.047722816467285,1
Clemson-DND_p274_c2_grm_std_uni,1,5.188839912414551,-3.8740997314453125,1
Clemson-DND_p274_c2_grm_std_uni,1,5.325706481933594,-3.878126859664917,1
Clemson-DND_p274_c2_grm_std_uni,1,5.755007743835449,-4.4202423095703125,1
Clemson-DND_p274_c2_grm_std_uni,1,5.708454608917236,-4.3533830642700195,1
Clemson-DND_p274_c2_grm_std_uni,1,5.2577104568481445,-4.0879435539245605,1
Clemson-DND_p274_c2_grm_std_uni,1,5.316771984100342,-4.193222522735596,1
Clemson-DND_p274_c2_grm_std_uni,1,4.8602094650268555,-3.991564989089966,1
Clemson-DND_p274_c2_grm_std_uni,1,5.758989334106445,-4.448132038116455,1
Clemson-DND_p274_c2_grm_std_uni,1,5.5784525871276855,-4.3668389320373535,1
Clemson-DND_p274_c2_grm_std_uni,1,4.94208288192749,-3.5113120079040527,1
Clemson-DND_p274_c2_grm_std_uni,1,5.180589199066162,-3.8536834716796875,1
Clemson-DND_p274_c2_grm_std_uni,1,5.23037576675415,-3.9421846866607666,1
Clemson-DND_p274_c2_grm_std_uni,1,5.698989391326904,-4.59343147277832,1
Clemson-DND_p274_c2_grm_std_uni,1,5.836939334869385,-4.672516345977783,1
Clemson-DND_p274_c2_grm_std_uni,1,5.573378086090088,-4.211008548736572,1
Clemson-DND_p274_c2_grm_std_uni,1,5.552037715911865,-4.120299816131592,1
Clemson-DND_p274_c2_grm_std_uni,1,5.425683498382568,-4.227482795715332,1
Clemson-DND_p274_c2_grm_std_uni,1,5.523691654205322,-3.7923192977905273,1
Clemson-DND_p274_c2_grm_std_uni,1,5.040153980255127,-2.921337127685547,1
Clemson-DND_p274_c2_grm_std_uni,1,4.869718551635742,-3.523508310317993,1
Clemson-DND_p274_c2_grm_std_uni,1,4.692583084106445,-3.3327882289886475,1
Clemson-DND_p274_c2_grm_std_uni,1,4.5467681884765625,-3.08327579498291,1
Clemson-DND_p274_c2_grm_std_uni,1,4.585604190826416,-3.2731754779815674,1
Clemson-DND_p274_c2_grm_std_uni,1,5.415277004241943,-3.9435338973999023,1
Clemson-DND_p274_c2_grm_std_uni,1,5.828408241271973,-4.760931968688965,1
Clemson-DND_p274_c2_grm_std_uni,1,5.453518867492676,-4.2989501953125,1
Clemson-DND_p274_c2_grm_std_uni,1,5.681538105010986,-4.806974411010742,1
Clemson-DND_p274_c2_grm_std_uni,1,6.339132785797119,-5.039039611816406,1
Clemson-DND_p274_c2_grm_std_uni,1,6.326940536499023,-4.823548316955566,1
Clemson-DND_p274_c2_grm_std_uni,1,6.427796363830566,-5.172064304351807,1
Clemson-DND_p274_c2_grm_std_uni,1,6.366831302642822,-5.04806661605835,1
Clemson-DND_p274_c2_grm_std_uni,1,6.677250385284424,-5.1544880867004395,1
Clemson-DND_p274_c2_grm_std_uni,1,6.921085834503174,-5.215673923492432,1
Clemson-DND_p274_c2_grm_std_uni,1,6.672154426574707,-4.909115791320801,1
Clemson-DND_p274_c2_grm_std_uni,1,6.117434978485107,-4.735422611236572,1
Clemson-DND_p274_c2_grm_std_uni,1,5.909300804138184,-4.399568557739258,1
Clemson-DND_p274_c2_grm_std_uni,1,5.957587718963623,-4.504812717437744,1
Clemson-DND_p274_c2_grm_std_uni,1,6.008225440979004,-3.8947227001190186,1
Clemson-DND_p274_c2_grm_std_uni,1,5.379872798919678,-3.5567946434020996,1
Clemson-DND_p274_c2_grm_std_uni,1,5.015076637268066,-3.4472711086273193,1
Clemson-DND_p274_c2_grm_std_uni,1,4.790009498596191,-3.473379611968994,1
Clemson-DND_p274_c2_grm_std_uni,1,5.119258403778076,-3.8516845703125,1
Clemson-DND_p274_c2_grm_std_uni,1,5.242775917053223,-4.208962917327881,1
Clemson-DND_p274_c2_grm_std_uni,1,5.1355204582214355,-3.92891001701355,1
Clemson-DND_p274_c2_grm_std_uni,1,5.083987712860107,-4.08760404586792,1
Clemson-DND_p274_c2_grm_std_uni,1,4.978433132171631,-3.734213352203369,1
Clemson-DND_p274_c2_grm_std_uni,1,5.346378803253174,-3.96008038520813,1
Clemson-DND_p274_c2_grm_std_uni,1,5.904746055603027,-4.718544006347656,1
Clemson-DND_p274_c2_grm_std_uni,1,5.270294189453125,-4.227190971374512,1
Clemson-DND_p274_c2_grm_std_uni,1,5.608835697174072,-4.639331340789795,1
Clemson-DND_p274_c2_grm_std_uni,1,5.880495548248291,-4.950103759765625,1
Clemson-DND_p274_c2_grm_std_uni,1,5.694716930389404,-4.4760050773620605,1
Clemson-DND_p274_c2_grm_std_uni,1,5.338328838348389,-4.281778812408447,1
Clemson-DND_p274_c2_grm_std_uni,1,4.889687538146973,-3.67350172996521,1
Clemson-DND_p274_c2_grm_std_uni,1,4.911439895629883,-3.4552841186523438,1
Clemson-DND_p274_c2_grm_std_uni,1,4.955737590789795,-3.773866891860962,1
Clemson-DND_p274_c2_grm_std_uni,1,5.075718879699707,-4.238926410675049,1
Clemson-DND_p274_c2_grm_std_uni,1,5.2246222496032715,-4.246792793273926,1
Clemson-DND_p274_c2_grm_std_uni,1,5.220236301422119,-4.330836772918701,1
Clemson-DND_p274_c2_grm_std_uni,1,5.303022384643555,-4.544901371002197,1
Clemson-DND_p274_c2_grm_std_uni,1,5.35482120513916,-4.646926403045654,1
Clemson-DND_p274_c2_grm_std_uni,1,5.505599021911621,-4.747361183166504,1
Clemson-DND_p274_c2_grm_std_uni,1,5.9325761795043945,-4.805903911590576,1
Clemson-DND_p274_c2_grm_std_uni,1,5.778509140014648,-4.847673416137695,1
Clemson-DND_p274_c2_grm_std_uni,1,6.192400932312012,-5.160384178161621,1
Clemson-DND_p274_c2_grm_std_uni,1,6.176321506500244,-5.217593669891357,1
Clemson-DND_p274_c2_grm_std_uni,1,6.347707271575928,-5.1352219581604,1
Clemson-DND_p274_c2_grm_std_uni,1,5.900703430175781,-4.621311664581299,1
Clemson-DND_p274_c2_grm_std_uni,1,5.222102165222168,-4.073350429534912,1
Clemson-DND_p274_c2_grm_std_uni,1,4.9105963706970215,-3.777310609817505,1
Clemson-DND_p274_c2_grm_std_uni,1,4.829444885253906,-3.589327096939087,1
Clemson-DND_p274_c2_grm_std_uni,1,4.724179267883301,-3.5690793991088867,1
Clemson-DND_p274_c2_grm_std_uni,1,4.856846332550049,-3.681178331375122,1
Clemson-DND_p274_c2_grm_std_uni,1,4.985776901245117,-3.672978639602661,1
Clemson-DND_p274_c2_grm_std_uni,1,4.089674949645996,-3.118152379989624,1
Clemson-DND_p274_c2_grm_std_uni,1,4.19320821762085,-3.0285444259643555,1
Clemson-DND_p274_c2_grm_std_uni,1,4.712134838104248,-3.2111175060272217,1
Clemson-DND_p274_c2_grm_std_uni,1,4.69350004196167,-3.5453977584838867,1
Clemson-DND_p274_c2_grm_std_uni,1,4.159663677215576,-3.3786797523498535,1
Clemson-DND_p274_c2_grm_std_uni,1,5.250741958618164,-4.387662887573242,1
Clemson-DND_p274_c2_grm_std_uni,1,5.097711563110352,-4.029428958892822,1
Clemson-DND_p274_c2_grm_std_uni,1,5.34996223449707,-3.996090888977051,1
Clemson-DND_p274_c2_grm_std_uni,1,5.364095211029053,-4.240021705627441,1
Clemson-DND_p274_c2_grm_std_uni,1,6.002261161804199,-4.76124906539917,1
Clemson-DND_p274_c2_grm_std_uni,1,6.401926040649414,-5.114487171173096,1
Clemson-DND_p274_c2_grm_std_uni,1,6.79863166809082,-5.353407382965088,1
Clemson-DND_p274_c2_grm_std_uni,1,6.065052509307861,-4.335647106170654,1
Clemson-DND_p274_c2_grm_std_uni,1,5.69525671005249,-3.7001004219055176,1
Clemson-DND_p274_c2_grm_std_uni,1,5.161921501159668,-3.408992052078247,1
Clemson-DND_p274_c2_grm_std_uni,1,4.839388847351074,-3.1177563667297363,1
Clemson-DND_p274_c2_grm_std_uni,1,5.354791641235352,-4.084987163543701,1
Clemson-DND_p274_c2_grm_std_uni,1,5.557855606079102,-4.279178142547607,1
Clemson-DND_p274_c2_grm_std_uni,1,5.845403671264648,-4.4781389236450195,1
Clemson-DND_p274_c2_grm_std_uni,1,5.545856952667236,-3.9634687900543213,1
Clemson-DND_p274_c2_grm_std_uni,1,5.0291876792907715,-3.989881753921509,1
Clemson-DND_p274_c2_grm_std_uni,1,5.31048059463501,-4.239043712615967,1
Clemson-DND_p274_c2_grm_std_uni,1,5.285213947296143,-4.394348621368408,1
Clemson-DND_p274_c2_grm_std_uni,1,5.353695869445801,-4.305524826049805,1
Clemson-DND_p274_c2_grm_std_uni,1,5.215085029602051,-4.349645137786865,1
Clemson-DND_p274_c2_grm_std_uni,1,5.377720355987549,-4.554263591766357,1
Clemson-DND_p274_c2_grm_std_uni,1,5.051069736480713,-4.188534736633301,1
Clemson-DND_p274_c2_grm_std_uni,1,5.917654037475586,-5.339930534362793,1
Clemson-DND_p274_c2_grm_std_uni,1,6.442328453063965,-5.821465492248535,1
Clemson-DND_p274_c2_grm_std_uni,1,6.450577735900879,-5.428542613983154,1
Clemson-DND_p274_c2_grm_std_uni,1,6.042396068572998,-5.051106929779053,1
Clemson-DND_p274_c2_grm_std_uni,1,5.772298336029053,-5.020736217498779,1
Clemson-DND_p274_c2_grm_std_uni,1,5.407861232757568,-4.618699550628662,1
Clemson-DND_p274_c2_grm_std_uni,1,5.30684757232666,-4.446970462799072,1
Clemson-DND_p274_c2_grm_std_uni,1,5.8552117347717285,-4.913791179656982,1
Clemson-DND_p274_c2_grm_std_uni,1,6.494784355163574,-5.472584247589111,1
Clemson-DND_p274_c2_grm_std_uni,1,6.158759117126465,-5.166240215301514,1
Clemson-DND_p274_c2_grm_std_uni,1,5.760817050933838,-4.806195259094238,1
Clemson-DND_p274_c2_grm_std_uni,1,5.623750686645508,-4.682065486907959,1
Clemson-DND_p274_c2_grm_std_uni,1,5.926146030426025,-4.938575267791748,1
Clemson-DND_p274_c2_grm_std_uni,1,6.597975254058838,-5.4705915451049805,1
Clemson-DND_p274_c2_grm_std_uni,1,6.915067672729492,-5.655837059020996,1
Clemson-DND_p274_c2_grm_std_uni,1,7.034242153167725,-5.854686260223389,1
Clemson-DND_p274_c2_grm_std_uni,1,6.6538166999816895,-5.46298885345459,1
Clemson-DND_p274_c2_grm_std_uni,1,5.894325256347656,-4.887334823608398,1
Clemson-DND_p274_c2_grm_std_uni,1,5.267572402954102,-4.439484119415283,1
Clemson-DND_p274_c2_grm_std_uni,1,5.848807334899902,-4.832016468048096,1
Clemson-DND_p274_c2_grm_std_uni,1,6.377502918243408,-5.1579060554504395,1
Clemson-DND_p274_c2_grm_std_uni,1,6.166917324066162,-4.992815017700195,1
Clemson-DND_p274_c2_grm_std_uni,1,4.474531173706055,-3.697160005569458,1
Clemson-DND_p274_c2_grm_std_uni,1,4.247095584869385,-3.5466997623443604,1
Clemson-DND_p274_c2_grm_std_uni,1,4.803342819213867,-3.9811887741088867,1
Clemson-DND_p274_c2_grm_std_uni,1,3.0942142009735107,-2.6265065670013428,1
Clemson-DND_p274_c2_grm_std_uni,1,3.4150454998016357,-2.506385564804077,1
Clemson-DND_p274_c2_grm_std_uni,1,3.2807531356811523,-2.1229636669158936,1
Clemson-DND_p274_c2_grm_std_uni,1,3.2460250854492188,-2.056896209716797,1
Clemson-DND_p274_c2_grm_std_uni,1,4.237786293029785,-2.9203951358795166,1
Clemson-DND_p274_c2_grm_std_uni,1,5.39042854309082,-4.289586067199707,1
Clemson-DND_p274_c2_grm_std_uni,1,6.560151100158691,-5.480958938598633,1
Clemson-DND_p274_c2_grm_std_uni,1,7.032996654510498,-5.61342716217041,1
Clemson-DND_p274_c2_grm_std_uni,1,7.520589351654053,-5.707899570465088,1
Clemson-DND_p274_c2_grm_std_uni,1,7.817257881164551,-5.7803192138671875,1
Clemson-DND_p274_c2_grm_std_uni,1,8.32077693939209,-6.4545578956604,1
Clemson-DND_p274_c2_grm_std_uni,1,7.840775966644287,-6.494162559509277,1
Clemson-DND_p274_c2_grm_std_uni,1,7.386099815368652,-6.197134494781494,1
Clemson-DND_p274_c2_grm_std_uni,1,6.538250923156738,-5.329366683959961,1
Clemson-DND_p274_c2_grm_std_uni,1,5.748618125915527,-4.086963176727295,1
Clemson-DND_p274_c2_grm_std_uni,1,5.959317684173584,-4.14862585067749,1
Clemson-DND_p274_c2_grm_std_uni,1,6.220825672149658,-4.613791465759277,1
Clemson-DND_p274_c2_grm_std_uni,1,5.299525737762451,-3.8647186756134033,1
Clemson-DND_p274_c2_grm_std_uni,1,5.420074939727783,-4.092358589172363,1
Clemson-DND_p274_c2_grm_std_uni,1,5.967100143432617,-4.874565124511719,1
Clemson-DND_p274_c2_grm_std_uni,1,6.186040878295898,-5.434887886047363,1
Clemson-DND_p274_c2_grm_std_uni,1,5.053067684173584,-4.250061988830566,1
Clemson-DND_p274_c2_grm_std_uni,1,2.944584369659424,-2.621769428253174,1
Clemson-DND_p274_c2_grm_std_uni,1,2.0409817695617676,-1.5808570384979248,1
Clemson-DND_p274_c2_grm_std_uni,1,2.1051034927368164,-1.425452709197998,1
Clemson-DND_p274_c2_grm_std_uni,1,4.002028465270996,-3.2247281074523926,1
Clemson-DND_p274_c2_grm_std_uni,1,5.248387336730957,-3.9341461658477783,1
Clemson-DND_p274_c2_grm_std_uni,1,6.1600341796875,-4.621998310089111,1
Clemson-DND_p274_c2_grm_std_uni,1,6.141684532165527,-4.605539798736572,1
Clemson-DND_p274_c2_grm_std_uni,1,4.9346747398376465,-3.8337488174438477,1
Clemson-DND_p274_c2_grm_std_uni,1,4.864599227905273,-4.07255744934082,1
Clemson-DND_p274_c2_grm_std_uni,1,4.943580150604248,-4.3226847648620605,1
Clemson-DND_p274_c2_grm_std_uni,1,4.086349964141846,-3.3235890865325928,1
Clemson-DND_p274_c2_grm_std_uni,1,3.878052234649658,-3.350186824798584,1
Clemson-DND_p274_c2_grm_std_uni,1,2.433053493499756,-2.1841909885406494,1
Clemson-DND_p274_c2_grm_std_uni,1,1.733391284942627,-1.5684363842010498,1
Clemson-DND_p274_c2_grm_std_uni,1,3.921760320663452,-3.810530185699463,1
Clemson-DND_p274_c2_grm_std_uni,1,6.087889671325684,-5.368553638458252,1
Clemson-DND_p274_c2_grm_std_uni,1,5.517094612121582,-4.702905654907227,1
Clemson-DND_p274_c2_grm_std_uni,1,6.631198406219482,-5.385197639465332,1
Clemson-DND_p274_c2_grm_std_uni,1,6.278458595275879,-5.076446533203125,1
Clemson-DND_p274_c2_grm_std_uni,1,4.956228733062744,-4.045938968658447,1
Clemson-DND_p274_c2_grm_std_uni,1,4.106904029846191,-3.1115119457244873,1
Clemson-DND_p274_c2_grm_std_uni,1,4.870102882385254,-3.585827112197876,1
Clemson-DND_p274_c2_grm_std_uni,1,5.626288414001465,-4.152534008026123,1
Clemson-DND_p274_c2_grm_std_uni,1,6.621674060821533,-4.969812870025635,1
Clemson-DND_p274_c2_grm_std_uni,1,6.289990425109863,-5.005804061889648,1
Clemson-DND_p274_c2_grm_std_uni,1,5.888427734375,-4.826606273651123,1
Clemson-DND_p274_c2_grm_std_uni,1,5.527913570404053,-4.630208492279053,1
Clemson-DND_p274_c2_grm_std_uni,1,4.414453029632568,-3.560332775115967,1
Clemson-DND_p274_c2_grm_std_uni,1,5.675358772277832,-4.682261943817139,1
Clemson-DND_p274_c2_grm_std_uni,1,6.0835981369018555,-4.878090858459473,1
Clemson-DND_p274_c2_grm_std_uni,1,5.486057758331299,-4.068312168121338,1
Clemson-DND_p274_c2_grm_std_uni,1,5.232869625091553,-3.9807255268096924,1
Clemson-DND_p274_c2_grm_std_uni,1,5.774269104003906,-4.625810146331787,1
Clemson-DND_p274_c2_grm_std_uni,1,5.4824724197387695,-4.374765872955322,1
Clemson-DND_p274_c2_grm_std_uni,1,4.247129440307617,-3.4948570728302,1
Clemson-DND_p274_c2_grm_std_uni,1,2.8352925777435303,-2.4814305305480957,1
Clemson-DND_p274_c2_grm_std_uni,1,3.0989506244659424,-2.7832260131835938,1
Clemson-DND_p274_c2_grm_std_uni,1,3.488678216934204,-3.119608163833618,1
Clemson-DND_p274_c2_grm_std_uni,1,3.428001642227173,-3.03169322013855,1
Clemson-DND_p274_c2_grm_std_uni,1,5.102968692779541,-4.557284355163574,1
Clemson-DND_p274_c2_grm_std_uni,1,5.848396301269531,-5.826988697052002,1
Clemson-DND_p274_c2_grm_std_uni,1,6.2295026779174805,-6.614236831665039,1
Clemson-DND_p274_c2_grm_std_uni,1,6.182629585266113,-6.3731889724731445,1
Clemson-DND_p274_c2_grm_std_uni,1,5.686130046844482,-4.935785293579102,1
Clemson-DND_p274_c2_grm_std_uni,1,5.419227123260498,-4.5522332191467285,1
Clemson-DND_p274_c2_grm_std_uni,1,4.735915184020996,-4.144259452819824,1
Clemson-DND_p274_c2_grm_std_uni,1,5.236960411071777,-4.340506076812744,1
Clemson-DND_p274_c2_grm_std_uni,1,5.280411720275879,-4.4165825843811035,1
Clemson-DND_p274_c2_grm_std_uni,1,5.145871639251709,-3.92866849899292,1
Clemson-DND_p274_c2_grm_std_uni,1,4.6489739418029785,-3.635118246078491,1
Clemson-DND_p274_c2_grm_std_uni,1,4.389776229858398,-3.2511961460113525,1
Clemson-DND_p274_c2_grm_std_uni,1,6.020411014556885,-4.987105369567871,1
Clemson-DND_p274_c2_grm_std_uni,1,6.032934665679932,-4.906285762786865,1
Clemson-DND_p274_c2_grm_std_uni,1,6.168768405914307,-4.59712028503418,1
Clemson-DND_p274_c2_grm_std_uni,1,6.007336139678955,-4.383121967315674,1
Clemson-DND_p274_c2_grm_std_uni,1,6.156322002410889,-4.557673931121826,1
Clemson-DND_p274_c2_grm_std_uni,1,6.443994998931885,-4.719991207122803,1
Clemson-DND_p274_c2_grm_std_uni,1,6.27664852142334,-4.669735908508301,1
Clemson-DND_p274_c2_grm_std_uni,1,5.803475379943848,-4.392702579498291,1
Clemson-DND_p274_c2_grm_std_uni,1,5.754886150360107,-4.568719387054443,1
Clemson-DND_p274_c2_grm_std_uni,1,5.6498332023620605,-4.434009075164795,1
Clemson-DND_p274_c2_grm_std_uni,1,5.556649208068848,-4.340568542480469,1
Clemson-DND_p274_c2_grm_std_uni,1,5.064642429351807,-3.682499647140503,1
Clemson-DND_p274_c2_grm_std_uni,1,5.05387544631958,-3.71161150932312,1
Clemson-DND_p274_c2_grm_std_uni,1,4.931814670562744,-3.5995657444000244,1
Clemson-DND_p274_c2_grm_std_uni,1,4.960566997528076,-3.4490156173706055,1
Clemson-DND_p274_c2_grm_std_uni,1,5.105858325958252,-3.8279964923858643,1
Clemson-DND_p274_c2_grm_std_uni,1,5.4777445793151855,-4.129175662994385,1
Clemson-DND_p274_c2_grm_std_uni,1,5.6110382080078125,-4.261000156402588,1
Clemson-DND_p274_c2_grm_std_uni,1,6.2698235511779785,-4.885498046875,1
Clemson-DND_p274_c2_grm_std_uni,1,6.400941371917725,-4.966134071350098,1
Clemson-DND_p274_c2_grm_std_uni,1,6.157703876495361,-4.542151927947998,1
Clemson-DND_p274_c2_grm_std_uni,1,6.170939922332764,-4.597961902618408,1
Clemson-DND_p274_c2_grm_std_uni,1,6.151149272918701,-4.583340167999268,1
Clemson-DND_p274_c2_grm_std_uni,1,5.799612522125244,-4.192185401916504,1
Clemson-DND_p274_c2_grm_std_uni,1,5.239981651306152,-3.3991878032684326,1
Clemson-DND_p274_c2_grm_std_uni,1,5.1247406005859375,-3.0082030296325684,1
Clemson-DND_p274_c2_grm_std_uni,1,5.271707057952881,-3.6958346366882324,1
Clemson-DND_p274_c2_grm_std_uni,1,4.928220272064209,-3.1611721515655518,1
Clemson-DND_p274_c2_grm_std_uni,1,4.914117336273193,-3.170013904571533,1
Clemson-DND_p274_c2_grm_std_uni,1,5.67078971862793,-3.997378349304199,1
Clemson-DND_p274_c2_grm_std_uni,1,5.767148494720459,-4.145776748657227,1
Clemson-DND_p274_c2_grm_std_uni,1,5.376694202423096,-3.9229516983032227,1
Clemson-DND_p274_c2_grm_std_uni,1,6.027819633483887,-4.5904951095581055,1
Clemson-DND_p274_c2_grm_std_uni,1,6.648674488067627,-5.169949054718018,1
Clemson-DND_p274_c2_grm_std_uni,1,6.670076370239258,-5.071044445037842,1
Clemson-DND_p274_c2_grm_std_uni,1,6.449289798736572,-5.008941650390625,1
Clemson-DND_p274_c2_grm_std_uni,1,6.899988651275635,-5.40381383895874,1
Clemson-DND_p274_c2_grm_std_uni,1,7.068789958953857,-5.846496105194092,1
Clemson-DND_p274_c2_grm_std_uni,1,7.295536994934082,-6.440457820892334,1
Clemson-DND_p274_c2_grm_std_uni,1,6.847743511199951,-6.452424049377441,1
Clemson-DND_p274_c2_grm_std_uni,1,6.637091636657715,-6.028923034667969,1
Clemson-DND_p274_c2_grm_std_uni,1,7.0454559326171875,-6.336117267608643,1
Clemson-DND_p274_c2_grm_std_uni,1,7.072782039642334,-6.8786211013793945,1
Clemson-DND_p274_c2_grm_std_uni,1,6.986639499664307,-6.394054889678955,1
Clemson-DND_p274_c2_grm_std_uni,1,6.4301910400390625,-5.365604877471924,1
Clemson-DND_p274_c2_grm_std_uni,1,5.545753002166748,-4.421058654785156,1
Clemson-DND_p274_c2_grm_std_uni,1,5.342649459838867,-4.1118998527526855,1
Clemson-DND_p274_c2_grm_std_uni,1,5.736328601837158,-4.449491500854492,1
Clemson-DND_p274_c2_grm_std_uni,1,6.052596569061279,-4.815789222717285,1
Clemson-DND_p274_c2_grm_std_uni,1,6.1344146728515625,-4.994649887084961,1
Clemson-DND_p274_c2_grm_std_uni,1,6.405747890472412,-5.563094615936279,1
Clemson-DND_p274_c2_grm_std_uni,1,6.328431606292725,-6.014721393585205,1
Clemson-DND_p274_c2_grm_std_uni,1,5.772614479064941,-5.243639945983887,1
Clemson-DND_p274_c2_grm_std_uni,1,5.772636890411377,-5.151307106018066,1
Clemson-DND_p274_c2_grm_std_uni,1,6.409677505493164,-6.030034065246582,1
Clemson-DND_p274_c2_grm_std_uni,1,6.143554210662842,-5.674737930297852,1
Clemson-DND_p274_c2_grm_std_uni,1,4.3606133460998535,-4.088948726654053,1
Clemson-DND_p274_c2_grm_std_uni,1,4.477762699127197,-3.9512646198272705,1
Clemson-DND_p274_c2_grm_std_uni,1,5.0458598136901855,-4.527329921722412,1
Clemson-DND_p274_c2_grm_std_uni,1,5.8820672035217285,-5.204343795776367,1
Clemson-DND_p274_c2_grm_std_uni,1,6.896174907684326,-5.869027614593506,1
Clemson-DND_p274_c2_grm_std_uni,1,6.856377601623535,-5.935328006744385,1
Clemson-DND_p274_c2_grm_std_uni,1,6.434889316558838,-5.650031089782715,1
Clemson-DND_p274_c2_grm_std_uni,1,6.091649055480957,-5.26129674911499,1
Clemson-DND_p274_c2_grm_std_uni,1,5.901270389556885,-5.211639881134033,1
Clemson-DND_p274_c2_grm_std_uni,1,5.868103504180908,-5.25618839263916,1
Clemson-DND_p274_c2_grm_std_uni,1,5.166109561920166,-4.536002159118652,1
Clemson-DND_p274_c2_grm_std_uni,1,5.025373458862305,-4.405795097351074,1
Clemson-DND_p274_c2_grm_std_uni,1,4.8020100593566895,-3.989818572998047,1
Clemson-DND_p274_c2_grm_std_uni,1,4.632613658905029,-3.325859785079956,1
Clemson-DND_p274_c2_grm_std_uni,1,4.854773998260498,-3.9689207077026367,1
Clemson-DND_p274_c2_grm_std_uni,1,5.114197731018066,-4.302613258361816,1
Clemson-DND_p274_c2_grm_std_uni,1,5.457021236419678,-4.949874401092529,1
Clemson-DND_p274_c2_grm_std_uni,1,5.191516399383545,-4.624385356903076,1
Clemson-DND_p274_c2_grm_std_uni,1,5.092371940612793,-4.538279056549072,1
Clemson-DND_p274_c2_grm_std_uni,1,4.507256507873535,-3.90146541595459,1
Clemson-DND_p274_c2_grm_std_uni,1,4.004221439361572,-3.2814714908599854,1
Clemson-DND_p274_c2_grm_std_uni,1,3.7414939403533936,-2.9874966144561768,1
Clemson-DND_p274_c2_grm_std_uni,1,3.968902111053467,-3.3092658519744873,1
Clemson-DND_p274_c2_grm_std_uni,1,4.297856330871582,-3.8517873287200928,1
Clemson-DND_p274_c2_grm_std_uni,1,4.69553804397583,-4.3830108642578125,1
Clemson-DND_p274_c2_grm_std_uni,1,5.507668972015381,-4.990923881530762,1
Clemson-DND_p274_c2_grm_std_uni,1,5.712027549743652,-5.358484268188477,1
Clemson-DND_p274_c2_grm_std_uni,1,5.686001777648926,-5.433154582977295,1
Clemson-DND_p274_c2_grm_std_uni,1,5.2887492179870605,-5.089116096496582,1
Clemson-DND_p274_c2_grm_std_uni,1,5.245543003082275,-5.02365255355835,1
Clemson-DND_p274_c2_grm_std_uni,1,4.7883100509643555,-4.5984625816345215,1
Clemson-DND_p274_c2_grm_std_uni,1,4.3690924644470215,-4.166058540344238,1
Clemson-DND_p274_c2_grm_std_uni,1,3.986558437347412,-3.7518603801727295,1
Clemson-DND_p274_c2_grm_std_uni,1,3.8628876209259033,-3.459916830062866,1
Clemson-DND_p274_c2_grm_std_uni,1,3.6309425830841064,-3.1169519424438477,1
Clemson-DND_p274_c2_grm_std_uni,1,2.859633684158325,-2.2931768894195557,1
Clemson-DND_p274_c2_grm_std_uni,1,3.2504422664642334,-2.748730421066284,1
Clemson-DND_p274_c2_grm_std_uni,1,4.079695701599121,-3.8557119369506836,1
Clemson-DND_p274_c2_grm_std_uni,1,4.0816240310668945,-4.083375930786133,1
Clemson-DND_p274_c2_grm_std_uni,1,4.339000225067139,-4.468023777008057,1
Clemson-DND_p274_c2_grm_std_uni,1,3.7258594036102295,-4.050204753875732,1
Clemson-DND_p274_c2_grm_std_uni,1,3.3342347145080566,-3.6054329872131348,1
Clemson-DND_p274_c2_grm_std_uni,1,3.615013599395752,-3.834841728210449,1
Clemson-DND_p274_c2_grm_std_uni,1,4.097269058227539,-4.3160529136657715,1
Clemson-DND_p274_c2_grm_std_uni,1,4.710221290588379,-4.8416643142700195,1
Clemson-DND_p274_c2_grm_std_uni,1,5.088654041290283,-5.272736549377441,1
Clemson-DND_p274_c2_grm_std_uni,1,5.525198459625244,-5.941271781921387,1
Clemson-DND_p274_c2_grm_std_uni,1,5.289430618286133,-5.788832664489746,1
Clemson-DND_p274_c2_grm_std_uni,1,4.466558456420898,-5.07728910446167,1
Clemson-DND_p274_c2_grm_std_uni,1,3.847844123840332,-4.557352542877197,1
Clemson-DND_p274_c2_grm_std_uni,1,4.172311305999756,-4.857389450073242,1
Clemson-DND_p274_c2_grm_std_uni,1,4.563209056854248,-5.111335277557373,1
Clemson-DND_p274_c2_grm_std_uni,1,4.476889133453369,-4.890166282653809,1
Clemson-DND_p274_c2_grm_std_uni,1,4.2561354637146,-4.383973121643066,1
Clemson-DND_p274_c2_grm_std_uni,1,5.251309871673584,-5.321675777435303,1
Clemson-DND_p274_c2_grm_std_uni,1,5.351950168609619,-5.351602077484131,1
Clemson-DND_p274_c2_grm_std_uni,1,5.87877082824707,-5.869753360748291,1
Clemson-DND_p274_c2_grm_std_uni,1,5.672623634338379,-5.468594551086426,1
Clemson-DND_p274_c2_grm_std_uni,1,5.871312618255615,-5.418635368347168,1
Clemson-DND_p274_c2_grm_std_uni,1,6.378442287445068,-6.418022632598877,1
Clemson-DND_p274_c2_grm_std_uni,1,6.636129856109619,-6.713569164276123,1
Clemson-DND_p274_c2_grm_std_uni,1,6.322326183319092,-5.910660266876221,1
Clemson-DND_p274_c2_grm_std_uni,1,5.822009086608887,-4.703613758087158,1
Clemson-DND_p274_c2_grm_std_uni,1,5.396627426147461,-4.445091247558594,1
Clemson-DND_p274_c2_grm_std_uni,1,5.493005275726318,-4.709619045257568,1
Clemson-DND_p274_c2_grm_std_uni,1,5.41548490524292,-4.297171115875244,1
Clemson-DND_p274_c2_grm_std_uni,1,5.436427116394043,-4.502079486846924,1
Clemson-DND_p274_c2_grm_std_uni,1,5.89328670501709,-4.780720233917236,1
Clemson-DND_p274_c2_grm_std_uni,1,6.123250961303711,-4.496274948120117,1
Clemson-DND_p274_c2_grm_std_uni,1,6.367823600769043,-4.828512191772461,1
Clemson-DND_p274_c2_grm_std_uni,1,6.148911476135254,-4.748734951019287,1
Clemson-DND_p274_c2_grm_std_uni,1,6.16659688949585,-4.8223772048950195,1
Clemson-DND_p274_c2_grm_std_uni,1,6.163150310516357,-5.122944355010986,1
Clemson-DND_p274_c2_grm_std_uni,1,5.346693992614746,-4.617598056793213,1
Clemson-DND_p274_c2_grm_std_uni,1,4.838685512542725,-3.7932794094085693,1
Clemson-DND_p274_c2_grm_std_uni,1,4.061532497406006,-3.3254292011260986,1
Clemson-DND_p274_c2_grm_std_uni,1,4.538751602172852,-3.900228977203369,1
Clemson-DND_p274_c2_grm_std_uni,1,5.0466814041137695,-4.144350528717041,1
Clemson-DND_p274_c2_grm_std_uni,1,4.94416618347168,-3.883984088897705,1
Clemson-DND_p274_c2_grm_std_uni,1,5.195988655090332,-4.436314105987549,1
Clemson-DND_p274_c2_grm_std_uni,1,5.439519882202148,-4.750178337097168,1
Clemson-DND_p274_c2_grm_std_uni,1,5.112694263458252,-4.274171829223633,1
Clemson-DND_p274_c2_grm_std_uni,1,5.453715801239014,-4.4540791511535645,1
Clemson-DND_p274_c2_grm_std_uni,1,5.010340213775635,-3.920996904373169,1
Clemson-DND_p274_c2_grm_std_uni,1,3.35550856590271,-2.4733946323394775,1
Clemson-DND_p274_c2_grm_std_uni,1,4.294957637786865,-3.618910789489746,1
Clemson-DND_p274_c2_grm_std_uni,1,5.525766372680664,-4.770928382873535,1
Clemson-DND_p274_c2_grm_std_uni,1,5.417861461639404,-4.618296146392822,1
Clemson-DND_p274_c2_grm_std_uni,1,5.576376438140869,-4.333505153656006,1
Clemson-DND_p274_c2_grm_std_uni,1,5.707287311553955,-5.067427158355713,1
Clemson-DND_p274_c2_grm_std_uni,1,5.596183776855469,-4.415833950042725,1
Clemson-DND_p274_c2_grm_std_uni,1,6.284204959869385,-5.107276916503906,1
Clemson-DND_p274_c2_grm_std_uni,1,6.698259353637695,-5.4518513679504395,1
Clemson-DND_p274_c2_grm_std_uni,1,7.003586769104004,-5.412612438201904,1
Clemson-DND_p274_c2_grm_std_uni,1,5.564364910125732,-4.860136032104492,1
Clemson-DND_p274_c2_grm_std_uni,1,5.451128005981445,-4.792687892913818,1
Clemson-DND_p274_c2_grm_std_uni,1,5.139942646026611,-4.597996711730957,1
Clemson-DND_p274_c2_grm_std_uni,1,5.320475101470947,-4.604538440704346,1
Clemson-DND_p274_c2_grm_std_uni,1,6.1131086349487305,-5.375712871551514,1
Clemson-DND_p274_c2_grm_std_uni,1,5.485102653503418,-4.470162868499756,1
Clemson-DND_p274_c2_grm_std_uni,1,4.962099552154541,-4.071362018585205,1
Clemson-DND_p274_c2_grm_std_uni,1,5.3833160400390625,-4.543821811676025,1
Clemson-DND_p274_c2_grm_std_uni,1,5.315197944641113,-4.659550666809082,1
Clemson-DND_p274_c2_grm_std_uni,1,6.128957748413086,-5.30326509475708,1
Clemson-DND_p274_c2_grm_std_uni,1,6.414493083953857,-5.933541774749756,1
Clemson-DND_p274_c2_grm_std_uni,1,6.936498641967773,-6.127089023590088,1
Clemson-DND_p274_c2_grm_std_uni,1,7.04410982131958,-6.144124507904053,1
Clemson-DND_p274_c2_grm_std_uni,1,6.459527969360352,-5.332827091217041,1
Clemson-DND_p274_c2_grm_std_uni,1,6.461057186126709,-5.371285438537598,1
Clemson-DND_p274_c2_grm_std_uni,1,7.147619247436523,-6.179738521575928,1
Clemson-DND_p274_c2_grm_std_uni,1,8.090229988098145,-7.148825168609619,1
Clemson-DND_p274_c2_grm_std_uni,1,8.420174598693848,-7.528930187225342,1
Clemson-DND_p274_c2_grm_std_uni,1,8.395649909973145,-7.679748058319092,1
Clemson-DND_p274_c2_grm_std_uni,1,8.170247077941895,-7.909182548522949,1
Clemson-DND_p274_c2_grm_std_uni,1,7.437526226043701,-7.02471399307251,1
Clemson-DND_p274_c2_grm_std_uni,1,7.335768222808838,-6.353242874145508,1
Clemson-DND_p274_c2_grm_std_uni,1,6.932764530181885,-5.900251388549805,1
Clemson-DND_p274_c2_grm_std_uni,1,6.534464359283447,-5.406373977661133,1
Clemson-DND_p274_c2_grm_std_uni,1,5.292979717254639,-4.141659259796143,1
Clemson-DND_p274_c2_grm_std_uni,1,4.576857566833496,-3.7372190952301025,1
Clemson-DND_p274_c2_grm_std_uni,1,3.836055278778076,-3.1799893379211426,1
Clemson-DND_p274_c2_grm_std_uni,1,4.5840253829956055,-2.925436496734619,1
Clemson-DND_p274_c2_grm_std_uni,1,4.731256008148193,-3.7540857791900635,1
Clemson-DND_p274_c2_grm_std_uni,1,5.391060829162598,-4.567927360534668,1
Clemson-DND_p274_c2_grm_std_uni,1,5.445878028869629,-4.3895463943481445,1
Clemson-DND_p274_c2_grm_std_uni,1,5.729733943939209,-4.283539295196533,1
Clemson-DND_p274_c2_grm_std_uni,1,5.662560939788818,-4.42104959487915,1
Clemson-DND_p274_c2_grm_std_uni,1,5.979655742645264,-5.077790260314941,1
Clemson-DND_p274_c2_grm_std_uni,1,6.2185468673706055,-4.917929649353027,1
Clemson-DND_p274_c2_grm_std_uni,1,6.7025651931762695,-5.136227130889893,1
Clemson-DND_p274_c2_grm_std_uni,1,6.835068225860596,-5.697988986968994,1
Clemson-DND_p274_c2_grm_std_uni,1,5.885279655456543,-4.302485942840576,1
Clemson-DND_p274_c2_grm_std_uni,1,5.866889476776123,-3.9736509323120117,1
Clemson-DND_p274_c2_grm_std_uni,1,4.95714807510376,-3.4157936573028564,1
Clemson-DND_p274_c2_grm_std_uni,1,5.0043253898620605,-4.002812385559082,1
Clemson-DND_p274_c2_grm_std_uni,1,5.453866481781006,-3.749286413192749,1
Clemson-DND_p274_c2_grm_std_uni,1,5.854833602905273,-4.1406731605529785,1
Clemson-DND_p274_c2_grm_std_uni,1,5.994256973266602,-4.602620601654053,1
Clemson-DND_p274_c2_grm_std_uni,1,6.546936511993408,-4.736428737640381,1
Clemson-DND_p274_c2_grm_std_uni,1,6.4395670890808105,-4.713205337524414,1
Clemson-DND_p274_c2_grm_std_uni,1,6.247560024261475,-4.919485092163086,1
Clemson-DND_p274_c2_grm_std_uni,1,6.277921199798584,-5.142302513122559,1
Clemson-DND_p274_c2_grm_std_uni,1,6.1603922843933105,-4.9683942794799805,1
Clemson-DND_p274_c2_grm_std_uni,1,6.42983865737915,-4.908332824707031,1
Clemson-DND_p274_c2_grm_std_uni,1,6.911612510681152,-5.42094612121582,1
Clemson-DND_p274_c2_grm_std_uni,1,6.830333232879639,-5.384366035461426,1
Clemson-DND_p274_c2_grm_std_uni,1,6.566229343414307,-5.07007360458374,1
Clemson-DND_p274_c2_grm_std_uni,1,6.576184272766113,-5.307415962219238,1
Clemson-DND_p274_c2_grm_std_uni,1,6.88317346572876,-5.524935722351074,1
Clemson-DND_p274_c2_grm_std_uni,1,7.095035076141357,-5.460438251495361,1
Clemson-DND_p274_c2_grm_std_uni,1,7.319329738616943,-5.899234294891357,1
Clemson-DND_p274_c2_grm_std_uni,1,6.548483848571777,-5.263181209564209,1
Clemson-DND_p274_c2_grm_std_uni,1,6.0442705154418945,-5.009724140167236,1
Clemson-DND_p274_c2_grm_std_uni,1,5.5190300941467285,-4.524111747741699,1
Clemson-DND_p274_c2_grm_std_uni,1,5.876241207122803,-5.151150703430176,1
Clemson-DND_p274_c2_grm_std_uni,1,6.201244831085205,-5.848443984985352,1
Clemson-DND_p274_c2_grm_std_uni,1,5.989564418792725,-5.760517597198486,1
Clemson-DND_p274_c2_grm_std_uni,1,5.77498197555542,-5.479531288146973,1
Clemson-DND_p274_c2_grm_std_uni,1,5.683842182159424,-5.258533954620361,1
Clemson-DND_p274_c2_grm_std_uni,1,6.070512294769287,-5.535133361816406,1
Clemson-DND_p274_c2_grm_std_uni,1,6.281616687774658,-5.622160911560059,1
Clemson-DND_p274_c2_grm_std_uni,1,6.129544258117676,-5.377676963806152,1
Clemson-DND_p274_c2_grm_std_uni,1,6.084852695465088,-5.152487754821777,1
Clemson-DND_p274_c2_grm_std_uni,1,6.239481449127197,-5.0705180168151855,1
Clemson-DND_p274_c2_grm_std_uni,1,5.556800842285156,-4.292359828948975,1
Clemson-DND_p274_c2_grm_std_uni,1,4.113672733306885,-2.858224391937256,1
Clemson-DND_p274_c2_grm_std_uni,1,3.6161177158355713,-2.7754125595092773,1
Clemson-DND_p274_c2_grm_std_uni,1,3.5555503368377686,-3.2233521938323975,1
Clemson-DND_p274_c2_grm_std_uni,1,4.12706184387207,-3.821838140487671,1
Clemson-DND_p274_c2_grm_std_uni,1,4.857152938842773,-4.313682556152344,1
Clemson-DND_p274_c2_grm_std_uni,1,4.632510662078857,-4.140945911407471,1
Clemson-DND_p274_c2_grm_std_uni,1,3.3943984508514404,-3.1474952697753906,1
Clemson-DND_p274_c2_grm_std_uni,1,3.4152607917785645,-3.1440117359161377,1
Clemson-DND_p274_c2_grm_std_uni,1,3.8272199630737305,-3.6437766551971436,1
Clemson-DND_p274_c2_grm_std_uni,1,4.411229610443115,-4.183964729309082,1
Clemson-DND_p274_c2_grm_std_uni,1,4.687063694000244,-4.391274929046631,1
Clemson-DND_p274_c2_grm_std_uni,1,4.326529502868652,-4.108638763427734,1
Clemson-DND_p274_c2_grm_std_uni,1,4.0851874351501465,-3.767841339111328,1
Clemson-DND_p274_c2_grm_std_uni,1,3.9077508449554443,-3.5472750663757324,1
Clemson-DND_p274_c2_grm_std_uni,1,2.325201988220215,-2.090407133102417,1
Clemson-DND_p274_c2_grm_std_uni,1,2.6196374893188477,-2.654715061187744,1
Clemson-DND_p274_c2_grm_std_uni,1,3.5408051013946533,-4.038079738616943,1
Clemson-DND_p274_c2_grm_std_uni,1,4.443593978881836,-5.0596923828125,1
Clemson-DND_p274_c2_grm_std_uni,1,4.986291885375977,-5.420736789703369,1
Clemson-DND_p274_c2_grm_std_uni,1,4.518518447875977,-4.851654529571533,1
Clemson-DND_p274_c2_grm_std_uni,1,5.000330924987793,-4.913712978363037,1
Clemson-DND_p274_c2_grm_std_uni,1,4.918010234832764,-4.8090314865112305,1
Clemson-DND_p274_c2_grm_std_uni,1,4.60953426361084,-4.49288272857666,1
Clemson-DND_p274_c2_grm_std_uni,1,4.292309761047363,-3.8958868980407715,1
Clemson-DND_p274_c2_grm_std_uni,1,5.304957389831543,-4.632246017456055,1
Clemson-DND_p274_c2_grm_std_uni,1,6.021594047546387,-5.146332740783691,1
Clemson-DND_p274_c2_grm_std_uni,1,6.833075046539307,-5.769839763641357,1
Clemson-DND_p274_c2_grm_std_uni,1,7.243368148803711,-6.238038063049316,1
Clemson-DND_p274_c2_grm_std_uni,1,6.772892475128174,-6.01098108291626,1
Clemson-DND_p274_c2_grm_std_uni,1,6.583622932434082,-5.531789302825928,1
Clemson-DND_p274_c2_grm_std_uni,1,5.147236347198486,-4.291420936584473,1
Clemson-DND_p274_c2_grm_std_uni,1,5.241511821746826,-4.085831642150879,1
Clemson-DND_p274_c2_grm_std_uni,1,5.847622394561768,-4.397867202758789,1
Clemson-DND_p274_c2_grm_std_uni,1,6.7784295082092285,-5.161197185516357,1
Clemson-DND_p274_c2_grm_std_uni,1,7.482758045196533,-5.733206272125244,1
Clemson-DND_p274_c2_grm_std_uni,1,7.857645511627197,-6.318221569061279,1
Clemson-DND_p274_c2_grm_std_uni,1,7.104196548461914,-5.736674785614014,1
Clemson-DND_p274_c2_grm_std_uni,1,6.825085639953613,-5.356268405914307,1
Clemson-DND_p274_c2_grm_std_uni,1,5.280832767486572,-3.7483673095703125,1
Clemson-DND_p274_c2_grm_std_uni,1,5.926279544830322,-4.431756496429443,1
Clemson-DND_p274_c2_grm_std_uni,1,7.516578197479248,-6.068449974060059,1
Clemson-DND_p274_c2_grm_std_uni,1,7.4173903465271,-5.913313388824463,1
Clemson-DND_p274_c2_grm_std_uni,1,7.80964469909668,-6.551727294921875,1
Clemson-DND_p274_c2_grm_std_uni,1,8.077070236206055,-7.126151084899902,1
Clemson-DND_p274_c2_grm_std_uni,1,7.4746413230896,-6.343907833099365,1
Clemson-DND_p274_c2_grm_std_uni,1,6.512272834777832,-5.400712490081787,1
Clemson-DND_p274_c2_grm_std_uni,1,6.471315383911133,-5.610751628875732,1
Clemson-DND_p274_c2_grm_std_uni,1,6.769131183624268,-5.74423360824585,1
Clemson-DND_p274_c2_grm_std_uni,1,6.916669845581055,-5.70754337310791,1
Clemson-DND_p274_c2_grm_std_uni,1,7.250994682312012,-5.980342388153076,1
Clemson-DND_p274_c2_grm_std_uni,1,7.4811859130859375,-6.192160606384277,1
Clemson-DND_p274_c2_grm_std_uni,1,7.423453330993652,-6.069515705108643,1
Clemson-DND_p274_c2_grm_std_uni,1,7.042344570159912,-5.788869857788086,1
Clemson-DND_p274_c2_grm_std_uni,1,5.88657283782959,-4.461522579193115,1
Clemson-DND_p274_c2_grm_std_uni,1,5.874565601348877,-4.4441022872924805,1
Clemson-DND_p274_c2_grm_std_uni,1,6.371920585632324,-4.829793453216553,1
Clemson-DND_p274_c2_grm_std_uni,1,7.1367106437683105,-5.477941989898682,1
Clemson-DND_p274_c2_grm_std_uni,1,7.87730598449707,-6.468594551086426,1
Clemson-DND_p274_c2_grm_std_uni,1,7.741434574127197,-6.84160041809082,1
Clemson-DND_p274_c2_grm_std_uni,1,7.625121116638184,-6.874588966369629,1
Clemson-DND_p274_c2_grm_std_uni,1,7.1767168045043945,-6.365482807159424,1
Clemson-DND_p274_c2_grm_std_uni,1,6.598268508911133,-5.600560188293457,1
Clemson-DND_p274_c2_grm_std_uni,1,7.7030534744262695,-6.899028301239014,1
Clemson-DND_p274_c2_grm_std_uni,1,7.647220134735107,-6.91399621963501,1
Clemson-DND_p274_c2_grm_std_uni,1,7.688792705535889,-6.6863322257995605,1
Clemson-DND_p274_c2_grm_std_uni,1,7.3989763259887695,-7.2103424072265625,1
Clemson-DND_p274_c2_grm_std_uni,1,7.308879375457764,-7.45677375793457,1
Clemson-DND_p274_c2_grm_std_uni,1,6.547463417053223,-5.737252712249756,1
Clemson-DND_p274_c2_grm_std_uni,1,6.096081733703613,-5.1432881355285645,1
Clemson-DND_p274_c2_grm_std_uni,1,5.866292476654053,-4.588006496429443,1
Clemson-DND_p274_c2_grm_std_uni,1,5.149125099182129,-3.513476610183716,1
Clemson-DND_p274_c2_grm_std_uni,1,3.9624435901641846,-3.307835578918457,1
Clemson-DND_p274_c2_grm_std_uni,1,4.795163154602051,-4.129218101501465,1
Clemson-DND_p274_c2_grm_std_uni,1,5.315451622009277,-4.1373748779296875,1
Clemson-DND_p274_c2_grm_std_uni,1,6.094305992126465,-4.750430107116699,1
Clemson-DND_p274_c2_grm_std_uni,1,6.045950412750244,-4.5338134765625,1
Clemson-DND_p274_c2_grm_std_uni,1,6.205929279327393,-4.833505153656006,1
Clemson-DND_p274_c2_grm_std_uni,1,5.888898849487305,-4.593288898468018,1
Clemson-DND_p274_c2_grm_std_uni,1,6.137292861938477,-4.810377597808838,1
Clemson-DND_p274_c2_grm_std_uni,1,6.539149761199951,-5.196199417114258,1
Clemson-DND_p274_c2_grm_std_uni,1,6.314549922943115,-4.639473915100098,1
Clemson-DND_p274_c2_grm_std_uni,1,5.937679767608643,-4.394578456878662,1
Clemson-DND_p274_c2_grm_std_uni,1,5.309905052185059,-3.626509666442871,1
Clemson-DND_p274_c2_grm_std_uni,1,5.025290489196777,-3.339052677154541,1
Clemson-DND_p274_c2_grm_std_uni,1,5.247025966644287,-4.13182258605957,1
Clemson-DND_p274_c2_grm_std_uni,1,5.9270830154418945,-4.742522716522217,1
Clemson-DND_p274_c2_grm_std_uni,1,6.0177130699157715,-5.018641948699951,1
Clemson-DND_p274_c2_grm_std_uni,1,6.426094055175781,-5.385161399841309,1
Clemson-DND_p274_c2_grm_std_uni,1,6.65319299697876,-5.571980953216553,1
Clemson-DND_p274_c2_grm_std_uni,1,6.906272888183594,-5.463662147521973,1
Clemson-DND_p274_c2_grm_std_uni,1,7.028526306152344,-5.205740928649902,1
Clemson-DND_p274_c2_grm_std_uni,1,6.2787957191467285,-4.952517509460449,1
Clemson-DND_p274_c2_grm_std_uni,1,5.523094177246094,-4.269437789916992,1
Clemson-DND_p274_c2_grm_std_uni,1,5.3127899169921875,-4.131979465484619,1
Clemson-DND_p274_c2_grm_std_uni,1,5.510202407836914,-4.220293998718262,1
Clemson-DND_p274_c2_grm_std_uni,1,5.8724365234375,-4.691201210021973,1
Clemson-DND_p274_c2_grm_std_uni,1,5.917441368103027,-4.953827381134033,1
Clemson-DND_p274_c2_grm_std_uni,1,6.138344764709473,-5.040125846862793,1
Clemson-DND_p274_c2_grm_std_uni,1,5.952279567718506,-4.748603343963623,1
Clemson-DND_p274_c2_grm_std_uni,1,5.576369285583496,-4.298520088195801,1
Clemson-DND_p274_c2_grm_std_uni,1,5.226071834564209,-3.6386797428131104,1
Clemson-DND_p274_c2_grm_std_uni,1,4.99643611907959,-3.570185661315918,1
Clemson-DND_p274_c2_grm_std_uni,1,4.355309963226318,-3.3230373859405518,1
Clemson-DND_p274_c2_grm_std_uni,1,4.696352005004883,-3.873272180557251,1
Clemson-DND_p274_c2_grm_std_uni,1,4.692497253417969,-3.747957944869995,1
Clemson-DND_p274_c2_grm_std_uni,1,4.69753360748291,-3.687788963317871,1
Clemson-DND_p274_c2_grm_std_uni,1,4.6070966720581055,-3.6970431804656982,1
Clemson-DND_p274_c2_grm_std_uni,1,4.271742343902588,-3.7016396522521973,1
Clemson-DND_p274_c2_grm_std_uni,1,5.356850624084473,-4.479155540466309,1
Clemson-DND_p274_c2_grm_std_uni,1,5.146197319030762,-4.38713264465332,1
Clemson-DND_p274_c2_grm_std_uni,1,5.71599817276001,-4.636020183563232,1
Clemson-DND_p274_c2_grm_std_uni,1,5.794674396514893,-4.37737512588501,1
Clemson-DND_p274_c2_grm_std_uni,1,6.034698009490967,-4.439370155334473,1
Clemson-DND_p274_c2_grm_std_uni,1,5.945301532745361,-4.438440799713135,1
Clemson-DND_p274_c2_grm_std_uni,1,5.946055889129639,-4.420094013214111,1
Clemson-DND_p274_c2_grm_std_uni,1,5.620782852172852,-3.890237331390381,1
Clemson-DND_p274_c2_grm_std_uni,1,5.495364665985107,-3.6842336654663086,1
Clemson-DND_p274_c2_grm_std_uni,1,5.751774787902832,-4.116328716278076,1
Clemson-DND_p274_c2_grm_std_uni,1,5.826837539672852,-4.312509536743164,1
Clemson-DND_p274_c2_grm_std_uni,1,6.088508605957031,-4.719387531280518,1
Clemson-DND_p274_c2_grm_std_uni,1,6.11803674697876,-4.761968612670898,1
Clemson-DND_p274_c2_grm_std_uni,1,6.2169318199157715,-4.479548454284668,1
Clemson-DND_p274_c2_grm_std_uni,1,6.410659313201904,-4.760709285736084,1
Clemson-DND_p274_c2_grm_std_uni,1,6.862586975097656,-5.350692272186279,1
Clemson-DND_p274_c2_grm_std_uni,1,6.510436058044434,-6.4792704582214355,1
Clemson-DND_p274_c2_grm_std_uni,1,6.500121116638184,-7.0542497634887695,1
Clemson-DND_p274_c2_grm_std_uni,1,6.617157936096191,-7.469682216644287,1
Clemson-DND_p274_c2_grm_std_uni,1,5.719780445098877,-5.780991554260254,1
Clemson-DND_p274_c2_grm_std_uni,1,4.3257575035095215,-3.0909337997436523,1
Clemson-DND_p274_c2_grm_std_uni,1,3.6628410816192627,-1.4688706398010254,1
Clemson-DND_p274_c2_grm_std_uni,1,3.256366491317749,-1.7440701723098755,1
Clemson-DND_p274_c2_grm_std_uni,1,4.0167717933654785,-2.595937967300415,1
Clemson-DND_p274_c2_grm_std_uni,1,4.125735282897949,-3.0266520977020264,1
Clemson-DND_p274_c2_grm_std_uni,1,4.722214221954346,-3.81195330619812,1
Clemson-DND_p274_c2_grm_std_uni,1,5.119856357574463,-4.215030670166016,1
Clemson-DND_p274_c2_grm_std_uni,1,4.968498706817627,-3.8714213371276855,1
Clemson-DND_p274_c2_grm_std_uni,1,4.873110294342041,-3.6756319999694824,1
Clemson-DND_p274_c2_grm_std_uni,1,5.110857963562012,-3.9522621631622314,1
Clemson-DND_p274_c2_grm_std_uni,1,5.399967670440674,-4.233153820037842,1
Clemson-DND_p274_c2_grm_std_uni,1,5.946616172790527,-4.9013471603393555,1
Clemson-DND_p274_c2_grm_std_uni,1,6.119956970214844,-5.031872272491455,1
Clemson-DND_p274_c2_grm_std_uni,1,6.168290615081787,-5.286487102508545,1
Clemson-DND_p274_c2_grm_std_uni,1,6.263580322265625,-5.3870134353637695,1
Clemson-DND_p274_c2_grm_std_uni,1,6.624780654907227,-5.788487434387207,1
Clemson-DND_p274_c2_grm_std_uni,1,6.645002365112305,-5.871635913848877,1
Clemson-DND_p274_c2_grm_std_uni,1,6.356673717498779,-5.6190714836120605,1
Clemson-DND_p274_c2_grm_std_uni,1,6.236278057098389,-5.110229015350342,1
Clemson-DND_p274_c2_grm_std_uni,1,6.1035380363464355,-4.687863349914551,1
Clemson-DND_p274_c2_grm_std_uni,1,6.6107330322265625,-4.858366012573242,1
Clemson-DND_p274_c2_grm_std_uni,1,6.100616931915283,-4.197812557220459,1
Clemson-DND_p274_c2_grm_std_uni,1,5.687399864196777,-4.228952884674072,1
Clemson-DND_p274_c2_grm_std_uni,1,5.359381198883057,-4.303372383117676,1
Clemson-DND_p274_c2_grm_std_uni,1,5.750183582305908,-4.913113117218018,1
Clemson-DND_p274_c2_grm_std_uni,1,5.828470230102539,-5.002383232116699,1
Clemson-DND_p274_c2_grm_std_uni,1,5.051348686218262,-4.490168571472168,1
Clemson-DND_p274_c2_grm_std_uni,1,4.674637794494629,-4.221457004547119,1
Clemson-DND_p274_c2_grm_std_uni,1,4.762026309967041,-4.192461013793945,1
Clemson-DND_p274_c2_grm_std_uni,1,5.078427314758301,-4.177547931671143,1
Clemson-DND_p274_c2_grm_std_uni,1,4.532829284667969,-3.314760446548462,1
Clemson-DND_p274_c2_grm_std_uni,1,4.6174774169921875,-3.282053232192993,1
Clemson-DND_p274_c2_grm_std_uni,1,5.530041694641113,-4.732385158538818,1
Clemson-DND_p274_c2_grm_std_uni,1,5.98207950592041,-4.829720497131348,1
Clemson-DND_p274_c2_grm_std_uni,1,6.389466285705566,-4.935558795928955,1
Clemson-DND_p274_c2_grm_std_uni,1,6.463304042816162,-5.233218193054199,1
Clemson-DND_p274_c2_grm_std_uni,1,6.81671667098999,-5.678656101226807,1
Clemson-DND_p274_c2_grm_std_uni,1,7.352790355682373,-6.600831508636475,1
Clemson-DND_p274_c2_grm_std_uni,1,7.342738628387451,-6.569124698638916,1
Clemson-DND_p274_c2_grm_std_uni,1,6.941854953765869,-6.090054988861084,1
Clemson-DND_p274_c2_grm_std_uni,1,6.320034503936768,-5.3378214836120605,1
Clemson-DND_p274_c2_grm_std_uni,1,6.421533584594727,-5.271860122680664,1
Clemson-DND_p274_c2_grm_std_uni,1,6.57219934463501,-5.349506855010986,1
Clemson-DND_p274_c2_grm_std_uni,1,6.939969062805176,-5.599985599517822,1
Clemson-DND_p274_c2_grm_std_uni,1,7.047855854034424,-5.712403297424316,1
Clemson-DND_p274_c2_grm_std_uni,1,7.026852607727051,-5.889312744140625,1
Clemson-DND_p274_c2_grm_std_uni,1,7.307034492492676,-6.071103096008301,1
Clemson-DND_p274_c2_grm_std_uni,1,6.995423316955566,-5.724109172821045,1
Clemson-DND_p274_c2_grm_std_uni,1,5.430209636688232,-4.641611576080322,1
Clemson-DND_p274_c2_grm_std_uni,1,5.389337062835693,-4.631193161010742,1
Clemson-DND_p274_c2_grm_std_uni,1,5.8763628005981445,-4.8885416984558105,1
Clemson-DND_p274_c2_grm_std_uni,1,5.873628616333008,-4.773252964019775,1
Clemson-DND_p274_c2_grm_std_uni,1,5.649151802062988,-4.479687213897705,1
Clemson-DND_p274_c2_grm_std_uni,1,5.528194904327393,-4.2336320877075195,1
Clemson-DND_p274_c2_grm_std_uni,1,6.268370151519775,-4.768284797668457,1
Clemson-DND_p274_c2_grm_std_uni,1,5.860219478607178,-4.3232197761535645,1
Clemson-DND_p274_c2_grm_std_uni,1,6.994325160980225,-5.363013744354248,1
Clemson-DND_p274_c2_grm_std_uni,1,7.559103965759277,-6.2952117919921875,1
Clemson-DND_p274_c2_grm_std_uni,1,6.861268043518066,-5.822118282318115,1
Clemson-DND_p274_c2_grm_std_uni,1,6.3771538734436035,-4.808878421783447,1
Clemson-DND_p274_c2_grm_std_uni,1,6.013123035430908,-4.025725841522217,1
Clemson-DND_p274_c2_grm_std_uni,1,5.697697162628174,-3.603055477142334,1
Clemson-DND_p274_c2_grm_std_uni,1,5.161035060882568,-3.839386224746704,1
Clemson-DND_p274_c2_grm_std_uni,1,5.214080333709717,-3.6209845542907715,1
Clemson-DND_p274_c2_grm_std_uni,1,5.791943073272705,-4.1256232261657715,1
Clemson-DND_p274_c2_grm_std_uni,1,6.0185675621032715,-4.773787021636963,1
Clemson-DND_p274_c2_grm_std_uni,1,6.274149417877197,-5.113173961639404,1
Clemson-DND_p274_c2_grm_std_uni,1,6.4796624183654785,-5.031053066253662,1
Clemson-DND_p274_c2_grm_std_uni,1,6.6364850997924805,-4.931587219238281,1
Clemson-DND_p274_c2_grm_std_uni,1,6.629883766174316,-5.1596879959106445,1
Clemson-DND_p274_c2_grm_std_uni,1,7.2188262939453125,-5.873006343841553,1
Clemson-DND_p274_c2_grm_std_uni,1,7.474649906158447,-6.320999622344971,1
Clemson-DND_p274_c2_grm_std_uni,1,6.978155136108398,-5.751896858215332,1
Clemson-DND_p274_c2_grm_std_uni,1,6.411423683166504,-4.975433826446533,1
Clemson-DND_p274_c2_grm_std_uni,1,7.099884510040283,-5.457404136657715,1
Clemson-DND_p274_c2_grm_std_uni,1,7.827695846557617,-6.485191822052002,1
Clemson-DND_p274_c2_grm_std_uni,1,7.338730335235596,-5.774361610412598,1
Clemson-DND_p274_c2_grm_std_uni,1,6.671698570251465,-4.560733318328857,1
Clemson-DND_p274_c2_grm_std_uni,1,6.60771369934082,-4.472846984863281,1
Clemson-DND_p274_c2_grm_std_uni,1,5.94739294052124,-3.6769702434539795,1
Clemson-DND_p274_c2_grm_std_uni,1,5.899008750915527,-3.8611652851104736,1
Clemson-DND_p274_c2_grm_std_uni,1,5.703049659729004,-3.8192553520202637,1
Clemson-DND_p274_c2_grm_std_uni,1,5.543629169464111,-3.964932680130005,1
Clemson-DND_p274_c2_grm_std_uni,1,5.894839286804199,-4.25129508972168,1
Clemson-DND_p274_c2_grm_std_uni,1,5.928443908691406,-4.63043212890625,1
Clemson-DND_p274_c2_grm_std_uni,1,5.5702805519104,-4.182920455932617,1
Clemson-DND_p274_c2_grm_std_uni,1,5.627160549163818,-4.106534004211426,1
Clemson-DND_p274_c2_grm_std_uni,1,5.473214626312256,-3.645069122314453,1
Clemson-DND_p274_c2_grm_std_uni,1,5.283968925476074,-3.6844799518585205,1
Clemson-DND_p274_c2_grm_std_uni,1,5.214934825897217,-3.6261727809906006,1
Clemson-DND_p274_c2_grm_std_uni,1,5.086900234222412,-3.411524534225464,1
Clemson-DND_p274_c2_grm_std_uni,1,5.7137956619262695,-4.266536235809326,1
Clemson-DND_p274_c2_grm_std_uni,1,5.315781593322754,-4.2179036140441895,1
Clemson-DND_p274_c2_grm_std_uni,1,5.700718879699707,-4.698646545410156,1
Clemson-DND_p274_c2_grm_std_uni,1,6.032296180725098,-4.4857635498046875,1
Clemson-DND_p274_c2_grm_std_uni,1,6.255422115325928,-4.704556941986084,1
Clemson-DND_p274_c2_grm_std_uni,1,6.323904514312744,-4.454262733459473,1
Clemson-DND_p274_c2_grm_std_uni,1,6.343660354614258,-4.901149272918701,1
Clemson-DND_p274_c2_grm_std_uni,1,6.078943729400635,-5.113764762878418,1
Clemson-DND_p274_c2_grm_std_uni,1,5.661348342895508,-4.733907222747803,1
Clemson-DND_p274_c2_grm_std_uni,1,5.765388011932373,-4.039927005767822,1
Clemson-DND_p274_c2_grm_std_uni,1,6.5081634521484375,-4.934647083282471,1
Clemson-DND_p274_c2_grm_std_uni,1,6.694253444671631,-5.324803352355957,1
Clemson-DND_p274_c2_grm_std_uni,1,7.115561485290527,-5.893951416015625,1
Clemson-DND_p274_c2_grm_std_uni,1,7.172731876373291,-6.19513463973999,1
Clemson-DND_p274_c2_grm_std_uni,1,7.241593360900879,-6.363091468811035,1
Clemson-DND_p274_c2_grm_std_uni,1,6.865413188934326,-6.016722202301025,1
Clemson-DND_p274_c2_grm_std_uni,1,6.241735935211182,-5.107750415802002,1
Clemson-DND_p274_c2_grm_std_uni,1,5.679525852203369,-4.717138767242432,1
Clemson-DND_p274_c2_grm_std_uni,1,6.705976963043213,-5.8217339515686035,1
Clemson-DND_p274_c2_grm_std_uni,1,6.7606611251831055,-6.0907721519470215,1
Clemson-DND_p274_c2_grm_std_uni,1,5.6319899559021,-5.123316287994385,1
Clemson-DND_p274_c2_grm_std_uni,1,5.0783796310424805,-4.916753768920898,1
Clemson-DND_p274_c2_grm_std_uni,1,5.876438617706299,-5.503384590148926,1
Clemson-DND_p274_c2_grm_std_uni,1,4.9641265869140625,-4.707192420959473,1
Clemson-DND_p274_c2_grm_std_uni,1,4.775466442108154,-4.5506978034973145,1
Clemson-DND_p274_c2_grm_std_uni,1,5.009873867034912,-4.727980613708496,1
Clemson-DND_p274_c2_grm_std_uni,1,4.840415000915527,-4.535754680633545,1
Clemson-DND_p274_c2_grm_std_uni,1,4.9409027099609375,-4.577908039093018,1
Clemson-DND_p274_c2_grm_std_uni,1,5.2218337059021,-4.8367919921875,1
Clemson-DND_p274_c2_grm_std_uni,1,4.660327434539795,-4.442912578582764,1
Clemson-DND_p274_c2_grm_std_uni,1,4.797021865844727,-4.7703728675842285,1
Clemson-DND_p274_c2_grm_std_uni,1,3.5872695446014404,-3.4922080039978027,1
Clemson-DND_p274_c2_grm_std_uni,1,4.607016086578369,-3.9705827236175537,1
Clemson-DND_p274_c2_grm_std_uni,1,5.813711643218994,-5.106105327606201,1
Clemson-DND_p274_c2_grm_std_uni,1,5.936587810516357,-5.239830493927002,1
Clemson-DND_p274_c2_grm_std_uni,1,4.827450752258301,-4.1892619132995605,1
Clemson-DND_p274_c2_grm_std_uni,1,4.751440525054932,-4.069427013397217,1
Clemson-DND_p274_c2_grm_std_uni,1,4.244423866271973,-3.5145483016967773,1
Clemson-DND_p274_c2_grm_std_uni,1,3.7349746227264404,-3.119142770767212,1
Clemson-DND_p274_c2_grm_std_uni,1,4.369506359100342,-3.6960694789886475,1
Clemson-DND_p274_c2_grm_std_uni,1,5.292283535003662,-4.597757339477539,1
Clemson-DND_p274_c2_grm_std_uni,1,5.733126163482666,-4.858036518096924,1
Clemson-DND_p274_c2_grm_std_uni,1,6.043623447418213,-5.248539924621582,1
Clemson-DND_p274_c2_grm_std_uni,1,5.340221881866455,-4.766979694366455,1
Clemson-DND_p274_c2_grm_std_uni,1,4.958982944488525,-4.34649133682251,1
Clemson-DND_p274_c2_grm_std_uni,1,3.807579755783081,-3.1822304725646973,1
Clemson-DND_p274_c2_grm_std_uni,1,3.9197769165039062,-3.3725857734680176,1
Clemson-DND_p274_c2_grm_std_uni,1,5.341485500335693,-4.625340938568115,1
Clemson-DND_p274_c2_grm_std_uni,1,5.352680683135986,-4.7485833168029785,1
Clemson-DND_p274_c2_grm_std_uni,1,5.190136432647705,-4.521031379699707,1
Clemson-DND_p274_c2_grm_std_uni,1,5.348650932312012,-4.644828796386719,1
Clemson-DND_p274_c2_grm_std_uni,1,4.222292900085449,-3.614391803741455,1
Clemson-DND_p274_c2_grm_std_uni,1,4.986487865447998,-4.399651050567627,1
Clemson-DND_p274_c2_grm_std_uni,1,5.355930805206299,-4.869955062866211,1
Clemson-DND_p274_c2_grm_std_uni,1,5.33305549621582,-4.676652431488037,1
Clemson-DND_p274_c2_grm_std_uni,1,5.058852195739746,-4.301529407501221,1
Clemson-DND_p274_c2_grm_std_uni,1,4.981368064880371,-4.0298991203308105,1
Clemson-DND_p274_c2_grm_std_uni,1,4.661715984344482,-3.5885212421417236,1
Clemson-DND_p274_c2_grm_std_uni,1,4.290557861328125,-3.090120792388916,1
Clemson-DND_p274_c2_grm_std_uni,1,4.806717872619629,-3.6552670001983643,1
Clemson-DND_p274_c2_grm_std_uni,1,5.321045398712158,-4.225285530090332,1
Clemson-DND_p274_c2_grm_std_uni,1,6.03381872177124,-4.809869766235352,1
Clemson-DND_p274_c2_grm_std_uni,1,6.650047302246094,-5.448899745941162,1
Clemson-DND_p274_c2_grm_std_uni,1,6.876553058624268,-5.894296169281006,1
Clemson-DND_p274_c2_grm_std_uni,1,6.586035251617432,-5.995847702026367,1
Clemson-DND_p274_c2_grm_std_uni,1,6.353572368621826,-5.803598403930664,1
Clemson-DND_p274_c2_grm_std_uni,1,6.080506801605225,-5.172089099884033,1
Clemson-DND_p274_c2_grm_std_uni,1,6.672906875610352,-5.805010795593262,1
Clemson-DND_p274_c2_grm_std_uni,1,7.401297092437744,-6.501812934875488,1
Clemson-DND_p274_c2_grm_std_uni,1,7.370469093322754,-6.406046390533447,1
Clemson-DND_p274_c2_grm_std_uni,1,6.8940629959106445,-5.808342456817627,1
Clemson-DND_p274_c2_grm_std_uni,1,6.175220966339111,-5.196798801422119,1
Clemson-DND_p274_c2_grm_std_uni,1,6.119408130645752,-5.0941572189331055,1
Clemson-DND_p274_c2_grm_std_uni,1,6.249281406402588,-5.2617974281311035,1
Clemson-DND_p274_c2_grm_std_uni,1,6.514501094818115,-5.445296287536621,1
Clemson-DND_p274_c2_grm_std_uni,1,6.710268020629883,-5.624645709991455,1
Clemson-DND_p274_c2_grm_std_uni,1,6.897854328155518,-5.846368312835693,1
Clemson-DND_p274_c2_grm_std_uni,1,7.077398300170898,-6.157941818237305,1
Clemson-DND_p274_c2_grm_std_uni,1,6.624820232391357,-5.944246292114258,1
Clemson-DND_p274_c2_grm_std_uni,1,5.715348720550537,-5.109160900115967,1
Clemson-DND_p274_c2_grm_std_uni,1,4.5526123046875,-4.081658363342285,1
Clemson-DND_p274_c2_grm_std_uni,1,4.406850337982178,-4.097030162811279,1
Clemson-DND_p274_c2_grm_std_uni,1,4.485971450805664,-4.168184757232666,1
Clemson-DND_p274_c2_grm_std_uni,1,5.801270961761475,-5.505706787109375,1
Clemson-DND_p274_c2_grm_std_uni,1,6.231621265411377,-5.794922351837158,1
Clemson-DND_p274_c2_grm_std_uni,1,5.710441589355469,-5.196817874908447,1
Clemson-DND_p274_c2_grm_std_uni,1,5.216184616088867,-4.603512763977051,1
Clemson-DND_p274_c2_grm_std_uni,1,6.264126300811768,-5.620961666107178,1
Clemson-DND_p274_c2_grm_std_uni,1,6.699690341949463,-6.066061973571777,1
Clemson-DND_p274_c2_grm_std_uni,1,6.259737491607666,-5.568080425262451,1
Clemson-DND_p274_c2_grm_std_uni,1,5.937080383300781,-5.330503463745117,1
Clemson-DND_p274_c2_grm_std_uni,1,5.513071537017822,-5.0014190673828125,1
Clemson-DND_p274_c2_grm_std_uni,1,5.707054138183594,-4.853562831878662,1
Clemson-DND_p274_c2_grm_std_uni,1,5.397103786468506,-4.512438774108887,1
Clemson-DND_p274_c2_grm_std_uni,1,5.450085639953613,-4.522473335266113,1
Clemson-DND_p274_c2_grm_std_uni,1,5.26517915725708,-4.404975414276123,1
Clemson-DND_p274_c2_grm_std_uni,1,4.472257614135742,-3.878058910369873,1
Clemson-DND_p274_c2_grm_std_uni,1,5.463659763336182,-5.583069324493408,1
Clemson-DND_p274_c2_grm_std_uni,1,6.665792465209961,-6.691392421722412,1
Clemson-DND_p274_c2_grm_std_uni,1,6.166382312774658,-6.335503101348877,1
Clemson-DND_p274_c2_grm_std_uni,1,5.166518688201904,-4.095229148864746,1
Clemson-DND_p274_c2_grm_std_uni,1,5.2064738273620605,-4.022400856018066,1
Clemson-DND_p274_c2_grm_std_uni,1,4.637799263000488,-3.6348228454589844,1
Clemson-DND_p274_c2_grm_std_uni,1,3.790602922439575,-3.323517084121704,1
Clemson-DND_p274_c2_grm_std_uni,1,4.040647029876709,-3.768629550933838,1
Clemson-DND_p274_c2_grm_std_uni,1,5.512844562530518,-4.9633073806762695,1
Clemson-DND_p274_c2_grm_std_uni,1,5.942594528198242,-5.073245525360107,1
Clemson-DND_p274_c2_grm_std_uni,1,6.17741584777832,-5.027669906616211,1
Clemson-DND_p274_c2_grm_std_uni,1,6.050685405731201,-4.989649772644043,1
Clemson-DND_p274_c2_grm_std_uni,1,5.88866662979126,-4.817081928253174,1
Clemson-DND_p274_c2_grm_std_uni,1,6.200598239898682,-4.925517559051514,1
Clemson-DND_p274_c2_grm_std_uni,1,6.199673175811768,-4.6879682540893555,1
Clemson-DND_p274_c2_grm_std_uni,1,6.372048854827881,-4.623600482940674,1
Clemson-DND_p274_c2_grm_std_uni,1,6.202264785766602,-4.36290979385376,1
Clemson-DND_p274_c2_grm_std_uni,1,5.693084239959717,-4.339310169219971,1
Clemson-DND_p274_c2_grm_std_uni,1,5.592283725738525,-4.356942176818848,1
Clemson-DND_p274_c2_grm_std_uni,1,4.881350517272949,-4.037964820861816,1
Clemson-DND_p274_c2_grm_std_uni,1,4.859063625335693,-4.042476177215576,1
Clemson-DND_p274_c2_grm_std_uni,1,5.275810718536377,-4.542809963226318,1
Clemson-DND_p274_c2_grm_std_uni,1,5.619234561920166,-4.72305965423584,1
Clemson-DND_p274_c2_grm_std_uni,1,6.309011936187744,-5.296940326690674,1
Clemson-DND_p274_c2_grm_std_uni,1,5.893913745880127,-5.3079047203063965,1
Clemson-DND_p274_c2_grm_std_uni,1,5.623769760131836,-4.893180847167969,1
Clemson-DND_p274_c2_grm_std_uni,1,5.6996660232543945,-4.55646276473999,1
Clemson-DND_p274_c2_grm_std_uni,1,6.239930152893066,-5.072539806365967,1
Clemson-DND_p274_c2_grm_std_uni,1,6.5108256340026855,-5.718713760375977,1
Clemson-DND_p274_c2_grm_std_uni,1,6.480527877807617,-6.107348918914795,1
Clemson-DND_p274_c2_grm_std_uni,1,6.771936893463135,-6.497995376586914,1
Clemson-DND_p274_c2_grm_std_uni,1,6.8677778244018555,-6.83012056350708,1
Clemson-DND_p274_c2_grm_std_uni,1,7.087150573730469,-6.984071254730225,1
Clemson-DND_p274_c2_grm_std_uni,1,6.674874305725098,-6.2919111251831055,1
Clemson-DND_p274_c2_grm_std_uni,1,6.614720344543457,-6.006723403930664,1
Clemson-DND_p274_c2_grm_std_uni,1,6.943009853363037,-6.129580497741699,1
Clemson-DND_p274_c2_grm_std_uni,1,6.392016410827637,-5.3760175704956055,1
Clemson-DND_p274_c2_grm_std_uni,1,5.386317729949951,-4.21798849105835,1
Clemson-DND_p274_c2_grm_std_uni,1,4.436602592468262,-3.671325206756592,1
Clemson-DND_p274_c2_grm_std_uni,1,4.069221496582031,-2.9872195720672607,1
Clemson-DND_p274_c2_grm_std_uni,1,3.855626344680786,-3.1690056324005127,1
Clemson-DND_p274_c2_grm_std_uni,1,3.534623146057129,-2.8279643058776855,1
Clemson-DND_p274_c2_grm_std_uni,2,3.9635090827941895,-2.9696691036224365,1
Clemson-DND_p274_c2_grm_std_uni,1,4.45552396774292,-3.0785834789276123,1
Clemson-DND_p274_c2_grm_std_uni,1,5.281971454620361,-4.417753219604492,1
Clemson-DND_p274_c2_grm_std_uni,1,5.415903091430664,-4.5789875984191895,1
Clemson-DND_p274_c2_grm_std_uni,1,5.27009391784668,-4.227869987487793,1
Clemson-DND_p274_c2_grm_std_uni,1,5.276127338409424,-4.437525272369385,1
Clemson-DND_p274_c2_grm_std_uni,1,5.567691326141357,-4.582472801208496,1
Clemson-DND_p274_c2_grm_std_uni,1,6.086912631988525,-4.428670883178711,1
Clemson-DND_p274_c2_grm_std_uni,1,6.140739440917969,-4.908791542053223,1
Clemson-DND_p274_c2_grm_std_uni,1,6.595491886138916,-5.389997959136963,1
Clemson-DND_p274_c2_grm_std_uni,1,7.321164608001709,-6.51928186416626,1
Clemson-DND_p274_c2_grm_std_uni,1,5.652664661407471,-5.0082855224609375,1
Clemson-DND_p274_c2_grm_std_uni,1,5.114339828491211,-4.660892963409424,1
Clemson-DND_p274_c2_grm_std_uni,1,5.116429328918457,-4.674539089202881,1
Clemson-DND_p274_c2_grm_std_uni,1,4.405063152313232,-3.6717634201049805,1
Clemson-DND_p274_c2_grm_std_uni,1,3.932551860809326,-2.840681314468384,1
Clemson-DND_p274_c2_grm_std_uni,1,4.204550266265869,-3.1208767890930176,1
Clemson-DND_p274_c2_grm_std_uni,1,4.717046737670898,-3.8965225219726562,1
Clemson-DND_p274_c2_grm_std_uni,1,4.99660587310791,-4.322484970092773,1
Clemson-DND_p274_c2_grm_std_uni,1,4.958597183227539,-4.308808326721191,1
Clemson-DND_p274_c2_grm_std_uni,1,4.977532386779785,-4.2035231590271,1
Clemson-DND_p274_c2_grm_std_uni,1,5.011319160461426,-4.119875431060791,1
Clemson-DND_p274_c2_grm_std_uni,1,5.083686828613281,-4.19696044921875,1
Clemson-DND_p274_c2_grm_std_uni,1,5.164029598236084,-4.219952583312988,1
Clemson-DND_p274_c2_grm_std_uni,1,5.5070695877075195,-4.464670181274414,1
Clemson-DND_p274_c2_grm_std_uni,1,5.636086940765381,-4.613263130187988,1
Clemson-DND_p274_c2_grm_std_uni,1,5.874470233917236,-4.906540870666504,1
Clemson-DND_p274_c2_grm_std_uni,1,5.964457035064697,-5.007973670959473,1
Clemson-DND_p274_c2_grm_std_uni,1,6.206794261932373,-5.044117450714111,1
Clemson-DND_p274_c2_grm_std_uni,1,6.693060398101807,-5.17648983001709,1
Clemson-DND_p274_c2_grm_std_uni,1,7.014310836791992,-5.385769844055176,1
Clemson-DND_p274_c2_grm_std_uni,1,7.313805103302002,-6.0729899406433105,1
Clemson-DND_p274_c2_grm_std_uni,1,7.518495559692383,-6.595720291137695,1
Clemson-DND_p274_c2_grm_std_uni,1,7.203986167907715,-6.29706335067749,1
Clemson-DND_p274_c2_grm_std_uni,1,7.131958484649658,-5.941595077514648,1
Clemson-DND_p274_c2_grm_std_uni,1,7.206361293792725,-5.831085205078125,1
Clemson-DND_p274_c2_grm_std_uni,1,7.519841194152832,-6.0409088134765625,1
Clemson-DND_p274_c2_grm_std_uni,1,7.113087177276611,-5.480823040008545,1
Clemson-DND_p274_c2_grm_std_uni,1,6.4079976081848145,-4.321681022644043,1
Clemson-DND_p274_c2_grm_std_uni,1,5.590325355529785,-3.500767469406128,1
Clemson-DND_p274_c2_grm_std_uni,1,5.274859428405762,-3.6162221431732178,1
Clemson-DND_p274_c2_grm_std_uni,1,5.292936325073242,-4.034341335296631,1
Clemson-DND_p274_c2_grm_std_uni,1,5.682869911193848,-4.555590629577637,1
Clemson-DND_p274_c2_grm_std_uni,1,5.918581485748291,-5.133693218231201,1
Clemson-DND_p274_c2_grm_std_uni,1,5.760693073272705,-4.8748040199279785,1
Clemson-DND_p274_c2_grm_std_uni,1,5.757233619689941,-5.038387775421143,1
Clemson-DND_p274_c2_grm_std_uni,1,5.178998947143555,-4.3132643699646,1
Clemson-DND_p274_c2_grm_std_uni,1,5.551747798919678,-4.094371318817139,1
Clemson-DND_p274_c2_grm_std_uni,1,5.305915832519531,-4.059257984161377,1
Clemson-DND_p274_c2_grm_std_uni,1,5.698782920837402,-4.338088512420654,1
Clemson-DND_p274_c2_grm_std_uni,1,5.9672441482543945,-4.336028575897217,1
Clemson-DND_p274_c2_grm_std_uni,1,5.692078590393066,-4.30584716796875,1
Clemson-DND_p274_c2_grm_std_uni,1,5.604792594909668,-4.092539310455322,1
Clemson-DND_p274_c2_grm_std_uni,1,5.1250081062316895,-3.4370248317718506,1
Clemson-DND_p274_c2_grm_std_uni,1,4.870818614959717,-3.122830390930176,1
Clemson-DND_p274_c2_grm_std_uni,1,4.845954895019531,-3.3357937335968018,1
Clemson-DND_p274_c2_grm_std_uni,1,4.435018539428711,-3.067472219467163,1
Clemson-DND_p274_c2_grm_std_uni,1,4.673006057739258,-3.532466173171997,1
Clemson-DND_p274_c2_grm_std_uni,1,5.003161907196045,-4.088920593261719,1
Clemson-DND_p274_c2_grm_std_uni,1,5.596998691558838,-4.2748613357543945,1
Clemson-DND_p274_c2_grm_std_uni,1,5.963164806365967,-4.746854305267334,1
Clemson-DND_p274_c2_grm_std_uni,1,5.820378303527832,-4.329736709594727,1
Clemson-DND_p274_c2_grm_std_uni,1,5.690488338470459,-4.145351409912109,1
Clemson-DND_p274_c2_grm_std_uni,1,5.802307605743408,-4.20900297164917,1
Clemson-DND_p274_c2_grm_std_uni,1,6.086106777191162,-4.391901969909668,1
Clemson-DND_p274_c2_grm_std_uni,1,6.199453830718994,-4.628106594085693,1
Clemson-DND_p274_c2_grm_std_uni,1,6.2032575607299805,-4.612878322601318,1
Clemson-DND_p274_c2_grm_std_uni,1,6.135993480682373,-4.418404579162598,1
Clemson-DND_p274_c2_grm_std_uni,1,5.910205364227295,-4.44924259185791,1
Clemson-DND_p274_c2_grm_std_uni,1,5.980534553527832,-4.516137599945068,1
Clemson-DND_p274_c2_grm_std_uni,1,5.980001449584961,-4.670431613922119,1
Clemson-DND_p274_c2_grm_std_uni,1,5.754149913787842,-4.613061904907227,1
Clemson-DND_p274_c2_grm_std_uni,1,6.0960893630981445,-4.754336833953857,1
Clemson-DND_p274_c2_grm_std_uni,1,6.110482215881348,-4.921901226043701,1
Clemson-DND_p274_c2_grm_std_uni,1,5.789565563201904,-4.67494535446167,1
Clemson-DND_p274_c2_grm_std_uni,1,5.410470485687256,-4.6761016845703125,1
Clemson-DND_p274_c2_grm_std_uni,1,5.048299789428711,-4.472875118255615,1
Clemson-DND_p274_c2_grm_std_uni,1,5.226441383361816,-4.415736675262451,1
Clemson-DND_p274_c2_grm_std_uni,1,4.510910987854004,-4.020899772644043,1
Clemson-DND_p274_c2_grm_std_uni,1,4.799315929412842,-4.222675323486328,1
Clemson-DND_p274_c2_grm_std_uni,1,5.209574222564697,-4.385863780975342,1
Clemson-DND_p274_c2_grm_std_uni,1,5.425562858581543,-4.5400190353393555,1
Clemson-DND_p274_c2_grm_std_uni,1,5.616788864135742,-4.70285701751709,1
Clemson-DND_p274_c2_grm_std_uni,1,5.833272933959961,-4.442933082580566,1
Clemson-DND_p274_c2_grm_std_uni,1,5.7160820960998535,-4.4032135009765625,1
Clemson-DND_p274_c2_grm_std_uni,1,5.373568058013916,-4.215631008148193,1
Clemson-DND_p274_c2_grm_std_uni,1,4.9375996589660645,-3.425466775894165,1
Clemson-DND_p274_c2_grm_std_uni,1,5.001464366912842,-3.3320398330688477,1
Clemson-DND_p274_c2_grm_std_uni,1,5.050329685211182,-3.531557559967041,1
Clemson-DND_p274_c2_grm_std_uni,1,5.640696048736572,-4.303675651550293,1
Clemson-DND_p274_c2_grm_std_uni,1,5.975258827209473,-4.724869251251221,1
Clemson-DND_p274_c2_grm_std_uni,1,5.487479209899902,-4.803125381469727,1
Clemson-DND_p274_c2_grm_std_uni,1,5.270476341247559,-4.517695426940918,1
Clemson-DND_p274_c2_grm_std_uni,1,5.671792030334473,-4.366388320922852,1
Clemson-DND_p274_c2_grm_std_uni,1,5.250685691833496,-3.707489013671875,1
Clemson-DND_p274_c2_grm_std_uni,1,4.377758979797363,-3.16171932220459,1
Clemson-DND_p274_c2_grm_std_uni,1,4.664833068847656,-3.4919791221618652,1
Clemson-DND_p274_c2_grm_std_uni,1,4.623851299285889,-3.7699601650238037,1
Clemson-DND_p274_c2_grm_std_uni,1,4.575735569000244,-3.9549055099487305,1
Clemson-DND_p274_c2_grm_std_uni,1,3.999504804611206,-3.388777256011963,1
Clemson-DND_p274_c2_grm_std_uni,1,5.05482292175293,-3.9042792320251465,1
Clemson-DND_p274_c2_grm_std_uni,1,5.151171684265137,-4.011391639709473,1
Clemson-DND_p274_c2_grm_std_uni,1,5.396330833435059,-4.539888381958008,1
Clemson-DND_p274_c2_grm_std_uni,1,5.715790271759033,-4.586068630218506,1
Clemson-DND_p274_c2_grm_std_uni,1,6.633592128753662,-5.361861228942871,1
Clemson-DND_p274_c2_grm_std_uni,1,6.753178119659424,-5.562492370605469,1
Clemson-DND_p274_c2_grm_std_uni,1,6.764759540557861,-5.699685573577881,1
Clemson-DND_p274_c2_grm_std_uni,1,6.597986221313477,-5.425164222717285,1
Clemson-DND_p274_c2_grm_std_uni,1,5.815629959106445,-4.21343994140625,1
Clemson-DND_p274_c2_grm_std_uni,1,6.149903774261475,-4.358815670013428,1
Clemson-DND_p274_c2_grm_std_uni,1,5.472489356994629,-3.3494491577148438,1
Clemson-DND_p274_c2_grm_std_uni,1,5.088034152984619,-3.2516393661499023,1
Clemson-DND_p274_c2_grm_std_uni,1,4.901235580444336,-2.9937281608581543,1
Clemson-DND_p274_c2_grm_std_uni,1,4.64060640335083,-3.1698415279388428,1
Clemson-DND_p274_c2_grm_std_uni,1,4.981627464294434,-3.456451416015625,1
Clemson-DND_p274_c2_grm_std_uni,1,5.570357322692871,-3.9062094688415527,1
Clemson-DND_p274_c2_grm_std_uni,1,5.802002906799316,-4.431315898895264,1
Clemson-DND_p274_c2_grm_std_uni,1,5.9198198318481445,-4.232754707336426,1
Clemson-DND_p274_c2_grm_std_uni,1,6.12151575088501,-4.714757442474365,1
Clemson-DND_p274_c2_grm_std_uni,1,6.026020526885986,-4.517938137054443,1
Clemson-DND_p274_c2_grm_std_uni,1,6.79462194442749,-5.211038589477539,1
Clemson-DND_p274_c2_grm_std_uni,1,6.777639389038086,-5.2099289894104,1
Clemson-DND_p274_c2_grm_std_uni,1,6.794408321380615,-5.326919078826904,1
Clemson-DND_p274_c2_grm_std_uni,1,7.1110076904296875,-5.283805847167969,1
Clemson-DND_p274_c2_grm_std_uni,1,6.552680015563965,-5.108816623687744,1
Clemson-DND_p274_c2_grm_std_uni,1,6.575135231018066,-5.138998985290527,1
Clemson-DND_p274_c2_grm_std_uni,1,6.442655563354492,-4.779001235961914,1
Clemson-DND_p274_c2_grm_std_uni,1,6.034228324890137,-4.331314563751221,1
Clemson-DND_p274_c2_grm_std_uni,1,5.922036647796631,-4.187685966491699,1
Clemson-DND_p274_c2_grm_std_uni,1,5.719850063323975,-3.996009588241577,1
Clemson-DND_p274_c2_grm_std_uni,1,5.592573165893555,-3.8386571407318115,1
Clemson-DND_p274_c2_grm_std_uni,1,4.991936683654785,-3.3309884071350098,1
Clemson-DND_p274_c2_grm_std_uni,1,4.668262004852295,-3.103607654571533,1
Clemson-DND_p274_c2_grm_std_uni,1,4.918457984924316,-3.435325860977173,1
Clemson-DND_p274_c2_grm_std_uni,1,5.090017318725586,-3.618286371231079,1
Clemson-DND_p274_c2_grm_std_uni,1,5.358073711395264,-3.989708423614502,1
Clemson-DND_p274_c2_grm_std_uni,1,5.607640743255615,-4.264961242675781,1
Clemson-DND_p274_c2_grm_std_uni,1,5.59423828125,-4.21492862701416,1
Clemson-DND_p274_c2_grm_std_uni,1,5.749731063842773,-4.459766864776611,1
Clemson-DND_p274_c2_grm_std_uni,1,5.949883460998535,-4.921186447143555,1
Clemson-DND_p274_c2_grm_std_uni,1,5.824254512786865,-4.677050590515137,1
Clemson-DND_p274_c2_grm_std_uni,1,5.726387977600098,-4.838874340057373,1
Clemson-DND_p274_c2_grm_std_uni,1,5.713352680206299,-4.955942153930664,1
Clemson-DND_p274_c2_grm_std_uni,1,5.963990211486816,-5.059484481811523,1
Clemson-DND_p274_c2_grm_std_uni,1,6.197845458984375,-5.000217914581299,1
Clemson-DND_p274_c2_grm_std_uni,1,6.682321548461914,-5.494190692901611,1
Clemson-DND_p274_c2_grm_std_uni,1,6.864212512969971,-6.0825395584106445,1
Clemson-DND_p274_c2_grm_std_uni,1,6.7331862449646,-5.825878620147705,1
Clemson-DND_p274_c2_grm_std_uni,1,6.6942458152771,-5.813985347747803,1
Clemson-DND_p274_c2_grm_std_uni,1,5.912900924682617,-5.176836967468262,1
Clemson-DND_p274_c2_grm_std_uni,1,5.874553203582764,-5.111906051635742,1
Clemson-DND_p274_c2_grm_std_uni,1,6.252367973327637,-5.494522571563721,1
Clemson-DND_p274_c2_grm_std_uni,1,6.383704662322998,-5.716048240661621,1
Clemson-DND_p274_c2_grm_std_uni,1,6.367655277252197,-5.698776721954346,1
Clemson-DND_p274_c2_grm_std_uni,1,6.227675914764404,-5.431625843048096,1
Clemson-DND_p274_c2_grm_std_uni,1,6.14735746383667,-5.205824375152588,1
Clemson-DND_p274_c2_grm_std_uni,1,6.792648792266846,-6.15739631652832,1
Clemson-DND_p274_c2_grm_std_uni,1,7.088204383850098,-6.7617058753967285,1
Clemson-DND_p274_c2_grm_std_uni,1,7.140411376953125,-6.942679405212402,1
Clemson-DND_p274_c2_grm_std_uni,1,7.71122932434082,-7.2475152015686035,1
Clemson-DND_p274_c2_grm_std_uni,1,7.397597789764404,-6.628283500671387,1
Clemson-DND_p274_c2_grm_std_uni,1,5.632708549499512,-4.921875953674316,1
Clemson-DND_p274_c2_grm_std_uni,1,5.651221752166748,-4.868451118469238,1
Clemson-DND_p274_c2_grm_std_uni,1,6.477865695953369,-5.8390913009643555,1
Clemson-DND_p274_c2_grm_std_uni,1,6.327287197113037,-5.83011531829834,1
Clemson-DND_p274_c2_grm_std_uni,1,5.954010486602783,-5.374915599822998,1
Clemson-DND_p274_c2_grm_std_uni,1,4.6572346687316895,-4.279063701629639,1
Clemson-DND_p274_c2_grm_std_uni,1,4.64982795715332,-4.245725154876709,1
Clemson-DND_p274_c2_grm_std_uni,1,4.401791095733643,-4.033614635467529,1
Clemson-DND_p274_c2_grm_std_uni,1,4.156069278717041,-3.9541802406311035,1
Clemson-DND_p274_c2_grm_std_uni,1,4.185757160186768,-4.097188472747803,1
Clemson-DND_p274_c2_grm_std_uni,1,4.469708442687988,-4.311554908752441,1
Clemson-DND_p274_c2_grm_std_uni,1,4.598948955535889,-4.284670352935791,1
Clemson-DND_p274_c2_grm_std_uni,1,3.2195310592651367,-3.037692070007324,1
Clemson-DND_p274_c2_grm_std_uni,1,2.7659828662872314,-2.7430150508880615,1
Clemson-DND_p274_c2_grm_std_uni,1,3.259371519088745,-3.354048252105713,1
Clemson-DND_p274_c2_grm_std_uni,1,3.4675989151000977,-3.5639078617095947,1
Clemson-DND_p274_c2_grm_std_uni,1,3.85642147064209,-4.173359394073486,1
Clemson-DND_p274_c2_grm_std_uni,1,4.101988315582275,-4.621521949768066,1
Clemson-DND_p274_c2_grm_std_uni,1,4.7011942863464355,-4.792830944061279,1
Clemson-DND_p274_c2_grm_std_uni,1,5.0341291427612305,-5.031198024749756,1
Clemson-DND_p274_c2_grm_std_uni,1,6.176293849945068,-6.0297064781188965,1
Clemson-DND_p274_c2_grm_std_uni,1,6.893417835235596,-6.602533340454102,1
Clemson-DND_p274_c2_grm_std_uni,1,7.332507610321045,-6.696109294891357,1
Clemson-DND_p274_c2_grm_std_uni,1,6.336787700653076,-6.338791370391846,1
Clemson-DND_p274_c2_grm_std_uni,1,5.506896018981934,-5.73510217666626,1
Clemson-DND_p274_c2_grm_std_uni,1,5.074507236480713,-4.898047924041748,1
Clemson-DND_p274_c2_grm_std_uni,1,4.794247150421143,-4.529929161071777,1
Clemson-DND_p274_c2_grm_std_uni,1,3.6661150455474854,-3.3011627197265625,1
Clemson-DND_p274_c2_grm_std_uni,1,3.3278236389160156,-3.0570552349090576,1
Clemson-DND_p274_c2_grm_std_uni,1,4.352449893951416,-3.6508967876434326,1
Clemson-DND_p274_c2_grm_std_uni,1,5.1321330070495605,-4.10918664932251,1
Clemson-DND_p274_c2_grm_std_uni,1,5.714929103851318,-4.630526065826416,1
Clemson-DND_p274_c2_grm_std_uni,1,5.519498348236084,-4.721810817718506,1
Clemson-DND_p274_c2_grm_std_uni,1,5.982828140258789,-4.592579364776611,1
Clemson-DND_p274_c2_grm_std_uni,1,6.055241107940674,-4.499087810516357,1
Clemson-DND_p274_c2_grm_std_uni,1,6.414948463439941,-4.756165981292725,1
Clemson-DND_p274_c2_grm_std_uni,1,6.424323558807373,-4.796616554260254,1
Clemson-DND_p274_c2_grm_std_uni,1,6.75499963760376,-5.656972408294678,1
Clemson-DND_p274_c2_grm_std_uni,1,6.7538652420043945,-5.668830871582031,1
Clemson-DND_p274_c2_grm_std_uni,1,6.044848918914795,-4.8610405921936035,1
Clemson-DND_p274_c2_grm_std_uni,1,5.699776649475098,-4.573582172393799,1
Clemson-DND_p274_c2_grm_std_uni,1,6.698178768157959,-5.404974937438965,1
Clemson-DND_p274_c2_grm_std_uni,1,6.987712383270264,-5.814859390258789,1
Clemson-DND_p274_c2_grm_std_uni,1,5.991537570953369,-4.55040979385376,1
Clemson-DND_p274_c2_grm_std_uni,1,5.884979248046875,-4.747128486633301,1
Clemson-DND_p274_c2_grm_std_uni,1,5.840385437011719,-4.8336181640625,1
Clemson-DND_p274_c2_grm_std_uni,1,5.587912082672119,-4.373239994049072,1
Clemson-DND_p274_c2_grm_std_uni,1,5.820551872253418,-4.56956148147583,1
Clemson-DND_p274_c2_grm_std_uni,1,5.7032551765441895,-4.145096778869629,1
Clemson-DND_p274_c2_grm_std_uni,1,6.670759677886963,-5.070878028869629,1
Clemson-DND_p274_c2_grm_std_uni,1,7.497272968292236,-5.962738037109375,1
Clemson-DND_p274_c2_grm_std_uni,1,8.404242515563965,-6.942506790161133,1
Clemson-DND_p274_c2_grm_std_uni,1,8.249979019165039,-7.1399922370910645,1
Clemson-DND_p274_c2_grm_std_uni,1,7.4517083168029785,-6.76942777633667,1
Clemson-DND_p274_c2_grm_std_uni,1,6.804032325744629,-5.6966705322265625,1
Clemson-DND_p274_c2_grm_std_uni,1,5.9885663986206055,-4.634276390075684,1
Clemson-DND_p274_c2_grm_std_uni,1,5.837727069854736,-4.520777702331543,1
Clemson-DND_p274_c2_grm_std_uni,1,4.532334804534912,-3.4687185287475586,1
Clemson-DND_p274_c2_grm_std_uni,1,5.472314834594727,-4.499517440795898,1
Clemson-DND_p274_c2_grm_std_uni,1,5.680927753448486,-4.623478889465332,1
Clemson-DND_p274_c2_grm_std_uni,1,5.636813163757324,-4.75726318359375,1
Clemson-DND_p274_c2_grm_std_uni,1,6.034235954284668,-4.899920463562012,1
Clemson-DND_p274_c2_grm_std_uni,1,6.1087541580200195,-4.86544942855835,1
Clemson-DND_p274_c2_grm_std_uni,1,5.399602890014648,-4.779488563537598,1
Clemson-DND_p274_c2_grm_std_uni,1,5.807839393615723,-4.688897609710693,1
Clemson-DND_p274_c2_grm_std_uni,1,5.560500144958496,-4.2905073165893555,1
Clemson-DND_p274_c2_grm_std_uni,1,4.459096908569336,-3.702308177947998,1
Clemson-DND_p274_c2_grm_std_uni,1,4.912539482116699,-3.558560848236084,1
Clemson-DND_p274_c2_grm_std_uni,1,5.382467269897461,-4.219338417053223,1
Clemson-DND_p274_c2_grm_std_uni,1,6.091052055358887,-5.170525074005127,1
Clemson-DND_p274_c2_grm_std_uni,1,6.087057590484619,-5.57785177230835,1
Clemson-DND_p274_c2_grm_std_uni,1,6.257905960083008,-5.797447681427002,1
Clemson-DND_p274_c2_grm_std_uni,1,5.980772495269775,-4.940690994262695,1
Clemson-DND_p274_c2_grm_std_uni,1,5.779930591583252,-4.3273186683654785,1
Clemson-DND_p274_c2_grm_std_uni,1,6.060165882110596,-4.0800604820251465,1
Clemson-DND_p274_c2_grm_std_uni,1,5.633453845977783,-3.701218605041504,1
Clemson-DND_p274_c2_grm_std_uni,1,5.1290411949157715,-3.114386796951294,1
Clemson-DND_p274_c2_grm_std_uni,1,4.93760347366333,-3.6631171703338623,1
Clemson-DND_p274_c2_grm_std_uni,1,4.336968421936035,-3.1085002422332764,1
Clemson-DND_p274_c2_grm_std_uni,1,4.731083869934082,-3.4184067249298096,1
Clemson-DND_p274_c2_grm_std_uni,1,5.22097635269165,-3.6270060539245605,1
Clemson-DND_p274_c2_grm_std_uni,1,5.485477924346924,-4.12562894821167,1
Clemson-DND_p274_c2_grm_std_uni,1,5.431333541870117,-4.202576160430908,1
Clemson-DND_p274_c2_grm_std_uni,1,5.807234764099121,-4.570979118347168,1
Clemson-DND_p274_c2_grm_std_uni,1,5.817667007446289,-4.79653263092041,1
Clemson-DND_p274_c2_grm_std_uni,1,6.201667308807373,-5.33491849899292,1
Clemson-DND_p274_c2_grm_std_uni,1,5.898064136505127,-5.030474662780762,1
Clemson-DND_p274_c2_grm_std_uni,1,5.934436321258545,-4.851478576660156,1
Clemson-DND_p274_c2_grm_std_uni,1,5.594024181365967,-4.446552753448486,1
Clemson-DND_p274_c2_grm_std_uni,1,5.737875461578369,-4.439631462097168,1
Clemson-DND_p274_c2_grm_std_uni,1,6.178924083709717,-5.064408779144287,1
Clemson-DND_p274_c2_grm_std_uni,1,6.201639175415039,-5.075098991394043,1
Clemson-DND_p274_c2_grm_std_uni,1,6.338945388793945,-5.018887042999268,1
Clemson-DND_p274_c2_grm_std_uni,1,6.249838352203369,-4.634552001953125,1
Clemson-DND_p274_c2_grm_std_uni,1,6.055655002593994,-4.269349575042725,1
Clemson-DND_p274_c2_grm_std_uni,1,5.7567830085754395,-4.0869646072387695,1
Clemson-DND_p274_c2_grm_std_uni,1,5.501189708709717,-3.731675386428833,1
Clemson-DND_p274_c2_grm_std_uni,1,5.338363170623779,-3.781355381011963,1
Clemson-DND_p274_c2_grm_std_uni,1,5.398926258087158,-3.9005286693573,1
Clemson-DND_p274_c2_grm_std_uni,1,5.4029645919799805,-3.899092197418213,1
Clemson-DND_p274_c2_grm_std_uni,1,5.359023094177246,-4.019967079162598,1
Clemson-DND_p274_c2_grm_std_uni,1,5.696004867553711,-4.23931360244751,1
Clemson-DND_p274_c2_grm_std_uni,1,6.17813777923584,-4.638847827911377,1
Clemson-DND_p274_c2_grm_std_uni,1,6.8985795974731445,-5.570988655090332,1
Clemson-DND_p274_c2_grm_std_uni,1,6.633621692657471,-5.820045471191406,1
Clemson-DND_p274_c2_grm_std_uni,1,5.718386173248291,-4.499229431152344,1
Clemson-DND_p274_c2_grm_std_uni,1,5.210408687591553,-3.7937653064727783,1
Clemson-DND_p274_c2_grm_std_uni,1,4.710289478302002,-3.4131669998168945,1
Clemson-DND_p274_c2_grm_std_uni,1,4.484611511230469,-3.401926279067993,1
Clemson-DND_p274_c2_grm_std_uni,1,4.543709754943848,-3.6193971633911133,1
Clemson-DND_p274_c2_grm_std_uni,1,4.708806037902832,-3.7749733924865723,1
Clemson-DND_p274_c2_grm_std_uni,1,4.549500942230225,-3.7222020626068115,1
Clemson-DND_p274_c2_grm_std_uni,1,4.313993453979492,-3.780709981918335,1
Clemson-DND_p274_c2_grm_std_uni,2,4.881660461425781,-4.328530788421631,1
Clemson-DND_p274_c2_grm_std_uni,1,5.093833923339844,-4.126612663269043,1
Clemson-DND_p274_c2_grm_std_uni,1,5.141767501831055,-4.113924980163574,1
Clemson-DND_p274_c2_grm_std_uni,1,5.26992130279541,-4.030735492706299,1
Clemson-DND_p274_c2_grm_std_uni,1,5.557336330413818,-4.274046897888184,1
Clemson-DND_p274_c2_grm_std_uni,1,6.277990341186523,-4.9331746101379395,1
Clemson-DND_p274_c2_grm_std_uni,1,6.626657962799072,-5.133392810821533,1
Clemson-DND_p274_c2_grm_std_uni,1,5.8823747634887695,-4.391891002655029,1
Clemson-DND_p274_c2_grm_std_uni,1,5.962963581085205,-4.3804931640625,1
Clemson-DND_p274_c2_grm_std_uni,1,6.007569313049316,-4.371832370758057,1
Clemson-DND_p274_c2_grm_std_uni,1,6.218839168548584,-4.573660373687744,1
Clemson-DND_p274_c2_grm_std_uni,1,5.807480812072754,-4.119836330413818,1
Clemson-DND_p274_c2_grm_std_uni,1,5.632082939147949,-3.6379876136779785,1
Clemson-DND_p274_c2_grm_std_uni,1,5.465476989746094,-3.5485503673553467,1
Clemson-DND_p274_c2_grm_std_uni,1,4.920439720153809,-3.2146544456481934,1
Clemson-DND_p274_c2_grm_std_uni,1,4.584371566772461,-3.311131238937378,1
Clemson-DND_p274_c2_grm_std_uni,1,4.528830051422119,-3.420914888381958,1
Clemson-DND_p274_c2_grm_std_uni,1,4.482717990875244,-3.156184673309326,1
Clemson-DND_p274_c2_grm_std_uni,1,4.497115135192871,-3.0810818672180176,1
Clemson-DND_p274_c2_grm_std_uni,1,4.529608726501465,-3.048248767852783,1
Clemson-DND_p274_c2_grm_std_uni,1,4.583993434906006,-3.1363723278045654,1
Clemson-DND_p274_c2_grm_std_uni,1,4.904114723205566,-3.6820168495178223,1
Clemson-DND_p274_c2_grm_std_uni,1,5.535179138183594,-4.29948091506958,1
Clemson-DND_p274_c2_grm_std_uni,1,5.824002742767334,-4.5324320793151855,1
Clemson-DND_p274_c2_grm_std_uni,1,5.624490737915039,-4.244327068328857,1
Clemson-DND_p274_c2_grm_std_uni,1,5.556186199188232,-4.199253559112549,1
Clemson-DND_p274_c2_grm_std_uni,1,5.567370891571045,-4.215634346008301,1
Clemson-DND_p274_c2_grm_std_uni,1,5.643843173980713,-4.367952823638916,1
Clemson-DND_p274_c2_grm_std_uni,1,5.642321586608887,-4.295596122741699,1
Clemson-DND_p274_c2_grm_std_uni,1,5.833685874938965,-4.364998817443848,1
Clemson-DND_p274_c2_grm_std_uni,1,5.736217975616455,-4.120625019073486,1
Clemson-DND_p274_c2_grm_std_uni,1,5.371518611907959,-3.5412611961364746,1
Clemson-DND_p274_c2_grm_std_uni,1,4.968315124511719,-3.4854955673217773,1
Clemson-DND_p274_c2_grm_std_uni,1,4.692079544067383,-3.2924580574035645,1
Clemson-DND_p274_c2_grm_std_uni,1,4.781535625457764,-3.3522019386291504,1
Clemson-DND_p274_c2_grm_std_uni,1,4.927354335784912,-3.4482340812683105,1
Clemson-DND_p274_c2_grm_std_uni,1,5.255110740661621,-4.114700794219971,1
Clemson-DND_p274_c2_grm_std_uni,1,5.395468711853027,-4.340234279632568,1
Clemson-DND_p274_c2_grm_std_uni,1,5.734646797180176,-4.655251979827881,1
Clemson-DND_p274_c2_grm_std_uni,1,5.7901225090026855,-4.586450576782227,1
Clemson-DND_p274_c2_grm_std_uni,1,5.704663276672363,-4.42891788482666,1
Clemson-DND_p274_c2_grm_std_uni,1,5.430130481719971,-3.9704461097717285,1
Clemson-DND_p274_c2_grm_std_uni,1,5.440295696258545,-4.071831703186035,1
Clemson-DND_p274_c2_grm_std_uni,1,5.306329250335693,-4.378004550933838,1
Clemson-DND_p274_c2_grm_std_uni,1,5.287222385406494,-4.441773891448975,1
Clemson-DND_p274_c2_grm_std_uni,1,4.872293949127197,-3.940939426422119,1
Clemson-DND_p274_c2_grm_std_uni,1,5.3068037033081055,-4.258748531341553,1
Clemson-DND_p274_c2_grm_std_uni,1,5.36741828918457,-4.297749996185303,1
Clemson-DND_p274_c2_grm_std_uni,1,5.04394006729126,-4.485795497894287,1
Clemson-DND_p274_c2_grm_std_uni,1,5.646917343139648,-5.3192524909973145,1
Clemson-DND_p274_c2_grm_std_uni,1,6.220326900482178,-6.314676761627197,1
Clemson-DND_p274_c2_grm_std_uni,1,6.093257427215576,-6.099851131439209,1
Clemson-DND_p274_c2_grm_std_uni,1,5.716606616973877,-5.377354621887207,1
Clemson-DND_p274_c2_grm_std_uni,1,5.090669631958008,-4.512789726257324,1
Clemson-DND_p274_c2_grm_std_uni,1,6.002987384796143,-5.2245774269104,1
Clemson-DND_p274_c2_grm_std_uni,1,6.851850986480713,-5.83889627456665,1
Clemson-DND_p274_c2_grm_std_uni,1,6.651063919067383,-5.710025310516357,1
Clemson-DND_p274_c2_grm_std_uni,1,6.252923488616943,-5.3280229568481445,1
Clemson-DND_p274_c2_grm_std_uni,1,5.078943729400635,-4.050034999847412,1
Clemson-DND_p274_c2_grm_std_uni,1,5.283695697784424,-4.233620643615723,1
Clemson-DND_p274_c2_grm_std_uni,1,5.729948043823242,-4.883680820465088,1
Clemson-DND_p274_c2_grm_std_uni,1,6.692168712615967,-5.663810729980469,1
Clemson-DND_p274_c2_grm_std_uni,1,7.32529354095459,-6.339533805847168,1
Clemson-DND_p274_c2_grm_std_uni,1,6.771520137786865,-6.271012783050537,1
Clemson-DND_p274_c2_grm_std_uni,1,5.624421119689941,-5.195372581481934,1
Clemson-DND_p274_c2_grm_std_uni,1,6.42692756652832,-5.628001689910889,1
Clemson-DND_p274_c2_grm_std_uni,1,6.624548435211182,-5.872391223907471,1
Clemson-DND_p274_c2_grm_std_uni,1,5.892900466918945,-5.374392986297607,1
Clemson-DND_p274_c2_grm_std_uni,1,6.44718074798584,-5.872190952301025,1
Clemson-DND_p274_c2_grm_std_uni,1,6.566093921661377,-5.7786993980407715,1
Clemson-DND_p274_c2_grm_std_uni,1,5.4832892417907715,-4.749023914337158,1
Clemson-DND_p274_c2_grm_std_uni,1,6.1591877937316895,-5.202863693237305,1
Clemson-DND_p274_c2_grm_std_uni,1,7.183943748474121,-6.0410895347595215,1
Clemson-DND_p274_c2_grm_std_uni,1,7.558944225311279,-6.263766288757324,1
Clemson-DND_p274_c2_grm_std_uni,1,7.553943157196045,-6.501769542694092,1
Clemson-DND_p274_c2_grm_std_uni,1,7.456122875213623,-6.580726623535156,1
Clemson-DND_p274_c2_grm_std_uni,1,6.418182373046875,-5.9159932136535645,1
Clemson-DND_p274_c2_grm_std_uni,1,6.375906944274902,-5.902790546417236,1
Clemson-DND_p274_c2_grm_std_uni,1,5.0897440910339355,-4.548158645629883,1
Clemson-DND_p274_c2_grm_std_uni,1,4.808706283569336,-4.068461894989014,1
Clemson-DND_p274_c2_grm_std_uni,1,5.084495544433594,-4.278073787689209,1
Clemson-DND_p274_c2_grm_std_uni,1,5.837778568267822,-4.911340236663818,1
Clemson-DND_p274_c2_grm_std_uni,1,5.94265604019165,-4.934653282165527,1
Clemson-DND_p274_c2_grm_std_uni,1,5.223866939544678,-4.462348461151123,1
Clemson-DND_p274_c2_grm_std_uni,1,5.068625450134277,-4.5161213874816895,1
Clemson-DND_p274_c2_grm_std_uni,1,5.493924617767334,-4.867702960968018,1
Clemson-DND_p274_c2_grm_std_uni,1,4.954306602478027,-4.311007499694824,1
Clemson-DND_p274_c2_grm_std_uni,1,3.03896164894104,-2.4610719680786133,1
Clemson-DND_p274_c2_grm_std_uni,1,4.177653789520264,-3.659250497817993,1
Clemson-DND_p274_c2_grm_std_uni,1,5.4004645347595215,-4.750887393951416,1
Clemson-DND_p274_c2_grm_std_uni,1,4.9886345863342285,-4.203049182891846,1
Clemson-DND_p274_c2_grm_std_uni,1,4.062294006347656,-3.496861457824707,1
Clemson-DND_p274_c2_grm_std_uni,1,4.594605922698975,-4.146927833557129,1
Clemson-DND_p274_c2_grm_std_uni,1,3.512357473373413,-2.877845048904419,1
Clemson-DND_p274_c2_grm_std_uni,1,4.018738269805908,-3.253476142883301,1
Clemson-DND_p274_c2_grm_std_uni,1,4.394341468811035,-4.109787464141846,1
Clemson-DND_p274_c2_grm_std_uni,1,2.4498486518859863,-2.535977363586426,1
Clemson-DND_p274_c2_grm_std_uni,1,3.6842243671417236,-3.6640565395355225,1
Clemson-DND_p274_c2_grm_std_uni,1,5.130805969238281,-4.761678218841553,1
Clemson-DND_p274_c2_grm_std_uni,1,5.403007984161377,-4.449336051940918,1
Clemson-DND_p274_c2_grm_std_uni,1,5.695550441741943,-4.683047771453857,1
Clemson-DND_p274_c2_grm_std_uni,1,6.269699573516846,-5.2276482582092285,1
Clemson-DND_p274_c2_grm_std_uni,1,7.431979656219482,-6.717413902282715,1
Clemson-DND_p274_c2_grm_std_uni,1,7.324234962463379,-7.430819988250732,1
Clemson-DND_p274_c2_grm_std_uni,1,6.878512859344482,-7.066250801086426,1
Clemson-DND_p274_c2_grm_std_uni,1,6.497659206390381,-5.973881721496582,1
Clemson-DND_p274_c2_grm_std_uni,1,5.919517993927002,-4.632487773895264,1
Clemson-DND_p274_c2_grm_std_uni,1,5.423868656158447,-3.710805654525757,1
Clemson-DND_p274_c2_grm_std_uni,1,3.932894468307495,-3.1442060470581055,1
Clemson-DND_p274_c2_grm_std_uni,1,3.8534038066864014,-3.369575023651123,1
Clemson-DND_p274_c2_grm_std_uni,1,4.892214775085449,-4.499413013458252,1
Clemson-DND_p274_c2_grm_std_uni,1,5.404013156890869,-4.934881687164307,1
Clemson-DND_p274_c2_grm_std_uni,1,5.330472946166992,-5.171137809753418,1
Clemson-DND_p274_c2_grm_std_uni,1,5.744059085845947,-5.3123931884765625,1
Clemson-DND_p274_c2_grm_std_uni,1,6.238187313079834,-5.3004865646362305,1
Clemson-DND_p274_c2_grm_std_uni,1,6.560683250427246,-5.085354804992676,1
Clemson-DND_p274_c2_grm_std_uni,1,5.997669696807861,-4.44520378112793,1
Clemson-DND_p274_c2_grm_std_uni,1,5.726188659667969,-4.413740634918213,1
Clemson-DND_p274_c2_grm_std_uni,1,5.476559638977051,-3.981658458709717,1
Clemson-DND_p274_c2_grm_std_uni,1,5.3204193115234375,-3.9284985065460205,1
Clemson-DND_p274_c2_grm_std_uni,1,5.714271545410156,-4.429068565368652,1
Clemson-DND_p274_c2_grm_std_uni,1,5.9513349533081055,-4.815169334411621,1
Clemson-DND_p274_c2_grm_std_uni,1,4.775473594665527,-4.192867755889893,1
Clemson-DND_p274_c2_grm_std_uni,1,5.042304515838623,-4.46951150894165,1
Clemson-DND_p274_c2_grm_std_uni,1,5.160980224609375,-4.399018287658691,1
Clemson-DND_p274_c2_grm_std_uni,1,4.635093688964844,-3.7610599994659424,1
Clemson-DND_p274_c2_grm_std_uni,1,4.51824951171875,-3.5748984813690186,1
Clemson-DND_p274_c2_grm_std_uni,1,4.971003532409668,-3.5337328910827637,1
Clemson-DND_p274_c2_grm_std_uni,1,5.466163158416748,-4.247584342956543,1
Clemson-DND_p274_c2_grm_std_uni,1,5.867007732391357,-4.617678165435791,1
Clemson-DND_p274_c2_grm_std_uni,1,6.070676326751709,-5.374761581420898,1
Clemson-DND_p274_c2_grm_std_uni,1,6.165992259979248,-5.319886684417725,1
Clemson-DND_p274_c2_grm_std_uni,1,6.414158344268799,-5.8109660148620605,1
Clemson-DND_p274_c2_grm_std_uni,1,6.7174530029296875,-6.6871256828308105,1
Clemson-DND_p274_c2_grm_std_uni,1,6.787163734436035,-6.946615695953369,1
Clemson-DND_p274_c2_grm_std_uni,1,5.794834613800049,-5.7336249351501465,1
Clemson-DND_p274_c2_grm_std_uni,1,5.956461429595947,-5.207109451293945,1
Clemson-DND_p274_c2_grm_std_uni,1,5.550846576690674,-4.491705894470215,1
Clemson-DND_p274_c2_grm_std_uni,1,5.35745096206665,-4.330226421356201,1
Clemson-DND_p274_c2_grm_std_uni,1,5.323971748352051,-4.096567153930664,1
Clemson-DND_p274_c2_grm_std_uni,1,5.038095474243164,-3.8193743228912354,1
Clemson-DND_p274_c2_grm_std_uni,1,4.129152297973633,-3.210092067718506,1
Clemson-DND_p274_c2_grm_std_uni,1,3.6373395919799805,-2.8598520755767822,1
Clemson-DND_p274_c2_grm_std_uni,2,4.311302661895752,-3.295642137527466,1
Clemson-DND_p274_c2_grm_std_uni,1,4.797698020935059,-3.8657031059265137,1
Clemson-DND_p274_c2_grm_std_uni,1,4.921931266784668,-4.178990840911865,1
Clemson-DND_p274_c2_grm_std_uni,1,5.456655979156494,-4.57097053527832,1
Clemson-DND_p274_c2_grm_std_uni,1,5.724780082702637,-4.7409257888793945,1
Clemson-DND_p274_c2_grm_std_uni,1,5.8749260902404785,-4.917915344238281,1
Clemson-DND_p274_c2_grm_std_uni,1,5.921816825866699,-5.075148105621338,1
Clemson-DND_p274_c2_grm_std_uni,1,5.83543586730957,-5.134390830993652,1
Clemson-DND_p274_c2_grm_std_uni,1,5.697356700897217,-4.965330600738525,1
Clemson-DND_p274_c2_grm_std_uni,1,6.223087787628174,-5.081000328063965,1
Clemson-DND_p274_c2_grm_std_uni,1,6.4505839347839355,-4.906440734863281,1
Clemson-DND_p274_c2_grm_std_uni,1,6.837832927703857,-5.216040134429932,1
Clemson-DND_p274_c2_grm_std_uni,1,6.398940563201904,-4.576636791229248,1
Clemson-DND_p274_c2_grm_std_uni,1,6.077600479125977,-4.36387825012207,1
Clemson-DND_p274_c2_grm_std_uni,1,5.300665855407715,-3.465487003326416,1
Clemson-DND_p274_c2_grm_std_uni,1,5.366130352020264,-3.608881711959839,1
Clemson-DND_p274_c2_grm_std_uni,1,5.316872596740723,-3.695514440536499,1
Clemson-DND_p274_c2_grm_std_uni,1,5.3728346824646,-3.8728935718536377,1
Clemson-DND_p274_c2_grm_std_uni,1,5.753090858459473,-4.369504451751709,1
Clemson-DND_p274_c2_grm_std_uni,1,5.984913349151611,-4.597574234008789,1
Clemson-DND_p274_c2_grm_std_uni,1,5.911682605743408,-4.519983768463135,1
Clemson-DND_p274_c2_grm_std_uni,1,5.737030506134033,-4.665992736816406,1
Clemson-DND_p274_c2_grm_std_uni,1,5.857941150665283,-4.970827102661133,1
Clemson-DND_p274_c2_grm_std_uni,1,6.337837219238281,-5.917809963226318,1
Clemson-DND_p274_c2_grm_std_uni,1,6.821692943572998,-6.266695976257324,1
Clemson-DND_p274_c2_grm_std_uni,1,5.629994869232178,-4.691017150878906,1
Clemson-DND_p274_c2_grm_std_uni,1,4.755199909210205,-3.406226634979248,1
Clemson-DND_p274_c2_grm_std_uni,1,4.721288204193115,-4.233514785766602,1
Clemson-DND_p274_c2_grm_std_uni,1,5.156984329223633,-4.94724178314209,1
Clemson-DND_p274_c2_grm_std_uni,1,6.359269618988037,-6.075658321380615,1
Clemson-DND_p274_c2_grm_std_uni,1,6.769789218902588,-6.007248401641846,1
Clemson-DND_p274_c2_grm_std_uni,1,6.29854154586792,-5.2355451583862305,1
Clemson-DND_p274_c2_grm_std_uni,1,6.1766533851623535,-5.1087164878845215,1
Clemson-DND_p274_c2_grm_std_uni,1,6.6219353675842285,-5.371088027954102,1
Clemson-DND_p274_c2_grm_std_uni,1,6.196077823638916,-4.959012985229492,1
Clemson-DND_p274_c2_grm_std_uni,1,5.858523368835449,-4.541102409362793,1
Clemson-DND_p274_c2_grm_std_uni,1,6.332277297973633,-5.1388044357299805,1
Clemson-DND_p274_c2_grm_std_uni,1,7.012917995452881,-5.672074794769287,1
Clemson-DND_p274_c2_grm_std_uni,1,7.905309200286865,-6.60977029800415,1
Clemson-DND_p274_c2_grm_std_uni,1,7.772270202636719,-7.046733379364014,1
Clemson-DND_p274_c2_grm_std_uni,1,7.239126682281494,-6.71583890914917,1
Clemson-DND_p274_c2_grm_std_uni,1,6.5099310874938965,-5.7250518798828125,1
Clemson-DND_p274_c2_grm_std_uni,1,4.086511135101318,-3.334590196609497,1
Clemson-DND_p274_c2_grm_std_uni,1,3.87741756439209,-3.2026491165161133,1
Clemson-DND_p274_c2_grm_std_uni,1,4.121190071105957,-3.5314509868621826,1
Clemson-DND_p274_c2_grm_std_uni,1,2.8524179458618164,-2.651242256164551,1
Clemson-DND_p274_c2_grm_std_uni,1,2.651538610458374,-2.6858608722686768,1
Clemson-DND_p274_c2_grm_std_uni,1,2.981583833694458,-3.352999448776245,1
Clemson-DND_p274_c2_grm_std_uni,1,2.2452504634857178,-2.5857722759246826,1
Clemson-DND_p274_c2_grm_std_uni,1,2.234893321990967,-2.5350773334503174,1
Clemson-DND_p274_c2_grm_std_uni,1,3.6315152645111084,-4.0548176765441895,1
Clemson-DND_p274_c2_grm_std_uni,1,4.6891770362854,-5.121269226074219,1
Clemson-DND_p274_c2_grm_std_uni,1,4.056238651275635,-4.507636070251465,1
Clemson-DND_p274_c2_grm_std_uni,1,2.6508476734161377,-3.2797467708587646,1
Clemson-DND_p274_c2_grm_std_uni,1,3.0806305408477783,-3.7181622982025146,1
Clemson-DND_p274_c2_grm_std_uni,1,3.4916844367980957,-4.287636756896973,1
Clemson-DND_p274_c2_grm_std_uni,1,3.959038257598877,-4.787156581878662,1
Clemson-DND_p274_c2_grm_std_uni,1,4.098345756530762,-4.886449337005615,1
Clemson-DND_p274_c2_grm_std_uni,1,4.361039638519287,-5.132141590118408,1
Clemson-DND_p274_c2_grm_std_uni,1,3.7393290996551514,-4.737603664398193,1
Clemson-DND_p274_c2_grm_std_uni,1,2.445545196533203,-3.4613494873046875,1
Clemson-DND_p274_c2_grm_std_uni,1,3.1660544872283936,-4.20490837097168,1
Clemson-DND_p274_c2_grm_std_uni,1,3.574676752090454,-4.4483489990234375,1
Clemson-DND_p274_c2_grm_std_uni,1,3.442077398300171,-4.068146228790283,1
Clemson-DND_p274_c2_grm_std_uni,1,4.107557773590088,-4.507867336273193,1
Clemson-DND_p274_c2_grm_std_uni,1,4.527356147766113,-4.82432222366333,1
Clemson-DND_p274_c2_grm_std_uni,1,4.362431526184082,-4.925212383270264,1
Clemson-DND_p274_c2_grm_std_uni,1,3.2724738121032715,-4.049794673919678,1
Clemson-DND_p274_c2_grm_std_uni,1,2.42202091217041,-3.0854909420013428,1
Clemson-DND_p274_c2_grm_std_uni,1,3.3132052421569824,-4.261272430419922,1
Clemson-DND_p274_c2_grm_std_uni,1,4.638082027435303,-5.585034370422363,1
Clemson-DND_p274_c2_grm_std_uni,1,4.386902809143066,-5.2375712394714355,1
Clemson-DND_p274_c2_grm_std_uni,1,3.7124998569488525,-4.517832279205322,1
Clemson-DND_p274_c2_grm_std_uni,1,5.276347637176514,-5.9109601974487305,1
Clemson-DND_p274_c2_grm_std_uni,1,5.873986721038818,-6.173112392425537,1
Clemson-DND_p274_c2_grm_std_uni,1,4.8178300857543945,-5.327132701873779,1
Clemson-DND_p274_c2_grm_std_uni,1,5.433131217956543,-5.626064777374268,1
Clemson-DND_p274_c2_grm_std_uni,1,6.662712097167969,-6.659238815307617,1
Clemson-DND_p274_c2_grm_std_uni,1,6.741330146789551,-7.328953742980957,1
Clemson-DND_p274_c2_grm_std_uni,1,5.891363620758057,-6.394420146942139,1
Clemson-DND_p274_c2_grm_std_uni,1,5.40369176864624,-4.437305927276611,1
Clemson-DND_p274_c2_grm_std_uni,1,4.760833740234375,-3.6273155212402344,1
Clemson-DND_p274_c2_grm_std_uni,1,4.390301704406738,-3.2977967262268066,1
Clemson-DND_p274_c2_grm_std_uni,1,5.262908935546875,-3.771223306655884,1
Clemson-DND_p274_c2_grm_std_uni,1,5.431702613830566,-4.127989292144775,1
Clemson-DND_p274_c2_grm_std_uni,1,5.298272609710693,-4.233266353607178,1
Clemson-DND_p274_c2_grm_std_uni,1,4.528999328613281,-3.827268362045288,1
Clemson-DND_p274_c2_grm_std_uni,1,4.554405689239502,-3.758162498474121,1
Clemson-DND_p274_c2_grm_std_uni,1,4.729201793670654,-3.633127450942993,1
Clemson-DND_p274_c2_grm_std_uni,1,5.104863166809082,-3.837186574935913,1
Clemson-DND_p274_c2_grm_std_uni,1,5.073004245758057,-3.823981761932373,1
Clemson-DND_p274_c2_grm_std_uni,1,4.944148540496826,-3.6660778522491455,1
Clemson-DND_p274_c2_grm_std_uni,1,4.604798793792725,-3.327260732650757,1
Clemson-DND_p274_c2_grm_std_uni,1,4.918889999389648,-3.92368745803833,1
Clemson-DND_p274_c2_grm_std_uni,1,5.534183025360107,-4.543551445007324,1
Clemson-DND_p274_c2_grm_std_uni,1,5.672997951507568,-4.99595832824707,1
Clemson-DND_p274_c2_grm_std_uni,1,5.434499740600586,-4.652625560760498,1
Clemson-DND_p274_c2_grm_std_uni,1,5.68192195892334,-5.1689839363098145,1
Clemson-DND_p274_c2_grm_std_uni,1,6.0582475662231445,-4.928454399108887,1
Clemson-DND_p274_c2_grm_std_uni,1,6.577540874481201,-5.3260016441345215,1
Clemson-DND_p274_c2_grm_std_uni,1,6.534597873687744,-5.201319694519043,1
Clemson-DND_p274_c2_grm_std_uni,1,6.653947353363037,-5.395238399505615,1
Clemson-DND_p274_c2_grm_std_uni,1,6.365884780883789,-4.867554187774658,1
Clemson-DND_p274_c2_grm_std_uni,1,6.2271270751953125,-4.777325630187988,1
Clemson-DND_p274_c2_grm_std_uni,1,6.377940654754639,-4.750011920928955,1
Clemson-DND_p274_c2_grm_std_uni,1,6.465176105499268,-4.752981662750244,1
Clemson-DND_p274_c2_grm_std_uni,1,6.304509162902832,-4.653327941894531,1
Clemson-DND_p274_c2_grm_std_uni,1,6.086889743804932,-4.397238731384277,1
Clemson-DND_p274_c2_grm_std_uni,1,5.849904537200928,-4.171700477600098,1
Clemson-DND_p274_c2_grm_std_uni,1,5.618871688842773,-3.987006902694702,1
Clemson-DND_p274_c2_grm_std_uni,1,5.661678791046143,-4.135847091674805,1
Clemson-DND_p274_c2_grm_std_uni,1,5.809593200683594,-4.403416156768799,1
Clemson-DND_p274_c2_grm_std_uni,1,5.899079322814941,-4.6199116706848145,1
Clemson-DND_p274_c2_grm_std_uni,1,6.0814056396484375,-4.871801853179932,1
Clemson-DND_p274_c2_grm_std_uni,1,6.1877121925354,-4.722743511199951,1
Clemson-DND_p274_c2_grm_std_uni,1,6.079496383666992,-4.542186260223389,1
Clemson-DND_p274_c2_grm_std_uni,1,6.047707557678223,-4.599822998046875,1
Clemson-DND_p274_c2_grm_std_uni,1,5.979408264160156,-4.596580505371094,1
Clemson-DND_p274_c2_grm_std_uni,1,5.747411727905273,-4.337071895599365,1
Clemson-DND_p274_c2_grm_std_uni,1,5.404191970825195,-3.7775607109069824,1
Clemson-DND_p274_c2_grm_std_uni,1,5.238091945648193,-3.565530300140381,1
Clemson-DND_p274_c2_grm_std_uni,1,5.398534297943115,-3.865079402923584,1
Clemson-DND_p274_c2_grm_std_uni,1,5.689703464508057,-4.35943603515625,1
Clemson-DND_p274_c2_grm_std_uni,1,5.834503173828125,-4.502373218536377,1
Clemson-DND_p274_c2_grm_std_uni,1,6.113978862762451,-4.691451549530029,1
Clemson-DND_p274_c2_grm_std_uni,1,6.251340389251709,-4.841877460479736,1
Clemson-DND_p274_c2_grm_std_uni,1,6.31547737121582,-5.021338939666748,1
Clemson-DND_p274_c2_grm_std_uni,1,6.269396781921387,-5.136698246002197,1
Clemson-DND_p274_c2_grm_std_uni,1,6.264634609222412,-5.0412516593933105,1
Clemson-DND_p274_c2_grm_std_uni,1,6.583755970001221,-5.511358261108398,1
Clemson-DND_p274_c2_grm_std_uni,1,6.809286594390869,-5.833265781402588,1
Clemson-DND_p274_c2_grm_std_uni,1,6.062437534332275,-4.787423610687256,1
Clemson-DND_p274_c2_grm_std_uni,1,5.689024925231934,-4.599776268005371,1
Clemson-DND_p274_c2_grm_std_uni,1,5.365453243255615,-4.158880710601807,1
Clemson-DND_p274_c2_grm_std_uni,1,5.581497669219971,-4.271777153015137,1
Clemson-DND_p274_c2_grm_std_uni,1,5.895223617553711,-4.630452632904053,1
Clemson-DND_p274_c2_grm_std_uni,1,6.233191013336182,-4.9865803718566895,1
Clemson-DND_p274_c2_grm_std_uni,1,6.20575475692749,-5.1603851318359375,1
Clemson-DND_p274_c2_grm_std_uni,1,6.100150108337402,-4.921728134155273,1
Clemson-DND_p274_c2_grm_std_uni,1,6.373662948608398,-5.328374862670898,1
Clemson-DND_p274_c2_grm_std_uni,1,6.327459335327148,-5.544808864593506,1
Clemson-DND_p274_c2_grm_std_uni,1,6.349675178527832,-5.738111972808838,1
Clemson-DND_p274_c2_grm_std_uni,1,6.633249759674072,-6.1481475830078125,1
Clemson-DND_p274_c2_grm_std_uni,1,6.008870601654053,-5.903045654296875,1
Clemson-DND_p274_c2_grm_std_uni,1,6.5665669441223145,-6.250284671783447,1
Clemson-DND_p274_c2_grm_std_uni,1,6.315279483795166,-5.86167573928833,1
Clemson-DND_p274_c2_grm_std_uni,1,4.766157150268555,-4.4707183837890625,1
Clemson-DND_p274_c2_grm_std_uni,1,4.338311195373535,-3.6985883712768555,1
Clemson-DND_p274_c2_grm_std_uni,1,4.547800540924072,-4.103972911834717,1
Clemson-DND_p274_c2_grm_std_uni,1,4.351936340332031,-3.68253231048584,1
Clemson-DND_p274_c2_grm_std_uni,1,4.291067600250244,-3.376134157180786,1
Clemson-DND_p274_c2_grm_std_uni,1,4.610385417938232,-3.659630298614502,1
Clemson-DND_p274_c2_grm_std_uni,1,4.941561698913574,-4.103062629699707,1
Clemson-DND_p274_c2_grm_std_uni,1,5.348001956939697,-4.381696701049805,1
Clemson-DND_p274_c2_grm_std_uni,1,5.31664514541626,-4.635870456695557,1
Clemson-DND_p274_c2_grm_std_uni,1,5.512387275695801,-4.8020195960998535,1
Clemson-DND_p274_c2_grm_std_uni,1,5.681840419769287,-4.720602512359619,1
Clemson-DND_p274_c2_grm_std_uni,1,5.727550983428955,-4.950349807739258,1
Clemson-DND_p274_c2_grm_std_uni,1,6.985393047332764,-5.710753440856934,1
Clemson-DND_p274_c2_grm_std_uni,1,7.161185264587402,-5.904626846313477,1
Clemson-DND_p274_c2_grm_std_uni,1,6.368006706237793,-5.336424827575684,1
Clemson-DND_p274_c2_grm_std_uni,1,5.12558650970459,-4.3649492263793945,1
Clemson-DND_p274_c2_grm_std_uni,1,4.795193672180176,-4.087317943572998,1
Clemson-DND_p274_c2_grm_std_uni,1,4.746954441070557,-3.8740553855895996,1
Clemson-DND_p274_c2_grm_std_uni,1,4.703580856323242,-3.8233938217163086,1
Clemson-DND_p274_c2_grm_std_uni,1,4.717073440551758,-3.7972359657287598,1
Clemson-DND_p274_c2_grm_std_uni,1,4.813377380371094,-3.889430046081543,1
Clemson-DND_p274_c2_grm_std_uni,1,5.14077091217041,-4.356886386871338,1
Clemson-DND_p274_c2_grm_std_uni,1,5.466210842132568,-4.7348713874816895,1
Clemson-DND_p274_c2_grm_std_uni,1,5.673331260681152,-4.917586326599121,1
Clemson-DND_p274_c2_grm_std_uni,1,5.681117534637451,-4.745324611663818,1
Clemson-DND_p274_c2_grm_std_uni,1,5.663723945617676,-4.7541422843933105,1
Clemson-DND_p274_c2_grm_std_uni,1,5.958587646484375,-5.085524082183838,1
Clemson-DND_p274_c2_grm_std_uni,1,6.100157737731934,-5.342358589172363,1
Clemson-DND_p274_c2_grm_std_uni,1,6.289985656738281,-5.333221435546875,1
Clemson-DND_p274_c2_grm_std_uni,1,6.349547386169434,-5.297125339508057,1
Clemson-DND_p274_c2_grm_std_uni,1,6.010727882385254,-4.82667875289917,1
Clemson-DND_p274_c2_grm_std_uni,1,5.514652729034424,-4.579619884490967,1
Clemson-DND_p274_c2_grm_std_uni,1,5.324143886566162,-4.579948425292969,1
Clemson-DND_p274_c2_grm_std_uni,1,5.285958766937256,-4.531216144561768,1
Clemson-DND_p274_c2_grm_std_uni,1,5.836910724639893,-4.991435527801514,1
Clemson-DND_p274_c2_grm_std_uni,1,6.0594162940979,-4.989156246185303,1
Clemson-DND_p274_c2_grm_std_uni,1,5.511377811431885,-4.544613838195801,1
Clemson-DND_p274_c2_grm_std_uni,1,5.2169294357299805,-4.01271915435791,1
Clemson-DND_p274_c2_grm_std_uni,1,4.93325662612915,-3.786099433898926,1
Clemson-DND_p274_c2_grm_std_uni,1,4.693234920501709,-3.544628381729126,1
Clemson-DND_p274_c2_grm_std_uni,1,4.746205806732178,-3.6385648250579834,1
Clemson-DND_p274_c2_grm_std_uni,1,5.161922931671143,-4.105705738067627,1
Clemson-DND_p274_c2_grm_std_uni,1,5.721253871917725,-4.687399864196777,1
Clemson-DND_p274_c2_grm_std_uni,1,5.982476711273193,-4.892634868621826,1
Clemson-DND_p274_c2_grm_std_uni,1,6.410595893859863,-5.085251331329346,1
Clemson-DND_p274_c2_grm_std_uni,1,6.2652201652526855,-4.96454381942749,1
Clemson-DND_p274_c2_grm_std_uni,1,6.360151767730713,-5.588337421417236,1
Clemson-DND_p274_c2_grm_std_uni,1,6.226278305053711,-5.9643874168396,1
Clemson-DND_p274_c2_grm_std_uni,1,5.869740962982178,-5.3625922203063965,1
Clemson-DND_p274_c2_grm_std_uni,1,5.816200256347656,-4.99605131149292,1
Clemson-DND_p274_c2_grm_std_uni,1,4.834344863891602,-3.1399359703063965,1
Clemson-DND_p274_c2_grm_std_uni,1,4.543023109436035,-3.148451805114746,1
Clemson-DND_p274_c2_grm_std_uni,1,4.281986713409424,-3.287587881088257,1
Clemson-DND_p274_c2_grm_std_uni,1,4.182097434997559,-3.204819679260254,1
Clemson-DND_p274_c2_grm_std_uni,1,4.190970420837402,-3.233046293258667,1
Clemson-DND_p274_c2_grm_std_uni,1,4.1681694984436035,-3.3257977962493896,1
Clemson-DND_p274_c2_grm_std_uni,1,5.07904052734375,-4.030524730682373,1
Clemson-DND_p274_c2_grm_std_uni,1,5.5625386238098145,-4.479515552520752,1
Clemson-DND_p274_c2_grm_std_uni,1,5.837700366973877,-4.70896053314209,1
Clemson-DND_p274_c2_grm_std_uni,1,5.608248710632324,-4.527772426605225,1
Clemson-DND_p274_c2_grm_std_uni,1,5.050220966339111,-4.102975368499756,1
Clemson-DND_p274_c2_grm_std_uni,1,5.261659622192383,-3.707805871963501,1
Clemson-DND_p274_c2_grm_std_uni,1,4.51693868637085,-2.873593330383301,1
Clemson-DND_p274_c2_grm_std_uni,1,4.2104597091674805,-2.657423496246338,1
Clemson-DND_p274_c2_grm_std_uni,1,4.4940385818481445,-3.0517029762268066,1
Clemson-DND_p274_c2_grm_std_uni,1,3.59745192527771,-2.568394660949707,1
Clemson-DND_p274_c2_grm_std_uni,1,4.06693696975708,-2.9376890659332275,1
Clemson-DND_p274_c2_grm_std_uni,1,4.685304164886475,-3.403618335723877,1
Clemson-DND_p274_c2_grm_std_uni,1,5.201848030090332,-4.238735198974609,1
Clemson-DND_p274_c2_grm_std_uni,1,5.364673137664795,-4.175092697143555,1
Clemson-DND_p274_c2_grm_std_uni,1,5.388158321380615,-3.9454360008239746,1
Clemson-DND_p274_c2_grm_std_uni,1,5.968767166137695,-4.568498611450195,1
Clemson-DND_p274_c2_grm_std_uni,1,6.293732643127441,-5.207600116729736,1
Clemson-DND_p274_c2_grm_std_uni,1,6.45736837387085,-5.311083793640137,1
Clemson-DND_p274_c2_grm_std_uni,1,6.580966472625732,-5.3613739013671875,1
Clemson-DND_p274_c2_grm_std_uni,1,6.662766933441162,-5.439349174499512,1
Clemson-DND_p274_c2_grm_std_uni,1,7.086164951324463,-6.0310378074646,1
Clemson-DND_p274_c2_grm_std_uni,1,6.587830066680908,-5.671698093414307,1
Clemson-DND_p274_c2_grm_std_uni,1,5.867912292480469,-4.550460338592529,1
Clemson-DND_p274_c2_grm_std_uni,1,5.526361465454102,-3.9689133167266846,1
Clemson-DND_p274_c2_grm_std_uni,1,5.327005386352539,-3.8874871730804443,1
Clemson-DND_p274_c2_grm_std_uni,1,5.309028148651123,-4.12445068359375,1
Clemson-DND_p274_c2_grm_std_uni,1,5.099484920501709,-4.10160493850708,1
Clemson-DND_p274_c2_grm_std_uni,1,4.75607967376709,-3.490546464920044,1
Clemson-DND_p274_c2_grm_std_uni,1,5.045555114746094,-3.919835329055786,1
Clemson-DND_p274_c2_grm_std_uni,1,5.034906387329102,-3.4215965270996094,1
Clemson-DND_p274_c2_grm_std_uni,1,5.122489929199219,-3.730883836746216,1
Clemson-DND_p274_c2_grm_std_uni,1,5.064927101135254,-3.8376944065093994,1
Clemson-DND_p274_c2_grm_std_uni,1,5.049394130706787,-3.946169376373291,1
Clemson-DND_p274_c2_grm_std_uni,1,5.48667049407959,-4.331765651702881,1
Clemson-DND_p274_c2_grm_std_uni,1,5.807348251342773,-4.768950462341309,1
Clemson-DND_p274_c2_grm_std_uni,1,4.57935905456543,-3.881415367126465,1
Clemson-DND_p274_c2_grm_std_uni,1,5.534116268157959,-4.604990482330322,1
Clemson-DND_p274_c2_grm_std_uni,1,5.832280158996582,-5.078522205352783,1
Clemson-DND_p274_c2_grm_std_uni,1,5.906803607940674,-5.38173246383667,1
Clemson-DND_p274_c2_grm_std_uni,1,6.118165969848633,-5.403615474700928,1
Clemson-DND_p274_c2_grm_std_uni,1,6.266311168670654,-5.489688396453857,1
Clemson-DND_p274_c2_grm_std_uni,1,6.394650459289551,-5.586246967315674,1
Clemson-DND_p274_c2_grm_std_uni,1,6.299713611602783,-5.916298866271973,1
Clemson-DND_p274_c2_grm_std_uni,1,6.597417831420898,-6.249245643615723,1
Clemson-DND_p274_c2_grm_std_uni,1,7.3089728355407715,-7.015822887420654,1
Clemson-DND_p274_c2_grm_std_uni,1,7.326060771942139,-7.605594158172607,1
Clemson-DND_p274_c2_grm_std_uni,1,7.122558116912842,-7.374466419219971,1
Clemson-DND_p274_c2_grm_std_uni,1,6.879419803619385,-6.723519325256348,1
Clemson-DND_p274_c2_grm_std_uni,1,6.634674549102783,-5.935191631317139,1
Clemson-DND_p274_c2_grm_std_uni,1,5.895134925842285,-4.75900936126709,1
Clemson-DND_p274_c2_grm_std_uni,1,5.283039569854736,-5.088207721710205,1
Clemson-DND_p274_c2_grm_std_uni,1,5.469200611114502,-4.70422887802124,1
Clemson-DND_p274_c2_grm_std_uni,1,5.7795257568359375,-4.174267292022705,1
Clemson-DND_p274_c2_grm_std_uni,1,5.2462592124938965,-3.5882413387298584,1
Clemson-DND_p274_c2_grm_std_uni,1,4.939574718475342,-3.2513575553894043,1
Clemson-DND_p274_c2_grm_std_uni,1,4.940413951873779,-3.353182792663574,1
Clemson-DND_p274_c2_grm_std_uni,1,4.233665943145752,-2.8398988246917725,1
Clemson-DND_p274_c2_grm_std_uni,1,3.904261589050293,-2.6210954189300537,1
Clemson-DND_p274_c2_grm_std_uni,1,4.710066795349121,-2.9383227825164795,1
Clemson-DND_p274_c2_grm_std_uni,1,5.521876335144043,-4.433945655822754,1
Clemson-DND_p274_c2_grm_std_uni,1,5.965179920196533,-4.691023826599121,1
Clemson-DND_p274_c2_grm_std_uni,1,6.257004261016846,-5.107048988342285,1
Clemson-DND_p274_c2_grm_std_uni,1,6.1949639320373535,-5.055685997009277,1
Clemson-DND_p274_c2_grm_std_uni,1,6.693438529968262,-5.097880840301514,1
Clemson-DND_p274_c2_grm_std_uni,1,7.031741142272949,-5.581447124481201,1
Clemson-DND_p274_c2_grm_std_uni,1,7.1386027336120605,-5.662102222442627,1
Clemson-DND_p274_c2_grm_std_uni,1,7.293318271636963,-5.682101249694824,1
Clemson-DND_p274_c2_grm_std_uni,1,7.7798662185668945,-6.5070624351501465,1
Clemson-DND_p274_c2_grm_std_uni,1,7.144723415374756,-6.324045658111572,1
Clemson-DND_p274_c2_grm_std_uni,1,6.809305667877197,-5.731585502624512,1
Clemson-DND_p274_c2_grm_std_uni,1,6.264651298522949,-4.61091423034668,1
Clemson-DND_p274_c2_grm_std_uni,1,5.860872268676758,-3.955841064453125,1
Clemson-DND_p274_c2_grm_std_uni,1,5.777810573577881,-4.478980541229248,1
Clemson-DND_p274_c2_grm_std_uni,1,5.7993550300598145,-4.300034523010254,1
Clemson-DND_p274_c2_grm_std_uni,1,5.57162618637085,-3.893480062484741,1
Clemson-DND_p274_c2_grm_std_uni,1,6.088375568389893,-4.593381881713867,1
Clemson-DND_p274_c2_grm_std_uni,1,6.125154972076416,-4.721253395080566,1
Clemson-DND_p274_c2_grm_std_uni,1,6.486237525939941,-5.0940141677856445,1
Clemson-DND_p274_c2_grm_std_uni,1,6.2342610359191895,-4.625632286071777,1
Clemson-DND_p274_c2_grm_std_uni,1,7.043023109436035,-5.8933916091918945,1
Clemson-DND_p274_c2_grm_std_uni,1,6.32196044921875,-5.349295139312744,1
Clemson-DND_p274_c2_grm_std_uni,1,6.400867938995361,-5.068914890289307,1
Clemson-DND_p274_c2_grm_std_uni,1,5.116060733795166,-4.081969261169434,1
Clemson-DND_p274_c2_grm_std_uni,1,5.671571254730225,-4.469995021820068,1
Clemson-DND_p274_c2_grm_std_uni,1,6.098703384399414,-4.098490238189697,1
Clemson-DND_p274_c2_grm_std_uni,1,6.325377464294434,-5.044585227966309,1
Clemson-DND_p274_c2_grm_std_uni,1,6.554840564727783,-5.023132801055908,1
Clemson-DND_p274_c2_grm_std_uni,1,6.656096935272217,-4.631036281585693,1
Clemson-DND_p274_c2_grm_std_uni,1,6.622430324554443,-4.646331310272217,1
Clemson-DND_p274_c2_grm_std_uni,1,6.197201251983643,-4.342454433441162,1
Clemson-DND_p274_c2_grm_std_uni,1,5.9616241455078125,-4.515300273895264,1
Clemson-DND_p274_c2_grm_std_uni,1,5.539381980895996,-4.539341926574707,1
Clemson-DND_p274_c2_grm_std_uni,1,5.297519207000732,-4.4983625411987305,1
Clemson-DND_p274_c2_grm_std_uni,1,5.969212532043457,-4.987892150878906,1
Clemson-DND_p274_c2_grm_std_uni,1,6.326812744140625,-5.667352676391602,1
Clemson-DND_p274_c2_grm_std_uni,1,6.35581636428833,-5.230958461761475,1
Clemson-DND_p274_c2_grm_std_uni,1,4.9881134033203125,-3.7158312797546387,1
Clemson-DND_p274_c2_grm_std_uni,1,4.667101860046387,-3.683149576187134,1
Clemson-DND_p274_c2_grm_std_uni,1,5.050048828125,-3.984092950820923,1
Clemson-DND_p274_c2_grm_std_uni,1,4.901644229888916,-3.5360803604125977,1
Clemson-DND_p274_c2_grm_std_uni,1,4.780848979949951,-3.5753173828125,1
Clemson-DND_p274_c2_grm_std_uni,1,4.91666316986084,-3.662193536758423,1
Clemson-DND_p274_c2_grm_std_uni,1,5.137803077697754,-4.068441867828369,1
Clemson-DND_p274_c2_grm_std_uni,1,4.931925296783447,-4.043004512786865,1
Clemson-DND_p274_c2_grm_std_uni,1,5.3166327476501465,-4.474766731262207,1
Clemson-DND_p274_c2_grm_std_uni,1,5.403904914855957,-4.5074381828308105,1
Clemson-DND_p274_c2_grm_std_uni,1,5.451303005218506,-4.546162128448486,1
Clemson-DND_p274_c2_grm_std_uni,1,5.520047664642334,-4.248595237731934,1
Clemson-DND_p274_c2_grm_std_uni,1,5.795616626739502,-4.3079633712768555,1
Clemson-DND_p274_c2_grm_std_uni,1,6.002376079559326,-4.355795860290527,1
Clemson-DND_p274_c2_grm_std_uni,1,5.863349437713623,-4.3220744132995605,1
Clemson-DND_p274_c2_grm_std_uni,1,5.471433162689209,-3.6996469497680664,1
Clemson-DND_p274_c2_grm_std_uni,1,5.112461566925049,-3.5840537548065186,1
Clemson-DND_p274_c2_grm_std_uni,1,4.89735221862793,-3.383043050765991,1
Clemson-DND_p274_c2_grm_std_uni,1,4.786838054656982,-3.350022315979004,1
Clemson-DND_p274_c2_grm_std_uni,1,4.838554859161377,-3.373063325881958,1
Clemson-DND_p274_c2_grm_std_uni,1,5.156892776489258,-3.8486008644104004,1
Clemson-DND_p274_c2_grm_std_uni,1,4.88206148147583,-3.605517864227295,1
Clemson-DND_p274_c2_grm_std_uni,1,4.164881706237793,-2.871218204498291,1
Clemson-DND_p274_c2_grm_std_uni,1,4.454760551452637,-3.0442185401916504,1
Clemson-DND_p274_c2_grm_std_uni,1,4.529875755310059,-3.549222469329834,1
Clemson-DND_p274_c2_grm_std_uni,1,4.3221659660339355,-3.5362296104431152,1
Clemson-DND_p274_c2_grm_std_uni,1,4.525485038757324,-3.5024380683898926,1
Clemson-DND_p274_c2_grm_std_uni,1,5.210049629211426,-4.387887477874756,1
Clemson-DND_p274_c2_grm_std_uni,1,5.60378360748291,-4.489251136779785,1
Clemson-DND_p274_c2_grm_std_uni,1,5.447755813598633,-4.148484230041504,1
Clemson-DND_p274_c2_grm_std_uni,1,5.5339813232421875,-4.09445858001709,1
Clemson-DND_p274_c2_grm_std_uni,1,5.434295654296875,-3.9858927726745605,1
Clemson-DND_p274_c2_grm_std_uni,1,5.643282890319824,-4.159438610076904,1
Clemson-DND_p274_c2_grm_std_uni,1,5.779632091522217,-4.320557117462158,1
Clemson-DND_p274_c2_grm_std_uni,1,5.775311470031738,-4.217840194702148,1
Clemson-DND_p274_c2_grm_std_uni,1,5.88429594039917,-4.383592128753662,1
Clemson-DND_p274_c2_grm_std_uni,1,6.02219295501709,-4.530156135559082,1
Clemson-DND_p274_c2_grm_std_uni,1,5.9292707443237305,-4.4017744064331055,1
Clemson-DND_p274_c2_grm_std_uni,1,5.832237720489502,-4.363879203796387,1
Clemson-DND_p274_c2_grm_std_uni,1,5.659885883331299,-4.323443412780762,1
Clemson-DND_p274_c2_grm_std_uni,1,5.758004188537598,-4.429654598236084,1
Clemson-DND_p274_c2_grm_std_uni,1,5.66743278503418,-4.212182998657227,1
Clemson-DND_p274_c2_grm_std_uni,1,5.936171531677246,-4.379827499389648,1
Clemson-DND_p274_c2_grm_std_uni,1,5.312506198883057,-3.867807626724243,1
Clemson-DND_p274_c2_grm_std_uni,1,5.102831840515137,-3.6394236087799072,1
Clemson-DND_p274_c2_grm_std_uni,1,4.598514080047607,-3.214529514312744,1
Clemson-DND_p274_c2_grm_std_uni,1,4.144114017486572,-2.6071712970733643,1
Clemson-DND_p274_c2_grm_std_uni,1,4.321840763092041,-2.9440653324127197,1
Clemson-DND_p274_c2_grm_std_uni,1,4.372749328613281,-3.0865936279296875,1
Clemson-DND_p274_c2_grm_std_uni,1,5.109193325042725,-3.801323652267456,1
Clemson-DND_p274_c2_grm_std_uni,1,5.219385623931885,-3.8545374870300293,1
Clemson-DND_p274_c2_grm_std_uni,1,5.334606647491455,-4.059324741363525,1
Clemson-DND_p274_c2_grm_std_uni,1,5.731261730194092,-4.501817226409912,1
Clemson-DND_p274_c2_grm_std_uni,1,5.5986127853393555,-4.177361965179443,1
Clemson-DND_p274_c2_grm_std_uni,1,5.558478832244873,-4.141066551208496,1
Clemson-DND_p274_c2_grm_std_uni,1,5.89257287979126,-4.030168056488037,1
Clemson-DND_p274_c2_grm_std_uni,1,5.908863544464111,-3.9938864707946777,1
Clemson-DND_p274_c2_grm_std_uni,1,5.531637191772461,-4.096535682678223,1
Clemson-DND_p274_c2_grm_std_uni,1,5.411677837371826,-4.101047039031982,1
Clemson-DND_p274_c2_grm_std_uni,1,5.3850932121276855,-4.4270830154418945,1
Clemson-DND_p274_c2_grm_std_uni,1,5.340644359588623,-4.414848804473877,1
Clemson-DND_p274_c2_grm_std_uni,1,5.473944187164307,-4.792346477508545,1
Clemson-DND_p274_c2_grm_std_uni,1,6.09956693649292,-4.841955661773682,1
Clemson-DND_p274_c2_grm_std_uni,1,6.507633686065674,-5.162230014801025,1
Clemson-DND_p274_c2_grm_std_uni,1,6.616776466369629,-5.1941728591918945,1
Clemson-DND_p274_c2_grm_std_uni,1,6.188694953918457,-4.919971942901611,1
Clemson-DND_p274_c2_grm_std_uni,1,5.803382873535156,-4.9705328941345215,1
Clemson-DND_p274_c2_grm_std_uni,1,5.771629333496094,-4.87357234954834,1
Clemson-DND_p274_c2_grm_std_uni,1,6.275202751159668,-5.038171768188477,1
Clemson-DND_p274_c2_grm_std_uni,1,6.42446231842041,-5.1931633949279785,1
Clemson-DND_p274_c2_grm_std_uni,1,7.226753234863281,-5.859297275543213,1
Clemson-DND_p274_c2_grm_std_uni,1,7.402740478515625,-5.998160362243652,1
Clemson-DND_p274_c2_grm_std_uni,1,7.188902854919434,-5.739148139953613,1
Clemson-DND_p274_c2_grm_std_uni,1,7.05723237991333,-5.618477821350098,1
Clemson-DND_p274_c2_grm_std_uni,1,6.928347110748291,-5.648543357849121,1
Clemson-DND_p274_c2_grm_std_uni,1,6.866923809051514,-5.792262554168701,1
Clemson-DND_p274_c2_grm_std_uni,1,6.9628448486328125,-5.9451212882995605,1
Clemson-DND_p274_c2_grm_std_uni,1,6.584176540374756,-5.8197922706604,1
Clemson-DND_p274_c2_grm_std_uni,1,6.767690658569336,-5.9258527755737305,1
Clemson-DND_p274_c2_grm_std_uni,1,6.222491264343262,-5.274996280670166,1
Clemson-DND_p274_c2_grm_std_uni,1,5.699321269989014,-4.751349449157715,1
Clemson-DND_p274_c2_grm_std_uni,1,5.880063056945801,-5.064558982849121,1
Clemson-DND_p274_c2_grm_std_uni,1,5.252527713775635,-4.474935054779053,1
Clemson-DND_p274_c2_grm_std_uni,1,4.5749640464782715,-3.949357032775879,1
Clemson-DND_p274_c2_grm_std_uni,1,5.376286506652832,-4.648680210113525,1
Clemson-DND_p274_c2_grm_std_uni,1,6.580977916717529,-6.285122871398926,1
Clemson-DND_p274_c2_grm_std_uni,1,6.7861104011535645,-7.292552471160889,1
Clemson-DND_p274_c2_grm_std_uni,1,6.528617858886719,-7.0873260498046875,1
Clemson-DND_p274_c2_grm_std_uni,1,6.12588357925415,-5.3996782302856445,1
Clemson-DND_p274_c2_grm_std_uni,1,5.41074800491333,-4.36247444152832,1
Clemson-DND_p274_c2_grm_std_uni,1,4.181797504425049,-3.207650661468506,1
Clemson-DND_p274_c2_grm_std_uni,1,3.753990650177002,-3.0238990783691406,1
Clemson-DND_p274_c2_grm_std_uni,1,3.424801826477051,-2.8380417823791504,1
Clemson-DND_p274_c2_grm_std_uni,1,4.496866226196289,-3.85939884185791,1
Clemson-DND_p274_c2_grm_std_uni,1,5.041656970977783,-4.321962833404541,1
Clemson-DND_p274_c2_grm_std_uni,1,5.632314205169678,-4.830345630645752,1
Clemson-DND_p274_c2_grm_std_uni,1,5.793446063995361,-4.932673931121826,1
Clemson-DND_p274_c2_grm_std_uni,1,5.64857816696167,-5.045602798461914,1
Clemson-DND_p274_c2_grm_std_uni,1,5.804440021514893,-5.187967300415039,1
Clemson-DND_p274_c2_grm_std_uni,1,6.084381103515625,-5.403294086456299,1
Clemson-DND_p274_c2_grm_std_uni,1,6.378572940826416,-5.526519298553467,1
Clemson-DND_p274_c2_grm_std_uni,1,6.411438465118408,-5.050545692443848,1
Clemson-DND_p274_c2_grm_std_uni,1,6.459234714508057,-4.83455228805542,1
Clemson-DND_p274_c2_grm_std_uni,1,6.495144367218018,-4.770456790924072,1
Clemson-DND_p274_c2_grm_std_uni,1,6.310314655303955,-4.471641540527344,1
Clemson-DND_p274_c2_grm_std_uni,1,6.0337018966674805,-4.092583656311035,1
Clemson-DND_p274_c2_grm_std_uni,1,5.723846435546875,-4.311944484710693,1
Clemson-DND_p274_c2_grm_std_uni,1,5.504950523376465,-4.300298690795898,1
Clemson-DND_p274_c2_grm_std_uni,1,5.488002300262451,-4.381000995635986,1
Clemson-DND_p274_c2_grm_std_uni,1,5.265510082244873,-4.367575645446777,1
Clemson-DND_p274_c2_grm_std_uni,1,5.3490824699401855,-4.502315044403076,1
Clemson-DND_p274_c2_grm_std_uni,1,5.7853922843933105,-4.763565540313721,1
Clemson-DND_p274_c2_grm_std_uni,1,5.511873245239258,-4.97929048538208,1
Clemson-DND_p274_c2_grm_std_uni,1,5.847808361053467,-4.877546310424805,1
Clemson-DND_p274_c2_grm_std_uni,1,6.290841579437256,-5.543595314025879,1
Clemson-DND_p274_c2_grm_std_uni,1,6.575200080871582,-6.020724296569824,1
Clemson-DND_p274_c2_grm_std_uni,1,6.4138383865356445,-6.046711444854736,1
Clemson-DND_p274_c2_grm_std_uni,1,6.499739170074463,-6.212454795837402,1
Clemson-DND_p274_c2_grm_std_uni,1,6.668032169342041,-6.2690815925598145,1
Clemson-DND_p274_c2_grm_std_uni,1,6.776612758636475,-5.995367050170898,1
Clemson-DND_p274_c2_grm_std_uni,1,6.218221187591553,-5.452780246734619,1
Clemson-DND_p274_c2_grm_std_uni,1,5.788370609283447,-5.014956951141357,1
Clemson-DND_p274_c2_grm_std_uni,1,6.342319965362549,-5.613211631774902,1
Clemson-DND_p274_c2_grm_std_uni,1,6.76209020614624,-6.096264362335205,1
Clemson-DND_p274_c2_grm_std_uni,1,6.497865200042725,-5.762585163116455,1
Clemson-DND_p274_c2_grm_std_uni,1,5.852144241333008,-5.006775379180908,1
Clemson-DND_p274_c2_grm_std_uni,1,6.3659820556640625,-5.168946266174316,1
Clemson-DND_p274_c2_grm_std_uni,1,6.642041206359863,-5.587310791015625,1
Clemson-DND_p274_c2_grm_std_uni,1,7.887960433959961,-6.919997692108154,1
Clemson-DND_p274_c2_grm_std_uni,1,7.672553539276123,-7.412057399749756,1
Clemson-DND_p274_c2_grm_std_uni,1,7.198331356048584,-6.459300518035889,1
Clemson-DND_p274_c2_grm_std_uni,1,6.512650966644287,-5.394531726837158,1
Clemson-DND_p274_c2_grm_std_uni,1,6.35938835144043,-4.844307899475098,1
Clemson-DND_p274_c2_grm_std_uni,1,5.911405563354492,-4.692014217376709,1
Clemson-DND_p274_c2_grm_std_uni,1,5.670064449310303,-4.727517604827881,1
Clemson-DND_p274_c2_grm_std_uni,1,5.814696311950684,-4.721207618713379,1
Clemson-DND_p274_c2_grm_std_uni,1,6.62983512878418,-5.230489730834961,1
Clemson-DND_p274_c2_grm_std_uni,1,7.987178325653076,-6.437802314758301,1
Clemson-DND_p274_c2_grm_std_uni,1,8.419960975646973,-7.075376987457275,1
Clemson-DND_p274_c2_grm_std_uni,1,8.59610652923584,-7.268612861633301,1
Clemson-DND_p274_c2_grm_std_uni,1,8.514750480651855,-7.218339443206787,1
Clemson-DND_p274_c2_grm_std_uni,1,7.517807483673096,-6.04788064956665,1
Clemson-DND_p274_c2_grm_std_uni,1,7.705519676208496,-6.142769813537598,1
Clemson-DND_p274_c2_grm_std_uni,1,7.333343982696533,-5.8271894454956055,1
Clemson-DND_p274_c2_grm_std_uni,1,6.772992134094238,-5.241168022155762,1
Clemson-DND_p274_c2_grm_std_uni,1,5.814899921417236,-4.360414981842041,1
Clemson-DND_p274_c2_grm_std_uni,1,5.7327704429626465,-4.473325252532959,1
Clemson-DND_p274_c2_grm_std_uni,1,5.869256973266602,-4.868697643280029,1
Clemson-DND_p274_c2_grm_std_uni,1,5.732117652893066,-4.81893253326416,1
Clemson-DND_p274_c2_grm_std_uni,1,4.802812099456787,-3.9894015789031982,1
Clemson-DND_p274_c2_grm_std_uni,1,3.7780117988586426,-2.973630666732788,1
Clemson-DND_p274_c2_grm_std_uni,1,2.981696844100952,-2.2604455947875977,1
Clemson-DND_p274_c2_grm_std_uni,1,2.7763447761535645,-2.2340588569641113,1
Clemson-DND_p274_c2_grm_std_uni,1,3.211275815963745,-2.614832878112793,1
Clemson-DND_p274_c2_grm_std_uni,1,3.5976409912109375,-3.030364990234375,1
Clemson-DND_p274_c2_grm_std_uni,1,3.8214757442474365,-2.9605138301849365,1
Clemson-DND_p274_c2_grm_std_uni,1,3.4460692405700684,-2.684776782989502,1
Clemson-DND_p274_c2_grm_std_uni,1,4.04670524597168,-3.1638588905334473,1
Clemson-DND_p274_c2_grm_std_uni,1,3.7063848972320557,-2.885068416595459,1
Clemson-DND_p274_c2_grm_std_uni,1,3.6763651371002197,-2.808598756790161,1
Clemson-DND_p274_c2_grm_std_uni,1,2.9402620792388916,-2.1732406616210938,1
Clemson-DND_p274_c2_grm_std_uni,1,2.2641096115112305,-1.6234307289123535,1
Clemson-DND_p274_c2_grm_std_uni,1,2.5354182720184326,-2.1137614250183105,1
Clemson-DND_p274_c2_grm_std_uni,1,3.1388564109802246,-2.8579964637756348,1
Clemson-DND_p274_c2_grm_std_uni,1,3.9685397148132324,-3.618537425994873,1
Clemson-DND_p274_c2_grm_std_uni,1,4.7466254234313965,-4.305877208709717,1
Clemson-DND_p274_c2_grm_std_uni,1,5.375882148742676,-4.7836012840271,1
Clemson-DND_p274_c2_grm_std_uni,1,4.340782165527344,-3.6457836627960205,1
Clemson-DND_p274_c2_grm_std_uni,1,2.9322285652160645,-2.2439873218536377,1
Clemson-DND_p274_c2_grm_std_uni,1,2.9313509464263916,-2.191176414489746,1
Clemson-DND_p274_c2_grm_std_uni,1,3.596163034439087,-2.7627151012420654,1
Clemson-DND_p274_c2_grm_std_uni,1,4.236154556274414,-3.4262635707855225,1
Clemson-DND_p274_c2_grm_std_uni,1,4.892578601837158,-4.38723611831665,1
Clemson-DND_p274_c2_grm_std_uni,1,4.658294677734375,-4.084243297576904,1
Clemson-DND_p274_c2_grm_std_uni,1,3.7605786323547363,-3.270244598388672,1
Clemson-DND_p274_c2_grm_std_uni,1,3.1313793659210205,-2.251708507537842,1
Clemson-DND_p274_c2_grm_std_uni,1,5.2524733543396,-3.978955030441284,1
Clemson-DND_p274_c2_grm_std_uni,1,5.853761672973633,-4.945004463195801,1
Clemson-DND_p274_c2_grm_std_uni,1,5.5242228507995605,-4.744701862335205,1
Clemson-DND_p274_c2_grm_std_uni,1,4.148852348327637,-3.4531190395355225,1
Clemson-DND_p274_c2_grm_std_uni,1,2.8694276809692383,-2.018542528152466,1
Clemson-DND_p274_c2_grm_std_uni,1,3.702773332595825,-2.823427438735962,1
Clemson-DND_p274_c2_grm_std_uni,1,5.087193489074707,-4.2110748291015625,1
Clemson-DND_p274_c2_grm_std_uni,1,5.127892971038818,-3.793872833251953,1
Clemson-DND_p274_c2_grm_std_uni,1,4.740650653839111,-3.3132240772247314,1
Clemson-DND_p274_c2_grm_std_uni,1,4.416044235229492,-3.220306873321533,1
Clemson-DND_p274_c2_grm_std_uni,1,3.896038293838501,-2.9469664096832275,1
Clemson-DND_p274_c2_grm_std_uni,1,4.528719425201416,-3.685243844985962,1
Clemson-DND_p274_c2_grm_std_uni,1,3.5736501216888428,-2.8222033977508545,1
Clemson-DND_p274_c2_grm_std_uni,1,3.3379580974578857,-2.6180436611175537,1
Clemson-DND_p274_c2_grm_std_uni,1,3.2596347332000732,-2.3358359336853027,1
Clemson-DND_p274_c2_grm_std_uni,1,4.492316722869873,-3.036902666091919,1
Clemson-DND_p274_c2_grm_std_uni,1,5.488892555236816,-4.18075704574585,1
Clemson-DND_p274_c2_grm_std_uni,1,6.2792205810546875,-5.025400638580322,1
Clemson-DND_p274_c2_grm_std_uni,1,6.772629737854004,-5.491044044494629,1
Clemson-DND_p274_c2_grm_std_uni,1,7.011148452758789,-5.7802252769470215,1
Clemson-DND_p274_c2_grm_std_uni,1,7.523228168487549,-6.521822452545166,1
Clemson-DND_p274_c2_grm_std_uni,1,6.793543815612793,-5.840127944946289,1
Clemson-DND_p274_c2_grm_std_uni,1,5.459383964538574,-4.4100141525268555,1
Clemson-DND_p274_c2_grm_std_uni,1,5.124711513519287,-4.103632926940918,1
Clemson-DND_p274_c2_grm_std_uni,1,5.943138122558594,-4.807501792907715,1
Clemson-DND_p274_c2_grm_std_uni,1,5.2974371910095215,-4.0928568840026855,1
Clemson-DND_p274_c2_grm_std_uni,1,4.138636589050293,-3.096435070037842,1
Clemson-DND_p274_c2_grm_std_uni,1,4.276684284210205,-3.4242658615112305,1
Clemson-DND_p274_c2_grm_std_uni,1,4.325934886932373,-3.645068645477295,1
Clemson-DND_p274_c2_grm_std_uni,1,4.172797679901123,-3.564241886138916,1
Clemson-DND_p274_c2_grm_std_uni,1,3.9426472187042236,-3.5573809146881104,1
Clemson-DND_p274_c2_grm_std_uni,1,3.7663393020629883,-3.5337159633636475,1
Clemson-DND_p274_c2_grm_std_uni,1,3.1949853897094727,-3.149280309677124,1
Clemson-DND_p274_c2_grm_std_uni,1,2.7090673446655273,-2.7853074073791504,1
Clemson-DND_p274_c2_grm_std_uni,1,3.8798210620880127,-3.864096164703369,1
Clemson-DND_p274_c2_grm_std_uni,1,5.291978359222412,-5.008015155792236,1
Clemson-DND_p274_c2_grm_std_uni,1,5.419589042663574,-5.079527378082275,1
Clemson-DND_p274_c2_grm_std_uni,1,4.831059455871582,-4.524168491363525,1
Clemson-DND_p274_c2_grm_std_uni,1,3.827441453933716,-3.625300884246826,1
Clemson-DND_p274_c2_grm_std_uni,1,3.5573348999023438,-3.525824546813965,1
Clemson-DND_p274_c2_grm_std_uni,1,4.088164806365967,-4.098489761352539,1
Clemson-DND_p274_c2_grm_std_uni,1,4.241652011871338,-4.120903015136719,1
Clemson-DND_p274_c2_grm_std_uni,1,4.4966230392456055,-4.135873794555664,1
Clemson-DND_p274_c2_grm_std_uni,1,4.532998561859131,-4.0754923820495605,1
Clemson-DND_p274_c2_grm_std_uni,1,4.241264343261719,-3.856003999710083,1
Clemson-DND_p274_c2_grm_std_uni,1,4.792820453643799,-4.288138389587402,1
Clemson-DND_p274_c2_grm_std_uni,1,4.977468967437744,-4.37559175491333,1
Clemson-DND_p274_c2_grm_std_uni,1,4.937068462371826,-4.38779878616333,1
Clemson-DND_p274_c2_grm_std_uni,1,5.174515247344971,-4.5946221351623535,1
Clemson-DND_p274_c2_grm_std_uni,1,3.4645822048187256,-3.0315604209899902,1
Clemson-DND_p274_c2_grm_std_uni,1,2.877934694290161,-2.695746421813965,1
Clemson-DND_p274_c2_grm_std_uni,1,4.5690717697143555,-4.182084560394287,1
Clemson-DND_p274_c2_grm_std_uni,1,6.497997760772705,-5.586437702178955,1
Clemson-DND_p274_c2_grm_std_uni,1,7.116273880004883,-6.136423587799072,1
Clemson-DND_p274_c2_grm_std_uni,1,6.7461256980896,-5.75002908706665,1
Clemson-DND_p274_c2_grm_std_uni,1,6.302530288696289,-5.363091468811035,1
Clemson-DND_p274_c2_grm_std_uni,1,4.753889083862305,-4.136575698852539,1
Clemson-DND_p274_c2_grm_std_uni,1,3.663884162902832,-3.131838083267212,1
Clemson-DND_p274_c2_grm_std_uni,1,3.6972274780273438,-3.148231267929077,1
Clemson-DND_p274_c2_grm_std_uni,1,4.675478458404541,-4.001221179962158,1
Clemson-DND_p274_c2_grm_std_uni,1,4.812182426452637,-4.172551155090332,1
Clemson-DND_p274_c2_grm_std_uni,1,5.098659038543701,-4.535687446594238,1
Clemson-DND_p274_c2_grm_std_uni,1,5.2736921310424805,-4.839588642120361,1
Clemson-DND_p274_c2_grm_std_uni,1,4.912164688110352,-4.610348224639893,1
Clemson-DND_p274_c2_grm_std_uni,1,5.162246227264404,-5.005006313323975,1
Clemson-DND_p274_c2_grm_std_uni,1,5.13869047164917,-4.903852462768555,1
Clemson-DND_p274_c2_grm_std_uni,1,5.237539768218994,-4.869909286499023,1
Clemson-DND_p274_c2_grm_std_uni,1,5.227869987487793,-4.848230838775635,1
Clemson-DND_p274_c2_grm_std_uni,1,4.745312690734863,-4.48750114440918,1
Clemson-DND_p274_c2_grm_std_uni,1,4.5728960037231445,-4.206212520599365,1
Clemson-DND_p274_c2_grm_std_uni,1,5.332554817199707,-4.917402267456055,1
Clemson-DND_p274_c2_grm_std_uni,1,5.8471245765686035,-5.5794172286987305,1
Clemson-DND_p274_c2_grm_std_uni,1,6.126619338989258,-6.070600986480713,1
Clemson-DND_p274_c2_grm_std_uni,1,6.3075408935546875,-6.69278621673584,1
Clemson-DND_p274_c2_grm_std_uni,1,5.787191867828369,-6.2818450927734375,1
Clemson-DND_p274_c2_grm_std_uni,1,5.331364154815674,-4.759974002838135,1
Clemson-DND_p274_c2_grm_std_uni,1,5.050013065338135,-3.649554491043091,1
Clemson-DND_p274_c2_grm_std_uni,1,5.003238201141357,-3.5857152938842773,1
Clemson-DND_p274_c2_grm_std_uni,1,4.1760945320129395,-3.1211330890655518,1
Clemson-DND_p274_c2_grm_std_uni,1,3.204374074935913,-2.763514757156372,1
Clemson-DND_p274_c2_grm_std_uni,1,3.1619150638580322,-2.324254274368286,1
Clemson-DND_p274_c2_grm_std_uni,1,3.5615899562835693,-1.9234426021575928,1
Clemson-DND_p274_c2_grm_std_uni,1,4.418074607849121,-3.143929958343506,1
Clemson-DND_p274_c2_grm_std_uni,1,5.077445983886719,-4.224838733673096,1
Clemson-DND_p274_c2_grm_std_uni,1,5.291050910949707,-4.044810771942139,1
Clemson-DND_p274_c2_grm_std_uni,1,5.5913166999816895,-4.231934070587158,1
Clemson-DND_p274_c2_grm_std_uni,1,5.891540050506592,-5.1058669090271,1
Clemson-DND_p274_c2_grm_std_uni,1,6.4462761878967285,-5.319403171539307,1
Clemson-DND_p274_c2_grm_std_uni,1,6.598749160766602,-5.173354148864746,1
Clemson-DND_p274_c2_grm_std_uni,1,6.62118673324585,-5.237882137298584,1
Clemson-DND_p274_c2_grm_std_uni,1,7.199629783630371,-5.751016616821289,1
Clemson-DND_p274_c2_grm_std_uni,1,7.412466049194336,-6.15239143371582,1
Clemson-DND_p274_c2_grm_std_uni,1,7.320601940155029,-6.108288764953613,1
Clemson-DND_p274_c2_grm_std_uni,1,6.806134223937988,-4.786127090454102,1
Clemson-DND_p274_c2_grm_std_uni,1,6.3745903968811035,-4.532399654388428,1
Clemson-DND_p274_c2_grm_std_uni,1,6.1736273765563965,-4.1769700050354,1
Clemson-DND_p274_c2_grm_std_uni,1,5.732107639312744,-3.8238489627838135,1
Clemson-DND_p274_c2_grm_std_uni,1,5.7939839363098145,-4.074246406555176,1
Clemson-DND_p274_c2_grm_std_uni,1,5.936366558074951,-4.198414325714111,1
Clemson-DND_p274_c2_grm_std_uni,1,5.4585394859313965,-4.195303440093994,1
Clemson-DND_p274_c2_grm_std_uni,1,5.570837497711182,-4.135549545288086,1
Clemson-DND_p274_c2_grm_std_uni,1,5.613266944885254,-4.331606388092041,1
Clemson-DND_p274_c2_grm_std_uni,1,5.35908842086792,-4.14038610458374,1
Clemson-DND_p274_c2_grm_std_uni,1,5.521439552307129,-4.316730976104736,1
Clemson-DND_p274_c2_grm_std_uni,1,5.946753025054932,-4.507284641265869,1
Clemson-DND_p274_c2_grm_std_uni,1,6.406383991241455,-4.888640880584717,1
Clemson-DND_p274_c2_grm_std_uni,1,6.122204303741455,-5.08941125869751,1
Clemson-DND_p274_c2_grm_std_uni,1,5.984648704528809,-4.792679309844971,1
Clemson-DND_p274_c2_grm_std_uni,1,5.536234378814697,-4.402422904968262,1
Clemson-DND_p274_c2_grm_std_uni,1,5.832266807556152,-4.741067409515381,1
Clemson-DND_p274_c2_grm_std_uni,1,6.0547051429748535,-4.975549697875977,1
Clemson-DND_p274_c2_grm_std_uni,1,6.053455829620361,-5.050972938537598,1
Clemson-DND_p274_c2_grm_std_uni,1,5.782153606414795,-4.3561553955078125,1
Clemson-DND_p274_c2_grm_std_uni,1,5.138370990753174,-3.933337450027466,1
Clemson-DND_p274_c2_grm_std_uni,1,4.889855861663818,-3.7292633056640625,1
Clemson-DND_p274_c2_grm_std_uni,1,4.8666582107543945,-3.486027956008911,1
Clemson-DND_p274_c2_grm_std_uni,1,4.96740198135376,-3.4902358055114746,1
Clemson-DND_p274_c2_grm_std_uni,1,4.782380104064941,-3.6428604125976562,1
Clemson-DND_p274_c2_grm_std_uni,1,5.1446404457092285,-4.042095184326172,1
Clemson-DND_p274_c2_grm_std_uni,1,4.124920845031738,-3.379084348678589,1
Clemson-DND_p274_c2_grm_std_uni,1,5.164112567901611,-4.108442306518555,1
Clemson-DND_p274_c2_grm_std_uni,1,5.55389928817749,-4.315011501312256,1
Clemson-DND_p274_c2_grm_std_uni,1,5.854372024536133,-4.634557247161865,1
Clemson-DND_p274_c2_grm_std_uni,1,5.899103164672852,-4.529993057250977,1
Clemson-DND_p274_c2_grm_std_uni,1,5.80945348739624,-4.669517993927002,1
Clemson-DND_p274_c2_grm_std_uni,1,5.908124923706055,-4.46618127822876,1
Clemson-DND_p274_c2_grm_std_uni,1,6.430727958679199,-4.858667850494385,1
Clemson-DND_p274_c2_grm_std_uni,1,6.122316837310791,-4.6318278312683105,1
Clemson-DND_p274_c2_grm_std_uni,1,6.10430383682251,-4.618627548217773,1
Clemson-DND_p274_c2_grm_std_uni,1,6.034657001495361,-4.532355308532715,1
Clemson-DND_p274_c2_grm_std_uni,1,6.322738170623779,-4.89500617980957,1
Clemson-DND_p274_c2_grm_std_uni,1,6.192185878753662,-4.884383201599121,1
Clemson-DND_p274_c2_grm_std_uni,1,5.916884899139404,-4.452354907989502,1
Clemson-DND_p274_c2_grm_std_uni,1,5.478507995605469,-3.3501768112182617,1
Clemson-DND_p274_c2_grm_std_uni,1,5.017265796661377,-2.8432092666625977,1
Clemson-DND_p274_c2_grm_std_uni,1,5.26658821105957,-3.5741372108459473,1
Clemson-DND_p274_c2_grm_std_uni,1,4.913470268249512,-3.278032064437866,1
Clemson-DND_p274_c2_grm_std_uni,1,4.632201194763184,-2.9276888370513916,1
Clemson-DND_p274_c2_grm_std_uni,1,5.188173294067383,-3.5660736560821533,1
Clemson-DND_p274_c2_grm_std_uni,1,5.658202648162842,-4.190835475921631,1
Clemson-DND_p274_c2_grm_std_uni,1,5.571948051452637,-4.375781536102295,1
Clemson-DND_p274_c2_grm_std_uni,1,5.795599460601807,-4.683640003204346,1
Clemson-DND_p274_c2_grm_std_uni,1,5.521903038024902,-4.153369426727295,1
Clemson-DND_p274_c2_grm_std_uni,1,5.196195125579834,-3.250663995742798,1
Clemson-DND_p274_c2_grm_std_uni,1,5.40316915512085,-3.367628574371338,1
Clemson-DND_p274_c2_grm_std_uni,1,5.426821231842041,-3.369209051132202,1
Clemson-DND_p274_c2_grm_std_uni,1,5.175841808319092,-3.5672008991241455,1
Clemson-DND_p274_c2_grm_std_uni,1,4.9562554359436035,-3.7449028491973877,1
Clemson-DND_p274_c2_grm_std_uni,1,4.77246618270874,-3.6836493015289307,1
Clemson-DND_p274_c2_grm_std_uni,1,5.381804466247559,-4.268765449523926,1
Clemson-DND_p274_c2_grm_std_uni,1,5.237336158752441,-4.264708995819092,1
Clemson-DND_p274_c2_grm_std_uni,1,5.8352742195129395,-4.751027584075928,1
Clemson-DND_p274_c2_grm_std_uni,1,6.046637058258057,-4.543914794921875,1
Clemson-DND_p274_c2_grm_std_uni,1,5.858376979827881,-4.508837699890137,1
Clemson-DND_p274_c2_grm_std_uni,1,6.027288913726807,-4.5460124015808105,1
Clemson-DND_p274_c2_grm_std_uni,1,5.648592472076416,-3.905630588531494,1
Clemson-DND_p274_c2_grm_std_uni,1,5.052586555480957,-3.327036142349243,1
Clemson-DND_p274_c2_grm_std_uni,1,4.873223781585693,-3.3057775497436523,1
Clemson-DND_p274_c2_grm_std_uni,1,4.664271831512451,-3.1457936763763428,1
Clemson-DND_p274_c2_grm_std_uni,1,4.621894359588623,-3.4051783084869385,1
Clemson-DND_p274_c2_grm_std_uni,1,5.2125091552734375,-4.131062984466553,1
Clemson-DND_p274_c2_grm_std_uni,1,5.117948532104492,-4.253326892852783,1
Clemson-DND_p274_c2_grm_std_uni,1,5.587982177734375,-4.121984481811523,1
Clemson-DND_p274_c2_grm_std_uni,1,6.0356011390686035,-4.681755542755127,1
Clemson-DND_p274_c2_grm_std_uni,1,6.174132823944092,-4.76151180267334,1
Clemson-DND_p274_c2_grm_std_uni,1,6.978121757507324,-5.570989608764648,1
Clemson-DND_p274_c2_grm_std_uni,1,6.994248390197754,-6.2453484535217285,1
Clemson-DND_p274_c2_grm_std_uni,1,6.406929016113281,-4.956321716308594,1
Clemson-DND_p274_c2_grm_std_uni,1,5.579493522644043,-3.3605692386627197,1
Clemson-DND_p274_c2_grm_std_uni,1,5.143224239349365,-3.232130765914917,1
Clemson-DND_p274_c2_grm_std_uni,1,5.447927951812744,-3.5905237197875977,1
Clemson-DND_p274_c2_grm_std_uni,1,5.21610689163208,-3.9048569202423096,1
Clemson-DND_p274_c2_grm_std_uni,1,4.758389472961426,-3.952583074569702,1
Clemson-DND_p274_c2_grm_std_uni,1,4.972832679748535,-4.064981460571289,1
Clemson-DND_p274_c2_grm_std_uni,1,5.4714250564575195,-4.186193943023682,1
Clemson-DND_p274_c2_grm_std_uni,1,5.415137767791748,-4.298105239868164,1
Clemson-DND_p274_c2_grm_std_uni,1,5.551280498504639,-4.749124050140381,1
Clemson-DND_p274_c2_grm_std_uni,1,5.825259208679199,-4.677975654602051,1
Clemson-DND_p274_c2_grm_std_uni,1,5.434149742126465,-3.2721035480499268,1
Clemson-DND_p274_c2_grm_std_uni,1,4.997376441955566,-3.118069648742676,1
Clemson-DND_p274_c2_grm_std_uni,1,5.317082405090332,-3.3527843952178955,1
Clemson-DND_p274_c2_grm_std_uni,1,4.795011520385742,-3.6765823364257812,1
Clemson-DND_p274_c2_grm_std_uni,1,4.405701637268066,-2.9226837158203125,1
Clemson-DND_p274_c2_grm_std_uni,1,4.552126407623291,-3.1894426345825195,1
Clemson-DND_p274_c2_grm_std_uni,1,5.339766025543213,-3.798661231994629,1
Clemson-DND_p274_c2_grm_std_uni,1,5.2531328201293945,-4.224515438079834,1
Clemson-DND_p274_c2_grm_std_uni,1,5.603126525878906,-4.39759635925293,1
Clemson-DND_p274_c2_grm_std_uni,1,5.864406108856201,-4.650577068328857,1
Clemson-DND_p274_c2_grm_std_uni,1,6.313389301300049,-4.746070861816406,1
Clemson-DND_p274_c2_grm_std_uni,1,6.324421405792236,-4.735281944274902,1
Clemson-DND_p274_c2_grm_std_uni,1,6.694382667541504,-5.07588529586792,1
Clemson-DND_p274_c2_grm_std_uni,1,6.520602226257324,-5.294960021972656,1
Clemson-DND_p274_c2_grm_std_uni,1,6.004311561584473,-4.784060478210449,1
Clemson-DND_p274_c2_grm_std_uni,1,5.6013617515563965,-4.269343852996826,1
Clemson-DND_p274_c2_grm_std_uni,1,5.540173053741455,-4.2027907371521,1
Clemson-DND_p274_c2_grm_std_uni,1,6.2286858558654785,-4.714000225067139,1
Clemson-DND_p274_c2_grm_std_uni,1,5.6159348487854,-4.690621376037598,1
Clemson-DND_p274_c2_grm_std_uni,1,5.7604522705078125,-4.483002185821533,1
Clemson-DND_p274_c2_grm_std_uni,1,5.455877304077148,-3.812448024749756,1
Clemson-DND_p274_c2_grm_std_uni,1,5.282291889190674,-3.6038732528686523,1
Clemson-DND_p274_c2_grm_std_uni,1,5.009361743927002,-3.478609323501587,1
Clemson-DND_p274_c2_grm_std_uni,1,4.928328990936279,-3.382049798965454,1
Clemson-DND_p274_c2_grm_std_uni,1,4.647990703582764,-3.398155450820923,1
Clemson-DND_p274_c2_grm_std_uni,1,5.271846294403076,-4.190594673156738,1
Clemson-DND_p274_c2_grm_std_uni,1,5.6799774169921875,-4.660247325897217,1
Clemson-DND_p274_c2_grm_std_uni,1,6.182214260101318,-5.0417399406433105,1
Clemson-DND_p274_c2_grm_std_uni,1,6.026057720184326,-4.65585470199585,1
Clemson-DND_p274_c2_grm_std_uni,1,6.192854404449463,-4.579785346984863,1
Clemson-DND_p274_c2_grm_std_uni,1,6.442438125610352,-4.700647830963135,1
Clemson-DND_p274_c2_grm_std_uni,1,6.628380298614502,-4.663640022277832,1
Clemson-DND_p274_c2_grm_std_uni,1,6.582040786743164,-5.044190883636475,1
Clemson-DND_p274_c2_grm_std_uni,1,5.9974446296691895,-4.777653217315674,1
Clemson-DND_p274_c2_grm_std_uni,1,5.591715335845947,-4.6268391609191895,1
Clemson-DND_p274_c2_grm_std_uni,1,5.610318183898926,-4.6669020652771,1
Clemson-DND_p274_c2_grm_std_uni,1,6.364601135253906,-4.827479362487793,1
Clemson-DND_p274_c2_grm_std_uni,1,5.849817752838135,-4.775506496429443,1
Clemson-DND_p274_c2_grm_std_uni,1,5.691012859344482,-4.269639492034912,1
Clemson-DND_p274_c2_grm_std_uni,1,5.730359077453613,-4.705122470855713,1
Clemson-DND_p274_c2_grm_std_uni,1,6.363183975219727,-5.308889865875244,1
Clemson-DND_p274_c2_grm_std_uni,1,6.195713520050049,-4.6410088539123535,1
Clemson-DND_p274_c2_grm_std_uni,1,6.6912946701049805,-5.468983173370361,1
Clemson-DND_p274_c2_grm_std_uni,1,6.494980335235596,-5.482055187225342,1
Clemson-DND_p274_c2_grm_std_uni,1,6.163759708404541,-5.0930705070495605,1
Clemson-DND_p274_c2_grm_std_uni,1,5.505414009094238,-4.393859386444092,1
Clemson-DND_p274_c2_grm_std_uni,1,5.167840480804443,-4.073788166046143,1
Clemson-DND_p274_c2_grm_std_uni,1,5.109530448913574,-4.0903754234313965,1
Clemson-DND_p274_c2_grm_std_uni,1,5.443221569061279,-4.713882923126221,1
Clemson-DND_p274_c2_grm_std_uni,1,5.644361972808838,-5.096829891204834,1
Clemson-DND_p274_c2_grm_std_uni,1,5.886345386505127,-5.266287803649902,1
Clemson-DND_p274_c2_grm_std_uni,1,5.908865928649902,-5.212915420532227,1
Clemson-DND_p274_c2_grm_std_uni,1,5.655137538909912,-4.853108882904053,1
Clemson-DND_p274_c2_grm_std_uni,1,5.172102451324463,-4.079792499542236,1
Clemson-DND_p274_c2_grm_std_uni,1,5.274309158325195,-3.8306658267974854,1
Clemson-DND_p274_c2_grm_std_uni,1,4.896804332733154,-3.2726869583129883,1
Clemson-DND_p274_c2_grm_std_uni,2,4.782519817352295,-3.6713037490844727,1
Clemson-DND_p274_c2_grm_std_uni,1,4.309786319732666,-3.191328287124634,1
Clemson-DND_p274_c2_grm_std_uni,1,4.350935935974121,-2.565075635910034,1
Clemson-DND_p274_c2_grm_std_uni,1,4.9384965896606445,-3.137434959411621,1
Clemson-DND_p274_c2_grm_std_uni,1,5.562851905822754,-4.285179615020752,1
Clemson-DND_p274_c2_grm_std_uni,1,5.320024013519287,-4.47072172164917,1
Clemson-DND_p274_c2_grm_std_uni,1,5.394008159637451,-4.839365482330322,1
Clemson-DND_p274_c2_grm_std_uni,1,5.4716925621032715,-4.3223161697387695,1
Clemson-DND_p274_c2_grm_std_uni,1,5.245786190032959,-3.5343098640441895,1
Clemson-DND_p274_c2_grm_std_uni,1,5.207939624786377,-4.091100692749023,1
Clemson-DND_p274_c2_grm_std_uni,1,4.820733547210693,-3.5811707973480225,1
Clemson-DND_p274_c2_grm_std_uni,1,5.06490421295166,-3.524348258972168,1
Clemson-DND_p274_c2_grm_std_uni,1,5.441813945770264,-4.056490421295166,1
Clemson-DND_p274_c2_grm_std_uni,1,5.453857898712158,-3.962222099304199,1
Clemson-DND_p274_c2_grm_std_uni,1,5.610226631164551,-4.365063667297363,1
Clemson-DND_p274_c2_grm_std_uni,1,5.540926456451416,-4.466451168060303,1
Clemson-DND_p274_c2_grm_std_uni,1,5.839472770690918,-5.00735330581665,1
Clemson-DND_p274_c2_grm_std_uni,1,5.661285400390625,-4.512604713439941,1
Clemson-DND_p274_c2_grm_std_uni,1,5.80711030960083,-4.3523335456848145,1
Clemson-DND_p274_c2_grm_std_uni,1,5.416627407073975,-4.153486728668213,1
Clemson-DND_p274_c2_grm_std_uni,1,5.441274166107178,-4.334365367889404,1
Clemson-DND_p274_c2_grm_std_uni,1,5.55320405960083,-4.315758228302002,1
Clemson-DND_p274_c2_grm_std_uni,1,5.662093162536621,-4.148125171661377,1
Clemson-DND_p274_c2_grm_std_uni,1,5.705816268920898,-4.188279151916504,1
Clemson-DND_p274_c2_grm_std_uni,1,5.742513179779053,-4.09255838394165,1
Clemson-DND_p274_c2_grm_std_uni,1,5.692277431488037,-3.6135592460632324,1
Clemson-DND_p274_c2_grm_std_uni,1,5.486255168914795,-3.386775016784668,1
Clemson-DND_p274_c2_grm_std_uni,1,4.711439609527588,-2.72940993309021,1
Clemson-DND_p274_c2_grm_std_uni,1,4.350852966308594,-2.5508744716644287,1
Clemson-DND_p274_c2_grm_std_uni,1,4.330443382263184,-2.398874521255493,1
Clemson-DND_p274_c2_grm_std_uni,1,4.59760856628418,-3.0523626804351807,1
Clemson-DND_p274_c2_grm_std_uni,1,4.8857927322387695,-3.353851556777954,1
Clemson-DND_p274_c2_grm_std_uni,1,4.965506553649902,-3.4655487537384033,1
Clemson-DND_p274_c2_grm_std_uni,1,5.293227195739746,-3.715467929840088,1
Clemson-DND_p274_c2_grm_std_uni,1,5.483850002288818,-4.077086448669434,1
Clemson-DND_p274_c2_grm_std_uni,1,5.618590354919434,-4.3042755126953125,1
Clemson-DND_p274_c2_grm_std_uni,1,5.700562953948975,-4.33901309967041,1
Clemson-DND_p274_c2_grm_std_uni,1,5.711216926574707,-4.6268110275268555,1
Clemson-DND_p274_c2_grm_std_uni,1,5.985969543457031,-4.668891906738281,1
Clemson-DND_p274_c2_grm_std_uni,1,6.373717784881592,-5.007047176361084,1
Clemson-DND_p274_c2_grm_std_uni,1,6.675654888153076,-5.16819953918457,1
Clemson-DND_p274_c2_grm_std_uni,1,6.624022006988525,-5.184727191925049,1
Clemson-DND_p274_c2_grm_std_uni,1,7.101129055023193,-5.879830360412598,1
Clemson-DND_p274_c2_grm_std_uni,1,5.7953715324401855,-4.247347831726074,1
Clemson-DND_p274_c2_grm_std_uni,1,5.594589710235596,-3.6808135509490967,1
Clemson-DND_p274_c2_grm_std_uni,1,5.234927177429199,-3.569453477859497,1
Clemson-DND_p274_c2_grm_std_uni,1,5.242469310760498,-3.5833306312561035,1
Clemson-DND_p274_c2_grm_std_uni,1,5.4052557945251465,-3.892612934112549,1
Clemson-DND_p274_c2_grm_std_uni,1,5.495152950286865,-3.876713752746582,1
Clemson-DND_p274_c2_grm_std_uni,1,5.536261558532715,-3.906782388687134,1
Clemson-DND_p274_c2_grm_std_uni,1,5.2749505043029785,-3.1781487464904785,1
Clemson-DND_p274_c2_grm_std_uni,1,4.983786106109619,-2.8192055225372314,1
Clemson-DND_p274_c2_grm_std_uni,1,4.766601085662842,-2.766429901123047,1
Clemson-DND_p274_c2_grm_std_uni,1,4.913876533508301,-3.4963667392730713,1
Clemson-DND_p274_c2_grm_std_uni,1,4.933507919311523,-3.4127049446105957,1
Clemson-DND_p274_c2_grm_std_uni,1,5.118865489959717,-3.7842180728912354,1
Clemson-DND_p274_c2_grm_std_uni,1,5.204702377319336,-4.108980178833008,1
Clemson-DND_p274_c2_grm_std_uni,1,5.013986587524414,-3.936473846435547,1
Clemson-DND_p274_c2_grm_std_uni,1,5.304208278656006,-4.124812126159668,1
Clemson-DND_p274_c2_grm_std_uni,1,5.3829264640808105,-4.183472156524658,1
Clemson-DND_p274_c2_grm_std_uni,1,5.4619855880737305,-4.296489238739014,1
Clemson-DND_p274_c2_grm_std_uni,1,5.5560994148254395,-4.077247142791748,1
Clemson-DND_p274_c2_grm_std_uni,1,5.5565667152404785,-4.074896335601807,1
Clemson-DND_p274_c2_grm_std_uni,1,5.0434746742248535,-3.6868927478790283,1
Clemson-DND_p274_c2_grm_std_uni,1,4.9313883781433105,-3.4531784057617188,1
Clemson-DND_p274_c2_grm_std_uni,1,4.810888767242432,-3.339587450027466,1
Clemson-DND_p274_c2_grm_std_uni,1,4.69954252243042,-3.2952394485473633,1
Clemson-DND_p274_c2_grm_std_uni,1,4.57586669921875,-3.2184624671936035,1
Clemson-DND_p274_c2_grm_std_uni,1,4.767843246459961,-3.3519821166992188,1
Clemson-DND_p274_c2_grm_std_uni,1,5.265897274017334,-3.8703129291534424,1
Clemson-DND_p274_c2_grm_std_uni,1,5.598895072937012,-4.359106063842773,1
Clemson-DND_p274_c2_grm_std_uni,1,5.877279758453369,-4.826639175415039,1
Clemson-DND_p274_c2_grm_std_uni,1,5.711135387420654,-4.836105823516846,1
Clemson-DND_p274_c2_grm_std_uni,1,5.673994064331055,-4.9430832862854,1
Clemson-DND_p274_c2_grm_std_uni,1,5.287705421447754,-4.546750545501709,1
Clemson-DND_p274_c2_grm_std_uni,1,5.343079090118408,-3.966679096221924,1
Clemson-DND_p274_c2_grm_std_uni,1,5.571963787078857,-4.456308841705322,1
Clemson-DND_p274_c2_grm_std_uni,1,5.433878421783447,-4.408882141113281,1
Clemson-DND_p274_c2_grm_std_uni,1,5.602867603302002,-4.362656116485596,1
Clemson-DND_p274_c2_grm_std_uni,1,5.3204803466796875,-3.8918118476867676,1
Clemson-DND_p274_c2_grm_std_uni,1,5.138156414031982,-3.5174810886383057,1
Clemson-DND_p274_c2_grm_std_uni,1,5.125672340393066,-3.7805862426757812,1
Clemson-DND_p274_c2_grm_std_uni,1,5.04955530166626,-4.120523452758789,1
Clemson-DND_p274_c2_grm_std_uni,1,4.818464279174805,-4.099977016448975,1
Clemson-DND_p274_c2_grm_std_uni,1,4.897423267364502,-4.339437007904053,1
Clemson-DND_p274_c2_grm_std_uni,1,4.9663310050964355,-4.408600330352783,1
Clemson-DND_p274_c2_grm_std_uni,1,5.386687755584717,-4.516005039215088,1
Clemson-DND_p274_c2_grm_std_uni,1,5.4604291915893555,-4.149153709411621,1
Clemson-DND_p274_c2_grm_std_uni,1,6.315016269683838,-4.707518100738525,1
Clemson-DND_p274_c2_grm_std_uni,1,6.339087009429932,-4.745086193084717,1
Clemson-DND_p274_c2_grm_std_uni,1,5.772078037261963,-4.375204563140869,1
Clemson-DND_p274_c2_grm_std_uni,1,5.611647605895996,-4.151419639587402,1
Clemson-DND_p274_c2_grm_std_uni,1,5.556943416595459,-4.131021976470947,1
Clemson-DND_p274_c2_grm_std_uni,1,5.589977741241455,-4.171963691711426,1
Clemson-DND_p274_c2_grm_std_uni,1,5.6212897300720215,-4.254147052764893,1
Clemson-DND_p274_c2_grm_std_uni,1,5.451739311218262,-3.8382935523986816,1
Clemson-DND_p274_c2_grm_std_uni,1,5.349926948547363,-3.57216477394104,1
Clemson-DND_p274_c2_grm_std_uni,1,4.959456920623779,-3.353045701980591,1
Clemson-DND_p274_c2_grm_std_uni,1,4.647885799407959,-3.1511998176574707,1
Clemson-DND_p274_c2_grm_std_uni,1,4.481074810028076,-3.2253003120422363,1
Clemson-DND_p274_c2_grm_std_uni,1,4.300408363342285,-3.227358102798462,1
Clemson-DND_p274_c2_grm_std_uni,1,4.547774314880371,-3.3576955795288086,1
Clemson-DND_p274_c2_grm_std_uni,1,4.766583442687988,-3.2695343494415283,1
Clemson-DND_p274_c2_grm_std_uni,1,4.825445652008057,-3.3324544429779053,1
Clemson-DND_p274_c2_grm_std_uni,2,4.831949234008789,-3.6453895568847656,1
Clemson-DND_p274_c2_grm_std_uni,1,4.849498271942139,-3.5585851669311523,1
Clemson-DND_p274_c2_grm_std_uni,1,5.0085577964782715,-3.724461793899536,1
Clemson-DND_p274_c2_grm_std_uni,1,5.325035095214844,-4.151974678039551,1
Clemson-DND_p274_c2_grm_std_uni,1,5.518691539764404,-4.337762355804443,1
Clemson-DND_p274_c2_grm_std_uni,1,5.539222240447998,-4.1545891761779785,1
Clemson-DND_p274_c2_grm_std_uni,1,5.559839725494385,-4.323596000671387,1
Clemson-DND_p274_c2_grm_std_uni,1,5.772210597991943,-4.533147811889648,1
Clemson-DND_p274_c2_grm_std_uni,1,5.560680866241455,-4.1393141746521,1
Clemson-DND_p274_c2_grm_std_uni,1,5.779890537261963,-4.48316764831543,1
Clemson-DND_p274_c2_grm_std_uni,1,5.905473232269287,-4.75148868560791,1
Clemson-DND_p274_c2_grm_std_uni,1,5.394963264465332,-4.210589408874512,1
Clemson-DND_p274_c2_grm_std_uni,1,4.905333518981934,-3.634526252746582,1
Clemson-DND_p274_c2_grm_std_uni,1,4.920392036437988,-3.593410015106201,1
Clemson-DND_p274_c2_grm_std_uni,1,5.248282432556152,-3.9398930072784424,1
Clemson-DND_p274_c2_grm_std_uni,1,5.445692539215088,-4.292428016662598,1
Clemson-DND_p274_c2_grm_std_uni,1,5.690522193908691,-4.744799613952637,1
Clemson-DND_p274_c2_grm_std_uni,1,6.3133625984191895,-4.751147747039795,1
Clemson-DND_p274_c2_grm_std_uni,1,6.420102596282959,-4.853965759277344,1
Clemson-DND_p274_c2_grm_std_uni,1,6.41641902923584,-4.965219497680664,1
Clemson-DND_p274_c2_grm_std_uni,1,6.428445339202881,-5.313714981079102,1
Clemson-DND_p274_c2_grm_std_uni,1,6.533477783203125,-5.499346733093262,1
Clemson-DND_p274_c2_grm_std_uni,1,6.747618198394775,-6.22726583480835,1
Clemson-DND_p274_c2_grm_std_uni,1,5.98681640625,-4.953860759735107,1
Clemson-DND_p274_c2_grm_std_uni,1,5.565754413604736,-4.059517860412598,1
Clemson-DND_p274_c2_grm_std_uni,1,4.978407859802246,-3.5093188285827637,1
Clemson-DND_p274_c2_grm_std_uni,1,4.81613826751709,-3.466320037841797,1
Clemson-DND_p274_c2_grm_std_uni,1,4.873002529144287,-3.708298921585083,1
Clemson-DND_p274_c2_grm_std_uni,1,4.596310615539551,-3.825897216796875,1
Clemson-DND_p274_c2_grm_std_uni,1,4.489339828491211,-3.875938892364502,1
Clemson-DND_p274_c2_grm_std_uni,1,4.322575092315674,-3.6520979404449463,1
Clemson-DND_p274_c2_grm_std_uni,1,4.796202659606934,-4.126101970672607,1
Clemson-DND_p274_c2_grm_std_uni,1,5.271052360534668,-4.503905773162842,1
Clemson-DND_p274_c2_grm_std_uni,1,5.869081974029541,-4.719278335571289,1
Clemson-DND_p274_c2_grm_std_uni,1,6.124310493469238,-4.736241817474365,1
Clemson-DND_p274_c2_grm_std_uni,1,5.986021995544434,-4.5230712890625,1
Clemson-DND_p274_c2_grm_std_uni,1,5.887984275817871,-4.401654243469238,1
Clemson-DND_p274_c2_grm_std_uni,1,5.872381687164307,-4.372705936431885,1
Clemson-DND_p274_c2_grm_std_uni,1,5.944085597991943,-4.425753593444824,1
Clemson-DND_p274_c2_grm_std_uni,1,6.211946964263916,-4.609586238861084,1
Clemson-DND_p274_c2_grm_std_uni,1,6.114442348480225,-4.482864856719971,1
Clemson-DND_p274_c2_grm_std_uni,1,6.038236141204834,-4.386666297912598,1
Clemson-DND_p274_c2_grm_std_uni,1,5.974177837371826,-4.149420738220215,1
Clemson-DND_p274_c2_grm_std_uni,1,5.777945518493652,-4.153194427490234,1
Clemson-DND_p274_c2_grm_std_uni,1,5.726343154907227,-4.088993072509766,1
Clemson-DND_p274_c2_grm_std_uni,1,5.3165669441223145,-3.684950351715088,1
Clemson-DND_p274_c2_grm_std_uni,1,5.3553667068481445,-4.000262260437012,1
Clemson-DND_p274_c2_grm_std_uni,1,5.537191867828369,-3.8619346618652344,1
Clemson-DND_p274_c2_grm_std_uni,1,4.877155780792236,-3.8411455154418945,1
Clemson-DND_p274_c2_grm_std_uni,1,4.686441421508789,-3.6702866554260254,1
Clemson-DND_p274_c2_grm_std_uni,1,5.133988857269287,-4.324819087982178,1
Clemson-DND_p274_c2_grm_std_uni,1,5.410529136657715,-4.641786575317383,1
Clemson-DND_p274_c2_grm_std_uni,1,6.142612934112549,-4.961968421936035,1
Clemson-DND_p274_c2_grm_std_uni,1,6.239211559295654,-4.768662452697754,1
Clemson-DND_p274_c2_grm_std_uni,1,6.596999168395996,-4.9971137046813965,1
Clemson-DND_p274_c2_grm_std_uni,1,6.689712047576904,-5.327452182769775,1
Clemson-DND_p274_c2_grm_std_uni,1,6.65431547164917,-5.444248676300049,1
Clemson-DND_p274_c2_grm_std_uni,1,6.156829357147217,-4.966225624084473,1
Clemson-DND_p274_c2_grm_std_uni,1,6.425814151763916,-5.382031440734863,1
Clemson-DND_p274_c2_grm_std_uni,1,6.051961421966553,-5.192732334136963,1
Clemson-DND_p274_c2_grm_std_uni,1,5.714433193206787,-4.9858784675598145,1
Clemson-DND_p274_c2_grm_std_uni,1,5.219789028167725,-4.738487243652344,1
Clemson-DND_p274_c2_grm_std_uni,1,4.629724979400635,-4.334089279174805,1
Clemson-DND_p274_c2_grm_std_uni,1,5.017000198364258,-4.592228889465332,1
Clemson-DND_p274_c2_grm_std_uni,1,6.228220462799072,-5.393335342407227,1
Clemson-DND_p274_c2_grm_std_uni,1,5.9585347175598145,-4.953779697418213,1
Clemson-DND_p274_c2_grm_std_uni,1,6.366332530975342,-5.149403095245361,1
Clemson-DND_p274_c2_grm_std_uni,1,6.706058979034424,-5.244442462921143,1
Clemson-DND_p274_c2_grm_std_uni,1,5.848984241485596,-4.3026604652404785,1
Clemson-DND_p274_c2_grm_std_uni,1,5.764780521392822,-4.186440944671631,1
Clemson-DND_p274_c2_grm_std_uni,1,6.7124176025390625,-5.106865882873535,1
Clemson-DND_p274_c2_grm_std_uni,1,7.319007396697998,-5.973158359527588,1
Clemson-DND_p274_c2_grm_std_uni,1,7.095688343048096,-5.521055698394775,1
Clemson-DND_p274_c2_grm_std_uni,1,6.405937194824219,-4.880303859710693,1
Clemson-DND_p274_c2_grm_std_uni,1,6.7924957275390625,-5.382332801818848,1
Clemson-DND_p274_c2_grm_std_uni,1,6.084887981414795,-4.553303241729736,1
Clemson-DND_p274_c2_grm_std_uni,1,4.9839372634887695,-3.358376979827881,1
Clemson-DND_p274_c2_grm_std_uni,1,5.1688432693481445,-3.5445632934570312,1
Clemson-DND_p274_c2_grm_std_uni,1,5.705306053161621,-4.194451808929443,1
Clemson-DND_p274_c2_grm_std_uni,1,5.521548748016357,-4.004899978637695,1
Clemson-DND_p274_c2_grm_std_uni,1,6.062230110168457,-4.512800216674805,1
Clemson-DND_p274_c2_grm_std_uni,1,5.909050464630127,-4.5884013175964355,1
Clemson-DND_p274_c2_grm_std_uni,1,5.242722511291504,-4.214286804199219,1
Clemson-DND_p274_c2_grm_std_uni,1,5.0868821144104,-4.3347063064575195,1
Clemson-DND_p274_c2_grm_std_uni,1,5.164063930511475,-4.43656063079834,1
Clemson-DND_p274_c2_grm_std_uni,1,3.881354331970215,-3.1662328243255615,1
Clemson-DND_p274_c2_grm_std_uni,1,3.215379238128662,-2.7063181400299072,1
Clemson-DND_p274_c2_grm_std_uni,1,3.855499029159546,-3.2695724964141846,1
Clemson-DND_p274_c2_grm_std_uni,1,4.505565166473389,-3.7507128715515137,1
Clemson-DND_p274_c2_grm_std_uni,1,4.9577741622924805,-4.0819902420043945,1
Clemson-DND_p274_c2_grm_std_uni,1,4.907683372497559,-3.89475154876709,1
Clemson-DND_p274_c2_grm_std_uni,1,5.13826847076416,-3.9067559242248535,1
Clemson-DND_p274_c2_grm_std_uni,1,5.29815149307251,-4.085493087768555,1
Clemson-DND_p274_c2_grm_std_uni,1,4.747011184692383,-3.550104856491089,1
Clemson-DND_p274_c2_grm_std_uni,1,4.588840007781982,-3.3440842628479004,1
Clemson-DND_p274_c2_grm_std_uni,1,4.90534782409668,-3.744269847869873,1
Clemson-DND_p274_c2_grm_std_uni,1,4.515620231628418,-3.322929859161377,1
Clemson-DND_p274_c2_grm_std_uni,1,4.413926124572754,-3.2338905334472656,1
Clemson-DND_p274_c2_grm_std_uni,1,4.8275322914123535,-3.7944743633270264,1
Clemson-DND_p274_c2_grm_std_uni,1,5.1179609298706055,-4.075469970703125,1
Clemson-DND_p274_c2_grm_std_uni,1,5.397422790527344,-4.439291477203369,1
Clemson-DND_p274_c2_grm_std_uni,1,4.901252746582031,-4.083792209625244,1
Clemson-DND_p274_c2_grm_std_uni,1,4.383382320404053,-3.5260825157165527,1
Clemson-DND_p274_c2_grm_std_uni,1,4.959860324859619,-4.200784206390381,1
Clemson-DND_p274_c2_grm_std_uni,1,5.6896467208862305,-4.857873916625977,1
Clemson-DND_p274_c2_grm_std_uni,1,5.141795635223389,-4.029350280761719,1
Clemson-DND_p274_c2_grm_std_uni,1,4.84903621673584,-3.7149415016174316,1
Clemson-DND_p274_c2_grm_std_uni,1,5.105064868927002,-4.0620598793029785,1
Clemson-DND_p274_c2_grm_std_uni,1,5.325872898101807,-4.163585186004639,1
Clemson-DND_p274_c2_grm_std_uni,1,4.542844772338867,-3.14547061920166,1
Clemson-DND_p274_c2_grm_std_uni,1,4.7870774269104,-3.3798410892486572,1
Clemson-DND_p274_c2_grm_std_uni,1,5.089898109436035,-3.944969892501831,1
Clemson-DND_p274_c2_grm_std_uni,1,5.645467281341553,-4.438528537750244,1
Clemson-DND_p274_c2_grm_std_uni,1,5.114566326141357,-4.038814067840576,1
Clemson-DND_p274_c2_grm_std_uni,1,4.246934413909912,-3.4811933040618896,1
Clemson-DND_p274_c2_grm_std_uni,1,4.402878761291504,-3.730536937713623,1
Clemson-DND_p274_c2_grm_std_uni,1,4.618784427642822,-4.11098575592041,1
Clemson-DND_p274_c2_grm_std_uni,1,5.676105976104736,-4.863377571105957,1
Clemson-DND_p274_c2_grm_std_uni,1,5.910548686981201,-5.459355354309082,1
Clemson-DND_p274_c2_grm_std_uni,1,5.914694309234619,-6.035019874572754,1
Clemson-DND_p274_c2_grm_std_uni,1,5.705473899841309,-5.874792098999023,1
Clemson-DND_p274_c2_grm_std_uni,1,5.676640033721924,-5.221138000488281,1
Clemson-DND_p274_c2_grm_std_uni,1,5.478010177612305,-4.259623050689697,1
Clemson-DND_p274_c2_grm_std_uni,1,4.895686626434326,-3.6324362754821777,1
Clemson-DND_p274_c2_grm_std_uni,1,4.8878254890441895,-3.261014461517334,1
Clemson-DND_p274_c2_grm_std_uni,1,4.733616352081299,-3.387924909591675,1
Clemson-DND_p274_c2_grm_std_uni,1,4.615020275115967,-3.421116828918457,1
Clemson-DND_p274_c2_grm_std_uni,1,4.571807861328125,-3.455265998840332,1
Clemson-DND_p274_c2_grm_std_uni,1,4.650198936462402,-3.601304292678833,1
Clemson-DND_p274_c2_grm_std_uni,1,4.8256731033325195,-3.6659915447235107,1
Clemson-DND_p274_c2_grm_std_uni,1,4.950180530548096,-3.803281545639038,1
Clemson-DND_p274_c2_grm_std_uni,1,5.528696537017822,-4.218754291534424,1
Clemson-DND_p274_c2_grm_std_uni,1,5.875395774841309,-4.487637996673584,1
Clemson-DND_p274_c2_grm_std_uni,1,6.251158714294434,-4.6025238037109375,1
Clemson-DND_p274_c2_grm_std_uni,1,6.378758430480957,-4.704910755157471,1
Clemson-DND_p274_c2_grm_std_uni,1,6.693687438964844,-4.8473734855651855,1
Clemson-DND_p274_c2_grm_std_uni,1,6.874094486236572,-4.7228217124938965,1
Clemson-DND_p274_c2_grm_std_uni,1,6.784243106842041,-4.534046649932861,1
Clemson-DND_p274_c2_grm_std_uni,1,6.472095012664795,-4.406996250152588,1
Clemson-DND_p274_c2_grm_std_uni,1,6.506375789642334,-4.519627571105957,1
Clemson-DND_p274_c2_grm_std_uni,1,6.621771812438965,-4.691438674926758,1
Clemson-DND_p274_c2_grm_std_uni,1,6.622913837432861,-4.767738342285156,1
Clemson-DND_p274_c2_grm_std_uni,1,6.685964107513428,-4.691415309906006,1
Clemson-DND_p274_c2_grm_std_uni,1,6.662754535675049,-4.828122138977051,1
Clemson-DND_p274_c2_grm_std_uni,1,6.146366596221924,-4.63109016418457,1
Clemson-DND_p274_c2_grm_std_uni,1,5.972893238067627,-4.840583324432373,1
Clemson-DND_p274_c2_grm_std_uni,1,5.498058795928955,-4.32781457901001,1
Clemson-DND_p274_c2_grm_std_uni,1,5.188604831695557,-3.6640825271606445,1
Clemson-DND_p274_c2_grm_std_uni,1,5.170873641967773,-3.4706525802612305,1
Clemson-DND_p274_c2_grm_std_uni,1,5.244912624359131,-3.6417596340179443,1
Clemson-DND_p274_c2_grm_std_uni,1,4.6152448654174805,-3.2696213722229004,1
Clemson-DND_p274_c2_grm_std_uni,1,4.680994510650635,-3.501166582107544,1
Clemson-DND_p274_c2_grm_std_uni,1,4.818380355834961,-4.01710319519043,1
Clemson-DND_p274_c2_grm_std_uni,1,4.943270683288574,-4.222234725952148,1
Clemson-DND_p274_c2_grm_std_uni,1,5.22559928894043,-4.757754802703857,1
Clemson-DND_p274_c2_grm_std_uni,1,4.9230804443359375,-3.933837413787842,1
Clemson-DND_p274_c2_grm_std_uni,1,5.025206089019775,-3.247023105621338,1
Clemson-DND_p274_c2_grm_std_uni,1,4.7377471923828125,-3.2279574871063232,1
Clemson-DND_p274_c2_grm_std_uni,1,5.074619770050049,-3.119255542755127,1
Clemson-DND_p274_c2_grm_std_uni,1,4.535276412963867,-3.2820327281951904,1
Clemson-DND_p274_c2_grm_std_uni,1,4.602276802062988,-3.386733293533325,1
Clemson-DND_p274_c2_grm_std_uni,1,4.698304176330566,-3.590510845184326,1
Clemson-DND_p274_c2_grm_std_uni,1,5.625836372375488,-4.552624702453613,1
Clemson-DND_p274_c2_grm_std_uni,1,5.770267963409424,-4.636178970336914,1
Clemson-DND_p274_c2_grm_std_uni,1,5.391884803771973,-4.207321643829346,1
Clemson-DND_p274_c2_grm_std_uni,1,5.329833030700684,-4.089349746704102,1
Clemson-DND_p274_c2_grm_std_uni,1,5.628679275512695,-4.244208335876465,1
Clemson-DND_p274_c2_grm_std_uni,1,5.786452293395996,-4.50331449508667,1
Clemson-DND_p274_c2_grm_std_uni,1,6.406924247741699,-4.736449241638184,1
Clemson-DND_p274_c2_grm_std_uni,1,6.389214992523193,-4.677621364593506,1
Clemson-DND_p274_c2_grm_std_uni,1,5.987207889556885,-4.224812984466553,1
Clemson-DND_p274_c2_grm_std_uni,1,5.7289628982543945,-4.3087053298950195,1
Clemson-DND_p274_c2_grm_std_uni,1,5.060383319854736,-3.887889862060547,1
Clemson-DND_p274_c2_grm_std_uni,1,5.215573787689209,-4.1127448081970215,1
Clemson-DND_p274_c2_grm_std_uni,1,5.600504398345947,-4.3054094314575195,1
Clemson-DND_p274_c2_grm_std_uni,1,5.215926647186279,-4.177768707275391,1
Clemson-DND_p274_c2_grm_std_uni,1,4.987287998199463,-4.070659160614014,1
Clemson-DND_p274_c2_grm_std_uni,1,5.151101589202881,-4.439879417419434,1
Clemson-DND_p274_c2_grm_std_uni,1,5.572965621948242,-4.872540473937988,1
Clemson-DND_p274_c2_grm_std_uni,1,5.980936050415039,-5.445669174194336,1
Clemson-DND_p274_c2_grm_std_uni,1,6.156332015991211,-5.905396938323975,1
Clemson-DND_p274_c2_grm_std_uni,1,6.312431335449219,-5.96922492980957,1
Clemson-DND_p274_c2_grm_std_uni,1,6.044344425201416,-5.537557601928711,1
Clemson-DND_p274_c2_grm_std_uni,1,6.237476825714111,-5.57033634185791,1
Clemson-DND_p274_c2_grm_std_uni,1,6.577175617218018,-5.831627368927002,1
Clemson-DND_p274_c2_grm_std_uni,1,6.729074478149414,-6.179973125457764,1
Clemson-DND_p274_c2_grm_std_uni,1,6.993525981903076,-6.488644599914551,1
Clemson-DND_p274_c2_grm_std_uni,1,6.901660442352295,-6.39048957824707,1
Clemson-DND_p274_c2_grm_std_uni,1,6.954174995422363,-6.408107280731201,1
Clemson-DND_p274_c2_grm_std_uni,1,7.492415428161621,-6.999777317047119,1
Clemson-DND_p274_c2_grm_std_uni,1,7.31540584564209,-7.361961364746094,1
Clemson-DND_p274_c2_grm_std_uni,1,6.6423821449279785,-6.0663886070251465,1
Clemson-DND_p274_c2_grm_std_uni,1,5.56384801864624,-4.389687538146973,1
Clemson-DND_p274_c2_grm_std_uni,1,5.3792948722839355,-3.8626229763031006,1
Clemson-DND_p274_c2_grm_std_uni,1,5.384026527404785,-3.548675060272217,1
Clemson-DND_p274_c2_grm_std_uni,1,5.181899070739746,-3.3336246013641357,1
Clemson-DND_p274_c2_grm_std_uni,1,4.458460807800293,-3.069962739944458,1
Clemson-DND_p274_c2_grm_std_uni,1,3.2643442153930664,-1.82912015914917,1
Clemson-DND_p274_c2_grm_std_uni,1,3.799593687057495,-1.7350373268127441,1
Clemson-DND_p274_c2_grm_std_uni,1,5.165647506713867,-3.519801378250122,1
Clemson-DND_p274_c2_grm_std_uni,1,5.506720066070557,-3.7223808765411377,1
Clemson-DND_p274_c2_grm_std_uni,1,5.645813941955566,-4.263902187347412,1
Clemson-DND_p274_c2_grm_std_uni,1,5.3697733879089355,-4.152755260467529,1
Clemson-DND_p274_c2_grm_std_uni,1,5.4657135009765625,-4.063447952270508,1
Clemson-DND_p274_c2_grm_std_uni,1,5.034729480743408,-3.8938143253326416,1
Clemson-DND_p274_c2_grm_std_uni,1,4.601580619812012,-3.5428991317749023,1
Clemson-DND_p274_c2_grm_std_uni,1,4.955838680267334,-3.6123080253601074,1
Clemson-DND_p274_c2_grm_std_uni,1,5.394754886627197,-3.972240447998047,1
Clemson-DND_p274_c2_grm_std_uni,1,5.453012466430664,-4.281432628631592,1
Clemson-DND_p274_c2_grm_std_uni,1,5.414618968963623,-4.4519171714782715,1
Clemson-DND_p274_c2_grm_std_uni,1,5.561274528503418,-4.718527317047119,1
Clemson-DND_p274_c2_grm_std_uni,1,5.8854756355285645,-4.98636531829834,1
Clemson-DND_p274_c2_grm_std_uni,1,5.67279577255249,-4.777947902679443,1
Clemson-DND_p274_c2_grm_std_uni,1,5.666317939758301,-4.597866535186768,1
Clemson-DND_p274_c2_grm_std_uni,1,5.450186252593994,-4.300504684448242,1
Clemson-DND_p274_c2_grm_std_uni,1,5.899145603179932,-4.59506368637085,1
Clemson-DND_p274_c2_grm_std_uni,1,6.201642990112305,-4.60685920715332,1
Clemson-DND_p274_c2_grm_std_uni,1,6.32359504699707,-4.6956939697265625,1
Clemson-DND_p274_c2_grm_std_uni,1,6.481618881225586,-4.385918140411377,1
Clemson-DND_p274_c2_grm_std_uni,1,6.507289409637451,-4.547266483306885,1
Clemson-DND_p274_c2_grm_std_uni,1,6.261270999908447,-4.6964030265808105,1
Clemson-DND_p274_c2_grm_std_uni,1,6.185583114624023,-4.955702781677246,1
Clemson-DND_p274_c2_grm_std_uni,1,6.321558952331543,-5.104568958282471,1
Clemson-DND_p274_c2_grm_std_uni,1,5.938145160675049,-4.5476460456848145,1
Clemson-DND_p274_c2_grm_std_uni,1,5.621885299682617,-3.938732147216797,1
Clemson-DND_p274_c2_grm_std_uni,1,5.304559707641602,-3.6248040199279785,1
Clemson-DND_p274_c2_grm_std_uni,1,5.0860466957092285,-3.5929996967315674,1
Clemson-DND_p274_c2_grm_std_uni,1,5.094268321990967,-3.628296136856079,1
Clemson-DND_p274_c2_grm_std_uni,1,4.907884120941162,-3.5698771476745605,1
Clemson-DND_p274_c2_grm_std_uni,1,4.526357650756836,-3.255272388458252,1
Clemson-DND_p274_c2_grm_std_uni,1,4.12905216217041,-2.943220853805542,1
Clemson-DND_p274_c2_grm_std_uni,1,4.3558855056762695,-3.228541135787964,1
Clemson-DND_p274_c2_grm_std_uni,1,4.60538911819458,-3.5919270515441895,1
Clemson-DND_p274_c2_grm_std_uni,2,4.519694805145264,-3.58789324760437,1
Clemson-DND_p274_c2_grm_std_uni,1,4.567404747009277,-3.6233105659484863,1
Clemson-DND_p274_c2_grm_std_uni,1,4.998365879058838,-4.161510944366455,1
Clemson-DND_p274_c2_grm_std_uni,1,5.052130222320557,-4.191958427429199,1
Clemson-DND_p274_c2_grm_std_uni,1,5.181437015533447,-4.4005632400512695,1
Clemson-DND_p274_c2_grm_std_uni,1,5.358531475067139,-4.171771049499512,1
Clemson-DND_p274_c2_grm_std_uni,1,5.462912082672119,-3.8198554515838623,1
Clemson-DND_p274_c2_grm_std_uni,1,5.079915523529053,-2.8017523288726807,1
Clemson-DND_p274_c2_grm_std_uni,1,5.074493408203125,-3.4033639430999756,1
Clemson-DND_p274_c2_grm_std_uni,1,4.872395992279053,-3.208117961883545,1
Clemson-DND_p274_c2_grm_std_uni,1,5.050786972045898,-3.388155221939087,1
Clemson-DND_p274_c2_grm_std_uni,1,5.465742111206055,-3.9757297039031982,1
Clemson-DND_p274_c2_grm_std_uni,1,5.720122814178467,-4.483261585235596,1
Clemson-DND_p274_c2_grm_std_uni,1,5.884914875030518,-4.743936061859131,1
Clemson-DND_p274_c2_grm_std_uni,1,5.91385555267334,-4.8650078773498535,1
Clemson-DND_p274_c2_grm_std_uni,1,6.340018272399902,-5.138063430786133,1
Clemson-DND_p274_c2_grm_std_uni,1,6.243608474731445,-5.056645393371582,1
Clemson-DND_p274_c2_grm_std_uni,1,5.7679443359375,-4.424928665161133,1
Clemson-DND_p274_c2_grm_std_uni,1,5.9116058349609375,-4.509975910186768,1
Clemson-DND_p274_c2_grm_std_uni,1,6.113308906555176,-4.689431190490723,1
Clemson-DND_p274_c2_grm_std_uni,1,5.9838104248046875,-4.649310111999512,1
Clemson-DND_p274_c2_grm_std_uni,1,5.820170879364014,-4.363072395324707,1
Clemson-DND_p274_c2_grm_std_uni,1,6.072256088256836,-4.458971977233887,1
Clemson-DND_p274_c2_grm_std_uni,1,6.395622253417969,-4.713591575622559,1
Clemson-DND_p274_c2_grm_std_uni,1,7.0744829177856445,-5.56662130355835,1
Clemson-DND_p274_c2_grm_std_uni,1,7.493048191070557,-6.659245491027832,1
Clemson-DND_p274_c2_grm_std_uni,1,7.417916297912598,-7.177323341369629,1
Clemson-DND_p274_c2_grm_std_uni,1,6.721954345703125,-6.296994209289551,1
Clemson-DND_p274_c2_grm_std_uni,1,6.7371392250061035,-6.150847911834717,1
Clemson-DND_p274_c2_grm_std_uni,1,5.921204566955566,-4.891969680786133,1
Clemson-DND_p274_c2_grm_std_uni,1,5.711503982543945,-4.3442277908325195,1
Clemson-DND_p274_c2_grm_std_uni,1,5.61572265625,-3.552945375442505,1
Clemson-DND_p274_c2_grm_std_uni,1,5.102156162261963,-3.177351713180542,1
Clemson-DND_p274_c2_grm_std_uni,1,4.721790790557861,-3.024728536605835,1
Clemson-DND_p274_c2_grm_std_uni,1,4.975491046905518,-3.546663761138916,1
Clemson-DND_p274_c2_grm_std_uni,1,4.232712268829346,-3.3140928745269775,1
Clemson-DND_p274_c2_grm_std_uni,1,4.853428363800049,-3.5928730964660645,1
Clemson-DND_p274_c2_grm_std_uni,1,5.71689510345459,-4.31148099899292,1
Clemson-DND_p274_c2_grm_std_uni,1,5.906889915466309,-4.49915885925293,1
Clemson-DND_p274_c2_grm_std_uni,1,6.040748119354248,-4.4344940185546875,1
Clemson-DND_p274_c2_grm_std_uni,1,6.01699161529541,-4.292025566101074,1
Clemson-DND_p274_c2_grm_std_uni,1,6.021050930023193,-4.294629096984863,1
Clemson-DND_p274_c2_grm_std_uni,1,5.912652969360352,-4.085905075073242,1
Clemson-DND_p274_c2_grm_std_uni,1,5.983912467956543,-4.200667381286621,1
Clemson-DND_p274_c2_grm_std_uni,1,6.264583110809326,-4.7222208976745605,1
Clemson-DND_p274_c2_grm_std_uni,1,6.566713333129883,-5.102895259857178,1
Clemson-DND_p274_c2_grm_std_uni,1,6.527658462524414,-4.9731125831604,1
Clemson-DND_p274_c2_grm_std_uni,1,6.249895095825195,-4.661504745483398,1
Clemson-DND_p274_c2_grm_std_uni,1,6.01291561126709,-4.470448970794678,1
Clemson-DND_p274_c2_grm_std_uni,1,5.88827657699585,-3.941757917404175,1
Clemson-DND_p274_c2_grm_std_uni,1,4.90062141418457,-2.959167957305908,1
Clemson-DND_p274_c2_grm_std_uni,1,4.730046272277832,-2.832009792327881,1
Clemson-DND_p274_c2_grm_std_uni,1,5.314767837524414,-3.5286760330200195,1
Clemson-DND_p274_c2_grm_std_uni,1,4.677166938781738,-2.999290943145752,1
Clemson-DND_p274_c2_grm_std_uni,1,4.846864700317383,-3.2502691745758057,1
Clemson-DND_p274_c2_grm_std_uni,1,5.352715015411377,-3.8946685791015625,1
Clemson-DND_p274_c2_grm_std_uni,1,5.606457710266113,-4.285591125488281,1
Clemson-DND_p274_c2_grm_std_uni,1,5.4541826248168945,-4.166434288024902,1
Clemson-DND_p274_c2_grm_std_uni,1,5.527646541595459,-4.039103031158447,1
Clemson-DND_p274_c2_grm_std_uni,1,5.698083400726318,-4.17805290222168,1
Clemson-DND_p274_c2_grm_std_uni,1,5.820287227630615,-4.184570789337158,1
Clemson-DND_p274_c2_grm_std_uni,1,5.804802894592285,-4.086738586425781,1
Clemson-DND_p274_c2_grm_std_uni,1,5.704561710357666,-3.714081048965454,1
Clemson-DND_p274_c2_grm_std_uni,1,5.560331344604492,-4.220131874084473,1
Clemson-DND_p274_c2_grm_std_uni,1,5.923294544219971,-4.1201090812683105,1
Clemson-DND_p274_c2_grm_std_uni,1,6.216311931610107,-4.17653751373291,1
Clemson-DND_p274_c2_grm_std_uni,1,5.987283229827881,-4.198958873748779,1
Clemson-DND_p274_c2_grm_std_uni,1,6.275472164154053,-4.645533084869385,1
Clemson-DND_p274_c2_grm_std_uni,1,6.221632480621338,-4.563411235809326,1
Clemson-DND_p274_c2_grm_std_uni,1,6.24906587600708,-4.863748073577881,1
Clemson-DND_p274_c2_grm_std_uni,1,6.488617420196533,-4.9827752113342285,1
Clemson-DND_p274_c2_grm_std_uni,1,6.833436489105225,-5.39453125,1
Clemson-DND_p274_c2_grm_std_uni,1,6.846962928771973,-5.2286376953125,1
Clemson-DND_p274_c2_grm_std_uni,1,6.959529399871826,-5.526061534881592,1
Clemson-DND_p274_c2_grm_std_uni,1,6.9345245361328125,-5.5879316329956055,1
Clemson-DND_p274_c2_grm_std_uni,1,7.3118767738342285,-6.136648654937744,1
Clemson-DND_p274_c2_grm_std_uni,1,7.037776470184326,-5.630267143249512,1
Clemson-DND_p274_c2_grm_std_uni,1,6.400018215179443,-4.980893611907959,1
Clemson-DND_p274_c2_grm_std_uni,1,6.9994611740112305,-5.338502883911133,1
Clemson-DND_p274_c2_grm_std_uni,1,7.030705451965332,-5.377542018890381,1
Clemson-DND_p274_c2_grm_std_uni,1,6.852637767791748,-5.470398902893066,1
Clemson-DND_p274_c2_grm_std_uni,1,6.658742427825928,-5.450329780578613,1
Clemson-DND_p274_c2_grm_std_uni,1,6.194705486297607,-5.23698616027832,1
Clemson-DND_p274_c2_grm_std_uni,1,5.7361273765563965,-4.877862453460693,1
Clemson-DND_p274_c2_grm_std_uni,1,5.566200256347656,-4.883394241333008,1
Clemson-DND_p274_c2_grm_std_uni,1,6.058581829071045,-5.282331466674805,1
Clemson-DND_p274_c2_grm_std_uni,1,6.015599727630615,-5.1459808349609375,1
Clemson-DND_p274_c2_grm_std_uni,1,6.500661373138428,-5.414816856384277,1
Clemson-DND_p274_c2_grm_std_uni,1,6.105006694793701,-5.0706281661987305,1
Clemson-DND_p274_c2_grm_std_uni,1,5.558101177215576,-4.445195198059082,1
Clemson-DND_p274_c2_grm_std_uni,1,5.092312335968018,-3.96652889251709,1
Clemson-DND_p274_c2_grm_std_uni,1,5.08491849899292,-4.212154865264893,1
Clemson-DND_p274_c2_grm_std_uni,1,5.113020420074463,-4.380083084106445,1
Clemson-DND_p274_c2_grm_std_uni,1,5.310886859893799,-4.596620559692383,1
Clemson-DND_p274_c2_grm_std_uni,1,5.106114387512207,-4.310253620147705,1
Clemson-DND_p274_c2_grm_std_uni,1,4.8426947593688965,-4.161684513092041,1
Clemson-DND_p274_c2_grm_std_uni,1,4.6859130859375,-4.142329692840576,1
Clemson-DND_p274_c2_grm_std_uni,1,5.686188697814941,-4.973740100860596,1
Clemson-DND_p274_c2_grm_std_uni,1,7.1128668785095215,-6.288819789886475,1
Clemson-DND_p274_c2_grm_std_uni,1,7.24518346786499,-6.696949481964111,1
Clemson-DND_p274_c2_grm_std_uni,1,7.301840782165527,-6.852717399597168,1
Clemson-DND_p274_c2_grm_std_uni,1,7.031519889831543,-6.902231216430664,1
Clemson-DND_p274_c2_grm_std_uni,1,5.870309352874756,-6.095014572143555,1
Clemson-DND_p274_c2_grm_std_uni,1,5.034029960632324,-4.890817165374756,1
Clemson-DND_p274_c2_grm_std_uni,1,4.540578365325928,-3.591918706893921,1
Clemson-DND_p274_c2_grm_std_uni,1,4.2833170890808105,-3.4165828227996826,1
Clemson-DND_p274_c2_grm_std_uni,1,4.437896728515625,-3.254669427871704,1
Clemson-DND_p274_c2_grm_std_uni,1,4.581831932067871,-3.205078601837158,1
Clemson-DND_p274_c2_grm_std_uni,1,4.775586128234863,-3.645780086517334,1
Clemson-DND_p274_c2_grm_std_uni,1,5.363647937774658,-4.43022346496582,1
Clemson-DND_p274_c2_grm_std_uni,1,5.661744117736816,-4.746525764465332,1
Clemson-DND_p274_c2_grm_std_uni,1,5.75073766708374,-4.488356113433838,1
Clemson-DND_p274_c2_grm_std_uni,1,5.799042224884033,-4.46660041809082,1
Clemson-DND_p274_c2_grm_std_uni,1,5.734354496002197,-4.358275413513184,1
Clemson-DND_p274_c2_grm_std_uni,1,5.583853721618652,-4.025435924530029,1
Clemson-DND_p274_c2_grm_std_uni,1,5.63332986831665,-3.968156337738037,1
Clemson-DND_p274_c2_grm_std_uni,1,5.858522415161133,-4.316634178161621,1
Clemson-DND_p274_c2_grm_std_uni,1,6.198725700378418,-4.927158832550049,1
Clemson-DND_p274_c2_grm_std_uni,1,6.4437575340271,-5.0569305419921875,1
Clemson-DND_p274_c2_grm_std_uni,1,6.175521373748779,-4.703203201293945,1
Clemson-DND_p274_c2_grm_std_uni,1,5.781927585601807,-4.3419976234436035,1
Clemson-DND_p274_c2_grm_std_uni,1,5.552774906158447,-4.072824954986572,1
Clemson-DND_p274_c2_grm_std_uni,1,5.271753311157227,-3.6691508293151855,1
Clemson-DND_p274_c2_grm_std_uni,1,5.007091045379639,-3.7168984413146973,1
Clemson-DND_p274_c2_grm_std_uni,1,4.8542399406433105,-3.596402168273926,1
Clemson-DND_p274_c2_grm_std_uni,1,4.7938432693481445,-3.495291233062744,1
Clemson-DND_p274_c2_grm_std_uni,1,4.849703788757324,-3.5142810344696045,1
Clemson-DND_p274_c2_grm_std_uni,1,5.050759792327881,-3.7872400283813477,1
Clemson-DND_p274_c2_grm_std_uni,1,5.455446720123291,-4.464486122131348,1
Clemson-DND_p274_c2_grm_std_uni,1,5.630111217498779,-4.696557998657227,1
Clemson-DND_p274_c2_grm_std_uni,1,5.546034336090088,-4.4212188720703125,1
Clemson-DND_p274_c2_grm_std_uni,1,5.123558044433594,-3.754556179046631,1
Clemson-DND_p274_c2_grm_std_uni,1,5.068082332611084,-3.680040121078491,1
Clemson-DND_p274_c2_grm_std_uni,1,5.02081298828125,-3.654047966003418,1
Clemson-DND_p274_c2_grm_std_uni,1,5.064063549041748,-3.6510751247406006,1
Clemson-DND_p274_c2_grm_std_uni,1,5.342721939086914,-3.832170248031616,1
Clemson-DND_p274_c2_grm_std_uni,1,5.737385272979736,-4.44328498840332,1
Clemson-DND_p274_c2_grm_std_uni,1,5.989774227142334,-4.845606803894043,1
Clemson-DND_p274_c2_grm_std_uni,1,6.241347312927246,-4.977541446685791,1
Clemson-DND_p274_c2_grm_std_uni,1,6.024860858917236,-4.730195999145508,1
Clemson-DND_p274_c2_grm_std_uni,1,5.42819356918335,-4.209794044494629,1
Clemson-DND_p274_c2_grm_std_uni,1,5.1290974617004395,-3.856421709060669,1
Clemson-DND_p274_c2_grm_std_uni,1,5.127514839172363,-3.859227418899536,1
Clemson-DND_p274_c2_grm_std_uni,1,5.168168067932129,-4.022505283355713,1
Clemson-DND_p274_c2_grm_std_uni,1,4.930553913116455,-3.840371608734131,1
Clemson-DND_p274_c2_grm_std_uni,1,4.734492778778076,-3.5421273708343506,1
Clemson-DND_p274_c2_grm_std_uni,1,4.7549638748168945,-3.6237974166870117,1
Clemson-DND_p274_c2_grm_std_uni,1,4.633383750915527,-3.4997711181640625,1
Clemson-DND_p274_c2_grm_std_uni,1,4.478515148162842,-3.324279546737671,1
Clemson-DND_p274_c2_grm_std_uni,1,4.361687660217285,-3.2014927864074707,1
Clemson-DND_p274_c2_grm_std_uni,1,4.312924385070801,-3.137441873550415,1
Clemson-DND_p274_c2_grm_std_uni,1,4.577667236328125,-3.327152729034424,1
Clemson-DND_p274_c2_grm_std_uni,1,4.824178695678711,-3.674510955810547,1
Clemson-DND_p274_c2_grm_std_uni,1,5.076968193054199,-4.0194268226623535,1
Clemson-DND_p274_c2_grm_std_uni,1,5.58669376373291,-4.714118003845215,1
Clemson-DND_p274_c2_grm_std_uni,1,5.893132209777832,-4.740374565124512,1
Clemson-DND_p274_c2_grm_std_uni,1,5.959106922149658,-4.801887035369873,1
Clemson-DND_p274_c2_grm_std_uni,1,5.49398946762085,-4.3553056716918945,1
Clemson-DND_p274_c2_grm_std_uni,1,5.599884986877441,-4.277348041534424,1
Clemson-DND_p274_c2_grm_std_uni,1,5.607672214508057,-4.203520774841309,1
Clemson-DND_p274_c2_grm_std_uni,1,5.775967121124268,-4.581429481506348,1
Clemson-DND_p274_c2_grm_std_uni,1,5.0517659187316895,-3.953768730163574,1
Clemson-DND_p274_c2_grm_std_uni,1,4.779105186462402,-3.5797064304351807,1
Clemson-DND_p274_c2_grm_std_uni,1,4.606195449829102,-3.4129858016967773,1
Clemson-DND_p274_c2_grm_std_uni,1,4.7721991539001465,-3.5690903663635254,1
Clemson-DND_p274_c2_grm_std_uni,1,4.8163042068481445,-3.8237686157226562,1
Clemson-DND_p274_c2_grm_std_uni,1,4.700005054473877,-4.05094575881958,1
Clemson-DND_p274_c2_grm_std_uni,1,5.062559604644775,-4.459466457366943,1
Clemson-DND_p274_c2_grm_std_uni,1,5.0836029052734375,-4.3727264404296875,1
Clemson-DND_p274_c2_grm_std_uni,1,5.3366312980651855,-4.403317928314209,1
Clemson-DND_p274_c2_grm_std_uni,1,5.632072448730469,-4.4965901374816895,1
Clemson-DND_p274_c2_grm_std_uni,1,5.8312811851501465,-4.477846622467041,1
Clemson-DND_p274_c2_grm_std_uni,1,6.1148457527160645,-5.1132731437683105,1
Clemson-DND_p274_c2_grm_std_uni,1,5.991994857788086,-4.717591762542725,1
Clemson-DND_p274_c2_grm_std_uni,1,5.409205436706543,-3.9953157901763916,1
Clemson-DND_p274_c2_grm_std_uni,1,5.188154697418213,-3.9859278202056885,1
Clemson-DND_p274_c2_grm_std_uni,1,4.878014087677002,-3.524383306503296,1
Clemson-DND_p274_c2_grm_std_uni,1,4.73695182800293,-3.3193280696868896,1
Clemson-DND_p274_c2_grm_std_uni,1,4.519221782684326,-3.25356125831604,1
Clemson-DND_p274_c2_grm_std_uni,1,4.794347286224365,-3.3455123901367188,1
Clemson-DND_p274_c2_grm_std_uni,1,4.954808235168457,-3.537308692932129,1
Clemson-DND_p274_c2_grm_std_uni,1,4.851202487945557,-3.720574140548706,1
Clemson-DND_p274_c2_grm_std_uni,1,4.717915058135986,-4.072951793670654,1
Clemson-DND_p274_c2_grm_std_uni,1,4.919327735900879,-4.176009654998779,1
Clemson-DND_p274_c2_grm_std_uni,2,5.394681453704834,-4.650223731994629,1
Clemson-DND_p274_c2_grm_std_uni,1,5.600096225738525,-4.708242416381836,1
Clemson-DND_p274_c2_grm_std_uni,1,5.850508213043213,-4.658813953399658,1
Clemson-DND_p274_c2_grm_std_uni,1,5.673496723175049,-4.330099105834961,1
Clemson-DND_p274_c2_grm_std_uni,1,5.746226787567139,-4.188827037811279,1
Clemson-DND_p274_c2_grm_std_uni,1,5.742556095123291,-4.067389011383057,1
Clemson-DND_p274_c2_grm_std_uni,1,5.335780620574951,-3.7705869674682617,1
Clemson-DND_p274_c2_grm_std_uni,1,4.893618583679199,-3.3761446475982666,1
Clemson-DND_p274_c2_grm_std_uni,1,4.569944858551025,-3.101059675216675,1
Clemson-DND_p274_c2_grm_std_uni,1,4.322983264923096,-2.865222454071045,1
Clemson-DND_p274_c2_grm_std_uni,1,4.463603496551514,-2.915468692779541,1
Clemson-DND_p274_c2_grm_std_uni,1,5.191915512084961,-3.744342088699341,1
Clemson-DND_p274_c2_grm_std_uni,1,5.34941291809082,-3.9436066150665283,1
Clemson-DND_p274_c2_grm_std_uni,1,5.345126628875732,-4.1457037925720215,1
Clemson-DND_p274_c2_grm_std_uni,1,5.690988540649414,-4.430665016174316,1
Clemson-DND_p274_c2_grm_std_uni,1,5.87009859085083,-4.504390239715576,1
Clemson-DND_p274_c2_grm_std_uni,1,5.575492858886719,-3.955455780029297,1
Clemson-DND_p274_c2_grm_std_uni,1,5.790342330932617,-4.156746864318848,1
Clemson-DND_p274_c2_grm_std_uni,1,5.517360210418701,-3.8659090995788574,1
Clemson-DND_p274_c2_grm_std_uni,1,5.325902938842773,-3.46121883392334,1
Clemson-DND_p274_c2_grm_std_uni,1,5.066939830780029,-3.087273359298706,1
Clemson-DND_p274_c2_grm_std_uni,1,4.962733745574951,-3.28183650970459,1
Clemson-DND_p274_c2_grm_std_uni,1,4.835720539093018,-3.4875099658966064,1
Clemson-DND_p274_c2_grm_std_uni,1,4.934072017669678,-3.99245023727417,1
Clemson-DND_p274_c2_grm_std_uni,1,5.3547186851501465,-4.566786289215088,1
Clemson-DND_p274_c2_grm_std_uni,1,5.27732515335083,-4.2132768630981445,1
Clemson-DND_p274_c2_grm_std_uni,1,5.260025501251221,-4.340073108673096,1
Clemson-DND_p274_c2_grm_std_uni,1,5.888442516326904,-4.778906345367432,1
Clemson-DND_p274_c2_grm_std_uni,1,6.299290657043457,-5.124908924102783,1
Clemson-DND_p274_c2_grm_std_uni,1,6.869813919067383,-5.7705817222595215,1
Clemson-DND_p274_c2_grm_std_uni,1,6.2559685707092285,-4.6479668617248535,1
Clemson-DND_p274_c2_grm_std_uni,1,5.180725574493408,-3.354243040084839,1
Clemson-DND_p274_c2_grm_std_uni,1,5.0826096534729,-3.628920793533325,1
Clemson-DND_p274_c2_grm_std_uni,1,5.293169021606445,-3.9424052238464355,1
Clemson-DND_p274_c2_grm_std_uni,1,4.9211745262146,-4.00173282623291,1
Clemson-DND_p274_c2_grm_std_uni,1,4.91768217086792,-3.716437339782715,1
Clemson-DND_p274_c2_grm_std_uni,1,4.769580364227295,-3.630584955215454,1
Clemson-DND_p274_c2_grm_std_uni,1,5.200137615203857,-4.054581165313721,1
Clemson-DND_p274_c2_grm_std_uni,1,5.098395824432373,-3.8551931381225586,1
Clemson-DND_p274_c2_grm_std_uni,1,5.258655071258545,-4.263579368591309,1
Clemson-DND_p274_c2_grm_std_uni,1,5.43951416015625,-4.321570873260498,1
Clemson-DND_p274_c2_grm_std_uni,1,5.113012790679932,-3.817923069000244,1
Clemson-DND_p274_c2_grm_std_uni,1,5.299249172210693,-4.2518720626831055,1
Clemson-DND_p274_c2_grm_std_uni,1,5.764118671417236,-4.992334842681885,1
Clemson-DND_p274_c2_grm_std_uni,1,5.866540908813477,-4.503982067108154,1
Clemson-DND_p274_c2_grm_std_uni,1,5.144063472747803,-3.5256459712982178,1
Clemson-DND_p274_c2_grm_std_uni,1,4.961658954620361,-3.0671756267547607,1
Clemson-DND_p274_c2_grm_std_uni,1,4.3287153244018555,-3.1365580558776855,1
Clemson-DND_p274_c2_grm_std_uni,1,4.483495712280273,-3.0490481853485107,1
Clemson-DND_p274_c2_grm_std_uni,1,4.56067419052124,-3.277992010116577,1
Clemson-DND_p274_c2_grm_std_uni,1,5.375059604644775,-4.104892253875732,1
Clemson-DND_p274_c2_grm_std_uni,1,5.729243755340576,-4.616747856140137,1
Clemson-DND_p274_c2_grm_std_uni,1,5.913320064544678,-4.761947154998779,1
Clemson-DND_p274_c2_grm_std_uni,1,5.483247756958008,-3.801327705383301,1
Clemson-DND_p274_c2_grm_std_uni,1,5.342462062835693,-3.712979793548584,1
Clemson-DND_p274_c2_grm_std_uni,1,6.061945915222168,-4.551909446716309,1
Clemson-DND_p274_c2_grm_std_uni,1,6.245798110961914,-4.841897010803223,1
Clemson-DND_p274_c2_grm_std_uni,1,6.293188571929932,-4.971340656280518,1
Clemson-DND_p274_c2_grm_std_uni,1,6.470179080963135,-5.092370510101318,1
Clemson-DND_p274_c2_grm_std_uni,1,6.217792987823486,-4.6945600509643555,1
Clemson-DND_p274_c2_grm_std_uni,1,6.129424095153809,-4.412725925445557,1
Clemson-DND_p274_c2_grm_std_uni,1,5.744527816772461,-3.4890005588531494,1
Clemson-DND_p274_c2_grm_std_uni,1,5.449799537658691,-3.3919739723205566,1
Clemson-DND_p274_c2_grm_std_uni,1,5.360202312469482,-3.919077157974243,1
Clemson-DND_p274_c2_grm_std_uni,1,5.504416465759277,-4.1933746337890625,1
Clemson-DND_p274_c2_grm_std_uni,1,5.678099155426025,-4.48185920715332,1
Clemson-DND_p274_c2_grm_std_uni,1,5.821873188018799,-4.774309158325195,1
Clemson-DND_p274_c2_grm_std_uni,1,5.782991409301758,-4.74623966217041,1
Clemson-DND_p274_c2_grm_std_uni,1,5.974831581115723,-5.048985481262207,1
Clemson-DND_p274_c2_grm_std_uni,1,6.393836975097656,-5.372580051422119,1
Clemson-DND_p274_c2_grm_std_uni,1,6.803565502166748,-5.690760612487793,1
Clemson-DND_p274_c2_grm_std_uni,1,6.4165239334106445,-5.420164108276367,1
Clemson-DND_p274_c2_grm_std_uni,1,5.437695026397705,-4.306786060333252,1
Clemson-DND_p274_c2_grm_std_uni,1,5.115118980407715,-4.110522747039795,1
Clemson-DND_p274_c2_grm_std_uni,1,5.865527629852295,-4.749575138092041,1
Clemson-DND_p274_c2_grm_std_uni,1,6.337745666503906,-5.233871936798096,1
Clemson-DND_p274_c2_grm_std_uni,1,6.77193546295166,-5.7815842628479,1
Clemson-DND_p274_c2_grm_std_uni,1,6.789988994598389,-5.784729957580566,1
Clemson-DND_p274_c2_grm_std_uni,1,6.730587959289551,-5.708879470825195,1
Clemson-DND_p274_c2_grm_std_uni,1,6.5030670166015625,-5.7724223136901855,1
Clemson-DND_p274_c2_grm_std_uni,1,6.652427673339844,-5.843907833099365,1
Clemson-DND_p274_c2_grm_std_uni,1,6.688714504241943,-5.8750224113464355,1
Clemson-DND_p274_c2_grm_std_uni,1,7.567215919494629,-7.478555679321289,1
Clemson-DND_p274_c2_grm_std_uni,1,8.14651870727539,-7.463455677032471,1
Clemson-DND_p274_c2_grm_std_uni,1,8.251436233520508,-7.5499138832092285,1
Clemson-DND_p274_c2_grm_std_uni,1,8.041722297668457,-7.422745704650879,1
Clemson-DND_p274_c2_grm_std_uni,1,7.632856369018555,-6.9257893562316895,1
Clemson-DND_p274_c2_grm_std_uni,1,7.0204081535339355,-6.021712779998779,1
Clemson-DND_p274_c2_grm_std_uni,1,6.397013187408447,-5.379986763000488,1
Clemson-DND_p274_c2_grm_std_uni,1,5.701053142547607,-4.574191093444824,1
Clemson-DND_p274_c2_grm_std_uni,1,5.434059143066406,-3.918135166168213,1
Clemson-DND_p274_c2_grm_std_uni,1,5.505561351776123,-3.6782326698303223,1
Clemson-DND_p274_c2_grm_std_uni,1,5.449647903442383,-3.93471622467041,1
Clemson-DND_p274_c2_grm_std_uni,1,5.752758502960205,-4.434939861297607,1
Clemson-DND_p274_c2_grm_std_uni,1,6.065030574798584,-4.953549861907959,1
Clemson-DND_p274_c2_grm_std_uni,1,6.284925937652588,-5.45810079574585,1
Clemson-DND_p274_c2_grm_std_uni,1,6.451296806335449,-6.026161193847656,1
Clemson-DND_p274_c2_grm_std_uni,1,5.774491310119629,-5.385591983795166,1
Clemson-DND_p274_c2_grm_std_uni,1,5.506722927093506,-4.939039707183838,1
Clemson-DND_p274_c2_grm_std_uni,1,4.597851276397705,-4.168998718261719,1
Clemson-DND_p274_c2_grm_std_uni,1,4.745187282562256,-4.053220748901367,1
Clemson-DND_p274_c2_grm_std_uni,1,4.793227195739746,-3.677917957305908,1
Clemson-DND_p274_c2_grm_std_uni,1,4.676650047302246,-3.7524216175079346,1
Clemson-DND_p274_c2_grm_std_uni,1,4.756171703338623,-3.8472917079925537,1
Clemson-DND_p274_c2_grm_std_uni,1,4.846445560455322,-4.104231357574463,1
Clemson-DND_p274_c2_grm_std_uni,1,5.176703929901123,-4.64974308013916,1
Clemson-DND_p274_c2_grm_std_uni,1,5.281127452850342,-4.791667461395264,1
Clemson-DND_p274_c2_grm_std_uni,1,5.333909034729004,-4.8561930656433105,1
Clemson-DND_p274_c2_grm_std_uni,1,5.54435920715332,-4.777177333831787,1
Clemson-DND_p274_c2_grm_std_uni,1,5.870655536651611,-4.402482509613037,1
Clemson-DND_p274_c2_grm_std_uni,1,6.107802391052246,-4.484666347503662,1
Clemson-DND_p274_c2_grm_std_uni,1,5.7154412269592285,-4.536381244659424,1
Clemson-DND_p274_c2_grm_std_uni,1,5.390017509460449,-4.719949245452881,1
Clemson-DND_p274_c2_grm_std_uni,1,5.393596172332764,-4.695481777191162,1
Clemson-DND_p274_c2_grm_std_uni,1,5.668182373046875,-4.617762565612793,1
Clemson-DND_p274_c2_grm_std_uni,1,5.855491638183594,-5.034502029418945,1
Clemson-DND_p274_c2_grm_std_uni,1,5.803155422210693,-4.876546382904053,1
Clemson-DND_p274_c2_grm_std_uni,1,6.121237277984619,-5.291250705718994,1
Clemson-DND_p274_c2_grm_std_uni,1,6.174953937530518,-5.699531078338623,1
Clemson-DND_p274_c2_grm_std_uni,1,6.50010347366333,-5.850131034851074,1
Clemson-DND_p274_c2_grm_std_uni,1,5.900387763977051,-5.611983299255371,1
Clemson-DND_p274_c2_grm_std_uni,1,6.6676344871521,-6.201602458953857,1
Clemson-DND_p274_c2_grm_std_uni,1,6.868855953216553,-6.9016499519348145,1
Clemson-DND_p274_c2_grm_std_uni,1,6.7999701499938965,-7.080312252044678,1
Clemson-DND_p274_c2_grm_std_uni,1,7.45886754989624,-7.167001247406006,1
Clemson-DND_p274_c2_grm_std_uni,1,7.3827009201049805,-6.858193397521973,1
Clemson-DND_p274_c2_grm_std_uni,1,6.821320533752441,-6.194947719573975,1
Clemson-DND_p274_c2_grm_std_uni,1,6.571749210357666,-6.011875629425049,1
Clemson-DND_p274_c2_grm_std_uni,1,6.335742473602295,-5.39644193649292,1
Clemson-DND_p274_c2_grm_std_uni,1,5.22365140914917,-4.331441402435303,1
Clemson-DND_p274_c2_grm_std_uni,2,4.565687656402588,-3.8239967823028564,1
Clemson-DND_p274_c2_grm_std_uni,1,4.729959964752197,-3.9116098880767822,1
Clemson-DND_p274_c2_grm_std_uni,1,5.362290382385254,-4.9417877197265625,1
Clemson-DND_p274_c2_grm_std_uni,1,5.4410786628723145,-5.5150146484375,1
Clemson-DND_p274_c2_grm_std_uni,1,5.254071235656738,-4.6241679191589355,1
Clemson-DND_p274_c2_grm_std_uni,1,4.626189231872559,-3.1236343383789062,1
Clemson-DND_p274_c2_grm_std_uni,1,4.201344013214111,-2.431030035018921,1
Clemson-DND_p274_c2_grm_std_uni,1,3.946465015411377,-2.7443041801452637,1
Clemson-DND_p274_c2_grm_std_uni,1,3.771723985671997,-2.4090871810913086,1
Clemson-DND_p274_c2_grm_std_uni,1,4.244851112365723,-2.873551607131958,1
Clemson-DND_p274_c2_grm_std_uni,1,4.869760036468506,-3.595552921295166,1
Clemson-DND_p274_c2_grm_std_uni,1,5.225426197052002,-4.126628398895264,1
Clemson-DND_p274_c2_grm_std_uni,1,5.3101630210876465,-3.9381511211395264,1
Clemson-DND_p274_c2_grm_std_uni,1,5.576327323913574,-4.3886823654174805,1
Clemson-DND_p274_c2_grm_std_uni,1,5.896795749664307,-4.621275424957275,1
Clemson-DND_p274_c2_grm_std_uni,1,6.278744220733643,-5.0180230140686035,1
Clemson-DND_p274_c2_grm_std_uni,1,6.342213153839111,-4.9572906494140625,1
Clemson-DND_p274_c2_grm_std_uni,1,6.5153985023498535,-5.010230541229248,1
Clemson-DND_p274_c2_grm_std_uni,1,6.735451698303223,-5.071608066558838,1
Clemson-DND_p274_c2_grm_std_uni,1,7.039339065551758,-5.537660598754883,1
Clemson-DND_p274_c2_grm_std_uni,1,6.8810248374938965,-5.389544486999512,1
Clemson-DND_p274_c2_grm_std_uni,1,7.200287818908691,-5.762622356414795,1
Clemson-DND_p274_c2_grm_std_uni,1,6.514382362365723,-5.497652053833008,1
Clemson-DND_p274_c2_grm_std_uni,1,6.430999279022217,-5.128077507019043,1
Clemson-DND_p274_c2_grm_std_uni,1,6.1353278160095215,-4.3724446296691895,1
Clemson-DND_p274_c2_grm_std_uni,1,5.572424411773682,-3.7059264183044434,1
Clemson-DND_p274_c2_grm_std_uni,1,4.930123805999756,-3.267230272293091,1
Clemson-DND_p274_c2_grm_std_uni,1,4.923234939575195,-3.8154611587524414,1
Clemson-DND_p274_c2_grm_std_uni,1,4.697397232055664,-3.5536694526672363,1
Clemson-DND_p274_c2_grm_std_uni,1,5.14804220199585,-4.0473761558532715,1
Clemson-DND_p274_c2_grm_std_uni,1,5.75309419631958,-4.473742961883545,1
Clemson-DND_p274_c2_grm_std_uni,1,6.106591701507568,-4.635244369506836,1
Clemson-DND_p274_c2_grm_std_uni,1,5.4490180015563965,-4.187150955200195,1
Clemson-DND_p274_c2_grm_std_uni,1,6.0549750328063965,-4.741542339324951,1
Clemson-DND_p274_c2_grm_std_uni,1,6.136386394500732,-4.912617206573486,1
Clemson-DND_p274_c2_grm_std_uni,1,5.371848106384277,-4.502907752990723,1
Clemson-DND_p274_c2_grm_std_uni,1,4.911740779876709,-3.7658188343048096,1
Clemson-DND_p274_c2_grm_std_uni,1,5.077149391174316,-3.9517898559570312,1
Clemson-DND_p274_c2_grm_std_uni,1,5.7025651931762695,-4.497198104858398,1
Clemson-DND_p274_c2_grm_std_uni,1,5.892795085906982,-4.887012004852295,1
Clemson-DND_p274_c2_grm_std_uni,1,6.1987624168396,-5.122202396392822,1
Clemson-DND_p274_c2_grm_std_uni,1,6.028429985046387,-5.020331382751465,1
Clemson-DND_p274_c2_grm_std_uni,1,5.624844551086426,-4.692435264587402,1
Clemson-DND_p274_c2_grm_std_uni,1,5.553130626678467,-4.124146461486816,1
Clemson-DND_p274_c2_grm_std_uni,1,5.885410785675049,-4.471112251281738,1
Clemson-DND_p274_c2_grm_std_uni,1,5.907752990722656,-4.480630397796631,1
Clemson-DND_p274_c2_grm_std_uni,1,5.805060386657715,-4.379541873931885,1
Clemson-DND_p274_c2_grm_std_uni,1,5.558613300323486,-4.22537899017334,1
Clemson-DND_p274_c2_grm_std_uni,1,6.029543399810791,-4.4989519119262695,1
Clemson-DND_p274_c2_grm_std_uni,1,6.402705669403076,-5.212822437286377,1
Clemson-DND_p274_c2_grm_std_uni,1,6.55417013168335,-5.0331339836120605,1
Clemson-DND_p274_c2_grm_std_uni,1,6.641264915466309,-5.759850025177002,1
Clemson-DND_p274_c2_grm_std_uni,1,6.742792129516602,-6.040960788726807,1
Clemson-DND_p274_c2_grm_std_uni,1,6.905394554138184,-6.7100114822387695,1
Clemson-DND_p274_c2_grm_std_uni,1,7.330600261688232,-6.863526821136475,1
Clemson-DND_p274_c2_grm_std_uni,1,6.905089378356934,-6.703808784484863,1
Clemson-DND_p274_c2_grm_std_uni,1,6.683944225311279,-5.617164611816406,1
Clemson-DND_p274_c2_grm_std_uni,1,6.233150005340576,-4.218881130218506,1
Clemson-DND_p274_c2_grm_std_uni,1,5.113100051879883,-3.1326887607574463,1
Clemson-DND_p274_c2_grm_std_uni,1,4.9629106521606445,-3.2090835571289062,1
Clemson-DND_p274_c2_grm_std_uni,1,4.584494590759277,-3.229573965072632,1
Clemson-DND_p274_c2_grm_std_uni,1,4.849433422088623,-3.8615686893463135,1
Clemson-DND_p274_c2_grm_std_uni,1,4.964444637298584,-4.081960678100586,1
Clemson-DND_p274_c2_grm_std_uni,1,5.332040786743164,-4.236044406890869,1
Clemson-DND_p274_c2_grm_std_uni,1,5.968314170837402,-4.859582424163818,1
Clemson-DND_p274_c2_grm_std_uni,1,5.787789821624756,-5.197674751281738,1
Clemson-DND_p274_c2_grm_std_uni,1,5.74891471862793,-5.147912979125977,1
Clemson-DND_p274_c2_grm_std_uni,1,6.054583549499512,-5.460640907287598,1
Clemson-DND_p274_c2_grm_std_uni,1,5.848420143127441,-5.027035236358643,1
Clemson-DND_p274_c2_grm_std_uni,1,6.417114734649658,-5.24330997467041,1
Clemson-DND_p274_c2_grm_std_uni,1,6.322556972503662,-5.07200288772583,1
Clemson-DND_p274_c2_grm_std_uni,1,6.671142578125,-5.3752899169921875,1
Clemson-DND_p274_c2_grm_std_uni,1,6.456123352050781,-4.998997688293457,1
Clemson-DND_p274_c2_grm_std_uni,1,6.21722412109375,-4.959717273712158,1
Clemson-DND_p274_c2_grm_std_uni,1,6.3983564376831055,-5.00706148147583,1
Clemson-DND_p274_c2_grm_std_uni,1,6.705446720123291,-5.115079879760742,1
Clemson-DND_p274_c2_grm_std_uni,1,6.92925500869751,-5.312350749969482,1
Clemson-DND_p274_c2_grm_std_uni,1,6.36534309387207,-4.773365497589111,1
Clemson-DND_p274_c2_grm_std_uni,1,5.852149486541748,-4.5381011962890625,1
Clemson-DND_p274_c2_grm_std_uni,1,5.550816535949707,-4.237981796264648,1
Clemson-DND_p274_c2_grm_std_uni,1,5.5301079750061035,-4.208704471588135,1
Clemson-DND_p274_c2_grm_std_uni,1,5.729872226715088,-4.533114433288574,1
Clemson-DND_p274_c2_grm_std_uni,1,6.5099005699157715,-5.168957710266113,1
Clemson-DND_p274_c2_grm_std_uni,1,6.625550746917725,-4.998908519744873,1
Clemson-DND_p274_c2_grm_std_uni,1,6.490540504455566,-4.4880757331848145,1
Clemson-DND_p274_c2_grm_std_uni,1,5.968735694885254,-4.159582614898682,1
Clemson-DND_p274_c2_grm_std_uni,1,5.336500644683838,-3.557957172393799,1
Clemson-DND_p274_c2_grm_std_uni,1,4.8918681144714355,-3.251631021499634,1
Clemson-DND_p274_c2_grm_std_uni,1,4.792179584503174,-3.2541632652282715,1
Clemson-DND_p274_c2_grm_std_uni,1,4.780088901519775,-3.3689541816711426,1
Clemson-DND_p274_c2_grm_std_uni,1,4.959814548492432,-3.620610475540161,1
Clemson-DND_p274_c2_grm_std_uni,1,4.53181266784668,-3.745574474334717,1
Clemson-DND_p274_c2_grm_std_uni,1,4.42274284362793,-3.656378746032715,1
Clemson-DND_p274_c2_grm_std_uni,1,5.096742153167725,-3.771538257598877,1
Clemson-DND_p274_c2_grm_std_uni,1,5.292970180511475,-4.1045427322387695,1
Clemson-DND_p274_c2_grm_std_uni,1,5.549284934997559,-4.26418924331665,1
Clemson-DND_p274_c2_grm_std_uni,1,5.744468688964844,-4.038752555847168,1
Clemson-DND_p274_c2_grm_std_uni,1,6.013556957244873,-4.170468807220459,1
Clemson-DND_p274_c2_grm_std_uni,1,6.106749057769775,-4.298558712005615,1
Clemson-DND_p274_c2_grm_std_uni,1,5.932471752166748,-4.473071098327637,1
Clemson-DND_p274_c2_grm_std_uni,1,5.952021598815918,-4.579537391662598,1
Clemson-DND_p274_c2_grm_std_uni,1,5.563709735870361,-4.572051048278809,1
Clemson-DND_p274_c2_grm_std_uni,1,5.33522891998291,-4.598349571228027,1
Clemson-DND_p274_c2_grm_std_uni,1,5.847992420196533,-5.090550899505615,1
Clemson-DND_p274_c2_grm_std_uni,1,6.538503646850586,-6.267282009124756,1
Clemson-DND_p274_c2_grm_std_uni,1,7.242881774902344,-6.4630913734436035,1
Clemson-DND_p274_c2_grm_std_uni,1,5.42810583114624,-4.340883731842041,1
Clemson-DND_p274_c2_grm_std_uni,1,5.29475736618042,-4.072871208190918,1
Clemson-DND_p274_c2_grm_std_uni,1,5.386039733886719,-3.588832378387451,1
Clemson-DND_p274_c2_grm_std_uni,1,5.053179740905762,-3.764573097229004,1
Clemson-DND_p274_c2_grm_std_uni,1,4.804304599761963,-3.432483434677124,1
Clemson-DND_p274_c2_grm_std_uni,1,4.979277610778809,-3.907057762145996,1
Clemson-DND_p274_c2_grm_std_uni,1,5.474579811096191,-4.386136054992676,1
Clemson-DND_p274_c2_grm_std_uni,1,5.752263069152832,-4.726283550262451,1
Clemson-DND_p274_c2_grm_std_uni,1,5.55253791809082,-4.567286014556885,1
Clemson-DND_p274_c2_grm_std_uni,1,5.480138301849365,-4.45589542388916,1
Clemson-DND_p274_c2_grm_std_uni,1,5.187223434448242,-3.9862945079803467,1
Clemson-DND_p274_c2_grm_std_uni,1,5.442568778991699,-4.322112083435059,1
Clemson-DND_p274_c2_grm_std_uni,1,5.445677280426025,-4.346921920776367,1
Clemson-DND_p274_c2_grm_std_uni,1,5.656278133392334,-4.360813617706299,1
Clemson-DND_p274_c2_grm_std_uni,1,5.891809463500977,-4.456795692443848,1
Clemson-DND_p274_c2_grm_std_uni,1,6.359785556793213,-4.940506935119629,1
Clemson-DND_p274_c2_grm_std_uni,1,6.168365478515625,-4.871766090393066,1
Clemson-DND_p274_c2_grm_std_uni,1,6.061778545379639,-4.997742652893066,1
Clemson-DND_p274_c2_grm_std_uni,1,5.923954486846924,-5.3787922859191895,1
Clemson-DND_p274_c2_grm_std_uni,1,6.2291154861450195,-5.714221477508545,1
Clemson-DND_p274_c2_grm_std_uni,1,6.629710674285889,-6.150372505187988,1
Clemson-DND_p274_c2_grm_std_uni,1,6.127135276794434,-5.343837261199951,1
Clemson-DND_p274_c2_grm_std_uni,1,5.96299409866333,-4.832821846008301,1
Clemson-DND_p274_c2_grm_std_uni,1,5.710702419281006,-4.4029622077941895,1
Clemson-DND_p274_c2_grm_std_uni,1,5.403128147125244,-4.279257297515869,1
Clemson-DND_p274_c2_grm_std_uni,1,5.541681289672852,-4.48261022567749,1
Clemson-DND_p274_c2_grm_std_uni,1,5.785816669464111,-4.698539733886719,1
Clemson-DND_p274_c2_grm_std_uni,1,6.192653179168701,-5.099393367767334,1
Clemson-DND_p274_c2_grm_std_uni,1,6.00606107711792,-5.223428726196289,1
Clemson-DND_p274_c2_grm_std_uni,1,5.99209451675415,-4.662351608276367,1
Clemson-DND_p274_c2_grm_std_uni,1,5.662881374359131,-3.857757091522217,1
Clemson-DND_p274_c2_grm_std_uni,1,5.020906925201416,-3.478681802749634,1
Clemson-DND_p274_c2_grm_std_uni,1,4.678481578826904,-3.1243820190429688,1
Clemson-DND_p274_c2_grm_std_uni,1,4.8985161781311035,-3.656257152557373,1
Clemson-DND_p274_c2_grm_std_uni,1,4.97196102142334,-3.745015859603882,1
Clemson-DND_p274_c2_grm_std_uni,1,4.663595676422119,-3.4012529850006104,1
Clemson-DND_p274_c2_grm_std_uni,1,4.795360088348389,-3.7360482215881348,1
Clemson-DND_p274_c2_grm_std_uni,1,5.418218612670898,-4.057723522186279,1
Clemson-DND_p274_c2_grm_std_uni,1,5.164037227630615,-3.6333770751953125,1
Clemson-DND_p274_c2_grm_std_uni,1,4.909701347351074,-3.271648645401001,1
Clemson-DND_p274_c2_grm_std_uni,1,4.867840766906738,-3.328395128250122,1
Clemson-DND_p274_c2_grm_std_uni,1,5.068516254425049,-3.8669700622558594,1
Clemson-DND_p274_c2_grm_std_uni,1,5.201157569885254,-4.302216053009033,1
Clemson-DND_p274_c2_grm_std_uni,1,5.578475475311279,-4.676635265350342,1
Clemson-DND_p274_c2_grm_std_uni,1,5.456101417541504,-4.287649631500244,1
Clemson-DND_p274_c2_grm_std_uni,1,5.648828029632568,-4.4705281257629395,1
Clemson-DND_p274_c2_grm_std_uni,1,6.5221991539001465,-5.035601615905762,1
Clemson-DND_p274_c2_grm_std_uni,1,6.353276252746582,-4.81525993347168,1
Clemson-DND_p274_c2_grm_std_uni,1,6.464855670928955,-5.508181095123291,1
Clemson-DND_p274_c2_grm_std_uni,1,6.985358238220215,-6.419198036193848,1
Clemson-DND_p274_c2_grm_std_uni,1,7.165578842163086,-6.892980575561523,1
Clemson-DND_p274_c2_grm_std_uni,1,7.020327568054199,-6.340958595275879,1
Clemson-DND_p274_c2_grm_std_uni,1,6.035323143005371,-4.945202350616455,1
Clemson-DND_p274_c2_grm_std_uni,1,5.573563575744629,-3.9017555713653564,1
Clemson-DND_p274_c2_grm_std_uni,1,5.261828422546387,-3.6495964527130127,1
Clemson-DND_p274_c2_grm_std_uni,1,5.069850444793701,-3.473806858062744,1
Clemson-DND_p274_c2_grm_std_uni,1,5.02045202255249,-3.825800657272339,1
Clemson-DND_p274_c2_grm_std_uni,1,4.825352668762207,-3.700756072998047,1
Clemson-DND_p274_c2_grm_std_uni,1,4.605318069458008,-3.4358630180358887,1
Clemson-DND_p274_c2_grm_std_uni,1,4.685516357421875,-3.575995683670044,1
Clemson-DND_p274_c2_grm_std_uni,1,4.732289791107178,-3.7311196327209473,1
Clemson-DND_p274_c2_grm_std_uni,1,4.8751373291015625,-3.79095196723938,1
Clemson-DND_p274_c2_grm_std_uni,1,5.053988456726074,-4.0068488121032715,1
Clemson-DND_p274_c2_grm_std_uni,1,5.917911052703857,-4.7490105628967285,1
Clemson-DND_p274_c2_grm_std_uni,1,6.0428876876831055,-5.017205715179443,1
Clemson-DND_p274_c2_grm_std_uni,1,5.586462020874023,-4.758805751800537,1
Clemson-DND_p274_c2_grm_std_uni,1,5.569860935211182,-4.70058536529541,1
Clemson-DND_p274_c2_grm_std_uni,1,5.651544094085693,-4.247413635253906,1
Clemson-DND_p274_c2_grm_std_uni,1,5.2669806480407715,-3.8972177505493164,1
Clemson-DND_p274_c2_grm_std_uni,1,4.929942607879639,-3.7930667400360107,1
Clemson-DND_p274_c2_grm_std_uni,1,4.237226486206055,-3.207794189453125,1
Clemson-DND_p274_c2_grm_std_uni,1,5.102175235748291,-3.675957202911377,1
Clemson-DND_p274_c2_grm_std_uni,1,5.161503314971924,-4.035934925079346,1
Clemson-DND_p274_c2_grm_std_uni,1,5.829071044921875,-4.99703311920166,1
Clemson-DND_p274_c2_grm_std_uni,1,5.91560173034668,-4.631959915161133,1
Clemson-DND_p274_c2_grm_std_uni,1,7.044188499450684,-5.878777503967285,1
Clemson-DND_p274_c2_grm_std_uni,1,7.191596984863281,-5.977023124694824,1
Clemson-DND_p274_c2_grm_std_uni,1,7.210957050323486,-5.9183030128479,1
Clemson-DND_p274_c2_grm_std_uni,1,7.47197961807251,-6.672604084014893,1
Clemson-DND_p274_c2_grm_std_uni,1,7.242075443267822,-6.664168357849121,1
Clemson-DND_p274_c2_grm_std_uni,1,7.189977169036865,-6.963062763214111,1
Clemson-DND_p274_c2_grm_std_uni,1,7.1444573402404785,-7.046121120452881,1
Clemson-DND_p274_c2_grm_std_uni,1,7.029417991638184,-6.417106628417969,1
Clemson-DND_p274_c2_grm_std_uni,1,6.417764663696289,-5.107388496398926,1
Clemson-DND_p274_c2_grm_std_uni,1,5.000497817993164,-3.805203676223755,1
Clemson-DND_p274_c2_grm_std_uni,1,4.672999382019043,-3.5169248580932617,1
Clemson-DND_p274_c2_grm_std_uni,1,5.169644832611084,-3.9764037132263184,1
Clemson-DND_p274_c2_grm_std_uni,1,6.136130332946777,-4.98515510559082,1
Clemson-DND_p274_c2_grm_std_uni,1,6.404864311218262,-5.060342311859131,1
Clemson-DND_p274_c2_grm_std_uni,1,6.522313594818115,-5.405920028686523,1
Clemson-DND_p274_c2_grm_std_uni,1,6.6515631675720215,-5.409852027893066,1
Clemson-DND_p274_c2_grm_std_uni,1,6.783332824707031,-5.322079181671143,1
Clemson-DND_p274_c2_grm_std_uni,1,7.246592998504639,-5.569528102874756,1
Clemson-DND_p274_c2_grm_std_uni,1,6.957202434539795,-5.700337886810303,1
Clemson-DND_p274_c2_grm_std_uni,1,5.864847183227539,-5.394660472869873,1
Clemson-DND_p274_c2_grm_std_uni,1,5.3780622482299805,-4.676234722137451,1
Clemson-DND_p274_c2_grm_std_uni,1,4.89743709564209,-4.526305675506592,1
Clemson-DND_p274_c2_grm_std_uni,1,4.772363185882568,-4.467431545257568,1
Clemson-DND_p274_c2_grm_std_uni,1,5.108535289764404,-4.566445350646973,1
Clemson-DND_p274_c2_grm_std_uni,1,5.311790943145752,-4.875429630279541,1
Clemson-DND_p274_c2_grm_std_uni,1,5.273244857788086,-5.239213943481445,1
Clemson-DND_p274_c2_grm_std_uni,1,4.891366481781006,-4.908692359924316,1
Clemson-DND_p274_c2_grm_std_uni,1,4.6046142578125,-4.678647041320801,1
Clemson-DND_p274_c2_grm_std_uni,1,4.8956804275512695,-4.7930426597595215,1
Clemson-DND_p274_c2_grm_std_uni,1,5.153368949890137,-4.613565921783447,1
Clemson-DND_p274_c2_grm_std_uni,1,5.480783462524414,-4.477156639099121,1
Clemson-DND_p274_c2_grm_std_uni,1,5.944578647613525,-4.761486530303955,1
Clemson-DND_p274_c2_grm_std_uni,1,6.876965045928955,-5.760382175445557,1
Clemson-DND_p274_c2_grm_std_uni,1,7.085936546325684,-6.310550212860107,1
Clemson-DND_p274_c2_grm_std_uni,1,6.511414527893066,-5.985814571380615,1
Clemson-DND_p274_c2_grm_std_uni,1,5.997261047363281,-4.950669765472412,1
Clemson-DND_p274_c2_grm_std_uni,1,5.776747226715088,-4.219717025756836,1
Clemson-DND_p274_c2_grm_std_uni,1,5.595992565155029,-3.8963654041290283,1
Clemson-DND_p274_c2_grm_std_uni,1,5.239318370819092,-3.6181299686431885,1
Clemson-DND_p274_c2_grm_std_uni,1,3.8979201316833496,-3.4014925956726074,1
Clemson-DND_p274_c2_grm_std_uni,1,4.161650657653809,-3.222407817840576,1
Clemson-DND_p274_c2_grm_std_uni,1,5.211889743804932,-3.4753763675689697,1
Clemson-DND_p274_c2_grm_std_uni,1,5.848175048828125,-4.376619338989258,1
Clemson-DND_p274_c2_grm_std_uni,1,6.433363914489746,-4.652132034301758,1
Clemson-DND_p274_c2_grm_std_uni,1,6.573964595794678,-5.110518932342529,1
Clemson-DND_p274_c2_grm_std_uni,1,6.6365580558776855,-5.216441631317139,1
Clemson-DND_p274_c2_grm_std_uni,1,7.017843723297119,-5.4841694831848145,1
Clemson-DND_p274_c2_grm_std_uni,1,7.409140586853027,-5.677901268005371,1
Clemson-DND_p274_c2_grm_std_uni,1,6.031509876251221,-4.587160110473633,1
Clemson-DND_p274_c2_grm_std_uni,1,5.513021469116211,-4.1404900550842285,1
Clemson-DND_p274_c2_grm_std_uni,1,5.135220527648926,-4.0839104652404785,1
Clemson-DND_p274_c2_grm_std_uni,1,4.871686935424805,-3.9315247535705566,1
Clemson-DND_p274_c2_grm_std_uni,1,5.118435859680176,-4.204164028167725,1
Clemson-DND_p274_c2_grm_std_uni,1,5.170507431030273,-4.302452087402344,1
Clemson-DND_p274_c2_grm_std_uni,1,5.191202163696289,-4.564259052276611,1
Clemson-DND_p274_c2_grm_std_uni,1,5.725825309753418,-4.6536455154418945,1
Clemson-DND_p274_c2_grm_std_uni,1,5.8082780838012695,-4.622668266296387,1
Clemson-DND_p274_c2_grm_std_uni,1,5.994417190551758,-4.745241641998291,1
Clemson-DND_p274_c2_grm_std_uni,1,5.812673568725586,-4.885976314544678,1
Clemson-DND_p274_c2_grm_std_uni,1,6.116574764251709,-5.027231693267822,1
Clemson-DND_p274_c2_grm_std_uni,1,6.057740211486816,-4.525821208953857,1
Clemson-DND_p274_c2_grm_std_uni,1,5.793759346008301,-4.121179103851318,1
Clemson-DND_p274_c2_grm_std_uni,1,6.2208943367004395,-4.561697483062744,1
Clemson-DND_p274_c2_grm_std_uni,1,6.145095348358154,-4.514590740203857,1
Clemson-DND_p274_c2_grm_std_uni,1,5.283871650695801,-4.240091323852539,1
Clemson-DND_p274_c2_grm_std_uni,1,5.249916076660156,-4.325070858001709,1
Clemson-DND_p274_c2_grm_std_uni,1,4.949352741241455,-4.136941432952881,1
Clemson-DND_p274_c2_grm_std_uni,1,5.266973972320557,-4.292863845825195,1
Clemson-DND_p274_c2_grm_std_uni,1,5.905847072601318,-4.51409912109375,1
Clemson-DND_p274_c2_grm_std_uni,1,4.997679233551025,-3.907456874847412,1
Clemson-DND_p274_c2_grm_std_uni,1,5.077081680297852,-3.900526523590088,1
Clemson-DND_p274_c2_grm_std_uni,1,6.039021015167236,-4.47848653793335,1
Clemson-DND_p274_c2_grm_std_uni,1,6.218647480010986,-5.037423133850098,1
Clemson-DND_p274_c2_grm_std_uni,1,6.200006008148193,-5.486979961395264,1
Clemson-DND_p274_c2_grm_std_uni,1,6.401234149932861,-5.941954135894775,1
Clemson-DND_p274_c2_grm_std_uni,1,6.415974140167236,-6.0023932456970215,1
Clemson-DND_p274_c2_grm_std_uni,1,6.723368167877197,-6.258596897125244,1
Clemson-DND_p274_c2_grm_std_uni,1,5.936986923217773,-5.450014114379883,1
Clemson-DND_p274_c2_grm_std_uni,1,5.386227130889893,-4.569068431854248,1
Clemson-DND_p274_c2_grm_std_uni,1,5.94058895111084,-4.922567844390869,1
Clemson-DND_p274_c2_grm_std_uni,1,6.72348690032959,-5.645915508270264,1
Clemson-DND_p274_c2_grm_std_uni,1,7.232136249542236,-6.23932409286499,1
Clemson-DND_p274_c2_grm_std_uni,1,7.8105268478393555,-6.981011867523193,1
Clemson-DND_p274_c2_grm_std_uni,1,7.109307765960693,-6.486320495605469,1
Clemson-DND_p274_c2_grm_std_uni,1,6.427452564239502,-6.006239891052246,1
Clemson-DND_p274_c2_grm_std_uni,1,6.08431339263916,-5.492428779602051,1
Clemson-DND_p274_c2_grm_std_uni,2,4.4849724769592285,-3.6214098930358887,1
Clemson-DND_p274_c2_grm_std_uni,1,2.7811026573181152,-2.0225260257720947,1
Clemson-DND_p274_c2_grm_std_uni,1,3.662109613418579,-3.0435144901275635,1
Clemson-DND_p274_c2_grm_std_uni,1,4.78557014465332,-3.957005262374878,1
Clemson-DND_p274_c2_grm_std_uni,1,5.674185276031494,-4.704012870788574,1
Clemson-DND_p274_c2_grm_std_uni,1,6.8970866203308105,-5.76431131362915,1
Clemson-DND_p274_c2_grm_std_uni,1,6.537972450256348,-5.2064032554626465,1
Clemson-DND_p274_c2_grm_std_uni,1,5.83256721496582,-3.9124739170074463,1
Clemson-DND_p274_c2_grm_std_uni,1,5.5535759925842285,-3.677870035171509,1
Clemson-DND_p274_c2_grm_std_uni,1,5.6643805503845215,-3.659710168838501,1
Clemson-DND_p274_c2_grm_std_uni,1,4.64027214050293,-3.399758815765381,1
Clemson-DND_p274_c2_grm_std_uni,1,3.9511797428131104,-2.890911102294922,1
Clemson-DND_p274_c2_grm_std_uni,1,4.2655534744262695,-2.5738677978515625,1
Clemson-DND_p274_c2_grm_std_uni,1,5.035384178161621,-2.953679323196411,1
Clemson-DND_p274_c2_grm_std_uni,1,6.151593208312988,-4.119287490844727,1
Clemson-DND_p274_c2_grm_std_uni,1,6.309974670410156,-4.744826793670654,1
Clemson-DND_p274_c2_grm_std_uni,1,6.257491588592529,-4.91831636428833,1
Clemson-DND_p274_c2_grm_std_uni,1,5.824326515197754,-4.488770008087158,1
Clemson-DND_p274_c2_grm_std_uni,1,5.80211067199707,-4.414758682250977,1
Clemson-DND_p274_c2_grm_std_uni,1,6.227322578430176,-4.678849697113037,1
Clemson-DND_p274_c2_grm_std_uni,1,6.378531455993652,-4.403799057006836,1
Clemson-DND_p274_c2_grm_std_uni,1,5.882634162902832,-3.734870672225952,1
Clemson-DND_p274_c2_grm_std_uni,1,5.675363063812256,-3.5989699363708496,1
Clemson-DND_p274_c2_grm_std_uni,1,5.557043552398682,-3.8193705081939697,1
Clemson-DND_p274_c2_grm_std_uni,1,5.538361072540283,-3.760686159133911,1
Clemson-DND_p274_c2_grm_std_uni,1,5.656296730041504,-3.869431257247925,1
Clemson-DND_p274_c2_grm_std_uni,1,6.187820911407471,-4.570743083953857,1
Clemson-DND_p274_c2_grm_std_uni,1,5.994784832000732,-4.443012714385986,1
Clemson-DND_p274_c2_grm_std_uni,1,6.087492942810059,-4.6523332595825195,1
Clemson-DND_p274_c2_grm_std_uni,1,5.832917213439941,-4.579170227050781,1
Clemson-DND_p274_c2_grm_std_uni,1,5.719140529632568,-4.097471237182617,1
Clemson-DND_p274_c2_grm_std_uni,1,5.87487268447876,-4.176152229309082,1
Clemson-DND_p274_c2_grm_std_uni,1,5.954504013061523,-4.353825569152832,1
Clemson-DND_p274_c2_grm_std_uni,1,5.8662285804748535,-4.0592827796936035,1
Clemson-DND_p274_c2_grm_std_uni,1,5.512254238128662,-3.5540473461151123,1
Clemson-DND_p274_c2_grm_std_uni,1,5.528585910797119,-3.5258195400238037,1
Clemson-DND_p274_c2_grm_std_uni,1,5.620434761047363,-3.8701670169830322,1
Clemson-DND_p274_c2_grm_std_uni,1,6.027707576751709,-4.397123336791992,1
Clemson-DND_p274_c2_grm_std_uni,1,6.136977195739746,-4.6305413246154785,1
Clemson-DND_p274_c2_grm_std_uni,1,5.772243976593018,-4.526843547821045,1
Clemson-DND_p274_c2_grm_std_uni,1,6.132656574249268,-4.705946922302246,1
Clemson-DND_p274_c2_grm_std_uni,1,5.838984966278076,-4.489914894104004,1
Clemson-DND_p274_c2_grm_std_uni,1,5.332941055297852,-3.6127655506134033,1
Clemson-DND_p274_c2_grm_std_uni,1,5.118062973022461,-3.790560007095337,1
Clemson-DND_p274_c2_grm_std_uni,1,5.094559192657471,-3.78098201751709,1
Clemson-DND_p274_c2_grm_std_uni,1,5.286733150482178,-3.878979444503784,1
Clemson-DND_p274_c2_grm_std_uni,1,5.3781514167785645,-3.878141164779663,1
Clemson-DND_p274_c2_grm_std_uni,1,5.521815776824951,-4.072851657867432,1
Clemson-DND_p274_c2_grm_std_uni,1,5.385612964630127,-3.809849500656128,1
Clemson-DND_p274_c2_grm_std_uni,1,5.799737453460693,-4.0956597328186035,1
Clemson-DND_p274_c2_grm_std_uni,1,5.908865928649902,-4.198946952819824,1
Clemson-DND_p274_c2_grm_std_uni,1,5.890644550323486,-4.132895469665527,1
Clemson-DND_p274_c2_grm_std_uni,1,5.1780314445495605,-3.6137630939483643,1
Clemson-DND_p274_c2_grm_std_uni,1,4.997705459594727,-3.4730477333068848,1
Clemson-DND_p274_c2_grm_std_uni,1,4.761714458465576,-2.7640371322631836,1
Clemson-DND_p274_c2_grm_std_uni,1,4.608896732330322,-2.693291425704956,1
Clemson-DND_p274_c2_grm_std_uni,1,4.476795673370361,-2.983565330505371,1
Clemson-DND_p274_c2_grm_std_uni,1,4.975809574127197,-3.4135665893554688,1
Clemson-DND_p274_c2_grm_std_uni,1,4.793754577636719,-3.018209218978882,1
Clemson-DND_p274_c2_grm_std_uni,1,4.649224758148193,-3.1472315788269043,1
Clemson-DND_p274_c2_grm_std_uni,1,5.3259077072143555,-3.6145832538604736,1
Clemson-DND_p274_c2_grm_std_uni,1,5.053985595703125,-3.8148772716522217,1
Clemson-DND_p274_c2_grm_std_uni,1,5.527970314025879,-3.7500596046447754,1
Clemson-DND_p274_c2_grm_std_uni,1,6.048736572265625,-4.404904365539551,1
Clemson-DND_p274_c2_grm_std_uni,1,5.3820481300354,-3.9420111179351807,1
Clemson-DND_p274_c2_grm_std_uni,1,6.427264213562012,-4.842202663421631,1
Clemson-DND_p274_c2_grm_std_uni,1,6.54111385345459,-5.092684745788574,1
Clemson-DND_p274_c2_grm_std_uni,1,5.807737350463867,-4.235082626342773,1
Clemson-DND_p274_c2_grm_std_uni,1,5.948163986206055,-4.309492111206055,1
Clemson-DND_p274_c2_grm_std_uni,1,5.733644008636475,-4.200019359588623,1
Clemson-DND_p274_c2_grm_std_uni,1,6.028511047363281,-4.074398517608643,1
Clemson-DND_p274_c2_grm_std_uni,1,6.422867298126221,-4.904882907867432,1
Clemson-DND_p274_c2_grm_std_uni,1,6.789994716644287,-5.323882102966309,1
Clemson-DND_p274_c2_grm_std_uni,1,6.878564834594727,-5.438385009765625,1
Clemson-DND_p274_c2_grm_std_uni,1,7.12673282623291,-5.842021465301514,1
Clemson-DND_p274_c2_grm_std_uni,1,6.716851234436035,-5.791304588317871,1
Clemson-DND_p274_c2_grm_std_uni,1,5.82192850112915,-5.1348652839660645,1
Clemson-DND_p274_c2_grm_std_uni,1,6.08144998550415,-4.709146976470947,1
Clemson-DND_p274_c2_grm_std_uni,1,5.631973743438721,-3.802645683288574,1
Clemson-DND_p274_c2_grm_std_uni,1,5.117342472076416,-3.7649953365325928,1
Clemson-DND_p274_c2_grm_std_uni,1,5.091789722442627,-3.827716588973999,1
Clemson-DND_p274_c2_grm_std_uni,1,5.0340070724487305,-3.745295763015747,1
Clemson-DND_p274_c2_grm_std_uni,1,5.318734169006348,-3.865644931793213,1
Clemson-DND_p274_c2_grm_std_uni,1,5.53102970123291,-4.095392227172852,1
Clemson-DND_p274_c2_grm_std_uni,1,6.20813512802124,-4.624483108520508,1
Clemson-DND_p274_c2_grm_std_uni,1,6.503451347351074,-4.960299491882324,1
Clemson-DND_p274_c2_grm_std_uni,1,6.3177971839904785,-4.651675701141357,1
Clemson-DND_p274_c2_grm_std_uni,1,5.869028091430664,-3.9034552574157715,1
Clemson-DND_p274_c2_grm_std_uni,1,5.557099342346191,-3.73553204536438,1
Clemson-DND_p274_c2_grm_std_uni,1,5.247557640075684,-3.5444509983062744,1
Clemson-DND_p274_c2_grm_std_uni,1,5.195753574371338,-3.5264968872070312,1
Clemson-DND_p274_c2_grm_std_uni,1,5.271972179412842,-3.580367088317871,1
Clemson-DND_p274_c2_grm_std_uni,1,5.326300621032715,-3.7634599208831787,1
Clemson-DND_p274_c2_grm_std_uni,1,5.44957971572876,-4.024064540863037,1
Clemson-DND_p274_c2_grm_std_uni,1,5.4960808753967285,-4.118841171264648,1
Clemson-DND_p274_c2_grm_std_uni,1,5.688024520874023,-4.421568393707275,1
Clemson-DND_p274_c2_grm_std_uni,1,5.969567775726318,-4.901748180389404,1
Clemson-DND_p274_c2_grm_std_uni,1,5.974216938018799,-4.892324924468994,1
Clemson-DND_p274_c2_grm_std_uni,1,6.120934963226318,-4.908242702484131,1
Clemson-DND_p274_c2_grm_std_uni,1,6.04640531539917,-4.650084018707275,1
Clemson-DND_p274_c2_grm_std_uni,1,5.870946407318115,-4.404386043548584,1
Clemson-DND_p274_c2_grm_std_uni,1,6.252168655395508,-4.77086067199707,1
Clemson-DND_p274_c2_grm_std_uni,1,6.34025764465332,-4.796818733215332,1
Clemson-DND_p274_c2_grm_std_uni,1,6.489431858062744,-4.9083781242370605,1
Clemson-DND_p274_c2_grm_std_uni,1,6.524552822113037,-4.9081878662109375,1
Clemson-DND_p274_c2_grm_std_uni,1,6.578332424163818,-4.859889507293701,1
Clemson-DND_p274_c2_grm_std_uni,1,6.594324111938477,-4.949197292327881,1
Clemson-DND_p274_c2_grm_std_uni,1,6.371265888214111,-5.021191596984863,1
Clemson-DND_p274_c2_grm_std_uni,1,6.226468563079834,-5.178764343261719,1
Clemson-DND_p274_c2_grm_std_uni,1,5.572555065155029,-4.62786865234375,1
Clemson-DND_p274_c2_grm_std_uni,1,5.227989196777344,-3.5361244678497314,1
Clemson-DND_p274_c2_grm_std_uni,1,5.139610767364502,-3.7682816982269287,1
Clemson-DND_p274_c2_grm_std_uni,1,4.773744106292725,-3.4708428382873535,1
Clemson-DND_p274_c2_grm_std_uni,1,5.544711589813232,-3.6737606525421143,1
Clemson-DND_p274_c2_grm_std_uni,1,5.4334259033203125,-3.6812703609466553,1
Clemson-DND_p274_c2_grm_std_uni,1,5.20801305770874,-3.1563258171081543,1
Clemson-DND_p274_c2_grm_std_uni,1,5.325184345245361,-3.45361328125,1
Clemson-DND_p274_c2_grm_std_uni,1,5.3045573234558105,-3.45042085647583,1
Clemson-DND_p274_c2_grm_std_uni,1,5.452242851257324,-3.7344536781311035,1
Clemson-DND_p274_c2_grm_std_uni,1,5.367523670196533,-3.9486114978790283,1
Clemson-DND_p274_c2_grm_std_uni,1,5.934763431549072,-4.4415154457092285,1
Clemson-DND_p274_c2_grm_std_uni,1,5.9371185302734375,-4.492532730102539,1
Clemson-DND_p274_c2_grm_std_uni,1,5.876589775085449,-4.702152729034424,1
Clemson-DND_p274_c2_grm_std_uni,1,5.927094459533691,-4.797415733337402,1
Clemson-DND_p274_c2_grm_std_uni,1,5.499350547790527,-4.298081874847412,1
Clemson-DND_p274_c2_grm_std_uni,1,5.7382354736328125,-4.493868827819824,1
Clemson-DND_p274_c2_grm_std_uni,1,5.592907905578613,-4.186707973480225,1
Clemson-DND_p274_c2_grm_std_uni,1,5.828665733337402,-4.378048896789551,1
Clemson-DND_p274_c2_grm_std_uni,1,6.109708786010742,-4.313417911529541,1
Clemson-DND_p274_c2_grm_std_uni,1,5.817845821380615,-4.463968276977539,1
Clemson-DND_p274_c2_grm_std_uni,1,4.957074165344238,-4.204554080963135,1
Clemson-DND_p274_c2_grm_std_uni,1,4.941268444061279,-4.300925254821777,1
Clemson-DND_p274_c2_grm_std_uni,1,4.9874114990234375,-4.337367534637451,1
Clemson-DND_p274_c2_grm_std_uni,1,4.908459663391113,-4.102419853210449,1
Clemson-DND_p274_c2_grm_std_uni,1,5.807693004608154,-4.682030200958252,1
Clemson-DND_p274_c2_grm_std_uni,1,4.749924182891846,-4.007533073425293,1
Clemson-DND_p274_c2_grm_std_uni,1,3.9215118885040283,-3.1653175354003906,1
Clemson-DND_p274_c2_grm_std_uni,1,5.480895042419434,-4.310797691345215,1
Clemson-DND_p274_c2_grm_std_uni,1,6.114341735839844,-4.987502574920654,1
Clemson-DND_p274_c2_grm_std_uni,1,6.39879035949707,-5.4699883460998535,1
Clemson-DND_p274_c2_grm_std_uni,1,6.574233055114746,-5.532227516174316,1
Clemson-DND_p274_c2_grm_std_uni,1,6.7746968269348145,-5.716063022613525,1
Clemson-DND_p274_c2_grm_std_uni,1,6.905544757843018,-5.859230995178223,1
Clemson-DND_p274_c2_grm_std_uni,1,6.916391849517822,-5.899543285369873,1
Clemson-DND_p274_c2_grm_std_uni,1,7.302519798278809,-6.225644588470459,1
Clemson-DND_p274_c2_grm_std_uni,1,8.259154319763184,-7.8229827880859375,1
Clemson-DND_p274_c2_grm_std_uni,1,7.811105251312256,-7.82079553604126,1
Clemson-DND_p274_c2_grm_std_uni,1,7.924293518066406,-7.745903491973877,1
Clemson-DND_p274_c2_grm_std_uni,1,7.516793727874756,-6.83936882019043,1
Clemson-DND_p274_c2_grm_std_uni,1,6.644468784332275,-5.3076982498168945,1
Clemson-DND_p274_c2_grm_std_uni,1,6.405531406402588,-3.932616710662842,1
Clemson-DND_p274_c2_grm_std_uni,1,6.4392828941345215,-4.173831462860107,1
Clemson-DND_p274_c2_grm_std_uni,1,6.365471363067627,-4.5362019538879395,1
Clemson-DND_p274_c2_grm_std_uni,1,5.520461559295654,-3.98747181892395,1
Clemson-DND_p274_c2_grm_std_uni,1,4.93587589263916,-3.349151372909546,1
Clemson-DND_p274_c2_grm_std_uni,1,4.450040340423584,-3.2363810539245605,1
Clemson-DND_p274_c2_grm_std_uni,1,3.899658679962158,-2.7242255210876465,1
Clemson-DND_p274_c2_grm_std_uni,1,4.420119762420654,-3.0126163959503174,1
Clemson-DND_p274_c2_grm_std_uni,1,4.997581958770752,-3.779066801071167,1
Clemson-DND_p274_c2_grm_std_uni,1,5.230794906616211,-4.130382537841797,1
Clemson-DND_p274_c2_grm_std_uni,1,5.429620265960693,-4.274496555328369,1
Clemson-DND_p274_c2_grm_std_uni,1,5.864071846008301,-4.455499649047852,1
Clemson-DND_p274_c2_grm_std_uni,1,5.379793643951416,-3.9456064701080322,1
Clemson-DND_p274_c2_grm_std_uni,1,5.930384635925293,-4.272348880767822,1
Clemson-DND_p274_c2_grm_std_uni,1,6.374392509460449,-4.4781718254089355,1
Clemson-DND_p274_c2_grm_std_uni,1,6.23861837387085,-4.274364948272705,1
Clemson-DND_p274_c2_grm_std_uni,1,6.049622058868408,-4.3401970863342285,1
Clemson-DND_p274_c2_grm_std_uni,1,6.117886543273926,-4.384486198425293,1
Clemson-DND_p274_c2_grm_std_uni,1,5.43380880355835,-3.938087224960327,1
Clemson-DND_p274_c2_grm_std_uni,1,5.698899745941162,-4.420246601104736,1
Clemson-DND_p274_c2_grm_std_uni,1,5.3719706535339355,-4.25725793838501,1
Clemson-DND_p274_c2_grm_std_uni,1,5.206339359283447,-4.391353130340576,1
Clemson-DND_p274_c2_grm_std_uni,1,5.514666557312012,-4.364275932312012,1
Clemson-DND_p274_c2_grm_std_uni,1,5.481186866760254,-4.211170673370361,1
Clemson-DND_p274_c2_grm_std_uni,1,5.998507976531982,-4.6703572273254395,1
Clemson-DND_p274_c2_grm_std_uni,1,6.0578155517578125,-4.875522136688232,1
Clemson-DND_p274_c2_grm_std_uni,1,6.531586647033691,-5.156264305114746,1
Clemson-DND_p274_c2_grm_std_uni,1,6.632557392120361,-5.269270896911621,1
Clemson-DND_p274_c2_grm_std_uni,1,7.018411159515381,-5.5979533195495605,1
Clemson-DND_p274_c2_grm_std_uni,1,6.749372959136963,-5.01851224899292,1
Clemson-DND_p274_c2_grm_std_uni,1,6.774168014526367,-4.739710330963135,1
Clemson-DND_p274_c2_grm_std_uni,1,6.724572658538818,-4.740219593048096,1
Clemson-DND_p274_c2_grm_std_uni,1,6.646405220031738,-4.606328964233398,1
Clemson-DND_p274_c2_grm_std_uni,1,6.530718803405762,-4.556395053863525,1
Clemson-DND_p274_c2_grm_std_uni,1,6.273383617401123,-4.384293079376221,1
Clemson-DND_p274_c2_grm_std_uni,1,6.285463809967041,-4.447378158569336,1
Clemson-DND_p274_c2_grm_std_uni,1,6.124735355377197,-4.262353420257568,1
Clemson-DND_p274_c2_grm_std_uni,1,5.913301467895508,-4.275030136108398,1
Clemson-DND_p274_c2_grm_std_uni,1,4.8959221839904785,-2.984835147857666,1
Clemson-DND_p274_c2_grm_std_uni,1,4.718931198120117,-2.835085868835449,1
Clemson-DND_p274_c2_grm_std_uni,1,5.257863998413086,-3.5482475757598877,1
Clemson-DND_p274_c2_grm_std_uni,1,5.021697998046875,-3.34987211227417,1
Clemson-DND_p274_c2_grm_std_uni,1,4.867110252380371,-3.0846774578094482,1
Clemson-DND_p274_c2_grm_std_uni,1,4.996275424957275,-3.512505531311035,1
Clemson-DND_p274_c2_grm_std_uni,1,5.861922740936279,-4.442171573638916,1
Clemson-DND_p274_c2_grm_std_uni,1,5.971269607543945,-4.717719078063965,1
Clemson-DND_p274_c2_grm_std_uni,1,5.627549171447754,-4.505505561828613,1
Clemson-DND_p274_c2_grm_std_uni,1,5.51519775390625,-4.419754505157471,1
Clemson-DND_p274_c2_grm_std_uni,1,5.688464164733887,-4.350895404815674,1
Clemson-DND_p274_c2_grm_std_uni,1,6.297730445861816,-4.927742004394531,1
Clemson-DND_p274_c2_grm_std_uni,1,6.4267730712890625,-4.9856719970703125,1
Clemson-DND_p274_c2_grm_std_uni,1,6.299612522125244,-4.690371036529541,1
Clemson-DND_p274_c2_grm_std_uni,1,6.302793025970459,-4.790149211883545,1
Clemson-DND_p274_c2_grm_std_uni,1,6.279812812805176,-4.67934513092041,1
Clemson-DND_p274_c2_grm_std_uni,1,6.4325056076049805,-4.848386287689209,1
Clemson-DND_p274_c2_grm_std_uni,1,6.447459697723389,-5.031683921813965,1
Clemson-DND_p274_c2_grm_std_uni,1,6.695126533508301,-5.388336181640625,1
Clemson-DND_p274_c2_grm_std_uni,1,6.618699073791504,-5.362256050109863,1
Clemson-DND_p274_c2_grm_std_uni,1,7.029166221618652,-5.735935688018799,1
Clemson-DND_p274_c2_grm_std_uni,1,6.654173374176025,-5.543710231781006,1
Clemson-DND_p274_c2_grm_std_uni,1,6.1089186668396,-4.885855674743652,1
Clemson-DND_p274_c2_grm_std_uni,1,6.368592262268066,-4.508374214172363,1
Clemson-DND_p274_c2_grm_std_uni,1,6.867182731628418,-4.713598728179932,1
Clemson-DND_p274_c2_grm_std_uni,1,7.111043453216553,-5.121702671051025,1
Clemson-DND_p274_c2_grm_std_uni,1,7.5086283683776855,-5.475315570831299,1
Clemson-DND_p274_c2_grm_std_uni,1,7.49969482421875,-5.4011030197143555,1
Clemson-DND_p274_c2_grm_std_uni,1,7.242429256439209,-5.2880048751831055,1
Clemson-DND_p274_c2_grm_std_uni,1,7.036388874053955,-5.03554630279541,1
Clemson-DND_p274_c2_grm_std_uni,1,6.943044185638428,-4.813509941101074,1
Clemson-DND_p274_c2_grm_std_uni,1,6.9824323654174805,-4.924952030181885,1
Clemson-DND_p274_c2_grm_std_uni,1,6.939801216125488,-5.0037841796875,1
Clemson-DND_p274_c2_grm_std_uni,1,6.917372703552246,-5.0988922119140625,1
Clemson-DND_p274_c2_grm_std_uni,1,6.796360492706299,-5.267297267913818,1
Clemson-DND_p274_c2_grm_std_uni,1,6.632745265960693,-5.158182144165039,1
Clemson-DND_p274_c2_grm_std_uni,1,6.786522388458252,-4.9117889404296875,1
Clemson-DND_p274_c2_grm_std_uni,1,6.420783996582031,-4.515890598297119,1
Clemson-DND_p274_c2_grm_std_uni,1,6.308599472045898,-4.413942813873291,1
Clemson-DND_p274_c2_grm_std_uni,1,6.429755210876465,-4.469884395599365,1
Clemson-DND_p274_c2_grm_std_uni,1,6.268258094787598,-4.476873397827148,1
Clemson-DND_p274_c2_grm_std_uni,1,6.445681571960449,-4.801383972167969,1
Clemson-DND_p274_c2_grm_std_uni,1,6.233499050140381,-4.737062454223633,1
Clemson-DND_p274_c2_grm_std_uni,1,5.34871244430542,-3.765561819076538,1
Clemson-DND_p274_c2_grm_std_uni,1,4.96215295791626,-3.5544137954711914,1
Clemson-DND_p274_c2_grm_std_uni,1,4.706425666809082,-3.3021674156188965,1
Clemson-DND_p274_c2_grm_std_uni,1,4.698723316192627,-3.4144201278686523,1
Clemson-DND_p274_c2_grm_std_uni,1,4.955997943878174,-3.7746400833129883,1
Clemson-DND_p274_c2_grm_std_uni,1,4.8820343017578125,-3.5733327865600586,1
Clemson-DND_p274_c2_grm_std_uni,1,4.657603740692139,-3.314945936203003,1
Clemson-DND_p274_c2_grm_std_uni,1,4.9151387214660645,-3.457542896270752,1
Clemson-DND_p274_c2_grm_std_uni,1,4.559243202209473,-3.1926393508911133,1
Clemson-DND_p274_c2_grm_std_uni,1,4.6736578941345215,-3.3850488662719727,1
Clemson-DND_p274_c2_grm_std_uni,1,5.244294166564941,-3.9516689777374268,1
Clemson-DND_p274_c2_grm_std_uni,1,5.368498802185059,-4.276838779449463,1
Clemson-DND_p274_c2_grm_std_uni,1,5.2327070236206055,-4.17091178894043,1
Clemson-DND_p274_c2_grm_std_uni,1,5.323630332946777,-3.792538642883301,1
Clemson-DND_p274_c2_grm_std_uni,1,5.016751766204834,-3.1933958530426025,1
Clemson-DND_p274_c2_grm_std_uni,1,5.0878801345825195,-3.437861919403076,1
Clemson-DND_p274_c2_grm_std_uni,1,5.035546779632568,-3.4158244132995605,1
Clemson-DND_p274_c2_grm_std_uni,1,5.25038480758667,-3.563204050064087,1
Clemson-DND_p274_c2_grm_std_uni,1,5.530459403991699,-3.993572950363159,1
Clemson-DND_p274_c2_grm_std_uni,1,5.4498419761657715,-3.7045485973358154,1
Clemson-DND_p274_c2_grm_std_uni,1,5.301528453826904,-3.6619820594787598,1
Clemson-DND_p274_c2_grm_std_uni,1,5.688685894012451,-4.260401248931885,1
Clemson-DND_p274_c2_grm_std_uni,1,5.776194095611572,-4.42657995223999,1
Clemson-DND_p274_c2_grm_std_uni,1,5.827056884765625,-4.700394630432129,1
Clemson-DND_p274_c2_grm_std_uni,1,5.38096809387207,-3.6419289112091064,1
Clemson-DND_p274_c2_grm_std_uni,1,5.113604545593262,-3.135486364364624,1
Clemson-DND_p274_c2_grm_std_uni,1,5.143341541290283,-3.4363930225372314,1
Clemson-DND_p274_c2_grm_std_uni,1,4.927132606506348,-3.2787702083587646,1
Clemson-DND_p274_c2_grm_std_uni,1,5.1473283767700195,-3.5135111808776855,1
Clemson-DND_p274_c2_grm_std_uni,1,5.337904930114746,-3.6392199993133545,1
Clemson-DND_p274_c2_grm_std_uni,1,5.536421298980713,-4.216822624206543,1
Clemson-DND_p274_c2_grm_std_uni,1,5.633878707885742,-4.3773579597473145,1
Clemson-DND_p274_c2_grm_std_uni,1,5.85311222076416,-4.8023881912231445,1
Clemson-DND_p274_c2_grm_std_uni,1,5.79170036315918,-4.67087459564209,1
Clemson-DND_p274_c2_grm_std_uni,1,5.533517837524414,-4.230222702026367,1
Clemson-DND_p274_c2_grm_std_uni,1,5.394073486328125,-4.0741987228393555,1
Clemson-DND_p274_c2_grm_std_uni,1,5.318380832672119,-4.082984447479248,1
Clemson-DND_p274_c2_grm_std_uni,1,4.986039161682129,-3.4003796577453613,1
Clemson-DND_p274_c2_grm_std_uni,1,4.888868808746338,-3.3487284183502197,1
Clemson-DND_p274_c2_grm_std_uni,1,4.606624126434326,-3.1008102893829346,1
Clemson-DND_p274_c2_grm_std_uni,1,4.759766578674316,-3.27274489402771,1
Clemson-DND_p274_c2_grm_std_uni,1,4.624732494354248,-3.060835599899292,1
Clemson-DND_p274_c2_grm_std_uni,1,4.787067890167236,-3.240335702896118,1
Clemson-DND_p274_c2_grm_std_uni,1,4.944295883178711,-3.358851671218872,1
Clemson-DND_p274_c2_grm_std_uni,1,5.394424915313721,-4.081219673156738,1
Clemson-DND_p274_c2_grm_std_uni,1,5.696835517883301,-4.337244510650635,1
Clemson-DND_p274_c2_grm_std_uni,1,5.896063804626465,-4.731717109680176,1
Clemson-DND_p274_c2_grm_std_uni,1,5.938534259796143,-4.775344371795654,1
Clemson-DND_p274_c2_grm_std_uni,1,5.815523147583008,-4.553030014038086,1
Clemson-DND_p274_c2_grm_std_uni,1,5.549714088439941,-4.271106243133545,1
Clemson-DND_p274_c2_grm_std_uni,1,5.752660751342773,-4.403196811676025,1
Clemson-DND_p274_c2_grm_std_uni,1,5.8539557456970215,-4.713400840759277,1
Clemson-DND_p274_c2_grm_std_uni,1,6.175699234008789,-5.169146537780762,1
Clemson-DND_p274_c2_grm_std_uni,1,5.939745903015137,-4.649860858917236,1
Clemson-DND_p274_c2_grm_std_uni,1,5.716010093688965,-4.413670539855957,1
Clemson-DND_p274_c2_grm_std_uni,1,5.794612407684326,-4.689531326293945,1
Clemson-DND_p274_c2_grm_std_uni,1,5.768460750579834,-4.722907066345215,1
Clemson-DND_p274_c2_grm_std_uni,1,5.0393781661987305,-3.9584717750549316,1
Clemson-DND_p274_c2_grm_std_uni,1,4.784580707550049,-3.741868019104004,1
Clemson-DND_p274_c2_grm_std_uni,1,4.907814979553223,-3.7962265014648438,1
Clemson-DND_p274_c2_grm_std_uni,1,5.313197612762451,-3.962709903717041,1
Clemson-DND_p274_c2_grm_std_uni,1,5.370603084564209,-3.65877628326416,1
Clemson-DND_p274_c2_grm_std_uni,1,5.46013069152832,-3.760998010635376,1
Clemson-DND_p274_c2_grm_std_uni,1,5.445134162902832,-3.779599666595459,1
Clemson-DND_p274_c2_grm_std_uni,1,5.456426620483398,-3.793360948562622,1
Clemson-DND_p274_c2_grm_std_uni,1,5.5861992835998535,-4.0840983390808105,1
Clemson-DND_p274_c2_grm_std_uni,1,5.810384273529053,-4.215489387512207,1
Clemson-DND_p274_c2_grm_std_uni,1,5.6741251945495605,-4.149655818939209,1
Clemson-DND_p274_c2_grm_std_uni,1,5.830348491668701,-4.451572895050049,1
Clemson-DND_p274_c2_grm_std_uni,1,5.678244590759277,-4.625628471374512,1
Clemson-DND_p274_c2_grm_std_uni,1,6.118538856506348,-4.938222408294678,1
Clemson-DND_p274_c2_grm_std_uni,1,6.708098411560059,-5.376519203186035,1
Clemson-DND_p274_c2_grm_std_uni,1,6.714582920074463,-5.894723892211914,1
Clemson-DND_p274_c2_grm_std_uni,1,6.8394551277160645,-6.193920612335205,1
Clemson-DND_p274_c2_grm_std_uni,1,7.148135185241699,-6.693379878997803,1
Clemson-DND_p274_c2_grm_std_uni,1,7.890491008758545,-6.74894380569458,1
Clemson-DND_p274_c2_grm_std_uni,1,7.0157341957092285,-6.07342529296875,1
Clemson-DND_p274_c2_grm_std_uni,1,6.3578877449035645,-5.115171909332275,1
Clemson-DND_p274_c2_grm_std_uni,1,5.915406227111816,-4.0133843421936035,1
Clemson-DND_p274_c2_grm_std_uni,1,5.219722270965576,-3.2759194374084473,1
Clemson-DND_p274_c2_grm_std_uni,1,5.292402267456055,-3.964942693710327,1
Clemson-DND_p274_c2_grm_std_uni,1,5.097774028778076,-3.855017900466919,1
Clemson-DND_p274_c2_grm_std_uni,1,5.273349285125732,-3.629324436187744,1
Clemson-DND_p274_c2_grm_std_uni,1,5.253740310668945,-3.511282444000244,1
Clemson-DND_p274_c2_grm_std_uni,1,5.69040060043335,-3.725614070892334,1
Clemson-DND_p274_c2_grm_std_uni,1,5.677431583404541,-3.62084698677063,1
Clemson-DND_p274_c2_grm_std_uni,1,5.615818500518799,-3.60033917427063,1
Clemson-DND_p274_c2_grm_std_uni,1,5.282711505889893,-3.5215888023376465,1
Clemson-DND_p274_c2_grm_std_uni,1,5.167765140533447,-3.4837002754211426,1
Clemson-DND_p274_c2_grm_std_uni,1,5.401652812957764,-3.884582281112671,1
Clemson-DND_p274_c2_grm_std_uni,1,5.49672794342041,-4.135582447052002,1
Clemson-DND_p274_c2_grm_std_uni,1,5.594983100891113,-4.3256635665893555,1
Clemson-DND_p274_c2_grm_std_uni,1,5.542296409606934,-4.683779716491699,1
Clemson-DND_p274_c2_grm_std_uni,1,6.240359783172607,-4.936107158660889,1
Clemson-DND_p274_c2_grm_std_uni,1,5.924263954162598,-4.573044776916504,1
Clemson-DND_p274_c2_grm_std_uni,1,5.999287128448486,-4.933108329772949,1
Clemson-DND_p274_c2_grm_std_uni,1,6.261258602142334,-4.924447536468506,1
Clemson-DND_p274_c2_grm_std_uni,1,6.285385608673096,-4.3506669998168945,1
Clemson-DND_p274_c2_grm_std_uni,1,6.173704147338867,-4.250461578369141,1
Clemson-DND_p274_c2_grm_std_uni,1,6.248172283172607,-4.685306072235107,1
Clemson-DND_p274_c2_grm_std_uni,1,6.488663196563721,-4.63501501083374,1
Clemson-DND_p274_c2_grm_std_uni,1,5.020471096038818,-4.203145980834961,1
Clemson-DND_p274_c2_grm_std_uni,1,3.933466672897339,-3.9913442134857178,1
Clemson-DND_p274_c2_grm_std_uni,1,4.054720878601074,-4.185995578765869,1
Clemson-DND_p274_c2_grm_std_uni,1,4.120924472808838,-4.3154616355896,1
Clemson-DND_p274_c2_grm_std_uni,1,4.224024295806885,-4.475903511047363,1
Clemson-DND_p274_c2_grm_std_uni,1,4.3476338386535645,-4.488478660583496,1
Clemson-DND_p274_c2_grm_std_uni,1,4.301937580108643,-4.438397407531738,1
Clemson-DND_p274_c2_grm_std_uni,1,4.133350849151611,-4.203104496002197,1
Clemson-DND_p274_c2_grm_std_uni,1,4.171753406524658,-4.241915702819824,1
Clemson-DND_p274_c2_grm_std_uni,1,4.2204999923706055,-4.289924144744873,1
Clemson-DND_p274_c2_grm_std_uni,1,4.260226249694824,-4.332899570465088,1
Clemson-DND_p274_c2_grm_std_uni,1,4.303001880645752,-4.362466335296631,1
Clemson-DND_p274_c2_grm_std_uni,1,4.348289489746094,-4.436990737915039,1
Clemson-DND_p274_c2_grm_std_uni,1,4.422630310058594,-4.669283390045166,1
Clemson-DND_p274_c2_grm_std_uni,1,4.468223571777344,-4.76710319519043,1
Clemson-DND_p274_c2_grm_std_uni,1,4.481721878051758,-4.785025596618652,1
Clemson-DND_p274_c2_grm_std_uni,1,4.468451023101807,-4.770504951477051,1
Clemson-DND_p274_c2_grm_std_uni,1,4.460362911224365,-4.796566486358643,1
Clemson-DND_p274_c2_grm_std_uni,1,4.449464797973633,-4.768641471862793,1
Clemson-DND_p274_c2_grm_std_uni,1,4.443843364715576,-4.729863166809082,1
Clemson-DND_p274_c2_grm_std_uni,1,4.4371843338012695,-4.656313896179199,1
Clemson-DND_p274_c2_grm_std_uni,1,4.447157382965088,-4.683576583862305,1
Clemson-DND_p274_c2_grm_std_uni,1,4.467862129211426,-4.767589092254639,1
Clemson-DND_p274_c2_grm_std_uni,1,5.783328533172607,-4.7937493324279785,1
Clemson-DND_p274_c2_grm_std_uni,1,6.106820106506348,-5.187320232391357,1
Clemson-DND_p274_c2_grm_std_uni,1,6.053274154663086,-4.405971050262451,1
Clemson-DND_p274_c2_grm_std_uni,1,6.5201215744018555,-4.944859027862549,1
Clemson-DND_p274_c2_grm_std_uni,1,6.506919860839844,-4.935384750366211,1
Clemson-DND_p274_c2_grm_std_uni,1,5.756239891052246,-4.2515153884887695,1
Clemson-DND_p274_c2_grm_std_uni,1,5.806657791137695,-4.285484790802002,1
Clemson-DND_p274_c2_grm_std_uni,1,5.225291728973389,-4.17549991607666,1
Clemson-DND_p274_c2_grm_std_uni,1,4.612421035766602,-3.8227953910827637,1
Clemson-DND_p274_c2_grm_std_uni,1,5.0512285232543945,-4.245750904083252,1
Clemson-DND_p274_c2_grm_std_uni,1,6.253791809082031,-5.069364547729492,1
Clemson-DND_p274_c2_grm_std_uni,1,6.689398288726807,-5.201712608337402,1
Clemson-DND_p274_c2_grm_std_uni,1,6.369675159454346,-4.676103115081787,1
Clemson-DND_p274_c2_grm_std_uni,1,6.562412738800049,-4.706004619598389,1
Clemson-DND_p274_c2_grm_std_uni,1,6.629563331604004,-4.430055618286133,1
Clemson-DND_p274_c2_grm_std_uni,1,6.638819217681885,-4.64448356628418,1
Clemson-DND_p274_c2_grm_std_uni,1,6.502540588378906,-4.530304908752441,1
Clemson-DND_p274_c2_grm_std_uni,1,6.303305625915527,-4.537816047668457,1
Clemson-DND_p274_c2_grm_std_uni,1,6.6472930908203125,-4.917901992797852,1
Clemson-DND_p274_c2_grm_std_uni,1,6.600420951843262,-5.141326904296875,1
Clemson-DND_p274_c2_grm_std_uni,1,5.939502239227295,-4.5227155685424805,1
Clemson-DND_p274_c2_grm_std_uni,1,6.4186015129089355,-5.0762939453125,1
Clemson-DND_p274_c2_grm_std_uni,1,6.222538948059082,-4.7244791984558105,1
Clemson-DND_p274_c2_grm_std_uni,1,6.558883190155029,-4.465471267700195,1
Clemson-DND_p274_c2_grm_std_uni,1,6.640425205230713,-4.7533650398254395,1
Clemson-DND_p274_c2_grm_std_uni,1,6.893642902374268,-5.101672172546387,1
Clemson-DND_p274_c2_grm_std_uni,1,7.019679069519043,-5.74633264541626,1
Clemson-DND_p274_c2_grm_std_uni,1,7.19769287109375,-5.846975803375244,1
Clemson-DND_p274_c2_grm_std_uni,1,7.060140609741211,-5.6506757736206055,1
Clemson-DND_p274_c2_grm_std_uni,1,6.283443927764893,-4.918097972869873,1
Clemson-DND_p274_c2_grm_std_uni,1,5.010679244995117,-4.071469783782959,1
Clemson-DND_p274_c2_grm_std_uni,1,4.050168514251709,-3.800734043121338,1
Clemson-DND_p274_c2_grm_std_uni,1,4.198777198791504,-4.150544166564941,1
Clemson-DND_p274_c2_grm_std_uni,1,4.37156867980957,-4.420446395874023,1
Clemson-DND_p274_c2_grm_std_uni,1,4.403620719909668,-4.5380859375,1
Clemson-DND_p274_c2_grm_std_uni,1,4.430349826812744,-4.589053153991699,1
Clemson-DND_p274_c2_grm_std_uni,1,4.411665439605713,-4.558119773864746,1
Clemson-DND_p274_c2_grm_std_uni,1,4.422640323638916,-4.6197285652160645,1
Clemson-DND_p274_c2_grm_std_uni,1,4.423128604888916,-4.5940728187561035,1
Clemson-DND_p274_c2_grm_std_uni,1,4.447361469268799,-4.6297736167907715,1
Clemson-DND_p274_c2_grm_std_uni,1,4.4686455726623535,-4.628222942352295,1
Clemson-DND_p274_c2_grm_std_uni,1,4.505070686340332,-4.696980953216553,1
Clemson-DND_p274_c2_grm_std_uni,1,4.556723594665527,-4.882638454437256,1
Clemson-DND_p274_c2_grm_std_uni,1,4.5820488929748535,-4.9149169921875,1
Clemson-DND_p274_c2_grm_std_uni,1,4.590301036834717,-4.919632434844971,1
Clemson-DND_p274_c2_grm_std_uni,1,4.567987442016602,-4.900054454803467,1
Clemson-DND_p274_c2_grm_std_uni,1,4.550114631652832,-4.890359401702881,1
Clemson-DND_p274_c2_grm_std_uni,1,4.522385120391846,-4.8688764572143555,1
Clemson-DND_p274_c2_grm_std_uni,1,4.4843645095825195,-4.812446594238281,1
Clemson-DND_p274_c2_grm_std_uni,1,4.474300861358643,-4.841649532318115,1
Clemson-DND_p274_c2_grm_std_uni,1,4.47878885269165,-4.897897720336914,1
Clemson-DND_p274_c2_grm_std_uni,1,4.485158920288086,-4.924525737762451,1
Clemson-DND_p274_c2_grm_std_uni,1,4.481969833374023,-4.94752836227417,1
Clemson-DND_p274_c2_grm_std_uni,1,4.450256824493408,-4.912542343139648,1
Clemson-DND_p274_c2_grm_std_uni,1,4.436968803405762,-4.93954610824585,1
Clemson-DND_p274_c2_grm_std_uni,1,4.400390625,-4.913904666900635,1
Clemson-DND_p274_c2_grm_std_uni,1,4.372036933898926,-4.8743896484375,1
Clemson-DND_p274_c2_grm_std_uni,1,4.3517327308654785,-4.77494478225708,1
Clemson-DND_p274_c2_grm_std_uni,1,4.349356174468994,-4.700559139251709,1
Clemson-DND_p274_c2_grm_std_uni,1,4.42525053024292,-4.761805057525635,1
Clemson-DND_p274_c2_grm_std_uni,1,4.478208541870117,-4.868370532989502,1
Clemson-DND_p274_c2_grm_std_uni,1,4.497755527496338,-4.915186405181885,1
Clemson-DND_p274_c2_grm_std_uni,1,4.50394344329834,-4.907309532165527,1
Clemson-DND_p274_c2_grm_std_uni,1,4.507679462432861,-4.937926292419434,1
Clemson-DND_p274_c2_grm_std_uni,1,4.504646301269531,-5.048964500427246,1
Clemson-DND_p274_c2_grm_std_uni,1,4.504607200622559,-5.0983099937438965,1
Clemson-DND_p274_c2_grm_std_uni,1,4.466280460357666,-5.060482978820801,1
Clemson-DND_p274_c2_grm_std_uni,1,4.407915115356445,-4.980254650115967,1
Clemson-DND_p274_c2_grm_std_uni,1,4.3655500411987305,-4.911734104156494,1
Clemson-DND_p274_c2_grm_std_uni,1,4.330394744873047,-4.859153747558594,1
Clemson-DND_p274_c2_grm_std_uni,1,4.3098578453063965,-4.8129353523254395,1
Clemson-DND_p274_c2_grm_std_uni,1,4.274881839752197,-4.64932918548584,1
Clemson-DND_p274_c2_grm_std_uni,1,4.261815071105957,-4.631349086761475,1
Clemson-DND_p274_c2_grm_std_uni,1,4.244829177856445,-4.627388954162598,1
Clemson-DND_p274_c2_grm_std_uni,1,4.241126537322998,-4.678951740264893,1
Clemson-DND_p274_c2_grm_std_uni,1,4.204113960266113,-4.5675740242004395,1
Clemson-DND_p274_c2_grm_std_uni,1,4.168925762176514,-4.457798480987549,1
Clemson-DND_p274_c2_grm_std_uni,1,4.1473708152771,-4.432538032531738,1
Clemson-DND_p274_c2_grm_std_uni,1,4.115269184112549,-4.440962314605713,1
Clemson-DND_p274_c2_grm_std_uni,1,4.082065105438232,-4.4757843017578125,1
Clemson-DND_p274_c2_grm_std_uni,1,4.038504123687744,-4.443943500518799,1
Clemson-DND_p274_c2_grm_std_uni,1,4.005531311035156,-4.414512634277344,1
Clemson-DND_p274_c2_grm_std_uni,1,3.979794502258301,-4.318550109863281,1
Clemson-DND_p274_c2_grm_std_uni,1,3.983011245727539,-4.380655288696289,1
Clemson-DND_p274_c2_grm_std_uni,1,3.9559388160705566,-4.348155975341797,1
Clemson-DND_p274_c2_grm_std_uni,1,3.946892023086548,-4.383408546447754,1
Clemson-DND_p274_c2_grm_std_uni,1,3.931649684906006,-4.369504451751709,1
Clemson-DND_p274_c2_grm_std_uni,1,3.9213509559631348,-4.29681921005249,1
Clemson-DND_p274_c2_grm_std_uni,1,3.9261343479156494,-4.281644821166992,1
Clemson-DND_p274_c2_grm_std_uni,1,3.9357194900512695,-4.35769510269165,1
Clemson-DND_p274_c2_grm_std_uni,1,3.942521333694458,-4.425127029418945,1
Clemson-DND_p274_c2_grm_std_uni,1,3.9440395832061768,-4.435689449310303,1
Clemson-DND_p274_c2_grm_std_uni,1,3.937570333480835,-4.435412883758545,1
Clemson-DND_p274_c2_grm_std_uni,1,3.9177498817443848,-4.439422130584717,1
Clemson-DND_p274_c2_grm_std_uni,1,3.892828941345215,-4.414208889007568,1
Clemson-DND_p274_c2_grm_std_uni,1,3.8727729320526123,-4.316916465759277,1
Clemson-DND_p274_c2_grm_std_uni,1,3.864036798477173,-4.2243571281433105,1
Clemson-DND_p274_c2_grm_std_uni,1,3.8803935050964355,-4.240910530090332,1
Clemson-DND_p274_c2_grm_std_uni,1,3.9009201526641846,-4.2866668701171875,1
Clemson-DND_p274_c2_grm_std_uni,1,3.9166340827941895,-4.402523994445801,1
Clemson-DND_p274_c2_grm_std_uni,1,3.9488346576690674,-4.511064052581787,1
Clemson-DND_p274_c2_grm_std_uni,1,3.9601919651031494,-4.526843547821045,1
Clemson-DND_p274_c2_grm_std_uni,1,3.9416537284851074,-4.5091872215271,1
Clemson-DND_p274_c2_grm_std_uni,1,3.920121908187866,-4.431861877441406,1
Clemson-DND_p274_c2_grm_std_uni,1,3.920154571533203,-4.295960426330566,1
Clemson-DND_p274_c2_grm_std_uni,1,3.9197092056274414,-4.203194618225098,1
Clemson-DND_p274_c2_grm_std_uni,1,3.9349355697631836,-4.2559027671813965,1
Clemson-DND_p274_c2_grm_std_uni,1,3.9604034423828125,-4.377742290496826,1
Clemson-DND_p274_c2_grm_std_uni,1,3.9651780128479004,-4.407189846038818,1
Clemson-DND_p274_c2_grm_std_uni,1,3.967667818069458,-4.340689659118652,1
Clemson-DND_p274_c2_grm_std_uni,1,3.9864625930786133,-4.327513694763184,1
Clemson-DND_p274_c2_grm_std_uni,1,4.011014461517334,-4.363386631011963,1
Clemson-DND_p274_c2_grm_std_uni,1,4.037332534790039,-4.430784702301025,1
Clemson-DND_p274_c2_grm_std_uni,1,4.093472957611084,-4.490838527679443,1
Clemson-DND_p274_c2_grm_std_uni,1,4.14173698425293,-4.553859710693359,1
Clemson-DND_p274_c2_grm_std_uni,1,4.168909072875977,-4.556466102600098,1
Clemson-DND_p274_c2_grm_std_uni,1,4.185375213623047,-4.559263229370117,1
Clemson-DND_p274_c2_grm_std_uni,1,4.3541717529296875,-4.618746757507324,1
